Erstellt als neuer Datensatz;Sample 168 By PC59-C710\Spektrum3 date Dienstag, Juni 02 2026
cm-1;A
4000,00;0,0621
3999,50;0,0620
3999,00;0,0619
3998,50;0,0618
3998,00;0,0615
3997,50;0,0613
3997,00;0,0611
3996,50;0,0612
3996,00;0,0615
3995,50;0,0619
3995,00;0,0624
3994,50;0,0627
3994,00;0,0626
3993,50;0,0621
3993,00;0,0614
3992,50;0,0607
3992,00;0,0605
3991,50;0,0609
3991,00;0,0616
3990,50;0,0622
3990,00;0,0624
3989,50;0,0620
3989,00;0,0613
3988,50;0,0606
3988,00;0,0601
3987,50;0,0601
3987,00;0,0606
3986,50;0,0611
3986,00;0,0615
3985,50;0,0616
3985,00;0,0613
3984,50;0,0610
3984,00;0,0609
3983,50;0,0610
3983,00;0,0613
3982,50;0,0615
3982,00;0,0615
3981,50;0,0613
3981,00;0,0611
3980,50;0,0610
3980,00;0,0612
3979,50;0,0616
3979,00;0,0619
3978,50;0,0619
3978,00;0,0617
3977,50;0,0614
3977,00;0,0611
3976,50;0,0611
3976,00;0,0612
3975,50;0,0615
3975,00;0,0617
3974,50;0,0620
3974,00;0,0621
3973,50;0,0620
3973,00;0,0616
3972,50;0,0612
3972,00;0,0608
3971,50;0,0607
3971,00;0,0611
3970,50;0,0618
3970,00;0,0623
3969,50;0,0624
3969,00;0,0620
3968,50;0,0614
3968,00;0,0608
3967,50;0,0603
3967,00;0,0602
3966,50;0,0604
3966,00;0,0608
3965,50;0,0613
3965,00;0,0618
3964,50;0,0621
3964,00;0,0622
3963,50;0,0619
3963,00;0,0615
3962,50;0,0612
3962,00;0,0611
3961,50;0,0611
3961,00;0,0612
3960,50;0,0613
3960,00;0,0615
3959,50;0,0616
3959,00;0,0619
3958,50;0,0621
3958,00;0,0623
3957,50;0,0622
3957,00;0,0618
3956,50;0,0614
3956,00;0,0609
3955,50;0,0608
3955,00;0,0610
3954,50;0,0616
3954,00;0,0622
3953,50;0,0625
3953,00;0,0624
3952,50;0,0618
3952,00;0,0612
3951,50;0,0606
3951,00;0,0601
3950,50;0,0600
3950,00;0,0603
3949,50;0,0609
3949,00;0,0616
3948,50;0,0621
3948,00;0,0619
3947,50;0,0614
3947,00;0,0608
3946,50;0,0607
3946,00;0,0608
3945,50;0,0611
3945,00;0,0612
3944,50;0,0614
3944,00;0,0615
3943,50;0,0616
3943,00;0,0616
3942,50;0,0614
3942,00;0,0613
3941,50;0,0613
3941,00;0,0614
3940,50;0,0616
3940,00;0,0618
3939,50;0,0619
3939,00;0,0619
3938,50;0,0619
3938,00;0,0620
3937,50;0,0622
3937,00;0,0624
3936,50;0,0623
3936,00;0,0620
3935,50;0,0616
3935,00;0,0614
3934,50;0,0613
3934,00;0,0615
3933,50;0,0618
3933,00;0,0619
3932,50;0,0618
3932,00;0,0615
3931,50;0,0610
3931,00;0,0607
3930,50;0,0607
3930,00;0,0609
3929,50;0,0614
3929,00;0,0621
3928,50;0,0626
3928,00;0,0627
3927,50;0,0622
3927,00;0,0614
3926,50;0,0606
3926,00;0,0600
3925,50;0,0599
3925,00;0,0602
3924,50;0,0607
3924,00;0,0614
3923,50;0,0620
3923,00;0,0624
3922,50;0,0624
3922,00;0,0622
3921,50;0,0617
3921,00;0,0611
3920,50;0,0606
3920,00;0,0604
3919,50;0,0605
3919,00;0,0610
3918,50;0,0616
3918,00;0,0620
3917,50;0,0621
3917,00;0,0619
3916,50;0,0616
3916,00;0,0614
3915,50;0,0611
3915,00;0,0609
3914,50;0,0608
3914,00;0,0609
3913,50;0,0613
3913,00;0,0618
3912,50;0,0623
3912,00;0,0627
3911,50;0,0627
3911,00;0,0623
3910,50;0,0617
3910,00;0,0611
3909,50;0,0608
3909,00;0,0608
3908,50;0,0611
3908,00;0,0616
3907,50;0,0619
3907,00;0,0621
3906,50;0,0620
3906,00;0,0618
3905,50;0,0615
3905,00;0,0613
3904,50;0,0612
3904,00;0,0613
3903,50;0,0617
3903,00;0,0622
3902,50;0,0625
3902,00;0,0624
3901,50;0,0621
3901,00;0,0619
3900,50;0,0617
3900,00;0,0611
3899,50;0,0605
3899,00;0,0603
3898,50;0,0609
3898,00;0,0616
3897,50;0,0620
3897,00;0,0618
3896,50;0,0614
3896,00;0,0611
3895,50;0,0609
3895,00;0,0608
3894,50;0,0608
3894,00;0,0608
3893,50;0,0608
3893,00;0,0609
3892,50;0,0611
3892,00;0,0613
3891,50;0,0615
3891,00;0,0617
3890,50;0,0619
3890,00;0,0619
3889,50;0,0616
3889,00;0,0611
3888,50;0,0610
3888,00;0,0613
3887,50;0,0620
3887,00;0,0626
3886,50;0,0628
3886,00;0,0625
3885,50;0,0621
3885,00;0,0618
3884,50;0,0616
3884,00;0,0613
3883,50;0,0610
3883,00;0,0611
3882,50;0,0615
3882,00;0,0621
3881,50;0,0623
3881,00;0,0621
3880,50;0,0616
3880,00;0,0611
3879,50;0,0609
3879,00;0,0608
3878,50;0,0608
3878,00;0,0609
3877,50;0,0613
3877,00;0,0619
3876,50;0,0624
3876,00;0,0628
3875,50;0,0627
3875,00;0,0621
3874,50;0,0613
3874,00;0,0607
3873,50;0,0605
3873,00;0,0608
3872,50;0,0613
3872,00;0,0618
3871,50;0,0620
3871,00;0,0620
3870,50;0,0620
3870,00;0,0620
3869,50;0,0621
3869,00;0,0623
3868,50;0,0623
3868,00;0,0620
3867,50;0,0615
3867,00;0,0613
3866,50;0,0615
3866,00;0,0620
3865,50;0,0623
3865,00;0,0624
3864,50;0,0623
3864,00;0,0621
3863,50;0,0618
3863,00;0,0616
3862,50;0,0614
3862,00;0,0615
3861,50;0,0618
3861,00;0,0620
3860,50;0,0622
3860,00;0,0620
3859,50;0,0615
3859,00;0,0610
3858,50;0,0607
3858,00;0,0605
3857,50;0,0605
3857,00;0,0608
3856,50;0,0614
3856,00;0,0621
3855,50;0,0627
3855,00;0,0633
3854,50;0,0635
3854,00;0,0636
3853,50;0,0641
3853,00;0,0647
3852,50;0,0645
3852,00;0,0638
3851,50;0,0635
3851,00;0,0635
3850,50;0,0633
3850,00;0,0624
3849,50;0,0615
3849,00;0,0610
3848,50;0,0611
3848,00;0,0614
3847,50;0,0615
3847,00;0,0612
3846,50;0,0607
3846,00;0,0602
3845,50;0,0602
3845,00;0,0606
3844,50;0,0612
3844,00;0,0617
3843,50;0,0618
3843,00;0,0614
3842,50;0,0610
3842,00;0,0607
3841,50;0,0606
3841,00;0,0610
3840,50;0,0616
3840,00;0,0623
3839,50;0,0628
3839,00;0,0630
3838,50;0,0628
3838,00;0,0624
3837,50;0,0622
3837,00;0,0625
3836,50;0,0632
3836,00;0,0634
3835,50;0,0632
3835,00;0,0628
3834,50;0,0625
3834,00;0,0626
3833,50;0,0629
3833,00;0,0630
3832,50;0,0627
3832,00;0,0621
3831,50;0,0617
3831,00;0,0617
3830,50;0,0619
3830,00;0,0621
3829,50;0,0620
3829,00;0,0619
3828,50;0,0618
3828,00;0,0619
3827,50;0,0618
3827,00;0,0615
3826,50;0,0612
3826,00;0,0610
3825,50;0,0611
3825,00;0,0614
3824,50;0,0618
3824,00;0,0621
3823,50;0,0624
3823,00;0,0627
3822,50;0,0629
3822,00;0,0630
3821,50;0,0629
3821,00;0,0629
3820,50;0,0630
3820,00;0,0632
3819,50;0,0632
3819,00;0,0630
3818,50;0,0628
3818,00;0,0625
3817,50;0,0623
3817,00;0,0621
3816,50;0,0618
3816,00;0,0619
3815,50;0,0624
3815,00;0,0631
3814,50;0,0634
3814,00;0,0631
3813,50;0,0626
3813,00;0,0621
3812,50;0,0619
3812,00;0,0618
3811,50;0,0618
3811,00;0,0618
3810,50;0,0618
3810,00;0,0617
3809,50;0,0615
3809,00;0,0615
3808,50;0,0618
3808,00;0,0622
3807,50;0,0626
3807,00;0,0628
3806,50;0,0629
3806,00;0,0630
3805,50;0,0628
3805,00;0,0625
3804,50;0,0621
3804,00;0,0620
3803,50;0,0622
3803,00;0,0626
3802,50;0,0629
3802,00;0,0630
3801,50;0,0627
3801,00;0,0623
3800,50;0,0622
3800,00;0,0623
3799,50;0,0623
3799,00;0,0624
3798,50;0,0625
3798,00;0,0626
3797,50;0,0626
3797,00;0,0621
3796,50;0,0616
3796,00;0,0612
3795,50;0,0611
3795,00;0,0613
3794,50;0,0616
3794,00;0,0619
3793,50;0,0621
3793,00;0,0622
3792,50;0,0620
3792,00;0,0618
3791,50;0,0616
3791,00;0,0616
3790,50;0,0615
3790,00;0,0614
3789,50;0,0612
3789,00;0,0611
3788,50;0,0611
3788,00;0,0613
3787,50;0,0616
3787,00;0,0618
3786,50;0,0620
3786,00;0,0621
3785,50;0,0619
3785,00;0,0616
3784,50;0,0615
3784,00;0,0615
3783,50;0,0617
3783,00;0,0620
3782,50;0,0623
3782,00;0,0624
3781,50;0,0624
3781,00;0,0621
3780,50;0,0618
3780,00;0,0614
3779,50;0,0613
3779,00;0,0616
3778,50;0,0622
3778,00;0,0627
3777,50;0,0628
3777,00;0,0625
3776,50;0,0620
3776,00;0,0614
3775,50;0,0610
3775,00;0,0607
3774,50;0,0608
3774,00;0,0609
3773,50;0,0610
3773,00;0,0611
3772,50;0,0613
3772,00;0,0614
3771,50;0,0617
3771,00;0,0618
3770,50;0,0618
3770,00;0,0616
3769,50;0,0615
3769,00;0,0616
3768,50;0,0617
3768,00;0,0617
3767,50;0,0618
3767,00;0,0619
3766,50;0,0619
3766,00;0,0616
3765,50;0,0613
3765,00;0,0612
3764,50;0,0613
3764,00;0,0614
3763,50;0,0615
3763,00;0,0616
3762,50;0,0619
3762,00;0,0623
3761,50;0,0628
3761,00;0,0628
3760,50;0,0624
3760,00;0,0618
3759,50;0,0613
3759,00;0,0613
3758,50;0,0617
3758,00;0,0622
3757,50;0,0626
3757,00;0,0627
3756,50;0,0625
3756,00;0,0622
3755,50;0,0619
3755,00;0,0615
3754,50;0,0612
3754,00;0,0612
3753,50;0,0613
3753,00;0,0616
3752,50;0,0619
3752,00;0,0623
3751,50;0,0631
3751,00;0,0639
3750,50;0,0642
3750,00;0,0641
3749,50;0,0638
3749,00;0,0637
3748,50;0,0640
3748,00;0,0638
3747,50;0,0630
3747,00;0,0622
3746,50;0,0619
3746,00;0,0621
3745,50;0,0624
3745,00;0,0624
3744,50;0,0620
3744,00;0,0619
3743,50;0,0624
3743,00;0,0625
3742,50;0,0620
3742,00;0,0616
3741,50;0,0616
3741,00;0,0618
3740,50;0,0621
3740,00;0,0623
3739,50;0,0623
3739,00;0,0621
3738,50;0,0620
3738,00;0,0622
3737,50;0,0626
3737,00;0,0631
3736,50;0,0634
3736,00;0,0634
3735,50;0,0631
3735,00;0,0626
3734,50;0,0621
3734,00;0,0621
3733,50;0,0625
3733,00;0,0630
3732,50;0,0631
3732,00;0,0631
3731,50;0,0632
3731,00;0,0634
3730,50;0,0634
3730,00;0,0631
3729,50;0,0627
3729,00;0,0623
3728,50;0,0618
3728,00;0,0615
3727,50;0,0614
3727,00;0,0615
3726,50;0,0619
3726,00;0,0623
3725,50;0,0626
3725,00;0,0626
3724,50;0,0624
3724,00;0,0621
3723,50;0,0619
3723,00;0,0618
3722,50;0,0618
3722,00;0,0619
3721,50;0,0623
3721,00;0,0626
3720,50;0,0628
3720,00;0,0627
3719,50;0,0624
3719,00;0,0621
3718,50;0,0619
3718,00;0,0617
3717,50;0,0615
3717,00;0,0613
3716,50;0,0611
3716,00;0,0610
3715,50;0,0612
3715,00;0,0614
3714,50;0,0619
3714,00;0,0625
3713,50;0,0629
3713,00;0,0628
3712,50;0,0623
3712,00;0,0619
3711,50;0,0620
3711,00;0,0625
3710,50;0,0631
3710,00;0,0635
3709,50;0,0635
3709,00;0,0635
3708,50;0,0633
3708,00;0,0628
3707,50;0,0621
3707,00;0,0616
3706,50;0,0615
3706,00;0,0617
3705,50;0,0621
3705,00;0,0625
3704,50;0,0629
3704,00;0,0632
3703,50;0,0633
3703,00;0,0633
3702,50;0,0630
3702,00;0,0628
3701,50;0,0629
3701,00;0,0631
3700,50;0,0633
3700,00;0,0635
3699,50;0,0636
3699,00;0,0639
3698,50;0,0641
3698,00;0,0642
3697,50;0,0640
3697,00;0,0636
3696,50;0,0634
3696,00;0,0633
3695,50;0,0637
3695,00;0,0643
3694,50;0,0652
3694,00;0,0657
3693,50;0,0657
3693,00;0,0652
3692,50;0,0646
3692,00;0,0644
3691,50;0,0645
3691,00;0,0648
3690,50;0,0653
3690,00;0,0659
3689,50;0,0664
3689,00;0,0666
3688,50;0,0665
3688,00;0,0663
3687,50;0,0661
3687,00;0,0656
3686,50;0,0648
3686,00;0,0641
3685,50;0,0638
3685,00;0,0638
3684,50;0,0641
3684,00;0,0644
3683,50;0,0643
3683,00;0,0639
3682,50;0,0633
3682,00;0,0627
3681,50;0,0625
3681,00;0,0627
3680,50;0,0630
3680,00;0,0631
3679,50;0,0631
3679,00;0,0631
3678,50;0,0633
3678,00;0,0635
3677,50;0,0636
3677,00;0,0635
3676,50;0,0635
3676,00;0,0636
3675,50;0,0639
3675,00;0,0643
3674,50;0,0648
3674,00;0,0650
3673,50;0,0648
3673,00;0,0645
3672,50;0,0642
3672,00;0,0641
3671,50;0,0639
3671,00;0,0637
3670,50;0,0635
3670,00;0,0636
3669,50;0,0638
3669,00;0,0639
3668,50;0,0638
3668,00;0,0639
3667,50;0,0641
3667,00;0,0640
3666,50;0,0635
3666,00;0,0629
3665,50;0,0625
3665,00;0,0625
3664,50;0,0628
3664,00;0,0634
3663,50;0,0640
3663,00;0,0643
3662,50;0,0642
3662,00;0,0638
3661,50;0,0633
3661,00;0,0630
3660,50;0,0629
3660,00;0,0630
3659,50;0,0631
3659,00;0,0633
3658,50;0,0636
3658,00;0,0639
3657,50;0,0643
3657,00;0,0646
3656,50;0,0649
3656,00;0,0651
3655,50;0,0654
3655,00;0,0654
3654,50;0,0650
3654,00;0,0644
3653,50;0,0642
3653,00;0,0644
3652,50;0,0648
3652,00;0,0651
3651,50;0,0649
3651,00;0,0645
3650,50;0,0643
3650,00;0,0643
3649,50;0,0645
3649,00;0,0649
3648,50;0,0655
3648,00;0,0659
3647,50;0,0661
3647,00;0,0658
3646,50;0,0655
3646,00;0,0651
3645,50;0,0647
3645,00;0,0644
3644,50;0,0644
3644,00;0,0645
3643,50;0,0647
3643,00;0,0649
3642,50;0,0650
3642,00;0,0652
3641,50;0,0653
3641,00;0,0653
3640,50;0,0651
3640,00;0,0649
3639,50;0,0648
3639,00;0,0648
3638,50;0,0650
3638,00;0,0654
3637,50;0,0656
3637,00;0,0658
3636,50;0,0656
3636,00;0,0654
3635,50;0,0652
3635,00;0,0653
3634,50;0,0653
3634,00;0,0654
3633,50;0,0655
3633,00;0,0659
3632,50;0,0664
3632,00;0,0669
3631,50;0,0671
3631,00;0,0671
3630,50;0,0670
3630,00;0,0669
3629,50;0,0668
3629,00;0,0667
3628,50;0,0668
3628,00;0,0670
3627,50;0,0673
3627,00;0,0675
3626,50;0,0676
3626,00;0,0675
3625,50;0,0672
3625,00;0,0668
3624,50;0,0664
3624,00;0,0662
3623,50;0,0662
3623,00;0,0664
3622,50;0,0668
3622,00;0,0674
3621,50;0,0678
3621,00;0,0680
3620,50;0,0680
3620,00;0,0678
3619,50;0,0678
3619,00;0,0680
3618,50;0,0683
3618,00;0,0682
3617,50;0,0679
3617,00;0,0676
3616,50;0,0676
3616,00;0,0677
3615,50;0,0676
3615,00;0,0675
3614,50;0,0674
3614,00;0,0676
3613,50;0,0677
3613,00;0,0677
3612,50;0,0677
3612,00;0,0680
3611,50;0,0684
3611,00;0,0688
3610,50;0,0690
3610,00;0,0689
3609,50;0,0686
3609,00;0,0682
3608,50;0,0681
3608,00;0,0681
3607,50;0,0682
3607,00;0,0685
3606,50;0,0690
3606,00;0,0696
3605,50;0,0701
3605,00;0,0701
3604,50;0,0700
3604,00;0,0698
3603,50;0,0697
3603,00;0,0697
3602,50;0,0697
3602,00;0,0699
3601,50;0,0701
3601,00;0,0703
3600,50;0,0705
3600,00;0,0706
3599,50;0,0706
3599,00;0,0704
3598,50;0,0701
3598,00;0,0698
3597,50;0,0696
3597,00;0,0698
3596,50;0,0701
3596,00;0,0705
3595,50;0,0708
3595,00;0,0709
3594,50;0,0709
3594,00;0,0709
3593,50;0,0708
3593,00;0,0708
3592,50;0,0710
3592,00;0,0712
3591,50;0,0715
3591,00;0,0717
3590,50;0,0720
3590,00;0,0721
3589,50;0,0721
3589,00;0,0720
3588,50;0,0720
3588,00;0,0721
3587,50;0,0721
3587,00;0,0720
3586,50;0,0717
3586,00;0,0718
3585,50;0,0721
3585,00;0,0724
3584,50;0,0727
3584,00;0,0728
3583,50;0,0730
3583,00;0,0731
3582,50;0,0732
3582,00;0,0733
3581,50;0,0735
3581,00;0,0736
3580,50;0,0734
3580,00;0,0730
3579,50;0,0729
3579,00;0,0733
3578,50;0,0740
3578,00;0,0746
3577,50;0,0750
3577,00;0,0752
3576,50;0,0755
3576,00;0,0760
3575,50;0,0763
3575,00;0,0763
3574,50;0,0761
3574,00;0,0760
3573,50;0,0759
3573,00;0,0760
3572,50;0,0760
3572,00;0,0760
3571,50;0,0761
3571,00;0,0763
3570,50;0,0766
3570,00;0,0769
3569,50;0,0771
3569,00;0,0771
3568,50;0,0771
3568,00;0,0772
3567,50;0,0773
3567,00;0,0775
3566,50;0,0775
3566,00;0,0774
3565,50;0,0775
3565,00;0,0779
3564,50;0,0783
3564,00;0,0785
3563,50;0,0785
3563,00;0,0784
3562,50;0,0782
3562,00;0,0781
3561,50;0,0782
3561,00;0,0784
3560,50;0,0787
3560,00;0,0790
3559,50;0,0793
3559,00;0,0796
3558,50;0,0798
3558,00;0,0798
3557,50;0,0798
3557,00;0,0799
3556,50;0,0801
3556,00;0,0803
3555,50;0,0805
3555,00;0,0807
3554,50;0,0807
3554,00;0,0808
3553,50;0,0810
3553,00;0,0811
3552,50;0,0813
3552,00;0,0814
3551,50;0,0816
3551,00;0,0818
3550,50;0,0820
3550,00;0,0820
3549,50;0,0821
3549,00;0,0822
3548,50;0,0824
3548,00;0,0826
3547,50;0,0827
3547,00;0,0827
3546,50;0,0828
3546,00;0,0829
3545,50;0,0830
3545,00;0,0833
3544,50;0,0837
3544,00;0,0841
3543,50;0,0843
3543,00;0,0843
3542,50;0,0841
3542,00;0,0841
3541,50;0,0842
3541,00;0,0844
3540,50;0,0846
3540,00;0,0847
3539,50;0,0847
3539,00;0,0848
3538,50;0,0849
3538,00;0,0851
3537,50;0,0852
3537,00;0,0853
3536,50;0,0854
3536,00;0,0855
3535,50;0,0857
3535,00;0,0860
3534,50;0,0863
3534,00;0,0865
3533,50;0,0866
3533,00;0,0866
3532,50;0,0866
3532,00;0,0868
3531,50;0,0871
3531,00;0,0874
3530,50;0,0877
3530,00;0,0878
3529,50;0,0879
3529,00;0,0878
3528,50;0,0878
3528,00;0,0880
3527,50;0,0883
3527,00;0,0888
3526,50;0,0893
3526,00;0,0897
3525,50;0,0898
3525,00;0,0899
3524,50;0,0899
3524,00;0,0901
3523,50;0,0904
3523,00;0,0906
3522,50;0,0908
3522,00;0,0910
3521,50;0,0913
3521,00;0,0917
3520,50;0,0919
3520,00;0,0921
3519,50;0,0922
3519,00;0,0922
3518,50;0,0923
3518,00;0,0926
3517,50;0,0928
3517,00;0,0930
3516,50;0,0932
3516,00;0,0934
3515,50;0,0937
3515,00;0,0941
3514,50;0,0944
3514,00;0,0947
3513,50;0,0950
3513,00;0,0951
3512,50;0,0952
3512,00;0,0953
3511,50;0,0955
3511,00;0,0958
3510,50;0,0961
3510,00;0,0964
3509,50;0,0966
3509,00;0,0967
3508,50;0,0969
3508,00;0,0971
3507,50;0,0972
3507,00;0,0974
3506,50;0,0977
3506,00;0,0981
3505,50;0,0987
3505,00;0,0992
3504,50;0,0995
3504,00;0,0996
3503,50;0,0997
3503,00;0,0998
3502,50;0,1000
3502,00;0,1003
3501,50;0,1005
3501,00;0,1008
3500,50;0,1012
3500,00;0,1015
3499,50;0,1019
3499,00;0,1023
3498,50;0,1025
3498,00;0,1028
3497,50;0,1030
3497,00;0,1033
3496,50;0,1036
3496,00;0,1040
3495,50;0,1043
3495,00;0,1046
3494,50;0,1047
3494,00;0,1048
3493,50;0,1049
3493,00;0,1052
3492,50;0,1055
3492,00;0,1060
3491,50;0,1065
3491,00;0,1070
3490,50;0,1075
3490,00;0,1079
3489,50;0,1082
3489,00;0,1084
3488,50;0,1085
3488,00;0,1087
3487,50;0,1089
3487,00;0,1092
3486,50;0,1096
3486,00;0,1101
3485,50;0,1106
3485,00;0,1110
3484,50;0,1112
3484,00;0,1112
3483,50;0,1113
3483,00;0,1115
3482,50;0,1118
3482,00;0,1122
3481,50;0,1127
3481,00;0,1130
3480,50;0,1134
3480,00;0,1137
3479,50;0,1141
3479,00;0,1145
3478,50;0,1149
3478,00;0,1151
3477,50;0,1153
3477,00;0,1155
3476,50;0,1158
3476,00;0,1161
3475,50;0,1164
3475,00;0,1168
3474,50;0,1172
3474,00;0,1177
3473,50;0,1181
3473,00;0,1184
3472,50;0,1188
3472,00;0,1193
3471,50;0,1199
3471,00;0,1203
3470,50;0,1207
3470,00;0,1212
3469,50;0,1216
3469,00;0,1221
3468,50;0,1227
3468,00;0,1232
3467,50;0,1237
3467,00;0,1241
3466,50;0,1244
3466,00;0,1246
3465,50;0,1249
3465,00;0,1253
3464,50;0,1258
3464,00;0,1264
3463,50;0,1269
3463,00;0,1274
3462,50;0,1278
3462,00;0,1282
3461,50;0,1286
3461,00;0,1290
3460,50;0,1294
3460,00;0,1298
3459,50;0,1303
3459,00;0,1309
3458,50;0,1316
3458,00;0,1323
3457,50;0,1330
3457,00;0,1336
3456,50;0,1341
3456,00;0,1344
3455,50;0,1349
3455,00;0,1354
3454,50;0,1359
3454,00;0,1364
3453,50;0,1369
3453,00;0,1374
3452,50;0,1379
3452,00;0,1384
3451,50;0,1389
3451,00;0,1394
3450,50;0,1399
3450,00;0,1404
3449,50;0,1410
3449,00;0,1417
3448,50;0,1423
3448,00;0,1429
3447,50;0,1435
3447,00;0,1441
3446,50;0,1447
3446,00;0,1454
3445,50;0,1461
3445,00;0,1468
3444,50;0,1475
3444,00;0,1483
3443,50;0,1491
3443,00;0,1497
3442,50;0,1502
3442,00;0,1506
3441,50;0,1510
3441,00;0,1514
3440,50;0,1521
3440,00;0,1529
3439,50;0,1538
3439,00;0,1545
3438,50;0,1550
3438,00;0,1554
3437,50;0,1560
3437,00;0,1568
3436,50;0,1577
3436,00;0,1586
3435,50;0,1594
3435,00;0,1602
3434,50;0,1610
3434,00;0,1617
3433,50;0,1625
3433,00;0,1631
3432,50;0,1637
3432,00;0,1643
3431,50;0,1649
3431,00;0,1656
3430,50;0,1663
3430,00;0,1670
3429,50;0,1676
3429,00;0,1683
3428,50;0,1691
3428,00;0,1699
3427,50;0,1707
3427,00;0,1713
3426,50;0,1719
3426,00;0,1725
3425,50;0,1732
3425,00;0,1738
3424,50;0,1745
3424,00;0,1753
3423,50;0,1762
3423,00;0,1772
3422,50;0,1781
3422,00;0,1788
3421,50;0,1794
3421,00;0,1799
3420,50;0,1806
3420,00;0,1813
3419,50;0,1821
3419,00;0,1828
3418,50;0,1836
3418,00;0,1843
3417,50;0,1851
3417,00;0,1860
3416,50;0,1868
3416,00;0,1877
3415,50;0,1885
3415,00;0,1893
3414,50;0,1899
3414,00;0,1906
3413,50;0,1913
3413,00;0,1920
3412,50;0,1927
3412,00;0,1933
3411,50;0,1940
3411,00;0,1946
3410,50;0,1952
3410,00;0,1957
3409,50;0,1964
3409,00;0,1971
3408,50;0,1978
3408,00;0,1985
3407,50;0,1992
3407,00;0,2000
3406,50;0,2008
3406,00;0,2016
3405,50;0,2023
3405,00;0,2029
3404,50;0,2035
3404,00;0,2043
3403,50;0,2051
3403,00;0,2058
3402,50;0,2065
3402,00;0,2072
3401,50;0,2080
3401,00;0,2088
3400,50;0,2096
3400,00;0,2101
3399,50;0,2106
3399,00;0,2110
3398,50;0,2114
3398,00;0,2119
3397,50;0,2125
3397,00;0,2133
3396,50;0,2141
3396,00;0,2150
3395,50;0,2158
3395,00;0,2165
3394,50;0,2170
3394,00;0,2175
3393,50;0,2180
3393,00;0,2186
3392,50;0,2193
3392,00;0,2201
3391,50;0,2207
3391,00;0,2213
3390,50;0,2218
3390,00;0,2225
3389,50;0,2233
3389,00;0,2241
3388,50;0,2249
3388,00;0,2256
3387,50;0,2262
3387,00;0,2267
3386,50;0,2273
3386,00;0,2279
3385,50;0,2285
3385,00;0,2290
3384,50;0,2295
3384,00;0,2301
3383,50;0,2307
3383,00;0,2312
3382,50;0,2316
3382,00;0,2322
3381,50;0,2329
3381,00;0,2337
3380,50;0,2344
3380,00;0,2349
3379,50;0,2352
3379,00;0,2355
3378,50;0,2359
3378,00;0,2363
3377,50;0,2369
3377,00;0,2376
3376,50;0,2384
3376,00;0,2392
3375,50;0,2400
3375,00;0,2405
3374,50;0,2407
3374,00;0,2408
3373,50;0,2410
3373,00;0,2414
3372,50;0,2419
3372,00;0,2426
3371,50;0,2432
3371,00;0,2436
3370,50;0,2440
3370,00;0,2443
3369,50;0,2447
3369,00;0,2452
3368,50;0,2460
3368,00;0,2468
3367,50;0,2474
3367,00;0,2479
3366,50;0,2483
3366,00;0,2487
3365,50;0,2491
3365,00;0,2495
3364,50;0,2499
3364,00;0,2504
3363,50;0,2510
3363,00;0,2516
3362,50;0,2520
3362,00;0,2524
3361,50;0,2527
3361,00;0,2530
3360,50;0,2533
3360,00;0,2535
3359,50;0,2536
3359,00;0,2537
3358,50;0,2538
3358,00;0,2541
3357,50;0,2544
3357,00;0,2548
3356,50;0,2553
3356,00;0,2559
3355,50;0,2567
3355,00;0,2574
3354,50;0,2580
3354,00;0,2583
3353,50;0,2586
3353,00;0,2589
3352,50;0,2594
3352,00;0,2599
3351,50;0,2603
3351,00;0,2605
3350,50;0,2608
3350,00;0,2610
3349,50;0,2613
3349,00;0,2616
3348,50;0,2619
3348,00;0,2622
3347,50;0,2626
3347,00;0,2631
3346,50;0,2637
3346,00;0,2642
3345,50;0,2646
3345,00;0,2650
3344,50;0,2655
3344,00;0,2662
3343,50;0,2668
3343,00;0,2673
3342,50;0,2675
3342,00;0,2673
3341,50;0,2672
3341,00;0,2673
3340,50;0,2677
3340,00;0,2683
3339,50;0,2689
3339,00;0,2695
3338,50;0,2700
3338,00;0,2706
3337,50;0,2712
3337,00;0,2716
3336,50;0,2719
3336,00;0,2723
3335,50;0,2728
3335,00;0,2733
3334,50;0,2738
3334,00;0,2743
3333,50;0,2747
3333,00;0,2751
3332,50;0,2756
3332,00;0,2759
3331,50;0,2762
3331,00;0,2763
3330,50;0,2766
3330,00;0,2770
3329,50;0,2777
3329,00;0,2783
3328,50;0,2788
3328,00;0,2793
3327,50;0,2798
3327,00;0,2804
3326,50;0,2809
3326,00;0,2815
3325,50;0,2819
3325,00;0,2823
3324,50;0,2827
3324,00;0,2831
3323,50;0,2836
3323,00;0,2841
3322,50;0,2845
3322,00;0,2849
3321,50;0,2854
3321,00;0,2860
3320,50;0,2868
3320,00;0,2876
3319,50;0,2884
3319,00;0,2890
3318,50;0,2895
3318,00;0,2900
3317,50;0,2904
3317,00;0,2910
3316,50;0,2917
3316,00;0,2924
3315,50;0,2931
3315,00;0,2937
3314,50;0,2943
3314,00;0,2948
3313,50;0,2953
3313,00;0,2958
3312,50;0,2963
3312,00;0,2968
3311,50;0,2973
3311,00;0,2979
3310,50;0,2986
3310,00;0,2994
3309,50;0,3002
3309,00;0,3010
3308,50;0,3016
3308,00;0,3020
3307,50;0,3022
3307,00;0,3024
3306,50;0,3027
3306,00;0,3033
3305,50;0,3041
3305,00;0,3051
3304,50;0,3061
3304,00;0,3070
3303,50;0,3078
3303,00;0,3085
3302,50;0,3091
3302,00;0,3098
3301,50;0,3106
3301,00;0,3117
3300,50;0,3128
3300,00;0,3139
3299,50;0,3148
3299,00;0,3157
3298,50;0,3165
3298,00;0,3174
3297,50;0,3185
3297,00;0,3196
3296,50;0,3207
3296,00;0,3215
3295,50;0,3221
3295,00;0,3228
3294,50;0,3236
3294,00;0,3245
3293,50;0,3253
3293,00;0,3262
3292,50;0,3270
3292,00;0,3279
3291,50;0,3287
3291,00;0,3294
3290,50;0,3299
3290,00;0,3304
3289,50;0,3309
3289,00;0,3315
3288,50;0,3323
3288,00;0,3333
3287,50;0,3344
3287,00;0,3355
3286,50;0,3364
3286,00;0,3372
3285,50;0,3378
3285,00;0,3384
3284,50;0,3391
3284,00;0,3398
3283,50;0,3408
3283,00;0,3419
3282,50;0,3431
3282,00;0,3441
3281,50;0,3449
3281,00;0,3455
3280,50;0,3461
3280,00;0,3469
3279,50;0,3479
3279,00;0,3489
3278,50;0,3499
3278,00;0,3507
3277,50;0,3515
3277,00;0,3523
3276,50;0,3532
3276,00;0,3542
3275,50;0,3554
3275,00;0,3566
3274,50;0,3577
3274,00;0,3587
3273,50;0,3595
3273,00;0,3603
3272,50;0,3613
3272,00;0,3624
3271,50;0,3637
3271,00;0,3651
3270,50;0,3664
3270,00;0,3676
3269,50;0,3685
3269,00;0,3693
3268,50;0,3702
3268,00;0,3714
3267,50;0,3728
3267,00;0,3741
3266,50;0,3752
3266,00;0,3763
3265,50;0,3776
3265,00;0,3789
3264,50;0,3800
3264,00;0,3810
3263,50;0,3820
3263,00;0,3831
3262,50;0,3844
3262,00;0,3858
3261,50;0,3872
3261,00;0,3885
3260,50;0,3898
3260,00;0,3911
3259,50;0,3926
3259,00;0,3940
3258,50;0,3951
3258,00;0,3960
3257,50;0,3969
3257,00;0,3980
3256,50;0,3993
3256,00;0,4008
3255,50;0,4022
3255,00;0,4034
3254,50;0,4044
3254,00;0,4055
3253,50;0,4070
3253,00;0,4087
3252,50;0,4102
3252,00;0,4115
3251,50;0,4126
3251,00;0,4135
3250,50;0,4145
3250,00;0,4155
3249,50;0,4166
3249,00;0,4176
3248,50;0,4186
3248,00;0,4195
3247,50;0,4205
3247,00;0,4218
3246,50;0,4233
3246,00;0,4248
3245,50;0,4262
3245,00;0,4272
3244,50;0,4277
3244,00;0,4278
3243,50;0,4280
3243,00;0,4286
3242,50;0,4296
3242,00;0,4308
3241,50;0,4319
3241,00;0,4326
3240,50;0,4332
3240,00;0,4338
3239,50;0,4343
3239,00;0,4346
3238,50;0,4347
3238,00;0,4347
3237,50;0,4349
3237,00;0,4354
3236,50;0,4363
3236,00;0,4372
3235,50;0,4380
3235,00;0,4386
3234,50;0,4388
3234,00;0,4386
3233,50;0,4380
3233,00;0,4373
3232,50;0,4369
3232,00;0,4367
3231,50;0,4365
3231,00;0,4362
3230,50;0,4358
3230,00;0,4352
3229,50;0,4348
3229,00;0,4344
3228,50;0,4339
3228,00;0,4333
3227,50;0,4325
3227,00;0,4318
3226,50;0,4313
3226,00;0,4311
3225,50;0,4309
3225,00;0,4307
3224,50;0,4301
3224,00;0,4291
3223,50;0,4279
3223,00;0,4266
3222,50;0,4254
3222,00;0,4241
3221,50;0,4229
3221,00;0,4219
3220,50;0,4210
3220,00;0,4201
3219,50;0,4191
3219,00;0,4181
3218,50;0,4174
3218,00;0,4169
3217,50;0,4165
3217,00;0,4159
3216,50;0,4150
3216,00;0,4138
3215,50;0,4125
3215,00;0,4114
3214,50;0,4106
3214,00;0,4097
3213,50;0,4086
3213,00;0,4074
3212,50;0,4062
3212,00;0,4052
3211,50;0,4043
3211,00;0,4034
3210,50;0,4024
3210,00;0,4014
3209,50;0,4005
3209,00;0,3995
3208,50;0,3984
3208,00;0,3972
3207,50;0,3962
3207,00;0,3953
3206,50;0,3945
3206,00;0,3935
3205,50;0,3924
3205,00;0,3912
3204,50;0,3903
3204,00;0,3895
3203,50;0,3887
3203,00;0,3878
3202,50;0,3869
3202,00;0,3860
3201,50;0,3850
3201,00;0,3842
3200,50;0,3834
3200,00;0,3829
3199,50;0,3824
3199,00;0,3816
3198,50;0,3805
3198,00;0,3791
3197,50;0,3778
3197,00;0,3767
3196,50;0,3759
3196,00;0,3753
3195,50;0,3748
3195,00;0,3745
3194,50;0,3742
3194,00;0,3736
3193,50;0,3727
3193,00;0,3716
3192,50;0,3704
3192,00;0,3693
3191,50;0,3683
3191,00;0,3675
3190,50;0,3668
3190,00;0,3663
3189,50;0,3659
3189,00;0,3654
3188,50;0,3647
3188,00;0,3639
3187,50;0,3630
3187,00;0,3623
3186,50;0,3616
3186,00;0,3609
3185,50;0,3601
3185,00;0,3592
3184,50;0,3584
3184,00;0,3576
3183,50;0,3571
3183,00;0,3567
3182,50;0,3562
3182,00;0,3556
3181,50;0,3549
3181,00;0,3542
3180,50;0,3536
3180,00;0,3530
3179,50;0,3526
3179,00;0,3521
3178,50;0,3517
3178,00;0,3513
3177,50;0,3509
3177,00;0,3505
3176,50;0,3498
3176,00;0,3490
3175,50;0,3481
3175,00;0,3475
3174,50;0,3470
3174,00;0,3468
3173,50;0,3467
3173,00;0,3464
3172,50;0,3460
3172,00;0,3453
3171,50;0,3446
3171,00;0,3441
3170,50;0,3436
3170,00;0,3431
3169,50;0,3425
3169,00;0,3419
3168,50;0,3414
3168,00;0,3410
3167,50;0,3405
3167,00;0,3400
3166,50;0,3394
3166,00;0,3389
3165,50;0,3385
3165,00;0,3381
3164,50;0,3377
3164,00;0,3372
3163,50;0,3366
3163,00;0,3361
3162,50;0,3358
3162,00;0,3355
3161,50;0,3352
3161,00;0,3347
3160,50;0,3341
3160,00;0,3334
3159,50;0,3327
3159,00;0,3321
3158,50;0,3316
3158,00;0,3311
3157,50;0,3306
3157,00;0,3301
3156,50;0,3295
3156,00;0,3289
3155,50;0,3283
3155,00;0,3279
3154,50;0,3276
3154,00;0,3271
3153,50;0,3264
3153,00;0,3256
3152,50;0,3249
3152,00;0,3244
3151,50;0,3240
3151,00;0,3237
3150,50;0,3233
3150,00;0,3226
3149,50;0,3218
3149,00;0,3209
3148,50;0,3203
3148,00;0,3199
3147,50;0,3195
3147,00;0,3190
3146,50;0,3183
3146,00;0,3176
3145,50;0,3167
3145,00;0,3158
3144,50;0,3149
3144,00;0,3140
3143,50;0,3133
3143,00;0,3126
3142,50;0,3120
3142,00;0,3113
3141,50;0,3105
3141,00;0,3097
3140,50;0,3089
3140,00;0,3081
3139,50;0,3072
3139,00;0,3064
3138,50;0,3056
3138,00;0,3049
3137,50;0,3041
3137,00;0,3033
3136,50;0,3025
3136,00;0,3017
3135,50;0,3007
3135,00;0,2995
3134,50;0,2985
3134,00;0,2975
3133,50;0,2966
3133,00;0,2957
3132,50;0,2947
3132,00;0,2937
3131,50;0,2927
3131,00;0,2917
3130,50;0,2908
3130,00;0,2900
3129,50;0,2892
3129,00;0,2882
3128,50;0,2871
3128,00;0,2859
3127,50;0,2846
3127,00;0,2832
3126,50;0,2820
3126,00;0,2809
3125,50;0,2799
3125,00;0,2790
3124,50;0,2781
3124,00;0,2770
3123,50;0,2759
3123,00;0,2746
3122,50;0,2734
3122,00;0,2722
3121,50;0,2710
3121,00;0,2698
3120,50;0,2686
3120,00;0,2674
3119,50;0,2663
3119,00;0,2651
3118,50;0,2639
3118,00;0,2625
3117,50;0,2611
3117,00;0,2599
3116,50;0,2588
3116,00;0,2578
3115,50;0,2568
3115,00;0,2558
3114,50;0,2546
3114,00;0,2532
3113,50;0,2519
3113,00;0,2506
3112,50;0,2495
3112,00;0,2484
3111,50;0,2473
3111,00;0,2459
3110,50;0,2446
3110,00;0,2432
3109,50;0,2419
3109,00;0,2406
3108,50;0,2393
3108,00;0,2380
3107,50;0,2367
3107,00;0,2353
3106,50;0,2339
3106,00;0,2327
3105,50;0,2315
3105,00;0,2305
3104,50;0,2295
3104,00;0,2285
3103,50;0,2274
3103,00;0,2261
3102,50;0,2246
3102,00;0,2232
3101,50;0,2219
3101,00;0,2207
3100,50;0,2196
3100,00;0,2186
3099,50;0,2176
3099,00;0,2165
3098,50;0,2152
3098,00;0,2139
3097,50;0,2126
3097,00;0,2115
3096,50;0,2105
3096,00;0,2096
3095,50;0,2086
3095,00;0,2075
3094,50;0,2064
3094,00;0,2052
3093,50;0,2041
3093,00;0,2030
3092,50;0,2021
3092,00;0,2012
3091,50;0,2001
3091,00;0,1990
3090,50;0,1978
3090,00;0,1967
3089,50;0,1958
3089,00;0,1948
3088,50;0,1938
3088,00;0,1927
3087,50;0,1915
3087,00;0,1904
3086,50;0,1893
3086,00;0,1883
3085,50;0,1874
3085,00;0,1865
3084,50;0,1857
3084,00;0,1848
3083,50;0,1840
3083,00;0,1831
3082,50;0,1822
3082,00;0,1812
3081,50;0,1802
3081,00;0,1792
3080,50;0,1783
3080,00;0,1775
3079,50;0,1768
3079,00;0,1760
3078,50;0,1752
3078,00;0,1743
3077,50;0,1735
3077,00;0,1727
3076,50;0,1718
3076,00;0,1710
3075,50;0,1702
3075,00;0,1694
3074,50;0,1687
3074,00;0,1680
3073,50;0,1672
3073,00;0,1664
3072,50;0,1655
3072,00;0,1647
3071,50;0,1640
3071,00;0,1634
3070,50;0,1627
3070,00;0,1621
3069,50;0,1615
3069,00;0,1610
3068,50;0,1605
3068,00;0,1598
3067,50;0,1589
3067,00;0,1579
3066,50;0,1569
3066,00;0,1561
3065,50;0,1553
3065,00;0,1546
3064,50;0,1541
3064,00;0,1538
3063,50;0,1536
3063,00;0,1533
3062,50;0,1528
3062,00;0,1522
3061,50;0,1514
3061,00;0,1505
3060,50;0,1498
3060,00;0,1491
3059,50;0,1485
3059,00;0,1480
3058,50;0,1474
3058,00;0,1468
3057,50;0,1462
3057,00;0,1456
3056,50;0,1452
3056,00;0,1448
3055,50;0,1444
3055,00;0,1440
3054,50;0,1433
3054,00;0,1426
3053,50;0,1419
3053,00;0,1413
3052,50;0,1407
3052,00;0,1403
3051,50;0,1400
3051,00;0,1395
3050,50;0,1390
3050,00;0,1385
3049,50;0,1380
3049,00;0,1375
3048,50;0,1370
3048,00;0,1365
3047,50;0,1359
3047,00;0,1354
3046,50;0,1350
3046,00;0,1346
3045,50;0,1342
3045,00;0,1338
3044,50;0,1334
3044,00;0,1330
3043,50;0,1325
3043,00;0,1320
3042,50;0,1315
3042,00;0,1312
3041,50;0,1308
3041,00;0,1304
3040,50;0,1299
3040,00;0,1294
3039,50;0,1289
3039,00;0,1285
3038,50;0,1283
3038,00;0,1279
3037,50;0,1275
3037,00;0,1270
3036,50;0,1266
3036,00;0,1261
3035,50;0,1257
3035,00;0,1253
3034,50;0,1250
3034,00;0,1248
3033,50;0,1245
3033,00;0,1241
3032,50;0,1237
3032,00;0,1234
3031,50;0,1230
3031,00;0,1226
3030,50;0,1223
3030,00;0,1219
3029,50;0,1216
3029,00;0,1213
3028,50;0,1210
3028,00;0,1206
3027,50;0,1204
3027,00;0,1201
3026,50;0,1199
3026,00;0,1196
3025,50;0,1193
3025,00;0,1189
3024,50;0,1187
3024,00;0,1185
3023,50;0,1183
3023,00;0,1181
3022,50;0,1178
3022,00;0,1175
3021,50;0,1172
3021,00;0,1167
3020,50;0,1162
3020,00;0,1159
3019,50;0,1158
3019,00;0,1156
3018,50;0,1154
3018,00;0,1151
3017,50;0,1148
3017,00;0,1145
3016,50;0,1142
3016,00;0,1139
3015,50;0,1136
3015,00;0,1133
3014,50;0,1130
3014,00;0,1126
3013,50;0,1123
3013,00;0,1119
3012,50;0,1115
3012,00;0,1113
3011,50;0,1112
3011,00;0,1111
3010,50;0,1110
3010,00;0,1109
3009,50;0,1107
3009,00;0,1103
3008,50;0,1099
3008,00;0,1095
3007,50;0,1092
3007,00;0,1090
3006,50;0,1089
3006,00;0,1088
3005,50;0,1087
3005,00;0,1086
3004,50;0,1084
3004,00;0,1081
3003,50;0,1078
3003,00;0,1076
3002,50;0,1074
3002,00;0,1072
3001,50;0,1070
3001,00;0,1067
3000,50;0,1065
3000,00;0,1064
2999,50;0,1063
2999,00;0,1061
2998,50;0,1059
2998,00;0,1055
2997,50;0,1051
2997,00;0,1047
2996,50;0,1045
2996,00;0,1044
2995,50;0,1043
2995,00;0,1042
2994,50;0,1040
2994,00;0,1039
2993,50;0,1036
2993,00;0,1033
2992,50;0,1030
2992,00;0,1029
2991,50;0,1029
2991,00;0,1028
2990,50;0,1027
2990,00;0,1024
2989,50;0,1022
2989,00;0,1020
2988,50;0,1018
2988,00;0,1016
2987,50;0,1014
2987,00;0,1011
2986,50;0,1008
2986,00;0,1008
2985,50;0,1008
2985,00;0,1007
2984,50;0,1006
2984,00;0,1004
2983,50;0,1002
2983,00;0,0999
2982,50;0,0997
2982,00;0,0996
2981,50;0,0996
2981,00;0,0995
2980,50;0,0994
2980,00;0,0992
2979,50;0,0989
2979,00;0,0988
2978,50;0,0985
2978,00;0,0983
2977,50;0,0980
2977,00;0,0977
2976,50;0,0976
2976,00;0,0975
2975,50;0,0975
2975,00;0,0974
2974,50;0,0973
2974,00;0,0971
2973,50;0,0968
2973,00;0,0965
2972,50;0,0962
2972,00;0,0960
2971,50;0,0960
2971,00;0,0959
2970,50;0,0958
2970,00;0,0957
2969,50;0,0956
2969,00;0,0955
2968,50;0,0954
2968,00;0,0954
2967,50;0,0953
2967,00;0,0953
2966,50;0,0951
2966,00;0,0949
2965,50;0,0947
2965,00;0,0945
2964,50;0,0944
2964,00;0,0942
2963,50;0,0941
2963,00;0,0941
2962,50;0,0940
2962,00;0,0939
2961,50;0,0937
2961,00;0,0934
2960,50;0,0932
2960,00;0,0930
2959,50;0,0929
2959,00;0,0929
2958,50;0,0928
2958,00;0,0926
2957,50;0,0923
2957,00;0,0919
2956,50;0,0917
2956,00;0,0917
2955,50;0,0917
2955,00;0,0917
2954,50;0,0915
2954,00;0,0913
2953,50;0,0910
2953,00;0,0909
2952,50;0,0907
2952,00;0,0905
2951,50;0,0902
2951,00;0,0900
2950,50;0,0898
2950,00;0,0896
2949,50;0,0895
2949,00;0,0894
2948,50;0,0894
2948,00;0,0892
2947,50;0,0891
2947,00;0,0889
2946,50;0,0888
2946,00;0,0887
2945,50;0,0886
2945,00;0,0885
2944,50;0,0883
2944,00;0,0881
2943,50;0,0880
2943,00;0,0879
2942,50;0,0879
2942,00;0,0878
2941,50;0,0878
2941,00;0,0877
2940,50;0,0875
2940,00;0,0873
2939,50;0,0873
2939,00;0,0874
2938,50;0,0876
2938,00;0,0878
2937,50;0,0877
2937,00;0,0875
2936,50;0,0871
2936,00;0,0869
2935,50;0,0867
2935,00;0,0867
2934,50;0,0868
2934,00;0,0870
2933,50;0,0871
2933,00;0,0872
2932,50;0,0870
2932,00;0,0867
2931,50;0,0864
2931,00;0,0860
2930,50;0,0856
2930,00;0,0854
2929,50;0,0853
2929,00;0,0853
2928,50;0,0855
2928,00;0,0857
2927,50;0,0857
2927,00;0,0856
2926,50;0,0853
2926,00;0,0850
2925,50;0,0848
2925,00;0,0845
2924,50;0,0844
2924,00;0,0844
2923,50;0,0843
2923,00;0,0842
2922,50;0,0840
2922,00;0,0839
2921,50;0,0838
2921,00;0,0838
2920,50;0,0836
2920,00;0,0834
2919,50;0,0833
2919,00;0,0834
2918,50;0,0836
2918,00;0,0839
2917,50;0,0841
2917,00;0,0844
2916,50;0,0847
2916,00;0,0851
2915,50;0,0853
2915,00;0,0853
2914,50;0,0852
2914,00;0,0850
2913,50;0,0848
2913,00;0,0847
2912,50;0,0846
2912,00;0,0844
2911,50;0,0843
2911,00;0,0842
2910,50;0,0839
2910,00;0,0835
2909,50;0,0830
2909,00;0,0825
2908,50;0,0823
2908,00;0,0822
2907,50;0,0823
2907,00;0,0823
2906,50;0,0823
2906,00;0,0822
2905,50;0,0820
2905,00;0,0819
2904,50;0,0817
2904,00;0,0817
2903,50;0,0817
2903,00;0,0818
2902,50;0,0818
2902,00;0,0818
2901,50;0,0817
2901,00;0,0815
2900,50;0,0814
2900,00;0,0813
2899,50;0,0811
2899,00;0,0810
2898,50;0,0809
2898,00;0,0807
2897,50;0,0804
2897,00;0,0802
2896,50;0,0802
2896,00;0,0804
2895,50;0,0806
2895,00;0,0807
2894,50;0,0807
2894,00;0,0804
2893,50;0,0802
2893,00;0,0799
2892,50;0,0797
2892,00;0,0796
2891,50;0,0797
2891,00;0,0798
2890,50;0,0800
2890,00;0,0801
2889,50;0,0801
2889,00;0,0800
2888,50;0,0798
2888,00;0,0796
2887,50;0,0795
2887,00;0,0795
2886,50;0,0796
2886,00;0,0796
2885,50;0,0796
2885,00;0,0795
2884,50;0,0794
2884,00;0,0792
2883,50;0,0792
2883,00;0,0793
2882,50;0,0794
2882,00;0,0794
2881,50;0,0792
2881,00;0,0791
2880,50;0,0789
2880,00;0,0788
2879,50;0,0788
2879,00;0,0787
2878,50;0,0787
2878,00;0,0787
2877,50;0,0786
2877,00;0,0786
2876,50;0,0786
2876,00;0,0786
2875,50;0,0785
2875,00;0,0784
2874,50;0,0782
2874,00;0,0781
2873,50;0,0779
2873,00;0,0778
2872,50;0,0777
2872,00;0,0777
2871,50;0,0778
2871,00;0,0778
2870,50;0,0778
2870,00;0,0777
2869,50;0,0776
2869,00;0,0775
2868,50;0,0774
2868,00;0,0774
2867,50;0,0773
2867,00;0,0773
2866,50;0,0773
2866,00;0,0773
2865,50;0,0774
2865,00;0,0774
2864,50;0,0775
2864,00;0,0775
2863,50;0,0774
2863,00;0,0773
2862,50;0,0773
2862,00;0,0772
2861,50;0,0772
2861,00;0,0771
2860,50;0,0771
2860,00;0,0770
2859,50;0,0770
2859,00;0,0769
2858,50;0,0768
2858,00;0,0767
2857,50;0,0766
2857,00;0,0765
2856,50;0,0764
2856,00;0,0763
2855,50;0,0762
2855,00;0,0761
2854,50;0,0760
2854,00;0,0760
2853,50;0,0759
2853,00;0,0759
2852,50;0,0758
2852,00;0,0756
2851,50;0,0754
2851,00;0,0754
2850,50;0,0757
2850,00;0,0762
2849,50;0,0768
2849,00;0,0772
2848,50;0,0775
2848,00;0,0776
2847,50;0,0776
2847,00;0,0776
2846,50;0,0775
2846,00;0,0773
2845,50;0,0770
2845,00;0,0766
2844,50;0,0762
2844,00;0,0759
2843,50;0,0757
2843,00;0,0756
2842,50;0,0756
2842,00;0,0756
2841,50;0,0757
2841,00;0,0756
2840,50;0,0756
2840,00;0,0755
2839,50;0,0754
2839,00;0,0753
2838,50;0,0752
2838,00;0,0752
2837,50;0,0752
2837,00;0,0753
2836,50;0,0754
2836,00;0,0754
2835,50;0,0753
2835,00;0,0751
2834,50;0,0749
2834,00;0,0749
2833,50;0,0749
2833,00;0,0750
2832,50;0,0751
2832,00;0,0750
2831,50;0,0749
2831,00;0,0748
2830,50;0,0748
2830,00;0,0748
2829,50;0,0748
2829,00;0,0748
2828,50;0,0748
2828,00;0,0747
2827,50;0,0746
2827,00;0,0746
2826,50;0,0745
2826,00;0,0745
2825,50;0,0744
2825,00;0,0744
2824,50;0,0744
2824,00;0,0745
2823,50;0,0745
2823,00;0,0746
2822,50;0,0746
2822,00;0,0745
2821,50;0,0744
2821,00;0,0743
2820,50;0,0742
2820,00;0,0742
2819,50;0,0742
2819,00;0,0742
2818,50;0,0742
2818,00;0,0743
2817,50;0,0744
2817,00;0,0744
2816,50;0,0743
2816,00;0,0741
2815,50;0,0740
2815,00;0,0739
2814,50;0,0739
2814,00;0,0739
2813,50;0,0739
2813,00;0,0740
2812,50;0,0740
2812,00;0,0739
2811,50;0,0739
2811,00;0,0740
2810,50;0,0741
2810,00;0,0742
2809,50;0,0742
2809,00;0,0741
2808,50;0,0739
2808,00;0,0738
2807,50;0,0737
2807,00;0,0738
2806,50;0,0739
2806,00;0,0739
2805,50;0,0739
2805,00;0,0738
2804,50;0,0737
2804,00;0,0737
2803,50;0,0737
2803,00;0,0738
2802,50;0,0739
2802,00;0,0739
2801,50;0,0738
2801,00;0,0736
2800,50;0,0735
2800,00;0,0734
2799,50;0,0735
2799,00;0,0736
2798,50;0,0737
2798,00;0,0737
2797,50;0,0736
2797,00;0,0735
2796,50;0,0734
2796,00;0,0734
2795,50;0,0734
2795,00;0,0734
2794,50;0,0734
2794,00;0,0734
2793,50;0,0734
2793,00;0,0734
2792,50;0,0733
2792,00;0,0733
2791,50;0,0733
2791,00;0,0733
2790,50;0,0734
2790,00;0,0735
2789,50;0,0735
2789,00;0,0735
2788,50;0,0734
2788,00;0,0733
2787,50;0,0733
2787,00;0,0734
2786,50;0,0734
2786,00;0,0733
2785,50;0,0732
2785,00;0,0731
2784,50;0,0730
2784,00;0,0729
2783,50;0,0728
2783,00;0,0728
2782,50;0,0728
2782,00;0,0728
2781,50;0,0729
2781,00;0,0730
2780,50;0,0731
2780,00;0,0730
2779,50;0,0729
2779,00;0,0729
2778,50;0,0728
2778,00;0,0729
2777,50;0,0729
2777,00;0,0728
2776,50;0,0728
2776,00;0,0728
2775,50;0,0729
2775,00;0,0729
2774,50;0,0728
2774,00;0,0727
2773,50;0,0726
2773,00;0,0726
2772,50;0,0726
2772,00;0,0726
2771,50;0,0726
2771,00;0,0727
2770,50;0,0728
2770,00;0,0729
2769,50;0,0730
2769,00;0,0730
2768,50;0,0729
2768,00;0,0728
2767,50;0,0727
2767,00;0,0726
2766,50;0,0726
2766,00;0,0726
2765,50;0,0727
2765,00;0,0728
2764,50;0,0728
2764,00;0,0728
2763,50;0,0728
2763,00;0,0728
2762,50;0,0729
2762,00;0,0730
2761,50;0,0730
2761,00;0,0729
2760,50;0,0728
2760,00;0,0728
2759,50;0,0728
2759,00;0,0728
2758,50;0,0726
2758,00;0,0726
2757,50;0,0726
2757,00;0,0727
2756,50;0,0727
2756,00;0,0726
2755,50;0,0726
2755,00;0,0726
2754,50;0,0727
2754,00;0,0726
2753,50;0,0725
2753,00;0,0724
2752,50;0,0723
2752,00;0,0723
2751,50;0,0724
2751,00;0,0725
2750,50;0,0727
2750,00;0,0728
2749,50;0,0729
2749,00;0,0729
2748,50;0,0729
2748,00;0,0729
2747,50;0,0728
2747,00;0,0727
2746,50;0,0726
2746,00;0,0725
2745,50;0,0723
2745,00;0,0723
2744,50;0,0724
2744,00;0,0725
2743,50;0,0726
2743,00;0,0726
2742,50;0,0724
2742,00;0,0722
2741,50;0,0722
2741,00;0,0723
2740,50;0,0724
2740,00;0,0725
2739,50;0,0725
2739,00;0,0724
2738,50;0,0722
2738,00;0,0721
2737,50;0,0720
2737,00;0,0720
2736,50;0,0721
2736,00;0,0722
2735,50;0,0724
2735,00;0,0724
2734,50;0,0724
2734,00;0,0724
2733,50;0,0724
2733,00;0,0723
2732,50;0,0723
2732,00;0,0724
2731,50;0,0724
2731,00;0,0724
2730,50;0,0723
2730,00;0,0722
2729,50;0,0721
2729,00;0,0721
2728,50;0,0722
2728,00;0,0723
2727,50;0,0723
2727,00;0,0723
2726,50;0,0721
2726,00;0,0720
2725,50;0,0720
2725,00;0,0721
2724,50;0,0722
2724,00;0,0724
2723,50;0,0724
2723,00;0,0724
2722,50;0,0724
2722,00;0,0724
2721,50;0,0724
2721,00;0,0724
2720,50;0,0724
2720,00;0,0723
2719,50;0,0722
2719,00;0,0722
2718,50;0,0722
2718,00;0,0723
2717,50;0,0724
2717,00;0,0725
2716,50;0,0725
2716,00;0,0724
2715,50;0,0724
2715,00;0,0723
2714,50;0,0723
2714,00;0,0722
2713,50;0,0721
2713,00;0,0720
2712,50;0,0720
2712,00;0,0722
2711,50;0,0723
2711,00;0,0724
2710,50;0,0723
2710,00;0,0722
2709,50;0,0722
2709,00;0,0721
2708,50;0,0721
2708,00;0,0722
2707,50;0,0723
2707,00;0,0723
2706,50;0,0724
2706,00;0,0724
2705,50;0,0723
2705,00;0,0723
2704,50;0,0722
2704,00;0,0723
2703,50;0,0723
2703,00;0,0724
2702,50;0,0723
2702,00;0,0723
2701,50;0,0724
2701,00;0,0724
2700,50;0,0724
2700,00;0,0724
2699,50;0,0723
2699,00;0,0722
2698,50;0,0722
2698,00;0,0723
2697,50;0,0723
2697,00;0,0724
2696,50;0,0725
2696,00;0,0726
2695,50;0,0726
2695,00;0,0726
2694,50;0,0727
2694,00;0,0727
2693,50;0,0727
2693,00;0,0726
2692,50;0,0726
2692,00;0,0725
2691,50;0,0725
2691,00;0,0725
2690,50;0,0725
2690,00;0,0723
2689,50;0,0721
2689,00;0,0719
2688,50;0,0718
2688,00;0,0719
2687,50;0,0721
2687,00;0,0723
2686,50;0,0725
2686,00;0,0726
2685,50;0,0727
2685,00;0,0727
2684,50;0,0727
2684,00;0,0726
2683,50;0,0725
2683,00;0,0724
2682,50;0,0723
2682,00;0,0723
2681,50;0,0724
2681,00;0,0725
2680,50;0,0726
2680,00;0,0726
2679,50;0,0726
2679,00;0,0725
2678,50;0,0725
2678,00;0,0725
2677,50;0,0724
2677,00;0,0725
2676,50;0,0725
2676,00;0,0726
2675,50;0,0727
2675,00;0,0727
2674,50;0,0727
2674,00;0,0726
2673,50;0,0726
2673,00;0,0727
2672,50;0,0727
2672,00;0,0726
2671,50;0,0726
2671,00;0,0726
2670,50;0,0727
2670,00;0,0728
2669,50;0,0730
2669,00;0,0730
2668,50;0,0730
2668,00;0,0728
2667,50;0,0726
2667,00;0,0725
2666,50;0,0725
2666,00;0,0726
2665,50;0,0727
2665,00;0,0727
2664,50;0,0727
2664,00;0,0727
2663,50;0,0728
2663,00;0,0728
2662,50;0,0729
2662,00;0,0729
2661,50;0,0729
2661,00;0,0728
2660,50;0,0728
2660,00;0,0728
2659,50;0,0729
2659,00;0,0728
2658,50;0,0728
2658,00;0,0726
2657,50;0,0725
2657,00;0,0724
2656,50;0,0725
2656,00;0,0727
2655,50;0,0730
2655,00;0,0732
2654,50;0,0732
2654,00;0,0730
2653,50;0,0727
2653,00;0,0726
2652,50;0,0726
2652,00;0,0727
2651,50;0,0728
2651,00;0,0728
2650,50;0,0728
2650,00;0,0729
2649,50;0,0730
2649,00;0,0731
2648,50;0,0730
2648,00;0,0730
2647,50;0,0729
2647,00;0,0729
2646,50;0,0729
2646,00;0,0729
2645,50;0,0728
2645,00;0,0727
2644,50;0,0727
2644,00;0,0727
2643,50;0,0728
2643,00;0,0731
2642,50;0,0733
2642,00;0,0734
2641,50;0,0735
2641,00;0,0735
2640,50;0,0734
2640,00;0,0733
2639,50;0,0732
2639,00;0,0731
2638,50;0,0730
2638,00;0,0729
2637,50;0,0727
2637,00;0,0726
2636,50;0,0725
2636,00;0,0726
2635,50;0,0728
2635,00;0,0730
2634,50;0,0732
2634,00;0,0733
2633,50;0,0733
2633,00;0,0732
2632,50;0,0729
2632,00;0,0727
2631,50;0,0726
2631,00;0,0726
2630,50;0,0727
2630,00;0,0729
2629,50;0,0732
2629,00;0,0735
2628,50;0,0736
2628,00;0,0736
2627,50;0,0736
2627,00;0,0736
2626,50;0,0736
2626,00;0,0735
2625,50;0,0734
2625,00;0,0734
2624,50;0,0735
2624,00;0,0736
2623,50;0,0737
2623,00;0,0736
2622,50;0,0735
2622,00;0,0733
2621,50;0,0733
2621,00;0,0732
2620,50;0,0732
2620,00;0,0732
2619,50;0,0733
2619,00;0,0735
2618,50;0,0737
2618,00;0,0738
2617,50;0,0738
2617,00;0,0738
2616,50;0,0737
2616,00;0,0737
2615,50;0,0737
2615,00;0,0737
2614,50;0,0737
2614,00;0,0737
2613,50;0,0736
2613,00;0,0734
2612,50;0,0732
2612,00;0,0732
2611,50;0,0733
2611,00;0,0735
2610,50;0,0735
2610,00;0,0735
2609,50;0,0736
2609,00;0,0736
2608,50;0,0737
2608,00;0,0738
2607,50;0,0739
2607,00;0,0740
2606,50;0,0740
2606,00;0,0738
2605,50;0,0736
2605,00;0,0735
2604,50;0,0736
2604,00;0,0738
2603,50;0,0740
2603,00;0,0741
2602,50;0,0741
2602,00;0,0741
2601,50;0,0741
2601,00;0,0740
2600,50;0,0738
2600,00;0,0735
2599,50;0,0732
2599,00;0,0730
2598,50;0,0729
2598,00;0,0730
2597,50;0,0731
2597,00;0,0733
2596,50;0,0735
2596,00;0,0737
2595,50;0,0738
2595,00;0,0738
2594,50;0,0737
2594,00;0,0737
2593,50;0,0739
2593,00;0,0744
2592,50;0,0749
2592,00;0,0751
2591,50;0,0751
2591,00;0,0749
2590,50;0,0746
2590,00;0,0744
2589,50;0,0743
2589,00;0,0743
2588,50;0,0741
2588,00;0,0740
2587,50;0,0739
2587,00;0,0741
2586,50;0,0744
2586,00;0,0746
2585,50;0,0747
2585,00;0,0747
2584,50;0,0747
2584,00;0,0746
2583,50;0,0746
2583,00;0,0746
2582,50;0,0746
2582,00;0,0746
2581,50;0,0746
2581,00;0,0746
2580,50;0,0745
2580,00;0,0743
2579,50;0,0742
2579,00;0,0740
2578,50;0,0739
2578,00;0,0738
2577,50;0,0739
2577,00;0,0740
2576,50;0,0742
2576,00;0,0744
2575,50;0,0746
2575,00;0,0746
2574,50;0,0744
2574,00;0,0741
2573,50;0,0739
2573,00;0,0740
2572,50;0,0742
2572,00;0,0744
2571,50;0,0745
2571,00;0,0745
2570,50;0,0745
2570,00;0,0745
2569,50;0,0744
2569,00;0,0743
2568,50;0,0743
2568,00;0,0742
2567,50;0,0742
2567,00;0,0744
2566,50;0,0746
2566,00;0,0747
2565,50;0,0746
2565,00;0,0744
2564,50;0,0743
2564,00;0,0743
2563,50;0,0746
2563,00;0,0750
2562,50;0,0752
2562,00;0,0751
2561,50;0,0750
2561,00;0,0750
2560,50;0,0751
2560,00;0,0752
2559,50;0,0751
2559,00;0,0750
2558,50;0,0752
2558,00;0,0754
2557,50;0,0757
2557,00;0,0757
2556,50;0,0757
2556,00;0,0756
2555,50;0,0756
2555,00;0,0754
2554,50;0,0749
2554,00;0,0744
2553,50;0,0739
2553,00;0,0738
2552,50;0,0739
2552,00;0,0743
2551,50;0,0746
2551,00;0,0749
2550,50;0,0751
2550,00;0,0753
2549,50;0,0754
2549,00;0,0754
2548,50;0,0754
2548,00;0,0753
2547,50;0,0752
2547,00;0,0752
2546,50;0,0754
2546,00;0,0755
2545,50;0,0756
2545,00;0,0757
2544,50;0,0757
2544,00;0,0756
2543,50;0,0755
2543,00;0,0754
2542,50;0,0753
2542,00;0,0751
2541,50;0,0750
2541,00;0,0750
2540,50;0,0752
2540,00;0,0755
2539,50;0,0756
2539,00;0,0756
2538,50;0,0755
2538,00;0,0756
2537,50;0,0758
2537,00;0,0760
2536,50;0,0759
2536,00;0,0757
2535,50;0,0756
2535,00;0,0756
2534,50;0,0757
2534,00;0,0757
2533,50;0,0757
2533,00;0,0757
2532,50;0,0757
2532,00;0,0757
2531,50;0,0757
2531,00;0,0758
2530,50;0,0760
2530,00;0,0764
2529,50;0,0768
2529,00;0,0773
2528,50;0,0777
2528,00;0,0779
2527,50;0,0777
2527,00;0,0773
2526,50;0,0769
2526,00;0,0765
2525,50;0,0764
2525,00;0,0766
2524,50;0,0768
2524,00;0,0771
2523,50;0,0773
2523,00;0,0774
2522,50;0,0774
2522,00;0,0772
2521,50;0,0768
2521,00;0,0763
2520,50;0,0761
2520,00;0,0763
2519,50;0,0766
2519,00;0,0768
2518,50;0,0770
2518,00;0,0771
2517,50;0,0773
2517,00;0,0773
2516,50;0,0770
2516,00;0,0766
2515,50;0,0763
2515,00;0,0764
2514,50;0,0768
2514,00;0,0775
2513,50;0,0782
2513,00;0,0788
2512,50;0,0790
2512,00;0,0788
2511,50;0,0782
2511,00;0,0777
2510,50;0,0775
2510,00;0,0778
2509,50;0,0783
2509,00;0,0790
2508,50;0,0798
2508,00;0,0804
2507,50;0,0806
2507,00;0,0803
2506,50;0,0797
2506,00;0,0789
2505,50;0,0784
2505,00;0,0782
2504,50;0,0786
2504,00;0,0794
2503,50;0,0802
2503,00;0,0809
2502,50;0,0810
2502,00;0,0809
2501,50;0,0805
2501,00;0,0803
2500,50;0,0802
2500,00;0,0802
2499,50;0,0803
2499,00;0,0805
2498,50;0,0808
2498,00;0,0812
2497,50;0,0814
2497,00;0,0813
2496,50;0,0809
2496,00;0,0804
2495,50;0,0800
2495,00;0,0800
2494,50;0,0804
2494,00;0,0811
2493,50;0,0820
2493,00;0,0828
2492,50;0,0830
2492,00;0,0828
2491,50;0,0822
2491,00;0,0815
2490,50;0,0810
2490,00;0,0808
2489,50;0,0811
2489,00;0,0818
2488,50;0,0828
2488,00;0,0835
2487,50;0,0837
2487,00;0,0834
2486,50;0,0828
2486,00;0,0825
2485,50;0,0826
2485,00;0,0828
2484,50;0,0832
2484,00;0,0837
2483,50;0,0844
2483,00;0,0851
2482,50;0,0856
2482,00;0,0856
2481,50;0,0851
2481,00;0,0842
2480,50;0,0833
2480,00;0,0828
2479,50;0,0828
2479,00;0,0833
2478,50;0,0840
2478,00;0,0847
2477,50;0,0852
2477,00;0,0853
2476,50;0,0850
2476,00;0,0845
2475,50;0,0841
2475,00;0,0839
2474,50;0,0839
2474,00;0,0842
2473,50;0,0847
2473,00;0,0853
2472,50;0,0858
2472,00;0,0862
2471,50;0,0863
2471,00;0,0859
2470,50;0,0853
2470,00;0,0847
2469,50;0,0844
2469,00;0,0846
2468,50;0,0853
2468,00;0,0862
2467,50;0,0870
2467,00;0,0873
2466,50;0,0871
2466,00;0,0867
2465,50;0,0866
2465,00;0,0868
2464,50;0,0871
2464,00;0,0873
2463,50;0,0874
2463,00;0,0876
2462,50;0,0879
2462,00;0,0880
2461,50;0,0878
2461,00;0,0876
2460,50;0,0875
2460,00;0,0877
2459,50;0,0879
2459,00;0,0882
2458,50;0,0884
2458,00;0,0888
2457,50;0,0891
2457,00;0,0892
2456,50;0,0891
2456,00;0,0888
2455,50;0,0885
2455,00;0,0882
2454,50;0,0880
2454,00;0,0879
2453,50;0,0880
2453,00;0,0883
2452,50;0,0887
2452,00;0,0889
2451,50;0,0889
2451,00;0,0887
2450,50;0,0884
2450,00;0,0881
2449,50;0,0878
2449,00;0,0874
2448,50;0,0873
2448,00;0,0874
2447,50;0,0878
2447,00;0,0882
2446,50;0,0883
2446,00;0,0882
2445,50;0,0879
2445,00;0,0877
2444,50;0,0873
2444,00;0,0870
2443,50;0,0869
2443,00;0,0872
2442,50;0,0877
2442,00;0,0882
2441,50;0,0884
2441,00;0,0883
2440,50;0,0879
2440,00;0,0875
2439,50;0,0871
2439,00;0,0870
2438,50;0,0869
2438,00;0,0868
2437,50;0,0868
2437,00;0,0869
2436,50;0,0871
2436,00;0,0873
2435,50;0,0875
2435,00;0,0874
2434,50;0,0872
2434,00;0,0869
2433,50;0,0866
2433,00;0,0865
2432,50;0,0865
2432,00;0,0865
2431,50;0,0865
2431,00;0,0866
2430,50;0,0867
2430,00;0,0867
2429,50;0,0866
2429,00;0,0864
2428,50;0,0861
2428,00;0,0858
2427,50;0,0857
2427,00;0,0858
2426,50;0,0861
2426,00;0,0863
2425,50;0,0863
2425,00;0,0859
2424,50;0,0853
2424,00;0,0848
2423,50;0,0844
2423,00;0,0842
2422,50;0,0844
2422,00;0,0846
2421,50;0,0849
2421,00;0,0850
2420,50;0,0850
2420,00;0,0849
2419,50;0,0849
2419,00;0,0849
2418,50;0,0845
2418,00;0,0839
2417,50;0,0833
2417,00;0,0833
2416,50;0,0837
2416,00;0,0843
2415,50;0,0848
2415,00;0,0848
2414,50;0,0845
2414,00;0,0841
2413,50;0,0837
2413,00;0,0834
2412,50;0,0832
2412,00;0,0832
2411,50;0,0834
2411,00;0,0837
2410,50;0,0839
2410,00;0,0840
2409,50;0,0840
2409,00;0,0838
2408,50;0,0836
2408,00;0,0834
2407,50;0,0833
2407,00;0,0833
2406,50;0,0833
2406,00;0,0834
2405,50;0,0836
2405,00;0,0839
2404,50;0,0842
2404,00;0,0843
2403,50;0,0840
2403,00;0,0835
2402,50;0,0828
2402,00;0,0823
2401,50;0,0820
2401,00;0,0820
2400,50;0,0823
2400,00;0,0827
2399,50;0,0830
2399,00;0,0829
2398,50;0,0825
2398,00;0,0820
2397,50;0,0815
2397,00;0,0813
2396,50;0,0814
2396,00;0,0815
2395,50;0,0816
2395,00;0,0818
2394,50;0,0822
2394,00;0,0824
2393,50;0,0824
2393,00;0,0820
2392,50;0,0816
2392,00;0,0813
2391,50;0,0812
2391,00;0,0813
2390,50;0,0816
2390,00;0,0819
2389,50;0,0820
2389,00;0,0818
2388,50;0,0816
2388,00;0,0814
2387,50;0,0813
2387,00;0,0812
2386,50;0,0811
2386,00;0,0811
2385,50;0,0812
2385,00;0,0814
2384,50;0,0817
2384,00;0,0819
2383,50;0,0819
2383,00;0,0817
2382,50;0,0814
2382,00;0,0811
2381,50;0,0809
2381,00;0,0807
2380,50;0,0807
2380,00;0,0808
2379,50;0,0809
2379,00;0,0810
2378,50;0,0809
2378,00;0,0807
2377,50;0,0804
2377,00;0,0800
2376,50;0,0797
2376,00;0,0794
2375,50;0,0792
2375,00;0,0791
2374,50;0,0790
2374,00;0,0790
2373,50;0,0789
2373,00;0,0787
2372,50;0,0783
2372,00;0,0779
2371,50;0,0775
2371,00;0,0774
2370,50;0,0774
2370,00;0,0775
2369,50;0,0776
2369,00;0,0777
2368,50;0,0778
2368,00;0,0778
2367,50;0,0777
2367,00;0,0774
2366,50;0,0772
2366,00;0,0769
2365,50;0,0768
2365,00;0,0769
2364,50;0,0770
2364,00;0,0773
2363,50;0,0775
2363,00;0,0777
2362,50;0,0777
2362,00;0,0775
2361,50;0,0772
2361,00;0,0769
2360,50;0,0766
2360,00;0,0765
2359,50;0,0766
2359,00;0,0768
2358,50;0,0770
2358,00;0,0773
2357,50;0,0770
2357,00;0,0775
2356,50;0,0763
2356,00;0,0744
2355,50;0,0743
2355,00;0,0736
2354,50;0,0734
2354,00;0,0731
2353,50;0,0730
2353,00;0,0730
2352,50;0,0730
2352,00;0,0731
2351,50;0,0733
2351,00;0,0732
2350,50;0,0735
2350,00;0,0736
2349,50;0,0742
2349,00;0,0735
2348,50;0,0758
2348,00;0,0785
2347,50;0,0778
2347,00;0,0783
2346,50;0,0783
2346,00;0,0784
2345,50;0,0783
2345,00;0,0784
2344,50;0,0785
2344,00;0,0786
2343,50;0,0790
2343,00;0,0797
2342,50;0,0804
2342,00;0,0811
2341,50;0,0818
2341,00;0,0824
2340,50;0,0824
2340,00;0,0823
2339,50;0,0820
2339,00;0,0814
2338,50;0,0810
2338,00;0,0808
2337,50;0,0806
2337,00;0,0802
2336,50;0,0799
2336,00;0,0798
2335,50;0,0795
2335,00;0,0793
2334,50;0,0792
2334,00;0,0792
2333,50;0,0791
2333,00;0,0791
2332,50;0,0793
2332,00;0,0794
2331,50;0,0795
2331,00;0,0794
2330,50;0,0794
2330,00;0,0795
2329,50;0,0794
2329,00;0,0793
2328,50;0,0794
2328,00;0,0796
2327,50;0,0797
2327,00;0,0798
2326,50;0,0800
2326,00;0,0800
2325,50;0,0796
2325,00;0,0794
2324,50;0,0797
2324,00;0,0799
2323,50;0,0799
2323,00;0,0801
2322,50;0,0805
2322,00;0,0805
2321,50;0,0803
2321,00;0,0803
2320,50;0,0807
2320,00;0,0808
2319,50;0,0806
2319,00;0,0805
2318,50;0,0806
2318,00;0,0805
2317,50;0,0804
2317,00;0,0807
2316,50;0,0812
2316,00;0,0814
2315,50;0,0813
2315,00;0,0813
2314,50;0,0813
2314,00;0,0811
2313,50;0,0807
2313,00;0,0806
2312,50;0,0809
2312,00;0,0812
2311,50;0,0815
2311,00;0,0818
2310,50;0,0821
2310,00;0,0822
2309,50;0,0820
2309,00;0,0819
2308,50;0,0821
2308,00;0,0823
2307,50;0,0823
2307,00;0,0822
2306,50;0,0824
2306,00;0,0825
2305,50;0,0827
2305,00;0,0828
2304,50;0,0831
2304,00;0,0833
2303,50;0,0833
2303,00;0,0832
2302,50;0,0832
2302,00;0,0834
2301,50;0,0838
2301,00;0,0842
2300,50;0,0846
2300,00;0,0848
2299,50;0,0848
2299,00;0,0845
2298,50;0,0843
2298,00;0,0842
2297,50;0,0843
2297,00;0,0845
2296,50;0,0847
2296,00;0,0849
2295,50;0,0851
2295,00;0,0852
2294,50;0,0852
2294,00;0,0853
2293,50;0,0853
2293,00;0,0852
2292,50;0,0850
2292,00;0,0848
2291,50;0,0847
2291,00;0,0849
2290,50;0,0850
2290,00;0,0852
2289,50;0,0853
2289,00;0,0855
2288,50;0,0857
2288,00;0,0858
2287,50;0,0856
2287,00;0,0854
2286,50;0,0852
2286,00;0,0852
2285,50;0,0855
2285,00;0,0856
2284,50;0,0856
2284,00;0,0852
2283,50;0,0847
2283,00;0,0843
2282,50;0,0841
2282,00;0,0840
2281,50;0,0840
2281,00;0,0842
2280,50;0,0845
2280,00;0,0848
2279,50;0,0851
2279,00;0,0853
2278,50;0,0854
2278,00;0,0852
2277,50;0,0848
2277,00;0,0844
2276,50;0,0843
2276,00;0,0846
2275,50;0,0853
2275,00;0,0860
2274,50;0,0865
2274,00;0,0866
2273,50;0,0866
2273,00;0,0864
2272,50;0,0862
2272,00;0,0860
2271,50;0,0860
2271,00;0,0861
2270,50;0,0864
2270,00;0,0869
2269,50;0,0873
2269,00;0,0874
2268,50;0,0870
2268,00;0,0864
2267,50;0,0857
2267,00;0,0852
2266,50;0,0850
2266,00;0,0849
2265,50;0,0851
2265,00;0,0857
2264,50;0,0863
2264,00;0,0868
2263,50;0,0870
2263,00;0,0871
2262,50;0,0870
2262,00;0,0867
2261,50;0,0861
2261,00;0,0854
2260,50;0,0850
2260,00;0,0850
2259,50;0,0854
2259,00;0,0860
2258,50;0,0865
2258,00;0,0868
2257,50;0,0867
2257,00;0,0863
2256,50;0,0859
2256,00;0,0856
2255,50;0,0855
2255,00;0,0857
2254,50;0,0861
2254,00;0,0866
2253,50;0,0868
2253,00;0,0867
2252,50;0,0864
2252,00;0,0859
2251,50;0,0854
2251,00;0,0849
2250,50;0,0847
2250,00;0,0849
2249,50;0,0854
2249,00;0,0863
2248,50;0,0873
2248,00;0,0878
2247,50;0,0877
2247,00;0,0871
2246,50;0,0865
2246,00;0,0860
2245,50;0,0859
2245,00;0,0860
2244,50;0,0861
2244,00;0,0863
2243,50;0,0865
2243,00;0,0867
2242,50;0,0869
2242,00;0,0869
2241,50;0,0868
2241,00;0,0866
2240,50;0,0868
2240,00;0,0871
2239,50;0,0873
2239,00;0,0874
2238,50;0,0874
2238,00;0,0877
2237,50;0,0881
2237,00;0,0882
2236,50;0,0878
2236,00;0,0872
2235,50;0,0867
2235,00;0,0865
2234,50;0,0867
2234,00;0,0869
2233,50;0,0870
2233,00;0,0871
2232,50;0,0874
2232,00;0,0878
2231,50;0,0882
2231,00;0,0882
2230,50;0,0878
2230,00;0,0875
2229,50;0,0872
2229,00;0,0872
2228,50;0,0873
2228,00;0,0873
2227,50;0,0870
2227,00;0,0864
2226,50;0,0860
2226,00;0,0861
2225,50;0,0868
2225,00;0,0876
2224,50;0,0879
2224,00;0,0876
2223,50;0,0869
2223,00;0,0861
2222,50;0,0856
2222,00;0,0857
2221,50;0,0862
2221,00;0,0869
2220,50;0,0871
2220,00;0,0868
2219,50;0,0864
2219,00;0,0863
2218,50;0,0866
2218,00;0,0872
2217,50;0,0879
2217,00;0,0884
2216,50;0,0886
2216,00;0,0880
2215,50;0,0868
2215,00;0,0855
2214,50;0,0848
2214,00;0,0851
2213,50;0,0860
2213,00;0,0868
2212,50;0,0873
2212,00;0,0875
2211,50;0,0874
2211,00;0,0871
2210,50;0,0868
2210,00;0,0866
2209,50;0,0865
2209,00;0,0863
2208,50;0,0861
2208,00;0,0860
2207,50;0,0862
2207,00;0,0866
2206,50;0,0870
2206,00;0,0870
2205,50;0,0866
2205,00;0,0860
2204,50;0,0855
2204,00;0,0854
2203,50;0,0854
2203,00;0,0856
2202,50;0,0856
2202,00;0,0856
2201,50;0,0853
2201,00;0,0850
2200,50;0,0851
2200,00;0,0855
2199,50;0,0859
2199,00;0,0857
2198,50;0,0850
2198,00;0,0844
2197,50;0,0844
2197,00;0,0851
2196,50;0,0862
2196,00;0,0871
2195,50;0,0877
2195,00;0,0875
2194,50;0,0867
2194,00;0,0859
2193,50;0,0856
2193,00;0,0859
2192,50;0,0864
2192,00;0,0866
2191,50;0,0864
2191,00;0,0861
2190,50;0,0860
2190,00;0,0861
2189,50;0,0862
2189,00;0,0863
2188,50;0,0865
2188,00;0,0868
2187,50;0,0873
2187,00;0,0876
2186,50;0,0875
2186,00;0,0875
2185,50;0,0880
2185,00;0,0888
2184,50;0,0891
2184,00;0,0885
2183,50;0,0875
2183,00;0,0867
2182,50;0,0866
2182,00;0,0869
2181,50;0,0873
2181,00;0,0875
2180,50;0,0873
2180,00;0,0864
2179,50;0,0851
2179,00;0,0838
2178,50;0,0832
2178,00;0,0834
2177,50;0,0840
2177,00;0,0848
2176,50;0,0854
2176,00;0,0858
2175,50;0,0861
2175,00;0,0865
2174,50;0,0867
2174,00;0,0862
2173,50;0,0849
2173,00;0,0831
2172,50;0,0815
2172,00;0,0806
2171,50;0,0806
2171,00;0,0817
2170,50;0,0836
2170,00;0,0856
2169,50;0,0865
2169,00;0,0857
2168,50;0,0838
2168,00;0,0819
2167,50;0,0813
2167,00;0,0819
2166,50;0,0832
2166,00;0,0844
2165,50;0,0853
2165,00;0,0857
2164,50;0,0859
2164,00;0,0858
2163,50;0,0854
2163,00;0,0846
2162,50;0,0832
2162,00;0,0817
2161,50;0,0809
2161,00;0,0813
2160,50;0,0826
2160,00;0,0839
2159,50;0,0848
2159,00;0,0855
2158,50;0,0862
2158,00;0,0866
2157,50;0,0862
2157,00;0,0852
2156,50;0,0841
2156,00;0,0834
2155,50;0,0832
2155,00;0,0834
2154,50;0,0840
2154,00;0,0844
2153,50;0,0843
2153,00;0,0832
2152,50;0,0817
2152,00;0,0806
2151,50;0,0802
2151,00;0,0804
2150,50;0,0808
2150,00;0,0809
2149,50;0,0809
2149,00;0,0811
2148,50;0,0815
2148,00;0,0821
2147,50;0,0822
2147,00;0,0817
2146,50;0,0811
2146,00;0,0808
2145,50;0,0812
2145,00;0,0819
2144,50;0,0824
2144,00;0,0825
2143,50;0,0824
2143,00;0,0823
2142,50;0,0825
2142,00;0,0829
2141,50;0,0830
2141,00;0,0827
2140,50;0,0823
2140,00;0,0820
2139,50;0,0821
2139,00;0,0822
2138,50;0,0824
2138,00;0,0828
2137,50;0,0829
2137,00;0,0826
2136,50;0,0819
2136,00;0,0814
2135,50;0,0816
2135,00;0,0821
2134,50;0,0825
2134,00;0,0824
2133,50;0,0821
2133,00;0,0819
2132,50;0,0819
2132,00;0,0819
2131,50;0,0818
2131,00;0,0815
2130,50;0,0811
2130,00;0,0807
2129,50;0,0805
2129,00;0,0807
2128,50;0,0812
2128,00;0,0819
2127,50;0,0824
2127,00;0,0826
2126,50;0,0826
2126,00;0,0825
2125,50;0,0824
2125,00;0,0823
2124,50;0,0819
2124,00;0,0812
2123,50;0,0806
2123,00;0,0804
2122,50;0,0805
2122,00;0,0807
2121,50;0,0807
2121,00;0,0806
2120,50;0,0804
2120,00;0,0805
2119,50;0,0806
2119,00;0,0806
2118,50;0,0803
2118,00;0,0798
2117,50;0,0795
2117,00;0,0795
2116,50;0,0795
2116,00;0,0794
2115,50;0,0792
2115,00;0,0791
2114,50;0,0790
2114,00;0,0789
2113,50;0,0789
2113,00;0,0791
2112,50;0,0796
2112,00;0,0798
2111,50;0,0797
2111,00;0,0792
2110,50;0,0788
2110,00;0,0787
2109,50;0,0788
2109,00;0,0788
2108,50;0,0787
2108,00;0,0785
2107,50;0,0783
2107,00;0,0783
2106,50;0,0785
2106,00;0,0787
2105,50;0,0790
2105,00;0,0793
2104,50;0,0795
2104,00;0,0793
2103,50;0,0791
2103,00;0,0790
2102,50;0,0790
2102,00;0,0791
2101,50;0,0790
2101,00;0,0788
2100,50;0,0786
2100,00;0,0783
2099,50;0,0779
2099,00;0,0775
2098,50;0,0772
2098,00;0,0773
2097,50;0,0775
2097,00;0,0776
2096,50;0,0778
2096,00;0,0779
2095,50;0,0777
2095,00;0,0772
2094,50;0,0765
2094,00;0,0761
2093,50;0,0765
2093,00;0,0773
2092,50;0,0781
2092,00;0,0786
2091,50;0,0787
2091,00;0,0785
2090,50;0,0781
2090,00;0,0778
2089,50;0,0776
2089,00;0,0775
2088,50;0,0774
2088,00;0,0772
2087,50;0,0770
2087,00;0,0771
2086,50;0,0775
2086,00;0,0782
2085,50;0,0789
2085,00;0,0793
2084,50;0,0793
2084,00;0,0787
2083,50;0,0779
2083,00;0,0773
2082,50;0,0771
2082,00;0,0773
2081,50;0,0778
2081,00;0,0782
2080,50;0,0782
2080,00;0,0779
2079,50;0,0778
2079,00;0,0780
2078,50;0,0784
2078,00;0,0788
2077,50;0,0788
2077,00;0,0788
2076,50;0,0787
2076,00;0,0784
2075,50;0,0780
2075,00;0,0776
2074,50;0,0775
2074,00;0,0775
2073,50;0,0774
2073,00;0,0771
2072,50;0,0770
2072,00;0,0769
2071,50;0,0768
2071,00;0,0767
2070,50;0,0767
2070,00;0,0768
2069,50;0,0772
2069,00;0,0776
2068,50;0,0779
2068,00;0,0778
2067,50;0,0774
2067,00;0,0767
2066,50;0,0762
2066,00;0,0762
2065,50;0,0765
2065,00;0,0767
2064,50;0,0767
2064,00;0,0764
2063,50;0,0762
2063,00;0,0762
2062,50;0,0764
2062,00;0,0764
2061,50;0,0763
2061,00;0,0763
2060,50;0,0766
2060,00;0,0770
2059,50;0,0772
2059,00;0,0771
2058,50;0,0769
2058,00;0,0767
2057,50;0,0768
2057,00;0,0772
2056,50;0,0776
2056,00;0,0779
2055,50;0,0779
2055,00;0,0775
2054,50;0,0770
2054,00;0,0764
2053,50;0,0759
2053,00;0,0757
2052,50;0,0756
2052,00;0,0755
2051,50;0,0752
2051,00;0,0751
2050,50;0,0752
2050,00;0,0754
2049,50;0,0753
2049,00;0,0749
2048,50;0,0743
2048,00;0,0740
2047,50;0,0741
2047,00;0,0746
2046,50;0,0752
2046,00;0,0756
2045,50;0,0758
2045,00;0,0759
2044,50;0,0763
2044,00;0,0767
2043,50;0,0765
2043,00;0,0757
2042,50;0,0746
2042,00;0,0739
2041,50;0,0738
2041,00;0,0742
2040,50;0,0746
2040,00;0,0746
2039,50;0,0742
2039,00;0,0737
2038,50;0,0735
2038,00;0,0737
2037,50;0,0739
2037,00;0,0742
2036,50;0,0746
2036,00;0,0750
2035,50;0,0752
2035,00;0,0749
2034,50;0,0743
2034,00;0,0738
2033,50;0,0736
2033,00;0,0740
2032,50;0,0744
2032,00;0,0743
2031,50;0,0736
2031,00;0,0733
2030,50;0,0738
2030,00;0,0747
2029,50;0,0754
2029,00;0,0758
2028,50;0,0768
2028,00;0,0784
2027,50;0,0797
2027,00;0,0799
2026,50;0,0792
2026,00;0,0783
2025,50;0,0775
2025,00;0,0769
2024,50;0,0766
2024,00;0,0766
2023,50;0,0769
2023,00;0,0773
2022,50;0,0777
2022,00;0,0780
2021,50;0,0779
2021,00;0,0772
2020,50;0,0762
2020,00;0,0754
2019,50;0,0748
2019,00;0,0745
2018,50;0,0743
2018,00;0,0742
2017,50;0,0741
2017,00;0,0739
2016,50;0,0736
2016,00;0,0731
2015,50;0,0723
2015,00;0,0715
2014,50;0,0713
2014,00;0,0719
2013,50;0,0731
2013,00;0,0740
2012,50;0,0744
2012,00;0,0743
2011,50;0,0738
2011,00;0,0730
2010,50;0,0723
2010,00;0,0722
2009,50;0,0726
2009,00;0,0732
2008,50;0,0736
2008,00;0,0739
2007,50;0,0741
2007,00;0,0740
2006,50;0,0738
2006,00;0,0737
2005,50;0,0739
2005,00;0,0745
2004,50;0,0754
2004,00;0,0760
2003,50;0,0762
2003,00;0,0760
2002,50;0,0757
2002,00;0,0753
2001,50;0,0749
2001,00;0,0745
2000,50;0,0746
2000,00;0,0751
1999,50;0,0757
1999,00;0,0759
1998,50;0,0760
1998,00;0,0762
1997,50;0,0766
1997,00;0,0768
1996,50;0,0768
1996,00;0,0766
1995,50;0,0761
1995,00;0,0753
1994,50;0,0742
1994,00;0,0732
1993,50;0,0725
1993,00;0,0723
1992,50;0,0728
1992,00;0,0737
1991,50;0,0745
1991,00;0,0746
1990,50;0,0738
1990,00;0,0728
1989,50;0,0721
1989,00;0,0720
1988,50;0,0723
1988,00;0,0727
1987,50;0,0733
1987,00;0,0740
1986,50;0,0749
1986,00;0,0759
1985,50;0,0765
1985,00;0,0762
1984,50;0,0752
1984,00;0,0739
1983,50;0,0729
1983,00;0,0725
1982,50;0,0726
1982,00;0,0729
1981,50;0,0731
1981,00;0,0735
1980,50;0,0740
1980,00;0,0747
1979,50;0,0752
1979,00;0,0751
1978,50;0,0746
1978,00;0,0741
1977,50;0,0740
1977,00;0,0745
1976,50;0,0753
1976,00;0,0760
1975,50;0,0764
1975,00;0,0764
1974,50;0,0757
1974,00;0,0749
1973,50;0,0741
1973,00;0,0739
1972,50;0,0744
1972,00;0,0753
1971,50;0,0761
1971,00;0,0763
1970,50;0,0760
1970,00;0,0757
1969,50;0,0754
1969,00;0,0754
1968,50;0,0755
1968,00;0,0757
1967,50;0,0757
1967,00;0,0753
1966,50;0,0744
1966,00;0,0736
1965,50;0,0733
1965,00;0,0734
1964,50;0,0739
1964,00;0,0744
1963,50;0,0747
1963,00;0,0746
1962,50;0,0740
1962,00;0,0734
1961,50;0,0731
1961,00;0,0732
1960,50;0,0737
1960,00;0,0747
1959,50;0,0756
1959,00;0,0761
1958,50;0,0759
1958,00;0,0752
1957,50;0,0745
1957,00;0,0744
1956,50;0,0746
1956,00;0,0750
1955,50;0,0754
1955,00;0,0757
1954,50;0,0761
1954,00;0,0765
1953,50;0,0767
1953,00;0,0767
1952,50;0,0765
1952,00;0,0761
1951,50;0,0757
1951,00;0,0753
1950,50;0,0748
1950,00;0,0744
1949,50;0,0742
1949,00;0,0744
1948,50;0,0748
1948,00;0,0753
1947,50;0,0754
1947,00;0,0753
1946,50;0,0750
1946,00;0,0750
1945,50;0,0751
1945,00;0,0753
1944,50;0,0753
1944,00;0,0749
1943,50;0,0744
1943,00;0,0738
1942,50;0,0734
1942,00;0,0731
1941,50;0,0732
1941,00;0,0735
1940,50;0,0740
1940,00;0,0746
1939,50;0,0751
1939,00;0,0756
1938,50;0,0759
1938,00;0,0759
1937,50;0,0755
1937,00;0,0750
1936,50;0,0743
1936,00;0,0740
1935,50;0,0740
1935,00;0,0744
1934,50;0,0748
1934,00;0,0751
1933,50;0,0752
1933,00;0,0753
1932,50;0,0755
1932,00;0,0755
1931,50;0,0753
1931,00;0,0751
1930,50;0,0753
1930,00;0,0757
1929,50;0,0762
1929,00;0,0765
1928,50;0,0764
1928,00;0,0760
1927,50;0,0758
1927,00;0,0761
1926,50;0,0765
1926,00;0,0766
1925,50;0,0762
1925,00;0,0756
1924,50;0,0752
1924,00;0,0753
1923,50;0,0756
1923,00;0,0758
1922,50;0,0758
1922,00;0,0756
1921,50;0,0753
1921,00;0,0750
1920,50;0,0750
1920,00;0,0751
1919,50;0,0753
1919,00;0,0755
1918,50;0,0758
1918,00;0,0761
1917,50;0,0764
1917,00;0,0765
1916,50;0,0764
1916,00;0,0761
1915,50;0,0758
1915,00;0,0755
1914,50;0,0754
1914,00;0,0756
1913,50;0,0760
1913,00;0,0763
1912,50;0,0765
1912,00;0,0762
1911,50;0,0758
1911,00;0,0755
1910,50;0,0757
1910,00;0,0761
1909,50;0,0764
1909,00;0,0764
1908,50;0,0761
1908,00;0,0757
1907,50;0,0754
1907,00;0,0752
1906,50;0,0752
1906,00;0,0754
1905,50;0,0757
1905,00;0,0759
1904,50;0,0761
1904,00;0,0763
1903,50;0,0765
1903,00;0,0764
1902,50;0,0764
1902,00;0,0766
1901,50;0,0769
1901,00;0,0772
1900,50;0,0772
1900,00;0,0770
1899,50;0,0767
1899,00;0,0766
1898,50;0,0768
1898,00;0,0771
1897,50;0,0774
1897,00;0,0777
1896,50;0,0778
1896,00;0,0778
1895,50;0,0777
1895,00;0,0775
1894,50;0,0773
1894,00;0,0771
1893,50;0,0770
1893,00;0,0773
1892,50;0,0776
1892,00;0,0778
1891,50;0,0780
1891,00;0,0780
1890,50;0,0780
1890,00;0,0777
1889,50;0,0773
1889,00;0,0769
1888,50;0,0766
1888,00;0,0766
1887,50;0,0767
1887,00;0,0769
1886,50;0,0771
1886,00;0,0773
1885,50;0,0773
1885,00;0,0772
1884,50;0,0770
1884,00;0,0770
1883,50;0,0771
1883,00;0,0771
1882,50;0,0771
1882,00;0,0771
1881,50;0,0772
1881,00;0,0773
1880,50;0,0775
1880,00;0,0775
1879,50;0,0773
1879,00;0,0770
1878,50;0,0768
1878,00;0,0767
1877,50;0,0769
1877,00;0,0773
1876,50;0,0777
1876,00;0,0779
1875,50;0,0779
1875,00;0,0776
1874,50;0,0775
1874,00;0,0775
1873,50;0,0778
1873,00;0,0781
1872,50;0,0783
1872,00;0,0783
1871,50;0,0782
1871,00;0,0779
1870,50;0,0777
1870,00;0,0777
1869,50;0,0777
1869,00;0,0777
1868,50;0,0776
1868,00;0,0775
1867,50;0,0774
1867,00;0,0774
1866,50;0,0774
1866,00;0,0774
1865,50;0,0775
1865,00;0,0775
1864,50;0,0774
1864,00;0,0774
1863,50;0,0776
1863,00;0,0779
1862,50;0,0781
1862,00;0,0782
1861,50;0,0780
1861,00;0,0777
1860,50;0,0774
1860,00;0,0773
1859,50;0,0773
1859,00;0,0775
1858,50;0,0777
1858,00;0,0778
1857,50;0,0780
1857,00;0,0780
1856,50;0,0780
1856,00;0,0780
1855,50;0,0780
1855,00;0,0782
1854,50;0,0783
1854,00;0,0784
1853,50;0,0784
1853,00;0,0785
1852,50;0,0786
1852,00;0,0788
1851,50;0,0789
1851,00;0,0789
1850,50;0,0789
1850,00;0,0790
1849,50;0,0792
1849,00;0,0794
1848,50;0,0794
1848,00;0,0792
1847,50;0,0791
1847,00;0,0792
1846,50;0,0792
1846,00;0,0793
1845,50;0,0792
1845,00;0,0792
1844,50;0,0792
1844,00;0,0793
1843,50;0,0795
1843,00;0,0795
1842,50;0,0794
1842,00;0,0794
1841,50;0,0795
1841,00;0,0795
1840,50;0,0795
1840,00;0,0793
1839,50;0,0791
1839,00;0,0790
1838,50;0,0791
1838,00;0,0792
1837,50;0,0794
1837,00;0,0796
1836,50;0,0797
1836,00;0,0796
1835,50;0,0794
1835,00;0,0794
1834,50;0,0794
1834,00;0,0794
1833,50;0,0795
1833,00;0,0796
1832,50;0,0797
1832,00;0,0797
1831,50;0,0797
1831,00;0,0799
1830,50;0,0802
1830,00;0,0804
1829,50;0,0805
1829,00;0,0805
1828,50;0,0805
1828,00;0,0804
1827,50;0,0803
1827,00;0,0802
1826,50;0,0801
1826,00;0,0800
1825,50;0,0798
1825,00;0,0797
1824,50;0,0797
1824,00;0,0797
1823,50;0,0797
1823,00;0,0799
1822,50;0,0802
1822,00;0,0804
1821,50;0,0806
1821,00;0,0807
1820,50;0,0808
1820,00;0,0808
1819,50;0,0807
1819,00;0,0807
1818,50;0,0809
1818,00;0,0811
1817,50;0,0811
1817,00;0,0809
1816,50;0,0806
1816,00;0,0804
1815,50;0,0805
1815,00;0,0807
1814,50;0,0810
1814,00;0,0812
1813,50;0,0813
1813,00;0,0813
1812,50;0,0812
1812,00;0,0811
1811,50;0,0810
1811,00;0,0809
1810,50;0,0811
1810,00;0,0813
1809,50;0,0815
1809,00;0,0816
1808,50;0,0816
1808,00;0,0815
1807,50;0,0812
1807,00;0,0810
1806,50;0,0809
1806,00;0,0810
1805,50;0,0812
1805,00;0,0814
1804,50;0,0815
1804,00;0,0815
1803,50;0,0816
1803,00;0,0817
1802,50;0,0819
1802,00;0,0820
1801,50;0,0821
1801,00;0,0821
1800,50;0,0820
1800,00;0,0821
1799,50;0,0821
1799,00;0,0823
1798,50;0,0824
1798,00;0,0825
1797,50;0,0825
1797,00;0,0825
1796,50;0,0825
1796,00;0,0826
1795,50;0,0826
1795,00;0,0825
1794,50;0,0824
1794,00;0,0823
1793,50;0,0823
1793,00;0,0824
1792,50;0,0827
1792,00;0,0830
1791,50;0,0832
1791,00;0,0832
1790,50;0,0833
1790,00;0,0832
1789,50;0,0833
1789,00;0,0834
1788,50;0,0837
1788,00;0,0840
1787,50;0,0843
1787,00;0,0845
1786,50;0,0845
1786,00;0,0843
1785,50;0,0839
1785,00;0,0836
1784,50;0,0835
1784,00;0,0837
1783,50;0,0838
1783,00;0,0839
1782,50;0,0839
1782,00;0,0841
1781,50;0,0842
1781,00;0,0844
1780,50;0,0844
1780,00;0,0844
1779,50;0,0843
1779,00;0,0843
1778,50;0,0843
1778,00;0,0844
1777,50;0,0845
1777,00;0,0847
1776,50;0,0848
1776,00;0,0850
1775,50;0,0852
1775,00;0,0854
1774,50;0,0856
1774,00;0,0856
1773,50;0,0856
1773,00;0,0855
1772,50;0,0855
1772,00;0,0855
1771,50;0,0855
1771,00;0,0857
1770,50;0,0858
1770,00;0,0859
1769,50;0,0860
1769,00;0,0859
1768,50;0,0857
1768,00;0,0857
1767,50;0,0859
1767,00;0,0861
1766,50;0,0863
1766,00;0,0864
1765,50;0,0866
1765,00;0,0867
1764,50;0,0867
1764,00;0,0867
1763,50;0,0867
1763,00;0,0866
1762,50;0,0866
1762,00;0,0867
1761,50;0,0870
1761,00;0,0873
1760,50;0,0876
1760,00;0,0876
1759,50;0,0876
1759,00;0,0875
1758,50;0,0875
1758,00;0,0875
1757,50;0,0875
1757,00;0,0875
1756,50;0,0876
1756,00;0,0877
1755,50;0,0878
1755,00;0,0879
1754,50;0,0880
1754,00;0,0882
1753,50;0,0884
1753,00;0,0884
1752,50;0,0883
1752,00;0,0882
1751,50;0,0883
1751,00;0,0885
1750,50;0,0889
1750,00;0,0893
1749,50;0,0896
1749,00;0,0898
1748,50;0,0899
1748,00;0,0901
1747,50;0,0902
1747,00;0,0902
1746,50;0,0900
1746,00;0,0899
1745,50;0,0899
1745,00;0,0899
1744,50;0,0900
1744,00;0,0902
1743,50;0,0903
1743,00;0,0906
1742,50;0,0908
1742,00;0,0910
1741,50;0,0910
1741,00;0,0909
1740,50;0,0909
1740,00;0,0911
1739,50;0,0913
1739,00;0,0914
1738,50;0,0914
1738,00;0,0914
1737,50;0,0914
1737,00;0,0914
1736,50;0,0914
1736,00;0,0913
1735,50;0,0912
1735,00;0,0911
1734,50;0,0910
1734,00;0,0911
1733,50;0,0913
1733,00;0,0913
1732,50;0,0913
1732,00;0,0914
1731,50;0,0916
1731,00;0,0917
1730,50;0,0918
1730,00;0,0919
1729,50;0,0922
1729,00;0,0924
1728,50;0,0926
1728,00;0,0928
1727,50;0,0929
1727,00;0,0930
1726,50;0,0930
1726,00;0,0932
1725,50;0,0934
1725,00;0,0935
1724,50;0,0937
1724,00;0,0938
1723,50;0,0940
1723,00;0,0943
1722,50;0,0947
1722,00;0,0951
1721,50;0,0953
1721,00;0,0956
1720,50;0,0958
1720,00;0,0960
1719,50;0,0961
1719,00;0,0961
1718,50;0,0960
1718,00;0,0961
1717,50;0,0962
1717,00;0,0964
1716,50;0,0966
1716,00;0,0968
1715,50;0,0971
1715,00;0,0973
1714,50;0,0976
1714,00;0,0979
1713,50;0,0981
1713,00;0,0983
1712,50;0,0984
1712,00;0,0985
1711,50;0,0987
1711,00;0,0987
1710,50;0,0987
1710,00;0,0988
1709,50;0,0990
1709,00;0,0992
1708,50;0,0994
1708,00;0,0997
1707,50;0,0999
1707,00;0,1001
1706,50;0,1004
1706,00;0,1007
1705,50;0,1010
1705,00;0,1011
1704,50;0,1012
1704,00;0,1013
1703,50;0,1015
1703,00;0,1016
1702,50;0,1018
1702,00;0,1020
1701,50;0,1020
1701,00;0,1017
1700,50;0,1015
1700,00;0,1019
1699,50;0,1025
1699,00;0,1028
1698,50;0,1031
1698,00;0,1033
1697,50;0,1035
1697,00;0,1035
1696,50;0,1033
1696,00;0,1032
1695,50;0,1033
1695,00;0,1037
1694,50;0,1042
1694,00;0,1045
1693,50;0,1047
1693,00;0,1048
1692,50;0,1049
1692,00;0,1049
1691,50;0,1049
1691,00;0,1050
1690,50;0,1051
1690,00;0,1053
1689,50;0,1055
1689,00;0,1056
1688,50;0,1057
1688,00;0,1057
1687,50;0,1059
1687,00;0,1062
1686,50;0,1065
1686,00;0,1065
1685,50;0,1064
1685,00;0,1063
1684,50;0,1065
1684,00;0,1068
1683,50;0,1070
1683,00;0,1073
1682,50;0,1076
1682,00;0,1079
1681,50;0,1081
1681,00;0,1082
1680,50;0,1083
1680,00;0,1082
1679,50;0,1081
1679,00;0,1081
1678,50;0,1081
1678,00;0,1083
1677,50;0,1086
1677,00;0,1090
1676,50;0,1091
1676,00;0,1092
1675,50;0,1092
1675,00;0,1093
1674,50;0,1096
1674,00;0,1097
1673,50;0,1098
1673,00;0,1098
1672,50;0,1099
1672,00;0,1100
1671,50;0,1102
1671,00;0,1103
1670,50;0,1102
1670,00;0,1100
1669,50;0,1099
1669,00;0,1100
1668,50;0,1103
1668,00;0,1107
1667,50;0,1110
1667,00;0,1112
1666,50;0,1112
1666,00;0,1113
1665,50;0,1114
1665,00;0,1114
1664,50;0,1114
1664,00;0,1115
1663,50;0,1116
1663,00;0,1117
1662,50;0,1118
1662,00;0,1120
1661,50;0,1120
1661,00;0,1120
1660,50;0,1121
1660,00;0,1123
1659,50;0,1126
1659,00;0,1127
1658,50;0,1127
1658,00;0,1126
1657,50;0,1125
1657,00;0,1125
1656,50;0,1126
1656,00;0,1127
1655,50;0,1127
1655,00;0,1126
1654,50;0,1125
1654,00;0,1127
1653,50;0,1132
1653,00;0,1136
1652,50;0,1137
1652,00;0,1136
1651,50;0,1136
1651,00;0,1136
1650,50;0,1137
1650,00;0,1138
1649,50;0,1138
1649,00;0,1138
1648,50;0,1138
1648,00;0,1138
1647,50;0,1138
1647,00;0,1138
1646,50;0,1137
1646,00;0,1137
1645,50;0,1139
1645,00;0,1140
1644,50;0,1139
1644,00;0,1138
1643,50;0,1137
1643,00;0,1136
1642,50;0,1135
1642,00;0,1133
1641,50;0,1132
1641,00;0,1131
1640,50;0,1131
1640,00;0,1132
1639,50;0,1133
1639,00;0,1134
1638,50;0,1135
1638,00;0,1136
1637,50;0,1138
1637,00;0,1140
1636,50;0,1143
1636,00;0,1146
1635,50;0,1151
1635,00;0,1155
1634,50;0,1156
1634,00;0,1154
1633,50;0,1151
1633,00;0,1148
1632,50;0,1146
1632,00;0,1144
1631,50;0,1143
1631,00;0,1141
1630,50;0,1139
1630,00;0,1139
1629,50;0,1139
1629,00;0,1139
1628,50;0,1139
1628,00;0,1138
1627,50;0,1136
1627,00;0,1134
1626,50;0,1132
1626,00;0,1132
1625,50;0,1132
1625,00;0,1134
1624,50;0,1135
1624,00;0,1136
1623,50;0,1136
1623,00;0,1135
1622,50;0,1135
1622,00;0,1134
1621,50;0,1133
1621,00;0,1132
1620,50;0,1132
1620,00;0,1131
1619,50;0,1131
1619,00;0,1131
1618,50;0,1132
1618,00;0,1133
1617,50;0,1136
1617,00;0,1139
1616,50;0,1142
1616,00;0,1142
1615,50;0,1138
1615,00;0,1134
1614,50;0,1134
1614,00;0,1134
1613,50;0,1135
1613,00;0,1135
1612,50;0,1134
1612,00;0,1134
1611,50;0,1134
1611,00;0,1133
1610,50;0,1131
1610,00;0,1129
1609,50;0,1128
1609,00;0,1129
1608,50;0,1131
1608,00;0,1132
1607,50;0,1133
1607,00;0,1131
1606,50;0,1129
1606,00;0,1128
1605,50;0,1127
1605,00;0,1127
1604,50;0,1128
1604,00;0,1129
1603,50;0,1129
1603,00;0,1128
1602,50;0,1125
1602,00;0,1123
1601,50;0,1122
1601,00;0,1121
1600,50;0,1121
1600,00;0,1123
1599,50;0,1125
1599,00;0,1125
1598,50;0,1124
1598,00;0,1122
1597,50;0,1120
1597,00;0,1119
1596,50;0,1119
1596,00;0,1120
1595,50;0,1122
1595,00;0,1122
1594,50;0,1123
1594,00;0,1124
1593,50;0,1123
1593,00;0,1121
1592,50;0,1119
1592,00;0,1117
1591,50;0,1116
1591,00;0,1114
1590,50;0,1114
1590,00;0,1114
1589,50;0,1115
1589,00;0,1116
1588,50;0,1116
1588,00;0,1116
1587,50;0,1116
1587,00;0,1115
1586,50;0,1116
1586,00;0,1117
1585,50;0,1119
1585,00;0,1118
1584,50;0,1115
1584,00;0,1113
1583,50;0,1111
1583,00;0,1110
1582,50;0,1110
1582,00;0,1110
1581,50;0,1110
1581,00;0,1109
1580,50;0,1109
1580,00;0,1109
1579,50;0,1110
1579,00;0,1109
1578,50;0,1108
1578,00;0,1108
1577,50;0,1110
1577,00;0,1114
1576,50;0,1117
1576,00;0,1118
1575,50;0,1118
1575,00;0,1115
1574,50;0,1113
1574,00;0,1112
1573,50;0,1112
1573,00;0,1112
1572,50;0,1113
1572,00;0,1114
1571,50;0,1114
1571,00;0,1113
1570,50;0,1113
1570,00;0,1114
1569,50;0,1115
1569,00;0,1116
1568,50;0,1115
1568,00;0,1113
1567,50;0,1112
1567,00;0,1111
1566,50;0,1111
1566,00;0,1111
1565,50;0,1111
1565,00;0,1112
1564,50;0,1113
1564,00;0,1114
1563,50;0,1113
1563,00;0,1111
1562,50;0,1110
1562,00;0,1110
1561,50;0,1109
1561,00;0,1108
1560,50;0,1106
1560,00;0,1105
1559,50;0,1107
1559,00;0,1111
1558,50;0,1112
1558,00;0,1110
1557,50;0,1108
1557,00;0,1108
1556,50;0,1109
1556,00;0,1111
1555,50;0,1111
1555,00;0,1111
1554,50;0,1109
1554,00;0,1107
1553,50;0,1105
1553,00;0,1105
1552,50;0,1105
1552,00;0,1107
1551,50;0,1108
1551,00;0,1107
1550,50;0,1104
1550,00;0,1099
1549,50;0,1096
1549,00;0,1097
1548,50;0,1099
1548,00;0,1100
1547,50;0,1101
1547,00;0,1100
1546,50;0,1098
1546,00;0,1096
1545,50;0,1094
1545,00;0,1096
1544,50;0,1098
1544,00;0,1099
1543,50;0,1099
1543,00;0,1099
1542,50;0,1100
1542,00;0,1100
1541,50;0,1100
1541,00;0,1101
1540,50;0,1102
1540,00;0,1102
1539,50;0,1104
1539,00;0,1106
1538,50;0,1106
1538,00;0,1104
1537,50;0,1104
1537,00;0,1104
1536,50;0,1105
1536,00;0,1105
1535,50;0,1104
1535,00;0,1102
1534,50;0,1100
1534,00;0,1098
1533,50;0,1097
1533,00;0,1097
1532,50;0,1097
1532,00;0,1097
1531,50;0,1098
1531,00;0,1100
1530,50;0,1101
1530,00;0,1101
1529,50;0,1100
1529,00;0,1098
1528,50;0,1097
1528,00;0,1095
1527,50;0,1094
1527,00;0,1094
1526,50;0,1095
1526,00;0,1097
1525,50;0,1099
1525,00;0,1102
1524,50;0,1103
1524,00;0,1103
1523,50;0,1102
1523,00;0,1100
1522,50;0,1098
1522,00;0,1096
1521,50;0,1095
1521,00;0,1095
1520,50;0,1096
1520,00;0,1097
1519,50;0,1099
1519,00;0,1100
1518,50;0,1100
1518,00;0,1099
1517,50;0,1098
1517,00;0,1097
1516,50;0,1096
1516,00;0,1095
1515,50;0,1095
1515,00;0,1097
1514,50;0,1099
1514,00;0,1101
1513,50;0,1101
1513,00;0,1102
1512,50;0,1102
1512,00;0,1102
1511,50;0,1101
1511,00;0,1100
1510,50;0,1099
1510,00;0,1099
1509,50;0,1100
1509,00;0,1101
1508,50;0,1101
1508,00;0,1100
1507,50;0,1100
1507,00;0,1101
1506,50;0,1103
1506,00;0,1105
1505,50;0,1105
1505,00;0,1104
1504,50;0,1104
1504,00;0,1104
1503,50;0,1106
1503,00;0,1106
1502,50;0,1106
1502,00;0,1105
1501,50;0,1104
1501,00;0,1104
1500,50;0,1104
1500,00;0,1104
1499,50;0,1105
1499,00;0,1106
1498,50;0,1108
1498,00;0,1111
1497,50;0,1112
1497,00;0,1110
1496,50;0,1107
1496,00;0,1105
1495,50;0,1105
1495,00;0,1106
1494,50;0,1107
1494,00;0,1107
1493,50;0,1105
1493,00;0,1103
1492,50;0,1102
1492,00;0,1101
1491,50;0,1098
1491,00;0,1093
1490,50;0,1090
1490,00;0,1089
1489,50;0,1091
1489,00;0,1093
1488,50;0,1095
1488,00;0,1095
1487,50;0,1096
1487,00;0,1096
1486,50;0,1097
1486,00;0,1096
1485,50;0,1095
1485,00;0,1094
1484,50;0,1093
1484,00;0,1093
1483,50;0,1093
1483,00;0,1093
1482,50;0,1093
1482,00;0,1092
1481,50;0,1090
1481,00;0,1087
1480,50;0,1085
1480,00;0,1084
1479,50;0,1084
1479,00;0,1086
1478,50;0,1088
1478,00;0,1088
1477,50;0,1086
1477,00;0,1083
1476,50;0,1081
1476,00;0,1080
1475,50;0,1080
1475,00;0,1081
1474,50;0,1083
1474,00;0,1084
1473,50;0,1085
1473,00;0,1085
1472,50;0,1085
1472,00;0,1083
1471,50;0,1082
1471,00;0,1082
1470,50;0,1082
1470,00;0,1082
1469,50;0,1080
1469,00;0,1079
1468,50;0,1079
1468,00;0,1079
1467,50;0,1078
1467,00;0,1077
1466,50;0,1075
1466,00;0,1073
1465,50;0,1071
1465,00;0,1071
1464,50;0,1073
1464,00;0,1075
1463,50;0,1075
1463,00;0,1076
1462,50;0,1077
1462,00;0,1078
1461,50;0,1080
1461,00;0,1080
1460,50;0,1080
1460,00;0,1078
1459,50;0,1075
1459,00;0,1073
1458,50;0,1071
1458,00;0,1070
1457,50;0,1069
1457,00;0,1068
1456,50;0,1069
1456,00;0,1070
1455,50;0,1071
1455,00;0,1071
1454,50;0,1071
1454,00;0,1071
1453,50;0,1071
1453,00;0,1070
1452,50;0,1069
1452,00;0,1068
1451,50;0,1069
1451,00;0,1070
1450,50;0,1072
1450,00;0,1072
1449,50;0,1071
1449,00;0,1070
1448,50;0,1069
1448,00;0,1069
1447,50;0,1071
1447,00;0,1072
1446,50;0,1071
1446,00;0,1070
1445,50;0,1069
1445,00;0,1069
1444,50;0,1069
1444,00;0,1068
1443,50;0,1066
1443,00;0,1065
1442,50;0,1065
1442,00;0,1065
1441,50;0,1064
1441,00;0,1064
1440,50;0,1065
1440,00;0,1065
1439,50;0,1064
1439,00;0,1062
1438,50;0,1059
1438,00;0,1057
1437,50;0,1054
1437,00;0,1052
1436,50;0,1052
1436,00;0,1056
1435,50;0,1059
1435,00;0,1061
1434,50;0,1061
1434,00;0,1059
1433,50;0,1058
1433,00;0,1057
1432,50;0,1057
1432,00;0,1056
1431,50;0,1055
1431,00;0,1054
1430,50;0,1054
1430,00;0,1055
1429,50;0,1057
1429,00;0,1057
1428,50;0,1055
1428,00;0,1052
1427,50;0,1050
1427,00;0,1050
1426,50;0,1050
1426,00;0,1050
1425,50;0,1051
1425,00;0,1051
1424,50;0,1051
1424,00;0,1049
1423,50;0,1048
1423,00;0,1047
1422,50;0,1045
1422,00;0,1044
1421,50;0,1042
1421,00;0,1041
1420,50;0,1041
1420,00;0,1040
1419,50;0,1041
1419,00;0,1042
1418,50;0,1043
1418,00;0,1043
1417,50;0,1043
1417,00;0,1042
1416,50;0,1041
1416,00;0,1041
1415,50;0,1041
1415,00;0,1042
1414,50;0,1042
1414,00;0,1042
1413,50;0,1040
1413,00;0,1037
1412,50;0,1035
1412,00;0,1034
1411,50;0,1034
1411,00;0,1034
1410,50;0,1035
1410,00;0,1036
1409,50;0,1037
1409,00;0,1038
1408,50;0,1038
1408,00;0,1038
1407,50;0,1038
1407,00;0,1037
1406,50;0,1036
1406,00;0,1035
1405,50;0,1035
1405,00;0,1035
1404,50;0,1036
1404,00;0,1037
1403,50;0,1036
1403,00;0,1033
1402,50;0,1030
1402,00;0,1027
1401,50;0,1026
1401,00;0,1026
1400,50;0,1026
1400,00;0,1027
1399,50;0,1026
1399,00;0,1025
1398,50;0,1023
1398,00;0,1020
1397,50;0,1018
1397,00;0,1016
1396,50;0,1016
1396,00;0,1017
1395,50;0,1017
1395,00;0,1017
1394,50;0,1018
1394,00;0,1019
1393,50;0,1019
1393,00;0,1018
1392,50;0,1015
1392,00;0,1014
1391,50;0,1014
1391,00;0,1015
1390,50;0,1016
1390,00;0,1018
1389,50;0,1018
1389,00;0,1018
1388,50;0,1017
1388,00;0,1016
1387,50;0,1015
1387,00;0,1015
1386,50;0,1015
1386,00;0,1015
1385,50;0,1016
1385,00;0,1018
1384,50;0,1018
1384,00;0,1016
1383,50;0,1013
1383,00;0,1010
1382,50;0,1010
1382,00;0,1010
1381,50;0,1011
1381,00;0,1012
1380,50;0,1013
1380,00;0,1013
1379,50;0,1011
1379,00;0,1008
1378,50;0,1006
1378,00;0,1004
1377,50;0,1002
1377,00;0,1001
1376,50;0,1001
1376,00;0,1001
1375,50;0,1002
1375,00;0,1002
1374,50;0,1002
1374,00;0,1000
1373,50;0,0999
1373,00;0,0999
1372,50;0,1000
1372,00;0,1002
1371,50;0,1003
1371,00;0,1004
1370,50;0,1003
1370,00;0,1001
1369,50;0,0999
1369,00;0,0998
1368,50;0,0998
1368,00;0,0999
1367,50;0,0999
1367,00;0,0999
1366,50;0,0998
1366,00;0,0998
1365,50;0,0999
1365,00;0,0997
1364,50;0,0995
1364,00;0,0991
1363,50;0,0987
1363,00;0,0986
1362,50;0,0986
1362,00;0,0987
1361,50;0,0987
1361,00;0,0986
1360,50;0,0985
1360,00;0,0984
1359,50;0,0984
1359,00;0,0985
1358,50;0,0987
1358,00;0,0988
1357,50;0,0987
1357,00;0,0985
1356,50;0,0984
1356,00;0,0984
1355,50;0,0985
1355,00;0,0986
1354,50;0,0987
1354,00;0,0988
1353,50;0,0988
1353,00;0,0988
1352,50;0,0989
1352,00;0,0990
1351,50;0,0991
1351,00;0,0990
1350,50;0,0989
1350,00;0,0988
1349,50;0,0988
1349,00;0,0987
1348,50;0,0985
1348,00;0,0984
1347,50;0,0983
1347,00;0,0983
1346,50;0,0984
1346,00;0,0985
1345,50;0,0987
1345,00;0,0989
1344,50;0,0990
1344,00;0,0990
1343,50;0,0988
1343,00;0,0984
1342,50;0,0982
1342,00;0,0981
1341,50;0,0982
1341,00;0,0982
1340,50;0,0981
1340,00;0,0980
1339,50;0,0980
1339,00;0,0981
1338,50;0,0981
1338,00;0,0981
1337,50;0,0980
1337,00;0,0979
1336,50;0,0978
1336,00;0,0979
1335,50;0,0980
1335,00;0,0980
1334,50;0,0980
1334,00;0,0979
1333,50;0,0978
1333,00;0,0977
1332,50;0,0977
1332,00;0,0978
1331,50;0,0979
1331,00;0,0980
1330,50;0,0980
1330,00;0,0980
1329,50;0,0980
1329,00;0,0981
1328,50;0,0981
1328,00;0,0981
1327,50;0,0982
1327,00;0,0982
1326,50;0,0982
1326,00;0,0981
1325,50;0,0978
1325,00;0,0975
1324,50;0,0972
1324,00;0,0971
1323,50;0,0970
1323,00;0,0971
1322,50;0,0972
1322,00;0,0973
1321,50;0,0974
1321,00;0,0974
1320,50;0,0974
1320,00;0,0972
1319,50;0,0971
1319,00;0,0971
1318,50;0,0972
1318,00;0,0973
1317,50;0,0973
1317,00;0,0972
1316,50;0,0971
1316,00;0,0970
1315,50;0,0968
1315,00;0,0966
1314,50;0,0965
1314,00;0,0965
1313,50;0,0965
1313,00;0,0965
1312,50;0,0966
1312,00;0,0965
1311,50;0,0964
1311,00;0,0962
1310,50;0,0962
1310,00;0,0962
1309,50;0,0962
1309,00;0,0962
1308,50;0,0961
1308,00;0,0961
1307,50;0,0962
1307,00;0,0962
1306,50;0,0962
1306,00;0,0962
1305,50;0,0963
1305,00;0,0962
1304,50;0,0961
1304,00;0,0959
1303,50;0,0958
1303,00;0,0957
1302,50;0,0956
1302,00;0,0955
1301,50;0,0953
1301,00;0,0953
1300,50;0,0953
1300,00;0,0954
1299,50;0,0955
1299,00;0,0957
1298,50;0,0958
1298,00;0,0958
1297,50;0,0957
1297,00;0,0954
1296,50;0,0952
1296,00;0,0951
1295,50;0,0951
1295,00;0,0951
1294,50;0,0950
1294,00;0,0949
1293,50;0,0950
1293,00;0,0951
1292,50;0,0951
1292,00;0,0951
1291,50;0,0951
1291,00;0,0950
1290,50;0,0950
1290,00;0,0950
1289,50;0,0950
1289,00;0,0950
1288,50;0,0949
1288,00;0,0949
1287,50;0,0950
1287,00;0,0951
1286,50;0,0952
1286,00;0,0951
1285,50;0,0950
1285,00;0,0948
1284,50;0,0947
1284,00;0,0946
1283,50;0,0947
1283,00;0,0948
1282,50;0,0949
1282,00;0,0948
1281,50;0,0947
1281,00;0,0946
1280,50;0,0946
1280,00;0,0946
1279,50;0,0946
1279,00;0,0946
1278,50;0,0946
1278,00;0,0945
1277,50;0,0945
1277,00;0,0946
1276,50;0,0946
1276,00;0,0944
1275,50;0,0941
1275,00;0,0938
1274,50;0,0938
1274,00;0,0939
1273,50;0,0941
1273,00;0,0942
1272,50;0,0942
1272,00;0,0941
1271,50;0,0938
1271,00;0,0935
1270,50;0,0932
1270,00;0,0933
1269,50;0,0934
1269,00;0,0936
1268,50;0,0935
1268,00;0,0935
1267,50;0,0934
1267,00;0,0936
1266,50;0,0939
1266,00;0,0941
1265,50;0,0941
1265,00;0,0940
1264,50;0,0939
1264,00;0,0938
1263,50;0,0939
1263,00;0,0939
1262,50;0,0938
1262,00;0,0938
1261,50;0,0939
1261,00;0,0939
1260,50;0,0938
1260,00;0,0936
1259,50;0,0934
1259,00;0,0933
1258,50;0,0932
1258,00;0,0931
1257,50;0,0930
1257,00;0,0930
1256,50;0,0929
1256,00;0,0929
1255,50;0,0929
1255,00;0,0928
1254,50;0,0926
1254,00;0,0925
1253,50;0,0924
1253,00;0,0924
1252,50;0,0925
1252,00;0,0927
1251,50;0,0928
1251,00;0,0927
1250,50;0,0925
1250,00;0,0923
1249,50;0,0923
1249,00;0,0923
1248,50;0,0922
1248,00;0,0922
1247,50;0,0922
1247,00;0,0922
1246,50;0,0923
1246,00;0,0923
1245,50;0,0923
1245,00;0,0924
1244,50;0,0925
1244,00;0,0926
1243,50;0,0926
1243,00;0,0925
1242,50;0,0924
1242,00;0,0924
1241,50;0,0924
1241,00;0,0925
1240,50;0,0926
1240,00;0,0926
1239,50;0,0925
1239,00;0,0924
1238,50;0,0922
1238,00;0,0921
1237,50;0,0921
1237,00;0,0922
1236,50;0,0922
1236,00;0,0923
1235,50;0,0924
1235,00;0,0925
1234,50;0,0924
1234,00;0,0923
1233,50;0,0922
1233,00;0,0920
1232,50;0,0919
1232,00;0,0918
1231,50;0,0919
1231,00;0,0920
1230,50;0,0921
1230,00;0,0922
1229,50;0,0922
1229,00;0,0921
1228,50;0,0920
1228,00;0,0919
1227,50;0,0918
1227,00;0,0919
1226,50;0,0920
1226,00;0,0922
1225,50;0,0923
1225,00;0,0925
1224,50;0,0925
1224,00;0,0926
1223,50;0,0927
1223,00;0,0927
1222,50;0,0927
1222,00;0,0927
1221,50;0,0927
1221,00;0,0928
1220,50;0,0928
1220,00;0,0927
1219,50;0,0926
1219,00;0,0926
1218,50;0,0925
1218,00;0,0925
1217,50;0,0925
1217,00;0,0926
1216,50;0,0926
1216,00;0,0926
1215,50;0,0924
1215,00;0,0923
1214,50;0,0923
1214,00;0,0923
1213,50;0,0923
1213,00;0,0923
1212,50;0,0923
1212,00;0,0922
1211,50;0,0922
1211,00;0,0922
1210,50;0,0921
1210,00;0,0920
1209,50;0,0918
1209,00;0,0915
1208,50;0,0913
1208,00;0,0912
1207,50;0,0913
1207,00;0,0915
1206,50;0,0917
1206,00;0,0919
1205,50;0,0919
1205,00;0,0919
1204,50;0,0919
1204,00;0,0918
1203,50;0,0918
1203,00;0,0918
1202,50;0,0918
1202,00;0,0916
1201,50;0,0913
1201,00;0,0911
1200,50;0,0910
1200,00;0,0909
1199,50;0,0908
1199,00;0,0908
1198,50;0,0908
1198,00;0,0908
1197,50;0,0908
1197,00;0,0908
1196,50;0,0908
1196,00;0,0908
1195,50;0,0908
1195,00;0,0908
1194,50;0,0908
1194,00;0,0907
1193,50;0,0905
1193,00;0,0903
1192,50;0,0903
1192,00;0,0903
1191,50;0,0905
1191,00;0,0906
1190,50;0,0906
1190,00;0,0907
1189,50;0,0908
1189,00;0,0909
1188,50;0,0908
1188,00;0,0907
1187,50;0,0905
1187,00;0,0903
1186,50;0,0902
1186,00;0,0902
1185,50;0,0903
1185,00;0,0904
1184,50;0,0905
1184,00;0,0905
1183,50;0,0906
1183,00;0,0907
1182,50;0,0907
1182,00;0,0906
1181,50;0,0905
1181,00;0,0904
1180,50;0,0904
1180,00;0,0905
1179,50;0,0906
1179,00;0,0906
1178,50;0,0905
1178,00;0,0905
1177,50;0,0905
1177,00;0,0906
1176,50;0,0907
1176,00;0,0907
1175,50;0,0907
1175,00;0,0907
1174,50;0,0907
1174,00;0,0908
1173,50;0,0907
1173,00;0,0907
1172,50;0,0906
1172,00;0,0905
1171,50;0,0905
1171,00;0,0905
1170,50;0,0906
1170,00;0,0906
1169,50;0,0908
1169,00;0,0909
1168,50;0,0910
1168,00;0,0909
1167,50;0,0908
1167,00;0,0907
1166,50;0,0908
1166,00;0,0909
1165,50;0,0908
1165,00;0,0906
1164,50;0,0904
1164,00;0,0904
1163,50;0,0904
1163,00;0,0905
1162,50;0,0906
1162,00;0,0906
1161,50;0,0906
1161,00;0,0906
1160,50;0,0906
1160,00;0,0906
1159,50;0,0905
1159,00;0,0904
1158,50;0,0902
1158,00;0,0901
1157,50;0,0901
1157,00;0,0901
1156,50;0,0901
1156,00;0,0901
1155,50;0,0901
1155,00;0,0900
1154,50;0,0898
1154,00;0,0897
1153,50;0,0897
1153,00;0,0898
1152,50;0,0899
1152,00;0,0901
1151,50;0,0901
1151,00;0,0899
1150,50;0,0897
1150,00;0,0894
1149,50;0,0892
1149,00;0,0891
1148,50;0,0890
1148,00;0,0890
1147,50;0,0891
1147,00;0,0892
1146,50;0,0892
1146,00;0,0891
1145,50;0,0890
1145,00;0,0889
1144,50;0,0889
1144,00;0,0890
1143,50;0,0892
1143,00;0,0894
1142,50;0,0897
1142,00;0,0899
1141,50;0,0900
1141,00;0,0900
1140,50;0,0900
1140,00;0,0899
1139,50;0,0899
1139,00;0,0897
1138,50;0,0895
1138,00;0,0893
1137,50;0,0893
1137,00;0,0894
1136,50;0,0896
1136,00;0,0895
1135,50;0,0892
1135,00;0,0889
1134,50;0,0889
1134,00;0,0890
1133,50;0,0891
1133,00;0,0892
1132,50;0,0893
1132,00;0,0893
1131,50;0,0893
1131,00;0,0893
1130,50;0,0893
1130,00;0,0893
1129,50;0,0891
1129,00;0,0889
1128,50;0,0887
1128,00;0,0886
1127,50;0,0887
1127,00;0,0888
1126,50;0,0889
1126,00;0,0889
1125,50;0,0887
1125,00;0,0886
1124,50;0,0885
1124,00;0,0883
1123,50;0,0881
1123,00;0,0879
1122,50;0,0878
1122,00;0,0878
1121,50;0,0879
1121,00;0,0880
1120,50;0,0880
1120,00;0,0880
1119,50;0,0879
1119,00;0,0879
1118,50;0,0878
1118,00;0,0878
1117,50;0,0879
1117,00;0,0879
1116,50;0,0879
1116,00;0,0877
1115,50;0,0876
1115,00;0,0875
1114,50;0,0876
1114,00;0,0878
1113,50;0,0879
1113,00;0,0880
1112,50;0,0881
1112,00;0,0882
1111,50;0,0884
1111,00;0,0885
1110,50;0,0885
1110,00;0,0884
1109,50;0,0883
1109,00;0,0882
1108,50;0,0880
1108,00;0,0878
1107,50;0,0877
1107,00;0,0877
1106,50;0,0880
1106,00;0,0883
1105,50;0,0886
1105,00;0,0886
1104,50;0,0884
1104,00;0,0882
1103,50;0,0880
1103,00;0,0877
1102,50;0,0876
1102,00;0,0876
1101,50;0,0879
1101,00;0,0882
1100,50;0,0882
1100,00;0,0881
1099,50;0,0877
1099,00;0,0874
1098,50;0,0871
1098,00;0,0868
1097,50;0,0865
1097,00;0,0863
1096,50;0,0860
1096,00;0,0860
1095,50;0,0861
1095,00;0,0862
1094,50;0,0862
1094,00;0,0861
1093,50;0,0860
1093,00;0,0860
1092,50;0,0861
1092,00;0,0864
1091,50;0,0866
1091,00;0,0867
1090,50;0,0866
1090,00;0,0862
1089,50;0,0858
1089,00;0,0854
1088,50;0,0850
1088,00;0,0847
1087,50;0,0844
1087,00;0,0842
1086,50;0,0840
1086,00;0,0838
1085,50;0,0837
1085,00;0,0836
1084,50;0,0836
1084,00;0,0836
1083,50;0,0836
1083,00;0,0835
1082,50;0,0834
1082,00;0,0832
1081,50;0,0831
1081,00;0,0830
1080,50;0,0829
1080,00;0,0827
1079,50;0,0825
1079,00;0,0824
1078,50;0,0824
1078,00;0,0825
1077,50;0,0826
1077,00;0,0825
1076,50;0,0824
1076,00;0,0821
1075,50;0,0818
1075,00;0,0815
1074,50;0,0813
1074,00;0,0810
1073,50;0,0808
1073,00;0,0807
1072,50;0,0805
1072,00;0,0803
1071,50;0,0801
1071,00;0,0800
1070,50;0,0802
1070,00;0,0803
1069,50;0,0806
1069,00;0,0809
1068,50;0,0812
1068,00;0,0813
1067,50;0,0812
1067,00;0,0811
1066,50;0,0809
1066,00;0,0807
1065,50;0,0806
1065,00;0,0806
1064,50;0,0807
1064,00;0,0809
1063,50;0,0810
1063,00;0,0810
1062,50;0,0807
1062,00;0,0803
1061,50;0,0798
1061,00;0,0796
1060,50;0,0797
1060,00;0,0799
1059,50;0,0803
1059,00;0,0806
1058,50;0,0809
1058,00;0,0810
1057,50;0,0810
1057,00;0,0809
1056,50;0,0807
1056,00;0,0804
1055,50;0,0801
1055,00;0,0799
1054,50;0,0799
1054,00;0,0801
1053,50;0,0805
1053,00;0,0809
1052,50;0,0812
1052,00;0,0814
1051,50;0,0813
1051,00;0,0810
1050,50;0,0808
1050,00;0,0807
1049,50;0,0809
1049,00;0,0811
1048,50;0,0814
1048,00;0,0815
1047,50;0,0815
1047,00;0,0813
1046,50;0,0812
1046,00;0,0811
1045,50;0,0811
1045,00;0,0812
1044,50;0,0814
1044,00;0,0818
1043,50;0,0820
1043,00;0,0821
1042,50;0,0820
1042,00;0,0819
1041,50;0,0819
1041,00;0,0819
1040,50;0,0818
1040,00;0,0818
1039,50;0,0817
1039,00;0,0815
1038,50;0,0815
1038,00;0,0815
1037,50;0,0816
1037,00;0,0816
1036,50;0,0817
1036,00;0,0818
1035,50;0,0817
1035,00;0,0815
1034,50;0,0813
1034,00;0,0813
1033,50;0,0816
1033,00;0,0821
1032,50;0,0824
1032,00;0,0828
1031,50;0,0829
1031,00;0,0828
1030,50;0,0825
1030,00;0,0821
1029,50;0,0819
1029,00;0,0821
1028,50;0,0825
1028,00;0,0829
1027,50;0,0832
1027,00;0,0834
1026,50;0,0834
1026,00;0,0833
1025,50;0,0831
1025,00;0,0830
1024,50;0,0830
1024,00;0,0832
1023,50;0,0834
1023,00;0,0834
1022,50;0,0833
1022,00;0,0833
1021,50;0,0834
1021,00;0,0836
1020,50;0,0837
1020,00;0,0838
1019,50;0,0838
1019,00;0,0837
1018,50;0,0837
1018,00;0,0839
1017,50;0,0843
1017,00;0,0846
1016,50;0,0847
1016,00;0,0848
1015,50;0,0848
1015,00;0,0849
1014,50;0,0849
1014,00;0,0848
1013,50;0,0847
1013,00;0,0847
1012,50;0,0848
1012,00;0,0850
1011,50;0,0854
1011,00;0,0859
1010,50;0,0863
1010,00;0,0865
1009,50;0,0866
1009,00;0,0866
1008,50;0,0867
1008,00;0,0869
1007,50;0,0870
1007,00;0,0871
1006,50;0,0873
1006,00;0,0874
1005,50;0,0877
1005,00;0,0879
1004,50;0,0881
1004,00;0,0882
1003,50;0,0883
1003,00;0,0883
1002,50;0,0884
1002,00;0,0886
1001,50;0,0889
1001,00;0,0892
1000,50;0,0895
1000,00;0,0897
999,50;0,0899
999,00;0,0902
998,50;0,0904
998,00;0,0905
997,50;0,0906
997,00;0,0908
996,50;0,0911
996,00;0,0916
995,50;0,0921
995,00;0,0924
994,50;0,0926
994,00;0,0928
993,50;0,0930
993,00;0,0932
992,50;0,0934
992,00;0,0938
991,50;0,0942
991,00;0,0946
990,50;0,0950
990,00;0,0952
989,50;0,0954
989,00;0,0955
988,50;0,0956
988,00;0,0958
987,50;0,0961
987,00;0,0966
986,50;0,0971
986,00;0,0976
985,50;0,0982
985,00;0,0987
984,50;0,0991
984,00;0,0992
983,50;0,0992
983,00;0,0991
982,50;0,0991
982,00;0,0995
981,50;0,1002
981,00;0,1011
980,50;0,1017
980,00;0,1020
979,50;0,1021
979,00;0,1021
978,50;0,1022
978,00;0,1024
977,50;0,1028
977,00;0,1032
976,50;0,1036
976,00;0,1040
975,50;0,1045
975,00;0,1049
974,50;0,1053
974,00;0,1057
973,50;0,1062
973,00;0,1067
972,50;0,1071
972,00;0,1073
971,50;0,1075
971,00;0,1076
970,50;0,1081
970,00;0,1088
969,50;0,1099
969,00;0,1109
968,50;0,1115
968,00;0,1117
967,50;0,1117
967,00;0,1118
966,50;0,1121
966,00;0,1127
965,50;0,1134
965,00;0,1140
964,50;0,1145
964,00;0,1149
963,50;0,1152
963,00;0,1155
962,50;0,1160
962,00;0,1165
961,50;0,1171
961,00;0,1179
960,50;0,1187
960,00;0,1196
959,50;0,1202
959,00;0,1206
958,50;0,1210
958,00;0,1215
957,50;0,1222
957,00;0,1227
956,50;0,1230
956,00;0,1233
955,50;0,1238
955,00;0,1247
954,50;0,1256
954,00;0,1265
953,50;0,1272
953,00;0,1277
952,50;0,1282
952,00;0,1287
951,50;0,1291
951,00;0,1296
950,50;0,1302
950,00;0,1310
949,50;0,1317
949,00;0,1325
948,50;0,1331
948,00;0,1336
947,50;0,1340
947,00;0,1343
946,50;0,1347
946,00;0,1353
945,50;0,1363
945,00;0,1373
944,50;0,1381
944,00;0,1388
943,50;0,1394
943,00;0,1400
942,50;0,1407
942,00;0,1413
941,50;0,1419
941,00;0,1423
940,50;0,1426
940,00;0,1430
939,50;0,1435
939,00;0,1443
938,50;0,1454
938,00;0,1464
937,50;0,1474
937,00;0,1482
936,50;0,1489
936,00;0,1494
935,50;0,1498
935,00;0,1502
934,50;0,1505
934,00;0,1509
933,50;0,1512
933,00;0,1518
932,50;0,1525
932,00;0,1534
931,50;0,1542
931,00;0,1548
930,50;0,1553
930,00;0,1557
929,50;0,1564
929,00;0,1574
928,50;0,1584
928,00;0,1593
927,50;0,1600
927,00;0,1605
926,50;0,1610
926,00;0,1615
925,50;0,1619
925,00;0,1624
924,50;0,1629
924,00;0,1636
923,50;0,1643
923,00;0,1650
922,50;0,1654
922,00;0,1654
921,50;0,1654
921,00;0,1655
920,50;0,1660
920,00;0,1668
919,50;0,1677
919,00;0,1685
918,50;0,1691
918,00;0,1695
917,50;0,1698
917,00;0,1704
916,50;0,1710
916,00;0,1715
915,50;0,1719
915,00;0,1724
914,50;0,1731
914,00;0,1737
913,50;0,1744
913,00;0,1750
912,50;0,1757
912,00;0,1762
911,50;0,1765
911,00;0,1765
910,50;0,1765
910,00;0,1765
909,50;0,1768
909,00;0,1772
908,50;0,1777
908,00;0,1783
907,50;0,1790
907,00;0,1800
906,50;0,1812
906,00;0,1820
905,50;0,1824
905,00;0,1826
904,50;0,1832
904,00;0,1838
903,50;0,1841
903,00;0,1841
902,50;0,1840
902,00;0,1839
901,50;0,1839
901,00;0,1843
900,50;0,1849
900,00;0,1856
899,50;0,1860
899,00;0,1861
898,50;0,1861
898,00;0,1862
897,50;0,1863
897,00;0,1867
896,50;0,1876
896,00;0,1887
895,50;0,1895
895,00;0,1897
894,50;0,1896
894,00;0,1895
893,50;0,1897
893,00;0,1903
892,50;0,1914
892,00;0,1924
891,50;0,1931
891,00;0,1933
890,50;0,1934
890,00;0,1939
889,50;0,1946
889,00;0,1955
888,50;0,1962
888,00;0,1964
887,50;0,1961
887,00;0,1955
886,50;0,1954
886,00;0,1960
885,50;0,1971
885,00;0,1981
884,50;0,1985
884,00;0,1986
883,50;0,1986
883,00;0,1989
882,50;0,1998
882,00;0,2013
881,50;0,2027
881,00;0,2037
880,50;0,2041
880,00;0,2043
879,50;0,2044
879,00;0,2041
878,50;0,2038
878,00;0,2035
877,50;0,2035
877,00;0,2039
876,50;0,2049
876,00;0,2063
875,50;0,2075
875,00;0,2080
874,50;0,2078
874,00;0,2077
873,50;0,2078
873,00;0,2082
872,50;0,2089
872,00;0,2096
871,50;0,2100
871,00;0,2099
870,50;0,2095
870,00;0,2095
869,50;0,2100
869,00;0,2107
868,50;0,2112
868,00;0,2115
867,50;0,2119
867,00;0,2125
866,50;0,2135
866,00;0,2148
865,50;0,2159
865,00;0,2163
864,50;0,2159
864,00;0,2153
863,50;0,2152
863,00;0,2157
862,50;0,2166
862,00;0,2175
861,50;0,2181
861,00;0,2185
860,50;0,2191
860,00;0,2200
859,50;0,2211
859,00;0,2219
858,50;0,2218
858,00;0,2211
857,50;0,2204
857,00;0,2202
856,50;0,2206
856,00;0,2213
855,50;0,2221
855,00;0,2225
854,50;0,2227
854,00;0,2228
853,50;0,2230
853,00;0,2231
852,50;0,2230
852,00;0,2227
851,50;0,2227
851,00;0,2233
850,50;0,2243
850,00;0,2255
849,50;0,2266
849,00;0,2271
848,50;0,2268
848,00;0,2259
847,50;0,2249
847,00;0,2245
846,50;0,2247
846,00;0,2255
845,50;0,2264
845,00;0,2269
844,50;0,2270
844,00;0,2268
843,50;0,2270
843,00;0,2276
842,50;0,2283
842,00;0,2286
841,50;0,2288
841,00;0,2292
840,50;0,2298
840,00;0,2306
839,50;0,2313
839,00;0,2317
838,50;0,2318
838,00;0,2317
837,50;0,2317
837,00;0,2320
836,50;0,2324
836,00;0,2327
835,50;0,2330
835,00;0,2334
834,50;0,2339
834,00;0,2343
833,50;0,2346
833,00;0,2346
832,50;0,2345
832,00;0,2343
831,50;0,2343
831,00;0,2346
830,50;0,2352
830,00;0,2360
829,50;0,2371
829,00;0,2382
828,50;0,2390
828,00;0,2391
827,50;0,2386
827,00;0,2381
826,50;0,2380
826,00;0,2383
825,50;0,2387
825,00;0,2391
824,50;0,2392
824,00;0,2391
823,50;0,2392
823,00;0,2396
822,50;0,2400
822,00;0,2402
821,50;0,2399
821,00;0,2395
820,50;0,2393
820,00;0,2396
819,50;0,2402
819,00;0,2410
818,50;0,2418
818,00;0,2424
817,50;0,2429
817,00;0,2433
816,50;0,2435
816,00;0,2435
815,50;0,2436
815,00;0,2437
814,50;0,2441
814,00;0,2445
813,50;0,2447
813,00;0,2448
812,50;0,2446
812,00;0,2445
811,50;0,2447
811,00;0,2451
810,50;0,2456
810,00;0,2459
809,50;0,2462
809,00;0,2462
808,50;0,2460
808,00;0,2456
807,50;0,2453
807,00;0,2453
806,50;0,2454
806,00;0,2452
805,50;0,2448
805,00;0,2446
804,50;0,2449
804,00;0,2457
803,50;0,2464
803,00;0,2469
802,50;0,2470
802,00;0,2469
801,50;0,2469
801,00;0,2466
800,50;0,2461
800,00;0,2452
799,50;0,2444
799,00;0,2439
798,50;0,2441
798,00;0,2445
797,50;0,2449
797,00;0,2449
796,50;0,2445
796,00;0,2436
795,50;0,2427
795,00;0,2421
794,50;0,2420
794,00;0,2424
793,50;0,2430
793,00;0,2436
792,50;0,2439
792,00;0,2439
791,50;0,2436
791,00;0,2434
790,50;0,2433
790,00;0,2431
789,50;0,2425
789,00;0,2417
788,50;0,2413
788,00;0,2415
787,50;0,2422
787,00;0,2429
786,50;0,2434
786,00;0,2435
785,50;0,2434
785,00;0,2432
784,50;0,2428
784,00;0,2425
783,50;0,2422
783,00;0,2421
782,50;0,2425
782,00;0,2431
781,50;0,2436
781,00;0,2436
780,50;0,2431
780,00;0,2423
779,50;0,2417
779,00;0,2414
778,50;0,2413
778,00;0,2413
777,50;0,2415
777,00;0,2419
776,50;0,2423
776,00;0,2424
775,50;0,2423
775,00;0,2420
774,50;0,2417
774,00;0,2412
773,50;0,2405
773,00;0,2399
772,50;0,2398
772,00;0,2402
771,50;0,2407
771,00;0,2412
770,50;0,2413
770,00;0,2410
769,50;0,2405
769,00;0,2400
768,50;0,2399
768,00;0,2400
767,50;0,2401
767,00;0,2402
766,50;0,2403
766,00;0,2403
765,50;0,2405
765,00;0,2406
764,50;0,2404
764,00;0,2400
763,50;0,2393
763,00;0,2387
762,50;0,2387
762,00;0,2392
761,50;0,2398
761,00;0,2404
760,50;0,2408
760,00;0,2409
759,50;0,2406
759,00;0,2402
758,50;0,2399
758,00;0,2399
757,50;0,2400
757,00;0,2402
756,50;0,2406
756,00;0,2411
755,50;0,2415
755,00;0,2415
754,50;0,2411
754,00;0,2405
753,50;0,2399
753,00;0,2394
752,50;0,2390
752,00;0,2388
751,50;0,2389
751,00;0,2394
750,50;0,2400
750,00;0,2406
749,50;0,2409
749,00;0,2408
748,50;0,2404
748,00;0,2398
747,50;0,2391
747,00;0,2388
746,50;0,2389
746,00;0,2393
745,50;0,2397
745,00;0,2397
744,50;0,2393
744,00;0,2389
743,50;0,2386
743,00;0,2384
742,50;0,2384
742,00;0,2382
741,50;0,2376
741,00;0,2367
740,50;0,2359
740,00;0,2354
739,50;0,2352
739,00;0,2351
738,50;0,2348
738,00;0,2342
737,50;0,2335
737,00;0,2329
736,50;0,2326
736,00;0,2328
735,50;0,2331
735,00;0,2330
734,50;0,2326
734,00;0,2322
733,50;0,2320
733,00;0,2318
732,50;0,2315
732,00;0,2309
731,50;0,2301
731,00;0,2292
730,50;0,2287
730,00;0,2288
729,50;0,2297
729,00;0,2309
728,50;0,2319
728,00;0,2321
727,50;0,2314
727,00;0,2300
726,50;0,2286
726,00;0,2279
725,50;0,2279
725,00;0,2283
724,50;0,2288
724,00;0,2292
723,50;0,2296
723,00;0,2299
722,50;0,2298
722,00;0,2294
721,50;0,2289
721,00;0,2285
720,50;0,2285
720,00;0,2289
719,50;0,2295
719,00;0,2300
718,50;0,2300
718,00;0,2296
717,50;0,2292
717,00;0,2290
716,50;0,2289
716,00;0,2286
715,50;0,2284
715,00;0,2284
714,50;0,2290
714,00;0,2299
713,50;0,2305
713,00;0,2306
712,50;0,2303
712,00;0,2297
711,50;0,2291
711,00;0,2289
710,50;0,2292
710,00;0,2297
709,50;0,2301
709,00;0,2305
708,50;0,2308
708,00;0,2310
707,50;0,2311
707,00;0,2309
706,50;0,2308
706,00;0,2309
705,50;0,2312
705,00;0,2316
704,50;0,2320
704,00;0,2325
703,50;0,2329
703,00;0,2332
702,50;0,2333
702,00;0,2332
701,50;0,2331
701,00;0,2329
700,50;0,2328
700,00;0,2328
699,50;0,2330
699,00;0,2333
698,50;0,2336
698,00;0,2341
697,50;0,2347
697,00;0,2351
696,50;0,2351
696,00;0,2350
695,50;0,2349
695,00;0,2347
694,50;0,2344
694,00;0,2342
693,50;0,2345
693,00;0,2355
692,50;0,2367
692,00;0,2377
691,50;0,2379
691,00;0,2374
690,50;0,2367
690,00;0,2364
689,50;0,2365
689,00;0,2367
688,50;0,2367
688,00;0,2367
687,50;0,2371
687,00;0,2376
686,50;0,2379
686,00;0,2377
685,50;0,2370
685,00;0,2362
684,50;0,2356
684,00;0,2352
683,50;0,2352
683,00;0,2354
682,50;0,2359
682,00;0,2366
681,50;0,2373
681,00;0,2378
680,50;0,2377
680,00;0,2371
679,50;0,2361
679,00;0,2352
678,50;0,2348
678,00;0,2352
677,50;0,2363
677,00;0,2375
676,50;0,2381
676,00;0,2381
675,50;0,2377
675,00;0,2374
674,50;0,2371
674,00;0,2366
673,50;0,2358
673,00;0,2351
672,50;0,2348
672,00;0,2353
671,50;0,2363
671,00;0,2373
670,50;0,2370
670,00;0,2362
669,50;0,2337
669,00;0,2399
668,50;0,2440
668,00;0,2458
667,50;0,2447
667,00;0,2396
666,50;0,2355
666,00;0,2338
665,50;0,2332
665,00;0,2334
664,50;0,2336
664,00;0,2338
663,50;0,2341
663,00;0,2345
662,50;0,2352
662,00;0,2363
661,50;0,2375
661,00;0,2382
660,50;0,2384
660,00;0,2381
659,50;0,2378
659,00;0,2376
658,50;0,2374
658,00;0,2369
657,50;0,2362
657,00;0,2356
656,50;0,2354
656,00;0,2360
655,50;0,2372
655,00;0,2383
654,50;0,2387
654,00;0,2381
653,50;0,2372
653,00;0,2364
652,50;0,2360
652,00;0,2361
651,50;0,2367
651,00;0,2378
650,50;0,2388
650,00;0,2392
649,50;0,2390
649,00;0,2386
648,50;0,2383
648,00;0,2382
647,50;0,2384
647,00;0,2388
646,50;0,2391
646,00;0,2394
645,50;0,2400
645,00;0,2411
644,50;0,2425
644,00;0,2436
643,50;0,2440
643,00;0,2439
642,50;0,2436
642,00;0,2434
641,50;0,2434
641,00;0,2439
640,50;0,2446
640,00;0,2454
639,50;0,2458
639,00;0,2457
638,50;0,2450
638,00;0,2439
637,50;0,2429
637,00;0,2428
636,50;0,2435
636,00;0,2448
635,50;0,2461
635,00;0,2470
634,50;0,2472
634,00;0,2467
633,50;0,2454
633,00;0,2437
632,50;0,2422
632,00;0,2413
631,50;0,2413
631,00;0,2420
630,50;0,2430
630,00;0,2441
629,50;0,2450
629,00;0,2459
628,50;0,2467
628,00;0,2469
627,50;0,2462
627,00;0,2450
626,50;0,2443
626,00;0,2447
625,50;0,2464
625,00;0,2481
624,50;0,2489
624,00;0,2483
623,50;0,2469
623,00;0,2456
622,50;0,2448
622,00;0,2446
621,50;0,2449
621,00;0,2453
620,50;0,2457
620,00;0,2459
619,50;0,2461
619,00;0,2461
618,50;0,2458
618,00;0,2448
617,50;0,2434
617,00;0,2423
616,50;0,2421
616,00;0,2424
615,50;0,2426
615,00;0,2425
614,50;0,2425
614,00;0,2428
613,50;0,2431
613,00;0,2428
612,50;0,2418
612,00;0,2408
611,50;0,2403
611,00;0,2404
610,50;0,2409
610,00;0,2414
609,50;0,2416
609,00;0,2414
608,50;0,2408
608,00;0,2400
607,50;0,2392
607,00;0,2387
606,50;0,2384
606,00;0,2384
605,50;0,2388
605,00;0,2394
604,50;0,2399
604,00;0,2399
603,50;0,2395
603,00;0,2392
602,50;0,2390
602,00;0,2388
601,50;0,2383
601,00;0,2375
600,50;0,2367
600,00;0,2362
599,50;0,2361
599,00;0,2364
598,50;0,2372
598,00;0,2379
597,50;0,2382
597,00;0,2380
596,50;0,2376
596,00;0,2376
595,50;0,2378
595,00;0,2380
594,50;0,2384
594,00;0,2390
593,50;0,2397
593,00;0,2401
592,50;0,2404
592,00;0,2407
591,50;0,2407
591,00;0,2403
590,50;0,2394
590,00;0,2388
589,50;0,2389
589,00;0,2397
588,50;0,2406
588,00;0,2415
587,50;0,2423
587,00;0,2434
586,50;0,2447
586,00;0,2455
585,50;0,2452
585,00;0,2438
584,50;0,2420
584,00;0,2408
583,50;0,2408
583,00;0,2416
582,50;0,2426
582,00;0,2433
581,50;0,2431
581,00;0,2419
580,50;0,2402
580,00;0,2389
579,50;0,2386
579,00;0,2392
578,50;0,2400
578,00;0,2408
577,50;0,2417
577,00;0,2427
576,50;0,2434
576,00;0,2431
575,50;0,2416
575,00;0,2392
574,50;0,2371
574,00;0,2361
573,50;0,2364
573,00;0,2375
572,50;0,2386
572,00;0,2392
571,50;0,2393
571,00;0,2386
570,50;0,2373
570,00;0,2357
569,50;0,2344
569,00;0,2333
568,50;0,2327
568,00;0,2329
567,50;0,2339
567,00;0,2346
566,50;0,2337
566,00;0,2313
565,50;0,2283
565,00;0,2259
564,50;0,2240
564,00;0,2225
563,50;0,2216
563,00;0,2212
562,50;0,2211
562,00;0,2210
561,50;0,2207
561,00;0,2202
560,50;0,2189
560,00;0,2166
559,50;0,2143
559,00;0,2130
558,50;0,2128
558,00;0,2131
557,50;0,2131
557,00;0,2126
556,50;0,2117
556,00;0,2110
555,50;0,2109
555,00;0,2115
554,50;0,2121
554,00;0,2117
553,50;0,2103
553,00;0,2091
552,50;0,2088
552,00;0,2090
551,50;0,2089
551,00;0,2081
550,50;0,2072
550,00;0,2064
549,50;0,2054
549,00;0,2040
548,50;0,2025
548,00;0,2015
547,50;0,2012
547,00;0,2010
546,50;0,2005
546,00;0,2001
545,50;0,2001
545,00;0,2001
544,50;0,1993
544,00;0,1972
543,50;0,1943
543,00;0,1917
542,50;0,1903
542,00;0,1903
541,50;0,1913
541,00;0,1928
540,50;0,1941
540,00;0,1944
539,50;0,1933
539,00;0,1908
538,50;0,1875
538,00;0,1845
537,50;0,1831
537,00;0,1839
536,50;0,1863
536,00;0,1888
535,50;0,1902
535,00;0,1901
534,50;0,1892
534,00;0,1879
533,50;0,1864
533,00;0,1845
532,50;0,1828
532,00;0,1822
531,50;0,1832
531,00;0,1849
530,50;0,1855
530,00;0,1846
529,50;0,1832
529,00;0,1825
528,50;0,1822
528,00;0,1819
527,50;0,1814
527,00;0,1811
526,50;0,1811
526,00;0,1812
525,50;0,1818
525,00;0,1832
524,50;0,1847
524,00;0,1845
523,50;0,1819
523,00;0,1786
522,50;0,1767
522,00;0,1768
521,50;0,1780
521,00;0,1797
520,50;0,1819
520,00;0,1839
519,50;0,1847
519,00;0,1840
518,50;0,1826
518,00;0,1810
517,50;0,1791
517,00;0,1770
516,50;0,1754
516,00;0,1754
515,50;0,1766
515,00;0,1783
514,50;0,1794
514,00;0,1797
513,50;0,1791
513,00;0,1780
512,50;0,1767
512,00;0,1758
511,50;0,1753
511,00;0,1754
510,50;0,1759
510,00;0,1765
509,50;0,1764
509,00;0,1752
508,50;0,1737
508,00;0,1725
507,50;0,1714
507,00;0,1695
506,50;0,1666
506,00;0,1639
505,50;0,1629
505,00;0,1638
504,50;0,1655
504,00;0,1669
503,50;0,1676
503,00;0,1673
502,50;0,1657
502,00;0,1630
501,50;0,1600
501,00;0,1578
500,50;0,1571
500,00;0,1578
499,50;0,1590
499,00;0,1600
498,50;0,1599
498,00;0,1582
497,50;0,1552
497,00;0,1518
496,50;0,1492
496,00;0,1477
495,50;0,1472
495,00;0,1478
494,50;0,1498
494,00;0,1528
493,50;0,1553
493,00;0,1556
492,50;0,1534
492,00;0,1497
491,50;0,1465
491,00;0,1448
490,50;0,1441
490,00;0,1435
489,50;0,1429
489,00;0,1432
488,50;0,1448
488,00;0,1472
487,50;0,1484
487,00;0,1472
486,50;0,1441
486,00;0,1408
485,50;0,1388
485,00;0,1386
484,50;0,1401
484,00;0,1425
483,50;0,1447
483,00;0,1452
482,50;0,1433
482,00;0,1397
481,50;0,1360
481,00;0,1337
480,50;0,1342
480,00;0,1376
479,50;0,1430
479,00;0,1484
478,50;0,1521
478,00;0,1537
477,50;0,1539
477,00;0,1538
476,50;0,1534
476,00;0,1524
475,50;0,1513
475,00;0,1511
474,50;0,1526
474,00;0,1551
473,50;0,1575
473,00;0,1588
472,50;0,1589
472,00;0,1578
471,50;0,1556
471,00;0,1532
470,50;0,1516
470,00;0,1514
469,50;0,1522
469,00;0,1532
468,50;0,1544
468,00;0,1565
467,50;0,1596
467,00;0,1628
466,50;0,1645
466,00;0,1637
465,50;0,1608
465,00;0,1578
464,50;0,1563
464,00;0,1564
463,50;0,1570
463,00;0,1573
462,50;0,1580
462,00;0,1598
461,50;0,1623
461,00;0,1638
460,50;0,1633
460,00;0,1610
459,50;0,1582
459,00;0,1564
458,50;0,1564
458,00;0,1585
457,50;0,1616
457,00;0,1636
456,50;0,1623
456,00;0,1576
455,50;0,1519
455,00;0,1477
454,50;0,1457
454,00;0,1446
453,50;0,1443
453,00;0,1467
452,50;0,1529
452,00;0,1601
451,50;0,1633
451,00;0,1595
450,50;0,1506
450,00;0,1412
449,50;0,1341
449,00;0,1300
448,50;0,1285
448,00;0,1294
447,50;0,1321
447,00;0,1346
446,50;0,1350
446,00;0,1335
445,50;0,1314
445,00;0,1295
444,50;0,1268
444,00;0,1227
443,50;0,1192
443,00;0,1191
442,50;0,1218
442,00;0,1238
441,50;0,1222
441,00;0,1179
440,50;0,1144
440,00;0,1126
439,50;0,1105
439,00;0,1062
438,50;0,1013
438,00;0,1000
437,50;0,1051
437,00;0,1148
436,50;0,1237
436,00;0,1262
435,50;0,1206
435,00;0,1109
434,50;0,1028
434,00;0,0989
433,50;0,0970
433,00;0,0944
432,50;0,0911
432,00;0,0887
431,50;0,0889
431,00;0,0922
430,50;0,0979
430,00;0,1031
429,50;0,1037
429,00;0,0984
428,50;0,0909
428,00;0,0876
427,50;0,0918
427,00;0,1003
426,50;0,1071
426,00;0,1092
425,50;0,1096
425,00;0,1125
424,50;0,1179
424,00;0,1208
423,50;0,1160
423,00;0,1052
422,50;0,0960
422,00;0,0947
421,50;0,1011
421,00;0,1117
420,50;0,1222
420,00;0,1296
419,50;0,1320
419,00;0,1287
418,50;0,1174
418,00;0,0959
417,50;0,0674
417,00;0,0429
416,50;0,0354
416,00;0,0500
415,50;0,0783
415,00;0,1029
414,50;0,1115
414,00;0,1028
413,50;0,0812
413,00;0,0573
412,50;0,0472
412,00;0,0612
411,50;0,0905
411,00;0,1106
410,50;0,1140
410,00;0,1223
409,50;0,1544
409,00;0,1940
408,50;0,1993
408,00;0,1544
407,50;0,0896
407,00;0,0477
406,50;0,0478
406,00;0,0772
405,50;0,1105
405,00;0,1346
404,50;0,1526
404,00;0,1721
403,50;0,1913
403,00;0,1964
402,50;0,1812
402,00;0,1665
401,50;0,1743
401,00;0,1953
400,50;0,2060
400,00;0,1981
