Erstellt als neuer Datensatz;Sample 173 By PC59-C710\Spektrum3 date Dienstag, Juni 02 2026
cm-1;A
4000,00;0,0954
3999,50;0,0954
3999,00;0,0955
3998,50;0,0957
3998,00;0,0958
3997,50;0,0958
3997,00;0,0956
3996,50;0,0954
3996,00;0,0953
3995,50;0,0956
3995,00;0,0962
3994,50;0,0967
3994,00;0,0969
3993,50;0,0967
3993,00;0,0962
3992,50;0,0956
3992,00;0,0952
3991,50;0,0951
3991,00;0,0953
3990,50;0,0956
3990,00;0,0959
3989,50;0,0961
3989,00;0,0960
3988,50;0,0956
3988,00;0,0951
3987,50;0,0947
3987,00;0,0946
3986,50;0,0948
3986,00;0,0950
3985,50;0,0952
3985,00;0,0953
3984,50;0,0953
3984,00;0,0953
3983,50;0,0952
3983,00;0,0952
3982,50;0,0953
3982,00;0,0953
3981,50;0,0955
3981,00;0,0958
3980,50;0,0961
3980,00;0,0964
3979,50;0,0966
3979,00;0,0965
3978,50;0,0962
3978,00;0,0956
3977,50;0,0951
3977,00;0,0948
3976,50;0,0950
3976,00;0,0953
3975,50;0,0956
3975,00;0,0956
3974,50;0,0955
3974,00;0,0954
3973,50;0,0953
3973,00;0,0953
3972,50;0,0952
3972,00;0,0952
3971,50;0,0952
3971,00;0,0953
3970,50;0,0957
3970,00;0,0961
3969,50;0,0964
3969,00;0,0964
3968,50;0,0962
3968,00;0,0958
3967,50;0,0953
3967,00;0,0949
3966,50;0,0947
3966,00;0,0949
3965,50;0,0955
3965,00;0,0962
3964,50;0,0967
3964,00;0,0970
3963,50;0,0969
3963,00;0,0964
3962,50;0,0959
3962,00;0,0953
3961,50;0,0949
3961,00;0,0947
3960,50;0,0948
3960,00;0,0952
3959,50;0,0956
3959,00;0,0960
3958,50;0,0962
3958,00;0,0961
3957,50;0,0957
3957,00;0,0953
3956,50;0,0951
3956,00;0,0951
3955,50;0,0953
3955,00;0,0957
3954,50;0,0962
3954,00;0,0965
3953,50;0,0966
3953,00;0,0963
3952,50;0,0958
3952,00;0,0953
3951,50;0,0949
3951,00;0,0948
3950,50;0,0950
3950,00;0,0953
3949,50;0,0958
3949,00;0,0963
3948,50;0,0965
3948,00;0,0964
3947,50;0,0960
3947,00;0,0956
3946,50;0,0953
3946,00;0,0952
3945,50;0,0952
3945,00;0,0954
3944,50;0,0958
3944,00;0,0961
3943,50;0,0964
3943,00;0,0964
3942,50;0,0962
3942,00;0,0959
3941,50;0,0957
3941,00;0,0956
3940,50;0,0957
3940,00;0,0959
3939,50;0,0962
3939,00;0,0965
3938,50;0,0967
3938,00;0,0968
3937,50;0,0966
3937,00;0,0962
3936,50;0,0956
3936,00;0,0951
3935,50;0,0947
3935,00;0,0948
3934,50;0,0954
3934,00;0,0961
3933,50;0,0967
3933,00;0,0968
3932,50;0,0963
3932,00;0,0955
3931,50;0,0948
3931,00;0,0945
3930,50;0,0946
3930,00;0,0949
3929,50;0,0955
3929,00;0,0960
3928,50;0,0965
3928,00;0,0967
3927,50;0,0965
3927,00;0,0961
3926,50;0,0956
3926,00;0,0951
3925,50;0,0949
3925,00;0,0949
3924,50;0,0952
3924,00;0,0957
3923,50;0,0963
3923,00;0,0968
3922,50;0,0971
3922,00;0,0970
3921,50;0,0965
3921,00;0,0957
3920,50;0,0950
3920,00;0,0946
3919,50;0,0948
3919,00;0,0953
3918,50;0,0959
3918,00;0,0961
3917,50;0,0960
3917,00;0,0957
3916,50;0,0954
3916,00;0,0951
3915,50;0,0947
3915,00;0,0943
3914,50;0,0942
3914,00;0,0943
3913,50;0,0948
3913,00;0,0955
3912,50;0,0961
3912,00;0,0964
3911,50;0,0964
3911,00;0,0960
3910,50;0,0954
3910,00;0,0948
3909,50;0,0946
3909,00;0,0948
3908,50;0,0953
3908,00;0,0958
3907,50;0,0961
3907,00;0,0960
3906,50;0,0956
3906,00;0,0954
3905,50;0,0954
3905,00;0,0956
3904,50;0,0958
3904,00;0,0959
3903,50;0,0961
3903,00;0,0964
3902,50;0,0966
3902,00;0,0967
3901,50;0,0967
3901,00;0,0966
3900,50;0,0962
3900,00;0,0954
3899,50;0,0946
3899,00;0,0943
3898,50;0,0947
3898,00;0,0953
3897,50;0,0957
3897,00;0,0958
3896,50;0,0958
3896,00;0,0955
3895,50;0,0950
3895,00;0,0943
3894,50;0,0939
3894,00;0,0938
3893,50;0,0942
3893,00;0,0947
3892,50;0,0954
3892,00;0,0958
3891,50;0,0961
3891,00;0,0961
3890,50;0,0961
3890,00;0,0960
3889,50;0,0958
3889,00;0,0957
3888,50;0,0957
3888,00;0,0959
3887,50;0,0963
3887,00;0,0966
3886,50;0,0967
3886,00;0,0964
3885,50;0,0959
3885,00;0,0955
3884,50;0,0952
3884,00;0,0949
3883,50;0,0947
3883,00;0,0948
3882,50;0,0951
3882,00;0,0954
3881,50;0,0957
3881,00;0,0957
3880,50;0,0956
3880,00;0,0955
3879,50;0,0956
3879,00;0,0957
3878,50;0,0957
3878,00;0,0955
3877,50;0,0953
3877,00;0,0953
3876,50;0,0956
3876,00;0,0961
3875,50;0,0965
3875,00;0,0965
3874,50;0,0961
3874,00;0,0955
3873,50;0,0953
3873,00;0,0955
3872,50;0,0958
3872,00;0,0960
3871,50;0,0960
3871,00;0,0960
3870,50;0,0961
3870,00;0,0963
3869,50;0,0963
3869,00;0,0962
3868,50;0,0958
3868,00;0,0953
3867,50;0,0950
3867,00;0,0951
3866,50;0,0956
3866,00;0,0963
3865,50;0,0967
3865,00;0,0969
3864,50;0,0966
3864,00;0,0962
3863,50;0,0957
3863,00;0,0954
3862,50;0,0955
3862,00;0,0958
3861,50;0,0961
3861,00;0,0963
3860,50;0,0964
3860,00;0,0964
3859,50;0,0961
3859,00;0,0958
3858,50;0,0955
3858,00;0,0953
3857,50;0,0954
3857,00;0,0959
3856,50;0,0967
3856,00;0,0975
3855,50;0,0981
3855,00;0,0981
3854,50;0,0977
3854,00;0,0973
3853,50;0,0973
3853,00;0,0975
3852,50;0,0970
3852,00;0,0964
3851,50;0,0962
3851,00;0,0965
3850,50;0,0968
3850,00;0,0967
3849,50;0,0961
3849,00;0,0953
3848,50;0,0946
3848,00;0,0941
3847,50;0,0937
3847,00;0,0935
3846,50;0,0935
3846,00;0,0939
3845,50;0,0947
3845,00;0,0958
3844,50;0,0970
3844,00;0,0977
3843,50;0,0977
3843,00;0,0972
3842,50;0,0964
3842,00;0,0957
3841,50;0,0952
3841,00;0,0951
3840,50;0,0954
3840,00;0,0961
3839,50;0,0969
3839,00;0,0972
3838,50;0,0971
3838,00;0,0966
3837,50;0,0963
3837,00;0,0965
3836,50;0,0970
3836,00;0,0971
3835,50;0,0968
3835,00;0,0964
3834,50;0,0961
3834,00;0,0961
3833,50;0,0962
3833,00;0,0963
3832,50;0,0965
3832,00;0,0967
3831,50;0,0969
3831,00;0,0969
3830,50;0,0969
3830,00;0,0969
3829,50;0,0968
3829,00;0,0962
3828,50;0,0953
3828,00;0,0945
3827,50;0,0942
3827,00;0,0944
3826,50;0,0951
3826,00;0,0958
3825,50;0,0964
3825,00;0,0966
3824,50;0,0965
3824,00;0,0964
3823,50;0,0964
3823,00;0,0963
3822,50;0,0962
3822,00;0,0963
3821,50;0,0969
3821,00;0,0977
3820,50;0,0982
3820,00;0,0983
3819,50;0,0982
3819,00;0,0981
3818,50;0,0979
3818,00;0,0973
3817,50;0,0963
3817,00;0,0954
3816,50;0,0950
3816,00;0,0953
3815,50;0,0958
3815,00;0,0962
3814,50;0,0960
3814,00;0,0957
3813,50;0,0954
3813,00;0,0952
3812,50;0,0949
3812,00;0,0946
3811,50;0,0943
3811,00;0,0940
3810,50;0,0938
3810,00;0,0938
3809,50;0,0944
3809,00;0,0953
3808,50;0,0963
3808,00;0,0969
3807,50;0,0968
3807,00;0,0962
3806,50;0,0954
3806,00;0,0949
3805,50;0,0945
3805,00;0,0942
3804,50;0,0940
3804,00;0,0941
3803,50;0,0945
3803,00;0,0952
3802,50;0,0959
3802,00;0,0962
3801,50;0,0961
3801,00;0,0960
3800,50;0,0960
3800,00;0,0957
3799,50;0,0954
3799,00;0,0953
3798,50;0,0957
3798,00;0,0965
3797,50;0,0971
3797,00;0,0973
3796,50;0,0971
3796,00;0,0968
3795,50;0,0963
3795,00;0,0955
3794,50;0,0948
3794,00;0,0945
3793,50;0,0945
3793,00;0,0947
3792,50;0,0948
3792,00;0,0946
3791,50;0,0944
3791,00;0,0943
3790,50;0,0943
3790,00;0,0944
3789,50;0,0945
3789,00;0,0947
3788,50;0,0948
3788,00;0,0949
3787,50;0,0948
3787,00;0,0948
3786,50;0,0949
3786,00;0,0951
3785,50;0,0953
3785,00;0,0954
3784,50;0,0954
3784,00;0,0954
3783,50;0,0955
3783,00;0,0958
3782,50;0,0958
3782,00;0,0954
3781,50;0,0946
3781,00;0,0939
3780,50;0,0936
3780,00;0,0938
3779,50;0,0943
3779,00;0,0951
3778,50;0,0959
3778,00;0,0964
3777,50;0,0964
3777,00;0,0959
3776,50;0,0950
3776,00;0,0940
3775,50;0,0932
3775,00;0,0929
3774,50;0,0930
3774,00;0,0936
3773,50;0,0943
3773,00;0,0952
3772,50;0,0959
3772,00;0,0963
3771,50;0,0963
3771,00;0,0960
3770,50;0,0955
3770,00;0,0952
3769,50;0,0951
3769,00;0,0949
3768,50;0,0948
3768,00;0,0949
3767,50;0,0955
3767,00;0,0964
3766,50;0,0972
3766,00;0,0975
3765,50;0,0973
3765,00;0,0968
3764,50;0,0962
3764,00;0,0955
3763,50;0,0951
3763,00;0,0951
3762,50;0,0956
3762,00;0,0961
3761,50;0,0964
3761,00;0,0962
3760,50;0,0957
3760,00;0,0952
3759,50;0,0950
3759,00;0,0951
3758,50;0,0950
3758,00;0,0947
3757,50;0,0942
3757,00;0,0939
3756,50;0,0941
3756,00;0,0945
3755,50;0,0948
3755,00;0,0949
3754,50;0,0950
3754,00;0,0953
3753,50;0,0958
3753,00;0,0961
3752,50;0,0962
3752,00;0,0960
3751,50;0,0960
3751,00;0,0962
3750,50;0,0964
3750,00;0,0964
3749,50;0,0965
3749,00;0,0967
3748,50;0,0970
3748,00;0,0969
3747,50;0,0963
3747,00;0,0958
3746,50;0,0958
3746,00;0,0960
3745,50;0,0962
3745,00;0,0959
3744,50;0,0955
3744,00;0,0958
3743,50;0,0965
3743,00;0,0969
3742,50;0,0968
3742,00;0,0966
3741,50;0,0962
3741,00;0,0960
3740,50;0,0961
3740,00;0,0965
3739,50;0,0967
3739,00;0,0966
3738,50;0,0962
3738,00;0,0959
3737,50;0,0960
3737,00;0,0967
3736,50;0,0978
3736,00;0,0987
3735,50;0,0987
3735,00;0,0976
3734,50;0,0963
3734,00;0,0955
3733,50;0,0954
3733,00;0,0958
3732,50;0,0961
3732,00;0,0962
3731,50;0,0965
3731,00;0,0967
3730,50;0,0969
3730,00;0,0967
3729,50;0,0963
3729,00;0,0956
3728,50;0,0949
3728,00;0,0941
3727,50;0,0935
3727,00;0,0933
3726,50;0,0939
3726,00;0,0949
3725,50;0,0957
3725,00;0,0959
3724,50;0,0955
3724,00;0,0951
3723,50;0,0949
3723,00;0,0949
3722,50;0,0946
3722,00;0,0944
3721,50;0,0947
3721,00;0,0954
3720,50;0,0965
3720,00;0,0975
3719,50;0,0979
3719,00;0,0978
3718,50;0,0972
3718,00;0,0966
3717,50;0,0958
3717,00;0,0951
3716,50;0,0945
3716,00;0,0943
3715,50;0,0944
3715,00;0,0947
3714,50;0,0952
3714,00;0,0957
3713,50;0,0961
3713,00;0,0963
3712,50;0,0960
3712,00;0,0955
3711,50;0,0950
3711,00;0,0949
3710,50;0,0951
3710,00;0,0956
3709,50;0,0961
3709,00;0,0963
3708,50;0,0964
3708,00;0,0961
3707,50;0,0958
3707,00;0,0954
3706,50;0,0952
3706,00;0,0950
3705,50;0,0950
3705,00;0,0951
3704,50;0,0953
3704,00;0,0955
3703,50;0,0955
3703,00;0,0954
3702,50;0,0953
3702,00;0,0952
3701,50;0,0953
3701,00;0,0955
3700,50;0,0957
3700,00;0,0959
3699,50;0,0960
3699,00;0,0960
3698,50;0,0958
3698,00;0,0955
3697,50;0,0953
3697,00;0,0953
3696,50;0,0955
3696,00;0,0956
3695,50;0,0959
3695,00;0,0963
3694,50;0,0968
3694,00;0,0972
3693,50;0,0973
3693,00;0,0969
3692,50;0,0963
3692,00;0,0957
3691,50;0,0956
3691,00;0,0961
3690,50;0,0971
3690,00;0,0983
3689,50;0,0990
3689,00;0,0991
3688,50;0,0986
3688,00;0,0981
3687,50;0,0978
3687,00;0,0973
3686,50;0,0968
3686,00;0,0963
3685,50;0,0958
3685,00;0,0955
3684,50;0,0955
3684,00;0,0957
3683,50;0,0961
3683,00;0,0964
3682,50;0,0965
3682,00;0,0962
3681,50;0,0956
3681,00;0,0951
3680,50;0,0948
3680,00;0,0949
3679,50;0,0952
3679,00;0,0956
3678,50;0,0959
3678,00;0,0960
3677,50;0,0961
3677,00;0,0963
3676,50;0,0965
3676,00;0,0966
3675,50;0,0966
3675,00;0,0966
3674,50;0,0969
3674,00;0,0973
3673,50;0,0976
3673,00;0,0979
3672,50;0,0981
3672,00;0,0983
3671,50;0,0982
3671,00;0,0978
3670,50;0,0973
3670,00;0,0970
3669,50;0,0970
3669,00;0,0970
3668,50;0,0971
3668,00;0,0971
3667,50;0,0971
3667,00;0,0969
3666,50;0,0968
3666,00;0,0968
3665,50;0,0968
3665,00;0,0968
3664,50;0,0968
3664,00;0,0969
3663,50;0,0973
3663,00;0,0976
3662,50;0,0978
3662,00;0,0978
3661,50;0,0977
3661,00;0,0977
3660,50;0,0976
3660,00;0,0975
3659,50;0,0972
3659,00;0,0971
3658,50;0,0973
3658,00;0,0978
3657,50;0,0982
3657,00;0,0983
3656,50;0,0981
3656,00;0,0979
3655,50;0,0977
3655,00;0,0974
3654,50;0,0972
3654,00;0,0972
3653,50;0,0977
3653,00;0,0985
3652,50;0,0990
3652,00;0,0990
3651,50;0,0988
3651,00;0,0987
3650,50;0,0988
3650,00;0,0990
3649,50;0,0992
3649,00;0,0995
3648,50;0,1000
3648,00;0,1004
3647,50;0,1004
3647,00;0,0999
3646,50;0,0994
3646,00;0,0989
3645,50;0,0986
3645,00;0,0983
3644,50;0,0981
3644,00;0,0981
3643,50;0,0984
3643,00;0,0989
3642,50;0,0994
3642,00;0,0995
3641,50;0,0994
3641,00;0,0991
3640,50;0,0988
3640,00;0,0987
3639,50;0,0986
3639,00;0,0985
3638,50;0,0986
3638,00;0,0990
3637,50;0,0997
3637,00;0,1003
3636,50;0,1004
3636,00;0,1002
3635,50;0,0999
3635,00;0,0997
3634,50;0,0995
3634,00;0,0992
3633,50;0,0990
3633,00;0,0990
3632,50;0,0992
3632,00;0,0994
3631,50;0,0996
3631,00;0,0998
3630,50;0,1001
3630,00;0,1004
3629,50;0,1006
3629,00;0,1005
3628,50;0,1004
3628,00;0,1002
3627,50;0,1000
3627,00;0,1000
3626,50;0,1002
3626,00;0,1004
3625,50;0,1007
3625,00;0,1008
3624,50;0,1008
3624,00;0,1009
3623,50;0,1012
3623,00;0,1016
3622,50;0,1018
3622,00;0,1017
3621,50;0,1014
3621,00;0,1011
3620,50;0,1011
3620,00;0,1015
3619,50;0,1020
3619,00;0,1025
3618,50;0,1026
3618,00;0,1024
3617,50;0,1021
3617,00;0,1020
3616,50;0,1022
3616,00;0,1023
3615,50;0,1020
3615,00;0,1016
3614,50;0,1014
3614,00;0,1014
3613,50;0,1015
3613,00;0,1014
3612,50;0,1013
3612,00;0,1013
3611,50;0,1016
3611,00;0,1020
3610,50;0,1022
3610,00;0,1020
3609,50;0,1014
3609,00;0,1007
3608,50;0,1002
3608,00;0,1002
3607,50;0,1006
3607,00;0,1013
3606,50;0,1022
3606,00;0,1029
3605,50;0,1032
3605,00;0,1030
3604,50;0,1028
3604,00;0,1028
3603,50;0,1033
3603,00;0,1038
3602,50;0,1040
3602,00;0,1041
3601,50;0,1041
3601,00;0,1042
3600,50;0,1045
3600,00;0,1047
3599,50;0,1047
3599,00;0,1045
3598,50;0,1042
3598,00;0,1040
3597,50;0,1041
3597,00;0,1044
3596,50;0,1048
3596,00;0,1050
3595,50;0,1051
3595,00;0,1050
3594,50;0,1049
3594,00;0,1049
3593,50;0,1049
3593,00;0,1048
3592,50;0,1048
3592,00;0,1048
3591,50;0,1049
3591,00;0,1051
3590,50;0,1055
3590,00;0,1060
3589,50;0,1063
3589,00;0,1063
3588,50;0,1060
3588,00;0,1058
3587,50;0,1056
3587,00;0,1054
3586,50;0,1053
3586,00;0,1055
3585,50;0,1060
3585,00;0,1064
3584,50;0,1067
3584,00;0,1069
3583,50;0,1071
3583,00;0,1071
3582,50;0,1072
3582,00;0,1073
3581,50;0,1075
3581,00;0,1075
3580,50;0,1072
3580,00;0,1068
3579,50;0,1066
3579,00;0,1070
3578,50;0,1078
3578,00;0,1088
3577,50;0,1094
3577,00;0,1096
3576,50;0,1094
3576,00;0,1091
3575,50;0,1091
3575,00;0,1093
3574,50;0,1096
3574,00;0,1096
3573,50;0,1094
3573,00;0,1091
3572,50;0,1091
3572,00;0,1094
3571,50;0,1099
3571,00;0,1104
3570,50;0,1106
3570,00;0,1105
3569,50;0,1103
3569,00;0,1102
3568,50;0,1103
3568,00;0,1106
3567,50;0,1110
3567,00;0,1113
3566,50;0,1112
3566,00;0,1111
3565,50;0,1113
3565,00;0,1117
3564,50;0,1122
3564,00;0,1126
3563,50;0,1126
3563,00;0,1125
3562,50;0,1124
3562,00;0,1123
3561,50;0,1122
3561,00;0,1121
3560,50;0,1122
3560,00;0,1125
3559,50;0,1128
3559,00;0,1130
3558,50;0,1131
3558,00;0,1131
3557,50;0,1133
3557,00;0,1135
3556,50;0,1139
3556,00;0,1142
3555,50;0,1146
3555,00;0,1148
3554,50;0,1148
3554,00;0,1147
3553,50;0,1147
3553,00;0,1148
3552,50;0,1150
3552,00;0,1152
3551,50;0,1154
3551,00;0,1155
3550,50;0,1156
3550,00;0,1157
3549,50;0,1158
3549,00;0,1159
3548,50;0,1161
3548,00;0,1161
3547,50;0,1161
3547,00;0,1162
3546,50;0,1164
3546,00;0,1165
3545,50;0,1166
3545,00;0,1166
3544,50;0,1168
3544,00;0,1171
3543,50;0,1176
3543,00;0,1179
3542,50;0,1181
3542,00;0,1182
3541,50;0,1182
3541,00;0,1183
3540,50;0,1184
3540,00;0,1186
3539,50;0,1187
3539,00;0,1188
3538,50;0,1190
3538,00;0,1193
3537,50;0,1196
3537,00;0,1197
3536,50;0,1195
3536,00;0,1192
3535,50;0,1191
3535,00;0,1192
3534,50;0,1196
3534,00;0,1202
3533,50;0,1207
3533,00;0,1211
3532,50;0,1212
3532,00;0,1211
3531,50;0,1209
3531,00;0,1209
3530,50;0,1210
3530,00;0,1211
3529,50;0,1212
3529,00;0,1213
3528,50;0,1214
3528,00;0,1216
3527,50;0,1220
3527,00;0,1225
3526,50;0,1228
3526,00;0,1228
3525,50;0,1227
3525,00;0,1226
3524,50;0,1228
3524,00;0,1231
3523,50;0,1236
3523,00;0,1239
3522,50;0,1242
3522,00;0,1244
3521,50;0,1247
3521,00;0,1251
3520,50;0,1256
3520,00;0,1261
3519,50;0,1263
3519,00;0,1264
3518,50;0,1264
3518,00;0,1265
3517,50;0,1267
3517,00;0,1269
3516,50;0,1271
3516,00;0,1274
3515,50;0,1278
3515,00;0,1281
3514,50;0,1282
3514,00;0,1281
3513,50;0,1281
3513,00;0,1281
3512,50;0,1282
3512,00;0,1284
3511,50;0,1287
3511,00;0,1292
3510,50;0,1295
3510,00;0,1297
3509,50;0,1298
3509,00;0,1298
3508,50;0,1300
3508,00;0,1302
3507,50;0,1304
3507,00;0,1308
3506,50;0,1312
3506,00;0,1317
3505,50;0,1321
3505,00;0,1326
3504,50;0,1329
3504,00;0,1332
3503,50;0,1333
3503,00;0,1334
3502,50;0,1336
3502,00;0,1339
3501,50;0,1342
3501,00;0,1345
3500,50;0,1349
3500,00;0,1354
3499,50;0,1358
3499,00;0,1359
3498,50;0,1359
3498,00;0,1359
3497,50;0,1359
3497,00;0,1362
3496,50;0,1365
3496,00;0,1368
3495,50;0,1372
3495,00;0,1376
3494,50;0,1379
3494,00;0,1383
3493,50;0,1388
3493,00;0,1392
3492,50;0,1396
3492,00;0,1398
3491,50;0,1399
3491,00;0,1399
3490,50;0,1400
3490,00;0,1402
3489,50;0,1406
3489,00;0,1409
3488,50;0,1411
3488,00;0,1413
3487,50;0,1416
3487,00;0,1421
3486,50;0,1428
3486,00;0,1435
3485,50;0,1441
3485,00;0,1444
3484,50;0,1445
3484,00;0,1445
3483,50;0,1446
3483,00;0,1449
3482,50;0,1452
3482,00;0,1456
3481,50;0,1460
3481,00;0,1465
3480,50;0,1470
3480,00;0,1474
3479,50;0,1478
3479,00;0,1481
3478,50;0,1484
3478,00;0,1487
3477,50;0,1489
3477,00;0,1493
3476,50;0,1498
3476,00;0,1505
3475,50;0,1513
3475,00;0,1519
3474,50;0,1524
3474,00;0,1528
3473,50;0,1530
3473,00;0,1532
3472,50;0,1533
3472,00;0,1537
3471,50;0,1542
3471,00;0,1549
3470,50;0,1556
3470,00;0,1563
3469,50;0,1569
3469,00;0,1574
3468,50;0,1578
3468,00;0,1582
3467,50;0,1586
3467,00;0,1592
3466,50;0,1597
3466,00;0,1602
3465,50;0,1607
3465,00;0,1611
3464,50;0,1616
3464,00;0,1621
3463,50;0,1627
3463,00;0,1633
3462,50;0,1639
3462,00;0,1642
3461,50;0,1645
3461,00;0,1647
3460,50;0,1650
3460,00;0,1654
3459,50;0,1660
3459,00;0,1667
3458,50;0,1676
3458,00;0,1684
3457,50;0,1693
3457,00;0,1699
3456,50;0,1705
3456,00;0,1710
3455,50;0,1717
3455,00;0,1724
3454,50;0,1731
3454,00;0,1737
3453,50;0,1742
3453,00;0,1747
3452,50;0,1753
3452,00;0,1760
3451,50;0,1768
3451,00;0,1776
3450,50;0,1784
3450,00;0,1792
3449,50;0,1800
3449,00;0,1807
3448,50;0,1813
3448,00;0,1819
3447,50;0,1824
3447,00;0,1830
3446,50;0,1835
3446,00;0,1840
3445,50;0,1846
3445,00;0,1854
3444,50;0,1862
3444,00;0,1871
3443,50;0,1878
3443,00;0,1886
3442,50;0,1893
3442,00;0,1900
3441,50;0,1906
3441,00;0,1911
3440,50;0,1918
3440,00;0,1928
3439,50;0,1941
3439,00;0,1952
3438,50;0,1959
3438,00;0,1963
3437,50;0,1967
3437,00;0,1975
3436,50;0,1986
3436,00;0,1997
3435,50;0,2006
3435,00;0,2015
3434,50;0,2023
3434,00;0,2030
3433,50;0,2036
3433,00;0,2041
3432,50;0,2048
3432,00;0,2057
3431,50;0,2067
3431,00;0,2076
3430,50;0,2084
3430,00;0,2091
3429,50;0,2098
3429,00;0,2107
3428,50;0,2114
3428,00;0,2121
3427,50;0,2127
3427,00;0,2133
3426,50;0,2140
3426,00;0,2148
3425,50;0,2156
3425,00;0,2163
3424,50;0,2171
3424,00;0,2179
3423,50;0,2189
3423,00;0,2198
3422,50;0,2207
3422,00;0,2215
3421,50;0,2224
3421,00;0,2234
3420,50;0,2244
3420,00;0,2253
3419,50;0,2261
3419,00;0,2269
3418,50;0,2278
3418,00;0,2289
3417,50;0,2300
3417,00;0,2310
3416,50;0,2318
3416,00;0,2324
3415,50;0,2331
3415,00;0,2339
3414,50;0,2348
3414,00;0,2358
3413,50;0,2368
3413,00;0,2378
3412,50;0,2385
3412,00;0,2390
3411,50;0,2395
3411,00;0,2400
3410,50;0,2406
3410,00;0,2412
3409,50;0,2420
3409,00;0,2429
3408,50;0,2438
3408,00;0,2447
3407,50;0,2456
3407,00;0,2464
3406,50;0,2471
3406,00;0,2476
3405,50;0,2479
3405,00;0,2483
3404,50;0,2489
3404,00;0,2497
3403,50;0,2509
3403,00;0,2522
3402,50;0,2535
3402,00;0,2545
3401,50;0,2553
3401,00;0,2559
3400,50;0,2564
3400,00;0,2567
3399,50;0,2570
3399,00;0,2575
3398,50;0,2583
3398,00;0,2592
3397,50;0,2600
3397,00;0,2608
3396,50;0,2617
3396,00;0,2627
3395,50;0,2637
3395,00;0,2645
3394,50;0,2652
3394,00;0,2657
3393,50;0,2662
3393,00;0,2669
3392,50;0,2676
3392,00;0,2684
3391,50;0,2692
3391,00;0,2699
3390,50;0,2706
3390,00;0,2711
3389,50;0,2715
3389,00;0,2718
3388,50;0,2721
3388,00;0,2726
3387,50;0,2733
3387,00;0,2742
3386,50;0,2750
3386,00;0,2758
3385,50;0,2768
3385,00;0,2777
3384,50;0,2784
3384,00;0,2788
3383,50;0,2791
3383,00;0,2794
3382,50;0,2798
3382,00;0,2802
3381,50;0,2807
3381,00;0,2814
3380,50;0,2821
3380,00;0,2828
3379,50;0,2834
3379,00;0,2840
3378,50;0,2846
3378,00;0,2851
3377,50;0,2857
3377,00;0,2862
3376,50;0,2867
3376,00;0,2871
3375,50;0,2875
3375,00;0,2876
3374,50;0,2878
3374,00;0,2881
3373,50;0,2887
3373,00;0,2895
3372,50;0,2902
3372,00;0,2907
3371,50;0,2912
3371,00;0,2916
3370,50;0,2920
3370,00;0,2925
3369,50;0,2931
3369,00;0,2940
3368,50;0,2949
3368,00;0,2956
3367,50;0,2961
3367,00;0,2964
3366,50;0,2966
3366,00;0,2968
3365,50;0,2970
3365,00;0,2973
3364,50;0,2979
3364,00;0,2985
3363,50;0,2991
3363,00;0,2995
3362,50;0,2998
3362,00;0,3002
3361,50;0,3008
3361,00;0,3013
3360,50;0,3017
3360,00;0,3020
3359,50;0,3023
3359,00;0,3025
3358,50;0,3026
3358,00;0,3027
3357,50;0,3029
3357,00;0,3033
3356,50;0,3040
3356,00;0,3048
3355,50;0,3055
3355,00;0,3061
3354,50;0,3065
3354,00;0,3070
3353,50;0,3074
3353,00;0,3078
3352,50;0,3081
3352,00;0,3083
3351,50;0,3086
3351,00;0,3091
3350,50;0,3096
3350,00;0,3101
3349,50;0,3108
3349,00;0,3115
3348,50;0,3122
3348,00;0,3125
3347,50;0,3127
3347,00;0,3131
3346,50;0,3136
3346,00;0,3142
3345,50;0,3147
3345,00;0,3151
3344,50;0,3155
3344,00;0,3160
3343,50;0,3167
3343,00;0,3174
3342,50;0,3179
3342,00;0,3181
3341,50;0,3181
3341,00;0,3183
3340,50;0,3188
3340,00;0,3195
3339,50;0,3201
3339,00;0,3205
3338,50;0,3209
3338,00;0,3213
3337,50;0,3218
3337,00;0,3221
3336,50;0,3225
3336,00;0,3230
3335,50;0,3238
3335,00;0,3247
3334,50;0,3256
3334,00;0,3264
3333,50;0,3271
3333,00;0,3276
3332,50;0,3280
3332,00;0,3284
3331,50;0,3287
3331,00;0,3290
3330,50;0,3296
3330,00;0,3304
3329,50;0,3312
3329,00;0,3316
3328,50;0,3316
3328,00;0,3316
3327,50;0,3318
3327,00;0,3324
3326,50;0,3333
3326,00;0,3343
3325,50;0,3353
3325,00;0,3363
3324,50;0,3372
3324,00;0,3380
3323,50;0,3387
3323,00;0,3391
3322,50;0,3393
3322,00;0,3394
3321,50;0,3397
3321,00;0,3403
3320,50;0,3410
3320,00;0,3418
3319,50;0,3428
3319,00;0,3437
3318,50;0,3446
3318,00;0,3453
3317,50;0,3460
3317,00;0,3466
3316,50;0,3473
3316,00;0,3481
3315,50;0,3489
3315,00;0,3498
3314,50;0,3507
3314,00;0,3516
3313,50;0,3525
3313,00;0,3534
3312,50;0,3542
3312,00;0,3549
3311,50;0,3553
3311,00;0,3555
3310,50;0,3556
3310,00;0,3559
3309,50;0,3565
3309,00;0,3574
3308,50;0,3584
3308,00;0,3595
3307,50;0,3604
3307,00;0,3613
3306,50;0,3620
3306,00;0,3626
3305,50;0,3631
3305,00;0,3637
3304,50;0,3645
3304,00;0,3656
3303,50;0,3669
3303,00;0,3684
3302,50;0,3697
3302,00;0,3709
3301,50;0,3720
3301,00;0,3732
3300,50;0,3742
3300,00;0,3749
3299,50;0,3756
3299,00;0,3765
3298,50;0,3779
3298,00;0,3796
3297,50;0,3814
3297,00;0,3830
3296,50;0,3842
3296,00;0,3851
3295,50;0,3857
3295,00;0,3864
3294,50;0,3875
3294,00;0,3889
3293,50;0,3903
3293,00;0,3915
3292,50;0,3923
3292,00;0,3931
3291,50;0,3940
3291,00;0,3950
3290,50;0,3961
3290,00;0,3970
3289,50;0,3977
3289,00;0,3985
3288,50;0,3993
3288,00;0,4005
3287,50;0,4019
3287,00;0,4033
3286,50;0,4046
3286,00;0,4055
3285,50;0,4063
3285,00;0,4071
3284,50;0,4078
3284,00;0,4086
3283,50;0,4096
3283,00;0,4110
3282,50;0,4127
3282,00;0,4143
3281,50;0,4156
3281,00;0,4165
3280,50;0,4173
3280,00;0,4182
3279,50;0,4193
3279,00;0,4207
3278,50;0,4222
3278,00;0,4236
3277,50;0,4251
3277,00;0,4265
3276,50;0,4278
3276,00;0,4292
3275,50;0,4306
3275,00;0,4321
3274,50;0,4336
3274,00;0,4351
3273,50;0,4367
3273,00;0,4384
3272,50;0,4401
3272,00;0,4419
3271,50;0,4437
3271,00;0,4453
3270,50;0,4468
3270,00;0,4482
3269,50;0,4495
3269,00;0,4508
3268,50;0,4521
3268,00;0,4533
3267,50;0,4546
3267,00;0,4559
3266,50;0,4572
3266,00;0,4583
3265,50;0,4594
3265,00;0,4606
3264,50;0,4620
3264,00;0,4635
3263,50;0,4649
3263,00;0,4664
3262,50;0,4681
3262,00;0,4698
3261,50;0,4716
3261,00;0,4732
3260,50;0,4745
3260,00;0,4755
3259,50;0,4763
3259,00;0,4768
3258,50;0,4773
3258,00;0,4780
3257,50;0,4793
3257,00;0,4810
3256,50;0,4830
3256,00;0,4850
3255,50;0,4869
3255,00;0,4886
3254,50;0,4897
3254,00;0,4904
3253,50;0,4910
3253,00;0,4918
3252,50;0,4929
3252,00;0,4942
3251,50;0,4955
3251,00;0,4964
3250,50;0,4970
3250,00;0,4973
3249,50;0,4977
3249,00;0,4984
3248,50;0,4994
3248,00;0,5006
3247,50;0,5017
3247,00;0,5028
3246,50;0,5039
3246,00;0,5047
3245,50;0,5051
3245,00;0,5051
3244,50;0,5051
3244,00;0,5053
3243,50;0,5057
3243,00;0,5064
3242,50;0,5071
3242,00;0,5077
3241,50;0,5082
3241,00;0,5088
3240,50;0,5093
3240,00;0,5096
3239,50;0,5095
3239,00;0,5091
3238,50;0,5087
3238,00;0,5085
3237,50;0,5087
3237,00;0,5092
3236,50;0,5096
3236,00;0,5098
3235,50;0,5098
3235,00;0,5097
3234,50;0,5095
3234,00;0,5091
3233,50;0,5088
3233,00;0,5086
3232,50;0,5085
3232,00;0,5084
3231,50;0,5085
3231,00;0,5086
3230,50;0,5087
3230,00;0,5087
3229,50;0,5086
3229,00;0,5083
3228,50;0,5080
3228,00;0,5075
3227,50;0,5070
3227,00;0,5066
3226,50;0,5064
3226,00;0,5067
3225,50;0,5073
3225,00;0,5080
3224,50;0,5084
3224,00;0,5084
3223,50;0,5080
3223,00;0,5077
3222,50;0,5077
3222,00;0,5079
3221,50;0,5083
3221,00;0,5087
3220,50;0,5089
3220,00;0,5089
3219,50;0,5087
3219,00;0,5083
3218,50;0,5080
3218,00;0,5077
3217,50;0,5075
3217,00;0,5074
3216,50;0,5073
3216,00;0,5072
3215,50;0,5069
3215,00;0,5067
3214,50;0,5068
3214,00;0,5069
3213,50;0,5071
3213,00;0,5073
3212,50;0,5077
3212,00;0,5081
3211,50;0,5085
3211,00;0,5087
3210,50;0,5085
3210,00;0,5082
3209,50;0,5078
3209,00;0,5073
3208,50;0,5070
3208,00;0,5071
3207,50;0,5074
3207,00;0,5076
3206,50;0,5075
3206,00;0,5073
3205,50;0,5075
3205,00;0,5079
3204,50;0,5081
3204,00;0,5081
3203,50;0,5080
3203,00;0,5078
3202,50;0,5076
3202,00;0,5074
3201,50;0,5071
3201,00;0,5069
3200,50;0,5069
3200,00;0,5069
3199,50;0,5068
3199,00;0,5065
3198,50;0,5058
3198,00;0,5050
3197,50;0,5045
3197,00;0,5044
3196,50;0,5047
3196,00;0,5052
3195,50;0,5056
3195,00;0,5058
3194,50;0,5056
3194,00;0,5051
3193,50;0,5044
3193,00;0,5035
3192,50;0,5025
3192,00;0,5017
3191,50;0,5014
3191,00;0,5017
3190,50;0,5021
3190,00;0,5025
3189,50;0,5027
3189,00;0,5028
3188,50;0,5026
3188,00;0,5024
3187,50;0,5026
3187,00;0,5032
3186,50;0,5039
3186,00;0,5040
3185,50;0,5035
3185,00;0,5028
3184,50;0,5023
3184,00;0,5021
3183,50;0,5021
3183,00;0,5024
3182,50;0,5027
3182,00;0,5027
3181,50;0,5021
3181,00;0,5011
3180,50;0,5000
3180,00;0,4991
3179,50;0,4986
3179,00;0,4983
3178,50;0,4983
3178,00;0,4985
3177,50;0,4988
3177,00;0,4991
3176,50;0,4993
3176,00;0,4993
3175,50;0,4992
3175,00;0,4992
3174,50;0,4992
3174,00;0,4992
3173,50;0,4990
3173,00;0,4989
3172,50;0,4989
3172,00;0,4991
3171,50;0,4991
3171,00;0,4988
3170,50;0,4982
3170,00;0,4975
3169,50;0,4970
3169,00;0,4966
3168,50;0,4964
3168,00;0,4964
3167,50;0,4965
3167,00;0,4966
3166,50;0,4968
3166,00;0,4971
3165,50;0,4974
3165,00;0,4974
3164,50;0,4971
3164,00;0,4967
3163,50;0,4962
3163,00;0,4960
3162,50;0,4959
3162,00;0,4959
3161,50;0,4959
3161,00;0,4959
3160,50;0,4957
3160,00;0,4954
3159,50;0,4951
3159,00;0,4950
3158,50;0,4949
3158,00;0,4948
3157,50;0,4947
3157,00;0,4944
3156,50;0,4941
3156,00;0,4935
3155,50;0,4929
3155,00;0,4923
3154,50;0,4920
3154,00;0,4921
3153,50;0,4924
3153,00;0,4928
3152,50;0,4929
3152,00;0,4928
3151,50;0,4925
3151,00;0,4921
3150,50;0,4916
3150,00;0,4911
3149,50;0,4907
3149,00;0,4904
3148,50;0,4903
3148,00;0,4901
3147,50;0,4898
3147,00;0,4892
3146,50;0,4885
3146,00;0,4876
3145,50;0,4865
3145,00;0,4856
3144,50;0,4850
3144,00;0,4845
3143,50;0,4841
3143,00;0,4838
3142,50;0,4833
3142,00;0,4828
3141,50;0,4823
3141,00;0,4817
3140,50;0,4810
3140,00;0,4801
3139,50;0,4792
3139,00;0,4784
3138,50;0,4780
3138,00;0,4781
3137,50;0,4784
3137,00;0,4784
3136,50;0,4780
3136,00;0,4773
3135,50;0,4765
3135,00;0,4756
3134,50;0,4747
3134,00;0,4737
3133,50;0,4727
3133,00;0,4718
3132,50;0,4709
3132,00;0,4700
3131,50;0,4692
3131,00;0,4684
3130,50;0,4679
3130,00;0,4674
3129,50;0,4670
3129,00;0,4664
3128,50;0,4658
3128,00;0,4651
3127,50;0,4641
3127,00;0,4630
3126,50;0,4617
3126,00;0,4606
3125,50;0,4598
3125,00;0,4592
3124,50;0,4585
3124,00;0,4577
3123,50;0,4568
3123,00;0,4561
3122,50;0,4555
3122,00;0,4546
3121,50;0,4534
3121,00;0,4520
3120,50;0,4507
3120,00;0,4498
3119,50;0,4492
3119,00;0,4485
3118,50;0,4475
3118,00;0,4460
3117,50;0,4444
3117,00;0,4430
3116,50;0,4419
3116,00;0,4410
3115,50;0,4402
3115,00;0,4392
3114,50;0,4381
3114,00;0,4368
3113,50;0,4354
3113,00;0,4342
3112,50;0,4330
3112,00;0,4320
3111,50;0,4310
3111,00;0,4300
3110,50;0,4290
3110,00;0,4279
3109,50;0,4265
3109,00;0,4250
3108,50;0,4234
3108,00;0,4221
3107,50;0,4211
3107,00;0,4203
3106,50;0,4194
3106,00;0,4182
3105,50;0,4169
3105,00;0,4156
3104,50;0,4143
3104,00;0,4131
3103,50;0,4119
3103,00;0,4109
3102,50;0,4100
3102,00;0,4089
3101,50;0,4075
3101,00;0,4059
3100,50;0,4041
3100,00;0,4024
3099,50;0,4008
3099,00;0,3994
3098,50;0,3982
3098,00;0,3971
3097,50;0,3958
3097,00;0,3943
3096,50;0,3925
3096,00;0,3909
3095,50;0,3895
3095,00;0,3884
3094,50;0,3872
3094,00;0,3860
3093,50;0,3848
3093,00;0,3838
3092,50;0,3828
3092,00;0,3817
3091,50;0,3803
3091,00;0,3788
3090,50;0,3774
3090,00;0,3761
3089,50;0,3748
3089,00;0,3736
3088,50;0,3722
3088,00;0,3709
3087,50;0,3695
3087,00;0,3682
3086,50;0,3668
3086,00;0,3653
3085,50;0,3636
3085,00;0,3620
3084,50;0,3604
3084,00;0,3591
3083,50;0,3579
3083,00;0,3568
3082,50;0,3556
3082,00;0,3543
3081,50;0,3529
3081,00;0,3515
3080,50;0,3501
3080,00;0,3489
3079,50;0,3476
3079,00;0,3463
3078,50;0,3448
3078,00;0,3432
3077,50;0,3415
3077,00;0,3399
3076,50;0,3385
3076,00;0,3372
3075,50;0,3362
3075,00;0,3354
3074,50;0,3346
3074,00;0,3335
3073,50;0,3321
3073,00;0,3305
3072,50;0,3287
3072,00;0,3270
3071,50;0,3256
3071,00;0,3243
3070,50;0,3232
3070,00;0,3221
3069,50;0,3211
3069,00;0,3200
3068,50;0,3187
3068,00;0,3170
3067,50;0,3150
3067,00;0,3133
3066,50;0,3120
3066,00;0,3112
3065,50;0,3104
3065,00;0,3094
3064,50;0,3082
3064,00;0,3070
3063,50;0,3058
3063,00;0,3047
3062,50;0,3035
3062,00;0,3021
3061,50;0,3005
3061,00;0,2991
3060,50;0,2978
3060,00;0,2968
3059,50;0,2957
3059,00;0,2946
3058,50;0,2933
3058,00;0,2922
3057,50;0,2912
3057,00;0,2902
3056,50;0,2893
3056,00;0,2883
3055,50;0,2873
3055,00;0,2863
3054,50;0,2852
3054,00;0,2840
3053,50;0,2828
3053,00;0,2817
3052,50;0,2808
3052,00;0,2799
3051,50;0,2788
3051,00;0,2775
3050,50;0,2759
3050,00;0,2746
3049,50;0,2736
3049,00;0,2727
3048,50;0,2719
3048,00;0,2709
3047,50;0,2699
3047,00;0,2690
3046,50;0,2680
3046,00;0,2669
3045,50;0,2657
3045,00;0,2645
3044,50;0,2633
3044,00;0,2623
3043,50;0,2615
3043,00;0,2607
3042,50;0,2599
3042,00;0,2589
3041,50;0,2580
3041,00;0,2571
3040,50;0,2563
3040,00;0,2554
3039,50;0,2544
3039,00;0,2533
3038,50;0,2524
3038,00;0,2516
3037,50;0,2510
3037,00;0,2503
3036,50;0,2497
3036,00;0,2489
3035,50;0,2479
3035,00;0,2467
3034,50;0,2455
3034,00;0,2444
3033,50;0,2435
3033,00;0,2427
3032,50;0,2420
3032,00;0,2413
3031,50;0,2406
3031,00;0,2400
3030,50;0,2393
3030,00;0,2385
3029,50;0,2377
3029,00;0,2370
3028,50;0,2362
3028,00;0,2355
3027,50;0,2347
3027,00;0,2339
3026,50;0,2331
3026,00;0,2324
3025,50;0,2317
3025,00;0,2311
3024,50;0,2305
3024,00;0,2299
3023,50;0,2292
3023,00;0,2285
3022,50;0,2279
3022,00;0,2272
3021,50;0,2263
3021,00;0,2254
3020,50;0,2246
3020,00;0,2239
3019,50;0,2232
3019,00;0,2226
3018,50;0,2220
3018,00;0,2214
3017,50;0,2208
3017,00;0,2204
3016,50;0,2199
3016,00;0,2192
3015,50;0,2184
3015,00;0,2176
3014,50;0,2169
3014,00;0,2162
3013,50;0,2155
3013,00;0,2148
3012,50;0,2142
3012,00;0,2138
3011,50;0,2133
3011,00;0,2128
3010,50;0,2123
3010,00;0,2118
3009,50;0,2113
3009,00;0,2107
3008,50;0,2101
3008,00;0,2096
3007,50;0,2090
3007,00;0,2083
3006,50;0,2076
3006,00;0,2070
3005,50;0,2066
3005,00;0,2062
3004,50;0,2058
3004,00;0,2052
3003,50;0,2046
3003,00;0,2039
3002,50;0,2034
3002,00;0,2029
3001,50;0,2025
3001,00;0,2021
3000,50;0,2015
3000,00;0,2010
2999,50;0,2004
2999,00;0,1999
2998,50;0,1993
2998,00;0,1988
2997,50;0,1981
2997,00;0,1975
2996,50;0,1968
2996,00;0,1960
2995,50;0,1954
2995,00;0,1950
2994,50;0,1947
2994,00;0,1945
2993,50;0,1942
2993,00;0,1938
2992,50;0,1933
2992,00;0,1927
2991,50;0,1921
2991,00;0,1916
2990,50;0,1913
2990,00;0,1909
2989,50;0,1906
2989,00;0,1903
2988,50;0,1898
2988,00;0,1893
2987,50;0,1887
2987,00;0,1881
2986,50;0,1877
2986,00;0,1873
2985,50;0,1871
2985,00;0,1867
2984,50;0,1863
2984,00;0,1858
2983,50;0,1852
2983,00;0,1847
2982,50;0,1843
2982,00;0,1840
2981,50;0,1836
2981,00;0,1832
2980,50;0,1828
2980,00;0,1826
2979,50;0,1823
2979,00;0,1821
2978,50;0,1816
2978,00;0,1810
2977,50;0,1804
2977,00;0,1799
2976,50;0,1794
2976,00;0,1790
2975,50;0,1785
2975,00;0,1780
2974,50;0,1776
2974,00;0,1773
2973,50;0,1770
2973,00;0,1767
2972,50;0,1764
2972,00;0,1762
2971,50;0,1759
2971,00;0,1756
2970,50;0,1752
2970,00;0,1749
2969,50;0,1746
2969,00;0,1742
2968,50;0,1737
2968,00;0,1730
2967,50;0,1724
2967,00;0,1720
2966,50;0,1718
2966,00;0,1716
2965,50;0,1714
2965,00;0,1712
2964,50;0,1708
2964,00;0,1703
2963,50;0,1699
2963,00;0,1696
2962,50;0,1694
2962,00;0,1689
2961,50;0,1684
2961,00;0,1679
2960,50;0,1675
2960,00;0,1672
2959,50;0,1669
2959,00;0,1668
2958,50;0,1666
2958,00;0,1663
2957,50;0,1657
2957,00;0,1650
2956,50;0,1644
2956,00;0,1638
2955,50;0,1634
2955,00;0,1629
2954,50;0,1624
2954,00;0,1619
2953,50;0,1614
2953,00;0,1612
2952,50;0,1610
2952,00;0,1608
2951,50;0,1604
2951,00;0,1599
2950,50;0,1594
2950,00;0,1589
2949,50;0,1585
2949,00;0,1582
2948,50;0,1580
2948,00;0,1578
2947,50;0,1576
2947,00;0,1574
2946,50;0,1571
2946,00;0,1566
2945,50;0,1562
2945,00;0,1559
2944,50;0,1557
2944,00;0,1556
2943,50;0,1554
2943,00;0,1552
2942,50;0,1550
2942,00;0,1549
2941,50;0,1548
2941,00;0,1546
2940,50;0,1543
2940,00;0,1540
2939,50;0,1538
2939,00;0,1536
2938,50;0,1536
2938,00;0,1537
2937,50;0,1537
2937,00;0,1535
2936,50;0,1533
2936,00;0,1531
2935,50;0,1528
2935,00;0,1526
2934,50;0,1523
2934,00;0,1521
2933,50;0,1518
2933,00;0,1515
2932,50;0,1512
2932,00;0,1509
2931,50;0,1507
2931,00;0,1503
2930,50;0,1500
2930,00;0,1497
2929,50;0,1494
2929,00;0,1492
2928,50;0,1489
2928,00;0,1487
2927,50;0,1486
2927,00;0,1484
2926,50;0,1482
2926,00;0,1478
2925,50;0,1474
2925,00;0,1472
2924,50;0,1472
2924,00;0,1470
2923,50;0,1466
2923,00;0,1460
2922,50;0,1456
2922,00;0,1453
2921,50;0,1452
2921,00;0,1452
2920,50;0,1452
2920,00;0,1452
2919,50;0,1452
2919,00;0,1451
2918,50;0,1450
2918,00;0,1449
2917,50;0,1449
2917,00;0,1448
2916,50;0,1447
2916,00;0,1446
2915,50;0,1446
2915,00;0,1446
2914,50;0,1445
2914,00;0,1444
2913,50;0,1440
2913,00;0,1437
2912,50;0,1434
2912,00;0,1433
2911,50;0,1431
2911,00;0,1429
2910,50;0,1424
2910,00;0,1418
2909,50;0,1413
2909,00;0,1409
2908,50;0,1408
2908,00;0,1407
2907,50;0,1407
2907,00;0,1407
2906,50;0,1404
2906,00;0,1400
2905,50;0,1397
2905,00;0,1394
2904,50;0,1393
2904,00;0,1392
2903,50;0,1391
2903,00;0,1391
2902,50;0,1390
2902,00;0,1390
2901,50;0,1389
2901,00;0,1389
2900,50;0,1388
2900,00;0,1387
2899,50;0,1383
2899,00;0,1379
2898,50;0,1375
2898,00;0,1372
2897,50;0,1370
2897,00;0,1368
2896,50;0,1367
2896,00;0,1366
2895,50;0,1364
2895,00;0,1362
2894,50;0,1360
2894,00;0,1359
2893,50;0,1357
2893,00;0,1355
2892,50;0,1353
2892,00;0,1352
2891,50;0,1351
2891,00;0,1350
2890,50;0,1350
2890,00;0,1350
2889,50;0,1348
2889,00;0,1346
2888,50;0,1342
2888,00;0,1338
2887,50;0,1336
2887,00;0,1337
2886,50;0,1340
2886,00;0,1342
2885,50;0,1342
2885,00;0,1341
2884,50;0,1337
2884,00;0,1332
2883,50;0,1327
2883,00;0,1325
2882,50;0,1326
2882,00;0,1326
2881,50;0,1326
2881,00;0,1324
2880,50;0,1322
2880,00;0,1320
2879,50;0,1319
2879,00;0,1317
2878,50;0,1315
2878,00;0,1315
2877,50;0,1315
2877,00;0,1314
2876,50;0,1311
2876,00;0,1308
2875,50;0,1306
2875,00;0,1305
2874,50;0,1303
2874,00;0,1301
2873,50;0,1298
2873,00;0,1295
2872,50;0,1292
2872,00;0,1290
2871,50;0,1289
2871,00;0,1287
2870,50;0,1286
2870,00;0,1285
2869,50;0,1285
2869,00;0,1285
2868,50;0,1284
2868,00;0,1282
2867,50;0,1280
2867,00;0,1278
2866,50;0,1278
2866,00;0,1278
2865,50;0,1279
2865,00;0,1279
2864,50;0,1279
2864,00;0,1278
2863,50;0,1275
2863,00;0,1271
2862,50;0,1269
2862,00;0,1267
2861,50;0,1267
2861,00;0,1266
2860,50;0,1265
2860,00;0,1265
2859,50;0,1263
2859,00;0,1262
2858,50;0,1260
2858,00;0,1258
2857,50;0,1257
2857,00;0,1256
2856,50;0,1255
2856,00;0,1254
2855,50;0,1253
2855,00;0,1251
2854,50;0,1249
2854,00;0,1247
2853,50;0,1245
2853,00;0,1245
2852,50;0,1244
2852,00;0,1243
2851,50;0,1242
2851,00;0,1244
2850,50;0,1246
2850,00;0,1249
2849,50;0,1252
2849,00;0,1255
2848,50;0,1257
2848,00;0,1258
2847,50;0,1258
2847,00;0,1256
2846,50;0,1254
2846,00;0,1250
2845,50;0,1246
2845,00;0,1243
2844,50;0,1240
2844,00;0,1238
2843,50;0,1236
2843,00;0,1233
2842,50;0,1231
2842,00;0,1230
2841,50;0,1230
2841,00;0,1229
2840,50;0,1228
2840,00;0,1226
2839,50;0,1223
2839,00;0,1222
2838,50;0,1221
2838,00;0,1222
2837,50;0,1224
2837,00;0,1225
2836,50;0,1225
2836,00;0,1223
2835,50;0,1222
2835,00;0,1221
2834,50;0,1220
2834,00;0,1220
2833,50;0,1220
2833,00;0,1221
2832,50;0,1222
2832,00;0,1222
2831,50;0,1220
2831,00;0,1216
2830,50;0,1213
2830,00;0,1212
2829,50;0,1212
2829,00;0,1213
2828,50;0,1213
2828,00;0,1212
2827,50;0,1211
2827,00;0,1210
2826,50;0,1208
2826,00;0,1208
2825,50;0,1208
2825,00;0,1208
2824,50;0,1209
2824,00;0,1209
2823,50;0,1208
2823,00;0,1207
2822,50;0,1205
2822,00;0,1203
2821,50;0,1201
2821,00;0,1200
2820,50;0,1200
2820,00;0,1201
2819,50;0,1202
2819,00;0,1203
2818,50;0,1205
2818,00;0,1205
2817,50;0,1205
2817,00;0,1202
2816,50;0,1198
2816,00;0,1195
2815,50;0,1192
2815,00;0,1191
2814,50;0,1190
2814,00;0,1191
2813,50;0,1193
2813,00;0,1194
2812,50;0,1194
2812,00;0,1192
2811,50;0,1190
2811,00;0,1189
2810,50;0,1188
2810,00;0,1187
2809,50;0,1187
2809,00;0,1187
2808,50;0,1186
2808,00;0,1186
2807,50;0,1186
2807,00;0,1186
2806,50;0,1186
2806,00;0,1186
2805,50;0,1185
2805,00;0,1183
2804,50;0,1181
2804,00;0,1180
2803,50;0,1179
2803,00;0,1179
2802,50;0,1179
2802,00;0,1180
2801,50;0,1181
2801,00;0,1181
2800,50;0,1181
2800,00;0,1180
2799,50;0,1178
2799,00;0,1177
2798,50;0,1176
2798,00;0,1177
2797,50;0,1177
2797,00;0,1176
2796,50;0,1175
2796,00;0,1174
2795,50;0,1173
2795,00;0,1173
2794,50;0,1174
2794,00;0,1173
2793,50;0,1172
2793,00;0,1171
2792,50;0,1170
2792,00;0,1169
2791,50;0,1169
2791,00;0,1169
2790,50;0,1170
2790,00;0,1170
2789,50;0,1169
2789,00;0,1169
2788,50;0,1168
2788,00;0,1167
2787,50;0,1166
2787,00;0,1165
2786,50;0,1164
2786,00;0,1164
2785,50;0,1163
2785,00;0,1162
2784,50;0,1161
2784,00;0,1160
2783,50;0,1160
2783,00;0,1161
2782,50;0,1161
2782,00;0,1162
2781,50;0,1162
2781,00;0,1163
2780,50;0,1162
2780,00;0,1161
2779,50;0,1159
2779,00;0,1158
2778,50;0,1157
2778,00;0,1156
2777,50;0,1155
2777,00;0,1154
2776,50;0,1154
2776,00;0,1154
2775,50;0,1155
2775,00;0,1156
2774,50;0,1157
2774,00;0,1157
2773,50;0,1156
2773,00;0,1156
2772,50;0,1155
2772,00;0,1154
2771,50;0,1154
2771,00;0,1155
2770,50;0,1157
2770,00;0,1157
2769,50;0,1156
2769,00;0,1154
2768,50;0,1152
2768,00;0,1149
2767,50;0,1147
2767,00;0,1146
2766,50;0,1146
2766,00;0,1147
2765,50;0,1148
2765,00;0,1149
2764,50;0,1150
2764,00;0,1149
2763,50;0,1147
2763,00;0,1145
2762,50;0,1144
2762,00;0,1145
2761,50;0,1147
2761,00;0,1148
2760,50;0,1148
2760,00;0,1148
2759,50;0,1148
2759,00;0,1147
2758,50;0,1145
2758,00;0,1144
2757,50;0,1144
2757,00;0,1144
2756,50;0,1144
2756,00;0,1143
2755,50;0,1141
2755,00;0,1140
2754,50;0,1140
2754,00;0,1140
2753,50;0,1141
2753,00;0,1142
2752,50;0,1142
2752,00;0,1142
2751,50;0,1143
2751,00;0,1144
2750,50;0,1145
2750,00;0,1144
2749,50;0,1143
2749,00;0,1142
2748,50;0,1141
2748,00;0,1141
2747,50;0,1141
2747,00;0,1142
2746,50;0,1143
2746,00;0,1144
2745,50;0,1144
2745,00;0,1144
2744,50;0,1142
2744,00;0,1140
2743,50;0,1138
2743,00;0,1137
2742,50;0,1137
2742,00;0,1137
2741,50;0,1137
2741,00;0,1137
2740,50;0,1138
2740,00;0,1138
2739,50;0,1138
2739,00;0,1137
2738,50;0,1136
2738,00;0,1135
2737,50;0,1134
2737,00;0,1133
2736,50;0,1134
2736,00;0,1135
2735,50;0,1136
2735,00;0,1138
2734,50;0,1138
2734,00;0,1138
2733,50;0,1138
2733,00;0,1137
2732,50;0,1136
2732,00;0,1133
2731,50;0,1131
2731,00;0,1129
2730,50;0,1129
2730,00;0,1129
2729,50;0,1130
2729,00;0,1131
2728,50;0,1131
2728,00;0,1131
2727,50;0,1131
2727,00;0,1131
2726,50;0,1130
2726,00;0,1129
2725,50;0,1128
2725,00;0,1130
2724,50;0,1132
2724,00;0,1133
2723,50;0,1133
2723,00;0,1134
2722,50;0,1134
2722,00;0,1134
2721,50;0,1133
2721,00;0,1131
2720,50;0,1129
2720,00;0,1128
2719,50;0,1128
2719,00;0,1129
2718,50;0,1130
2718,00;0,1132
2717,50;0,1134
2717,00;0,1134
2716,50;0,1132
2716,00;0,1129
2715,50;0,1128
2715,00;0,1128
2714,50;0,1129
2714,00;0,1131
2713,50;0,1131
2713,00;0,1131
2712,50;0,1131
2712,00;0,1132
2711,50;0,1132
2711,00;0,1131
2710,50;0,1130
2710,00;0,1128
2709,50;0,1126
2709,00;0,1126
2708,50;0,1126
2708,00;0,1127
2707,50;0,1128
2707,00;0,1128
2706,50;0,1128
2706,00;0,1127
2705,50;0,1126
2705,00;0,1126
2704,50;0,1127
2704,00;0,1128
2703,50;0,1128
2703,00;0,1128
2702,50;0,1127
2702,00;0,1127
2701,50;0,1126
2701,00;0,1127
2700,50;0,1127
2700,00;0,1127
2699,50;0,1126
2699,00;0,1126
2698,50;0,1127
2698,00;0,1128
2697,50;0,1130
2697,00;0,1131
2696,50;0,1130
2696,00;0,1129
2695,50;0,1127
2695,00;0,1127
2694,50;0,1127
2694,00;0,1128
2693,50;0,1129
2693,00;0,1130
2692,50;0,1130
2692,00;0,1130
2691,50;0,1128
2691,00;0,1127
2690,50;0,1126
2690,00;0,1126
2689,50;0,1125
2689,00;0,1125
2688,50;0,1125
2688,00;0,1124
2687,50;0,1124
2687,00;0,1124
2686,50;0,1125
2686,00;0,1125
2685,50;0,1126
2685,00;0,1127
2684,50;0,1127
2684,00;0,1127
2683,50;0,1127
2683,00;0,1128
2682,50;0,1128
2682,00;0,1128
2681,50;0,1128
2681,00;0,1127
2680,50;0,1128
2680,00;0,1128
2679,50;0,1129
2679,00;0,1129
2678,50;0,1128
2678,00;0,1127
2677,50;0,1126
2677,00;0,1125
2676,50;0,1125
2676,00;0,1126
2675,50;0,1126
2675,00;0,1126
2674,50;0,1126
2674,00;0,1125
2673,50;0,1124
2673,00;0,1124
2672,50;0,1125
2672,00;0,1125
2671,50;0,1126
2671,00;0,1126
2670,50;0,1128
2670,00;0,1129
2669,50;0,1130
2669,00;0,1130
2668,50;0,1129
2668,00;0,1127
2667,50;0,1126
2667,00;0,1126
2666,50;0,1127
2666,00;0,1128
2665,50;0,1130
2665,00;0,1131
2664,50;0,1131
2664,00;0,1130
2663,50;0,1129
2663,00;0,1127
2662,50;0,1127
2662,00;0,1126
2661,50;0,1126
2661,00;0,1124
2660,50;0,1122
2660,00;0,1120
2659,50;0,1118
2659,00;0,1117
2658,50;0,1116
2658,00;0,1116
2657,50;0,1117
2657,00;0,1118
2656,50;0,1118
2656,00;0,1119
2655,50;0,1120
2655,00;0,1121
2654,50;0,1121
2654,00;0,1120
2653,50;0,1119
2653,00;0,1117
2652,50;0,1117
2652,00;0,1117
2651,50;0,1117
2651,00;0,1117
2650,50;0,1116
2650,00;0,1116
2649,50;0,1115
2649,00;0,1114
2648,50;0,1114
2648,00;0,1114
2647,50;0,1115
2647,00;0,1116
2646,50;0,1118
2646,00;0,1119
2645,50;0,1119
2645,00;0,1118
2644,50;0,1116
2644,00;0,1115
2643,50;0,1115
2643,00;0,1116
2642,50;0,1116
2642,00;0,1117
2641,50;0,1118
2641,00;0,1119
2640,50;0,1120
2640,00;0,1120
2639,50;0,1119
2639,00;0,1118
2638,50;0,1117
2638,00;0,1117
2637,50;0,1116
2637,00;0,1115
2636,50;0,1114
2636,00;0,1113
2635,50;0,1113
2635,00;0,1114
2634,50;0,1115
2634,00;0,1117
2633,50;0,1119
2633,00;0,1119
2632,50;0,1117
2632,00;0,1114
2631,50;0,1112
2631,00;0,1112
2630,50;0,1114
2630,00;0,1116
2629,50;0,1120
2629,00;0,1122
2628,50;0,1123
2628,00;0,1122
2627,50;0,1120
2627,00;0,1120
2626,50;0,1122
2626,00;0,1125
2625,50;0,1126
2625,00;0,1127
2624,50;0,1126
2624,00;0,1124
2623,50;0,1121
2623,00;0,1118
2622,50;0,1115
2622,00;0,1114
2621,50;0,1115
2621,00;0,1118
2620,50;0,1122
2620,00;0,1125
2619,50;0,1126
2619,00;0,1126
2618,50;0,1125
2618,00;0,1123
2617,50;0,1121
2617,00;0,1121
2616,50;0,1122
2616,00;0,1124
2615,50;0,1126
2615,00;0,1126
2614,50;0,1126
2614,00;0,1126
2613,50;0,1127
2613,00;0,1128
2612,50;0,1129
2612,00;0,1129
2611,50;0,1128
2611,00;0,1126
2610,50;0,1125
2610,00;0,1124
2609,50;0,1125
2609,00;0,1128
2608,50;0,1130
2608,00;0,1131
2607,50;0,1131
2607,00;0,1129
2606,50;0,1128
2606,00;0,1126
2605,50;0,1126
2605,00;0,1126
2604,50;0,1126
2604,00;0,1127
2603,50;0,1129
2603,00;0,1132
2602,50;0,1133
2602,00;0,1131
2601,50;0,1126
2601,00;0,1123
2600,50;0,1124
2600,00;0,1125
2599,50;0,1125
2599,00;0,1124
2598,50;0,1124
2598,00;0,1126
2597,50;0,1129
2597,00;0,1130
2596,50;0,1130
2596,00;0,1128
2595,50;0,1127
2595,00;0,1127
2594,50;0,1128
2594,00;0,1132
2593,50;0,1135
2593,00;0,1137
2592,50;0,1138
2592,00;0,1139
2591,50;0,1140
2591,00;0,1140
2590,50;0,1138
2590,00;0,1136
2589,50;0,1133
2589,00;0,1131
2588,50;0,1129
2588,00;0,1129
2587,50;0,1133
2587,00;0,1141
2586,50;0,1148
2586,00;0,1151
2585,50;0,1149
2585,00;0,1145
2584,50;0,1142
2584,00;0,1139
2583,50;0,1137
2583,00;0,1134
2582,50;0,1131
2582,00;0,1131
2581,50;0,1133
2581,00;0,1136
2580,50;0,1137
2580,00;0,1134
2579,50;0,1132
2579,00;0,1131
2578,50;0,1133
2578,00;0,1136
2577,50;0,1138
2577,00;0,1138
2576,50;0,1138
2576,00;0,1139
2575,50;0,1140
2575,00;0,1141
2574,50;0,1142
2574,00;0,1144
2573,50;0,1144
2573,00;0,1143
2572,50;0,1140
2572,00;0,1135
2571,50;0,1132
2571,00;0,1131
2570,50;0,1131
2570,00;0,1132
2569,50;0,1135
2569,00;0,1140
2568,50;0,1146
2568,00;0,1149
2567,50;0,1150
2567,00;0,1152
2566,50;0,1154
2566,00;0,1155
2565,50;0,1152
2565,00;0,1147
2564,50;0,1141
2564,00;0,1138
2563,50;0,1138
2563,00;0,1144
2562,50;0,1150
2562,00;0,1155
2561,50;0,1157
2561,00;0,1157
2560,50;0,1155
2560,00;0,1151
2559,50;0,1145
2559,00;0,1140
2558,50;0,1140
2558,00;0,1145
2557,50;0,1154
2557,00;0,1165
2556,50;0,1175
2556,00;0,1179
2555,50;0,1176
2555,00;0,1166
2554,50;0,1155
2554,00;0,1145
2553,50;0,1137
2553,00;0,1131
2552,50;0,1129
2552,00;0,1131
2551,50;0,1136
2551,00;0,1142
2550,50;0,1148
2550,00;0,1152
2549,50;0,1155
2549,00;0,1156
2548,50;0,1156
2548,00;0,1153
2547,50;0,1150
2547,00;0,1148
2546,50;0,1149
2546,00;0,1151
2545,50;0,1154
2545,00;0,1156
2544,50;0,1157
2544,00;0,1159
2543,50;0,1159
2543,00;0,1157
2542,50;0,1153
2542,00;0,1152
2541,50;0,1153
2541,00;0,1155
2540,50;0,1159
2540,00;0,1163
2539,50;0,1166
2539,00;0,1167
2538,50;0,1167
2538,00;0,1168
2537,50;0,1169
2537,00;0,1167
2536,50;0,1161
2536,00;0,1153
2535,50;0,1148
2535,00;0,1147
2534,50;0,1149
2534,00;0,1153
2533,50;0,1156
2533,00;0,1157
2532,50;0,1158
2532,00;0,1156
2531,50;0,1154
2531,00;0,1151
2530,50;0,1149
2530,00;0,1148
2529,50;0,1150
2529,00;0,1153
2528,50;0,1159
2528,00;0,1165
2527,50;0,1168
2527,00;0,1168
2526,50;0,1166
2526,00;0,1163
2525,50;0,1160
2525,00;0,1160
2524,50;0,1160
2524,00;0,1160
2523,50;0,1160
2523,00;0,1162
2522,50;0,1164
2522,00;0,1167
2521,50;0,1167
2521,00;0,1165
2520,50;0,1162
2520,00;0,1161
2519,50;0,1161
2519,00;0,1163
2518,50;0,1165
2518,00;0,1167
2517,50;0,1169
2517,00;0,1169
2516,50;0,1166
2516,00;0,1164
2515,50;0,1165
2515,00;0,1169
2514,50;0,1175
2514,00;0,1179
2513,50;0,1182
2513,00;0,1184
2512,50;0,1184
2512,00;0,1181
2511,50;0,1175
2511,00;0,1167
2510,50;0,1162
2510,00;0,1159
2509,50;0,1162
2509,00;0,1169
2508,50;0,1178
2508,00;0,1187
2507,50;0,1189
2507,00;0,1182
2506,50;0,1168
2506,00;0,1153
2505,50;0,1144
2505,00;0,1145
2504,50;0,1157
2504,00;0,1173
2503,50;0,1188
2503,00;0,1197
2502,50;0,1197
2502,00;0,1190
2501,50;0,1178
2501,00;0,1167
2500,50;0,1161
2500,00;0,1160
2499,50;0,1163
2499,00;0,1170
2498,50;0,1179
2498,00;0,1189
2497,50;0,1197
2497,00;0,1199
2496,50;0,1195
2496,00;0,1188
2495,50;0,1183
2495,00;0,1182
2494,50;0,1186
2494,00;0,1191
2493,50;0,1195
2493,00;0,1199
2492,50;0,1202
2492,00;0,1203
2491,50;0,1199
2491,00;0,1192
2490,50;0,1186
2490,00;0,1182
2489,50;0,1184
2489,00;0,1190
2488,50;0,1197
2488,00;0,1202
2487,50;0,1200
2487,00;0,1192
2486,50;0,1181
2486,00;0,1175
2485,50;0,1175
2485,00;0,1179
2484,50;0,1185
2484,00;0,1190
2483,50;0,1194
2483,00;0,1197
2482,50;0,1198
2482,00;0,1195
2481,50;0,1191
2481,00;0,1185
2480,50;0,1182
2480,00;0,1184
2479,50;0,1189
2479,00;0,1196
2478,50;0,1203
2478,00;0,1208
2477,50;0,1211
2477,00;0,1212
2476,50;0,1210
2476,00;0,1207
2475,50;0,1204
2475,00;0,1202
2474,50;0,1203
2474,00;0,1206
2473,50;0,1211
2473,00;0,1217
2472,50;0,1224
2472,00;0,1229
2471,50;0,1227
2471,00;0,1220
2470,50;0,1212
2470,00;0,1208
2469,50;0,1207
2469,00;0,1210
2468,50;0,1214
2468,00;0,1221
2467,50;0,1228
2467,00;0,1230
2466,50;0,1226
2466,00;0,1222
2465,50;0,1220
2465,00;0,1220
2464,50;0,1221
2464,00;0,1220
2463,50;0,1220
2463,00;0,1221
2462,50;0,1225
2462,00;0,1231
2461,50;0,1236
2461,00;0,1238
2460,50;0,1236
2460,00;0,1233
2459,50;0,1232
2459,00;0,1234
2458,50;0,1239
2458,00;0,1246
2457,50;0,1253
2457,00;0,1260
2456,50;0,1263
2456,00;0,1263
2455,50;0,1261
2455,00;0,1259
2454,50;0,1258
2454,00;0,1260
2453,50;0,1264
2453,00;0,1268
2452,50;0,1271
2452,00;0,1274
2451,50;0,1277
2451,00;0,1279
2450,50;0,1280
2450,00;0,1281
2449,50;0,1282
2449,00;0,1282
2448,50;0,1284
2448,00;0,1287
2447,50;0,1293
2447,00;0,1299
2446,50;0,1303
2446,00;0,1305
2445,50;0,1309
2445,00;0,1313
2444,50;0,1316
2444,00;0,1316
2443,50;0,1318
2443,00;0,1323
2442,50;0,1330
2442,00;0,1335
2441,50;0,1340
2441,00;0,1343
2440,50;0,1344
2440,00;0,1346
2439,50;0,1349
2439,00;0,1356
2438,50;0,1363
2438,00;0,1370
2437,50;0,1377
2437,00;0,1387
2436,50;0,1398
2436,00;0,1407
2435,50;0,1413
2435,00;0,1418
2434,50;0,1424
2434,00;0,1432
2433,50;0,1441
2433,00;0,1452
2432,50;0,1463
2432,00;0,1473
2431,50;0,1482
2431,00;0,1491
2430,50;0,1499
2430,00;0,1507
2429,50;0,1513
2429,00;0,1520
2428,50;0,1527
2428,00;0,1533
2427,50;0,1540
2427,00;0,1551
2426,50;0,1564
2426,00;0,1576
2425,50;0,1583
2425,00;0,1586
2424,50;0,1585
2424,00;0,1584
2423,50;0,1584
2423,00;0,1586
2422,50;0,1590
2422,00;0,1593
2421,50;0,1594
2421,00;0,1592
2420,50;0,1589
2420,00;0,1586
2419,50;0,1582
2419,00;0,1578
2418,50;0,1573
2418,00;0,1565
2417,50;0,1557
2417,00;0,1550
2416,50;0,1547
2416,00;0,1547
2415,50;0,1546
2415,00;0,1540
2414,50;0,1531
2414,00;0,1520
2413,50;0,1507
2413,00;0,1497
2412,50;0,1489
2412,00;0,1485
2411,50;0,1483
2411,00;0,1482
2410,50;0,1479
2410,00;0,1473
2409,50;0,1465
2409,00;0,1457
2408,50;0,1449
2408,00;0,1442
2407,50;0,1435
2407,00;0,1428
2406,50;0,1423
2406,00;0,1419
2405,50;0,1416
2405,00;0,1415
2404,50;0,1413
2404,00;0,1409
2403,50;0,1405
2403,00;0,1400
2402,50;0,1396
2402,00;0,1392
2401,50;0,1387
2401,00;0,1380
2400,50;0,1373
2400,00;0,1369
2399,50;0,1365
2399,00;0,1359
2398,50;0,1351
2398,00;0,1344
2397,50;0,1340
2397,00;0,1339
2396,50;0,1339
2396,00;0,1339
2395,50;0,1337
2395,00;0,1335
2394,50;0,1332
2394,00;0,1328
2393,50;0,1324
2393,00;0,1320
2392,50;0,1317
2392,00;0,1316
2391,50;0,1317
2391,00;0,1317
2390,50;0,1316
2390,00;0,1313
2389,50;0,1311
2389,00;0,1311
2388,50;0,1309
2388,00;0,1306
2387,50;0,1301
2387,00;0,1295
2386,50;0,1289
2386,00;0,1285
2385,50;0,1284
2385,00;0,1284
2384,50;0,1284
2384,00;0,1284
2383,50;0,1280
2383,00;0,1275
2382,50;0,1270
2382,00;0,1265
2381,50;0,1261
2381,00;0,1260
2380,50;0,1261
2380,00;0,1263
2379,50;0,1266
2379,00;0,1266
2378,50;0,1264
2378,00;0,1261
2377,50;0,1257
2377,00;0,1255
2376,50;0,1255
2376,00;0,1255
2375,50;0,1254
2375,00;0,1252
2374,50;0,1250
2374,00;0,1248
2373,50;0,1247
2373,00;0,1245
2372,50;0,1241
2372,00;0,1237
2371,50;0,1233
2371,00;0,1229
2370,50;0,1228
2370,00;0,1228
2369,50;0,1230
2369,00;0,1233
2368,50;0,1233
2368,00;0,1231
2367,50;0,1228
2367,00;0,1225
2366,50;0,1224
2366,00;0,1222
2365,50;0,1223
2365,00;0,1225
2364,50;0,1226
2364,00;0,1228
2363,50;0,1228
2363,00;0,1228
2362,50;0,1228
2362,00;0,1227
2361,50;0,1226
2361,00;0,1224
2360,50;0,1222
2360,00;0,1219
2359,50;0,1217
2359,00;0,1216
2358,50;0,1215
2358,00;0,1219
2357,50;0,1219
2357,00;0,1225
2356,50;0,1216
2356,00;0,1200
2355,50;0,1200
2355,00;0,1194
2354,50;0,1192
2354,00;0,1190
2353,50;0,1190
2353,00;0,1189
2352,50;0,1188
2352,00;0,1187
2351,50;0,1186
2351,00;0,1185
2350,50;0,1187
2350,00;0,1186
2349,50;0,1190
2349,00;0,1182
2348,50;0,1203
2348,00;0,1229
2347,50;0,1224
2347,00;0,1229
2346,50;0,1229
2346,00;0,1231
2345,50;0,1229
2345,00;0,1229
2344,50;0,1232
2344,00;0,1234
2343,50;0,1237
2343,00;0,1243
2342,50;0,1249
2342,00;0,1250
2341,50;0,1252
2341,00;0,1256
2340,50;0,1256
2340,00;0,1253
2339,50;0,1252
2339,00;0,1248
2338,50;0,1243
2338,00;0,1242
2337,50;0,1243
2337,00;0,1242
2336,50;0,1239
2336,00;0,1239
2335,50;0,1239
2335,00;0,1236
2334,50;0,1233
2334,00;0,1230
2333,50;0,1229
2333,00;0,1229
2332,50;0,1231
2332,00;0,1235
2331,50;0,1237
2331,00;0,1235
2330,50;0,1232
2330,00;0,1230
2329,50;0,1229
2329,00;0,1227
2328,50;0,1227
2328,00;0,1230
2327,50;0,1228
2327,00;0,1219
2326,50;0,1211
2326,00;0,1205
2325,50;0,1199
2325,00;0,1193
2324,50;0,1195
2324,00;0,1201
2323,50;0,1203
2323,00;0,1205
2322,50;0,1214
2322,00;0,1221
2321,50;0,1219
2321,00;0,1216
2320,50;0,1221
2320,00;0,1227
2319,50;0,1224
2319,00;0,1221
2318,50;0,1225
2318,00;0,1230
2317,50;0,1228
2317,00;0,1227
2316,50;0,1234
2316,00;0,1238
2315,50;0,1233
2315,00;0,1228
2314,50;0,1231
2314,00;0,1235
2313,50;0,1233
2313,00;0,1232
2312,50;0,1237
2312,00;0,1242
2311,50;0,1240
2311,00;0,1237
2310,50;0,1240
2310,00;0,1245
2309,50;0,1245
2309,00;0,1242
2308,50;0,1244
2308,00;0,1249
2307,50;0,1251
2307,00;0,1249
2306,50;0,1251
2306,00;0,1254
2305,50;0,1254
2305,00;0,1251
2304,50;0,1251
2304,00;0,1256
2303,50;0,1260
2303,00;0,1259
2302,50;0,1259
2302,00;0,1264
2301,50;0,1272
2301,00;0,1277
2300,50;0,1276
2300,00;0,1274
2299,50;0,1272
2299,00;0,1269
2298,50;0,1266
2298,00;0,1263
2297,50;0,1263
2297,00;0,1266
2296,50;0,1272
2296,00;0,1278
2295,50;0,1284
2295,00;0,1287
2294,50;0,1285
2294,00;0,1282
2293,50;0,1279
2293,00;0,1276
2292,50;0,1272
2292,00;0,1270
2291,50;0,1268
2291,00;0,1270
2290,50;0,1272
2290,00;0,1275
2289,50;0,1276
2289,00;0,1278
2288,50;0,1280
2288,00;0,1282
2287,50;0,1284
2287,00;0,1286
2286,50;0,1287
2286,00;0,1289
2285,50;0,1291
2285,00;0,1292
2284,50;0,1292
2284,00;0,1291
2283,50;0,1288
2283,00;0,1284
2282,50;0,1281
2282,00;0,1279
2281,50;0,1278
2281,00;0,1281
2280,50;0,1287
2280,00;0,1295
2279,50;0,1303
2279,00;0,1308
2278,50;0,1309
2278,00;0,1305
2277,50;0,1300
2277,00;0,1294
2276,50;0,1293
2276,00;0,1295
2275,50;0,1300
2275,00;0,1305
2274,50;0,1308
2274,00;0,1307
2273,50;0,1303
2273,00;0,1300
2272,50;0,1299
2272,00;0,1303
2271,50;0,1308
2271,00;0,1314
2270,50;0,1318
2270,00;0,1322
2269,50;0,1326
2269,00;0,1329
2268,50;0,1330
2268,00;0,1329
2267,50;0,1325
2267,00;0,1319
2266,50;0,1312
2266,00;0,1308
2265,50;0,1309
2265,00;0,1315
2264,50;0,1322
2264,00;0,1325
2263,50;0,1324
2263,00;0,1320
2262,50;0,1314
2262,00;0,1308
2261,50;0,1303
2261,00;0,1302
2260,50;0,1306
2260,00;0,1311
2259,50;0,1316
2259,00;0,1317
2258,50;0,1314
2258,00;0,1310
2257,50;0,1306
2257,00;0,1305
2256,50;0,1307
2256,00;0,1310
2255,50;0,1315
2255,00;0,1321
2254,50;0,1328
2254,00;0,1331
2253,50;0,1332
2253,00;0,1332
2252,50;0,1330
2252,00;0,1325
2251,50;0,1319
2251,00;0,1313
2250,50;0,1311
2250,00;0,1313
2249,50;0,1317
2249,00;0,1322
2248,50;0,1327
2248,00;0,1329
2247,50;0,1328
2247,00;0,1323
2246,50;0,1318
2246,00;0,1314
2245,50;0,1312
2245,00;0,1313
2244,50;0,1318
2244,00;0,1326
2243,50;0,1331
2243,00;0,1331
2242,50;0,1325
2242,00;0,1318
2241,50;0,1314
2241,00;0,1313
2240,50;0,1316
2240,00;0,1322
2239,50;0,1328
2239,00;0,1333
2238,50;0,1336
2238,00;0,1338
2237,50;0,1337
2237,00;0,1334
2236,50;0,1327
2236,00;0,1321
2235,50;0,1317
2235,00;0,1317
2234,50;0,1319
2234,00;0,1323
2233,50;0,1331
2233,00;0,1341
2232,50;0,1350
2232,00;0,1352
2231,50;0,1344
2231,00;0,1331
2230,50;0,1321
2230,00;0,1317
2229,50;0,1316
2229,00;0,1317
2228,50;0,1322
2228,00;0,1329
2227,50;0,1334
2227,00;0,1330
2226,50;0,1321
2226,00;0,1311
2225,50;0,1308
2225,00;0,1312
2224,50;0,1320
2224,00;0,1327
2223,50;0,1329
2223,00;0,1326
2222,50;0,1320
2222,00;0,1316
2221,50;0,1315
2221,00;0,1318
2220,50;0,1323
2220,00;0,1328
2219,50;0,1329
2219,00;0,1325
2218,50;0,1319
2218,00;0,1317
2217,50;0,1321
2217,00;0,1330
2216,50;0,1336
2216,00;0,1334
2215,50;0,1324
2215,00;0,1313
2214,50;0,1305
2214,00;0,1304
2213,50;0,1309
2213,00;0,1316
2212,50;0,1321
2212,00;0,1325
2211,50;0,1327
2211,00;0,1328
2210,50;0,1325
2210,00;0,1320
2209,50;0,1314
2209,00;0,1311
2208,50;0,1313
2208,00;0,1319
2207,50;0,1327
2207,00;0,1335
2206,50;0,1343
2206,00;0,1349
2205,50;0,1348
2205,00;0,1341
2204,50;0,1329
2204,00;0,1318
2203,50;0,1310
2203,00;0,1309
2202,50;0,1311
2202,00;0,1312
2201,50;0,1309
2201,00;0,1305
2200,50;0,1305
2200,00;0,1312
2199,50;0,1320
2199,00;0,1324
2198,50;0,1319
2198,00;0,1308
2197,50;0,1301
2197,00;0,1303
2196,50;0,1312
2196,00;0,1320
2195,50;0,1319
2195,00;0,1312
2194,50;0,1304
2194,00;0,1302
2193,50;0,1306
2193,00;0,1310
2192,50;0,1310
2192,00;0,1308
2191,50;0,1306
2191,00;0,1303
2190,50;0,1300
2190,00;0,1295
2189,50;0,1290
2189,00;0,1289
2188,50;0,1295
2188,00;0,1308
2187,50;0,1325
2187,00;0,1337
2186,50;0,1338
2186,00;0,1331
2185,50;0,1320
2185,00;0,1312
2184,50;0,1306
2184,00;0,1298
2183,50;0,1292
2183,00;0,1294
2182,50;0,1304
2182,00;0,1314
2181,50;0,1318
2181,00;0,1312
2180,50;0,1298
2180,00;0,1280
2179,50;0,1266
2179,00;0,1262
2178,50;0,1265
2178,00;0,1271
2177,50;0,1275
2177,00;0,1283
2176,50;0,1297
2176,00;0,1314
2175,50;0,1325
2175,00;0,1327
2174,50;0,1319
2174,00;0,1302
2173,50;0,1277
2173,00;0,1252
2172,50;0,1235
2172,00;0,1233
2171,50;0,1244
2171,00;0,1263
2170,50;0,1284
2170,00;0,1299
2169,50;0,1300
2169,00;0,1286
2168,50;0,1265
2168,00;0,1248
2167,50;0,1241
2167,00;0,1242
2166,50;0,1247
2166,00;0,1252
2165,50;0,1256
2165,00;0,1258
2164,50;0,1255
2164,00;0,1249
2163,50;0,1244
2163,00;0,1239
2162,50;0,1233
2162,00;0,1223
2161,50;0,1213
2161,00;0,1219
2160,50;0,1247
2160,00;0,1285
2159,50;0,1313
2159,00;0,1327
2158,50;0,1332
2158,00;0,1333
2157,50;0,1328
2157,00;0,1317
2156,50;0,1306
2156,00;0,1300
2155,50;0,1298
2155,00;0,1301
2154,50;0,1309
2154,00;0,1319
2153,50;0,1318
2153,00;0,1303
2152,50;0,1282
2152,00;0,1266
2151,50;0,1263
2151,00;0,1267
2150,50;0,1274
2150,00;0,1281
2149,50;0,1288
2149,00;0,1295
2148,50;0,1301
2148,00;0,1302
2147,50;0,1294
2147,00;0,1281
2146,50;0,1270
2146,00;0,1264
2145,50;0,1263
2145,00;0,1263
2144,50;0,1264
2144,00;0,1265
2143,50;0,1265
2143,00;0,1263
2142,50;0,1263
2142,00;0,1265
2141,50;0,1266
2141,00;0,1264
2140,50;0,1263
2140,00;0,1265
2139,50;0,1271
2139,00;0,1277
2138,50;0,1280
2138,00;0,1279
2137,50;0,1274
2137,00;0,1268
2136,50;0,1265
2136,00;0,1268
2135,50;0,1278
2135,00;0,1290
2134,50;0,1300
2134,00;0,1301
2133,50;0,1295
2133,00;0,1284
2132,50;0,1273
2132,00;0,1266
2131,50;0,1262
2131,00;0,1261
2130,50;0,1260
2130,00;0,1259
2129,50;0,1259
2129,00;0,1259
2128,50;0,1262
2128,00;0,1267
2127,50;0,1271
2127,00;0,1271
2126,50;0,1267
2126,00;0,1263
2125,50;0,1259
2125,00;0,1256
2124,50;0,1250
2124,00;0,1241
2123,50;0,1234
2123,00;0,1232
2122,50;0,1237
2122,00;0,1243
2121,50;0,1246
2121,00;0,1244
2120,50;0,1238
2120,00;0,1231
2119,50;0,1227
2119,00;0,1227
2118,50;0,1228
2118,00;0,1231
2117,50;0,1233
2117,00;0,1233
2116,50;0,1231
2116,00;0,1225
2115,50;0,1220
2115,00;0,1216
2114,50;0,1214
2114,00;0,1213
2113,50;0,1212
2113,00;0,1211
2112,50;0,1212
2112,00;0,1213
2111,50;0,1214
2111,00;0,1215
2110,50;0,1216
2110,00;0,1215
2109,50;0,1211
2109,00;0,1206
2108,50;0,1203
2108,00;0,1202
2107,50;0,1201
2107,00;0,1200
2106,50;0,1201
2106,00;0,1205
2105,50;0,1211
2105,00;0,1215
2104,50;0,1216
2104,00;0,1214
2103,50;0,1213
2103,00;0,1211
2102,50;0,1209
2102,00;0,1207
2101,50;0,1204
2101,00;0,1202
2100,50;0,1198
2100,00;0,1194
2099,50;0,1189
2099,00;0,1187
2098,50;0,1187
2098,00;0,1189
2097,50;0,1191
2097,00;0,1193
2096,50;0,1198
2096,00;0,1204
2095,50;0,1207
2095,00;0,1206
2094,50;0,1203
2094,00;0,1205
2093,50;0,1211
2093,00;0,1218
2092,50;0,1221
2092,00;0,1219
2091,50;0,1214
2091,00;0,1209
2090,50;0,1204
2090,00;0,1201
2089,50;0,1201
2089,00;0,1202
2088,50;0,1199
2088,00;0,1193
2087,50;0,1185
2087,00;0,1180
2086,50;0,1181
2086,00;0,1187
2085,50;0,1195
2085,00;0,1198
2084,50;0,1197
2084,00;0,1193
2083,50;0,1189
2083,00;0,1188
2082,50;0,1187
2082,00;0,1187
2081,50;0,1186
2081,00;0,1184
2080,50;0,1182
2080,00;0,1180
2079,50;0,1181
2079,00;0,1183
2078,50;0,1187
2078,00;0,1192
2077,50;0,1195
2077,00;0,1196
2076,50;0,1197
2076,00;0,1202
2075,50;0,1208
2075,00;0,1209
2074,50;0,1205
2074,00;0,1201
2073,50;0,1197
2073,00;0,1195
2072,50;0,1191
2072,00;0,1186
2071,50;0,1182
2071,00;0,1181
2070,50;0,1182
2070,00;0,1186
2069,50;0,1189
2069,00;0,1192
2068,50;0,1193
2068,00;0,1193
2067,50;0,1192
2067,00;0,1188
2066,50;0,1184
2066,00;0,1183
2065,50;0,1183
2065,00;0,1182
2064,50;0,1179
2064,00;0,1175
2063,50;0,1169
2063,00;0,1164
2062,50;0,1162
2062,00;0,1164
2061,50;0,1171
2061,00;0,1180
2060,50;0,1188
2060,00;0,1194
2059,50;0,1197
2059,00;0,1196
2058,50;0,1193
2058,00;0,1189
2057,50;0,1186
2057,00;0,1183
2056,50;0,1180
2056,00;0,1177
2055,50;0,1175
2055,00;0,1173
2054,50;0,1170
2054,00;0,1166
2053,50;0,1160
2053,00;0,1151
2052,50;0,1136
2052,00;0,1121
2051,50;0,1111
2051,00;0,1113
2050,50;0,1123
2050,00;0,1133
2049,50;0,1138
2049,00;0,1137
2048,50;0,1138
2048,00;0,1142
2047,50;0,1149
2047,00;0,1159
2046,50;0,1171
2046,00;0,1189
2045,50;0,1209
2045,00;0,1224
2044,50;0,1224
2044,00;0,1210
2043,50;0,1190
2043,00;0,1172
2042,50;0,1158
2042,00;0,1149
2041,50;0,1144
2041,00;0,1143
2040,50;0,1145
2040,00;0,1149
2039,50;0,1156
2039,00;0,1164
2038,50;0,1171
2038,00;0,1169
2037,50;0,1155
2037,00;0,1137
2036,50;0,1122
2036,00;0,1115
2035,50;0,1112
2035,00;0,1111
2034,50;0,1116
2034,00;0,1129
2033,50;0,1148
2033,00;0,1165
2032,50;0,1174
2032,00;0,1177
2031,50;0,1180
2031,00;0,1185
2030,50;0,1188
2030,00;0,1183
2029,50;0,1173
2029,00;0,1164
2028,50;0,1165
2028,00;0,1175
2027,50;0,1185
2027,00;0,1186
2026,50;0,1177
2026,00;0,1166
2025,50;0,1161
2025,00;0,1164
2024,50;0,1169
2024,00;0,1171
2023,50;0,1168
2023,00;0,1162
2022,50;0,1157
2022,00;0,1155
2021,50;0,1157
2021,00;0,1161
2020,50;0,1167
2020,00;0,1171
2019,50;0,1171
2019,00;0,1167
2018,50;0,1162
2018,00;0,1162
2017,50;0,1168
2017,00;0,1175
2016,50;0,1180
2016,00;0,1181
2015,50;0,1177
2015,00;0,1171
2014,50;0,1168
2014,00;0,1167
2013,50;0,1168
2013,00;0,1168
2012,50;0,1167
2012,00;0,1167
2011,50;0,1169
2011,00;0,1173
2010,50;0,1172
2010,00;0,1163
2009,50;0,1148
2009,00;0,1136
2008,50;0,1140
2008,00;0,1163
2007,50;0,1195
2007,00;0,1221
2006,50;0,1231
2006,00;0,1227
2005,50;0,1217
2005,00;0,1206
2004,50;0,1199
2004,00;0,1196
2003,50;0,1198
2003,00;0,1201
2002,50;0,1202
2002,00;0,1199
2001,50;0,1192
2001,00;0,1186
2000,50;0,1179
2000,00;0,1173
1999,50;0,1168
1999,00;0,1168
1998,50;0,1176
1998,00;0,1185
1997,50;0,1188
1997,00;0,1182
1996,50;0,1175
1996,00;0,1173
1995,50;0,1176
1995,00;0,1179
1994,50;0,1179
1994,00;0,1176
1993,50;0,1172
1993,00;0,1168
1992,50;0,1165
1992,00;0,1161
1991,50;0,1157
1991,00;0,1150
1990,50;0,1143
1990,00;0,1143
1989,50;0,1151
1989,00;0,1161
1988,50;0,1165
1988,00;0,1161
1987,50;0,1158
1987,00;0,1164
1986,50;0,1175
1986,00;0,1185
1985,50;0,1186
1985,00;0,1181
1984,50;0,1175
1984,00;0,1171
1983,50;0,1167
1983,00;0,1160
1982,50;0,1151
1982,00;0,1144
1981,50;0,1144
1981,00;0,1148
1980,50;0,1154
1980,00;0,1160
1979,50;0,1165
1979,00;0,1169
1978,50;0,1173
1978,00;0,1176
1977,50;0,1182
1977,00;0,1190
1976,50;0,1199
1976,00;0,1204
1975,50;0,1204
1975,00;0,1198
1974,50;0,1190
1974,00;0,1184
1973,50;0,1182
1973,00;0,1183
1972,50;0,1184
1972,00;0,1184
1971,50;0,1186
1971,00;0,1189
1970,50;0,1194
1970,00;0,1196
1969,50;0,1195
1969,00;0,1195
1968,50;0,1200
1968,00;0,1208
1967,50;0,1216
1967,00;0,1214
1966,50;0,1203
1966,00;0,1189
1965,50;0,1181
1965,00;0,1182
1964,50;0,1190
1964,00;0,1198
1963,50;0,1202
1963,00;0,1198
1962,50;0,1190
1962,00;0,1182
1961,50;0,1182
1961,00;0,1187
1960,50;0,1195
1960,00;0,1200
1959,50;0,1203
1959,00;0,1205
1958,50;0,1209
1958,00;0,1213
1957,50;0,1216
1957,00;0,1217
1956,50;0,1212
1956,00;0,1201
1955,50;0,1188
1955,00;0,1177
1954,50;0,1175
1954,00;0,1181
1953,50;0,1190
1953,00;0,1197
1952,50;0,1200
1952,00;0,1201
1951,50;0,1202
1951,00;0,1199
1950,50;0,1194
1950,00;0,1188
1949,50;0,1186
1949,00;0,1187
1948,50;0,1189
1948,00;0,1189
1947,50;0,1188
1947,00;0,1186
1946,50;0,1187
1946,00;0,1189
1945,50;0,1192
1945,00;0,1196
1944,50;0,1198
1944,00;0,1198
1943,50;0,1195
1943,00;0,1189
1942,50;0,1182
1942,00;0,1178
1941,50;0,1178
1941,00;0,1185
1940,50;0,1196
1940,00;0,1208
1939,50;0,1217
1939,00;0,1220
1938,50;0,1217
1938,00;0,1209
1937,50;0,1202
1937,00;0,1197
1936,50;0,1194
1936,00;0,1193
1935,50;0,1192
1935,00;0,1191
1934,50;0,1192
1934,00;0,1197
1933,50;0,1203
1933,00;0,1208
1932,50;0,1210
1932,00;0,1208
1931,50;0,1205
1931,00;0,1203
1930,50;0,1202
1930,00;0,1202
1929,50;0,1201
1929,00;0,1198
1928,50;0,1194
1928,00;0,1191
1927,50;0,1192
1927,00;0,1197
1926,50;0,1200
1926,00;0,1200
1925,50;0,1197
1925,00;0,1193
1924,50;0,1190
1924,00;0,1188
1923,50;0,1187
1923,00;0,1186
1922,50;0,1187
1922,00;0,1188
1921,50;0,1189
1921,00;0,1187
1920,50;0,1185
1920,00;0,1186
1919,50;0,1190
1919,00;0,1197
1918,50;0,1201
1918,00;0,1203
1917,50;0,1205
1917,00;0,1206
1916,50;0,1207
1916,00;0,1205
1915,50;0,1200
1915,00;0,1194
1914,50;0,1190
1914,00;0,1189
1913,50;0,1192
1913,00;0,1195
1912,50;0,1198
1912,00;0,1200
1911,50;0,1200
1911,00;0,1200
1910,50;0,1200
1910,00;0,1200
1909,50;0,1201
1909,00;0,1202
1908,50;0,1203
1908,00;0,1203
1907,50;0,1202
1907,00;0,1201
1906,50;0,1202
1906,00;0,1203
1905,50;0,1203
1905,00;0,1200
1904,50;0,1197
1904,00;0,1195
1903,50;0,1197
1903,00;0,1202
1902,50;0,1208
1902,00;0,1213
1901,50;0,1216
1901,00;0,1216
1900,50;0,1214
1900,00;0,1211
1899,50;0,1209
1899,00;0,1208
1898,50;0,1209
1898,00;0,1209
1897,50;0,1209
1897,00;0,1209
1896,50;0,1209
1896,00;0,1209
1895,50;0,1208
1895,00;0,1209
1894,50;0,1210
1894,00;0,1210
1893,50;0,1210
1893,00;0,1211
1892,50;0,1213
1892,00;0,1217
1891,50;0,1218
1891,00;0,1216
1890,50;0,1210
1890,00;0,1205
1889,50;0,1201
1889,00;0,1199
1888,50;0,1199
1888,00;0,1198
1887,50;0,1198
1887,00;0,1200
1886,50;0,1205
1886,00;0,1212
1885,50;0,1217
1885,00;0,1217
1884,50;0,1214
1884,00;0,1211
1883,50;0,1211
1883,00;0,1212
1882,50;0,1213
1882,00;0,1213
1881,50;0,1213
1881,00;0,1213
1880,50;0,1213
1880,00;0,1212
1879,50;0,1212
1879,00;0,1211
1878,50;0,1210
1878,00;0,1211
1877,50;0,1214
1877,00;0,1217
1876,50;0,1219
1876,00;0,1219
1875,50;0,1219
1875,00;0,1220
1874,50;0,1222
1874,00;0,1223
1873,50;0,1222
1873,00;0,1221
1872,50;0,1221
1872,00;0,1223
1871,50;0,1224
1871,00;0,1226
1870,50;0,1227
1870,00;0,1228
1869,50;0,1228
1869,00;0,1227
1868,50;0,1223
1868,00;0,1219
1867,50;0,1217
1867,00;0,1218
1866,50;0,1220
1866,00;0,1222
1865,50;0,1223
1865,00;0,1221
1864,50;0,1218
1864,00;0,1216
1863,50;0,1217
1863,00;0,1220
1862,50;0,1224
1862,00;0,1226
1861,50;0,1226
1861,00;0,1226
1860,50;0,1226
1860,00;0,1227
1859,50;0,1228
1859,00;0,1230
1858,50;0,1230
1858,00;0,1231
1857,50;0,1230
1857,00;0,1231
1856,50;0,1233
1856,00;0,1235
1855,50;0,1235
1855,00;0,1234
1854,50;0,1231
1854,00;0,1230
1853,50;0,1230
1853,00;0,1230
1852,50;0,1231
1852,00;0,1231
1851,50;0,1231
1851,00;0,1232
1850,50;0,1234
1850,00;0,1236
1849,50;0,1239
1849,00;0,1241
1848,50;0,1244
1848,00;0,1245
1847,50;0,1244
1847,00;0,1243
1846,50;0,1242
1846,00;0,1242
1845,50;0,1243
1845,00;0,1244
1844,50;0,1244
1844,00;0,1244
1843,50;0,1244
1843,00;0,1244
1842,50;0,1244
1842,00;0,1244
1841,50;0,1245
1841,00;0,1247
1840,50;0,1249
1840,00;0,1250
1839,50;0,1249
1839,00;0,1247
1838,50;0,1244
1838,00;0,1242
1837,50;0,1241
1837,00;0,1241
1836,50;0,1241
1836,00;0,1242
1835,50;0,1243
1835,00;0,1244
1834,50;0,1246
1834,00;0,1248
1833,50;0,1250
1833,00;0,1251
1832,50;0,1251
1832,00;0,1249
1831,50;0,1246
1831,00;0,1245
1830,50;0,1246
1830,00;0,1247
1829,50;0,1248
1829,00;0,1247
1828,50;0,1247
1828,00;0,1248
1827,50;0,1251
1827,00;0,1253
1826,50;0,1256
1826,00;0,1257
1825,50;0,1257
1825,00;0,1257
1824,50;0,1255
1824,00;0,1252
1823,50;0,1249
1823,00;0,1248
1822,50;0,1250
1822,00;0,1254
1821,50;0,1259
1821,00;0,1261
1820,50;0,1260
1820,00;0,1256
1819,50;0,1254
1819,00;0,1255
1818,50;0,1261
1818,00;0,1269
1817,50;0,1274
1817,00;0,1274
1816,50;0,1270
1816,00;0,1264
1815,50;0,1260
1815,00;0,1257
1814,50;0,1256
1814,00;0,1257
1813,50;0,1259
1813,00;0,1263
1812,50;0,1266
1812,00;0,1267
1811,50;0,1267
1811,00;0,1268
1810,50;0,1270
1810,00;0,1272
1809,50;0,1274
1809,00;0,1275
1808,50;0,1276
1808,00;0,1275
1807,50;0,1273
1807,00;0,1269
1806,50;0,1267
1806,00;0,1266
1805,50;0,1269
1805,00;0,1273
1804,50;0,1277
1804,00;0,1279
1803,50;0,1279
1803,00;0,1278
1802,50;0,1279
1802,00;0,1279
1801,50;0,1280
1801,00;0,1279
1800,50;0,1277
1800,00;0,1273
1799,50;0,1270
1799,00;0,1270
1798,50;0,1272
1798,00;0,1274
1797,50;0,1276
1797,00;0,1277
1796,50;0,1279
1796,00;0,1280
1795,50;0,1281
1795,00;0,1281
1794,50;0,1281
1794,00;0,1281
1793,50;0,1283
1793,00;0,1284
1792,50;0,1286
1792,00;0,1289
1791,50;0,1291
1791,00;0,1292
1790,50;0,1293
1790,00;0,1293
1789,50;0,1293
1789,00;0,1293
1788,50;0,1294
1788,00;0,1296
1787,50;0,1297
1787,00;0,1298
1786,50;0,1298
1786,00;0,1297
1785,50;0,1296
1785,00;0,1297
1784,50;0,1297
1784,00;0,1296
1783,50;0,1295
1783,00;0,1294
1782,50;0,1295
1782,00;0,1297
1781,50;0,1299
1781,00;0,1300
1780,50;0,1300
1780,00;0,1299
1779,50;0,1299
1779,00;0,1299
1778,50;0,1302
1778,00;0,1305
1777,50;0,1308
1777,00;0,1308
1776,50;0,1308
1776,00;0,1309
1775,50;0,1311
1775,00;0,1313
1774,50;0,1316
1774,00;0,1317
1773,50;0,1319
1773,00;0,1319
1772,50;0,1317
1772,00;0,1315
1771,50;0,1314
1771,00;0,1315
1770,50;0,1317
1770,00;0,1320
1769,50;0,1323
1769,00;0,1325
1768,50;0,1326
1768,00;0,1327
1767,50;0,1327
1767,00;0,1328
1766,50;0,1328
1766,00;0,1329
1765,50;0,1329
1765,00;0,1330
1764,50;0,1331
1764,00;0,1332
1763,50;0,1332
1763,00;0,1332
1762,50;0,1332
1762,00;0,1333
1761,50;0,1336
1761,00;0,1338
1760,50;0,1338
1760,00;0,1338
1759,50;0,1337
1759,00;0,1338
1758,50;0,1338
1758,00;0,1339
1757,50;0,1342
1757,00;0,1345
1756,50;0,1348
1756,00;0,1350
1755,50;0,1350
1755,00;0,1348
1754,50;0,1346
1754,00;0,1346
1753,50;0,1348
1753,00;0,1350
1752,50;0,1351
1752,00;0,1352
1751,50;0,1354
1751,00;0,1356
1750,50;0,1358
1750,00;0,1359
1749,50;0,1360
1749,00;0,1362
1748,50;0,1363
1748,00;0,1363
1747,50;0,1362
1747,00;0,1359
1746,50;0,1356
1746,00;0,1355
1745,50;0,1358
1745,00;0,1361
1744,50;0,1364
1744,00;0,1366
1743,50;0,1367
1743,00;0,1366
1742,50;0,1365
1742,00;0,1365
1741,50;0,1364
1741,00;0,1364
1740,50;0,1364
1740,00;0,1365
1739,50;0,1367
1739,00;0,1367
1738,50;0,1365
1738,00;0,1360
1737,50;0,1356
1737,00;0,1355
1736,50;0,1356
1736,00;0,1358
1735,50;0,1360
1735,00;0,1359
1734,50;0,1357
1734,00;0,1354
1733,50;0,1352
1733,00;0,1351
1732,50;0,1349
1732,00;0,1347
1731,50;0,1348
1731,00;0,1350
1730,50;0,1353
1730,00;0,1357
1729,50;0,1360
1729,00;0,1361
1728,50;0,1362
1728,00;0,1362
1727,50;0,1362
1727,00;0,1363
1726,50;0,1365
1726,00;0,1366
1725,50;0,1367
1725,00;0,1368
1724,50;0,1370
1724,00;0,1373
1723,50;0,1378
1723,00;0,1382
1722,50;0,1385
1722,00;0,1386
1721,50;0,1387
1721,00;0,1390
1720,50;0,1395
1720,00;0,1399
1719,50;0,1400
1719,00;0,1400
1718,50;0,1398
1718,00;0,1398
1717,50;0,1400
1717,00;0,1403
1716,50;0,1407
1716,00;0,1410
1715,50;0,1413
1715,00;0,1415
1714,50;0,1417
1714,00;0,1420
1713,50;0,1423
1713,00;0,1425
1712,50;0,1427
1712,00;0,1429
1711,50;0,1431
1711,00;0,1433
1710,50;0,1434
1710,00;0,1433
1709,50;0,1432
1709,00;0,1433
1708,50;0,1435
1708,00;0,1437
1707,50;0,1438
1707,00;0,1437
1706,50;0,1437
1706,00;0,1438
1705,50;0,1441
1705,00;0,1444
1704,50;0,1447
1704,00;0,1449
1703,50;0,1450
1703,00;0,1452
1702,50;0,1453
1702,00;0,1455
1701,50;0,1457
1701,00;0,1457
1700,50;0,1455
1700,00;0,1457
1699,50;0,1463
1699,00;0,1467
1698,50;0,1468
1698,00;0,1469
1697,50;0,1471
1697,00;0,1473
1696,50;0,1474
1696,00;0,1474
1695,50;0,1473
1695,00;0,1473
1694,50;0,1473
1694,00;0,1474
1693,50;0,1476
1693,00;0,1479
1692,50;0,1482
1692,00;0,1483
1691,50;0,1484
1691,00;0,1484
1690,50;0,1485
1690,00;0,1487
1689,50;0,1489
1689,00;0,1491
1688,50;0,1491
1688,00;0,1491
1687,50;0,1491
1687,00;0,1493
1686,50;0,1496
1686,00;0,1498
1685,50;0,1499
1685,00;0,1499
1684,50;0,1499
1684,00;0,1499
1683,50;0,1500
1683,00;0,1503
1682,50;0,1507
1682,00;0,1510
1681,50;0,1512
1681,00;0,1514
1680,50;0,1516
1680,00;0,1517
1679,50;0,1516
1679,00;0,1514
1678,50;0,1514
1678,00;0,1516
1677,50;0,1520
1677,00;0,1523
1676,50;0,1525
1676,00;0,1525
1675,50;0,1523
1675,00;0,1523
1674,50;0,1524
1674,00;0,1526
1673,50;0,1527
1673,00;0,1527
1672,50;0,1528
1672,00;0,1529
1671,50;0,1531
1671,00;0,1533
1670,50;0,1535
1670,00;0,1535
1669,50;0,1533
1669,00;0,1532
1668,50;0,1532
1668,00;0,1536
1667,50;0,1540
1667,00;0,1544
1666,50;0,1546
1666,00;0,1547
1665,50;0,1546
1665,00;0,1546
1664,50;0,1547
1664,00;0,1549
1663,50;0,1550
1663,00;0,1550
1662,50;0,1550
1662,00;0,1551
1661,50;0,1553
1661,00;0,1555
1660,50;0,1557
1660,00;0,1559
1659,50;0,1561
1659,00;0,1562
1658,50;0,1562
1658,00;0,1561
1657,50;0,1561
1657,00;0,1561
1656,50;0,1561
1656,00;0,1563
1655,50;0,1565
1655,00;0,1567
1654,50;0,1568
1654,00;0,1569
1653,50;0,1570
1653,00;0,1570
1652,50;0,1570
1652,00;0,1573
1651,50;0,1575
1651,00;0,1575
1650,50;0,1576
1650,00;0,1578
1649,50;0,1578
1649,00;0,1578
1648,50;0,1576
1648,00;0,1575
1647,50;0,1576
1647,00;0,1577
1646,50;0,1578
1646,00;0,1578
1645,50;0,1581
1645,00;0,1584
1644,50;0,1586
1644,00;0,1587
1643,50;0,1587
1643,00;0,1586
1642,50;0,1585
1642,00;0,1584
1641,50;0,1584
1641,00;0,1584
1640,50;0,1584
1640,00;0,1584
1639,50;0,1583
1639,00;0,1582
1638,50;0,1582
1638,00;0,1582
1637,50;0,1584
1637,00;0,1588
1636,50;0,1592
1636,00;0,1597
1635,50;0,1600
1635,00;0,1602
1634,50;0,1605
1634,00;0,1607
1633,50;0,1607
1633,00;0,1607
1632,50;0,1608
1632,00;0,1609
1631,50;0,1610
1631,00;0,1609
1630,50;0,1607
1630,00;0,1605
1629,50;0,1602
1629,00;0,1600
1628,50;0,1599
1628,00;0,1599
1627,50;0,1599
1627,00;0,1599
1626,50;0,1597
1626,00;0,1596
1625,50;0,1595
1625,00;0,1596
1624,50;0,1597
1624,00;0,1599
1623,50;0,1599
1623,00;0,1599
1622,50;0,1599
1622,00;0,1598
1621,50;0,1598
1621,00;0,1599
1620,50;0,1602
1620,00;0,1604
1619,50;0,1605
1619,00;0,1604
1618,50;0,1603
1618,00;0,1602
1617,50;0,1603
1617,00;0,1604
1616,50;0,1605
1616,00;0,1606
1615,50;0,1605
1615,00;0,1604
1614,50;0,1604
1614,00;0,1604
1613,50;0,1604
1613,00;0,1604
1612,50;0,1604
1612,00;0,1605
1611,50;0,1607
1611,00;0,1609
1610,50;0,1610
1610,00;0,1610
1609,50;0,1609
1609,00;0,1608
1608,50;0,1607
1608,00;0,1607
1607,50;0,1606
1607,00;0,1606
1606,50;0,1606
1606,00;0,1607
1605,50;0,1608
1605,00;0,1609
1604,50;0,1610
1604,00;0,1611
1603,50;0,1612
1603,00;0,1611
1602,50;0,1610
1602,00;0,1609
1601,50;0,1606
1601,00;0,1604
1600,50;0,1605
1600,00;0,1607
1599,50;0,1610
1599,00;0,1612
1598,50;0,1612
1598,00;0,1611
1597,50;0,1610
1597,00;0,1608
1596,50;0,1607
1596,00;0,1607
1595,50;0,1608
1595,00;0,1609
1594,50;0,1610
1594,00;0,1612
1593,50;0,1612
1593,00;0,1610
1592,50;0,1607
1592,00;0,1605
1591,50;0,1603
1591,00;0,1602
1590,50;0,1603
1590,00;0,1605
1589,50;0,1608
1589,00;0,1609
1588,50;0,1609
1588,00;0,1609
1587,50;0,1607
1587,00;0,1606
1586,50;0,1607
1586,00;0,1609
1585,50;0,1611
1585,00;0,1612
1584,50;0,1611
1584,00;0,1610
1583,50;0,1609
1583,00;0,1608
1582,50;0,1609
1582,00;0,1609
1581,50;0,1608
1581,00;0,1606
1580,50;0,1604
1580,00;0,1604
1579,50;0,1604
1579,00;0,1603
1578,50;0,1602
1578,00;0,1602
1577,50;0,1605
1577,00;0,1609
1576,50;0,1612
1576,00;0,1613
1575,50;0,1612
1575,00;0,1609
1574,50;0,1606
1574,00;0,1605
1573,50;0,1605
1573,00;0,1605
1572,50;0,1605
1572,00;0,1606
1571,50;0,1606
1571,00;0,1606
1570,50;0,1606
1570,00;0,1606
1569,50;0,1606
1569,00;0,1606
1568,50;0,1605
1568,00;0,1604
1567,50;0,1604
1567,00;0,1606
1566,50;0,1608
1566,00;0,1609
1565,50;0,1609
1565,00;0,1607
1564,50;0,1605
1564,00;0,1604
1563,50;0,1603
1563,00;0,1604
1562,50;0,1606
1562,00;0,1607
1561,50;0,1607
1561,00;0,1608
1560,50;0,1607
1560,00;0,1605
1559,50;0,1602
1559,00;0,1602
1558,50;0,1602
1558,00;0,1602
1557,50;0,1603
1557,00;0,1605
1556,50;0,1605
1556,00;0,1605
1555,50;0,1605
1555,00;0,1606
1554,50;0,1608
1554,00;0,1610
1553,50;0,1610
1553,00;0,1609
1552,50;0,1609
1552,00;0,1607
1551,50;0,1606
1551,00;0,1606
1550,50;0,1606
1550,00;0,1607
1549,50;0,1608
1549,00;0,1608
1548,50;0,1607
1548,00;0,1605
1547,50;0,1605
1547,00;0,1605
1546,50;0,1607
1546,00;0,1608
1545,50;0,1609
1545,00;0,1611
1544,50;0,1612
1544,00;0,1611
1543,50;0,1609
1543,00;0,1608
1542,50;0,1607
1542,00;0,1607
1541,50;0,1607
1541,00;0,1608
1540,50;0,1608
1540,00;0,1608
1539,50;0,1608
1539,00;0,1609
1538,50;0,1609
1538,00;0,1608
1537,50;0,1607
1537,00;0,1608
1536,50;0,1610
1536,00;0,1610
1535,50;0,1609
1535,00;0,1609
1534,50;0,1609
1534,00;0,1610
1533,50;0,1611
1533,00;0,1612
1532,50;0,1612
1532,00;0,1610
1531,50;0,1609
1531,00;0,1608
1530,50;0,1607
1530,00;0,1606
1529,50;0,1606
1529,00;0,1606
1528,50;0,1605
1528,00;0,1605
1527,50;0,1605
1527,00;0,1607
1526,50;0,1609
1526,00;0,1610
1525,50;0,1610
1525,00;0,1612
1524,50;0,1613
1524,00;0,1613
1523,50;0,1611
1523,00;0,1610
1522,50;0,1609
1522,00;0,1607
1521,50;0,1607
1521,00;0,1607
1520,50;0,1607
1520,00;0,1607
1519,50;0,1607
1519,00;0,1606
1518,50;0,1606
1518,00;0,1607
1517,50;0,1609
1517,00;0,1611
1516,50;0,1612
1516,00;0,1611
1515,50;0,1609
1515,00;0,1608
1514,50;0,1608
1514,00;0,1610
1513,50;0,1612
1513,00;0,1615
1512,50;0,1617
1512,00;0,1617
1511,50;0,1613
1511,00;0,1608
1510,50;0,1606
1510,00;0,1607
1509,50;0,1609
1509,00;0,1611
1508,50;0,1612
1508,00;0,1613
1507,50;0,1613
1507,00;0,1612
1506,50;0,1610
1506,00;0,1607
1505,50;0,1606
1505,00;0,1606
1504,50;0,1606
1504,00;0,1606
1503,50;0,1606
1503,00;0,1607
1502,50;0,1606
1502,00;0,1606
1501,50;0,1607
1501,00;0,1607
1500,50;0,1608
1500,00;0,1609
1499,50;0,1610
1499,00;0,1610
1498,50;0,1609
1498,00;0,1609
1497,50;0,1609
1497,00;0,1610
1496,50;0,1611
1496,00;0,1611
1495,50;0,1611
1495,00;0,1612
1494,50;0,1613
1494,00;0,1613
1493,50;0,1612
1493,00;0,1609
1492,50;0,1606
1492,00;0,1604
1491,50;0,1603
1491,00;0,1602
1490,50;0,1602
1490,00;0,1602
1489,50;0,1602
1489,00;0,1603
1488,50;0,1605
1488,00;0,1606
1487,50;0,1606
1487,00;0,1606
1486,50;0,1605
1486,00;0,1603
1485,50;0,1601
1485,00;0,1598
1484,50;0,1595
1484,00;0,1593
1483,50;0,1592
1483,00;0,1593
1482,50;0,1595
1482,00;0,1595
1481,50;0,1594
1481,00;0,1591
1480,50;0,1587
1480,00;0,1584
1479,50;0,1583
1479,00;0,1584
1478,50;0,1586
1478,00;0,1588
1477,50;0,1589
1477,00;0,1589
1476,50;0,1589
1476,00;0,1589
1475,50;0,1588
1475,00;0,1586
1474,50;0,1585
1474,00;0,1586
1473,50;0,1587
1473,00;0,1586
1472,50;0,1585
1472,00;0,1583
1471,50;0,1583
1471,00;0,1584
1470,50;0,1585
1470,00;0,1585
1469,50;0,1585
1469,00;0,1583
1468,50;0,1583
1468,00;0,1583
1467,50;0,1583
1467,00;0,1583
1466,50;0,1583
1466,00;0,1582
1465,50;0,1581
1465,00;0,1580
1464,50;0,1578
1464,00;0,1576
1463,50;0,1574
1463,00;0,1574
1462,50;0,1575
1462,00;0,1576
1461,50;0,1577
1461,00;0,1577
1460,50;0,1577
1460,00;0,1576
1459,50;0,1573
1459,00;0,1570
1458,50;0,1568
1458,00;0,1568
1457,50;0,1571
1457,00;0,1574
1456,50;0,1574
1456,00;0,1572
1455,50;0,1567
1455,00;0,1563
1454,50;0,1562
1454,00;0,1563
1453,50;0,1566
1453,00;0,1569
1452,50;0,1571
1452,00;0,1570
1451,50;0,1567
1451,00;0,1565
1450,50;0,1563
1450,00;0,1562
1449,50;0,1562
1449,00;0,1561
1448,50;0,1561
1448,00;0,1562
1447,50;0,1562
1447,00;0,1561
1446,50;0,1561
1446,00;0,1561
1445,50;0,1561
1445,00;0,1559
1444,50;0,1556
1444,00;0,1553
1443,50;0,1551
1443,00;0,1552
1442,50;0,1554
1442,00;0,1556
1441,50;0,1557
1441,00;0,1556
1440,50;0,1555
1440,00;0,1554
1439,50;0,1554
1439,00;0,1554
1438,50;0,1554
1438,00;0,1552
1437,50;0,1552
1437,00;0,1552
1436,50;0,1553
1436,00;0,1554
1435,50;0,1553
1435,00;0,1550
1434,50;0,1548
1434,00;0,1547
1433,50;0,1547
1433,00;0,1547
1432,50;0,1546
1432,00;0,1546
1431,50;0,1548
1431,00;0,1550
1430,50;0,1552
1430,00;0,1552
1429,50;0,1551
1429,00;0,1550
1428,50;0,1547
1428,00;0,1546
1427,50;0,1545
1427,00;0,1546
1426,50;0,1546
1426,00;0,1547
1425,50;0,1547
1425,00;0,1547
1424,50;0,1545
1424,00;0,1543
1423,50;0,1542
1423,00;0,1541
1422,50;0,1540
1422,00;0,1539
1421,50;0,1538
1421,00;0,1537
1420,50;0,1539
1420,00;0,1541
1419,50;0,1544
1419,00;0,1545
1418,50;0,1543
1418,00;0,1541
1417,50;0,1540
1417,00;0,1540
1416,50;0,1539
1416,00;0,1537
1415,50;0,1535
1415,00;0,1534
1414,50;0,1533
1414,00;0,1533
1413,50;0,1532
1413,00;0,1530
1412,50;0,1528
1412,00;0,1526
1411,50;0,1525
1411,00;0,1525
1410,50;0,1526
1410,00;0,1526
1409,50;0,1526
1409,00;0,1524
1408,50;0,1523
1408,00;0,1522
1407,50;0,1521
1407,00;0,1519
1406,50;0,1518
1406,00;0,1519
1405,50;0,1521
1405,00;0,1523
1404,50;0,1523
1404,00;0,1521
1403,50;0,1519
1403,00;0,1517
1402,50;0,1514
1402,00;0,1512
1401,50;0,1509
1401,00;0,1507
1400,50;0,1506
1400,00;0,1507
1399,50;0,1507
1399,00;0,1507
1398,50;0,1505
1398,00;0,1503
1397,50;0,1501
1397,00;0,1500
1396,50;0,1498
1396,00;0,1497
1395,50;0,1498
1395,00;0,1499
1394,50;0,1499
1394,00;0,1499
1393,50;0,1496
1393,00;0,1493
1392,50;0,1491
1392,00;0,1490
1391,50;0,1491
1391,00;0,1492
1390,50;0,1492
1390,00;0,1492
1389,50;0,1494
1389,00;0,1496
1388,50;0,1500
1388,00;0,1503
1387,50;0,1504
1387,00;0,1502
1386,50;0,1500
1386,00;0,1500
1385,50;0,1501
1385,00;0,1503
1384,50;0,1502
1384,00;0,1500
1383,50;0,1497
1383,00;0,1493
1382,50;0,1491
1382,00;0,1491
1381,50;0,1492
1381,00;0,1492
1380,50;0,1491
1380,00;0,1490
1379,50;0,1488
1379,00;0,1486
1378,50;0,1485
1378,00;0,1483
1377,50;0,1481
1377,00;0,1479
1376,50;0,1478
1376,00;0,1477
1375,50;0,1476
1375,00;0,1476
1374,50;0,1475
1374,00;0,1475
1373,50;0,1476
1373,00;0,1477
1372,50;0,1477
1372,00;0,1477
1371,50;0,1476
1371,00;0,1476
1370,50;0,1475
1370,00;0,1473
1369,50;0,1470
1369,00;0,1469
1368,50;0,1468
1368,00;0,1469
1367,50;0,1469
1367,00;0,1470
1366,50;0,1471
1366,00;0,1472
1365,50;0,1470
1365,00;0,1467
1364,50;0,1464
1364,00;0,1462
1363,50;0,1462
1363,00;0,1462
1362,50;0,1460
1362,00;0,1459
1361,50;0,1458
1361,00;0,1459
1360,50;0,1458
1360,00;0,1456
1359,50;0,1454
1359,00;0,1452
1358,50;0,1452
1358,00;0,1454
1357,50;0,1455
1357,00;0,1456
1356,50;0,1456
1356,00;0,1456
1355,50;0,1456
1355,00;0,1455
1354,50;0,1454
1354,00;0,1454
1353,50;0,1454
1353,00;0,1454
1352,50;0,1454
1352,00;0,1455
1351,50;0,1454
1351,00;0,1454
1350,50;0,1453
1350,00;0,1453
1349,50;0,1453
1349,00;0,1452
1348,50;0,1451
1348,00;0,1450
1347,50;0,1448
1347,00;0,1446
1346,50;0,1445
1346,00;0,1447
1345,50;0,1448
1345,00;0,1449
1344,50;0,1449
1344,00;0,1448
1343,50;0,1446
1343,00;0,1444
1342,50;0,1443
1342,00;0,1442
1341,50;0,1441
1341,00;0,1441
1340,50;0,1441
1340,00;0,1441
1339,50;0,1440
1339,00;0,1440
1338,50;0,1441
1338,00;0,1442
1337,50;0,1443
1337,00;0,1441
1336,50;0,1437
1336,00;0,1434
1335,50;0,1432
1335,00;0,1432
1334,50;0,1433
1334,00;0,1433
1333,50;0,1433
1333,00;0,1432
1332,50;0,1432
1332,00;0,1431
1331,50;0,1432
1331,00;0,1433
1330,50;0,1435
1330,00;0,1435
1329,50;0,1434
1329,00;0,1433
1328,50;0,1431
1328,00;0,1429
1327,50;0,1428
1327,00;0,1427
1326,50;0,1426
1326,00;0,1426
1325,50;0,1424
1325,00;0,1423
1324,50;0,1422
1324,00;0,1422
1323,50;0,1422
1323,00;0,1421
1322,50;0,1418
1322,00;0,1416
1321,50;0,1415
1321,00;0,1414
1320,50;0,1414
1320,00;0,1414
1319,50;0,1416
1319,00;0,1417
1318,50;0,1418
1318,00;0,1418
1317,50;0,1418
1317,00;0,1417
1316,50;0,1417
1316,00;0,1417
1315,50;0,1417
1315,00;0,1416
1314,50;0,1416
1314,00;0,1416
1313,50;0,1417
1313,00;0,1418
1312,50;0,1419
1312,00;0,1419
1311,50;0,1419
1311,00;0,1417
1310,50;0,1415
1310,00;0,1412
1309,50;0,1411
1309,00;0,1409
1308,50;0,1409
1308,00;0,1411
1307,50;0,1412
1307,00;0,1414
1306,50;0,1413
1306,00;0,1411
1305,50;0,1408
1305,00;0,1407
1304,50;0,1407
1304,00;0,1408
1303,50;0,1408
1303,00;0,1407
1302,50;0,1405
1302,00;0,1403
1301,50;0,1402
1301,00;0,1400
1300,50;0,1400
1300,00;0,1401
1299,50;0,1401
1299,00;0,1402
1298,50;0,1401
1298,00;0,1401
1297,50;0,1400
1297,00;0,1398
1296,50;0,1395
1296,00;0,1392
1295,50;0,1391
1295,00;0,1390
1294,50;0,1391
1294,00;0,1391
1293,50;0,1391
1293,00;0,1390
1292,50;0,1389
1292,00;0,1389
1291,50;0,1389
1291,00;0,1389
1290,50;0,1389
1290,00;0,1389
1289,50;0,1389
1289,00;0,1389
1288,50;0,1390
1288,00;0,1392
1287,50;0,1393
1287,00;0,1394
1286,50;0,1394
1286,00;0,1393
1285,50;0,1392
1285,00;0,1392
1284,50;0,1392
1284,00;0,1392
1283,50;0,1391
1283,00;0,1389
1282,50;0,1387
1282,00;0,1387
1281,50;0,1387
1281,00;0,1388
1280,50;0,1388
1280,00;0,1388
1279,50;0,1387
1279,00;0,1385
1278,50;0,1382
1278,00;0,1380
1277,50;0,1379
1277,00;0,1379
1276,50;0,1379
1276,00;0,1379
1275,50;0,1378
1275,00;0,1376
1274,50;0,1374
1274,00;0,1373
1273,50;0,1373
1273,00;0,1373
1272,50;0,1372
1272,00;0,1369
1271,50;0,1365
1271,00;0,1362
1270,50;0,1362
1270,00;0,1364
1269,50;0,1367
1269,00;0,1368
1268,50;0,1368
1268,00;0,1367
1267,50;0,1368
1267,00;0,1370
1266,50;0,1372
1266,00;0,1373
1265,50;0,1373
1265,00;0,1373
1264,50;0,1373
1264,00;0,1374
1263,50;0,1375
1263,00;0,1374
1262,50;0,1374
1262,00;0,1374
1261,50;0,1375
1261,00;0,1376
1260,50;0,1375
1260,00;0,1373
1259,50;0,1371
1259,00;0,1370
1258,50;0,1370
1258,00;0,1370
1257,50;0,1369
1257,00;0,1369
1256,50;0,1368
1256,00;0,1367
1255,50;0,1366
1255,00;0,1364
1254,50;0,1361
1254,00;0,1359
1253,50;0,1359
1253,00;0,1359
1252,50;0,1359
1252,00;0,1357
1251,50;0,1355
1251,00;0,1354
1250,50;0,1355
1250,00;0,1358
1249,50;0,1360
1249,00;0,1359
1248,50;0,1357
1248,00;0,1354
1247,50;0,1353
1247,00;0,1354
1246,50;0,1355
1246,00;0,1358
1245,50;0,1359
1245,00;0,1361
1244,50;0,1361
1244,00;0,1362
1243,50;0,1363
1243,00;0,1363
1242,50;0,1363
1242,00;0,1363
1241,50;0,1363
1241,00;0,1362
1240,50;0,1361
1240,00;0,1360
1239,50;0,1360
1239,00;0,1361
1238,50;0,1362
1238,00;0,1364
1237,50;0,1366
1237,00;0,1368
1236,50;0,1369
1236,00;0,1369
1235,50;0,1369
1235,00;0,1368
1234,50;0,1366
1234,00;0,1364
1233,50;0,1362
1233,00;0,1360
1232,50;0,1359
1232,00;0,1360
1231,50;0,1362
1231,00;0,1364
1230,50;0,1365
1230,00;0,1364
1229,50;0,1364
1229,00;0,1363
1228,50;0,1361
1228,00;0,1360
1227,50;0,1360
1227,00;0,1361
1226,50;0,1363
1226,00;0,1364
1225,50;0,1366
1225,00;0,1368
1224,50;0,1368
1224,00;0,1368
1223,50;0,1367
1223,00;0,1366
1222,50;0,1364
1222,00;0,1363
1221,50;0,1362
1221,00;0,1362
1220,50;0,1361
1220,00;0,1360
1219,50;0,1359
1219,00;0,1358
1218,50;0,1358
1218,00;0,1359
1217,50;0,1359
1217,00;0,1359
1216,50;0,1359
1216,00;0,1358
1215,50;0,1358
1215,00;0,1357
1214,50;0,1356
1214,00;0,1354
1213,50;0,1351
1213,00;0,1349
1212,50;0,1346
1212,00;0,1344
1211,50;0,1343
1211,00;0,1342
1210,50;0,1342
1210,00;0,1342
1209,50;0,1344
1209,00;0,1345
1208,50;0,1345
1208,00;0,1344
1207,50;0,1344
1207,00;0,1343
1206,50;0,1343
1206,00;0,1344
1205,50;0,1346
1205,00;0,1347
1204,50;0,1349
1204,00;0,1350
1203,50;0,1351
1203,00;0,1351
1202,50;0,1350
1202,00;0,1349
1201,50;0,1348
1201,00;0,1347
1200,50;0,1345
1200,00;0,1342
1199,50;0,1339
1199,00;0,1338
1198,50;0,1338
1198,00;0,1339
1197,50;0,1339
1197,00;0,1337
1196,50;0,1334
1196,00;0,1331
1195,50;0,1331
1195,00;0,1332
1194,50;0,1332
1194,00;0,1330
1193,50;0,1328
1193,00;0,1326
1192,50;0,1327
1192,00;0,1330
1191,50;0,1335
1191,00;0,1337
1190,50;0,1337
1190,00;0,1336
1189,50;0,1337
1189,00;0,1339
1188,50;0,1340
1188,00;0,1340
1187,50;0,1339
1187,00;0,1337
1186,50;0,1336
1186,00;0,1337
1185,50;0,1338
1185,00;0,1340
1184,50;0,1340
1184,00;0,1338
1183,50;0,1337
1183,00;0,1338
1182,50;0,1339
1182,00;0,1341
1181,50;0,1342
1181,00;0,1341
1180,50;0,1340
1180,00;0,1339
1179,50;0,1338
1179,00;0,1339
1178,50;0,1340
1178,00;0,1341
1177,50;0,1340
1177,00;0,1341
1176,50;0,1342
1176,00;0,1344
1175,50;0,1345
1175,00;0,1346
1174,50;0,1345
1174,00;0,1345
1173,50;0,1344
1173,00;0,1344
1172,50;0,1344
1172,00;0,1346
1171,50;0,1348
1171,00;0,1349
1170,50;0,1350
1170,00;0,1348
1169,50;0,1346
1169,00;0,1343
1168,50;0,1342
1168,00;0,1342
1167,50;0,1342
1167,00;0,1341
1166,50;0,1341
1166,00;0,1341
1165,50;0,1341
1165,00;0,1340
1164,50;0,1340
1164,00;0,1340
1163,50;0,1340
1163,00;0,1341
1162,50;0,1343
1162,00;0,1344
1161,50;0,1345
1161,00;0,1343
1160,50;0,1341
1160,00;0,1339
1159,50;0,1338
1159,00;0,1338
1158,50;0,1338
1158,00;0,1335
1157,50;0,1332
1157,00;0,1329
1156,50;0,1329
1156,00;0,1331
1155,50;0,1334
1155,00;0,1336
1154,50;0,1336
1154,00;0,1335
1153,50;0,1335
1153,00;0,1335
1152,50;0,1334
1152,00;0,1332
1151,50;0,1330
1151,00;0,1326
1150,50;0,1324
1150,00;0,1323
1149,50;0,1323
1149,00;0,1324
1148,50;0,1325
1148,00;0,1325
1147,50;0,1326
1147,00;0,1327
1146,50;0,1329
1146,00;0,1333
1145,50;0,1335
1145,00;0,1336
1144,50;0,1336
1144,00;0,1335
1143,50;0,1336
1143,00;0,1340
1142,50;0,1345
1142,00;0,1349
1141,50;0,1351
1141,00;0,1350
1140,50;0,1349
1140,00;0,1348
1139,50;0,1349
1139,00;0,1351
1138,50;0,1352
1138,00;0,1351
1137,50;0,1351
1137,00;0,1351
1136,50;0,1351
1136,00;0,1351
1135,50;0,1350
1135,00;0,1349
1134,50;0,1348
1134,00;0,1346
1133,50;0,1345
1133,00;0,1345
1132,50;0,1345
1132,00;0,1347
1131,50;0,1348
1131,00;0,1348
1130,50;0,1347
1130,00;0,1347
1129,50;0,1347
1129,00;0,1346
1128,50;0,1343
1128,00;0,1340
1127,50;0,1338
1127,00;0,1338
1126,50;0,1338
1126,00;0,1337
1125,50;0,1334
1125,00;0,1332
1124,50;0,1330
1124,00;0,1328
1123,50;0,1327
1123,00;0,1325
1122,50;0,1324
1122,00;0,1324
1121,50;0,1325
1121,00;0,1326
1120,50;0,1327
1120,00;0,1326
1119,50;0,1325
1119,00;0,1325
1118,50;0,1325
1118,00;0,1327
1117,50;0,1329
1117,00;0,1332
1116,50;0,1333
1116,00;0,1334
1115,50;0,1334
1115,00;0,1334
1114,50;0,1336
1114,00;0,1338
1113,50;0,1339
1113,00;0,1337
1112,50;0,1336
1112,00;0,1335
1111,50;0,1337
1111,00;0,1338
1110,50;0,1340
1110,00;0,1340
1109,50;0,1340
1109,00;0,1339
1108,50;0,1336
1108,00;0,1334
1107,50;0,1333
1107,00;0,1334
1106,50;0,1335
1106,00;0,1336
1105,50;0,1336
1105,00;0,1336
1104,50;0,1335
1104,00;0,1334
1103,50;0,1333
1103,00;0,1329
1102,50;0,1325
1102,00;0,1323
1101,50;0,1323
1101,00;0,1326
1100,50;0,1329
1100,00;0,1331
1099,50;0,1331
1099,00;0,1329
1098,50;0,1325
1098,00;0,1319
1097,50;0,1313
1097,00;0,1308
1096,50;0,1306
1096,00;0,1305
1095,50;0,1307
1095,00;0,1309
1094,50;0,1311
1094,00;0,1310
1093,50;0,1310
1093,00;0,1311
1092,50;0,1313
1092,00;0,1316
1091,50;0,1318
1091,00;0,1318
1090,50;0,1317
1090,00;0,1316
1089,50;0,1313
1089,00;0,1311
1088,50;0,1309
1088,00;0,1308
1087,50;0,1307
1087,00;0,1306
1086,50;0,1304
1086,00;0,1301
1085,50;0,1299
1085,00;0,1297
1084,50;0,1295
1084,00;0,1294
1083,50;0,1292
1083,00;0,1288
1082,50;0,1284
1082,00;0,1279
1081,50;0,1277
1081,00;0,1279
1080,50;0,1281
1080,00;0,1282
1079,50;0,1280
1079,00;0,1276
1078,50;0,1273
1078,00;0,1272
1077,50;0,1270
1077,00;0,1268
1076,50;0,1265
1076,00;0,1262
1075,50;0,1259
1075,00;0,1258
1074,50;0,1257
1074,00;0,1256
1073,50;0,1255
1073,00;0,1256
1072,50;0,1259
1072,00;0,1261
1071,50;0,1261
1071,00;0,1259
1070,50;0,1256
1070,00;0,1255
1069,50;0,1257
1069,00;0,1259
1068,50;0,1261
1068,00;0,1261
1067,50;0,1260
1067,00;0,1258
1066,50;0,1255
1066,00;0,1252
1065,50;0,1249
1065,00;0,1247
1064,50;0,1246
1064,00;0,1245
1063,50;0,1243
1063,00;0,1239
1062,50;0,1233
1062,00;0,1227
1061,50;0,1222
1061,00;0,1220
1060,50;0,1220
1060,00;0,1221
1059,50;0,1222
1059,00;0,1224
1058,50;0,1226
1058,00;0,1228
1057,50;0,1227
1057,00;0,1223
1056,50;0,1218
1056,00;0,1213
1055,50;0,1210
1055,00;0,1208
1054,50;0,1207
1054,00;0,1207
1053,50;0,1207
1053,00;0,1210
1052,50;0,1213
1052,00;0,1216
1051,50;0,1216
1051,00;0,1213
1050,50;0,1208
1050,00;0,1205
1049,50;0,1205
1049,00;0,1207
1048,50;0,1210
1048,00;0,1211
1047,50;0,1209
1047,00;0,1206
1046,50;0,1203
1046,00;0,1202
1045,50;0,1202
1045,00;0,1205
1044,50;0,1208
1044,00;0,1210
1043,50;0,1211
1043,00;0,1210
1042,50;0,1209
1042,00;0,1208
1041,50;0,1208
1041,00;0,1209
1040,50;0,1207
1040,00;0,1205
1039,50;0,1202
1039,00;0,1201
1038,50;0,1202
1038,00;0,1205
1037,50;0,1207
1037,00;0,1207
1036,50;0,1207
1036,00;0,1206
1035,50;0,1205
1035,00;0,1205
1034,50;0,1206
1034,00;0,1207
1033,50;0,1209
1033,00;0,1212
1032,50;0,1214
1032,00;0,1215
1031,50;0,1215
1031,00;0,1213
1030,50;0,1210
1030,00;0,1208
1029,50;0,1207
1029,00;0,1208
1028,50;0,1210
1028,00;0,1215
1027,50;0,1221
1027,00;0,1226
1026,50;0,1230
1026,00;0,1231
1025,50;0,1229
1025,00;0,1226
1024,50;0,1224
1024,00;0,1224
1023,50;0,1226
1023,00;0,1230
1022,50;0,1233
1022,00;0,1235
1021,50;0,1237
1021,00;0,1239
1020,50;0,1240
1020,00;0,1239
1019,50;0,1237
1019,00;0,1236
1018,50;0,1238
1018,00;0,1243
1017,50;0,1248
1017,00;0,1252
1016,50;0,1253
1016,00;0,1253
1015,50;0,1253
1015,00;0,1252
1014,50;0,1250
1014,00;0,1250
1013,50;0,1251
1013,00;0,1254
1012,50;0,1258
1012,00;0,1265
1011,50;0,1272
1011,00;0,1277
1010,50;0,1280
1010,00;0,1279
1009,50;0,1278
1009,00;0,1279
1008,50;0,1281
1008,00;0,1284
1007,50;0,1286
1007,00;0,1289
1006,50;0,1292
1006,00;0,1297
1005,50;0,1299
1005,00;0,1298
1004,50;0,1298
1004,00;0,1299
1003,50;0,1306
1003,00;0,1315
1002,50;0,1323
1002,00;0,1328
1001,50;0,1330
1001,00;0,1330
1000,50;0,1331
1000,00;0,1333
999,50;0,1336
999,00;0,1340
998,50;0,1345
998,00;0,1351
997,50;0,1356
997,00;0,1361
996,50;0,1364
996,00;0,1367
995,50;0,1369
995,00;0,1371
994,50;0,1374
994,00;0,1377
993,50;0,1381
993,00;0,1385
992,50;0,1388
992,00;0,1392
991,50;0,1398
991,00;0,1405
990,50;0,1409
990,00;0,1411
989,50;0,1412
989,00;0,1413
988,50;0,1414
988,00;0,1418
987,50;0,1425
987,00;0,1432
986,50;0,1439
986,00;0,1443
985,50;0,1447
985,00;0,1453
984,50;0,1459
984,00;0,1464
983,50;0,1467
983,00;0,1468
982,50;0,1469
982,00;0,1473
981,50;0,1480
981,00;0,1489
980,50;0,1495
980,00;0,1499
979,50;0,1499
979,00;0,1500
978,50;0,1504
978,00;0,1510
977,50;0,1518
977,00;0,1526
976,50;0,1533
976,00;0,1539
975,50;0,1545
975,00;0,1550
974,50;0,1555
974,00;0,1560
973,50;0,1565
973,00;0,1569
972,50;0,1573
972,00;0,1576
971,50;0,1579
971,00;0,1584
970,50;0,1591
970,00;0,1599
969,50;0,1607
969,00;0,1614
968,50;0,1621
968,00;0,1629
967,50;0,1636
967,00;0,1643
966,50;0,1649
966,00;0,1655
965,50;0,1664
965,00;0,1674
964,50;0,1684
964,00;0,1693
963,50;0,1698
963,00;0,1702
962,50;0,1704
962,00;0,1706
961,50;0,1711
961,00;0,1720
960,50;0,1731
960,00;0,1744
959,50;0,1755
959,00;0,1763
958,50;0,1769
958,00;0,1775
957,50;0,1781
957,00;0,1789
956,50;0,1798
956,00;0,1806
955,50;0,1814
955,00;0,1824
954,50;0,1835
954,00;0,1849
953,50;0,1862
953,00;0,1873
952,50;0,1881
952,00;0,1888
951,50;0,1894
951,00;0,1900
950,50;0,1908
950,00;0,1920
949,50;0,1933
949,00;0,1946
948,50;0,1956
948,00;0,1963
947,50;0,1969
947,00;0,1973
946,50;0,1978
946,00;0,1986
945,50;0,1998
945,00;0,2011
944,50;0,2025
944,00;0,2038
943,50;0,2052
943,00;0,2066
942,50;0,2078
942,00;0,2089
941,50;0,2098
941,00;0,2106
940,50;0,2114
940,00;0,2124
939,50;0,2136
939,00;0,2148
938,50;0,2163
938,00;0,2179
937,50;0,2195
937,00;0,2208
936,50;0,2217
936,00;0,2222
935,50;0,2226
935,00;0,2234
934,50;0,2243
934,00;0,2254
933,50;0,2265
933,00;0,2276
932,50;0,2289
932,00;0,2302
931,50;0,2316
931,00;0,2329
930,50;0,2341
930,00;0,2352
929,50;0,2363
929,00;0,2373
928,50;0,2384
928,00;0,2395
927,50;0,2408
927,00;0,2419
926,50;0,2429
926,00;0,2436
925,50;0,2442
925,00;0,2450
924,50;0,2460
924,00;0,2474
923,50;0,2490
923,00;0,2506
922,50;0,2518
922,00;0,2526
921,50;0,2531
921,00;0,2536
920,50;0,2543
920,00;0,2551
919,50;0,2562
919,00;0,2575
918,50;0,2587
918,00;0,2598
917,50;0,2605
917,00;0,2610
916,50;0,2616
916,00;0,2625
915,50;0,2637
915,00;0,2650
914,50;0,2662
914,00;0,2672
913,50;0,2682
913,00;0,2692
912,50;0,2702
912,00;0,2711
911,50;0,2717
911,00;0,2722
910,50;0,2728
910,00;0,2737
909,50;0,2748
909,00;0,2757
908,50;0,2766
908,00;0,2775
907,50;0,2785
907,00;0,2796
906,50;0,2806
906,00;0,2814
905,50;0,2820
905,00;0,2826
904,50;0,2835
904,00;0,2846
903,50;0,2858
903,00;0,2867
902,50;0,2872
902,00;0,2876
901,50;0,2882
901,00;0,2892
900,50;0,2903
900,00;0,2915
899,50;0,2928
899,00;0,2939
898,50;0,2945
898,00;0,2946
897,50;0,2948
897,00;0,2954
896,50;0,2964
896,00;0,2973
895,50;0,2980
895,00;0,2986
894,50;0,2994
894,00;0,3003
893,50;0,3009
893,00;0,3011
892,50;0,3013
892,00;0,3019
891,50;0,3029
891,00;0,3039
890,50;0,3047
890,00;0,3052
889,50;0,3053
889,00;0,3052
888,50;0,3058
888,00;0,3072
887,50;0,3086
887,00;0,3094
886,50;0,3096
886,00;0,3100
885,50;0,3111
885,00;0,3124
884,50;0,3133
884,00;0,3136
883,50;0,3139
883,00;0,3144
882,50;0,3151
882,00;0,3157
881,50;0,3164
881,00;0,3174
880,50;0,3184
880,00;0,3191
879,50;0,3193
879,00;0,3190
878,50;0,3187
878,00;0,3187
877,50;0,3190
877,00;0,3197
876,50;0,3203
876,00;0,3210
875,50;0,3216
875,00;0,3221
874,50;0,3222
874,00;0,3220
873,50;0,3221
873,00;0,3228
872,50;0,3241
872,00;0,3256
871,50;0,3270
871,00;0,3281
870,50;0,3291
870,00;0,3298
869,50;0,3305
869,00;0,3308
868,50;0,3309
868,00;0,3309
867,50;0,3310
867,00;0,3315
866,50;0,3322
866,00;0,3332
865,50;0,3342
865,00;0,3353
864,50;0,3362
864,00;0,3367
863,50;0,3367
863,00;0,3366
862,50;0,3367
862,00;0,3373
861,50;0,3381
861,00;0,3387
860,50;0,3390
860,00;0,3394
859,50;0,3401
859,00;0,3412
858,50;0,3422
858,00;0,3428
857,50;0,3431
857,00;0,3434
856,50;0,3437
856,00;0,3440
855,50;0,3442
855,00;0,3446
854,50;0,3454
854,00;0,3465
853,50;0,3472
853,00;0,3471
852,50;0,3467
852,00;0,3465
851,50;0,3469
851,00;0,3477
850,50;0,3488
850,00;0,3499
849,50;0,3507
849,00;0,3511
848,50;0,3511
848,00;0,3509
847,50;0,3511
847,00;0,3518
846,50;0,3531
846,00;0,3546
845,50;0,3561
845,00;0,3574
844,50;0,3579
844,00;0,3578
843,50;0,3571
843,00;0,3560
842,50;0,3548
842,00;0,3543
841,50;0,3550
841,00;0,3569
840,50;0,3592
840,00;0,3609
839,50;0,3614
839,00;0,3608
838,50;0,3600
838,00;0,3597
837,50;0,3604
837,00;0,3619
836,50;0,3634
836,00;0,3643
835,50;0,3647
835,00;0,3649
834,50;0,3651
834,00;0,3653
833,50;0,3655
833,00;0,3657
832,50;0,3659
832,00;0,3659
831,50;0,3658
831,00;0,3659
830,50;0,3666
830,00;0,3679
829,50;0,3698
829,00;0,3716
828,50;0,3728
828,00;0,3729
827,50;0,3723
827,00;0,3716
826,50;0,3713
826,00;0,3715
825,50;0,3719
825,00;0,3724
824,50;0,3729
824,00;0,3735
823,50;0,3746
823,00;0,3760
822,50;0,3772
822,00;0,3777
821,50;0,3776
821,00;0,3773
820,50;0,3773
820,00;0,3777
819,50;0,3781
819,00;0,3783
818,50;0,3784
818,00;0,3786
817,50;0,3790
817,00;0,3795
816,50;0,3800
816,00;0,3808
815,50;0,3817
815,00;0,3825
814,50;0,3829
814,00;0,3828
813,50;0,3827
813,00;0,3829
812,50;0,3833
812,00;0,3839
811,50;0,3843
811,00;0,3844
810,50;0,3844
810,00;0,3848
809,50;0,3854
809,00;0,3859
808,50;0,3861
808,00;0,3861
807,50;0,3860
807,00;0,3859
806,50;0,3859
806,00;0,3858
805,50;0,3856
805,00;0,3855
804,50;0,3855
804,00;0,3857
803,50;0,3859
803,00;0,3857
802,50;0,3849
802,00;0,3841
801,50;0,3839
801,00;0,3845
800,50;0,3852
800,00;0,3854
799,50;0,3849
799,00;0,3846
798,50;0,3851
798,00;0,3861
797,50;0,3870
797,00;0,3873
796,50;0,3870
796,00;0,3864
795,50;0,3858
795,00;0,3855
794,50;0,3857
794,00;0,3863
793,50;0,3870
793,00;0,3874
792,50;0,3872
792,00;0,3870
791,50;0,3866
791,00;0,3862
790,50;0,3857
790,00;0,3854
789,50;0,3855
789,00;0,3858
788,50;0,3858
788,00;0,3856
787,50;0,3853
787,00;0,3851
786,50;0,3846
786,00;0,3841
785,50;0,3838
785,00;0,3841
784,50;0,3845
784,00;0,3843
783,50;0,3835
783,00;0,3826
782,50;0,3822
782,00;0,3824
781,50;0,3828
781,00;0,3830
780,50;0,3830
780,00;0,3831
779,50;0,3831
779,00;0,3830
778,50;0,3826
778,00;0,3822
777,50;0,3821
777,00;0,3823
776,50;0,3821
776,00;0,3815
775,50;0,3808
775,00;0,3801
774,50;0,3795
774,00;0,3788
773,50;0,3780
773,00;0,3775
772,50;0,3771
772,00;0,3770
771,50;0,3772
771,00;0,3778
770,50;0,3781
770,00;0,3774
769,50;0,3759
769,00;0,3743
768,50;0,3735
768,00;0,3736
767,50;0,3741
767,00;0,3745
766,50;0,3745
766,00;0,3739
765,50;0,3732
765,00;0,3724
764,50;0,3718
764,00;0,3713
763,50;0,3711
763,00;0,3713
762,50;0,3715
762,00;0,3712
761,50;0,3701
761,00;0,3688
760,50;0,3678
760,00;0,3675
759,50;0,3674
759,00;0,3668
758,50;0,3659
758,00;0,3651
757,50;0,3646
757,00;0,3646
756,50;0,3649
756,00;0,3649
755,50;0,3644
755,00;0,3633
754,50;0,3619
754,00;0,3607
753,50;0,3598
753,00;0,3594
752,50;0,3592
752,00;0,3590
751,50;0,3587
751,00;0,3582
750,50;0,3575
750,00;0,3567
749,50;0,3557
749,00;0,3545
748,50;0,3532
748,00;0,3522
747,50;0,3517
747,00;0,3513
746,50;0,3509
746,00;0,3502
745,50;0,3496
745,00;0,3491
744,50;0,3484
744,00;0,3473
743,50;0,3459
743,00;0,3448
742,50;0,3439
742,00;0,3428
741,50;0,3415
741,00;0,3402
740,50;0,3394
740,00;0,3392
739,50;0,3392
739,00;0,3387
738,50;0,3378
738,00;0,3363
737,50;0,3346
737,00;0,3327
736,50;0,3310
736,00;0,3299
735,50;0,3293
735,00;0,3292
734,50;0,3289
734,00;0,3280
733,50;0,3265
733,00;0,3250
732,50;0,3239
732,00;0,3233
731,50;0,3227
731,00;0,3217
730,50;0,3203
730,00;0,3193
729,50;0,3188
729,00;0,3187
728,50;0,3186
728,00;0,3182
727,50;0,3177
727,00;0,3168
726,50;0,3156
726,00;0,3141
725,50;0,3128
725,00;0,3119
724,50;0,3115
724,00;0,3112
723,50;0,3106
723,00;0,3096
722,50;0,3085
722,00;0,3072
721,50;0,3058
721,00;0,3045
720,50;0,3039
720,00;0,3040
719,50;0,3044
719,00;0,3045
718,50;0,3037
718,00;0,3022
717,50;0,3007
717,00;0,2993
716,50;0,2983
716,00;0,2977
715,50;0,2976
715,00;0,2976
714,50;0,2972
714,00;0,2961
713,50;0,2945
713,00;0,2931
712,50;0,2921
712,00;0,2913
711,50;0,2905
711,00;0,2895
710,50;0,2885
710,00;0,2878
709,50;0,2876
709,00;0,2876
708,50;0,2875
708,00;0,2867
707,50;0,2853
707,00;0,2841
706,50;0,2832
706,00;0,2824
705,50;0,2814
705,00;0,2806
704,50;0,2804
704,00;0,2809
703,50;0,2814
703,00;0,2811
702,50;0,2801
702,00;0,2789
701,50;0,2782
701,00;0,2778
700,50;0,2772
700,00;0,2761
699,50;0,2744
699,00;0,2729
698,50;0,2720
698,00;0,2716
697,50;0,2715
697,00;0,2713
696,50;0,2708
696,00;0,2700
695,50;0,2690
695,00;0,2681
694,50;0,2672
694,00;0,2664
693,50;0,2658
693,00;0,2659
692,50;0,2669
692,00;0,2680
691,50;0,2682
691,00;0,2670
690,50;0,2650
690,00;0,2629
689,50;0,2613
689,00;0,2600
688,50;0,2589
688,00;0,2582
687,50;0,2576
687,00;0,2571
686,50;0,2567
686,00;0,2567
685,50;0,2570
685,00;0,2571
684,50;0,2569
684,00;0,2563
683,50;0,2557
683,00;0,2550
682,50;0,2543
682,00;0,2537
681,50;0,2531
681,00;0,2526
680,50;0,2517
680,00;0,2503
679,50;0,2488
679,00;0,2477
678,50;0,2472
678,00;0,2471
677,50;0,2474
677,00;0,2479
676,50;0,2483
676,00;0,2481
675,50;0,2472
675,00;0,2459
674,50;0,2444
674,00;0,2427
673,50;0,2414
673,00;0,2408
672,50;0,2407
672,00;0,2408
671,50;0,2409
671,00;0,2408
670,50;0,2403
670,00;0,2397
669,50;0,2395
669,00;0,2405
668,50;0,2425
668,00;0,2435
667,50;0,2412
667,00;0,2360
666,50;0,2323
666,00;0,2313
665,50;0,2311
665,00;0,2306
664,50;0,2299
664,00;0,2289
663,50;0,2277
663,00;0,2266
662,50;0,2259
662,00;0,2258
661,50;0,2262
661,00;0,2269
660,50;0,2275
660,00;0,2276
659,50;0,2271
659,00;0,2259
658,50;0,2245
658,00;0,2232
657,50;0,2222
657,00;0,2217
656,50;0,2218
656,00;0,2225
655,50;0,2235
655,00;0,2240
654,50;0,2237
654,00;0,2229
653,50;0,2218
653,00;0,2203
652,50;0,2183
652,00;0,2162
651,50;0,2152
651,00;0,2156
650,50;0,2168
650,00;0,2175
649,50;0,2169
649,00;0,2153
648,50;0,2134
648,00;0,2119
647,50;0,2110
647,00;0,2107
646,50;0,2105
646,00;0,2103
645,50;0,2104
645,00;0,2110
644,50;0,2116
644,00;0,2116
643,50;0,2108
643,00;0,2096
642,50;0,2086
642,00;0,2080
641,50;0,2072
641,00;0,2063
640,50;0,2056
640,00;0,2053
639,50;0,2054
639,00;0,2054
638,50;0,2049
638,00;0,2040
637,50;0,2028
637,00;0,2017
636,50;0,2008
636,00;0,2002
635,50;0,1997
635,00;0,1992
634,50;0,1988
634,00;0,1988
633,50;0,1984
633,00;0,1975
632,50;0,1960
632,00;0,1945
631,50;0,1935
631,00;0,1931
630,50;0,1934
630,00;0,1941
629,50;0,1947
629,00;0,1947
628,50;0,1940
628,00;0,1929
627,50;0,1917
627,00;0,1908
626,50;0,1905
626,00;0,1910
625,50;0,1919
625,00;0,1925
624,50;0,1924
624,00;0,1916
623,50;0,1907
623,00;0,1899
622,50;0,1895
622,00;0,1895
621,50;0,1893
621,00;0,1887
620,50;0,1877
620,00;0,1871
619,50;0,1875
619,00;0,1885
618,50;0,1894
618,00;0,1894
617,50;0,1886
617,00;0,1873
616,50;0,1859
616,00;0,1846
615,50;0,1840
615,00;0,1842
614,50;0,1847
614,00;0,1847
613,50;0,1842
613,00;0,1833
612,50;0,1824
612,00;0,1815
611,50;0,1807
611,00;0,1802
610,50;0,1800
610,00;0,1801
609,50;0,1801
609,00;0,1801
608,50;0,1804
608,00;0,1809
607,50;0,1814
607,00;0,1816
606,50;0,1812
606,00;0,1807
605,50;0,1803
605,00;0,1802
604,50;0,1803
604,00;0,1804
603,50;0,1803
603,00;0,1801
602,50;0,1797
602,00;0,1790
601,50;0,1780
601,00;0,1767
600,50;0,1756
600,00;0,1750
599,50;0,1751
599,00;0,1757
598,50;0,1763
598,00;0,1766
597,50;0,1764
597,00;0,1758
596,50;0,1752
596,00;0,1743
595,50;0,1736
595,00;0,1732
594,50;0,1737
594,00;0,1747
593,50;0,1758
593,00;0,1765
592,50;0,1764
592,00;0,1755
591,50;0,1739
591,00;0,1722
590,50;0,1707
590,00;0,1697
589,50;0,1693
589,00;0,1694
588,50;0,1696
588,00;0,1701
587,50;0,1712
587,00;0,1725
586,50;0,1731
586,00;0,1724
585,50;0,1706
585,00;0,1689
584,50;0,1679
584,00;0,1675
583,50;0,1675
583,00;0,1678
582,50;0,1684
582,00;0,1687
581,50;0,1683
581,00;0,1674
580,50;0,1666
580,00;0,1663
579,50;0,1664
579,00;0,1666
578,50;0,1667
578,00;0,1668
577,50;0,1668
577,00;0,1668
576,50;0,1668
576,00;0,1665
575,50;0,1659
575,00;0,1649
574,50;0,1641
574,00;0,1640
573,50;0,1644
573,00;0,1647
572,50;0,1646
572,00;0,1641
571,50;0,1634
571,00;0,1626
570,50;0,1617
570,00;0,1612
569,50;0,1612
569,00;0,1617
568,50;0,1623
568,00;0,1629
567,50;0,1635
567,00;0,1639
566,50;0,1636
566,00;0,1624
565,50;0,1607
565,00;0,1591
564,50;0,1583
564,00;0,1586
563,50;0,1595
563,00;0,1605
562,50;0,1611
562,00;0,1609
561,50;0,1597
561,00;0,1579
560,50;0,1561
560,00;0,1548
559,50;0,1543
559,00;0,1541
558,50;0,1541
558,00;0,1542
557,50;0,1548
557,00;0,1558
556,50;0,1570
556,00;0,1580
555,50;0,1578
555,00;0,1563
554,50;0,1545
554,00;0,1535
553,50;0,1536
553,00;0,1540
552,50;0,1544
552,00;0,1551
551,50;0,1564
551,00;0,1577
550,50;0,1584
550,00;0,1579
549,50;0,1564
549,00;0,1539
548,50;0,1512
548,00;0,1495
547,50;0,1495
547,00;0,1509
546,50;0,1523
546,00;0,1528
545,50;0,1526
545,00;0,1520
544,50;0,1505
544,00;0,1480
543,50;0,1451
543,00;0,1429
542,50;0,1417
542,00;0,1414
541,50;0,1422
541,00;0,1440
540,50;0,1463
540,00;0,1478
539,50;0,1478
539,00;0,1464
538,50;0,1445
538,00;0,1427
537,50;0,1415
537,00;0,1415
536,50;0,1429
536,00;0,1445
535,50;0,1452
535,00;0,1443
534,50;0,1424
534,00;0,1404
533,50;0,1382
533,00;0,1356
532,50;0,1331
532,00;0,1315
531,50;0,1311
531,00;0,1314
530,50;0,1320
530,00;0,1332
529,50;0,1348
529,00;0,1352
528,50;0,1332
528,00;0,1297
527,50;0,1270
527,00;0,1264
526,50;0,1272
526,00;0,1280
525,50;0,1287
525,00;0,1297
524,50;0,1306
524,00;0,1301
523,50;0,1279
523,00;0,1253
522,50;0,1235
522,00;0,1226
521,50;0,1227
521,00;0,1234
520,50;0,1247
520,00;0,1263
519,50;0,1277
519,00;0,1288
518,50;0,1294
518,00;0,1290
517,50;0,1279
517,00;0,1271
516,50;0,1275
516,00;0,1289
515,50;0,1308
515,00;0,1322
514,50;0,1328
514,00;0,1323
513,50;0,1308
513,00;0,1292
512,50;0,1289
512,00;0,1305
511,50;0,1330
511,00;0,1351
510,50;0,1363
510,00;0,1369
509,50;0,1377
509,00;0,1390
508,50;0,1402
508,00;0,1408
507,50;0,1406
507,00;0,1399
506,50;0,1392
506,00;0,1385
505,50;0,1379
505,00;0,1375
504,50;0,1376
504,00;0,1375
503,50;0,1370
503,00;0,1364
502,50;0,1363
502,00;0,1367
501,50;0,1365
501,00;0,1356
500,50;0,1346
500,00;0,1346
499,50;0,1355
499,00;0,1364
498,50;0,1371
498,00;0,1377
497,50;0,1379
497,00;0,1369
496,50;0,1345
496,00;0,1323
495,50;0,1313
495,00;0,1316
494,50;0,1323
494,00;0,1330
493,50;0,1338
493,00;0,1342
492,50;0,1334
492,00;0,1312
491,50;0,1286
491,00;0,1268
490,50;0,1266
490,00;0,1281
489,50;0,1307
489,00;0,1335
488,50;0,1356
488,00;0,1361
487,50;0,1350
487,00;0,1325
486,50;0,1293
486,00;0,1260
485,50;0,1237
485,00;0,1231
484,50;0,1240
484,00;0,1261
483,50;0,1286
483,00;0,1305
482,50;0,1303
482,00;0,1272
481,50;0,1225
481,00;0,1187
480,50;0,1182
480,00;0,1213
479,50;0,1262
479,00;0,1307
478,50;0,1336
478,00;0,1347
477,50;0,1349
477,00;0,1344
476,50;0,1332
476,00;0,1313
475,50;0,1293
475,00;0,1283
474,50;0,1290
474,00;0,1308
473,50;0,1333
473,00;0,1360
472,50;0,1377
472,00;0,1375
471,50;0,1349
471,00;0,1313
470,50;0,1282
470,00;0,1265
469,50;0,1256
469,00;0,1251
468,50;0,1252
468,00;0,1264
467,50;0,1287
467,00;0,1314
466,50;0,1332
466,00;0,1338
465,50;0,1334
465,00;0,1324
464,50;0,1310
464,00;0,1296
463,50;0,1291
463,00;0,1304
462,50;0,1332
462,00;0,1358
461,50;0,1363
461,00;0,1339
460,50;0,1294
460,00;0,1250
459,50;0,1225
459,00;0,1230
458,50;0,1255
458,00;0,1283
457,50;0,1303
457,00;0,1318
456,50;0,1329
456,00;0,1333
455,50;0,1329
455,00;0,1318
454,50;0,1299
454,00;0,1265
453,50;0,1223
453,00;0,1203
452,50;0,1228
452,00;0,1285
451,50;0,1336
451,00;0,1350
450,50;0,1329
450,00;0,1293
449,50;0,1255
449,00;0,1218
448,50;0,1188
448,00;0,1174
447,50;0,1188
447,00;0,1225
446,50;0,1266
446,00;0,1284
445,50;0,1258
445,00;0,1199
444,50;0,1147
444,00;0,1136
443,50;0,1163
443,00;0,1200
442,50;0,1226
442,00;0,1251
441,50;0,1284
441,00;0,1325
440,50;0,1359
440,00;0,1370
439,50;0,1349
439,00;0,1296
438,50;0,1235
438,00;0,1199
437,50;0,1206
437,00;0,1244
436,50;0,1293
436,00;0,1336
435,50;0,1360
435,00;0,1351
434,50;0,1311
434,00;0,1265
433,50;0,1237
433,00;0,1234
432,50;0,1247
432,00;0,1267
431,50;0,1289
431,00;0,1315
430,50;0,1348
430,00;0,1384
429,50;0,1389
429,00;0,1315
428,50;0,1161
428,00;0,1004
427,50;0,0930
427,00;0,0953
426,50;0,1021
426,00;0,1088
425,50;0,1145
425,00;0,1193
424,50;0,1230
424,00;0,1260
423,50;0,1297
423,00;0,1330
422,50;0,1311
422,00;0,1234
421,50;0,1167
421,00;0,1187
420,50;0,1288
420,00;0,1370
419,50;0,1320
419,00;0,1126
418,50;0,0898
418,00;0,0777
417,50;0,0810
417,00;0,0932
416,50;0,1044
416,00;0,1101
415,50;0,1140
415,00;0,1211
414,50;0,1295
414,00;0,1324
413,50;0,1263
413,00;0,1136
412,50;0,1014
412,00;0,0991
411,50;0,1117
411,00;0,1319
410,50;0,1456
410,00;0,1477
409,50;0,1453
409,00;0,1434
408,50;0,1370
408,00;0,1218
407,50;0,1041
407,00;0,0984
406,50;0,1112
406,00;0,1316
405,50;0,1433
405,00;0,1372
404,50;0,1170
404,00;0,0955
403,50;0,0830
403,00;0,0810
402,50;0,0872
402,00;0,1030
401,50;0,1304
401,00;0,1612
400,50;0,1789
400,00;0,1766
