Erstellt als neuer Datensatz;Sample 170 By PC59-C710\Spektrum3 date Dienstag, Juni 02 2026
cm-1;A
4000,00;0,0861
3999,50;0,0860
3999,00;0,0857
3998,50;0,0853
3998,00;0,0851
3997,50;0,0849
3997,00;0,0850
3996,50;0,0851
3996,00;0,0853
3995,50;0,0855
3995,00;0,0859
3994,50;0,0863
3994,00;0,0867
3993,50;0,0868
3993,00;0,0866
3992,50;0,0860
3992,00;0,0855
3991,50;0,0850
3991,00;0,0849
3990,50;0,0851
3990,00;0,0854
3989,50;0,0857
3989,00;0,0856
3988,50;0,0852
3988,00;0,0847
3987,50;0,0845
3987,00;0,0848
3986,50;0,0854
3986,00;0,0859
3985,50;0,0859
3985,00;0,0856
3984,50;0,0854
3984,00;0,0853
3983,50;0,0853
3983,00;0,0851
3982,50;0,0849
3982,00;0,0848
3981,50;0,0849
3981,00;0,0850
3980,50;0,0851
3980,00;0,0852
3979,50;0,0853
3979,00;0,0854
3978,50;0,0853
3978,00;0,0851
3977,50;0,0849
3977,00;0,0848
3976,50;0,0851
3976,00;0,0856
3975,50;0,0860
3975,00;0,0863
3974,50;0,0863
3974,00;0,0860
3973,50;0,0858
3973,00;0,0854
3972,50;0,0851
3972,00;0,0848
3971,50;0,0846
3971,00;0,0848
3970,50;0,0852
3970,00;0,0857
3969,50;0,0860
3969,00;0,0860
3968,50;0,0858
3968,00;0,0855
3967,50;0,0852
3967,00;0,0851
3966,50;0,0851
3966,00;0,0853
3965,50;0,0856
3965,00;0,0861
3964,50;0,0864
3964,00;0,0866
3963,50;0,0865
3963,00;0,0862
3962,50;0,0859
3962,00;0,0855
3961,50;0,0851
3961,00;0,0848
3960,50;0,0847
3960,00;0,0850
3959,50;0,0855
3959,00;0,0860
3958,50;0,0864
3958,00;0,0863
3957,50;0,0860
3957,00;0,0854
3956,50;0,0850
3956,00;0,0848
3955,50;0,0850
3955,00;0,0853
3954,50;0,0857
3954,00;0,0859
3953,50;0,0859
3953,00;0,0856
3952,50;0,0852
3952,00;0,0849
3951,50;0,0846
3951,00;0,0845
3950,50;0,0846
3950,00;0,0849
3949,50;0,0853
3949,00;0,0859
3948,50;0,0863
3948,00;0,0863
3947,50;0,0860
3947,00;0,0854
3946,50;0,0849
3946,00;0,0847
3945,50;0,0848
3945,00;0,0852
3944,50;0,0858
3944,00;0,0863
3943,50;0,0867
3943,00;0,0867
3942,50;0,0864
3942,00;0,0859
3941,50;0,0854
3941,00;0,0851
3940,50;0,0849
3940,00;0,0850
3939,50;0,0853
3939,00;0,0856
3938,50;0,0859
3938,00;0,0859
3937,50;0,0858
3937,00;0,0856
3936,50;0,0854
3936,00;0,0852
3935,50;0,0851
3935,00;0,0853
3934,50;0,0858
3934,00;0,0864
3933,50;0,0870
3933,00;0,0871
3932,50;0,0867
3932,00;0,0861
3931,50;0,0855
3931,00;0,0851
3930,50;0,0850
3930,00;0,0851
3929,50;0,0854
3929,00;0,0858
3928,50;0,0861
3928,00;0,0862
3927,50;0,0860
3927,00;0,0856
3926,50;0,0853
3926,00;0,0851
3925,50;0,0850
3925,00;0,0849
3924,50;0,0851
3924,00;0,0856
3923,50;0,0862
3923,00;0,0866
3922,50;0,0867
3922,00;0,0864
3921,50;0,0858
3921,00;0,0851
3920,50;0,0846
3920,00;0,0846
3919,50;0,0850
3919,00;0,0858
3918,50;0,0866
3918,00;0,0870
3917,50;0,0870
3917,00;0,0867
3916,50;0,0865
3916,00;0,0861
3915,50;0,0856
3915,00;0,0850
3914,50;0,0846
3914,00;0,0846
3913,50;0,0850
3913,00;0,0856
3912,50;0,0860
3912,00;0,0860
3911,50;0,0857
3911,00;0,0852
3910,50;0,0847
3910,00;0,0845
3909,50;0,0845
3909,00;0,0845
3908,50;0,0848
3908,00;0,0853
3907,50;0,0859
3907,00;0,0864
3906,50;0,0866
3906,00;0,0865
3905,50;0,0863
3905,00;0,0863
3904,50;0,0862
3904,00;0,0861
3903,50;0,0860
3903,00;0,0861
3902,50;0,0863
3902,00;0,0865
3901,50;0,0867
3901,00;0,0870
3900,50;0,0871
3900,00;0,0868
3899,50;0,0863
3899,00;0,0862
3898,50;0,0865
3898,00;0,0867
3897,50;0,0864
3897,00;0,0858
3896,50;0,0851
3896,00;0,0845
3895,50;0,0842
3895,00;0,0840
3894,50;0,0840
3894,00;0,0842
3893,50;0,0847
3893,00;0,0854
3892,50;0,0861
3892,00;0,0866
3891,50;0,0867
3891,00;0,0867
3890,50;0,0866
3890,00;0,0866
3889,50;0,0864
3889,00;0,0860
3888,50;0,0857
3888,00;0,0858
3887,50;0,0862
3887,00;0,0868
3886,50;0,0871
3886,00;0,0870
3885,50;0,0866
3885,00;0,0863
3884,50;0,0861
3884,00;0,0859
3883,50;0,0855
3883,00;0,0854
3882,50;0,0858
3882,00;0,0865
3881,50;0,0871
3881,00;0,0872
3880,50;0,0870
3880,00;0,0865
3879,50;0,0860
3879,00;0,0853
3878,50;0,0845
3878,00;0,0838
3877,50;0,0838
3877,00;0,0845
3876,50;0,0854
3876,00;0,0863
3875,50;0,0866
3875,00;0,0866
3874,50;0,0862
3874,00;0,0859
3873,50;0,0859
3873,00;0,0862
3872,50;0,0865
3872,00;0,0867
3871,50;0,0870
3871,00;0,0873
3870,50;0,0874
3870,00;0,0872
3869,50;0,0868
3869,00;0,0863
3868,50;0,0859
3868,00;0,0855
3867,50;0,0853
3867,00;0,0855
3866,50;0,0860
3866,00;0,0864
3865,50;0,0867
3865,00;0,0866
3864,50;0,0866
3864,00;0,0866
3863,50;0,0866
3863,00;0,0863
3862,50;0,0861
3862,00;0,0862
3861,50;0,0863
3861,00;0,0863
3860,50;0,0862
3860,00;0,0858
3859,50;0,0854
3859,00;0,0853
3858,50;0,0853
3858,00;0,0854
3857,50;0,0856
3857,00;0,0859
3856,50;0,0863
3856,00;0,0869
3855,50;0,0873
3855,00;0,0873
3854,50;0,0870
3854,00;0,0867
3853,50;0,0871
3853,00;0,0880
3852,50;0,0882
3852,00;0,0878
3851,50;0,0875
3851,00;0,0877
3850,50;0,0879
3850,00;0,0877
3849,50;0,0870
3849,00;0,0862
3848,50;0,0854
3848,00;0,0846
3847,50;0,0839
3847,00;0,0838
3846,50;0,0842
3846,00;0,0847
3845,50;0,0851
3845,00;0,0854
3844,50;0,0855
3844,00;0,0853
3843,50;0,0849
3843,00;0,0846
3842,50;0,0846
3842,00;0,0851
3841,50;0,0859
3841,00;0,0867
3840,50;0,0871
3840,00;0,0871
3839,50;0,0870
3839,00;0,0869
3838,50;0,0867
3838,00;0,0862
3837,50;0,0859
3837,00;0,0859
3836,50;0,0863
3836,00;0,0865
3835,50;0,0866
3835,00;0,0867
3834,50;0,0870
3834,00;0,0876
3833,50;0,0880
3833,00;0,0881
3832,50;0,0879
3832,00;0,0874
3831,50;0,0870
3831,00;0,0868
3830,50;0,0867
3830,00;0,0865
3829,50;0,0861
3829,00;0,0855
3828,50;0,0849
3828,00;0,0844
3827,50;0,0842
3827,00;0,0842
3826,50;0,0843
3826,00;0,0845
3825,50;0,0846
3825,00;0,0848
3824,50;0,0850
3824,00;0,0853
3823,50;0,0859
3823,00;0,0865
3822,50;0,0872
3822,00;0,0877
3821,50;0,0879
3821,00;0,0878
3820,50;0,0877
3820,00;0,0876
3819,50;0,0876
3819,00;0,0876
3818,50;0,0875
3818,00;0,0872
3817,50;0,0869
3817,00;0,0869
3816,50;0,0871
3816,00;0,0876
3815,50;0,0881
3815,00;0,0885
3814,50;0,0884
3814,00;0,0878
3813,50;0,0870
3813,00;0,0863
3812,50;0,0858
3812,00;0,0853
3811,50;0,0848
3811,00;0,0843
3810,50;0,0840
3810,00;0,0840
3809,50;0,0843
3809,00;0,0847
3808,50;0,0852
3808,00;0,0857
3807,50;0,0859
3807,00;0,0860
3806,50;0,0860
3806,00;0,0860
3805,50;0,0859
3805,00;0,0856
3804,50;0,0855
3804,00;0,0858
3803,50;0,0864
3803,00;0,0870
3802,50;0,0875
3802,00;0,0878
3801,50;0,0878
3801,00;0,0875
3800,50;0,0872
3800,00;0,0868
3799,50;0,0863
3799,00;0,0860
3798,50;0,0861
3798,00;0,0865
3797,50;0,0867
3797,00;0,0865
3796,50;0,0860
3796,00;0,0855
3795,50;0,0853
3795,00;0,0852
3794,50;0,0852
3794,00;0,0851
3793,50;0,0851
3793,00;0,0850
3792,50;0,0849
3792,00;0,0848
3791,50;0,0847
3791,00;0,0848
3790,50;0,0849
3790,00;0,0850
3789,50;0,0850
3789,00;0,0850
3788,50;0,0849
3788,00;0,0849
3787,50;0,0848
3787,00;0,0849
3786,50;0,0852
3786,00;0,0854
3785,50;0,0851
3785,00;0,0846
3784,50;0,0842
3784,00;0,0842
3783,50;0,0846
3783,00;0,0850
3782,50;0,0852
3782,00;0,0852
3781,50;0,0851
3781,00;0,0852
3780,50;0,0855
3780,00;0,0860
3779,50;0,0864
3779,00;0,0866
3778,50;0,0866
3778,00;0,0864
3777,50;0,0859
3777,00;0,0854
3776,50;0,0849
3776,00;0,0844
3775,50;0,0841
3775,00;0,0839
3774,50;0,0839
3774,00;0,0844
3773,50;0,0850
3773,00;0,0857
3772,50;0,0862
3772,00;0,0865
3771,50;0,0867
3771,00;0,0866
3770,50;0,0861
3770,00;0,0855
3769,50;0,0851
3769,00;0,0853
3768,50;0,0856
3768,00;0,0857
3767,50;0,0856
3767,00;0,0857
3766,50;0,0861
3766,00;0,0864
3765,50;0,0863
3765,00;0,0860
3764,50;0,0857
3764,00;0,0853
3763,50;0,0850
3763,00;0,0848
3762,50;0,0848
3762,00;0,0851
3761,50;0,0855
3761,00;0,0857
3760,50;0,0855
3760,00;0,0849
3759,50;0,0844
3759,00;0,0844
3758,50;0,0849
3758,00;0,0857
3757,50;0,0862
3757,00;0,0867
3756,50;0,0871
3756,00;0,0875
3755,50;0,0879
3755,00;0,0881
3754,50;0,0879
3754,00;0,0874
3753,50;0,0869
3753,00;0,0865
3752,50;0,0863
3752,00;0,0862
3751,50;0,0865
3751,00;0,0870
3750,50;0,0872
3750,00;0,0870
3749,50;0,0866
3749,00;0,0866
3748,50;0,0869
3748,00;0,0870
3747,50;0,0868
3747,00;0,0865
3746,50;0,0866
3746,00;0,0869
3745,50;0,0873
3745,00;0,0874
3744,50;0,0872
3744,00;0,0872
3743,50;0,0874
3743,00;0,0870
3742,50;0,0863
3742,00;0,0857
3741,50;0,0855
3741,00;0,0855
3740,50;0,0855
3740,00;0,0854
3739,50;0,0854
3739,00;0,0854
3738,50;0,0853
3738,00;0,0853
3737,50;0,0855
3737,00;0,0861
3736,50;0,0869
3736,00;0,0878
3735,50;0,0883
3735,00;0,0882
3734,50;0,0879
3734,00;0,0879
3733,50;0,0882
3733,00;0,0886
3732,50;0,0889
3732,00;0,0891
3731,50;0,0894
3731,00;0,0895
3730,50;0,0890
3730,00;0,0881
3729,50;0,0872
3729,00;0,0866
3728,50;0,0862
3728,00;0,0858
3727,50;0,0855
3727,00;0,0853
3726,50;0,0854
3726,00;0,0859
3725,50;0,0863
3725,00;0,0867
3724,50;0,0869
3724,00;0,0871
3723,50;0,0871
3723,00;0,0868
3722,50;0,0863
3722,00;0,0859
3721,50;0,0859
3721,00;0,0860
3720,50;0,0860
3720,00;0,0856
3719,50;0,0850
3719,00;0,0846
3718,50;0,0843
3718,00;0,0842
3717,50;0,0840
3717,00;0,0838
3716,50;0,0838
3716,00;0,0843
3715,50;0,0850
3715,00;0,0856
3714,50;0,0860
3714,00;0,0865
3713,50;0,0870
3713,00;0,0875
3712,50;0,0878
3712,00;0,0877
3711,50;0,0876
3711,00;0,0875
3710,50;0,0874
3710,00;0,0873
3709,50;0,0875
3709,00;0,0878
3708,50;0,0880
3708,00;0,0879
3707,50;0,0873
3707,00;0,0867
3706,50;0,0866
3706,00;0,0869
3705,50;0,0872
3705,00;0,0873
3704,50;0,0871
3704,00;0,0868
3703,50;0,0865
3703,00;0,0862
3702,50;0,0858
3702,00;0,0853
3701,50;0,0851
3701,00;0,0854
3700,50;0,0860
3700,00;0,0865
3699,50;0,0867
3699,00;0,0868
3698,50;0,0869
3698,00;0,0871
3697,50;0,0872
3697,00;0,0872
3696,50;0,0871
3696,00;0,0869
3695,50;0,0868
3695,00;0,0870
3694,50;0,0874
3694,00;0,0877
3693,50;0,0878
3693,00;0,0876
3692,50;0,0872
3692,00;0,0868
3691,50;0,0867
3691,00;0,0869
3690,50;0,0874
3690,00;0,0881
3689,50;0,0888
3689,00;0,0891
3688,50;0,0890
3688,00;0,0888
3687,50;0,0886
3687,00;0,0881
3686,50;0,0875
3686,00;0,0872
3685,50;0,0872
3685,00;0,0874
3684,50;0,0874
3684,00;0,0873
3683,50;0,0871
3683,00;0,0868
3682,50;0,0864
3682,00;0,0861
3681,50;0,0860
3681,00;0,0861
3680,50;0,0862
3680,00;0,0861
3679,50;0,0861
3679,00;0,0862
3678,50;0,0865
3678,00;0,0869
3677,50;0,0871
3677,00;0,0872
3676,50;0,0872
3676,00;0,0873
3675,50;0,0876
3675,00;0,0880
3674,50;0,0886
3674,00;0,0888
3673,50;0,0888
3673,00;0,0885
3672,50;0,0883
3672,00;0,0882
3671,50;0,0878
3671,00;0,0872
3670,50;0,0869
3670,00;0,0870
3669,50;0,0875
3669,00;0,0879
3668,50;0,0881
3668,00;0,0882
3667,50;0,0883
3667,00;0,0883
3666,50;0,0882
3666,00;0,0879
3665,50;0,0878
3665,00;0,0877
3664,50;0,0879
3664,00;0,0883
3663,50;0,0887
3663,00;0,0891
3662,50;0,0891
3662,00;0,0888
3661,50;0,0882
3661,00;0,0875
3660,50;0,0868
3660,00;0,0863
3659,50;0,0862
3659,00;0,0865
3658,50;0,0870
3658,00;0,0876
3657,50;0,0880
3657,00;0,0882
3656,50;0,0882
3656,00;0,0883
3655,50;0,0887
3655,00;0,0889
3654,50;0,0888
3654,00;0,0884
3653,50;0,0880
3653,00;0,0878
3652,50;0,0879
3652,00;0,0883
3651,50;0,0887
3651,00;0,0891
3650,50;0,0894
3650,00;0,0897
3649,50;0,0900
3649,00;0,0904
3648,50;0,0909
3648,00;0,0913
3647,50;0,0912
3647,00;0,0909
3646,50;0,0907
3646,00;0,0906
3645,50;0,0903
3645,00;0,0895
3644,50;0,0887
3644,00;0,0883
3643,50;0,0884
3643,00;0,0889
3642,50;0,0893
3642,00;0,0893
3641,50;0,0889
3641,00;0,0883
3640,50;0,0879
3640,00;0,0878
3639,50;0,0880
3639,00;0,0885
3638,50;0,0891
3638,00;0,0896
3637,50;0,0900
3637,00;0,0902
3636,50;0,0900
3636,00;0,0897
3635,50;0,0895
3635,00;0,0895
3634,50;0,0896
3634,00;0,0895
3633,50;0,0891
3633,00;0,0888
3632,50;0,0889
3632,00;0,0893
3631,50;0,0899
3631,00;0,0905
3630,50;0,0911
3630,00;0,0915
3629,50;0,0918
3629,00;0,0919
3628,50;0,0920
3628,00;0,0922
3627,50;0,0923
3627,00;0,0924
3626,50;0,0924
3626,00;0,0921
3625,50;0,0916
3625,00;0,0909
3624,50;0,0904
3624,00;0,0902
3623,50;0,0904
3623,00;0,0910
3622,50;0,0915
3622,00;0,0918
3621,50;0,0920
3621,00;0,0919
3620,50;0,0919
3620,00;0,0918
3619,50;0,0920
3619,00;0,0923
3618,50;0,0927
3618,00;0,0928
3617,50;0,0926
3617,00;0,0924
3616,50;0,0923
3616,00;0,0922
3615,50;0,0920
3615,00;0,0917
3614,50;0,0915
3614,00;0,0915
3613,50;0,0918
3613,00;0,0921
3612,50;0,0924
3612,00;0,0926
3611,50;0,0929
3611,00;0,0929
3610,50;0,0927
3610,00;0,0922
3609,50;0,0918
3609,00;0,0917
3608,50;0,0921
3608,00;0,0927
3607,50;0,0929
3607,00;0,0930
3606,50;0,0933
3606,00;0,0938
3605,50;0,0943
3605,00;0,0946
3604,50;0,0945
3604,00;0,0942
3603,50;0,0940
3603,00;0,0938
3602,50;0,0937
3602,00;0,0936
3601,50;0,0937
3601,00;0,0940
3600,50;0,0941
3600,00;0,0941
3599,50;0,0937
3599,00;0,0933
3598,50;0,0931
3598,00;0,0932
3597,50;0,0935
3597,00;0,0939
3596,50;0,0944
3596,00;0,0947
3595,50;0,0950
3595,00;0,0951
3594,50;0,0951
3594,00;0,0948
3593,50;0,0943
3593,00;0,0940
3592,50;0,0940
3592,00;0,0943
3591,50;0,0946
3591,00;0,0948
3590,50;0,0949
3590,00;0,0953
3589,50;0,0957
3589,00;0,0960
3588,50;0,0962
3588,00;0,0963
3587,50;0,0963
3587,00;0,0961
3586,50;0,0959
3586,00;0,0958
3585,50;0,0960
3585,00;0,0961
3584,50;0,0961
3584,00;0,0959
3583,50;0,0959
3583,00;0,0960
3582,50;0,0963
3582,00;0,0967
3581,50;0,0972
3581,00;0,0973
3580,50;0,0972
3580,00;0,0968
3579,50;0,0966
3579,00;0,0969
3578,50;0,0977
3578,00;0,0984
3577,50;0,0989
3577,00;0,0990
3576,50;0,0989
3576,00;0,0986
3575,50;0,0984
3575,00;0,0982
3574,50;0,0982
3574,00;0,0984
3573,50;0,0986
3573,00;0,0987
3572,50;0,0988
3572,00;0,0989
3571,50;0,0991
3571,00;0,0994
3570,50;0,0997
3570,00;0,0999
3569,50;0,1002
3569,00;0,1003
3568,50;0,1004
3568,00;0,1004
3567,50;0,1005
3567,00;0,1004
3566,50;0,1003
3566,00;0,1002
3565,50;0,1004
3565,00;0,1007
3564,50;0,1010
3564,00;0,1013
3563,50;0,1014
3563,00;0,1015
3562,50;0,1014
3562,00;0,1013
3561,50;0,1013
3561,00;0,1014
3560,50;0,1015
3560,00;0,1017
3559,50;0,1019
3559,00;0,1021
3558,50;0,1023
3558,00;0,1025
3557,50;0,1027
3557,00;0,1027
3556,50;0,1027
3556,00;0,1026
3555,50;0,1027
3555,00;0,1030
3554,50;0,1034
3554,00;0,1036
3553,50;0,1037
3553,00;0,1037
3552,50;0,1036
3552,00;0,1035
3551,50;0,1035
3551,00;0,1036
3550,50;0,1037
3550,00;0,1037
3549,50;0,1039
3549,00;0,1043
3548,50;0,1048
3548,00;0,1051
3547,50;0,1053
3547,00;0,1053
3546,50;0,1054
3546,00;0,1056
3545,50;0,1057
3545,00;0,1057
3544,50;0,1059
3544,00;0,1060
3543,50;0,1062
3543,00;0,1062
3542,50;0,1061
3542,00;0,1060
3541,50;0,1061
3541,00;0,1062
3540,50;0,1064
3540,00;0,1067
3539,50;0,1070
3539,00;0,1073
3538,50;0,1075
3538,00;0,1076
3537,50;0,1075
3537,00;0,1073
3536,50;0,1072
3536,00;0,1071
3535,50;0,1072
3535,00;0,1074
3534,50;0,1078
3534,00;0,1084
3533,50;0,1089
3533,00;0,1094
3532,50;0,1097
3532,00;0,1098
3531,50;0,1097
3531,00;0,1097
3530,50;0,1097
3530,00;0,1099
3529,50;0,1100
3529,00;0,1102
3528,50;0,1104
3528,00;0,1106
3527,50;0,1108
3527,00;0,1109
3526,50;0,1109
3526,00;0,1110
3525,50;0,1111
3525,00;0,1111
3524,50;0,1113
3524,00;0,1117
3523,50;0,1121
3523,00;0,1124
3522,50;0,1127
3522,00;0,1130
3521,50;0,1132
3521,00;0,1135
3520,50;0,1136
3520,00;0,1136
3519,50;0,1136
3519,00;0,1136
3518,50;0,1136
3518,00;0,1138
3517,50;0,1140
3517,00;0,1141
3516,50;0,1142
3516,00;0,1143
3515,50;0,1146
3515,00;0,1150
3514,50;0,1155
3514,00;0,1158
3513,50;0,1159
3513,00;0,1161
3512,50;0,1163
3512,00;0,1166
3511,50;0,1168
3511,00;0,1170
3510,50;0,1172
3510,00;0,1175
3509,50;0,1177
3509,00;0,1177
3508,50;0,1176
3508,00;0,1175
3507,50;0,1176
3507,00;0,1180
3506,50;0,1185
3506,00;0,1191
3505,50;0,1194
3505,00;0,1196
3504,50;0,1197
3504,00;0,1198
3503,50;0,1199
3503,00;0,1203
3502,50;0,1207
3502,00;0,1211
3501,50;0,1214
3501,00;0,1215
3500,50;0,1217
3500,00;0,1220
3499,50;0,1224
3499,00;0,1228
3498,50;0,1231
3498,00;0,1233
3497,50;0,1235
3497,00;0,1237
3496,50;0,1240
3496,00;0,1244
3495,50;0,1247
3495,00;0,1249
3494,50;0,1250
3494,00;0,1249
3493,50;0,1249
3493,00;0,1249
3492,50;0,1250
3492,00;0,1253
3491,50;0,1257
3491,00;0,1261
3490,50;0,1265
3490,00;0,1268
3489,50;0,1272
3489,00;0,1276
3488,50;0,1280
3488,00;0,1284
3487,50;0,1287
3487,00;0,1289
3486,50;0,1291
3486,00;0,1292
3485,50;0,1294
3485,00;0,1296
3484,50;0,1297
3484,00;0,1299
3483,50;0,1303
3483,00;0,1307
3482,50;0,1313
3482,00;0,1317
3481,50;0,1321
3481,00;0,1325
3480,50;0,1328
3480,00;0,1332
3479,50;0,1335
3479,00;0,1338
3478,50;0,1339
3478,00;0,1341
3477,50;0,1344
3477,00;0,1347
3476,50;0,1352
3476,00;0,1355
3475,50;0,1357
3475,00;0,1359
3474,50;0,1364
3474,00;0,1370
3473,50;0,1377
3473,00;0,1383
3472,50;0,1387
3472,00;0,1391
3471,50;0,1395
3471,00;0,1400
3470,50;0,1405
3470,00;0,1409
3469,50;0,1411
3469,00;0,1413
3468,50;0,1415
3468,00;0,1419
3467,50;0,1424
3467,00;0,1429
3466,50;0,1435
3466,00;0,1441
3465,50;0,1445
3465,00;0,1448
3464,50;0,1452
3464,00;0,1456
3463,50;0,1461
3463,00;0,1466
3462,50;0,1471
3462,00;0,1477
3461,50;0,1482
3461,00;0,1486
3460,50;0,1490
3460,00;0,1493
3459,50;0,1497
3459,00;0,1503
3458,50;0,1510
3458,00;0,1518
3457,50;0,1525
3457,00;0,1530
3456,50;0,1534
3456,00;0,1537
3455,50;0,1543
3455,00;0,1550
3454,50;0,1557
3454,00;0,1564
3453,50;0,1571
3453,00;0,1576
3452,50;0,1580
3452,00;0,1585
3451,50;0,1591
3451,00;0,1597
3450,50;0,1603
3450,00;0,1609
3449,50;0,1616
3449,00;0,1623
3448,50;0,1630
3448,00;0,1636
3447,50;0,1641
3447,00;0,1645
3446,50;0,1649
3446,00;0,1654
3445,50;0,1661
3445,00;0,1669
3444,50;0,1677
3444,00;0,1685
3443,50;0,1692
3443,00;0,1698
3442,50;0,1702
3442,00;0,1706
3441,50;0,1712
3441,00;0,1720
3440,50;0,1729
3440,00;0,1739
3439,50;0,1749
3439,00;0,1757
3438,50;0,1763
3438,00;0,1767
3437,50;0,1772
3437,00;0,1778
3436,50;0,1786
3436,00;0,1795
3435,50;0,1805
3435,00;0,1817
3434,50;0,1827
3434,00;0,1835
3433,50;0,1840
3433,00;0,1843
3432,50;0,1846
3432,00;0,1851
3431,50;0,1859
3431,00;0,1867
3430,50;0,1876
3430,00;0,1884
3429,50;0,1892
3429,00;0,1901
3428,50;0,1911
3428,00;0,1920
3427,50;0,1928
3427,00;0,1934
3426,50;0,1940
3426,00;0,1948
3425,50;0,1957
3425,00;0,1965
3424,50;0,1974
3424,00;0,1983
3423,50;0,1994
3423,00;0,2004
3422,50;0,2013
3422,00;0,2018
3421,50;0,2022
3421,00;0,2026
3420,50;0,2030
3420,00;0,2035
3419,50;0,2041
3419,00;0,2048
3418,50;0,2058
3418,00;0,2071
3417,50;0,2085
3417,00;0,2099
3416,50;0,2108
3416,00;0,2113
3415,50;0,2118
3415,00;0,2123
3414,50;0,2128
3414,00;0,2133
3413,50;0,2139
3413,00;0,2146
3412,50;0,2155
3412,00;0,2164
3411,50;0,2173
3411,00;0,2180
3410,50;0,2186
3410,00;0,2192
3409,50;0,2200
3409,00;0,2210
3408,50;0,2219
3408,00;0,2226
3407,50;0,2235
3407,00;0,2245
3406,50;0,2257
3406,00;0,2267
3405,50;0,2275
3405,00;0,2280
3404,50;0,2285
3404,00;0,2291
3403,50;0,2298
3403,00;0,2305
3402,50;0,2312
3402,00;0,2320
3401,50;0,2328
3401,00;0,2336
3400,50;0,2343
3400,00;0,2349
3399,50;0,2357
3399,00;0,2366
3398,50;0,2375
3398,00;0,2381
3397,50;0,2384
3397,00;0,2387
3396,50;0,2392
3396,00;0,2400
3395,50;0,2407
3395,00;0,2413
3394,50;0,2419
3394,00;0,2426
3393,50;0,2436
3393,00;0,2448
3392,50;0,2458
3392,00;0,2465
3391,50;0,2472
3391,00;0,2478
3390,50;0,2484
3390,00;0,2491
3389,50;0,2497
3389,00;0,2502
3388,50;0,2505
3388,00;0,2509
3387,50;0,2514
3387,00;0,2520
3386,50;0,2527
3386,00;0,2533
3385,50;0,2538
3385,00;0,2542
3384,50;0,2547
3384,00;0,2553
3383,50;0,2559
3383,00;0,2566
3382,50;0,2572
3382,00;0,2580
3381,50;0,2589
3381,00;0,2598
3380,50;0,2604
3380,00;0,2608
3379,50;0,2609
3379,00;0,2610
3378,50;0,2613
3378,00;0,2618
3377,50;0,2625
3377,00;0,2633
3376,50;0,2639
3376,00;0,2645
3375,50;0,2650
3375,00;0,2656
3374,50;0,2661
3374,00;0,2665
3373,50;0,2669
3373,00;0,2673
3372,50;0,2676
3372,00;0,2680
3371,50;0,2685
3371,00;0,2692
3370,50;0,2699
3370,00;0,2706
3369,50;0,2710
3369,00;0,2713
3368,50;0,2714
3368,00;0,2716
3367,50;0,2717
3367,00;0,2720
3366,50;0,2725
3366,00;0,2731
3365,50;0,2738
3365,00;0,2744
3364,50;0,2749
3364,00;0,2754
3363,50;0,2760
3363,00;0,2765
3362,50;0,2771
3362,00;0,2774
3361,50;0,2776
3361,00;0,2778
3360,50;0,2780
3360,00;0,2783
3359,50;0,2787
3359,00;0,2790
3358,50;0,2794
3358,00;0,2797
3357,50;0,2801
3357,00;0,2807
3356,50;0,2814
3356,00;0,2821
3355,50;0,2826
3355,00;0,2830
3354,50;0,2833
3354,00;0,2835
3353,50;0,2836
3353,00;0,2836
3352,50;0,2835
3352,00;0,2837
3351,50;0,2841
3351,00;0,2847
3350,50;0,2855
3350,00;0,2861
3349,50;0,2864
3349,00;0,2866
3348,50;0,2868
3348,00;0,2873
3347,50;0,2880
3347,00;0,2887
3346,50;0,2893
3346,00;0,2898
3345,50;0,2902
3345,00;0,2906
3344,50;0,2909
3344,00;0,2910
3343,50;0,2911
3343,00;0,2913
3342,50;0,2917
3342,00;0,2922
3341,50;0,2927
3341,00;0,2934
3340,50;0,2942
3340,00;0,2949
3339,50;0,2955
3339,00;0,2959
3338,50;0,2963
3338,00;0,2967
3337,50;0,2970
3337,00;0,2973
3336,50;0,2975
3336,00;0,2977
3335,50;0,2980
3335,00;0,2984
3334,50;0,2990
3334,00;0,2997
3333,50;0,3004
3333,00;0,3010
3332,50;0,3014
3332,00;0,3018
3331,50;0,3022
3331,00;0,3027
3330,50;0,3032
3330,00;0,3037
3329,50;0,3041
3329,00;0,3044
3328,50;0,3048
3328,00;0,3053
3327,50;0,3060
3327,00;0,3067
3326,50;0,3072
3326,00;0,3074
3325,50;0,3076
3325,00;0,3079
3324,50;0,3086
3324,00;0,3096
3323,50;0,3108
3323,00;0,3118
3322,50;0,3125
3322,00;0,3129
3321,50;0,3134
3321,00;0,3139
3320,50;0,3146
3320,00;0,3153
3319,50;0,3159
3319,00;0,3165
3318,50;0,3169
3318,00;0,3172
3317,50;0,3173
3317,00;0,3176
3316,50;0,3181
3316,00;0,3190
3315,50;0,3200
3315,00;0,3210
3314,50;0,3219
3314,00;0,3226
3313,50;0,3232
3313,00;0,3238
3312,50;0,3244
3312,00;0,3250
3311,50;0,3258
3311,00;0,3268
3310,50;0,3277
3310,00;0,3285
3309,50;0,3291
3309,00;0,3298
3308,50;0,3304
3308,00;0,3310
3307,50;0,3317
3307,00;0,3323
3306,50;0,3330
3306,00;0,3337
3305,50;0,3344
3305,00;0,3350
3304,50;0,3356
3304,00;0,3365
3303,50;0,3376
3303,00;0,3388
3302,50;0,3400
3302,00;0,3411
3301,50;0,3421
3301,00;0,3431
3300,50;0,3442
3300,00;0,3454
3299,50;0,3466
3299,00;0,3475
3298,50;0,3483
3298,00;0,3493
3297,50;0,3506
3297,00;0,3520
3296,50;0,3531
3296,00;0,3538
3295,50;0,3543
3295,00;0,3549
3294,50;0,3557
3294,00;0,3569
3293,50;0,3584
3293,00;0,3598
3292,50;0,3610
3292,00;0,3619
3291,50;0,3628
3291,00;0,3638
3290,50;0,3647
3290,00;0,3655
3289,50;0,3663
3289,00;0,3671
3288,50;0,3680
3288,00;0,3691
3287,50;0,3703
3287,00;0,3717
3286,50;0,3728
3286,00;0,3738
3285,50;0,3744
3285,00;0,3748
3284,50;0,3753
3284,00;0,3759
3283,50;0,3768
3283,00;0,3779
3282,50;0,3792
3282,00;0,3807
3281,50;0,3822
3281,00;0,3838
3280,50;0,3852
3280,00;0,3863
3279,50;0,3872
3279,00;0,3882
3278,50;0,3893
3278,00;0,3906
3277,50;0,3919
3277,00;0,3932
3276,50;0,3946
3276,00;0,3959
3275,50;0,3970
3275,00;0,3982
3274,50;0,3994
3274,00;0,4009
3273,50;0,4027
3273,00;0,4046
3272,50;0,4066
3272,00;0,4085
3271,50;0,4101
3271,00;0,4113
3270,50;0,4123
3270,00;0,4132
3269,50;0,4140
3269,00;0,4150
3268,50;0,4163
3268,00;0,4177
3267,50;0,4189
3267,00;0,4198
3266,50;0,4209
3266,00;0,4224
3265,50;0,4242
3265,00;0,4262
3264,50;0,4279
3264,00;0,4294
3263,50;0,4308
3263,00;0,4324
3262,50;0,4340
3262,00;0,4355
3261,50;0,4369
3261,00;0,4381
3260,50;0,4391
3260,00;0,4400
3259,50;0,4411
3259,00;0,4425
3258,50;0,4440
3258,00;0,4455
3257,50;0,4470
3257,00;0,4485
3256,50;0,4501
3256,00;0,4515
3255,50;0,4527
3255,00;0,4537
3254,50;0,4547
3254,00;0,4561
3253,50;0,4577
3253,00;0,4591
3252,50;0,4599
3252,00;0,4604
3251,50;0,4610
3251,00;0,4618
3250,50;0,4628
3250,00;0,4639
3249,50;0,4649
3249,00;0,4660
3248,50;0,4669
3248,00;0,4677
3247,50;0,4682
3247,00;0,4688
3246,50;0,4695
3246,00;0,4704
3245,50;0,4715
3245,00;0,4725
3244,50;0,4730
3244,00;0,4730
3243,50;0,4728
3243,00;0,4729
3242,50;0,4735
3242,00;0,4743
3241,50;0,4753
3241,00;0,4761
3240,50;0,4768
3240,00;0,4772
3239,50;0,4775
3239,00;0,4775
3238,50;0,4772
3238,00;0,4767
3237,50;0,4762
3237,00;0,4759
3236,50;0,4758
3236,00;0,4757
3235,50;0,4757
3235,00;0,4756
3234,50;0,4754
3234,00;0,4751
3233,50;0,4749
3233,00;0,4748
3232,50;0,4747
3232,00;0,4746
3231,50;0,4744
3231,00;0,4743
3230,50;0,4741
3230,00;0,4737
3229,50;0,4730
3229,00;0,4724
3228,50;0,4720
3228,00;0,4718
3227,50;0,4715
3227,00;0,4711
3226,50;0,4705
3226,00;0,4700
3225,50;0,4696
3225,00;0,4693
3224,50;0,4687
3224,00;0,4680
3223,50;0,4672
3223,00;0,4667
3222,50;0,4663
3222,00;0,4660
3221,50;0,4654
3221,00;0,4648
3220,50;0,4643
3220,00;0,4639
3219,50;0,4636
3219,00;0,4635
3218,50;0,4635
3218,00;0,4635
3217,50;0,4633
3217,00;0,4629
3216,50;0,4626
3216,00;0,4623
3215,50;0,4622
3215,00;0,4619
3214,50;0,4615
3214,00;0,4614
3213,50;0,4614
3213,00;0,4616
3212,50;0,4614
3212,00;0,4609
3211,50;0,4602
3211,00;0,4599
3210,50;0,4599
3210,00;0,4598
3209,50;0,4596
3209,00;0,4591
3208,50;0,4585
3208,00;0,4579
3207,50;0,4575
3207,00;0,4572
3206,50;0,4571
3206,00;0,4569
3205,50;0,4567
3205,00;0,4564
3204,50;0,4561
3204,00;0,4559
3203,50;0,4556
3203,00;0,4553
3202,50;0,4548
3202,00;0,4543
3201,50;0,4536
3201,00;0,4527
3200,50;0,4521
3200,00;0,4518
3199,50;0,4517
3199,00;0,4517
3198,50;0,4515
3198,00;0,4511
3197,50;0,4505
3197,00;0,4498
3196,50;0,4492
3196,00;0,4490
3195,50;0,4490
3195,00;0,4488
3194,50;0,4485
3194,00;0,4480
3193,50;0,4475
3193,00;0,4470
3192,50;0,4467
3192,00;0,4464
3191,50;0,4462
3191,00;0,4460
3190,50;0,4455
3190,00;0,4450
3189,50;0,4444
3189,00;0,4439
3188,50;0,4435
3188,00;0,4433
3187,50;0,4432
3187,00;0,4431
3186,50;0,4428
3186,00;0,4423
3185,50;0,4419
3185,00;0,4417
3184,50;0,4418
3184,00;0,4421
3183,50;0,4424
3183,00;0,4425
3182,50;0,4421
3182,00;0,4415
3181,50;0,4407
3181,00;0,4400
3180,50;0,4396
3180,00;0,4394
3179,50;0,4395
3179,00;0,4395
3178,50;0,4393
3178,00;0,4391
3177,50;0,4389
3177,00;0,4385
3176,50;0,4379
3176,00;0,4373
3175,50;0,4369
3175,00;0,4366
3174,50;0,4362
3174,00;0,4356
3173,50;0,4351
3173,00;0,4348
3172,50;0,4347
3172,00;0,4345
3171,50;0,4342
3171,00;0,4338
3170,50;0,4334
3170,00;0,4330
3169,50;0,4328
3169,00;0,4329
3168,50;0,4331
3168,00;0,4333
3167,50;0,4334
3167,00;0,4333
3166,50;0,4330
3166,00;0,4326
3165,50;0,4322
3165,00;0,4319
3164,50;0,4317
3164,00;0,4316
3163,50;0,4315
3163,00;0,4315
3162,50;0,4315
3162,00;0,4314
3161,50;0,4313
3161,00;0,4311
3160,50;0,4308
3160,00;0,4303
3159,50;0,4298
3159,00;0,4291
3158,50;0,4283
3158,00;0,4277
3157,50;0,4275
3157,00;0,4276
3156,50;0,4276
3156,00;0,4273
3155,50;0,4267
3155,00;0,4260
3154,50;0,4255
3154,00;0,4252
3153,50;0,4251
3153,00;0,4251
3152,50;0,4252
3152,00;0,4252
3151,50;0,4251
3151,00;0,4249
3150,50;0,4245
3150,00;0,4238
3149,50;0,4232
3149,00;0,4227
3148,50;0,4223
3148,00;0,4220
3147,50;0,4215
3147,00;0,4210
3146,50;0,4204
3146,00;0,4198
3145,50;0,4191
3145,00;0,4183
3144,50;0,4175
3144,00;0,4169
3143,50;0,4162
3143,00;0,4157
3142,50;0,4152
3142,00;0,4148
3141,50;0,4142
3141,00;0,4136
3140,50;0,4130
3140,00;0,4125
3139,50;0,4120
3139,00;0,4115
3138,50;0,4109
3138,00;0,4104
3137,50;0,4099
3137,00;0,4093
3136,50;0,4085
3136,00;0,4077
3135,50;0,4070
3135,00;0,4063
3134,50;0,4056
3134,00;0,4049
3133,50;0,4040
3133,00;0,4031
3132,50;0,4021
3132,00;0,4013
3131,50;0,4007
3131,00;0,4002
3130,50;0,3997
3130,00;0,3991
3129,50;0,3983
3129,00;0,3973
3128,50;0,3961
3128,00;0,3951
3127,50;0,3941
3127,00;0,3933
3126,50;0,3927
3126,00;0,3922
3125,50;0,3917
3125,00;0,3911
3124,50;0,3902
3124,00;0,3890
3123,50;0,3876
3123,00;0,3865
3122,50;0,3856
3122,00;0,3848
3121,50;0,3841
3121,00;0,3832
3120,50;0,3823
3120,00;0,3812
3119,50;0,3798
3119,00;0,3783
3118,50;0,3767
3118,00;0,3753
3117,50;0,3744
3117,00;0,3738
3116,50;0,3733
3116,00;0,3728
3115,50;0,3721
3115,00;0,3712
3114,50;0,3701
3114,00;0,3689
3113,50;0,3677
3113,00;0,3665
3112,50;0,3653
3112,00;0,3641
3111,50;0,3631
3111,00;0,3620
3110,50;0,3610
3110,00;0,3598
3109,50;0,3587
3109,00;0,3576
3108,50;0,3567
3108,00;0,3557
3107,50;0,3545
3107,00;0,3532
3106,50;0,3518
3106,00;0,3506
3105,50;0,3495
3105,00;0,3482
3104,50;0,3469
3104,00;0,3455
3103,50;0,3443
3103,00;0,3431
3102,50;0,3420
3102,00;0,3411
3101,50;0,3401
3101,00;0,3390
3100,50;0,3376
3100,00;0,3364
3099,50;0,3354
3099,00;0,3346
3098,50;0,3336
3098,00;0,3326
3097,50;0,3314
3097,00;0,3303
3096,50;0,3292
3096,00;0,3278
3095,50;0,3264
3095,00;0,3249
3094,50;0,3235
3094,00;0,3223
3093,50;0,3211
3093,00;0,3200
3092,50;0,3189
3092,00;0,3179
3091,50;0,3169
3091,00;0,3158
3090,50;0,3146
3090,00;0,3135
3089,50;0,3123
3089,00;0,3111
3088,50;0,3098
3088,00;0,3085
3087,50;0,3074
3087,00;0,3064
3086,50;0,3054
3086,00;0,3043
3085,50;0,3030
3085,00;0,3016
3084,50;0,3002
3084,00;0,2988
3083,50;0,2975
3083,00;0,2963
3082,50;0,2952
3082,00;0,2941
3081,50;0,2931
3081,00;0,2920
3080,50;0,2909
3080,00;0,2897
3079,50;0,2886
3079,00;0,2877
3078,50;0,2866
3078,00;0,2854
3077,50;0,2842
3077,00;0,2829
3076,50;0,2817
3076,00;0,2806
3075,50;0,2796
3075,00;0,2785
3074,50;0,2774
3074,00;0,2762
3073,50;0,2749
3073,00;0,2736
3072,50;0,2723
3072,00;0,2710
3071,50;0,2697
3071,00;0,2685
3070,50;0,2673
3070,00;0,2664
3069,50;0,2656
3069,00;0,2649
3068,50;0,2637
3068,00;0,2621
3067,50;0,2602
3067,00;0,2588
3066,50;0,2580
3066,00;0,2575
3065,50;0,2570
3065,00;0,2561
3064,50;0,2552
3064,00;0,2542
3063,50;0,2532
3063,00;0,2522
3062,50;0,2512
3062,00;0,2501
3061,50;0,2491
3061,00;0,2481
3060,50;0,2471
3060,00;0,2461
3059,50;0,2452
3059,00;0,2442
3058,50;0,2432
3058,00;0,2420
3057,50;0,2408
3057,00;0,2396
3056,50;0,2386
3056,00;0,2379
3055,50;0,2373
3055,00;0,2367
3054,50;0,2359
3054,00;0,2350
3053,50;0,2340
3053,00;0,2329
3052,50;0,2318
3052,00;0,2308
3051,50;0,2300
3051,00;0,2292
3050,50;0,2285
3050,00;0,2277
3049,50;0,2269
3049,00;0,2260
3048,50;0,2252
3048,00;0,2244
3047,50;0,2235
3047,00;0,2226
3046,50;0,2217
3046,00;0,2207
3045,50;0,2196
3045,00;0,2186
3044,50;0,2178
3044,00;0,2171
3043,50;0,2165
3043,00;0,2157
3042,50;0,2148
3042,00;0,2139
3041,50;0,2133
3041,00;0,2129
3040,50;0,2124
3040,00;0,2118
3039,50;0,2109
3039,00;0,2100
3038,50;0,2092
3038,00;0,2085
3037,50;0,2079
3037,00;0,2073
3036,50;0,2066
3036,00;0,2058
3035,50;0,2049
3035,00;0,2039
3034,50;0,2031
3034,00;0,2024
3033,50;0,2018
3033,00;0,2013
3032,50;0,2009
3032,00;0,2004
3031,50;0,1999
3031,00;0,1991
3030,50;0,1981
3030,00;0,1972
3029,50;0,1965
3029,00;0,1961
3028,50;0,1959
3028,00;0,1955
3027,50;0,1951
3027,00;0,1945
3026,50;0,1939
3026,00;0,1932
3025,50;0,1925
3025,00;0,1919
3024,50;0,1914
3024,00;0,1910
3023,50;0,1904
3023,00;0,1899
3022,50;0,1893
3022,00;0,1889
3021,50;0,1884
3021,00;0,1880
3020,50;0,1875
3020,00;0,1869
3019,50;0,1863
3019,00;0,1857
3018,50;0,1852
3018,00;0,1847
3017,50;0,1841
3017,00;0,1834
3016,50;0,1826
3016,00;0,1820
3015,50;0,1815
3015,00;0,1812
3014,50;0,1808
3014,00;0,1803
3013,50;0,1797
3013,00;0,1790
3012,50;0,1785
3012,00;0,1781
3011,50;0,1777
3011,00;0,1773
3010,50;0,1767
3010,00;0,1762
3009,50;0,1758
3009,00;0,1754
3008,50;0,1752
3008,00;0,1749
3007,50;0,1746
3007,00;0,1743
3006,50;0,1739
3006,00;0,1734
3005,50;0,1729
3005,00;0,1723
3004,50;0,1718
3004,00;0,1715
3003,50;0,1711
3003,00;0,1708
3002,50;0,1703
3002,00;0,1697
3001,50;0,1690
3001,00;0,1684
3000,50;0,1680
3000,00;0,1677
2999,50;0,1675
2999,00;0,1674
2998,50;0,1672
2998,00;0,1668
2997,50;0,1662
2997,00;0,1656
2996,50;0,1651
2996,00;0,1648
2995,50;0,1646
2995,00;0,1643
2994,50;0,1640
2994,00;0,1636
2993,50;0,1630
2993,00;0,1624
2992,50;0,1620
2992,00;0,1617
2991,50;0,1616
2991,00;0,1613
2990,50;0,1610
2990,00;0,1605
2989,50;0,1600
2989,00;0,1596
2988,50;0,1592
2988,00;0,1589
2987,50;0,1585
2987,00;0,1583
2986,50;0,1581
2986,00;0,1580
2985,50;0,1578
2985,00;0,1575
2984,50;0,1570
2984,00;0,1566
2983,50;0,1561
2983,00;0,1557
2982,50;0,1554
2982,00;0,1551
2981,50;0,1548
2981,00;0,1546
2980,50;0,1544
2980,00;0,1541
2979,50;0,1538
2979,00;0,1534
2978,50;0,1530
2978,00;0,1526
2977,50;0,1522
2977,00;0,1518
2976,50;0,1515
2976,00;0,1512
2975,50;0,1509
2975,00;0,1507
2974,50;0,1505
2974,00;0,1503
2973,50;0,1500
2973,00;0,1496
2972,50;0,1492
2972,00;0,1489
2971,50;0,1486
2971,00;0,1484
2970,50;0,1481
2970,00;0,1478
2969,50;0,1476
2969,00;0,1474
2968,50;0,1471
2968,00;0,1469
2967,50;0,1466
2967,00;0,1464
2966,50;0,1459
2966,00;0,1454
2965,50;0,1450
2965,00;0,1446
2964,50;0,1443
2964,00;0,1440
2963,50;0,1439
2963,00;0,1438
2962,50;0,1436
2962,00;0,1434
2961,50;0,1430
2961,00;0,1426
2960,50;0,1423
2960,00;0,1420
2959,50;0,1418
2959,00;0,1415
2958,50;0,1412
2958,00;0,1410
2957,50;0,1407
2957,00;0,1403
2956,50;0,1399
2956,00;0,1394
2955,50;0,1389
2955,00;0,1384
2954,50;0,1380
2954,00;0,1376
2953,50;0,1374
2953,00;0,1373
2952,50;0,1373
2952,00;0,1372
2951,50;0,1369
2951,00;0,1364
2950,50;0,1359
2950,00;0,1356
2949,50;0,1355
2949,00;0,1355
2948,50;0,1354
2948,00;0,1351
2947,50;0,1347
2947,00;0,1342
2946,50;0,1339
2946,00;0,1337
2945,50;0,1336
2945,00;0,1334
2944,50;0,1332
2944,00;0,1329
2943,50;0,1328
2943,00;0,1328
2942,50;0,1329
2942,00;0,1328
2941,50;0,1326
2941,00;0,1322
2940,50;0,1318
2940,00;0,1316
2939,50;0,1315
2939,00;0,1315
2938,50;0,1316
2938,00;0,1317
2937,50;0,1317
2937,00;0,1315
2936,50;0,1311
2936,00;0,1307
2935,50;0,1303
2935,00;0,1301
2934,50;0,1300
2934,00;0,1299
2933,50;0,1299
2933,00;0,1298
2932,50;0,1298
2932,00;0,1297
2931,50;0,1295
2931,00;0,1291
2930,50;0,1287
2930,00;0,1285
2929,50;0,1284
2929,00;0,1283
2928,50;0,1281
2928,00;0,1279
2927,50;0,1277
2927,00;0,1275
2926,50;0,1272
2926,00;0,1268
2925,50;0,1264
2925,00;0,1262
2924,50;0,1259
2924,00;0,1257
2923,50;0,1255
2923,00;0,1253
2922,50;0,1252
2922,00;0,1251
2921,50;0,1249
2921,00;0,1245
2920,50;0,1243
2920,00;0,1242
2919,50;0,1242
2919,00;0,1242
2918,50;0,1242
2918,00;0,1243
2917,50;0,1245
2917,00;0,1247
2916,50;0,1248
2916,00;0,1249
2915,50;0,1248
2915,00;0,1248
2914,50;0,1248
2914,00;0,1248
2913,50;0,1248
2913,00;0,1246
2912,50;0,1243
2912,00;0,1240
2911,50;0,1237
2911,00;0,1234
2910,50;0,1231
2910,00;0,1227
2909,50;0,1223
2909,00;0,1221
2908,50;0,1218
2908,00;0,1216
2907,50;0,1213
2907,00;0,1211
2906,50;0,1209
2906,00;0,1208
2905,50;0,1208
2905,00;0,1209
2904,50;0,1208
2904,00;0,1205
2903,50;0,1201
2903,00;0,1199
2902,50;0,1198
2902,00;0,1197
2901,50;0,1196
2901,00;0,1195
2900,50;0,1195
2900,00;0,1194
2899,50;0,1193
2899,00;0,1192
2898,50;0,1190
2898,00;0,1189
2897,50;0,1187
2897,00;0,1186
2896,50;0,1184
2896,00;0,1182
2895,50;0,1180
2895,00;0,1179
2894,50;0,1177
2894,00;0,1175
2893,50;0,1174
2893,00;0,1172
2892,50;0,1171
2892,00;0,1171
2891,50;0,1172
2891,00;0,1171
2890,50;0,1170
2890,00;0,1168
2889,50;0,1166
2889,00;0,1164
2888,50;0,1162
2888,00;0,1160
2887,50;0,1159
2887,00;0,1160
2886,50;0,1162
2886,00;0,1163
2885,50;0,1163
2885,00;0,1160
2884,50;0,1156
2884,00;0,1152
2883,50;0,1150
2883,00;0,1149
2882,50;0,1149
2882,00;0,1148
2881,50;0,1146
2881,00;0,1146
2880,50;0,1146
2880,00;0,1146
2879,50;0,1147
2879,00;0,1147
2878,50;0,1146
2878,00;0,1146
2877,50;0,1144
2877,00;0,1143
2876,50;0,1141
2876,00;0,1139
2875,50;0,1137
2875,00;0,1135
2874,50;0,1133
2874,00;0,1131
2873,50;0,1130
2873,00;0,1130
2872,50;0,1129
2872,00;0,1128
2871,50;0,1127
2871,00;0,1125
2870,50;0,1123
2870,00;0,1122
2869,50;0,1121
2869,00;0,1119
2868,50;0,1118
2868,00;0,1116
2867,50;0,1115
2867,00;0,1115
2866,50;0,1116
2866,00;0,1117
2865,50;0,1117
2865,00;0,1116
2864,50;0,1115
2864,00;0,1114
2863,50;0,1113
2863,00;0,1113
2862,50;0,1114
2862,00;0,1113
2861,50;0,1112
2861,00;0,1110
2860,50;0,1107
2860,00;0,1105
2859,50;0,1103
2859,00;0,1102
2858,50;0,1100
2858,00;0,1099
2857,50;0,1098
2857,00;0,1097
2856,50;0,1095
2856,00;0,1094
2855,50;0,1094
2855,00;0,1095
2854,50;0,1095
2854,00;0,1093
2853,50;0,1090
2853,00;0,1087
2852,50;0,1086
2852,00;0,1087
2851,50;0,1088
2851,00;0,1090
2850,50;0,1092
2850,00;0,1095
2849,50;0,1097
2849,00;0,1098
2848,50;0,1100
2848,00;0,1102
2847,50;0,1103
2847,00;0,1103
2846,50;0,1101
2846,00;0,1098
2845,50;0,1094
2845,00;0,1089
2844,50;0,1086
2844,00;0,1085
2843,50;0,1084
2843,00;0,1083
2842,50;0,1082
2842,00;0,1080
2841,50;0,1078
2841,00;0,1076
2840,50;0,1075
2840,00;0,1074
2839,50;0,1073
2839,00;0,1073
2838,50;0,1073
2838,00;0,1074
2837,50;0,1075
2837,00;0,1076
2836,50;0,1077
2836,00;0,1077
2835,50;0,1076
2835,00;0,1074
2834,50;0,1072
2834,00;0,1070
2833,50;0,1069
2833,00;0,1069
2832,50;0,1069
2832,00;0,1067
2831,50;0,1066
2831,00;0,1066
2830,50;0,1066
2830,00;0,1067
2829,50;0,1067
2829,00;0,1067
2828,50;0,1066
2828,00;0,1065
2827,50;0,1065
2827,00;0,1064
2826,50;0,1063
2826,00;0,1061
2825,50;0,1060
2825,00;0,1059
2824,50;0,1059
2824,00;0,1059
2823,50;0,1058
2823,00;0,1057
2822,50;0,1056
2822,00;0,1055
2821,50;0,1055
2821,00;0,1055
2820,50;0,1055
2820,00;0,1054
2819,50;0,1054
2819,00;0,1053
2818,50;0,1053
2818,00;0,1053
2817,50;0,1053
2817,00;0,1053
2816,50;0,1051
2816,00;0,1050
2815,50;0,1048
2815,00;0,1047
2814,50;0,1047
2814,00;0,1047
2813,50;0,1046
2813,00;0,1045
2812,50;0,1044
2812,00;0,1044
2811,50;0,1045
2811,00;0,1047
2810,50;0,1047
2810,00;0,1048
2809,50;0,1048
2809,00;0,1048
2808,50;0,1047
2808,00;0,1047
2807,50;0,1046
2807,00;0,1047
2806,50;0,1047
2806,00;0,1046
2805,50;0,1045
2805,00;0,1044
2804,50;0,1044
2804,00;0,1043
2803,50;0,1043
2803,00;0,1043
2802,50;0,1042
2802,00;0,1041
2801,50;0,1040
2801,00;0,1040
2800,50;0,1039
2800,00;0,1039
2799,50;0,1039
2799,00;0,1039
2798,50;0,1039
2798,00;0,1039
2797,50;0,1037
2797,00;0,1035
2796,50;0,1033
2796,00;0,1033
2795,50;0,1034
2795,00;0,1035
2794,50;0,1034
2794,00;0,1032
2793,50;0,1031
2793,00;0,1032
2792,50;0,1033
2792,00;0,1034
2791,50;0,1033
2791,00;0,1033
2790,50;0,1032
2790,00;0,1032
2789,50;0,1032
2789,00;0,1031
2788,50;0,1030
2788,00;0,1029
2787,50;0,1027
2787,00;0,1027
2786,50;0,1027
2786,00;0,1027
2785,50;0,1028
2785,00;0,1028
2784,50;0,1027
2784,00;0,1027
2783,50;0,1027
2783,00;0,1027
2782,50;0,1027
2782,00;0,1028
2781,50;0,1028
2781,00;0,1027
2780,50;0,1027
2780,00;0,1026
2779,50;0,1025
2779,00;0,1024
2778,50;0,1025
2778,00;0,1025
2777,50;0,1026
2777,00;0,1026
2776,50;0,1025
2776,00;0,1025
2775,50;0,1024
2775,00;0,1024
2774,50;0,1023
2774,00;0,1022
2773,50;0,1021
2773,00;0,1021
2772,50;0,1020
2772,00;0,1019
2771,50;0,1019
2771,00;0,1020
2770,50;0,1021
2770,00;0,1021
2769,50;0,1021
2769,00;0,1020
2768,50;0,1019
2768,00;0,1018
2767,50;0,1017
2767,00;0,1016
2766,50;0,1017
2766,00;0,1017
2765,50;0,1018
2765,00;0,1019
2764,50;0,1018
2764,00;0,1018
2763,50;0,1016
2763,00;0,1015
2762,50;0,1015
2762,00;0,1015
2761,50;0,1015
2761,00;0,1015
2760,50;0,1016
2760,00;0,1017
2759,50;0,1018
2759,00;0,1017
2758,50;0,1015
2758,00;0,1014
2757,50;0,1015
2757,00;0,1015
2756,50;0,1015
2756,00;0,1015
2755,50;0,1015
2755,00;0,1015
2754,50;0,1015
2754,00;0,1014
2753,50;0,1011
2753,00;0,1009
2752,50;0,1009
2752,00;0,1010
2751,50;0,1011
2751,00;0,1012
2750,50;0,1013
2750,00;0,1013
2749,50;0,1013
2749,00;0,1014
2748,50;0,1016
2748,00;0,1017
2747,50;0,1017
2747,00;0,1016
2746,50;0,1015
2746,00;0,1014
2745,50;0,1013
2745,00;0,1013
2744,50;0,1012
2744,00;0,1012
2743,50;0,1011
2743,00;0,1011
2742,50;0,1010
2742,00;0,1009
2741,50;0,1009
2741,00;0,1010
2740,50;0,1010
2740,00;0,1010
2739,50;0,1009
2739,00;0,1007
2738,50;0,1005
2738,00;0,1004
2737,50;0,1004
2737,00;0,1004
2736,50;0,1005
2736,00;0,1006
2735,50;0,1008
2735,00;0,1008
2734,50;0,1009
2734,00;0,1010
2733,50;0,1010
2733,00;0,1010
2732,50;0,1008
2732,00;0,1007
2731,50;0,1006
2731,00;0,1006
2730,50;0,1006
2730,00;0,1005
2729,50;0,1005
2729,00;0,1005
2728,50;0,1004
2728,00;0,1004
2727,50;0,1003
2727,00;0,1002
2726,50;0,1001
2726,00;0,1001
2725,50;0,1002
2725,00;0,1004
2724,50;0,1006
2724,00;0,1007
2723,50;0,1007
2723,00;0,1006
2722,50;0,1005
2722,00;0,1004
2721,50;0,1004
2721,00;0,1005
2720,50;0,1005
2720,00;0,1005
2719,50;0,1005
2719,00;0,1005
2718,50;0,1004
2718,00;0,1003
2717,50;0,1002
2717,00;0,1000
2716,50;0,0999
2716,00;0,0998
2715,50;0,0999
2715,00;0,1001
2714,50;0,1002
2714,00;0,1003
2713,50;0,1003
2713,00;0,1003
2712,50;0,1004
2712,00;0,1005
2711,50;0,1007
2711,00;0,1008
2710,50;0,1007
2710,00;0,1006
2709,50;0,1004
2709,00;0,1003
2708,50;0,1002
2708,00;0,1001
2707,50;0,1001
2707,00;0,1001
2706,50;0,1000
2706,00;0,1001
2705,50;0,1001
2705,00;0,1002
2704,50;0,1002
2704,00;0,1002
2703,50;0,1002
2703,00;0,1004
2702,50;0,1005
2702,00;0,1005
2701,50;0,1005
2701,00;0,1004
2700,50;0,1003
2700,00;0,1002
2699,50;0,1002
2699,00;0,1002
2698,50;0,1002
2698,00;0,1001
2697,50;0,1001
2697,00;0,1002
2696,50;0,1002
2696,00;0,1003
2695,50;0,1003
2695,00;0,1003
2694,50;0,1003
2694,00;0,1004
2693,50;0,1005
2693,00;0,1006
2692,50;0,1006
2692,00;0,1006
2691,50;0,1005
2691,00;0,1005
2690,50;0,1005
2690,00;0,1004
2689,50;0,1003
2689,00;0,1002
2688,50;0,1001
2688,00;0,1000
2687,50;0,1001
2687,00;0,1002
2686,50;0,1004
2686,00;0,1006
2685,50;0,1007
2685,00;0,1008
2684,50;0,1008
2684,00;0,1007
2683,50;0,1004
2683,00;0,1002
2682,50;0,1001
2682,00;0,1002
2681,50;0,1003
2681,00;0,1004
2680,50;0,1004
2680,00;0,1003
2679,50;0,1003
2679,00;0,1004
2678,50;0,1005
2678,00;0,1006
2677,50;0,1006
2677,00;0,1005
2676,50;0,1005
2676,00;0,1006
2675,50;0,1006
2675,00;0,1006
2674,50;0,1005
2674,00;0,1004
2673,50;0,1003
2673,00;0,1002
2672,50;0,1001
2672,00;0,1001
2671,50;0,1002
2671,00;0,1003
2670,50;0,1003
2670,00;0,1003
2669,50;0,1002
2669,00;0,1003
2668,50;0,1003
2668,00;0,1002
2667,50;0,1002
2667,00;0,1002
2666,50;0,1003
2666,00;0,1005
2665,50;0,1006
2665,00;0,1006
2664,50;0,1006
2664,00;0,1006
2663,50;0,1005
2663,00;0,1005
2662,50;0,1004
2662,00;0,1003
2661,50;0,1003
2661,00;0,1002
2660,50;0,1001
2660,00;0,1000
2659,50;0,0999
2659,00;0,0999
2658,50;0,0998
2658,00;0,0998
2657,50;0,0998
2657,00;0,0999
2656,50;0,1001
2656,00;0,1002
2655,50;0,1004
2655,00;0,1004
2654,50;0,1003
2654,00;0,1000
2653,50;0,0997
2653,00;0,0995
2652,50;0,0994
2652,00;0,0995
2651,50;0,0997
2651,00;0,0999
2650,50;0,0999
2650,00;0,1000
2649,50;0,1001
2649,00;0,1002
2648,50;0,1001
2648,00;0,0998
2647,50;0,0995
2647,00;0,0994
2646,50;0,0995
2646,00;0,0996
2645,50;0,0997
2645,00;0,0997
2644,50;0,0997
2644,00;0,0997
2643,50;0,0998
2643,00;0,0999
2642,50;0,1000
2642,00;0,1001
2641,50;0,1002
2641,00;0,1002
2640,50;0,1001
2640,00;0,1001
2639,50;0,1000
2639,00;0,1000
2638,50;0,0999
2638,00;0,0999
2637,50;0,0999
2637,00;0,0999
2636,50;0,1000
2636,00;0,1001
2635,50;0,1002
2635,00;0,1003
2634,50;0,1003
2634,00;0,1003
2633,50;0,1002
2633,00;0,1000
2632,50;0,1000
2632,00;0,1001
2631,50;0,1001
2631,00;0,1002
2630,50;0,1002
2630,00;0,1001
2629,50;0,1001
2629,00;0,1000
2628,50;0,1000
2628,00;0,1000
2627,50;0,1001
2627,00;0,1001
2626,50;0,1002
2626,00;0,1001
2625,50;0,1001
2625,00;0,1001
2624,50;0,1002
2624,00;0,1004
2623,50;0,1005
2623,00;0,1005
2622,50;0,1003
2622,00;0,1002
2621,50;0,1002
2621,00;0,1004
2620,50;0,1006
2620,00;0,1007
2619,50;0,1007
2619,00;0,1006
2618,50;0,1006
2618,00;0,1005
2617,50;0,1004
2617,00;0,1004
2616,50;0,1005
2616,00;0,1007
2615,50;0,1009
2615,00;0,1009
2614,50;0,1007
2614,00;0,1005
2613,50;0,1004
2613,00;0,1004
2612,50;0,1006
2612,00;0,1009
2611,50;0,1013
2611,00;0,1014
2610,50;0,1013
2610,00;0,1010
2609,50;0,1007
2609,00;0,1006
2608,50;0,1007
2608,00;0,1007
2607,50;0,1006
2607,00;0,1004
2606,50;0,1003
2606,00;0,1003
2605,50;0,1004
2605,00;0,1007
2604,50;0,1009
2604,00;0,1010
2603,50;0,1011
2603,00;0,1011
2602,50;0,1011
2602,00;0,1010
2601,50;0,1008
2601,00;0,1006
2600,50;0,1005
2600,00;0,1007
2599,50;0,1009
2599,00;0,1008
2598,50;0,1006
2598,00;0,1006
2597,50;0,1009
2597,00;0,1015
2596,50;0,1020
2596,00;0,1022
2595,50;0,1021
2595,00;0,1018
2594,50;0,1015
2594,00;0,1014
2593,50;0,1017
2593,00;0,1022
2592,50;0,1027
2592,00;0,1028
2591,50;0,1023
2591,00;0,1017
2590,50;0,1013
2590,00;0,1012
2589,50;0,1012
2589,00;0,1013
2588,50;0,1013
2588,00;0,1014
2587,50;0,1017
2587,00;0,1021
2586,50;0,1024
2586,00;0,1024
2585,50;0,1021
2585,00;0,1016
2584,50;0,1011
2584,00;0,1009
2583,50;0,1009
2583,00;0,1009
2582,50;0,1010
2582,00;0,1011
2581,50;0,1014
2581,00;0,1016
2580,50;0,1015
2580,00;0,1013
2579,50;0,1009
2579,00;0,1007
2578,50;0,1007
2578,00;0,1011
2577,50;0,1015
2577,00;0,1018
2576,50;0,1019
2576,00;0,1019
2575,50;0,1019
2575,00;0,1019
2574,50;0,1018
2574,00;0,1017
2573,50;0,1015
2573,00;0,1015
2572,50;0,1017
2572,00;0,1021
2571,50;0,1025
2571,00;0,1028
2570,50;0,1028
2570,00;0,1025
2569,50;0,1021
2569,00;0,1018
2568,50;0,1016
2568,00;0,1014
2567,50;0,1013
2567,00;0,1015
2566,50;0,1020
2566,00;0,1025
2565,50;0,1026
2565,00;0,1022
2564,50;0,1018
2564,00;0,1015
2563,50;0,1017
2563,00;0,1022
2562,50;0,1027
2562,00;0,1028
2561,50;0,1026
2561,00;0,1022
2560,50;0,1020
2560,00;0,1019
2559,50;0,1018
2559,00;0,1015
2558,50;0,1014
2558,00;0,1014
2557,50;0,1018
2557,00;0,1022
2556,50;0,1025
2556,00;0,1027
2555,50;0,1027
2555,00;0,1029
2554,50;0,1032
2554,00;0,1034
2553,50;0,1033
2553,00;0,1028
2552,50;0,1024
2552,00;0,1024
2551,50;0,1028
2551,00;0,1033
2550,50;0,1036
2550,00;0,1035
2549,50;0,1033
2549,00;0,1030
2548,50;0,1027
2548,00;0,1024
2547,50;0,1021
2547,00;0,1019
2546,50;0,1020
2546,00;0,1022
2545,50;0,1025
2545,00;0,1027
2544,50;0,1029
2544,00;0,1034
2543,50;0,1037
2543,00;0,1038
2542,50;0,1036
2542,00;0,1034
2541,50;0,1035
2541,00;0,1038
2540,50;0,1041
2540,00;0,1041
2539,50;0,1037
2539,00;0,1030
2538,50;0,1025
2538,00;0,1022
2537,50;0,1022
2537,00;0,1023
2536,50;0,1024
2536,00;0,1026
2535,50;0,1028
2535,00;0,1029
2534,50;0,1028
2534,00;0,1027
2533,50;0,1029
2533,00;0,1034
2532,50;0,1036
2532,00;0,1034
2531,50;0,1029
2531,00;0,1024
2530,50;0,1024
2530,00;0,1028
2529,50;0,1035
2529,00;0,1043
2528,50;0,1048
2528,00;0,1049
2527,50;0,1048
2527,00;0,1045
2526,50;0,1040
2526,00;0,1036
2525,50;0,1036
2525,00;0,1038
2524,50;0,1043
2524,00;0,1046
2523,50;0,1048
2523,00;0,1051
2522,50;0,1052
2522,00;0,1048
2521,50;0,1040
2521,00;0,1031
2520,50;0,1026
2520,00;0,1027
2519,50;0,1033
2519,00;0,1041
2518,50;0,1045
2518,00;0,1046
2517,50;0,1044
2517,00;0,1043
2516,50;0,1040
2516,00;0,1036
2515,50;0,1033
2515,00;0,1032
2514,50;0,1036
2514,00;0,1042
2513,50;0,1048
2513,00;0,1052
2512,50;0,1051
2512,00;0,1044
2511,50;0,1035
2511,00;0,1026
2510,50;0,1024
2510,00;0,1030
2509,50;0,1041
2509,00;0,1053
2508,50;0,1061
2508,00;0,1065
2507,50;0,1062
2507,00;0,1054
2506,50;0,1044
2506,00;0,1034
2505,50;0,1029
2505,00;0,1029
2504,50;0,1036
2504,00;0,1044
2503,50;0,1050
2503,00;0,1053
2502,50;0,1053
2502,00;0,1051
2501,50;0,1048
2501,00;0,1047
2500,50;0,1045
2500,00;0,1042
2499,50;0,1039
2499,00;0,1038
2498,50;0,1042
2498,00;0,1052
2497,50;0,1062
2497,00;0,1067
2496,50;0,1065
2496,00;0,1059
2495,50;0,1053
2495,00;0,1048
2494,50;0,1046
2494,00;0,1050
2493,50;0,1058
2493,00;0,1065
2492,50;0,1066
2492,00;0,1060
2491,50;0,1049
2491,00;0,1040
2490,50;0,1036
2490,00;0,1036
2489,50;0,1039
2489,00;0,1041
2488,50;0,1045
2488,00;0,1051
2487,50;0,1059
2487,00;0,1065
2486,50;0,1067
2486,00;0,1067
2485,50;0,1068
2485,00;0,1070
2484,50;0,1071
2484,00;0,1072
2483,50;0,1074
2483,00;0,1078
2482,50;0,1079
2482,00;0,1075
2481,50;0,1065
2481,00;0,1052
2480,50;0,1041
2480,00;0,1036
2479,50;0,1040
2479,00;0,1050
2478,50;0,1060
2478,00;0,1068
2477,50;0,1073
2477,00;0,1076
2476,50;0,1076
2476,00;0,1072
2475,50;0,1065
2475,00;0,1060
2474,50;0,1061
2474,00;0,1069
2473,50;0,1077
2473,00;0,1083
2472,50;0,1083
2472,00;0,1082
2471,50;0,1081
2471,00;0,1079
2470,50;0,1076
2470,00;0,1074
2469,50;0,1072
2469,00;0,1073
2468,50;0,1076
2468,00;0,1081
2467,50;0,1085
2467,00;0,1088
2466,50;0,1088
2466,00;0,1087
2465,50;0,1085
2465,00;0,1083
2464,50;0,1082
2464,00;0,1083
2463,50;0,1088
2463,00;0,1096
2462,50;0,1103
2462,00;0,1106
2461,50;0,1104
2461,00;0,1101
2460,50;0,1099
2460,00;0,1096
2459,50;0,1095
2459,00;0,1095
2458,50;0,1099
2458,00;0,1105
2457,50;0,1107
2457,00;0,1102
2456,50;0,1093
2456,00;0,1085
2455,50;0,1082
2455,00;0,1084
2454,50;0,1089
2454,00;0,1096
2453,50;0,1103
2453,00;0,1112
2452,50;0,1121
2452,00;0,1128
2451,50;0,1133
2451,00;0,1134
2450,50;0,1135
2450,00;0,1132
2449,50;0,1126
2449,00;0,1119
2448,50;0,1117
2448,00;0,1121
2447,50;0,1130
2447,00;0,1139
2446,50;0,1144
2446,00;0,1145
2445,50;0,1146
2445,00;0,1148
2444,50;0,1149
2444,00;0,1150
2443,50;0,1152
2443,00;0,1156
2442,50;0,1162
2442,00;0,1169
2441,50;0,1175
2441,00;0,1178
2440,50;0,1177
2440,00;0,1174
2439,50;0,1171
2439,00;0,1171
2438,50;0,1174
2438,00;0,1179
2437,50;0,1183
2437,00;0,1191
2436,50;0,1201
2436,00;0,1213
2435,50;0,1223
2435,00;0,1229
2434,50;0,1233
2434,00;0,1236
2433,50;0,1237
2433,00;0,1239
2432,50;0,1243
2432,00;0,1250
2431,50;0,1258
2431,00;0,1265
2430,50;0,1272
2430,00;0,1276
2429,50;0,1279
2429,00;0,1284
2428,50;0,1291
2428,00;0,1299
2427,50;0,1306
2427,00;0,1314
2426,50;0,1322
2426,00;0,1328
2425,50;0,1330
2425,00;0,1328
2424,50;0,1325
2424,00;0,1326
2423,50;0,1327
2423,00;0,1328
2422,50;0,1327
2422,00;0,1326
2421,50;0,1326
2421,00;0,1327
2420,50;0,1331
2420,00;0,1337
2419,50;0,1341
2419,00;0,1342
2418,50;0,1340
2418,00;0,1338
2417,50;0,1340
2417,00;0,1344
2416,50;0,1352
2416,00;0,1359
2415,50;0,1364
2415,00;0,1362
2414,50;0,1353
2414,00;0,1341
2413,50;0,1328
2413,00;0,1317
2412,50;0,1310
2412,00;0,1306
2411,50;0,1306
2411,00;0,1306
2410,50;0,1304
2410,00;0,1302
2409,50;0,1299
2409,00;0,1295
2408,50;0,1290
2408,00;0,1283
2407,50;0,1277
2407,00;0,1271
2406,50;0,1267
2406,00;0,1264
2405,50;0,1263
2405,00;0,1262
2404,50;0,1260
2404,00;0,1255
2403,50;0,1248
2403,00;0,1240
2402,50;0,1231
2402,00;0,1224
2401,50;0,1219
2401,00;0,1218
2400,50;0,1218
2400,00;0,1218
2399,50;0,1215
2399,00;0,1211
2398,50;0,1208
2398,00;0,1206
2397,50;0,1204
2397,00;0,1202
2396,50;0,1200
2396,00;0,1198
2395,50;0,1195
2395,00;0,1192
2394,50;0,1188
2394,00;0,1185
2393,50;0,1182
2393,00;0,1180
2392,50;0,1177
2392,00;0,1174
2391,50;0,1172
2391,00;0,1171
2390,50;0,1171
2390,00;0,1171
2389,50;0,1170
2389,00;0,1168
2388,50;0,1167
2388,00;0,1164
2387,50;0,1158
2387,00;0,1152
2386,50;0,1147
2386,00;0,1147
2385,50;0,1150
2385,00;0,1153
2384,50;0,1154
2384,00;0,1152
2383,50;0,1148
2383,00;0,1145
2382,50;0,1141
2382,00;0,1138
2381,50;0,1136
2381,00;0,1134
2380,50;0,1135
2380,00;0,1136
2379,50;0,1138
2379,00;0,1137
2378,50;0,1134
2378,00;0,1130
2377,50;0,1126
2377,00;0,1122
2376,50;0,1120
2376,00;0,1118
2375,50;0,1116
2375,00;0,1116
2374,50;0,1115
2374,00;0,1116
2373,50;0,1116
2373,00;0,1115
2372,50;0,1112
2372,00;0,1108
2371,50;0,1102
2371,00;0,1096
2370,50;0,1094
2370,00;0,1094
2369,50;0,1097
2369,00;0,1101
2368,50;0,1102
2368,00;0,1103
2367,50;0,1102
2367,00;0,1100
2366,50;0,1098
2366,00;0,1095
2365,50;0,1094
2365,00;0,1095
2364,50;0,1095
2364,00;0,1096
2363,50;0,1095
2363,00;0,1093
2362,50;0,1091
2362,00;0,1089
2361,50;0,1088
2361,00;0,1088
2360,50;0,1087
2360,00;0,1086
2359,50;0,1088
2359,00;0,1091
2358,50;0,1093
2358,00;0,1097
2357,50;0,1096
2357,00;0,1100
2356,50;0,1087
2356,00;0,1069
2355,50;0,1066
2355,00;0,1059
2354,50;0,1057
2354,00;0,1056
2353,50;0,1059
2353,00;0,1060
2352,50;0,1060
2352,00;0,1058
2351,50;0,1056
2351,00;0,1056
2350,50;0,1059
2350,00;0,1058
2349,50;0,1062
2349,00;0,1055
2348,50;0,1076
2348,00;0,1103
2347,50;0,1096
2347,00;0,1100
2346,50;0,1099
2346,00;0,1100
2345,50;0,1097
2345,00;0,1097
2344,50;0,1099
2344,00;0,1103
2343,50;0,1108
2343,00;0,1116
2342,50;0,1123
2342,00;0,1124
2341,50;0,1126
2341,00;0,1130
2340,50;0,1128
2340,00;0,1123
2339,50;0,1119
2339,00;0,1116
2338,50;0,1113
2338,00;0,1113
2337,50;0,1114
2337,00;0,1110
2336,50;0,1106
2336,00;0,1106
2335,50;0,1106
2335,00;0,1105
2334,50;0,1104
2334,00;0,1104
2333,50;0,1105
2333,00;0,1107
2332,50;0,1109
2332,00;0,1112
2331,50;0,1112
2331,00;0,1108
2330,50;0,1105
2330,00;0,1103
2329,50;0,1102
2329,00;0,1099
2328,50;0,1099
2328,00;0,1101
2327,50;0,1100
2327,00;0,1094
2326,50;0,1090
2326,00;0,1088
2325,50;0,1084
2325,00;0,1079
2324,50;0,1081
2324,00;0,1087
2323,50;0,1088
2323,00;0,1088
2322,50;0,1094
2322,00;0,1101
2321,50;0,1102
2321,00;0,1101
2320,50;0,1105
2320,00;0,1107
2319,50;0,1102
2319,00;0,1097
2318,50;0,1100
2318,00;0,1105
2317,50;0,1104
2317,00;0,1103
2316,50;0,1108
2316,00;0,1112
2315,50;0,1109
2315,00;0,1105
2314,50;0,1108
2314,00;0,1111
2313,50;0,1109
2313,00;0,1108
2312,50;0,1113
2312,00;0,1120
2311,50;0,1122
2311,00;0,1122
2310,50;0,1126
2310,00;0,1129
2309,50;0,1128
2309,00;0,1124
2308,50;0,1125
2308,00;0,1128
2307,50;0,1127
2307,00;0,1126
2306,50;0,1127
2306,00;0,1131
2305,50;0,1132
2305,00;0,1129
2304,50;0,1127
2304,00;0,1130
2303,50;0,1133
2303,00;0,1133
2302,50;0,1132
2302,00;0,1135
2301,50;0,1140
2301,00;0,1145
2300,50;0,1149
2300,00;0,1150
2299,50;0,1150
2299,00;0,1147
2298,50;0,1143
2298,00;0,1141
2297,50;0,1143
2297,00;0,1146
2296,50;0,1149
2296,00;0,1151
2295,50;0,1152
2295,00;0,1151
2294,50;0,1148
2294,00;0,1144
2293,50;0,1142
2293,00;0,1142
2292,50;0,1142
2292,00;0,1143
2291,50;0,1143
2291,00;0,1143
2290,50;0,1143
2290,00;0,1143
2289,50;0,1144
2289,00;0,1143
2288,50;0,1142
2288,00;0,1141
2287,50;0,1140
2287,00;0,1141
2286,50;0,1142
2286,00;0,1144
2285,50;0,1146
2285,00;0,1148
2284,50;0,1149
2284,00;0,1149
2283,50;0,1148
2283,00;0,1147
2282,50;0,1147
2282,00;0,1147
2281,50;0,1147
2281,00;0,1149
2280,50;0,1154
2280,00;0,1162
2279,50;0,1167
2279,00;0,1167
2278,50;0,1163
2278,00;0,1158
2277,50;0,1155
2277,00;0,1154
2276,50;0,1156
2276,00;0,1162
2275,50;0,1170
2275,00;0,1178
2274,50;0,1182
2274,00;0,1182
2273,50;0,1179
2273,00;0,1174
2272,50;0,1168
2272,00;0,1163
2271,50;0,1161
2271,00;0,1161
2270,50;0,1161
2270,00;0,1163
2269,50;0,1166
2269,00;0,1171
2268,50;0,1173
2268,00;0,1172
2267,50;0,1168
2267,00;0,1164
2266,50;0,1161
2266,00;0,1161
2265,50;0,1163
2265,00;0,1167
2264,50;0,1172
2264,00;0,1177
2263,50;0,1179
2263,00;0,1175
2262,50;0,1167
2262,00;0,1159
2261,50;0,1154
2261,00;0,1154
2260,50;0,1159
2260,00;0,1167
2259,50;0,1174
2259,00;0,1179
2258,50;0,1179
2258,00;0,1176
2257,50;0,1171
2257,00;0,1165
2256,50;0,1160
2256,00;0,1158
2255,50;0,1159
2255,00;0,1165
2254,50;0,1171
2254,00;0,1174
2253,50;0,1173
2253,00;0,1170
2252,50;0,1168
2252,00;0,1167
2251,50;0,1170
2251,00;0,1176
2250,50;0,1183
2250,00;0,1189
2249,50;0,1191
2249,00;0,1192
2248,50;0,1191
2248,00;0,1189
2247,50;0,1184
2247,00;0,1177
2246,50;0,1169
2246,00;0,1161
2245,50;0,1157
2245,00;0,1157
2244,50;0,1162
2244,00;0,1173
2243,50;0,1186
2243,00;0,1197
2242,50;0,1202
2242,00;0,1200
2241,50;0,1191
2241,00;0,1182
2240,50;0,1178
2240,00;0,1183
2239,50;0,1190
2239,00;0,1194
2238,50;0,1196
2238,00;0,1196
2237,50;0,1194
2237,00;0,1191
2236,50;0,1187
2236,00;0,1186
2235,50;0,1187
2235,00;0,1189
2234,50;0,1189
2234,00;0,1185
2233,50;0,1179
2233,00;0,1173
2232,50;0,1168
2232,00;0,1167
2231,50;0,1168
2231,00;0,1171
2230,50;0,1175
2230,00;0,1178
2229,50;0,1182
2229,00;0,1185
2228,50;0,1186
2228,00;0,1185
2227,50;0,1185
2227,00;0,1185
2226,50;0,1186
2226,00;0,1189
2225,50;0,1192
2225,00;0,1192
2224,50;0,1189
2224,00;0,1186
2223,50;0,1184
2223,00;0,1182
2222,50;0,1176
2222,00;0,1169
2221,50;0,1165
2221,00;0,1165
2220,50;0,1167
2220,00;0,1168
2219,50;0,1168
2219,00;0,1171
2218,50;0,1177
2218,00;0,1183
2217,50;0,1189
2217,00;0,1194
2216,50;0,1195
2216,00;0,1193
2215,50;0,1185
2215,00;0,1176
2214,50;0,1167
2214,00;0,1161
2213,50;0,1159
2213,00;0,1164
2212,50;0,1171
2212,00;0,1179
2211,50;0,1184
2211,00;0,1183
2210,50;0,1177
2210,00;0,1166
2209,50;0,1159
2209,00;0,1158
2208,50;0,1166
2208,00;0,1176
2207,50;0,1184
2207,00;0,1188
2206,50;0,1187
2206,00;0,1180
2205,50;0,1169
2205,00;0,1158
2204,50;0,1151
2204,00;0,1147
2203,50;0,1146
2203,00;0,1146
2202,50;0,1147
2202,00;0,1151
2201,50;0,1155
2201,00;0,1159
2200,50;0,1163
2200,00;0,1166
2199,50;0,1168
2199,00;0,1166
2198,50;0,1160
2198,00;0,1155
2197,50;0,1155
2197,00;0,1159
2196,50;0,1164
2196,00;0,1169
2195,50;0,1175
2195,00;0,1177
2194,50;0,1175
2194,00;0,1170
2193,50;0,1168
2193,00;0,1172
2192,50;0,1175
2192,00;0,1172
2191,50;0,1165
2191,00;0,1159
2190,50;0,1159
2190,00;0,1164
2189,50;0,1168
2189,00;0,1166
2188,50;0,1158
2188,00;0,1147
2187,50;0,1139
2187,00;0,1137
2186,50;0,1142
2186,00;0,1153
2185,50;0,1164
2185,00;0,1173
2184,50;0,1174
2184,00;0,1168
2183,50;0,1163
2183,00;0,1166
2182,50;0,1176
2182,00;0,1183
2181,50;0,1181
2181,00;0,1174
2180,50;0,1167
2180,00;0,1161
2179,50;0,1153
2179,00;0,1145
2178,50;0,1140
2178,00;0,1139
2177,50;0,1140
2177,00;0,1145
2176,50;0,1157
2176,00;0,1178
2175,50;0,1201
2175,00;0,1213
2174,50;0,1210
2174,00;0,1197
2173,50;0,1182
2173,00;0,1168
2172,50;0,1157
2172,00;0,1152
2171,50;0,1157
2171,00;0,1169
2170,50;0,1178
2170,00;0,1181
2169,50;0,1174
2169,00;0,1159
2168,50;0,1138
2168,00;0,1119
2167,50;0,1112
2167,00;0,1119
2166,50;0,1127
2166,00;0,1130
2165,50;0,1132
2165,00;0,1141
2164,50;0,1153
2164,00;0,1152
2163,50;0,1132
2163,00;0,1100
2162,50;0,1074
2162,00;0,1066
2161,50;0,1075
2161,00;0,1096
2160,50;0,1120
2160,00;0,1145
2159,50;0,1167
2159,00;0,1185
2158,50;0,1195
2158,00;0,1194
2157,50;0,1185
2157,00;0,1173
2156,50;0,1164
2156,00;0,1159
2155,50;0,1157
2155,00;0,1156
2154,50;0,1158
2154,00;0,1160
2153,50;0,1156
2153,00;0,1143
2152,50;0,1127
2152,00;0,1119
2151,50;0,1122
2151,00;0,1129
2150,50;0,1132
2150,00;0,1129
2149,50;0,1126
2149,00;0,1128
2148,50;0,1132
2148,00;0,1133
2147,50;0,1128
2147,00;0,1123
2146,50;0,1119
2146,00;0,1116
2145,50;0,1115
2145,00;0,1114
2144,50;0,1116
2144,00;0,1120
2143,50;0,1125
2143,00;0,1128
2142,50;0,1130
2142,00;0,1129
2141,50;0,1125
2141,00;0,1121
2140,50;0,1118
2140,00;0,1118
2139,50;0,1124
2139,00;0,1134
2138,50;0,1145
2138,00;0,1151
2137,50;0,1149
2137,00;0,1139
2136,50;0,1124
2136,00;0,1112
2135,50;0,1109
2135,00;0,1113
2134,50;0,1121
2134,00;0,1129
2133,50;0,1134
2133,00;0,1138
2132,50;0,1138
2132,00;0,1134
2131,50;0,1125
2131,00;0,1115
2130,50;0,1107
2130,00;0,1103
2129,50;0,1104
2129,00;0,1108
2128,50;0,1111
2128,00;0,1113
2127,50;0,1114
2127,00;0,1114
2126,50;0,1113
2126,00;0,1111
2125,50;0,1111
2125,00;0,1111
2124,50;0,1109
2124,00;0,1103
2123,50;0,1095
2123,00;0,1089
2122,50;0,1087
2122,00;0,1090
2121,50;0,1095
2121,00;0,1098
2120,50;0,1099
2120,00;0,1099
2119,50;0,1100
2119,00;0,1102
2118,50;0,1104
2118,00;0,1102
2117,50;0,1099
2117,00;0,1096
2116,50;0,1092
2116,00;0,1088
2115,50;0,1083
2115,00;0,1079
2114,50;0,1077
2114,00;0,1076
2113,50;0,1074
2113,00;0,1072
2112,50;0,1072
2112,00;0,1073
2111,50;0,1076
2111,00;0,1079
2110,50;0,1081
2110,00;0,1081
2109,50;0,1080
2109,00;0,1081
2108,50;0,1083
2108,00;0,1085
2107,50;0,1084
2107,00;0,1082
2106,50;0,1079
2106,00;0,1078
2105,50;0,1076
2105,00;0,1075
2104,50;0,1073
2104,00;0,1073
2103,50;0,1075
2103,00;0,1079
2102,50;0,1082
2102,00;0,1081
2101,50;0,1076
2101,00;0,1071
2100,50;0,1070
2100,00;0,1071
2099,50;0,1069
2099,00;0,1065
2098,50;0,1061
2098,00;0,1060
2097,50;0,1061
2097,00;0,1064
2096,50;0,1068
2096,00;0,1071
2095,50;0,1074
2095,00;0,1074
2094,50;0,1072
2094,00;0,1071
2093,50;0,1073
2093,00;0,1077
2092,50;0,1081
2092,00;0,1083
2091,50;0,1083
2091,00;0,1079
2090,50;0,1073
2090,00;0,1064
2089,50;0,1057
2089,00;0,1053
2088,50;0,1053
2088,00;0,1055
2087,50;0,1056
2087,00;0,1057
2086,50;0,1058
2086,00;0,1060
2085,50;0,1063
2085,00;0,1066
2084,50;0,1066
2084,00;0,1061
2083,50;0,1053
2083,00;0,1044
2082,50;0,1039
2082,00;0,1042
2081,50;0,1051
2081,00;0,1059
2080,50;0,1062
2080,00;0,1059
2079,50;0,1055
2079,00;0,1054
2078,50;0,1059
2078,00;0,1064
2077,50;0,1067
2077,00;0,1066
2076,50;0,1063
2076,00;0,1061
2075,50;0,1061
2075,00;0,1060
2074,50;0,1057
2074,00;0,1053
2073,50;0,1051
2073,00;0,1053
2072,50;0,1059
2072,00;0,1063
2071,50;0,1061
2071,00;0,1056
2070,50;0,1051
2070,00;0,1050
2069,50;0,1055
2069,00;0,1062
2068,50;0,1067
2068,00;0,1070
2067,50;0,1068
2067,00;0,1062
2066,50;0,1055
2066,00;0,1049
2065,50;0,1048
2065,00;0,1047
2064,50;0,1046
2064,00;0,1044
2063,50;0,1042
2063,00;0,1043
2062,50;0,1045
2062,00;0,1048
2061,50;0,1050
2061,00;0,1053
2060,50;0,1059
2060,00;0,1065
2059,50;0,1069
2059,00;0,1068
2058,50;0,1060
2058,00;0,1050
2057,50;0,1043
2057,00;0,1040
2056,50;0,1041
2056,00;0,1044
2055,50;0,1049
2055,00;0,1053
2054,50;0,1052
2054,00;0,1046
2053,50;0,1036
2053,00;0,1027
2052,50;0,1018
2052,00;0,1012
2051,50;0,1010
2051,00;0,1013
2050,50;0,1022
2050,00;0,1033
2049,50;0,1039
2049,00;0,1040
2048,50;0,1039
2048,00;0,1040
2047,50;0,1046
2047,00;0,1055
2046,50;0,1066
2046,00;0,1079
2045,50;0,1093
2045,00;0,1103
2044,50;0,1102
2044,00;0,1088
2043,50;0,1065
2043,00;0,1043
2042,50;0,1026
2042,00;0,1017
2041,50;0,1016
2041,00;0,1020
2040,50;0,1026
2040,00;0,1031
2039,50;0,1031
2039,00;0,1030
2038,50;0,1030
2038,00;0,1031
2037,50;0,1035
2037,00;0,1040
2036,50;0,1045
2036,00;0,1049
2035,50;0,1046
2035,00;0,1033
2034,50;0,1013
2034,00;0,0998
2033,50;0,0995
2033,00;0,1006
2032,50;0,1016
2032,00;0,1014
2031,50;0,1001
2031,00;0,0994
2030,50;0,1001
2030,00;0,1020
2029,50;0,1041
2029,00;0,1059
2028,50;0,1072
2028,00;0,1076
2027,50;0,1069
2027,00;0,1053
2026,50;0,1039
2026,00;0,1031
2025,50;0,1029
2025,00;0,1032
2024,50;0,1035
2024,00;0,1035
2023,50;0,1032
2023,00;0,1031
2022,50;0,1033
2022,00;0,1037
2021,50;0,1039
2021,00;0,1039
2020,50;0,1040
2020,00;0,1042
2019,50;0,1045
2019,00;0,1047
2018,50;0,1050
2018,00;0,1052
2017,50;0,1050
2017,00;0,1044
2016,50;0,1039
2016,00;0,1039
2015,50;0,1042
2015,00;0,1041
2014,50;0,1037
2014,00;0,1034
2013,50;0,1034
2013,00;0,1033
2012,50;0,1032
2012,00;0,1030
2011,50;0,1025
2011,00;0,1019
2010,50;0,1013
2010,00;0,1011
2009,50;0,1014
2009,00;0,1018
2008,50;0,1022
2008,00;0,1030
2007,50;0,1042
2007,00;0,1055
2006,50;0,1061
2006,00;0,1056
2005,50;0,1044
2005,00;0,1033
2004,50;0,1029
2004,00;0,1034
2003,50;0,1043
2003,00;0,1048
2002,50;0,1048
2002,00;0,1045
2001,50;0,1042
2001,00;0,1043
2000,50;0,1045
2000,00;0,1048
1999,50;0,1047
1999,00;0,1043
1998,50;0,1037
1998,00;0,1034
1997,50;0,1034
1997,00;0,1037
1996,50;0,1040
1996,00;0,1045
1995,50;0,1050
1995,00;0,1054
1994,50;0,1053
1994,00;0,1045
1993,50;0,1033
1993,00;0,1022
1992,50;0,1016
1992,00;0,1021
1991,50;0,1033
1991,00;0,1044
1990,50;0,1049
1990,00;0,1049
1989,50;0,1048
1989,00;0,1048
1988,50;0,1048
1988,00;0,1046
1987,50;0,1042
1987,00;0,1037
1986,50;0,1036
1986,00;0,1042
1985,50;0,1050
1985,00;0,1054
1984,50;0,1051
1984,00;0,1041
1983,50;0,1033
1983,00;0,1028
1982,50;0,1025
1982,00;0,1023
1981,50;0,1020
1981,00;0,1017
1980,50;0,1014
1980,00;0,1014
1979,50;0,1019
1979,00;0,1025
1978,50;0,1024
1978,00;0,1018
1977,50;0,1015
1977,00;0,1024
1976,50;0,1043
1976,00;0,1062
1975,50;0,1069
1975,00;0,1064
1974,50;0,1056
1974,00;0,1053
1973,50;0,1056
1973,00;0,1059
1972,50;0,1058
1972,00;0,1057
1971,50;0,1062
1971,00;0,1067
1970,50;0,1063
1970,00;0,1049
1969,50;0,1034
1969,00;0,1026
1968,50;0,1028
1968,00;0,1033
1967,50;0,1034
1967,00;0,1030
1966,50;0,1023
1966,00;0,1021
1965,50;0,1031
1965,00;0,1050
1964,50;0,1064
1964,00;0,1064
1963,50;0,1053
1963,00;0,1041
1962,50;0,1034
1962,00;0,1034
1961,50;0,1039
1961,00;0,1048
1960,50;0,1057
1960,00;0,1061
1959,50;0,1061
1959,00;0,1061
1958,50;0,1063
1958,00;0,1065
1957,50;0,1063
1957,00;0,1059
1956,50;0,1055
1956,00;0,1049
1955,50;0,1045
1955,00;0,1044
1954,50;0,1047
1954,00;0,1052
1953,50;0,1056
1953,00;0,1059
1952,50;0,1061
1952,00;0,1062
1951,50;0,1060
1951,00;0,1056
1950,50;0,1051
1950,00;0,1049
1949,50;0,1052
1949,00;0,1058
1948,50;0,1066
1948,00;0,1072
1947,50;0,1073
1947,00;0,1071
1946,50;0,1072
1946,00;0,1074
1945,50;0,1076
1945,00;0,1072
1944,50;0,1063
1944,00;0,1052
1943,50;0,1043
1943,00;0,1038
1942,50;0,1037
1942,00;0,1039
1941,50;0,1043
1941,00;0,1048
1940,50;0,1052
1940,00;0,1055
1939,50;0,1057
1939,00;0,1061
1938,50;0,1066
1938,00;0,1069
1937,50;0,1064
1937,00;0,1056
1936,50;0,1048
1936,00;0,1047
1935,50;0,1050
1935,00;0,1056
1934,50;0,1061
1934,00;0,1066
1933,50;0,1068
1933,00;0,1066
1932,50;0,1060
1932,00;0,1053
1931,50;0,1049
1931,00;0,1051
1930,50;0,1057
1930,00;0,1064
1929,50;0,1071
1929,00;0,1074
1928,50;0,1071
1928,00;0,1064
1927,50;0,1058
1927,00;0,1057
1926,50;0,1060
1926,00;0,1061
1925,50;0,1059
1925,00;0,1057
1924,50;0,1057
1924,00;0,1057
1923,50;0,1057
1923,00;0,1058
1922,50;0,1060
1922,00;0,1061
1921,50;0,1061
1921,00;0,1058
1920,50;0,1054
1920,00;0,1051
1919,50;0,1049
1919,00;0,1052
1918,50;0,1058
1918,00;0,1063
1917,50;0,1065
1917,00;0,1064
1916,50;0,1061
1916,00;0,1059
1915,50;0,1058
1915,00;0,1059
1914,50;0,1061
1914,00;0,1065
1913,50;0,1067
1913,00;0,1066
1912,50;0,1061
1912,00;0,1054
1911,50;0,1050
1911,00;0,1053
1910,50;0,1062
1910,00;0,1072
1909,50;0,1077
1909,00;0,1075
1908,50;0,1071
1908,00;0,1068
1907,50;0,1068
1907,00;0,1067
1906,50;0,1066
1906,00;0,1061
1905,50;0,1056
1905,00;0,1053
1904,50;0,1054
1904,00;0,1058
1903,50;0,1061
1903,00;0,1064
1902,50;0,1065
1902,00;0,1068
1901,50;0,1070
1901,00;0,1071
1900,50;0,1069
1900,00;0,1065
1899,50;0,1063
1899,00;0,1062
1898,50;0,1062
1898,00;0,1063
1897,50;0,1063
1897,00;0,1063
1896,50;0,1064
1896,00;0,1065
1895,50;0,1067
1895,00;0,1070
1894,50;0,1073
1894,00;0,1076
1893,50;0,1077
1893,00;0,1077
1892,50;0,1076
1892,00;0,1078
1891,50;0,1081
1891,00;0,1082
1890,50;0,1080
1890,00;0,1075
1889,50;0,1071
1889,00;0,1069
1888,50;0,1070
1888,00;0,1072
1887,50;0,1074
1887,00;0,1073
1886,50;0,1071
1886,00;0,1069
1885,50;0,1067
1885,00;0,1066
1884,50;0,1065
1884,00;0,1065
1883,50;0,1065
1883,00;0,1065
1882,50;0,1064
1882,00;0,1064
1881,50;0,1067
1881,00;0,1071
1880,50;0,1075
1880,00;0,1078
1879,50;0,1081
1879,00;0,1083
1878,50;0,1084
1878,00;0,1084
1877,50;0,1086
1877,00;0,1089
1876,50;0,1089
1876,00;0,1085
1875,50;0,1079
1875,00;0,1074
1874,50;0,1073
1874,00;0,1076
1873,50;0,1082
1873,00;0,1088
1872,50;0,1091
1872,00;0,1090
1871,50;0,1088
1871,00;0,1087
1870,50;0,1087
1870,00;0,1087
1869,50;0,1085
1869,00;0,1081
1868,50;0,1079
1868,00;0,1077
1867,50;0,1077
1867,00;0,1078
1866,50;0,1080
1866,00;0,1082
1865,50;0,1084
1865,00;0,1085
1864,50;0,1085
1864,00;0,1086
1863,50;0,1087
1863,00;0,1089
1862,50;0,1090
1862,00;0,1091
1861,50;0,1091
1861,00;0,1090
1860,50;0,1089
1860,00;0,1088
1859,50;0,1089
1859,00;0,1089
1858,50;0,1089
1858,00;0,1087
1857,50;0,1086
1857,00;0,1086
1856,50;0,1088
1856,00;0,1091
1855,50;0,1091
1855,00;0,1089
1854,50;0,1087
1854,00;0,1087
1853,50;0,1088
1853,00;0,1089
1852,50;0,1090
1852,00;0,1090
1851,50;0,1089
1851,00;0,1086
1850,50;0,1085
1850,00;0,1085
1849,50;0,1088
1849,00;0,1092
1848,50;0,1095
1848,00;0,1096
1847,50;0,1096
1847,00;0,1097
1846,50;0,1098
1846,00;0,1099
1845,50;0,1099
1845,00;0,1097
1844,50;0,1095
1844,00;0,1094
1843,50;0,1093
1843,00;0,1092
1842,50;0,1092
1842,00;0,1093
1841,50;0,1095
1841,00;0,1097
1840,50;0,1097
1840,00;0,1097
1839,50;0,1098
1839,00;0,1100
1838,50;0,1102
1838,00;0,1104
1837,50;0,1106
1837,00;0,1109
1836,50;0,1112
1836,00;0,1112
1835,50;0,1110
1835,00;0,1107
1834,50;0,1104
1834,00;0,1103
1833,50;0,1103
1833,00;0,1104
1832,50;0,1104
1832,00;0,1105
1831,50;0,1106
1831,00;0,1111
1830,50;0,1116
1830,00;0,1118
1829,50;0,1119
1829,00;0,1118
1828,50;0,1118
1828,00;0,1118
1827,50;0,1117
1827,00;0,1116
1826,50;0,1114
1826,00;0,1113
1825,50;0,1112
1825,00;0,1112
1824,50;0,1112
1824,00;0,1112
1823,50;0,1112
1823,00;0,1112
1822,50;0,1114
1822,00;0,1116
1821,50;0,1119
1821,00;0,1121
1820,50;0,1122
1820,00;0,1123
1819,50;0,1122
1819,00;0,1121
1818,50;0,1122
1818,00;0,1125
1817,50;0,1129
1817,00;0,1129
1816,50;0,1127
1816,00;0,1123
1815,50;0,1120
1815,00;0,1119
1814,50;0,1120
1814,00;0,1123
1813,50;0,1126
1813,00;0,1128
1812,50;0,1129
1812,00;0,1128
1811,50;0,1125
1811,00;0,1124
1810,50;0,1125
1810,00;0,1128
1809,50;0,1130
1809,00;0,1131
1808,50;0,1130
1808,00;0,1128
1807,50;0,1128
1807,00;0,1128
1806,50;0,1129
1806,00;0,1130
1805,50;0,1130
1805,00;0,1131
1804,50;0,1132
1804,00;0,1133
1803,50;0,1133
1803,00;0,1132
1802,50;0,1131
1802,00;0,1131
1801,50;0,1130
1801,00;0,1131
1800,50;0,1131
1800,00;0,1132
1799,50;0,1134
1799,00;0,1136
1798,50;0,1137
1798,00;0,1137
1797,50;0,1136
1797,00;0,1137
1796,50;0,1139
1796,00;0,1141
1795,50;0,1142
1795,00;0,1141
1794,50;0,1140
1794,00;0,1138
1793,50;0,1136
1793,00;0,1136
1792,50;0,1137
1792,00;0,1139
1791,50;0,1142
1791,00;0,1145
1790,50;0,1147
1790,00;0,1148
1789,50;0,1148
1789,00;0,1149
1788,50;0,1151
1788,00;0,1154
1787,50;0,1157
1787,00;0,1158
1786,50;0,1157
1786,00;0,1155
1785,50;0,1153
1785,00;0,1154
1784,50;0,1155
1784,00;0,1157
1783,50;0,1158
1783,00;0,1159
1782,50;0,1160
1782,00;0,1160
1781,50;0,1160
1781,00;0,1159
1780,50;0,1158
1780,00;0,1157
1779,50;0,1157
1779,00;0,1158
1778,50;0,1160
1778,00;0,1162
1777,50;0,1163
1777,00;0,1163
1776,50;0,1162
1776,00;0,1164
1775,50;0,1167
1775,00;0,1171
1774,50;0,1173
1774,00;0,1173
1773,50;0,1173
1773,00;0,1173
1772,50;0,1174
1772,00;0,1174
1771,50;0,1174
1771,00;0,1174
1770,50;0,1173
1770,00;0,1173
1769,50;0,1173
1769,00;0,1173
1768,50;0,1172
1768,00;0,1172
1767,50;0,1174
1767,00;0,1176
1766,50;0,1177
1766,00;0,1178
1765,50;0,1179
1765,00;0,1181
1764,50;0,1183
1764,00;0,1185
1763,50;0,1185
1763,00;0,1184
1762,50;0,1183
1762,00;0,1183
1761,50;0,1186
1761,00;0,1189
1760,50;0,1191
1760,00;0,1192
1759,50;0,1193
1759,00;0,1193
1758,50;0,1193
1758,00;0,1193
1757,50;0,1193
1757,00;0,1194
1756,50;0,1194
1756,00;0,1194
1755,50;0,1194
1755,00;0,1195
1754,50;0,1197
1754,00;0,1199
1753,50;0,1200
1753,00;0,1200
1752,50;0,1199
1752,00;0,1199
1751,50;0,1200
1751,00;0,1203
1750,50;0,1207
1750,00;0,1210
1749,50;0,1211
1749,00;0,1212
1748,50;0,1211
1748,00;0,1211
1747,50;0,1211
1747,00;0,1212
1746,50;0,1213
1746,00;0,1214
1745,50;0,1215
1745,00;0,1215
1744,50;0,1214
1744,00;0,1213
1743,50;0,1213
1743,00;0,1215
1742,50;0,1216
1742,00;0,1215
1741,50;0,1213
1741,00;0,1211
1740,50;0,1210
1740,00;0,1212
1739,50;0,1215
1739,00;0,1217
1738,50;0,1217
1738,00;0,1215
1737,50;0,1213
1737,00;0,1211
1736,50;0,1211
1736,00;0,1211
1735,50;0,1210
1735,00;0,1207
1734,50;0,1203
1734,00;0,1201
1733,50;0,1198
1733,00;0,1194
1732,50;0,1193
1732,00;0,1196
1731,50;0,1200
1731,00;0,1203
1730,50;0,1205
1730,00;0,1205
1729,50;0,1204
1729,00;0,1204
1728,50;0,1204
1728,00;0,1206
1727,50;0,1210
1727,00;0,1215
1726,50;0,1218
1726,00;0,1220
1725,50;0,1222
1725,00;0,1223
1724,50;0,1223
1724,00;0,1223
1723,50;0,1224
1723,00;0,1227
1722,50;0,1229
1722,00;0,1232
1721,50;0,1236
1721,00;0,1241
1720,50;0,1245
1720,00;0,1248
1719,50;0,1248
1719,00;0,1248
1718,50;0,1247
1718,00;0,1248
1717,50;0,1249
1717,00;0,1251
1716,50;0,1253
1716,00;0,1256
1715,50;0,1258
1715,00;0,1259
1714,50;0,1259
1714,00;0,1258
1713,50;0,1259
1713,00;0,1261
1712,50;0,1263
1712,00;0,1265
1711,50;0,1268
1711,00;0,1270
1710,50;0,1273
1710,00;0,1274
1709,50;0,1274
1709,00;0,1272
1708,50;0,1271
1708,00;0,1272
1707,50;0,1275
1707,00;0,1278
1706,50;0,1281
1706,00;0,1283
1705,50;0,1285
1705,00;0,1284
1704,50;0,1284
1704,00;0,1285
1703,50;0,1288
1703,00;0,1292
1702,50;0,1294
1702,00;0,1295
1701,50;0,1294
1701,00;0,1291
1700,50;0,1291
1700,00;0,1295
1699,50;0,1300
1699,00;0,1303
1698,50;0,1303
1698,00;0,1303
1697,50;0,1302
1697,00;0,1301
1696,50;0,1300
1696,00;0,1300
1695,50;0,1302
1695,00;0,1305
1694,50;0,1310
1694,00;0,1314
1693,50;0,1316
1693,00;0,1317
1692,50;0,1318
1692,00;0,1318
1691,50;0,1319
1691,00;0,1319
1690,50;0,1320
1690,00;0,1321
1689,50;0,1322
1689,00;0,1323
1688,50;0,1323
1688,00;0,1324
1687,50;0,1325
1687,00;0,1327
1686,50;0,1329
1686,00;0,1329
1685,50;0,1327
1685,00;0,1326
1684,50;0,1329
1684,00;0,1333
1683,50;0,1334
1683,00;0,1336
1682,50;0,1339
1682,00;0,1342
1681,50;0,1344
1681,00;0,1345
1680,50;0,1346
1680,00;0,1345
1679,50;0,1344
1679,00;0,1344
1678,50;0,1345
1678,00;0,1347
1677,50;0,1349
1677,00;0,1351
1676,50;0,1351
1676,00;0,1350
1675,50;0,1350
1675,00;0,1352
1674,50;0,1354
1674,00;0,1357
1673,50;0,1358
1673,00;0,1359
1672,50;0,1360
1672,00;0,1362
1671,50;0,1364
1671,00;0,1367
1670,50;0,1368
1670,00;0,1368
1669,50;0,1367
1669,00;0,1367
1668,50;0,1367
1668,00;0,1369
1667,50;0,1371
1667,00;0,1374
1666,50;0,1377
1666,00;0,1379
1665,50;0,1381
1665,00;0,1381
1664,50;0,1381
1664,00;0,1382
1663,50;0,1382
1663,00;0,1383
1662,50;0,1382
1662,00;0,1383
1661,50;0,1383
1661,00;0,1385
1660,50;0,1386
1660,00;0,1388
1659,50;0,1389
1659,00;0,1388
1658,50;0,1387
1658,00;0,1387
1657,50;0,1388
1657,00;0,1391
1656,50;0,1395
1656,00;0,1398
1655,50;0,1399
1655,00;0,1398
1654,50;0,1397
1654,00;0,1398
1653,50;0,1401
1653,00;0,1404
1652,50;0,1403
1652,00;0,1401
1651,50;0,1401
1651,00;0,1403
1650,50;0,1404
1650,00;0,1406
1649,50;0,1407
1649,00;0,1407
1648,50;0,1408
1648,00;0,1408
1647,50;0,1409
1647,00;0,1409
1646,50;0,1409
1646,00;0,1410
1645,50;0,1411
1645,00;0,1412
1644,50;0,1411
1644,00;0,1410
1643,50;0,1409
1643,00;0,1410
1642,50;0,1411
1642,00;0,1410
1641,50;0,1409
1641,00;0,1409
1640,50;0,1409
1640,00;0,1410
1639,50;0,1409
1639,00;0,1407
1638,50;0,1406
1638,00;0,1408
1637,50;0,1412
1637,00;0,1417
1636,50;0,1421
1636,00;0,1426
1635,50;0,1432
1635,00;0,1437
1634,50;0,1439
1634,00;0,1438
1633,50;0,1435
1633,00;0,1433
1632,50;0,1432
1632,00;0,1431
1631,50;0,1430
1631,00;0,1428
1630,50;0,1426
1630,00;0,1425
1629,50;0,1425
1629,00;0,1426
1628,50;0,1426
1628,00;0,1426
1627,50;0,1424
1627,00;0,1422
1626,50;0,1420
1626,00;0,1421
1625,50;0,1422
1625,00;0,1425
1624,50;0,1429
1624,00;0,1432
1623,50;0,1433
1623,00;0,1432
1622,50;0,1430
1622,00;0,1427
1621,50;0,1425
1621,00;0,1424
1620,50;0,1425
1620,00;0,1426
1619,50;0,1427
1619,00;0,1427
1618,50;0,1427
1618,00;0,1427
1617,50;0,1427
1617,00;0,1429
1616,50;0,1431
1616,00;0,1432
1615,50;0,1430
1615,00;0,1429
1614,50;0,1429
1614,00;0,1431
1613,50;0,1433
1613,00;0,1434
1612,50;0,1434
1612,00;0,1434
1611,50;0,1433
1611,00;0,1432
1610,50;0,1431
1610,00;0,1430
1609,50;0,1430
1609,00;0,1430
1608,50;0,1429
1608,00;0,1428
1607,50;0,1428
1607,00;0,1429
1606,50;0,1432
1606,00;0,1435
1605,50;0,1437
1605,00;0,1437
1604,50;0,1436
1604,00;0,1434
1603,50;0,1432
1603,00;0,1431
1602,50;0,1431
1602,00;0,1431
1601,50;0,1430
1601,00;0,1429
1600,50;0,1428
1600,00;0,1429
1599,50;0,1431
1599,00;0,1432
1598,50;0,1431
1598,00;0,1430
1597,50;0,1428
1597,00;0,1426
1596,50;0,1426
1596,00;0,1426
1595,50;0,1428
1595,00;0,1429
1594,50;0,1430
1594,00;0,1432
1593,50;0,1431
1593,00;0,1429
1592,50;0,1427
1592,00;0,1426
1591,50;0,1427
1591,00;0,1427
1590,50;0,1428
1590,00;0,1430
1589,50;0,1432
1589,00;0,1434
1588,50;0,1435
1588,00;0,1436
1587,50;0,1436
1587,00;0,1435
1586,50;0,1433
1586,00;0,1433
1585,50;0,1434
1585,00;0,1434
1584,50;0,1434
1584,00;0,1433
1583,50;0,1433
1583,00;0,1432
1582,50;0,1432
1582,00;0,1431
1581,50;0,1432
1581,00;0,1432
1580,50;0,1432
1580,00;0,1432
1579,50;0,1433
1579,00;0,1433
1578,50;0,1433
1578,00;0,1433
1577,50;0,1434
1577,00;0,1436
1576,50;0,1438
1576,00;0,1438
1575,50;0,1435
1575,00;0,1431
1574,50;0,1430
1574,00;0,1431
1573,50;0,1434
1573,00;0,1436
1572,50;0,1438
1572,00;0,1438
1571,50;0,1436
1571,00;0,1434
1570,50;0,1432
1570,00;0,1433
1569,50;0,1435
1569,00;0,1436
1568,50;0,1434
1568,00;0,1431
1567,50;0,1429
1567,00;0,1429
1566,50;0,1431
1566,00;0,1433
1565,50;0,1435
1565,00;0,1435
1564,50;0,1436
1564,00;0,1436
1563,50;0,1435
1563,00;0,1435
1562,50;0,1435
1562,00;0,1435
1561,50;0,1434
1561,00;0,1433
1560,50;0,1433
1560,00;0,1435
1559,50;0,1438
1559,00;0,1441
1558,50;0,1442
1558,00;0,1440
1557,50;0,1438
1557,00;0,1439
1556,50;0,1442
1556,00;0,1443
1555,50;0,1444
1555,00;0,1443
1554,50;0,1441
1554,00;0,1439
1553,50;0,1436
1553,00;0,1436
1552,50;0,1436
1552,00;0,1436
1551,50;0,1436
1551,00;0,1434
1550,50;0,1431
1550,00;0,1429
1549,50;0,1428
1549,00;0,1427
1548,50;0,1427
1548,00;0,1427
1547,50;0,1427
1547,00;0,1428
1546,50;0,1427
1546,00;0,1426
1545,50;0,1426
1545,00;0,1429
1544,50;0,1433
1544,00;0,1436
1543,50;0,1436
1543,00;0,1437
1542,50;0,1437
1542,00;0,1437
1541,50;0,1436
1541,00;0,1434
1540,50;0,1432
1540,00;0,1432
1539,50;0,1435
1539,00;0,1438
1538,50;0,1437
1538,00;0,1435
1537,50;0,1435
1537,00;0,1436
1536,50;0,1437
1536,00;0,1437
1535,50;0,1435
1535,00;0,1435
1534,50;0,1436
1534,00;0,1438
1533,50;0,1440
1533,00;0,1441
1532,50;0,1440
1532,00;0,1437
1531,50;0,1436
1531,00;0,1436
1530,50;0,1436
1530,00;0,1436
1529,50;0,1436
1529,00;0,1434
1528,50;0,1433
1528,00;0,1432
1527,50;0,1431
1527,00;0,1432
1526,50;0,1433
1526,00;0,1433
1525,50;0,1432
1525,00;0,1432
1524,50;0,1434
1524,00;0,1437
1523,50;0,1440
1523,00;0,1441
1522,50;0,1439
1522,00;0,1434
1521,50;0,1429
1521,00;0,1426
1520,50;0,1425
1520,00;0,1427
1519,50;0,1430
1519,00;0,1433
1518,50;0,1434
1518,00;0,1435
1517,50;0,1435
1517,00;0,1435
1516,50;0,1435
1516,00;0,1433
1515,50;0,1433
1515,00;0,1433
1514,50;0,1433
1514,00;0,1434
1513,50;0,1435
1513,00;0,1437
1512,50;0,1438
1512,00;0,1437
1511,50;0,1435
1511,00;0,1432
1510,50;0,1430
1510,00;0,1431
1509,50;0,1432
1509,00;0,1433
1508,50;0,1432
1508,00;0,1432
1507,50;0,1432
1507,00;0,1433
1506,50;0,1434
1506,00;0,1435
1505,50;0,1434
1505,00;0,1433
1504,50;0,1434
1504,00;0,1436
1503,50;0,1437
1503,00;0,1436
1502,50;0,1434
1502,00;0,1432
1501,50;0,1431
1501,00;0,1431
1500,50;0,1432
1500,00;0,1433
1499,50;0,1435
1499,00;0,1436
1498,50;0,1437
1498,00;0,1437
1497,50;0,1436
1497,00;0,1435
1496,50;0,1435
1496,00;0,1434
1495,50;0,1434
1495,00;0,1435
1494,50;0,1435
1494,00;0,1434
1493,50;0,1434
1493,00;0,1434
1492,50;0,1435
1492,00;0,1433
1491,50;0,1430
1491,00;0,1426
1490,50;0,1423
1490,00;0,1423
1489,50;0,1423
1489,00;0,1423
1488,50;0,1423
1488,00;0,1422
1487,50;0,1422
1487,00;0,1423
1486,50;0,1424
1486,00;0,1424
1485,50;0,1423
1485,00;0,1422
1484,50;0,1421
1484,00;0,1420
1483,50;0,1419
1483,00;0,1419
1482,50;0,1419
1482,00;0,1419
1481,50;0,1418
1481,00;0,1417
1480,50;0,1415
1480,00;0,1413
1479,50;0,1412
1479,00;0,1413
1478,50;0,1413
1478,00;0,1414
1477,50;0,1414
1477,00;0,1413
1476,50;0,1412
1476,00;0,1411
1475,50;0,1410
1475,00;0,1410
1474,50;0,1410
1474,00;0,1410
1473,50;0,1409
1473,00;0,1407
1472,50;0,1406
1472,00;0,1406
1471,50;0,1407
1471,00;0,1408
1470,50;0,1410
1470,00;0,1410
1469,50;0,1409
1469,00;0,1409
1468,50;0,1410
1468,00;0,1411
1467,50;0,1410
1467,00;0,1408
1466,50;0,1407
1466,00;0,1405
1465,50;0,1403
1465,00;0,1402
1464,50;0,1402
1464,00;0,1402
1463,50;0,1402
1463,00;0,1402
1462,50;0,1404
1462,00;0,1405
1461,50;0,1405
1461,00;0,1405
1460,50;0,1404
1460,00;0,1402
1459,50;0,1399
1459,00;0,1398
1458,50;0,1397
1458,00;0,1396
1457,50;0,1393
1457,00;0,1390
1456,50;0,1387
1456,00;0,1387
1455,50;0,1389
1455,00;0,1392
1454,50;0,1393
1454,00;0,1393
1453,50;0,1392
1453,00;0,1390
1452,50;0,1390
1452,00;0,1390
1451,50;0,1391
1451,00;0,1393
1450,50;0,1394
1450,00;0,1393
1449,50;0,1391
1449,00;0,1388
1448,50;0,1386
1448,00;0,1386
1447,50;0,1388
1447,00;0,1390
1446,50;0,1390
1446,00;0,1389
1445,50;0,1387
1445,00;0,1386
1444,50;0,1384
1444,00;0,1381
1443,50;0,1379
1443,00;0,1378
1442,50;0,1378
1442,00;0,1379
1441,50;0,1381
1441,00;0,1383
1440,50;0,1384
1440,00;0,1384
1439,50;0,1385
1439,00;0,1385
1438,50;0,1383
1438,00;0,1380
1437,50;0,1376
1437,00;0,1373
1436,50;0,1372
1436,00;0,1374
1435,50;0,1377
1435,00;0,1379
1434,50;0,1380
1434,00;0,1381
1433,50;0,1380
1433,00;0,1378
1432,50;0,1375
1432,00;0,1372
1431,50;0,1372
1431,00;0,1372
1430,50;0,1374
1430,00;0,1375
1429,50;0,1377
1429,00;0,1378
1428,50;0,1378
1428,00;0,1377
1427,50;0,1375
1427,00;0,1374
1426,50;0,1372
1426,00;0,1372
1425,50;0,1372
1425,00;0,1372
1424,50;0,1371
1424,00;0,1370
1423,50;0,1369
1423,00;0,1369
1422,50;0,1369
1422,00;0,1368
1421,50;0,1367
1421,00;0,1367
1420,50;0,1366
1420,00;0,1366
1419,50;0,1367
1419,00;0,1368
1418,50;0,1368
1418,00;0,1367
1417,50;0,1366
1417,00;0,1365
1416,50;0,1364
1416,00;0,1363
1415,50;0,1365
1415,00;0,1367
1414,50;0,1369
1414,00;0,1369
1413,50;0,1366
1413,00;0,1363
1412,50;0,1360
1412,00;0,1358
1411,50;0,1357
1411,00;0,1358
1410,50;0,1358
1410,00;0,1357
1409,50;0,1357
1409,00;0,1356
1408,50;0,1356
1408,00;0,1357
1407,50;0,1357
1407,00;0,1357
1406,50;0,1357
1406,00;0,1357
1405,50;0,1357
1405,00;0,1357
1404,50;0,1357
1404,00;0,1356
1403,50;0,1354
1403,00;0,1351
1402,50;0,1347
1402,00;0,1344
1401,50;0,1343
1401,00;0,1343
1400,50;0,1345
1400,00;0,1346
1399,50;0,1345
1399,00;0,1342
1398,50;0,1339
1398,00;0,1336
1397,50;0,1334
1397,00;0,1332
1396,50;0,1332
1396,00;0,1333
1395,50;0,1333
1395,00;0,1332
1394,50;0,1331
1394,00;0,1331
1393,50;0,1330
1393,00;0,1328
1392,50;0,1326
1392,00;0,1325
1391,50;0,1326
1391,00;0,1328
1390,50;0,1331
1390,00;0,1333
1389,50;0,1335
1389,00;0,1335
1388,50;0,1334
1388,00;0,1332
1387,50;0,1330
1387,00;0,1331
1386,50;0,1332
1386,00;0,1334
1385,50;0,1337
1385,00;0,1339
1384,50;0,1339
1384,00;0,1337
1383,50;0,1333
1383,00;0,1329
1382,50;0,1326
1382,00;0,1324
1381,50;0,1323
1381,00;0,1322
1380,50;0,1323
1380,00;0,1325
1379,50;0,1326
1379,00;0,1325
1378,50;0,1323
1378,00;0,1321
1377,50;0,1318
1377,00;0,1316
1376,50;0,1315
1376,00;0,1315
1375,50;0,1315
1375,00;0,1316
1374,50;0,1317
1374,00;0,1316
1373,50;0,1316
1373,00;0,1315
1372,50;0,1314
1372,00;0,1314
1371,50;0,1314
1371,00;0,1313
1370,50;0,1312
1370,00;0,1310
1369,50;0,1308
1369,00;0,1307
1368,50;0,1306
1368,00;0,1306
1367,50;0,1306
1367,00;0,1306
1366,50;0,1306
1366,00;0,1307
1365,50;0,1306
1365,00;0,1304
1364,50;0,1301
1364,00;0,1299
1363,50;0,1297
1363,00;0,1296
1362,50;0,1295
1362,00;0,1295
1361,50;0,1296
1361,00;0,1295
1360,50;0,1294
1360,00;0,1291
1359,50;0,1289
1359,00;0,1288
1358,50;0,1288
1358,00;0,1290
1357,50;0,1292
1357,00;0,1293
1356,50;0,1293
1356,00;0,1294
1355,50;0,1295
1355,00;0,1297
1354,50;0,1298
1354,00;0,1299
1353,50;0,1299
1353,00;0,1299
1352,50;0,1298
1352,00;0,1297
1351,50;0,1296
1351,00;0,1295
1350,50;0,1296
1350,00;0,1298
1349,50;0,1299
1349,00;0,1298
1348,50;0,1295
1348,00;0,1293
1347,50;0,1291
1347,00;0,1291
1346,50;0,1291
1346,00;0,1291
1345,50;0,1291
1345,00;0,1290
1344,50;0,1289
1344,00;0,1288
1343,50;0,1288
1343,00;0,1287
1342,50;0,1286
1342,00;0,1285
1341,50;0,1284
1341,00;0,1282
1340,50;0,1280
1340,00;0,1278
1339,50;0,1277
1339,00;0,1278
1338,50;0,1279
1338,00;0,1280
1337,50;0,1279
1337,00;0,1278
1336,50;0,1276
1336,00;0,1275
1335,50;0,1276
1335,00;0,1278
1334,50;0,1280
1334,00;0,1280
1333,50;0,1280
1333,00;0,1280
1332,50;0,1280
1332,00;0,1280
1331,50;0,1279
1331,00;0,1279
1330,50;0,1278
1330,00;0,1278
1329,50;0,1277
1329,00;0,1276
1328,50;0,1275
1328,00;0,1274
1327,50;0,1274
1327,00;0,1274
1326,50;0,1274
1326,00;0,1274
1325,50;0,1273
1325,00;0,1271
1324,50;0,1267
1324,00;0,1264
1323,50;0,1262
1323,00;0,1262
1322,50;0,1262
1322,00;0,1263
1321,50;0,1262
1321,00;0,1262
1320,50;0,1263
1320,00;0,1263
1319,50;0,1264
1319,00;0,1264
1318,50;0,1263
1318,00;0,1262
1317,50;0,1261
1317,00;0,1260
1316,50;0,1260
1316,00;0,1260
1315,50;0,1260
1315,00;0,1259
1314,50;0,1259
1314,00;0,1259
1313,50;0,1258
1313,00;0,1257
1312,50;0,1256
1312,00;0,1256
1311,50;0,1256
1311,00;0,1256
1310,50;0,1256
1310,00;0,1255
1309,50;0,1255
1309,00;0,1255
1308,50;0,1255
1308,00;0,1255
1307,50;0,1254
1307,00;0,1254
1306,50;0,1254
1306,00;0,1253
1305,50;0,1253
1305,00;0,1253
1304,50;0,1253
1304,00;0,1253
1303,50;0,1254
1303,00;0,1253
1302,50;0,1251
1302,00;0,1248
1301,50;0,1246
1301,00;0,1244
1300,50;0,1244
1300,00;0,1246
1299,50;0,1248
1299,00;0,1251
1298,50;0,1253
1298,00;0,1254
1297,50;0,1253
1297,00;0,1250
1296,50;0,1246
1296,00;0,1243
1295,50;0,1241
1295,00;0,1241
1294,50;0,1241
1294,00;0,1241
1293,50;0,1242
1293,00;0,1243
1292,50;0,1242
1292,00;0,1242
1291,50;0,1241
1291,00;0,1241
1290,50;0,1241
1290,00;0,1240
1289,50;0,1240
1289,00;0,1239
1288,50;0,1240
1288,00;0,1240
1287,50;0,1239
1287,00;0,1239
1286,50;0,1239
1286,00;0,1240
1285,50;0,1241
1285,00;0,1242
1284,50;0,1243
1284,00;0,1243
1283,50;0,1243
1283,00;0,1242
1282,50;0,1240
1282,00;0,1238
1281,50;0,1237
1281,00;0,1236
1280,50;0,1235
1280,00;0,1235
1279,50;0,1235
1279,00;0,1234
1278,50;0,1234
1278,00;0,1235
1277,50;0,1235
1277,00;0,1235
1276,50;0,1234
1276,00;0,1232
1275,50;0,1230
1275,00;0,1227
1274,50;0,1225
1274,00;0,1224
1273,50;0,1222
1273,00;0,1219
1272,50;0,1217
1272,00;0,1216
1271,50;0,1215
1271,00;0,1215
1270,50;0,1215
1270,00;0,1217
1269,50;0,1219
1269,00;0,1220
1268,50;0,1219
1268,00;0,1216
1267,50;0,1215
1267,00;0,1217
1266,50;0,1220
1266,00;0,1223
1265,50;0,1226
1265,00;0,1227
1264,50;0,1227
1264,00;0,1226
1263,50;0,1225
1263,00;0,1226
1262,50;0,1226
1262,00;0,1227
1261,50;0,1227
1261,00;0,1225
1260,50;0,1223
1260,00;0,1222
1259,50;0,1220
1259,00;0,1220
1258,50;0,1220
1258,00;0,1220
1257,50;0,1219
1257,00;0,1217
1256,50;0,1215
1256,00;0,1214
1255,50;0,1214
1255,00;0,1214
1254,50;0,1214
1254,00;0,1212
1253,50;0,1211
1253,00;0,1209
1252,50;0,1209
1252,00;0,1210
1251,50;0,1210
1251,00;0,1210
1250,50;0,1209
1250,00;0,1208
1249,50;0,1208
1249,00;0,1208
1248,50;0,1210
1248,00;0,1211
1247,50;0,1213
1247,00;0,1215
1246,50;0,1216
1246,00;0,1217
1245,50;0,1217
1245,00;0,1215
1244,50;0,1214
1244,00;0,1212
1243,50;0,1212
1243,00;0,1214
1242,50;0,1215
1242,00;0,1215
1241,50;0,1215
1241,00;0,1215
1240,50;0,1214
1240,00;0,1213
1239,50;0,1212
1239,00;0,1212
1238,50;0,1212
1238,00;0,1212
1237,50;0,1213
1237,00;0,1214
1236,50;0,1216
1236,00;0,1217
1235,50;0,1218
1235,00;0,1217
1234,50;0,1215
1234,00;0,1214
1233,50;0,1214
1233,00;0,1215
1232,50;0,1217
1232,00;0,1218
1231,50;0,1218
1231,00;0,1218
1230,50;0,1217
1230,00;0,1216
1229,50;0,1215
1229,00;0,1212
1228,50;0,1209
1228,00;0,1208
1227,50;0,1208
1227,00;0,1209
1226,50;0,1211
1226,00;0,1213
1225,50;0,1214
1225,00;0,1215
1224,50;0,1217
1224,00;0,1220
1223,50;0,1223
1223,00;0,1223
1222,50;0,1221
1222,00;0,1220
1221,50;0,1220
1221,00;0,1221
1220,50;0,1221
1220,00;0,1219
1219,50;0,1216
1219,00;0,1215
1218,50;0,1214
1218,00;0,1214
1217,50;0,1214
1217,00;0,1212
1216,50;0,1209
1216,00;0,1207
1215,50;0,1205
1215,00;0,1203
1214,50;0,1202
1214,00;0,1201
1213,50;0,1202
1213,00;0,1203
1212,50;0,1203
1212,00;0,1203
1211,50;0,1203
1211,00;0,1205
1210,50;0,1206
1210,00;0,1206
1209,50;0,1203
1209,00;0,1200
1208,50;0,1198
1208,00;0,1197
1207,50;0,1198
1207,00;0,1200
1206,50;0,1202
1206,00;0,1203
1205,50;0,1203
1205,00;0,1202
1204,50;0,1202
1204,00;0,1203
1203,50;0,1205
1203,00;0,1207
1202,50;0,1208
1202,00;0,1206
1201,50;0,1204
1201,00;0,1202
1200,50;0,1201
1200,00;0,1201
1199,50;0,1201
1199,00;0,1198
1198,50;0,1195
1198,00;0,1191
1197,50;0,1188
1197,00;0,1186
1196,50;0,1185
1196,00;0,1186
1195,50;0,1187
1195,00;0,1187
1194,50;0,1188
1194,00;0,1188
1193,50;0,1189
1193,00;0,1188
1192,50;0,1188
1192,00;0,1189
1191,50;0,1190
1191,00;0,1189
1190,50;0,1187
1190,00;0,1185
1189,50;0,1184
1189,00;0,1185
1188,50;0,1186
1188,00;0,1188
1187,50;0,1189
1187,00;0,1190
1186,50;0,1191
1186,00;0,1192
1185,50;0,1192
1185,00;0,1193
1184,50;0,1195
1184,00;0,1197
1183,50;0,1199
1183,00;0,1198
1182,50;0,1195
1182,00;0,1191
1181,50;0,1188
1181,00;0,1187
1180,50;0,1189
1180,00;0,1192
1179,50;0,1194
1179,00;0,1194
1178,50;0,1192
1178,00;0,1191
1177,50;0,1192
1177,00;0,1193
1176,50;0,1194
1176,00;0,1195
1175,50;0,1196
1175,00;0,1197
1174,50;0,1199
1174,00;0,1201
1173,50;0,1202
1173,00;0,1202
1172,50;0,1203
1172,00;0,1204
1171,50;0,1205
1171,00;0,1206
1170,50;0,1207
1170,00;0,1206
1169,50;0,1206
1169,00;0,1205
1168,50;0,1205
1168,00;0,1204
1167,50;0,1202
1167,00;0,1200
1166,50;0,1197
1166,00;0,1194
1165,50;0,1193
1165,00;0,1193
1164,50;0,1194
1164,00;0,1195
1163,50;0,1195
1163,00;0,1194
1162,50;0,1192
1162,00;0,1190
1161,50;0,1189
1161,00;0,1189
1160,50;0,1189
1160,00;0,1188
1159,50;0,1188
1159,00;0,1189
1158,50;0,1191
1158,00;0,1192
1157,50;0,1191
1157,00;0,1189
1156,50;0,1187
1156,00;0,1187
1155,50;0,1188
1155,00;0,1189
1154,50;0,1190
1154,00;0,1192
1153,50;0,1193
1153,00;0,1194
1152,50;0,1194
1152,00;0,1192
1151,50;0,1189
1151,00;0,1185
1150,50;0,1182
1150,00;0,1180
1149,50;0,1180
1149,00;0,1182
1148,50;0,1183
1148,00;0,1184
1147,50;0,1184
1147,00;0,1184
1146,50;0,1183
1146,00;0,1184
1145,50;0,1185
1145,00;0,1186
1144,50;0,1187
1144,00;0,1187
1143,50;0,1188
1143,00;0,1189
1142,50;0,1192
1142,00;0,1196
1141,50;0,1198
1141,00;0,1199
1140,50;0,1198
1140,00;0,1199
1139,50;0,1201
1139,00;0,1204
1138,50;0,1203
1138,00;0,1200
1137,50;0,1195
1137,00;0,1193
1136,50;0,1194
1136,00;0,1195
1135,50;0,1197
1135,00;0,1198
1134,50;0,1200
1134,00;0,1202
1133,50;0,1203
1133,00;0,1204
1132,50;0,1204
1132,00;0,1205
1131,50;0,1204
1131,00;0,1201
1130,50;0,1196
1130,00;0,1192
1129,50;0,1189
1129,00;0,1189
1128,50;0,1190
1128,00;0,1191
1127,50;0,1192
1127,00;0,1193
1126,50;0,1194
1126,00;0,1193
1125,50;0,1191
1125,00;0,1187
1124,50;0,1184
1124,00;0,1181
1123,50;0,1178
1123,00;0,1177
1122,50;0,1177
1122,00;0,1178
1121,50;0,1179
1121,00;0,1180
1120,50;0,1180
1120,00;0,1180
1119,50;0,1180
1119,00;0,1180
1118,50;0,1182
1118,00;0,1184
1117,50;0,1186
1117,00;0,1187
1116,50;0,1188
1116,00;0,1187
1115,50;0,1186
1115,00;0,1184
1114,50;0,1182
1114,00;0,1180
1113,50;0,1180
1113,00;0,1182
1112,50;0,1186
1112,00;0,1189
1111,50;0,1192
1111,00;0,1193
1110,50;0,1193
1110,00;0,1193
1109,50;0,1192
1109,00;0,1192
1108,50;0,1190
1108,00;0,1188
1107,50;0,1187
1107,00;0,1188
1106,50;0,1190
1106,00;0,1191
1105,50;0,1191
1105,00;0,1190
1104,50;0,1189
1104,00;0,1188
1103,50;0,1186
1103,00;0,1182
1102,50;0,1178
1102,00;0,1176
1101,50;0,1177
1101,00;0,1180
1100,50;0,1181
1100,00;0,1179
1099,50;0,1176
1099,00;0,1174
1098,50;0,1172
1098,00;0,1170
1097,50;0,1167
1097,00;0,1165
1096,50;0,1165
1096,00;0,1166
1095,50;0,1167
1095,00;0,1166
1094,50;0,1163
1094,00;0,1159
1093,50;0,1157
1093,00;0,1156
1092,50;0,1158
1092,00;0,1160
1091,50;0,1164
1091,00;0,1168
1090,50;0,1171
1090,00;0,1170
1089,50;0,1169
1089,00;0,1167
1088,50;0,1164
1088,00;0,1160
1087,50;0,1154
1087,00;0,1150
1086,50;0,1147
1086,00;0,1144
1085,50;0,1141
1085,00;0,1138
1084,50;0,1137
1084,00;0,1137
1083,50;0,1139
1083,00;0,1140
1082,50;0,1139
1082,00;0,1135
1081,50;0,1132
1081,00;0,1131
1080,50;0,1132
1080,00;0,1132
1079,50;0,1131
1079,00;0,1131
1078,50;0,1131
1078,00;0,1129
1077,50;0,1127
1077,00;0,1124
1076,50;0,1122
1076,00;0,1119
1075,50;0,1116
1075,00;0,1115
1074,50;0,1114
1074,00;0,1115
1073,50;0,1115
1073,00;0,1114
1072,50;0,1112
1072,00;0,1110
1071,50;0,1109
1071,00;0,1110
1070,50;0,1110
1070,00;0,1110
1069,50;0,1110
1069,00;0,1112
1068,50;0,1113
1068,00;0,1113
1067,50;0,1109
1067,00;0,1103
1066,50;0,1099
1066,00;0,1096
1065,50;0,1093
1065,00;0,1091
1064,50;0,1090
1064,00;0,1090
1063,50;0,1090
1063,00;0,1089
1062,50;0,1088
1062,00;0,1083
1061,50;0,1076
1061,00;0,1070
1060,50;0,1068
1060,00;0,1068
1059,50;0,1070
1059,00;0,1073
1058,50;0,1076
1058,00;0,1079
1057,50;0,1080
1057,00;0,1078
1056,50;0,1075
1056,00;0,1072
1055,50;0,1071
1055,00;0,1070
1054,50;0,1069
1054,00;0,1070
1053,50;0,1071
1053,00;0,1073
1052,50;0,1074
1052,00;0,1074
1051,50;0,1074
1051,00;0,1073
1050,50;0,1071
1050,00;0,1069
1049,50;0,1068
1049,00;0,1069
1048,50;0,1070
1048,00;0,1070
1047,50;0,1068
1047,00;0,1065
1046,50;0,1063
1046,00;0,1062
1045,50;0,1064
1045,00;0,1065
1044,50;0,1068
1044,00;0,1070
1043,50;0,1071
1043,00;0,1073
1042,50;0,1074
1042,00;0,1073
1041,50;0,1072
1041,00;0,1071
1040,50;0,1070
1040,00;0,1069
1039,50;0,1069
1039,00;0,1071
1038,50;0,1074
1038,00;0,1076
1037,50;0,1076
1037,00;0,1075
1036,50;0,1072
1036,00;0,1070
1035,50;0,1069
1035,00;0,1069
1034,50;0,1069
1034,00;0,1070
1033,50;0,1070
1033,00;0,1071
1032,50;0,1072
1032,00;0,1075
1031,50;0,1078
1031,00;0,1081
1030,50;0,1082
1030,00;0,1082
1029,50;0,1081
1029,00;0,1082
1028,50;0,1085
1028,00;0,1088
1027,50;0,1091
1027,00;0,1093
1026,50;0,1094
1026,00;0,1092
1025,50;0,1090
1025,00;0,1088
1024,50;0,1088
1024,00;0,1090
1023,50;0,1094
1023,00;0,1097
1022,50;0,1100
1022,00;0,1103
1021,50;0,1105
1021,00;0,1105
1020,50;0,1106
1020,00;0,1107
1019,50;0,1107
1019,00;0,1107
1018,50;0,1107
1018,00;0,1109
1017,50;0,1112
1017,00;0,1116
1016,50;0,1119
1016,00;0,1121
1015,50;0,1120
1015,00;0,1119
1014,50;0,1117
1014,00;0,1117
1013,50;0,1119
1013,00;0,1124
1012,50;0,1129
1012,00;0,1134
1011,50;0,1138
1011,00;0,1141
1010,50;0,1143
1010,00;0,1145
1009,50;0,1146
1009,00;0,1146
1008,50;0,1147
1008,00;0,1151
1007,50;0,1155
1007,00;0,1160
1006,50;0,1163
1006,00;0,1164
1005,50;0,1165
1005,00;0,1166
1004,50;0,1167
1004,00;0,1169
1003,50;0,1172
1003,00;0,1175
1002,50;0,1177
1002,00;0,1178
1001,50;0,1180
1001,00;0,1183
1000,50;0,1188
1000,00;0,1193
999,50;0,1199
999,00;0,1204
998,50;0,1206
998,00;0,1206
997,50;0,1206
997,00;0,1208
996,50;0,1212
996,00;0,1219
995,50;0,1225
995,00;0,1231
994,50;0,1236
994,00;0,1238
993,50;0,1240
993,00;0,1239
992,50;0,1239
992,00;0,1242
991,50;0,1247
991,00;0,1254
990,50;0,1259
990,00;0,1263
989,50;0,1265
989,00;0,1267
988,50;0,1271
988,00;0,1275
987,50;0,1279
987,00;0,1282
986,50;0,1286
986,00;0,1294
985,50;0,1304
985,00;0,1313
984,50;0,1318
984,00;0,1318
983,50;0,1316
983,00;0,1315
982,50;0,1316
982,00;0,1320
981,50;0,1328
981,00;0,1336
980,50;0,1342
980,00;0,1345
979,50;0,1348
979,00;0,1353
978,50;0,1359
978,00;0,1364
977,50;0,1367
977,00;0,1369
976,50;0,1372
976,00;0,1378
975,50;0,1387
975,00;0,1398
974,50;0,1407
974,00;0,1412
973,50;0,1416
973,00;0,1418
972,50;0,1419
972,00;0,1419
971,50;0,1421
971,00;0,1426
970,50;0,1434
970,00;0,1444
969,50;0,1454
969,00;0,1465
968,50;0,1474
968,00;0,1481
967,50;0,1486
967,00;0,1491
966,50;0,1498
966,00;0,1506
965,50;0,1515
965,00;0,1525
964,50;0,1533
964,00;0,1540
963,50;0,1545
963,00;0,1550
962,50;0,1555
962,00;0,1560
961,50;0,1567
961,00;0,1575
960,50;0,1584
960,00;0,1593
959,50;0,1601
959,00;0,1607
958,50;0,1614
958,00;0,1622
957,50;0,1629
957,00;0,1635
956,50;0,1642
956,00;0,1650
955,50;0,1660
955,00;0,1674
954,50;0,1690
954,00;0,1703
953,50;0,1714
953,00;0,1719
952,50;0,1723
952,00;0,1726
951,50;0,1731
951,00;0,1740
950,50;0,1751
950,00;0,1762
949,50;0,1773
949,00;0,1781
948,50;0,1788
948,00;0,1794
947,50;0,1800
947,00;0,1809
946,50;0,1820
946,00;0,1832
945,50;0,1844
945,00;0,1856
944,50;0,1866
944,00;0,1874
943,50;0,1882
943,00;0,1893
942,50;0,1906
942,00;0,1920
941,50;0,1933
941,00;0,1943
940,50;0,1949
940,00;0,1956
939,50;0,1965
939,00;0,1977
938,50;0,1990
938,00;0,2004
937,50;0,2015
937,00;0,2023
936,50;0,2029
936,00;0,2034
935,50;0,2039
935,00;0,2046
934,50;0,2055
934,00;0,2066
933,50;0,2077
933,00;0,2088
932,50;0,2101
932,00;0,2113
931,50;0,2125
931,00;0,2136
930,50;0,2146
930,00;0,2157
929,50;0,2168
929,00;0,2178
928,50;0,2187
928,00;0,2195
927,50;0,2203
927,00;0,2212
926,50;0,2222
926,00;0,2232
925,50;0,2240
925,00;0,2248
924,50;0,2257
924,00;0,2269
923,50;0,2283
923,00;0,2296
922,50;0,2306
922,00;0,2312
921,50;0,2317
921,00;0,2322
920,50;0,2329
920,00;0,2335
919,50;0,2340
919,00;0,2347
918,50;0,2358
918,00;0,2373
917,50;0,2386
917,00;0,2396
916,50;0,2403
916,00;0,2410
915,50;0,2418
915,00;0,2425
914,50;0,2429
914,00;0,2429
913,50;0,2432
913,00;0,2440
912,50;0,2454
912,00;0,2467
911,50;0,2479
911,00;0,2489
910,50;0,2500
910,00;0,2511
909,50;0,2522
909,00;0,2530
908,50;0,2534
908,00;0,2537
907,50;0,2543
907,00;0,2557
906,50;0,2575
906,00;0,2590
905,50;0,2599
905,00;0,2598
904,50;0,2592
904,00;0,2583
903,50;0,2578
903,00;0,2581
902,50;0,2591
902,00;0,2603
901,50;0,2613
901,00;0,2622
900,50;0,2632
900,00;0,2641
899,50;0,2647
899,00;0,2652
898,50;0,2659
898,00;0,2669
897,50;0,2680
897,00;0,2686
896,50;0,2689
896,00;0,2692
895,50;0,2698
895,00;0,2709
894,50;0,2723
894,00;0,2736
893,50;0,2745
893,00;0,2750
892,50;0,2755
892,00;0,2759
891,50;0,2763
891,00;0,2766
890,50;0,2771
890,00;0,2778
889,50;0,2787
889,00;0,2794
888,50;0,2797
888,00;0,2796
887,50;0,2793
887,00;0,2792
886,50;0,2797
886,00;0,2808
885,50;0,2820
885,00;0,2827
884,50;0,2831
884,00;0,2832
883,50;0,2833
883,00;0,2833
882,50;0,2833
882,00;0,2832
881,50;0,2836
881,00;0,2846
880,50;0,2861
880,00;0,2873
879,50;0,2878
879,00;0,2882
878,50;0,2890
878,00;0,2900
877,50;0,2911
877,00;0,2922
876,50;0,2937
876,00;0,2953
875,50;0,2968
875,00;0,2975
874,50;0,2975
874,00;0,2971
873,50;0,2963
873,00;0,2956
872,50;0,2953
872,00;0,2955
871,50;0,2958
871,00;0,2960
870,50;0,2961
870,00;0,2965
869,50;0,2973
869,00;0,2982
868,50;0,2988
868,00;0,2991
867,50;0,2993
867,00;0,2996
866,50;0,3003
866,00;0,3013
865,50;0,3021
865,00;0,3023
864,50;0,3017
864,00;0,3007
863,50;0,2999
863,00;0,2998
862,50;0,3008
862,00;0,3026
861,50;0,3047
861,00;0,3066
860,50;0,3079
860,00;0,3085
859,50;0,3088
859,00;0,3090
858,50;0,3090
858,00;0,3090
857,50;0,3091
857,00;0,3095
856,50;0,3101
856,00;0,3108
855,50;0,3113
855,00;0,3117
854,50;0,3123
854,00;0,3132
853,50;0,3138
853,00;0,3140
852,50;0,3135
852,00;0,3128
851,50;0,3125
851,00;0,3130
850,50;0,3144
850,00;0,3159
849,50;0,3171
849,00;0,3177
848,50;0,3179
848,00;0,3177
847,50;0,3170
847,00;0,3164
846,50;0,3162
846,00;0,3167
845,50;0,3177
845,00;0,3188
844,50;0,3197
844,00;0,3205
843,50;0,3215
843,00;0,3222
842,50;0,3224
842,00;0,3220
841,50;0,3216
841,00;0,3218
840,50;0,3229
840,00;0,3243
839,50;0,3253
839,00;0,3257
838,50;0,3257
838,00;0,3257
837,50;0,3258
837,00;0,3261
836,50;0,3267
836,00;0,3273
835,50;0,3276
835,00;0,3275
834,50;0,3274
834,00;0,3274
833,50;0,3274
833,00;0,3272
832,50;0,3270
832,00;0,3274
831,50;0,3284
831,00;0,3295
830,50;0,3303
830,00;0,3309
829,50;0,3317
829,00;0,3328
828,50;0,3340
828,00;0,3349
827,50;0,3354
827,00;0,3354
826,50;0,3353
826,00;0,3349
825,50;0,3345
825,00;0,3342
824,50;0,3344
824,00;0,3350
823,50;0,3357
823,00;0,3360
822,50;0,3357
822,00;0,3356
821,50;0,3358
821,00;0,3365
820,50;0,3374
820,00;0,3381
819,50;0,3385
819,00;0,3387
818,50;0,3389
818,00;0,3394
817,50;0,3398
817,00;0,3399
816,50;0,3395
816,00;0,3389
815,50;0,3387
815,00;0,3390
814,50;0,3396
814,00;0,3403
813,50;0,3409
813,00;0,3413
812,50;0,3411
812,00;0,3404
811,50;0,3395
811,00;0,3392
810,50;0,3398
810,00;0,3408
809,50;0,3414
809,00;0,3413
808,50;0,3404
808,00;0,3392
807,50;0,3384
807,00;0,3386
806,50;0,3399
806,00;0,3415
805,50;0,3421
805,00;0,3415
804,50;0,3402
804,00;0,3392
803,50;0,3392
803,00;0,3397
802,50;0,3404
802,00;0,3408
801,50;0,3410
801,00;0,3411
800,50;0,3411
800,00;0,3410
799,50;0,3405
799,00;0,3400
798,50;0,3398
798,00;0,3398
797,50;0,3398
797,00;0,3398
796,50;0,3398
796,00;0,3401
795,50;0,3402
795,00;0,3399
794,50;0,3391
794,00;0,3384
793,50;0,3383
793,00;0,3387
792,50;0,3394
792,00;0,3398
791,50;0,3395
791,00;0,3385
790,50;0,3374
790,00;0,3365
789,50;0,3357
789,00;0,3347
788,50;0,3338
788,00;0,3332
787,50;0,3331
787,00;0,3335
786,50;0,3344
786,00;0,3357
785,50;0,3368
785,00;0,3372
784,50;0,3367
784,00;0,3355
783,50;0,3341
783,00;0,3331
782,50;0,3327
782,00;0,3328
781,50;0,3333
781,00;0,3337
780,50;0,3337
780,00;0,3331
779,50;0,3321
779,00;0,3313
778,50;0,3310
778,00;0,3312
777,50;0,3315
777,00;0,3316
776,50;0,3312
776,00;0,3307
775,50;0,3303
775,00;0,3298
774,50;0,3293
774,00;0,3288
773,50;0,3281
773,00;0,3276
772,50;0,3272
772,00;0,3272
771,50;0,3275
771,00;0,3277
770,50;0,3278
770,00;0,3274
769,50;0,3265
769,00;0,3253
768,50;0,3243
768,00;0,3240
767,50;0,3240
767,00;0,3240
766,50;0,3237
766,00;0,3233
765,50;0,3231
765,00;0,3229
764,50;0,3224
764,00;0,3215
763,50;0,3204
763,00;0,3194
762,50;0,3188
762,00;0,3186
761,50;0,3186
761,00;0,3186
760,50;0,3184
760,00;0,3177
759,50;0,3165
759,00;0,3149
758,50;0,3134
758,00;0,3126
757,50;0,3123
757,00;0,3121
756,50;0,3117
756,00;0,3111
755,50;0,3107
755,00;0,3105
754,50;0,3104
754,00;0,3101
753,50;0,3093
753,00;0,3081
752,50;0,3069
752,00;0,3060
751,50;0,3054
751,00;0,3049
750,50;0,3044
750,00;0,3038
749,50;0,3034
749,00;0,3030
748,50;0,3024
748,00;0,3013
747,50;0,3001
747,00;0,2990
746,50;0,2981
746,00;0,2975
745,50;0,2972
745,00;0,2970
744,50;0,2967
744,00;0,2961
743,50;0,2952
743,00;0,2939
742,50;0,2927
742,00;0,2918
741,50;0,2910
741,00;0,2903
740,50;0,2897
740,00;0,2894
739,50;0,2892
739,00;0,2890
738,50;0,2883
738,00;0,2869
737,50;0,2849
737,00;0,2827
736,50;0,2806
736,00;0,2793
735,50;0,2789
735,00;0,2790
734,50;0,2791
734,00;0,2788
733,50;0,2782
733,00;0,2771
732,50;0,2756
732,00;0,2737
731,50;0,2718
731,00;0,2704
730,50;0,2700
730,00;0,2703
729,50;0,2707
729,00;0,2708
728,50;0,2707
728,00;0,2703
727,50;0,2697
727,00;0,2688
726,50;0,2675
726,00;0,2663
725,50;0,2652
725,00;0,2645
724,50;0,2643
724,00;0,2644
723,50;0,2644
723,00;0,2640
722,50;0,2631
722,00;0,2621
721,50;0,2613
721,00;0,2605
720,50;0,2598
720,00;0,2592
719,50;0,2587
719,00;0,2582
718,50;0,2575
718,00;0,2566
717,50;0,2557
717,00;0,2547
716,50;0,2534
716,00;0,2519
715,50;0,2506
715,00;0,2498
714,50;0,2497
714,00;0,2499
713,50;0,2500
713,00;0,2496
712,50;0,2486
712,00;0,2472
711,50;0,2459
711,00;0,2450
710,50;0,2443
710,00;0,2436
709,50;0,2429
709,00;0,2427
708,50;0,2431
708,00;0,2436
707,50;0,2436
707,00;0,2430
706,50;0,2421
706,00;0,2411
705,50;0,2401
705,00;0,2394
704,50;0,2390
704,00;0,2387
703,50;0,2384
703,00;0,2381
702,50;0,2382
702,00;0,2385
701,50;0,2385
701,00;0,2379
700,50;0,2368
700,00;0,2355
699,50;0,2343
699,00;0,2330
698,50;0,2321
698,00;0,2318
697,50;0,2320
697,00;0,2323
696,50;0,2322
696,00;0,2316
695,50;0,2306
695,00;0,2296
694,50;0,2289
694,00;0,2285
693,50;0,2282
693,00;0,2278
692,50;0,2273
692,00;0,2267
691,50;0,2262
691,00;0,2259
690,50;0,2256
690,00;0,2251
689,50;0,2244
689,00;0,2236
688,50;0,2233
688,00;0,2234
687,50;0,2232
687,00;0,2225
686,50;0,2213
686,00;0,2203
685,50;0,2196
685,00;0,2191
684,50;0,2189
684,00;0,2189
683,50;0,2189
683,00;0,2189
682,50;0,2189
682,00;0,2189
681,50;0,2187
681,00;0,2182
680,50;0,2173
680,00;0,2162
679,50;0,2151
679,00;0,2140
678,50;0,2133
678,00;0,2131
677,50;0,2133
677,00;0,2133
676,50;0,2129
676,00;0,2122
675,50;0,2115
675,00;0,2107
674,50;0,2097
674,00;0,2084
673,50;0,2069
673,00;0,2058
672,50;0,2053
672,00;0,2056
671,50;0,2066
671,00;0,2076
670,50;0,2082
670,00;0,2085
669,50;0,2090
669,00;0,2103
668,50;0,2123
668,00;0,2135
667,50;0,2113
667,00;0,2059
666,50;0,2016
666,00;0,1999
665,50;0,1995
665,00;0,1993
664,50;0,1990
664,00;0,1985
663,50;0,1977
663,00;0,1966
662,50;0,1956
662,00;0,1955
661,50;0,1965
661,00;0,1978
660,50;0,1985
660,00;0,1982
659,50;0,1972
659,00;0,1960
658,50;0,1951
658,00;0,1948
657,50;0,1946
657,00;0,1940
656,50;0,1930
656,00;0,1923
655,50;0,1922
655,00;0,1924
654,50;0,1922
654,00;0,1916
653,50;0,1909
653,00;0,1906
652,50;0,1904
652,00;0,1901
651,50;0,1899
651,00;0,1899
650,50;0,1902
650,00;0,1904
649,50;0,1905
649,00;0,1902
648,50;0,1894
648,00;0,1881
647,50;0,1867
647,00;0,1858
646,50;0,1856
646,00;0,1860
645,50;0,1863
645,00;0,1861
644,50;0,1851
644,00;0,1835
643,50;0,1819
643,00;0,1808
642,50;0,1802
642,00;0,1803
641,50;0,1806
641,00;0,1807
640,50;0,1805
640,00;0,1798
639,50;0,1790
639,00;0,1780
638,50;0,1771
638,00;0,1764
637,50;0,1762
637,00;0,1761
636,50;0,1758
636,00;0,1750
635,50;0,1739
635,00;0,1731
634,50;0,1728
634,00;0,1729
633,50;0,1726
633,00;0,1716
632,50;0,1699
632,00;0,1683
631,50;0,1677
631,00;0,1681
630,50;0,1694
630,00;0,1709
629,50;0,1719
629,00;0,1720
628,50;0,1711
628,00;0,1695
627,50;0,1677
627,00;0,1664
626,50;0,1661
626,00;0,1668
625,50;0,1681
625,00;0,1694
624,50;0,1701
624,00;0,1703
623,50;0,1699
623,00;0,1693
622,50;0,1686
622,00;0,1680
621,50;0,1679
621,00;0,1681
620,50;0,1681
620,00;0,1676
619,50;0,1667
619,00;0,1659
618,50;0,1654
618,00;0,1651
617,50;0,1650
617,00;0,1649
616,50;0,1646
616,00;0,1644
615,50;0,1643
615,00;0,1646
614,50;0,1650
614,00;0,1653
613,50;0,1654
613,00;0,1651
612,50;0,1647
612,00;0,1642
611,50;0,1637
611,00;0,1629
610,50;0,1621
610,00;0,1615
609,50;0,1617
609,00;0,1624
608,50;0,1631
608,00;0,1629
607,50;0,1613
607,00;0,1587
606,50;0,1564
606,00;0,1558
605,50;0,1574
605,00;0,1601
604,50;0,1620
604,00;0,1622
603,50;0,1610
603,00;0,1594
602,50;0,1582
602,00;0,1578
601,50;0,1577
601,00;0,1575
600,50;0,1570
600,00;0,1565
599,50;0,1564
599,00;0,1564
598,50;0,1563
598,00;0,1559
597,50;0,1558
597,00;0,1561
596,50;0,1564
596,00;0,1560
595,50;0,1546
595,00;0,1532
594,50;0,1525
594,00;0,1531
593,50;0,1546
593,00;0,1565
592,50;0,1581
592,00;0,1589
591,50;0,1586
591,00;0,1573
590,50;0,1552
590,00;0,1533
589,50;0,1523
589,00;0,1525
588,50;0,1534
588,00;0,1544
587,50;0,1552
587,00;0,1553
586,50;0,1548
586,00;0,1538
585,50;0,1527
585,00;0,1519
584,50;0,1514
584,00;0,1512
583,50;0,1512
583,00;0,1512
582,50;0,1510
582,00;0,1506
581,50;0,1501
581,00;0,1495
580,50;0,1490
580,00;0,1485
579,50;0,1483
579,00;0,1489
578,50;0,1501
578,00;0,1512
577,50;0,1515
577,00;0,1508
576,50;0,1493
576,00;0,1475
575,50;0,1462
575,00;0,1459
574,50;0,1466
574,00;0,1475
573,50;0,1480
573,00;0,1481
572,50;0,1482
572,00;0,1481
571,50;0,1476
571,00;0,1463
570,50;0,1446
570,00;0,1428
569,50;0,1411
569,00;0,1397
568,50;0,1390
568,00;0,1399
567,50;0,1426
567,00;0,1459
566,50;0,1484
566,00;0,1492
565,50;0,1481
565,00;0,1455
564,50;0,1424
564,00;0,1397
563,50;0,1385
563,00;0,1390
562,50;0,1407
562,00;0,1424
561,50;0,1430
561,00;0,1424
560,50;0,1410
560,00;0,1397
559,50;0,1391
559,00;0,1388
558,50;0,1384
558,00;0,1383
557,50;0,1389
557,00;0,1400
556,50;0,1406
556,00;0,1402
555,50;0,1388
555,00;0,1374
554,50;0,1363
554,00;0,1360
553,50;0,1365
553,00;0,1375
552,50;0,1384
552,00;0,1384
551,50;0,1380
551,00;0,1379
550,50;0,1385
550,00;0,1389
549,50;0,1379
549,00;0,1354
548,50;0,1326
548,00;0,1306
547,50;0,1302
547,00;0,1308
546,50;0,1313
546,00;0,1313
545,50;0,1309
545,00;0,1306
544,50;0,1303
544,00;0,1297
543,50;0,1286
543,00;0,1271
542,50;0,1258
542,00;0,1250
541,50;0,1254
541,00;0,1268
540,50;0,1281
540,00;0,1280
539,50;0,1262
539,00;0,1237
538,50;0,1217
538,00;0,1210
537,50;0,1217
537,00;0,1237
536,50;0,1265
536,00;0,1290
535,50;0,1299
535,00;0,1285
534,50;0,1252
534,00;0,1210
533,50;0,1172
533,00;0,1145
532,50;0,1132
532,00;0,1131
531,50;0,1142
531,00;0,1158
530,50;0,1171
530,00;0,1174
529,50;0,1164
529,00;0,1145
528,50;0,1124
528,00;0,1110
527,50;0,1109
527,00;0,1121
526,50;0,1138
526,00;0,1153
525,50;0,1166
525,00;0,1184
524,50;0,1203
524,00;0,1209
523,50;0,1194
523,00;0,1165
522,50;0,1135
522,00;0,1113
521,50;0,1102
521,00;0,1102
520,50;0,1116
520,00;0,1138
519,50;0,1158
519,00;0,1169
518,50;0,1172
518,00;0,1170
517,50;0,1161
517,00;0,1147
516,50;0,1133
516,00;0,1127
515,50;0,1131
515,00;0,1142
514,50;0,1157
514,00;0,1173
513,50;0,1186
513,00;0,1193
512,50;0,1197
512,00;0,1200
511,50;0,1203
511,00;0,1207
510,50;0,1214
510,00;0,1227
509,50;0,1242
509,00;0,1253
508,50;0,1254
508,00;0,1241
507,50;0,1219
507,00;0,1191
506,50;0,1167
506,00;0,1160
505,50;0,1179
505,00;0,1221
504,50;0,1267
504,00;0,1293
503,50;0,1292
503,00;0,1273
502,50;0,1250
502,00;0,1232
501,50;0,1217
501,00;0,1207
500,50;0,1203
500,00;0,1205
499,50;0,1210
499,00;0,1211
498,50;0,1209
498,00;0,1204
497,50;0,1201
497,00;0,1202
496,50;0,1205
496,00;0,1208
495,50;0,1212
495,00;0,1221
494,50;0,1239
494,00;0,1260
493,50;0,1271
493,00;0,1263
492,50;0,1236
492,00;0,1198
491,50;0,1159
491,00;0,1133
490,50;0,1127
490,00;0,1142
489,50;0,1163
489,00;0,1176
488,50;0,1179
488,00;0,1177
487,50;0,1176
487,00;0,1177
486,50;0,1178
486,00;0,1180
485,50;0,1182
485,00;0,1183
484,50;0,1187
484,00;0,1193
483,50;0,1201
483,00;0,1199
482,50;0,1180
482,00;0,1149
481,50;0,1119
481,00;0,1109
480,50;0,1122
480,00;0,1147
479,50;0,1168
479,00;0,1186
478,50;0,1209
478,00;0,1240
477,50;0,1266
477,00;0,1266
476,50;0,1228
476,00;0,1169
475,50;0,1119
475,00;0,1105
474,50;0,1128
474,00;0,1168
473,50;0,1202
473,00;0,1217
472,50;0,1216
472,00;0,1200
471,50;0,1172
471,00;0,1138
470,50;0,1105
470,00;0,1076
469,50;0,1055
469,00;0,1049
468,50;0,1067
468,00;0,1112
467,50;0,1171
467,00;0,1221
466,50;0,1248
466,00;0,1253
465,50;0,1242
465,00;0,1220
464,50;0,1188
464,00;0,1152
463,50;0,1122
463,00;0,1110
462,50;0,1122
462,00;0,1145
461,50;0,1163
461,00;0,1163
460,50;0,1148
460,00;0,1124
459,50;0,1097
459,00;0,1077
458,50;0,1076
458,00;0,1100
457,50;0,1140
457,00;0,1176
456,50;0,1194
456,00;0,1188
455,50;0,1164
455,00;0,1134
454,50;0,1115
454,00;0,1113
453,50;0,1124
453,00;0,1145
452,50;0,1182
452,00;0,1233
451,50;0,1274
451,00;0,1274
450,50;0,1227
450,00;0,1155
449,50;0,1090
449,00;0,1052
448,50;0,1045
448,00;0,1071
447,50;0,1121
447,00;0,1171
446,50;0,1197
446,00;0,1187
445,50;0,1145
445,00;0,1086
444,50;0,1034
444,00;0,1014
443,50;0,1036
443,00;0,1093
442,50;0,1163
442,00;0,1223
441,50;0,1253
441,00;0,1244
440,50;0,1208
440,00;0,1166
439,50;0,1134
439,00;0,1107
438,50;0,1093
438,00;0,1114
437,50;0,1175
437,00;0,1243
436,50;0,1275
436,00;0,1257
435,50;0,1205
435,00;0,1140
434,50;0,1074
434,00;0,1027
433,50;0,1024
433,00;0,1069
432,50;0,1140
432,00;0,1204
431,50;0,1244
431,00;0,1259
430,50;0,1249
430,00;0,1218
429,50;0,1167
429,00;0,1095
428,50;0,1011
428,00;0,0951
427,50;0,0960
427,00;0,1037
426,50;0,1124
426,00;0,1158
425,50;0,1131
425,00;0,1078
424,50;0,1022
424,00;0,0962
423,50;0,0908
423,00;0,0906
422,50;0,0990
422,00;0,1133
421,50;0,1276
421,00;0,1372
420,50;0,1404
420,00;0,1358
419,50;0,1232
419,00;0,1074
418,50;0,0976
418,00;0,0990
417,50;0,1053
417,00;0,1042
416,50;0,0904
416,00;0,0722
415,50;0,0637
415,00;0,0717
414,50;0,0899
414,00;0,1035
413,50;0,1007
413,00;0,0833
412,50;0,0653
412,00;0,0622
411,50;0,0790
411,00;0,1040
410,50;0,1223
410,00;0,1309
409,50;0,1353
409,00;0,1360
408,50;0,1272
408,00;0,1065
407,50;0,0837
407,00;0,0747
406,50;0,0836
406,00;0,0941
405,50;0,0886
405,00;0,0679
404,50;0,0484
404,00;0,0418
403,50;0,0419
403,00;0,0373
402,50;0,0279
402,00;0,0296
401,50;0,0558
401,00;0,0970
400,50;0,1313
400,00;0,1484
