Erstellt als neuer Datensatz;Sample 168 By PC59-C710\Spektrum3 date Dienstag, Juni 02 2026
cm-1;A
4000,00;0,0831
3999,50;0,0827
3999,00;0,0820
3998,50;0,0814
3998,00;0,0809
3997,50;0,0806
3997,00;0,0806
3996,50;0,0808
3996,00;0,0810
3995,50;0,0813
3995,00;0,0817
3994,50;0,0821
3994,00;0,0823
3993,50;0,0824
3993,00;0,0821
3992,50;0,0817
3992,00;0,0814
3991,50;0,0814
3991,00;0,0817
3990,50;0,0822
3990,00;0,0826
3989,50;0,0828
3989,00;0,0826
3988,50;0,0820
3988,00;0,0813
3987,50;0,0809
3987,00;0,0807
3986,50;0,0808
3986,00;0,0810
3985,50;0,0813
3985,00;0,0816
3984,50;0,0817
3984,00;0,0817
3983,50;0,0815
3983,00;0,0813
3982,50;0,0813
3982,00;0,0816
3981,50;0,0821
3981,00;0,0826
3980,50;0,0828
3980,00;0,0826
3979,50;0,0821
3979,00;0,0816
3978,50;0,0811
3978,00;0,0808
3977,50;0,0806
3977,00;0,0807
3976,50;0,0810
3976,00;0,0813
3975,50;0,0818
3975,00;0,0822
3974,50;0,0826
3974,00;0,0828
3973,50;0,0829
3973,00;0,0826
3972,50;0,0821
3972,00;0,0815
3971,50;0,0810
3971,00;0,0810
3970,50;0,0814
3970,00;0,0819
3969,50;0,0821
3969,00;0,0820
3968,50;0,0817
3968,00;0,0813
3967,50;0,0808
3967,00;0,0805
3966,50;0,0803
3966,00;0,0804
3965,50;0,0807
3965,00;0,0813
3964,50;0,0819
3964,00;0,0823
3963,50;0,0824
3963,00;0,0822
3962,50;0,0816
3962,00;0,0809
3961,50;0,0802
3961,00;0,0799
3960,50;0,0801
3960,00;0,0805
3959,50;0,0811
3959,00;0,0815
3958,50;0,0817
3958,00;0,0816
3957,50;0,0813
3957,00;0,0809
3956,50;0,0806
3956,00;0,0806
3955,50;0,0808
3955,00;0,0812
3954,50;0,0818
3954,00;0,0822
3953,50;0,0824
3953,00;0,0823
3952,50;0,0819
3952,00;0,0811
3951,50;0,0802
3951,00;0,0795
3950,50;0,0793
3950,00;0,0796
3949,50;0,0804
3949,00;0,0813
3948,50;0,0821
3948,00;0,0822
3947,50;0,0818
3947,00;0,0812
3946,50;0,0809
3946,00;0,0810
3945,50;0,0813
3945,00;0,0816
3944,50;0,0818
3944,00;0,0818
3943,50;0,0817
3943,00;0,0813
3942,50;0,0810
3942,00;0,0807
3941,50;0,0806
3941,00;0,0805
3940,50;0,0805
3940,00;0,0805
3939,50;0,0808
3939,00;0,0811
3938,50;0,0815
3938,00;0,0817
3937,50;0,0819
3937,00;0,0819
3936,50;0,0818
3936,00;0,0815
3935,50;0,0814
3935,00;0,0814
3934,50;0,0815
3934,00;0,0817
3933,50;0,0817
3933,00;0,0816
3932,50;0,0813
3932,00;0,0811
3931,50;0,0811
3931,00;0,0812
3930,50;0,0813
3930,00;0,0814
3929,50;0,0816
3929,00;0,0819
3928,50;0,0822
3928,00;0,0823
3927,50;0,0822
3927,00;0,0819
3926,50;0,0816
3926,00;0,0813
3925,50;0,0808
3925,00;0,0804
3924,50;0,0802
3924,00;0,0806
3923,50;0,0813
3923,00;0,0820
3922,50;0,0824
3922,00;0,0823
3921,50;0,0819
3921,00;0,0812
3920,50;0,0805
3920,00;0,0801
3919,50;0,0803
3919,00;0,0809
3918,50;0,0817
3918,00;0,0821
3917,50;0,0822
3917,00;0,0820
3916,50;0,0818
3916,00;0,0816
3915,50;0,0812
3915,00;0,0807
3914,50;0,0803
3914,00;0,0803
3913,50;0,0808
3913,00;0,0817
3912,50;0,0825
3912,00;0,0829
3911,50;0,0828
3911,00;0,0822
3910,50;0,0814
3910,00;0,0808
3909,50;0,0805
3909,00;0,0808
3908,50;0,0816
3908,00;0,0824
3907,50;0,0828
3907,00;0,0828
3906,50;0,0822
3906,00;0,0815
3905,50;0,0811
3905,00;0,0813
3904,50;0,0817
3904,00;0,0823
3903,50;0,0831
3903,00;0,0837
3902,50;0,0839
3902,00;0,0836
3901,50;0,0833
3901,00;0,0834
3900,50;0,0833
3900,00;0,0825
3899,50;0,0814
3899,00;0,0808
3898,50;0,0812
3898,00;0,0820
3897,50;0,0825
3897,00;0,0824
3896,50;0,0820
3896,00;0,0815
3895,50;0,0810
3895,00;0,0807
3894,50;0,0806
3894,00;0,0808
3893,50;0,0812
3893,00;0,0817
3892,50;0,0822
3892,00;0,0824
3891,50;0,0822
3891,00;0,0820
3890,50;0,0819
3890,00;0,0817
3889,50;0,0813
3889,00;0,0808
3888,50;0,0807
3888,00;0,0813
3887,50;0,0824
3887,00;0,0835
3886,50;0,0839
3886,00;0,0836
3885,50;0,0827
3885,00;0,0821
3884,50;0,0819
3884,00;0,0815
3883,50;0,0812
3883,00;0,0811
3882,50;0,0815
3882,00;0,0820
3881,50;0,0824
3881,00;0,0824
3880,50;0,0821
3880,00;0,0817
3879,50;0,0815
3879,00;0,0813
3878,50;0,0808
3878,00;0,0804
3877,50;0,0802
3877,00;0,0805
3876,50;0,0810
3876,00;0,0816
3875,50;0,0822
3875,00;0,0824
3874,50;0,0822
3874,00;0,0817
3873,50;0,0814
3873,00;0,0815
3872,50;0,0818
3872,00;0,0822
3871,50;0,0826
3871,00;0,0831
3870,50;0,0834
3870,00;0,0832
3869,50;0,0825
3869,00;0,0820
3868,50;0,0816
3868,00;0,0811
3867,50;0,0807
3867,00;0,0808
3866,50;0,0819
3866,00;0,0833
3865,50;0,0844
3865,00;0,0845
3864,50;0,0836
3864,00;0,0824
3863,50;0,0815
3863,00;0,0809
3862,50;0,0807
3862,00;0,0809
3861,50;0,0813
3861,00;0,0819
3860,50;0,0822
3860,00;0,0820
3859,50;0,0813
3859,00;0,0809
3858,50;0,0810
3858,00;0,0818
3857,50;0,0827
3857,00;0,0832
3856,50;0,0835
3856,00;0,0836
3855,50;0,0835
3855,00;0,0832
3854,50;0,0828
3854,00;0,0826
3853,50;0,0832
3853,00;0,0843
3852,50;0,0846
3852,00;0,0842
3851,50;0,0837
3851,00;0,0836
3850,50;0,0832
3850,00;0,0822
3849,50;0,0811
3849,00;0,0805
3848,50;0,0805
3848,00;0,0808
3847,50;0,0811
3847,00;0,0812
3846,50;0,0814
3846,00;0,0818
3845,50;0,0822
3845,00;0,0824
3844,50;0,0821
3844,00;0,0813
3843,50;0,0804
3843,00;0,0801
3842,50;0,0805
3842,00;0,0815
3841,50;0,0826
3841,00;0,0834
3840,50;0,0840
3840,00;0,0844
3839,50;0,0846
3839,00;0,0846
3838,50;0,0841
3838,00;0,0830
3837,50;0,0818
3837,00;0,0814
3836,50;0,0816
3836,00;0,0819
3835,50;0,0820
3835,00;0,0821
3834,50;0,0824
3834,00;0,0831
3833,50;0,0838
3833,00;0,0841
3832,50;0,0838
3832,00;0,0829
3831,50;0,0821
3831,00;0,0816
3830,50;0,0818
3830,00;0,0823
3829,50;0,0826
3829,00;0,0829
3828,50;0,0833
3828,00;0,0838
3827,50;0,0842
3827,00;0,0843
3826,50;0,0838
3826,00;0,0833
3825,50;0,0827
3825,00;0,0823
3824,50;0,0821
3824,00;0,0822
3823,50;0,0825
3823,00;0,0830
3822,50;0,0835
3822,00;0,0840
3821,50;0,0844
3821,00;0,0848
3820,50;0,0854
3820,00;0,0860
3819,50;0,0860
3819,00;0,0852
3818,50;0,0840
3818,00;0,0829
3817,50;0,0821
3817,00;0,0816
3816,50;0,0815
3816,00;0,0816
3815,50;0,0822
3815,00;0,0832
3814,50;0,0838
3814,00;0,0838
3813,50;0,0834
3813,00;0,0831
3812,50;0,0830
3812,00;0,0829
3811,50;0,0826
3811,00;0,0821
3810,50;0,0816
3810,00;0,0814
3809,50;0,0816
3809,00;0,0821
3808,50;0,0826
3808,00;0,0829
3807,50;0,0826
3807,00;0,0819
3806,50;0,0814
3806,00;0,0813
3805,50;0,0815
3805,00;0,0818
3804,50;0,0821
3804,00;0,0827
3803,50;0,0832
3803,00;0,0834
3802,50;0,0833
3802,00;0,0829
3801,50;0,0824
3801,00;0,0820
3800,50;0,0821
3800,00;0,0824
3799,50;0,0824
3799,00;0,0822
3798,50;0,0819
3798,00;0,0816
3797,50;0,0814
3797,00;0,0811
3796,50;0,0811
3796,00;0,0814
3795,50;0,0819
3795,00;0,0824
3794,50;0,0824
3794,00;0,0820
3793,50;0,0814
3793,00;0,0807
3792,50;0,0802
3792,00;0,0800
3791,50;0,0802
3791,00;0,0806
3790,50;0,0809
3790,00;0,0808
3789,50;0,0804
3789,00;0,0799
3788,50;0,0797
3788,00;0,0802
3787,50;0,0812
3787,00;0,0823
3786,50;0,0831
3786,00;0,0830
3785,50;0,0821
3785,00;0,0807
3784,50;0,0794
3784,00;0,0790
3783,50;0,0796
3783,00;0,0808
3782,50;0,0820
3782,00;0,0827
3781,50;0,0827
3781,00;0,0823
3780,50;0,0815
3780,00;0,0806
3779,50;0,0799
3779,00;0,0798
3778,50;0,0802
3778,00;0,0807
3777,50;0,0809
3777,00;0,0809
3776,50;0,0808
3776,00;0,0808
3775,50;0,0809
3775,00;0,0811
3774,50;0,0815
3774,00;0,0818
3773,50;0,0820
3773,00;0,0820
3772,50;0,0818
3772,00;0,0816
3771,50;0,0815
3771,00;0,0816
3770,50;0,0817
3770,00;0,0817
3769,50;0,0818
3769,00;0,0821
3768,50;0,0823
3768,00;0,0824
3767,50;0,0823
3767,00;0,0822
3766,50;0,0820
3766,00;0,0813
3765,50;0,0803
3765,00;0,0796
3764,50;0,0795
3764,00;0,0799
3763,50;0,0806
3763,00;0,0815
3762,50;0,0823
3762,00;0,0829
3761,50;0,0829
3761,00;0,0825
3760,50;0,0818
3760,00;0,0810
3759,50;0,0804
3759,00;0,0804
3758,50;0,0810
3758,00;0,0821
3757,50;0,0831
3757,00;0,0838
3756,50;0,0839
3756,00;0,0837
3755,50;0,0831
3755,00;0,0825
3754,50;0,0820
3754,00;0,0819
3753,50;0,0821
3753,00;0,0823
3752,50;0,0823
3752,00;0,0822
3751,50;0,0826
3751,00;0,0836
3750,50;0,0844
3750,00;0,0846
3749,50;0,0844
3749,00;0,0841
3748,50;0,0841
3748,00;0,0835
3747,50;0,0824
3747,00;0,0814
3746,50;0,0814
3746,00;0,0822
3745,50;0,0834
3745,00;0,0842
3744,50;0,0843
3744,00;0,0843
3743,50;0,0847
3743,00;0,0845
3742,50;0,0839
3742,00;0,0833
3741,50;0,0828
3741,00;0,0826
3740,50;0,0825
3740,00;0,0825
3739,50;0,0825
3739,00;0,0825
3738,50;0,0825
3738,00;0,0826
3737,50;0,0827
3737,00;0,0827
3736,50;0,0830
3736,00;0,0833
3735,50;0,0835
3735,00;0,0832
3734,50;0,0826
3734,00;0,0823
3733,50;0,0826
3733,00;0,0830
3732,50;0,0832
3732,00;0,0834
3731,50;0,0838
3731,00;0,0842
3730,50;0,0842
3730,00;0,0836
3729,50;0,0828
3729,00;0,0822
3728,50;0,0818
3728,00;0,0816
3727,50;0,0813
3727,00;0,0810
3726,50;0,0808
3726,00;0,0808
3725,50;0,0811
3725,00;0,0815
3724,50;0,0819
3724,00;0,0823
3723,50;0,0823
3723,00;0,0820
3722,50;0,0815
3722,00;0,0811
3721,50;0,0814
3721,00;0,0821
3720,50;0,0826
3720,00;0,0826
3719,50;0,0821
3719,00;0,0812
3718,50;0,0804
3718,00;0,0802
3717,50;0,0805
3717,00;0,0810
3716,50;0,0816
3716,00;0,0819
3715,50;0,0816
3715,00;0,0809
3714,50;0,0801
3714,00;0,0798
3713,50;0,0801
3713,00;0,0808
3712,50;0,0814
3712,00;0,0819
3711,50;0,0825
3711,00;0,0832
3710,50;0,0835
3710,00;0,0833
3709,50;0,0829
3709,00;0,0829
3708,50;0,0830
3708,00;0,0829
3707,50;0,0823
3707,00;0,0817
3706,50;0,0815
3706,00;0,0816
3705,50;0,0821
3705,00;0,0827
3704,50;0,0834
3704,00;0,0840
3703,50;0,0844
3703,00;0,0845
3702,50;0,0841
3702,00;0,0832
3701,50;0,0821
3701,00;0,0814
3700,50;0,0813
3700,00;0,0816
3699,50;0,0821
3699,00;0,0827
3698,50;0,0834
3698,00;0,0838
3697,50;0,0838
3697,00;0,0832
3696,50;0,0823
3696,00;0,0815
3695,50;0,0812
3695,00;0,0815
3694,50;0,0820
3694,00;0,0825
3693,50;0,0829
3693,00;0,0832
3692,50;0,0838
3692,00;0,0846
3691,50;0,0855
3691,00;0,0864
3690,50;0,0872
3690,00;0,0881
3689,50;0,0884
3689,00;0,0878
3688,50;0,0863
3688,00;0,0848
3687,50;0,0840
3687,00;0,0835
3686,50;0,0829
3686,00;0,0824
3685,50;0,0820
3685,00;0,0818
3684,50;0,0819
3684,00;0,0821
3683,50;0,0824
3683,00;0,0829
3682,50;0,0832
3682,00;0,0833
3681,50;0,0830
3681,00;0,0823
3680,50;0,0817
3680,00;0,0815
3679,50;0,0818
3679,00;0,0826
3678,50;0,0836
3678,00;0,0845
3677,50;0,0850
3677,00;0,0850
3676,50;0,0851
3676,00;0,0853
3675,50;0,0855
3675,00;0,0858
3674,50;0,0862
3674,00;0,0863
3673,50;0,0860
3673,00;0,0855
3672,50;0,0853
3672,00;0,0853
3671,50;0,0852
3671,00;0,0848
3670,50;0,0842
3670,00;0,0841
3669,50;0,0843
3669,00;0,0843
3668,50;0,0840
3668,00;0,0837
3667,50;0,0835
3667,00;0,0834
3666,50;0,0832
3666,00;0,0832
3665,50;0,0832
3665,00;0,0834
3664,50;0,0835
3664,00;0,0837
3663,50;0,0841
3663,00;0,0845
3662,50;0,0849
3662,00;0,0851
3661,50;0,0850
3661,00;0,0846
3660,50;0,0840
3660,00;0,0835
3659,50;0,0832
3659,00;0,0834
3658,50;0,0839
3658,00;0,0848
3657,50;0,0857
3657,00;0,0861
3656,50;0,0859
3656,00;0,0854
3655,50;0,0851
3655,00;0,0850
3654,50;0,0847
3654,00;0,0845
3653,50;0,0844
3653,00;0,0846
3652,50;0,0849
3652,00;0,0851
3651,50;0,0851
3651,00;0,0850
3650,50;0,0850
3650,00;0,0850
3649,50;0,0849
3649,00;0,0848
3648,50;0,0849
3648,00;0,0852
3647,50;0,0854
3647,00;0,0855
3646,50;0,0858
3646,00;0,0864
3645,50;0,0867
3645,00;0,0862
3644,50;0,0852
3644,00;0,0843
3643,50;0,0838
3643,00;0,0838
3642,50;0,0842
3642,00;0,0847
3641,50;0,0852
3641,00;0,0853
3640,50;0,0852
3640,00;0,0850
3639,50;0,0850
3639,00;0,0853
3638,50;0,0860
3638,00;0,0866
3637,50;0,0868
3637,00;0,0865
3636,50;0,0857
3636,00;0,0850
3635,50;0,0847
3635,00;0,0849
3634,50;0,0853
3634,00;0,0857
3633,50;0,0860
3633,00;0,0864
3632,50;0,0867
3632,00;0,0868
3631,50;0,0866
3631,00;0,0864
3630,50;0,0862
3630,00;0,0860
3629,50;0,0860
3629,00;0,0859
3628,50;0,0860
3628,00;0,0864
3627,50;0,0868
3627,00;0,0871
3626,50;0,0874
3626,00;0,0876
3625,50;0,0875
3625,00;0,0873
3624,50;0,0869
3624,00;0,0865
3623,50;0,0863
3623,00;0,0866
3622,50;0,0871
3622,00;0,0876
3621,50;0,0880
3621,00;0,0882
3620,50;0,0883
3620,00;0,0882
3619,50;0,0881
3619,00;0,0882
3618,50;0,0882
3618,00;0,0880
3617,50;0,0875
3617,00;0,0872
3616,50;0,0874
3616,00;0,0878
3615,50;0,0879
3615,00;0,0878
3614,50;0,0876
3614,00;0,0876
3613,50;0,0877
3613,00;0,0877
3612,50;0,0878
3612,00;0,0881
3611,50;0,0888
3611,00;0,0896
3610,50;0,0899
3610,00;0,0897
3609,50;0,0894
3609,00;0,0893
3608,50;0,0897
3608,00;0,0903
3607,50;0,0907
3607,00;0,0905
3606,50;0,0902
3606,00;0,0898
3605,50;0,0895
3605,00;0,0891
3604,50;0,0887
3604,00;0,0883
3603,50;0,0880
3603,00;0,0881
3602,50;0,0885
3602,00;0,0893
3601,50;0,0901
3601,00;0,0907
3600,50;0,0911
3600,00;0,0912
3599,50;0,0910
3599,00;0,0906
3598,50;0,0899
3598,00;0,0894
3597,50;0,0890
3597,00;0,0891
3596,50;0,0895
3596,00;0,0900
3595,50;0,0903
3595,00;0,0903
3594,50;0,0903
3594,00;0,0903
3593,50;0,0903
3593,00;0,0905
3592,50;0,0910
3592,00;0,0915
3591,50;0,0919
3591,00;0,0920
3590,50;0,0920
3590,00;0,0919
3589,50;0,0917
3589,00;0,0913
3588,50;0,0909
3588,00;0,0907
3587,50;0,0908
3587,00;0,0909
3586,50;0,0909
3586,00;0,0912
3585,50;0,0917
3585,00;0,0921
3584,50;0,0922
3584,00;0,0923
3583,50;0,0924
3583,00;0,0928
3582,50;0,0932
3582,00;0,0934
3581,50;0,0934
3581,00;0,0932
3580,50;0,0927
3580,00;0,0922
3579,50;0,0919
3579,00;0,0920
3578,50;0,0925
3578,00;0,0929
3577,50;0,0931
3577,00;0,0931
3576,50;0,0931
3576,00;0,0934
3575,50;0,0939
3575,00;0,0945
3574,50;0,0950
3574,00;0,0952
3573,50;0,0950
3573,00;0,0947
3572,50;0,0945
3572,00;0,0943
3571,50;0,0944
3571,00;0,0946
3570,50;0,0949
3570,00;0,0951
3569,50;0,0953
3569,00;0,0953
3568,50;0,0951
3568,00;0,0949
3567,50;0,0949
3567,00;0,0950
3566,50;0,0950
3566,00;0,0949
3565,50;0,0951
3565,00;0,0956
3564,50;0,0963
3564,00;0,0970
3563,50;0,0973
3563,00;0,0975
3562,50;0,0975
3562,00;0,0974
3561,50;0,0974
3561,00;0,0974
3560,50;0,0976
3560,00;0,0979
3559,50;0,0983
3559,00;0,0986
3558,50;0,0986
3558,00;0,0984
3557,50;0,0982
3557,00;0,0982
3556,50;0,0984
3556,00;0,0989
3555,50;0,0993
3555,00;0,0995
3554,50;0,0993
3554,00;0,0991
3553,50;0,0990
3553,00;0,0990
3552,50;0,0991
3552,00;0,0991
3551,50;0,0991
3551,00;0,0991
3550,50;0,0992
3550,00;0,0993
3549,50;0,0995
3549,00;0,0998
3548,50;0,1001
3548,00;0,1002
3547,50;0,1002
3547,00;0,1001
3546,50;0,1003
3546,00;0,1004
3545,50;0,1005
3545,00;0,1006
3544,50;0,1010
3544,00;0,1016
3543,50;0,1022
3543,00;0,1025
3542,50;0,1026
3542,00;0,1025
3541,50;0,1023
3541,00;0,1022
3540,50;0,1022
3540,00;0,1023
3539,50;0,1025
3539,00;0,1028
3538,50;0,1031
3538,00;0,1032
3537,50;0,1033
3537,00;0,1033
3536,50;0,1032
3536,00;0,1033
3535,50;0,1035
3535,00;0,1040
3534,50;0,1044
3534,00;0,1046
3533,50;0,1047
3533,00;0,1046
3532,50;0,1046
3532,00;0,1047
3531,50;0,1048
3531,00;0,1050
3530,50;0,1054
3530,00;0,1057
3529,50;0,1058
3529,00;0,1058
3528,50;0,1058
3528,00;0,1059
3527,50;0,1061
3527,00;0,1066
3526,50;0,1071
3526,00;0,1075
3525,50;0,1075
3525,00;0,1073
3524,50;0,1070
3524,00;0,1069
3523,50;0,1071
3523,00;0,1074
3522,50;0,1079
3522,00;0,1083
3521,50;0,1086
3521,00;0,1087
3520,50;0,1088
3520,00;0,1088
3519,50;0,1091
3519,00;0,1095
3518,50;0,1101
3518,00;0,1106
3517,50;0,1108
3517,00;0,1107
3516,50;0,1105
3516,00;0,1104
3515,50;0,1104
3515,00;0,1106
3514,50;0,1108
3514,00;0,1111
3513,50;0,1113
3513,00;0,1116
3512,50;0,1119
3512,00;0,1121
3511,50;0,1122
3511,00;0,1123
3510,50;0,1124
3510,00;0,1124
3509,50;0,1125
3509,00;0,1126
3508,50;0,1129
3508,00;0,1132
3507,50;0,1136
3507,00;0,1139
3506,50;0,1143
3506,00;0,1147
3505,50;0,1151
3505,00;0,1154
3504,50;0,1155
3504,00;0,1154
3503,50;0,1154
3503,00;0,1154
3502,50;0,1154
3502,00;0,1155
3501,50;0,1157
3501,00;0,1159
3500,50;0,1162
3500,00;0,1165
3499,50;0,1168
3499,00;0,1170
3498,50;0,1173
3498,00;0,1176
3497,50;0,1180
3497,00;0,1184
3496,50;0,1187
3496,00;0,1190
3495,50;0,1193
3495,00;0,1197
3494,50;0,1201
3494,00;0,1205
3493,50;0,1208
3493,00;0,1210
3492,50;0,1212
3492,00;0,1215
3491,50;0,1217
3491,00;0,1218
3490,50;0,1219
3490,00;0,1220
3489,50;0,1222
3489,00;0,1224
3488,50;0,1226
3488,00;0,1228
3487,50;0,1229
3487,00;0,1232
3486,50;0,1237
3486,00;0,1244
3485,50;0,1250
3485,00;0,1255
3484,50;0,1256
3484,00;0,1256
3483,50;0,1255
3483,00;0,1257
3482,50;0,1261
3482,00;0,1266
3481,50;0,1271
3481,00;0,1274
3480,50;0,1276
3480,00;0,1279
3479,50;0,1282
3479,00;0,1287
3478,50;0,1291
3478,00;0,1294
3477,50;0,1296
3477,00;0,1299
3476,50;0,1302
3476,00;0,1306
3475,50;0,1310
3475,00;0,1314
3474,50;0,1318
3474,00;0,1323
3473,50;0,1326
3473,00;0,1330
3472,50;0,1335
3472,00;0,1340
3471,50;0,1344
3471,00;0,1346
3470,50;0,1346
3470,00;0,1345
3469,50;0,1346
3469,00;0,1350
3468,50;0,1356
3468,00;0,1364
3467,50;0,1372
3467,00;0,1378
3466,50;0,1382
3466,00;0,1385
3465,50;0,1388
3465,00;0,1391
3464,50;0,1396
3464,00;0,1401
3463,50;0,1406
3463,00;0,1409
3462,50;0,1412
3462,00;0,1416
3461,50;0,1421
3461,00;0,1428
3460,50;0,1434
3460,00;0,1441
3459,50;0,1448
3459,00;0,1455
3458,50;0,1462
3458,00;0,1467
3457,50;0,1470
3457,00;0,1472
3456,50;0,1475
3456,00;0,1479
3455,50;0,1485
3455,00;0,1491
3454,50;0,1497
3454,00;0,1504
3453,50;0,1511
3453,00;0,1519
3452,50;0,1527
3452,00;0,1533
3451,50;0,1537
3451,00;0,1539
3450,50;0,1541
3450,00;0,1544
3449,50;0,1548
3449,00;0,1554
3448,50;0,1560
3448,00;0,1568
3447,50;0,1575
3447,00;0,1583
3446,50;0,1591
3446,00;0,1598
3445,50;0,1604
3445,00;0,1609
3444,50;0,1614
3444,00;0,1622
3443,50;0,1631
3443,00;0,1640
3442,50;0,1649
3442,00;0,1657
3441,50;0,1664
3441,00;0,1671
3440,50;0,1676
3440,00;0,1682
3439,50;0,1686
3439,00;0,1690
3438,50;0,1694
3438,00;0,1699
3437,50;0,1705
3437,00;0,1715
3436,50;0,1725
3436,00;0,1736
3435,50;0,1744
3435,00;0,1750
3434,50;0,1755
3434,00;0,1760
3433,50;0,1766
3433,00;0,1773
3432,50;0,1780
3432,00;0,1786
3431,50;0,1792
3431,00;0,1800
3430,50;0,1810
3430,00;0,1820
3429,50;0,1831
3429,00;0,1842
3428,50;0,1851
3428,00;0,1858
3427,50;0,1862
3427,00;0,1866
3426,50;0,1871
3426,00;0,1878
3425,50;0,1885
3425,00;0,1892
3424,50;0,1899
3424,00;0,1909
3423,50;0,1921
3423,00;0,1931
3422,50;0,1938
3422,00;0,1943
3421,50;0,1948
3421,00;0,1954
3420,50;0,1961
3420,00;0,1969
3419,50;0,1977
3419,00;0,1983
3418,50;0,1990
3418,00;0,1998
3417,50;0,2007
3417,00;0,2016
3416,50;0,2025
3416,00;0,2031
3415,50;0,2036
3415,00;0,2041
3414,50;0,2049
3414,00;0,2058
3413,50;0,2068
3413,00;0,2077
3412,50;0,2085
3412,00;0,2095
3411,50;0,2105
3411,00;0,2114
3410,50;0,2119
3410,00;0,2122
3409,50;0,2126
3409,00;0,2131
3408,50;0,2138
3408,00;0,2147
3407,50;0,2157
3407,00;0,2168
3406,50;0,2178
3406,00;0,2186
3405,50;0,2191
3405,00;0,2193
3404,50;0,2195
3404,00;0,2199
3403,50;0,2206
3403,00;0,2216
3402,50;0,2228
3402,00;0,2239
3401,50;0,2249
3401,00;0,2257
3400,50;0,2264
3400,00;0,2270
3399,50;0,2276
3399,00;0,2283
3398,50;0,2292
3398,00;0,2300
3397,50;0,2304
3397,00;0,2306
3396,50;0,2306
3396,00;0,2310
3395,50;0,2318
3395,00;0,2328
3394,50;0,2339
3394,00;0,2349
3393,50;0,2357
3393,00;0,2363
3392,50;0,2369
3392,00;0,2374
3391,50;0,2379
3391,00;0,2386
3390,50;0,2395
3390,00;0,2406
3389,50;0,2415
3389,00;0,2421
3388,50;0,2424
3388,00;0,2426
3387,50;0,2431
3387,00;0,2437
3386,50;0,2444
3386,00;0,2452
3385,50;0,2460
3385,00;0,2467
3384,50;0,2472
3384,00;0,2475
3383,50;0,2476
3383,00;0,2479
3382,50;0,2485
3382,00;0,2494
3381,50;0,2503
3381,00;0,2510
3380,50;0,2512
3380,00;0,2513
3379,50;0,2515
3379,00;0,2520
3378,50;0,2527
3378,00;0,2537
3377,50;0,2548
3377,00;0,2557
3376,50;0,2565
3376,00;0,2573
3375,50;0,2580
3375,00;0,2586
3374,50;0,2589
3374,00;0,2589
3373,50;0,2587
3373,00;0,2587
3372,50;0,2588
3372,00;0,2591
3371,50;0,2596
3371,00;0,2602
3370,50;0,2607
3370,00;0,2611
3369,50;0,2614
3369,00;0,2617
3368,50;0,2620
3368,00;0,2623
3367,50;0,2627
3367,00;0,2631
3366,50;0,2636
3366,00;0,2641
3365,50;0,2646
3365,00;0,2652
3364,50;0,2659
3364,00;0,2668
3363,50;0,2676
3363,00;0,2680
3362,50;0,2681
3362,00;0,2679
3361,50;0,2677
3361,00;0,2676
3360,50;0,2677
3360,00;0,2680
3359,50;0,2685
3359,00;0,2691
3358,50;0,2698
3358,00;0,2703
3357,50;0,2708
3357,00;0,2711
3356,50;0,2715
3356,00;0,2718
3355,50;0,2721
3355,00;0,2725
3354,50;0,2730
3354,00;0,2737
3353,50;0,2743
3353,00;0,2750
3352,50;0,2756
3352,00;0,2761
3351,50;0,2766
3351,00;0,2769
3350,50;0,2771
3350,00;0,2774
3349,50;0,2777
3349,00;0,2780
3348,50;0,2783
3348,00;0,2787
3347,50;0,2791
3347,00;0,2795
3346,50;0,2799
3346,00;0,2801
3345,50;0,2801
3345,00;0,2802
3344,50;0,2804
3344,00;0,2808
3343,50;0,2812
3343,00;0,2816
3342,50;0,2819
3342,00;0,2820
3341,50;0,2822
3341,00;0,2825
3340,50;0,2830
3340,00;0,2837
3339,50;0,2845
3339,00;0,2852
3338,50;0,2858
3338,00;0,2861
3337,50;0,2864
3337,00;0,2865
3336,50;0,2866
3336,00;0,2869
3335,50;0,2874
3335,00;0,2882
3334,50;0,2891
3334,00;0,2898
3333,50;0,2904
3333,00;0,2909
3332,50;0,2913
3332,00;0,2917
3331,50;0,2920
3331,00;0,2923
3330,50;0,2927
3330,00;0,2932
3329,50;0,2937
3329,00;0,2942
3328,50;0,2947
3328,00;0,2949
3327,50;0,2951
3327,00;0,2954
3326,50;0,2959
3326,00;0,2966
3325,50;0,2974
3325,00;0,2983
3324,50;0,2991
3324,00;0,2998
3323,50;0,3003
3323,00;0,3006
3322,50;0,3010
3322,00;0,3013
3321,50;0,3018
3321,00;0,3023
3320,50;0,3029
3320,00;0,3036
3319,50;0,3043
3319,00;0,3050
3318,50;0,3058
3318,00;0,3066
3317,50;0,3073
3317,00;0,3078
3316,50;0,3082
3316,00;0,3087
3315,50;0,3092
3315,00;0,3099
3314,50;0,3105
3314,00;0,3113
3313,50;0,3122
3313,00;0,3131
3312,50;0,3138
3312,00;0,3144
3311,50;0,3150
3311,00;0,3156
3310,50;0,3163
3310,00;0,3169
3309,50;0,3176
3309,00;0,3183
3308,50;0,3189
3308,00;0,3195
3307,50;0,3201
3307,00;0,3206
3306,50;0,3211
3306,00;0,3217
3305,50;0,3225
3305,00;0,3235
3304,50;0,3244
3304,00;0,3254
3303,50;0,3265
3303,00;0,3278
3302,50;0,3292
3302,00;0,3304
3301,50;0,3313
3301,00;0,3320
3300,50;0,3327
3300,00;0,3335
3299,50;0,3343
3299,00;0,3351
3298,50;0,3358
3298,00;0,3367
3297,50;0,3379
3297,00;0,3394
3296,50;0,3409
3296,00;0,3421
3295,50;0,3432
3295,00;0,3440
3294,50;0,3449
3294,00;0,3459
3293,50;0,3471
3293,00;0,3484
3292,50;0,3496
3292,00;0,3506
3291,50;0,3511
3291,00;0,3515
3290,50;0,3517
3290,00;0,3520
3289,50;0,3527
3289,00;0,3538
3288,50;0,3552
3288,00;0,3566
3287,50;0,3577
3287,00;0,3585
3286,50;0,3592
3286,00;0,3600
3285,50;0,3610
3285,00;0,3622
3284,50;0,3632
3284,00;0,3639
3283,50;0,3646
3283,00;0,3655
3282,50;0,3668
3282,00;0,3682
3281,50;0,3695
3281,00;0,3706
3280,50;0,3718
3280,00;0,3729
3279,50;0,3740
3279,00;0,3751
3278,50;0,3764
3278,00;0,3779
3277,50;0,3793
3277,00;0,3804
3276,50;0,3813
3276,00;0,3820
3275,50;0,3829
3275,00;0,3842
3274,50;0,3859
3274,00;0,3878
3273,50;0,3894
3273,00;0,3906
3272,50;0,3917
3272,00;0,3927
3271,50;0,3938
3271,00;0,3950
3270,50;0,3961
3270,00;0,3974
3269,50;0,3988
3269,00;0,4003
3268,50;0,4018
3268,00;0,4033
3267,50;0,4047
3267,00;0,4061
3266,50;0,4075
3266,00;0,4087
3265,50;0,4100
3265,00;0,4114
3264,50;0,4130
3264,00;0,4147
3263,50;0,4163
3263,00;0,4180
3262,50;0,4195
3262,00;0,4210
3261,50;0,4223
3261,00;0,4234
3260,50;0,4243
3260,00;0,4253
3259,50;0,4265
3259,00;0,4278
3258,50;0,4291
3258,00;0,4304
3257,50;0,4316
3257,00;0,4329
3256,50;0,4344
3256,00;0,4361
3255,50;0,4378
3255,00;0,4392
3254,50;0,4404
3254,00;0,4415
3253,50;0,4426
3253,00;0,4438
3252,50;0,4452
3252,00;0,4463
3251,50;0,4473
3251,00;0,4479
3250,50;0,4485
3250,00;0,4490
3249,50;0,4499
3249,00;0,4511
3248,50;0,4526
3248,00;0,4540
3247,50;0,4551
3247,00;0,4557
3246,50;0,4560
3246,00;0,4566
3245,50;0,4577
3245,00;0,4589
3244,50;0,4598
3244,00;0,4602
3243,50;0,4605
3243,00;0,4606
3242,50;0,4609
3242,00;0,4614
3241,50;0,4619
3241,00;0,4625
3240,50;0,4633
3240,00;0,4641
3239,50;0,4645
3239,00;0,4643
3238,50;0,4636
3238,00;0,4629
3237,50;0,4625
3237,00;0,4625
3236,50;0,4628
3236,00;0,4629
3235,50;0,4628
3235,00;0,4624
3234,50;0,4619
3234,00;0,4615
3233,50;0,4612
3233,00;0,4608
3232,50;0,4602
3232,00;0,4596
3231,50;0,4591
3231,00;0,4589
3230,50;0,4591
3230,00;0,4592
3229,50;0,4590
3229,00;0,4583
3228,50;0,4573
3228,00;0,4562
3227,50;0,4551
3227,00;0,4542
3226,50;0,4536
3226,00;0,4533
3225,50;0,4532
3225,00;0,4532
3224,50;0,4530
3224,00;0,4527
3223,50;0,4523
3223,00;0,4519
3222,50;0,4513
3222,00;0,4503
3221,50;0,4490
3221,00;0,4478
3220,50;0,4470
3220,00;0,4466
3219,50;0,4464
3219,00;0,4462
3218,50;0,4459
3218,00;0,4455
3217,50;0,4450
3217,00;0,4446
3216,50;0,4441
3216,00;0,4436
3215,50;0,4428
3215,00;0,4419
3214,50;0,4414
3214,00;0,4412
3213,50;0,4412
3213,00;0,4411
3212,50;0,4406
3212,00;0,4400
3211,50;0,4391
3211,00;0,4381
3210,50;0,4372
3210,00;0,4366
3209,50;0,4362
3209,00;0,4360
3208,50;0,4357
3208,00;0,4356
3207,50;0,4354
3207,00;0,4351
3206,50;0,4344
3206,00;0,4334
3205,50;0,4326
3205,00;0,4320
3204,50;0,4315
3204,00;0,4307
3203,50;0,4299
3203,00;0,4292
3202,50;0,4289
3202,00;0,4288
3201,50;0,4285
3201,00;0,4280
3200,50;0,4274
3200,00;0,4269
3199,50;0,4266
3199,00;0,4266
3198,50;0,4267
3198,00;0,4268
3197,50;0,4267
3197,00;0,4263
3196,50;0,4258
3196,00;0,4251
3195,50;0,4246
3195,00;0,4243
3194,50;0,4239
3194,00;0,4233
3193,50;0,4223
3193,00;0,4212
3192,50;0,4203
3192,00;0,4196
3191,50;0,4190
3191,00;0,4185
3190,50;0,4181
3190,00;0,4177
3189,50;0,4172
3189,00;0,4167
3188,50;0,4161
3188,00;0,4155
3187,50;0,4152
3187,00;0,4153
3186,50;0,4155
3186,00;0,4154
3185,50;0,4150
3185,00;0,4143
3184,50;0,4138
3184,00;0,4134
3183,50;0,4132
3183,00;0,4128
3182,50;0,4122
3182,00;0,4115
3181,50;0,4109
3181,00;0,4107
3180,50;0,4109
3180,00;0,4111
3179,50;0,4110
3179,00;0,4105
3178,50;0,4100
3178,00;0,4097
3177,50;0,4096
3177,00;0,4096
3176,50;0,4094
3176,00;0,4090
3175,50;0,4086
3175,00;0,4082
3174,50;0,4080
3174,00;0,4079
3173,50;0,4078
3173,00;0,4076
3172,50;0,4072
3172,00;0,4069
3171,50;0,4066
3171,00;0,4065
3170,50;0,4063
3170,00;0,4060
3169,50;0,4058
3169,00;0,4056
3168,50;0,4053
3168,00;0,4050
3167,50;0,4048
3167,00;0,4048
3166,50;0,4048
3166,00;0,4048
3165,50;0,4044
3165,00;0,4037
3164,50;0,4028
3164,00;0,4020
3163,50;0,4015
3163,00;0,4015
3162,50;0,4017
3162,00;0,4019
3161,50;0,4020
3161,00;0,4019
3160,50;0,4014
3160,00;0,4008
3159,50;0,4000
3159,00;0,3995
3158,50;0,3994
3158,00;0,3995
3157,50;0,3996
3157,00;0,3992
3156,50;0,3985
3156,00;0,3974
3155,50;0,3964
3155,00;0,3959
3154,50;0,3959
3154,00;0,3960
3153,50;0,3962
3153,00;0,3961
3152,50;0,3957
3152,00;0,3953
3151,50;0,3948
3151,00;0,3944
3150,50;0,3940
3150,00;0,3935
3149,50;0,3929
3149,00;0,3922
3148,50;0,3916
3148,00;0,3913
3147,50;0,3910
3147,00;0,3907
3146,50;0,3903
3146,00;0,3898
3145,50;0,3891
3145,00;0,3883
3144,50;0,3878
3144,00;0,3875
3143,50;0,3874
3143,00;0,3871
3142,50;0,3866
3142,00;0,3858
3141,50;0,3849
3141,00;0,3840
3140,50;0,3831
3140,00;0,3822
3139,50;0,3814
3139,00;0,3806
3138,50;0,3800
3138,00;0,3795
3137,50;0,3790
3137,00;0,3785
3136,50;0,3779
3136,00;0,3770
3135,50;0,3760
3135,00;0,3752
3134,50;0,3746
3134,00;0,3742
3133,50;0,3737
3133,00;0,3730
3132,50;0,3722
3132,00;0,3715
3131,50;0,3707
3131,00;0,3698
3130,50;0,3689
3130,00;0,3680
3129,50;0,3670
3129,00;0,3661
3128,50;0,3652
3128,00;0,3643
3127,50;0,3634
3127,00;0,3623
3126,50;0,3613
3126,00;0,3602
3125,50;0,3593
3125,00;0,3583
3124,50;0,3574
3124,00;0,3565
3123,50;0,3556
3123,00;0,3546
3122,50;0,3535
3122,00;0,3525
3121,50;0,3515
3121,00;0,3506
3120,50;0,3499
3120,00;0,3492
3119,50;0,3483
3119,00;0,3473
3118,50;0,3462
3118,00;0,3451
3117,50;0,3438
3117,00;0,3425
3116,50;0,3414
3116,00;0,3405
3115,50;0,3398
3115,00;0,3390
3114,50;0,3379
3114,00;0,3365
3113,50;0,3350
3113,00;0,3336
3112,50;0,3325
3112,00;0,3316
3111,50;0,3307
3111,00;0,3296
3110,50;0,3283
3110,00;0,3270
3109,50;0,3258
3109,00;0,3247
3108,50;0,3237
3108,00;0,3228
3107,50;0,3219
3107,00;0,3210
3106,50;0,3199
3106,00;0,3186
3105,50;0,3173
3105,00;0,3160
3104,50;0,3146
3104,00;0,3133
3103,50;0,3121
3103,00;0,3109
3102,50;0,3098
3102,00;0,3087
3101,50;0,3076
3101,00;0,3064
3100,50;0,3054
3100,00;0,3044
3099,50;0,3035
3099,00;0,3024
3098,50;0,3011
3098,00;0,2997
3097,50;0,2983
3097,00;0,2972
3096,50;0,2962
3096,00;0,2954
3095,50;0,2946
3095,00;0,2935
3094,50;0,2921
3094,00;0,2907
3093,50;0,2893
3093,00;0,2881
3092,50;0,2869
3092,00;0,2859
3091,50;0,2848
3091,00;0,2837
3090,50;0,2825
3090,00;0,2811
3089,50;0,2798
3089,00;0,2786
3088,50;0,2775
3088,00;0,2766
3087,50;0,2757
3087,00;0,2745
3086,50;0,2732
3086,00;0,2719
3085,50;0,2707
3085,00;0,2697
3084,50;0,2687
3084,00;0,2677
3083,50;0,2667
3083,00;0,2657
3082,50;0,2647
3082,00;0,2637
3081,50;0,2626
3081,00;0,2613
3080,50;0,2601
3080,00;0,2590
3079,50;0,2580
3079,00;0,2572
3078,50;0,2562
3078,00;0,2551
3077,50;0,2540
3077,00;0,2530
3076,50;0,2521
3076,00;0,2511
3075,50;0,2501
3075,00;0,2489
3074,50;0,2477
3074,00;0,2465
3073,50;0,2452
3073,00;0,2441
3072,50;0,2430
3072,00;0,2421
3071,50;0,2412
3071,00;0,2403
3070,50;0,2394
3070,00;0,2383
3069,50;0,2373
3069,00;0,2365
3068,50;0,2360
3068,00;0,2355
3067,50;0,2347
3067,00;0,2336
3066,50;0,2323
3066,00;0,2310
3065,50;0,2298
3065,00;0,2289
3064,50;0,2280
3064,00;0,2272
3063,50;0,2264
3063,00;0,2256
3062,50;0,2246
3062,00;0,2237
3061,50;0,2226
3061,00;0,2216
3060,50;0,2206
3060,00;0,2197
3059,50;0,2188
3059,00;0,2179
3058,50;0,2169
3058,00;0,2158
3057,50;0,2148
3057,00;0,2139
3056,50;0,2130
3056,00;0,2123
3055,50;0,2117
3055,00;0,2111
3054,50;0,2105
3054,00;0,2096
3053,50;0,2086
3053,00;0,2077
3052,50;0,2070
3052,00;0,2064
3051,50;0,2059
3051,00;0,2054
3050,50;0,2046
3050,00;0,2037
3049,50;0,2027
3049,00;0,2017
3048,50;0,2008
3048,00;0,1999
3047,50;0,1992
3047,00;0,1985
3046,50;0,1979
3046,00;0,1972
3045,50;0,1965
3045,00;0,1958
3044,50;0,1951
3044,00;0,1945
3043,50;0,1938
3043,00;0,1930
3042,50;0,1921
3042,00;0,1912
3041,50;0,1905
3041,00;0,1901
3040,50;0,1898
3040,00;0,1895
3039,50;0,1889
3039,00;0,1881
3038,50;0,1872
3038,00;0,1864
3037,50;0,1858
3037,00;0,1852
3036,50;0,1847
3036,00;0,1842
3035,50;0,1836
3035,00;0,1830
3034,50;0,1824
3034,00;0,1820
3033,50;0,1815
3033,00;0,1811
3032,50;0,1807
3032,00;0,1802
3031,50;0,1797
3031,00;0,1790
3030,50;0,1781
3030,00;0,1773
3029,50;0,1766
3029,00;0,1759
3028,50;0,1753
3028,00;0,1749
3027,50;0,1746
3027,00;0,1743
3026,50;0,1739
3026,00;0,1735
3025,50;0,1730
3025,00;0,1725
3024,50;0,1719
3024,00;0,1714
3023,50;0,1710
3023,00;0,1707
3022,50;0,1704
3022,00;0,1699
3021,50;0,1694
3021,00;0,1688
3020,50;0,1684
3020,00;0,1680
3019,50;0,1677
3019,00;0,1672
3018,50;0,1667
3018,00;0,1661
3017,50;0,1655
3017,00;0,1651
3016,50;0,1648
3016,00;0,1644
3015,50;0,1639
3015,00;0,1633
3014,50;0,1627
3014,00;0,1622
3013,50;0,1617
3013,00;0,1613
3012,50;0,1608
3012,00;0,1604
3011,50;0,1601
3011,00;0,1599
3010,50;0,1596
3010,00;0,1594
3009,50;0,1591
3009,00;0,1588
3008,50;0,1584
3008,00;0,1581
3007,50;0,1578
3007,00;0,1574
3006,50;0,1570
3006,00;0,1565
3005,50;0,1561
3005,00;0,1558
3004,50;0,1555
3004,00;0,1552
3003,50;0,1548
3003,00;0,1544
3002,50;0,1540
3002,00;0,1536
3001,50;0,1532
3001,00;0,1529
3000,50;0,1526
3000,00;0,1525
2999,50;0,1524
2999,00;0,1521
2998,50;0,1516
2998,00;0,1509
2997,50;0,1500
2997,00;0,1494
2996,50;0,1491
2996,00;0,1491
2995,50;0,1491
2995,00;0,1490
2994,50;0,1487
2994,00;0,1483
2993,50;0,1480
2993,00;0,1476
2992,50;0,1472
2992,00;0,1469
2991,50;0,1467
2991,00;0,1465
2990,50;0,1463
2990,00;0,1461
2989,50;0,1458
2989,00;0,1455
2988,50;0,1451
2988,00;0,1447
2987,50;0,1443
2987,00;0,1440
2986,50;0,1437
2986,00;0,1436
2985,50;0,1434
2985,00;0,1431
2984,50;0,1428
2984,00;0,1426
2983,50;0,1423
2983,00;0,1421
2982,50;0,1418
2982,00;0,1415
2981,50;0,1412
2981,00;0,1408
2980,50;0,1405
2980,00;0,1401
2979,50;0,1399
2979,00;0,1396
2978,50;0,1392
2978,00;0,1389
2977,50;0,1385
2977,00;0,1382
2976,50;0,1381
2976,00;0,1380
2975,50;0,1378
2975,00;0,1376
2974,50;0,1373
2974,00;0,1370
2973,50;0,1367
2973,00;0,1363
2972,50;0,1359
2972,00;0,1356
2971,50;0,1354
2971,00;0,1354
2970,50;0,1354
2970,00;0,1354
2969,50;0,1352
2969,00;0,1350
2968,50;0,1346
2968,00;0,1341
2967,50;0,1338
2967,00;0,1336
2966,50;0,1334
2966,00;0,1333
2965,50;0,1331
2965,00;0,1327
2964,50;0,1323
2964,00;0,1320
2963,50;0,1318
2963,00;0,1318
2962,50;0,1319
2962,00;0,1317
2961,50;0,1313
2961,00;0,1308
2960,50;0,1304
2960,00;0,1303
2959,50;0,1303
2959,00;0,1302
2958,50;0,1299
2958,00;0,1295
2957,50;0,1291
2957,00;0,1287
2956,50;0,1283
2956,00;0,1279
2955,50;0,1277
2955,00;0,1274
2954,50;0,1271
2954,00;0,1267
2953,50;0,1263
2953,00;0,1261
2952,50;0,1259
2952,00;0,1257
2951,50;0,1255
2951,00;0,1252
2950,50;0,1249
2950,00;0,1245
2949,50;0,1242
2949,00;0,1239
2948,50;0,1238
2948,00;0,1237
2947,50;0,1236
2947,00;0,1235
2946,50;0,1232
2946,00;0,1229
2945,50;0,1227
2945,00;0,1227
2944,50;0,1227
2944,00;0,1227
2943,50;0,1226
2943,00;0,1225
2942,50;0,1222
2942,00;0,1219
2941,50;0,1216
2941,00;0,1214
2940,50;0,1213
2940,00;0,1212
2939,50;0,1212
2939,00;0,1212
2938,50;0,1212
2938,00;0,1212
2937,50;0,1212
2937,00;0,1212
2936,50;0,1210
2936,00;0,1207
2935,50;0,1204
2935,00;0,1202
2934,50;0,1200
2934,00;0,1199
2933,50;0,1198
2933,00;0,1197
2932,50;0,1196
2932,00;0,1195
2931,50;0,1194
2931,00;0,1193
2930,50;0,1190
2930,00;0,1186
2929,50;0,1183
2929,00;0,1180
2928,50;0,1179
2928,00;0,1179
2927,50;0,1178
2927,00;0,1178
2926,50;0,1178
2926,00;0,1178
2925,50;0,1176
2925,00;0,1174
2924,50;0,1170
2924,00;0,1166
2923,50;0,1162
2923,00;0,1159
2922,50;0,1157
2922,00;0,1157
2921,50;0,1156
2921,00;0,1155
2920,50;0,1153
2920,00;0,1151
2919,50;0,1150
2919,00;0,1150
2918,50;0,1150
2918,00;0,1151
2917,50;0,1151
2917,00;0,1152
2916,50;0,1153
2916,00;0,1155
2915,50;0,1157
2915,00;0,1158
2914,50;0,1159
2914,00;0,1159
2913,50;0,1157
2913,00;0,1155
2912,50;0,1151
2912,00;0,1148
2911,50;0,1145
2911,00;0,1144
2910,50;0,1142
2910,00;0,1140
2909,50;0,1136
2909,00;0,1131
2908,50;0,1128
2908,00;0,1125
2907,50;0,1124
2907,00;0,1124
2906,50;0,1123
2906,00;0,1122
2905,50;0,1122
2905,00;0,1122
2904,50;0,1121
2904,00;0,1119
2903,50;0,1116
2903,00;0,1114
2902,50;0,1114
2902,00;0,1115
2901,50;0,1115
2901,00;0,1114
2900,50;0,1111
2900,00;0,1108
2899,50;0,1105
2899,00;0,1102
2898,50;0,1101
2898,00;0,1100
2897,50;0,1101
2897,00;0,1101
2896,50;0,1100
2896,00;0,1100
2895,50;0,1099
2895,00;0,1097
2894,50;0,1095
2894,00;0,1093
2893,50;0,1092
2893,00;0,1092
2892,50;0,1090
2892,00;0,1088
2891,50;0,1087
2891,00;0,1085
2890,50;0,1084
2890,00;0,1083
2889,50;0,1081
2889,00;0,1081
2888,50;0,1080
2888,00;0,1079
2887,50;0,1077
2887,00;0,1076
2886,50;0,1076
2886,00;0,1077
2885,50;0,1078
2885,00;0,1078
2884,50;0,1079
2884,00;0,1079
2883,50;0,1078
2883,00;0,1076
2882,50;0,1074
2882,00;0,1071
2881,50;0,1069
2881,00;0,1068
2880,50;0,1068
2880,00;0,1067
2879,50;0,1067
2879,00;0,1066
2878,50;0,1066
2878,00;0,1065
2877,50;0,1065
2877,00;0,1066
2876,50;0,1066
2876,00;0,1066
2875,50;0,1065
2875,00;0,1063
2874,50;0,1060
2874,00;0,1058
2873,50;0,1057
2873,00;0,1055
2872,50;0,1054
2872,00;0,1053
2871,50;0,1052
2871,00;0,1052
2870,50;0,1050
2870,00;0,1048
2869,50;0,1045
2869,00;0,1042
2868,50;0,1039
2868,00;0,1037
2867,50;0,1038
2867,00;0,1039
2866,50;0,1041
2866,00;0,1042
2865,50;0,1042
2865,00;0,1041
2864,50;0,1040
2864,00;0,1040
2863,50;0,1041
2863,00;0,1042
2862,50;0,1044
2862,00;0,1044
2861,50;0,1043
2861,00;0,1040
2860,50;0,1037
2860,00;0,1034
2859,50;0,1033
2859,00;0,1031
2858,50;0,1030
2858,00;0,1030
2857,50;0,1029
2857,00;0,1029
2856,50;0,1028
2856,00;0,1026
2855,50;0,1023
2855,00;0,1021
2854,50;0,1020
2854,00;0,1019
2853,50;0,1019
2853,00;0,1018
2852,50;0,1017
2852,00;0,1015
2851,50;0,1014
2851,00;0,1014
2850,50;0,1017
2850,00;0,1021
2849,50;0,1025
2849,00;0,1027
2848,50;0,1028
2848,00;0,1028
2847,50;0,1030
2847,00;0,1032
2846,50;0,1032
2846,00;0,1031
2845,50;0,1028
2845,00;0,1025
2844,50;0,1022
2844,00;0,1020
2843,50;0,1019
2843,00;0,1017
2842,50;0,1015
2842,00;0,1013
2841,50;0,1011
2841,00;0,1009
2840,50;0,1008
2840,00;0,1007
2839,50;0,1007
2839,00;0,1007
2838,50;0,1007
2838,00;0,1007
2837,50;0,1006
2837,00;0,1006
2836,50;0,1006
2836,00;0,1007
2835,50;0,1008
2835,00;0,1009
2834,50;0,1010
2834,00;0,1009
2833,50;0,1007
2833,00;0,1004
2832,50;0,1001
2832,00;0,0999
2831,50;0,0999
2831,00;0,1000
2830,50;0,1000
2830,00;0,1001
2829,50;0,1001
2829,00;0,1001
2828,50;0,1001
2828,00;0,1001
2827,50;0,1001
2827,00;0,1000
2826,50;0,1000
2826,00;0,0999
2825,50;0,0999
2825,00;0,0998
2824,50;0,0997
2824,00;0,0995
2823,50;0,0994
2823,00;0,0994
2822,50;0,0995
2822,00;0,0996
2821,50;0,0995
2821,00;0,0994
2820,50;0,0992
2820,00;0,0991
2819,50;0,0991
2819,00;0,0992
2818,50;0,0993
2818,00;0,0993
2817,50;0,0993
2817,00;0,0992
2816,50;0,0990
2816,00;0,0988
2815,50;0,0987
2815,00;0,0986
2814,50;0,0986
2814,00;0,0987
2813,50;0,0988
2813,00;0,0989
2812,50;0,0989
2812,00;0,0989
2811,50;0,0988
2811,00;0,0988
2810,50;0,0987
2810,00;0,0986
2809,50;0,0985
2809,00;0,0983
2808,50;0,0982
2808,00;0,0982
2807,50;0,0982
2807,00;0,0983
2806,50;0,0984
2806,00;0,0984
2805,50;0,0982
2805,00;0,0981
2804,50;0,0980
2804,00;0,0979
2803,50;0,0980
2803,00;0,0980
2802,50;0,0980
2802,00;0,0979
2801,50;0,0978
2801,00;0,0977
2800,50;0,0976
2800,00;0,0976
2799,50;0,0977
2799,00;0,0977
2798,50;0,0977
2798,00;0,0977
2797,50;0,0977
2797,00;0,0978
2796,50;0,0978
2796,00;0,0978
2795,50;0,0977
2795,00;0,0975
2794,50;0,0973
2794,00;0,0972
2793,50;0,0972
2793,00;0,0973
2792,50;0,0974
2792,00;0,0975
2791,50;0,0976
2791,00;0,0976
2790,50;0,0975
2790,00;0,0974
2789,50;0,0971
2789,00;0,0969
2788,50;0,0968
2788,00;0,0969
2787,50;0,0970
2787,00;0,0970
2786,50;0,0970
2786,00;0,0969
2785,50;0,0968
2785,00;0,0968
2784,50;0,0968
2784,00;0,0967
2783,50;0,0967
2783,00;0,0967
2782,50;0,0967
2782,00;0,0968
2781,50;0,0968
2781,00;0,0969
2780,50;0,0969
2780,00;0,0968
2779,50;0,0967
2779,00;0,0965
2778,50;0,0963
2778,00;0,0962
2777,50;0,0962
2777,00;0,0962
2776,50;0,0962
2776,00;0,0963
2775,50;0,0963
2775,00;0,0964
2774,50;0,0964
2774,00;0,0964
2773,50;0,0965
2773,00;0,0965
2772,50;0,0966
2772,00;0,0966
2771,50;0,0966
2771,00;0,0966
2770,50;0,0966
2770,00;0,0967
2769,50;0,0967
2769,00;0,0966
2768,50;0,0964
2768,00;0,0962
2767,50;0,0959
2767,00;0,0958
2766,50;0,0958
2766,00;0,0959
2765,50;0,0961
2765,00;0,0962
2764,50;0,0962
2764,00;0,0962
2763,50;0,0961
2763,00;0,0959
2762,50;0,0959
2762,00;0,0959
2761,50;0,0960
2761,00;0,0961
2760,50;0,0962
2760,00;0,0963
2759,50;0,0963
2759,00;0,0961
2758,50;0,0960
2758,00;0,0961
2757,50;0,0962
2757,00;0,0963
2756,50;0,0963
2756,00;0,0962
2755,50;0,0962
2755,00;0,0963
2754,50;0,0961
2754,00;0,0959
2753,50;0,0956
2753,00;0,0955
2752,50;0,0955
2752,00;0,0956
2751,50;0,0956
2751,00;0,0956
2750,50;0,0957
2750,00;0,0958
2749,50;0,0959
2749,00;0,0960
2748,50;0,0960
2748,00;0,0960
2747,50;0,0959
2747,00;0,0959
2746,50;0,0959
2746,00;0,0960
2745,50;0,0960
2745,00;0,0959
2744,50;0,0959
2744,00;0,0958
2743,50;0,0958
2743,00;0,0956
2742,50;0,0955
2742,00;0,0953
2741,50;0,0953
2741,00;0,0953
2740,50;0,0953
2740,00;0,0953
2739,50;0,0952
2739,00;0,0951
2738,50;0,0950
2738,00;0,0950
2737,50;0,0950
2737,00;0,0951
2736,50;0,0951
2736,00;0,0951
2735,50;0,0950
2735,00;0,0950
2734,50;0,0951
2734,00;0,0952
2733,50;0,0954
2733,00;0,0956
2732,50;0,0957
2732,00;0,0957
2731,50;0,0956
2731,00;0,0955
2730,50;0,0953
2730,00;0,0952
2729,50;0,0951
2729,00;0,0950
2728,50;0,0949
2728,00;0,0949
2727,50;0,0950
2727,00;0,0951
2726,50;0,0952
2726,00;0,0951
2725,50;0,0951
2725,00;0,0951
2724,50;0,0951
2724,00;0,0951
2723,50;0,0951
2723,00;0,0951
2722,50;0,0951
2722,00;0,0951
2721,50;0,0951
2721,00;0,0950
2720,50;0,0949
2720,00;0,0947
2719,50;0,0947
2719,00;0,0948
2718,50;0,0949
2718,00;0,0950
2717,50;0,0951
2717,00;0,0951
2716,50;0,0950
2716,00;0,0949
2715,50;0,0948
2715,00;0,0947
2714,50;0,0947
2714,00;0,0947
2713,50;0,0947
2713,00;0,0948
2712,50;0,0951
2712,00;0,0954
2711,50;0,0956
2711,00;0,0956
2710,50;0,0955
2710,00;0,0953
2709,50;0,0951
2709,00;0,0949
2708,50;0,0948
2708,00;0,0946
2707,50;0,0946
2707,00;0,0947
2706,50;0,0948
2706,00;0,0949
2705,50;0,0948
2705,00;0,0947
2704,50;0,0947
2704,00;0,0948
2703,50;0,0949
2703,00;0,0948
2702,50;0,0947
2702,00;0,0946
2701,50;0,0946
2701,00;0,0947
2700,50;0,0947
2700,00;0,0947
2699,50;0,0947
2699,00;0,0947
2698,50;0,0948
2698,00;0,0949
2697,50;0,0950
2697,00;0,0952
2696,50;0,0952
2696,00;0,0951
2695,50;0,0950
2695,00;0,0950
2694,50;0,0951
2694,00;0,0952
2693,50;0,0953
2693,00;0,0954
2692,50;0,0954
2692,00;0,0954
2691,50;0,0954
2691,00;0,0953
2690,50;0,0953
2690,00;0,0952
2689,50;0,0951
2689,00;0,0951
2688,50;0,0951
2688,00;0,0952
2687,50;0,0952
2687,00;0,0952
2686,50;0,0953
2686,00;0,0954
2685,50;0,0955
2685,00;0,0955
2684,50;0,0954
2684,00;0,0952
2683,50;0,0951
2683,00;0,0951
2682,50;0,0951
2682,00;0,0951
2681,50;0,0950
2681,00;0,0949
2680,50;0,0950
2680,00;0,0951
2679,50;0,0952
2679,00;0,0952
2678,50;0,0952
2678,00;0,0951
2677,50;0,0951
2677,00;0,0951
2676,50;0,0950
2676,00;0,0950
2675,50;0,0951
2675,00;0,0951
2674,50;0,0952
2674,00;0,0951
2673,50;0,0950
2673,00;0,0949
2672,50;0,0949
2672,00;0,0948
2671,50;0,0948
2671,00;0,0949
2670,50;0,0950
2670,00;0,0952
2669,50;0,0952
2669,00;0,0952
2668,50;0,0952
2668,00;0,0951
2667,50;0,0951
2667,00;0,0951
2666,50;0,0950
2666,00;0,0951
2665,50;0,0951
2665,00;0,0952
2664,50;0,0953
2664,00;0,0953
2663,50;0,0954
2663,00;0,0953
2662,50;0,0953
2662,00;0,0952
2661,50;0,0951
2661,00;0,0950
2660,50;0,0948
2660,00;0,0947
2659,50;0,0947
2659,00;0,0947
2658,50;0,0947
2658,00;0,0946
2657,50;0,0945
2657,00;0,0944
2656,50;0,0944
2656,00;0,0945
2655,50;0,0946
2655,00;0,0948
2654,50;0,0949
2654,00;0,0947
2653,50;0,0945
2653,00;0,0944
2652,50;0,0944
2652,00;0,0944
2651,50;0,0945
2651,00;0,0946
2650,50;0,0946
2650,00;0,0945
2649,50;0,0944
2649,00;0,0944
2648,50;0,0945
2648,00;0,0945
2647,50;0,0946
2647,00;0,0947
2646,50;0,0948
2646,00;0,0949
2645,50;0,0950
2645,00;0,0949
2644,50;0,0947
2644,00;0,0946
2643,50;0,0946
2643,00;0,0946
2642,50;0,0947
2642,00;0,0947
2641,50;0,0947
2641,00;0,0947
2640,50;0,0950
2640,00;0,0952
2639,50;0,0953
2639,00;0,0952
2638,50;0,0949
2638,00;0,0946
2637,50;0,0944
2637,00;0,0943
2636,50;0,0945
2636,00;0,0947
2635,50;0,0949
2635,00;0,0950
2634,50;0,0951
2634,00;0,0951
2633,50;0,0951
2633,00;0,0949
2632,50;0,0946
2632,00;0,0944
2631,50;0,0944
2631,00;0,0945
2630,50;0,0946
2630,00;0,0947
2629,50;0,0947
2629,00;0,0945
2628,50;0,0943
2628,00;0,0943
2627,50;0,0943
2627,00;0,0945
2626,50;0,0946
2626,00;0,0948
2625,50;0,0947
2625,00;0,0946
2624,50;0,0945
2624,00;0,0945
2623,50;0,0946
2623,00;0,0946
2622,50;0,0945
2622,00;0,0944
2621,50;0,0944
2621,00;0,0946
2620,50;0,0951
2620,00;0,0956
2619,50;0,0960
2619,00;0,0961
2618,50;0,0961
2618,00;0,0959
2617,50;0,0957
2617,00;0,0954
2616,50;0,0952
2616,00;0,0952
2615,50;0,0954
2615,00;0,0957
2614,50;0,0959
2614,00;0,0958
2613,50;0,0957
2613,00;0,0956
2612,50;0,0955
2612,00;0,0955
2611,50;0,0955
2611,00;0,0955
2610,50;0,0953
2610,00;0,0951
2609,50;0,0950
2609,00;0,0950
2608,50;0,0950
2608,00;0,0949
2607,50;0,0948
2607,00;0,0948
2606,50;0,0949
2606,00;0,0950
2605,50;0,0952
2605,00;0,0954
2604,50;0,0955
2604,00;0,0955
2603,50;0,0954
2603,00;0,0952
2602,50;0,0949
2602,00;0,0950
2601,50;0,0953
2601,00;0,0956
2600,50;0,0956
2600,00;0,0955
2599,50;0,0955
2599,00;0,0957
2598,50;0,0960
2598,00;0,0962
2597,50;0,0961
2597,00;0,0959
2596,50;0,0954
2596,00;0,0950
2595,50;0,0948
2595,00;0,0948
2594,50;0,0952
2594,00;0,0960
2593,50;0,0971
2593,00;0,0983
2592,50;0,0989
2592,00;0,0988
2591,50;0,0980
2591,00;0,0971
2590,50;0,0964
2590,00;0,0961
2589,50;0,0961
2589,00;0,0960
2588,50;0,0957
2588,00;0,0954
2587,50;0,0953
2587,00;0,0955
2586,50;0,0960
2586,00;0,0965
2585,50;0,0970
2585,00;0,0973
2584,50;0,0974
2584,00;0,0974
2583,50;0,0974
2583,00;0,0972
2582,50;0,0968
2582,00;0,0963
2581,50;0,0958
2581,00;0,0955
2580,50;0,0956
2580,00;0,0958
2579,50;0,0961
2579,00;0,0963
2578,50;0,0964
2578,00;0,0963
2577,50;0,0960
2577,00;0,0958
2576,50;0,0959
2576,00;0,0962
2575,50;0,0967
2575,00;0,0971
2574,50;0,0973
2574,00;0,0972
2573,50;0,0972
2573,00;0,0972
2572,50;0,0971
2572,00;0,0969
2571,50;0,0966
2571,00;0,0963
2570,50;0,0962
2570,00;0,0961
2569,50;0,0963
2569,00;0,0965
2568,50;0,0968
2568,00;0,0972
2567,50;0,0975
2567,00;0,0977
2566,50;0,0977
2566,00;0,0975
2565,50;0,0971
2565,00;0,0968
2564,50;0,0966
2564,00;0,0967
2563,50;0,0969
2563,00;0,0970
2562,50;0,0969
2562,00;0,0967
2561,50;0,0966
2561,00;0,0968
2560,50;0,0973
2560,00;0,0978
2559,50;0,0980
2559,00;0,0978
2558,50;0,0973
2558,00;0,0969
2557,50;0,0967
2557,00;0,0969
2556,50;0,0972
2556,00;0,0973
2555,50;0,0974
2555,00;0,0974
2554,50;0,0973
2554,00;0,0970
2553,50;0,0965
2553,00;0,0961
2552,50;0,0959
2552,00;0,0959
2551,50;0,0961
2551,00;0,0963
2550,50;0,0966
2550,00;0,0969
2549,50;0,0973
2549,00;0,0977
2548,50;0,0979
2548,00;0,0977
2547,50;0,0975
2547,00;0,0974
2546,50;0,0975
2546,00;0,0977
2545,50;0,0978
2545,00;0,0978
2544,50;0,0977
2544,00;0,0977
2543,50;0,0978
2543,00;0,0980
2542,50;0,0982
2542,00;0,0982
2541,50;0,0980
2541,00;0,0977
2540,50;0,0975
2540,00;0,0973
2539,50;0,0971
2539,00;0,0971
2538,50;0,0973
2538,00;0,0977
2537,50;0,0983
2537,00;0,0987
2536,50;0,0988
2536,00;0,0987
2535,50;0,0984
2535,00;0,0981
2534,50;0,0980
2534,00;0,0980
2533,50;0,0981
2533,00;0,0980
2532,50;0,0977
2532,00;0,0973
2531,50;0,0971
2531,00;0,0972
2530,50;0,0977
2530,00;0,0984
2529,50;0,0991
2529,00;0,0999
2528,50;0,1003
2528,00;0,1004
2527,50;0,1001
2527,00;0,0997
2526,50;0,0991
2526,00;0,0985
2525,50;0,0979
2525,00;0,0976
2524,50;0,0977
2524,00;0,0980
2523,50;0,0986
2523,00;0,0992
2522,50;0,0994
2522,00;0,0991
2521,50;0,0983
2521,00;0,0976
2520,50;0,0975
2520,00;0,0978
2519,50;0,0985
2519,00;0,0990
2518,50;0,0991
2518,00;0,0989
2517,50;0,0985
2517,00;0,0981
2516,50;0,0978
2516,00;0,0977
2515,50;0,0978
2515,00;0,0981
2514,50;0,0986
2514,00;0,0993
2513,50;0,0998
2513,00;0,1002
2512,50;0,1003
2512,00;0,0999
2511,50;0,0993
2511,00;0,0987
2510,50;0,0986
2510,00;0,0992
2509,50;0,1000
2509,00;0,1008
2508,50;0,1014
2508,00;0,1016
2507,50;0,1016
2507,00;0,1010
2506,50;0,0999
2506,00;0,0985
2505,50;0,0973
2505,00;0,0967
2504,50;0,0970
2504,00;0,0980
2503,50;0,0991
2503,00;0,0999
2502,50;0,1002
2502,00;0,1002
2501,50;0,1000
2501,00;0,0998
2500,50;0,0997
2500,00;0,0998
2499,50;0,0999
2499,00;0,0999
2498,50;0,1001
2498,00;0,1003
2497,50;0,1004
2497,00;0,1003
2496,50;0,0998
2496,00;0,0994
2495,50;0,0993
2495,00;0,0996
2494,50;0,1002
2494,00;0,1008
2493,50;0,1015
2493,00;0,1020
2492,50;0,1022
2492,00;0,1020
2491,50;0,1013
2491,00;0,1004
2490,50;0,0995
2490,00;0,0991
2489,50;0,0992
2489,00;0,0997
2488,50;0,1004
2488,00;0,1006
2487,50;0,1002
2487,00;0,0994
2486,50;0,0986
2486,00;0,0982
2485,50;0,0986
2485,00;0,0995
2484,50;0,1005
2484,00;0,1012
2483,50;0,1015
2483,00;0,1015
2482,50;0,1013
2482,00;0,1011
2481,50;0,1009
2481,00;0,1006
2480,50;0,1002
2480,00;0,0997
2479,50;0,0993
2479,00;0,0993
2478,50;0,0997
2478,00;0,1006
2477,50;0,1017
2477,00;0,1025
2476,50;0,1027
2476,00;0,1021
2475,50;0,1012
2475,00;0,1003
2474,50;0,0998
2474,00;0,1000
2473,50;0,1006
2473,00;0,1014
2472,50;0,1023
2472,00;0,1030
2471,50;0,1036
2471,00;0,1037
2470,50;0,1033
2470,00;0,1028
2469,50;0,1023
2469,00;0,1021
2468,50;0,1024
2468,00;0,1030
2467,50;0,1034
2467,00;0,1034
2466,50;0,1028
2466,00;0,1021
2465,50;0,1017
2465,00;0,1021
2464,50;0,1030
2464,00;0,1042
2463,50;0,1054
2463,00;0,1060
2462,50;0,1059
2462,00;0,1050
2461,50;0,1040
2461,00;0,1031
2460,50;0,1026
2460,00;0,1024
2459,50;0,1025
2459,00;0,1030
2458,50;0,1038
2458,00;0,1047
2457,50;0,1056
2457,00;0,1062
2456,50;0,1064
2456,00;0,1062
2455,50;0,1058
2455,00;0,1053
2454,50;0,1048
2454,00;0,1046
2453,50;0,1049
2453,00;0,1056
2452,50;0,1064
2452,00;0,1068
2451,50;0,1067
2451,00;0,1062
2450,50;0,1057
2450,00;0,1055
2449,50;0,1055
2449,00;0,1056
2448,50;0,1057
2448,00;0,1059
2447,50;0,1064
2447,00;0,1071
2446,50;0,1077
2446,00;0,1084
2445,50;0,1091
2445,00;0,1098
2444,50;0,1102
2444,00;0,1105
2443,50;0,1107
2443,00;0,1107
2442,50;0,1106
2442,00;0,1104
2441,50;0,1102
2441,00;0,1104
2440,50;0,1108
2440,00;0,1114
2439,50;0,1121
2439,00;0,1128
2438,50;0,1133
2438,00;0,1137
2437,50;0,1139
2437,00;0,1140
2436,50;0,1140
2436,00;0,1139
2435,50;0,1139
2435,00;0,1141
2434,50;0,1145
2434,00;0,1149
2433,50;0,1153
2433,00;0,1158
2432,50;0,1164
2432,00;0,1172
2431,50;0,1181
2431,00;0,1191
2430,50;0,1197
2430,00;0,1201
2429,50;0,1201
2429,00;0,1201
2428,50;0,1201
2428,00;0,1203
2427,50;0,1207
2427,00;0,1212
2426,50;0,1218
2426,00;0,1223
2425,50;0,1229
2425,00;0,1233
2424,50;0,1236
2424,00;0,1236
2423,50;0,1235
2423,00;0,1233
2422,50;0,1230
2422,00;0,1228
2421,50;0,1228
2421,00;0,1229
2420,50;0,1231
2420,00;0,1234
2419,50;0,1238
2419,00;0,1240
2418,50;0,1238
2418,00;0,1234
2417,50;0,1230
2417,00;0,1229
2416,50;0,1231
2416,00;0,1234
2415,50;0,1236
2415,00;0,1235
2414,50;0,1231
2414,00;0,1224
2413,50;0,1216
2413,00;0,1209
2412,50;0,1205
2412,00;0,1204
2411,50;0,1206
2411,00;0,1209
2410,50;0,1213
2410,00;0,1214
2409,50;0,1211
2409,00;0,1205
2408,50;0,1197
2408,00;0,1187
2407,50;0,1179
2407,00;0,1175
2406,50;0,1174
2406,00;0,1174
2405,50;0,1173
2405,00;0,1170
2404,50;0,1166
2404,00;0,1162
2403,50;0,1158
2403,00;0,1156
2402,50;0,1154
2402,00;0,1150
2401,50;0,1145
2401,00;0,1141
2400,50;0,1139
2400,00;0,1139
2399,50;0,1139
2399,00;0,1139
2398,50;0,1138
2398,00;0,1135
2397,50;0,1130
2397,00;0,1125
2396,50;0,1120
2396,00;0,1115
2395,50;0,1114
2395,00;0,1114
2394,50;0,1118
2394,00;0,1122
2393,50;0,1125
2393,00;0,1125
2392,50;0,1120
2392,00;0,1112
2391,50;0,1104
2391,00;0,1099
2390,50;0,1097
2390,00;0,1098
2389,50;0,1100
2389,00;0,1101
2388,50;0,1101
2388,00;0,1100
2387,50;0,1098
2387,00;0,1095
2386,50;0,1093
2386,00;0,1092
2385,50;0,1091
2385,00;0,1091
2384,50;0,1090
2384,00;0,1090
2383,50;0,1089
2383,00;0,1087
2382,50;0,1083
2382,00;0,1078
2381,50;0,1075
2381,00;0,1076
2380,50;0,1079
2380,00;0,1081
2379,50;0,1083
2379,00;0,1083
2378,50;0,1083
2378,00;0,1079
2377,50;0,1074
2377,00;0,1068
2376,50;0,1064
2376,00;0,1063
2375,50;0,1063
2375,00;0,1063
2374,50;0,1063
2374,00;0,1064
2373,50;0,1065
2373,00;0,1066
2372,50;0,1066
2372,00;0,1064
2371,50;0,1061
2371,00;0,1056
2370,50;0,1052
2370,00;0,1049
2369,50;0,1050
2369,00;0,1053
2368,50;0,1056
2368,00;0,1058
2367,50;0,1058
2367,00;0,1055
2366,50;0,1053
2366,00;0,1050
2365,50;0,1050
2365,00;0,1051
2364,50;0,1051
2364,00;0,1053
2363,50;0,1054
2363,00;0,1053
2362,50;0,1053
2362,00;0,1052
2361,50;0,1051
2361,00;0,1052
2360,50;0,1052
2360,00;0,1050
2359,50;0,1047
2359,00;0,1046
2358,50;0,1044
2358,00;0,1048
2357,50;0,1047
2357,00;0,1051
2356,50;0,1039
2356,00;0,1020
2355,50;0,1019
2355,00;0,1013
2354,50;0,1012
2354,00;0,1011
2353,50;0,1012
2353,00;0,1011
2352,50;0,1010
2352,00;0,1008
2351,50;0,1008
2351,00;0,1008
2350,50;0,1011
2350,00;0,1011
2349,50;0,1016
2349,00;0,1009
2348,50;0,1029
2348,00;0,1056
2347,50;0,1050
2347,00;0,1055
2346,50;0,1056
2346,00;0,1057
2345,50;0,1054
2345,00;0,1053
2344,50;0,1054
2344,00;0,1058
2343,50;0,1062
2343,00;0,1068
2342,50;0,1072
2342,00;0,1073
2341,50;0,1075
2341,00;0,1080
2340,50;0,1081
2340,00;0,1079
2339,50;0,1078
2339,00;0,1074
2338,50;0,1070
2338,00;0,1069
2337,50;0,1070
2337,00;0,1067
2336,50;0,1065
2336,00;0,1066
2335,50;0,1067
2335,00;0,1066
2334,50;0,1065
2334,00;0,1064
2333,50;0,1062
2333,00;0,1059
2332,50;0,1059
2332,00;0,1061
2331,50;0,1062
2331,00;0,1061
2330,50;0,1058
2330,00;0,1054
2329,50;0,1050
2329,00;0,1047
2328,50;0,1048
2328,00;0,1051
2327,50;0,1052
2327,00;0,1047
2326,50;0,1042
2326,00;0,1038
2325,50;0,1033
2325,00;0,1029
2324,50;0,1032
2324,00;0,1039
2323,50;0,1040
2323,00;0,1041
2322,50;0,1048
2322,00;0,1055
2321,50;0,1056
2321,00;0,1054
2320,50;0,1058
2320,00;0,1060
2319,50;0,1057
2319,00;0,1054
2318,50;0,1057
2318,00;0,1058
2317,50;0,1054
2317,00;0,1051
2316,50;0,1056
2316,00;0,1061
2315,50;0,1060
2315,00;0,1059
2314,50;0,1063
2314,00;0,1066
2313,50;0,1062
2313,00;0,1058
2312,50;0,1062
2312,00;0,1069
2311,50;0,1071
2311,00;0,1072
2310,50;0,1075
2310,00;0,1078
2309,50;0,1076
2309,00;0,1072
2308,50;0,1072
2308,00;0,1075
2307,50;0,1075
2307,00;0,1073
2306,50;0,1074
2306,00;0,1078
2305,50;0,1078
2305,00;0,1076
2304,50;0,1077
2304,00;0,1081
2303,50;0,1084
2303,00;0,1083
2302,50;0,1082
2302,00;0,1085
2301,50;0,1090
2301,00;0,1092
2300,50;0,1092
2300,00;0,1093
2299,50;0,1093
2299,00;0,1090
2298,50;0,1085
2298,00;0,1080
2297,50;0,1077
2297,00;0,1079
2296,50;0,1083
2296,00;0,1089
2295,50;0,1095
2295,00;0,1100
2294,50;0,1103
2294,00;0,1102
2293,50;0,1100
2293,00;0,1096
2292,50;0,1093
2292,00;0,1089
2291,50;0,1089
2291,00;0,1091
2290,50;0,1094
2290,00;0,1095
2289,50;0,1096
2289,00;0,1096
2288,50;0,1097
2288,00;0,1098
2287,50;0,1095
2287,00;0,1091
2286,50;0,1088
2286,00;0,1086
2285,50;0,1085
2285,00;0,1084
2284,50;0,1084
2284,00;0,1086
2283,50;0,1090
2283,00;0,1095
2282,50;0,1099
2282,00;0,1099
2281,50;0,1097
2281,00;0,1095
2280,50;0,1096
2280,00;0,1097
2279,50;0,1099
2279,00;0,1101
2278,50;0,1101
2278,00;0,1100
2277,50;0,1095
2277,00;0,1089
2276,50;0,1086
2276,00;0,1089
2275,50;0,1096
2275,00;0,1104
2274,50;0,1110
2274,00;0,1111
2273,50;0,1108
2273,00;0,1103
2272,50;0,1099
2272,00;0,1098
2271,50;0,1100
2271,00;0,1105
2270,50;0,1111
2270,00;0,1116
2269,50;0,1119
2269,00;0,1119
2268,50;0,1116
2268,00;0,1110
2267,50;0,1102
2267,00;0,1096
2266,50;0,1093
2266,00;0,1093
2265,50;0,1099
2265,00;0,1108
2264,50;0,1118
2264,00;0,1122
2263,50;0,1118
2263,00;0,1108
2262,50;0,1100
2262,00;0,1094
2261,50;0,1093
2261,00;0,1094
2260,50;0,1096
2260,00;0,1098
2259,50;0,1101
2259,00;0,1103
2258,50;0,1104
2258,00;0,1103
2257,50;0,1101
2257,00;0,1099
2256,50;0,1098
2256,00;0,1098
2255,50;0,1100
2255,00;0,1106
2254,50;0,1114
2254,00;0,1119
2253,50;0,1120
2253,00;0,1117
2252,50;0,1113
2252,00;0,1110
2251,50;0,1110
2251,00;0,1114
2250,50;0,1118
2250,00;0,1122
2249,50;0,1124
2249,00;0,1126
2248,50;0,1126
2248,00;0,1124
2247,50;0,1119
2247,00;0,1112
2246,50;0,1109
2246,00;0,1110
2245,50;0,1114
2245,00;0,1119
2244,50;0,1123
2244,00;0,1124
2243,50;0,1123
2243,00;0,1121
2242,50;0,1119
2242,00;0,1116
2241,50;0,1114
2241,00;0,1113
2240,50;0,1116
2240,00;0,1120
2239,50;0,1124
2239,00;0,1129
2238,50;0,1136
2238,00;0,1144
2237,50;0,1146
2237,00;0,1141
2236,50;0,1130
2236,00;0,1119
2235,50;0,1113
2235,00;0,1110
2234,50;0,1110
2234,00;0,1110
2233,50;0,1111
2233,00;0,1113
2232,50;0,1117
2232,00;0,1122
2231,50;0,1125
2231,00;0,1124
2230,50;0,1120
2230,00;0,1115
2229,50;0,1113
2229,00;0,1113
2228,50;0,1116
2228,00;0,1121
2227,50;0,1123
2227,00;0,1122
2226,50;0,1117
2226,00;0,1112
2225,50;0,1110
2225,00;0,1109
2224,50;0,1108
2224,00;0,1106
2223,50;0,1105
2223,00;0,1105
2222,50;0,1106
2222,00;0,1112
2221,50;0,1122
2221,00;0,1133
2220,50;0,1138
2220,00;0,1135
2219,50;0,1127
2219,00;0,1117
2218,50;0,1107
2218,00;0,1099
2217,50;0,1096
2217,00;0,1101
2216,50;0,1108
2216,00;0,1111
2215,50;0,1106
2215,00;0,1096
2214,50;0,1091
2214,00;0,1093
2213,50;0,1104
2213,00;0,1117
2212,50;0,1128
2212,00;0,1133
2211,50;0,1130
2211,00;0,1119
2210,50;0,1104
2210,00;0,1090
2209,50;0,1082
2209,00;0,1081
2208,50;0,1086
2208,00;0,1095
2207,50;0,1107
2207,00;0,1121
2206,50;0,1131
2206,00;0,1134
2205,50;0,1130
2205,00;0,1122
2204,50;0,1110
2204,00;0,1097
2203,50;0,1086
2203,00;0,1078
2202,50;0,1077
2202,00;0,1083
2201,50;0,1091
2201,00;0,1096
2200,50;0,1096
2200,00;0,1093
2199,50;0,1090
2199,00;0,1090
2198,50;0,1089
2198,00;0,1088
2197,50;0,1088
2197,00;0,1093
2196,50;0,1100
2196,00;0,1109
2195,50;0,1115
2195,00;0,1116
2194,50;0,1111
2194,00;0,1103
2193,50;0,1095
2193,00;0,1091
2192,50;0,1092
2192,00;0,1096
2191,50;0,1102
2191,00;0,1107
2190,50;0,1105
2190,00;0,1095
2189,50;0,1086
2189,00;0,1084
2188,50;0,1088
2188,00;0,1093
2187,50;0,1096
2187,00;0,1098
2186,50;0,1098
2186,00;0,1097
2185,50;0,1096
2185,00;0,1095
2184,50;0,1091
2184,00;0,1083
2183,50;0,1079
2183,00;0,1086
2182,50;0,1102
2182,00;0,1116
2181,50;0,1122
2181,00;0,1118
2180,50;0,1107
2180,00;0,1091
2179,50;0,1077
2179,00;0,1070
2178,50;0,1069
2178,00;0,1069
2177,50;0,1071
2177,00;0,1075
2176,50;0,1082
2176,00;0,1089
2175,50;0,1093
2175,00;0,1095
2174,50;0,1093
2174,00;0,1084
2173,50;0,1068
2173,00;0,1052
2172,50;0,1042
2172,00;0,1042
2171,50;0,1047
2171,00;0,1055
2170,50;0,1063
2170,00;0,1068
2169,50;0,1067
2169,00;0,1063
2168,50;0,1061
2168,00;0,1061
2167,50;0,1060
2167,00;0,1056
2166,50;0,1053
2166,00;0,1054
2165,50;0,1061
2165,00;0,1072
2164,50;0,1081
2164,00;0,1084
2163,50;0,1081
2163,00;0,1074
2162,50;0,1062
2162,00;0,1047
2161,50;0,1039
2161,00;0,1045
2160,50;0,1063
2160,00;0,1081
2159,50;0,1091
2159,00;0,1096
2158,50;0,1099
2158,00;0,1098
2157,50;0,1093
2157,00;0,1086
2156,50;0,1086
2156,00;0,1091
2155,50;0,1100
2155,00;0,1107
2154,50;0,1111
2154,00;0,1108
2153,50;0,1097
2153,00;0,1080
2152,50;0,1064
2152,00;0,1055
2151,50;0,1054
2151,00;0,1060
2150,50;0,1067
2150,00;0,1072
2149,50;0,1074
2149,00;0,1077
2148,50;0,1083
2148,00;0,1089
2147,50;0,1092
2147,00;0,1089
2146,50;0,1084
2146,00;0,1079
2145,50;0,1078
2145,00;0,1082
2144,50;0,1089
2144,00;0,1094
2143,50;0,1091
2143,00;0,1084
2142,50;0,1079
2142,00;0,1080
2141,50;0,1082
2141,00;0,1080
2140,50;0,1072
2140,00;0,1062
2139,50;0,1056
2139,00;0,1056
2138,50;0,1060
2138,00;0,1064
2137,50;0,1065
2137,00;0,1063
2136,50;0,1061
2136,00;0,1061
2135,50;0,1063
2135,00;0,1066
2134,50;0,1070
2134,00;0,1072
2133,50;0,1072
2133,00;0,1070
2132,50;0,1069
2132,00;0,1068
2131,50;0,1064
2131,00;0,1058
2130,50;0,1052
2130,00;0,1049
2129,50;0,1051
2129,00;0,1054
2128,50;0,1058
2128,00;0,1060
2127,50;0,1061
2127,00;0,1062
2126,50;0,1060
2126,00;0,1058
2125,50;0,1054
2125,00;0,1051
2124,50;0,1047
2124,00;0,1045
2123,50;0,1045
2123,00;0,1044
2122,50;0,1040
2122,00;0,1033
2121,50;0,1026
2121,00;0,1022
2120,50;0,1024
2120,00;0,1029
2119,50;0,1033
2119,00;0,1035
2118,50;0,1033
2118,00;0,1027
2117,50;0,1022
2117,00;0,1022
2116,50;0,1024
2116,00;0,1026
2115,50;0,1024
2115,00;0,1019
2114,50;0,1014
2114,00;0,1010
2113,50;0,1008
2113,00;0,1009
2112,50;0,1016
2112,00;0,1023
2111,50;0,1028
2111,00;0,1029
2110,50;0,1028
2110,00;0,1025
2109,50;0,1021
2109,00;0,1019
2108,50;0,1018
2108,00;0,1019
2107,50;0,1019
2107,00;0,1017
2106,50;0,1014
2106,00;0,1013
2105,50;0,1014
2105,00;0,1018
2104,50;0,1021
2104,00;0,1022
2103,50;0,1021
2103,00;0,1023
2102,50;0,1027
2102,00;0,1029
2101,50;0,1026
2101,00;0,1021
2100,50;0,1017
2100,00;0,1013
2099,50;0,1006
2099,00;0,0996
2098,50;0,0989
2098,00;0,0988
2097,50;0,0993
2097,00;0,0999
2096,50;0,1005
2096,00;0,1011
2095,50;0,1015
2095,00;0,1017
2094,50;0,1017
2094,00;0,1020
2093,50;0,1024
2093,00;0,1028
2092,50;0,1029
2092,00;0,1027
2091,50;0,1022
2091,00;0,1016
2090,50;0,1012
2090,00;0,1009
2089,50;0,1008
2089,00;0,1008
2088,50;0,1009
2088,00;0,1008
2087,50;0,1005
2087,00;0,1003
2086,50;0,1004
2086,00;0,1010
2085,50;0,1014
2085,00;0,1014
2084,50;0,1010
2084,00;0,1006
2083,50;0,1003
2083,00;0,1000
2082,50;0,0996
2082,00;0,0994
2081,50;0,0993
2081,00;0,0994
2080,50;0,0994
2080,00;0,0992
2079,50;0,0989
2079,00;0,0988
2078,50;0,0992
2078,00;0,0999
2077,50;0,1005
2077,00;0,1010
2076,50;0,1015
2076,00;0,1021
2075,50;0,1024
2075,00;0,1021
2074,50;0,1013
2074,00;0,1004
2073,50;0,0998
2073,00;0,0996
2072,50;0,0996
2072,00;0,0997
2071,50;0,0998
2071,00;0,0999
2070,50;0,1001
2070,00;0,1006
2069,50;0,1011
2069,00;0,1015
2068,50;0,1015
2068,00;0,1012
2067,50;0,1007
2067,00;0,1001
2066,50;0,0999
2066,00;0,1001
2065,50;0,1005
2065,00;0,1006
2064,50;0,1002
2064,00;0,0993
2063,50;0,0986
2063,00;0,0984
2062,50;0,0987
2062,00;0,0991
2061,50;0,0995
2061,00;0,0996
2060,50;0,0996
2060,00;0,0995
2059,50;0,0992
2059,00;0,0989
2058,50;0,0988
2058,00;0,0987
2057,50;0,0985
2057,00;0,0981
2056,50;0,0978
2056,00;0,0978
2055,50;0,0981
2055,00;0,0988
2054,50;0,0994
2054,00;0,0994
2053,50;0,0984
2053,00;0,0968
2052,50;0,0950
2052,00;0,0938
2051,50;0,0934
2051,00;0,0939
2050,50;0,0953
2050,00;0,0970
2049,50;0,0983
2049,00;0,0990
2048,50;0,0991
2048,00;0,0990
2047,50;0,0990
2047,00;0,0993
2046,50;0,0998
2046,00;0,1000
2045,50;0,1000
2045,00;0,0999
2044,50;0,1000
2044,00;0,1003
2043,50;0,1002
2043,00;0,0999
2042,50;0,0996
2042,00;0,0993
2041,50;0,0987
2041,00;0,0977
2040,50;0,0966
2040,00;0,0959
2039,50;0,0957
2039,00;0,0959
2038,50;0,0962
2038,00;0,0963
2037,50;0,0962
2037,00;0,0962
2036,50;0,0970
2036,00;0,0985
2035,50;0,0996
2035,00;0,0993
2034,50;0,0979
2034,00;0,0964
2033,50;0,0957
2033,00;0,0958
2032,50;0,0966
2032,00;0,0977
2031,50;0,0988
2031,00;0,0993
2030,50;0,0993
2030,00;0,0992
2029,50;0,0992
2029,00;0,0992
2028,50;0,0991
2028,00;0,0989
2027,50;0,0984
2027,00;0,0976
2026,50;0,0966
2026,00;0,0963
2025,50;0,0968
2025,00;0,0978
2024,50;0,0982
2024,00;0,0977
2023,50;0,0968
2023,00;0,0966
2022,50;0,0974
2022,00;0,0988
2021,50;0,1000
2021,00;0,1007
2020,50;0,1010
2020,00;0,1009
2019,50;0,1006
2019,00;0,1000
2018,50;0,0994
2018,00;0,0986
2017,50;0,0975
2017,00;0,0967
2016,50;0,0967
2016,00;0,0974
2015,50;0,0980
2015,00;0,0979
2014,50;0,0973
2014,00;0,0973
2013,50;0,0979
2013,00;0,0987
2012,50;0,0988
2012,00;0,0982
2011,50;0,0973
2011,00;0,0969
2010,50;0,0973
2010,00;0,0980
2009,50;0,0981
2009,00;0,0975
2008,50;0,0968
2008,00;0,0968
2007,50;0,0973
2007,00;0,0978
2006,50;0,0983
2006,00;0,0992
2005,50;0,1003
2005,00;0,1012
2004,50;0,1015
2004,00;0,1014
2003,50;0,1010
2003,00;0,1005
2002,50;0,1000
2002,00;0,0997
2001,50;0,0996
2001,00;0,0993
2000,50;0,0988
2000,00;0,0982
1999,50;0,0977
1999,00;0,0977
1998,50;0,0982
1998,00;0,0991
1997,50;0,0998
1997,00;0,0998
1996,50;0,0993
1996,00;0,0988
1995,50;0,0986
1995,00;0,0985
1994,50;0,0981
1994,00;0,0975
1993,50;0,0969
1993,00;0,0967
1992,50;0,0970
1992,00;0,0978
1991,50;0,0985
1991,00;0,0985
1990,50;0,0980
1990,00;0,0975
1989,50;0,0974
1989,00;0,0977
1988,50;0,0979
1988,00;0,0979
1987,50;0,0979
1987,00;0,0982
1986,50;0,0990
1986,00;0,1000
1985,50;0,1009
1985,00;0,1010
1984,50;0,1003
1984,00;0,0990
1983,50;0,0976
1983,00;0,0966
1982,50;0,0958
1982,00;0,0955
1981,50;0,0956
1981,00;0,0960
1980,50;0,0962
1980,00;0,0961
1979,50;0,0957
1979,00;0,0956
1978,50;0,0959
1978,00;0,0966
1977,50;0,0977
1977,00;0,0989
1976,50;0,1001
1976,00;0,1007
1975,50;0,1006
1975,00;0,0999
1974,50;0,0992
1974,00;0,0989
1973,50;0,0989
1973,00;0,0991
1972,50;0,0997
1972,00;0,1006
1971,50;0,1012
1971,00;0,1010
1970,50;0,0999
1970,00;0,0988
1969,50;0,0985
1969,00;0,0989
1968,50;0,0994
1968,00;0,0998
1967,50;0,1001
1967,00;0,1004
1966,50;0,1004
1966,00;0,1001
1965,50;0,1000
1965,00;0,1007
1964,50;0,1018
1964,00;0,1026
1963,50;0,1025
1963,00;0,1016
1962,50;0,1006
1962,00;0,1001
1961,50;0,1001
1961,00;0,1002
1960,50;0,1003
1960,00;0,1005
1959,50;0,1009
1959,00;0,1013
1958,50;0,1015
1958,00;0,1014
1957,50;0,1012
1957,00;0,1009
1956,50;0,1003
1956,00;0,0994
1955,50;0,0985
1955,00;0,0981
1954,50;0,0983
1954,00;0,0991
1953,50;0,1000
1953,00;0,1006
1952,50;0,1007
1952,00;0,1001
1951,50;0,0994
1951,00;0,0991
1950,50;0,0993
1950,00;0,0997
1949,50;0,1000
1949,00;0,1003
1948,50;0,1004
1948,00;0,1004
1947,50;0,1001
1947,00;0,0995
1946,50;0,0990
1946,00;0,0986
1945,50;0,0987
1945,00;0,0991
1944,50;0,0997
1944,00;0,1002
1943,50;0,1003
1943,00;0,1001
1942,50;0,1001
1942,00;0,1003
1941,50;0,1006
1941,00;0,1008
1940,50;0,1008
1940,00;0,1006
1939,50;0,1003
1939,00;0,1002
1938,50;0,1005
1938,00;0,1008
1937,50;0,1008
1937,00;0,1001
1936,50;0,0992
1936,00;0,0986
1935,50;0,0987
1935,00;0,0991
1934,50;0,0995
1934,00;0,1000
1933,50;0,1004
1933,00;0,1008
1932,50;0,1010
1932,00;0,1011
1931,50;0,1010
1931,00;0,1009
1930,50;0,1007
1930,00;0,1005
1929,50;0,1004
1929,00;0,1003
1928,50;0,1000
1928,00;0,0996
1927,50;0,0993
1927,00;0,0993
1926,50;0,0994
1926,00;0,0993
1925,50;0,0990
1925,00;0,0989
1924,50;0,0990
1924,00;0,0995
1923,50;0,1000
1923,00;0,1002
1922,50;0,1002
1922,00;0,0999
1921,50;0,0996
1921,00;0,0992
1920,50;0,0990
1920,00;0,0991
1919,50;0,0995
1919,00;0,1001
1918,50;0,1007
1918,00;0,1013
1917,50;0,1017
1917,00;0,1020
1916,50;0,1019
1916,00;0,1015
1915,50;0,1010
1915,00;0,1006
1914,50;0,1002
1914,00;0,1000
1913,50;0,0998
1913,00;0,0997
1912,50;0,0996
1912,00;0,0996
1911,50;0,0996
1911,00;0,0998
1910,50;0,1002
1910,00;0,1007
1909,50;0,1010
1909,00;0,1009
1908,50;0,1008
1908,00;0,1007
1907,50;0,1007
1907,00;0,1007
1906,50;0,1005
1906,00;0,1001
1905,50;0,0997
1905,00;0,0994
1904,50;0,0995
1904,00;0,1001
1903,50;0,1010
1903,00;0,1018
1902,50;0,1021
1902,00;0,1020
1901,50;0,1020
1901,00;0,1020
1900,50;0,1020
1900,00;0,1021
1899,50;0,1021
1899,00;0,1021
1898,50;0,1019
1898,00;0,1017
1897,50;0,1013
1897,00;0,1010
1896,50;0,1007
1896,00;0,1005
1895,50;0,1006
1895,00;0,1009
1894,50;0,1013
1894,00;0,1016
1893,50;0,1016
1893,00;0,1016
1892,50;0,1016
1892,00;0,1018
1891,50;0,1021
1891,00;0,1022
1890,50;0,1019
1890,00;0,1015
1889,50;0,1013
1889,00;0,1014
1888,50;0,1017
1888,00;0,1021
1887,50;0,1024
1887,00;0,1027
1886,50;0,1029
1886,00;0,1028
1885,50;0,1025
1885,00;0,1020
1884,50;0,1017
1884,00;0,1016
1883,50;0,1017
1883,00;0,1020
1882,50;0,1021
1882,00;0,1021
1881,50;0,1019
1881,00;0,1017
1880,50;0,1015
1880,00;0,1015
1879,50;0,1016
1879,00;0,1018
1878,50;0,1019
1878,00;0,1021
1877,50;0,1023
1877,00;0,1026
1876,50;0,1028
1876,00;0,1028
1875,50;0,1026
1875,00;0,1023
1874,50;0,1022
1874,00;0,1022
1873,50;0,1023
1873,00;0,1022
1872,50;0,1021
1872,00;0,1020
1871,50;0,1023
1871,00;0,1027
1870,50;0,1030
1870,00;0,1029
1869,50;0,1025
1869,00;0,1020
1868,50;0,1018
1868,00;0,1021
1867,50;0,1025
1867,00;0,1029
1866,50;0,1030
1866,00;0,1029
1865,50;0,1029
1865,00;0,1030
1864,50;0,1030
1864,00;0,1030
1863,50;0,1029
1863,00;0,1030
1862,50;0,1033
1862,00;0,1035
1861,50;0,1034
1861,00;0,1031
1860,50;0,1027
1860,00;0,1025
1859,50;0,1027
1859,00;0,1030
1858,50;0,1032
1858,00;0,1033
1857,50;0,1033
1857,00;0,1034
1856,50;0,1035
1856,00;0,1036
1855,50;0,1036
1855,00;0,1034
1854,50;0,1032
1854,00;0,1031
1853,50;0,1033
1853,00;0,1038
1852,50;0,1044
1852,00;0,1047
1851,50;0,1047
1851,00;0,1043
1850,50;0,1039
1850,00;0,1035
1849,50;0,1034
1849,00;0,1037
1848,50;0,1039
1848,00;0,1040
1847,50;0,1039
1847,00;0,1039
1846,50;0,1040
1846,00;0,1040
1845,50;0,1039
1845,00;0,1037
1844,50;0,1037
1844,00;0,1039
1843,50;0,1042
1843,00;0,1044
1842,50;0,1044
1842,00;0,1043
1841,50;0,1043
1841,00;0,1044
1840,50;0,1045
1840,00;0,1044
1839,50;0,1042
1839,00;0,1040
1838,50;0,1040
1838,00;0,1041
1837,50;0,1044
1837,00;0,1047
1836,50;0,1050
1836,00;0,1052
1835,50;0,1053
1835,00;0,1053
1834,50;0,1053
1834,00;0,1051
1833,50;0,1048
1833,00;0,1047
1832,50;0,1048
1832,00;0,1049
1831,50;0,1049
1831,00;0,1050
1830,50;0,1052
1830,00;0,1055
1829,50;0,1058
1829,00;0,1060
1828,50;0,1060
1828,00;0,1058
1827,50;0,1056
1827,00;0,1054
1826,50;0,1053
1826,00;0,1053
1825,50;0,1053
1825,00;0,1054
1824,50;0,1055
1824,00;0,1056
1823,50;0,1056
1823,00;0,1055
1822,50;0,1055
1822,00;0,1057
1821,50;0,1059
1821,00;0,1061
1820,50;0,1060
1820,00;0,1058
1819,50;0,1059
1819,00;0,1062
1818,50;0,1067
1818,00;0,1072
1817,50;0,1073
1817,00;0,1070
1816,50;0,1066
1816,00;0,1063
1815,50;0,1063
1815,00;0,1065
1814,50;0,1066
1814,00;0,1067
1813,50;0,1067
1813,00;0,1067
1812,50;0,1067
1812,00;0,1068
1811,50;0,1068
1811,00;0,1069
1810,50;0,1071
1810,00;0,1074
1809,50;0,1075
1809,00;0,1075
1808,50;0,1074
1808,00;0,1074
1807,50;0,1073
1807,00;0,1071
1806,50;0,1069
1806,00;0,1068
1805,50;0,1069
1805,00;0,1072
1804,50;0,1073
1804,00;0,1074
1803,50;0,1072
1803,00;0,1070
1802,50;0,1069
1802,00;0,1069
1801,50;0,1070
1801,00;0,1072
1800,50;0,1075
1800,00;0,1078
1799,50;0,1081
1799,00;0,1082
1798,50;0,1082
1798,00;0,1080
1797,50;0,1079
1797,00;0,1079
1796,50;0,1081
1796,00;0,1084
1795,50;0,1085
1795,00;0,1084
1794,50;0,1082
1794,00;0,1079
1793,50;0,1077
1793,00;0,1078
1792,50;0,1082
1792,00;0,1086
1791,50;0,1090
1791,00;0,1090
1790,50;0,1089
1790,00;0,1088
1789,50;0,1087
1789,00;0,1087
1788,50;0,1089
1788,00;0,1091
1787,50;0,1092
1787,00;0,1092
1786,50;0,1091
1786,00;0,1089
1785,50;0,1088
1785,00;0,1088
1784,50;0,1088
1784,00;0,1089
1783,50;0,1090
1783,00;0,1092
1782,50;0,1094
1782,00;0,1095
1781,50;0,1096
1781,00;0,1098
1780,50;0,1098
1780,00;0,1098
1779,50;0,1098
1779,00;0,1098
1778,50;0,1100
1778,00;0,1102
1777,50;0,1103
1777,00;0,1102
1776,50;0,1101
1776,00;0,1101
1775,50;0,1104
1775,00;0,1107
1774,50;0,1111
1774,00;0,1112
1773,50;0,1111
1773,00;0,1109
1772,50;0,1110
1772,00;0,1113
1771,50;0,1116
1771,00;0,1117
1770,50;0,1116
1770,00;0,1114
1769,50;0,1112
1769,00;0,1112
1768,50;0,1113
1768,00;0,1114
1767,50;0,1117
1767,00;0,1120
1766,50;0,1120
1766,00;0,1119
1765,50;0,1116
1765,00;0,1114
1764,50;0,1114
1764,00;0,1116
1763,50;0,1118
1763,00;0,1120
1762,50;0,1121
1762,00;0,1121
1761,50;0,1123
1761,00;0,1125
1760,50;0,1128
1760,00;0,1129
1759,50;0,1130
1759,00;0,1131
1758,50;0,1131
1758,00;0,1130
1757,50;0,1129
1757,00;0,1129
1756,50;0,1131
1756,00;0,1133
1755,50;0,1134
1755,00;0,1136
1754,50;0,1137
1754,00;0,1138
1753,50;0,1138
1753,00;0,1138
1752,50;0,1138
1752,00;0,1138
1751,50;0,1139
1751,00;0,1141
1750,50;0,1143
1750,00;0,1145
1749,50;0,1146
1749,00;0,1147
1748,50;0,1148
1748,00;0,1148
1747,50;0,1147
1747,00;0,1144
1746,50;0,1140
1746,00;0,1138
1745,50;0,1139
1745,00;0,1142
1744,50;0,1146
1744,00;0,1149
1743,50;0,1151
1743,00;0,1152
1742,50;0,1153
1742,00;0,1154
1741,50;0,1154
1741,00;0,1154
1740,50;0,1154
1740,00;0,1155
1739,50;0,1157
1739,00;0,1157
1738,50;0,1156
1738,00;0,1154
1737,50;0,1152
1737,00;0,1150
1736,50;0,1149
1736,00;0,1148
1735,50;0,1146
1735,00;0,1143
1734,50;0,1141
1734,00;0,1141
1733,50;0,1140
1733,00;0,1139
1732,50;0,1139
1732,00;0,1140
1731,50;0,1141
1731,00;0,1141
1730,50;0,1140
1730,00;0,1141
1729,50;0,1142
1729,00;0,1143
1728,50;0,1143
1728,00;0,1143
1727,50;0,1145
1727,00;0,1147
1726,50;0,1151
1726,00;0,1154
1725,50;0,1156
1725,00;0,1157
1724,50;0,1157
1724,00;0,1157
1723,50;0,1159
1723,00;0,1163
1722,50;0,1166
1722,00;0,1168
1721,50;0,1169
1721,00;0,1172
1720,50;0,1175
1720,00;0,1178
1719,50;0,1181
1719,00;0,1182
1718,50;0,1182
1718,00;0,1182
1717,50;0,1182
1717,00;0,1182
1716,50;0,1183
1716,00;0,1186
1715,50;0,1188
1715,00;0,1190
1714,50;0,1191
1714,00;0,1192
1713,50;0,1195
1713,00;0,1197
1712,50;0,1199
1712,00;0,1201
1711,50;0,1203
1711,00;0,1203
1710,50;0,1203
1710,00;0,1204
1709,50;0,1206
1709,00;0,1208
1708,50;0,1210
1708,00;0,1211
1707,50;0,1211
1707,00;0,1211
1706,50;0,1212
1706,00;0,1214
1705,50;0,1216
1705,00;0,1217
1704,50;0,1219
1704,00;0,1222
1703,50;0,1225
1703,00;0,1227
1702,50;0,1229
1702,00;0,1230
1701,50;0,1230
1701,00;0,1228
1700,50;0,1228
1700,00;0,1232
1699,50;0,1236
1699,00;0,1238
1698,50;0,1239
1698,00;0,1241
1697,50;0,1241
1697,00;0,1239
1696,50;0,1238
1696,00;0,1237
1695,50;0,1238
1695,00;0,1241
1694,50;0,1244
1694,00;0,1248
1693,50;0,1249
1693,00;0,1250
1692,50;0,1252
1692,00;0,1252
1691,50;0,1253
1691,00;0,1253
1690,50;0,1254
1690,00;0,1255
1689,50;0,1256
1689,00;0,1258
1688,50;0,1259
1688,00;0,1261
1687,50;0,1261
1687,00;0,1262
1686,50;0,1261
1686,00;0,1259
1685,50;0,1256
1685,00;0,1254
1684,50;0,1258
1684,00;0,1263
1683,50;0,1267
1683,00;0,1270
1682,50;0,1273
1682,00;0,1275
1681,50;0,1276
1681,00;0,1277
1680,50;0,1278
1680,00;0,1278
1679,50;0,1277
1679,00;0,1278
1678,50;0,1279
1678,00;0,1282
1677,50;0,1284
1677,00;0,1286
1676,50;0,1284
1676,00;0,1282
1675,50;0,1281
1675,00;0,1283
1674,50;0,1285
1674,00;0,1287
1673,50;0,1288
1673,00;0,1289
1672,50;0,1290
1672,00;0,1292
1671,50;0,1294
1671,00;0,1295
1670,50;0,1295
1670,00;0,1293
1669,50;0,1292
1669,00;0,1292
1668,50;0,1294
1668,00;0,1297
1667,50;0,1299
1667,00;0,1301
1666,50;0,1303
1666,00;0,1305
1665,50;0,1307
1665,00;0,1308
1664,50;0,1308
1664,00;0,1308
1663,50;0,1309
1663,00;0,1310
1662,50;0,1312
1662,00;0,1314
1661,50;0,1314
1661,00;0,1314
1660,50;0,1315
1660,00;0,1317
1659,50;0,1319
1659,00;0,1321
1658,50;0,1321
1658,00;0,1319
1657,50;0,1318
1657,00;0,1318
1656,50;0,1319
1656,00;0,1322
1655,50;0,1324
1655,00;0,1325
1654,50;0,1325
1654,00;0,1326
1653,50;0,1329
1653,00;0,1332
1652,50;0,1331
1652,00;0,1329
1651,50;0,1328
1651,00;0,1329
1650,50;0,1330
1650,00;0,1331
1649,50;0,1333
1649,00;0,1334
1648,50;0,1335
1648,00;0,1336
1647,50;0,1337
1647,00;0,1338
1646,50;0,1338
1646,00;0,1339
1645,50;0,1339
1645,00;0,1339
1644,50;0,1338
1644,00;0,1337
1643,50;0,1337
1643,00;0,1338
1642,50;0,1338
1642,00;0,1336
1641,50;0,1334
1641,00;0,1332
1640,50;0,1331
1640,00;0,1331
1639,50;0,1332
1639,00;0,1334
1638,50;0,1337
1638,00;0,1340
1637,50;0,1345
1637,00;0,1348
1636,50;0,1350
1636,00;0,1351
1635,50;0,1353
1635,00;0,1355
1634,50;0,1356
1634,00;0,1356
1633,50;0,1354
1633,00;0,1353
1632,50;0,1353
1632,00;0,1353
1631,50;0,1353
1631,00;0,1353
1630,50;0,1353
1630,00;0,1353
1629,50;0,1353
1629,00;0,1354
1628,50;0,1356
1628,00;0,1357
1627,50;0,1356
1627,00;0,1354
1626,50;0,1352
1626,00;0,1352
1625,50;0,1353
1625,00;0,1355
1624,50;0,1355
1624,00;0,1354
1623,50;0,1352
1623,00;0,1349
1622,50;0,1347
1622,00;0,1346
1621,50;0,1345
1621,00;0,1345
1620,50;0,1347
1620,00;0,1350
1619,50;0,1352
1619,00;0,1353
1618,50;0,1353
1618,00;0,1353
1617,50;0,1353
1617,00;0,1354
1616,50;0,1356
1616,00;0,1358
1615,50;0,1358
1615,00;0,1357
1614,50;0,1356
1614,00;0,1355
1613,50;0,1354
1613,00;0,1353
1612,50;0,1354
1612,00;0,1355
1611,50;0,1356
1611,00;0,1356
1610,50;0,1355
1610,00;0,1355
1609,50;0,1355
1609,00;0,1355
1608,50;0,1355
1608,00;0,1354
1607,50;0,1354
1607,00;0,1356
1606,50;0,1359
1606,00;0,1362
1605,50;0,1364
1605,00;0,1363
1604,50;0,1361
1604,00;0,1360
1603,50;0,1358
1603,00;0,1355
1602,50;0,1352
1602,00;0,1351
1601,50;0,1351
1601,00;0,1353
1600,50;0,1355
1600,00;0,1358
1599,50;0,1360
1599,00;0,1360
1598,50;0,1360
1598,00;0,1359
1597,50;0,1358
1597,00;0,1358
1596,50;0,1357
1596,00;0,1357
1595,50;0,1357
1595,00;0,1358
1594,50;0,1358
1594,00;0,1358
1593,50;0,1356
1593,00;0,1353
1592,50;0,1351
1592,00;0,1351
1591,50;0,1352
1591,00;0,1353
1590,50;0,1354
1590,00;0,1353
1589,50;0,1352
1589,00;0,1351
1588,50;0,1350
1588,00;0,1351
1587,50;0,1353
1587,00;0,1355
1586,50;0,1357
1586,00;0,1359
1585,50;0,1361
1585,00;0,1360
1584,50;0,1358
1584,00;0,1355
1583,50;0,1353
1583,00;0,1351
1582,50;0,1350
1582,00;0,1350
1581,50;0,1350
1581,00;0,1350
1580,50;0,1351
1580,00;0,1353
1579,50;0,1355
1579,00;0,1355
1578,50;0,1354
1578,00;0,1354
1577,50;0,1355
1577,00;0,1359
1576,50;0,1363
1576,00;0,1366
1575,50;0,1366
1575,00;0,1363
1574,50;0,1360
1574,00;0,1356
1573,50;0,1353
1573,00;0,1352
1572,50;0,1354
1572,00;0,1357
1571,50;0,1359
1571,00;0,1359
1570,50;0,1358
1570,00;0,1358
1569,50;0,1359
1569,00;0,1360
1568,50;0,1359
1568,00;0,1357
1567,50;0,1355
1567,00;0,1355
1566,50;0,1355
1566,00;0,1356
1565,50;0,1357
1565,00;0,1358
1564,50;0,1359
1564,00;0,1358
1563,50;0,1357
1563,00;0,1356
1562,50;0,1356
1562,00;0,1356
1561,50;0,1355
1561,00;0,1352
1560,50;0,1351
1560,00;0,1352
1559,50;0,1358
1559,00;0,1364
1558,50;0,1367
1558,00;0,1366
1557,50;0,1362
1557,00;0,1361
1556,50;0,1361
1556,00;0,1363
1555,50;0,1363
1555,00;0,1363
1554,50;0,1362
1554,00;0,1360
1553,50;0,1358
1553,00;0,1357
1552,50;0,1358
1552,00;0,1357
1551,50;0,1355
1551,00;0,1354
1550,50;0,1353
1550,00;0,1351
1549,50;0,1350
1549,00;0,1348
1548,50;0,1347
1548,00;0,1347
1547,50;0,1348
1547,00;0,1350
1546,50;0,1352
1546,00;0,1353
1545,50;0,1354
1545,00;0,1356
1544,50;0,1359
1544,00;0,1360
1543,50;0,1359
1543,00;0,1359
1542,50;0,1358
1542,00;0,1358
1541,50;0,1359
1541,00;0,1359
1540,50;0,1359
1540,00;0,1359
1539,50;0,1361
1539,00;0,1362
1538,50;0,1361
1538,00;0,1359
1537,50;0,1359
1537,00;0,1360
1536,50;0,1361
1536,00;0,1360
1535,50;0,1359
1535,00;0,1358
1534,50;0,1359
1534,00;0,1359
1533,50;0,1360
1533,00;0,1360
1532,50;0,1360
1532,00;0,1358
1531,50;0,1357
1531,00;0,1358
1530,50;0,1358
1530,00;0,1358
1529,50;0,1358
1529,00;0,1359
1528,50;0,1359
1528,00;0,1358
1527,50;0,1358
1527,00;0,1358
1526,50;0,1358
1526,00;0,1357
1525,50;0,1357
1525,00;0,1359
1524,50;0,1361
1524,00;0,1362
1523,50;0,1362
1523,00;0,1362
1522,50;0,1362
1522,00;0,1360
1521,50;0,1358
1521,00;0,1356
1520,50;0,1356
1520,00;0,1357
1519,50;0,1358
1519,00;0,1360
1518,50;0,1359
1518,00;0,1358
1517,50;0,1358
1517,00;0,1359
1516,50;0,1360
1516,00;0,1358
1515,50;0,1356
1515,00;0,1356
1514,50;0,1356
1514,00;0,1357
1513,50;0,1358
1513,00;0,1359
1512,50;0,1360
1512,00;0,1359
1511,50;0,1357
1511,00;0,1354
1510,50;0,1352
1510,00;0,1353
1509,50;0,1356
1509,00;0,1358
1508,50;0,1359
1508,00;0,1359
1507,50;0,1359
1507,00;0,1361
1506,50;0,1363
1506,00;0,1363
1505,50;0,1361
1505,00;0,1359
1504,50;0,1359
1504,00;0,1360
1503,50;0,1360
1503,00;0,1360
1502,50;0,1358
1502,00;0,1358
1501,50;0,1358
1501,00;0,1359
1500,50;0,1359
1500,00;0,1359
1499,50;0,1358
1499,00;0,1359
1498,50;0,1360
1498,00;0,1362
1497,50;0,1362
1497,00;0,1362
1496,50;0,1361
1496,00;0,1362
1495,50;0,1363
1495,00;0,1362
1494,50;0,1359
1494,00;0,1356
1493,50;0,1354
1493,00;0,1355
1492,50;0,1355
1492,00;0,1354
1491,50;0,1351
1491,00;0,1348
1490,50;0,1348
1490,00;0,1349
1489,50;0,1351
1489,00;0,1351
1488,50;0,1351
1488,00;0,1350
1487,50;0,1350
1487,00;0,1350
1486,50;0,1349
1486,00;0,1349
1485,50;0,1347
1485,00;0,1346
1484,50;0,1344
1484,00;0,1344
1483,50;0,1344
1483,00;0,1345
1482,50;0,1345
1482,00;0,1345
1481,50;0,1343
1481,00;0,1341
1480,50;0,1339
1480,00;0,1339
1479,50;0,1340
1479,00;0,1340
1478,50;0,1341
1478,00;0,1342
1477,50;0,1342
1477,00;0,1343
1476,50;0,1343
1476,00;0,1344
1475,50;0,1343
1475,00;0,1341
1474,50;0,1339
1474,00;0,1337
1473,50;0,1337
1473,00;0,1336
1472,50;0,1336
1472,00;0,1334
1471,50;0,1332
1471,00;0,1331
1470,50;0,1332
1470,00;0,1332
1469,50;0,1331
1469,00;0,1330
1468,50;0,1331
1468,00;0,1332
1467,50;0,1332
1467,00;0,1330
1466,50;0,1328
1466,00;0,1325
1465,50;0,1322
1465,00;0,1320
1464,50;0,1321
1464,00;0,1321
1463,50;0,1321
1463,00;0,1321
1462,50;0,1323
1462,00;0,1326
1461,50;0,1327
1461,00;0,1328
1460,50;0,1328
1460,00;0,1327
1459,50;0,1326
1459,00;0,1324
1458,50;0,1323
1458,00;0,1320
1457,50;0,1318
1457,00;0,1315
1456,50;0,1315
1456,00;0,1315
1455,50;0,1317
1455,00;0,1318
1454,50;0,1320
1454,00;0,1322
1453,50;0,1323
1453,00;0,1323
1452,50;0,1322
1452,00;0,1321
1451,50;0,1322
1451,00;0,1324
1450,50;0,1324
1450,00;0,1321
1449,50;0,1318
1449,00;0,1315
1448,50;0,1312
1448,00;0,1311
1447,50;0,1311
1447,00;0,1312
1446,50;0,1312
1446,00;0,1311
1445,50;0,1311
1445,00;0,1311
1444,50;0,1311
1444,00;0,1311
1443,50;0,1311
1443,00;0,1309
1442,50;0,1308
1442,00;0,1308
1441,50;0,1309
1441,00;0,1311
1440,50;0,1311
1440,00;0,1309
1439,50;0,1307
1439,00;0,1305
1438,50;0,1303
1438,00;0,1301
1437,50;0,1300
1437,00;0,1298
1436,50;0,1299
1436,00;0,1301
1435,50;0,1304
1435,00;0,1306
1434,50;0,1307
1434,00;0,1306
1433,50;0,1305
1433,00;0,1303
1432,50;0,1301
1432,00;0,1300
1431,50;0,1302
1431,00;0,1304
1430,50;0,1306
1430,00;0,1307
1429,50;0,1307
1429,00;0,1306
1428,50;0,1304
1428,00;0,1301
1427,50;0,1300
1427,00;0,1300
1426,50;0,1302
1426,00;0,1302
1425,50;0,1302
1425,00;0,1302
1424,50;0,1301
1424,00;0,1299
1423,50;0,1297
1423,00;0,1296
1422,50;0,1295
1422,00;0,1294
1421,50;0,1293
1421,00;0,1293
1420,50;0,1293
1420,00;0,1293
1419,50;0,1295
1419,00;0,1296
1418,50;0,1296
1418,00;0,1295
1417,50;0,1293
1417,00;0,1290
1416,50;0,1290
1416,00;0,1290
1415,50;0,1291
1415,00;0,1291
1414,50;0,1292
1414,00;0,1292
1413,50;0,1290
1413,00;0,1287
1412,50;0,1284
1412,00;0,1282
1411,50;0,1282
1411,00;0,1283
1410,50;0,1284
1410,00;0,1284
1409,50;0,1284
1409,00;0,1284
1408,50;0,1284
1408,00;0,1285
1407,50;0,1286
1407,00;0,1285
1406,50;0,1284
1406,00;0,1281
1405,50;0,1279
1405,00;0,1278
1404,50;0,1279
1404,00;0,1281
1403,50;0,1281
1403,00;0,1280
1402,50;0,1277
1402,00;0,1273
1401,50;0,1269
1401,00;0,1266
1400,50;0,1266
1400,00;0,1267
1399,50;0,1269
1399,00;0,1269
1398,50;0,1268
1398,00;0,1265
1397,50;0,1262
1397,00;0,1260
1396,50;0,1259
1396,00;0,1261
1395,50;0,1262
1395,00;0,1263
1394,50;0,1262
1394,00;0,1261
1393,50;0,1259
1393,00;0,1257
1392,50;0,1256
1392,00;0,1257
1391,50;0,1259
1391,00;0,1261
1390,50;0,1262
1390,00;0,1262
1389,50;0,1261
1389,00;0,1261
1388,50;0,1261
1388,00;0,1260
1387,50;0,1259
1387,00;0,1258
1386,50;0,1259
1386,00;0,1260
1385,50;0,1262
1385,00;0,1263
1384,50;0,1263
1384,00;0,1263
1383,50;0,1261
1383,00;0,1258
1382,50;0,1257
1382,00;0,1256
1381,50;0,1255
1381,00;0,1255
1380,50;0,1254
1380,00;0,1254
1379,50;0,1253
1379,00;0,1252
1378,50;0,1250
1378,00;0,1249
1377,50;0,1247
1377,00;0,1245
1376,50;0,1244
1376,00;0,1243
1375,50;0,1243
1375,00;0,1242
1374,50;0,1241
1374,00;0,1240
1373,50;0,1239
1373,00;0,1240
1372,50;0,1241
1372,00;0,1243
1371,50;0,1244
1371,00;0,1245
1370,50;0,1245
1370,00;0,1245
1369,50;0,1243
1369,00;0,1242
1368,50;0,1240
1368,00;0,1239
1367,50;0,1237
1367,00;0,1237
1366,50;0,1237
1366,00;0,1238
1365,50;0,1238
1365,00;0,1235
1364,50;0,1232
1364,00;0,1230
1363,50;0,1229
1363,00;0,1228
1362,50;0,1228
1362,00;0,1227
1361,50;0,1225
1361,00;0,1224
1360,50;0,1223
1360,00;0,1222
1359,50;0,1222
1359,00;0,1223
1358,50;0,1225
1358,00;0,1227
1357,50;0,1228
1357,00;0,1227
1356,50;0,1226
1356,00;0,1225
1355,50;0,1224
1355,00;0,1224
1354,50;0,1225
1354,00;0,1227
1353,50;0,1230
1353,00;0,1232
1352,50;0,1233
1352,00;0,1233
1351,50;0,1231
1351,00;0,1230
1350,50;0,1228
1350,00;0,1227
1349,50;0,1225
1349,00;0,1224
1348,50;0,1222
1348,00;0,1221
1347,50;0,1220
1347,00;0,1219
1346,50;0,1219
1346,00;0,1221
1345,50;0,1223
1345,00;0,1225
1344,50;0,1225
1344,00;0,1224
1343,50;0,1222
1343,00;0,1220
1342,50;0,1218
1342,00;0,1216
1341,50;0,1216
1341,00;0,1215
1340,50;0,1214
1340,00;0,1212
1339,50;0,1212
1339,00;0,1213
1338,50;0,1215
1338,00;0,1217
1337,50;0,1217
1337,00;0,1214
1336,50;0,1212
1336,00;0,1210
1335,50;0,1211
1335,00;0,1213
1334,50;0,1214
1334,00;0,1214
1333,50;0,1213
1333,00;0,1212
1332,50;0,1211
1332,00;0,1211
1331,50;0,1212
1331,00;0,1211
1330,50;0,1210
1330,00;0,1209
1329,50;0,1208
1329,00;0,1208
1328,50;0,1208
1328,00;0,1208
1327,50;0,1208
1327,00;0,1208
1326,50;0,1207
1326,00;0,1206
1325,50;0,1204
1325,00;0,1203
1324,50;0,1201
1324,00;0,1199
1323,50;0,1199
1323,00;0,1199
1322,50;0,1199
1322,00;0,1198
1321,50;0,1196
1321,00;0,1195
1320,50;0,1194
1320,00;0,1196
1319,50;0,1198
1319,00;0,1200
1318,50;0,1200
1318,00;0,1199
1317,50;0,1198
1317,00;0,1197
1316,50;0,1196
1316,00;0,1195
1315,50;0,1194
1315,00;0,1192
1314,50;0,1192
1314,00;0,1194
1313,50;0,1195
1313,00;0,1196
1312,50;0,1195
1312,00;0,1194
1311,50;0,1193
1311,00;0,1192
1310,50;0,1193
1310,00;0,1194
1309,50;0,1195
1309,00;0,1195
1308,50;0,1195
1308,00;0,1194
1307,50;0,1194
1307,00;0,1193
1306,50;0,1193
1306,00;0,1193
1305,50;0,1193
1305,00;0,1192
1304,50;0,1192
1304,00;0,1192
1303,50;0,1193
1303,00;0,1193
1302,50;0,1190
1302,00;0,1186
1301,50;0,1183
1301,00;0,1182
1300,50;0,1183
1300,00;0,1186
1299,50;0,1188
1299,00;0,1189
1298,50;0,1188
1298,00;0,1186
1297,50;0,1183
1297,00;0,1180
1296,50;0,1178
1296,00;0,1175
1295,50;0,1175
1295,00;0,1176
1294,50;0,1177
1294,00;0,1179
1293,50;0,1179
1293,00;0,1179
1292,50;0,1178
1292,00;0,1177
1291,50;0,1177
1291,00;0,1178
1290,50;0,1179
1290,00;0,1180
1289,50;0,1180
1289,00;0,1178
1288,50;0,1176
1288,00;0,1174
1287,50;0,1174
1287,00;0,1174
1286,50;0,1173
1286,00;0,1173
1285,50;0,1174
1285,00;0,1175
1284,50;0,1176
1284,00;0,1177
1283,50;0,1176
1283,00;0,1175
1282,50;0,1174
1282,00;0,1174
1281,50;0,1174
1281,00;0,1174
1280,50;0,1173
1280,00;0,1173
1279,50;0,1172
1279,00;0,1172
1278,50;0,1171
1278,00;0,1170
1277,50;0,1170
1277,00;0,1170
1276,50;0,1169
1276,00;0,1168
1275,50;0,1166
1275,00;0,1164
1274,50;0,1163
1274,00;0,1162
1273,50;0,1161
1273,00;0,1160
1272,50;0,1159
1272,00;0,1157
1271,50;0,1155
1271,00;0,1153
1270,50;0,1152
1270,00;0,1154
1269,50;0,1157
1269,00;0,1159
1268,50;0,1159
1268,00;0,1157
1267,50;0,1157
1267,00;0,1158
1266,50;0,1160
1266,00;0,1161
1265,50;0,1160
1265,00;0,1159
1264,50;0,1159
1264,00;0,1160
1263,50;0,1161
1263,00;0,1161
1262,50;0,1161
1262,00;0,1162
1261,50;0,1163
1261,00;0,1164
1260,50;0,1163
1260,00;0,1162
1259,50;0,1160
1259,00;0,1159
1258,50;0,1157
1258,00;0,1156
1257,50;0,1154
1257,00;0,1154
1256,50;0,1153
1256,00;0,1154
1255,50;0,1154
1255,00;0,1154
1254,50;0,1153
1254,00;0,1151
1253,50;0,1150
1253,00;0,1149
1252,50;0,1149
1252,00;0,1150
1251,50;0,1150
1251,00;0,1149
1250,50;0,1149
1250,00;0,1149
1249,50;0,1149
1249,00;0,1148
1248,50;0,1147
1248,00;0,1147
1247,50;0,1148
1247,00;0,1149
1246,50;0,1150
1246,00;0,1152
1245,50;0,1152
1245,00;0,1152
1244,50;0,1150
1244,00;0,1149
1243,50;0,1149
1243,00;0,1150
1242,50;0,1152
1242,00;0,1154
1241,50;0,1155
1241,00;0,1154
1240,50;0,1152
1240,00;0,1150
1239,50;0,1149
1239,00;0,1149
1238,50;0,1151
1238,00;0,1153
1237,50;0,1155
1237,00;0,1156
1236,50;0,1156
1236,00;0,1155
1235,50;0,1154
1235,00;0,1153
1234,50;0,1154
1234,00;0,1153
1233,50;0,1152
1233,00;0,1150
1232,50;0,1148
1232,00;0,1149
1231,50;0,1150
1231,00;0,1152
1230,50;0,1153
1230,00;0,1153
1229,50;0,1154
1229,00;0,1155
1228,50;0,1154
1228,00;0,1152
1227,50;0,1150
1227,00;0,1150
1226,50;0,1150
1226,00;0,1150
1225,50;0,1151
1225,00;0,1153
1224,50;0,1156
1224,00;0,1160
1223,50;0,1162
1223,00;0,1162
1222,50;0,1160
1222,00;0,1157
1221,50;0,1157
1221,00;0,1157
1220,50;0,1158
1220,00;0,1157
1219,50;0,1156
1219,00;0,1155
1218,50;0,1155
1218,00;0,1154
1217,50;0,1152
1217,00;0,1150
1216,50;0,1148
1216,00;0,1146
1215,50;0,1146
1215,00;0,1145
1214,50;0,1145
1214,00;0,1144
1213,50;0,1143
1213,00;0,1142
1212,50;0,1141
1212,00;0,1141
1211,50;0,1141
1211,00;0,1141
1210,50;0,1142
1210,00;0,1143
1209,50;0,1143
1209,00;0,1143
1208,50;0,1142
1208,00;0,1141
1207,50;0,1141
1207,00;0,1142
1206,50;0,1144
1206,00;0,1146
1205,50;0,1146
1205,00;0,1145
1204,50;0,1144
1204,00;0,1143
1203,50;0,1143
1203,00;0,1144
1202,50;0,1145
1202,00;0,1145
1201,50;0,1144
1201,00;0,1142
1200,50;0,1141
1200,00;0,1140
1199,50;0,1138
1199,00;0,1136
1198,50;0,1135
1198,00;0,1135
1197,50;0,1136
1197,00;0,1135
1196,50;0,1134
1196,00;0,1132
1195,50;0,1131
1195,00;0,1131
1194,50;0,1131
1194,00;0,1131
1193,50;0,1131
1193,00;0,1131
1192,50;0,1131
1192,00;0,1132
1191,50;0,1133
1191,00;0,1132
1190,50;0,1130
1190,00;0,1129
1189,50;0,1130
1189,00;0,1131
1188,50;0,1132
1188,00;0,1132
1187,50;0,1131
1187,00;0,1129
1186,50;0,1128
1186,00;0,1128
1185,50;0,1129
1185,00;0,1131
1184,50;0,1132
1184,00;0,1133
1183,50;0,1132
1183,00;0,1129
1182,50;0,1127
1182,00;0,1127
1181,50;0,1129
1181,00;0,1132
1180,50;0,1133
1180,00;0,1134
1179,50;0,1134
1179,00;0,1134
1178,50;0,1133
1178,00;0,1134
1177,50;0,1135
1177,00;0,1136
1176,50;0,1137
1176,00;0,1137
1175,50;0,1137
1175,00;0,1137
1174,50;0,1136
1174,00;0,1136
1173,50;0,1137
1173,00;0,1138
1172,50;0,1138
1172,00;0,1137
1171,50;0,1137
1171,00;0,1139
1170,50;0,1140
1170,00;0,1141
1169,50;0,1142
1169,00;0,1142
1168,50;0,1143
1168,00;0,1143
1167,50;0,1142
1167,00;0,1141
1166,50;0,1139
1166,00;0,1137
1165,50;0,1135
1165,00;0,1133
1164,50;0,1132
1164,00;0,1132
1163,50;0,1132
1163,00;0,1132
1162,50;0,1132
1162,00;0,1133
1161,50;0,1134
1161,00;0,1134
1160,50;0,1134
1160,00;0,1134
1159,50;0,1133
1159,00;0,1132
1158,50;0,1131
1158,00;0,1131
1157,50;0,1131
1157,00;0,1130
1156,50;0,1130
1156,00;0,1130
1155,50;0,1131
1155,00;0,1133
1154,50;0,1133
1154,00;0,1132
1153,50;0,1131
1153,00;0,1130
1152,50;0,1129
1152,00;0,1129
1151,50;0,1128
1151,00;0,1126
1150,50;0,1123
1150,00;0,1121
1149,50;0,1120
1149,00;0,1120
1148,50;0,1122
1148,00;0,1124
1147,50;0,1125
1147,00;0,1125
1146,50;0,1124
1146,00;0,1123
1145,50;0,1122
1145,00;0,1123
1144,50;0,1123
1144,00;0,1123
1143,50;0,1123
1143,00;0,1124
1142,50;0,1127
1142,00;0,1130
1141,50;0,1133
1141,00;0,1134
1140,50;0,1134
1140,00;0,1135
1139,50;0,1136
1139,00;0,1139
1138,50;0,1141
1138,00;0,1142
1137,50;0,1143
1137,00;0,1144
1136,50;0,1145
1136,00;0,1145
1135,50;0,1143
1135,00;0,1141
1134,50;0,1138
1134,00;0,1135
1133,50;0,1133
1133,00;0,1131
1132,50;0,1130
1132,00;0,1130
1131,50;0,1131
1131,00;0,1131
1130,50;0,1131
1130,00;0,1130
1129,50;0,1131
1129,00;0,1131
1128,50;0,1130
1128,00;0,1130
1127,50;0,1132
1127,00;0,1134
1126,50;0,1135
1126,00;0,1134
1125,50;0,1131
1125,00;0,1127
1124,50;0,1123
1124,00;0,1120
1123,50;0,1118
1123,00;0,1118
1122,50;0,1119
1122,00;0,1120
1121,50;0,1121
1121,00;0,1121
1120,50;0,1120
1120,00;0,1117
1119,50;0,1116
1119,00;0,1117
1118,50;0,1119
1118,00;0,1122
1117,50;0,1124
1117,00;0,1124
1116,50;0,1123
1116,00;0,1122
1115,50;0,1121
1115,00;0,1121
1114,50;0,1122
1114,00;0,1123
1113,50;0,1124
1113,00;0,1123
1112,50;0,1121
1112,00;0,1121
1111,50;0,1122
1111,00;0,1124
1110,50;0,1126
1110,00;0,1127
1109,50;0,1127
1109,00;0,1127
1108,50;0,1126
1108,00;0,1125
1107,50;0,1127
1107,00;0,1130
1106,50;0,1133
1106,00;0,1135
1105,50;0,1134
1105,00;0,1131
1104,50;0,1127
1104,00;0,1123
1103,50;0,1119
1103,00;0,1116
1102,50;0,1115
1102,00;0,1116
1101,50;0,1119
1101,00;0,1123
1100,50;0,1124
1100,00;0,1123
1099,50;0,1118
1099,00;0,1113
1098,50;0,1109
1098,00;0,1107
1097,50;0,1105
1097,00;0,1104
1096,50;0,1103
1096,00;0,1103
1095,50;0,1104
1095,00;0,1105
1094,50;0,1104
1094,00;0,1103
1093,50;0,1102
1093,00;0,1103
1092,50;0,1103
1092,00;0,1104
1091,50;0,1105
1091,00;0,1104
1090,50;0,1102
1090,00;0,1100
1089,50;0,1098
1089,00;0,1096
1088,50;0,1095
1088,00;0,1093
1087,50;0,1090
1087,00;0,1085
1086,50;0,1081
1086,00;0,1078
1085,50;0,1076
1085,00;0,1075
1084,50;0,1074
1084,00;0,1075
1083,50;0,1077
1083,00;0,1078
1082,50;0,1076
1082,00;0,1072
1081,50;0,1070
1081,00;0,1071
1080,50;0,1072
1080,00;0,1072
1079,50;0,1070
1079,00;0,1067
1078,50;0,1064
1078,00;0,1061
1077,50;0,1059
1077,00;0,1057
1076,50;0,1055
1076,00;0,1054
1075,50;0,1053
1075,00;0,1053
1074,50;0,1054
1074,00;0,1053
1073,50;0,1052
1073,00;0,1049
1072,50;0,1046
1072,00;0,1044
1071,50;0,1044
1071,00;0,1045
1070,50;0,1046
1070,00;0,1047
1069,50;0,1048
1069,00;0,1047
1068,50;0,1044
1068,00;0,1039
1067,50;0,1034
1067,00;0,1032
1066,50;0,1031
1066,00;0,1030
1065,50;0,1029
1065,00;0,1026
1064,50;0,1026
1064,00;0,1027
1063,50;0,1029
1063,00;0,1029
1062,50;0,1026
1062,00;0,1019
1061,50;0,1013
1061,00;0,1010
1060,50;0,1011
1060,00;0,1014
1059,50;0,1017
1059,00;0,1021
1058,50;0,1023
1058,00;0,1025
1057,50;0,1023
1057,00;0,1020
1056,50;0,1016
1056,00;0,1012
1055,50;0,1009
1055,00;0,1009
1054,50;0,1010
1054,00;0,1012
1053,50;0,1013
1053,00;0,1013
1052,50;0,1013
1052,00;0,1012
1051,50;0,1012
1051,00;0,1012
1050,50;0,1012
1050,00;0,1012
1049,50;0,1012
1049,00;0,1013
1048,50;0,1015
1048,00;0,1018
1047,50;0,1018
1047,00;0,1017
1046,50;0,1016
1046,00;0,1014
1045,50;0,1014
1045,00;0,1016
1044,50;0,1017
1044,00;0,1019
1043,50;0,1020
1043,00;0,1020
1042,50;0,1018
1042,00;0,1017
1041,50;0,1014
1041,00;0,1011
1040,50;0,1008
1040,00;0,1007
1039,50;0,1007
1039,00;0,1010
1038,50;0,1015
1038,00;0,1020
1037,50;0,1024
1037,00;0,1025
1036,50;0,1022
1036,00;0,1018
1035,50;0,1014
1035,00;0,1013
1034,50;0,1015
1034,00;0,1017
1033,50;0,1019
1033,00;0,1020
1032,50;0,1021
1032,00;0,1022
1031,50;0,1022
1031,00;0,1021
1030,50;0,1020
1030,00;0,1020
1029,50;0,1021
1029,00;0,1023
1028,50;0,1025
1028,00;0,1027
1027,50;0,1030
1027,00;0,1033
1026,50;0,1035
1026,00;0,1035
1025,50;0,1034
1025,00;0,1033
1024,50;0,1033
1024,00;0,1034
1023,50;0,1036
1023,00;0,1039
1022,50;0,1044
1022,00;0,1048
1021,50;0,1050
1021,00;0,1050
1020,50;0,1049
1020,00;0,1048
1019,50;0,1048
1019,00;0,1048
1018,50;0,1050
1018,00;0,1054
1017,50;0,1059
1017,00;0,1064
1016,50;0,1066
1016,00;0,1066
1015,50;0,1065
1015,00;0,1066
1014,50;0,1067
1014,00;0,1068
1013,50;0,1068
1013,00;0,1070
1012,50;0,1073
1012,00;0,1076
1011,50;0,1079
1011,00;0,1081
1010,50;0,1083
1010,00;0,1085
1009,50;0,1087
1009,00;0,1088
1008,50;0,1089
1008,00;0,1092
1007,50;0,1094
1007,00;0,1096
1006,50;0,1099
1006,00;0,1102
1005,50;0,1106
1005,00;0,1108
1004,50;0,1109
1004,00;0,1109
1003,50;0,1111
1003,00;0,1114
1002,50;0,1117
1002,00;0,1119
1001,50;0,1121
1001,00;0,1124
1000,50;0,1127
1000,00;0,1131
999,50;0,1134
999,00;0,1137
998,50;0,1139
998,00;0,1141
997,50;0,1145
997,00;0,1151
996,50;0,1156
996,00;0,1160
995,50;0,1162
995,00;0,1164
994,50;0,1165
994,00;0,1168
993,50;0,1172
993,00;0,1174
992,50;0,1177
992,00;0,1181
991,50;0,1186
991,00;0,1192
990,50;0,1198
990,00;0,1202
989,50;0,1203
989,00;0,1203
988,50;0,1204
988,00;0,1207
987,50;0,1213
987,00;0,1220
986,50;0,1227
986,00;0,1233
985,50;0,1239
985,00;0,1245
984,50;0,1250
984,00;0,1252
983,50;0,1253
983,00;0,1254
982,50;0,1256
982,00;0,1262
981,50;0,1269
981,00;0,1276
980,50;0,1280
980,00;0,1283
979,50;0,1286
979,00;0,1289
978,50;0,1292
978,00;0,1295
977,50;0,1300
977,00;0,1305
976,50;0,1309
976,00;0,1313
975,50;0,1320
975,00;0,1327
974,50;0,1335
974,00;0,1340
973,50;0,1344
973,00;0,1347
972,50;0,1351
972,00;0,1354
971,50;0,1357
971,00;0,1361
970,50;0,1367
970,00;0,1376
969,50;0,1386
969,00;0,1397
968,50;0,1405
968,00;0,1412
967,50;0,1417
967,00;0,1420
966,50;0,1423
966,00;0,1427
965,50;0,1435
965,00;0,1446
964,50;0,1456
964,00;0,1463
963,50;0,1467
963,00;0,1470
962,50;0,1474
962,00;0,1477
961,50;0,1480
961,00;0,1485
960,50;0,1494
960,00;0,1507
959,50;0,1521
959,00;0,1534
958,50;0,1546
958,00;0,1555
957,50;0,1563
957,00;0,1567
956,50;0,1570
956,00;0,1573
955,50;0,1578
955,00;0,1586
954,50;0,1597
954,00;0,1609
953,50;0,1621
953,00;0,1630
952,50;0,1637
952,00;0,1642
951,50;0,1647
951,00;0,1654
950,50;0,1664
950,00;0,1676
949,50;0,1689
949,00;0,1702
948,50;0,1714
948,00;0,1724
947,50;0,1731
947,00;0,1737
946,50;0,1744
946,00;0,1752
945,50;0,1761
945,00;0,1769
944,50;0,1777
944,00;0,1783
943,50;0,1790
943,00;0,1799
942,50;0,1811
942,00;0,1823
941,50;0,1832
941,00;0,1839
940,50;0,1846
940,00;0,1856
939,50;0,1870
939,00;0,1883
938,50;0,1894
938,00;0,1903
937,50;0,1910
937,00;0,1916
936,50;0,1921
936,00;0,1927
935,50;0,1936
935,00;0,1949
934,50;0,1964
934,00;0,1979
933,50;0,1991
933,00;0,2003
932,50;0,2013
932,00;0,2022
931,50;0,2029
931,00;0,2034
930,50;0,2040
930,00;0,2047
929,50;0,2057
929,00;0,2068
928,50;0,2080
928,00;0,2090
927,50;0,2099
927,00;0,2107
926,50;0,2116
926,00;0,2124
925,50;0,2130
925,00;0,2137
924,50;0,2145
924,00;0,2157
923,50;0,2171
923,00;0,2185
922,50;0,2196
922,00;0,2203
921,50;0,2206
921,00;0,2208
920,50;0,2210
920,00;0,2215
919,50;0,2223
919,00;0,2233
918,50;0,2242
918,00;0,2250
917,50;0,2259
917,00;0,2269
916,50;0,2281
916,00;0,2293
915,50;0,2304
915,00;0,2311
914,50;0,2317
914,00;0,2323
913,50;0,2329
913,00;0,2337
912,50;0,2345
912,00;0,2352
911,50;0,2358
911,00;0,2365
910,50;0,2372
910,00;0,2377
909,50;0,2380
909,00;0,2382
908,50;0,2386
908,00;0,2392
907,50;0,2402
907,00;0,2414
906,50;0,2427
906,00;0,2437
905,50;0,2439
905,00;0,2437
904,50;0,2437
904,00;0,2443
903,50;0,2457
903,00;0,2472
902,50;0,2485
902,00;0,2492
901,50;0,2493
901,00;0,2490
900,50;0,2487
900,00;0,2488
899,50;0,2493
899,00;0,2502
898,50;0,2515
898,00;0,2530
897,50;0,2545
897,00;0,2556
896,50;0,2562
896,00;0,2563
895,50;0,2564
895,00;0,2566
894,50;0,2567
894,00;0,2568
893,50;0,2568
893,00;0,2571
892,50;0,2576
892,00;0,2578
891,50;0,2575
891,00;0,2574
890,50;0,2581
890,00;0,2596
889,50;0,2610
889,00;0,2618
888,50;0,2620
888,00;0,2619
887,50;0,2620
887,00;0,2626
886,50;0,2636
886,00;0,2647
885,50;0,2655
885,00;0,2659
884,50;0,2661
884,00;0,2662
883,50;0,2665
883,00;0,2673
882,50;0,2686
882,00;0,2701
881,50;0,2710
881,00;0,2710
880,50;0,2706
880,00;0,2706
879,50;0,2713
879,00;0,2721
878,50;0,2725
878,00;0,2722
877,50;0,2716
877,00;0,2711
876,50;0,2714
876,00;0,2723
875,50;0,2735
875,00;0,2746
874,50;0,2752
874,00;0,2754
873,50;0,2755
873,00;0,2756
872,50;0,2756
872,00;0,2758
871,50;0,2763
871,00;0,2771
870,50;0,2781
870,00;0,2792
869,50;0,2799
869,00;0,2803
868,50;0,2805
868,00;0,2806
867,50;0,2805
867,00;0,2802
866,50;0,2802
866,00;0,2810
865,50;0,2823
865,00;0,2833
864,50;0,2836
864,00;0,2831
863,50;0,2827
863,00;0,2828
862,50;0,2835
862,00;0,2848
861,50;0,2862
861,00;0,2876
860,50;0,2888
860,00;0,2896
859,50;0,2897
859,00;0,2894
858,50;0,2889
858,00;0,2886
857,50;0,2886
857,00;0,2888
856,50;0,2894
856,00;0,2903
855,50;0,2915
855,00;0,2927
854,50;0,2937
854,00;0,2947
853,50;0,2955
853,00;0,2954
852,50;0,2944
852,00;0,2931
851,50;0,2926
851,00;0,2933
850,50;0,2946
850,00;0,2959
849,50;0,2968
849,00;0,2974
848,50;0,2977
848,00;0,2974
847,50;0,2968
847,00;0,2964
846,50;0,2965
846,00;0,2975
845,50;0,2990
845,00;0,3004
844,50;0,3012
844,00;0,3016
843,50;0,3019
843,00;0,3022
842,50;0,3025
842,00;0,3025
841,50;0,3022
841,00;0,3019
840,50;0,3021
840,00;0,3029
839,50;0,3039
839,00;0,3047
838,50;0,3053
838,00;0,3058
837,50;0,3062
837,00;0,3066
836,50;0,3067
836,00;0,3067
835,50;0,3066
835,00;0,3067
834,50;0,3069
834,00;0,3071
833,50;0,3069
833,00;0,3064
832,50;0,3058
832,00;0,3056
831,50;0,3063
831,00;0,3077
830,50;0,3093
830,00;0,3103
829,50;0,3106
829,00;0,3107
828,50;0,3112
828,00;0,3117
827,50;0,3117
827,00;0,3108
826,50;0,3098
826,00;0,3094
825,50;0,3100
825,00;0,3114
824,50;0,3131
824,00;0,3143
823,50;0,3147
823,00;0,3144
822,50;0,3139
822,00;0,3136
821,50;0,3133
821,00;0,3130
820,50;0,3128
820,00;0,3126
819,50;0,3126
819,00;0,3130
818,50;0,3140
818,00;0,3154
817,50;0,3166
817,00;0,3169
816,50;0,3167
816,00;0,3163
815,50;0,3162
815,00;0,3162
814,50;0,3162
814,00;0,3162
813,50;0,3167
813,00;0,3176
812,50;0,3186
812,00;0,3192
811,50;0,3188
811,00;0,3178
810,50;0,3168
810,00;0,3165
809,50;0,3168
809,00;0,3170
808,50;0,3169
808,00;0,3164
807,50;0,3159
807,00;0,3155
806,50;0,3154
806,00;0,3155
805,50;0,3157
805,00;0,3157
804,50;0,3156
804,00;0,3158
803,50;0,3164
803,00;0,3172
802,50;0,3178
802,00;0,3181
801,50;0,3180
801,00;0,3175
800,50;0,3165
800,00;0,3152
799,50;0,3141
799,00;0,3134
798,50;0,3131
798,00;0,3131
797,50;0,3132
797,00;0,3133
796,50;0,3135
796,00;0,3139
795,50;0,3144
795,00;0,3147
794,50;0,3147
794,00;0,3146
793,50;0,3147
793,00;0,3151
792,50;0,3156
792,00;0,3158
791,50;0,3155
791,00;0,3147
790,50;0,3138
790,00;0,3130
789,50;0,3124
789,00;0,3121
788,50;0,3119
788,00;0,3119
787,50;0,3118
787,00;0,3117
786,50;0,3117
786,00;0,3119
785,50;0,3122
785,00;0,3122
784,50;0,3115
784,00;0,3104
783,50;0,3097
783,00;0,3097
782,50;0,3103
782,00;0,3111
781,50;0,3117
781,00;0,3119
780,50;0,3118
780,00;0,3115
779,50;0,3107
779,00;0,3098
778,50;0,3089
778,00;0,3081
777,50;0,3077
777,00;0,3076
776,50;0,3077
776,00;0,3075
775,50;0,3068
775,00;0,3056
774,50;0,3046
774,00;0,3040
773,50;0,3040
773,00;0,3040
772,50;0,3040
772,00;0,3038
771,50;0,3037
771,00;0,3035
770,50;0,3031
770,00;0,3024
769,50;0,3017
769,00;0,3010
768,50;0,3004
768,00;0,2998
767,50;0,2989
767,00;0,2978
766,50;0,2966
766,00;0,2959
765,50;0,2960
765,00;0,2967
764,50;0,2975
764,00;0,2980
763,50;0,2981
763,00;0,2978
762,50;0,2972
762,00;0,2964
761,50;0,2955
761,00;0,2947
760,50;0,2940
760,00;0,2931
759,50;0,2919
759,00;0,2906
758,50;0,2895
758,00;0,2888
757,50;0,2886
757,00;0,2890
756,50;0,2895
756,00;0,2899
755,50;0,2900
755,00;0,2898
754,50;0,2892
754,00;0,2881
753,50;0,2865
753,00;0,2848
752,50;0,2836
752,00;0,2829
751,50;0,2825
751,00;0,2822
750,50;0,2819
750,00;0,2815
749,50;0,2810
749,00;0,2804
748,50;0,2801
748,00;0,2797
747,50;0,2789
747,00;0,2777
746,50;0,2765
746,00;0,2758
745,50;0,2755
745,00;0,2753
744,50;0,2752
744,00;0,2748
743,50;0,2740
743,00;0,2726
742,50;0,2710
742,00;0,2699
741,50;0,2693
741,00;0,2689
740,50;0,2685
740,00;0,2678
739,50;0,2671
739,00;0,2663
738,50;0,2656
738,00;0,2649
737,50;0,2640
737,00;0,2630
736,50;0,2619
736,00;0,2611
735,50;0,2604
735,00;0,2595
734,50;0,2584
734,00;0,2574
733,50;0,2566
733,00;0,2559
732,50;0,2550
732,00;0,2541
731,50;0,2534
731,00;0,2531
730,50;0,2531
730,00;0,2529
729,50;0,2526
729,00;0,2523
728,50;0,2522
728,00;0,2522
727,50;0,2519
727,00;0,2510
726,50;0,2495
726,00;0,2482
725,50;0,2471
725,00;0,2463
724,50;0,2456
724,00;0,2452
723,50;0,2452
723,00;0,2451
722,50;0,2444
722,00;0,2432
721,50;0,2420
721,00;0,2415
720,50;0,2415
720,00;0,2418
719,50;0,2417
719,00;0,2411
718,50;0,2400
718,00;0,2386
717,50;0,2376
717,00;0,2372
716,50;0,2373
716,00;0,2371
715,50;0,2365
715,00;0,2356
714,50;0,2350
714,00;0,2348
713,50;0,2348
713,00;0,2346
712,50;0,2343
712,00;0,2337
711,50;0,2330
711,00;0,2323
710,50;0,2317
710,00;0,2313
709,50;0,2311
709,00;0,2308
708,50;0,2304
708,00;0,2296
707,50;0,2287
707,00;0,2280
706,50;0,2275
706,00;0,2272
705,50;0,2267
705,00;0,2259
704,50;0,2251
704,00;0,2245
703,50;0,2240
703,00;0,2235
702,50;0,2230
702,00;0,2229
701,50;0,2229
701,00;0,2225
700,50;0,2216
700,00;0,2208
699,50;0,2202
699,00;0,2200
698,50;0,2197
698,00;0,2196
697,50;0,2195
697,00;0,2195
696,50;0,2191
696,00;0,2185
695,50;0,2180
695,00;0,2178
694,50;0,2173
694,00;0,2164
693,50;0,2153
693,00;0,2145
692,50;0,2142
692,00;0,2142
691,50;0,2139
691,00;0,2130
690,50;0,2119
690,00;0,2110
689,50;0,2110
689,00;0,2117
688,50;0,2126
688,00;0,2132
687,50;0,2129
687,00;0,2121
686,50;0,2111
686,00;0,2104
685,50;0,2099
685,00;0,2093
684,50;0,2085
684,00;0,2078
683,50;0,2076
683,00;0,2080
682,50;0,2086
682,00;0,2089
681,50;0,2086
681,00;0,2077
680,50;0,2067
680,00;0,2059
679,50;0,2053
679,00;0,2048
678,50;0,2043
678,00;0,2035
677,50;0,2029
677,00;0,2026
676,50;0,2026
676,00;0,2030
675,50;0,2033
675,00;0,2031
674,50;0,2022
674,00;0,2010
673,50;0,1996
673,00;0,1983
672,50;0,1973
672,00;0,1970
671,50;0,1976
671,00;0,1984
670,50;0,1991
670,00;0,1991
669,50;0,1991
669,00;0,2002
668,50;0,2026
668,00;0,2047
667,50;0,2039
667,00;0,1998
666,50;0,1965
666,00;0,1947
665,50;0,1933
665,00;0,1919
664,50;0,1908
664,00;0,1903
663,50;0,1899
663,00;0,1895
662,50;0,1891
662,00;0,1888
661,50;0,1892
661,00;0,1900
660,50;0,1906
660,00;0,1903
659,50;0,1890
659,00;0,1874
658,50;0,1864
658,00;0,1864
657,50;0,1869
657,00;0,1871
656,50;0,1868
656,00;0,1864
655,50;0,1860
655,00;0,1858
654,50;0,1854
654,00;0,1848
653,50;0,1839
653,00;0,1829
652,50;0,1821
652,00;0,1817
651,50;0,1815
651,00;0,1816
650,50;0,1815
650,00;0,1813
649,50;0,1808
649,00;0,1800
648,50;0,1793
648,00;0,1787
647,50;0,1785
647,00;0,1786
646,50;0,1788
646,00;0,1792
645,50;0,1800
645,00;0,1810
644,50;0,1816
644,00;0,1811
643,50;0,1791
643,00;0,1765
642,50;0,1742
642,00;0,1731
641,50;0,1732
641,00;0,1739
640,50;0,1748
640,00;0,1755
639,50;0,1756
639,00;0,1751
638,50;0,1743
638,00;0,1734
637,50;0,1725
637,00;0,1718
636,50;0,1715
636,00;0,1715
635,50;0,1718
635,00;0,1721
634,50;0,1720
634,00;0,1714
633,50;0,1703
633,00;0,1690
632,50;0,1677
632,00;0,1668
631,50;0,1662
631,00;0,1658
630,50;0,1657
630,00;0,1663
629,50;0,1676
629,00;0,1687
628,50;0,1690
628,00;0,1683
627,50;0,1669
627,00;0,1654
626,50;0,1641
626,00;0,1635
625,50;0,1639
625,00;0,1649
624,50;0,1661
624,00;0,1668
623,50;0,1668
623,00;0,1660
622,50;0,1647
622,00;0,1633
621,50;0,1622
621,00;0,1618
620,50;0,1623
620,00;0,1632
619,50;0,1642
619,00;0,1648
618,50;0,1648
618,00;0,1642
617,50;0,1630
617,00;0,1616
616,50;0,1607
616,00;0,1604
615,50;0,1607
615,00;0,1613
614,50;0,1616
614,00;0,1616
613,50;0,1615
613,00;0,1613
612,50;0,1607
612,00;0,1597
611,50;0,1586
611,00;0,1582
610,50;0,1585
610,00;0,1592
609,50;0,1600
609,00;0,1606
608,50;0,1609
608,00;0,1606
607,50;0,1597
607,00;0,1585
606,50;0,1573
606,00;0,1565
605,50;0,1565
605,00;0,1570
604,50;0,1575
604,00;0,1574
603,50;0,1570
603,00;0,1568
602,50;0,1568
602,00;0,1564
601,50;0,1554
601,00;0,1542
600,50;0,1535
600,00;0,1537
599,50;0,1541
599,00;0,1543
598,50;0,1541
598,00;0,1539
597,50;0,1536
597,00;0,1530
596,50;0,1520
596,00;0,1511
595,50;0,1509
595,00;0,1515
594,50;0,1526
594,00;0,1534
593,50;0,1537
593,00;0,1537
592,50;0,1536
592,00;0,1533
591,50;0,1526
591,00;0,1517
590,50;0,1505
590,00;0,1493
589,50;0,1483
589,00;0,1481
588,50;0,1490
588,00;0,1508
587,50;0,1526
587,00;0,1534
586,50;0,1525
586,00;0,1505
585,50;0,1486
585,00;0,1479
584,50;0,1484
584,00;0,1491
583,50;0,1493
583,00;0,1490
582,50;0,1490
582,00;0,1492
581,50;0,1490
581,00;0,1479
580,50;0,1459
580,00;0,1438
579,50;0,1425
579,00;0,1424
578,50;0,1431
578,00;0,1440
577,50;0,1446
577,00;0,1448
576,50;0,1447
576,00;0,1443
575,50;0,1434
575,00;0,1423
574,50;0,1416
574,00;0,1415
573,50;0,1418
573,00;0,1421
572,50;0,1424
572,00;0,1432
571,50;0,1442
571,00;0,1448
570,50;0,1444
570,00;0,1433
569,50;0,1423
569,00;0,1418
568,50;0,1414
568,00;0,1411
567,50;0,1409
567,00;0,1409
566,50;0,1408
566,00;0,1405
565,50;0,1399
565,00;0,1391
564,50;0,1383
564,00;0,1379
563,50;0,1383
563,00;0,1391
562,50;0,1395
562,00;0,1393
561,50;0,1387
561,00;0,1382
560,50;0,1379
560,00;0,1374
559,50;0,1365
559,00;0,1355
558,50;0,1345
558,00;0,1339
557,50;0,1339
557,00;0,1346
556,50;0,1355
556,00;0,1362
555,50;0,1366
555,00;0,1365
554,50;0,1360
554,00;0,1353
553,50;0,1350
553,00;0,1355
552,50;0,1367
552,00;0,1379
551,50;0,1387
551,00;0,1388
550,50;0,1384
550,00;0,1373
549,50;0,1355
549,00;0,1334
548,50;0,1317
548,00;0,1310
547,50;0,1313
547,00;0,1320
546,50;0,1326
546,00;0,1330
545,50;0,1330
545,00;0,1326
544,50;0,1315
544,00;0,1296
543,50;0,1272
543,00;0,1246
542,50;0,1225
542,00;0,1214
541,50;0,1219
541,00;0,1239
540,50;0,1263
540,00;0,1274
539,50;0,1262
539,00;0,1232
538,50;0,1198
538,00;0,1178
537,50;0,1179
537,00;0,1198
536,50;0,1219
536,00;0,1231
535,50;0,1234
535,00;0,1235
534,50;0,1236
534,00;0,1230
533,50;0,1213
533,00;0,1186
532,50;0,1158
532,00;0,1140
531,50;0,1139
531,00;0,1150
530,50;0,1162
530,00;0,1166
529,50;0,1157
529,00;0,1140
528,50;0,1118
528,00;0,1097
527,50;0,1082
527,00;0,1082
526,50;0,1096
526,00;0,1111
525,50;0,1121
525,00;0,1125
524,50;0,1127
524,00;0,1124
523,50;0,1116
523,00;0,1105
522,50;0,1100
522,00;0,1104
521,50;0,1113
521,00;0,1125
520,50;0,1143
520,00;0,1166
519,50;0,1187
519,00;0,1199
518,50;0,1196
518,00;0,1178
517,50;0,1150
517,00;0,1120
516,50;0,1101
516,00;0,1096
515,50;0,1102
515,00;0,1111
514,50;0,1125
514,00;0,1146
513,50;0,1167
513,00;0,1177
512,50;0,1169
512,00;0,1153
511,50;0,1145
511,00;0,1151
510,50;0,1167
510,00;0,1182
509,50;0,1193
509,00;0,1200
508,50;0,1204
508,00;0,1199
507,50;0,1182
507,00;0,1152
506,50;0,1119
506,00;0,1095
505,50;0,1095
505,00;0,1121
504,50;0,1159
504,00;0,1188
503,50;0,1199
503,00;0,1196
502,50;0,1188
502,00;0,1178
501,50;0,1165
501,00;0,1153
500,50;0,1152
500,00;0,1166
499,50;0,1188
499,00;0,1208
498,50;0,1219
498,00;0,1220
497,50;0,1212
497,00;0,1198
496,50;0,1177
496,00;0,1155
495,50;0,1142
495,00;0,1149
494,50;0,1174
494,00;0,1202
493,50;0,1214
493,00;0,1203
492,50;0,1176
492,00;0,1141
491,50;0,1110
491,00;0,1091
490,50;0,1094
490,00;0,1115
489,50;0,1144
489,00;0,1169
488,50;0,1178
488,00;0,1167
487,50;0,1140
487,00;0,1110
486,50;0,1090
486,00;0,1087
485,50;0,1098
485,00;0,1119
484,50;0,1141
484,00;0,1159
483,50;0,1168
483,00;0,1169
482,50;0,1163
482,00;0,1143
481,50;0,1107
481,00;0,1065
480,50;0,1038
480,00;0,1038
479,50;0,1061
479,00;0,1096
478,50;0,1136
478,00;0,1173
477,50;0,1196
477,00;0,1197
476,50;0,1179
476,00;0,1154
475,50;0,1135
475,00;0,1127
474,50;0,1130
474,00;0,1143
473,50;0,1164
473,00;0,1190
472,50;0,1213
472,00;0,1222
471,50;0,1209
471,00;0,1173
470,50;0,1123
470,00;0,1075
469,50;0,1043
469,00;0,1039
468,50;0,1067
468,00;0,1124
467,50;0,1193
467,00;0,1246
466,50;0,1259
466,00;0,1222
465,50;0,1155
465,00;0,1095
464,50;0,1074
464,00;0,1093
463,50;0,1127
463,00;0,1153
462,50;0,1165
462,00;0,1170
461,50;0,1172
461,00;0,1168
460,50;0,1155
460,00;0,1136
459,50;0,1118
459,00;0,1108
458,50;0,1111
458,00;0,1131
457,50;0,1163
457,00;0,1198
456,50;0,1216
456,00;0,1191
455,50;0,1120
455,00;0,1030
454,50;0,0966
454,00;0,0955
453,50;0,0998
453,00;0,1082
452,50;0,1186
452,00;0,1273
451,50;0,1301
451,00;0,1254
450,50;0,1167
450,00;0,1097
449,50;0,1073
449,00;0,1079
448,50;0,1087
448,00;0,1086
447,50;0,1085
447,00;0,1089
446,50;0,1092
446,00;0,1087
445,50;0,1076
445,00;0,1065
444,50;0,1057
444,00;0,1050
443,50;0,1049
443,00;0,1067
442,50;0,1105
442,00;0,1153
441,50;0,1193
441,00;0,1217
440,50;0,1222
440,00;0,1199
439,50;0,1142
439,00;0,1069
438,50;0,1020
438,00;0,1033
437,50;0,1101
437,00;0,1178
436,50;0,1214
436,00;0,1187
435,50;0,1113
435,00;0,1030
434,50;0,0973
434,00;0,0960
433,50;0,0985
433,00;0,1022
432,50;0,1039
432,00;0,1021
431,50;0,0990
431,00;0,0976
430,50;0,0984
430,00;0,0986
429,50;0,0961
429,00;0,0924
428,50;0,0901
428,00;0,0905
427,50;0,0929
427,00;0,0975
426,50;0,1032
426,00;0,1067
425,50;0,1052
425,00;0,1004
424,50;0,0957
424,00;0,0908
423,50;0,0842
423,00;0,0787
422,50;0,0794
422,00;0,0856
421,50;0,0914
421,00;0,0941
420,50;0,0958
420,00;0,0982
419,50;0,0995
419,00;0,1002
418,50;0,1043
418,00;0,1099
417,50;0,1055
417,00;0,0854
416,50;0,0608
416,00;0,0504
415,50;0,0631
415,00;0,0908
414,50;0,1142
414,00;0,1175
413,50;0,1019
413,00;0,0841
412,50;0,0799
412,00;0,0919
411,50;0,1084
411,00;0,1146
410,50;0,1063
410,00;0,0909
409,50;0,0776
409,00;0,0656
408,50;0,0490
408,00;0,0275
407,50;0,0101
407,00;0,0121
406,50;0,0422
406,00;0,0904
405,50;0,1336
405,00;0,1509
404,50;0,1411
404,00;0,1213
403,50;0,1018
403,00;0,0804
402,50;0,0578
402,00;0,0463
401,50;0,0559
401,00;0,0765
400,50;0,0906
400,00;0,0907
