Erstellt als neuer Datensatz;Sample 172 By PC59-C710\Spektrum3 date Dienstag, Juni 02 2026
cm-1;A
4000,00;0,0933
3999,50;0,0927
3999,00;0,0919
3998,50;0,0912
3998,00;0,0907
3997,50;0,0906
3997,00;0,0910
3996,50;0,0916
3996,00;0,0923
3995,50;0,0927
3995,00;0,0928
3994,50;0,0926
3994,00;0,0922
3993,50;0,0917
3993,00;0,0914
3992,50;0,0912
3992,00;0,0913
3991,50;0,0915
3991,00;0,0918
3990,50;0,0921
3990,00;0,0923
3989,50;0,0924
3989,00;0,0923
3988,50;0,0919
3988,00;0,0916
3987,50;0,0915
3987,00;0,0916
3986,50;0,0918
3986,00;0,0920
3985,50;0,0920
3985,00;0,0921
3984,50;0,0921
3984,00;0,0920
3983,50;0,0917
3983,00;0,0914
3982,50;0,0912
3982,00;0,0912
3981,50;0,0914
3981,00;0,0915
3980,50;0,0917
3980,00;0,0919
3979,50;0,0920
3979,00;0,0920
3978,50;0,0918
3978,00;0,0915
3977,50;0,0913
3977,00;0,0913
3976,50;0,0915
3976,00;0,0919
3975,50;0,0921
3975,00;0,0921
3974,50;0,0919
3974,00;0,0915
3973,50;0,0914
3973,00;0,0914
3972,50;0,0914
3972,00;0,0913
3971,50;0,0913
3971,00;0,0914
3970,50;0,0919
3970,00;0,0924
3969,50;0,0928
3969,00;0,0927
3968,50;0,0924
3968,00;0,0917
3967,50;0,0910
3967,00;0,0903
3966,50;0,0901
3966,00;0,0904
3965,50;0,0912
3965,00;0,0921
3964,50;0,0927
3964,00;0,0928
3963,50;0,0926
3963,00;0,0922
3962,50;0,0918
3962,00;0,0913
3961,50;0,0909
3961,00;0,0908
3960,50;0,0910
3960,00;0,0915
3959,50;0,0920
3959,00;0,0923
3958,50;0,0923
3958,00;0,0921
3957,50;0,0917
3957,00;0,0913
3956,50;0,0911
3956,00;0,0911
3955,50;0,0914
3955,00;0,0919
3954,50;0,0925
3954,00;0,0927
3953,50;0,0926
3953,00;0,0922
3952,50;0,0917
3952,00;0,0913
3951,50;0,0908
3951,00;0,0905
3950,50;0,0902
3950,00;0,0903
3949,50;0,0908
3949,00;0,0916
3948,50;0,0922
3948,00;0,0924
3947,50;0,0922
3947,00;0,0919
3946,50;0,0916
3946,00;0,0915
3945,50;0,0914
3945,00;0,0915
3944,50;0,0918
3944,00;0,0922
3943,50;0,0925
3943,00;0,0926
3942,50;0,0924
3942,00;0,0922
3941,50;0,0918
3941,00;0,0915
3940,50;0,0912
3940,00;0,0910
3939,50;0,0910
3939,00;0,0914
3938,50;0,0920
3938,00;0,0925
3937,50;0,0927
3937,00;0,0925
3936,50;0,0920
3936,00;0,0915
3935,50;0,0912
3935,00;0,0913
3934,50;0,0918
3934,00;0,0925
3933,50;0,0930
3933,00;0,0931
3932,50;0,0927
3932,00;0,0920
3931,50;0,0914
3931,00;0,0911
3930,50;0,0910
3930,00;0,0911
3929,50;0,0914
3929,00;0,0919
3928,50;0,0923
3928,00;0,0925
3927,50;0,0923
3927,00;0,0919
3926,50;0,0914
3926,00;0,0909
3925,50;0,0907
3925,00;0,0908
3924,50;0,0912
3924,00;0,0919
3923,50;0,0926
3923,00;0,0931
3922,50;0,0932
3922,00;0,0930
3921,50;0,0926
3921,00;0,0921
3920,50;0,0916
3920,00;0,0913
3919,50;0,0916
3919,00;0,0922
3918,50;0,0928
3918,00;0,0931
3917,50;0,0930
3917,00;0,0928
3916,50;0,0926
3916,00;0,0925
3915,50;0,0923
3915,00;0,0921
3914,50;0,0922
3914,00;0,0924
3913,50;0,0926
3913,00;0,0926
3912,50;0,0924
3912,00;0,0921
3911,50;0,0919
3911,00;0,0916
3910,50;0,0912
3910,00;0,0909
3909,50;0,0908
3909,00;0,0910
3908,50;0,0915
3908,00;0,0919
3907,50;0,0923
3907,00;0,0926
3906,50;0,0927
3906,00;0,0928
3905,50;0,0930
3905,00;0,0931
3904,50;0,0932
3904,00;0,0934
3903,50;0,0940
3903,00;0,0947
3902,50;0,0949
3902,00;0,0945
3901,50;0,0940
3901,00;0,0937
3900,50;0,0936
3900,00;0,0930
3899,50;0,0923
3899,00;0,0920
3898,50;0,0924
3898,00;0,0932
3897,50;0,0936
3897,00;0,0934
3896,50;0,0927
3896,00;0,0920
3895,50;0,0914
3895,00;0,0910
3894,50;0,0908
3894,00;0,0908
3893,50;0,0910
3893,00;0,0914
3892,50;0,0920
3892,00;0,0927
3891,50;0,0931
3891,00;0,0933
3890,50;0,0934
3890,00;0,0933
3889,50;0,0928
3889,00;0,0924
3888,50;0,0923
3888,00;0,0927
3887,50;0,0934
3887,00;0,0939
3886,50;0,0938
3886,00;0,0931
3885,50;0,0923
3885,00;0,0919
3884,50;0,0918
3884,00;0,0915
3883,50;0,0910
3883,00;0,0910
3882,50;0,0916
3882,00;0,0925
3881,50;0,0931
3881,00;0,0929
3880,50;0,0920
3880,00;0,0912
3879,50;0,0909
3879,00;0,0911
3878,50;0,0912
3878,00;0,0910
3877,50;0,0908
3877,00;0,0909
3876,50;0,0913
3876,00;0,0919
3875,50;0,0924
3875,00;0,0926
3874,50;0,0925
3874,00;0,0923
3873,50;0,0924
3873,00;0,0927
3872,50;0,0929
3872,00;0,0928
3871,50;0,0928
3871,00;0,0930
3870,50;0,0933
3870,00;0,0932
3869,50;0,0928
3869,00;0,0925
3868,50;0,0922
3868,00;0,0917
3867,50;0,0913
3867,00;0,0913
3866,50;0,0920
3866,00;0,0929
3865,50;0,0935
3865,00;0,0936
3864,50;0,0932
3864,00;0,0927
3863,50;0,0924
3863,00;0,0925
3862,50;0,0927
3862,00;0,0930
3861,50;0,0932
3861,00;0,0932
3860,50;0,0929
3860,00;0,0922
3859,50;0,0915
3859,00;0,0911
3858,50;0,0911
3858,00;0,0915
3857,50;0,0920
3857,00;0,0925
3856,50;0,0931
3856,00;0,0939
3855,50;0,0946
3855,00;0,0951
3854,50;0,0950
3854,00;0,0946
3853,50;0,0945
3853,00;0,0945
3852,50;0,0941
3852,00;0,0936
3851,50;0,0935
3851,00;0,0938
3850,50;0,0937
3850,00;0,0928
3849,50;0,0918
3849,00;0,0915
3848,50;0,0918
3848,00;0,0920
3847,50;0,0918
3847,00;0,0911
3846,50;0,0903
3846,00;0,0897
3845,50;0,0897
3845,00;0,0900
3844,50;0,0907
3844,00;0,0913
3843,50;0,0918
3843,00;0,0921
3842,50;0,0923
3842,00;0,0925
3841,50;0,0927
3841,00;0,0927
3840,50;0,0925
3840,00;0,0922
3839,50;0,0920
3839,00;0,0920
3838,50;0,0920
3838,00;0,0917
3837,50;0,0914
3837,00;0,0915
3836,50;0,0918
3836,00;0,0919
3835,50;0,0917
3835,00;0,0914
3834,50;0,0917
3834,00;0,0925
3833,50;0,0935
3833,00;0,0941
3832,50;0,0942
3832,00;0,0938
3831,50;0,0933
3831,00;0,0929
3830,50;0,0927
3830,00;0,0925
3829,50;0,0922
3829,00;0,0921
3828,50;0,0920
3828,00;0,0920
3827,50;0,0920
3827,00;0,0919
3826,50;0,0920
3826,00;0,0922
3825,50;0,0925
3825,00;0,0928
3824,50;0,0931
3824,00;0,0933
3823,50;0,0934
3823,00;0,0932
3822,50;0,0930
3822,00;0,0928
3821,50;0,0926
3821,00;0,0922
3820,50;0,0920
3820,00;0,0923
3819,50;0,0927
3819,00;0,0928
3818,50;0,0926
3818,00;0,0925
3817,50;0,0927
3817,00;0,0933
3816,50;0,0937
3816,00;0,0939
3815,50;0,0942
3815,00;0,0947
3814,50;0,0946
3814,00;0,0936
3813,50;0,0922
3813,00;0,0909
3812,50;0,0903
3812,00;0,0902
3811,50;0,0904
3811,00;0,0908
3810,50;0,0913
3810,00;0,0918
3809,50;0,0922
3809,00;0,0925
3808,50;0,0927
3808,00;0,0929
3807,50;0,0931
3807,00;0,0929
3806,50;0,0924
3806,00;0,0919
3805,50;0,0914
3805,00;0,0910
3804,50;0,0909
3804,00;0,0910
3803,50;0,0910
3803,00;0,0911
3802,50;0,0912
3802,00;0,0914
3801,50;0,0917
3801,00;0,0921
3800,50;0,0928
3800,00;0,0932
3799,50;0,0930
3799,00;0,0925
3798,50;0,0921
3798,00;0,0921
3797,50;0,0923
3797,00;0,0923
3796,50;0,0921
3796,00;0,0918
3795,50;0,0918
3795,00;0,0919
3794,50;0,0920
3794,00;0,0923
3793,50;0,0929
3793,00;0,0936
3792,50;0,0939
3792,00;0,0937
3791,50;0,0931
3791,00;0,0925
3790,50;0,0922
3790,00;0,0919
3789,50;0,0916
3789,00;0,0913
3788,50;0,0912
3788,00;0,0915
3787,50;0,0918
3787,00;0,0920
3786,50;0,0918
3786,00;0,0914
3785,50;0,0909
3785,00;0,0906
3784,50;0,0908
3784,00;0,0914
3783,50;0,0922
3783,00;0,0926
3782,50;0,0924
3782,00;0,0916
3781,50;0,0907
3781,00;0,0902
3780,50;0,0904
3780,00;0,0910
3779,50;0,0917
3779,00;0,0924
3778,50;0,0929
3778,00;0,0931
3777,50;0,0928
3777,00;0,0924
3776,50;0,0920
3776,00;0,0920
3775,50;0,0921
3775,00;0,0921
3774,50;0,0919
3774,00;0,0916
3773,50;0,0914
3773,00;0,0914
3772,50;0,0914
3772,00;0,0914
3771,50;0,0915
3771,00;0,0916
3770,50;0,0918
3770,00;0,0919
3769,50;0,0918
3769,00;0,0918
3768,50;0,0918
3768,00;0,0919
3767,50;0,0920
3767,00;0,0923
3766,50;0,0926
3766,00;0,0927
3765,50;0,0926
3765,00;0,0923
3764,50;0,0922
3764,00;0,0920
3763,50;0,0919
3763,00;0,0919
3762,50;0,0921
3762,00;0,0923
3761,50;0,0926
3761,00;0,0927
3760,50;0,0925
3760,00;0,0921
3759,50;0,0917
3759,00;0,0917
3758,50;0,0919
3758,00;0,0917
3757,50;0,0910
3757,00;0,0904
3756,50;0,0903
3756,00;0,0910
3755,50;0,0917
3755,00;0,0919
3754,50;0,0916
3754,00;0,0913
3753,50;0,0911
3753,00;0,0911
3752,50;0,0911
3752,00;0,0914
3751,50;0,0924
3751,00;0,0939
3750,50;0,0947
3750,00;0,0944
3749,50;0,0936
3749,00;0,0931
3748,50;0,0933
3748,00;0,0934
3747,50;0,0930
3747,00;0,0926
3746,50;0,0928
3746,00;0,0934
3745,50;0,0942
3745,00;0,0946
3744,50;0,0943
3744,00;0,0941
3743,50;0,0943
3743,00;0,0937
3742,50;0,0925
3742,00;0,0917
3741,50;0,0911
3741,00;0,0907
3740,50;0,0903
3740,00;0,0902
3739,50;0,0904
3739,00;0,0910
3738,50;0,0918
3738,00;0,0927
3737,50;0,0937
3737,00;0,0946
3736,50;0,0954
3736,00;0,0955
3735,50;0,0948
3735,00;0,0937
3734,50;0,0931
3734,00;0,0933
3733,50;0,0939
3733,00;0,0942
3732,50;0,0941
3732,00;0,0943
3731,50;0,0948
3731,00;0,0953
3730,50;0,0950
3730,00;0,0939
3729,50;0,0925
3729,00;0,0912
3728,50;0,0904
3728,00;0,0902
3727,50;0,0907
3727,00;0,0915
3726,50;0,0921
3726,00;0,0923
3725,50;0,0921
3725,00;0,0918
3724,50;0,0915
3724,00;0,0915
3723,50;0,0914
3723,00;0,0914
3722,50;0,0913
3722,00;0,0914
3721,50;0,0919
3721,00;0,0927
3720,50;0,0933
3720,00;0,0937
3719,50;0,0937
3719,00;0,0935
3718,50;0,0932
3718,00;0,0927
3717,50;0,0920
3717,00;0,0912
3716,50;0,0908
3716,00;0,0910
3715,50;0,0915
3715,00;0,0921
3714,50;0,0925
3714,00;0,0928
3713,50;0,0927
3713,00;0,0924
3712,50;0,0918
3712,00;0,0914
3711,50;0,0916
3711,00;0,0923
3710,50;0,0928
3710,00;0,0929
3709,50;0,0927
3709,00;0,0927
3708,50;0,0927
3708,00;0,0928
3707,50;0,0928
3707,00;0,0930
3706,50;0,0934
3706,00;0,0937
3705,50;0,0938
3705,00;0,0938
3704,50;0,0937
3704,00;0,0937
3703,50;0,0937
3703,00;0,0937
3702,50;0,0937
3702,00;0,0936
3701,50;0,0935
3701,00;0,0936
3700,50;0,0939
3700,00;0,0941
3699,50;0,0937
3699,00;0,0929
3698,50;0,0919
3698,00;0,0912
3697,50;0,0908
3697,00;0,0908
3696,50;0,0911
3696,00;0,0915
3695,50;0,0921
3695,00;0,0929
3694,50;0,0935
3694,00;0,0937
3693,50;0,0936
3693,00;0,0933
3692,50;0,0932
3692,00;0,0933
3691,50;0,0935
3691,00;0,0936
3690,50;0,0938
3690,00;0,0940
3689,50;0,0939
3689,00;0,0936
3688,50;0,0932
3688,00;0,0931
3687,50;0,0932
3687,00;0,0930
3686,50;0,0925
3686,00;0,0922
3685,50;0,0921
3685,00;0,0919
3684,50;0,0917
3684,00;0,0916
3683,50;0,0920
3683,00;0,0927
3682,50;0,0931
3682,00;0,0928
3681,50;0,0921
3681,00;0,0914
3680,50;0,0911
3680,00;0,0909
3679,50;0,0909
3679,00;0,0912
3678,50;0,0918
3678,00;0,0927
3677,50;0,0936
3677,00;0,0943
3676,50;0,0948
3676,00;0,0949
3675,50;0,0946
3675,00;0,0942
3674,50;0,0942
3674,00;0,0944
3673,50;0,0944
3673,00;0,0942
3672,50;0,0942
3672,00;0,0941
3671,50;0,0938
3671,00;0,0931
3670,50;0,0926
3670,00;0,0928
3669,50;0,0934
3669,00;0,0941
3668,50;0,0947
3668,00;0,0952
3667,50;0,0956
3667,00;0,0954
3666,50;0,0947
3666,00;0,0938
3665,50;0,0931
3665,00;0,0929
3664,50;0,0932
3664,00;0,0936
3663,50;0,0940
3663,00;0,0943
3662,50;0,0945
3662,00;0,0946
3661,50;0,0945
3661,00;0,0943
3660,50;0,0940
3660,00;0,0938
3659,50;0,0940
3659,00;0,0944
3658,50;0,0949
3658,00;0,0954
3657,50;0,0957
3657,00;0,0955
3656,50;0,0949
3656,00;0,0944
3655,50;0,0940
3655,00;0,0938
3654,50;0,0934
3654,00;0,0932
3653,50;0,0935
3653,00;0,0943
3652,50;0,0952
3652,00;0,0957
3651,50;0,0958
3651,00;0,0957
3650,50;0,0955
3650,00;0,0951
3649,50;0,0946
3649,00;0,0945
3648,50;0,0949
3648,00;0,0954
3647,50;0,0954
3647,00;0,0951
3646,50;0,0949
3646,00;0,0951
3645,50;0,0951
3645,00;0,0949
3644,50;0,0946
3644,00;0,0945
3643,50;0,0948
3643,00;0,0952
3642,50;0,0957
3642,00;0,0960
3641,50;0,0961
3641,00;0,0960
3640,50;0,0956
3640,00;0,0952
3639,50;0,0949
3639,00;0,0947
3638,50;0,0947
3638,00;0,0950
3637,50;0,0956
3637,00;0,0964
3636,50;0,0968
3636,00;0,0967
3635,50;0,0963
3635,00;0,0959
3634,50;0,0958
3634,00;0,0958
3633,50;0,0958
3633,00;0,0960
3632,50;0,0964
3632,00;0,0968
3631,50;0,0970
3631,00;0,0969
3630,50;0,0967
3630,00;0,0967
3629,50;0,0971
3629,00;0,0976
3628,50;0,0981
3628,00;0,0984
3627,50;0,0984
3627,00;0,0980
3626,50;0,0974
3626,00;0,0969
3625,50;0,0966
3625,00;0,0963
3624,50;0,0960
3624,00;0,0958
3623,50;0,0960
3623,00;0,0966
3622,50;0,0972
3622,00;0,0974
3621,50;0,0975
3621,00;0,0977
3620,50;0,0982
3620,00;0,0988
3619,50;0,0992
3619,00;0,0993
3618,50;0,0990
3618,00;0,0984
3617,50;0,0979
3617,00;0,0977
3616,50;0,0978
3616,00;0,0978
3615,50;0,0976
3615,00;0,0975
3614,50;0,0976
3614,00;0,0980
3613,50;0,0982
3613,00;0,0983
3612,50;0,0985
3612,00;0,0990
3611,50;0,0996
3611,00;0,1002
3610,50;0,1006
3610,00;0,1006
3609,50;0,1005
3609,00;0,1004
3608,50;0,1001
3608,00;0,0996
3607,50;0,0989
3607,00;0,0983
3606,50;0,0983
3606,00;0,0989
3605,50;0,0997
3605,00;0,1002
3604,50;0,1003
3604,00;0,1002
3603,50;0,1000
3603,00;0,0997
3602,50;0,0993
3602,00;0,0991
3601,50;0,0991
3601,00;0,0993
3600,50;0,0996
3600,00;0,0999
3599,50;0,1000
3599,00;0,0997
3598,50;0,0992
3598,00;0,0986
3597,50;0,0984
3597,00;0,0988
3596,50;0,0997
3596,00;0,1007
3595,50;0,1015
3595,00;0,1020
3594,50;0,1022
3594,00;0,1021
3593,50;0,1017
3593,00;0,1011
3592,50;0,1007
3592,00;0,1006
3591,50;0,1007
3591,00;0,1011
3590,50;0,1017
3590,00;0,1024
3589,50;0,1030
3589,00;0,1033
3588,50;0,1034
3588,00;0,1033
3587,50;0,1031
3587,00;0,1028
3586,50;0,1026
3586,00;0,1027
3585,50;0,1031
3585,00;0,1032
3584,50;0,1030
3584,00;0,1026
3583,50;0,1023
3583,00;0,1022
3582,50;0,1023
3582,00;0,1024
3581,50;0,1025
3581,00;0,1026
3580,50;0,1026
3580,00;0,1024
3579,50;0,1021
3579,00;0,1022
3578,50;0,1028
3578,00;0,1037
3577,50;0,1045
3577,00;0,1047
3576,50;0,1044
3576,00;0,1041
3575,50;0,1040
3575,00;0,1043
3574,50;0,1048
3574,00;0,1052
3573,50;0,1053
3573,00;0,1053
3572,50;0,1052
3572,00;0,1052
3571,50;0,1053
3571,00;0,1053
3570,50;0,1052
3570,00;0,1053
3569,50;0,1056
3569,00;0,1062
3568,50;0,1067
3568,00;0,1070
3567,50;0,1071
3567,00;0,1071
3566,50;0,1070
3566,00;0,1069
3565,50;0,1071
3565,00;0,1075
3564,50;0,1078
3564,00;0,1080
3563,50;0,1080
3563,00;0,1079
3562,50;0,1079
3562,00;0,1080
3561,50;0,1081
3561,00;0,1084
3560,50;0,1086
3560,00;0,1086
3559,50;0,1087
3559,00;0,1087
3558,50;0,1088
3558,00;0,1087
3557,50;0,1086
3557,00;0,1085
3556,50;0,1084
3556,00;0,1085
3555,50;0,1088
3555,00;0,1091
3554,50;0,1093
3554,00;0,1094
3553,50;0,1094
3553,00;0,1095
3552,50;0,1096
3552,00;0,1097
3551,50;0,1099
3551,00;0,1102
3550,50;0,1105
3550,00;0,1107
3549,50;0,1109
3549,00;0,1112
3548,50;0,1116
3548,00;0,1120
3547,50;0,1124
3547,00;0,1126
3546,50;0,1128
3546,00;0,1128
3545,50;0,1127
3545,00;0,1126
3544,50;0,1126
3544,00;0,1127
3543,50;0,1128
3543,00;0,1128
3542,50;0,1130
3542,00;0,1133
3541,50;0,1136
3541,00;0,1137
3540,50;0,1137
3540,00;0,1136
3539,50;0,1136
3539,00;0,1139
3538,50;0,1143
3538,00;0,1148
3537,50;0,1151
3537,00;0,1152
3536,50;0,1150
3536,00;0,1148
3535,50;0,1148
3535,00;0,1151
3534,50;0,1156
3534,00;0,1161
3533,50;0,1165
3533,00;0,1168
3532,50;0,1170
3532,00;0,1170
3531,50;0,1169
3531,00;0,1169
3530,50;0,1169
3530,00;0,1169
3529,50;0,1168
3529,00;0,1167
3528,50;0,1167
3528,00;0,1168
3527,50;0,1171
3527,00;0,1174
3526,50;0,1177
3526,00;0,1180
3525,50;0,1182
3525,00;0,1184
3524,50;0,1185
3524,00;0,1186
3523,50;0,1189
3523,00;0,1193
3522,50;0,1197
3522,00;0,1200
3521,50;0,1201
3521,00;0,1201
3520,50;0,1200
3520,00;0,1200
3519,50;0,1202
3519,00;0,1204
3518,50;0,1208
3518,00;0,1211
3517,50;0,1213
3517,00;0,1214
3516,50;0,1215
3516,00;0,1219
3515,50;0,1224
3515,00;0,1230
3514,50;0,1234
3514,00;0,1237
3513,50;0,1237
3513,00;0,1237
3512,50;0,1238
3512,00;0,1240
3511,50;0,1242
3511,00;0,1245
3510,50;0,1248
3510,00;0,1251
3509,50;0,1253
3509,00;0,1254
3508,50;0,1256
3508,00;0,1259
3507,50;0,1262
3507,00;0,1266
3506,50;0,1269
3506,00;0,1273
3505,50;0,1276
3505,00;0,1278
3504,50;0,1278
3504,00;0,1276
3503,50;0,1274
3503,00;0,1274
3502,50;0,1277
3502,00;0,1282
3501,50;0,1287
3501,00;0,1290
3500,50;0,1293
3500,00;0,1295
3499,50;0,1297
3499,00;0,1298
3498,50;0,1300
3498,00;0,1302
3497,50;0,1305
3497,00;0,1311
3496,50;0,1318
3496,00;0,1325
3495,50;0,1329
3495,00;0,1331
3494,50;0,1332
3494,00;0,1333
3493,50;0,1334
3493,00;0,1336
3492,50;0,1339
3492,00;0,1343
3491,50;0,1347
3491,00;0,1350
3490,50;0,1353
3490,00;0,1355
3489,50;0,1357
3489,00;0,1359
3488,50;0,1362
3488,00;0,1365
3487,50;0,1369
3487,00;0,1373
3486,50;0,1377
3486,00;0,1382
3485,50;0,1387
3485,00;0,1390
3484,50;0,1391
3484,00;0,1393
3483,50;0,1396
3483,00;0,1401
3482,50;0,1405
3482,00;0,1408
3481,50;0,1410
3481,00;0,1412
3480,50;0,1415
3480,00;0,1418
3479,50;0,1423
3479,00;0,1429
3478,50;0,1435
3478,00;0,1440
3477,50;0,1442
3477,00;0,1444
3476,50;0,1447
3476,00;0,1450
3475,50;0,1453
3475,00;0,1455
3474,50;0,1458
3474,00;0,1460
3473,50;0,1462
3473,00;0,1465
3472,50;0,1470
3472,00;0,1474
3471,50;0,1479
3471,00;0,1483
3470,50;0,1486
3470,00;0,1490
3469,50;0,1494
3469,00;0,1500
3468,50;0,1507
3468,00;0,1515
3467,50;0,1522
3467,00;0,1529
3466,50;0,1534
3466,00;0,1539
3465,50;0,1543
3465,00;0,1546
3464,50;0,1548
3464,00;0,1551
3463,50;0,1555
3463,00;0,1560
3462,50;0,1565
3462,00;0,1573
3461,50;0,1580
3461,00;0,1587
3460,50;0,1592
3460,00;0,1597
3459,50;0,1602
3459,00;0,1606
3458,50;0,1609
3458,00;0,1613
3457,50;0,1617
3457,00;0,1624
3456,50;0,1631
3456,00;0,1640
3455,50;0,1648
3455,00;0,1656
3454,50;0,1662
3454,00;0,1666
3453,50;0,1670
3453,00;0,1674
3452,50;0,1682
3452,00;0,1691
3451,50;0,1701
3451,00;0,1711
3450,50;0,1720
3450,00;0,1728
3449,50;0,1734
3449,00;0,1739
3448,50;0,1743
3448,00;0,1748
3447,50;0,1754
3447,00;0,1760
3446,50;0,1766
3446,00;0,1772
3445,50;0,1777
3445,00;0,1783
3444,50;0,1788
3444,00;0,1794
3443,50;0,1802
3443,00;0,1811
3442,50;0,1819
3442,00;0,1828
3441,50;0,1836
3441,00;0,1844
3440,50;0,1852
3440,00;0,1860
3439,50;0,1867
3439,00;0,1873
3438,50;0,1879
3438,00;0,1886
3437,50;0,1892
3437,00;0,1900
3436,50;0,1908
3436,00;0,1917
3435,50;0,1926
3435,00;0,1937
3434,50;0,1949
3434,00;0,1960
3433,50;0,1968
3433,00;0,1974
3432,50;0,1979
3432,00;0,1983
3431,50;0,1989
3431,00;0,1995
3430,50;0,2002
3430,00;0,2009
3429,50;0,2017
3429,00;0,2026
3428,50;0,2035
3428,00;0,2042
3427,50;0,2047
3427,00;0,2054
3426,50;0,2062
3426,00;0,2072
3425,50;0,2082
3425,00;0,2090
3424,50;0,2098
3424,00;0,2107
3423,50;0,2115
3423,00;0,2124
3422,50;0,2133
3422,00;0,2141
3421,50;0,2149
3421,00;0,2158
3420,50;0,2168
3420,00;0,2178
3419,50;0,2188
3419,00;0,2197
3418,50;0,2206
3418,00;0,2215
3417,50;0,2223
3417,00;0,2229
3416,50;0,2235
3416,00;0,2242
3415,50;0,2250
3415,00;0,2259
3414,50;0,2266
3414,00;0,2271
3413,50;0,2275
3413,00;0,2283
3412,50;0,2293
3412,00;0,2305
3411,50;0,2315
3411,00;0,2323
3410,50;0,2328
3410,00;0,2333
3409,50;0,2337
3409,00;0,2343
3408,50;0,2350
3408,00;0,2360
3407,50;0,2372
3407,00;0,2385
3406,50;0,2395
3406,00;0,2403
3405,50;0,2408
3405,00;0,2414
3404,50;0,2421
3404,00;0,2429
3403,50;0,2439
3403,00;0,2449
3402,50;0,2457
3402,00;0,2464
3401,50;0,2471
3401,00;0,2479
3400,50;0,2486
3400,00;0,2493
3399,50;0,2498
3399,00;0,2503
3398,50;0,2508
3398,00;0,2513
3397,50;0,2519
3397,00;0,2524
3396,50;0,2530
3396,00;0,2535
3395,50;0,2542
3395,00;0,2549
3394,50;0,2558
3394,00;0,2567
3393,50;0,2576
3393,00;0,2582
3392,50;0,2585
3392,00;0,2590
3391,50;0,2598
3391,00;0,2608
3390,50;0,2618
3390,00;0,2628
3389,50;0,2636
3389,00;0,2644
3388,50;0,2652
3388,00;0,2658
3387,50;0,2665
3387,00;0,2673
3386,50;0,2679
3386,00;0,2682
3385,50;0,2683
3385,00;0,2686
3384,50;0,2692
3384,00;0,2701
3383,50;0,2710
3383,00;0,2717
3382,50;0,2720
3382,00;0,2722
3381,50;0,2724
3381,00;0,2728
3380,50;0,2734
3380,00;0,2741
3379,50;0,2748
3379,00;0,2755
3378,50;0,2761
3378,00;0,2768
3377,50;0,2773
3377,00;0,2776
3376,50;0,2779
3376,00;0,2784
3375,50;0,2790
3375,00;0,2798
3374,50;0,2804
3374,00;0,2810
3373,50;0,2813
3373,00;0,2817
3372,50;0,2820
3372,00;0,2824
3371,50;0,2829
3371,00;0,2837
3370,50;0,2847
3370,00;0,2856
3369,50;0,2863
3369,00;0,2865
3368,50;0,2865
3368,00;0,2866
3367,50;0,2866
3367,00;0,2867
3366,50;0,2869
3366,00;0,2873
3365,50;0,2879
3365,00;0,2886
3364,50;0,2894
3364,00;0,2903
3363,50;0,2909
3363,00;0,2914
3362,50;0,2916
3362,00;0,2918
3361,50;0,2920
3361,00;0,2922
3360,50;0,2924
3360,00;0,2928
3359,50;0,2934
3359,00;0,2941
3358,50;0,2945
3358,00;0,2946
3357,50;0,2948
3357,00;0,2950
3356,50;0,2954
3356,00;0,2960
3355,50;0,2966
3355,00;0,2972
3354,50;0,2975
3354,00;0,2977
3353,50;0,2980
3353,00;0,2984
3352,50;0,2991
3352,00;0,2998
3351,50;0,3006
3351,00;0,3013
3350,50;0,3018
3350,00;0,3021
3349,50;0,3023
3349,00;0,3026
3348,50;0,3030
3348,00;0,3034
3347,50;0,3038
3347,00;0,3043
3346,50;0,3047
3346,00;0,3051
3345,50;0,3053
3345,00;0,3055
3344,50;0,3060
3344,00;0,3067
3343,50;0,3075
3343,00;0,3081
3342,50;0,3086
3342,00;0,3089
3341,50;0,3092
3341,00;0,3098
3340,50;0,3103
3340,00;0,3108
3339,50;0,3112
3339,00;0,3115
3338,50;0,3119
3338,00;0,3124
3337,50;0,3130
3337,00;0,3136
3336,50;0,3141
3336,00;0,3146
3335,50;0,3149
3335,00;0,3154
3334,50;0,3160
3334,00;0,3166
3333,50;0,3173
3333,00;0,3179
3332,50;0,3183
3332,00;0,3185
3331,50;0,3186
3331,00;0,3189
3330,50;0,3195
3330,00;0,3202
3329,50;0,3210
3329,00;0,3216
3328,50;0,3221
3328,00;0,3224
3327,50;0,3228
3327,00;0,3233
3326,50;0,3241
3326,00;0,3249
3325,50;0,3258
3325,00;0,3267
3324,50;0,3277
3324,00;0,3287
3323,50;0,3295
3323,00;0,3299
3322,50;0,3298
3322,00;0,3297
3321,50;0,3297
3321,00;0,3301
3320,50;0,3308
3320,00;0,3316
3319,50;0,3325
3319,00;0,3335
3318,50;0,3345
3318,00;0,3354
3317,50;0,3359
3317,00;0,3363
3316,50;0,3366
3316,00;0,3371
3315,50;0,3378
3315,00;0,3386
3314,50;0,3393
3314,00;0,3399
3313,50;0,3407
3313,00;0,3417
3312,50;0,3430
3312,00;0,3441
3311,50;0,3451
3311,00;0,3457
3310,50;0,3463
3310,00;0,3469
3309,50;0,3475
3309,00;0,3481
3308,50;0,3487
3308,00;0,3494
3307,50;0,3500
3307,00;0,3507
3306,50;0,3513
3306,00;0,3519
3305,50;0,3524
3305,00;0,3532
3304,50;0,3543
3304,00;0,3553
3303,50;0,3562
3303,00;0,3569
3302,50;0,3577
3302,00;0,3588
3301,50;0,3602
3301,00;0,3617
3300,50;0,3631
3300,00;0,3642
3299,50;0,3652
3299,00;0,3660
3298,50;0,3669
3298,00;0,3679
3297,50;0,3691
3297,00;0,3705
3296,50;0,3719
3296,00;0,3731
3295,50;0,3742
3295,00;0,3752
3294,50;0,3763
3294,00;0,3774
3293,50;0,3784
3293,00;0,3792
3292,50;0,3802
3292,00;0,3813
3291,50;0,3825
3291,00;0,3837
3290,50;0,3846
3290,00;0,3855
3289,50;0,3865
3289,00;0,3875
3288,50;0,3884
3288,00;0,3893
3287,50;0,3902
3287,00;0,3912
3286,50;0,3923
3286,00;0,3933
3285,50;0,3941
3285,00;0,3950
3284,50;0,3960
3284,00;0,3972
3283,50;0,3984
3283,00;0,3998
3282,50;0,4012
3282,00;0,4027
3281,50;0,4041
3281,00;0,4052
3280,50;0,4060
3280,00;0,4068
3279,50;0,4078
3279,00;0,4092
3278,50;0,4109
3278,00;0,4127
3277,50;0,4145
3277,00;0,4162
3276,50;0,4177
3276,00;0,4191
3275,50;0,4201
3275,00;0,4209
3274,50;0,4217
3274,00;0,4226
3273,50;0,4237
3273,00;0,4251
3272,50;0,4268
3272,00;0,4287
3271,50;0,4304
3271,00;0,4319
3270,50;0,4329
3270,00;0,4338
3269,50;0,4347
3269,00;0,4360
3268,50;0,4378
3268,00;0,4399
3267,50;0,4421
3267,00;0,4440
3266,50;0,4456
3266,00;0,4469
3265,50;0,4480
3265,00;0,4490
3264,50;0,4501
3264,00;0,4513
3263,50;0,4528
3263,00;0,4543
3262,50;0,4560
3262,00;0,4576
3261,50;0,4591
3261,00;0,4604
3260,50;0,4616
3260,00;0,4628
3259,50;0,4641
3259,00;0,4654
3258,50;0,4666
3258,00;0,4676
3257,50;0,4685
3257,00;0,4695
3256,50;0,4707
3256,00;0,4722
3255,50;0,4737
3255,00;0,4751
3254,50;0,4761
3254,00;0,4770
3253,50;0,4783
3253,00;0,4799
3252,50;0,4815
3252,00;0,4828
3251,50;0,4840
3251,00;0,4853
3250,50;0,4865
3250,00;0,4875
3249,50;0,4880
3249,00;0,4882
3248,50;0,4884
3248,00;0,4887
3247,50;0,4893
3247,00;0,4904
3246,50;0,4916
3246,00;0,4925
3245,50;0,4932
3245,00;0,4937
3244,50;0,4943
3244,00;0,4950
3243,50;0,4956
3243,00;0,4961
3242,50;0,4964
3242,00;0,4966
3241,50;0,4967
3241,00;0,4969
3240,50;0,4973
3240,00;0,4981
3239,50;0,4988
3239,00;0,4990
3238,50;0,4986
3238,00;0,4979
3237,50;0,4972
3237,00;0,4969
3236,50;0,4971
3236,00;0,4975
3235,50;0,4979
3235,00;0,4982
3234,50;0,4985
3234,00;0,4986
3233,50;0,4987
3233,00;0,4987
3232,50;0,4987
3232,00;0,4985
3231,50;0,4982
3231,00;0,4976
3230,50;0,4970
3230,00;0,4963
3229,50;0,4956
3229,00;0,4949
3228,50;0,4945
3228,00;0,4945
3227,50;0,4947
3227,00;0,4950
3226,50;0,4951
3226,00;0,4950
3225,50;0,4948
3225,00;0,4949
3224,50;0,4951
3224,00;0,4952
3223,50;0,4950
3223,00;0,4945
3222,50;0,4940
3222,00;0,4935
3221,50;0,4929
3221,00;0,4923
3220,50;0,4920
3220,00;0,4922
3219,50;0,4926
3219,00;0,4932
3218,50;0,4936
3218,00;0,4938
3217,50;0,4936
3217,00;0,4933
3216,50;0,4929
3216,00;0,4926
3215,50;0,4923
3215,00;0,4920
3214,50;0,4918
3214,00;0,4916
3213,50;0,4918
3213,00;0,4922
3212,50;0,4928
3212,00;0,4932
3211,50;0,4933
3211,00;0,4929
3210,50;0,4924
3210,00;0,4919
3209,50;0,4916
3209,00;0,4915
3208,50;0,4915
3208,00;0,4915
3207,50;0,4912
3207,00;0,4909
3206,50;0,4908
3206,00;0,4909
3205,50;0,4911
3205,00;0,4910
3204,50;0,4907
3204,00;0,4904
3203,50;0,4903
3203,00;0,4904
3202,50;0,4905
3202,00;0,4905
3201,50;0,4901
3201,00;0,4897
3200,50;0,4893
3200,00;0,4890
3199,50;0,4886
3199,00;0,4883
3198,50;0,4880
3198,00;0,4877
3197,50;0,4873
3197,00;0,4868
3196,50;0,4865
3196,00;0,4864
3195,50;0,4865
3195,00;0,4866
3194,50;0,4865
3194,00;0,4862
3193,50;0,4859
3193,00;0,4857
3192,50;0,4859
3192,00;0,4859
3191,50;0,4857
3191,00;0,4852
3190,50;0,4849
3190,00;0,4849
3189,50;0,4851
3189,00;0,4850
3188,50;0,4846
3188,00;0,4839
3187,50;0,4834
3187,00;0,4833
3186,50;0,4834
3186,00;0,4834
3185,50;0,4830
3185,00;0,4825
3184,50;0,4821
3184,00;0,4820
3183,50;0,4819
3183,00;0,4816
3182,50;0,4810
3182,00;0,4806
3181,50;0,4804
3181,00;0,4806
3180,50;0,4807
3180,00;0,4808
3179,50;0,4807
3179,00;0,4807
3178,50;0,4808
3178,00;0,4809
3177,50;0,4808
3177,00;0,4803
3176,50;0,4797
3176,00;0,4792
3175,50;0,4791
3175,00;0,4792
3174,50;0,4794
3174,00;0,4793
3173,50;0,4789
3173,00;0,4783
3172,50;0,4777
3172,00;0,4772
3171,50;0,4770
3171,00;0,4769
3170,50;0,4769
3170,00;0,4770
3169,50;0,4772
3169,00;0,4773
3168,50;0,4772
3168,00;0,4768
3167,50;0,4761
3167,00;0,4753
3166,50;0,4747
3166,00;0,4746
3165,50;0,4747
3165,00;0,4749
3164,50;0,4751
3164,00;0,4751
3163,50;0,4751
3163,00;0,4749
3162,50;0,4747
3162,00;0,4745
3161,50;0,4742
3161,00;0,4740
3160,50;0,4737
3160,00;0,4733
3159,50;0,4731
3159,00;0,4730
3158,50;0,4732
3158,00;0,4733
3157,50;0,4732
3157,00;0,4728
3156,50;0,4722
3156,00;0,4718
3155,50;0,4715
3155,00;0,4713
3154,50;0,4713
3154,00;0,4712
3153,50;0,4710
3153,00;0,4706
3152,50;0,4700
3152,00;0,4695
3151,50;0,4691
3151,00;0,4689
3150,50;0,4689
3150,00;0,4688
3149,50;0,4686
3149,00;0,4681
3148,50;0,4674
3148,00;0,4669
3147,50;0,4666
3147,00;0,4665
3146,50;0,4663
3146,00;0,4660
3145,50;0,4655
3145,00;0,4649
3144,50;0,4642
3144,00;0,4633
3143,50;0,4627
3143,00;0,4622
3142,50;0,4620
3142,00;0,4617
3141,50;0,4614
3141,00;0,4607
3140,50;0,4598
3140,00;0,4589
3139,50;0,4579
3139,00;0,4570
3138,50;0,4563
3138,00;0,4557
3137,50;0,4554
3137,00;0,4552
3136,50;0,4549
3136,00;0,4544
3135,50;0,4538
3135,00;0,4530
3134,50;0,4521
3134,00;0,4510
3133,50;0,4500
3133,00;0,4493
3132,50;0,4490
3132,00;0,4488
3131,50;0,4486
3131,00;0,4482
3130,50;0,4475
3130,00;0,4465
3129,50;0,4454
3129,00;0,4442
3128,50;0,4430
3128,00;0,4421
3127,50;0,4413
3127,00;0,4407
3126,50;0,4400
3126,00;0,4391
3125,50;0,4379
3125,00;0,4368
3124,50;0,4358
3124,00;0,4350
3123,50;0,4343
3123,00;0,4336
3122,50;0,4328
3122,00;0,4322
3121,50;0,4317
3121,00;0,4312
3120,50;0,4306
3120,00;0,4295
3119,50;0,4282
3119,00;0,4266
3118,50;0,4253
3118,00;0,4241
3117,50;0,4232
3117,00;0,4223
3116,50;0,4211
3116,00;0,4199
3115,50;0,4188
3115,00;0,4180
3114,50;0,4171
3114,00;0,4161
3113,50;0,4149
3113,00;0,4139
3112,50;0,4129
3112,00;0,4120
3111,50;0,4109
3111,00;0,4095
3110,50;0,4081
3110,00;0,4067
3109,50;0,4055
3109,00;0,4046
3108,50;0,4038
3108,00;0,4029
3107,50;0,4017
3107,00;0,4003
3106,50;0,3988
3106,00;0,3976
3105,50;0,3966
3105,00;0,3955
3104,50;0,3943
3104,00;0,3932
3103,50;0,3921
3103,00;0,3912
3102,50;0,3901
3102,00;0,3888
3101,50;0,3872
3101,00;0,3857
3100,50;0,3843
3100,00;0,3832
3099,50;0,3822
3099,00;0,3812
3098,50;0,3800
3098,00;0,3786
3097,50;0,3771
3097,00;0,3754
3096,50;0,3737
3096,00;0,3720
3095,50;0,3705
3095,00;0,3691
3094,50;0,3679
3094,00;0,3669
3093,50;0,3660
3093,00;0,3649
3092,50;0,3637
3092,00;0,3624
3091,50;0,3611
3091,00;0,3600
3090,50;0,3590
3090,00;0,3580
3089,50;0,3569
3089,00;0,3555
3088,50;0,3540
3088,00;0,3525
3087,50;0,3510
3087,00;0,3495
3086,50;0,3481
3086,00;0,3467
3085,50;0,3455
3085,00;0,3442
3084,50;0,3430
3084,00;0,3418
3083,50;0,3404
3083,00;0,3390
3082,50;0,3375
3082,00;0,3363
3081,50;0,3352
3081,00;0,3342
3080,50;0,3333
3080,00;0,3321
3079,50;0,3309
3079,00;0,3295
3078,50;0,3280
3078,00;0,3264
3077,50;0,3247
3077,00;0,3231
3076,50;0,3217
3076,00;0,3205
3075,50;0,3195
3075,00;0,3184
3074,50;0,3173
3074,00;0,3161
3073,50;0,3149
3073,00;0,3136
3072,50;0,3122
3072,00;0,3107
3071,50;0,3093
3071,00;0,3081
3070,50;0,3069
3070,00;0,3056
3069,50;0,3045
3069,00;0,3035
3068,50;0,3025
3068,00;0,3012
3067,50;0,2996
3067,00;0,2980
3066,50;0,2967
3066,00;0,2956
3065,50;0,2946
3065,00;0,2936
3064,50;0,2925
3064,00;0,2914
3063,50;0,2905
3063,00;0,2896
3062,50;0,2887
3062,00;0,2875
3061,50;0,2860
3061,00;0,2844
3060,50;0,2830
3060,00;0,2819
3059,50;0,2811
3059,00;0,2803
3058,50;0,2792
3058,00;0,2779
3057,50;0,2764
3057,00;0,2749
3056,50;0,2736
3056,00;0,2727
3055,50;0,2720
3055,00;0,2712
3054,50;0,2702
3054,00;0,2690
3053,50;0,2679
3053,00;0,2670
3052,50;0,2661
3052,00;0,2652
3051,50;0,2641
3051,00;0,2629
3050,50;0,2617
3050,00;0,2605
3049,50;0,2595
3049,00;0,2587
3048,50;0,2578
3048,00;0,2569
3047,50;0,2560
3047,00;0,2549
3046,50;0,2539
3046,00;0,2529
3045,50;0,2518
3045,00;0,2506
3044,50;0,2495
3044,00;0,2485
3043,50;0,2475
3043,00;0,2467
3042,50;0,2459
3042,00;0,2451
3041,50;0,2444
3041,00;0,2436
3040,50;0,2428
3040,00;0,2419
3039,50;0,2410
3039,00;0,2402
3038,50;0,2394
3038,00;0,2386
3037,50;0,2379
3037,00;0,2371
3036,50;0,2362
3036,00;0,2354
3035,50;0,2346
3035,00;0,2338
3034,50;0,2329
3034,00;0,2320
3033,50;0,2311
3033,00;0,2303
3032,50;0,2296
3032,00;0,2290
3031,50;0,2282
3031,00;0,2273
3030,50;0,2264
3030,00;0,2256
3029,50;0,2248
3029,00;0,2240
3028,50;0,2232
3028,00;0,2224
3027,50;0,2216
3027,00;0,2210
3026,50;0,2205
3026,00;0,2200
3025,50;0,2193
3025,00;0,2186
3024,50;0,2179
3024,00;0,2172
3023,50;0,2165
3023,00;0,2160
3022,50;0,2155
3022,00;0,2150
3021,50;0,2143
3021,00;0,2136
3020,50;0,2129
3020,00;0,2123
3019,50;0,2118
3019,00;0,2112
3018,50;0,2104
3018,00;0,2095
3017,50;0,2088
3017,00;0,2083
3016,50;0,2078
3016,00;0,2072
3015,50;0,2065
3015,00;0,2058
3014,50;0,2052
3014,00;0,2048
3013,50;0,2044
3013,00;0,2038
3012,50;0,2031
3012,00;0,2024
3011,50;0,2019
3011,00;0,2014
3010,50;0,2009
3010,00;0,2005
3009,50;0,2000
3009,00;0,1996
3008,50;0,1990
3008,00;0,1984
3007,50;0,1977
3007,00;0,1970
3006,50;0,1963
3006,00;0,1958
3005,50;0,1953
3005,00;0,1948
3004,50;0,1943
3004,00;0,1937
3003,50;0,1931
3003,00;0,1927
3002,50;0,1923
3002,00;0,1920
3001,50;0,1916
3001,00;0,1911
3000,50;0,1906
3000,00;0,1901
2999,50;0,1897
2999,00;0,1893
2998,50;0,1888
2998,00;0,1882
2997,50;0,1876
2997,00;0,1871
2996,50;0,1866
2996,00;0,1863
2995,50;0,1860
2995,00;0,1856
2994,50;0,1850
2994,00;0,1844
2993,50;0,1839
2993,00;0,1835
2992,50;0,1831
2992,00;0,1826
2991,50;0,1822
2991,00;0,1818
2990,50;0,1814
2990,00;0,1810
2989,50;0,1806
2989,00;0,1803
2988,50;0,1800
2988,00;0,1796
2987,50;0,1791
2987,00;0,1785
2986,50;0,1779
2986,00;0,1775
2985,50;0,1772
2985,00;0,1769
2984,50;0,1766
2984,00;0,1763
2983,50;0,1759
2983,00;0,1755
2982,50;0,1750
2982,00;0,1745
2981,50;0,1740
2981,00;0,1736
2980,50;0,1733
2980,00;0,1731
2979,50;0,1729
2979,00;0,1727
2978,50;0,1723
2978,00;0,1718
2977,50;0,1712
2977,00;0,1707
2976,50;0,1702
2976,00;0,1699
2975,50;0,1698
2975,00;0,1696
2974,50;0,1692
2974,00;0,1687
2973,50;0,1681
2973,00;0,1675
2972,50;0,1670
2972,00;0,1668
2971,50;0,1667
2971,00;0,1666
2970,50;0,1662
2970,00;0,1656
2969,50;0,1650
2969,00;0,1646
2968,50;0,1643
2968,00;0,1641
2967,50;0,1640
2967,00;0,1639
2966,50;0,1635
2966,00;0,1631
2965,50;0,1626
2965,00;0,1620
2964,50;0,1615
2964,00;0,1612
2963,50;0,1611
2963,00;0,1611
2962,50;0,1611
2962,00;0,1607
2961,50;0,1601
2961,00;0,1594
2960,50;0,1590
2960,00;0,1587
2959,50;0,1585
2959,00;0,1582
2958,50;0,1578
2958,00;0,1574
2957,50;0,1569
2957,00;0,1563
2956,50;0,1557
2956,00;0,1553
2955,50;0,1549
2955,00;0,1545
2954,50;0,1542
2954,00;0,1538
2953,50;0,1535
2953,00;0,1532
2952,50;0,1528
2952,00;0,1524
2951,50;0,1519
2951,00;0,1515
2950,50;0,1512
2950,00;0,1508
2949,50;0,1505
2949,00;0,1502
2948,50;0,1500
2948,00;0,1499
2947,50;0,1498
2947,00;0,1497
2946,50;0,1495
2946,00;0,1493
2945,50;0,1490
2945,00;0,1487
2944,50;0,1482
2944,00;0,1478
2943,50;0,1475
2943,00;0,1474
2942,50;0,1473
2942,00;0,1473
2941,50;0,1472
2941,00;0,1470
2940,50;0,1467
2940,00;0,1465
2939,50;0,1463
2939,00;0,1462
2938,50;0,1461
2938,00;0,1461
2937,50;0,1461
2937,00;0,1460
2936,50;0,1456
2936,00;0,1451
2935,50;0,1445
2935,00;0,1443
2934,50;0,1444
2934,00;0,1445
2933,50;0,1446
2933,00;0,1445
2932,50;0,1444
2932,00;0,1442
2931,50;0,1440
2931,00;0,1436
2930,50;0,1431
2930,00;0,1425
2929,50;0,1421
2929,00;0,1419
2928,50;0,1418
2928,00;0,1418
2927,50;0,1417
2927,00;0,1416
2926,50;0,1415
2926,00;0,1412
2925,50;0,1409
2925,00;0,1406
2924,50;0,1403
2924,00;0,1399
2923,50;0,1394
2923,00;0,1390
2922,50;0,1385
2922,00;0,1380
2921,50;0,1377
2921,00;0,1374
2920,50;0,1373
2920,00;0,1374
2919,50;0,1375
2919,00;0,1376
2918,50;0,1377
2918,00;0,1377
2917,50;0,1379
2917,00;0,1380
2916,50;0,1380
2916,00;0,1380
2915,50;0,1379
2915,00;0,1378
2914,50;0,1377
2914,00;0,1376
2913,50;0,1375
2913,00;0,1374
2912,50;0,1372
2912,00;0,1369
2911,50;0,1366
2911,00;0,1363
2910,50;0,1360
2910,00;0,1356
2909,50;0,1351
2909,00;0,1347
2908,50;0,1343
2908,00;0,1341
2907,50;0,1338
2907,00;0,1337
2906,50;0,1335
2906,00;0,1334
2905,50;0,1333
2905,00;0,1331
2904,50;0,1329
2904,00;0,1327
2903,50;0,1325
2903,00;0,1323
2902,50;0,1323
2902,00;0,1322
2901,50;0,1321
2901,00;0,1319
2900,50;0,1316
2900,00;0,1313
2899,50;0,1310
2899,00;0,1306
2898,50;0,1302
2898,00;0,1300
2897,50;0,1299
2897,00;0,1299
2896,50;0,1300
2896,00;0,1302
2895,50;0,1304
2895,00;0,1303
2894,50;0,1301
2894,00;0,1297
2893,50;0,1293
2893,00;0,1289
2892,50;0,1286
2892,00;0,1284
2891,50;0,1283
2891,00;0,1284
2890,50;0,1284
2890,00;0,1284
2889,50;0,1283
2889,00;0,1282
2888,50;0,1280
2888,00;0,1277
2887,50;0,1275
2887,00;0,1274
2886,50;0,1273
2886,00;0,1273
2885,50;0,1273
2885,00;0,1272
2884,50;0,1270
2884,00;0,1269
2883,50;0,1268
2883,00;0,1267
2882,50;0,1266
2882,00;0,1264
2881,50;0,1262
2881,00;0,1261
2880,50;0,1258
2880,00;0,1255
2879,50;0,1253
2879,00;0,1253
2878,50;0,1253
2878,00;0,1253
2877,50;0,1253
2877,00;0,1252
2876,50;0,1251
2876,00;0,1250
2875,50;0,1248
2875,00;0,1246
2874,50;0,1243
2874,00;0,1240
2873,50;0,1237
2873,00;0,1234
2872,50;0,1232
2872,00;0,1231
2871,50;0,1230
2871,00;0,1230
2870,50;0,1228
2870,00;0,1227
2869,50;0,1226
2869,00;0,1224
2868,50;0,1222
2868,00;0,1220
2867,50;0,1218
2867,00;0,1218
2866,50;0,1218
2866,00;0,1217
2865,50;0,1217
2865,00;0,1217
2864,50;0,1217
2864,00;0,1216
2863,50;0,1215
2863,00;0,1213
2862,50;0,1212
2862,00;0,1212
2861,50;0,1213
2861,00;0,1213
2860,50;0,1211
2860,00;0,1209
2859,50;0,1206
2859,00;0,1205
2858,50;0,1203
2858,00;0,1202
2857,50;0,1200
2857,00;0,1198
2856,50;0,1196
2856,00;0,1195
2855,50;0,1195
2855,00;0,1193
2854,50;0,1191
2854,00;0,1189
2853,50;0,1187
2853,00;0,1187
2852,50;0,1186
2852,00;0,1185
2851,50;0,1184
2851,00;0,1185
2850,50;0,1187
2850,00;0,1191
2849,50;0,1193
2849,00;0,1196
2848,50;0,1198
2848,00;0,1200
2847,50;0,1201
2847,00;0,1200
2846,50;0,1197
2846,00;0,1195
2845,50;0,1194
2845,00;0,1192
2844,50;0,1189
2844,00;0,1185
2843,50;0,1182
2843,00;0,1181
2842,50;0,1181
2842,00;0,1181
2841,50;0,1180
2841,00;0,1178
2840,50;0,1175
2840,00;0,1172
2839,50;0,1170
2839,00;0,1168
2838,50;0,1167
2838,00;0,1167
2837,50;0,1167
2837,00;0,1167
2836,50;0,1167
2836,00;0,1167
2835,50;0,1167
2835,00;0,1166
2834,50;0,1165
2834,00;0,1164
2833,50;0,1163
2833,00;0,1163
2832,50;0,1162
2832,00;0,1161
2831,50;0,1160
2831,00;0,1159
2830,50;0,1158
2830,00;0,1157
2829,50;0,1158
2829,00;0,1160
2828,50;0,1161
2828,00;0,1162
2827,50;0,1160
2827,00;0,1157
2826,50;0,1154
2826,00;0,1153
2825,50;0,1152
2825,00;0,1153
2824,50;0,1154
2824,00;0,1155
2823,50;0,1154
2823,00;0,1154
2822,50;0,1152
2822,00;0,1150
2821,50;0,1147
2821,00;0,1146
2820,50;0,1146
2820,00;0,1145
2819,50;0,1145
2819,00;0,1145
2818,50;0,1146
2818,00;0,1145
2817,50;0,1144
2817,00;0,1142
2816,50;0,1141
2816,00;0,1141
2815,50;0,1142
2815,00;0,1143
2814,50;0,1143
2814,00;0,1142
2813,50;0,1139
2813,00;0,1136
2812,50;0,1134
2812,00;0,1133
2811,50;0,1133
2811,00;0,1134
2810,50;0,1136
2810,00;0,1137
2809,50;0,1138
2809,00;0,1137
2808,50;0,1136
2808,00;0,1135
2807,50;0,1134
2807,00;0,1133
2806,50;0,1134
2806,00;0,1134
2805,50;0,1134
2805,00;0,1133
2804,50;0,1133
2804,00;0,1132
2803,50;0,1131
2803,00;0,1130
2802,50;0,1130
2802,00;0,1130
2801,50;0,1130
2801,00;0,1129
2800,50;0,1127
2800,00;0,1125
2799,50;0,1125
2799,00;0,1125
2798,50;0,1125
2798,00;0,1125
2797,50;0,1125
2797,00;0,1124
2796,50;0,1124
2796,00;0,1124
2795,50;0,1122
2795,00;0,1120
2794,50;0,1118
2794,00;0,1117
2793,50;0,1116
2793,00;0,1117
2792,50;0,1117
2792,00;0,1117
2791,50;0,1118
2791,00;0,1120
2790,50;0,1121
2790,00;0,1121
2789,50;0,1119
2789,00;0,1117
2788,50;0,1116
2788,00;0,1115
2787,50;0,1115
2787,00;0,1116
2786,50;0,1117
2786,00;0,1117
2785,50;0,1116
2785,00;0,1113
2784,50;0,1110
2784,00;0,1108
2783,50;0,1107
2783,00;0,1108
2782,50;0,1108
2782,00;0,1109
2781,50;0,1110
2781,00;0,1111
2780,50;0,1111
2780,00;0,1109
2779,50;0,1107
2779,00;0,1106
2778,50;0,1106
2778,00;0,1107
2777,50;0,1109
2777,00;0,1109
2776,50;0,1109
2776,00;0,1107
2775,50;0,1105
2775,00;0,1104
2774,50;0,1104
2774,00;0,1105
2773,50;0,1105
2773,00;0,1105
2772,50;0,1105
2772,00;0,1105
2771,50;0,1105
2771,00;0,1107
2770,50;0,1109
2770,00;0,1111
2769,50;0,1112
2769,00;0,1110
2768,50;0,1108
2768,00;0,1105
2767,50;0,1102
2767,00;0,1101
2766,50;0,1101
2766,00;0,1102
2765,50;0,1102
2765,00;0,1102
2764,50;0,1101
2764,00;0,1100
2763,50;0,1098
2763,00;0,1097
2762,50;0,1098
2762,00;0,1101
2761,50;0,1103
2761,00;0,1104
2760,50;0,1103
2760,00;0,1101
2759,50;0,1099
2759,00;0,1098
2758,50;0,1098
2758,00;0,1098
2757,50;0,1099
2757,00;0,1099
2756,50;0,1098
2756,00;0,1097
2755,50;0,1097
2755,00;0,1097
2754,50;0,1098
2754,00;0,1097
2753,50;0,1096
2753,00;0,1095
2752,50;0,1093
2752,00;0,1092
2751,50;0,1092
2751,00;0,1092
2750,50;0,1094
2750,00;0,1095
2749,50;0,1094
2749,00;0,1092
2748,50;0,1090
2748,00;0,1090
2747,50;0,1091
2747,00;0,1093
2746,50;0,1093
2746,00;0,1094
2745,50;0,1093
2745,00;0,1093
2744,50;0,1094
2744,00;0,1094
2743,50;0,1094
2743,00;0,1093
2742,50;0,1091
2742,00;0,1089
2741,50;0,1088
2741,00;0,1087
2740,50;0,1087
2740,00;0,1088
2739,50;0,1088
2739,00;0,1089
2738,50;0,1089
2738,00;0,1088
2737,50;0,1087
2737,00;0,1087
2736,50;0,1088
2736,00;0,1089
2735,50;0,1089
2735,00;0,1089
2734,50;0,1090
2734,00;0,1091
2733,50;0,1091
2733,00;0,1091
2732,50;0,1091
2732,00;0,1090
2731,50;0,1090
2731,00;0,1089
2730,50;0,1087
2730,00;0,1086
2729,50;0,1085
2729,00;0,1085
2728,50;0,1086
2728,00;0,1087
2727,50;0,1088
2727,00;0,1089
2726,50;0,1088
2726,00;0,1087
2725,50;0,1087
2725,00;0,1087
2724,50;0,1087
2724,00;0,1087
2723,50;0,1086
2723,00;0,1086
2722,50;0,1086
2722,00;0,1085
2721,50;0,1085
2721,00;0,1084
2720,50;0,1083
2720,00;0,1081
2719,50;0,1080
2719,00;0,1080
2718,50;0,1081
2718,00;0,1082
2717,50;0,1084
2717,00;0,1085
2716,50;0,1085
2716,00;0,1084
2715,50;0,1084
2715,00;0,1084
2714,50;0,1084
2714,00;0,1085
2713,50;0,1086
2713,00;0,1086
2712,50;0,1085
2712,00;0,1083
2711,50;0,1082
2711,00;0,1082
2710,50;0,1083
2710,00;0,1083
2709,50;0,1083
2709,00;0,1082
2708,50;0,1081
2708,00;0,1080
2707,50;0,1080
2707,00;0,1081
2706,50;0,1081
2706,00;0,1081
2705,50;0,1079
2705,00;0,1078
2704,50;0,1078
2704,00;0,1079
2703,50;0,1080
2703,00;0,1080
2702,50;0,1080
2702,00;0,1081
2701,50;0,1081
2701,00;0,1080
2700,50;0,1079
2700,00;0,1079
2699,50;0,1080
2699,00;0,1082
2698,50;0,1083
2698,00;0,1083
2697,50;0,1084
2697,00;0,1084
2696,50;0,1084
2696,00;0,1084
2695,50;0,1083
2695,00;0,1083
2694,50;0,1082
2694,00;0,1081
2693,50;0,1082
2693,00;0,1083
2692,50;0,1084
2692,00;0,1085
2691,50;0,1085
2691,00;0,1084
2690,50;0,1084
2690,00;0,1083
2689,50;0,1082
2689,00;0,1081
2688,50;0,1081
2688,00;0,1082
2687,50;0,1082
2687,00;0,1083
2686,50;0,1083
2686,00;0,1084
2685,50;0,1084
2685,00;0,1085
2684,50;0,1085
2684,00;0,1085
2683,50;0,1084
2683,00;0,1083
2682,50;0,1083
2682,00;0,1084
2681,50;0,1084
2681,00;0,1084
2680,50;0,1083
2680,00;0,1083
2679,50;0,1082
2679,00;0,1082
2678,50;0,1082
2678,00;0,1083
2677,50;0,1084
2677,00;0,1085
2676,50;0,1085
2676,00;0,1084
2675,50;0,1084
2675,00;0,1083
2674,50;0,1083
2674,00;0,1082
2673,50;0,1082
2673,00;0,1082
2672,50;0,1081
2672,00;0,1081
2671,50;0,1081
2671,00;0,1081
2670,50;0,1081
2670,00;0,1081
2669,50;0,1082
2669,00;0,1082
2668,50;0,1081
2668,00;0,1080
2667,50;0,1079
2667,00;0,1079
2666,50;0,1080
2666,00;0,1081
2665,50;0,1082
2665,00;0,1083
2664,50;0,1082
2664,00;0,1081
2663,50;0,1080
2663,00;0,1080
2662,50;0,1081
2662,00;0,1082
2661,50;0,1082
2661,00;0,1081
2660,50;0,1079
2660,00;0,1077
2659,50;0,1076
2659,00;0,1075
2658,50;0,1075
2658,00;0,1074
2657,50;0,1074
2657,00;0,1075
2656,50;0,1075
2656,00;0,1075
2655,50;0,1075
2655,00;0,1076
2654,50;0,1077
2654,00;0,1077
2653,50;0,1076
2653,00;0,1075
2652,50;0,1076
2652,00;0,1076
2651,50;0,1075
2651,00;0,1073
2650,50;0,1071
2650,00;0,1070
2649,50;0,1069
2649,00;0,1070
2648,50;0,1070
2648,00;0,1071
2647,50;0,1073
2647,00;0,1074
2646,50;0,1074
2646,00;0,1074
2645,50;0,1074
2645,00;0,1074
2644,50;0,1074
2644,00;0,1074
2643,50;0,1073
2643,00;0,1072
2642,50;0,1073
2642,00;0,1075
2641,50;0,1078
2641,00;0,1080
2640,50;0,1082
2640,00;0,1083
2639,50;0,1081
2639,00;0,1080
2638,50;0,1077
2638,00;0,1076
2637,50;0,1075
2637,00;0,1076
2636,50;0,1077
2636,00;0,1078
2635,50;0,1078
2635,00;0,1079
2634,50;0,1079
2634,00;0,1079
2633,50;0,1078
2633,00;0,1075
2632,50;0,1072
2632,00;0,1070
2631,50;0,1070
2631,00;0,1070
2630,50;0,1071
2630,00;0,1072
2629,50;0,1073
2629,00;0,1075
2628,50;0,1075
2628,00;0,1075
2627,50;0,1074
2627,00;0,1074
2626,50;0,1074
2626,00;0,1074
2625,50;0,1074
2625,00;0,1074
2624,50;0,1075
2624,00;0,1077
2623,50;0,1079
2623,00;0,1080
2622,50;0,1080
2622,00;0,1080
2621,50;0,1079
2621,00;0,1079
2620,50;0,1080
2620,00;0,1081
2619,50;0,1082
2619,00;0,1083
2618,50;0,1084
2618,00;0,1084
2617,50;0,1083
2617,00;0,1081
2616,50;0,1078
2616,00;0,1076
2615,50;0,1076
2615,00;0,1077
2614,50;0,1079
2614,00;0,1081
2613,50;0,1083
2613,00;0,1085
2612,50;0,1085
2612,00;0,1085
2611,50;0,1085
2611,00;0,1086
2610,50;0,1087
2610,00;0,1085
2609,50;0,1083
2609,00;0,1081
2608,50;0,1081
2608,00;0,1081
2607,50;0,1082
2607,00;0,1085
2606,50;0,1087
2606,00;0,1087
2605,50;0,1084
2605,00;0,1080
2604,50;0,1078
2604,00;0,1080
2603,50;0,1083
2603,00;0,1085
2602,50;0,1087
2602,00;0,1089
2601,50;0,1090
2601,00;0,1089
2600,50;0,1085
2600,00;0,1079
2599,50;0,1076
2599,00;0,1077
2598,50;0,1082
2598,00;0,1089
2597,50;0,1094
2597,00;0,1097
2596,50;0,1096
2596,00;0,1093
2595,50;0,1088
2595,00;0,1084
2594,50;0,1083
2594,00;0,1086
2593,50;0,1091
2593,00;0,1096
2592,50;0,1100
2592,00;0,1099
2591,50;0,1095
2591,00;0,1089
2590,50;0,1084
2590,00;0,1081
2589,50;0,1080
2589,00;0,1080
2588,50;0,1080
2588,00;0,1081
2587,50;0,1086
2587,00;0,1092
2586,50;0,1098
2586,00;0,1100
2585,50;0,1098
2585,00;0,1094
2584,50;0,1093
2584,00;0,1094
2583,50;0,1096
2583,00;0,1097
2582,50;0,1097
2582,00;0,1097
2581,50;0,1095
2581,00;0,1092
2580,50;0,1090
2580,00;0,1091
2579,50;0,1094
2579,00;0,1095
2578,50;0,1095
2578,00;0,1094
2577,50;0,1094
2577,00;0,1098
2576,50;0,1102
2576,00;0,1102
2575,50;0,1098
2575,00;0,1094
2574,50;0,1091
2574,00;0,1091
2573,50;0,1094
2573,00;0,1097
2572,50;0,1098
2572,00;0,1098
2571,50;0,1097
2571,00;0,1097
2570,50;0,1098
2570,00;0,1100
2569,50;0,1102
2569,00;0,1104
2568,50;0,1105
2568,00;0,1102
2567,50;0,1099
2567,00;0,1096
2566,50;0,1096
2566,00;0,1097
2565,50;0,1097
2565,00;0,1096
2564,50;0,1095
2564,00;0,1093
2563,50;0,1091
2563,00;0,1089
2562,50;0,1091
2562,00;0,1096
2561,50;0,1103
2561,00;0,1107
2560,50;0,1110
2560,00;0,1112
2559,50;0,1112
2559,00;0,1108
2558,50;0,1102
2558,00;0,1099
2557,50;0,1100
2557,00;0,1104
2556,50;0,1111
2556,00;0,1116
2555,50;0,1119
2555,00;0,1118
2554,50;0,1116
2554,00;0,1113
2553,50;0,1111
2553,00;0,1109
2552,50;0,1107
2552,00;0,1104
2551,50;0,1100
2551,00;0,1098
2550,50;0,1100
2550,00;0,1106
2549,50;0,1112
2549,00;0,1114
2548,50;0,1112
2548,00;0,1110
2547,50;0,1109
2547,00;0,1110
2546,50;0,1110
2546,00;0,1112
2545,50;0,1114
2545,00;0,1116
2544,50;0,1117
2544,00;0,1116
2543,50;0,1115
2543,00;0,1115
2542,50;0,1115
2542,00;0,1113
2541,50;0,1108
2541,00;0,1104
2540,50;0,1104
2540,00;0,1107
2539,50;0,1109
2539,00;0,1109
2538,50;0,1109
2538,00;0,1111
2537,50;0,1113
2537,00;0,1113
2536,50;0,1110
2536,00;0,1104
2535,50;0,1099
2535,00;0,1097
2534,50;0,1100
2534,00;0,1106
2533,50;0,1111
2533,00;0,1113
2532,50;0,1111
2532,00;0,1105
2531,50;0,1100
2531,00;0,1096
2530,50;0,1096
2530,00;0,1101
2529,50;0,1111
2529,00;0,1122
2528,50;0,1130
2528,00;0,1133
2527,50;0,1130
2527,00;0,1123
2526,50;0,1116
2526,00;0,1113
2525,50;0,1113
2525,00;0,1114
2524,50;0,1116
2524,00;0,1119
2523,50;0,1125
2523,00;0,1134
2522,50;0,1141
2522,00;0,1140
2521,50;0,1131
2521,00;0,1119
2520,50;0,1110
2520,00;0,1106
2519,50;0,1107
2519,00;0,1110
2518,50;0,1116
2518,00;0,1123
2517,50;0,1128
2517,00;0,1129
2516,50;0,1124
2516,00;0,1119
2515,50;0,1117
2515,00;0,1120
2514,50;0,1126
2514,00;0,1133
2513,50;0,1138
2513,00;0,1140
2512,50;0,1140
2512,00;0,1136
2511,50;0,1126
2511,00;0,1114
2510,50;0,1105
2510,00;0,1102
2509,50;0,1107
2509,00;0,1117
2508,50;0,1128
2508,00;0,1137
2507,50;0,1140
2507,00;0,1136
2506,50;0,1127
2506,00;0,1117
2505,50;0,1110
2505,00;0,1109
2504,50;0,1115
2504,00;0,1125
2503,50;0,1135
2503,00;0,1140
2502,50;0,1141
2502,00;0,1138
2501,50;0,1135
2501,00;0,1130
2500,50;0,1123
2500,00;0,1115
2499,50;0,1109
2499,00;0,1110
2498,50;0,1120
2498,00;0,1133
2497,50;0,1145
2497,00;0,1151
2496,50;0,1150
2496,00;0,1142
2495,50;0,1129
2495,00;0,1116
2494,50;0,1111
2494,00;0,1117
2493,50;0,1127
2493,00;0,1136
2492,50;0,1140
2492,00;0,1140
2491,50;0,1136
2491,00;0,1129
2490,50;0,1124
2490,00;0,1122
2489,50;0,1128
2489,00;0,1140
2488,50;0,1155
2488,00;0,1167
2487,50;0,1172
2487,00;0,1165
2486,50;0,1150
2486,00;0,1136
2485,50;0,1129
2485,00;0,1131
2484,50;0,1138
2484,00;0,1147
2483,50;0,1155
2483,00;0,1160
2482,50;0,1159
2482,00;0,1154
2481,50;0,1147
2481,00;0,1140
2480,50;0,1135
2480,00;0,1133
2479,50;0,1135
2479,00;0,1140
2478,50;0,1148
2478,00;0,1155
2477,50;0,1161
2477,00;0,1162
2476,50;0,1159
2476,00;0,1153
2475,50;0,1149
2475,00;0,1148
2474,50;0,1152
2474,00;0,1159
2473,50;0,1167
2473,00;0,1176
2472,50;0,1183
2472,00;0,1187
2471,50;0,1183
2471,00;0,1173
2470,50;0,1160
2470,00;0,1150
2469,50;0,1148
2469,00;0,1152
2468,50;0,1159
2468,00;0,1165
2467,50;0,1169
2467,00;0,1168
2466,50;0,1163
2466,00;0,1156
2465,50;0,1152
2465,00;0,1154
2464,50;0,1160
2464,00;0,1166
2463,50;0,1172
2463,00;0,1175
2462,50;0,1180
2462,00;0,1184
2461,50;0,1188
2461,00;0,1192
2460,50;0,1193
2460,00;0,1191
2459,50;0,1186
2459,00;0,1181
2458,50;0,1179
2458,00;0,1182
2457,50;0,1187
2457,00;0,1193
2456,50;0,1197
2456,00;0,1198
2455,50;0,1195
2455,00;0,1189
2454,50;0,1185
2454,00;0,1186
2453,50;0,1193
2453,00;0,1203
2452,50;0,1214
2452,00;0,1222
2451,50;0,1225
2451,00;0,1223
2450,50;0,1218
2450,00;0,1214
2449,50;0,1212
2449,00;0,1213
2448,50;0,1218
2448,00;0,1224
2447,50;0,1232
2447,00;0,1239
2446,50;0,1244
2446,00;0,1248
2445,50;0,1251
2445,00;0,1254
2444,50;0,1258
2444,00;0,1262
2443,50;0,1268
2443,00;0,1276
2442,50;0,1284
2442,00;0,1290
2441,50;0,1292
2441,00;0,1290
2440,50;0,1286
2440,00;0,1282
2439,50;0,1279
2439,00;0,1279
2438,50;0,1283
2438,00;0,1290
2437,50;0,1301
2437,00;0,1313
2436,50;0,1323
2436,00;0,1331
2435,50;0,1338
2435,00;0,1345
2434,50;0,1352
2434,00;0,1359
2433,50;0,1367
2433,00;0,1374
2432,50;0,1382
2432,00;0,1390
2431,50;0,1398
2431,00;0,1406
2430,50;0,1414
2430,00;0,1422
2429,50;0,1430
2429,00;0,1438
2428,50;0,1443
2428,00;0,1449
2427,50;0,1455
2427,00;0,1463
2426,50;0,1470
2426,00;0,1475
2425,50;0,1476
2425,00;0,1477
2424,50;0,1480
2424,00;0,1485
2423,50;0,1490
2423,00;0,1492
2422,50;0,1492
2422,00;0,1493
2421,50;0,1496
2421,00;0,1500
2420,50;0,1505
2420,00;0,1509
2419,50;0,1510
2419,00;0,1508
2418,50;0,1502
2418,00;0,1494
2417,50;0,1488
2417,00;0,1484
2416,50;0,1484
2416,00;0,1485
2415,50;0,1486
2415,00;0,1484
2414,50;0,1479
2414,00;0,1470
2413,50;0,1458
2413,00;0,1448
2412,50;0,1439
2412,00;0,1434
2411,50;0,1432
2411,00;0,1432
2410,50;0,1431
2410,00;0,1427
2409,50;0,1420
2409,00;0,1410
2408,50;0,1397
2408,00;0,1384
2407,50;0,1376
2407,00;0,1373
2406,50;0,1373
2406,00;0,1373
2405,50;0,1372
2405,00;0,1370
2404,50;0,1366
2404,00;0,1361
2403,50;0,1355
2403,00;0,1348
2402,50;0,1342
2402,00;0,1335
2401,50;0,1328
2401,00;0,1321
2400,50;0,1316
2400,00;0,1314
2399,50;0,1313
2399,00;0,1312
2398,50;0,1308
2398,00;0,1304
2397,50;0,1300
2397,00;0,1297
2396,50;0,1294
2396,00;0,1293
2395,50;0,1292
2395,00;0,1292
2394,50;0,1290
2394,00;0,1286
2393,50;0,1281
2393,00;0,1276
2392,50;0,1271
2392,00;0,1267
2391,50;0,1265
2391,00;0,1264
2390,50;0,1264
2390,00;0,1265
2389,50;0,1265
2389,00;0,1265
2388,50;0,1262
2388,00;0,1257
2387,50;0,1251
2387,00;0,1245
2386,50;0,1241
2386,00;0,1240
2385,50;0,1241
2385,00;0,1242
2384,50;0,1243
2384,00;0,1244
2383,50;0,1244
2383,00;0,1241
2382,50;0,1236
2382,00;0,1231
2381,50;0,1229
2381,00;0,1229
2380,50;0,1230
2380,00;0,1230
2379,50;0,1230
2379,00;0,1228
2378,50;0,1225
2378,00;0,1221
2377,50;0,1217
2377,00;0,1212
2376,50;0,1208
2376,00;0,1204
2375,50;0,1202
2375,00;0,1202
2374,50;0,1206
2374,00;0,1209
2373,50;0,1209
2373,00;0,1206
2372,50;0,1200
2372,00;0,1195
2371,50;0,1190
2371,00;0,1187
2370,50;0,1185
2370,00;0,1183
2369,50;0,1183
2369,00;0,1184
2368,50;0,1185
2368,00;0,1186
2367,50;0,1184
2367,00;0,1181
2366,50;0,1177
2366,00;0,1174
2365,50;0,1174
2365,00;0,1174
2364,50;0,1175
2364,00;0,1175
2363,50;0,1174
2363,00;0,1172
2362,50;0,1171
2362,00;0,1171
2361,50;0,1171
2361,00;0,1171
2360,50;0,1169
2360,00;0,1168
2359,50;0,1166
2359,00;0,1164
2358,50;0,1162
2358,00;0,1161
2357,50;0,1158
2357,00;0,1164
2356,50;0,1154
2356,00;0,1137
2355,50;0,1138
2355,00;0,1131
2354,50;0,1129
2354,00;0,1127
2353,50;0,1125
2353,00;0,1123
2352,50;0,1120
2352,00;0,1119
2351,50;0,1120
2351,00;0,1119
2350,50;0,1120
2350,00;0,1119
2349,50;0,1122
2349,00;0,1115
2348,50;0,1139
2348,00;0,1168
2347,50;0,1163
2347,00;0,1169
2346,50;0,1168
2346,00;0,1168
2345,50;0,1167
2345,00;0,1168
2344,50;0,1168
2344,00;0,1168
2343,50;0,1172
2343,00;0,1176
2342,50;0,1180
2342,00;0,1184
2341,50;0,1191
2341,00;0,1194
2340,50;0,1195
2340,00;0,1195
2339,50;0,1193
2339,00;0,1188
2338,50;0,1186
2338,00;0,1186
2337,50;0,1187
2337,00;0,1187
2336,50;0,1189
2336,00;0,1189
2335,50;0,1187
2335,00;0,1186
2334,50;0,1186
2334,00;0,1186
2333,50;0,1185
2333,00;0,1184
2332,50;0,1185
2332,00;0,1187
2331,50;0,1189
2331,00;0,1190
2330,50;0,1190
2330,00;0,1191
2329,50;0,1190
2329,00;0,1190
2328,50;0,1191
2328,00;0,1191
2327,50;0,1187
2327,00;0,1182
2326,50;0,1178
2326,00;0,1172
2325,50;0,1166
2325,00;0,1167
2324,50;0,1171
2324,00;0,1173
2323,50;0,1175
2323,00;0,1180
2322,50;0,1183
2322,00;0,1181
2321,50;0,1178
2321,00;0,1180
2320,50;0,1184
2320,00;0,1186
2319,50;0,1186
2319,00;0,1188
2318,50;0,1188
2318,00;0,1187
2317,50;0,1189
2317,00;0,1196
2316,50;0,1202
2316,00;0,1203
2315,50;0,1203
2315,00;0,1202
2314,50;0,1199
2314,00;0,1194
2313,50;0,1191
2313,00;0,1195
2312,50;0,1201
2312,00;0,1205
2311,50;0,1210
2311,00;0,1216
2310,50;0,1219
2310,00;0,1217
2309,50;0,1214
2309,00;0,1214
2308,50;0,1215
2308,00;0,1217
2307,50;0,1217
2307,00;0,1219
2306,50;0,1222
2306,00;0,1222
2305,50;0,1222
2305,00;0,1223
2304,50;0,1223
2304,00;0,1222
2303,50;0,1218
2303,00;0,1216
2302,50;0,1216
2302,00;0,1219
2301,50;0,1223
2301,00;0,1229
2300,50;0,1233
2300,00;0,1235
2299,50;0,1232
2299,00;0,1228
2298,50;0,1224
2298,00;0,1224
2297,50;0,1225
2297,00;0,1227
2296,50;0,1229
2296,00;0,1230
2295,50;0,1231
2295,00;0,1234
2294,50;0,1238
2294,00;0,1242
2293,50;0,1244
2293,00;0,1243
2292,50;0,1241
2292,00;0,1238
2291,50;0,1236
2291,00;0,1235
2290,50;0,1235
2290,00;0,1237
2289,50;0,1239
2289,00;0,1241
2288,50;0,1241
2288,00;0,1238
2287,50;0,1235
2287,00;0,1233
2286,50;0,1233
2286,00;0,1236
2285,50;0,1239
2285,00;0,1240
2284,50;0,1240
2284,00;0,1239
2283,50;0,1238
2283,00;0,1239
2282,50;0,1238
2282,00;0,1235
2281,50;0,1231
2281,00;0,1229
2280,50;0,1232
2280,00;0,1239
2279,50;0,1248
2279,00;0,1255
2278,50;0,1258
2278,00;0,1259
2277,50;0,1259
2277,00;0,1256
2276,50;0,1253
2276,00;0,1251
2275,50;0,1252
2275,00;0,1255
2274,50;0,1258
2274,00;0,1260
2273,50;0,1261
2273,00;0,1259
2272,50;0,1256
2272,00;0,1255
2271,50;0,1256
2271,00;0,1259
2270,50;0,1263
2270,00;0,1266
2269,50;0,1271
2269,00;0,1275
2268,50;0,1277
2268,00;0,1274
2267,50;0,1265
2267,00;0,1256
2266,50;0,1249
2266,00;0,1247
2265,50;0,1251
2265,00;0,1259
2264,50;0,1265
2264,00;0,1268
2263,50;0,1267
2263,00;0,1262
2262,50;0,1257
2262,00;0,1252
2261,50;0,1247
2261,00;0,1243
2260,50;0,1239
2260,00;0,1239
2259,50;0,1243
2259,00;0,1250
2258,50;0,1259
2258,00;0,1263
2257,50;0,1264
2257,00;0,1261
2256,50;0,1259
2256,00;0,1260
2255,50;0,1266
2255,00;0,1274
2254,50;0,1279
2254,00;0,1277
2253,50;0,1269
2253,00;0,1261
2252,50;0,1256
2252,00;0,1254
2251,50;0,1253
2251,00;0,1253
2250,50;0,1255
2250,00;0,1260
2249,50;0,1266
2249,00;0,1270
2248,50;0,1271
2248,00;0,1273
2247,50;0,1275
2247,00;0,1275
2246,50;0,1272
2246,00;0,1269
2245,50;0,1267
2245,00;0,1268
2244,50;0,1272
2244,00;0,1277
2243,50;0,1282
2243,00;0,1283
2242,50;0,1279
2242,00;0,1273
2241,50;0,1268
2241,00;0,1266
2240,50;0,1266
2240,00;0,1265
2239,50;0,1262
2239,00;0,1262
2238,50;0,1268
2238,00;0,1276
2237,50;0,1281
2237,00;0,1280
2236,50;0,1274
2236,00;0,1268
2235,50;0,1265
2235,00;0,1264
2234,50;0,1264
2234,00;0,1267
2233,50;0,1273
2233,00;0,1281
2232,50;0,1288
2232,00;0,1291
2231,50;0,1287
2231,00;0,1277
2230,50;0,1269
2230,00;0,1267
2229,50;0,1272
2229,00;0,1281
2228,50;0,1290
2228,00;0,1296
2227,50;0,1297
2227,00;0,1291
2226,50;0,1278
2226,00;0,1267
2225,50;0,1263
2225,00;0,1266
2224,50;0,1269
2224,00;0,1266
2223,50;0,1260
2223,00;0,1255
2222,50;0,1256
2222,00;0,1265
2221,50;0,1278
2221,00;0,1288
2220,50;0,1289
2220,00;0,1282
2219,50;0,1273
2219,00;0,1268
2218,50;0,1269
2218,00;0,1274
2217,50;0,1281
2217,00;0,1285
2216,50;0,1283
2216,00;0,1275
2215,50;0,1262
2215,00;0,1249
2214,50;0,1242
2214,00;0,1244
2213,50;0,1253
2213,00;0,1261
2212,50;0,1266
2212,00;0,1270
2211,50;0,1274
2211,00;0,1279
2210,50;0,1280
2210,00;0,1276
2209,50;0,1270
2209,00;0,1266
2208,50;0,1264
2208,00;0,1264
2207,50;0,1265
2207,00;0,1267
2206,50;0,1269
2206,00;0,1271
2205,50;0,1269
2205,00;0,1263
2204,50;0,1255
2204,00;0,1251
2203,50;0,1254
2203,00;0,1265
2202,50;0,1278
2202,00;0,1285
2201,50;0,1287
2201,00;0,1286
2200,50;0,1283
2200,00;0,1279
2199,50;0,1273
2199,00;0,1263
2198,50;0,1252
2198,00;0,1246
2197,50;0,1249
2197,00;0,1260
2196,50;0,1272
2196,00;0,1279
2195,50;0,1280
2195,00;0,1273
2194,50;0,1258
2194,00;0,1243
2193,50;0,1234
2193,00;0,1237
2192,50;0,1246
2192,00;0,1254
2191,50;0,1256
2191,00;0,1254
2190,50;0,1252
2190,00;0,1252
2189,50;0,1256
2189,00;0,1260
2188,50;0,1264
2188,00;0,1265
2187,50;0,1263
2187,00;0,1253
2186,50;0,1239
2186,00;0,1229
2185,50;0,1232
2185,00;0,1246
2184,50;0,1259
2184,00;0,1261
2183,50;0,1252
2183,00;0,1239
2182,50;0,1230
2182,00;0,1230
2181,50;0,1238
2181,00;0,1250
2180,50;0,1259
2180,00;0,1257
2179,50;0,1248
2179,00;0,1236
2178,50;0,1228
2178,00;0,1226
2177,50;0,1232
2177,00;0,1247
2176,50;0,1261
2176,00;0,1268
2175,50;0,1265
2175,00;0,1257
2174,50;0,1248
2174,00;0,1240
2173,50;0,1233
2173,00;0,1227
2172,50;0,1220
2172,00;0,1216
2171,50;0,1216
2171,00;0,1221
2170,50;0,1226
2170,00;0,1228
2169,50;0,1226
2169,00;0,1222
2168,50;0,1215
2168,00;0,1203
2167,50;0,1187
2167,00;0,1173
2166,50;0,1167
2166,00;0,1169
2165,50;0,1179
2165,00;0,1191
2164,50;0,1198
2164,00;0,1198
2163,50;0,1191
2163,00;0,1184
2162,50;0,1182
2162,00;0,1185
2161,50;0,1197
2161,00;0,1216
2160,50;0,1238
2160,00;0,1254
2159,50;0,1260
2159,00;0,1265
2158,50;0,1271
2158,00;0,1274
2157,50;0,1268
2157,00;0,1256
2156,50;0,1246
2156,00;0,1244
2155,50;0,1247
2155,00;0,1251
2154,50;0,1256
2154,00;0,1257
2153,50;0,1252
2153,00;0,1238
2152,50;0,1223
2152,00;0,1216
2151,50;0,1221
2151,00;0,1233
2150,50;0,1244
2150,00;0,1247
2149,50;0,1242
2149,00;0,1236
2148,50;0,1232
2148,00;0,1230
2147,50;0,1226
2147,00;0,1221
2146,50;0,1218
2146,00;0,1218
2145,50;0,1221
2145,00;0,1226
2144,50;0,1232
2144,00;0,1238
2143,50;0,1240
2143,00;0,1239
2142,50;0,1233
2142,00;0,1227
2141,50;0,1223
2141,00;0,1220
2140,50;0,1217
2140,00;0,1213
2139,50;0,1211
2139,00;0,1211
2138,50;0,1214
2138,00;0,1219
2137,50;0,1223
2137,00;0,1223
2136,50;0,1219
2136,00;0,1218
2135,50;0,1220
2135,00;0,1224
2134,50;0,1227
2134,00;0,1227
2133,50;0,1226
2133,00;0,1224
2132,50;0,1221
2132,00;0,1218
2131,50;0,1215
2131,00;0,1213
2130,50;0,1209
2130,00;0,1205
2129,50;0,1200
2129,00;0,1199
2128,50;0,1201
2128,00;0,1207
2127,50;0,1213
2127,00;0,1214
2126,50;0,1210
2126,00;0,1206
2125,50;0,1203
2125,00;0,1201
2124,50;0,1199
2124,00;0,1195
2123,50;0,1192
2123,00;0,1190
2122,50;0,1188
2122,00;0,1185
2121,50;0,1182
2121,00;0,1179
2120,50;0,1178
2120,00;0,1181
2119,50;0,1186
2119,00;0,1189
2118,50;0,1188
2118,00;0,1186
2117,50;0,1184
2117,00;0,1183
2116,50;0,1181
2116,00;0,1175
2115,50;0,1168
2115,00;0,1163
2114,50;0,1162
2114,00;0,1162
2113,50;0,1163
2113,00;0,1164
2112,50;0,1163
2112,00;0,1161
2111,50;0,1158
2111,00;0,1157
2110,50;0,1158
2110,00;0,1160
2109,50;0,1161
2109,00;0,1160
2108,50;0,1158
2108,00;0,1156
2107,50;0,1155
2107,00;0,1156
2106,50;0,1157
2106,00;0,1159
2105,50;0,1164
2105,00;0,1169
2104,50;0,1172
2104,00;0,1170
2103,50;0,1166
2103,00;0,1162
2102,50;0,1161
2102,00;0,1160
2101,50;0,1157
2101,00;0,1153
2100,50;0,1149
2100,00;0,1145
2099,50;0,1140
2099,00;0,1138
2098,50;0,1138
2098,00;0,1141
2097,50;0,1146
2097,00;0,1152
2096,50;0,1157
2096,00;0,1160
2095,50;0,1157
2095,00;0,1151
2094,50;0,1144
2094,00;0,1143
2093,50;0,1150
2093,00;0,1159
2092,50;0,1163
2092,00;0,1160
2091,50;0,1156
2091,00;0,1154
2090,50;0,1152
2090,00;0,1148
2089,50;0,1144
2089,00;0,1142
2088,50;0,1142
2088,00;0,1142
2087,50;0,1141
2087,00;0,1141
2086,50;0,1144
2086,00;0,1148
2085,50;0,1150
2085,00;0,1152
2084,50;0,1154
2084,00;0,1156
2083,50;0,1155
2083,00;0,1151
2082,50;0,1144
2082,00;0,1138
2081,50;0,1136
2081,00;0,1138
2080,50;0,1140
2080,00;0,1140
2079,50;0,1139
2079,00;0,1138
2078,50;0,1139
2078,00;0,1141
2077,50;0,1143
2077,00;0,1146
2076,50;0,1149
2076,00;0,1149
2075,50;0,1147
2075,00;0,1144
2074,50;0,1141
2074,00;0,1139
2073,50;0,1138
2073,00;0,1137
2072,50;0,1137
2072,00;0,1139
2071,50;0,1142
2071,00;0,1146
2070,50;0,1149
2070,00;0,1150
2069,50;0,1150
2069,00;0,1148
2068,50;0,1145
2068,00;0,1140
2067,50;0,1138
2067,00;0,1139
2066,50;0,1142
2066,00;0,1142
2065,50;0,1136
2065,00;0,1129
2064,50;0,1123
2064,00;0,1121
2063,50;0,1123
2063,00;0,1128
2062,50;0,1132
2062,00;0,1134
2061,50;0,1135
2061,00;0,1135
2060,50;0,1137
2060,00;0,1139
2059,50;0,1141
2059,00;0,1145
2058,50;0,1148
2058,00;0,1149
2057,50;0,1146
2057,00;0,1141
2056,50;0,1135
2056,00;0,1133
2055,50;0,1134
2055,00;0,1137
2054,50;0,1138
2054,00;0,1137
2053,50;0,1132
2053,00;0,1123
2052,50;0,1108
2052,00;0,1092
2051,50;0,1084
2051,00;0,1089
2050,50;0,1104
2050,00;0,1115
2049,50;0,1116
2049,00;0,1113
2048,50;0,1113
2048,00;0,1117
2047,50;0,1123
2047,00;0,1129
2046,50;0,1129
2046,00;0,1121
2045,50;0,1109
2045,00;0,1100
2044,50;0,1098
2044,00;0,1099
2043,50;0,1097
2043,00;0,1096
2042,50;0,1100
2042,00;0,1107
2041,50;0,1110
2041,00;0,1107
2040,50;0,1102
2040,00;0,1097
2039,50;0,1092
2039,00;0,1089
2038,50;0,1092
2038,00;0,1105
2037,50;0,1121
2037,00;0,1133
2036,50;0,1137
2036,00;0,1134
2035,50;0,1128
2035,00;0,1122
2034,50;0,1119
2034,00;0,1119
2033,50;0,1120
2033,00;0,1122
2032,50;0,1121
2032,00;0,1116
2031,50;0,1108
2031,00;0,1098
2030,50;0,1093
2030,00;0,1098
2029,50;0,1110
2029,00;0,1124
2028,50;0,1130
2028,00;0,1125
2027,50;0,1115
2027,00;0,1106
2026,50;0,1103
2026,00;0,1104
2025,50;0,1106
2025,00;0,1109
2024,50;0,1112
2024,00;0,1114
2023,50;0,1114
2023,00;0,1112
2022,50;0,1111
2022,00;0,1112
2021,50;0,1115
2021,00;0,1123
2020,50;0,1134
2020,00;0,1142
2019,50;0,1141
2019,00;0,1131
2018,50;0,1121
2018,00;0,1114
2017,50;0,1112
2017,00;0,1113
2016,50;0,1117
2016,00;0,1125
2015,50;0,1134
2015,00;0,1139
2014,50;0,1138
2014,00;0,1133
2013,50;0,1128
2013,00;0,1125
2012,50;0,1122
2012,00;0,1118
2011,50;0,1112
2011,00;0,1107
2010,50;0,1103
2010,00;0,1100
2009,50;0,1097
2009,00;0,1097
2008,50;0,1106
2008,00;0,1122
2007,50;0,1142
2007,00;0,1158
2006,50;0,1164
2006,00;0,1159
2005,50;0,1148
2005,00;0,1136
2004,50;0,1130
2004,00;0,1131
2003,50;0,1138
2003,00;0,1146
2002,50;0,1151
2002,00;0,1148
2001,50;0,1139
2001,00;0,1131
2000,50;0,1130
2000,00;0,1134
1999,50;0,1138
1999,00;0,1138
1998,50;0,1135
1998,00;0,1134
1997,50;0,1132
1997,00;0,1129
1996,50;0,1128
1996,00;0,1128
1995,50;0,1131
1995,00;0,1135
1994,50;0,1140
1994,00;0,1143
1993,50;0,1139
1993,00;0,1129
1992,50;0,1119
1992,00;0,1112
1991,50;0,1110
1991,00;0,1112
1990,50;0,1116
1990,00;0,1124
1989,50;0,1133
1989,00;0,1138
1988,50;0,1139
1988,00;0,1136
1987,50;0,1133
1987,00;0,1135
1986,50;0,1140
1986,00;0,1143
1985,50;0,1140
1985,00;0,1132
1984,50;0,1125
1984,00;0,1123
1983,50;0,1123
1983,00;0,1120
1982,50;0,1111
1982,00;0,1101
1981,50;0,1092
1981,00;0,1084
1980,50;0,1079
1980,00;0,1079
1979,50;0,1083
1979,00;0,1090
1978,50;0,1096
1978,00;0,1103
1977,50;0,1110
1977,00;0,1115
1976,50;0,1119
1976,00;0,1123
1975,50;0,1129
1975,00;0,1136
1974,50;0,1144
1974,00;0,1150
1973,50;0,1157
1973,00;0,1163
1972,50;0,1167
1972,00;0,1168
1971,50;0,1163
1971,00;0,1154
1970,50;0,1144
1970,00;0,1138
1969,50;0,1138
1969,00;0,1138
1968,50;0,1136
1968,00;0,1134
1967,50;0,1137
1967,00;0,1145
1966,50;0,1150
1966,00;0,1147
1965,50;0,1142
1965,00;0,1140
1964,50;0,1142
1964,00;0,1147
1963,50;0,1151
1963,00;0,1155
1962,50;0,1155
1962,00;0,1148
1961,50;0,1138
1961,00;0,1133
1960,50;0,1140
1960,00;0,1155
1959,50;0,1164
1959,00;0,1162
1958,50;0,1157
1958,00;0,1156
1957,50;0,1160
1957,00;0,1163
1956,50;0,1160
1956,00;0,1152
1955,50;0,1145
1955,00;0,1142
1954,50;0,1144
1954,00;0,1152
1953,50;0,1163
1953,00;0,1168
1952,50;0,1163
1952,00;0,1151
1951,50;0,1142
1951,00;0,1139
1950,50;0,1141
1950,00;0,1143
1949,50;0,1143
1949,00;0,1143
1948,50;0,1143
1948,00;0,1141
1947,50;0,1138
1947,00;0,1136
1946,50;0,1138
1946,00;0,1145
1945,50;0,1151
1945,00;0,1155
1944,50;0,1154
1944,00;0,1150
1943,50;0,1143
1943,00;0,1138
1942,50;0,1135
1942,00;0,1136
1941,50;0,1140
1941,00;0,1146
1940,50;0,1150
1940,00;0,1153
1939,50;0,1154
1939,00;0,1157
1938,50;0,1160
1938,00;0,1160
1937,50;0,1157
1937,00;0,1150
1936,50;0,1143
1936,00;0,1141
1935,50;0,1143
1935,00;0,1148
1934,50;0,1153
1934,00;0,1156
1933,50;0,1158
1933,00;0,1158
1932,50;0,1157
1932,00;0,1154
1931,50;0,1151
1931,00;0,1148
1930,50;0,1147
1930,00;0,1146
1929,50;0,1145
1929,00;0,1143
1928,50;0,1141
1928,00;0,1142
1927,50;0,1143
1927,00;0,1146
1926,50;0,1148
1926,00;0,1151
1925,50;0,1152
1925,00;0,1152
1924,50;0,1151
1924,00;0,1149
1923,50;0,1149
1923,00;0,1149
1922,50;0,1147
1922,00;0,1145
1921,50;0,1142
1921,00;0,1141
1920,50;0,1140
1920,00;0,1140
1919,50;0,1140
1919,00;0,1141
1918,50;0,1144
1918,00;0,1147
1917,50;0,1151
1917,00;0,1154
1916,50;0,1154
1916,00;0,1152
1915,50;0,1149
1915,00;0,1149
1914,50;0,1151
1914,00;0,1153
1913,50;0,1153
1913,00;0,1152
1912,50;0,1151
1912,00;0,1152
1911,50;0,1153
1911,00;0,1155
1910,50;0,1160
1910,00;0,1168
1909,50;0,1174
1909,00;0,1176
1908,50;0,1171
1908,00;0,1162
1907,50;0,1153
1907,00;0,1148
1906,50;0,1150
1906,00;0,1155
1905,50;0,1159
1905,00;0,1160
1904,50;0,1160
1904,00;0,1161
1903,50;0,1162
1903,00;0,1163
1902,50;0,1163
1902,00;0,1163
1901,50;0,1164
1901,00;0,1165
1900,50;0,1164
1900,00;0,1162
1899,50;0,1159
1899,00;0,1158
1898,50;0,1158
1898,00;0,1159
1897,50;0,1160
1897,00;0,1161
1896,50;0,1161
1896,00;0,1161
1895,50;0,1160
1895,00;0,1159
1894,50;0,1156
1894,00;0,1153
1893,50;0,1150
1893,00;0,1151
1892,50;0,1153
1892,00;0,1157
1891,50;0,1160
1891,00;0,1164
1890,50;0,1166
1890,00;0,1165
1889,50;0,1161
1889,00;0,1156
1888,50;0,1155
1888,00;0,1156
1887,50;0,1159
1887,00;0,1163
1886,50;0,1169
1886,00;0,1173
1885,50;0,1172
1885,00;0,1166
1884,50;0,1160
1884,00;0,1157
1883,50;0,1157
1883,00;0,1158
1882,50;0,1160
1882,00;0,1163
1881,50;0,1166
1881,00;0,1168
1880,50;0,1168
1880,00;0,1169
1879,50;0,1170
1879,00;0,1172
1878,50;0,1172
1878,00;0,1172
1877,50;0,1172
1877,00;0,1174
1876,50;0,1177
1876,00;0,1180
1875,50;0,1181
1875,00;0,1179
1874,50;0,1174
1874,00;0,1169
1873,50;0,1165
1873,00;0,1163
1872,50;0,1163
1872,00;0,1165
1871,50;0,1167
1871,00;0,1168
1870,50;0,1169
1870,00;0,1170
1869,50;0,1172
1869,00;0,1172
1868,50;0,1172
1868,00;0,1172
1867,50;0,1170
1867,00;0,1169
1866,50;0,1169
1866,00;0,1170
1865,50;0,1172
1865,00;0,1175
1864,50;0,1176
1864,00;0,1176
1863,50;0,1174
1863,00;0,1173
1862,50;0,1174
1862,00;0,1177
1861,50;0,1178
1861,00;0,1177
1860,50;0,1174
1860,00;0,1173
1859,50;0,1174
1859,00;0,1176
1858,50;0,1177
1858,00;0,1176
1857,50;0,1175
1857,00;0,1175
1856,50;0,1178
1856,00;0,1180
1855,50;0,1181
1855,00;0,1180
1854,50;0,1176
1854,00;0,1173
1853,50;0,1170
1853,00;0,1171
1852,50;0,1175
1852,00;0,1178
1851,50;0,1179
1851,00;0,1177
1850,50;0,1175
1850,00;0,1176
1849,50;0,1180
1849,00;0,1183
1848,50;0,1185
1848,00;0,1184
1847,50;0,1184
1847,00;0,1185
1846,50;0,1186
1846,00;0,1187
1845,50;0,1188
1845,00;0,1186
1844,50;0,1184
1844,00;0,1181
1843,50;0,1181
1843,00;0,1182
1842,50;0,1185
1842,00;0,1188
1841,50;0,1193
1841,00;0,1197
1840,50;0,1200
1840,00;0,1200
1839,50;0,1198
1839,00;0,1195
1838,50;0,1192
1838,00;0,1191
1837,50;0,1191
1837,00;0,1194
1836,50;0,1197
1836,00;0,1199
1835,50;0,1201
1835,00;0,1201
1834,50;0,1201
1834,00;0,1201
1833,50;0,1201
1833,00;0,1202
1832,50;0,1202
1832,00;0,1200
1831,50;0,1197
1831,00;0,1196
1830,50;0,1196
1830,00;0,1197
1829,50;0,1199
1829,00;0,1201
1828,50;0,1203
1828,00;0,1203
1827,50;0,1202
1827,00;0,1202
1826,50;0,1201
1826,00;0,1200
1825,50;0,1198
1825,00;0,1198
1824,50;0,1198
1824,00;0,1198
1823,50;0,1198
1823,00;0,1199
1822,50;0,1201
1822,00;0,1204
1821,50;0,1206
1821,00;0,1208
1820,50;0,1209
1820,00;0,1209
1819,50;0,1211
1819,00;0,1214
1818,50;0,1218
1818,00;0,1221
1817,50;0,1222
1817,00;0,1221
1816,50;0,1219
1816,00;0,1216
1815,50;0,1214
1815,00;0,1215
1814,50;0,1217
1814,00;0,1219
1813,50;0,1219
1813,00;0,1218
1812,50;0,1217
1812,00;0,1217
1811,50;0,1217
1811,00;0,1217
1810,50;0,1217
1810,00;0,1216
1809,50;0,1215
1809,00;0,1215
1808,50;0,1217
1808,00;0,1218
1807,50;0,1219
1807,00;0,1219
1806,50;0,1219
1806,00;0,1221
1805,50;0,1222
1805,00;0,1224
1804,50;0,1226
1804,00;0,1226
1803,50;0,1226
1803,00;0,1227
1802,50;0,1227
1802,00;0,1227
1801,50;0,1226
1801,00;0,1224
1800,50;0,1223
1800,00;0,1222
1799,50;0,1221
1799,00;0,1222
1798,50;0,1223
1798,00;0,1225
1797,50;0,1227
1797,00;0,1230
1796,50;0,1234
1796,00;0,1236
1795,50;0,1235
1795,00;0,1234
1794,50;0,1232
1794,00;0,1231
1793,50;0,1230
1793,00;0,1229
1792,50;0,1230
1792,00;0,1232
1791,50;0,1235
1791,00;0,1237
1790,50;0,1239
1790,00;0,1240
1789,50;0,1241
1789,00;0,1243
1788,50;0,1246
1788,00;0,1246
1787,50;0,1246
1787,00;0,1245
1786,50;0,1246
1786,00;0,1246
1785,50;0,1246
1785,00;0,1245
1784,50;0,1245
1784,00;0,1245
1783,50;0,1245
1783,00;0,1246
1782,50;0,1247
1782,00;0,1250
1781,50;0,1252
1781,00;0,1252
1780,50;0,1250
1780,00;0,1248
1779,50;0,1248
1779,00;0,1249
1778,50;0,1251
1778,00;0,1253
1777,50;0,1254
1777,00;0,1254
1776,50;0,1254
1776,00;0,1255
1775,50;0,1257
1775,00;0,1259
1774,50;0,1261
1774,00;0,1261
1773,50;0,1262
1773,00;0,1263
1772,50;0,1264
1772,00;0,1266
1771,50;0,1269
1771,00;0,1272
1770,50;0,1274
1770,00;0,1275
1769,50;0,1274
1769,00;0,1273
1768,50;0,1270
1768,00;0,1268
1767,50;0,1267
1767,00;0,1268
1766,50;0,1269
1766,00;0,1272
1765,50;0,1275
1765,00;0,1278
1764,50;0,1279
1764,00;0,1279
1763,50;0,1278
1763,00;0,1277
1762,50;0,1275
1762,00;0,1274
1761,50;0,1275
1761,00;0,1278
1760,50;0,1281
1760,00;0,1282
1759,50;0,1282
1759,00;0,1282
1758,50;0,1285
1758,00;0,1288
1757,50;0,1290
1757,00;0,1290
1756,50;0,1289
1756,00;0,1289
1755,50;0,1289
1755,00;0,1290
1754,50;0,1290
1754,00;0,1291
1753,50;0,1293
1753,00;0,1296
1752,50;0,1298
1752,00;0,1298
1751,50;0,1298
1751,00;0,1299
1750,50;0,1303
1750,00;0,1306
1749,50;0,1307
1749,00;0,1306
1748,50;0,1305
1748,00;0,1304
1747,50;0,1303
1747,00;0,1303
1746,50;0,1304
1746,00;0,1305
1745,50;0,1306
1745,00;0,1307
1744,50;0,1308
1744,00;0,1309
1743,50;0,1309
1743,00;0,1308
1742,50;0,1307
1742,00;0,1308
1741,50;0,1309
1741,00;0,1311
1740,50;0,1311
1740,00;0,1311
1739,50;0,1310
1739,00;0,1308
1738,50;0,1306
1738,00;0,1303
1737,50;0,1302
1737,00;0,1302
1736,50;0,1305
1736,00;0,1308
1735,50;0,1311
1735,00;0,1309
1734,50;0,1303
1734,00;0,1297
1733,50;0,1293
1733,00;0,1291
1732,50;0,1290
1732,00;0,1289
1731,50;0,1289
1731,00;0,1291
1730,50;0,1293
1730,00;0,1295
1729,50;0,1297
1729,00;0,1299
1728,50;0,1302
1728,00;0,1305
1727,50;0,1307
1727,00;0,1308
1726,50;0,1310
1726,00;0,1311
1725,50;0,1313
1725,00;0,1315
1724,50;0,1317
1724,00;0,1319
1723,50;0,1323
1723,00;0,1327
1722,50;0,1332
1722,00;0,1334
1721,50;0,1336
1721,00;0,1337
1720,50;0,1339
1720,00;0,1341
1719,50;0,1344
1719,00;0,1344
1718,50;0,1343
1718,00;0,1342
1717,50;0,1342
1717,00;0,1344
1716,50;0,1348
1716,00;0,1353
1715,50;0,1357
1715,00;0,1360
1714,50;0,1362
1714,00;0,1365
1713,50;0,1367
1713,00;0,1367
1712,50;0,1367
1712,00;0,1367
1711,50;0,1368
1711,00;0,1369
1710,50;0,1370
1710,00;0,1372
1709,50;0,1373
1709,00;0,1373
1708,50;0,1373
1708,00;0,1375
1707,50;0,1378
1707,00;0,1380
1706,50;0,1381
1706,00;0,1383
1705,50;0,1384
1705,00;0,1385
1704,50;0,1385
1704,00;0,1386
1703,50;0,1389
1703,00;0,1393
1702,50;0,1396
1702,00;0,1397
1701,50;0,1398
1701,00;0,1399
1700,50;0,1398
1700,00;0,1400
1699,50;0,1406
1699,00;0,1410
1698,50;0,1412
1698,00;0,1413
1697,50;0,1415
1697,00;0,1416
1696,50;0,1416
1696,00;0,1415
1695,50;0,1415
1695,00;0,1417
1694,50;0,1420
1694,00;0,1421
1693,50;0,1421
1693,00;0,1422
1692,50;0,1424
1692,00;0,1426
1691,50;0,1427
1691,00;0,1428
1690,50;0,1429
1690,00;0,1429
1689,50;0,1428
1689,00;0,1428
1688,50;0,1429
1688,00;0,1431
1687,50;0,1432
1687,00;0,1434
1686,50;0,1436
1686,00;0,1437
1685,50;0,1437
1685,00;0,1437
1684,50;0,1437
1684,00;0,1437
1683,50;0,1438
1683,00;0,1440
1682,50;0,1444
1682,00;0,1449
1681,50;0,1452
1681,00;0,1454
1680,50;0,1454
1680,00;0,1453
1679,50;0,1453
1679,00;0,1453
1678,50;0,1453
1678,00;0,1454
1677,50;0,1457
1677,00;0,1461
1676,50;0,1464
1676,00;0,1464
1675,50;0,1462
1675,00;0,1461
1674,50;0,1462
1674,00;0,1463
1673,50;0,1465
1673,00;0,1467
1672,50;0,1469
1672,00;0,1470
1671,50;0,1472
1671,00;0,1475
1670,50;0,1478
1670,00;0,1479
1669,50;0,1477
1669,00;0,1475
1668,50;0,1475
1668,00;0,1476
1667,50;0,1479
1667,00;0,1483
1666,50;0,1488
1666,00;0,1492
1665,50;0,1494
1665,00;0,1494
1664,50;0,1492
1664,00;0,1492
1663,50;0,1493
1663,00;0,1493
1662,50;0,1494
1662,00;0,1495
1661,50;0,1495
1661,00;0,1496
1660,50;0,1498
1660,00;0,1500
1659,50;0,1501
1659,00;0,1502
1658,50;0,1502
1658,00;0,1503
1657,50;0,1502
1657,00;0,1502
1656,50;0,1502
1656,00;0,1504
1655,50;0,1506
1655,00;0,1509
1654,50;0,1511
1654,00;0,1515
1653,50;0,1519
1653,00;0,1522
1652,50;0,1520
1652,00;0,1518
1651,50;0,1516
1651,00;0,1515
1650,50;0,1516
1650,00;0,1517
1649,50;0,1518
1649,00;0,1519
1648,50;0,1519
1648,00;0,1520
1647,50;0,1522
1647,00;0,1522
1646,50;0,1521
1646,00;0,1520
1645,50;0,1521
1645,00;0,1522
1644,50;0,1522
1644,00;0,1521
1643,50;0,1522
1643,00;0,1524
1642,50;0,1525
1642,00;0,1526
1641,50;0,1526
1641,00;0,1526
1640,50;0,1525
1640,00;0,1524
1639,50;0,1524
1639,00;0,1525
1638,50;0,1527
1638,00;0,1528
1637,50;0,1529
1637,00;0,1532
1636,50;0,1536
1636,00;0,1540
1635,50;0,1544
1635,00;0,1546
1634,50;0,1548
1634,00;0,1548
1633,50;0,1546
1633,00;0,1544
1632,50;0,1544
1632,00;0,1544
1631,50;0,1544
1631,00;0,1544
1630,50;0,1544
1630,00;0,1544
1629,50;0,1544
1629,00;0,1544
1628,50;0,1544
1628,00;0,1544
1627,50;0,1542
1627,00;0,1540
1626,50;0,1539
1626,00;0,1540
1625,50;0,1541
1625,00;0,1543
1624,50;0,1544
1624,00;0,1543
1623,50;0,1541
1623,00;0,1539
1622,50;0,1538
1622,00;0,1538
1621,50;0,1537
1621,00;0,1536
1620,50;0,1536
1620,00;0,1537
1619,50;0,1538
1619,00;0,1540
1618,50;0,1543
1618,00;0,1546
1617,50;0,1548
1617,00;0,1549
1616,50;0,1550
1616,00;0,1549
1615,50;0,1547
1615,00;0,1544
1614,50;0,1542
1614,00;0,1542
1613,50;0,1543
1613,00;0,1543
1612,50;0,1542
1612,00;0,1541
1611,50;0,1541
1611,00;0,1542
1610,50;0,1543
1610,00;0,1543
1609,50;0,1542
1609,00;0,1542
1608,50;0,1541
1608,00;0,1541
1607,50;0,1541
1607,00;0,1542
1606,50;0,1543
1606,00;0,1544
1605,50;0,1544
1605,00;0,1545
1604,50;0,1546
1604,00;0,1548
1603,50;0,1550
1603,00;0,1550
1602,50;0,1549
1602,00;0,1548
1601,50;0,1546
1601,00;0,1545
1600,50;0,1546
1600,00;0,1549
1599,50;0,1552
1599,00;0,1553
1598,50;0,1552
1598,00;0,1549
1597,50;0,1546
1597,00;0,1545
1596,50;0,1544
1596,00;0,1544
1595,50;0,1543
1595,00;0,1544
1594,50;0,1545
1594,00;0,1547
1593,50;0,1548
1593,00;0,1549
1592,50;0,1548
1592,00;0,1547
1591,50;0,1547
1591,00;0,1547
1590,50;0,1547
1590,00;0,1548
1589,50;0,1547
1589,00;0,1546
1588,50;0,1545
1588,00;0,1545
1587,50;0,1544
1587,00;0,1544
1586,50;0,1545
1586,00;0,1547
1585,50;0,1547
1585,00;0,1544
1584,50;0,1542
1584,00;0,1543
1583,50;0,1545
1583,00;0,1548
1582,50;0,1548
1582,00;0,1548
1581,50;0,1547
1581,00;0,1546
1580,50;0,1546
1580,00;0,1545
1579,50;0,1544
1579,00;0,1544
1578,50;0,1544
1578,00;0,1546
1577,50;0,1548
1577,00;0,1549
1576,50;0,1551
1576,00;0,1552
1575,50;0,1552
1575,00;0,1552
1574,50;0,1551
1574,00;0,1550
1573,50;0,1549
1573,00;0,1548
1572,50;0,1548
1572,00;0,1550
1571,50;0,1551
1571,00;0,1551
1570,50;0,1550
1570,00;0,1548
1569,50;0,1546
1569,00;0,1545
1568,50;0,1545
1568,00;0,1545
1567,50;0,1545
1567,00;0,1544
1566,50;0,1545
1566,00;0,1545
1565,50;0,1546
1565,00;0,1546
1564,50;0,1547
1564,00;0,1547
1563,50;0,1547
1563,00;0,1546
1562,50;0,1545
1562,00;0,1545
1561,50;0,1547
1561,00;0,1550
1560,50;0,1551
1560,00;0,1551
1559,50;0,1550
1559,00;0,1550
1558,50;0,1550
1558,00;0,1551
1557,50;0,1552
1557,00;0,1554
1556,50;0,1553
1556,00;0,1552
1555,50;0,1551
1555,00;0,1551
1554,50;0,1551
1554,00;0,1549
1553,50;0,1548
1553,00;0,1549
1552,50;0,1549
1552,00;0,1548
1551,50;0,1547
1551,00;0,1548
1550,50;0,1548
1550,00;0,1548
1549,50;0,1548
1549,00;0,1547
1548,50;0,1545
1548,00;0,1543
1547,50;0,1541
1547,00;0,1541
1546,50;0,1541
1546,00;0,1540
1545,50;0,1540
1545,00;0,1540
1544,50;0,1541
1544,00;0,1540
1543,50;0,1541
1543,00;0,1544
1542,50;0,1548
1542,00;0,1551
1541,50;0,1555
1541,00;0,1557
1540,50;0,1558
1540,00;0,1557
1539,50;0,1554
1539,00;0,1552
1538,50;0,1550
1538,00;0,1549
1537,50;0,1550
1537,00;0,1552
1536,50;0,1553
1536,00;0,1553
1535,50;0,1552
1535,00;0,1550
1534,50;0,1549
1534,00;0,1548
1533,50;0,1548
1533,00;0,1550
1532,50;0,1551
1532,00;0,1551
1531,50;0,1549
1531,00;0,1549
1530,50;0,1549
1530,00;0,1548
1529,50;0,1547
1529,00;0,1547
1528,50;0,1547
1528,00;0,1547
1527,50;0,1547
1527,00;0,1549
1526,50;0,1550
1526,00;0,1549
1525,50;0,1547
1525,00;0,1546
1524,50;0,1548
1524,00;0,1551
1523,50;0,1552
1523,00;0,1552
1522,50;0,1549
1522,00;0,1545
1521,50;0,1541
1521,00;0,1538
1520,50;0,1538
1520,00;0,1543
1519,50;0,1549
1519,00;0,1553
1518,50;0,1554
1518,00;0,1552
1517,50;0,1547
1517,00;0,1545
1516,50;0,1545
1516,00;0,1547
1515,50;0,1548
1515,00;0,1547
1514,50;0,1547
1514,00;0,1547
1513,50;0,1548
1513,00;0,1548
1512,50;0,1548
1512,00;0,1546
1511,50;0,1544
1511,00;0,1542
1510,50;0,1541
1510,00;0,1541
1509,50;0,1542
1509,00;0,1543
1508,50;0,1544
1508,00;0,1543
1507,50;0,1543
1507,00;0,1544
1506,50;0,1547
1506,00;0,1548
1505,50;0,1547
1505,00;0,1545
1504,50;0,1544
1504,00;0,1543
1503,50;0,1543
1503,00;0,1542
1502,50;0,1541
1502,00;0,1542
1501,50;0,1543
1501,00;0,1544
1500,50;0,1546
1500,00;0,1548
1499,50;0,1551
1499,00;0,1552
1498,50;0,1552
1498,00;0,1552
1497,50;0,1552
1497,00;0,1552
1496,50;0,1552
1496,00;0,1552
1495,50;0,1553
1495,00;0,1554
1494,50;0,1554
1494,00;0,1552
1493,50;0,1550
1493,00;0,1548
1492,50;0,1546
1492,00;0,1545
1491,50;0,1542
1491,00;0,1538
1490,50;0,1533
1490,00;0,1530
1489,50;0,1531
1489,00;0,1535
1488,50;0,1539
1488,00;0,1541
1487,50;0,1540
1487,00;0,1538
1486,50;0,1537
1486,00;0,1536
1485,50;0,1536
1485,00;0,1537
1484,50;0,1537
1484,00;0,1536
1483,50;0,1535
1483,00;0,1532
1482,50;0,1530
1482,00;0,1529
1481,50;0,1528
1481,00;0,1526
1480,50;0,1525
1480,00;0,1525
1479,50;0,1526
1479,00;0,1528
1478,50;0,1530
1478,00;0,1531
1477,50;0,1530
1477,00;0,1529
1476,50;0,1526
1476,00;0,1525
1475,50;0,1524
1475,00;0,1525
1474,50;0,1525
1474,00;0,1525
1473,50;0,1524
1473,00;0,1522
1472,50;0,1520
1472,00;0,1518
1471,50;0,1518
1471,00;0,1519
1470,50;0,1520
1470,00;0,1521
1469,50;0,1522
1469,00;0,1523
1468,50;0,1523
1468,00;0,1523
1467,50;0,1523
1467,00;0,1522
1466,50;0,1522
1466,00;0,1520
1465,50;0,1517
1465,00;0,1514
1464,50;0,1512
1464,00;0,1511
1463,50;0,1511
1463,00;0,1513
1462,50;0,1515
1462,00;0,1516
1461,50;0,1516
1461,00;0,1516
1460,50;0,1515
1460,00;0,1513
1459,50;0,1510
1459,00;0,1507
1458,50;0,1505
1458,00;0,1504
1457,50;0,1503
1457,00;0,1503
1456,50;0,1502
1456,00;0,1503
1455,50;0,1504
1455,00;0,1505
1454,50;0,1505
1454,00;0,1506
1453,50;0,1506
1453,00;0,1506
1452,50;0,1505
1452,00;0,1504
1451,50;0,1504
1451,00;0,1506
1450,50;0,1507
1450,00;0,1506
1449,50;0,1503
1449,00;0,1500
1448,50;0,1498
1448,00;0,1498
1447,50;0,1498
1447,00;0,1497
1446,50;0,1496
1446,00;0,1495
1445,50;0,1495
1445,00;0,1496
1444,50;0,1496
1444,00;0,1495
1443,50;0,1493
1443,00;0,1493
1442,50;0,1492
1442,00;0,1492
1441,50;0,1491
1441,00;0,1491
1440,50;0,1491
1440,00;0,1491
1439,50;0,1491
1439,00;0,1491
1438,50;0,1489
1438,00;0,1487
1437,50;0,1486
1437,00;0,1485
1436,50;0,1485
1436,00;0,1488
1435,50;0,1491
1435,00;0,1492
1434,50;0,1492
1434,00;0,1490
1433,50;0,1488
1433,00;0,1486
1432,50;0,1484
1432,00;0,1483
1431,50;0,1484
1431,00;0,1485
1430,50;0,1488
1430,00;0,1490
1429,50;0,1491
1429,00;0,1490
1428,50;0,1486
1428,00;0,1482
1427,50;0,1481
1427,00;0,1483
1426,50;0,1487
1426,00;0,1489
1425,50;0,1490
1425,00;0,1489
1424,50;0,1486
1424,00;0,1484
1423,50;0,1483
1423,00;0,1482
1422,50;0,1480
1422,00;0,1478
1421,50;0,1478
1421,00;0,1479
1420,50;0,1480
1420,00;0,1479
1419,50;0,1477
1419,00;0,1476
1418,50;0,1477
1418,00;0,1476
1417,50;0,1474
1417,00;0,1471
1416,50;0,1469
1416,00;0,1470
1415,50;0,1472
1415,00;0,1475
1414,50;0,1477
1414,00;0,1476
1413,50;0,1474
1413,00;0,1470
1412,50;0,1467
1412,00;0,1464
1411,50;0,1464
1411,00;0,1464
1410,50;0,1466
1410,00;0,1467
1409,50;0,1468
1409,00;0,1469
1408,50;0,1469
1408,00;0,1470
1407,50;0,1470
1407,00;0,1468
1406,50;0,1465
1406,00;0,1462
1405,50;0,1460
1405,00;0,1459
1404,50;0,1459
1404,00;0,1461
1403,50;0,1462
1403,00;0,1462
1402,50;0,1459
1402,00;0,1455
1401,50;0,1451
1401,00;0,1449
1400,50;0,1450
1400,00;0,1451
1399,50;0,1450
1399,00;0,1448
1398,50;0,1445
1398,00;0,1442
1397,50;0,1440
1397,00;0,1440
1396,50;0,1440
1396,00;0,1441
1395,50;0,1439
1395,00;0,1437
1394,50;0,1436
1394,00;0,1437
1393,50;0,1437
1393,00;0,1436
1392,50;0,1435
1392,00;0,1433
1391,50;0,1433
1391,00;0,1434
1390,50;0,1435
1390,00;0,1436
1389,50;0,1437
1389,00;0,1439
1388,50;0,1440
1388,00;0,1440
1387,50;0,1440
1387,00;0,1440
1386,50;0,1441
1386,00;0,1442
1385,50;0,1443
1385,00;0,1444
1384,50;0,1444
1384,00;0,1443
1383,50;0,1441
1383,00;0,1437
1382,50;0,1435
1382,00;0,1434
1381,50;0,1435
1381,00;0,1435
1380,50;0,1435
1380,00;0,1434
1379,50;0,1433
1379,00;0,1431
1378,50;0,1428
1378,00;0,1423
1377,50;0,1420
1377,00;0,1418
1376,50;0,1419
1376,00;0,1420
1375,50;0,1419
1375,00;0,1417
1374,50;0,1415
1374,00;0,1413
1373,50;0,1413
1373,00;0,1415
1372,50;0,1417
1372,00;0,1418
1371,50;0,1418
1371,00;0,1418
1370,50;0,1418
1370,00;0,1417
1369,50;0,1414
1369,00;0,1411
1368,50;0,1409
1368,00;0,1410
1367,50;0,1413
1367,00;0,1415
1366,50;0,1416
1366,00;0,1415
1365,50;0,1413
1365,00;0,1411
1364,50;0,1408
1364,00;0,1405
1363,50;0,1400
1363,00;0,1397
1362,50;0,1395
1362,00;0,1395
1361,50;0,1395
1361,00;0,1395
1360,50;0,1394
1360,00;0,1394
1359,50;0,1395
1359,00;0,1396
1358,50;0,1397
1358,00;0,1397
1357,50;0,1398
1357,00;0,1399
1356,50;0,1400
1356,00;0,1400
1355,50;0,1400
1355,00;0,1400
1354,50;0,1401
1354,00;0,1403
1353,50;0,1404
1353,00;0,1404
1352,50;0,1403
1352,00;0,1401
1351,50;0,1400
1351,00;0,1399
1350,50;0,1398
1350,00;0,1398
1349,50;0,1397
1349,00;0,1394
1348,50;0,1392
1348,00;0,1389
1347,50;0,1388
1347,00;0,1388
1346,50;0,1388
1346,00;0,1389
1345,50;0,1391
1345,00;0,1392
1344,50;0,1393
1344,00;0,1393
1343,50;0,1392
1343,00;0,1390
1342,50;0,1388
1342,00;0,1387
1341,50;0,1385
1341,00;0,1383
1340,50;0,1381
1340,00;0,1380
1339,50;0,1380
1339,00;0,1381
1338,50;0,1382
1338,00;0,1382
1337,50;0,1381
1337,00;0,1380
1336,50;0,1380
1336,00;0,1381
1335,50;0,1384
1335,00;0,1385
1334,50;0,1386
1334,00;0,1385
1333,50;0,1384
1333,00;0,1381
1332,50;0,1379
1332,00;0,1378
1331,50;0,1378
1331,00;0,1377
1330,50;0,1376
1330,00;0,1374
1329,50;0,1373
1329,00;0,1372
1328,50;0,1372
1328,00;0,1373
1327,50;0,1374
1327,00;0,1374
1326,50;0,1374
1326,00;0,1372
1325,50;0,1368
1325,00;0,1365
1324,50;0,1363
1324,00;0,1364
1323,50;0,1366
1323,00;0,1367
1322,50;0,1367
1322,00;0,1365
1321,50;0,1364
1321,00;0,1362
1320,50;0,1361
1320,00;0,1360
1319,50;0,1360
1319,00;0,1360
1318,50;0,1361
1318,00;0,1362
1317,50;0,1363
1317,00;0,1363
1316,50;0,1363
1316,00;0,1363
1315,50;0,1363
1315,00;0,1362
1314,50;0,1360
1314,00;0,1358
1313,50;0,1357
1313,00;0,1356
1312,50;0,1355
1312,00;0,1355
1311,50;0,1354
1311,00;0,1354
1310,50;0,1353
1310,00;0,1353
1309,50;0,1354
1309,00;0,1354
1308,50;0,1354
1308,00;0,1355
1307,50;0,1355
1307,00;0,1355
1306,50;0,1355
1306,00;0,1354
1305,50;0,1354
1305,00;0,1354
1304,50;0,1354
1304,00;0,1354
1303,50;0,1354
1303,00;0,1354
1302,50;0,1352
1302,00;0,1349
1301,50;0,1346
1301,00;0,1344
1300,50;0,1342
1300,00;0,1341
1299,50;0,1342
1299,00;0,1343
1298,50;0,1345
1298,00;0,1347
1297,50;0,1347
1297,00;0,1345
1296,50;0,1342
1296,00;0,1340
1295,50;0,1339
1295,00;0,1339
1294,50;0,1340
1294,00;0,1340
1293,50;0,1339
1293,00;0,1338
1292,50;0,1337
1292,00;0,1336
1291,50;0,1335
1291,00;0,1335
1290,50;0,1335
1290,00;0,1335
1289,50;0,1335
1289,00;0,1336
1288,50;0,1337
1288,00;0,1338
1287,50;0,1337
1287,00;0,1335
1286,50;0,1334
1286,00;0,1335
1285,50;0,1336
1285,00;0,1337
1284,50;0,1337
1284,00;0,1335
1283,50;0,1334
1283,00;0,1333
1282,50;0,1333
1282,00;0,1332
1281,50;0,1332
1281,00;0,1331
1280,50;0,1331
1280,00;0,1331
1279,50;0,1330
1279,00;0,1330
1278,50;0,1329
1278,00;0,1329
1277,50;0,1330
1277,00;0,1329
1276,50;0,1328
1276,00;0,1325
1275,50;0,1323
1275,00;0,1322
1274,50;0,1322
1274,00;0,1322
1273,50;0,1322
1273,00;0,1320
1272,50;0,1317
1272,00;0,1313
1271,50;0,1310
1271,00;0,1309
1270,50;0,1309
1270,00;0,1312
1269,50;0,1315
1269,00;0,1316
1268,50;0,1314
1268,00;0,1311
1267,50;0,1309
1267,00;0,1310
1266,50;0,1312
1266,00;0,1314
1265,50;0,1315
1265,00;0,1317
1264,50;0,1320
1264,00;0,1323
1263,50;0,1326
1263,00;0,1326
1262,50;0,1326
1262,00;0,1325
1261,50;0,1325
1261,00;0,1325
1260,50;0,1325
1260,00;0,1324
1259,50;0,1322
1259,00;0,1319
1258,50;0,1316
1258,00;0,1313
1257,50;0,1312
1257,00;0,1311
1256,50;0,1311
1256,00;0,1311
1255,50;0,1310
1255,00;0,1309
1254,50;0,1308
1254,00;0,1307
1253,50;0,1306
1253,00;0,1306
1252,50;0,1307
1252,00;0,1309
1251,50;0,1309
1251,00;0,1309
1250,50;0,1308
1250,00;0,1306
1249,50;0,1304
1249,00;0,1303
1248,50;0,1301
1248,00;0,1301
1247,50;0,1301
1247,00;0,1303
1246,50;0,1306
1246,00;0,1309
1245,50;0,1310
1245,00;0,1309
1244,50;0,1308
1244,00;0,1306
1243,50;0,1305
1243,00;0,1305
1242,50;0,1305
1242,00;0,1307
1241,50;0,1309
1241,00;0,1310
1240,50;0,1311
1240,00;0,1310
1239,50;0,1309
1239,00;0,1308
1238,50;0,1308
1238,00;0,1309
1237,50;0,1310
1237,00;0,1312
1236,50;0,1312
1236,00;0,1312
1235,50;0,1312
1235,00;0,1312
1234,50;0,1312
1234,00;0,1312
1233,50;0,1311
1233,00;0,1311
1232,50;0,1310
1232,00;0,1310
1231,50;0,1310
1231,00;0,1311
1230,50;0,1310
1230,00;0,1310
1229,50;0,1310
1229,00;0,1310
1228,50;0,1309
1228,00;0,1308
1227,50;0,1308
1227,00;0,1307
1226,50;0,1308
1226,00;0,1309
1225,50;0,1311
1225,00;0,1312
1224,50;0,1313
1224,00;0,1315
1223,50;0,1316
1223,00;0,1317
1222,50;0,1316
1222,00;0,1315
1221,50;0,1314
1221,00;0,1314
1220,50;0,1314
1220,00;0,1314
1219,50;0,1314
1219,00;0,1314
1218,50;0,1313
1218,00;0,1312
1217,50;0,1311
1217,00;0,1309
1216,50;0,1306
1216,00;0,1304
1215,50;0,1302
1215,00;0,1301
1214,50;0,1300
1214,00;0,1299
1213,50;0,1298
1213,00;0,1299
1212,50;0,1300
1212,00;0,1300
1211,50;0,1298
1211,00;0,1295
1210,50;0,1292
1210,00;0,1290
1209,50;0,1290
1209,00;0,1290
1208,50;0,1292
1208,00;0,1293
1207,50;0,1295
1207,00;0,1297
1206,50;0,1299
1206,00;0,1300
1205,50;0,1300
1205,00;0,1299
1204,50;0,1299
1204,00;0,1300
1203,50;0,1300
1203,00;0,1301
1202,50;0,1301
1202,00;0,1300
1201,50;0,1297
1201,00;0,1294
1200,50;0,1291
1200,00;0,1290
1199,50;0,1289
1199,00;0,1289
1198,50;0,1288
1198,00;0,1288
1197,50;0,1287
1197,00;0,1285
1196,50;0,1284
1196,00;0,1283
1195,50;0,1283
1195,00;0,1283
1194,50;0,1283
1194,00;0,1282
1193,50;0,1280
1193,00;0,1279
1192,50;0,1279
1192,00;0,1281
1191,50;0,1283
1191,00;0,1284
1190,50;0,1282
1190,00;0,1281
1189,50;0,1280
1189,00;0,1281
1188,50;0,1281
1188,00;0,1281
1187,50;0,1280
1187,00;0,1280
1186,50;0,1281
1186,00;0,1282
1185,50;0,1284
1185,00;0,1286
1184,50;0,1287
1184,00;0,1288
1183,50;0,1288
1183,00;0,1287
1182,50;0,1286
1182,00;0,1285
1181,50;0,1284
1181,00;0,1285
1180,50;0,1286
1180,00;0,1288
1179,50;0,1288
1179,00;0,1287
1178,50;0,1286
1178,00;0,1286
1177,50;0,1286
1177,00;0,1288
1176,50;0,1290
1176,00;0,1291
1175,50;0,1291
1175,00;0,1291
1174,50;0,1292
1174,00;0,1294
1173,50;0,1295
1173,00;0,1296
1172,50;0,1295
1172,00;0,1293
1171,50;0,1292
1171,00;0,1290
1170,50;0,1288
1170,00;0,1287
1169,50;0,1288
1169,00;0,1292
1168,50;0,1296
1168,00;0,1298
1167,50;0,1298
1167,00;0,1294
1166,50;0,1290
1166,00;0,1287
1165,50;0,1286
1165,00;0,1287
1164,50;0,1286
1164,00;0,1285
1163,50;0,1285
1163,00;0,1286
1162,50;0,1287
1162,00;0,1288
1161,50;0,1289
1161,00;0,1287
1160,50;0,1285
1160,00;0,1282
1159,50;0,1279
1159,00;0,1279
1158,50;0,1281
1158,00;0,1282
1157,50;0,1282
1157,00;0,1281
1156,50;0,1280
1156,00;0,1280
1155,50;0,1281
1155,00;0,1282
1154,50;0,1281
1154,00;0,1281
1153,50;0,1281
1153,00;0,1284
1152,50;0,1288
1152,00;0,1290
1151,50;0,1288
1151,00;0,1284
1150,50;0,1279
1150,00;0,1276
1149,50;0,1275
1149,00;0,1275
1148,50;0,1277
1148,00;0,1281
1147,50;0,1284
1147,00;0,1284
1146,50;0,1282
1146,00;0,1280
1145,50;0,1278
1145,00;0,1277
1144,50;0,1277
1144,00;0,1278
1143,50;0,1281
1143,00;0,1285
1142,50;0,1290
1142,00;0,1292
1141,50;0,1294
1141,00;0,1293
1140,50;0,1292
1140,00;0,1291
1139,50;0,1291
1139,00;0,1292
1138,50;0,1293
1138,00;0,1294
1137,50;0,1295
1137,00;0,1298
1136,50;0,1300
1136,00;0,1299
1135,50;0,1295
1135,00;0,1291
1134,50;0,1288
1134,00;0,1287
1133,50;0,1288
1133,00;0,1291
1132,50;0,1293
1132,00;0,1294
1131,50;0,1294
1131,00;0,1292
1130,50;0,1291
1130,00;0,1290
1129,50;0,1290
1129,00;0,1289
1128,50;0,1290
1128,00;0,1290
1127,50;0,1291
1127,00;0,1291
1126,50;0,1291
1126,00;0,1290
1125,50;0,1287
1125,00;0,1283
1124,50;0,1280
1124,00;0,1279
1123,50;0,1279
1123,00;0,1279
1122,50;0,1279
1122,00;0,1278
1121,50;0,1277
1121,00;0,1277
1120,50;0,1278
1120,00;0,1278
1119,50;0,1278
1119,00;0,1277
1118,50;0,1276
1118,00;0,1277
1117,50;0,1278
1117,00;0,1280
1116,50;0,1282
1116,00;0,1283
1115,50;0,1283
1115,00;0,1282
1114,50;0,1281
1114,00;0,1282
1113,50;0,1284
1113,00;0,1285
1112,50;0,1285
1112,00;0,1285
1111,50;0,1286
1111,00;0,1286
1110,50;0,1286
1110,00;0,1287
1109,50;0,1289
1109,00;0,1289
1108,50;0,1289
1108,00;0,1287
1107,50;0,1286
1107,00;0,1286
1106,50;0,1286
1106,00;0,1287
1105,50;0,1287
1105,00;0,1288
1104,50;0,1287
1104,00;0,1286
1103,50;0,1284
1103,00;0,1281
1102,50;0,1278
1102,00;0,1277
1101,50;0,1278
1101,00;0,1281
1100,50;0,1282
1100,00;0,1281
1099,50;0,1278
1099,00;0,1274
1098,50;0,1270
1098,00;0,1268
1097,50;0,1266
1097,00;0,1264
1096,50;0,1263
1096,00;0,1262
1095,50;0,1262
1095,00;0,1262
1094,50;0,1262
1094,00;0,1262
1093,50;0,1262
1093,00;0,1260
1092,50;0,1257
1092,00;0,1255
1091,50;0,1255
1091,00;0,1257
1090,50;0,1261
1090,00;0,1263
1089,50;0,1262
1089,00;0,1259
1088,50;0,1255
1088,00;0,1251
1087,50;0,1248
1087,00;0,1246
1086,50;0,1244
1086,00;0,1242
1085,50;0,1239
1085,00;0,1237
1084,50;0,1236
1084,00;0,1235
1083,50;0,1235
1083,00;0,1236
1082,50;0,1236
1082,00;0,1234
1081,50;0,1232
1081,00;0,1230
1080,50;0,1229
1080,00;0,1228
1079,50;0,1227
1079,00;0,1225
1078,50;0,1223
1078,00;0,1221
1077,50;0,1218
1077,00;0,1216
1076,50;0,1214
1076,00;0,1213
1075,50;0,1212
1075,00;0,1210
1074,50;0,1209
1074,00;0,1209
1073,50;0,1211
1073,00;0,1212
1072,50;0,1210
1072,00;0,1206
1071,50;0,1203
1071,00;0,1202
1070,50;0,1204
1070,00;0,1208
1069,50;0,1212
1069,00;0,1214
1068,50;0,1214
1068,00;0,1212
1067,50;0,1208
1067,00;0,1204
1066,50;0,1202
1066,00;0,1200
1065,50;0,1197
1065,00;0,1194
1064,50;0,1191
1064,00;0,1190
1063,50;0,1188
1063,00;0,1185
1062,50;0,1180
1062,00;0,1172
1061,50;0,1164
1061,00;0,1160
1060,50;0,1159
1060,00;0,1162
1059,50;0,1165
1059,00;0,1168
1058,50;0,1170
1058,00;0,1171
1057,50;0,1170
1057,00;0,1167
1056,50;0,1164
1056,00;0,1161
1055,50;0,1157
1055,00;0,1153
1054,50;0,1151
1054,00;0,1150
1053,50;0,1152
1053,00;0,1153
1052,50;0,1155
1052,00;0,1156
1051,50;0,1157
1051,00;0,1156
1050,50;0,1155
1050,00;0,1154
1049,50;0,1155
1049,00;0,1156
1048,50;0,1158
1048,00;0,1159
1047,50;0,1158
1047,00;0,1155
1046,50;0,1152
1046,00;0,1150
1045,50;0,1150
1045,00;0,1152
1044,50;0,1154
1044,00;0,1155
1043,50;0,1155
1043,00;0,1154
1042,50;0,1154
1042,00;0,1155
1041,50;0,1157
1041,00;0,1158
1040,50;0,1157
1040,00;0,1157
1039,50;0,1156
1039,00;0,1156
1038,50;0,1156
1038,00;0,1158
1037,50;0,1159
1037,00;0,1159
1036,50;0,1157
1036,00;0,1155
1035,50;0,1153
1035,00;0,1151
1034,50;0,1150
1034,00;0,1150
1033,50;0,1151
1033,00;0,1153
1032,50;0,1156
1032,00;0,1160
1031,50;0,1163
1031,00;0,1164
1030,50;0,1161
1030,00;0,1159
1029,50;0,1159
1029,00;0,1162
1028,50;0,1165
1028,00;0,1169
1027,50;0,1172
1027,00;0,1174
1026,50;0,1177
1026,00;0,1179
1025,50;0,1179
1025,00;0,1178
1024,50;0,1177
1024,00;0,1179
1023,50;0,1182
1023,00;0,1187
1022,50;0,1190
1022,00;0,1191
1021,50;0,1192
1021,00;0,1193
1020,50;0,1193
1020,00;0,1195
1019,50;0,1195
1019,00;0,1194
1018,50;0,1193
1018,00;0,1194
1017,50;0,1198
1017,00;0,1204
1016,50;0,1207
1016,00;0,1207
1015,50;0,1205
1015,00;0,1204
1014,50;0,1204
1014,00;0,1205
1013,50;0,1208
1013,00;0,1213
1012,50;0,1218
1012,00;0,1221
1011,50;0,1223
1011,00;0,1226
1010,50;0,1229
1010,00;0,1231
1009,50;0,1231
1009,00;0,1231
1008,50;0,1233
1008,00;0,1235
1007,50;0,1239
1007,00;0,1243
1006,50;0,1249
1006,00;0,1255
1005,50;0,1260
1005,00;0,1263
1004,50;0,1265
1004,00;0,1267
1003,50;0,1267
1003,00;0,1269
1002,50;0,1271
1002,00;0,1275
1001,50;0,1277
1001,00;0,1278
1000,50;0,1278
1000,00;0,1280
999,50;0,1284
999,00;0,1289
998,50;0,1295
998,00;0,1301
997,50;0,1305
997,00;0,1308
996,50;0,1311
996,00;0,1313
995,50;0,1314
995,00;0,1315
994,50;0,1317
994,00;0,1320
993,50;0,1324
993,00;0,1327
992,50;0,1332
992,00;0,1338
991,50;0,1345
991,00;0,1352
990,50;0,1356
990,00;0,1360
989,50;0,1362
989,00;0,1365
988,50;0,1369
988,00;0,1373
987,50;0,1377
987,00;0,1382
986,50;0,1388
986,00;0,1393
985,50;0,1397
985,00;0,1401
984,50;0,1405
984,00;0,1409
983,50;0,1411
983,00;0,1411
982,50;0,1413
982,00;0,1418
981,50;0,1426
981,00;0,1434
980,50;0,1440
980,00;0,1444
979,50;0,1448
979,00;0,1452
978,50;0,1455
978,00;0,1458
977,50;0,1460
977,00;0,1464
976,50;0,1470
976,00;0,1478
975,50;0,1487
975,00;0,1494
974,50;0,1501
974,00;0,1506
973,50;0,1509
973,00;0,1512
972,50;0,1515
972,00;0,1521
971,50;0,1527
971,00;0,1535
970,50;0,1544
970,00;0,1552
969,50;0,1561
969,00;0,1569
968,50;0,1576
968,00;0,1581
967,50;0,1586
967,00;0,1590
966,50;0,1593
966,00;0,1597
965,50;0,1604
965,00;0,1613
964,50;0,1623
964,00;0,1634
963,50;0,1643
963,00;0,1649
962,50;0,1651
962,00;0,1652
961,50;0,1656
961,00;0,1664
960,50;0,1675
960,00;0,1687
959,50;0,1699
959,00;0,1711
958,50;0,1720
958,00;0,1728
957,50;0,1736
957,00;0,1744
956,50;0,1751
956,00;0,1760
955,50;0,1769
955,00;0,1778
954,50;0,1785
954,00;0,1791
953,50;0,1799
953,00;0,1810
952,50;0,1823
952,00;0,1835
951,50;0,1843
951,00;0,1848
950,50;0,1855
950,00;0,1867
949,50;0,1882
949,00;0,1897
948,50;0,1909
948,00;0,1917
947,50;0,1923
947,00;0,1929
946,50;0,1936
946,00;0,1943
945,50;0,1953
945,00;0,1963
944,50;0,1973
944,00;0,1983
943,50;0,1994
943,00;0,2005
942,50;0,2016
942,00;0,2029
941,50;0,2041
941,00;0,2052
940,50;0,2062
940,00;0,2072
939,50;0,2084
939,00;0,2099
938,50;0,2115
938,00;0,2131
937,50;0,2145
937,00;0,2155
936,50;0,2163
936,00;0,2168
935,50;0,2173
935,00;0,2180
934,50;0,2189
934,00;0,2200
933,50;0,2212
933,00;0,2224
932,50;0,2238
932,00;0,2251
931,50;0,2264
931,00;0,2275
930,50;0,2284
930,00;0,2291
929,50;0,2298
929,00;0,2307
928,50;0,2320
928,00;0,2337
927,50;0,2353
927,00;0,2366
926,50;0,2374
926,00;0,2378
925,50;0,2383
925,00;0,2390
924,50;0,2399
924,00;0,2412
923,50;0,2425
923,00;0,2437
922,50;0,2447
922,00;0,2455
921,50;0,2463
921,00;0,2470
920,50;0,2476
920,00;0,2482
919,50;0,2489
919,00;0,2497
918,50;0,2506
918,00;0,2517
917,50;0,2530
917,00;0,2545
916,50;0,2559
916,00;0,2570
915,50;0,2579
915,00;0,2585
914,50;0,2591
914,00;0,2598
913,50;0,2607
913,00;0,2620
912,50;0,2634
912,00;0,2646
911,50;0,2654
911,00;0,2658
910,50;0,2659
910,00;0,2662
909,50;0,2668
909,00;0,2677
908,50;0,2687
908,00;0,2697
907,50;0,2708
907,00;0,2719
906,50;0,2727
906,00;0,2731
905,50;0,2736
905,00;0,2744
904,50;0,2755
904,00;0,2763
903,50;0,2768
903,00;0,2773
902,50;0,2783
902,00;0,2799
901,50;0,2817
901,00;0,2830
900,50;0,2835
900,00;0,2833
899,50;0,2829
899,00;0,2828
898,50;0,2832
898,00;0,2839
897,50;0,2846
897,00;0,2853
896,50;0,2863
896,00;0,2877
895,50;0,2892
895,00;0,2903
894,50;0,2909
894,00;0,2909
893,50;0,2910
893,00;0,2914
892,50;0,2922
892,00;0,2932
891,50;0,2944
891,00;0,2954
890,50;0,2962
890,00;0,2967
889,50;0,2968
889,00;0,2969
888,50;0,2973
888,00;0,2981
887,50;0,2991
887,00;0,3001
886,50;0,3009
886,00;0,3016
885,50;0,3021
885,00;0,3026
884,50;0,3031
884,00;0,3034
883,50;0,3037
883,00;0,3042
882,50;0,3047
882,00;0,3054
881,50;0,3061
881,00;0,3070
880,50;0,3081
880,00;0,3089
879,50;0,3090
879,00;0,3087
878,50;0,3084
878,00;0,3088
877,50;0,3100
877,00;0,3120
876,50;0,3141
876,00;0,3157
875,50;0,3166
875,00;0,3168
874,50;0,3168
874,00;0,3163
873,50;0,3156
873,00;0,3148
872,50;0,3146
872,00;0,3150
871,50;0,3162
871,00;0,3178
870,50;0,3198
870,00;0,3213
869,50;0,3218
869,00;0,3212
868,50;0,3203
868,00;0,3202
867,50;0,3210
867,00;0,3223
866,50;0,3233
866,00;0,3239
865,50;0,3240
865,00;0,3237
864,50;0,3234
864,00;0,3236
863,50;0,3242
863,00;0,3248
862,50;0,3254
862,00;0,3262
861,50;0,3276
861,00;0,3294
860,50;0,3310
860,00;0,3320
859,50;0,3323
859,00;0,3322
858,50;0,3320
858,00;0,3320
857,50;0,3322
857,00;0,3326
856,50;0,3329
856,00;0,3333
855,50;0,3338
855,00;0,3344
854,50;0,3350
854,00;0,3359
853,50;0,3368
853,00;0,3373
852,50;0,3372
852,00;0,3371
851,50;0,3375
851,00;0,3386
850,50;0,3400
850,00;0,3409
849,50;0,3411
849,00;0,3408
848,50;0,3404
848,00;0,3403
847,50;0,3406
847,00;0,3412
846,50;0,3420
846,00;0,3429
845,50;0,3438
845,00;0,3446
844,50;0,3451
844,00;0,3455
843,50;0,3460
843,00;0,3466
842,50;0,3469
842,00;0,3469
841,50;0,3466
841,00;0,3467
840,50;0,3473
840,00;0,3481
839,50;0,3489
839,00;0,3496
838,50;0,3502
838,00;0,3506
837,50;0,3507
837,00;0,3508
836,50;0,3514
836,00;0,3521
835,50;0,3528
835,00;0,3534
834,50;0,3541
834,00;0,3549
833,50;0,3555
833,00;0,3555
832,50;0,3551
832,00;0,3550
831,50;0,3553
831,00;0,3563
830,50;0,3578
830,00;0,3594
829,50;0,3607
829,00;0,3612
828,50;0,3609
828,00;0,3604
827,50;0,3600
827,00;0,3598
826,50;0,3596
826,00;0,3597
825,50;0,3603
825,00;0,3613
824,50;0,3624
824,00;0,3631
823,50;0,3633
823,00;0,3631
822,50;0,3631
822,00;0,3634
821,50;0,3639
821,00;0,3645
820,50;0,3651
820,00;0,3655
819,50;0,3658
819,00;0,3657
818,50;0,3655
818,00;0,3656
817,50;0,3661
817,00;0,3670
816,50;0,3678
816,00;0,3681
815,50;0,3679
815,00;0,3676
814,50;0,3678
814,00;0,3686
813,50;0,3698
813,00;0,3709
812,50;0,3715
812,00;0,3718
811,50;0,3716
811,00;0,3713
810,50;0,3708
810,00;0,3703
809,50;0,3697
809,00;0,3693
808,50;0,3690
808,00;0,3692
807,50;0,3696
807,00;0,3699
806,50;0,3700
806,00;0,3699
805,50;0,3699
805,00;0,3702
804,50;0,3708
804,00;0,3719
803,50;0,3731
803,00;0,3739
802,50;0,3741
802,00;0,3739
801,50;0,3736
801,00;0,3732
800,50;0,3725
800,00;0,3716
799,50;0,3708
799,00;0,3704
798,50;0,3707
798,00;0,3715
797,50;0,3724
797,00;0,3727
796,50;0,3721
796,00;0,3711
795,50;0,3704
795,00;0,3701
794,50;0,3701
794,00;0,3704
793,50;0,3710
793,00;0,3717
792,50;0,3717
792,00;0,3707
791,50;0,3694
791,00;0,3686
790,50;0,3687
790,00;0,3690
789,50;0,3689
789,00;0,3681
788,50;0,3671
788,00;0,3667
787,50;0,3671
787,00;0,3682
786,50;0,3695
786,00;0,3703
785,50;0,3704
785,00;0,3697
784,50;0,3684
784,00;0,3672
783,50;0,3666
783,00;0,3665
782,50;0,3667
782,00;0,3670
781,50;0,3673
781,00;0,3675
780,50;0,3674
780,00;0,3670
779,50;0,3663
779,00;0,3657
778,50;0,3650
778,00;0,3643
777,50;0,3637
777,00;0,3636
776,50;0,3640
776,00;0,3647
775,50;0,3648
775,00;0,3642
774,50;0,3631
774,00;0,3621
773,50;0,3615
773,00;0,3613
772,50;0,3614
772,00;0,3619
771,50;0,3626
771,00;0,3631
770,50;0,3631
770,00;0,3626
769,50;0,3615
769,00;0,3600
768,50;0,3583
768,00;0,3572
767,50;0,3568
767,00;0,3568
766,50;0,3569
766,00;0,3568
765,50;0,3566
765,00;0,3564
764,50;0,3561
764,00;0,3559
763,50;0,3555
763,00;0,3544
762,50;0,3528
762,00;0,3511
761,50;0,3502
761,00;0,3499
760,50;0,3496
760,00;0,3491
759,50;0,3483
759,00;0,3478
758,50;0,3475
758,00;0,3474
757,50;0,3475
757,00;0,3475
756,50;0,3472
756,00;0,3466
755,50;0,3456
755,00;0,3444
754,50;0,3430
754,00;0,3416
753,50;0,3406
753,00;0,3398
752,50;0,3393
752,00;0,3391
751,50;0,3391
751,00;0,3392
750,50;0,3390
750,00;0,3387
749,50;0,3382
749,00;0,3376
748,50;0,3366
748,00;0,3353
747,50;0,3340
747,00;0,3331
746,50;0,3328
746,00;0,3329
745,50;0,3331
745,00;0,3327
744,50;0,3316
744,00;0,3300
743,50;0,3285
743,00;0,3272
742,50;0,3259
742,00;0,3246
741,50;0,3234
741,00;0,3225
740,50;0,3218
740,00;0,3213
739,50;0,3211
739,00;0,3209
738,50;0,3204
738,00;0,3193
737,50;0,3178
737,00;0,3167
736,50;0,3160
736,00;0,3153
735,50;0,3142
735,00;0,3125
734,50;0,3108
734,00;0,3097
733,50;0,3092
733,00;0,3089
732,50;0,3085
732,00;0,3078
731,50;0,3070
731,00;0,3062
730,50;0,3052
730,00;0,3043
729,50;0,3034
729,00;0,3024
728,50;0,3015
728,00;0,3006
727,50;0,2998
727,00;0,2988
726,50;0,2975
726,00;0,2961
725,50;0,2952
725,00;0,2950
724,50;0,2953
724,00;0,2953
723,50;0,2947
723,00;0,2935
722,50;0,2923
722,00;0,2913
721,50;0,2901
721,00;0,2884
720,50;0,2865
720,00;0,2852
719,50;0,2851
719,00;0,2857
718,50;0,2859
718,00;0,2854
717,50;0,2844
717,00;0,2834
716,50;0,2825
716,00;0,2816
715,50;0,2811
715,00;0,2810
714,50;0,2810
714,00;0,2805
713,50;0,2796
713,00;0,2785
712,50;0,2771
712,00;0,2755
711,50;0,2739
711,00;0,2723
710,50;0,2708
710,00;0,2696
709,50;0,2690
709,00;0,2694
708,50;0,2703
708,00;0,2711
707,50;0,2711
707,00;0,2704
706,50;0,2690
706,00;0,2673
705,50;0,2658
705,00;0,2649
704,50;0,2644
704,00;0,2642
703,50;0,2641
703,00;0,2641
702,50;0,2639
702,00;0,2635
701,50;0,2627
701,00;0,2614
700,50;0,2599
700,00;0,2585
699,50;0,2577
699,00;0,2576
698,50;0,2575
698,00;0,2571
697,50;0,2565
697,00;0,2561
696,50;0,2560
696,00;0,2558
695,50;0,2550
695,00;0,2541
694,50;0,2532
694,00;0,2523
693,50;0,2515
693,00;0,2506
692,50;0,2499
692,00;0,2495
691,50;0,2491
691,00;0,2487
690,50;0,2482
690,00;0,2475
689,50;0,2468
689,00;0,2462
688,50;0,2458
688,00;0,2453
687,50;0,2447
687,00;0,2440
686,50;0,2433
686,00;0,2429
685,50;0,2425
685,00;0,2415
684,50;0,2402
684,00;0,2389
683,50;0,2384
683,00;0,2387
682,50;0,2389
682,00;0,2388
681,50;0,2383
681,00;0,2380
680,50;0,2378
680,00;0,2372
679,50;0,2358
679,00;0,2340
678,50;0,2327
678,00;0,2323
677,50;0,2322
677,00;0,2319
676,50;0,2314
676,00;0,2309
675,50;0,2305
675,00;0,2301
674,50;0,2297
674,00;0,2289
673,50;0,2278
673,00;0,2266
672,50;0,2256
672,00;0,2250
671,50;0,2251
671,00;0,2252
670,50;0,2250
670,00;0,2233
669,50;0,2259
669,00;0,2278
668,50;0,2300
668,00;0,2319
667,50;0,2299
667,00;0,2244
666,50;0,2200
666,00;0,2183
665,50;0,2177
665,00;0,2173
664,50;0,2168
664,00;0,2161
663,50;0,2156
663,00;0,2151
662,50;0,2147
662,00;0,2146
661,50;0,2146
661,00;0,2145
660,50;0,2140
660,00;0,2133
659,50;0,2124
659,00;0,2116
658,50;0,2109
658,00;0,2105
657,50;0,2101
657,00;0,2093
656,50;0,2087
656,00;0,2087
655,50;0,2092
655,00;0,2098
654,50;0,2098
654,00;0,2090
653,50;0,2076
653,00;0,2059
652,50;0,2043
652,00;0,2037
651,50;0,2039
651,00;0,2046
650,50;0,2051
650,00;0,2051
649,50;0,2046
649,00;0,2036
648,50;0,2023
648,00;0,2012
647,50;0,2008
647,00;0,2008
646,50;0,2008
646,00;0,2006
645,50;0,2006
645,00;0,2007
644,50;0,2006
644,00;0,2001
643,50;0,1991
643,00;0,1978
642,50;0,1967
642,00;0,1960
641,50;0,1958
641,00;0,1962
640,50;0,1967
640,00;0,1968
639,50;0,1960
639,00;0,1942
638,50;0,1921
638,00;0,1905
637,50;0,1896
637,00;0,1892
636,50;0,1887
636,00;0,1882
635,50;0,1879
635,00;0,1878
634,50;0,1876
634,00;0,1874
633,50;0,1869
633,00;0,1861
632,50;0,1846
632,00;0,1828
631,50;0,1814
631,00;0,1809
630,50;0,1812
630,00;0,1820
629,50;0,1831
629,00;0,1838
628,50;0,1839
628,00;0,1834
627,50;0,1829
627,00;0,1827
626,50;0,1830
626,00;0,1836
625,50;0,1843
625,00;0,1845
624,50;0,1841
624,00;0,1832
623,50;0,1820
623,00;0,1811
622,50;0,1804
622,00;0,1798
621,50;0,1794
621,00;0,1790
620,50;0,1787
620,00;0,1788
619,50;0,1793
619,00;0,1798
618,50;0,1798
618,00;0,1794
617,50;0,1788
617,00;0,1783
616,50;0,1779
616,00;0,1777
615,50;0,1780
615,00;0,1787
614,50;0,1791
614,00;0,1790
613,50;0,1786
613,00;0,1781
612,50;0,1772
612,00;0,1760
611,50;0,1750
611,00;0,1745
610,50;0,1742
610,00;0,1736
609,50;0,1729
609,00;0,1724
608,50;0,1724
608,00;0,1723
607,50;0,1719
607,00;0,1711
606,50;0,1701
606,00;0,1693
605,50;0,1694
605,00;0,1705
604,50;0,1718
604,00;0,1725
603,50;0,1727
603,00;0,1726
602,50;0,1719
602,00;0,1704
601,50;0,1685
601,00;0,1675
600,50;0,1676
600,00;0,1681
599,50;0,1680
599,00;0,1677
598,50;0,1677
598,00;0,1681
597,50;0,1682
597,00;0,1678
596,50;0,1672
596,00;0,1668
595,50;0,1662
595,00;0,1653
594,50;0,1643
594,00;0,1639
593,50;0,1642
593,00;0,1647
592,50;0,1649
592,00;0,1647
591,50;0,1648
591,00;0,1652
590,50;0,1654
590,00;0,1650
589,50;0,1643
589,00;0,1640
588,50;0,1645
588,00;0,1654
587,50;0,1661
587,00;0,1661
586,50;0,1655
586,00;0,1646
585,50;0,1638
585,00;0,1630
584,50;0,1621
584,00;0,1614
583,50;0,1614
583,00;0,1622
582,50;0,1634
582,00;0,1642
581,50;0,1641
581,00;0,1633
580,50;0,1623
580,00;0,1612
579,50;0,1603
579,00;0,1598
578,50;0,1598
578,00;0,1599
577,50;0,1597
577,00;0,1593
576,50;0,1587
576,00;0,1580
575,50;0,1572
575,00;0,1567
574,50;0,1566
574,00;0,1567
573,50;0,1569
573,00;0,1576
572,50;0,1586
572,00;0,1594
571,50;0,1592
571,00;0,1578
570,50;0,1559
570,00;0,1546
569,50;0,1539
569,00;0,1536
568,50;0,1537
568,00;0,1547
567,50;0,1566
567,00;0,1584
566,50;0,1585
566,00;0,1565
565,50;0,1533
565,00;0,1506
564,50;0,1490
564,00;0,1485
563,50;0,1487
563,00;0,1493
562,50;0,1504
562,00;0,1517
561,50;0,1525
561,00;0,1522
560,50;0,1507
560,00;0,1489
559,50;0,1478
559,00;0,1478
558,50;0,1484
558,00;0,1490
557,50;0,1494
557,00;0,1495
556,50;0,1496
556,00;0,1498
555,50;0,1503
555,00;0,1509
554,50;0,1512
554,00;0,1502
553,50;0,1485
553,00;0,1469
552,50;0,1462
552,00;0,1462
551,50;0,1465
551,00;0,1468
550,50;0,1474
550,00;0,1476
549,50;0,1468
549,00;0,1449
548,50;0,1429
548,00;0,1424
547,50;0,1436
547,00;0,1453
546,50;0,1460
546,00;0,1457
545,50;0,1452
545,00;0,1450
544,50;0,1445
544,00;0,1431
543,50;0,1406
543,00;0,1381
542,50;0,1367
542,00;0,1370
541,50;0,1385
541,00;0,1403
540,50;0,1414
540,00;0,1413
539,50;0,1399
539,00;0,1376
538,50;0,1351
538,00;0,1329
537,50;0,1318
537,00;0,1324
536,50;0,1345
536,00;0,1370
535,50;0,1387
535,00;0,1387
534,50;0,1369
534,00;0,1337
533,50;0,1304
533,00;0,1276
532,50;0,1254
532,00;0,1239
531,50;0,1235
531,00;0,1244
530,50;0,1257
530,00;0,1262
529,50;0,1257
529,00;0,1245
528,50;0,1232
528,00;0,1224
527,50;0,1222
527,00;0,1227
526,50;0,1235
526,00;0,1237
525,50;0,1234
525,00;0,1234
524,50;0,1239
524,00;0,1242
523,50;0,1234
523,00;0,1216
522,50;0,1194
522,00;0,1175
521,50;0,1165
521,00;0,1167
520,50;0,1182
520,00;0,1203
519,50;0,1226
519,00;0,1245
518,50;0,1255
518,00;0,1249
517,50;0,1228
517,00;0,1204
516,50;0,1190
516,00;0,1193
515,50;0,1207
515,00;0,1227
514,50;0,1247
514,00;0,1264
513,50;0,1276
513,00;0,1282
512,50;0,1281
512,00;0,1275
511,50;0,1269
511,00;0,1267
510,50;0,1274
510,00;0,1289
509,50;0,1309
509,00;0,1326
508,50;0,1333
508,00;0,1327
507,50;0,1314
507,00;0,1305
506,50;0,1306
506,00;0,1316
505,50;0,1330
505,00;0,1344
504,50;0,1355
504,00;0,1362
503,50;0,1365
503,00;0,1365
502,50;0,1358
502,00;0,1338
501,50;0,1307
501,00;0,1283
500,50;0,1280
500,00;0,1297
499,50;0,1321
499,00;0,1337
498,50;0,1340
498,00;0,1333
497,50;0,1318
497,00;0,1304
496,50;0,1294
496,00;0,1288
495,50;0,1282
495,00;0,1280
494,50;0,1290
494,00;0,1310
493,50;0,1330
493,00;0,1335
492,50;0,1318
492,00;0,1286
491,50;0,1249
491,00;0,1220
490,50;0,1208
490,00;0,1207
489,50;0,1208
489,00;0,1211
488,50;0,1221
488,00;0,1244
487,50;0,1273
487,00;0,1294
486,50;0,1295
486,00;0,1277
485,50;0,1250
485,00;0,1224
484,50;0,1210
484,00;0,1213
483,50;0,1225
483,00;0,1230
482,50;0,1218
482,00;0,1192
481,50;0,1165
481,00;0,1153
480,50;0,1164
480,00;0,1197
479,50;0,1239
479,00;0,1274
478,50;0,1292
478,00;0,1292
477,50;0,1281
477,00;0,1260
476,50;0,1230
476,00;0,1199
475,50;0,1184
475,00;0,1196
474,50;0,1234
474,00;0,1279
473,50;0,1309
473,00;0,1314
472,50;0,1294
472,00;0,1259
471,50;0,1221
471,00;0,1189
470,50;0,1172
470,00;0,1166
469,50;0,1169
469,00;0,1182
468,50;0,1212
468,00;0,1255
467,50;0,1295
467,00;0,1319
466,50;0,1326
466,00;0,1323
465,50;0,1312
465,00;0,1292
464,50;0,1264
464,00;0,1241
463,50;0,1237
463,00;0,1250
462,50;0,1271
462,00;0,1292
461,50;0,1296
461,00;0,1268
460,50;0,1205
460,00;0,1130
459,50;0,1085
459,00;0,1089
458,50;0,1131
458,00;0,1182
457,50;0,1223
457,00;0,1249
456,50;0,1263
456,00;0,1262
455,50;0,1244
455,00;0,1209
454,50;0,1169
454,00;0,1147
453,50;0,1162
453,00;0,1214
452,50;0,1279
452,00;0,1327
451,50;0,1346
451,00;0,1339
450,50;0,1320
450,00;0,1295
449,50;0,1269
449,00;0,1242
448,50;0,1215
448,00;0,1200
447,50;0,1211
447,00;0,1250
446,50;0,1296
446,00;0,1321
445,50;0,1308
445,00;0,1259
444,50;0,1197
444,00;0,1153
443,50;0,1155
443,00;0,1205
442,50;0,1267
442,00;0,1298
441,50;0,1292
441,00;0,1275
440,50;0,1270
440,00;0,1268
439,50;0,1244
439,00;0,1197
438,50;0,1162
438,00;0,1181
437,50;0,1258
437,00;0,1350
436,50;0,1399
436,00;0,1375
435,50;0,1295
435,00;0,1198
434,50;0,1120
434,00;0,1077
433,50;0,1078
433,00;0,1121
432,50;0,1187
432,00;0,1253
431,50;0,1290
431,00;0,1284
430,50;0,1235
430,00;0,1169
429,50;0,1112
429,00;0,1074
428,50;0,1046
428,00;0,1024
427,50;0,1023
427,00;0,1053
426,50;0,1088
426,00;0,1099
425,50;0,1089
425,00;0,1085
424,50;0,1087
424,00;0,1071
423,50;0,1032
423,00;0,1008
422,50;0,1037
422,00;0,1109
421,50;0,1187
421,00;0,1244
420,50;0,1269
420,00;0,1242
419,50;0,1161
419,00;0,1067
418,50;0,1027
418,00;0,1062
417,50;0,1099
417,00;0,1050
416,50;0,0920
416,00;0,0803
415,50;0,0798
415,00;0,0908
414,50;0,1028
414,00;0,1036
413,50;0,0898
413,00;0,0687
412,50;0,0533
412,00;0,0557
411,50;0,0787
411,00;0,1089
410,50;0,1250
410,00;0,1179
409,50;0,1008
409,00;0,0897
408,50;0,0844
408,00;0,0758
407,50;0,0627
407,00;0,0574
406,50;0,0698
406,00;0,0888
405,50;0,0961
405,00;0,0912
404,50;0,0915
404,00;0,1063
403,50;0,1204
403,00;0,1131
402,50;0,0865
402,00;0,0687
401,50;0,0827
401,00;0,1187
400,50;0,1466
400,00;0,1490
