Erstellt als neuer Datensatz;Sample 168 By PC59-C710\Spektrum3 date Dienstag, Juni 02 2026
cm-1;A
4000,00;0,0377
3999,50;0,0377
3999,00;0,0376
3998,50;0,0374
3998,00;0,0372
3997,50;0,0370
3997,00;0,0370
3996,50;0,0372
3996,00;0,0374
3995,50;0,0376
3995,00;0,0378
3994,50;0,0379
3994,00;0,0377
3993,50;0,0375
3993,00;0,0371
3992,50;0,0368
3992,00;0,0366
3991,50;0,0367
3991,00;0,0370
3990,50;0,0374
3990,00;0,0376
3989,50;0,0376
3989,00;0,0373
3988,50;0,0369
3988,00;0,0364
3987,50;0,0362
3987,00;0,0362
3986,50;0,0366
3986,00;0,0370
3985,50;0,0374
3985,00;0,0375
3984,50;0,0375
3984,00;0,0374
3983,50;0,0372
3983,00;0,0371
3982,50;0,0371
3982,00;0,0371
3981,50;0,0372
3981,00;0,0373
3980,50;0,0374
3980,00;0,0374
3979,50;0,0374
3979,00;0,0374
3978,50;0,0374
3978,00;0,0372
3977,50;0,0370
3977,00;0,0369
3976,50;0,0369
3976,00;0,0371
3975,50;0,0374
3975,00;0,0377
3974,50;0,0378
3974,00;0,0378
3973,50;0,0377
3973,00;0,0373
3972,50;0,0367
3972,00;0,0362
3971,50;0,0361
3971,00;0,0364
3970,50;0,0369
3970,00;0,0375
3969,50;0,0377
3969,00;0,0376
3968,50;0,0373
3968,00;0,0369
3967,50;0,0366
3967,00;0,0364
3966,50;0,0364
3966,00;0,0367
3965,50;0,0372
3965,00;0,0377
3964,50;0,0382
3964,00;0,0383
3963,50;0,0381
3963,00;0,0377
3962,50;0,0371
3962,00;0,0367
3961,50;0,0364
3961,00;0,0363
3960,50;0,0364
3960,00;0,0366
3959,50;0,0370
3959,00;0,0374
3958,50;0,0376
3958,00;0,0376
3957,50;0,0373
3957,00;0,0370
3956,50;0,0367
3956,00;0,0366
3955,50;0,0368
3955,00;0,0372
3954,50;0,0376
3954,00;0,0379
3953,50;0,0379
3953,00;0,0376
3952,50;0,0372
3952,00;0,0368
3951,50;0,0365
3951,00;0,0364
3950,50;0,0365
3950,00;0,0367
3949,50;0,0371
3949,00;0,0375
3948,50;0,0378
3948,00;0,0378
3947,50;0,0375
3947,00;0,0371
3946,50;0,0367
3946,00;0,0366
3945,50;0,0367
3945,00;0,0369
3944,50;0,0372
3944,00;0,0376
3943,50;0,0379
3943,00;0,0381
3942,50;0,0379
3942,00;0,0375
3941,50;0,0371
3941,00;0,0369
3940,50;0,0368
3940,00;0,0371
3939,50;0,0375
3939,00;0,0378
3938,50;0,0380
3938,00;0,0380
3937,50;0,0379
3937,00;0,0376
3936,50;0,0371
3936,00;0,0367
3935,50;0,0365
3935,00;0,0367
3934,50;0,0373
3934,00;0,0379
3933,50;0,0383
3933,00;0,0381
3932,50;0,0376
3932,00;0,0369
3931,50;0,0364
3931,00;0,0361
3930,50;0,0362
3930,00;0,0365
3929,50;0,0370
3929,00;0,0376
3928,50;0,0380
3928,00;0,0381
3927,50;0,0378
3927,00;0,0373
3926,50;0,0368
3926,00;0,0364
3925,50;0,0362
3925,00;0,0362
3924,50;0,0364
3924,00;0,0370
3923,50;0,0376
3923,00;0,0381
3922,50;0,0382
3922,00;0,0380
3921,50;0,0375
3921,00;0,0369
3920,50;0,0365
3920,00;0,0363
3919,50;0,0366
3919,00;0,0372
3918,50;0,0378
3918,00;0,0382
3917,50;0,0383
3917,00;0,0381
3916,50;0,0379
3916,00;0,0375
3915,50;0,0371
3915,00;0,0367
3914,50;0,0365
3914,00;0,0366
3913,50;0,0369
3913,00;0,0373
3912,50;0,0377
3912,00;0,0379
3911,50;0,0378
3911,00;0,0374
3910,50;0,0368
3910,00;0,0363
3909,50;0,0361
3909,00;0,0361
3908,50;0,0365
3908,00;0,0369
3907,50;0,0372
3907,00;0,0373
3906,50;0,0372
3906,00;0,0371
3905,50;0,0371
3905,00;0,0373
3904,50;0,0376
3904,00;0,0378
3903,50;0,0382
3903,00;0,0386
3902,50;0,0389
3902,00;0,0388
3901,50;0,0387
3901,00;0,0386
3900,50;0,0384
3900,00;0,0377
3899,50;0,0369
3899,00;0,0365
3898,50;0,0368
3898,00;0,0376
3897,50;0,0382
3897,00;0,0383
3896,50;0,0381
3896,00;0,0377
3895,50;0,0373
3895,00;0,0368
3894,50;0,0365
3894,00;0,0363
3893,50;0,0364
3893,00;0,0367
3892,50;0,0372
3892,00;0,0377
3891,50;0,0381
3891,00;0,0383
3890,50;0,0384
3890,00;0,0381
3889,50;0,0374
3889,00;0,0367
3888,50;0,0364
3888,00;0,0366
3887,50;0,0372
3887,00;0,0379
3886,50;0,0382
3886,00;0,0381
3885,50;0,0377
3885,00;0,0375
3884,50;0,0374
3884,00;0,0372
3883,50;0,0368
3883,00;0,0368
3882,50;0,0371
3882,00;0,0378
3881,50;0,0383
3881,00;0,0384
3880,50;0,0381
3880,00;0,0377
3879,50;0,0375
3879,00;0,0373
3878,50;0,0371
3878,00;0,0370
3877,50;0,0372
3877,00;0,0377
3876,50;0,0383
3876,00;0,0387
3875,50;0,0388
3875,00;0,0385
3874,50;0,0379
3874,00;0,0373
3873,50;0,0369
3873,00;0,0370
3872,50;0,0372
3872,00;0,0376
3871,50;0,0380
3871,00;0,0384
3870,50;0,0387
3870,00;0,0388
3869,50;0,0386
3869,00;0,0383
3868,50;0,0380
3868,00;0,0375
3867,50;0,0372
3867,00;0,0372
3866,50;0,0375
3866,00;0,0379
3865,50;0,0381
3865,00;0,0381
3864,50;0,0379
3864,00;0,0378
3863,50;0,0377
3863,00;0,0376
3862,50;0,0377
3862,00;0,0378
3861,50;0,0379
3861,00;0,0379
3860,50;0,0377
3860,00;0,0374
3859,50;0,0370
3859,00;0,0367
3858,50;0,0366
3858,00;0,0366
3857,50;0,0367
3857,00;0,0370
3856,50;0,0374
3856,00;0,0380
3855,50;0,0385
3855,00;0,0389
3854,50;0,0390
3854,00;0,0390
3853,50;0,0394
3853,00;0,0399
3852,50;0,0397
3852,00;0,0393
3851,50;0,0391
3851,00;0,0394
3850,50;0,0394
3850,00;0,0389
3849,50;0,0380
3849,00;0,0374
3848,50;0,0371
3848,00;0,0371
3847,50;0,0370
3847,00;0,0368
3846,50;0,0366
3846,00;0,0365
3845,50;0,0366
3845,00;0,0369
3844,50;0,0373
3844,00;0,0375
3843,50;0,0373
3843,00;0,0370
3842,50;0,0367
3842,00;0,0366
3841,50;0,0367
3841,00;0,0371
3840,50;0,0377
3840,00;0,0383
3839,50;0,0388
3839,00;0,0389
3838,50;0,0385
3838,00;0,0380
3837,50;0,0377
3837,00;0,0379
3836,50;0,0384
3836,00;0,0386
3835,50;0,0384
3835,00;0,0381
3834,50;0,0380
3834,00;0,0382
3833,50;0,0384
3833,00;0,0386
3832,50;0,0384
3832,00;0,0381
3831,50;0,0379
3831,00;0,0379
3830,50;0,0381
3830,00;0,0383
3829,50;0,0382
3829,00;0,0379
3828,50;0,0376
3828,00;0,0374
3827,50;0,0373
3827,00;0,0373
3826,50;0,0374
3826,00;0,0375
3825,50;0,0376
3825,00;0,0376
3824,50;0,0377
3824,00;0,0379
3823,50;0,0383
3823,00;0,0386
3822,50;0,0387
3822,00;0,0388
3821,50;0,0389
3821,00;0,0391
3820,50;0,0394
3820,00;0,0397
3819,50;0,0397
3819,00;0,0395
3818,50;0,0390
3818,00;0,0385
3817,50;0,0380
3817,00;0,0377
3816,50;0,0375
3816,00;0,0375
3815,50;0,0379
3815,00;0,0384
3814,50;0,0384
3814,00;0,0381
3813,50;0,0376
3813,00;0,0373
3812,50;0,0371
3812,00;0,0369
3811,50;0,0367
3811,00;0,0364
3810,50;0,0363
3810,00;0,0365
3809,50;0,0368
3809,00;0,0373
3808,50;0,0379
3808,00;0,0384
3807,50;0,0386
3807,00;0,0387
3806,50;0,0386
3806,00;0,0386
3805,50;0,0384
3805,00;0,0380
3804,50;0,0377
3804,00;0,0376
3803,50;0,0378
3803,00;0,0381
3802,50;0,0382
3802,00;0,0382
3801,50;0,0382
3801,00;0,0381
3800,50;0,0382
3800,00;0,0383
3799,50;0,0383
3799,00;0,0384
3798,50;0,0386
3798,00;0,0388
3797,50;0,0388
3797,00;0,0385
3796,50;0,0380
3796,00;0,0377
3795,50;0,0376
3795,00;0,0376
3794,50;0,0376
3794,00;0,0376
3793,50;0,0377
3793,00;0,0378
3792,50;0,0378
3792,00;0,0377
3791,50;0,0375
3791,00;0,0373
3790,50;0,0370
3790,00;0,0368
3789,50;0,0367
3789,00;0,0368
3788,50;0,0372
3788,00;0,0377
3787,50;0,0380
3787,00;0,0381
3786,50;0,0380
3786,00;0,0378
3785,50;0,0376
3785,00;0,0373
3784,50;0,0371
3784,00;0,0371
3783,50;0,0374
3783,00;0,0376
3782,50;0,0378
3782,00;0,0376
3781,50;0,0374
3781,00;0,0373
3780,50;0,0374
3780,00;0,0377
3779,50;0,0380
3779,00;0,0382
3778,50;0,0384
3778,00;0,0383
3777,50;0,0381
3777,00;0,0377
3776,50;0,0373
3776,00;0,0369
3775,50;0,0365
3775,00;0,0363
3774,50;0,0364
3774,00;0,0367
3773,50;0,0371
3773,00;0,0375
3772,50;0,0378
3772,00;0,0379
3771,50;0,0381
3771,00;0,0382
3770,50;0,0382
3770,00;0,0380
3769,50;0,0379
3769,00;0,0379
3768,50;0,0380
3768,00;0,0380
3767,50;0,0381
3767,00;0,0382
3766,50;0,0382
3766,00;0,0380
3765,50;0,0375
3765,00;0,0372
3764,50;0,0370
3764,00;0,0370
3763,50;0,0371
3763,00;0,0373
3762,50;0,0375
3762,00;0,0378
3761,50;0,0382
3761,00;0,0385
3760,50;0,0384
3760,00;0,0380
3759,50;0,0375
3759,00;0,0374
3758,50;0,0376
3758,00;0,0380
3757,50;0,0382
3757,00;0,0382
3756,50;0,0380
3756,00;0,0379
3755,50;0,0377
3755,00;0,0375
3754,50;0,0373
3754,00;0,0374
3753,50;0,0377
3753,00;0,0381
3752,50;0,0384
3752,00;0,0387
3751,50;0,0393
3751,00;0,0400
3750,50;0,0402
3750,00;0,0398
3749,50;0,0392
3749,00;0,0390
3748,50;0,0392
3748,00;0,0393
3747,50;0,0390
3747,00;0,0386
3746,50;0,0383
3746,00;0,0384
3745,50;0,0387
3745,00;0,0389
3744,50;0,0391
3744,00;0,0393
3743,50;0,0397
3743,00;0,0395
3742,50;0,0390
3742,00;0,0386
3741,50;0,0384
3741,00;0,0384
3740,50;0,0384
3740,00;0,0385
3739,50;0,0385
3739,00;0,0383
3738,50;0,0382
3738,00;0,0382
3737,50;0,0385
3737,00;0,0389
3736,50;0,0393
3736,00;0,0395
3735,50;0,0393
3735,00;0,0388
3734,50;0,0383
3734,00;0,0382
3733,50;0,0386
3733,00;0,0389
3732,50;0,0389
3732,00;0,0387
3731,50;0,0387
3731,00;0,0389
3730,50;0,0388
3730,00;0,0383
3729,50;0,0377
3729,00;0,0372
3728,50;0,0369
3728,00;0,0368
3727,50;0,0369
3727,00;0,0371
3726,50;0,0373
3726,00;0,0376
3725,50;0,0379
3725,00;0,0380
3724,50;0,0379
3724,00;0,0377
3723,50;0,0375
3723,00;0,0372
3722,50;0,0369
3722,00;0,0367
3721,50;0,0369
3721,00;0,0374
3720,50;0,0380
3720,00;0,0382
3719,50;0,0382
3719,00;0,0379
3718,50;0,0375
3718,00;0,0372
3717,50;0,0370
3717,00;0,0370
3716,50;0,0371
3716,00;0,0374
3715,50;0,0376
3715,00;0,0378
3714,50;0,0379
3714,00;0,0381
3713,50;0,0384
3713,00;0,0387
3712,50;0,0388
3712,00;0,0388
3711,50;0,0390
3711,00;0,0394
3710,50;0,0395
3710,00;0,0394
3709,50;0,0393
3709,00;0,0392
3708,50;0,0390
3708,00;0,0386
3707,50;0,0379
3707,00;0,0373
3706,50;0,0370
3706,00;0,0371
3705,50;0,0374
3705,00;0,0377
3704,50;0,0379
3704,00;0,0381
3703,50;0,0383
3703,00;0,0383
3702,50;0,0382
3702,00;0,0381
3701,50;0,0380
3701,00;0,0380
3700,50;0,0381
3700,00;0,0383
3699,50;0,0385
3699,00;0,0387
3698,50;0,0389
3698,00;0,0388
3697,50;0,0386
3697,00;0,0384
3696,50;0,0383
3696,00;0,0385
3695,50;0,0389
3695,00;0,0394
3694,50;0,0400
3694,00;0,0403
3693,50;0,0403
3693,00;0,0399
3692,50;0,0396
3692,00;0,0395
3691,50;0,0397
3691,00;0,0401
3690,50;0,0408
3690,00;0,0417
3689,50;0,0423
3689,00;0,0424
3688,50;0,0422
3688,00;0,0420
3687,50;0,0419
3687,00;0,0415
3686,50;0,0410
3686,00;0,0405
3685,50;0,0404
3685,00;0,0404
3684,50;0,0405
3684,00;0,0406
3683,50;0,0405
3683,00;0,0405
3682,50;0,0404
3682,00;0,0402
3681,50;0,0399
3681,00;0,0396
3680,50;0,0395
3680,00;0,0395
3679,50;0,0395
3679,00;0,0395
3678,50;0,0397
3678,00;0,0399
3677,50;0,0401
3677,00;0,0402
3676,50;0,0404
3676,00;0,0406
3675,50;0,0408
3675,00;0,0409
3674,50;0,0410
3674,00;0,0409
3673,50;0,0405
3673,00;0,0401
3672,50;0,0399
3672,00;0,0398
3671,50;0,0395
3671,00;0,0390
3670,50;0,0388
3670,00;0,0391
3669,50;0,0396
3669,00;0,0400
3668,50;0,0402
3668,00;0,0403
3667,50;0,0402
3667,00;0,0399
3666,50;0,0392
3666,00;0,0387
3665,50;0,0384
3665,00;0,0384
3664,50;0,0386
3664,00;0,0388
3663,50;0,0391
3663,00;0,0395
3662,50;0,0396
3662,00;0,0394
3661,50;0,0390
3661,00;0,0386
3660,50;0,0384
3660,00;0,0384
3659,50;0,0385
3659,00;0,0387
3658,50;0,0392
3658,00;0,0397
3657,50;0,0401
3657,00;0,0403
3656,50;0,0401
3656,00;0,0400
3655,50;0,0400
3655,00;0,0400
3654,50;0,0399
3654,00;0,0397
3653,50;0,0397
3653,00;0,0399
3652,50;0,0403
3652,00;0,0405
3651,50;0,0404
3651,00;0,0402
3650,50;0,0402
3650,00;0,0404
3649,50;0,0406
3649,00;0,0409
3648,50;0,0413
3648,00;0,0417
3647,50;0,0417
3647,00;0,0414
3646,50;0,0411
3646,00;0,0409
3645,50;0,0406
3645,00;0,0402
3644,50;0,0398
3644,00;0,0396
3643,50;0,0398
3643,00;0,0402
3642,50;0,0406
3642,00;0,0409
3641,50;0,0410
3641,00;0,0408
3640,50;0,0405
3640,00;0,0401
3639,50;0,0398
3639,00;0,0398
3638,50;0,0401
3638,00;0,0405
3637,50;0,0408
3637,00;0,0408
3636,50;0,0406
3636,00;0,0403
3635,50;0,0403
3635,00;0,0405
3634,50;0,0407
3634,00;0,0408
3633,50;0,0408
3633,00;0,0409
3632,50;0,0411
3632,00;0,0414
3631,50;0,0415
3631,00;0,0414
3630,50;0,0414
3630,00;0,0415
3629,50;0,0416
3629,00;0,0418
3628,50;0,0419
3628,00;0,0420
3627,50;0,0419
3627,00;0,0417
3626,50;0,0416
3626,00;0,0415
3625,50;0,0413
3625,00;0,0410
3624,50;0,0409
3624,00;0,0408
3623,50;0,0409
3623,00;0,0411
3622,50;0,0414
3622,00;0,0417
3621,50;0,0419
3621,00;0,0420
3620,50;0,0422
3620,00;0,0423
3619,50;0,0426
3619,00;0,0430
3618,50;0,0433
3618,00;0,0432
3617,50;0,0428
3617,00;0,0424
3616,50;0,0423
3616,00;0,0423
3615,50;0,0423
3615,00;0,0422
3614,50;0,0422
3614,00;0,0424
3613,50;0,0426
3613,00;0,0426
3612,50;0,0426
3612,00;0,0427
3611,50;0,0431
3611,00;0,0434
3610,50;0,0436
3610,00;0,0435
3609,50;0,0432
3609,00;0,0429
3608,50;0,0427
3608,00;0,0427
3607,50;0,0428
3607,00;0,0429
3606,50;0,0431
3606,00;0,0435
3605,50;0,0438
3605,00;0,0438
3604,50;0,0436
3604,00;0,0434
3603,50;0,0434
3603,00;0,0434
3602,50;0,0436
3602,00;0,0438
3601,50;0,0440
3601,00;0,0440
3600,50;0,0441
3600,00;0,0442
3599,50;0,0442
3599,00;0,0441
3598,50;0,0438
3598,00;0,0435
3597,50;0,0434
3597,00;0,0435
3596,50;0,0439
3596,00;0,0444
3595,50;0,0448
3595,00;0,0451
3594,50;0,0453
3594,00;0,0452
3593,50;0,0449
3593,00;0,0446
3592,50;0,0446
3592,00;0,0448
3591,50;0,0450
3591,00;0,0451
3590,50;0,0454
3590,00;0,0456
3589,50;0,0458
3589,00;0,0458
3588,50;0,0458
3588,00;0,0458
3587,50;0,0459
3587,00;0,0458
3586,50;0,0458
3586,00;0,0458
3585,50;0,0460
3585,00;0,0464
3584,50;0,0467
3584,00;0,0468
3583,50;0,0469
3583,00;0,0468
3582,50;0,0467
3582,00;0,0467
3581,50;0,0468
3581,00;0,0469
3580,50;0,0467
3580,00;0,0464
3579,50;0,0461
3579,00;0,0460
3578,50;0,0464
3578,00;0,0471
3577,50;0,0478
3577,00;0,0483
3576,50;0,0485
3576,00;0,0485
3575,50;0,0485
3575,00;0,0486
3574,50;0,0487
3574,00;0,0489
3573,50;0,0488
3573,00;0,0487
3572,50;0,0486
3572,00;0,0486
3571,50;0,0488
3571,00;0,0491
3570,50;0,0496
3570,00;0,0499
3569,50;0,0501
3569,00;0,0501
3568,50;0,0501
3568,00;0,0502
3567,50;0,0503
3567,00;0,0505
3566,50;0,0505
3566,00;0,0505
3565,50;0,0506
3565,00;0,0510
3564,50;0,0514
3564,00;0,0516
3563,50;0,0516
3563,00;0,0515
3562,50;0,0512
3562,00;0,0510
3561,50;0,0511
3561,00;0,0513
3560,50;0,0517
3560,00;0,0522
3559,50;0,0525
3559,00;0,0527
3558,50;0,0528
3558,00;0,0528
3557,50;0,0528
3557,00;0,0529
3556,50;0,0530
3556,00;0,0530
3555,50;0,0531
3555,00;0,0532
3554,50;0,0534
3554,00;0,0535
3553,50;0,0537
3553,00;0,0538
3552,50;0,0539
3552,00;0,0540
3551,50;0,0541
3551,00;0,0542
3550,50;0,0543
3550,00;0,0544
3549,50;0,0544
3549,00;0,0546
3548,50;0,0549
3548,00;0,0551
3547,50;0,0553
3547,00;0,0553
3546,50;0,0554
3546,00;0,0556
3545,50;0,0558
3545,00;0,0559
3544,50;0,0562
3544,00;0,0564
3543,50;0,0566
3543,00;0,0567
3542,50;0,0566
3542,00;0,0565
3541,50;0,0566
3541,00;0,0568
3540,50;0,0570
3540,00;0,0571
3539,50;0,0572
3539,00;0,0574
3538,50;0,0575
3538,00;0,0576
3537,50;0,0575
3537,00;0,0575
3536,50;0,0575
3536,00;0,0577
3535,50;0,0580
3535,00;0,0584
3534,50;0,0588
3534,00;0,0592
3533,50;0,0593
3533,00;0,0593
3532,50;0,0593
3532,00;0,0592
3531,50;0,0593
3531,00;0,0594
3530,50;0,0595
3530,00;0,0598
3529,50;0,0600
3529,00;0,0601
3528,50;0,0603
3528,00;0,0605
3527,50;0,0607
3527,00;0,0608
3526,50;0,0609
3526,00;0,0609
3525,50;0,0609
3525,00;0,0611
3524,50;0,0613
3524,00;0,0616
3523,50;0,0618
3523,00;0,0619
3522,50;0,0621
3522,00;0,0624
3521,50;0,0627
3521,00;0,0629
3520,50;0,0631
3520,00;0,0631
3519,50;0,0630
3519,00;0,0630
3518,50;0,0630
3518,00;0,0632
3517,50;0,0634
3517,00;0,0637
3516,50;0,0640
3516,00;0,0642
3515,50;0,0644
3515,00;0,0646
3514,50;0,0647
3514,00;0,0650
3513,50;0,0653
3513,00;0,0656
3512,50;0,0658
3512,00;0,0660
3511,50;0,0661
3511,00;0,0662
3510,50;0,0664
3510,00;0,0667
3509,50;0,0670
3509,00;0,0672
3508,50;0,0673
3508,00;0,0673
3507,50;0,0674
3507,00;0,0676
3506,50;0,0680
3506,00;0,0683
3505,50;0,0687
3505,00;0,0690
3504,50;0,0691
3504,00;0,0691
3503,50;0,0692
3503,00;0,0695
3502,50;0,0699
3502,00;0,0702
3501,50;0,0705
3501,00;0,0706
3500,50;0,0707
3500,00;0,0709
3499,50;0,0712
3499,00;0,0715
3498,50;0,0717
3498,00;0,0720
3497,50;0,0723
3497,00;0,0726
3496,50;0,0729
3496,00;0,0732
3495,50;0,0735
3495,00;0,0737
3494,50;0,0740
3494,00;0,0742
3493,50;0,0745
3493,00;0,0747
3492,50;0,0750
3492,00;0,0754
3491,50;0,0757
3491,00;0,0760
3490,50;0,0762
3490,00;0,0763
3489,50;0,0765
3489,00;0,0767
3488,50;0,0768
3488,00;0,0770
3487,50;0,0773
3487,00;0,0778
3486,50;0,0783
3486,00;0,0788
3485,50;0,0792
3485,00;0,0795
3484,50;0,0796
3484,00;0,0796
3483,50;0,0798
3483,00;0,0801
3482,50;0,0806
3482,00;0,0811
3481,50;0,0815
3481,00;0,0818
3480,50;0,0821
3480,00;0,0824
3479,50;0,0829
3479,00;0,0835
3478,50;0,0839
3478,00;0,0841
3477,50;0,0841
3477,00;0,0842
3476,50;0,0843
3476,00;0,0844
3475,50;0,0846
3475,00;0,0849
3474,50;0,0854
3474,00;0,0859
3473,50;0,0864
3473,00;0,0868
3472,50;0,0871
3472,00;0,0873
3471,50;0,0876
3471,00;0,0880
3470,50;0,0884
3470,00;0,0889
3469,50;0,0894
3469,00;0,0898
3468,50;0,0901
3468,00;0,0906
3467,50;0,0911
3467,00;0,0915
3466,50;0,0920
3466,00;0,0923
3465,50;0,0926
3465,00;0,0929
3464,50;0,0933
3464,00;0,0936
3463,50;0,0939
3463,00;0,0942
3462,50;0,0945
3462,00;0,0948
3461,50;0,0952
3461,00;0,0956
3460,50;0,0961
3460,00;0,0966
3459,50;0,0972
3459,00;0,0977
3458,50;0,0982
3458,00;0,0988
3457,50;0,0993
3457,00;0,0998
3456,50;0,1002
3456,00;0,1005
3455,50;0,1009
3455,00;0,1014
3454,50;0,1020
3454,00;0,1024
3453,50;0,1027
3453,00;0,1029
3452,50;0,1033
3452,00;0,1036
3451,50;0,1041
3451,00;0,1046
3450,50;0,1053
3450,00;0,1060
3449,50;0,1066
3449,00;0,1072
3448,50;0,1077
3448,00;0,1082
3447,50;0,1088
3447,00;0,1092
3446,50;0,1097
3446,00;0,1101
3445,50;0,1106
3445,00;0,1111
3444,50;0,1116
3444,00;0,1121
3443,50;0,1126
3443,00;0,1132
3442,50;0,1139
3442,00;0,1146
3441,50;0,1152
3441,00;0,1157
3440,50;0,1162
3440,00;0,1167
3439,50;0,1174
3439,00;0,1180
3438,50;0,1184
3438,00;0,1189
3437,50;0,1195
3437,00;0,1201
3436,50;0,1207
3436,00;0,1213
3435,50;0,1219
3435,00;0,1226
3434,50;0,1232
3434,00;0,1238
3433,50;0,1245
3433,00;0,1251
3432,50;0,1258
3432,00;0,1264
3431,50;0,1269
3431,00;0,1273
3430,50;0,1278
3430,00;0,1283
3429,50;0,1289
3429,00;0,1296
3428,50;0,1303
3428,00;0,1311
3427,50;0,1318
3427,00;0,1323
3426,50;0,1327
3426,00;0,1330
3425,50;0,1334
3425,00;0,1340
3424,50;0,1348
3424,00;0,1357
3423,50;0,1367
3423,00;0,1377
3422,50;0,1387
3422,00;0,1395
3421,50;0,1401
3421,00;0,1404
3420,50;0,1407
3420,00;0,1410
3419,50;0,1415
3419,00;0,1422
3418,50;0,1430
3418,00;0,1440
3417,50;0,1450
3417,00;0,1457
3416,50;0,1462
3416,00;0,1465
3415,50;0,1468
3415,00;0,1472
3414,50;0,1477
3414,00;0,1484
3413,50;0,1493
3413,00;0,1501
3412,50;0,1510
3412,00;0,1518
3411,50;0,1524
3411,00;0,1529
3410,50;0,1533
3410,00;0,1536
3409,50;0,1541
3409,00;0,1549
3408,50;0,1557
3408,00;0,1565
3407,50;0,1572
3407,00;0,1576
3406,50;0,1580
3406,00;0,1584
3405,50;0,1589
3405,00;0,1594
3404,50;0,1599
3404,00;0,1605
3403,50;0,1611
3403,00;0,1619
3402,50;0,1627
3402,00;0,1635
3401,50;0,1642
3401,00;0,1647
3400,50;0,1652
3400,00;0,1656
3399,50;0,1660
3399,00;0,1665
3398,50;0,1670
3398,00;0,1676
3397,50;0,1682
3397,00;0,1688
3396,50;0,1695
3396,00;0,1702
3395,50;0,1708
3395,00;0,1714
3394,50;0,1719
3394,00;0,1723
3393,50;0,1729
3393,00;0,1735
3392,50;0,1742
3392,00;0,1750
3391,50;0,1757
3391,00;0,1765
3390,50;0,1771
3390,00;0,1777
3389,50;0,1782
3389,00;0,1787
3388,50;0,1792
3388,00;0,1797
3387,50;0,1801
3387,00;0,1807
3386,50;0,1813
3386,00;0,1819
3385,50;0,1824
3385,00;0,1828
3384,50;0,1831
3384,00;0,1833
3383,50;0,1836
3383,00;0,1839
3382,50;0,1844
3382,00;0,1849
3381,50;0,1856
3381,00;0,1862
3380,50;0,1869
3380,00;0,1874
3379,50;0,1878
3379,00;0,1881
3378,50;0,1885
3378,00;0,1890
3377,50;0,1894
3377,00;0,1898
3376,50;0,1904
3376,00;0,1911
3375,50;0,1919
3375,00;0,1927
3374,50;0,1932
3374,00;0,1935
3373,50;0,1938
3373,00;0,1941
3372,50;0,1945
3372,00;0,1951
3371,50;0,1957
3371,00;0,1964
3370,50;0,1971
3370,00;0,1976
3369,50;0,1979
3369,00;0,1980
3368,50;0,1981
3368,00;0,1982
3367,50;0,1985
3367,00;0,1990
3366,50;0,1996
3366,00;0,2004
3365,50;0,2011
3365,00;0,2017
3364,50;0,2023
3364,00;0,2028
3363,50;0,2031
3363,00;0,2032
3362,50;0,2034
3362,00;0,2036
3361,50;0,2040
3361,00;0,2044
3360,50;0,2047
3360,00;0,2051
3359,50;0,2056
3359,00;0,2059
3358,50;0,2062
3358,00;0,2064
3357,50;0,2068
3357,00;0,2074
3356,50;0,2081
3356,00;0,2088
3355,50;0,2092
3355,00;0,2095
3354,50;0,2097
3354,00;0,2099
3353,50;0,2101
3353,00;0,2104
3352,50;0,2108
3352,00;0,2111
3351,50;0,2114
3351,00;0,2116
3350,50;0,2119
3350,00;0,2123
3349,50;0,2128
3349,00;0,2133
3348,50;0,2137
3348,00;0,2140
3347,50;0,2142
3347,00;0,2144
3346,50;0,2147
3346,00;0,2151
3345,50;0,2155
3345,00;0,2160
3344,50;0,2163
3344,00;0,2166
3343,50;0,2169
3343,00;0,2171
3342,50;0,2174
3342,00;0,2178
3341,50;0,2182
3341,00;0,2186
3340,50;0,2190
3340,00;0,2194
3339,50;0,2198
3339,00;0,2202
3338,50;0,2205
3338,00;0,2208
3337,50;0,2209
3337,00;0,2210
3336,50;0,2212
3336,00;0,2215
3335,50;0,2219
3335,00;0,2224
3334,50;0,2228
3334,00;0,2233
3333,50;0,2237
3333,00;0,2240
3332,50;0,2242
3332,00;0,2244
3331,50;0,2245
3331,00;0,2249
3330,50;0,2254
3330,00;0,2260
3329,50;0,2266
3329,00;0,2271
3328,50;0,2274
3328,00;0,2277
3327,50;0,2281
3327,00;0,2286
3326,50;0,2290
3326,00;0,2295
3325,50;0,2300
3325,00;0,2305
3324,50;0,2310
3324,00;0,2315
3323,50;0,2319
3323,00;0,2322
3322,50;0,2325
3322,00;0,2327
3321,50;0,2330
3321,00;0,2334
3320,50;0,2340
3320,00;0,2346
3319,50;0,2351
3319,00;0,2358
3318,50;0,2364
3318,00;0,2369
3317,50;0,2373
3317,00;0,2377
3316,50;0,2381
3316,00;0,2386
3315,50;0,2392
3315,00;0,2396
3314,50;0,2399
3314,00;0,2400
3313,50;0,2402
3313,00;0,2407
3312,50;0,2415
3312,00;0,2424
3311,50;0,2433
3311,00;0,2438
3310,50;0,2440
3310,00;0,2441
3309,50;0,2444
3309,00;0,2450
3308,50;0,2457
3308,00;0,2464
3307,50;0,2469
3307,00;0,2474
3306,50;0,2478
3306,00;0,2483
3305,50;0,2487
3305,00;0,2492
3304,50;0,2498
3304,00;0,2505
3303,50;0,2512
3303,00;0,2520
3302,50;0,2527
3302,00;0,2535
3301,50;0,2543
3301,00;0,2550
3300,50;0,2558
3300,00;0,2566
3299,50;0,2574
3299,00;0,2584
3298,50;0,2595
3298,00;0,2607
3297,50;0,2618
3297,00;0,2627
3296,50;0,2633
3296,00;0,2638
3295,50;0,2644
3295,00;0,2653
3294,50;0,2663
3294,00;0,2672
3293,50;0,2679
3293,00;0,2685
3292,50;0,2692
3292,00;0,2699
3291,50;0,2707
3291,00;0,2714
3290,50;0,2719
3290,00;0,2723
3289,50;0,2729
3289,00;0,2735
3288,50;0,2742
3288,00;0,2749
3287,50;0,2755
3287,00;0,2761
3286,50;0,2766
3286,00;0,2770
3285,50;0,2774
3285,00;0,2780
3284,50;0,2786
3284,00;0,2793
3283,50;0,2801
3283,00;0,2809
3282,50;0,2816
3282,00;0,2822
3281,50;0,2829
3281,00;0,2838
3280,50;0,2847
3280,00;0,2855
3279,50;0,2863
3279,00;0,2872
3278,50;0,2883
3278,00;0,2894
3277,50;0,2905
3277,00;0,2914
3276,50;0,2921
3276,00;0,2927
3275,50;0,2933
3275,00;0,2939
3274,50;0,2947
3274,00;0,2957
3273,50;0,2966
3273,00;0,2974
3272,50;0,2981
3272,00;0,2988
3271,50;0,2997
3271,00;0,3007
3270,50;0,3018
3270,00;0,3030
3269,50;0,3040
3269,00;0,3048
3268,50;0,3056
3268,00;0,3064
3267,50;0,3074
3267,00;0,3087
3266,50;0,3100
3266,00;0,3112
3265,50;0,3122
3265,00;0,3130
3264,50;0,3140
3264,00;0,3152
3263,50;0,3164
3263,00;0,3174
3262,50;0,3183
3262,00;0,3193
3261,50;0,3204
3261,00;0,3215
3260,50;0,3226
3260,00;0,3238
3259,50;0,3251
3259,00;0,3264
3258,50;0,3277
3258,00;0,3287
3257,50;0,3296
3257,00;0,3302
3256,50;0,3310
3256,00;0,3320
3255,50;0,3334
3255,00;0,3349
3254,50;0,3363
3254,00;0,3376
3253,50;0,3390
3253,00;0,3402
3252,50;0,3415
3252,00;0,3427
3251,50;0,3439
3251,00;0,3451
3250,50;0,3463
3250,00;0,3475
3249,50;0,3485
3249,00;0,3496
3248,50;0,3507
3248,00;0,3520
3247,50;0,3533
3247,00;0,3545
3246,50;0,3557
3246,00;0,3568
3245,50;0,3578
3245,00;0,3586
3244,50;0,3592
3244,00;0,3600
3243,50;0,3610
3243,00;0,3624
3242,50;0,3639
3242,00;0,3654
3241,50;0,3666
3241,00;0,3675
3240,50;0,3682
3240,00;0,3689
3239,50;0,3697
3239,00;0,3706
3238,50;0,3714
3238,00;0,3720
3237,50;0,3724
3237,00;0,3729
3236,50;0,3736
3236,00;0,3745
3235,50;0,3753
3235,00;0,3762
3234,50;0,3768
3234,00;0,3774
3233,50;0,3778
3233,00;0,3780
3232,50;0,3780
3232,00;0,3780
3231,50;0,3781
3231,00;0,3782
3230,50;0,3783
3230,00;0,3783
3229,50;0,3782
3229,00;0,3782
3228,50;0,3782
3228,00;0,3780
3227,50;0,3776
3227,00;0,3771
3226,50;0,3768
3226,00;0,3767
3225,50;0,3765
3225,00;0,3762
3224,50;0,3755
3224,00;0,3746
3223,50;0,3739
3223,00;0,3734
3222,50;0,3728
3222,00;0,3719
3221,50;0,3709
3221,00;0,3700
3220,50;0,3692
3220,00;0,3684
3219,50;0,3674
3219,00;0,3663
3218,50;0,3652
3218,00;0,3644
3217,50;0,3636
3217,00;0,3628
3216,50;0,3618
3216,00;0,3606
3215,50;0,3593
3215,00;0,3580
3214,50;0,3566
3214,00;0,3554
3213,50;0,3543
3213,00;0,3533
3212,50;0,3522
3212,00;0,3510
3211,50;0,3497
3211,00;0,3485
3210,50;0,3475
3210,00;0,3466
3209,50;0,3457
3209,00;0,3447
3208,50;0,3436
3208,00;0,3426
3207,50;0,3416
3207,00;0,3407
3206,50;0,3398
3206,00;0,3388
3205,50;0,3378
3205,00;0,3368
3204,50;0,3361
3204,00;0,3354
3203,50;0,3346
3203,00;0,3338
3202,50;0,3328
3202,00;0,3316
3201,50;0,3304
3201,00;0,3293
3200,50;0,3282
3200,00;0,3274
3199,50;0,3266
3199,00;0,3259
3198,50;0,3250
3198,00;0,3240
3197,50;0,3229
3197,00;0,3219
3196,50;0,3211
3196,00;0,3204
3195,50;0,3199
3195,00;0,3192
3194,50;0,3185
3194,00;0,3176
3193,50;0,3166
3193,00;0,3155
3192,50;0,3145
3192,00;0,3136
3191,50;0,3129
3191,00;0,3123
3190,50;0,3116
3190,00;0,3109
3189,50;0,3102
3189,00;0,3095
3188,50;0,3089
3188,00;0,3084
3187,50;0,3080
3187,00;0,3074
3186,50;0,3067
3186,00;0,3059
3185,50;0,3050
3185,00;0,3041
3184,50;0,3033
3184,00;0,3027
3183,50;0,3022
3183,00;0,3017
3182,50;0,3013
3182,00;0,3009
3181,50;0,3004
3181,00;0,2998
3180,50;0,2991
3180,00;0,2983
3179,50;0,2974
3179,00;0,2966
3178,50;0,2959
3178,00;0,2956
3177,50;0,2954
3177,00;0,2950
3176,50;0,2945
3176,00;0,2938
3175,50;0,2931
3175,00;0,2926
3174,50;0,2922
3174,00;0,2919
3173,50;0,2915
3173,00;0,2910
3172,50;0,2904
3172,00;0,2897
3171,50;0,2890
3171,00;0,2884
3170,50;0,2878
3170,00;0,2874
3169,50;0,2870
3169,00;0,2866
3168,50;0,2861
3168,00;0,2855
3167,50;0,2850
3167,00;0,2846
3166,50;0,2843
3166,00;0,2838
3165,50;0,2832
3165,00;0,2825
3164,50;0,2819
3164,00;0,2813
3163,50;0,2810
3163,00;0,2808
3162,50;0,2807
3162,00;0,2805
3161,50;0,2802
3161,00;0,2797
3160,50;0,2792
3160,00;0,2788
3159,50;0,2784
3159,00;0,2779
3158,50;0,2774
3158,00;0,2770
3157,50;0,2765
3157,00;0,2760
3156,50;0,2755
3156,00;0,2750
3155,50;0,2746
3155,00;0,2743
3154,50;0,2741
3154,00;0,2737
3153,50;0,2731
3153,00;0,2725
3152,50;0,2720
3152,00;0,2715
3151,50;0,2711
3151,00;0,2707
3150,50;0,2703
3150,00;0,2698
3149,50;0,2693
3149,00;0,2687
3148,50;0,2682
3148,00;0,2677
3147,50;0,2672
3147,00;0,2666
3146,50;0,2658
3146,00;0,2651
3145,50;0,2647
3145,00;0,2645
3144,50;0,2642
3144,00;0,2638
3143,50;0,2630
3143,00;0,2622
3142,50;0,2613
3142,00;0,2605
3141,50;0,2598
3141,00;0,2590
3140,50;0,2583
3140,00;0,2578
3139,50;0,2573
3139,00;0,2569
3138,50;0,2563
3138,00;0,2556
3137,50;0,2548
3137,00;0,2539
3136,50;0,2530
3136,00;0,2522
3135,50;0,2516
3135,00;0,2511
3134,50;0,2507
3134,00;0,2500
3133,50;0,2492
3133,00;0,2483
3132,50;0,2474
3132,00;0,2466
3131,50;0,2459
3131,00;0,2451
3130,50;0,2442
3130,00;0,2431
3129,50;0,2421
3129,00;0,2412
3128,50;0,2404
3128,00;0,2396
3127,50;0,2386
3127,00;0,2375
3126,50;0,2363
3126,00;0,2354
3125,50;0,2347
3125,00;0,2341
3124,50;0,2335
3124,00;0,2326
3123,50;0,2317
3123,00;0,2306
3122,50;0,2294
3122,00;0,2283
3121,50;0,2273
3121,00;0,2263
3120,50;0,2253
3120,00;0,2243
3119,50;0,2232
3119,00;0,2222
3118,50;0,2212
3118,00;0,2201
3117,50;0,2189
3117,00;0,2176
3116,50;0,2165
3116,00;0,2155
3115,50;0,2147
3115,00;0,2139
3114,50;0,2131
3114,00;0,2120
3113,50;0,2107
3113,00;0,2094
3112,50;0,2080
3112,00;0,2068
3111,50;0,2057
3111,00;0,2046
3110,50;0,2036
3110,00;0,2025
3109,50;0,2014
3109,00;0,2004
3108,50;0,1995
3108,00;0,1985
3107,50;0,1974
3107,00;0,1961
3106,50;0,1948
3106,00;0,1935
3105,50;0,1925
3105,00;0,1914
3104,50;0,1904
3104,00;0,1893
3103,50;0,1882
3103,00;0,1871
3102,50;0,1861
3102,00;0,1850
3101,50;0,1839
3101,00;0,1827
3100,50;0,1816
3100,00;0,1804
3099,50;0,1794
3099,00;0,1784
3098,50;0,1773
3098,00;0,1762
3097,50;0,1750
3097,00;0,1740
3096,50;0,1729
3096,00;0,1719
3095,50;0,1709
3095,00;0,1699
3094,50;0,1689
3094,00;0,1677
3093,50;0,1665
3093,00;0,1654
3092,50;0,1643
3092,00;0,1633
3091,50;0,1623
3091,00;0,1613
3090,50;0,1605
3090,00;0,1597
3089,50;0,1587
3089,00;0,1577
3088,50;0,1566
3088,00;0,1555
3087,50;0,1545
3087,00;0,1535
3086,50;0,1524
3086,00;0,1514
3085,50;0,1504
3085,00;0,1493
3084,50;0,1484
3084,00;0,1474
3083,50;0,1465
3083,00;0,1456
3082,50;0,1448
3082,00;0,1439
3081,50;0,1431
3081,00;0,1422
3080,50;0,1413
3080,00;0,1405
3079,50;0,1397
3079,00;0,1389
3078,50;0,1380
3078,00;0,1372
3077,50;0,1364
3077,00;0,1356
3076,50;0,1348
3076,00;0,1341
3075,50;0,1334
3075,00;0,1327
3074,50;0,1320
3074,00;0,1313
3073,50;0,1305
3073,00;0,1296
3072,50;0,1287
3072,00;0,1277
3071,50;0,1269
3071,00;0,1262
3070,50;0,1257
3070,00;0,1252
3069,50;0,1248
3069,00;0,1244
3068,50;0,1242
3068,00;0,1242
3067,50;0,1240
3067,00;0,1233
3066,50;0,1220
3066,00;0,1206
3065,50;0,1195
3065,00;0,1188
3064,50;0,1184
3064,00;0,1178
3063,50;0,1171
3063,00;0,1165
3062,50;0,1158
3062,00;0,1151
3061,50;0,1145
3061,00;0,1139
3060,50;0,1133
3060,00;0,1128
3059,50;0,1122
3059,00;0,1117
3058,50;0,1113
3058,00;0,1107
3057,50;0,1102
3057,00;0,1097
3056,50;0,1093
3056,00;0,1089
3055,50;0,1084
3055,00;0,1079
3054,50;0,1073
3054,00;0,1067
3053,50;0,1061
3053,00;0,1056
3052,50;0,1053
3052,00;0,1050
3051,50;0,1045
3051,00;0,1040
3050,50;0,1033
3050,00;0,1027
3049,50;0,1022
3049,00;0,1018
3048,50;0,1014
3048,00;0,1010
3047,50;0,1005
3047,00;0,1000
3046,50;0,0995
3046,00;0,0990
3045,50;0,0985
3045,00;0,0980
3044,50;0,0976
3044,00;0,0973
3043,50;0,0969
3043,00;0,0966
3042,50;0,0963
3042,00;0,0959
3041,50;0,0956
3041,00;0,0952
3040,50;0,0949
3040,00;0,0946
3039,50;0,0942
3039,00;0,0938
3038,50;0,0934
3038,00;0,0931
3037,50;0,0928
3037,00;0,0925
3036,50;0,0921
3036,00;0,0917
3035,50;0,0912
3035,00;0,0908
3034,50;0,0905
3034,00;0,0902
3033,50;0,0899
3033,00;0,0896
3032,50;0,0893
3032,00;0,0891
3031,50;0,0889
3031,00;0,0885
3030,50;0,0881
3030,00;0,0876
3029,50;0,0871
3029,00;0,0867
3028,50;0,0863
3028,00;0,0860
3027,50;0,0858
3027,00;0,0856
3026,50;0,0853
3026,00;0,0850
3025,50;0,0847
3025,00;0,0843
3024,50;0,0841
3024,00;0,0838
3023,50;0,0837
3023,00;0,0835
3022,50;0,0834
3022,00;0,0832
3021,50;0,0829
3021,00;0,0826
3020,50;0,0822
3020,00;0,0820
3019,50;0,0817
3019,00;0,0815
3018,50;0,0812
3018,00;0,0809
3017,50;0,0806
3017,00;0,0804
3016,50;0,0803
3016,00;0,0801
3015,50;0,0797
3015,00;0,0793
3014,50;0,0789
3014,00;0,0786
3013,50;0,0783
3013,00;0,0781
3012,50;0,0779
3012,00;0,0778
3011,50;0,0778
3011,00;0,0777
3010,50;0,0775
3010,00;0,0772
3009,50;0,0769
3009,00;0,0766
3008,50;0,0763
3008,00;0,0760
3007,50;0,0757
3007,00;0,0755
3006,50;0,0753
3006,00;0,0751
3005,50;0,0751
3005,00;0,0750
3004,50;0,0749
3004,00;0,0748
3003,50;0,0746
3003,00;0,0744
3002,50;0,0743
3002,00;0,0741
3001,50;0,0739
3001,00;0,0737
3000,50;0,0734
3000,00;0,0733
2999,50;0,0733
2999,00;0,0733
2998,50;0,0731
2998,00;0,0726
2997,50;0,0721
2997,00;0,0717
2996,50;0,0716
2996,00;0,0716
2995,50;0,0716
2995,00;0,0714
2994,50;0,0711
2994,00;0,0708
2993,50;0,0706
2993,00;0,0705
2992,50;0,0704
2992,00;0,0703
2991,50;0,0703
2991,00;0,0702
2990,50;0,0701
2990,00;0,0700
2989,50;0,0698
2989,00;0,0696
2988,50;0,0694
2988,00;0,0691
2987,50;0,0688
2987,00;0,0686
2986,50;0,0685
2986,00;0,0686
2985,50;0,0686
2985,00;0,0686
2984,50;0,0684
2984,00;0,0682
2983,50;0,0680
2983,00;0,0678
2982,50;0,0676
2982,00;0,0675
2981,50;0,0674
2981,00;0,0673
2980,50;0,0672
2980,00;0,0671
2979,50;0,0670
2979,00;0,0669
2978,50;0,0667
2978,00;0,0664
2977,50;0,0661
2977,00;0,0658
2976,50;0,0656
2976,00;0,0656
2975,50;0,0655
2975,00;0,0654
2974,50;0,0653
2974,00;0,0650
2973,50;0,0649
2973,00;0,0647
2972,50;0,0646
2972,00;0,0646
2971,50;0,0645
2971,00;0,0643
2970,50;0,0641
2970,00;0,0640
2969,50;0,0639
2969,00;0,0639
2968,50;0,0640
2968,00;0,0640
2967,50;0,0639
2967,00;0,0637
2966,50;0,0636
2966,00;0,0634
2965,50;0,0632
2965,00;0,0629
2964,50;0,0627
2964,00;0,0626
2963,50;0,0626
2963,00;0,0627
2962,50;0,0628
2962,00;0,0626
2961,50;0,0623
2961,00;0,0620
2960,50;0,0618
2960,00;0,0618
2959,50;0,0618
2959,00;0,0619
2958,50;0,0618
2958,00;0,0617
2957,50;0,0614
2957,00;0,0611
2956,50;0,0609
2956,00;0,0608
2955,50;0,0608
2955,00;0,0608
2954,50;0,0608
2954,00;0,0607
2953,50;0,0606
2953,00;0,0605
2952,50;0,0604
2952,00;0,0601
2951,50;0,0600
2951,00;0,0599
2950,50;0,0599
2950,00;0,0601
2949,50;0,0601
2949,00;0,0599
2948,50;0,0597
2948,00;0,0594
2947,50;0,0591
2947,00;0,0590
2946,50;0,0589
2946,00;0,0589
2945,50;0,0589
2945,00;0,0588
2944,50;0,0587
2944,00;0,0585
2943,50;0,0584
2943,00;0,0583
2942,50;0,0583
2942,00;0,0582
2941,50;0,0582
2941,00;0,0581
2940,50;0,0580
2940,00;0,0579
2939,50;0,0578
2939,00;0,0578
2938,50;0,0577
2938,00;0,0577
2937,50;0,0577
2937,00;0,0576
2936,50;0,0574
2936,00;0,0572
2935,50;0,0569
2935,00;0,0568
2934,50;0,0568
2934,00;0,0568
2933,50;0,0569
2933,00;0,0569
2932,50;0,0570
2932,00;0,0569
2931,50;0,0568
2931,00;0,0566
2930,50;0,0563
2930,00;0,0560
2929,50;0,0558
2929,00;0,0559
2928,50;0,0559
2928,00;0,0560
2927,50;0,0560
2927,00;0,0559
2926,50;0,0558
2926,00;0,0556
2925,50;0,0554
2925,00;0,0553
2924,50;0,0551
2924,00;0,0549
2923,50;0,0548
2923,00;0,0546
2922,50;0,0546
2922,00;0,0547
2921,50;0,0548
2921,00;0,0548
2920,50;0,0548
2920,00;0,0547
2919,50;0,0548
2919,00;0,0548
2918,50;0,0550
2918,00;0,0552
2917,50;0,0555
2917,00;0,0559
2916,50;0,0562
2916,00;0,0564
2915,50;0,0564
2915,00;0,0563
2914,50;0,0561
2914,00;0,0560
2913,50;0,0560
2913,00;0,0560
2912,50;0,0560
2912,00;0,0559
2911,50;0,0557
2911,00;0,0555
2910,50;0,0553
2910,00;0,0550
2909,50;0,0546
2909,00;0,0544
2908,50;0,0542
2908,00;0,0541
2907,50;0,0539
2907,00;0,0537
2906,50;0,0536
2906,00;0,0535
2905,50;0,0534
2905,00;0,0534
2904,50;0,0533
2904,00;0,0531
2903,50;0,0531
2903,00;0,0531
2902,50;0,0531
2902,00;0,0531
2901,50;0,0532
2901,00;0,0532
2900,50;0,0532
2900,00;0,0531
2899,50;0,0529
2899,00;0,0527
2898,50;0,0524
2898,00;0,0522
2897,50;0,0522
2897,00;0,0522
2896,50;0,0523
2896,00;0,0524
2895,50;0,0525
2895,00;0,0525
2894,50;0,0525
2894,00;0,0524
2893,50;0,0523
2893,00;0,0521
2892,50;0,0520
2892,00;0,0520
2891,50;0,0520
2891,00;0,0520
2890,50;0,0521
2890,00;0,0521
2889,50;0,0521
2889,00;0,0520
2888,50;0,0518
2888,00;0,0515
2887,50;0,0513
2887,00;0,0513
2886,50;0,0514
2886,00;0,0516
2885,50;0,0517
2885,00;0,0517
2884,50;0,0516
2884,00;0,0515
2883,50;0,0514
2883,00;0,0512
2882,50;0,0511
2882,00;0,0510
2881,50;0,0510
2881,00;0,0510
2880,50;0,0510
2880,00;0,0510
2879,50;0,0510
2879,00;0,0509
2878,50;0,0509
2878,00;0,0508
2877,50;0,0506
2877,00;0,0506
2876,50;0,0506
2876,00;0,0506
2875,50;0,0507
2875,00;0,0507
2874,50;0,0506
2874,00;0,0505
2873,50;0,0503
2873,00;0,0502
2872,50;0,0500
2872,00;0,0500
2871,50;0,0500
2871,00;0,0500
2870,50;0,0500
2870,00;0,0500
2869,50;0,0500
2869,00;0,0500
2868,50;0,0499
2868,00;0,0499
2867,50;0,0499
2867,00;0,0499
2866,50;0,0500
2866,00;0,0500
2865,50;0,0501
2865,00;0,0501
2864,50;0,0501
2864,00;0,0501
2863,50;0,0501
2863,00;0,0501
2862,50;0,0500
2862,00;0,0499
2861,50;0,0498
2861,00;0,0497
2860,50;0,0497
2860,00;0,0495
2859,50;0,0494
2859,00;0,0493
2858,50;0,0493
2858,00;0,0494
2857,50;0,0495
2857,00;0,0494
2856,50;0,0493
2856,00;0,0492
2855,50;0,0491
2855,00;0,0490
2854,50;0,0490
2854,00;0,0489
2853,50;0,0489
2853,00;0,0489
2852,50;0,0489
2852,00;0,0488
2851,50;0,0488
2851,00;0,0489
2850,50;0,0491
2850,00;0,0495
2849,50;0,0499
2849,00;0,0503
2848,50;0,0505
2848,00;0,0507
2847,50;0,0508
2847,00;0,0508
2846,50;0,0507
2846,00;0,0506
2845,50;0,0503
2845,00;0,0499
2844,50;0,0496
2844,00;0,0494
2843,50;0,0492
2843,00;0,0490
2842,50;0,0488
2842,00;0,0486
2841,50;0,0485
2841,00;0,0484
2840,50;0,0484
2840,00;0,0483
2839,50;0,0483
2839,00;0,0483
2838,50;0,0484
2838,00;0,0484
2837,50;0,0484
2837,00;0,0484
2836,50;0,0483
2836,00;0,0482
2835,50;0,0481
2835,00;0,0481
2834,50;0,0481
2834,00;0,0481
2833,50;0,0481
2833,00;0,0480
2832,50;0,0481
2832,00;0,0481
2831,50;0,0481
2831,00;0,0481
2830,50;0,0481
2830,00;0,0481
2829,50;0,0482
2829,00;0,0482
2828,50;0,0481
2828,00;0,0480
2827,50;0,0478
2827,00;0,0476
2826,50;0,0475
2826,00;0,0476
2825,50;0,0477
2825,00;0,0479
2824,50;0,0480
2824,00;0,0480
2823,50;0,0480
2823,00;0,0478
2822,50;0,0476
2822,00;0,0475
2821,50;0,0474
2821,00;0,0475
2820,50;0,0477
2820,00;0,0478
2819,50;0,0478
2819,00;0,0478
2818,50;0,0478
2818,00;0,0477
2817,50;0,0477
2817,00;0,0476
2816,50;0,0475
2816,00;0,0474
2815,50;0,0474
2815,00;0,0475
2814,50;0,0476
2814,00;0,0476
2813,50;0,0476
2813,00;0,0475
2812,50;0,0475
2812,00;0,0475
2811,50;0,0475
2811,00;0,0476
2810,50;0,0477
2810,00;0,0477
2809,50;0,0476
2809,00;0,0474
2808,50;0,0474
2808,00;0,0474
2807,50;0,0475
2807,00;0,0476
2806,50;0,0477
2806,00;0,0476
2805,50;0,0475
2805,00;0,0473
2804,50;0,0472
2804,00;0,0472
2803,50;0,0473
2803,00;0,0474
2802,50;0,0475
2802,00;0,0475
2801,50;0,0475
2801,00;0,0474
2800,50;0,0473
2800,00;0,0472
2799,50;0,0471
2799,00;0,0472
2798,50;0,0473
2798,00;0,0474
2797,50;0,0474
2797,00;0,0473
2796,50;0,0472
2796,00;0,0471
2795,50;0,0470
2795,00;0,0469
2794,50;0,0468
2794,00;0,0467
2793,50;0,0468
2793,00;0,0468
2792,50;0,0469
2792,00;0,0471
2791,50;0,0472
2791,00;0,0473
2790,50;0,0473
2790,00;0,0471
2789,50;0,0470
2789,00;0,0470
2788,50;0,0469
2788,00;0,0469
2787,50;0,0469
2787,00;0,0470
2786,50;0,0471
2786,00;0,0471
2785,50;0,0470
2785,00;0,0468
2784,50;0,0466
2784,00;0,0464
2783,50;0,0464
2783,00;0,0464
2782,50;0,0465
2782,00;0,0466
2781,50;0,0467
2781,00;0,0468
2780,50;0,0467
2780,00;0,0466
2779,50;0,0465
2779,00;0,0465
2778,50;0,0465
2778,00;0,0466
2777,50;0,0466
2777,00;0,0467
2776,50;0,0468
2776,00;0,0468
2775,50;0,0469
2775,00;0,0469
2774,50;0,0469
2774,00;0,0468
2773,50;0,0466
2773,00;0,0465
2772,50;0,0465
2772,00;0,0465
2771,50;0,0466
2771,00;0,0467
2770,50;0,0467
2770,00;0,0468
2769,50;0,0468
2769,00;0,0467
2768,50;0,0467
2768,00;0,0466
2767,50;0,0465
2767,00;0,0465
2766,50;0,0465
2766,00;0,0465
2765,50;0,0465
2765,00;0,0465
2764,50;0,0465
2764,00;0,0465
2763,50;0,0466
2763,00;0,0466
2762,50;0,0467
2762,00;0,0467
2761,50;0,0467
2761,00;0,0467
2760,50;0,0466
2760,00;0,0467
2759,50;0,0468
2759,00;0,0468
2758,50;0,0467
2758,00;0,0465
2757,50;0,0464
2757,00;0,0464
2756,50;0,0465
2756,00;0,0465
2755,50;0,0465
2755,00;0,0465
2754,50;0,0465
2754,00;0,0465
2753,50;0,0465
2753,00;0,0463
2752,50;0,0463
2752,00;0,0462
2751,50;0,0463
2751,00;0,0464
2750,50;0,0466
2750,00;0,0466
2749,50;0,0466
2749,00;0,0465
2748,50;0,0465
2748,00;0,0465
2747,50;0,0465
2747,00;0,0464
2746,50;0,0464
2746,00;0,0464
2745,50;0,0465
2745,00;0,0464
2744,50;0,0465
2744,00;0,0465
2743,50;0,0466
2743,00;0,0466
2742,50;0,0465
2742,00;0,0464
2741,50;0,0464
2741,00;0,0464
2740,50;0,0464
2740,00;0,0464
2739,50;0,0463
2739,00;0,0462
2738,50;0,0460
2738,00;0,0459
2737,50;0,0458
2737,00;0,0458
2736,50;0,0459
2736,00;0,0460
2735,50;0,0461
2735,00;0,0461
2734,50;0,0462
2734,00;0,0463
2733,50;0,0464
2733,00;0,0464
2732,50;0,0465
2732,00;0,0465
2731,50;0,0465
2731,00;0,0465
2730,50;0,0464
2730,00;0,0463
2729,50;0,0462
2729,00;0,0461
2728,50;0,0461
2728,00;0,0462
2727,50;0,0463
2727,00;0,0464
2726,50;0,0464
2726,00;0,0464
2725,50;0,0462
2725,00;0,0461
2724,50;0,0461
2724,00;0,0462
2723,50;0,0463
2723,00;0,0464
2722,50;0,0465
2722,00;0,0465
2721,50;0,0465
2721,00;0,0464
2720,50;0,0463
2720,00;0,0462
2719,50;0,0462
2719,00;0,0461
2718,50;0,0461
2718,00;0,0462
2717,50;0,0462
2717,00;0,0462
2716,50;0,0462
2716,00;0,0463
2715,50;0,0463
2715,00;0,0463
2714,50;0,0462
2714,00;0,0461
2713,50;0,0460
2713,00;0,0460
2712,50;0,0460
2712,00;0,0461
2711,50;0,0461
2711,00;0,0460
2710,50;0,0461
2710,00;0,0461
2709,50;0,0462
2709,00;0,0462
2708,50;0,0462
2708,00;0,0462
2707,50;0,0461
2707,00;0,0461
2706,50;0,0462
2706,00;0,0463
2705,50;0,0463
2705,00;0,0463
2704,50;0,0463
2704,00;0,0463
2703,50;0,0464
2703,00;0,0464
2702,50;0,0464
2702,00;0,0465
2701,50;0,0465
2701,00;0,0465
2700,50;0,0465
2700,00;0,0464
2699,50;0,0463
2699,00;0,0463
2698,50;0,0463
2698,00;0,0464
2697,50;0,0464
2697,00;0,0464
2696,50;0,0464
2696,00;0,0464
2695,50;0,0464
2695,00;0,0465
2694,50;0,0466
2694,00;0,0467
2693,50;0,0467
2693,00;0,0467
2692,50;0,0467
2692,00;0,0466
2691,50;0,0466
2691,00;0,0466
2690,50;0,0466
2690,00;0,0465
2689,50;0,0464
2689,00;0,0462
2688,50;0,0461
2688,00;0,0461
2687,50;0,0462
2687,00;0,0462
2686,50;0,0462
2686,00;0,0463
2685,50;0,0463
2685,00;0,0464
2684,50;0,0465
2684,00;0,0465
2683,50;0,0466
2683,00;0,0465
2682,50;0,0465
2682,00;0,0465
2681,50;0,0466
2681,00;0,0467
2680,50;0,0468
2680,00;0,0468
2679,50;0,0467
2679,00;0,0466
2678,50;0,0465
2678,00;0,0465
2677,50;0,0464
2677,00;0,0464
2676,50;0,0463
2676,00;0,0464
2675,50;0,0465
2675,00;0,0465
2674,50;0,0465
2674,00;0,0466
2673,50;0,0466
2673,00;0,0466
2672,50;0,0466
2672,00;0,0466
2671,50;0,0466
2671,00;0,0467
2670,50;0,0468
2670,00;0,0469
2669,50;0,0469
2669,00;0,0469
2668,50;0,0467
2668,00;0,0465
2667,50;0,0463
2667,00;0,0463
2666,50;0,0464
2666,00;0,0465
2665,50;0,0467
2665,00;0,0467
2664,50;0,0467
2664,00;0,0467
2663,50;0,0467
2663,00;0,0468
2662,50;0,0469
2662,00;0,0469
2661,50;0,0469
2661,00;0,0469
2660,50;0,0468
2660,00;0,0468
2659,50;0,0468
2659,00;0,0469
2658,50;0,0469
2658,00;0,0468
2657,50;0,0467
2657,00;0,0465
2656,50;0,0465
2656,00;0,0467
2655,50;0,0468
2655,00;0,0470
2654,50;0,0470
2654,00;0,0470
2653,50;0,0469
2653,00;0,0468
2652,50;0,0468
2652,00;0,0468
2651,50;0,0468
2651,00;0,0468
2650,50;0,0468
2650,00;0,0468
2649,50;0,0468
2649,00;0,0467
2648,50;0,0467
2648,00;0,0468
2647,50;0,0468
2647,00;0,0468
2646,50;0,0467
2646,00;0,0467
2645,50;0,0466
2645,00;0,0466
2644,50;0,0467
2644,00;0,0469
2643,50;0,0471
2643,00;0,0472
2642,50;0,0473
2642,00;0,0473
2641,50;0,0472
2641,00;0,0472
2640,50;0,0471
2640,00;0,0471
2639,50;0,0471
2639,00;0,0471
2638,50;0,0470
2638,00;0,0470
2637,50;0,0469
2637,00;0,0468
2636,50;0,0468
2636,00;0,0468
2635,50;0,0469
2635,00;0,0471
2634,50;0,0471
2634,00;0,0470
2633,50;0,0469
2633,00;0,0468
2632,50;0,0468
2632,00;0,0468
2631,50;0,0469
2631,00;0,0470
2630,50;0,0470
2630,00;0,0470
2629,50;0,0471
2629,00;0,0472
2628,50;0,0473
2628,00;0,0472
2627,50;0,0471
2627,00;0,0469
2626,50;0,0467
2626,00;0,0467
2625,50;0,0467
2625,00;0,0468
2624,50;0,0469
2624,00;0,0471
2623,50;0,0472
2623,00;0,0472
2622,50;0,0470
2622,00;0,0468
2621,50;0,0467
2621,00;0,0468
2620,50;0,0469
2620,00;0,0472
2619,50;0,0475
2619,00;0,0477
2618,50;0,0477
2618,00;0,0476
2617,50;0,0474
2617,00;0,0472
2616,50;0,0471
2616,00;0,0470
2615,50;0,0470
2615,00;0,0470
2614,50;0,0470
2614,00;0,0470
2613,50;0,0471
2613,00;0,0472
2612,50;0,0472
2612,00;0,0472
2611,50;0,0473
2611,00;0,0474
2610,50;0,0475
2610,00;0,0475
2609,50;0,0474
2609,00;0,0473
2608,50;0,0473
2608,00;0,0474
2607,50;0,0475
2607,00;0,0476
2606,50;0,0476
2606,00;0,0475
2605,50;0,0474
2605,00;0,0472
2604,50;0,0471
2604,00;0,0471
2603,50;0,0473
2603,00;0,0474
2602,50;0,0475
2602,00;0,0476
2601,50;0,0476
2601,00;0,0476
2600,50;0,0475
2600,00;0,0473
2599,50;0,0472
2599,00;0,0472
2598,50;0,0474
2598,00;0,0475
2597,50;0,0476
2597,00;0,0477
2596,50;0,0477
2596,00;0,0476
2595,50;0,0475
2595,00;0,0474
2594,50;0,0473
2594,00;0,0474
2593,50;0,0476
2593,00;0,0480
2592,50;0,0485
2592,00;0,0488
2591,50;0,0488
2591,00;0,0485
2590,50;0,0482
2590,00;0,0479
2589,50;0,0477
2589,00;0,0475
2588,50;0,0475
2588,00;0,0475
2587,50;0,0475
2587,00;0,0478
2586,50;0,0481
2586,00;0,0482
2585,50;0,0481
2585,00;0,0477
2584,50;0,0474
2584,00;0,0473
2583,50;0,0475
2583,00;0,0477
2582,50;0,0478
2582,00;0,0478
2581,50;0,0477
2581,00;0,0474
2580,50;0,0472
2580,00;0,0470
2579,50;0,0470
2579,00;0,0471
2578,50;0,0474
2578,00;0,0477
2577,50;0,0481
2577,00;0,0484
2576,50;0,0486
2576,00;0,0486
2575,50;0,0486
2575,00;0,0486
2574,50;0,0486
2574,00;0,0484
2573,50;0,0482
2573,00;0,0482
2572,50;0,0484
2572,00;0,0487
2571,50;0,0490
2571,00;0,0491
2570,50;0,0489
2570,00;0,0486
2569,50;0,0482
2569,00;0,0479
2568,50;0,0477
2568,00;0,0476
2567,50;0,0476
2567,00;0,0478
2566,50;0,0481
2566,00;0,0483
2565,50;0,0484
2565,00;0,0482
2564,50;0,0479
2564,00;0,0478
2563,50;0,0479
2563,00;0,0480
2562,50;0,0481
2562,00;0,0481
2561,50;0,0481
2561,00;0,0482
2560,50;0,0484
2560,00;0,0486
2559,50;0,0487
2559,00;0,0485
2558,50;0,0483
2558,00;0,0483
2557,50;0,0485
2557,00;0,0488
2556,50;0,0492
2556,00;0,0495
2555,50;0,0496
2555,00;0,0495
2554,50;0,0491
2554,00;0,0486
2553,50;0,0483
2553,00;0,0481
2552,50;0,0481
2552,00;0,0481
2551,50;0,0482
2551,00;0,0484
2550,50;0,0484
2550,00;0,0484
2549,50;0,0484
2549,00;0,0485
2548,50;0,0486
2548,00;0,0487
2547,50;0,0486
2547,00;0,0485
2546,50;0,0484
2546,00;0,0485
2545,50;0,0485
2545,00;0,0484
2544,50;0,0484
2544,00;0,0485
2543,50;0,0486
2543,00;0,0486
2542,50;0,0486
2542,00;0,0485
2541,50;0,0486
2541,00;0,0488
2540,50;0,0491
2540,00;0,0494
2539,50;0,0495
2539,00;0,0494
2538,50;0,0491
2538,00;0,0489
2537,50;0,0489
2537,00;0,0490
2536,50;0,0490
2536,00;0,0490
2535,50;0,0490
2535,00;0,0490
2534,50;0,0490
2534,00;0,0490
2533,50;0,0490
2533,00;0,0490
2532,50;0,0490
2532,00;0,0491
2531,50;0,0491
2531,00;0,0491
2530,50;0,0491
2530,00;0,0493
2529,50;0,0496
2529,00;0,0500
2528,50;0,0504
2528,00;0,0506
2527,50;0,0506
2527,00;0,0504
2526,50;0,0502
2526,00;0,0500
2525,50;0,0497
2525,00;0,0497
2524,50;0,0500
2524,00;0,0505
2523,50;0,0508
2523,00;0,0510
2522,50;0,0508
2522,00;0,0503
2521,50;0,0496
2521,00;0,0490
2520,50;0,0488
2520,00;0,0492
2519,50;0,0497
2519,00;0,0501
2518,50;0,0504
2518,00;0,0506
2517,50;0,0508
2517,00;0,0508
2516,50;0,0506
2516,00;0,0501
2515,50;0,0498
2515,00;0,0498
2514,50;0,0502
2514,00;0,0508
2513,50;0,0515
2513,00;0,0520
2512,50;0,0523
2512,00;0,0522
2511,50;0,0516
2511,00;0,0510
2510,50;0,0506
2510,00;0,0507
2509,50;0,0512
2509,00;0,0520
2508,50;0,0528
2508,00;0,0534
2507,50;0,0536
2507,00;0,0531
2506,50;0,0522
2506,00;0,0512
2505,50;0,0505
2505,00;0,0505
2504,50;0,0510
2504,00;0,0521
2503,50;0,0531
2503,00;0,0537
2502,50;0,0538
2502,00;0,0534
2501,50;0,0530
2501,00;0,0527
2500,50;0,0527
2500,00;0,0529
2499,50;0,0532
2499,00;0,0537
2498,50;0,0543
2498,00;0,0549
2497,50;0,0551
2497,00;0,0548
2496,50;0,0542
2496,00;0,0537
2495,50;0,0535
2495,00;0,0535
2494,50;0,0538
2494,00;0,0544
2493,50;0,0551
2493,00;0,0557
2492,50;0,0559
2492,00;0,0559
2491,50;0,0555
2491,00;0,0548
2490,50;0,0541
2490,00;0,0537
2489,50;0,0539
2489,00;0,0547
2488,50;0,0557
2488,00;0,0565
2487,50;0,0568
2487,00;0,0567
2486,50;0,0563
2486,00;0,0560
2485,50;0,0559
2485,00;0,0560
2484,50;0,0562
2484,00;0,0566
2483,50;0,0571
2483,00;0,0577
2482,50;0,0580
2482,00;0,0578
2481,50;0,0572
2481,00;0,0563
2480,50;0,0556
2480,00;0,0554
2479,50;0,0558
2479,00;0,0564
2478,50;0,0571
2478,00;0,0578
2477,50;0,0582
2477,00;0,0584
2476,50;0,0582
2476,00;0,0577
2475,50;0,0571
2475,00;0,0566
2474,50;0,0565
2474,00;0,0569
2473,50;0,0577
2473,00;0,0586
2472,50;0,0593
2472,00;0,0597
2471,50;0,0597
2471,00;0,0593
2470,50;0,0588
2470,00;0,0583
2469,50;0,0582
2469,00;0,0585
2468,50;0,0590
2468,00;0,0597
2467,50;0,0603
2467,00;0,0606
2466,50;0,0605
2466,00;0,0601
2465,50;0,0599
2465,00;0,0598
2464,50;0,0599
2464,00;0,0601
2463,50;0,0604
2463,00;0,0609
2462,50;0,0613
2462,00;0,0614
2461,50;0,0611
2461,00;0,0607
2460,50;0,0604
2460,00;0,0601
2459,50;0,0599
2459,00;0,0599
2458,50;0,0600
2458,00;0,0603
2457,50;0,0609
2457,00;0,0615
2456,50;0,0618
2456,00;0,0617
2455,50;0,0612
2455,00;0,0606
2454,50;0,0602
2454,00;0,0603
2453,50;0,0607
2453,00;0,0613
2452,50;0,0618
2452,00;0,0620
2451,50;0,0620
2451,00;0,0618
2450,50;0,0616
2450,00;0,0613
2449,50;0,0610
2449,00;0,0608
2448,50;0,0608
2448,00;0,0612
2447,50;0,0616
2447,00;0,0619
2446,50;0,0619
2446,00;0,0618
2445,50;0,0616
2445,00;0,0613
2444,50;0,0609
2444,00;0,0605
2443,50;0,0604
2443,00;0,0606
2442,50;0,0611
2442,00;0,0617
2441,50;0,0621
2441,00;0,0620
2440,50;0,0615
2440,00;0,0608
2439,50;0,0604
2439,00;0,0602
2438,50;0,0601
2438,00;0,0600
2437,50;0,0600
2437,00;0,0601
2436,50;0,0604
2436,00;0,0607
2435,50;0,0607
2435,00;0,0606
2434,50;0,0604
2434,00;0,0601
2433,50;0,0598
2433,00;0,0596
2432,50;0,0596
2432,00;0,0596
2431,50;0,0597
2431,00;0,0598
2430,50;0,0597
2430,00;0,0595
2429,50;0,0593
2429,00;0,0592
2428,50;0,0592
2428,00;0,0593
2427,50;0,0595
2427,00;0,0597
2426,50;0,0599
2426,00;0,0601
2425,50;0,0601
2425,00;0,0598
2424,50;0,0594
2424,00;0,0588
2423,50;0,0583
2423,00;0,0579
2422,50;0,0577
2422,00;0,0578
2421,50;0,0581
2421,00;0,0583
2420,50;0,0584
2420,00;0,0582
2419,50;0,0581
2419,00;0,0578
2418,50;0,0576
2418,00;0,0573
2417,50;0,0572
2417,00;0,0573
2416,50;0,0576
2416,00;0,0577
2415,50;0,0576
2415,00;0,0574
2414,50;0,0570
2414,00;0,0566
2413,50;0,0563
2413,00;0,0560
2412,50;0,0559
2412,00;0,0560
2411,50;0,0563
2411,00;0,0566
2410,50;0,0569
2410,00;0,0570
2409,50;0,0570
2409,00;0,0568
2408,50;0,0564
2408,00;0,0559
2407,50;0,0555
2407,00;0,0554
2406,50;0,0556
2406,00;0,0559
2405,50;0,0560
2405,00;0,0559
2404,50;0,0557
2404,00;0,0555
2403,50;0,0553
2403,00;0,0552
2402,50;0,0550
2402,00;0,0550
2401,50;0,0549
2401,00;0,0551
2400,50;0,0554
2400,00;0,0556
2399,50;0,0557
2399,00;0,0555
2398,50;0,0550
2398,00;0,0546
2397,50;0,0543
2397,00;0,0543
2396,50;0,0545
2396,00;0,0549
2395,50;0,0552
2395,00;0,0554
2394,50;0,0553
2394,00;0,0551
2393,50;0,0549
2393,00;0,0547
2392,50;0,0547
2392,00;0,0547
2391,50;0,0547
2391,00;0,0547
2390,50;0,0548
2390,00;0,0549
2389,50;0,0551
2389,00;0,0552
2388,50;0,0551
2388,00;0,0550
2387,50;0,0547
2387,00;0,0545
2386,50;0,0545
2386,00;0,0545
2385,50;0,0547
2385,00;0,0550
2384,50;0,0554
2384,00;0,0557
2383,50;0,0559
2383,00;0,0559
2382,50;0,0557
2382,00;0,0556
2381,50;0,0555
2381,00;0,0556
2380,50;0,0558
2380,00;0,0561
2379,50;0,0564
2379,00;0,0567
2378,50;0,0569
2378,00;0,0570
2377,50;0,0570
2377,00;0,0568
2376,50;0,0567
2376,00;0,0564
2375,50;0,0562
2375,00;0,0561
2374,50;0,0562
2374,00;0,0564
2373,50;0,0567
2373,00;0,0569
2372,50;0,0568
2372,00;0,0568
2371,50;0,0566
2371,00;0,0564
2370,50;0,0564
2370,00;0,0564
2369,50;0,0566
2369,00;0,0570
2368,50;0,0571
2368,00;0,0573
2367,50;0,0572
2367,00;0,0570
2366,50;0,0568
2366,00;0,0564
2365,50;0,0565
2365,00;0,0567
2364,50;0,0569
2364,00;0,0572
2363,50;0,0571
2363,00;0,0571
2362,50;0,0570
2362,00;0,0569
2361,50;0,0568
2361,00;0,0565
2360,50;0,0561
2360,00;0,0558
2359,50;0,0557
2359,00;0,0556
2358,50;0,0556
2358,00;0,0556
2357,50;0,0549
2357,00;0,0551
2356,50;0,0540
2356,00;0,0527
2355,50;0,0532
2355,00;0,0531
2354,50;0,0532
2354,00;0,0533
2353,50;0,0535
2353,00;0,0537
2352,50;0,0540
2352,00;0,0542
2351,50;0,0544
2351,00;0,0547
2350,50;0,0551
2350,00;0,0554
2349,50;0,0563
2349,00;0,0561
2348,50;0,0587
2348,00;0,0617
2347,50;0,0613
2347,00;0,0620
2346,50;0,0623
2346,00;0,0626
2345,50;0,0627
2345,00;0,0622
2344,50;0,0631
2344,00;0,0603
2343,50;0,0575
2343,00;0,0593
2342,50;0,0594
2342,00;0,0603
2341,50;0,0612
2341,00;0,0617
2340,50;0,0613
2340,00;0,0612
2339,50;0,0608
2339,00;0,0598
2338,50;0,0589
2338,00;0,0587
2337,50;0,0583
2337,00;0,0578
2336,50;0,0578
2336,00;0,0579
2335,50;0,0575
2335,00;0,0573
2334,50;0,0574
2334,00;0,0575
2333,50;0,0576
2333,00;0,0577
2332,50;0,0581
2332,00;0,0584
2331,50;0,0584
2331,00;0,0584
2330,50;0,0584
2330,00;0,0583
2329,50;0,0580
2329,00;0,0578
2328,50;0,0581
2328,00;0,0583
2327,50;0,0582
2327,00;0,0584
2326,50;0,0591
2326,00;0,0594
2325,50;0,0590
2325,00;0,0590
2324,50;0,0594
2324,00;0,0592
2323,50;0,0587
2323,00;0,0590
2322,50;0,0594
2322,00;0,0589
2321,50;0,0582
2321,00;0,0587
2320,50;0,0591
2320,00;0,0587
2319,50;0,0578
2319,00;0,0589
2318,50;0,0604
2318,00;0,0602
2317,50;0,0601
2317,00;0,0599
2316,50;0,0604
2316,00;0,0606
2315,50;0,0603
2315,00;0,0598
2314,50;0,0597
2314,00;0,0596
2313,50;0,0594
2313,00;0,0593
2312,50;0,0597
2312,00;0,0600
2311,50;0,0600
2311,00;0,0600
2310,50;0,0601
2310,00;0,0601
2309,50;0,0597
2309,00;0,0592
2308,50;0,0589
2308,00;0,0590
2307,50;0,0590
2307,00;0,0588
2306,50;0,0587
2306,00;0,0587
2305,50;0,0585
2305,00;0,0584
2304,50;0,0585
2304,00;0,0587
2303,50;0,0586
2303,00;0,0583
2302,50;0,0581
2302,00;0,0582
2301,50;0,0584
2301,00;0,0585
2300,50;0,0587
2300,00;0,0587
2299,50;0,0587
2299,00;0,0583
2298,50;0,0578
2298,00;0,0579
2297,50;0,0578
2297,00;0,0577
2296,50;0,0577
2296,00;0,0580
2295,50;0,0583
2295,00;0,0584
2294,50;0,0584
2294,00;0,0585
2293,50;0,0585
2293,00;0,0584
2292,50;0,0582
2292,00;0,0581
2291,50;0,0580
2291,00;0,0578
2290,50;0,0576
2290,00;0,0575
2289,50;0,0575
2289,00;0,0576
2288,50;0,0574
2288,00;0,0571
2287,50;0,0569
2287,00;0,0570
2286,50;0,0574
2286,00;0,0580
2285,50;0,0585
2285,00;0,0586
2284,50;0,0584
2284,00;0,0578
2283,50;0,0572
2283,00;0,0568
2282,50;0,0568
2282,00;0,0570
2281,50;0,0573
2281,00;0,0577
2280,50;0,0580
2280,00;0,0584
2279,50;0,0589
2279,00;0,0593
2278,50;0,0593
2278,00;0,0589
2277,50;0,0582
2277,00;0,0574
2276,50;0,0570
2276,00;0,0572
2275,50;0,0578
2275,00;0,0585
2274,50;0,0588
2274,00;0,0586
2273,50;0,0582
2273,00;0,0578
2272,50;0,0575
2272,00;0,0574
2271,50;0,0574
2271,00;0,0576
2270,50;0,0579
2270,00;0,0582
2269,50;0,0585
2269,00;0,0588
2268,50;0,0588
2268,00;0,0585
2267,50;0,0579
2267,00;0,0573
2266,50;0,0570
2266,00;0,0569
2265,50;0,0573
2265,00;0,0579
2264,50;0,0585
2264,00;0,0591
2263,50;0,0593
2263,00;0,0591
2262,50;0,0586
2262,00;0,0579
2261,50;0,0573
2261,00;0,0571
2260,50;0,0574
2260,00;0,0578
2259,50;0,0582
2259,00;0,0584
2258,50;0,0585
2258,00;0,0583
2257,50;0,0581
2257,00;0,0579
2256,50;0,0577
2256,00;0,0576
2255,50;0,0577
2255,00;0,0580
2254,50;0,0584
2254,00;0,0589
2253,50;0,0592
2253,00;0,0593
2252,50;0,0592
2252,00;0,0588
2251,50;0,0582
2251,00;0,0575
2250,50;0,0572
2250,00;0,0573
2249,50;0,0578
2249,00;0,0585
2248,50;0,0591
2248,00;0,0595
2247,50;0,0594
2247,00;0,0589
2246,50;0,0585
2246,00;0,0582
2245,50;0,0582
2245,00;0,0583
2244,50;0,0584
2244,00;0,0587
2243,50;0,0591
2243,00;0,0595
2242,50;0,0596
2242,00;0,0592
2241,50;0,0586
2241,00;0,0581
2240,50;0,0580
2240,00;0,0581
2239,50;0,0585
2239,00;0,0590
2238,50;0,0595
2238,00;0,0600
2237,50;0,0602
2237,00;0,0598
2236,50;0,0592
2236,00;0,0586
2235,50;0,0585
2235,00;0,0586
2234,50;0,0586
2234,00;0,0584
2233,50;0,0580
2233,00;0,0580
2232,50;0,0584
2232,00;0,0590
2231,50;0,0595
2231,00;0,0597
2230,50;0,0595
2230,00;0,0592
2229,50;0,0590
2229,00;0,0588
2228,50;0,0588
2228,00;0,0588
2227,50;0,0588
2227,00;0,0586
2226,50;0,0583
2226,00;0,0582
2225,50;0,0583
2225,00;0,0586
2224,50;0,0588
2224,00;0,0589
2223,50;0,0589
2223,00;0,0588
2222,50;0,0589
2222,00;0,0593
2221,50;0,0600
2221,00;0,0605
2220,50;0,0607
2220,00;0,0604
2219,50;0,0599
2219,00;0,0592
2218,50;0,0586
2218,00;0,0582
2217,50;0,0583
2217,00;0,0588
2216,50;0,0592
2216,00;0,0589
2215,50;0,0581
2215,00;0,0573
2214,50;0,0571
2214,00;0,0576
2213,50;0,0584
2213,00;0,0593
2212,50;0,0600
2212,00;0,0604
2211,50;0,0604
2211,00;0,0600
2210,50;0,0593
2210,00;0,0583
2209,50;0,0575
2209,00;0,0572
2208,50;0,0574
2208,00;0,0579
2207,50;0,0583
2207,00;0,0586
2206,50;0,0588
2206,00;0,0587
2205,50;0,0584
2205,00;0,0576
2204,50;0,0566
2204,00;0,0558
2203,50;0,0556
2203,00;0,0561
2202,50;0,0571
2202,00;0,0581
2201,50;0,0587
2201,00;0,0588
2200,50;0,0587
2200,00;0,0586
2199,50;0,0584
2199,00;0,0580
2198,50;0,0575
2198,00;0,0572
2197,50;0,0573
2197,00;0,0577
2196,50;0,0582
2196,00;0,0589
2195,50;0,0596
2195,00;0,0598
2194,50;0,0594
2194,00;0,0586
2193,50;0,0581
2193,00;0,0580
2192,50;0,0584
2192,00;0,0590
2191,50;0,0595
2191,00;0,0597
2190,50;0,0593
2190,00;0,0583
2189,50;0,0574
2189,00;0,0567
2188,50;0,0564
2188,00;0,0563
2187,50;0,0564
2187,00;0,0566
2186,50;0,0570
2186,00;0,0576
2185,50;0,0581
2185,00;0,0586
2184,50;0,0585
2184,00;0,0579
2183,50;0,0568
2183,00;0,0557
2182,50;0,0552
2182,00;0,0553
2181,50;0,0560
2181,00;0,0568
2180,50;0,0572
2180,00;0,0570
2179,50;0,0559
2179,00;0,0545
2178,50;0,0535
2178,00;0,0535
2177,50;0,0544
2177,00;0,0557
2176,50;0,0571
2176,00;0,0583
2175,50;0,0591
2175,00;0,0594
2174,50;0,0589
2174,00;0,0578
2173,50;0,0564
2173,00;0,0551
2172,50;0,0542
2172,00;0,0541
2171,50;0,0549
2171,00;0,0564
2170,50;0,0578
2170,00;0,0585
2169,50;0,0584
2169,00;0,0576
2168,50;0,0566
2168,00;0,0556
2167,50;0,0551
2167,00;0,0552
2166,50;0,0557
2166,00;0,0564
2165,50;0,0572
2165,00;0,0581
2164,50;0,0588
2164,00;0,0591
2163,50;0,0589
2163,00;0,0582
2162,50;0,0568
2162,00;0,0551
2161,50;0,0535
2161,00;0,0529
2160,50;0,0532
2160,00;0,0536
2159,50;0,0536
2159,00;0,0534
2158,50;0,0535
2158,00;0,0539
2157,50;0,0543
2157,00;0,0545
2156,50;0,0545
2156,00;0,0543
2155,50;0,0542
2155,00;0,0545
2154,50;0,0549
2154,00;0,0552
2153,50;0,0549
2153,00;0,0539
2152,50;0,0526
2152,00;0,0518
2151,50;0,0519
2151,00;0,0529
2150,50;0,0540
2150,00;0,0550
2149,50;0,0557
2149,00;0,0563
2148,50;0,0566
2148,00;0,0562
2147,50;0,0554
2147,00;0,0546
2146,50;0,0543
2146,00;0,0545
2145,50;0,0548
2145,00;0,0550
2144,50;0,0553
2144,00;0,0557
2143,50;0,0560
2143,00;0,0560
2142,50;0,0555
2142,00;0,0548
2141,50;0,0544
2141,00;0,0544
2140,50;0,0547
2140,00;0,0550
2139,50;0,0551
2139,00;0,0551
2138,50;0,0551
2138,00;0,0551
2137,50;0,0550
2137,00;0,0544
2136,50;0,0537
2136,00;0,0529
2135,50;0,0526
2135,00;0,0527
2134,50;0,0529
2134,00;0,0530
2133,50;0,0527
2133,00;0,0525
2132,50;0,0525
2132,00;0,0529
2131,50;0,0533
2131,00;0,0534
2130,50;0,0532
2130,00;0,0529
2129,50;0,0528
2129,00;0,0529
2128,50;0,0531
2128,00;0,0532
2127,50;0,0532
2127,00;0,0532
2126,50;0,0531
2126,00;0,0532
2125,50;0,0533
2125,00;0,0535
2124,50;0,0533
2124,00;0,0530
2123,50;0,0528
2123,00;0,0530
2122,50;0,0530
2122,00;0,0526
2121,50;0,0521
2121,00;0,0518
2120,50;0,0519
2120,00;0,0521
2119,50;0,0524
2119,00;0,0525
2118,50;0,0525
2118,00;0,0526
2117,50;0,0528
2117,00;0,0532
2116,50;0,0535
2116,00;0,0535
2115,50;0,0531
2115,00;0,0527
2114,50;0,0525
2114,00;0,0523
2113,50;0,0521
2113,00;0,0519
2112,50;0,0520
2112,00;0,0521
2111,50;0,0521
2111,00;0,0518
2110,50;0,0515
2110,00;0,0513
2109,50;0,0511
2109,00;0,0508
2108,50;0,0507
2108,00;0,0509
2107,50;0,0514
2107,00;0,0519
2106,50;0,0521
2106,00;0,0521
2105,50;0,0520
2105,00;0,0520
2104,50;0,0521
2104,00;0,0521
2103,50;0,0520
2103,00;0,0519
2102,50;0,0519
2102,00;0,0518
2101,50;0,0514
2101,00;0,0510
2100,50;0,0508
2100,00;0,0510
2099,50;0,0513
2099,00;0,0515
2098,50;0,0516
2098,00;0,0517
2097,50;0,0518
2097,00;0,0517
2096,50;0,0515
2096,00;0,0514
2095,50;0,0512
2095,00;0,0507
2094,50;0,0503
2094,00;0,0501
2093,50;0,0504
2093,00;0,0510
2092,50;0,0516
2092,00;0,0519
2091,50;0,0520
2091,00;0,0520
2090,50;0,0518
2090,00;0,0515
2089,50;0,0512
2089,00;0,0509
2088,50;0,0505
2088,00;0,0501
2087,50;0,0499
2087,00;0,0500
2086,50;0,0504
2086,00;0,0508
2085,50;0,0512
2085,00;0,0513
2084,50;0,0510
2084,00;0,0505
2083,50;0,0499
2083,00;0,0494
2082,50;0,0492
2082,00;0,0493
2081,50;0,0495
2081,00;0,0497
2080,50;0,0499
2080,00;0,0500
2079,50;0,0500
2079,00;0,0500
2078,50;0,0502
2078,00;0,0506
2077,50;0,0511
2077,00;0,0515
2076,50;0,0518
2076,00;0,0519
2075,50;0,0517
2075,00;0,0513
2074,50;0,0510
2074,00;0,0509
2073,50;0,0509
2073,00;0,0511
2072,50;0,0512
2072,00;0,0511
2071,50;0,0508
2071,00;0,0504
2070,50;0,0498
2070,00;0,0494
2069,50;0,0492
2069,00;0,0496
2068,50;0,0503
2068,00;0,0508
2067,50;0,0509
2067,00;0,0507
2066,50;0,0504
2066,00;0,0503
2065,50;0,0501
2065,00;0,0498
2064,50;0,0495
2064,00;0,0494
2063,50;0,0495
2063,00;0,0499
2062,50;0,0503
2062,00;0,0508
2061,50;0,0510
2061,00;0,0509
2060,50;0,0507
2060,00;0,0504
2059,50;0,0503
2059,00;0,0504
2058,50;0,0504
2058,00;0,0503
2057,50;0,0501
2057,00;0,0501
2056,50;0,0502
2056,00;0,0501
2055,50;0,0498
2055,00;0,0493
2054,50;0,0490
2054,00;0,0487
2053,50;0,0484
2053,00;0,0482
2052,50;0,0481
2052,00;0,0482
2051,50;0,0484
2051,00;0,0486
2050,50;0,0487
2050,00;0,0486
2049,50;0,0482
2049,00;0,0478
2048,50;0,0475
2048,00;0,0478
2047,50;0,0485
2047,00;0,0492
2046,50;0,0494
2046,00;0,0489
2045,50;0,0483
2045,00;0,0480
2044,50;0,0483
2044,00;0,0488
2043,50;0,0491
2043,00;0,0488
2042,50;0,0480
2042,00;0,0470
2041,50;0,0463
2041,00;0,0463
2040,50;0,0467
2040,00;0,0472
2039,50;0,0475
2039,00;0,0477
2038,50;0,0480
2038,00;0,0483
2037,50;0,0483
2037,00;0,0480
2036,50;0,0479
2036,00;0,0480
2035,50;0,0482
2035,00;0,0481
2034,50;0,0476
2034,00;0,0473
2033,50;0,0476
2033,00;0,0485
2032,50;0,0494
2032,00;0,0495
2031,50;0,0489
2031,00;0,0482
2030,50;0,0478
2030,00;0,0478
2029,50;0,0478
2029,00;0,0478
2028,50;0,0482
2028,00;0,0489
2027,50;0,0492
2027,00;0,0488
2026,50;0,0476
2026,00;0,0463
2025,50;0,0454
2025,00;0,0452
2024,50;0,0455
2024,00;0,0460
2023,50;0,0464
2023,00;0,0468
2022,50;0,0474
2022,00;0,0480
2021,50;0,0482
2021,00;0,0478
2020,50;0,0475
2020,00;0,0475
2019,50;0,0478
2019,00;0,0479
2018,50;0,0476
2018,00;0,0471
2017,50;0,0465
2017,00;0,0461
2016,50;0,0460
2016,00;0,0464
2015,50;0,0471
2015,00;0,0480
2014,50;0,0489
2014,00;0,0497
2013,50;0,0500
2013,00;0,0496
2012,50;0,0488
2012,00;0,0479
2011,50;0,0473
2011,00;0,0470
2010,50;0,0468
2010,00;0,0467
2009,50;0,0465
2009,00;0,0464
2008,50;0,0470
2008,00;0,0481
2007,50;0,0492
2007,00;0,0497
2006,50;0,0493
2006,00;0,0486
2005,50;0,0481
2005,00;0,0480
2004,50;0,0479
2004,00;0,0478
2003,50;0,0476
2003,00;0,0473
2002,50;0,0471
2002,00;0,0467
2001,50;0,0463
2001,00;0,0459
2000,50;0,0459
2000,00;0,0462
1999,50;0,0466
1999,00;0,0469
1998,50;0,0472
1998,00;0,0479
1997,50;0,0487
1997,00;0,0489
1996,50;0,0484
1996,00;0,0477
1995,50;0,0473
1995,00;0,0476
1994,50;0,0479
1994,00;0,0478
1993,50;0,0471
1993,00;0,0462
1992,50;0,0458
1992,00;0,0460
1991,50;0,0464
1991,00;0,0466
1990,50;0,0464
1990,00;0,0461
1989,50;0,0460
1989,00;0,0463
1988,50;0,0468
1988,00;0,0473
1987,50;0,0478
1987,00;0,0482
1986,50;0,0485
1986,00;0,0487
1985,50;0,0488
1985,00;0,0488
1984,50;0,0485
1984,00;0,0480
1983,50;0,0473
1983,00;0,0468
1982,50;0,0468
1982,00;0,0472
1981,50;0,0480
1981,00;0,0486
1980,50;0,0488
1980,00;0,0486
1979,50;0,0484
1979,00;0,0484
1978,50;0,0482
1978,00;0,0476
1977,50;0,0467
1977,00;0,0462
1976,50;0,0463
1976,00;0,0470
1975,50;0,0477
1975,00;0,0477
1974,50;0,0470
1974,00;0,0464
1973,50;0,0463
1973,00;0,0467
1972,50;0,0470
1972,00;0,0469
1971,50;0,0463
1971,00;0,0457
1970,50;0,0458
1970,00;0,0466
1969,50;0,0478
1969,00;0,0487
1968,50;0,0492
1968,00;0,0495
1967,50;0,0497
1967,00;0,0494
1966,50;0,0485
1966,00;0,0475
1965,50;0,0469
1965,00;0,0468
1964,50;0,0469
1964,00;0,0469
1963,50;0,0469
1963,00;0,0470
1962,50;0,0471
1962,00;0,0470
1961,50;0,0468
1961,00;0,0468
1960,50;0,0469
1960,00;0,0471
1959,50;0,0473
1959,00;0,0476
1958,50;0,0480
1958,00;0,0482
1957,50;0,0483
1957,00;0,0480
1956,50;0,0476
1956,00;0,0471
1955,50;0,0466
1955,00;0,0463
1954,50;0,0465
1954,00;0,0473
1953,50;0,0483
1953,00;0,0492
1952,50;0,0492
1952,00;0,0485
1951,50;0,0476
1951,00;0,0470
1950,50;0,0470
1950,00;0,0472
1949,50;0,0473
1949,00;0,0473
1948,50;0,0472
1948,00;0,0473
1947,50;0,0475
1947,00;0,0475
1946,50;0,0475
1946,00;0,0476
1945,50;0,0478
1945,00;0,0480
1944,50;0,0482
1944,00;0,0481
1943,50;0,0478
1943,00;0,0471
1942,50;0,0463
1942,00;0,0456
1941,50;0,0454
1941,00;0,0457
1940,50;0,0464
1940,00;0,0470
1939,50;0,0475
1939,00;0,0478
1938,50;0,0481
1938,00;0,0481
1937,50;0,0479
1937,00;0,0476
1936,50;0,0474
1936,00;0,0477
1935,50;0,0481
1935,00;0,0485
1934,50;0,0486
1934,00;0,0486
1933,50;0,0486
1933,00;0,0487
1932,50;0,0487
1932,00;0,0484
1931,50;0,0482
1931,00;0,0484
1930,50;0,0488
1930,00;0,0489
1929,50;0,0487
1929,00;0,0483
1928,50;0,0482
1928,00;0,0483
1927,50;0,0486
1927,00;0,0489
1926,50;0,0490
1926,00;0,0488
1925,50;0,0483
1925,00;0,0479
1924,50;0,0479
1924,00;0,0482
1923,50;0,0484
1923,00;0,0484
1922,50;0,0483
1922,00;0,0482
1921,50;0,0482
1921,00;0,0481
1920,50;0,0481
1920,00;0,0483
1919,50;0,0486
1919,00;0,0490
1918,50;0,0494
1918,00;0,0497
1917,50;0,0500
1917,00;0,0500
1916,50;0,0498
1916,00;0,0493
1915,50;0,0489
1915,00;0,0486
1914,50;0,0486
1914,00;0,0487
1913,50;0,0490
1913,00;0,0493
1912,50;0,0495
1912,00;0,0495
1911,50;0,0493
1911,00;0,0491
1910,50;0,0491
1910,00;0,0492
1909,50;0,0493
1909,00;0,0492
1908,50;0,0491
1908,00;0,0490
1907,50;0,0490
1907,00;0,0490
1906,50;0,0490
1906,00;0,0488
1905,50;0,0485
1905,00;0,0483
1904,50;0,0482
1904,00;0,0484
1903,50;0,0488
1903,00;0,0491
1902,50;0,0494
1902,00;0,0497
1901,50;0,0500
1901,00;0,0502
1900,50;0,0502
1900,00;0,0498
1899,50;0,0494
1899,00;0,0492
1898,50;0,0493
1898,00;0,0496
1897,50;0,0499
1897,00;0,0500
1896,50;0,0498
1896,00;0,0497
1895,50;0,0496
1895,00;0,0496
1894,50;0,0496
1894,00;0,0495
1893,50;0,0495
1893,00;0,0495
1892,50;0,0497
1892,00;0,0500
1891,50;0,0502
1891,00;0,0503
1890,50;0,0501
1890,00;0,0497
1889,50;0,0492
1889,00;0,0489
1888,50;0,0488
1888,00;0,0490
1887,50;0,0494
1887,00;0,0499
1886,50;0,0504
1886,00;0,0506
1885,50;0,0505
1885,00;0,0500
1884,50;0,0497
1884,00;0,0495
1883,50;0,0495
1883,00;0,0495
1882,50;0,0493
1882,00;0,0492
1881,50;0,0491
1881,00;0,0492
1880,50;0,0493
1880,00;0,0495
1879,50;0,0496
1879,00;0,0497
1878,50;0,0496
1878,00;0,0497
1877,50;0,0500
1877,00;0,0504
1876,50;0,0508
1876,00;0,0508
1875,50;0,0506
1875,00;0,0503
1874,50;0,0501
1874,00;0,0500
1873,50;0,0501
1873,00;0,0503
1872,50;0,0503
1872,00;0,0503
1871,50;0,0501
1871,00;0,0500
1870,50;0,0500
1870,00;0,0502
1869,50;0,0504
1869,00;0,0505
1868,50;0,0506
1868,00;0,0505
1867,50;0,0504
1867,00;0,0502
1866,50;0,0501
1866,00;0,0501
1865,50;0,0502
1865,00;0,0503
1864,50;0,0504
1864,00;0,0505
1863,50;0,0506
1863,00;0,0509
1862,50;0,0510
1862,00;0,0508
1861,50;0,0505
1861,00;0,0503
1860,50;0,0502
1860,00;0,0503
1859,50;0,0505
1859,00;0,0507
1858,50;0,0508
1858,00;0,0507
1857,50;0,0507
1857,00;0,0507
1856,50;0,0507
1856,00;0,0508
1855,50;0,0508
1855,00;0,0509
1854,50;0,0511
1854,00;0,0512
1853,50;0,0512
1853,00;0,0511
1852,50;0,0509
1852,00;0,0509
1851,50;0,0508
1851,00;0,0507
1850,50;0,0507
1850,00;0,0507
1849,50;0,0509
1849,00;0,0509
1848,50;0,0508
1848,00;0,0507
1847,50;0,0507
1847,00;0,0508
1846,50;0,0510
1846,00;0,0511
1845,50;0,0509
1845,00;0,0505
1844,50;0,0503
1844,00;0,0504
1843,50;0,0506
1843,00;0,0509
1842,50;0,0509
1842,00;0,0509
1841,50;0,0511
1841,00;0,0515
1840,50;0,0517
1840,00;0,0517
1839,50;0,0515
1839,00;0,0513
1838,50;0,0513
1838,00;0,0514
1837,50;0,0516
1837,00;0,0519
1836,50;0,0520
1836,00;0,0520
1835,50;0,0520
1835,00;0,0520
1834,50;0,0521
1834,00;0,0520
1833,50;0,0519
1833,00;0,0517
1832,50;0,0515
1832,00;0,0514
1831,50;0,0514
1831,00;0,0514
1830,50;0,0516
1830,00;0,0519
1829,50;0,0521
1829,00;0,0523
1828,50;0,0524
1828,00;0,0524
1827,50;0,0522
1827,00;0,0521
1826,50;0,0521
1826,00;0,0522
1825,50;0,0523
1825,00;0,0524
1824,50;0,0525
1824,00;0,0525
1823,50;0,0524
1823,00;0,0523
1822,50;0,0524
1822,00;0,0527
1821,50;0,0531
1821,00;0,0534
1820,50;0,0535
1820,00;0,0534
1819,50;0,0532
1819,00;0,0531
1818,50;0,0530
1818,00;0,0531
1817,50;0,0530
1817,00;0,0528
1816,50;0,0527
1816,00;0,0526
1815,50;0,0526
1815,00;0,0527
1814,50;0,0529
1814,00;0,0531
1813,50;0,0532
1813,00;0,0533
1812,50;0,0534
1812,00;0,0533
1811,50;0,0532
1811,00;0,0531
1810,50;0,0530
1810,00;0,0531
1809,50;0,0533
1809,00;0,0536
1808,50;0,0537
1808,00;0,0538
1807,50;0,0537
1807,00;0,0535
1806,50;0,0534
1806,00;0,0535
1805,50;0,0537
1805,00;0,0538
1804,50;0,0539
1804,00;0,0538
1803,50;0,0538
1803,00;0,0538
1802,50;0,0538
1802,00;0,0538
1801,50;0,0538
1801,00;0,0538
1800,50;0,0539
1800,00;0,0539
1799,50;0,0540
1799,00;0,0541
1798,50;0,0542
1798,00;0,0543
1797,50;0,0543
1797,00;0,0543
1796,50;0,0544
1796,00;0,0544
1795,50;0,0544
1795,00;0,0544
1794,50;0,0544
1794,00;0,0544
1793,50;0,0543
1793,00;0,0544
1792,50;0,0546
1792,00;0,0548
1791,50;0,0550
1791,00;0,0551
1790,50;0,0550
1790,00;0,0549
1789,50;0,0549
1789,00;0,0549
1788,50;0,0551
1788,00;0,0554
1787,50;0,0556
1787,00;0,0557
1786,50;0,0556
1786,00;0,0555
1785,50;0,0554
1785,00;0,0554
1784,50;0,0555
1784,00;0,0556
1783,50;0,0556
1783,00;0,0556
1782,50;0,0556
1782,00;0,0558
1781,50;0,0560
1781,00;0,0562
1780,50;0,0563
1780,00;0,0562
1779,50;0,0560
1779,00;0,0559
1778,50;0,0559
1778,00;0,0560
1777,50;0,0559
1777,00;0,0559
1776,50;0,0559
1776,00;0,0562
1775,50;0,0566
1775,00;0,0569
1774,50;0,0571
1774,00;0,0571
1773,50;0,0571
1773,00;0,0571
1772,50;0,0571
1772,00;0,0571
1771,50;0,0572
1771,00;0,0573
1770,50;0,0574
1770,00;0,0575
1769,50;0,0575
1769,00;0,0574
1768,50;0,0573
1768,00;0,0573
1767,50;0,0574
1767,00;0,0576
1766,50;0,0578
1766,00;0,0579
1765,50;0,0580
1765,00;0,0582
1764,50;0,0583
1764,00;0,0584
1763,50;0,0584
1763,00;0,0584
1762,50;0,0584
1762,00;0,0585
1761,50;0,0586
1761,00;0,0588
1760,50;0,0590
1760,00;0,0590
1759,50;0,0590
1759,00;0,0590
1758,50;0,0590
1758,00;0,0591
1757,50;0,0592
1757,00;0,0593
1756,50;0,0594
1756,00;0,0595
1755,50;0,0596
1755,00;0,0598
1754,50;0,0598
1754,00;0,0597
1753,50;0,0597
1753,00;0,0597
1752,50;0,0597
1752,00;0,0598
1751,50;0,0598
1751,00;0,0600
1750,50;0,0603
1750,00;0,0604
1749,50;0,0605
1749,00;0,0604
1748,50;0,0603
1748,00;0,0603
1747,50;0,0604
1747,00;0,0604
1746,50;0,0605
1746,00;0,0606
1745,50;0,0607
1745,00;0,0608
1744,50;0,0609
1744,00;0,0610
1743,50;0,0611
1743,00;0,0613
1742,50;0,0615
1742,00;0,0616
1741,50;0,0616
1741,00;0,0616
1740,50;0,0617
1740,00;0,0620
1739,50;0,0623
1739,00;0,0625
1738,50;0,0626
1738,00;0,0625
1737,50;0,0625
1737,00;0,0626
1736,50;0,0627
1736,00;0,0628
1735,50;0,0627
1735,00;0,0624
1734,50;0,0622
1734,00;0,0623
1733,50;0,0625
1733,00;0,0626
1732,50;0,0627
1732,00;0,0629
1731,50;0,0631
1731,00;0,0632
1730,50;0,0633
1730,00;0,0633
1729,50;0,0634
1729,00;0,0635
1728,50;0,0637
1728,00;0,0638
1727,50;0,0641
1727,00;0,0644
1726,50;0,0647
1726,00;0,0649
1725,50;0,0650
1725,00;0,0651
1724,50;0,0653
1724,00;0,0655
1723,50;0,0658
1723,00;0,0661
1722,50;0,0663
1722,00;0,0664
1721,50;0,0666
1721,00;0,0667
1720,50;0,0669
1720,00;0,0671
1719,50;0,0671
1719,00;0,0670
1718,50;0,0669
1718,00;0,0670
1717,50;0,0673
1717,00;0,0676
1716,50;0,0677
1716,00;0,0679
1715,50;0,0680
1715,00;0,0682
1714,50;0,0684
1714,00;0,0688
1713,50;0,0691
1713,00;0,0693
1712,50;0,0695
1712,00;0,0696
1711,50;0,0697
1711,00;0,0698
1710,50;0,0698
1710,00;0,0700
1709,50;0,0702
1709,00;0,0705
1708,50;0,0707
1708,00;0,0709
1707,50;0,0711
1707,00;0,0711
1706,50;0,0712
1706,00;0,0714
1705,50;0,0717
1705,00;0,0719
1704,50;0,0721
1704,00;0,0722
1703,50;0,0724
1703,00;0,0726
1702,50;0,0728
1702,00;0,0730
1701,50;0,0731
1701,00;0,0730
1700,50;0,0729
1700,00;0,0731
1699,50;0,0735
1699,00;0,0737
1698,50;0,0738
1698,00;0,0740
1697,50;0,0741
1697,00;0,0742
1696,50;0,0742
1696,00;0,0742
1695,50;0,0743
1695,00;0,0745
1694,50;0,0748
1694,00;0,0751
1693,50;0,0753
1693,00;0,0754
1692,50;0,0755
1692,00;0,0755
1691,50;0,0756
1691,00;0,0758
1690,50;0,0760
1690,00;0,0762
1689,50;0,0763
1689,00;0,0764
1688,50;0,0764
1688,00;0,0763
1687,50;0,0763
1687,00;0,0764
1686,50;0,0766
1686,00;0,0765
1685,50;0,0764
1685,00;0,0764
1684,50;0,0767
1684,00;0,0770
1683,50;0,0773
1683,00;0,0777
1682,50;0,0781
1682,00;0,0784
1681,50;0,0785
1681,00;0,0785
1680,50;0,0784
1680,00;0,0783
1679,50;0,0783
1679,00;0,0783
1678,50;0,0786
1678,00;0,0788
1677,50;0,0791
1677,00;0,0794
1676,50;0,0794
1676,00;0,0792
1675,50;0,0791
1675,00;0,0792
1674,50;0,0795
1674,00;0,0798
1673,50;0,0800
1673,00;0,0800
1672,50;0,0801
1672,00;0,0800
1671,50;0,0800
1671,00;0,0800
1670,50;0,0801
1670,00;0,0801
1669,50;0,0801
1669,00;0,0802
1668,50;0,0805
1668,00;0,0807
1667,50;0,0809
1667,00;0,0810
1666,50;0,0813
1666,00;0,0815
1665,50;0,0817
1665,00;0,0817
1664,50;0,0816
1664,00;0,0816
1663,50;0,0816
1663,00;0,0817
1662,50;0,0818
1662,00;0,0821
1661,50;0,0823
1661,00;0,0824
1660,50;0,0825
1660,00;0,0826
1659,50;0,0827
1659,00;0,0827
1658,50;0,0827
1658,00;0,0827
1657,50;0,0828
1657,00;0,0829
1656,50;0,0830
1656,00;0,0832
1655,50;0,0833
1655,00;0,0832
1654,50;0,0830
1654,00;0,0831
1653,50;0,0835
1653,00;0,0838
1652,50;0,0838
1652,00;0,0838
1651,50;0,0838
1651,00;0,0838
1650,50;0,0838
1650,00;0,0838
1649,50;0,0838
1649,00;0,0838
1648,50;0,0838
1648,00;0,0838
1647,50;0,0839
1647,00;0,0840
1646,50;0,0840
1646,00;0,0840
1645,50;0,0841
1645,00;0,0841
1644,50;0,0840
1644,00;0,0838
1643,50;0,0838
1643,00;0,0838
1642,50;0,0839
1642,00;0,0838
1641,50;0,0837
1641,00;0,0835
1640,50;0,0834
1640,00;0,0834
1639,50;0,0834
1639,00;0,0834
1638,50;0,0834
1638,00;0,0834
1637,50;0,0835
1637,00;0,0837
1636,50;0,0840
1636,00;0,0844
1635,50;0,0848
1635,00;0,0852
1634,50;0,0855
1634,00;0,0856
1633,50;0,0855
1633,00;0,0853
1632,50;0,0851
1632,00;0,0849
1631,50;0,0847
1631,00;0,0844
1630,50;0,0842
1630,00;0,0839
1629,50;0,0838
1629,00;0,0837
1628,50;0,0837
1628,00;0,0837
1627,50;0,0836
1627,00;0,0834
1626,50;0,0832
1626,00;0,0831
1625,50;0,0831
1625,00;0,0831
1624,50;0,0832
1624,00;0,0833
1623,50;0,0833
1623,00;0,0833
1622,50;0,0832
1622,00;0,0830
1621,50;0,0829
1621,00;0,0828
1620,50;0,0828
1620,00;0,0828
1619,50;0,0828
1619,00;0,0827
1618,50;0,0827
1618,00;0,0828
1617,50;0,0830
1617,00;0,0833
1616,50;0,0836
1616,00;0,0837
1615,50;0,0834
1615,00;0,0831
1614,50;0,0829
1614,00;0,0829
1613,50;0,0828
1613,00;0,0828
1612,50;0,0828
1612,00;0,0828
1611,50;0,0828
1611,00;0,0827
1610,50;0,0826
1610,00;0,0826
1609,50;0,0827
1609,00;0,0827
1608,50;0,0826
1608,00;0,0826
1607,50;0,0825
1607,00;0,0825
1606,50;0,0826
1606,00;0,0826
1605,50;0,0827
1605,00;0,0825
1604,50;0,0824
1604,00;0,0823
1603,50;0,0823
1603,00;0,0823
1602,50;0,0823
1602,00;0,0822
1601,50;0,0822
1601,00;0,0822
1600,50;0,0822
1600,00;0,0822
1599,50;0,0823
1599,00;0,0823
1598,50;0,0822
1598,00;0,0822
1597,50;0,0820
1597,00;0,0819
1596,50;0,0817
1596,00;0,0816
1595,50;0,0816
1595,00;0,0816
1594,50;0,0817
1594,00;0,0817
1593,50;0,0818
1593,00;0,0817
1592,50;0,0816
1592,00;0,0816
1591,50;0,0817
1591,00;0,0817
1590,50;0,0818
1590,00;0,0819
1589,50;0,0820
1589,00;0,0819
1588,50;0,0818
1588,00;0,0818
1587,50;0,0818
1587,00;0,0817
1586,50;0,0814
1586,00;0,0813
1585,50;0,0814
1585,00;0,0814
1584,50;0,0815
1584,00;0,0815
1583,50;0,0815
1583,00;0,0815
1582,50;0,0814
1582,00;0,0812
1581,50;0,0811
1581,00;0,0812
1580,50;0,0813
1580,00;0,0815
1579,50;0,0816
1579,00;0,0814
1578,50;0,0812
1578,00;0,0811
1577,50;0,0813
1577,00;0,0816
1576,50;0,0819
1576,00;0,0820
1575,50;0,0818
1575,00;0,0815
1574,50;0,0813
1574,00;0,0813
1573,50;0,0812
1573,00;0,0813
1572,50;0,0813
1572,00;0,0814
1571,50;0,0814
1571,00;0,0814
1570,50;0,0814
1570,00;0,0814
1569,50;0,0814
1569,00;0,0813
1568,50;0,0810
1568,00;0,0809
1567,50;0,0808
1567,00;0,0810
1566,50;0,0811
1566,00;0,0812
1565,50;0,0812
1565,00;0,0812
1564,50;0,0812
1564,00;0,0812
1563,50;0,0811
1563,00;0,0810
1562,50;0,0810
1562,00;0,0811
1561,50;0,0811
1561,00;0,0809
1560,50;0,0806
1560,00;0,0803
1559,50;0,0805
1559,00;0,0809
1558,50;0,0812
1558,00;0,0812
1557,50;0,0812
1557,00;0,0815
1556,50;0,0817
1556,00;0,0818
1555,50;0,0817
1555,00;0,0816
1554,50;0,0814
1554,00;0,0811
1553,50;0,0809
1553,00;0,0808
1552,50;0,0809
1552,00;0,0809
1551,50;0,0808
1551,00;0,0807
1550,50;0,0804
1550,00;0,0800
1549,50;0,0798
1549,00;0,0799
1548,50;0,0800
1548,00;0,0801
1547,50;0,0801
1547,00;0,0802
1546,50;0,0802
1546,00;0,0801
1545,50;0,0799
1545,00;0,0800
1544,50;0,0802
1544,00;0,0803
1543,50;0,0803
1543,00;0,0804
1542,50;0,0805
1542,00;0,0807
1541,50;0,0809
1541,00;0,0811
1540,50;0,0811
1540,00;0,0811
1539,50;0,0811
1539,00;0,0811
1538,50;0,0810
1538,00;0,0808
1537,50;0,0807
1537,00;0,0808
1536,50;0,0807
1536,00;0,0805
1535,50;0,0803
1535,00;0,0801
1534,50;0,0801
1534,00;0,0801
1533,50;0,0803
1533,00;0,0805
1532,50;0,0805
1532,00;0,0803
1531,50;0,0802
1531,00;0,0802
1530,50;0,0804
1530,00;0,0805
1529,50;0,0805
1529,00;0,0804
1528,50;0,0803
1528,00;0,0801
1527,50;0,0799
1527,00;0,0800
1526,50;0,0801
1526,00;0,0802
1525,50;0,0804
1525,00;0,0806
1524,50;0,0807
1524,00;0,0808
1523,50;0,0807
1523,00;0,0805
1522,50;0,0804
1522,00;0,0802
1521,50;0,0801
1521,00;0,0801
1520,50;0,0800
1520,00;0,0800
1519,50;0,0801
1519,00;0,0801
1518,50;0,0801
1518,00;0,0800
1517,50;0,0800
1517,00;0,0801
1516,50;0,0801
1516,00;0,0801
1515,50;0,0800
1515,00;0,0800
1514,50;0,0802
1514,00;0,0804
1513,50;0,0806
1513,00;0,0805
1512,50;0,0803
1512,00;0,0801
1511,50;0,0799
1511,00;0,0797
1510,50;0,0795
1510,00;0,0795
1509,50;0,0796
1509,00;0,0796
1508,50;0,0797
1508,00;0,0797
1507,50;0,0798
1507,00;0,0800
1506,50;0,0803
1506,00;0,0805
1505,50;0,0804
1505,00;0,0803
1504,50;0,0802
1504,00;0,0802
1503,50;0,0804
1503,00;0,0806
1502,50;0,0806
1502,00;0,0804
1501,50;0,0802
1501,00;0,0801
1500,50;0,0801
1500,00;0,0803
1499,50;0,0805
1499,00;0,0806
1498,50;0,0807
1498,00;0,0808
1497,50;0,0809
1497,00;0,0808
1496,50;0,0806
1496,00;0,0805
1495,50;0,0807
1495,00;0,0809
1494,50;0,0809
1494,00;0,0808
1493,50;0,0806
1493,00;0,0804
1492,50;0,0803
1492,00;0,0802
1491,50;0,0800
1491,00;0,0797
1490,50;0,0795
1490,00;0,0795
1489,50;0,0797
1489,00;0,0800
1488,50;0,0802
1488,00;0,0803
1487,50;0,0802
1487,00;0,0802
1486,50;0,0802
1486,00;0,0801
1485,50;0,0799
1485,00;0,0797
1484,50;0,0796
1484,00;0,0795
1483,50;0,0796
1483,00;0,0796
1482,50;0,0796
1482,00;0,0795
1481,50;0,0794
1481,00;0,0792
1480,50;0,0792
1480,00;0,0792
1479,50;0,0792
1479,00;0,0792
1478,50;0,0791
1478,00;0,0790
1477,50;0,0788
1477,00;0,0786
1476,50;0,0785
1476,00;0,0785
1475,50;0,0788
1475,00;0,0790
1474,50;0,0792
1474,00;0,0793
1473,50;0,0792
1473,00;0,0791
1472,50;0,0791
1472,00;0,0790
1471,50;0,0789
1471,00;0,0789
1470,50;0,0789
1470,00;0,0789
1469,50;0,0788
1469,00;0,0787
1468,50;0,0786
1468,00;0,0786
1467,50;0,0785
1467,00;0,0783
1466,50;0,0783
1466,00;0,0782
1465,50;0,0782
1465,00;0,0782
1464,50;0,0783
1464,00;0,0783
1463,50;0,0783
1463,00;0,0783
1462,50;0,0784
1462,00;0,0785
1461,50;0,0785
1461,00;0,0785
1460,50;0,0784
1460,00;0,0781
1459,50;0,0778
1459,00;0,0775
1458,50;0,0773
1458,00;0,0774
1457,50;0,0774
1457,00;0,0774
1456,50;0,0773
1456,00;0,0773
1455,50;0,0774
1455,00;0,0775
1454,50;0,0776
1454,00;0,0778
1453,50;0,0779
1453,00;0,0779
1452,50;0,0778
1452,00;0,0778
1451,50;0,0778
1451,00;0,0779
1450,50;0,0780
1450,00;0,0780
1449,50;0,0779
1449,00;0,0776
1448,50;0,0773
1448,00;0,0771
1447,50;0,0770
1447,00;0,0770
1446,50;0,0770
1446,00;0,0770
1445,50;0,0770
1445,00;0,0770
1444,50;0,0769
1444,00;0,0769
1443,50;0,0769
1443,00;0,0769
1442,50;0,0768
1442,00;0,0768
1441,50;0,0768
1441,00;0,0768
1440,50;0,0768
1440,00;0,0767
1439,50;0,0766
1439,00;0,0764
1438,50;0,0763
1438,00;0,0761
1437,50;0,0759
1437,00;0,0757
1436,50;0,0757
1436,00;0,0760
1435,50;0,0764
1435,00;0,0766
1434,50;0,0766
1434,00;0,0764
1433,50;0,0762
1433,00;0,0761
1432,50;0,0760
1432,00;0,0760
1431,50;0,0759
1431,00;0,0759
1430,50;0,0759
1430,00;0,0759
1429,50;0,0760
1429,00;0,0761
1428,50;0,0760
1428,00;0,0757
1427,50;0,0756
1427,00;0,0756
1426,50;0,0756
1426,00;0,0756
1425,50;0,0758
1425,00;0,0759
1424,50;0,0759
1424,00;0,0757
1423,50;0,0755
1423,00;0,0754
1422,50;0,0752
1422,00;0,0751
1421,50;0,0750
1421,00;0,0751
1420,50;0,0751
1420,00;0,0752
1419,50;0,0751
1419,00;0,0751
1418,50;0,0751
1418,00;0,0750
1417,50;0,0748
1417,00;0,0747
1416,50;0,0746
1416,00;0,0745
1415,50;0,0745
1415,00;0,0746
1414,50;0,0747
1414,00;0,0747
1413,50;0,0747
1413,00;0,0745
1412,50;0,0744
1412,00;0,0742
1411,50;0,0742
1411,00;0,0741
1410,50;0,0740
1410,00;0,0741
1409,50;0,0741
1409,00;0,0742
1408,50;0,0743
1408,00;0,0744
1407,50;0,0745
1407,00;0,0745
1406,50;0,0745
1406,00;0,0744
1405,50;0,0742
1405,00;0,0741
1404,50;0,0741
1404,00;0,0742
1403,50;0,0742
1403,00;0,0741
1402,50;0,0738
1402,00;0,0735
1401,50;0,0733
1401,00;0,0731
1400,50;0,0731
1400,00;0,0732
1399,50;0,0732
1399,00;0,0731
1398,50;0,0729
1398,00;0,0726
1397,50;0,0724
1397,00;0,0724
1396,50;0,0725
1396,00;0,0725
1395,50;0,0724
1395,00;0,0723
1394,50;0,0723
1394,00;0,0723
1393,50;0,0722
1393,00;0,0721
1392,50;0,0719
1392,00;0,0719
1391,50;0,0720
1391,00;0,0722
1390,50;0,0724
1390,00;0,0726
1389,50;0,0726
1389,00;0,0725
1388,50;0,0724
1388,00;0,0723
1387,50;0,0723
1387,00;0,0723
1386,50;0,0723
1386,00;0,0724
1385,50;0,0725
1385,00;0,0726
1384,50;0,0728
1384,00;0,0727
1383,50;0,0724
1383,00;0,0721
1382,50;0,0720
1382,00;0,0719
1381,50;0,0719
1381,00;0,0720
1380,50;0,0720
1380,00;0,0721
1379,50;0,0720
1379,00;0,0719
1378,50;0,0718
1378,00;0,0716
1377,50;0,0714
1377,00;0,0712
1376,50;0,0710
1376,00;0,0710
1375,50;0,0710
1375,00;0,0709
1374,50;0,0709
1374,00;0,0708
1373,50;0,0709
1373,00;0,0709
1372,50;0,0711
1372,00;0,0712
1371,50;0,0712
1371,00;0,0712
1370,50;0,0712
1370,00;0,0710
1369,50;0,0709
1369,00;0,0708
1368,50;0,0709
1368,00;0,0710
1367,50;0,0710
1367,00;0,0709
1366,50;0,0708
1366,00;0,0707
1365,50;0,0706
1365,00;0,0706
1364,50;0,0704
1364,00;0,0703
1363,50;0,0701
1363,00;0,0699
1362,50;0,0700
1362,00;0,0701
1361,50;0,0702
1361,00;0,0702
1360,50;0,0702
1360,00;0,0702
1359,50;0,0702
1359,00;0,0702
1358,50;0,0702
1358,00;0,0703
1357,50;0,0703
1357,00;0,0703
1356,50;0,0701
1356,00;0,0700
1355,50;0,0699
1355,00;0,0700
1354,50;0,0702
1354,00;0,0704
1353,50;0,0705
1353,00;0,0704
1352,50;0,0703
1352,00;0,0702
1351,50;0,0701
1351,00;0,0701
1350,50;0,0702
1350,00;0,0703
1349,50;0,0703
1349,00;0,0702
1348,50;0,0700
1348,00;0,0697
1347,50;0,0695
1347,00;0,0696
1346,50;0,0699
1346,00;0,0702
1345,50;0,0704
1345,00;0,0702
1344,50;0,0699
1344,00;0,0697
1343,50;0,0695
1343,00;0,0694
1342,50;0,0694
1342,00;0,0694
1341,50;0,0694
1341,00;0,0692
1340,50;0,0689
1340,00;0,0687
1339,50;0,0686
1339,00;0,0687
1338,50;0,0689
1338,00;0,0690
1337,50;0,0689
1337,00;0,0688
1336,50;0,0687
1336,00;0,0689
1335,50;0,0691
1335,00;0,0693
1334,50;0,0693
1334,00;0,0692
1333,50;0,0690
1333,00;0,0690
1332,50;0,0689
1332,00;0,0689
1331,50;0,0689
1331,00;0,0689
1330,50;0,0688
1330,00;0,0688
1329,50;0,0688
1329,00;0,0690
1328,50;0,0691
1328,00;0,0692
1327,50;0,0692
1327,00;0,0692
1326,50;0,0691
1326,00;0,0689
1325,50;0,0688
1325,00;0,0687
1324,50;0,0685
1324,00;0,0683
1323,50;0,0683
1323,00;0,0683
1322,50;0,0683
1322,00;0,0684
1321,50;0,0684
1321,00;0,0684
1320,50;0,0682
1320,00;0,0681
1319,50;0,0680
1319,00;0,0681
1318,50;0,0682
1318,00;0,0682
1317,50;0,0682
1317,00;0,0682
1316,50;0,0681
1316,00;0,0681
1315,50;0,0681
1315,00;0,0681
1314,50;0,0681
1314,00;0,0681
1313,50;0,0681
1313,00;0,0680
1312,50;0,0679
1312,00;0,0678
1311,50;0,0677
1311,00;0,0676
1310,50;0,0675
1310,00;0,0675
1309,50;0,0675
1309,00;0,0676
1308,50;0,0676
1308,00;0,0676
1307,50;0,0676
1307,00;0,0676
1306,50;0,0677
1306,00;0,0677
1305,50;0,0678
1305,00;0,0678
1304,50;0,0677
1304,00;0,0676
1303,50;0,0675
1303,00;0,0675
1302,50;0,0673
1302,00;0,0671
1301,50;0,0670
1301,00;0,0670
1300,50;0,0671
1300,00;0,0672
1299,50;0,0673
1299,00;0,0674
1298,50;0,0675
1298,00;0,0675
1297,50;0,0674
1297,00;0,0672
1296,50;0,0670
1296,00;0,0669
1295,50;0,0669
1295,00;0,0669
1294,50;0,0668
1294,00;0,0667
1293,50;0,0666
1293,00;0,0667
1292,50;0,0666
1292,00;0,0666
1291,50;0,0666
1291,00;0,0665
1290,50;0,0666
1290,00;0,0666
1289,50;0,0666
1289,00;0,0667
1288,50;0,0667
1288,00;0,0666
1287,50;0,0665
1287,00;0,0665
1286,50;0,0665
1286,00;0,0665
1285,50;0,0666
1285,00;0,0665
1284,50;0,0664
1284,00;0,0664
1283,50;0,0664
1283,00;0,0664
1282,50;0,0664
1282,00;0,0663
1281,50;0,0661
1281,00;0,0660
1280,50;0,0660
1280,00;0,0661
1279,50;0,0662
1279,00;0,0662
1278,50;0,0661
1278,00;0,0660
1277,50;0,0659
1277,00;0,0659
1276,50;0,0658
1276,00;0,0657
1275,50;0,0654
1275,00;0,0652
1274,50;0,0651
1274,00;0,0651
1273,50;0,0653
1273,00;0,0654
1272,50;0,0655
1272,00;0,0654
1271,50;0,0653
1271,00;0,0650
1270,50;0,0648
1270,00;0,0648
1269,50;0,0649
1269,00;0,0651
1268,50;0,0652
1268,00;0,0651
1267,50;0,0650
1267,00;0,0650
1266,50;0,0651
1266,00;0,0652
1265,50;0,0653
1265,00;0,0653
1264,50;0,0652
1264,00;0,0652
1263,50;0,0652
1263,00;0,0651
1262,50;0,0651
1262,00;0,0652
1261,50;0,0653
1261,00;0,0654
1260,50;0,0653
1260,00;0,0651
1259,50;0,0650
1259,00;0,0650
1258,50;0,0649
1258,00;0,0649
1257,50;0,0648
1257,00;0,0648
1256,50;0,0647
1256,00;0,0647
1255,50;0,0647
1255,00;0,0647
1254,50;0,0645
1254,00;0,0644
1253,50;0,0643
1253,00;0,0644
1252,50;0,0645
1252,00;0,0647
1251,50;0,0647
1251,00;0,0647
1250,50;0,0647
1250,00;0,0646
1249,50;0,0645
1249,00;0,0644
1248,50;0,0642
1248,00;0,0640
1247,50;0,0639
1247,00;0,0639
1246,50;0,0640
1246,00;0,0640
1245,50;0,0640
1245,00;0,0638
1244,50;0,0637
1244,00;0,0638
1243,50;0,0639
1243,00;0,0640
1242,50;0,0642
1242,00;0,0644
1241,50;0,0645
1241,00;0,0644
1240,50;0,0643
1240,00;0,0641
1239,50;0,0639
1239,00;0,0638
1238,50;0,0638
1238,00;0,0638
1237,50;0,0638
1237,00;0,0639
1236,50;0,0640
1236,00;0,0641
1235,50;0,0642
1235,00;0,0642
1234,50;0,0641
1234,00;0,0640
1233,50;0,0639
1233,00;0,0639
1232,50;0,0639
1232,00;0,0641
1231,50;0,0642
1231,00;0,0643
1230,50;0,0642
1230,00;0,0642
1229,50;0,0641
1229,00;0,0639
1228,50;0,0638
1228,00;0,0637
1227,50;0,0637
1227,00;0,0638
1226,50;0,0638
1226,00;0,0638
1225,50;0,0638
1225,00;0,0638
1224,50;0,0639
1224,00;0,0641
1223,50;0,0643
1223,00;0,0643
1222,50;0,0643
1222,00;0,0642
1221,50;0,0642
1221,00;0,0642
1220,50;0,0643
1220,00;0,0643
1219,50;0,0644
1219,00;0,0643
1218,50;0,0643
1218,00;0,0642
1217,50;0,0642
1217,00;0,0642
1216,50;0,0642
1216,00;0,0641
1215,50;0,0638
1215,00;0,0636
1214,50;0,0634
1214,00;0,0633
1213,50;0,0634
1213,00;0,0637
1212,50;0,0639
1212,00;0,0640
1211,50;0,0639
1211,00;0,0638
1210,50;0,0637
1210,00;0,0636
1209,50;0,0635
1209,00;0,0634
1208,50;0,0633
1208,00;0,0631
1207,50;0,0630
1207,00;0,0629
1206,50;0,0629
1206,00;0,0630
1205,50;0,0631
1205,00;0,0632
1204,50;0,0632
1204,00;0,0632
1203,50;0,0632
1203,00;0,0632
1202,50;0,0633
1202,00;0,0633
1201,50;0,0633
1201,00;0,0632
1200,50;0,0632
1200,00;0,0630
1199,50;0,0629
1199,00;0,0628
1198,50;0,0628
1198,00;0,0629
1197,50;0,0630
1197,00;0,0630
1196,50;0,0629
1196,00;0,0628
1195,50;0,0627
1195,00;0,0628
1194,50;0,0628
1194,00;0,0628
1193,50;0,0627
1193,00;0,0626
1192,50;0,0625
1192,00;0,0625
1191,50;0,0625
1191,00;0,0626
1190,50;0,0627
1190,00;0,0627
1189,50;0,0628
1189,00;0,0629
1188,50;0,0630
1188,00;0,0630
1187,50;0,0629
1187,00;0,0628
1186,50;0,0628
1186,00;0,0628
1185,50;0,0628
1185,00;0,0628
1184,50;0,0627
1184,00;0,0625
1183,50;0,0624
1183,00;0,0624
1182,50;0,0624
1182,00;0,0623
1181,50;0,0622
1181,00;0,0622
1180,50;0,0624
1180,00;0,0626
1179,50;0,0629
1179,00;0,0629
1178,50;0,0628
1178,00;0,0627
1177,50;0,0627
1177,00;0,0627
1176,50;0,0627
1176,00;0,0627
1175,50;0,0627
1175,00;0,0628
1174,50;0,0628
1174,00;0,0627
1173,50;0,0626
1173,00;0,0625
1172,50;0,0624
1172,00;0,0624
1171,50;0,0624
1171,00;0,0625
1170,50;0,0625
1170,00;0,0625
1169,50;0,0626
1169,00;0,0627
1168,50;0,0628
1168,00;0,0629
1167,50;0,0628
1167,00;0,0626
1166,50;0,0624
1166,00;0,0622
1165,50;0,0619
1165,00;0,0618
1164,50;0,0619
1164,00;0,0620
1163,50;0,0622
1163,00;0,0623
1162,50;0,0623
1162,00;0,0622
1161,50;0,0623
1161,00;0,0623
1160,50;0,0621
1160,00;0,0619
1159,50;0,0616
1159,00;0,0616
1158,50;0,0617
1158,00;0,0618
1157,50;0,0618
1157,00;0,0616
1156,50;0,0615
1156,00;0,0615
1155,50;0,0615
1155,00;0,0616
1154,50;0,0616
1154,00;0,0615
1153,50;0,0615
1153,00;0,0615
1152,50;0,0616
1152,00;0,0618
1151,50;0,0618
1151,00;0,0615
1150,50;0,0610
1150,00;0,0607
1149,50;0,0605
1149,00;0,0605
1148,50;0,0607
1148,00;0,0608
1147,50;0,0609
1147,00;0,0609
1146,50;0,0608
1146,00;0,0608
1145,50;0,0607
1145,00;0,0607
1144,50;0,0608
1144,00;0,0609
1143,50;0,0610
1143,00;0,0611
1142,50;0,0612
1142,00;0,0612
1141,50;0,0613
1141,00;0,0612
1140,50;0,0611
1140,00;0,0610
1139,50;0,0610
1139,00;0,0611
1138,50;0,0611
1138,00;0,0611
1137,50;0,0610
1137,00;0,0610
1136,50;0,0610
1136,00;0,0609
1135,50;0,0608
1135,00;0,0607
1134,50;0,0607
1134,00;0,0608
1133,50;0,0610
1133,00;0,0612
1132,50;0,0613
1132,00;0,0612
1131,50;0,0611
1131,00;0,0610
1130,50;0,0608
1130,00;0,0607
1129,50;0,0607
1129,00;0,0606
1128,50;0,0606
1128,00;0,0607
1127,50;0,0607
1127,00;0,0608
1126,50;0,0609
1126,00;0,0609
1125,50;0,0608
1125,00;0,0605
1124,50;0,0601
1124,00;0,0597
1123,50;0,0596
1123,00;0,0596
1122,50;0,0598
1122,00;0,0599
1121,50;0,0600
1121,00;0,0602
1120,50;0,0603
1120,00;0,0603
1119,50;0,0601
1119,00;0,0599
1118,50;0,0599
1118,00;0,0599
1117,50;0,0600
1117,00;0,0600
1116,50;0,0599
1116,00;0,0598
1115,50;0,0596
1115,00;0,0594
1114,50;0,0592
1114,00;0,0592
1113,50;0,0594
1113,00;0,0597
1112,50;0,0599
1112,00;0,0601
1111,50;0,0600
1111,00;0,0599
1110,50;0,0597
1110,00;0,0596
1109,50;0,0595
1109,00;0,0594
1108,50;0,0592
1108,00;0,0590
1107,50;0,0588
1107,00;0,0588
1106,50;0,0589
1106,00;0,0591
1105,50;0,0592
1105,00;0,0591
1104,50;0,0590
1104,00;0,0589
1103,50;0,0587
1103,00;0,0584
1102,50;0,0582
1102,00;0,0582
1101,50;0,0583
1101,00;0,0585
1100,50;0,0586
1100,00;0,0586
1099,50;0,0585
1099,00;0,0584
1098,50;0,0582
1098,00;0,0578
1097,50;0,0575
1097,00;0,0572
1096,50;0,0571
1096,00;0,0572
1095,50;0,0574
1095,00;0,0575
1094,50;0,0574
1094,00;0,0573
1093,50;0,0572
1093,00;0,0570
1092,50;0,0569
1092,00;0,0568
1091,50;0,0568
1091,00;0,0569
1090,50;0,0570
1090,00;0,0569
1089,50;0,0568
1089,00;0,0566
1088,50;0,0563
1088,00;0,0560
1087,50;0,0557
1087,00;0,0555
1086,50;0,0554
1086,00;0,0555
1085,50;0,0556
1085,00;0,0556
1084,50;0,0554
1084,00;0,0550
1083,50;0,0546
1083,00;0,0544
1082,50;0,0543
1082,00;0,0543
1081,50;0,0544
1081,00;0,0546
1080,50;0,0548
1080,00;0,0549
1079,50;0,0547
1079,00;0,0544
1078,50;0,0541
1078,00;0,0538
1077,50;0,0536
1077,00;0,0535
1076,50;0,0535
1076,00;0,0535
1075,50;0,0536
1075,00;0,0537
1074,50;0,0537
1074,00;0,0536
1073,50;0,0535
1073,00;0,0533
1072,50;0,0531
1072,00;0,0529
1071,50;0,0527
1071,00;0,0527
1070,50;0,0527
1070,00;0,0529
1069,50;0,0532
1069,00;0,0536
1068,50;0,0538
1068,00;0,0537
1067,50;0,0534
1067,00;0,0531
1066,50;0,0530
1066,00;0,0529
1065,50;0,0530
1065,00;0,0530
1064,50;0,0531
1064,00;0,0533
1063,50;0,0534
1063,00;0,0533
1062,50;0,0531
1062,00;0,0527
1061,50;0,0523
1061,00;0,0521
1060,50;0,0521
1060,00;0,0523
1059,50;0,0526
1059,00;0,0531
1058,50;0,0535
1058,00;0,0539
1057,50;0,0539
1057,00;0,0538
1056,50;0,0536
1056,00;0,0535
1055,50;0,0535
1055,00;0,0534
1054,50;0,0533
1054,00;0,0533
1053,50;0,0534
1053,00;0,0535
1052,50;0,0537
1052,00;0,0538
1051,50;0,0537
1051,00;0,0535
1050,50;0,0533
1050,00;0,0532
1049,50;0,0532
1049,00;0,0535
1048,50;0,0537
1048,00;0,0539
1047,50;0,0539
1047,00;0,0538
1046,50;0,0536
1046,00;0,0535
1045,50;0,0535
1045,00;0,0536
1044,50;0,0537
1044,00;0,0539
1043,50;0,0539
1043,00;0,0540
1042,50;0,0541
1042,00;0,0542
1041,50;0,0543
1041,00;0,0542
1040,50;0,0541
1040,00;0,0541
1039,50;0,0541
1039,00;0,0542
1038,50;0,0544
1038,00;0,0547
1037,50;0,0548
1037,00;0,0549
1036,50;0,0548
1036,00;0,0546
1035,50;0,0543
1035,00;0,0542
1034,50;0,0542
1034,00;0,0544
1033,50;0,0546
1033,00;0,0548
1032,50;0,0549
1032,00;0,0551
1031,50;0,0553
1031,00;0,0552
1030,50;0,0548
1030,00;0,0544
1029,50;0,0541
1029,00;0,0542
1028,50;0,0545
1028,00;0,0549
1027,50;0,0553
1027,00;0,0557
1026,50;0,0558
1026,00;0,0558
1025,50;0,0556
1025,00;0,0556
1024,50;0,0556
1024,00;0,0557
1023,50;0,0558
1023,00;0,0559
1022,50;0,0560
1022,00;0,0561
1021,50;0,0562
1021,00;0,0562
1020,50;0,0562
1020,00;0,0563
1019,50;0,0564
1019,00;0,0566
1018,50;0,0567
1018,00;0,0568
1017,50;0,0570
1017,00;0,0573
1016,50;0,0575
1016,00;0,0577
1015,50;0,0577
1015,00;0,0575
1014,50;0,0573
1014,00;0,0572
1013,50;0,0573
1013,00;0,0576
1012,50;0,0578
1012,00;0,0580
1011,50;0,0582
1011,00;0,0584
1010,50;0,0587
1010,00;0,0589
1009,50;0,0588
1009,00;0,0587
1008,50;0,0587
1008,00;0,0588
1007,50;0,0590
1007,00;0,0592
1006,50;0,0594
1006,00;0,0596
1005,50;0,0597
1005,00;0,0597
1004,50;0,0597
1004,00;0,0596
1003,50;0,0597
1003,00;0,0599
1002,50;0,0602
1002,00;0,0605
1001,50;0,0608
1001,00;0,0610
1000,50;0,0611
1000,00;0,0611
999,50;0,0612
999,00;0,0613
998,50;0,0615
998,00;0,0618
997,50;0,0621
997,00;0,0625
996,50;0,0629
996,00;0,0634
995,50;0,0637
995,00;0,0639
994,50;0,0638
994,00;0,0637
993,50;0,0635
993,00;0,0635
992,50;0,0637
992,00;0,0641
991,50;0,0646
991,00;0,0650
990,50;0,0655
990,00;0,0660
989,50;0,0663
989,00;0,0665
988,50;0,0665
988,00;0,0666
987,50;0,0668
987,00;0,0672
986,50;0,0676
986,00;0,0681
985,50;0,0686
985,00;0,0690
984,50;0,0693
984,00;0,0696
983,50;0,0696
983,00;0,0694
982,50;0,0693
982,00;0,0695
981,50;0,0700
981,00;0,0706
980,50;0,0711
980,00;0,0715
979,50;0,0720
979,00;0,0724
978,50;0,0726
978,00;0,0727
977,50;0,0728
977,00;0,0731
976,50;0,0736
976,00;0,0741
975,50;0,0746
975,00;0,0752
974,50;0,0757
974,00;0,0761
973,50;0,0764
973,00;0,0765
972,50;0,0764
972,00;0,0765
971,50;0,0769
971,00;0,0775
970,50;0,0783
970,00;0,0791
969,50;0,0798
969,00;0,0804
968,50;0,0809
968,00;0,0813
967,50;0,0815
967,00;0,0817
966,50;0,0819
966,00;0,0822
965,50;0,0828
965,00;0,0835
964,50;0,0844
964,00;0,0851
963,50;0,0857
963,00;0,0861
962,50;0,0863
962,00;0,0866
961,50;0,0869
961,00;0,0875
960,50;0,0882
960,00;0,0890
959,50;0,0899
959,00;0,0905
958,50;0,0910
958,00;0,0913
957,50;0,0916
957,00;0,0918
956,50;0,0920
956,00;0,0924
955,50;0,0930
955,00;0,0939
954,50;0,0948
954,00;0,0958
953,50;0,0966
953,00;0,0972
952,50;0,0975
952,00;0,0978
951,50;0,0980
951,00;0,0984
950,50;0,0990
950,00;0,0999
949,50;0,1010
949,00;0,1018
948,50;0,1023
948,00;0,1025
947,50;0,1026
947,00;0,1028
946,50;0,1031
946,00;0,1035
945,50;0,1042
945,00;0,1050
944,50;0,1058
944,00;0,1065
943,50;0,1072
943,00;0,1080
942,50;0,1088
942,00;0,1095
941,50;0,1097
941,00;0,1096
940,50;0,1096
940,00;0,1099
939,50;0,1107
939,00;0,1117
938,50;0,1126
938,00;0,1134
937,50;0,1140
937,00;0,1146
936,50;0,1151
936,00;0,1156
935,50;0,1160
935,00;0,1162
934,50;0,1164
934,00;0,1169
933,50;0,1178
933,00;0,1190
932,50;0,1200
932,00;0,1207
931,50;0,1210
931,00;0,1212
930,50;0,1211
930,00;0,1210
929,50;0,1211
929,00;0,1216
928,50;0,1226
928,00;0,1236
927,50;0,1246
927,00;0,1254
926,50;0,1260
926,00;0,1265
925,50;0,1268
925,00;0,1272
924,50;0,1279
924,00;0,1286
923,50;0,1295
923,00;0,1303
922,50;0,1309
922,00;0,1312
921,50;0,1312
921,00;0,1310
920,50;0,1308
920,00;0,1309
919,50;0,1314
919,00;0,1323
918,50;0,1333
918,00;0,1341
917,50;0,1345
917,00;0,1347
916,50;0,1348
916,00;0,1352
915,50;0,1359
915,00;0,1366
914,50;0,1372
914,00;0,1376
913,50;0,1381
913,00;0,1385
912,50;0,1389
912,00;0,1395
911,50;0,1401
911,00;0,1407
910,50;0,1411
910,00;0,1411
909,50;0,1412
909,00;0,1416
908,50;0,1423
908,00;0,1432
907,50;0,1443
907,00;0,1452
906,50;0,1456
906,00;0,1456
905,50;0,1454
905,00;0,1455
904,50;0,1459
904,00;0,1466
903,50;0,1472
903,00;0,1476
902,50;0,1479
902,00;0,1483
901,50;0,1488
901,00;0,1495
900,50;0,1505
900,00;0,1513
899,50;0,1518
899,00;0,1518
898,50;0,1517
898,00;0,1520
897,50;0,1527
897,00;0,1536
896,50;0,1542
896,00;0,1545
895,50;0,1544
895,00;0,1542
894,50;0,1542
894,00;0,1546
893,50;0,1553
893,00;0,1562
892,50;0,1569
892,00;0,1576
891,50;0,1581
891,00;0,1584
890,50;0,1587
890,00;0,1591
889,50;0,1597
889,00;0,1600
888,50;0,1600
888,00;0,1597
887,50;0,1595
887,00;0,1599
886,50;0,1610
886,00;0,1625
885,50;0,1636
885,00;0,1640
884,50;0,1637
884,00;0,1634
883,50;0,1637
883,00;0,1647
882,50;0,1658
882,00;0,1668
881,50;0,1673
881,00;0,1673
880,50;0,1672
880,00;0,1673
879,50;0,1677
879,00;0,1682
878,50;0,1683
878,00;0,1680
877,50;0,1677
877,00;0,1677
876,50;0,1682
876,00;0,1689
875,50;0,1698
875,00;0,1704
874,50;0,1708
874,00;0,1707
873,50;0,1705
873,00;0,1705
872,50;0,1710
872,00;0,1719
871,50;0,1728
871,00;0,1735
870,50;0,1738
870,00;0,1739
869,50;0,1739
869,00;0,1740
868,50;0,1740
868,00;0,1743
867,50;0,1749
867,00;0,1758
866,50;0,1766
866,00;0,1773
865,50;0,1779
865,00;0,1786
864,50;0,1792
864,00;0,1795
863,50;0,1793
863,00;0,1788
862,50;0,1783
862,00;0,1780
861,50;0,1782
861,00;0,1790
860,50;0,1803
860,00;0,1815
859,50;0,1823
859,00;0,1824
858,50;0,1821
858,00;0,1818
857,50;0,1819
857,00;0,1825
856,50;0,1834
856,00;0,1841
855,50;0,1847
855,00;0,1853
854,50;0,1860
854,00;0,1870
853,50;0,1878
853,00;0,1881
852,50;0,1878
852,00;0,1871
851,50;0,1866
851,00;0,1869
850,50;0,1877
850,00;0,1887
849,50;0,1894
849,00;0,1897
848,50;0,1897
848,00;0,1897
847,50;0,1897
847,00;0,1900
846,50;0,1904
846,00;0,1908
845,50;0,1913
845,00;0,1917
844,50;0,1922
844,00;0,1926
843,50;0,1930
843,00;0,1935
842,50;0,1938
842,00;0,1938
841,50;0,1935
841,00;0,1934
840,50;0,1938
840,00;0,1946
839,50;0,1955
839,00;0,1961
838,50;0,1963
838,00;0,1964
837,50;0,1964
837,00;0,1966
836,50;0,1969
836,00;0,1973
835,50;0,1976
835,00;0,1978
834,50;0,1978
834,00;0,1976
833,50;0,1975
833,00;0,1975
832,50;0,1977
832,00;0,1982
831,50;0,1987
831,00;0,1993
830,50;0,1997
830,00;0,2002
829,50;0,2009
829,00;0,2018
828,50;0,2026
828,00;0,2029
827,50;0,2029
827,00;0,2027
826,50;0,2024
826,00;0,2023
825,50;0,2023
825,00;0,2026
824,50;0,2032
824,00;0,2037
823,50;0,2041
823,00;0,2043
822,50;0,2046
822,00;0,2048
821,50;0,2049
821,00;0,2046
820,50;0,2041
820,00;0,2037
819,50;0,2038
819,00;0,2041
818,50;0,2045
818,00;0,2049
817,50;0,2053
817,00;0,2055
816,50;0,2054
816,00;0,2050
815,50;0,2045
815,00;0,2045
814,50;0,2050
814,00;0,2059
813,50;0,2068
813,00;0,2076
812,50;0,2081
812,00;0,2083
811,50;0,2081
811,00;0,2077
810,50;0,2073
810,00;0,2071
809,50;0,2071
809,00;0,2070
808,50;0,2068
808,00;0,2066
807,50;0,2064
807,00;0,2064
806,50;0,2063
806,00;0,2060
805,50;0,2056
805,00;0,2056
804,50;0,2060
804,00;0,2069
803,50;0,2075
803,00;0,2077
802,50;0,2075
802,00;0,2070
801,50;0,2067
801,00;0,2064
800,50;0,2063
800,00;0,2062
799,50;0,2061
799,00;0,2059
798,50;0,2058
798,00;0,2059
797,50;0,2064
797,00;0,2069
796,50;0,2072
796,00;0,2070
795,50;0,2065
795,00;0,2061
794,50;0,2060
794,00;0,2062
793,50;0,2065
793,00;0,2066
792,50;0,2067
792,00;0,2069
791,50;0,2070
791,00;0,2069
790,50;0,2065
790,00;0,2059
789,50;0,2053
789,00;0,2050
788,50;0,2049
788,00;0,2051
787,50;0,2053
787,00;0,2056
786,50;0,2060
786,00;0,2064
785,50;0,2067
785,00;0,2067
784,50;0,2062
784,00;0,2056
783,50;0,2054
783,00;0,2056
782,50;0,2059
782,00;0,2063
781,50;0,2067
781,00;0,2072
780,50;0,2074
780,00;0,2072
779,50;0,2065
779,00;0,2057
778,50;0,2051
778,00;0,2049
777,50;0,2053
777,00;0,2062
776,50;0,2071
776,00;0,2076
775,50;0,2078
775,00;0,2075
774,50;0,2070
774,00;0,2063
773,50;0,2055
773,00;0,2049
772,50;0,2048
772,00;0,2051
771,50;0,2057
771,00;0,2063
770,50;0,2067
770,00;0,2067
769,50;0,2064
769,00;0,2060
768,50;0,2055
768,00;0,2052
767,50;0,2052
767,00;0,2053
766,50;0,2057
766,00;0,2060
765,50;0,2061
765,00;0,2060
764,50;0,2057
764,00;0,2052
763,50;0,2044
763,00;0,2037
762,50;0,2033
762,00;0,2035
761,50;0,2041
761,00;0,2047
760,50;0,2049
760,00;0,2045
759,50;0,2037
759,00;0,2030
758,50;0,2026
758,00;0,2026
757,50;0,2028
757,00;0,2032
756,50;0,2038
756,00;0,2046
755,50;0,2051
755,00;0,2051
754,50;0,2046
754,00;0,2040
753,50;0,2033
753,00;0,2028
752,50;0,2026
752,00;0,2027
751,50;0,2030
751,00;0,2033
750,50;0,2034
750,00;0,2033
749,50;0,2031
749,00;0,2028
748,50;0,2024
748,00;0,2021
747,50;0,2021
747,00;0,2022
746,50;0,2022
746,00;0,2022
745,50;0,2022
745,00;0,2021
744,50;0,2019
744,00;0,2016
743,50;0,2013
743,00;0,2010
742,50;0,2005
742,00;0,2003
741,50;0,2004
741,00;0,2007
740,50;0,2011
740,00;0,2013
739,50;0,2012
739,00;0,2009
738,50;0,2004
738,00;0,1997
737,50;0,1991
737,00;0,1985
736,50;0,1983
736,00;0,1984
735,50;0,1987
735,00;0,1989
734,50;0,1990
734,00;0,1988
733,50;0,1984
733,00;0,1979
732,50;0,1975
732,00;0,1974
731,50;0,1975
731,00;0,1976
730,50;0,1978
730,00;0,1981
729,50;0,1984
729,00;0,1986
728,50;0,1985
728,00;0,1982
727,50;0,1980
727,00;0,1979
726,50;0,1980
726,00;0,1984
725,50;0,1989
725,00;0,1994
724,50;0,1996
724,00;0,1996
723,50;0,1996
723,00;0,1999
722,50;0,2003
722,00;0,2005
721,50;0,2003
721,00;0,1998
720,50;0,1993
720,00;0,1993
719,50;0,1997
719,00;0,2002
718,50;0,2003
718,00;0,1998
717,50;0,1992
717,00;0,1989
716,50;0,1990
716,00;0,1993
715,50;0,1996
715,00;0,1997
714,50;0,1997
714,00;0,1997
713,50;0,1996
713,00;0,1996
712,50;0,1995
712,00;0,1992
711,50;0,1989
711,00;0,1986
710,50;0,1987
710,00;0,1989
709,50;0,1994
709,00;0,2000
708,50;0,2007
708,00;0,2012
707,50;0,2012
707,00;0,2009
706,50;0,2003
706,00;0,1997
705,50;0,1995
705,00;0,1995
704,50;0,1998
704,00;0,2003
703,50;0,2007
703,00;0,2010
702,50;0,2009
702,00;0,2007
701,50;0,2004
701,00;0,2003
700,50;0,2002
700,00;0,2002
699,50;0,2000
699,00;0,1997
698,50;0,1997
698,00;0,2002
697,50;0,2009
697,00;0,2014
696,50;0,2015
696,00;0,2012
695,50;0,2009
695,00;0,2009
694,50;0,2012
694,00;0,2016
693,50;0,2020
693,00;0,2023
692,50;0,2026
692,00;0,2028
691,50;0,2030
691,00;0,2032
690,50;0,2034
690,00;0,2039
689,50;0,2044
689,00;0,2045
688,50;0,2043
688,00;0,2040
687,50;0,2039
687,00;0,2038
686,50;0,2035
686,00;0,2031
685,50;0,2027
685,00;0,2025
684,50;0,2025
684,00;0,2027
683,50;0,2031
683,00;0,2038
682,50;0,2046
682,00;0,2053
681,50;0,2055
681,00;0,2054
680,50;0,2051
680,00;0,2050
679,50;0,2048
679,00;0,2045
678,50;0,2042
678,00;0,2043
677,50;0,2048
677,00;0,2055
676,50;0,2062
676,00;0,2068
675,50;0,2071
675,00;0,2070
674,50;0,2065
674,00;0,2058
673,50;0,2065
673,00;0,2065
672,50;0,2066
672,00;0,2071
671,50;0,2079
671,00;0,2086
670,50;0,2089
670,00;0,2090
669,50;0,2095
669,00;0,2113
668,50;0,2143
668,00;0,2168
667,50;0,2162
667,00;0,2122
666,50;0,2091
666,00;0,2084
665,50;0,2080
665,00;0,2089
664,50;0,2095
664,00;0,2092
663,50;0,2086
663,00;0,2079
662,50;0,2077
662,00;0,2084
661,50;0,2100
661,00;0,2116
660,50;0,2124
660,00;0,2123
659,50;0,2118
659,00;0,2112
658,50;0,2107
658,00;0,2105
657,50;0,2106
657,00;0,2108
656,50;0,2110
656,00;0,2113
655,50;0,2119
655,00;0,2125
654,50;0,2128
654,00;0,2125
653,50;0,2115
653,00;0,2106
652,50;0,2101
652,00;0,2103
651,50;0,2112
651,00;0,2122
650,50;0,2128
650,00;0,2128
649,50;0,2126
649,00;0,2124
648,50;0,2120
648,00;0,2115
647,50;0,2111
647,00;0,2112
646,50;0,2116
646,00;0,2123
645,50;0,2130
645,00;0,2136
644,50;0,2138
644,00;0,2134
643,50;0,2124
643,00;0,2113
642,50;0,2108
642,00;0,2111
641,50;0,2119
641,00;0,2130
640,50;0,2139
640,00;0,2143
639,50;0,2141
639,00;0,2135
638,50;0,2127
638,00;0,2123
637,50;0,2127
637,00;0,2134
636,50;0,2138
636,00;0,2137
635,50;0,2133
635,00;0,2131
634,50;0,2133
634,00;0,2137
633,50;0,2136
633,00;0,2126
632,50;0,2110
632,00;0,2097
631,50;0,2095
631,00;0,2106
630,50;0,2124
630,00;0,2144
629,50;0,2158
629,00;0,2162
628,50;0,2155
628,00;0,2140
627,50;0,2126
627,00;0,2119
626,50;0,2119
626,00;0,2128
625,50;0,2145
625,00;0,2165
624,50;0,2181
624,00;0,2188
623,50;0,2185
623,00;0,2174
622,50;0,2161
622,00;0,2150
621,50;0,2145
621,00;0,2147
620,50;0,2156
620,00;0,2169
619,50;0,2183
619,00;0,2194
618,50;0,2198
618,00;0,2193
617,50;0,2180
617,00;0,2167
616,50;0,2157
616,00;0,2153
615,50;0,2153
615,00;0,2156
614,50;0,2161
614,00;0,2166
613,50;0,2173
613,00;0,2178
612,50;0,2180
612,00;0,2179
611,50;0,2176
611,00;0,2174
610,50;0,2174
610,00;0,2175
609,50;0,2176
609,00;0,2176
608,50;0,2173
608,00;0,2169
607,50;0,2166
607,00;0,2165
606,50;0,2166
606,00;0,2171
605,50;0,2178
605,00;0,2185
604,50;0,2189
604,00;0,2189
603,50;0,2187
603,00;0,2184
602,50;0,2180
602,00;0,2175
601,50;0,2168
601,00;0,2161
600,50;0,2152
600,00;0,2143
599,50;0,2137
599,00;0,2140
598,50;0,2148
598,00;0,2154
597,50;0,2151
597,00;0,2140
596,50;0,2125
596,00;0,2111
595,50;0,2104
595,00;0,2107
594,50;0,2119
594,00;0,2133
593,50;0,2140
593,00;0,2138
592,50;0,2133
592,00;0,2130
591,50;0,2128
591,00;0,2124
590,50;0,2115
590,00;0,2105
589,50;0,2095
589,00;0,2089
588,50;0,2090
588,00;0,2099
587,50;0,2112
587,00;0,2122
586,50;0,2122
586,00;0,2116
585,50;0,2109
585,00;0,2105
584,50;0,2105
584,00;0,2106
583,50;0,2107
583,00;0,2108
582,50;0,2108
582,00;0,2109
581,50;0,2111
581,00;0,2107
580,50;0,2094
580,00;0,2077
579,50;0,2066
579,00;0,2065
578,50;0,2071
578,00;0,2077
577,50;0,2078
577,00;0,2070
576,50;0,2055
576,00;0,2037
575,50;0,2020
575,00;0,2005
574,50;0,1991
574,00;0,1982
573,50;0,1981
573,00;0,1987
572,50;0,1996
572,00;0,2002
571,50;0,2004
571,00;0,2003
570,50;0,1998
570,00;0,1987
569,50;0,1971
569,00;0,1954
568,50;0,1945
568,00;0,1950
567,50;0,1966
567,00;0,1987
566,50;0,2002
566,00;0,2007
565,50;0,1999
565,00;0,1978
564,50;0,1951
564,00;0,1930
563,50;0,1922
563,00;0,1926
562,50;0,1934
562,00;0,1938
561,50;0,1935
561,00;0,1923
560,50;0,1905
560,00;0,1890
559,50;0,1884
559,00;0,1886
558,50;0,1886
558,00;0,1880
557,50;0,1876
557,00;0,1879
556,50;0,1886
556,00;0,1888
555,50;0,1880
555,00;0,1868
554,50;0,1854
554,00;0,1842
553,50;0,1834
553,00;0,1830
552,50;0,1830
552,00;0,1832
551,50;0,1836
551,00;0,1839
550,50;0,1840
550,00;0,1836
549,50;0,1824
549,00;0,1801
548,50;0,1772
548,00;0,1750
547,50;0,1747
547,00;0,1759
546,50;0,1769
546,00;0,1767
545,50;0,1755
545,00;0,1741
544,50;0,1724
544,00;0,1698
543,50;0,1664
543,00;0,1632
542,50;0,1614
542,00;0,1616
541,50;0,1634
541,00;0,1657
540,50;0,1675
540,00;0,1679
539,50;0,1667
539,00;0,1643
538,50;0,1612
538,00;0,1585
537,50;0,1573
537,00;0,1580
536,50;0,1598
536,00;0,1616
535,50;0,1625
535,00;0,1623
534,50;0,1607
534,00;0,1580
533,50;0,1550
533,00;0,1525
532,50;0,1506
532,00;0,1495
531,50;0,1493
531,00;0,1495
530,50;0,1495
530,00;0,1489
529,50;0,1481
529,00;0,1475
528,50;0,1470
528,00;0,1461
527,50;0,1452
527,00;0,1449
526,50;0,1449
526,00;0,1443
525,50;0,1428
525,00;0,1415
524,50;0,1416
524,00;0,1426
523,50;0,1430
523,00;0,1422
522,50;0,1403
522,00;0,1382
521,50;0,1370
521,00;0,1371
520,50;0,1384
520,00;0,1400
519,50;0,1410
519,00;0,1408
518,50;0,1396
518,00;0,1380
517,50;0,1369
517,00;0,1369
516,50;0,1374
516,00;0,1375
515,50;0,1368
515,00;0,1363
514,50;0,1367
514,00;0,1379
513,50;0,1384
513,00;0,1375
512,50;0,1355
512,00;0,1339
511,50;0,1336
511,00;0,1346
510,50;0,1356
510,00;0,1359
509,50;0,1356
509,00;0,1358
508,50;0,1368
508,00;0,1378
507,50;0,1373
507,00;0,1350
506,50;0,1319
506,00;0,1298
505,50;0,1298
505,00;0,1317
504,50;0,1340
504,00;0,1359
503,50;0,1368
503,00;0,1368
502,50;0,1357
502,00;0,1333
501,50;0,1304
501,00;0,1281
500,50;0,1271
500,00;0,1273
499,50;0,1281
499,00;0,1289
498,50;0,1292
498,00;0,1284
497,50;0,1264
497,00;0,1241
496,50;0,1226
496,00;0,1224
495,50;0,1231
495,00;0,1245
494,50;0,1267
494,00;0,1292
493,50;0,1310
493,00;0,1312
492,50;0,1294
492,00;0,1261
491,50;0,1226
491,00;0,1205
490,50;0,1210
490,00;0,1238
489,50;0,1269
489,00;0,1287
488,50;0,1288
488,00;0,1277
487,50;0,1261
487,00;0,1240
486,50;0,1218
486,00;0,1200
485,50;0,1191
485,00;0,1193
484,50;0,1205
484,00;0,1225
483,50;0,1246
483,00;0,1256
482,50;0,1250
482,00;0,1226
481,50;0,1191
481,00;0,1159
480,50;0,1141
480,00;0,1146
479,50;0,1170
479,00;0,1201
478,50;0,1228
478,00;0,1247
477,50;0,1256
477,00;0,1253
476,50;0,1236
476,00;0,1214
475,50;0,1196
475,00;0,1195
474,50;0,1214
474,00;0,1241
473,50;0,1253
473,00;0,1233
472,50;0,1190
472,00;0,1146
471,50;0,1118
471,00;0,1101
470,50;0,1087
470,00;0,1075
469,50;0,1072
469,00;0,1080
468,50;0,1098
468,00;0,1127
467,50;0,1165
467,00;0,1200
466,50;0,1212
466,00;0,1194
465,50;0,1158
465,00;0,1116
464,50;0,1079
464,00;0,1059
463,50;0,1068
463,00;0,1106
462,50;0,1151
462,00;0,1179
461,50;0,1175
461,00;0,1143
460,50;0,1090
460,00;0,1031
459,50;0,0984
459,00;0,0964
458,50;0,0975
458,00;0,1009
457,50;0,1055
457,00;0,1100
456,50;0,1133
456,00;0,1136
455,50;0,1104
455,00;0,1044
454,50;0,0980
454,00;0,0948
453,50;0,0972
453,00;0,1047
452,50;0,1137
452,00;0,1194
451,50;0,1195
451,00;0,1155
450,50;0,1102
450,00;0,1057
449,50;0,1026
449,00;0,1003
448,50;0,0982
448,00;0,0967
447,50;0,0970
447,00;0,0994
446,50;0,1025
446,00;0,1041
445,50;0,1033
445,00;0,1006
444,50;0,0967
444,00;0,0922
443,50;0,0889
443,00;0,0895
442,50;0,0946
442,00;0,1018
441,50;0,1075
441,00;0,1102
440,50;0,1104
440,00;0,1088
439,50;0,1048
439,00;0,0985
438,50;0,0923
438,00;0,0900
437,50;0,0935
437,00;0,1018
436,50;0,1111
436,00;0,1162
435,50;0,1132
435,00;0,1022
434,50;0,0885
434,00;0,0783
433,50;0,0751
433,00;0,0783
432,50;0,0849
432,00;0,0916
431,50;0,0957
431,00;0,0965
430,50;0,0952
430,00;0,0941
429,50;0,0932
429,00;0,0898
428,50;0,0815
428,00;0,0708
427,50;0,0641
427,00;0,0654
426,50;0,0722
426,00;0,0798
425,50;0,0853
425,00;0,0883
424,50;0,0884
424,00;0,0856
423,50;0,0809
423,00;0,0766
422,50;0,0740
422,00;0,0736
421,50;0,0764
421,00;0,0837
420,50;0,0938
420,00;0,1009
419,50;0,1000
419,00;0,0901
418,50;0,0758
418,00;0,0626
417,50;0,0530
417,00;0,0456
416,50;0,0379
416,00;0,0307
415,50;0,0296
415,00;0,0383
414,50;0,0548
414,00;0,0719
413,50;0,0811
413,00;0,0795
412,50;0,0721
412,00;0,0680
411,50;0,0737
411,00;0,0886
410,50;0,1058
410,00;0,1191
409,50;0,1264
409,00;0,1263
408,50;0,1157
408,00;0,0926
407,50;0,0656
407,00;0,0529
406,50;0,0648
406,00;0,0862
405,50;0,0908
405,00;0,0720
404,50;0,0493
404,00;0,0408
403,50;0,0425
403,00;0,0384
402,50;0,0224
402,00;0,0082
401,50;0,0145
401,00;0,0416
400,50;0,0737
400,00;0,0952
