Erstellt als neuer Datensatz;Sample 168 By PC59-C710\Spektrum3 date Dienstag, Juni 02 2026
cm-1;A
4000,00;0,0202
3999,50;0,0201
3999,00;0,0199
3998,50;0,0196
3998,00;0,0193
3997,50;0,0191
3997,00;0,0189
3996,50;0,0189
3996,00;0,0192
3995,50;0,0195
3995,00;0,0199
3994,50;0,0201
3994,00;0,0201
3993,50;0,0199
3993,00;0,0195
3992,50;0,0192
3992,00;0,0190
3991,50;0,0190
3991,00;0,0193
3990,50;0,0196
3990,00;0,0198
3989,50;0,0199
3989,00;0,0198
3988,50;0,0195
3988,00;0,0191
3987,50;0,0189
3987,00;0,0189
3986,50;0,0190
3986,00;0,0192
3985,50;0,0193
3985,00;0,0194
3984,50;0,0193
3984,00;0,0193
3983,50;0,0193
3983,00;0,0193
3982,50;0,0193
3982,00;0,0193
3981,50;0,0194
3981,00;0,0194
3980,50;0,0195
3980,00;0,0197
3979,50;0,0198
3979,00;0,0199
3978,50;0,0198
3978,00;0,0195
3977,50;0,0191
3977,00;0,0189
3976,50;0,0189
3976,00;0,0191
3975,50;0,0194
3975,00;0,0197
3974,50;0,0199
3974,00;0,0199
3973,50;0,0197
3973,00;0,0195
3972,50;0,0191
3972,00;0,0188
3971,50;0,0188
3971,00;0,0191
3970,50;0,0197
3970,00;0,0201
3969,50;0,0203
3969,00;0,0201
3968,50;0,0197
3968,00;0,0192
3967,50;0,0187
3967,00;0,0185
3966,50;0,0185
3966,00;0,0187
3965,50;0,0192
3965,00;0,0197
3964,50;0,0201
3964,00;0,0203
3963,50;0,0202
3963,00;0,0200
3962,50;0,0196
3962,00;0,0191
3961,50;0,0187
3961,00;0,0185
3960,50;0,0186
3960,00;0,0189
3959,50;0,0193
3959,00;0,0198
3958,50;0,0200
3958,00;0,0200
3957,50;0,0196
3957,00;0,0192
3956,50;0,0188
3956,00;0,0188
3955,50;0,0190
3955,00;0,0195
3954,50;0,0200
3954,00;0,0203
3953,50;0,0204
3953,00;0,0202
3952,50;0,0198
3952,00;0,0193
3951,50;0,0189
3951,00;0,0186
3950,50;0,0184
3950,00;0,0186
3949,50;0,0191
3949,00;0,0197
3948,50;0,0200
3948,00;0,0199
3947,50;0,0193
3947,00;0,0188
3946,50;0,0185
3946,00;0,0186
3945,50;0,0189
3945,00;0,0191
3944,50;0,0194
3944,00;0,0198
3943,50;0,0201
3943,00;0,0202
3942,50;0,0199
3942,00;0,0196
3941,50;0,0191
3941,00;0,0188
3940,50;0,0187
3940,00;0,0189
3939,50;0,0192
3939,00;0,0196
3938,50;0,0200
3938,00;0,0201
3937,50;0,0201
3937,00;0,0199
3936,50;0,0195
3936,00;0,0190
3935,50;0,0187
3935,00;0,0187
3934,50;0,0191
3934,00;0,0197
3933,50;0,0202
3933,00;0,0203
3932,50;0,0200
3932,00;0,0193
3931,50;0,0188
3931,00;0,0186
3930,50;0,0186
3930,00;0,0189
3929,50;0,0193
3929,00;0,0199
3928,50;0,0204
3928,00;0,0205
3927,50;0,0201
3927,00;0,0196
3926,50;0,0190
3926,00;0,0187
3925,50;0,0185
3925,00;0,0185
3924,50;0,0187
3924,00;0,0192
3923,50;0,0198
3923,00;0,0204
3922,50;0,0206
3922,00;0,0205
3921,50;0,0201
3921,00;0,0195
3920,50;0,0190
3920,00;0,0186
3919,50;0,0186
3919,00;0,0190
3918,50;0,0196
3918,00;0,0201
3917,50;0,0202
3917,00;0,0201
3916,50;0,0198
3916,00;0,0194
3915,50;0,0190
3915,00;0,0187
3914,50;0,0186
3914,00;0,0188
3913,50;0,0192
3913,00;0,0197
3912,50;0,0199
3912,00;0,0200
3911,50;0,0198
3911,00;0,0195
3910,50;0,0191
3910,00;0,0188
3909,50;0,0186
3909,00;0,0186
3908,50;0,0188
3908,00;0,0191
3907,50;0,0193
3907,00;0,0193
3906,50;0,0191
3906,00;0,0189
3905,50;0,0189
3905,00;0,0192
3904,50;0,0194
3904,00;0,0197
3903,50;0,0201
3903,00;0,0206
3902,50;0,0208
3902,00;0,0206
3901,50;0,0203
3901,00;0,0201
3900,50;0,0198
3900,00;0,0193
3899,50;0,0186
3899,00;0,0184
3898,50;0,0190
3898,00;0,0198
3897,50;0,0203
3897,00;0,0204
3896,50;0,0201
3896,00;0,0198
3895,50;0,0195
3895,00;0,0191
3894,50;0,0188
3894,00;0,0187
3893,50;0,0188
3893,00;0,0192
3892,50;0,0198
3892,00;0,0203
3891,50;0,0205
3891,00;0,0204
3890,50;0,0203
3890,00;0,0201
3889,50;0,0195
3889,00;0,0190
3888,50;0,0189
3888,00;0,0192
3887,50;0,0198
3887,00;0,0203
3886,50;0,0205
3886,00;0,0202
3885,50;0,0197
3885,00;0,0194
3884,50;0,0193
3884,00;0,0192
3883,50;0,0189
3883,00;0,0188
3882,50;0,0190
3882,00;0,0196
3881,50;0,0202
3881,00;0,0203
3880,50;0,0201
3880,00;0,0197
3879,50;0,0193
3879,00;0,0191
3878,50;0,0189
3878,00;0,0189
3877,50;0,0191
3877,00;0,0196
3876,50;0,0200
3876,00;0,0203
3875,50;0,0203
3875,00;0,0200
3874,50;0,0196
3874,00;0,0191
3873,50;0,0190
3873,00;0,0192
3872,50;0,0195
3872,00;0,0198
3871,50;0,0201
3871,00;0,0203
3870,50;0,0205
3870,00;0,0205
3869,50;0,0204
3869,00;0,0203
3868,50;0,0200
3868,00;0,0195
3867,50;0,0191
3867,00;0,0191
3866,50;0,0194
3866,00;0,0200
3865,50;0,0203
3865,00;0,0203
3864,50;0,0200
3864,00;0,0198
3863,50;0,0197
3863,00;0,0196
3862,50;0,0197
3862,00;0,0199
3861,50;0,0200
3861,00;0,0200
3860,50;0,0200
3860,00;0,0198
3859,50;0,0195
3859,00;0,0193
3858,50;0,0191
3858,00;0,0191
3857,50;0,0192
3857,00;0,0193
3856,50;0,0196
3856,00;0,0202
3855,50;0,0208
3855,00;0,0214
3854,50;0,0216
3854,00;0,0214
3853,50;0,0217
3853,00;0,0222
3852,50;0,0220
3852,00;0,0214
3851,50;0,0211
3851,00;0,0212
3850,50;0,0213
3850,00;0,0209
3849,50;0,0201
3849,00;0,0194
3848,50;0,0191
3848,00;0,0189
3847,50;0,0187
3847,00;0,0184
3846,50;0,0180
3846,00;0,0177
3845,50;0,0178
3845,00;0,0184
3844,50;0,0191
3844,00;0,0194
3843,50;0,0194
3843,00;0,0191
3842,50;0,0190
3842,00;0,0190
3841,50;0,0193
3841,00;0,0196
3840,50;0,0199
3840,00;0,0204
3839,50;0,0209
3839,00;0,0211
3838,50;0,0209
3838,00;0,0204
3837,50;0,0199
3837,00;0,0199
3836,50;0,0204
3836,00;0,0208
3835,50;0,0207
3835,00;0,0204
3834,50;0,0203
3834,00;0,0204
3833,50;0,0208
3833,00;0,0209
3832,50;0,0208
3832,00;0,0205
3831,50;0,0200
3831,00;0,0199
3830,50;0,0201
3830,00;0,0203
3829,50;0,0204
3829,00;0,0201
3828,50;0,0197
3828,00;0,0194
3827,50;0,0193
3827,00;0,0193
3826,50;0,0193
3826,00;0,0195
3825,50;0,0197
3825,00;0,0199
3824,50;0,0201
3824,00;0,0203
3823,50;0,0206
3823,00;0,0208
3822,50;0,0210
3822,00;0,0211
3821,50;0,0212
3821,00;0,0213
3820,50;0,0215
3820,00;0,0216
3819,50;0,0214
3819,00;0,0211
3818,50;0,0206
3818,00;0,0202
3817,50;0,0200
3817,00;0,0198
3816,50;0,0198
3816,00;0,0198
3815,50;0,0201
3815,00;0,0206
3814,50;0,0207
3814,00;0,0204
3813,50;0,0199
3813,00;0,0196
3812,50;0,0195
3812,00;0,0194
3811,50;0,0193
3811,00;0,0191
3810,50;0,0190
3810,00;0,0191
3809,50;0,0193
3809,00;0,0198
3808,50;0,0202
3808,00;0,0205
3807,50;0,0205
3807,00;0,0203
3806,50;0,0202
3806,00;0,0202
3805,50;0,0202
3805,00;0,0201
3804,50;0,0201
3804,00;0,0201
3803,50;0,0202
3803,00;0,0202
3802,50;0,0202
3802,00;0,0201
3801,50;0,0200
3801,00;0,0200
3800,50;0,0201
3800,00;0,0202
3799,50;0,0202
3799,00;0,0202
3798,50;0,0202
3798,00;0,0204
3797,50;0,0205
3797,00;0,0203
3796,50;0,0199
3796,00;0,0194
3795,50;0,0192
3795,00;0,0192
3794,50;0,0193
3794,00;0,0195
3793,50;0,0197
3793,00;0,0199
3792,50;0,0199
3792,00;0,0196
3791,50;0,0193
3791,00;0,0190
3790,50;0,0189
3790,00;0,0189
3789,50;0,0190
3789,00;0,0192
3788,50;0,0195
3788,00;0,0197
3787,50;0,0199
3787,00;0,0199
3786,50;0,0198
3786,00;0,0196
3785,50;0,0193
3785,00;0,0192
3784,50;0,0192
3784,00;0,0194
3783,50;0,0197
3783,00;0,0200
3782,50;0,0199
3782,00;0,0197
3781,50;0,0194
3781,00;0,0193
3780,50;0,0194
3780,00;0,0197
3779,50;0,0200
3779,00;0,0202
3778,50;0,0203
3778,00;0,0202
3777,50;0,0199
3777,00;0,0196
3776,50;0,0194
3776,00;0,0192
3775,50;0,0190
3775,00;0,0187
3774,50;0,0185
3774,00;0,0184
3773,50;0,0186
3773,00;0,0191
3772,50;0,0195
3772,00;0,0198
3771,50;0,0199
3771,00;0,0198
3770,50;0,0194
3770,00;0,0191
3769,50;0,0189
3769,00;0,0191
3768,50;0,0195
3768,00;0,0198
3767,50;0,0199
3767,00;0,0200
3766,50;0,0199
3766,00;0,0196
3765,50;0,0192
3765,00;0,0190
3764,50;0,0190
3764,00;0,0192
3763,50;0,0194
3763,00;0,0197
3762,50;0,0200
3762,00;0,0202
3761,50;0,0204
3761,00;0,0203
3760,50;0,0200
3760,00;0,0195
3759,50;0,0191
3759,00;0,0190
3758,50;0,0191
3758,00;0,0194
3757,50;0,0195
3757,00;0,0194
3756,50;0,0193
3756,00;0,0193
3755,50;0,0195
3755,00;0,0195
3754,50;0,0195
3754,00;0,0194
3753,50;0,0196
3753,00;0,0199
3752,50;0,0202
3752,00;0,0206
3751,50;0,0213
3751,00;0,0220
3750,50;0,0223
3750,00;0,0220
3749,50;0,0214
3749,00;0,0210
3748,50;0,0211
3748,00;0,0212
3747,50;0,0209
3747,00;0,0205
3746,50;0,0204
3746,00;0,0207
3745,50;0,0211
3745,00;0,0213
3744,50;0,0209
3744,00;0,0207
3743,50;0,0209
3743,00;0,0207
3742,50;0,0202
3742,00;0,0198
3741,50;0,0196
3741,00;0,0197
3740,50;0,0200
3740,00;0,0202
3739,50;0,0202
3739,00;0,0200
3738,50;0,0198
3738,00;0,0198
3737,50;0,0200
3737,00;0,0204
3736,50;0,0208
3736,00;0,0211
3735,50;0,0210
3735,00;0,0206
3734,50;0,0200
3734,00;0,0199
3733,50;0,0201
3733,00;0,0203
3732,50;0,0202
3732,00;0,0199
3731,50;0,0199
3731,00;0,0201
3730,50;0,0200
3730,00;0,0196
3729,50;0,0191
3729,00;0,0187
3728,50;0,0183
3728,00;0,0180
3727,50;0,0178
3727,00;0,0178
3726,50;0,0183
3726,00;0,0189
3725,50;0,0193
3725,00;0,0194
3724,50;0,0192
3724,00;0,0189
3723,50;0,0186
3723,00;0,0184
3722,50;0,0182
3722,00;0,0183
3721,50;0,0186
3721,00;0,0190
3720,50;0,0194
3720,00;0,0196
3719,50;0,0195
3719,00;0,0193
3718,50;0,0190
3718,00;0,0187
3717,50;0,0185
3717,00;0,0184
3716,50;0,0184
3716,00;0,0185
3715,50;0,0188
3715,00;0,0190
3714,50;0,0194
3714,00;0,0198
3713,50;0,0203
3713,00;0,0204
3712,50;0,0202
3712,00;0,0199
3711,50;0,0200
3711,00;0,0203
3710,50;0,0205
3710,00;0,0205
3709,50;0,0203
3709,00;0,0204
3708,50;0,0210
3708,00;0,0216
3707,50;0,0219
3707,00;0,0219
3706,50;0,0218
3706,00;0,0216
3705,50;0,0215
3705,00;0,0214
3704,50;0,0214
3704,00;0,0214
3703,50;0,0213
3703,00;0,0211
3702,50;0,0207
3702,00;0,0203
3701,50;0,0199
3701,00;0,0200
3700,50;0,0202
3700,00;0,0205
3699,50;0,0206
3699,00;0,0206
3698,50;0,0206
3698,00;0,0205
3697,50;0,0205
3697,00;0,0203
3696,50;0,0200
3696,00;0,0198
3695,50;0,0199
3695,00;0,0203
3694,50;0,0208
3694,00;0,0212
3693,50;0,0212
3693,00;0,0211
3692,50;0,0210
3692,00;0,0210
3691,50;0,0211
3691,00;0,0213
3690,50;0,0218
3690,00;0,0226
3689,50;0,0234
3689,00;0,0239
3688,50;0,0239
3688,00;0,0238
3687,50;0,0235
3687,00;0,0230
3686,50;0,0222
3686,00;0,0215
3685,50;0,0212
3685,00;0,0213
3684,50;0,0217
3684,00;0,0221
3683,50;0,0223
3683,00;0,0224
3682,50;0,0222
3682,00;0,0219
3681,50;0,0216
3681,00;0,0214
3680,50;0,0214
3680,00;0,0216
3679,50;0,0220
3679,00;0,0223
3678,50;0,0227
3678,00;0,0229
3677,50;0,0229
3677,00;0,0227
3676,50;0,0227
3676,00;0,0227
3675,50;0,0227
3675,00;0,0226
3674,50;0,0227
3674,00;0,0227
3673,50;0,0226
3673,00;0,0226
3672,50;0,0226
3672,00;0,0225
3671,50;0,0222
3671,00;0,0217
3670,50;0,0214
3670,00;0,0216
3669,50;0,0220
3669,00;0,0222
3668,50;0,0220
3668,00;0,0217
3667,50;0,0215
3667,00;0,0212
3666,50;0,0209
3666,00;0,0206
3665,50;0,0206
3665,00;0,0206
3664,50;0,0206
3664,00;0,0206
3663,50;0,0207
3663,00;0,0209
3662,50;0,0210
3662,00;0,0209
3661,50;0,0208
3661,00;0,0206
3660,50;0,0205
3660,00;0,0204
3659,50;0,0204
3659,00;0,0206
3658,50;0,0209
3658,00;0,0213
3657,50;0,0217
3657,00;0,0218
3656,50;0,0216
3656,00;0,0213
3655,50;0,0212
3655,00;0,0212
3654,50;0,0210
3654,00;0,0208
3653,50;0,0207
3653,00;0,0209
3652,50;0,0212
3652,00;0,0216
3651,50;0,0217
3651,00;0,0217
3650,50;0,0217
3650,00;0,0217
3649,50;0,0216
3649,00;0,0219
3648,50;0,0225
3648,00;0,0231
3647,50;0,0233
3647,00;0,0231
3646,50;0,0227
3646,00;0,0224
3645,50;0,0220
3645,00;0,0215
3644,50;0,0210
3644,00;0,0208
3643,50;0,0209
3643,00;0,0212
3642,50;0,0215
3642,00;0,0215
3641,50;0,0213
3641,00;0,0211
3640,50;0,0209
3640,00;0,0207
3639,50;0,0205
3639,00;0,0205
3638,50;0,0206
3638,00;0,0210
3637,50;0,0214
3637,00;0,0217
3636,50;0,0218
3636,00;0,0217
3635,50;0,0216
3635,00;0,0217
3634,50;0,0216
3634,00;0,0214
3633,50;0,0212
3633,00;0,0213
3632,50;0,0217
3632,00;0,0221
3631,50;0,0225
3631,00;0,0228
3630,50;0,0228
3630,00;0,0226
3629,50;0,0224
3629,00;0,0222
3628,50;0,0222
3628,00;0,0223
3627,50;0,0222
3627,00;0,0221
3626,50;0,0219
3626,00;0,0217
3625,50;0,0216
3625,00;0,0215
3624,50;0,0214
3624,00;0,0212
3623,50;0,0212
3623,00;0,0213
3622,50;0,0215
3622,00;0,0217
3621,50;0,0219
3621,00;0,0221
3620,50;0,0223
3620,00;0,0224
3619,50;0,0224
3619,00;0,0225
3618,50;0,0227
3618,00;0,0227
3617,50;0,0226
3617,00;0,0225
3616,50;0,0226
3616,00;0,0226
3615,50;0,0225
3615,00;0,0224
3614,50;0,0224
3614,00;0,0227
3613,50;0,0228
3613,00;0,0228
3612,50;0,0227
3612,00;0,0228
3611,50;0,0232
3611,00;0,0235
3610,50;0,0235
3610,00;0,0232
3609,50;0,0227
3609,00;0,0223
3608,50;0,0223
3608,00;0,0224
3607,50;0,0226
3607,00;0,0228
3606,50;0,0230
3606,00;0,0233
3605,50;0,0234
3605,00;0,0234
3604,50;0,0232
3604,00;0,0230
3603,50;0,0228
3603,00;0,0228
3602,50;0,0229
3602,00;0,0230
3601,50;0,0233
3601,00;0,0236
3600,50;0,0240
3600,00;0,0246
3599,50;0,0250
3599,00;0,0251
3598,50;0,0249
3598,00;0,0245
3597,50;0,0241
3597,00;0,0239
3596,50;0,0239
3596,00;0,0240
3595,50;0,0242
3595,00;0,0244
3594,50;0,0245
3594,00;0,0246
3593,50;0,0244
3593,00;0,0241
3592,50;0,0241
3592,00;0,0243
3591,50;0,0245
3591,00;0,0248
3590,50;0,0250
3590,00;0,0253
3589,50;0,0254
3589,00;0,0251
3588,50;0,0248
3588,00;0,0245
3587,50;0,0245
3587,00;0,0244
3586,50;0,0243
3586,00;0,0245
3585,50;0,0249
3585,00;0,0254
3584,50;0,0256
3584,00;0,0255
3583,50;0,0253
3583,00;0,0251
3582,50;0,0251
3582,00;0,0253
3581,50;0,0256
3581,00;0,0257
3580,50;0,0255
3580,00;0,0251
3579,50;0,0249
3579,00;0,0251
3578,50;0,0256
3578,00;0,0258
3577,50;0,0258
3577,00;0,0257
3576,50;0,0258
3576,00;0,0261
3575,50;0,0264
3575,00;0,0266
3574,50;0,0268
3574,00;0,0270
3573,50;0,0271
3573,00;0,0271
3572,50;0,0270
3572,00;0,0270
3571,50;0,0270
3571,00;0,0271
3570,50;0,0272
3570,00;0,0274
3569,50;0,0275
3569,00;0,0276
3568,50;0,0276
3568,00;0,0275
3567,50;0,0276
3567,00;0,0277
3566,50;0,0277
3566,00;0,0277
3565,50;0,0279
3565,00;0,0283
3564,50;0,0287
3564,00;0,0290
3563,50;0,0291
3563,00;0,0289
3562,50;0,0287
3562,00;0,0284
3561,50;0,0282
3561,00;0,0283
3560,50;0,0286
3560,00;0,0289
3559,50;0,0291
3559,00;0,0293
3558,50;0,0293
3558,00;0,0293
3557,50;0,0293
3557,00;0,0293
3556,50;0,0293
3556,00;0,0294
3555,50;0,0296
3555,00;0,0297
3554,50;0,0297
3554,00;0,0297
3553,50;0,0298
3553,00;0,0299
3552,50;0,0301
3552,00;0,0302
3551,50;0,0304
3551,00;0,0307
3550,50;0,0308
3550,00;0,0308
3549,50;0,0307
3549,00;0,0308
3548,50;0,0310
3548,00;0,0313
3547,50;0,0313
3547,00;0,0313
3546,50;0,0312
3546,00;0,0312
3545,50;0,0311
3545,00;0,0312
3544,50;0,0314
3544,00;0,0317
3543,50;0,0320
3543,00;0,0322
3542,50;0,0320
3542,00;0,0318
3541,50;0,0317
3541,00;0,0317
3540,50;0,0319
3540,00;0,0321
3539,50;0,0323
3539,00;0,0325
3538,50;0,0326
3538,00;0,0327
3537,50;0,0327
3537,00;0,0326
3536,50;0,0327
3536,00;0,0327
3535,50;0,0329
3535,00;0,0332
3534,50;0,0334
3534,00;0,0335
3533,50;0,0334
3533,00;0,0334
3532,50;0,0334
3532,00;0,0334
3531,50;0,0335
3531,00;0,0336
3530,50;0,0339
3530,00;0,0342
3529,50;0,0345
3529,00;0,0347
3528,50;0,0348
3528,00;0,0349
3527,50;0,0350
3527,00;0,0350
3526,50;0,0350
3526,00;0,0348
3525,50;0,0347
3525,00;0,0347
3524,50;0,0348
3524,00;0,0351
3523,50;0,0352
3523,00;0,0354
3522,50;0,0355
3522,00;0,0356
3521,50;0,0358
3521,00;0,0359
3520,50;0,0361
3520,00;0,0362
3519,50;0,0362
3519,00;0,0363
3518,50;0,0364
3518,00;0,0366
3517,50;0,0367
3517,00;0,0368
3516,50;0,0369
3516,00;0,0370
3515,50;0,0372
3515,00;0,0374
3514,50;0,0377
3514,00;0,0379
3513,50;0,0381
3513,00;0,0382
3512,50;0,0383
3512,00;0,0384
3511,50;0,0383
3511,00;0,0384
3510,50;0,0385
3510,00;0,0387
3509,50;0,0388
3509,00;0,0388
3508,50;0,0387
3508,00;0,0386
3507,50;0,0386
3507,00;0,0388
3506,50;0,0390
3506,00;0,0394
3505,50;0,0397
3505,00;0,0399
3504,50;0,0401
3504,00;0,0402
3503,50;0,0403
3503,00;0,0403
3502,50;0,0403
3502,00;0,0403
3501,50;0,0405
3501,00;0,0406
3500,50;0,0408
3500,00;0,0410
3499,50;0,0411
3499,00;0,0412
3498,50;0,0412
3498,00;0,0413
3497,50;0,0414
3497,00;0,0417
3496,50;0,0421
3496,00;0,0424
3495,50;0,0427
3495,00;0,0428
3494,50;0,0429
3494,00;0,0429
3493,50;0,0430
3493,00;0,0431
3492,50;0,0433
3492,00;0,0435
3491,50;0,0437
3491,00;0,0439
3490,50;0,0441
3490,00;0,0443
3489,50;0,0447
3489,00;0,0451
3488,50;0,0453
3488,00;0,0453
3487,50;0,0453
3487,00;0,0454
3486,50;0,0457
3486,00;0,0460
3485,50;0,0464
3485,00;0,0466
3484,50;0,0467
3484,00;0,0467
3483,50;0,0467
3483,00;0,0468
3482,50;0,0471
3482,00;0,0475
3481,50;0,0478
3481,00;0,0480
3480,50;0,0480
3480,00;0,0481
3479,50;0,0483
3479,00;0,0487
3478,50;0,0490
3478,00;0,0491
3477,50;0,0492
3477,00;0,0493
3476,50;0,0495
3476,00;0,0498
3475,50;0,0500
3475,00;0,0503
3474,50;0,0505
3474,00;0,0506
3473,50;0,0508
3473,00;0,0510
3472,50;0,0512
3472,00;0,0515
3471,50;0,0517
3471,00;0,0519
3470,50;0,0521
3470,00;0,0523
3469,50;0,0525
3469,00;0,0528
3468,50;0,0532
3468,00;0,0535
3467,50;0,0538
3467,00;0,0540
3466,50;0,0542
3466,00;0,0545
3465,50;0,0548
3465,00;0,0551
3464,50;0,0553
3464,00;0,0555
3463,50;0,0557
3463,00;0,0560
3462,50;0,0562
3462,00;0,0563
3461,50;0,0565
3461,00;0,0568
3460,50;0,0571
3460,00;0,0574
3459,50;0,0577
3459,00;0,0581
3458,50;0,0583
3458,00;0,0586
3457,50;0,0588
3457,00;0,0590
3456,50;0,0592
3456,00;0,0595
3455,50;0,0598
3455,00;0,0602
3454,50;0,0606
3454,00;0,0610
3453,50;0,0614
3453,00;0,0617
3452,50;0,0619
3452,00;0,0620
3451,50;0,0621
3451,00;0,0623
3450,50;0,0626
3450,00;0,0631
3449,50;0,0636
3449,00;0,0642
3448,50;0,0647
3448,00;0,0652
3447,50;0,0655
3447,00;0,0657
3446,50;0,0659
3446,00;0,0662
3445,50;0,0665
3445,00;0,0667
3444,50;0,0670
3444,00;0,0673
3443,50;0,0676
3443,00;0,0680
3442,50;0,0684
3442,00;0,0689
3441,50;0,0693
3441,00;0,0696
3440,50;0,0699
3440,00;0,0703
3439,50;0,0707
3439,00;0,0711
3438,50;0,0714
3438,00;0,0717
3437,50;0,0722
3437,00;0,0727
3436,50;0,0733
3436,00;0,0738
3435,50;0,0744
3435,00;0,0749
3434,50;0,0754
3434,00;0,0759
3433,50;0,0762
3433,00;0,0764
3432,50;0,0765
3432,00;0,0767
3431,50;0,0771
3431,00;0,0777
3430,50;0,0782
3430,00;0,0787
3429,50;0,0791
3429,00;0,0795
3428,50;0,0799
3428,00;0,0803
3427,50;0,0808
3427,00;0,0811
3426,50;0,0815
3426,00;0,0819
3425,50;0,0825
3425,00;0,0831
3424,50;0,0835
3424,00;0,0840
3423,50;0,0845
3423,00;0,0851
3422,50;0,0857
3422,00;0,0863
3421,50;0,0867
3421,00;0,0870
3420,50;0,0873
3420,00;0,0875
3419,50;0,0878
3419,00;0,0883
3418,50;0,0890
3418,00;0,0897
3417,50;0,0904
3417,00;0,0909
3416,50;0,0912
3416,00;0,0913
3415,50;0,0916
3415,00;0,0919
3414,50;0,0924
3414,00;0,0930
3413,50;0,0937
3413,00;0,0943
3412,50;0,0948
3412,00;0,0952
3411,50;0,0956
3411,00;0,0959
3410,50;0,0962
3410,00;0,0964
3409,50;0,0968
3409,00;0,0972
3408,50;0,0978
3408,00;0,0983
3407,50;0,0987
3407,00;0,0991
3406,50;0,0995
3406,00;0,0998
3405,50;0,1001
3405,00;0,1004
3404,50;0,1008
3404,00;0,1013
3403,50;0,1020
3403,00;0,1026
3402,50;0,1032
3402,00;0,1038
3401,50;0,1042
3401,00;0,1046
3400,50;0,1049
3400,00;0,1051
3399,50;0,1053
3399,00;0,1056
3398,50;0,1060
3398,00;0,1065
3397,50;0,1070
3397,00;0,1075
3396,50;0,1081
3396,00;0,1086
3395,50;0,1091
3395,00;0,1095
3394,50;0,1098
3394,00;0,1100
3393,50;0,1102
3393,00;0,1106
3392,50;0,1110
3392,00;0,1116
3391,50;0,1122
3391,00;0,1128
3390,50;0,1134
3390,00;0,1139
3389,50;0,1143
3389,00;0,1146
3388,50;0,1149
3388,00;0,1151
3387,50;0,1153
3387,00;0,1155
3386,50;0,1159
3386,00;0,1164
3385,50;0,1169
3385,00;0,1174
3384,50;0,1179
3384,00;0,1182
3383,50;0,1185
3383,00;0,1188
3382,50;0,1190
3382,00;0,1193
3381,50;0,1196
3381,00;0,1199
3380,50;0,1203
3380,00;0,1206
3379,50;0,1208
3379,00;0,1211
3378,50;0,1215
3378,00;0,1220
3377,50;0,1225
3377,00;0,1229
3376,50;0,1233
3376,00;0,1237
3375,50;0,1241
3375,00;0,1244
3374,50;0,1246
3374,00;0,1247
3373,50;0,1250
3373,00;0,1254
3372,50;0,1259
3372,00;0,1263
3371,50;0,1268
3371,00;0,1274
3370,50;0,1280
3370,00;0,1284
3369,50;0,1287
3369,00;0,1288
3368,50;0,1288
3368,00;0,1289
3367,50;0,1291
3367,00;0,1293
3366,50;0,1297
3366,00;0,1300
3365,50;0,1304
3365,00;0,1307
3364,50;0,1311
3364,00;0,1316
3363,50;0,1320
3363,00;0,1322
3362,50;0,1324
3362,00;0,1324
3361,50;0,1325
3361,00;0,1326
3360,50;0,1328
3360,00;0,1330
3359,50;0,1333
3359,00;0,1335
3358,50;0,1336
3358,00;0,1337
3357,50;0,1338
3357,00;0,1340
3356,50;0,1342
3356,00;0,1346
3355,50;0,1350
3355,00;0,1355
3354,50;0,1358
3354,00;0,1360
3353,50;0,1362
3353,00;0,1364
3352,50;0,1365
3352,00;0,1365
3351,50;0,1366
3351,00;0,1368
3350,50;0,1371
3350,00;0,1374
3349,50;0,1376
3349,00;0,1377
3348,50;0,1378
3348,00;0,1380
3347,50;0,1382
3347,00;0,1385
3346,50;0,1388
3346,00;0,1390
3345,50;0,1392
3345,00;0,1394
3344,50;0,1396
3344,00;0,1398
3343,50;0,1399
3343,00;0,1400
3342,50;0,1401
3342,00;0,1402
3341,50;0,1405
3341,00;0,1407
3340,50;0,1411
3340,00;0,1416
3339,50;0,1421
3339,00;0,1424
3338,50;0,1426
3338,00;0,1425
3337,50;0,1425
3337,00;0,1425
3336,50;0,1427
3336,00;0,1430
3335,50;0,1433
3335,00;0,1437
3334,50;0,1440
3334,00;0,1443
3333,50;0,1445
3333,00;0,1447
3332,50;0,1447
3332,00;0,1448
3331,50;0,1450
3331,00;0,1452
3330,50;0,1455
3330,00;0,1458
3329,50;0,1459
3329,00;0,1459
3328,50;0,1461
3328,00;0,1463
3327,50;0,1465
3327,00;0,1467
3326,50;0,1469
3326,00;0,1472
3325,50;0,1476
3325,00;0,1481
3324,50;0,1485
3324,00;0,1488
3323,50;0,1491
3323,00;0,1493
3322,50;0,1495
3322,00;0,1496
3321,50;0,1497
3321,00;0,1499
3320,50;0,1501
3320,00;0,1503
3319,50;0,1507
3319,00;0,1511
3318,50;0,1515
3318,00;0,1520
3317,50;0,1524
3317,00;0,1528
3316,50;0,1531
3316,00;0,1535
3315,50;0,1538
3315,00;0,1540
3314,50;0,1541
3314,00;0,1542
3313,50;0,1546
3313,00;0,1552
3312,50;0,1559
3312,00;0,1564
3311,50;0,1566
3311,00;0,1567
3310,50;0,1567
3310,00;0,1568
3309,50;0,1571
3309,00;0,1576
3308,50;0,1581
3308,00;0,1586
3307,50;0,1589
3307,00;0,1591
3306,50;0,1592
3306,00;0,1595
3305,50;0,1599
3305,00;0,1605
3304,50;0,1612
3304,00;0,1618
3303,50;0,1624
3303,00;0,1631
3302,50;0,1637
3302,00;0,1643
3301,50;0,1648
3301,00;0,1653
3300,50;0,1658
3300,00;0,1663
3299,50;0,1669
3299,00;0,1677
3298,50;0,1686
3298,00;0,1696
3297,50;0,1706
3297,00;0,1713
3296,50;0,1720
3296,00;0,1724
3295,50;0,1729
3295,00;0,1734
3294,50;0,1739
3294,00;0,1744
3293,50;0,1748
3293,00;0,1751
3292,50;0,1754
3292,00;0,1758
3291,50;0,1762
3291,00;0,1766
3290,50;0,1770
3290,00;0,1773
3289,50;0,1777
3289,00;0,1783
3288,50;0,1789
3288,00;0,1795
3287,50;0,1801
3287,00;0,1806
3286,50;0,1810
3286,00;0,1813
3285,50;0,1817
3285,00;0,1821
3284,50;0,1826
3284,00;0,1831
3283,50;0,1835
3283,00;0,1839
3282,50;0,1844
3282,00;0,1850
3281,50;0,1857
3281,00;0,1862
3280,50;0,1868
3280,00;0,1873
3279,50;0,1879
3279,00;0,1886
3278,50;0,1893
3278,00;0,1900
3277,50;0,1905
3277,00;0,1910
3276,50;0,1915
3276,00;0,1921
3275,50;0,1928
3275,00;0,1935
3274,50;0,1942
3274,00;0,1947
3273,50;0,1953
3273,00;0,1960
3272,50;0,1969
3272,00;0,1977
3271,50;0,1985
3271,00;0,1992
3270,50;0,1999
3270,00;0,2007
3269,50;0,2016
3269,00;0,2025
3268,50;0,2031
3268,00;0,2038
3267,50;0,2045
3267,00;0,2053
3266,50;0,2062
3266,00;0,2068
3265,50;0,2073
3265,00;0,2077
3264,50;0,2082
3264,00;0,2089
3263,50;0,2096
3263,00;0,2106
3262,50;0,2117
3262,00;0,2130
3261,50;0,2142
3261,00;0,2153
3260,50;0,2161
3260,00;0,2167
3259,50;0,2172
3259,00;0,2177
3258,50;0,2183
3258,00;0,2190
3257,50;0,2197
3257,00;0,2207
3256,50;0,2218
3256,00;0,2230
3255,50;0,2241
3255,00;0,2252
3254,50;0,2261
3254,00;0,2270
3253,50;0,2279
3253,00;0,2289
3252,50;0,2299
3252,00;0,2308
3251,50;0,2318
3251,00;0,2327
3250,50;0,2336
3250,00;0,2345
3249,50;0,2354
3249,00;0,2362
3248,50;0,2372
3248,00;0,2382
3247,50;0,2395
3247,00;0,2407
3246,50;0,2419
3246,00;0,2429
3245,50;0,2438
3245,00;0,2447
3244,50;0,2456
3244,00;0,2466
3243,50;0,2476
3243,00;0,2486
3242,50;0,2496
3242,00;0,2506
3241,50;0,2517
3241,00;0,2527
3240,50;0,2535
3240,00;0,2542
3239,50;0,2549
3239,00;0,2555
3238,50;0,2562
3238,00;0,2569
3237,50;0,2577
3237,00;0,2586
3236,50;0,2596
3236,00;0,2606
3235,50;0,2615
3235,00;0,2621
3234,50;0,2625
3234,00;0,2628
3233,50;0,2630
3233,00;0,2632
3232,50;0,2635
3232,00;0,2639
3231,50;0,2642
3231,00;0,2645
3230,50;0,2647
3230,00;0,2648
3229,50;0,2647
3229,00;0,2646
3228,50;0,2644
3228,00;0,2643
3227,50;0,2641
3227,00;0,2638
3226,50;0,2634
3226,00;0,2632
3225,50;0,2628
3225,00;0,2623
3224,50;0,2616
3224,00;0,2609
3223,50;0,2602
3223,00;0,2597
3222,50;0,2592
3222,00;0,2587
3221,50;0,2582
3221,00;0,2575
3220,50;0,2568
3220,00;0,2559
3219,50;0,2548
3219,00;0,2537
3218,50;0,2525
3218,00;0,2514
3217,50;0,2504
3217,00;0,2494
3216,50;0,2484
3216,00;0,2473
3215,50;0,2461
3215,00;0,2449
3214,50;0,2438
3214,00;0,2428
3213,50;0,2418
3213,00;0,2406
3212,50;0,2392
3212,00;0,2378
3211,50;0,2366
3211,00;0,2354
3210,50;0,2341
3210,00;0,2327
3209,50;0,2312
3209,00;0,2299
3208,50;0,2288
3208,00;0,2277
3207,50;0,2267
3207,00;0,2258
3206,50;0,2249
3206,00;0,2239
3205,50;0,2230
3205,00;0,2219
3204,50;0,2208
3204,00;0,2197
3203,50;0,2186
3203,00;0,2175
3202,50;0,2164
3202,00;0,2151
3201,50;0,2138
3201,00;0,2126
3200,50;0,2117
3200,00;0,2110
3199,50;0,2105
3199,00;0,2099
3198,50;0,2093
3198,00;0,2085
3197,50;0,2074
3197,00;0,2063
3196,50;0,2053
3196,00;0,2044
3195,50;0,2036
3195,00;0,2029
3194,50;0,2022
3194,00;0,2015
3193,50;0,2007
3193,00;0,1998
3192,50;0,1989
3192,00;0,1980
3191,50;0,1973
3191,00;0,1965
3190,50;0,1959
3190,00;0,1955
3189,50;0,1952
3189,00;0,1948
3188,50;0,1942
3188,00;0,1934
3187,50;0,1925
3187,00;0,1915
3186,50;0,1907
3186,00;0,1900
3185,50;0,1895
3185,00;0,1889
3184,50;0,1884
3184,00;0,1880
3183,50;0,1876
3183,00;0,1872
3182,50;0,1866
3182,00;0,1860
3181,50;0,1854
3181,00;0,1850
3180,50;0,1846
3180,00;0,1842
3179,50;0,1836
3179,00;0,1829
3178,50;0,1822
3178,00;0,1817
3177,50;0,1814
3177,00;0,1811
3176,50;0,1807
3176,00;0,1802
3175,50;0,1797
3175,00;0,1794
3174,50;0,1791
3174,00;0,1788
3173,50;0,1784
3173,00;0,1780
3172,50;0,1775
3172,00;0,1769
3171,50;0,1764
3171,00;0,1760
3170,50;0,1756
3170,00;0,1753
3169,50;0,1750
3169,00;0,1748
3168,50;0,1745
3168,00;0,1740
3167,50;0,1735
3167,00;0,1731
3166,50;0,1727
3166,00;0,1724
3165,50;0,1721
3165,00;0,1717
3164,50;0,1714
3164,00;0,1712
3163,50;0,1709
3163,00;0,1707
3162,50;0,1705
3162,00;0,1704
3161,50;0,1702
3161,00;0,1699
3160,50;0,1695
3160,00;0,1691
3159,50;0,1687
3159,00;0,1683
3158,50;0,1681
3158,00;0,1678
3157,50;0,1675
3157,00;0,1670
3156,50;0,1665
3156,00;0,1660
3155,50;0,1657
3155,00;0,1656
3154,50;0,1655
3154,00;0,1655
3153,50;0,1653
3153,00;0,1649
3152,50;0,1646
3152,00;0,1643
3151,50;0,1641
3151,00;0,1639
3150,50;0,1637
3150,00;0,1635
3149,50;0,1632
3149,00;0,1629
3148,50;0,1625
3148,00;0,1621
3147,50;0,1617
3147,00;0,1614
3146,50;0,1610
3146,00;0,1607
3145,50;0,1603
3145,00;0,1599
3144,50;0,1595
3144,00;0,1591
3143,50;0,1588
3143,00;0,1585
3142,50;0,1583
3142,00;0,1581
3141,50;0,1578
3141,00;0,1573
3140,50;0,1567
3140,00;0,1561
3139,50;0,1555
3139,00;0,1548
3138,50;0,1543
3138,00;0,1540
3137,50;0,1538
3137,00;0,1536
3136,50;0,1533
3136,00;0,1529
3135,50;0,1524
3135,00;0,1520
3134,50;0,1515
3134,00;0,1510
3133,50;0,1504
3133,00;0,1497
3132,50;0,1490
3132,00;0,1483
3131,50;0,1477
3131,00;0,1473
3130,50;0,1468
3130,00;0,1462
3129,50;0,1456
3129,00;0,1450
3128,50;0,1444
3128,00;0,1437
3127,50;0,1429
3127,00;0,1422
3126,50;0,1416
3126,00;0,1411
3125,50;0,1407
3125,00;0,1403
3124,50;0,1397
3124,00;0,1390
3123,50;0,1383
3123,00;0,1377
3122,50;0,1370
3122,00;0,1362
3121,50;0,1353
3121,00;0,1344
3120,50;0,1335
3120,00;0,1326
3119,50;0,1319
3119,00;0,1312
3118,50;0,1306
3118,00;0,1299
3117,50;0,1291
3117,00;0,1282
3116,50;0,1272
3116,00;0,1265
3115,50;0,1258
3115,00;0,1252
3114,50;0,1246
3114,00;0,1237
3113,50;0,1228
3113,00;0,1219
3112,50;0,1211
3112,00;0,1205
3111,50;0,1199
3111,00;0,1193
3110,50;0,1185
3110,00;0,1178
3109,50;0,1169
3109,00;0,1160
3108,50;0,1150
3108,00;0,1141
3107,50;0,1132
3107,00;0,1124
3106,50;0,1115
3106,00;0,1106
3105,50;0,1097
3105,00;0,1088
3104,50;0,1081
3104,00;0,1074
3103,50;0,1066
3103,00;0,1058
3102,50;0,1049
3102,00;0,1039
3101,50;0,1030
3101,00;0,1022
3100,50;0,1014
3100,00;0,1006
3099,50;0,0999
3099,00;0,0992
3098,50;0,0984
3098,00;0,0975
3097,50;0,0966
3097,00;0,0957
3096,50;0,0949
3096,00;0,0941
3095,50;0,0935
3095,00;0,0928
3094,50;0,0921
3094,00;0,0914
3093,50;0,0906
3093,00;0,0897
3092,50;0,0889
3092,00;0,0881
3091,50;0,0873
3091,00;0,0865
3090,50;0,0858
3090,00;0,0851
3089,50;0,0845
3089,00;0,0839
3088,50;0,0832
3088,00;0,0825
3087,50;0,0816
3087,00;0,0809
3086,50;0,0802
3086,00;0,0795
3085,50;0,0788
3085,00;0,0780
3084,50;0,0773
3084,00;0,0767
3083,50;0,0762
3083,00;0,0757
3082,50;0,0750
3082,00;0,0742
3081,50;0,0735
3081,00;0,0729
3080,50;0,0724
3080,00;0,0719
3079,50;0,0715
3079,00;0,0710
3078,50;0,0703
3078,00;0,0697
3077,50;0,0692
3077,00;0,0687
3076,50;0,0682
3076,00;0,0677
3075,50;0,0671
3075,00;0,0665
3074,50;0,0661
3074,00;0,0656
3073,50;0,0651
3073,00;0,0645
3072,50;0,0639
3072,00;0,0633
3071,50;0,0628
3071,00;0,0624
3070,50;0,0621
3070,00;0,0617
3069,50;0,0614
3069,00;0,0612
3068,50;0,0611
3068,00;0,0608
3067,50;0,0601
3067,00;0,0591
3066,50;0,0580
3066,00;0,0574
3065,50;0,0572
3065,00;0,0573
3064,50;0,0574
3064,00;0,0573
3063,50;0,0570
3063,00;0,0567
3062,50;0,0563
3062,00;0,0558
3061,50;0,0553
3061,00;0,0550
3060,50;0,0547
3060,00;0,0545
3059,50;0,0542
3059,00;0,0539
3058,50;0,0535
3058,00;0,0531
3057,50;0,0527
3057,00;0,0525
3056,50;0,0524
3056,00;0,0522
3055,50;0,0519
3055,00;0,0516
3054,50;0,0513
3054,00;0,0510
3053,50;0,0507
3053,00;0,0505
3052,50;0,0502
3052,00;0,0500
3051,50;0,0497
3051,00;0,0494
3050,50;0,0492
3050,00;0,0489
3049,50;0,0487
3049,00;0,0485
3048,50;0,0483
3048,00;0,0479
3047,50;0,0475
3047,00;0,0473
3046,50;0,0471
3046,00;0,0470
3045,50;0,0468
3045,00;0,0464
3044,50;0,0461
3044,00;0,0459
3043,50;0,0458
3043,00;0,0458
3042,50;0,0457
3042,00;0,0455
3041,50;0,0452
3041,00;0,0449
3040,50;0,0447
3040,00;0,0445
3039,50;0,0444
3039,00;0,0443
3038,50;0,0442
3038,00;0,0440
3037,50;0,0436
3037,00;0,0433
3036,50;0,0431
3036,00;0,0430
3035,50;0,0428
3035,00;0,0427
3034,50;0,0425
3034,00;0,0424
3033,50;0,0422
3033,00;0,0420
3032,50;0,0418
3032,00;0,0417
3031,50;0,0414
3031,00;0,0412
3030,50;0,0409
3030,00;0,0407
3029,50;0,0406
3029,00;0,0405
3028,50;0,0404
3028,00;0,0402
3027,50;0,0401
3027,00;0,0399
3026,50;0,0397
3026,00;0,0395
3025,50;0,0394
3025,00;0,0393
3024,50;0,0392
3024,00;0,0391
3023,50;0,0390
3023,00;0,0390
3022,50;0,0390
3022,00;0,0390
3021,50;0,0389
3021,00;0,0387
3020,50;0,0385
3020,00;0,0384
3019,50;0,0382
3019,00;0,0381
3018,50;0,0379
3018,00;0,0378
3017,50;0,0378
3017,00;0,0377
3016,50;0,0377
3016,00;0,0375
3015,50;0,0372
3015,00;0,0369
3014,50;0,0367
3014,00;0,0366
3013,50;0,0365
3013,00;0,0363
3012,50;0,0362
3012,00;0,0360
3011,50;0,0360
3011,00;0,0359
3010,50;0,0360
3010,00;0,0361
3009,50;0,0362
3009,00;0,0362
3008,50;0,0360
3008,00;0,0356
3007,50;0,0354
3007,00;0,0352
3006,50;0,0351
3006,00;0,0350
3005,50;0,0350
3005,00;0,0351
3004,50;0,0350
3004,00;0,0349
3003,50;0,0347
3003,00;0,0345
3002,50;0,0343
3002,00;0,0341
3001,50;0,0341
3001,00;0,0340
3000,50;0,0341
3000,00;0,0342
2999,50;0,0343
2999,00;0,0343
2998,50;0,0341
2998,00;0,0338
2997,50;0,0335
2997,00;0,0333
2996,50;0,0333
2996,00;0,0334
2995,50;0,0333
2995,00;0,0332
2994,50;0,0331
2994,00;0,0331
2993,50;0,0330
2993,00;0,0329
2992,50;0,0328
2992,00;0,0327
2991,50;0,0327
2991,00;0,0327
2990,50;0,0326
2990,00;0,0326
2989,50;0,0325
2989,00;0,0325
2988,50;0,0324
2988,00;0,0322
2987,50;0,0320
2987,00;0,0318
2986,50;0,0317
2986,00;0,0318
2985,50;0,0319
2985,00;0,0319
2984,50;0,0318
2984,00;0,0316
2983,50;0,0314
2983,00;0,0313
2982,50;0,0314
2982,00;0,0314
2981,50;0,0313
2981,00;0,0312
2980,50;0,0311
2980,00;0,0310
2979,50;0,0311
2979,00;0,0310
2978,50;0,0310
2978,00;0,0309
2977,50;0,0308
2977,00;0,0306
2976,50;0,0305
2976,00;0,0303
2975,50;0,0302
2975,00;0,0302
2974,50;0,0301
2974,00;0,0300
2973,50;0,0298
2973,00;0,0297
2972,50;0,0296
2972,00;0,0295
2971,50;0,0295
2971,00;0,0294
2970,50;0,0293
2970,00;0,0293
2969,50;0,0294
2969,00;0,0294
2968,50;0,0295
2968,00;0,0294
2967,50;0,0294
2967,00;0,0292
2966,50;0,0290
2966,00;0,0289
2965,50;0,0289
2965,00;0,0289
2964,50;0,0289
2964,00;0,0289
2963,50;0,0289
2963,00;0,0289
2962,50;0,0288
2962,00;0,0286
2961,50;0,0283
2961,00;0,0281
2960,50;0,0281
2960,00;0,0282
2959,50;0,0284
2959,00;0,0286
2958,50;0,0287
2958,00;0,0286
2957,50;0,0284
2957,00;0,0281
2956,50;0,0279
2956,00;0,0279
2955,50;0,0280
2955,00;0,0281
2954,50;0,0281
2954,00;0,0280
2953,50;0,0278
2953,00;0,0277
2952,50;0,0276
2952,00;0,0275
2951,50;0,0275
2951,00;0,0275
2950,50;0,0275
2950,00;0,0274
2949,50;0,0274
2949,00;0,0274
2948,50;0,0273
2948,00;0,0272
2947,50;0,0270
2947,00;0,0269
2946,50;0,0268
2946,00;0,0268
2945,50;0,0269
2945,00;0,0269
2944,50;0,0268
2944,00;0,0267
2943,50;0,0266
2943,00;0,0266
2942,50;0,0266
2942,00;0,0267
2941,50;0,0268
2941,00;0,0267
2940,50;0,0265
2940,00;0,0263
2939,50;0,0262
2939,00;0,0262
2938,50;0,0263
2938,00;0,0264
2937,50;0,0263
2937,00;0,0261
2936,50;0,0258
2936,00;0,0256
2935,50;0,0254
2935,00;0,0254
2934,50;0,0255
2934,00;0,0257
2933,50;0,0259
2933,00;0,0260
2932,50;0,0261
2932,00;0,0261
2931,50;0,0260
2931,00;0,0257
2930,50;0,0253
2930,00;0,0250
2929,50;0,0248
2929,00;0,0249
2928,50;0,0250
2928,00;0,0250
2927,50;0,0251
2927,00;0,0250
2926,50;0,0249
2926,00;0,0247
2925,50;0,0245
2925,00;0,0243
2924,50;0,0244
2924,00;0,0245
2923,50;0,0245
2923,00;0,0245
2922,50;0,0245
2922,00;0,0245
2921,50;0,0245
2921,00;0,0247
2920,50;0,0248
2920,00;0,0248
2919,50;0,0248
2919,00;0,0248
2918,50;0,0250
2918,00;0,0253
2917,50;0,0256
2917,00;0,0259
2916,50;0,0261
2916,00;0,0262
2915,50;0,0262
2915,00;0,0261
2914,50;0,0259
2914,00;0,0258
2913,50;0,0258
2913,00;0,0259
2912,50;0,0259
2912,00;0,0259
2911,50;0,0258
2911,00;0,0257
2910,50;0,0255
2910,00;0,0251
2909,50;0,0248
2909,00;0,0246
2908,50;0,0245
2908,00;0,0245
2907,50;0,0245
2907,00;0,0246
2906,50;0,0246
2906,00;0,0246
2905,50;0,0245
2905,00;0,0243
2904,50;0,0241
2904,00;0,0239
2903,50;0,0238
2903,00;0,0239
2902,50;0,0240
2902,00;0,0241
2901,50;0,0242
2901,00;0,0242
2900,50;0,0241
2900,00;0,0239
2899,50;0,0237
2899,00;0,0236
2898,50;0,0236
2898,00;0,0237
2897,50;0,0237
2897,00;0,0237
2896,50;0,0237
2896,00;0,0236
2895,50;0,0236
2895,00;0,0235
2894,50;0,0235
2894,00;0,0235
2893,50;0,0235
2893,00;0,0235
2892,50;0,0234
2892,00;0,0235
2891,50;0,0236
2891,00;0,0237
2890,50;0,0238
2890,00;0,0239
2889,50;0,0239
2889,00;0,0237
2888,50;0,0235
2888,00;0,0233
2887,50;0,0232
2887,00;0,0232
2886,50;0,0232
2886,00;0,0233
2885,50;0,0233
2885,00;0,0233
2884,50;0,0234
2884,00;0,0235
2883,50;0,0235
2883,00;0,0235
2882,50;0,0234
2882,00;0,0234
2881,50;0,0234
2881,00;0,0234
2880,50;0,0233
2880,00;0,0232
2879,50;0,0231
2879,00;0,0230
2878,50;0,0229
2878,00;0,0229
2877,50;0,0229
2877,00;0,0229
2876,50;0,0229
2876,00;0,0230
2875,50;0,0230
2875,00;0,0230
2874,50;0,0229
2874,00;0,0229
2873,50;0,0228
2873,00;0,0228
2872,50;0,0227
2872,00;0,0227
2871,50;0,0228
2871,00;0,0229
2870,50;0,0229
2870,00;0,0229
2869,50;0,0228
2869,00;0,0226
2868,50;0,0225
2868,00;0,0224
2867,50;0,0223
2867,00;0,0223
2866,50;0,0224
2866,00;0,0225
2865,50;0,0225
2865,00;0,0224
2864,50;0,0223
2864,00;0,0223
2863,50;0,0224
2863,00;0,0226
2862,50;0,0226
2862,00;0,0226
2861,50;0,0225
2861,00;0,0224
2860,50;0,0224
2860,00;0,0224
2859,50;0,0224
2859,00;0,0224
2858,50;0,0223
2858,00;0,0222
2857,50;0,0221
2857,00;0,0220
2856,50;0,0219
2856,00;0,0219
2855,50;0,0220
2855,00;0,0220
2854,50;0,0220
2854,00;0,0220
2853,50;0,0220
2853,00;0,0220
2852,50;0,0219
2852,00;0,0218
2851,50;0,0218
2851,00;0,0220
2850,50;0,0222
2850,00;0,0226
2849,50;0,0230
2849,00;0,0234
2848,50;0,0237
2848,00;0,0239
2847,50;0,0240
2847,00;0,0240
2846,50;0,0238
2846,00;0,0236
2845,50;0,0233
2845,00;0,0231
2844,50;0,0229
2844,00;0,0226
2843,50;0,0224
2843,00;0,0222
2842,50;0,0221
2842,00;0,0220
2841,50;0,0220
2841,00;0,0221
2840,50;0,0221
2840,00;0,0220
2839,50;0,0220
2839,00;0,0219
2838,50;0,0218
2838,00;0,0218
2837,50;0,0218
2837,00;0,0219
2836,50;0,0219
2836,00;0,0219
2835,50;0,0219
2835,00;0,0220
2834,50;0,0220
2834,00;0,0221
2833,50;0,0220
2833,00;0,0219
2832,50;0,0218
2832,00;0,0217
2831,50;0,0216
2831,00;0,0216
2830,50;0,0217
2830,00;0,0217
2829,50;0,0218
2829,00;0,0219
2828,50;0,0219
2828,00;0,0219
2827,50;0,0218
2827,00;0,0218
2826,50;0,0217
2826,00;0,0217
2825,50;0,0217
2825,00;0,0218
2824,50;0,0219
2824,00;0,0220
2823,50;0,0220
2823,00;0,0219
2822,50;0,0218
2822,00;0,0217
2821,50;0,0216
2821,00;0,0216
2820,50;0,0215
2820,00;0,0215
2819,50;0,0215
2819,00;0,0215
2818,50;0,0215
2818,00;0,0216
2817,50;0,0217
2817,00;0,0218
2816,50;0,0219
2816,00;0,0218
2815,50;0,0218
2815,00;0,0218
2814,50;0,0217
2814,00;0,0216
2813,50;0,0217
2813,00;0,0217
2812,50;0,0217
2812,00;0,0217
2811,50;0,0217
2811,00;0,0218
2810,50;0,0219
2810,00;0,0220
2809,50;0,0220
2809,00;0,0219
2808,50;0,0218
2808,00;0,0217
2807,50;0,0216
2807,00;0,0216
2806,50;0,0216
2806,00;0,0215
2805,50;0,0214
2805,00;0,0213
2804,50;0,0213
2804,00;0,0214
2803,50;0,0215
2803,00;0,0216
2802,50;0,0216
2802,00;0,0217
2801,50;0,0218
2801,00;0,0218
2800,50;0,0218
2800,00;0,0217
2799,50;0,0216
2799,00;0,0216
2798,50;0,0216
2798,00;0,0216
2797,50;0,0217
2797,00;0,0217
2796,50;0,0216
2796,00;0,0215
2795,50;0,0214
2795,00;0,0213
2794,50;0,0213
2794,00;0,0213
2793,50;0,0213
2793,00;0,0213
2792,50;0,0213
2792,00;0,0213
2791,50;0,0214
2791,00;0,0215
2790,50;0,0215
2790,00;0,0216
2789,50;0,0216
2789,00;0,0216
2788,50;0,0216
2788,00;0,0215
2787,50;0,0215
2787,00;0,0215
2786,50;0,0214
2786,00;0,0214
2785,50;0,0215
2785,00;0,0215
2784,50;0,0214
2784,00;0,0212
2783,50;0,0212
2783,00;0,0212
2782,50;0,0212
2782,00;0,0213
2781,50;0,0214
2781,00;0,0214
2780,50;0,0214
2780,00;0,0213
2779,50;0,0212
2779,00;0,0211
2778,50;0,0211
2778,00;0,0211
2777,50;0,0211
2777,00;0,0212
2776,50;0,0212
2776,00;0,0213
2775,50;0,0214
2775,00;0,0215
2774,50;0,0215
2774,00;0,0214
2773,50;0,0214
2773,00;0,0213
2772,50;0,0213
2772,00;0,0213
2771,50;0,0214
2771,00;0,0215
2770,50;0,0217
2770,00;0,0218
2769,50;0,0217
2769,00;0,0216
2768,50;0,0214
2768,00;0,0212
2767,50;0,0210
2767,00;0,0210
2766,50;0,0210
2766,00;0,0211
2765,50;0,0212
2765,00;0,0212
2764,50;0,0212
2764,00;0,0212
2763,50;0,0212
2763,00;0,0212
2762,50;0,0213
2762,00;0,0215
2761,50;0,0216
2761,00;0,0216
2760,50;0,0216
2760,00;0,0216
2759,50;0,0215
2759,00;0,0214
2758,50;0,0213
2758,00;0,0214
2757,50;0,0215
2757,00;0,0215
2756,50;0,0215
2756,00;0,0214
2755,50;0,0214
2755,00;0,0214
2754,50;0,0214
2754,00;0,0213
2753,50;0,0212
2753,00;0,0211
2752,50;0,0210
2752,00;0,0210
2751,50;0,0211
2751,00;0,0212
2750,50;0,0214
2750,00;0,0215
2749,50;0,0216
2749,00;0,0216
2748,50;0,0216
2748,00;0,0215
2747,50;0,0215
2747,00;0,0216
2746,50;0,0216
2746,00;0,0216
2745,50;0,0216
2745,00;0,0215
2744,50;0,0215
2744,00;0,0215
2743,50;0,0215
2743,00;0,0214
2742,50;0,0213
2742,00;0,0212
2741,50;0,0212
2741,00;0,0213
2740,50;0,0214
2740,00;0,0213
2739,50;0,0213
2739,00;0,0211
2738,50;0,0211
2738,00;0,0211
2737,50;0,0211
2737,00;0,0212
2736,50;0,0212
2736,00;0,0213
2735,50;0,0214
2735,00;0,0214
2734,50;0,0214
2734,00;0,0215
2733,50;0,0215
2733,00;0,0215
2732,50;0,0216
2732,00;0,0215
2731,50;0,0214
2731,00;0,0213
2730,50;0,0212
2730,00;0,0212
2729,50;0,0213
2729,00;0,0214
2728,50;0,0214
2728,00;0,0214
2727,50;0,0213
2727,00;0,0213
2726,50;0,0213
2726,00;0,0213
2725,50;0,0214
2725,00;0,0214
2724,50;0,0214
2724,00;0,0214
2723,50;0,0214
2723,00;0,0213
2722,50;0,0213
2722,00;0,0214
2721,50;0,0214
2721,00;0,0214
2720,50;0,0213
2720,00;0,0212
2719,50;0,0212
2719,00;0,0212
2718,50;0,0213
2718,00;0,0214
2717,50;0,0214
2717,00;0,0215
2716,50;0,0215
2716,00;0,0214
2715,50;0,0214
2715,00;0,0213
2714,50;0,0212
2714,00;0,0211
2713,50;0,0211
2713,00;0,0211
2712,50;0,0212
2712,00;0,0214
2711,50;0,0215
2711,00;0,0216
2710,50;0,0215
2710,00;0,0214
2709,50;0,0213
2709,00;0,0213
2708,50;0,0213
2708,00;0,0212
2707,50;0,0212
2707,00;0,0212
2706,50;0,0213
2706,00;0,0213
2705,50;0,0214
2705,00;0,0214
2704,50;0,0214
2704,00;0,0215
2703,50;0,0215
2703,00;0,0215
2702,50;0,0214
2702,00;0,0214
2701,50;0,0214
2701,00;0,0214
2700,50;0,0214
2700,00;0,0214
2699,50;0,0213
2699,00;0,0213
2698,50;0,0213
2698,00;0,0213
2697,50;0,0213
2697,00;0,0214
2696,50;0,0215
2696,00;0,0216
2695,50;0,0216
2695,00;0,0216
2694,50;0,0216
2694,00;0,0215
2693,50;0,0215
2693,00;0,0215
2692,50;0,0215
2692,00;0,0216
2691,50;0,0217
2691,00;0,0218
2690,50;0,0218
2690,00;0,0216
2689,50;0,0214
2689,00;0,0213
2688,50;0,0212
2688,00;0,0212
2687,50;0,0213
2687,00;0,0214
2686,50;0,0214
2686,00;0,0215
2685,50;0,0216
2685,00;0,0217
2684,50;0,0216
2684,00;0,0215
2683,50;0,0214
2683,00;0,0213
2682,50;0,0214
2682,00;0,0215
2681,50;0,0216
2681,00;0,0217
2680,50;0,0217
2680,00;0,0217
2679,50;0,0216
2679,00;0,0216
2678,50;0,0215
2678,00;0,0215
2677,50;0,0214
2677,00;0,0214
2676,50;0,0215
2676,00;0,0216
2675,50;0,0217
2675,00;0,0217
2674,50;0,0217
2674,00;0,0216
2673,50;0,0216
2673,00;0,0216
2672,50;0,0216
2672,00;0,0215
2671,50;0,0215
2671,00;0,0216
2670,50;0,0218
2670,00;0,0219
2669,50;0,0220
2669,00;0,0220
2668,50;0,0219
2668,00;0,0217
2667,50;0,0215
2667,00;0,0215
2666,50;0,0215
2666,00;0,0217
2665,50;0,0218
2665,00;0,0218
2664,50;0,0217
2664,00;0,0216
2663,50;0,0216
2663,00;0,0216
2662,50;0,0216
2662,00;0,0216
2661,50;0,0215
2661,00;0,0214
2660,50;0,0213
2660,00;0,0213
2659,50;0,0213
2659,00;0,0213
2658,50;0,0213
2658,00;0,0212
2657,50;0,0212
2657,00;0,0211
2656,50;0,0212
2656,00;0,0214
2655,50;0,0216
2655,00;0,0217
2654,50;0,0218
2654,00;0,0217
2653,50;0,0216
2653,00;0,0216
2652,50;0,0215
2652,00;0,0215
2651,50;0,0213
2651,00;0,0212
2650,50;0,0211
2650,00;0,0212
2649,50;0,0213
2649,00;0,0214
2648,50;0,0213
2648,00;0,0213
2647,50;0,0213
2647,00;0,0213
2646,50;0,0215
2646,00;0,0215
2645,50;0,0215
2645,00;0,0215
2644,50;0,0214
2644,00;0,0213
2643,50;0,0213
2643,00;0,0214
2642,50;0,0215
2642,00;0,0216
2641,50;0,0217
2641,00;0,0218
2640,50;0,0217
2640,00;0,0217
2639,50;0,0216
2639,00;0,0216
2638,50;0,0216
2638,00;0,0216
2637,50;0,0215
2637,00;0,0214
2636,50;0,0214
2636,00;0,0215
2635,50;0,0216
2635,00;0,0218
2634,50;0,0219
2634,00;0,0218
2633,50;0,0216
2633,00;0,0214
2632,50;0,0214
2632,00;0,0213
2631,50;0,0213
2631,00;0,0214
2630,50;0,0215
2630,00;0,0217
2629,50;0,0218
2629,00;0,0218
2628,50;0,0218
2628,00;0,0218
2627,50;0,0217
2627,00;0,0217
2626,50;0,0217
2626,00;0,0216
2625,50;0,0216
2625,00;0,0216
2624,50;0,0216
2624,00;0,0216
2623,50;0,0216
2623,00;0,0216
2622,50;0,0215
2622,00;0,0215
2621,50;0,0215
2621,00;0,0216
2620,50;0,0216
2620,00;0,0216
2619,50;0,0215
2619,00;0,0215
2618,50;0,0215
2618,00;0,0216
2617,50;0,0216
2617,00;0,0217
2616,50;0,0217
2616,00;0,0217
2615,50;0,0217
2615,00;0,0218
2614,50;0,0220
2614,00;0,0220
2613,50;0,0218
2613,00;0,0216
2612,50;0,0215
2612,00;0,0217
2611,50;0,0219
2611,00;0,0221
2610,50;0,0222
2610,00;0,0221
2609,50;0,0219
2609,00;0,0217
2608,50;0,0217
2608,00;0,0219
2607,50;0,0221
2607,00;0,0221
2606,50;0,0221
2606,00;0,0220
2605,50;0,0219
2605,00;0,0219
2604,50;0,0220
2604,00;0,0222
2603,50;0,0223
2603,00;0,0224
2602,50;0,0224
2602,00;0,0223
2601,50;0,0221
2601,00;0,0219
2600,50;0,0216
2600,00;0,0213
2599,50;0,0212
2599,00;0,0211
2598,50;0,0212
2598,00;0,0215
2597,50;0,0219
2597,00;0,0222
2596,50;0,0224
2596,00;0,0224
2595,50;0,0223
2595,00;0,0221
2594,50;0,0220
2594,00;0,0220
2593,50;0,0223
2593,00;0,0228
2592,50;0,0231
2592,00;0,0233
2591,50;0,0231
2591,00;0,0228
2590,50;0,0225
2590,00;0,0223
2589,50;0,0222
2589,00;0,0221
2588,50;0,0219
2588,00;0,0218
2587,50;0,0218
2587,00;0,0221
2586,50;0,0224
2586,00;0,0226
2585,50;0,0227
2585,00;0,0226
2584,50;0,0225
2584,00;0,0225
2583,50;0,0225
2583,00;0,0226
2582,50;0,0227
2582,00;0,0227
2581,50;0,0226
2581,00;0,0224
2580,50;0,0222
2580,00;0,0220
2579,50;0,0219
2579,00;0,0219
2578,50;0,0220
2578,00;0,0220
2577,50;0,0221
2577,00;0,0221
2576,50;0,0223
2576,00;0,0226
2575,50;0,0228
2575,00;0,0229
2574,50;0,0229
2574,00;0,0228
2573,50;0,0228
2573,00;0,0228
2572,50;0,0228
2572,00;0,0229
2571,50;0,0229
2571,00;0,0228
2570,50;0,0227
2570,00;0,0225
2569,50;0,0224
2569,00;0,0224
2568,50;0,0224
2568,00;0,0223
2567,50;0,0223
2567,00;0,0224
2566,50;0,0226
2566,00;0,0229
2565,50;0,0229
2565,00;0,0228
2564,50;0,0226
2564,00;0,0225
2563,50;0,0225
2563,00;0,0226
2562,50;0,0228
2562,00;0,0230
2561,50;0,0232
2561,00;0,0235
2560,50;0,0238
2560,00;0,0238
2559,50;0,0235
2559,00;0,0231
2558,50;0,0228
2558,00;0,0228
2557,50;0,0231
2557,00;0,0234
2556,50;0,0236
2556,00;0,0236
2555,50;0,0234
2555,00;0,0232
2554,50;0,0232
2554,00;0,0232
2553,50;0,0231
2553,00;0,0227
2552,50;0,0223
2552,00;0,0222
2551,50;0,0223
2551,00;0,0227
2550,50;0,0231
2550,00;0,0234
2549,50;0,0237
2549,00;0,0239
2548,50;0,0240
2548,00;0,0238
2547,50;0,0235
2547,00;0,0231
2546,50;0,0230
2546,00;0,0231
2545,50;0,0231
2545,00;0,0231
2544,50;0,0230
2544,00;0,0229
2543,50;0,0230
2543,00;0,0230
2542,50;0,0230
2542,00;0,0230
2541,50;0,0231
2541,00;0,0234
2540,50;0,0237
2540,00;0,0239
2539,50;0,0238
2539,00;0,0235
2538,50;0,0229
2538,00;0,0224
2537,50;0,0222
2537,00;0,0223
2536,50;0,0226
2536,00;0,0229
2535,50;0,0233
2535,00;0,0234
2534,50;0,0234
2534,00;0,0232
2533,50;0,0231
2533,00;0,0230
2532,50;0,0231
2532,00;0,0231
2531,50;0,0230
2531,00;0,0229
2530,50;0,0230
2530,00;0,0234
2529,50;0,0238
2529,00;0,0242
2528,50;0,0244
2528,00;0,0244
2527,50;0,0242
2527,00;0,0240
2526,50;0,0238
2526,00;0,0237
2525,50;0,0238
2525,00;0,0240
2524,50;0,0241
2524,00;0,0240
2523,50;0,0240
2523,00;0,0241
2522,50;0,0242
2522,00;0,0241
2521,50;0,0237
2521,00;0,0231
2520,50;0,0228
2520,00;0,0229
2519,50;0,0233
2519,00;0,0237
2518,50;0,0240
2518,00;0,0240
2517,50;0,0240
2517,00;0,0238
2516,50;0,0235
2516,00;0,0231
2515,50;0,0229
2515,00;0,0229
2514,50;0,0233
2514,00;0,0238
2513,50;0,0244
2513,00;0,0250
2512,50;0,0252
2512,00;0,0250
2511,50;0,0244
2511,00;0,0237
2510,50;0,0234
2510,00;0,0236
2509,50;0,0242
2509,00;0,0248
2508,50;0,0255
2508,00;0,0259
2507,50;0,0258
2507,00;0,0252
2506,50;0,0242
2506,00;0,0233
2505,50;0,0228
2505,00;0,0229
2504,50;0,0235
2504,00;0,0242
2503,50;0,0248
2503,00;0,0250
2502,50;0,0250
2502,00;0,0249
2501,50;0,0247
2501,00;0,0246
2500,50;0,0245
2500,00;0,0244
2499,50;0,0244
2499,00;0,0247
2498,50;0,0252
2498,00;0,0258
2497,50;0,0262
2497,00;0,0260
2496,50;0,0254
2496,00;0,0247
2495,50;0,0242
2495,00;0,0241
2494,50;0,0245
2494,00;0,0253
2493,50;0,0261
2493,00;0,0265
2492,50;0,0265
2492,00;0,0261
2491,50;0,0254
2491,00;0,0245
2490,50;0,0238
2490,00;0,0236
2489,50;0,0239
2489,00;0,0248
2488,50;0,0257
2488,00;0,0265
2487,50;0,0268
2487,00;0,0265
2486,50;0,0259
2486,00;0,0254
2485,50;0,0251
2485,00;0,0251
2484,50;0,0252
2484,00;0,0256
2483,50;0,0263
2483,00;0,0269
2482,50;0,0271
2482,00;0,0268
2481,50;0,0261
2481,00;0,0254
2480,50;0,0249
2480,00;0,0247
2479,50;0,0249
2479,00;0,0254
2478,50;0,0260
2478,00;0,0266
2477,50;0,0270
2477,00;0,0271
2476,50;0,0270
2476,00;0,0267
2475,50;0,0263
2475,00;0,0260
2474,50;0,0258
2474,00;0,0259
2473,50;0,0262
2473,00;0,0268
2472,50;0,0275
2472,00;0,0279
2471,50;0,0280
2471,00;0,0277
2470,50;0,0273
2470,00;0,0268
2469,50;0,0266
2469,00;0,0265
2468,50;0,0268
2468,00;0,0273
2467,50;0,0279
2467,00;0,0281
2466,50;0,0279
2466,00;0,0274
2465,50;0,0269
2465,00;0,0267
2464,50;0,0266
2464,00;0,0267
2463,50;0,0270
2463,00;0,0275
2462,50;0,0280
2462,00;0,0282
2461,50;0,0281
2461,00;0,0278
2460,50;0,0274
2460,00;0,0271
2459,50;0,0269
2459,00;0,0269
2458,50;0,0270
2458,00;0,0274
2457,50;0,0279
2457,00;0,0284
2456,50;0,0285
2456,00;0,0281
2455,50;0,0275
2455,00;0,0269
2454,50;0,0266
2454,00;0,0267
2453,50;0,0271
2453,00;0,0277
2452,50;0,0282
2452,00;0,0284
2451,50;0,0284
2451,00;0,0281
2450,50;0,0277
2450,00;0,0273
2449,50;0,0271
2449,00;0,0269
2448,50;0,0271
2448,00;0,0274
2447,50;0,0278
2447,00;0,0280
2446,50;0,0282
2446,00;0,0282
2445,50;0,0283
2445,00;0,0283
2444,50;0,0281
2444,00;0,0277
2443,50;0,0274
2443,00;0,0273
2442,50;0,0275
2442,00;0,0278
2441,50;0,0281
2441,00;0,0281
2440,50;0,0278
2440,00;0,0273
2439,50;0,0269
2439,00;0,0266
2438,50;0,0265
2438,00;0,0265
2437,50;0,0266
2437,00;0,0269
2436,50;0,0272
2436,00;0,0274
2435,50;0,0275
2435,00;0,0274
2434,50;0,0272
2434,00;0,0271
2433,50;0,0270
2433,00;0,0270
2432,50;0,0269
2432,00;0,0270
2431,50;0,0271
2431,00;0,0273
2430,50;0,0274
2430,00;0,0272
2429,50;0,0269
2429,00;0,0265
2428,50;0,0262
2428,00;0,0262
2427,50;0,0264
2427,00;0,0267
2426,50;0,0270
2426,00;0,0271
2425,50;0,0269
2425,00;0,0266
2424,50;0,0263
2424,00;0,0261
2423,50;0,0261
2423,00;0,0261
2422,50;0,0263
2422,00;0,0266
2421,50;0,0270
2421,00;0,0273
2420,50;0,0274
2420,00;0,0274
2419,50;0,0274
2419,00;0,0274
2418,50;0,0271
2418,00;0,0267
2417,50;0,0263
2417,00;0,0261
2416,50;0,0264
2416,00;0,0268
2415,50;0,0272
2415,00;0,0273
2414,50;0,0272
2414,00;0,0268
2413,50;0,0264
2413,00;0,0261
2412,50;0,0259
2412,00;0,0258
2411,50;0,0260
2411,00;0,0264
2410,50;0,0269
2410,00;0,0272
2409,50;0,0272
2409,00;0,0270
2408,50;0,0267
2408,00;0,0264
2407,50;0,0261
2407,00;0,0260
2406,50;0,0262
2406,00;0,0264
2405,50;0,0267
2405,00;0,0270
2404,50;0,0273
2404,00;0,0273
2403,50;0,0271
2403,00;0,0269
2402,50;0,0266
2402,00;0,0264
2401,50;0,0262
2401,00;0,0262
2400,50;0,0263
2400,00;0,0264
2399,50;0,0264
2399,00;0,0263
2398,50;0,0262
2398,00;0,0261
2397,50;0,0261
2397,00;0,0261
2396,50;0,0262
2396,00;0,0263
2395,50;0,0265
2395,00;0,0268
2394,50;0,0270
2394,00;0,0271
2393,50;0,0270
2393,00;0,0269
2392,50;0,0268
2392,00;0,0267
2391,50;0,0265
2391,00;0,0266
2390,50;0,0268
2390,00;0,0271
2389,50;0,0274
2389,00;0,0276
2388,50;0,0277
2388,00;0,0276
2387,50;0,0275
2387,00;0,0274
2386,50;0,0276
2386,00;0,0279
2385,50;0,0284
2385,00;0,0289
2384,50;0,0293
2384,00;0,0297
2383,50;0,0300
2383,00;0,0301
2382,50;0,0302
2382,00;0,0303
2381,50;0,0305
2381,00;0,0309
2380,50;0,0314
2380,00;0,0320
2379,50;0,0326
2379,00;0,0330
2378,50;0,0333
2378,00;0,0335
2377,50;0,0337
2377,00;0,0340
2376,50;0,0345
2376,00;0,0348
2375,50;0,0352
2375,00;0,0355
2374,50;0,0359
2374,00;0,0364
2373,50;0,0368
2373,00;0,0373
2372,50;0,0376
2372,00;0,0379
2371,50;0,0382
2371,00;0,0385
2370,50;0,0389
2370,00;0,0393
2369,50;0,0398
2369,00;0,0403
2368,50;0,0405
2368,00;0,0409
2367,50;0,0409
2367,00;0,0407
2366,50;0,0407
2366,00;0,0404
2365,50;0,0406
2365,00;0,0409
2364,50;0,0411
2364,00;0,0418
2363,50;0,0421
2363,00;0,0425
2362,50;0,0428
2362,00;0,0430
2361,50;0,0430
2361,00;0,0429
2360,50;0,0424
2360,00;0,0425
2359,50;0,0419
2359,00;0,0414
2358,50;0,0421
2358,00;0,0426
2357,50;0,0427
2357,00;0,0432
2356,50;0,0424
2356,00;0,0412
2355,50;0,0418
2355,00;0,0418
2354,50;0,0421
2354,00;0,0422
2353,50;0,0423
2353,00;0,0423
2352,50;0,0424
2352,00;0,0426
2351,50;0,0428
2351,00;0,0431
2350,50;0,0435
2350,00;0,0436
2349,50;0,0444
2349,00;0,0442
2348,50;0,0468
2348,00;0,0499
2347,50;0,0497
2347,00;0,0505
2346,50;0,0507
2346,00;0,0509
2345,50;0,0504
2345,00;0,0498
2344,50;0,0492
2344,00;0,0484
2343,50;0,0476
2343,00;0,0470
2342,50;0,0464
2342,00;0,0456
2341,50;0,0450
2341,00;0,0445
2340,50;0,0437
2340,00;0,0428
2339,50;0,0422
2339,00;0,0415
2338,50;0,0407
2338,00;0,0403
2337,50;0,0400
2337,00;0,0399
2336,50;0,0392
2336,00;0,0409
2335,50;0,0428
2335,00;0,0424
2334,50;0,0430
2334,00;0,0431
2333,50;0,0432
2333,00;0,0434
2332,50;0,0439
2332,00;0,0444
2331,50;0,0446
2331,00;0,0445
2330,50;0,0445
2330,00;0,0445
2329,50;0,0441
2329,00;0,0438
2328,50;0,0440
2328,00;0,0441
2327,50;0,0434
2327,00;0,0427
2326,50;0,0429
2326,00;0,0428
2325,50;0,0421
2325,00;0,0422
2324,50;0,0430
2324,00;0,0430
2323,50;0,0423
2323,00;0,0424
2322,50;0,0431
2322,00;0,0425
2321,50;0,0415
2321,00;0,0419
2320,50;0,0425
2320,00;0,0420
2319,50;0,0406
2319,00;0,0397
2318,50;0,0398
2318,00;0,0397
2317,50;0,0393
2317,00;0,0392
2316,50;0,0396
2316,00;0,0399
2315,50;0,0395
2315,00;0,0389
2314,50;0,0387
2314,00;0,0387
2313,50;0,0383
2313,00;0,0380
2312,50;0,0382
2312,00;0,0385
2311,50;0,0384
2311,00;0,0382
2310,50;0,0382
2310,00;0,0382
2309,50;0,0377
2309,00;0,0371
2308,50;0,0368
2308,00;0,0368
2307,50;0,0366
2307,00;0,0362
2306,50;0,0360
2306,00;0,0360
2305,50;0,0359
2305,00;0,0358
2304,50;0,0357
2304,00;0,0357
2303,50;0,0354
2303,00;0,0349
2302,50;0,0344
2302,00;0,0351
2301,50;0,0359
2301,00;0,0356
2300,50;0,0359
2300,00;0,0358
2299,50;0,0355
2299,00;0,0348
2298,50;0,0345
2298,00;0,0345
2297,50;0,0344
2297,00;0,0341
2296,50;0,0339
2296,00;0,0341
2295,50;0,0343
2295,00;0,0342
2294,50;0,0340
2294,00;0,0337
2293,50;0,0335
2293,00;0,0331
2292,50;0,0327
2292,00;0,0324
2291,50;0,0323
2291,00;0,0324
2290,50;0,0324
2290,00;0,0324
2289,50;0,0324
2289,00;0,0324
2288,50;0,0324
2288,00;0,0321
2287,50;0,0317
2287,00;0,0314
2286,50;0,0312
2286,00;0,0313
2285,50;0,0315
2285,00;0,0315
2284,50;0,0312
2284,00;0,0308
2283,50;0,0307
2283,00;0,0312
2282,50;0,0322
2282,00;0,0334
2281,50;0,0343
2281,00;0,0346
2280,50;0,0345
2280,00;0,0343
2279,50;0,0341
2279,00;0,0341
2278,50;0,0339
2278,00;0,0333
2277,50;0,0325
2277,00;0,0317
2276,50;0,0312
2276,00;0,0312
2275,50;0,0317
2275,00;0,0325
2274,50;0,0332
2274,00;0,0336
2273,50;0,0335
2273,00;0,0329
2272,50;0,0323
2272,00;0,0319
2271,50;0,0317
2271,00;0,0317
2270,50;0,0320
2270,00;0,0324
2269,50;0,0327
2269,00;0,0329
2268,50;0,0329
2268,00;0,0327
2267,50;0,0322
2267,00;0,0314
2266,50;0,0307
2266,00;0,0303
2265,50;0,0305
2265,00;0,0311
2264,50;0,0316
2264,00;0,0318
2263,50;0,0316
2263,00;0,0313
2262,50;0,0311
2262,00;0,0310
2261,50;0,0308
2261,00;0,0304
2260,50;0,0302
2260,00;0,0304
2259,50;0,0310
2259,00;0,0316
2258,50;0,0318
2258,00;0,0318
2257,50;0,0316
2257,00;0,0315
2256,50;0,0314
2256,00;0,0313
2255,50;0,0311
2255,00;0,0313
2254,50;0,0318
2254,00;0,0323
2253,50;0,0327
2253,00;0,0327
2252,50;0,0324
2252,00;0,0318
2251,50;0,0312
2251,00;0,0308
2250,50;0,0309
2250,00;0,0313
2249,50;0,0319
2249,00;0,0325
2248,50;0,0328
2248,00;0,0328
2247,50;0,0326
2247,00;0,0322
2246,50;0,0318
2246,00;0,0315
2245,50;0,0312
2245,00;0,0310
2244,50;0,0309
2244,00;0,0312
2243,50;0,0319
2243,00;0,0325
2242,50;0,0328
2242,00;0,0326
2241,50;0,0322
2241,00;0,0319
2240,50;0,0319
2240,00;0,0321
2239,50;0,0323
2239,00;0,0323
2238,50;0,0323
2238,00;0,0325
2237,50;0,0327
2237,00;0,0325
2236,50;0,0321
2236,00;0,0318
2235,50;0,0317
2235,00;0,0317
2234,50;0,0317
2234,00;0,0315
2233,50;0,0314
2233,00;0,0315
2232,50;0,0317
2232,00;0,0319
2231,50;0,0318
2231,00;0,0314
2230,50;0,0307
2230,00;0,0301
2229,50;0,0300
2229,00;0,0305
2228,50;0,0312
2228,00;0,0320
2227,50;0,0323
2227,00;0,0320
2226,50;0,0315
2226,00;0,0312
2225,50;0,0316
2225,00;0,0321
2224,50;0,0324
2224,00;0,0321
2223,50;0,0316
2223,00;0,0310
2222,50;0,0307
2222,00;0,0310
2221,50;0,0319
2221,00;0,0329
2220,50;0,0331
2220,00;0,0325
2219,50;0,0316
2219,00;0,0311
2218,50;0,0311
2218,00;0,0315
2217,50;0,0319
2217,00;0,0321
2216,50;0,0318
2216,00;0,0309
2215,50;0,0297
2215,00;0,0287
2214,50;0,0283
2214,00;0,0286
2213,50;0,0296
2213,00;0,0308
2212,50;0,0319
2212,00;0,0326
2211,50;0,0326
2211,00;0,0321
2210,50;0,0313
2210,00;0,0306
2209,50;0,0302
2209,00;0,0303
2208,50;0,0306
2208,00;0,0306
2207,50;0,0305
2207,00;0,0304
2206,50;0,0307
2206,00;0,0311
2205,50;0,0309
2205,00;0,0300
2204,50;0,0290
2204,00;0,0285
2203,50;0,0287
2203,00;0,0292
2202,50;0,0297
2202,00;0,0301
2201,50;0,0305
2201,00;0,0307
2200,50;0,0307
2200,00;0,0306
2199,50;0,0305
2199,00;0,0303
2198,50;0,0298
2198,00;0,0293
2197,50;0,0294
2197,00;0,0301
2196,50;0,0312
2196,00;0,0322
2195,50;0,0327
2195,00;0,0324
2194,50;0,0315
2194,00;0,0303
2193,50;0,0295
2193,00;0,0291
2192,50;0,0290
2192,00;0,0290
2191,50;0,0292
2191,00;0,0293
2190,50;0,0293
2190,00;0,0293
2189,50;0,0296
2189,00;0,0302
2188,50;0,0308
2188,00;0,0312
2187,50;0,0311
2187,00;0,0305
2186,50;0,0295
2186,00;0,0289
2185,50;0,0292
2185,00;0,0300
2184,50;0,0305
2184,00;0,0299
2183,50;0,0290
2183,00;0,0289
2182,50;0,0297
2182,00;0,0309
2181,50;0,0316
2181,00;0,0316
2180,50;0,0313
2180,00;0,0305
2179,50;0,0294
2179,00;0,0284
2178,50;0,0279
2178,00;0,0278
2177,50;0,0280
2177,00;0,0287
2176,50;0,0297
2176,00;0,0310
2175,50;0,0320
2175,00;0,0324
2174,50;0,0321
2174,00;0,0310
2173,50;0,0295
2173,00;0,0280
2172,50;0,0268
2172,00;0,0261
2171,50;0,0263
2171,00;0,0272
2170,50;0,0287
2170,00;0,0301
2169,50;0,0308
2169,00;0,0303
2168,50;0,0291
2168,00;0,0278
2167,50;0,0266
2167,00;0,0259
2166,50;0,0255
2166,00;0,0256
2165,50;0,0264
2165,00;0,0277
2164,50;0,0288
2164,00;0,0293
2163,50;0,0286
2163,00;0,0270
2162,50;0,0251
2162,00;0,0240
2161,50;0,0244
2161,00;0,0260
2160,50;0,0276
2160,00;0,0286
2159,50;0,0290
2159,00;0,0296
2158,50;0,0304
2158,00;0,0306
2157,50;0,0299
2157,00;0,0287
2156,50;0,0278
2156,00;0,0279
2155,50;0,0286
2155,00;0,0293
2154,50;0,0295
2154,00;0,0294
2153,50;0,0288
2153,00;0,0279
2152,50;0,0270
2152,00;0,0266
2151,50;0,0268
2151,00;0,0275
2150,50;0,0283
2150,00;0,0287
2149,50;0,0292
2149,00;0,0296
2148,50;0,0299
2148,00;0,0298
2147,50;0,0292
2147,00;0,0287
2146,50;0,0284
2146,00;0,0287
2145,50;0,0293
2145,00;0,0300
2144,50;0,0306
2144,00;0,0308
2143,50;0,0306
2143,00;0,0300
2142,50;0,0292
2142,00;0,0286
2141,50;0,0282
2141,00;0,0281
2140,50;0,0281
2140,00;0,0283
2139,50;0,0285
2139,00;0,0287
2138,50;0,0287
2138,00;0,0284
2137,50;0,0279
2137,00;0,0274
2136,50;0,0272
2136,00;0,0276
2135,50;0,0281
2135,00;0,0287
2134,50;0,0289
2134,00;0,0289
2133,50;0,0287
2133,00;0,0285
2132,50;0,0284
2132,00;0,0284
2131,50;0,0284
2131,00;0,0282
2130,50;0,0279
2130,00;0,0276
2129,50;0,0274
2129,00;0,0274
2128,50;0,0275
2128,00;0,0277
2127,50;0,0279
2127,00;0,0282
2126,50;0,0285
2126,00;0,0288
2125,50;0,0291
2125,00;0,0290
2124,50;0,0285
2124,00;0,0276
2123,50;0,0268
2123,00;0,0265
2122,50;0,0266
2122,00;0,0268
2121,50;0,0267
2121,00;0,0264
2120,50;0,0259
2120,00;0,0256
2119,50;0,0255
2119,00;0,0258
2118,50;0,0263
2118,00;0,0267
2117,50;0,0271
2117,00;0,0274
2116,50;0,0274
2116,00;0,0271
2115,50;0,0265
2115,00;0,0259
2114,50;0,0253
2114,00;0,0252
2113,50;0,0254
2113,00;0,0258
2112,50;0,0261
2112,00;0,0263
2111,50;0,0262
2111,00;0,0261
2110,50;0,0259
2110,00;0,0259
2109,50;0,0259
2109,00;0,0257
2108,50;0,0253
2108,00;0,0249
2107,50;0,0248
2107,00;0,0250
2106,50;0,0254
2106,00;0,0257
2105,50;0,0260
2105,00;0,0261
2104,50;0,0258
2104,00;0,0252
2103,50;0,0248
2103,00;0,0248
2102,50;0,0253
2102,00;0,0256
2101,50;0,0254
2101,00;0,0250
2100,50;0,0248
2100,00;0,0248
2099,50;0,0249
2099,00;0,0248
2098,50;0,0248
2098,00;0,0248
2097,50;0,0251
2097,00;0,0255
2096,50;0,0258
2096,00;0,0260
2095,50;0,0259
2095,00;0,0255
2094,50;0,0252
2094,00;0,0251
2093,50;0,0255
2093,00;0,0262
2092,50;0,0267
2092,00;0,0268
2091,50;0,0266
2091,00;0,0263
2090,50;0,0261
2090,00;0,0259
2089,50;0,0256
2089,00;0,0252
2088,50;0,0248
2088,00;0,0246
2087,50;0,0246
2087,00;0,0247
2086,50;0,0248
2086,00;0,0251
2085,50;0,0254
2085,00;0,0254
2084,50;0,0253
2084,00;0,0249
2083,50;0,0246
2083,00;0,0244
2082,50;0,0243
2082,00;0,0242
2081,50;0,0240
2081,00;0,0237
2080,50;0,0234
2080,00;0,0233
2079,50;0,0235
2079,00;0,0238
2078,50;0,0242
2078,00;0,0245
2077,50;0,0250
2077,00;0,0255
2076,50;0,0259
2076,00;0,0260
2075,50;0,0257
2075,00;0,0252
2074,50;0,0246
2074,00;0,0242
2073,50;0,0242
2073,00;0,0244
2072,50;0,0244
2072,00;0,0241
2071,50;0,0238
2071,00;0,0237
2070,50;0,0240
2070,00;0,0245
2069,50;0,0253
2069,00;0,0259
2068,50;0,0261
2068,00;0,0257
2067,50;0,0249
2067,00;0,0245
2066,50;0,0244
2066,00;0,0246
2065,50;0,0247
2065,00;0,0244
2064,50;0,0238
2064,00;0,0231
2063,50;0,0228
2063,00;0,0229
2062,50;0,0232
2062,00;0,0234
2061,50;0,0237
2061,00;0,0242
2060,50;0,0248
2060,00;0,0255
2059,50;0,0259
2059,00;0,0260
2058,50;0,0258
2058,00;0,0253
2057,50;0,0247
2057,00;0,0245
2056,50;0,0246
2056,00;0,0249
2055,50;0,0251
2055,00;0,0253
2054,50;0,0253
2054,00;0,0250
2053,50;0,0243
2053,00;0,0235
2052,50;0,0229
2052,00;0,0224
2051,50;0,0220
2051,00;0,0219
2050,50;0,0223
2050,00;0,0229
2049,50;0,0232
2049,00;0,0229
2048,50;0,0223
2048,00;0,0219
2047,50;0,0219
2047,00;0,0224
2046,50;0,0229
2046,00;0,0226
2045,50;0,0214
2045,00;0,0204
2044,50;0,0207
2044,00;0,0222
2043,50;0,0236
2043,00;0,0241
2042,50;0,0238
2042,00;0,0235
2041,50;0,0232
2041,00;0,0228
2040,50;0,0222
2040,00;0,0217
2039,50;0,0216
2039,00;0,0219
2038,50;0,0224
2038,00;0,0230
2037,50;0,0235
2037,00;0,0236
2036,50;0,0236
2036,00;0,0234
2035,50;0,0233
2035,00;0,0232
2034,50;0,0230
2034,00;0,0230
2033,50;0,0234
2033,00;0,0242
2032,50;0,0246
2032,00;0,0241
2031,50;0,0229
2031,00;0,0219
2030,50;0,0216
2030,00;0,0219
2029,50;0,0224
2029,00;0,0229
2028,50;0,0236
2028,00;0,0242
2027,50;0,0243
2027,00;0,0240
2026,50;0,0238
2026,00;0,0236
2025,50;0,0235
2025,00;0,0232
2024,50;0,0231
2024,00;0,0231
2023,50;0,0229
2023,00;0,0228
2022,50;0,0230
2022,00;0,0235
2021,50;0,0238
2021,00;0,0235
2020,50;0,0230
2020,00;0,0230
2019,50;0,0231
2019,00;0,0229
2018,50;0,0222
2018,00;0,0216
2017,50;0,0212
2017,00;0,0209
2016,50;0,0209
2016,00;0,0212
2015,50;0,0216
2015,00;0,0220
2014,50;0,0223
2014,00;0,0228
2013,50;0,0233
2013,00;0,0235
2012,50;0,0232
2012,00;0,0227
2011,50;0,0224
2011,00;0,0224
2010,50;0,0225
2010,00;0,0224
2009,50;0,0221
2009,00;0,0218
2008,50;0,0221
2008,00;0,0230
2007,50;0,0244
2007,00;0,0254
2006,50;0,0257
2006,00;0,0251
2005,50;0,0241
2005,00;0,0232
2004,50;0,0228
2004,00;0,0228
2003,50;0,0232
2003,00;0,0238
2002,50;0,0243
2002,00;0,0242
2001,50;0,0234
2001,00;0,0224
2000,50;0,0216
2000,00;0,0215
1999,50;0,0219
1999,00;0,0223
1998,50;0,0228
1998,00;0,0236
1997,50;0,0245
1997,00;0,0249
1996,50;0,0248
1996,00;0,0246
1995,50;0,0244
1995,00;0,0241
1994,50;0,0235
1994,00;0,0228
1993,50;0,0222
1993,00;0,0217
1992,50;0,0215
1992,00;0,0214
1991,50;0,0215
1991,00;0,0211
1990,50;0,0206
1990,00;0,0203
1989,50;0,0210
1989,00;0,0221
1988,50;0,0229
1988,00;0,0229
1987,50;0,0225
1987,00;0,0223
1986,50;0,0226
1986,00;0,0229
1985,50;0,0229
1985,00;0,0225
1984,50;0,0220
1984,00;0,0216
1983,50;0,0215
1983,00;0,0216
1982,50;0,0217
1982,00;0,0216
1981,50;0,0212
1981,00;0,0207
1980,50;0,0206
1980,00;0,0211
1979,50;0,0217
1979,00;0,0223
1978,50;0,0225
1978,00;0,0228
1977,50;0,0232
1977,00;0,0239
1976,50;0,0247
1976,00;0,0252
1975,50;0,0249
1975,00;0,0238
1974,50;0,0226
1974,00;0,0220
1973,50;0,0221
1973,00;0,0226
1972,50;0,0231
1972,00;0,0234
1971,50;0,0237
1971,00;0,0239
1970,50;0,0240
1970,00;0,0238
1969,50;0,0235
1969,00;0,0236
1968,50;0,0239
1968,00;0,0244
1967,50;0,0244
1967,00;0,0237
1966,50;0,0227
1966,00;0,0221
1965,50;0,0225
1965,00;0,0236
1964,50;0,0243
1964,00;0,0241
1963,50;0,0235
1963,00;0,0230
1962,50;0,0228
1962,00;0,0226
1961,50;0,0226
1961,00;0,0228
1960,50;0,0232
1960,00;0,0234
1959,50;0,0236
1959,00;0,0237
1958,50;0,0238
1958,00;0,0240
1957,50;0,0241
1957,00;0,0241
1956,50;0,0240
1956,00;0,0238
1955,50;0,0234
1955,00;0,0232
1954,50;0,0234
1954,00;0,0238
1953,50;0,0243
1953,00;0,0247
1952,50;0,0249
1952,00;0,0247
1951,50;0,0244
1951,00;0,0240
1950,50;0,0236
1950,00;0,0235
1949,50;0,0236
1949,00;0,0236
1948,50;0,0235
1948,00;0,0232
1947,50;0,0229
1947,00;0,0226
1946,50;0,0226
1946,00;0,0227
1945,50;0,0230
1945,00;0,0236
1944,50;0,0243
1944,00;0,0248
1943,50;0,0248
1943,00;0,0243
1942,50;0,0236
1942,00;0,0232
1941,50;0,0231
1941,00;0,0234
1940,50;0,0237
1940,00;0,0240
1939,50;0,0241
1939,00;0,0242
1938,50;0,0242
1938,00;0,0242
1937,50;0,0242
1937,00;0,0243
1936,50;0,0243
1936,00;0,0242
1935,50;0,0240
1935,00;0,0238
1934,50;0,0239
1934,00;0,0243
1933,50;0,0247
1933,00;0,0251
1932,50;0,0252
1932,00;0,0250
1931,50;0,0247
1931,00;0,0242
1930,50;0,0237
1930,00;0,0235
1929,50;0,0234
1929,00;0,0235
1928,50;0,0235
1928,00;0,0234
1927,50;0,0233
1927,00;0,0234
1926,50;0,0233
1926,00;0,0231
1925,50;0,0229
1925,00;0,0230
1924,50;0,0233
1924,00;0,0237
1923,50;0,0239
1923,00;0,0239
1922,50;0,0239
1922,00;0,0238
1921,50;0,0237
1921,00;0,0235
1920,50;0,0233
1920,00;0,0233
1919,50;0,0236
1919,00;0,0237
1918,50;0,0238
1918,00;0,0240
1917,50;0,0243
1917,00;0,0248
1916,50;0,0250
1916,00;0,0246
1915,50;0,0241
1915,00;0,0237
1914,50;0,0237
1914,00;0,0239
1913,50;0,0241
1913,00;0,0242
1912,50;0,0243
1912,00;0,0243
1911,50;0,0241
1911,00;0,0240
1910,50;0,0241
1910,00;0,0243
1909,50;0,0244
1909,00;0,0244
1908,50;0,0243
1908,00;0,0240
1907,50;0,0237
1907,00;0,0233
1906,50;0,0230
1906,00;0,0229
1905,50;0,0229
1905,00;0,0229
1904,50;0,0230
1904,00;0,0233
1903,50;0,0236
1903,00;0,0239
1902,50;0,0240
1902,00;0,0242
1901,50;0,0244
1901,00;0,0246
1900,50;0,0246
1900,00;0,0243
1899,50;0,0240
1899,00;0,0238
1898,50;0,0239
1898,00;0,0241
1897,50;0,0242
1897,00;0,0242
1896,50;0,0242
1896,00;0,0242
1895,50;0,0243
1895,00;0,0245
1894,50;0,0246
1894,00;0,0246
1893,50;0,0245
1893,00;0,0244
1892,50;0,0243
1892,00;0,0245
1891,50;0,0247
1891,00;0,0248
1890,50;0,0247
1890,00;0,0245
1889,50;0,0243
1889,00;0,0242
1888,50;0,0244
1888,00;0,0246
1887,50;0,0248
1887,00;0,0251
1886,50;0,0253
1886,00;0,0253
1885,50;0,0252
1885,00;0,0249
1884,50;0,0246
1884,00;0,0243
1883,50;0,0241
1883,00;0,0240
1882,50;0,0240
1882,00;0,0241
1881,50;0,0243
1881,00;0,0245
1880,50;0,0248
1880,00;0,0248
1879,50;0,0248
1879,00;0,0247
1878,50;0,0247
1878,00;0,0247
1877,50;0,0250
1877,00;0,0252
1876,50;0,0253
1876,00;0,0253
1875,50;0,0251
1875,00;0,0248
1874,50;0,0247
1874,00;0,0246
1873,50;0,0246
1873,00;0,0247
1872,50;0,0248
1872,00;0,0249
1871,50;0,0249
1871,00;0,0249
1870,50;0,0250
1870,00;0,0251
1869,50;0,0251
1869,00;0,0250
1868,50;0,0250
1868,00;0,0251
1867,50;0,0253
1867,00;0,0252
1866,50;0,0251
1866,00;0,0249
1865,50;0,0249
1865,00;0,0250
1864,50;0,0250
1864,00;0,0250
1863,50;0,0251
1863,00;0,0253
1862,50;0,0253
1862,00;0,0251
1861,50;0,0247
1861,00;0,0244
1860,50;0,0244
1860,00;0,0247
1859,50;0,0250
1859,00;0,0251
1858,50;0,0250
1858,00;0,0249
1857,50;0,0248
1857,00;0,0248
1856,50;0,0249
1856,00;0,0250
1855,50;0,0251
1855,00;0,0251
1854,50;0,0252
1854,00;0,0253
1853,50;0,0254
1853,00;0,0255
1852,50;0,0256
1852,00;0,0256
1851,50;0,0255
1851,00;0,0252
1850,50;0,0251
1850,00;0,0252
1849,50;0,0254
1849,00;0,0256
1848,50;0,0257
1848,00;0,0257
1847,50;0,0258
1847,00;0,0258
1846,50;0,0257
1846,00;0,0256
1845,50;0,0254
1845,00;0,0253
1844,50;0,0253
1844,00;0,0255
1843,50;0,0256
1843,00;0,0255
1842,50;0,0253
1842,00;0,0252
1841,50;0,0252
1841,00;0,0253
1840,50;0,0255
1840,00;0,0256
1839,50;0,0256
1839,00;0,0257
1838,50;0,0256
1838,00;0,0256
1837,50;0,0256
1837,00;0,0258
1836,50;0,0259
1836,00;0,0259
1835,50;0,0260
1835,00;0,0260
1834,50;0,0260
1834,00;0,0260
1833,50;0,0259
1833,00;0,0259
1832,50;0,0257
1832,00;0,0256
1831,50;0,0255
1831,00;0,0256
1830,50;0,0259
1830,00;0,0263
1829,50;0,0266
1829,00;0,0268
1828,50;0,0269
1828,00;0,0269
1827,50;0,0268
1827,00;0,0267
1826,50;0,0265
1826,00;0,0263
1825,50;0,0261
1825,00;0,0261
1824,50;0,0261
1824,00;0,0262
1823,50;0,0263
1823,00;0,0265
1822,50;0,0267
1822,00;0,0270
1821,50;0,0272
1821,00;0,0272
1820,50;0,0271
1820,00;0,0269
1819,50;0,0268
1819,00;0,0268
1818,50;0,0270
1818,00;0,0272
1817,50;0,0273
1817,00;0,0272
1816,50;0,0269
1816,00;0,0266
1815,50;0,0264
1815,00;0,0264
1814,50;0,0265
1814,00;0,0266
1813,50;0,0268
1813,00;0,0268
1812,50;0,0268
1812,00;0,0268
1811,50;0,0268
1811,00;0,0269
1810,50;0,0270
1810,00;0,0270
1809,50;0,0270
1809,00;0,0270
1808,50;0,0269
1808,00;0,0269
1807,50;0,0268
1807,00;0,0269
1806,50;0,0269
1806,00;0,0269
1805,50;0,0270
1805,00;0,0271
1804,50;0,0273
1804,00;0,0275
1803,50;0,0277
1803,00;0,0277
1802,50;0,0277
1802,00;0,0276
1801,50;0,0276
1801,00;0,0275
1800,50;0,0274
1800,00;0,0271
1799,50;0,0270
1799,00;0,0269
1798,50;0,0270
1798,00;0,0271
1797,50;0,0271
1797,00;0,0273
1796,50;0,0274
1796,00;0,0274
1795,50;0,0274
1795,00;0,0273
1794,50;0,0272
1794,00;0,0272
1793,50;0,0272
1793,00;0,0272
1792,50;0,0273
1792,00;0,0274
1791,50;0,0274
1791,00;0,0274
1790,50;0,0275
1790,00;0,0276
1789,50;0,0277
1789,00;0,0278
1788,50;0,0280
1788,00;0,0282
1787,50;0,0284
1787,00;0,0285
1786,50;0,0284
1786,00;0,0282
1785,50;0,0280
1785,00;0,0280
1784,50;0,0281
1784,00;0,0283
1783,50;0,0283
1783,00;0,0282
1782,50;0,0281
1782,00;0,0280
1781,50;0,0281
1781,00;0,0283
1780,50;0,0284
1780,00;0,0284
1779,50;0,0283
1779,00;0,0284
1778,50;0,0284
1778,00;0,0285
1777,50;0,0286
1777,00;0,0285
1776,50;0,0285
1776,00;0,0286
1775,50;0,0288
1775,00;0,0290
1774,50;0,0292
1774,00;0,0292
1773,50;0,0292
1773,00;0,0292
1772,50;0,0293
1772,00;0,0294
1771,50;0,0295
1771,00;0,0295
1770,50;0,0295
1770,00;0,0294
1769,50;0,0292
1769,00;0,0289
1768,50;0,0288
1768,00;0,0288
1767,50;0,0290
1767,00;0,0291
1766,50;0,0292
1766,00;0,0291
1765,50;0,0291
1765,00;0,0292
1764,50;0,0293
1764,00;0,0294
1763,50;0,0295
1763,00;0,0295
1762,50;0,0295
1762,00;0,0294
1761,50;0,0295
1761,00;0,0296
1760,50;0,0297
1760,00;0,0297
1759,50;0,0296
1759,00;0,0297
1758,50;0,0298
1758,00;0,0299
1757,50;0,0300
1757,00;0,0301
1756,50;0,0302
1756,00;0,0301
1755,50;0,0301
1755,00;0,0300
1754,50;0,0299
1754,00;0,0299
1753,50;0,0299
1753,00;0,0299
1752,50;0,0299
1752,00;0,0300
1751,50;0,0302
1751,00;0,0304
1750,50;0,0306
1750,00;0,0306
1749,50;0,0307
1749,00;0,0307
1748,50;0,0307
1748,00;0,0307
1747,50;0,0307
1747,00;0,0307
1746,50;0,0306
1746,00;0,0305
1745,50;0,0304
1745,00;0,0304
1744,50;0,0304
1744,00;0,0304
1743,50;0,0305
1743,00;0,0304
1742,50;0,0304
1742,00;0,0303
1741,50;0,0303
1741,00;0,0302
1740,50;0,0303
1740,00;0,0306
1739,50;0,0309
1739,00;0,0311
1738,50;0,0312
1738,00;0,0311
1737,50;0,0310
1737,00;0,0309
1736,50;0,0310
1736,00;0,0310
1735,50;0,0309
1735,00;0,0307
1734,50;0,0306
1734,00;0,0306
1733,50;0,0307
1733,00;0,0307
1732,50;0,0306
1732,00;0,0305
1731,50;0,0306
1731,00;0,0307
1730,50;0,0309
1730,00;0,0311
1729,50;0,0313
1729,00;0,0314
1728,50;0,0314
1728,00;0,0315
1727,50;0,0317
1727,00;0,0319
1726,50;0,0320
1726,00;0,0320
1725,50;0,0320
1725,00;0,0320
1724,50;0,0320
1724,00;0,0321
1723,50;0,0323
1723,00;0,0325
1722,50;0,0327
1722,00;0,0329
1721,50;0,0330
1721,00;0,0331
1720,50;0,0332
1720,00;0,0333
1719,50;0,0334
1719,00;0,0333
1718,50;0,0332
1718,00;0,0333
1717,50;0,0334
1717,00;0,0335
1716,50;0,0335
1716,00;0,0335
1715,50;0,0336
1715,00;0,0337
1714,50;0,0339
1714,00;0,0341
1713,50;0,0342
1713,00;0,0342
1712,50;0,0342
1712,00;0,0343
1711,50;0,0344
1711,00;0,0344
1710,50;0,0344
1710,00;0,0345
1709,50;0,0347
1709,00;0,0348
1708,50;0,0349
1708,00;0,0350
1707,50;0,0350
1707,00;0,0350
1706,50;0,0351
1706,00;0,0353
1705,50;0,0355
1705,00;0,0357
1704,50;0,0358
1704,00;0,0360
1703,50;0,0361
1703,00;0,0362
1702,50;0,0362
1702,00;0,0362
1701,50;0,0362
1701,00;0,0361
1700,50;0,0360
1700,00;0,0363
1699,50;0,0367
1699,00;0,0369
1698,50;0,0370
1698,00;0,0370
1697,50;0,0369
1697,00;0,0368
1696,50;0,0365
1696,00;0,0364
1695,50;0,0364
1695,00;0,0368
1694,50;0,0372
1694,00;0,0374
1693,50;0,0374
1693,00;0,0375
1692,50;0,0376
1692,00;0,0377
1691,50;0,0378
1691,00;0,0378
1690,50;0,0378
1690,00;0,0377
1689,50;0,0377
1689,00;0,0378
1688,50;0,0379
1688,00;0,0381
1687,50;0,0383
1687,00;0,0384
1686,50;0,0385
1686,00;0,0384
1685,50;0,0382
1685,00;0,0381
1684,50;0,0384
1684,00;0,0386
1683,50;0,0386
1683,00;0,0386
1682,50;0,0389
1682,00;0,0391
1681,50;0,0394
1681,00;0,0395
1680,50;0,0395
1680,00;0,0394
1679,50;0,0392
1679,00;0,0391
1678,50;0,0391
1678,00;0,0391
1677,50;0,0394
1677,00;0,0396
1676,50;0,0397
1676,00;0,0397
1675,50;0,0397
1675,00;0,0398
1674,50;0,0399
1674,00;0,0399
1673,50;0,0398
1673,00;0,0398
1672,50;0,0399
1672,00;0,0400
1671,50;0,0401
1671,00;0,0402
1670,50;0,0401
1670,00;0,0400
1669,50;0,0400
1669,00;0,0400
1668,50;0,0401
1668,00;0,0404
1667,50;0,0406
1667,00;0,0407
1666,50;0,0409
1666,00;0,0410
1665,50;0,0411
1665,00;0,0412
1664,50;0,0412
1664,00;0,0413
1663,50;0,0413
1663,00;0,0413
1662,50;0,0414
1662,00;0,0415
1661,50;0,0416
1661,00;0,0417
1660,50;0,0419
1660,00;0,0420
1659,50;0,0421
1659,00;0,0420
1658,50;0,0418
1658,00;0,0416
1657,50;0,0416
1657,00;0,0416
1656,50;0,0417
1656,00;0,0417
1655,50;0,0418
1655,00;0,0419
1654,50;0,0419
1654,00;0,0420
1653,50;0,0423
1653,00;0,0426
1652,50;0,0425
1652,00;0,0423
1651,50;0,0423
1651,00;0,0424
1650,50;0,0425
1650,00;0,0425
1649,50;0,0425
1649,00;0,0424
1648,50;0,0423
1648,00;0,0424
1647,50;0,0425
1647,00;0,0426
1646,50;0,0426
1646,00;0,0427
1645,50;0,0428
1645,00;0,0427
1644,50;0,0426
1644,00;0,0423
1643,50;0,0422
1643,00;0,0422
1642,50;0,0421
1642,00;0,0420
1641,50;0,0418
1641,00;0,0418
1640,50;0,0418
1640,00;0,0419
1639,50;0,0418
1639,00;0,0417
1638,50;0,0416
1638,00;0,0416
1637,50;0,0417
1637,00;0,0420
1636,50;0,0424
1636,00;0,0428
1635,50;0,0434
1635,00;0,0438
1634,50;0,0440
1634,00;0,0440
1633,50;0,0437
1633,00;0,0434
1632,50;0,0432
1632,00;0,0430
1631,50;0,0428
1631,00;0,0427
1630,50;0,0425
1630,00;0,0424
1629,50;0,0423
1629,00;0,0422
1628,50;0,0422
1628,00;0,0422
1627,50;0,0422
1627,00;0,0421
1626,50;0,0420
1626,00;0,0420
1625,50;0,0420
1625,00;0,0420
1624,50;0,0421
1624,00;0,0421
1623,50;0,0421
1623,00;0,0420
1622,50;0,0418
1622,00;0,0417
1621,50;0,0415
1621,00;0,0413
1620,50;0,0413
1620,00;0,0414
1619,50;0,0414
1619,00;0,0415
1618,50;0,0416
1618,00;0,0417
1617,50;0,0418
1617,00;0,0419
1616,50;0,0421
1616,00;0,0421
1615,50;0,0419
1615,00;0,0418
1614,50;0,0418
1614,00;0,0419
1613,50;0,0419
1613,00;0,0418
1612,50;0,0417
1612,00;0,0416
1611,50;0,0417
1611,00;0,0417
1610,50;0,0417
1610,00;0,0417
1609,50;0,0417
1609,00;0,0417
1608,50;0,0417
1608,00;0,0416
1607,50;0,0415
1607,00;0,0415
1606,50;0,0416
1606,00;0,0417
1605,50;0,0417
1605,00;0,0416
1604,50;0,0415
1604,00;0,0415
1603,50;0,0415
1603,00;0,0415
1602,50;0,0415
1602,00;0,0415
1601,50;0,0414
1601,00;0,0414
1600,50;0,0415
1600,00;0,0416
1599,50;0,0416
1599,00;0,0414
1598,50;0,0412
1598,00;0,0410
1597,50;0,0408
1597,00;0,0408
1596,50;0,0408
1596,00;0,0410
1595,50;0,0412
1595,00;0,0414
1594,50;0,0417
1594,00;0,0418
1593,50;0,0418
1593,00;0,0416
1592,50;0,0413
1592,00;0,0411
1591,50;0,0410
1591,00;0,0409
1590,50;0,0409
1590,00;0,0410
1589,50;0,0411
1589,00;0,0412
1588,50;0,0412
1588,00;0,0413
1587,50;0,0413
1587,00;0,0413
1586,50;0,0412
1586,00;0,0412
1585,50;0,0413
1585,00;0,0413
1584,50;0,0412
1584,00;0,0410
1583,50;0,0410
1583,00;0,0410
1582,50;0,0410
1582,00;0,0410
1581,50;0,0410
1581,00;0,0409
1580,50;0,0410
1580,00;0,0411
1579,50;0,0411
1579,00;0,0410
1578,50;0,0410
1578,00;0,0411
1577,50;0,0412
1577,00;0,0414
1576,50;0,0417
1576,00;0,0419
1575,50;0,0418
1575,00;0,0414
1574,50;0,0411
1574,00;0,0410
1573,50;0,0410
1573,00;0,0410
1572,50;0,0410
1572,00;0,0409
1571,50;0,0409
1571,00;0,0409
1570,50;0,0410
1570,00;0,0410
1569,50;0,0412
1569,00;0,0412
1568,50;0,0412
1568,00;0,0411
1567,50;0,0410
1567,00;0,0408
1566,50;0,0409
1566,00;0,0410
1565,50;0,0411
1565,00;0,0411
1564,50;0,0411
1564,00;0,0410
1563,50;0,0409
1563,00;0,0409
1562,50;0,0409
1562,00;0,0408
1561,50;0,0407
1561,00;0,0406
1560,50;0,0405
1560,00;0,0407
1559,50;0,0413
1559,00;0,0418
1558,50;0,0421
1558,00;0,0420
1557,50;0,0417
1557,00;0,0416
1556,50;0,0416
1556,00;0,0416
1555,50;0,0415
1555,00;0,0415
1554,50;0,0415
1554,00;0,0414
1553,50;0,0413
1553,00;0,0413
1552,50;0,0413
1552,00;0,0412
1551,50;0,0410
1551,00;0,0407
1550,50;0,0405
1550,00;0,0403
1549,50;0,0402
1549,00;0,0403
1548,50;0,0403
1548,00;0,0403
1547,50;0,0404
1547,00;0,0405
1546,50;0,0406
1546,00;0,0405
1545,50;0,0405
1545,00;0,0406
1544,50;0,0409
1544,00;0,0409
1543,50;0,0408
1543,00;0,0408
1542,50;0,0409
1542,00;0,0410
1541,50;0,0411
1541,00;0,0412
1540,50;0,0412
1540,00;0,0413
1539,50;0,0415
1539,00;0,0417
1538,50;0,0416
1538,00;0,0414
1537,50;0,0413
1537,00;0,0412
1536,50;0,0412
1536,00;0,0411
1535,50;0,0410
1535,00;0,0410
1534,50;0,0410
1534,00;0,0410
1533,50;0,0412
1533,00;0,0414
1532,50;0,0413
1532,00;0,0410
1531,50;0,0408
1531,00;0,0408
1530,50;0,0409
1530,00;0,0409
1529,50;0,0408
1529,00;0,0408
1528,50;0,0407
1528,00;0,0407
1527,50;0,0407
1527,00;0,0408
1526,50;0,0408
1526,00;0,0408
1525,50;0,0408
1525,00;0,0410
1524,50;0,0412
1524,00;0,0414
1523,50;0,0414
1523,00;0,0413
1522,50;0,0411
1522,00;0,0409
1521,50;0,0407
1521,00;0,0406
1520,50;0,0406
1520,00;0,0407
1519,50;0,0408
1519,00;0,0407
1518,50;0,0406
1518,00;0,0406
1517,50;0,0406
1517,00;0,0408
1516,50;0,0410
1516,00;0,0409
1515,50;0,0408
1515,00;0,0408
1514,50;0,0409
1514,00;0,0410
1513,50;0,0411
1513,00;0,0411
1512,50;0,0409
1512,00;0,0408
1511,50;0,0408
1511,00;0,0407
1510,50;0,0407
1510,00;0,0407
1509,50;0,0408
1509,00;0,0408
1508,50;0,0407
1508,00;0,0407
1507,50;0,0408
1507,00;0,0410
1506,50;0,0412
1506,00;0,0413
1505,50;0,0411
1505,00;0,0410
1504,50;0,0409
1504,00;0,0410
1503,50;0,0410
1503,00;0,0409
1502,50;0,0408
1502,00;0,0407
1501,50;0,0406
1501,00;0,0405
1500,50;0,0405
1500,00;0,0406
1499,50;0,0407
1499,00;0,0410
1498,50;0,0412
1498,00;0,0413
1497,50;0,0412
1497,00;0,0410
1496,50;0,0408
1496,00;0,0408
1495,50;0,0410
1495,00;0,0412
1494,50;0,0411
1494,00;0,0409
1493,50;0,0408
1493,00;0,0407
1492,50;0,0405
1492,00;0,0404
1491,50;0,0402
1491,00;0,0400
1490,50;0,0399
1490,00;0,0399
1489,50;0,0400
1489,00;0,0403
1488,50;0,0404
1488,00;0,0405
1487,50;0,0404
1487,00;0,0404
1486,50;0,0404
1486,00;0,0404
1485,50;0,0403
1485,00;0,0401
1484,50;0,0400
1484,00;0,0398
1483,50;0,0398
1483,00;0,0398
1482,50;0,0398
1482,00;0,0398
1481,50;0,0398
1481,00;0,0396
1480,50;0,0395
1480,00;0,0394
1479,50;0,0393
1479,00;0,0394
1478,50;0,0396
1478,00;0,0397
1477,50;0,0396
1477,00;0,0395
1476,50;0,0393
1476,00;0,0392
1475,50;0,0393
1475,00;0,0393
1474,50;0,0394
1474,00;0,0395
1473,50;0,0394
1473,00;0,0394
1472,50;0,0394
1472,00;0,0393
1471,50;0,0392
1471,00;0,0392
1470,50;0,0392
1470,00;0,0391
1469,50;0,0389
1469,00;0,0388
1468,50;0,0387
1468,00;0,0388
1467,50;0,0389
1467,00;0,0389
1466,50;0,0388
1466,00;0,0386
1465,50;0,0384
1465,00;0,0382
1464,50;0,0383
1464,00;0,0384
1463,50;0,0384
1463,00;0,0384
1462,50;0,0385
1462,00;0,0387
1461,50;0,0388
1461,00;0,0388
1460,50;0,0387
1460,00;0,0385
1459,50;0,0382
1459,00;0,0380
1458,50;0,0380
1458,00;0,0380
1457,50;0,0380
1457,00;0,0379
1456,50;0,0379
1456,00;0,0380
1455,50;0,0380
1455,00;0,0380
1454,50;0,0380
1454,00;0,0381
1453,50;0,0383
1453,00;0,0384
1452,50;0,0384
1452,00;0,0384
1451,50;0,0385
1451,00;0,0386
1450,50;0,0386
1450,00;0,0384
1449,50;0,0382
1449,00;0,0379
1448,50;0,0376
1448,00;0,0376
1447,50;0,0377
1447,00;0,0379
1446,50;0,0380
1446,00;0,0380
1445,50;0,0380
1445,00;0,0380
1444,50;0,0379
1444,00;0,0377
1443,50;0,0376
1443,00;0,0374
1442,50;0,0374
1442,00;0,0375
1441,50;0,0376
1441,00;0,0377
1440,50;0,0377
1440,00;0,0376
1439,50;0,0376
1439,00;0,0375
1438,50;0,0373
1438,00;0,0371
1437,50;0,0368
1437,00;0,0366
1436,50;0,0367
1436,00;0,0370
1435,50;0,0373
1435,00;0,0374
1434,50;0,0373
1434,00;0,0372
1433,50;0,0371
1433,00;0,0370
1432,50;0,0370
1432,00;0,0369
1431,50;0,0370
1431,00;0,0372
1430,50;0,0374
1430,00;0,0376
1429,50;0,0377
1429,00;0,0377
1428,50;0,0374
1428,00;0,0371
1427,50;0,0369
1427,00;0,0369
1426,50;0,0370
1426,00;0,0371
1425,50;0,0372
1425,00;0,0373
1424,50;0,0372
1424,00;0,0370
1423,50;0,0369
1423,00;0,0369
1422,50;0,0367
1422,00;0,0366
1421,50;0,0364
1421,00;0,0364
1420,50;0,0365
1420,00;0,0365
1419,50;0,0366
1419,00;0,0368
1418,50;0,0369
1418,00;0,0368
1417,50;0,0368
1417,00;0,0366
1416,50;0,0365
1416,00;0,0365
1415,50;0,0366
1415,00;0,0367
1414,50;0,0368
1414,00;0,0367
1413,50;0,0365
1413,00;0,0363
1412,50;0,0361
1412,00;0,0361
1411,50;0,0361
1411,00;0,0362
1410,50;0,0363
1410,00;0,0364
1409,50;0,0364
1409,00;0,0363
1408,50;0,0363
1408,00;0,0364
1407,50;0,0364
1407,00;0,0364
1406,50;0,0363
1406,00;0,0362
1405,50;0,0361
1405,00;0,0360
1404,50;0,0360
1404,00;0,0361
1403,50;0,0362
1403,00;0,0362
1402,50;0,0361
1402,00;0,0358
1401,50;0,0356
1401,00;0,0354
1400,50;0,0355
1400,00;0,0357
1399,50;0,0359
1399,00;0,0359
1398,50;0,0357
1398,00;0,0354
1397,50;0,0351
1397,00;0,0350
1396,50;0,0350
1396,00;0,0351
1395,50;0,0351
1395,00;0,0352
1394,50;0,0352
1394,00;0,0353
1393,50;0,0352
1393,00;0,0351
1392,50;0,0349
1392,00;0,0349
1391,50;0,0350
1391,00;0,0351
1390,50;0,0352
1390,00;0,0352
1389,50;0,0352
1389,00;0,0351
1388,50;0,0351
1388,00;0,0350
1387,50;0,0349
1387,00;0,0348
1386,50;0,0347
1386,00;0,0347
1385,50;0,0348
1385,00;0,0350
1384,50;0,0351
1384,00;0,0351
1383,50;0,0349
1383,00;0,0346
1382,50;0,0344
1382,00;0,0344
1381,50;0,0345
1381,00;0,0347
1380,50;0,0348
1380,00;0,0349
1379,50;0,0348
1379,00;0,0346
1378,50;0,0344
1378,00;0,0343
1377,50;0,0342
1377,00;0,0342
1376,50;0,0342
1376,00;0,0343
1375,50;0,0343
1375,00;0,0344
1374,50;0,0344
1374,00;0,0345
1373,50;0,0346
1373,00;0,0347
1372,50;0,0347
1372,00;0,0346
1371,50;0,0345
1371,00;0,0345
1370,50;0,0346
1370,00;0,0346
1369,50;0,0347
1369,00;0,0347
1368,50;0,0346
1368,00;0,0345
1367,50;0,0344
1367,00;0,0343
1366,50;0,0343
1366,00;0,0343
1365,50;0,0343
1365,00;0,0343
1364,50;0,0341
1364,00;0,0339
1363,50;0,0338
1363,00;0,0338
1362,50;0,0340
1362,00;0,0342
1361,50;0,0343
1361,00;0,0343
1360,50;0,0341
1360,00;0,0340
1359,50;0,0339
1359,00;0,0338
1358,50;0,0338
1358,00;0,0339
1357,50;0,0338
1357,00;0,0337
1356,50;0,0336
1356,00;0,0337
1355,50;0,0338
1355,00;0,0339
1354,50;0,0340
1354,00;0,0341
1353,50;0,0342
1353,00;0,0343
1352,50;0,0343
1352,00;0,0343
1351,50;0,0343
1351,00;0,0343
1350,50;0,0343
1350,00;0,0343
1349,50;0,0343
1349,00;0,0341
1348,50;0,0339
1348,00;0,0337
1347,50;0,0336
1347,00;0,0336
1346,50;0,0337
1346,00;0,0338
1345,50;0,0340
1345,00;0,0342
1344,50;0,0342
1344,00;0,0342
1343,50;0,0340
1343,00;0,0337
1342,50;0,0336
1342,00;0,0335
1341,50;0,0336
1341,00;0,0336
1340,50;0,0335
1340,00;0,0334
1339,50;0,0335
1339,00;0,0336
1338,50;0,0337
1338,00;0,0337
1337,50;0,0336
1337,00;0,0335
1336,50;0,0334
1336,00;0,0334
1335,50;0,0336
1335,00;0,0338
1334,50;0,0338
1334,00;0,0337
1333,50;0,0336
1333,00;0,0336
1332,50;0,0336
1332,00;0,0336
1331,50;0,0336
1331,00;0,0335
1330,50;0,0335
1330,00;0,0335
1329,50;0,0335
1329,00;0,0335
1328,50;0,0336
1328,00;0,0336
1327,50;0,0336
1327,00;0,0336
1326,50;0,0336
1326,00;0,0335
1325,50;0,0333
1325,00;0,0332
1324,50;0,0330
1324,00;0,0330
1323,50;0,0331
1323,00;0,0332
1322,50;0,0332
1322,00;0,0331
1321,50;0,0331
1321,00;0,0330
1320,50;0,0329
1320,00;0,0329
1319,50;0,0330
1319,00;0,0331
1318,50;0,0332
1318,00;0,0332
1317,50;0,0332
1317,00;0,0331
1316,50;0,0330
1316,00;0,0329
1315,50;0,0329
1315,00;0,0329
1314,50;0,0330
1314,00;0,0330
1313,50;0,0330
1313,00;0,0330
1312,50;0,0330
1312,00;0,0330
1311,50;0,0329
1311,00;0,0328
1310,50;0,0327
1310,00;0,0327
1309,50;0,0327
1309,00;0,0327
1308,50;0,0327
1308,00;0,0327
1307,50;0,0328
1307,00;0,0330
1306,50;0,0331
1306,00;0,0332
1305,50;0,0332
1305,00;0,0330
1304,50;0,0329
1304,00;0,0328
1303,50;0,0328
1303,00;0,0327
1302,50;0,0325
1302,00;0,0323
1301,50;0,0322
1301,00;0,0322
1300,50;0,0324
1300,00;0,0325
1299,50;0,0326
1299,00;0,0327
1298,50;0,0328
1298,00;0,0329
1297,50;0,0328
1297,00;0,0326
1296,50;0,0324
1296,00;0,0323
1295,50;0,0322
1295,00;0,0323
1294,50;0,0323
1294,00;0,0324
1293,50;0,0323
1293,00;0,0322
1292,50;0,0321
1292,00;0,0319
1291,50;0,0318
1291,00;0,0319
1290,50;0,0319
1290,00;0,0320
1289,50;0,0319
1289,00;0,0319
1288,50;0,0319
1288,00;0,0318
1287,50;0,0318
1287,00;0,0319
1286,50;0,0319
1286,00;0,0319
1285,50;0,0319
1285,00;0,0320
1284,50;0,0321
1284,00;0,0322
1283,50;0,0322
1283,00;0,0321
1282,50;0,0320
1282,00;0,0320
1281,50;0,0319
1281,00;0,0318
1280,50;0,0318
1280,00;0,0318
1279,50;0,0318
1279,00;0,0317
1278,50;0,0316
1278,00;0,0315
1277,50;0,0315
1277,00;0,0316
1276,50;0,0317
1276,00;0,0317
1275,50;0,0315
1275,00;0,0314
1274,50;0,0314
1274,00;0,0314
1273,50;0,0315
1273,00;0,0315
1272,50;0,0315
1272,00;0,0313
1271,50;0,0311
1271,00;0,0310
1270,50;0,0308
1270,00;0,0308
1269,50;0,0309
1269,00;0,0309
1268,50;0,0309
1268,00;0,0309
1267,50;0,0308
1267,00;0,0308
1266,50;0,0309
1266,00;0,0310
1265,50;0,0310
1265,00;0,0310
1264,50;0,0310
1264,00;0,0310
1263,50;0,0310
1263,00;0,0310
1262,50;0,0311
1262,00;0,0313
1261,50;0,0315
1261,00;0,0316
1260,50;0,0314
1260,00;0,0312
1259,50;0,0309
1259,00;0,0308
1258,50;0,0309
1258,00;0,0309
1257,50;0,0309
1257,00;0,0309
1256,50;0,0309
1256,00;0,0309
1255,50;0,0309
1255,00;0,0309
1254,50;0,0308
1254,00;0,0306
1253,50;0,0305
1253,00;0,0305
1252,50;0,0306
1252,00;0,0307
1251,50;0,0308
1251,00;0,0308
1250,50;0,0308
1250,00;0,0308
1249,50;0,0308
1249,00;0,0306
1248,50;0,0304
1248,00;0,0303
1247,50;0,0302
1247,00;0,0303
1246,50;0,0305
1246,00;0,0306
1245,50;0,0306
1245,00;0,0304
1244,50;0,0303
1244,00;0,0302
1243,50;0,0301
1243,00;0,0300
1242,50;0,0301
1242,00;0,0302
1241,50;0,0304
1241,00;0,0306
1240,50;0,0306
1240,00;0,0306
1239,50;0,0303
1239,00;0,0301
1238,50;0,0300
1238,00;0,0300
1237,50;0,0302
1237,00;0,0303
1236,50;0,0304
1236,00;0,0305
1235,50;0,0305
1235,00;0,0305
1234,50;0,0304
1234,00;0,0304
1233,50;0,0303
1233,00;0,0303
1232,50;0,0304
1232,00;0,0305
1231,50;0,0307
1231,00;0,0307
1230,50;0,0306
1230,00;0,0305
1229,50;0,0304
1229,00;0,0304
1228,50;0,0303
1228,00;0,0302
1227,50;0,0302
1227,00;0,0303
1226,50;0,0304
1226,00;0,0306
1225,50;0,0307
1225,00;0,0307
1224,50;0,0307
1224,00;0,0308
1223,50;0,0308
1223,00;0,0307
1222,50;0,0307
1222,00;0,0306
1221,50;0,0307
1221,00;0,0309
1220,50;0,0310
1220,00;0,0311
1219,50;0,0310
1219,00;0,0308
1218,50;0,0307
1218,00;0,0306
1217,50;0,0305
1217,00;0,0305
1216,50;0,0304
1216,00;0,0304
1215,50;0,0305
1215,00;0,0305
1214,50;0,0304
1214,00;0,0303
1213,50;0,0302
1213,00;0,0301
1212,50;0,0301
1212,00;0,0300
1211,50;0,0299
1211,00;0,0299
1210,50;0,0300
1210,00;0,0301
1209,50;0,0301
1209,00;0,0300
1208,50;0,0299
1208,00;0,0298
1207,50;0,0298
1207,00;0,0299
1206,50;0,0300
1206,00;0,0300
1205,50;0,0300
1205,00;0,0300
1204,50;0,0300
1204,00;0,0300
1203,50;0,0300
1203,00;0,0300
1202,50;0,0300
1202,00;0,0300
1201,50;0,0299
1201,00;0,0298
1200,50;0,0297
1200,00;0,0297
1199,50;0,0298
1199,00;0,0298
1198,50;0,0298
1198,00;0,0297
1197,50;0,0296
1197,00;0,0295
1196,50;0,0295
1196,00;0,0295
1195,50;0,0296
1195,00;0,0296
1194,50;0,0297
1194,00;0,0296
1193,50;0,0295
1193,00;0,0293
1192,50;0,0293
1192,00;0,0293
1191,50;0,0294
1191,00;0,0295
1190,50;0,0296
1190,00;0,0296
1189,50;0,0296
1189,00;0,0296
1188,50;0,0297
1188,00;0,0297
1187,50;0,0296
1187,00;0,0294
1186,50;0,0293
1186,00;0,0293
1185,50;0,0296
1185,00;0,0298
1184,50;0,0299
1184,00;0,0298
1183,50;0,0297
1183,00;0,0295
1182,50;0,0294
1182,00;0,0293
1181,50;0,0293
1181,00;0,0294
1180,50;0,0295
1180,00;0,0297
1179,50;0,0298
1179,00;0,0297
1178,50;0,0295
1178,00;0,0293
1177,50;0,0293
1177,00;0,0293
1176,50;0,0293
1176,00;0,0293
1175,50;0,0293
1175,00;0,0292
1174,50;0,0292
1174,00;0,0291
1173,50;0,0291
1173,00;0,0292
1172,50;0,0292
1172,00;0,0293
1171,50;0,0294
1171,00;0,0294
1170,50;0,0294
1170,00;0,0293
1169,50;0,0292
1169,00;0,0291
1168,50;0,0291
1168,00;0,0290
1167,50;0,0290
1167,00;0,0290
1166,50;0,0290
1166,00;0,0290
1165,50;0,0289
1165,00;0,0289
1164,50;0,0290
1164,00;0,0290
1163,50;0,0291
1163,00;0,0290
1162,50;0,0289
1162,00;0,0288
1161,50;0,0287
1161,00;0,0288
1160,50;0,0288
1160,00;0,0289
1159,50;0,0288
1159,00;0,0288
1158,50;0,0288
1158,00;0,0288
1157,50;0,0287
1157,00;0,0285
1156,50;0,0284
1156,00;0,0283
1155,50;0,0284
1155,00;0,0285
1154,50;0,0286
1154,00;0,0287
1153,50;0,0287
1153,00;0,0287
1152,50;0,0288
1152,00;0,0288
1151,50;0,0288
1151,00;0,0285
1150,50;0,0281
1150,00;0,0278
1149,50;0,0277
1149,00;0,0277
1148,50;0,0278
1148,00;0,0279
1147,50;0,0281
1147,00;0,0281
1146,50;0,0280
1146,00;0,0277
1145,50;0,0276
1145,00;0,0276
1144,50;0,0277
1144,00;0,0278
1143,50;0,0280
1143,00;0,0281
1142,50;0,0282
1142,00;0,0283
1141,50;0,0283
1141,00;0,0281
1140,50;0,0280
1140,00;0,0279
1139,50;0,0280
1139,00;0,0281
1138,50;0,0281
1138,00;0,0280
1137,50;0,0279
1137,00;0,0279
1136,50;0,0278
1136,00;0,0278
1135,50;0,0278
1135,00;0,0278
1134,50;0,0277
1134,00;0,0278
1133,50;0,0278
1133,00;0,0277
1132,50;0,0277
1132,00;0,0278
1131,50;0,0279
1131,00;0,0280
1130,50;0,0281
1130,00;0,0281
1129,50;0,0280
1129,00;0,0280
1128,50;0,0280
1128,00;0,0280
1127,50;0,0280
1127,00;0,0280
1126,50;0,0280
1126,00;0,0279
1125,50;0,0277
1125,00;0,0275
1124,50;0,0273
1124,00;0,0271
1123,50;0,0268
1123,00;0,0266
1122,50;0,0264
1122,00;0,0266
1121,50;0,0269
1121,00;0,0272
1120,50;0,0273
1120,00;0,0272
1119,50;0,0268
1119,00;0,0265
1118,50;0,0264
1118,00;0,0265
1117,50;0,0266
1117,00;0,0268
1116,50;0,0268
1116,00;0,0267
1115,50;0,0266
1115,00;0,0266
1114,50;0,0266
1114,00;0,0266
1113,50;0,0267
1113,00;0,0268
1112,50;0,0268
1112,00;0,0267
1111,50;0,0266
1111,00;0,0266
1110,50;0,0266
1110,00;0,0268
1109,50;0,0269
1109,00;0,0268
1108,50;0,0267
1108,00;0,0265
1107,50;0,0263
1107,00;0,0264
1106,50;0,0265
1106,00;0,0267
1105,50;0,0268
1105,00;0,0267
1104,50;0,0265
1104,00;0,0263
1103,50;0,0262
1103,00;0,0261
1102,50;0,0260
1102,00;0,0259
1101,50;0,0259
1101,00;0,0260
1100,50;0,0260
1100,00;0,0260
1099,50;0,0260
1099,00;0,0260
1098,50;0,0259
1098,00;0,0258
1097,50;0,0256
1097,00;0,0254
1096,50;0,0252
1096,00;0,0252
1095,50;0,0252
1095,00;0,0253
1094,50;0,0253
1094,00;0,0252
1093,50;0,0252
1093,00;0,0253
1092,50;0,0254
1092,00;0,0255
1091,50;0,0254
1091,00;0,0253
1090,50;0,0251
1090,00;0,0249
1089,50;0,0247
1089,00;0,0245
1088,50;0,0243
1088,00;0,0241
1087,50;0,0239
1087,00;0,0237
1086,50;0,0236
1086,00;0,0235
1085,50;0,0235
1085,00;0,0236
1084,50;0,0236
1084,00;0,0236
1083,50;0,0237
1083,00;0,0237
1082,50;0,0235
1082,00;0,0232
1081,50;0,0230
1081,00;0,0229
1080,50;0,0229
1080,00;0,0229
1079,50;0,0228
1079,00;0,0226
1078,50;0,0226
1078,00;0,0226
1077,50;0,0226
1077,00;0,0225
1076,50;0,0224
1076,00;0,0223
1075,50;0,0225
1075,00;0,0228
1074,50;0,0230
1074,00;0,0230
1073,50;0,0228
1073,00;0,0226
1072,50;0,0223
1072,00;0,0220
1071,50;0,0219
1071,00;0,0219
1070,50;0,0220
1070,00;0,0222
1069,50;0,0225
1069,00;0,0228
1068,50;0,0232
1068,00;0,0234
1067,50;0,0233
1067,00;0,0230
1066,50;0,0226
1066,00;0,0223
1065,50;0,0221
1065,00;0,0221
1064,50;0,0223
1064,00;0,0227
1063,50;0,0231
1063,00;0,0233
1062,50;0,0231
1062,00;0,0227
1061,50;0,0222
1061,00;0,0217
1060,50;0,0216
1060,00;0,0218
1059,50;0,0222
1059,00;0,0227
1058,50;0,0231
1058,00;0,0235
1057,50;0,0235
1057,00;0,0233
1056,50;0,0230
1056,00;0,0227
1055,50;0,0226
1055,00;0,0225
1054,50;0,0226
1054,00;0,0228
1053,50;0,0230
1053,00;0,0232
1052,50;0,0234
1052,00;0,0235
1051,50;0,0235
1051,00;0,0234
1050,50;0,0233
1050,00;0,0232
1049,50;0,0232
1049,00;0,0232
1048,50;0,0234
1048,00;0,0235
1047,50;0,0235
1047,00;0,0235
1046,50;0,0234
1046,00;0,0235
1045,50;0,0236
1045,00;0,0237
1044,50;0,0239
1044,00;0,0241
1043,50;0,0242
1043,00;0,0242
1042,50;0,0243
1042,00;0,0243
1041,50;0,0242
1041,00;0,0240
1040,50;0,0238
1040,00;0,0236
1039,50;0,0236
1039,00;0,0238
1038,50;0,0241
1038,00;0,0245
1037,50;0,0246
1037,00;0,0247
1036,50;0,0246
1036,00;0,0244
1035,50;0,0242
1035,00;0,0240
1034,50;0,0238
1034,00;0,0238
1033,50;0,0240
1033,00;0,0243
1032,50;0,0245
1032,00;0,0247
1031,50;0,0248
1031,00;0,0249
1030,50;0,0247
1030,00;0,0245
1029,50;0,0244
1029,00;0,0243
1028,50;0,0245
1028,00;0,0248
1027,50;0,0251
1027,00;0,0254
1026,50;0,0256
1026,00;0,0257
1025,50;0,0256
1025,00;0,0254
1024,50;0,0252
1024,00;0,0251
1023,50;0,0252
1023,00;0,0253
1022,50;0,0254
1022,00;0,0254
1021,50;0,0254
1021,00;0,0254
1020,50;0,0253
1020,00;0,0253
1019,50;0,0253
1019,00;0,0253
1018,50;0,0254
1018,00;0,0256
1017,50;0,0259
1017,00;0,0262
1016,50;0,0265
1016,00;0,0266
1015,50;0,0267
1015,00;0,0267
1014,50;0,0265
1014,00;0,0264
1013,50;0,0263
1013,00;0,0265
1012,50;0,0267
1012,00;0,0269
1011,50;0,0272
1011,00;0,0275
1010,50;0,0276
1010,00;0,0274
1009,50;0,0271
1009,00;0,0268
1008,50;0,0268
1008,00;0,0271
1007,50;0,0274
1007,00;0,0278
1006,50;0,0281
1006,00;0,0284
1005,50;0,0286
1005,00;0,0286
1004,50;0,0284
1004,00;0,0282
1003,50;0,0280
1003,00;0,0279
1002,50;0,0280
1002,00;0,0283
1001,50;0,0287
1001,00;0,0290
1000,50;0,0291
1000,00;0,0290
999,50;0,0290
999,00;0,0291
998,50;0,0293
998,00;0,0295
997,50;0,0298
997,00;0,0301
996,50;0,0304
996,00;0,0307
995,50;0,0308
995,00;0,0309
994,50;0,0309
994,00;0,0309
993,50;0,0309
993,00;0,0309
992,50;0,0310
992,00;0,0313
991,50;0,0318
991,00;0,0322
990,50;0,0326
990,00;0,0329
989,50;0,0331
989,00;0,0330
988,50;0,0329
988,00;0,0329
987,50;0,0330
987,00;0,0334
986,50;0,0338
986,00;0,0342
985,50;0,0345
985,00;0,0347
984,50;0,0347
984,00;0,0348
983,50;0,0348
983,00;0,0349
982,50;0,0351
982,00;0,0356
981,50;0,0362
981,00;0,0367
980,50;0,0370
980,00;0,0372
979,50;0,0374
979,00;0,0377
978,50;0,0379
978,00;0,0381
977,50;0,0383
977,00;0,0386
976,50;0,0388
976,00;0,0390
975,50;0,0394
975,00;0,0398
974,50;0,0402
974,00;0,0404
973,50;0,0406
973,00;0,0408
972,50;0,0410
972,00;0,0413
971,50;0,0414
971,00;0,0416
970,50;0,0420
970,00;0,0426
969,50;0,0434
969,00;0,0440
968,50;0,0443
968,00;0,0444
967,50;0,0444
967,00;0,0447
966,50;0,0451
966,00;0,0455
965,50;0,0460
965,00;0,0466
964,50;0,0472
964,00;0,0478
963,50;0,0482
963,00;0,0483
962,50;0,0482
962,00;0,0482
961,50;0,0483
961,00;0,0487
960,50;0,0493
960,00;0,0501
959,50;0,0509
959,00;0,0515
958,50;0,0519
958,00;0,0521
957,50;0,0522
957,00;0,0523
956,50;0,0525
956,00;0,0527
955,50;0,0533
955,00;0,0539
954,50;0,0546
954,00;0,0553
953,50;0,0558
953,00;0,0563
952,50;0,0567
952,00;0,0570
951,50;0,0571
951,00;0,0572
950,50;0,0574
950,00;0,0579
949,50;0,0586
949,00;0,0591
948,50;0,0594
948,00;0,0595
947,50;0,0596
947,00;0,0598
946,50;0,0602
946,00;0,0607
945,50;0,0613
945,00;0,0619
944,50;0,0623
944,00;0,0627
943,50;0,0630
943,00;0,0633
942,50;0,0636
942,00;0,0639
941,50;0,0644
941,00;0,0648
940,50;0,0651
940,00;0,0653
939,50;0,0656
939,00;0,0661
938,50;0,0669
938,00;0,0677
937,50;0,0684
937,00;0,0687
936,50;0,0688
936,00;0,0688
935,50;0,0689
935,00;0,0691
934,50;0,0695
934,00;0,0699
933,50;0,0705
933,00;0,0711
932,50;0,0717
932,00;0,0723
931,50;0,0727
931,00;0,0729
930,50;0,0730
930,00;0,0731
929,50;0,0734
929,00;0,0741
928,50;0,0749
928,00;0,0756
927,50;0,0761
927,00;0,0765
926,50;0,0767
926,00;0,0769
925,50;0,0770
925,00;0,0772
924,50;0,0774
924,00;0,0777
923,50;0,0781
923,00;0,0785
922,50;0,0787
922,00;0,0789
921,50;0,0791
921,00;0,0794
920,50;0,0796
920,00;0,0799
919,50;0,0803
919,00;0,0808
918,50;0,0812
918,00;0,0814
917,50;0,0815
917,00;0,0816
916,50;0,0818
916,00;0,0821
915,50;0,0825
915,00;0,0829
914,50;0,0833
914,00;0,0838
913,50;0,0843
913,00;0,0847
912,50;0,0850
912,00;0,0851
911,50;0,0851
911,00;0,0853
910,50;0,0854
910,00;0,0855
909,50;0,0854
909,00;0,0856
908,50;0,0861
908,00;0,0869
907,50;0,0877
907,00;0,0882
906,50;0,0882
906,00;0,0878
905,50;0,0874
905,00;0,0874
904,50;0,0879
904,00;0,0886
903,50;0,0889
903,00;0,0889
902,50;0,0889
902,00;0,0891
901,50;0,0894
901,00;0,0898
900,50;0,0903
900,00;0,0909
899,50;0,0912
899,00;0,0913
898,50;0,0912
898,00;0,0912
897,50;0,0913
897,00;0,0915
896,50;0,0918
896,00;0,0923
895,50;0,0927
895,00;0,0930
894,50;0,0932
894,00;0,0933
893,50;0,0934
893,00;0,0934
892,50;0,0936
892,00;0,0937
891,50;0,0938
891,00;0,0939
890,50;0,0941
890,00;0,0945
889,50;0,0948
889,00;0,0950
888,50;0,0949
888,00;0,0947
887,50;0,0948
887,00;0,0950
886,50;0,0954
886,00;0,0961
885,50;0,0968
885,00;0,0973
884,50;0,0973
884,00;0,0971
883,50;0,0969
883,00;0,0969
882,50;0,0972
882,00;0,0975
881,50;0,0977
881,00;0,0979
880,50;0,0982
880,00;0,0986
879,50;0,0990
879,00;0,0992
878,50;0,0990
878,00;0,0985
877,50;0,0981
877,00;0,0979
876,50;0,0983
876,00;0,0990
875,50;0,0998
875,00;0,1002
874,50;0,1005
874,00;0,1007
873,50;0,1010
873,00;0,1012
872,50;0,1012
872,00;0,1014
871,50;0,1018
871,00;0,1024
870,50;0,1031
870,00;0,1036
869,50;0,1036
869,00;0,1033
868,50;0,1028
868,00;0,1024
867,50;0,1026
867,00;0,1031
866,50;0,1038
866,00;0,1045
865,50;0,1050
865,00;0,1053
864,50;0,1053
864,00;0,1050
863,50;0,1045
863,00;0,1039
862,50;0,1035
862,00;0,1033
861,50;0,1035
861,00;0,1041
860,50;0,1050
860,00;0,1060
859,50;0,1068
859,00;0,1072
858,50;0,1071
858,00;0,1067
857,50;0,1063
857,00;0,1062
856,50;0,1063
856,00;0,1066
855,50;0,1069
855,00;0,1074
854,50;0,1079
854,00;0,1081
853,50;0,1081
853,00;0,1079
852,50;0,1076
852,00;0,1075
851,50;0,1076
851,00;0,1080
850,50;0,1086
850,00;0,1092
849,50;0,1094
849,00;0,1094
848,50;0,1092
848,00;0,1091
847,50;0,1090
847,00;0,1090
846,50;0,1090
846,00;0,1094
845,50;0,1100
845,00;0,1106
844,50;0,1110
844,00;0,1110
843,50;0,1108
843,00;0,1105
842,50;0,1102
842,00;0,1101
841,50;0,1101
841,00;0,1105
840,50;0,1111
840,00;0,1117
839,50;0,1123
839,00;0,1128
838,50;0,1131
838,00;0,1131
837,50;0,1128
837,00;0,1124
836,50;0,1121
836,00;0,1118
835,50;0,1118
835,00;0,1122
834,50;0,1127
834,00;0,1130
833,50;0,1127
833,00;0,1120
832,50;0,1115
832,00;0,1114
831,50;0,1119
831,00;0,1126
830,50;0,1133
830,00;0,1139
829,50;0,1144
829,00;0,1148
828,50;0,1152
828,00;0,1154
827,50;0,1153
827,00;0,1148
826,50;0,1141
826,00;0,1135
825,50;0,1133
825,00;0,1135
824,50;0,1140
824,00;0,1147
823,50;0,1152
823,00;0,1153
822,50;0,1150
822,00;0,1145
821,50;0,1140
821,00;0,1137
820,50;0,1135
820,00;0,1135
819,50;0,1137
819,00;0,1141
818,50;0,1142
818,00;0,1142
817,50;0,1141
817,00;0,1141
816,50;0,1141
816,00;0,1142
815,50;0,1141
815,00;0,1140
814,50;0,1140
814,00;0,1141
813,50;0,1143
813,00;0,1143
812,50;0,1144
812,00;0,1144
811,50;0,1142
811,00;0,1137
810,50;0,1133
810,00;0,1131
809,50;0,1132
809,00;0,1132
808,50;0,1132
808,00;0,1131
807,50;0,1130
807,00;0,1131
806,50;0,1131
806,00;0,1130
805,50;0,1129
805,00;0,1128
804,50;0,1126
804,00;0,1125
803,50;0,1124
803,00;0,1125
802,50;0,1127
802,00;0,1129
801,50;0,1131
801,00;0,1130
800,50;0,1127
800,00;0,1124
799,50;0,1122
799,00;0,1122
798,50;0,1123
798,00;0,1124
797,50;0,1127
797,00;0,1128
796,50;0,1128
796,00;0,1124
795,50;0,1116
795,00;0,1107
794,50;0,1101
794,00;0,1099
793,50;0,1103
793,00;0,1108
792,50;0,1112
792,00;0,1113
791,50;0,1111
791,00;0,1107
790,50;0,1101
790,00;0,1095
789,50;0,1091
789,00;0,1089
788,50;0,1090
788,00;0,1093
787,50;0,1096
787,00;0,1100
786,50;0,1105
786,00;0,1107
785,50;0,1106
785,00;0,1100
784,50;0,1093
784,00;0,1087
783,50;0,1086
783,00;0,1090
782,50;0,1096
782,00;0,1101
781,50;0,1104
781,00;0,1105
780,50;0,1103
780,00;0,1101
779,50;0,1096
779,00;0,1091
778,50;0,1086
778,00;0,1082
777,50;0,1081
777,00;0,1083
776,50;0,1087
776,00;0,1089
775,50;0,1089
775,00;0,1087
774,50;0,1084
774,00;0,1081
773,50;0,1078
773,00;0,1075
772,50;0,1074
772,00;0,1074
771,50;0,1077
771,00;0,1082
770,50;0,1086
770,00;0,1086
769,50;0,1081
769,00;0,1074
768,50;0,1068
768,00;0,1068
767,50;0,1073
767,00;0,1077
766,50;0,1080
766,00;0,1079
765,50;0,1077
765,00;0,1075
764,50;0,1072
764,00;0,1068
763,50;0,1062
763,00;0,1059
762,50;0,1059
762,00;0,1061
761,50;0,1065
761,00;0,1068
760,50;0,1070
760,00;0,1069
759,50;0,1065
759,00;0,1060
758,50;0,1056
758,00;0,1055
757,50;0,1055
757,00;0,1055
756,50;0,1054
756,00;0,1055
755,50;0,1059
755,00;0,1063
754,50;0,1063
754,00;0,1059
753,50;0,1052
753,00;0,1044
752,50;0,1040
752,00;0,1037
751,50;0,1037
751,00;0,1037
750,50;0,1038
750,00;0,1040
749,50;0,1041
749,00;0,1041
748,50;0,1039
748,00;0,1036
747,50;0,1034
747,00;0,1031
746,50;0,1028
746,00;0,1028
745,50;0,1029
745,00;0,1031
744,50;0,1031
744,00;0,1029
743,50;0,1027
743,00;0,1022
742,50;0,1016
742,00;0,1009
741,50;0,1002
741,00;0,0998
740,50;0,0997
740,00;0,1000
739,50;0,1003
739,00;0,1003
738,50;0,1001
738,00;0,0998
737,50;0,0996
737,00;0,0994
736,50;0,0991
736,00;0,0989
735,50;0,0989
735,00;0,0991
734,50;0,0991
734,00;0,0990
733,50;0,0987
733,00;0,0985
732,50;0,0981
732,00;0,0977
731,50;0,0974
731,00;0,0974
730,50;0,0978
730,00;0,0983
729,50;0,0987
729,00;0,0989
728,50;0,0989
728,00;0,0987
727,50;0,0984
727,00;0,0979
726,50;0,0974
726,00;0,0968
725,50;0,0964
725,00;0,0963
724,50;0,0966
724,00;0,0973
723,50;0,0978
723,00;0,0980
722,50;0,0979
722,00;0,0979
721,50;0,0982
721,00;0,0984
720,50;0,0984
720,00;0,0981
719,50;0,0980
719,00;0,0982
718,50;0,0985
718,00;0,0985
717,50;0,0984
717,00;0,0980
716,50;0,0978
716,00;0,0977
715,50;0,0976
715,00;0,0975
714,50;0,0975
714,00;0,0975
713,50;0,0975
713,00;0,0974
712,50;0,0972
712,00;0,0968
711,50;0,0962
711,00;0,0957
710,50;0,0955
710,00;0,0957
709,50;0,0961
709,00;0,0966
708,50;0,0971
708,00;0,0975
707,50;0,0977
707,00;0,0976
706,50;0,0974
706,00;0,0973
705,50;0,0971
705,00;0,0969
704,50;0,0970
704,00;0,0973
703,50;0,0974
703,00;0,0973
702,50;0,0971
702,00;0,0970
701,50;0,0971
701,00;0,0970
700,50;0,0965
700,00;0,0960
699,50;0,0956
699,00;0,0956
698,50;0,0958
698,00;0,0962
697,50;0,0966
697,00;0,0970
696,50;0,0972
696,00;0,0971
695,50;0,0967
695,00;0,0962
694,50;0,0958
694,00;0,0955
693,50;0,0956
693,00;0,0958
692,50;0,0963
692,00;0,0967
691,50;0,0968
691,00;0,0967
690,50;0,0963
690,00;0,0959
689,50;0,0956
689,00;0,0957
688,50;0,0960
688,00;0,0964
687,50;0,0965
687,00;0,0961
686,50;0,0954
686,00;0,0948
685,50;0,0947
685,00;0,0947
684,50;0,0944
684,00;0,0940
683,50;0,0937
683,00;0,0939
682,50;0,0946
682,00;0,0952
681,50;0,0956
681,00;0,0956
680,50;0,0954
680,00;0,0951
679,50;0,0947
679,00;0,0943
678,50;0,0942
678,00;0,0946
677,50;0,0954
677,00;0,0963
676,50;0,0971
676,00;0,0976
675,50;0,0979
675,00;0,0977
674,50;0,0974
674,00;0,0969
673,50;0,0991
673,00;0,1005
672,50;0,1019
672,00;0,1038
671,50;0,1054
671,00;0,1069
670,50;0,1080
670,00;0,1091
669,50;0,1107
669,00;0,1135
668,50;0,1175
668,00;0,1208
667,50;0,1208
667,00;0,1173
666,50;0,1142
666,00;0,1130
665,50;0,1124
665,00;0,1118
664,50;0,1109
664,00;0,1103
663,50;0,1083
663,00;0,1073
662,50;0,1067
662,00;0,1062
661,50;0,1055
661,00;0,1044
660,50;0,1031
660,00;0,1019
659,50;0,1008
659,00;0,0993
658,50;0,0977
658,00;0,0965
657,50;0,0968
657,00;0,0985
656,50;0,1008
656,00;0,1025
655,50;0,1030
655,00;0,1023
654,50;0,1010
654,00;0,0994
653,50;0,0976
653,00;0,0958
652,50;0,0944
652,00;0,0937
651,50;0,0938
651,00;0,0943
650,50;0,0948
650,00;0,0951
649,50;0,0953
649,00;0,0953
648,50;0,0951
648,00;0,0948
647,50;0,0944
647,00;0,0940
646,50;0,0938
646,00;0,0941
645,50;0,0948
645,00;0,0956
644,50;0,0960
644,00;0,0958
643,50;0,0949
643,00;0,0938
642,50;0,0932
642,00;0,0934
641,50;0,0941
641,00;0,0950
640,50;0,0957
640,00;0,0962
639,50;0,0963
639,00;0,0958
638,50;0,0950
638,00;0,0941
637,50;0,0934
637,00;0,0930
636,50;0,0929
636,00;0,0932
635,50;0,0938
635,00;0,0943
634,50;0,0945
634,00;0,0942
633,50;0,0933
633,00;0,0919
632,50;0,0906
632,00;0,0899
631,50;0,0901
631,00;0,0906
630,50;0,0913
630,00;0,0919
629,50;0,0928
629,00;0,0938
628,50;0,0945
628,00;0,0946
627,50;0,0942
627,00;0,0933
626,50;0,0926
626,00;0,0925
625,50;0,0933
625,00;0,0945
624,50;0,0954
624,00;0,0957
623,50;0,0955
623,00;0,0949
622,50;0,0941
622,00;0,0935
621,50;0,0934
621,00;0,0939
620,50;0,0948
620,00;0,0957
619,50;0,0963
619,00;0,0967
618,50;0,0968
618,00;0,0967
617,50;0,0963
617,00;0,0956
616,50;0,0946
616,00;0,0940
615,50;0,0940
615,00;0,0946
614,50;0,0953
614,00;0,0959
613,50;0,0961
613,00;0,0960
612,50;0,0957
612,00;0,0954
611,50;0,0952
611,00;0,0949
610,50;0,0944
610,00;0,0940
609,50;0,0938
609,00;0,0941
608,50;0,0946
608,00;0,0949
607,50;0,0947
607,00;0,0940
606,50;0,0934
606,00;0,0931
605,50;0,0934
605,00;0,0939
604,50;0,0941
604,00;0,0938
603,50;0,0931
603,00;0,0923
602,50;0,0918
602,00;0,0914
601,50;0,0912
601,00;0,0911
600,50;0,0910
600,00;0,0910
599,50;0,0910
599,00;0,0910
598,50;0,0911
598,00;0,0914
597,50;0,0919
597,00;0,0924
596,50;0,0924
596,00;0,0916
595,50;0,0904
595,00;0,0894
594,50;0,0894
594,00;0,0902
593,50;0,0913
593,00;0,0922
592,50;0,0927
592,00;0,0926
591,50;0,0919
591,00;0,0910
590,50;0,0902
590,00;0,0897
589,50;0,0896
589,00;0,0897
588,50;0,0902
588,00;0,0911
587,50;0,0922
587,00;0,0928
586,50;0,0925
586,00;0,0914
585,50;0,0902
585,00;0,0894
584,50;0,0889
584,00;0,0885
583,50;0,0883
583,00;0,0884
582,50;0,0887
582,00;0,0889
581,50;0,0888
581,00;0,0880
580,50;0,0868
580,00;0,0856
579,50;0,0847
579,00;0,0844
578,50;0,0846
578,00;0,0852
577,50;0,0855
577,00;0,0853
576,50;0,0850
576,00;0,0847
575,50;0,0847
575,00;0,0846
574,50;0,0842
574,00;0,0840
573,50;0,0840
573,00;0,0844
572,50;0,0849
572,00;0,0849
571,50;0,0842
571,00;0,0826
570,50;0,0804
570,00;0,0787
569,50;0,0780
569,00;0,0784
568,50;0,0795
568,00;0,0808
567,50;0,0822
567,00;0,0835
566,50;0,0841
566,00;0,0837
565,50;0,0823
565,00;0,0803
564,50;0,0783
564,00;0,0767
563,50;0,0758
563,00;0,0757
562,50;0,0765
562,00;0,0780
561,50;0,0792
561,00;0,0791
560,50;0,0776
560,00;0,0757
559,50;0,0744
559,00;0,0742
558,50;0,0746
558,00;0,0750
557,50;0,0754
557,00;0,0761
556,50;0,0771
556,00;0,0777
555,50;0,0774
555,00;0,0760
554,50;0,0743
554,00;0,0732
553,50;0,0732
553,00;0,0739
552,50;0,0745
552,00;0,0746
551,50;0,0742
551,00;0,0737
550,50;0,0731
550,00;0,0725
549,50;0,0717
549,00;0,0707
548,50;0,0695
548,00;0,0690
547,50;0,0695
547,00;0,0706
546,50;0,0716
546,00;0,0720
545,50;0,0720
545,00;0,0714
544,50;0,0703
544,00;0,0684
543,50;0,0660
543,00;0,0635
542,50;0,0614
542,00;0,0608
541,50;0,0624
541,00;0,0653
540,50;0,0680
540,00;0,0691
539,50;0,0683
539,00;0,0662
538,50;0,0635
538,00;0,0611
537,50;0,0601
537,00;0,0608
536,50;0,0627
536,00;0,0648
535,50;0,0665
535,00;0,0673
534,50;0,0669
534,00;0,0648
533,50;0,0617
533,00;0,0585
532,50;0,0564
532,00;0,0555
531,50;0,0559
531,00;0,0567
530,50;0,0572
530,00;0,0572
529,50;0,0571
529,00;0,0572
528,50;0,0570
528,00;0,0561
527,50;0,0548
527,00;0,0542
526,50;0,0544
526,00;0,0549
525,50;0,0552
525,00;0,0556
524,50;0,0560
524,00;0,0559
523,50;0,0547
523,00;0,0524
522,50;0,0502
522,00;0,0488
521,50;0,0486
521,00;0,0496
520,50;0,0514
520,00;0,0528
519,50;0,0531
519,00;0,0524
518,50;0,0514
518,00;0,0507
517,50;0,0501
517,00;0,0497
516,50;0,0495
516,00;0,0499
515,50;0,0507
515,00;0,0517
514,50;0,0531
514,00;0,0547
513,50;0,0558
513,00;0,0556
512,50;0,0542
512,00;0,0521
511,50;0,0507
511,00;0,0509
510,50;0,0526
510,00;0,0549
509,50;0,0568
509,00;0,0575
508,50;0,0571
508,00;0,0558
507,50;0,0540
507,00;0,0520
506,50;0,0504
506,00;0,0497
505,50;0,0504
505,00;0,0527
504,50;0,0558
504,00;0,0585
503,50;0,0596
503,00;0,0586
502,50;0,0561
502,00;0,0531
501,50;0,0505
501,00;0,0488
500,50;0,0480
500,00;0,0483
499,50;0,0493
499,00;0,0503
498,50;0,0508
498,00;0,0507
497,50;0,0501
497,00;0,0494
496,50;0,0488
496,00;0,0485
495,50;0,0487
495,00;0,0495
494,50;0,0508
494,00;0,0525
493,50;0,0537
493,00;0,0540
492,50;0,0531
492,00;0,0516
491,50;0,0501
491,00;0,0497
490,50;0,0505
490,00;0,0523
489,50;0,0539
489,00;0,0547
488,50;0,0542
488,00;0,0528
487,50;0,0513
487,00;0,0499
486,50;0,0486
486,00;0,0477
485,50;0,0478
485,00;0,0493
484,50;0,0515
484,00;0,0530
483,50;0,0532
483,00;0,0524
482,50;0,0508
482,00;0,0483
481,50;0,0453
481,00;0,0428
480,50;0,0420
480,00;0,0436
479,50;0,0470
479,00;0,0512
478,50;0,0546
478,00;0,0565
477,50;0,0568
477,00;0,0565
476,50;0,0559
476,00;0,0547
475,50;0,0525
475,00;0,0505
474,50;0,0501
474,00;0,0513
473,50;0,0532
473,00;0,0550
472,50;0,0565
472,00;0,0575
471,50;0,0572
471,00;0,0551
470,50;0,0515
470,00;0,0475
469,50;0,0447
469,00;0,0444
468,50;0,0469
468,00;0,0516
467,50;0,0570
467,00;0,0618
466,50;0,0645
466,00;0,0640
465,50;0,0601
465,00;0,0542
464,50;0,0490
464,00;0,0462
463,50;0,0458
463,00;0,0469
462,50;0,0485
462,00;0,0499
461,50;0,0504
461,00;0,0492
460,50;0,0462
460,00;0,0419
459,50;0,0378
459,00;0,0358
458,50;0,0373
458,00;0,0424
457,50;0,0488
457,00;0,0539
456,50;0,0555
456,00;0,0536
455,50;0,0494
455,00;0,0447
454,50;0,0410
454,00;0,0391
453,50;0,0400
453,00;0,0443
452,50;0,0509
452,00;0,0566
451,50;0,0583
451,00;0,0553
450,50;0,0494
450,00;0,0434
449,50;0,0391
449,00;0,0370
448,50;0,0373
448,00;0,0401
447,50;0,0444
447,00;0,0481
446,50;0,0489
446,00;0,0465
445,50;0,0427
445,00;0,0400
444,50;0,0395
444,00;0,0405
443,50;0,0424
443,00;0,0462
442,50;0,0518
442,00;0,0564
441,50;0,0572
441,00;0,0548
440,50;0,0519
440,00;0,0491
439,50;0,0444
439,00;0,0381
438,50;0,0340
438,00;0,0359
437,50;0,0427
437,00;0,0496
436,50;0,0534
436,00;0,0531
435,50;0,0493
435,00;0,0434
434,50;0,0377
434,00;0,0343
433,50;0,0341
433,00;0,0367
432,50;0,0420
432,00;0,0488
431,50;0,0554
431,00;0,0603
430,50;0,0631
430,00;0,0633
429,50;0,0582
429,00;0,0469
428,50;0,0331
428,00;0,0233
427,50;0,0212
427,00;0,0251
426,50;0,0317
426,00;0,0387
425,50;0,0447
425,00;0,0480
424,50;0,0467
424,00;0,0400
423,50;0,0300
423,00;0,0217
422,50;0,0197
422,00;0,0238
421,50;0,0291
421,00;0,0314
420,50;0,0303
420,00;0,0267
419,50;0,0188
419,00;0,0065
418,50;-0,0030
418,00;-0,0005
417,50;0,0146
417,00;0,0315
416,50;0,0375
416,00;0,0286
415,50;0,0125
415,00;-0,0005
414,50;-0,0057
414,00;-0,0050
413,50;-0,0020
413,00;0,0020
412,50;0,0064
412,00;0,0082
411,50;0,0013
411,00;-0,0171
410,50;-0,0393
410,00;-0,0497
409,50;-0,0385
409,00;-0,0139
408,50;0,0051
408,00;0,0067
407,50;-0,0062
407,00;-0,0198
406,50;-0,0224
406,00;-0,0167
405,50;-0,0128
405,00;-0,0140
404,50;-0,0124
404,00;-0,0013
403,50;0,0100
403,00;0,0048
402,50;-0,0189
402,00;-0,0392
401,50;-0,0329
401,00;-0,0042
400,50;0,0244
400,00;0,0388
