Erstellt als neuer Datensatz;Sample 170 By PC59-C710\Spektrum3 date Dienstag, Juni 02 2026
cm-1;A
4000,00;0,0340
3999,50;0,0339
3999,00;0,0337
3998,50;0,0333
3998,00;0,0330
3997,50;0,0329
3997,00;0,0329
3996,50;0,0330
3996,00;0,0331
3995,50;0,0333
3995,00;0,0335
3994,50;0,0337
3994,00;0,0338
3993,50;0,0338
3993,00;0,0335
3992,50;0,0331
3992,00;0,0329
3991,50;0,0330
3991,00;0,0334
3990,50;0,0338
3990,00;0,0340
3989,50;0,0340
3989,00;0,0338
3988,50;0,0335
3988,00;0,0331
3987,50;0,0329
3987,00;0,0328
3986,50;0,0328
3986,00;0,0330
3985,50;0,0332
3985,00;0,0333
3984,50;0,0333
3984,00;0,0333
3983,50;0,0333
3983,00;0,0333
3982,50;0,0332
3982,00;0,0332
3981,50;0,0332
3981,00;0,0332
3980,50;0,0332
3980,00;0,0331
3979,50;0,0332
3979,00;0,0333
3978,50;0,0333
3978,00;0,0331
3977,50;0,0329
3977,00;0,0328
3976,50;0,0328
3976,00;0,0329
3975,50;0,0331
3975,00;0,0333
3974,50;0,0334
3974,00;0,0334
3973,50;0,0334
3973,00;0,0332
3972,50;0,0328
3972,00;0,0325
3971,50;0,0323
3971,00;0,0325
3970,50;0,0330
3970,00;0,0335
3969,50;0,0337
3969,00;0,0336
3968,50;0,0333
3968,00;0,0329
3967,50;0,0327
3967,00;0,0326
3966,50;0,0327
3966,00;0,0329
3965,50;0,0332
3965,00;0,0336
3964,50;0,0340
3964,00;0,0341
3963,50;0,0340
3963,00;0,0336
3962,50;0,0332
3962,00;0,0328
3961,50;0,0325
3961,00;0,0324
3960,50;0,0324
3960,00;0,0327
3959,50;0,0332
3959,00;0,0336
3958,50;0,0339
3958,00;0,0338
3957,50;0,0335
3957,00;0,0331
3956,50;0,0327
3956,00;0,0325
3955,50;0,0326
3955,00;0,0330
3954,50;0,0334
3954,00;0,0338
3953,50;0,0339
3953,00;0,0335
3952,50;0,0330
3952,00;0,0324
3951,50;0,0320
3951,00;0,0319
3950,50;0,0320
3950,00;0,0324
3949,50;0,0329
3949,00;0,0335
3948,50;0,0338
3948,00;0,0338
3947,50;0,0334
3947,00;0,0328
3946,50;0,0324
3946,00;0,0322
3945,50;0,0323
3945,00;0,0326
3944,50;0,0330
3944,00;0,0334
3943,50;0,0336
3943,00;0,0336
3942,50;0,0334
3942,00;0,0332
3941,50;0,0329
3941,00;0,0327
3940,50;0,0326
3940,00;0,0327
3939,50;0,0330
3939,00;0,0334
3938,50;0,0336
3938,00;0,0336
3937,50;0,0334
3937,00;0,0330
3936,50;0,0326
3936,00;0,0322
3935,50;0,0322
3935,00;0,0324
3934,50;0,0329
3934,00;0,0335
3933,50;0,0338
3933,00;0,0337
3932,50;0,0333
3932,00;0,0327
3931,50;0,0324
3931,00;0,0323
3930,50;0,0324
3930,00;0,0326
3929,50;0,0330
3929,00;0,0335
3928,50;0,0339
3928,00;0,0339
3927,50;0,0336
3927,00;0,0330
3926,50;0,0325
3926,00;0,0322
3925,50;0,0321
3925,00;0,0322
3924,50;0,0326
3924,00;0,0331
3923,50;0,0337
3923,00;0,0340
3922,50;0,0341
3922,00;0,0338
3921,50;0,0333
3921,00;0,0327
3920,50;0,0322
3920,00;0,0321
3919,50;0,0323
3919,00;0,0329
3918,50;0,0336
3918,00;0,0339
3917,50;0,0339
3917,00;0,0336
3916,50;0,0332
3916,00;0,0329
3915,50;0,0326
3915,00;0,0322
3914,50;0,0321
3914,00;0,0322
3913,50;0,0326
3913,00;0,0332
3912,50;0,0336
3912,00;0,0337
3911,50;0,0335
3911,00;0,0331
3910,50;0,0327
3910,00;0,0324
3909,50;0,0322
3909,00;0,0323
3908,50;0,0324
3908,00;0,0326
3907,50;0,0327
3907,00;0,0328
3906,50;0,0328
3906,00;0,0328
3905,50;0,0328
3905,00;0,0329
3904,50;0,0329
3904,00;0,0331
3903,50;0,0334
3903,00;0,0339
3902,50;0,0342
3902,00;0,0342
3901,50;0,0341
3901,00;0,0340
3900,50;0,0339
3900,00;0,0334
3899,50;0,0327
3899,00;0,0324
3898,50;0,0327
3898,00;0,0333
3897,50;0,0336
3897,00;0,0334
3896,50;0,0331
3896,00;0,0328
3895,50;0,0327
3895,00;0,0325
3894,50;0,0324
3894,00;0,0322
3893,50;0,0323
3893,00;0,0325
3892,50;0,0329
3892,00;0,0331
3891,50;0,0331
3891,00;0,0330
3890,50;0,0331
3890,00;0,0331
3889,50;0,0328
3889,00;0,0325
3888,50;0,0323
3888,00;0,0326
3887,50;0,0332
3887,00;0,0337
3886,50;0,0339
3886,00;0,0336
3885,50;0,0332
3885,00;0,0330
3884,50;0,0330
3884,00;0,0330
3883,50;0,0329
3883,00;0,0329
3882,50;0,0333
3882,00;0,0339
3881,50;0,0343
3881,00;0,0343
3880,50;0,0337
3880,00;0,0329
3879,50;0,0323
3879,00;0,0319
3878,50;0,0319
3878,00;0,0322
3877,50;0,0327
3877,00;0,0333
3876,50;0,0337
3876,00;0,0339
3875,50;0,0341
3875,00;0,0341
3874,50;0,0337
3874,00;0,0331
3873,50;0,0328
3873,00;0,0329
3872,50;0,0332
3872,00;0,0336
3871,50;0,0339
3871,00;0,0341
3870,50;0,0342
3870,00;0,0342
3869,50;0,0341
3869,00;0,0340
3868,50;0,0338
3868,00;0,0333
3867,50;0,0329
3867,00;0,0329
3866,50;0,0334
3866,00;0,0340
3865,50;0,0344
3865,00;0,0343
3864,50;0,0340
3864,00;0,0338
3863,50;0,0336
3863,00;0,0335
3862,50;0,0334
3862,00;0,0334
3861,50;0,0334
3861,00;0,0333
3860,50;0,0332
3860,00;0,0330
3859,50;0,0328
3859,00;0,0326
3858,50;0,0327
3858,00;0,0328
3857,50;0,0328
3857,00;0,0329
3856,50;0,0331
3856,00;0,0337
3855,50;0,0344
3855,00;0,0349
3854,50;0,0351
3854,00;0,0351
3853,50;0,0353
3853,00;0,0357
3852,50;0,0354
3852,00;0,0348
3851,50;0,0346
3851,00;0,0349
3850,50;0,0352
3850,00;0,0350
3849,50;0,0345
3849,00;0,0341
3848,50;0,0339
3848,00;0,0338
3847,50;0,0334
3847,00;0,0330
3846,50;0,0326
3846,00;0,0325
3845,50;0,0329
3845,00;0,0335
3844,50;0,0340
3844,00;0,0340
3843,50;0,0336
3843,00;0,0331
3842,50;0,0328
3842,00;0,0326
3841,50;0,0326
3841,00;0,0328
3840,50;0,0332
3840,00;0,0338
3839,50;0,0345
3839,00;0,0348
3838,50;0,0346
3838,00;0,0340
3837,50;0,0337
3837,00;0,0339
3836,50;0,0344
3836,00;0,0347
3835,50;0,0345
3835,00;0,0341
3834,50;0,0339
3834,00;0,0342
3833,50;0,0345
3833,00;0,0346
3832,50;0,0344
3832,00;0,0340
3831,50;0,0335
3831,00;0,0334
3830,50;0,0337
3830,00;0,0341
3829,50;0,0343
3829,00;0,0341
3828,50;0,0338
3828,00;0,0335
3827,50;0,0333
3827,00;0,0331
3826,50;0,0330
3826,00;0,0331
3825,50;0,0333
3825,00;0,0336
3824,50;0,0338
3824,00;0,0339
3823,50;0,0342
3823,00;0,0344
3822,50;0,0346
3822,00;0,0348
3821,50;0,0349
3821,00;0,0352
3820,50;0,0356
3820,00;0,0360
3819,50;0,0360
3819,00;0,0355
3818,50;0,0348
3818,00;0,0341
3817,50;0,0334
3817,00;0,0330
3816,50;0,0329
3816,00;0,0331
3815,50;0,0337
3815,00;0,0344
3814,50;0,0346
3814,00;0,0345
3813,50;0,0342
3813,00;0,0341
3812,50;0,0340
3812,00;0,0337
3811,50;0,0333
3811,00;0,0327
3810,50;0,0324
3810,00;0,0324
3809,50;0,0327
3809,00;0,0333
3808,50;0,0339
3808,00;0,0342
3807,50;0,0343
3807,00;0,0341
3806,50;0,0340
3806,00;0,0340
3805,50;0,0339
3805,00;0,0336
3804,50;0,0334
3804,00;0,0334
3803,50;0,0337
3803,00;0,0340
3802,50;0,0343
3802,00;0,0344
3801,50;0,0343
3801,00;0,0342
3800,50;0,0342
3800,00;0,0342
3799,50;0,0341
3799,00;0,0339
3798,50;0,0340
3798,00;0,0343
3797,50;0,0346
3797,00;0,0345
3796,50;0,0341
3796,00;0,0337
3795,50;0,0334
3795,00;0,0333
3794,50;0,0333
3794,00;0,0335
3793,50;0,0338
3793,00;0,0340
3792,50;0,0339
3792,00;0,0335
3791,50;0,0331
3791,00;0,0328
3790,50;0,0326
3790,00;0,0324
3789,50;0,0324
3789,00;0,0326
3788,50;0,0332
3788,00;0,0338
3787,50;0,0343
3787,00;0,0344
3786,50;0,0343
3786,00;0,0339
3785,50;0,0336
3785,00;0,0333
3784,50;0,0333
3784,00;0,0335
3783,50;0,0338
3783,00;0,0340
3782,50;0,0340
3782,00;0,0338
3781,50;0,0335
3781,00;0,0333
3780,50;0,0332
3780,00;0,0332
3779,50;0,0333
3779,00;0,0336
3778,50;0,0340
3778,00;0,0342
3777,50;0,0341
3777,00;0,0339
3776,50;0,0335
3776,00;0,0332
3775,50;0,0329
3775,00;0,0327
3774,50;0,0325
3774,00;0,0324
3773,50;0,0325
3773,00;0,0327
3772,50;0,0330
3772,00;0,0332
3771,50;0,0334
3771,00;0,0335
3770,50;0,0335
3770,00;0,0336
3769,50;0,0337
3769,00;0,0341
3768,50;0,0343
3768,00;0,0342
3767,50;0,0341
3767,00;0,0341
3766,50;0,0341
3766,00;0,0338
3765,50;0,0333
3765,00;0,0328
3764,50;0,0326
3764,00;0,0327
3763,50;0,0329
3763,00;0,0333
3762,50;0,0336
3762,00;0,0340
3761,50;0,0342
3761,00;0,0342
3760,50;0,0339
3760,00;0,0335
3759,50;0,0332
3759,00;0,0333
3758,50;0,0336
3758,00;0,0339
3757,50;0,0340
3757,00;0,0340
3756,50;0,0340
3756,00;0,0340
3755,50;0,0339
3755,00;0,0336
3754,50;0,0333
3754,00;0,0331
3753,50;0,0331
3753,00;0,0332
3752,50;0,0334
3752,00;0,0336
3751,50;0,0344
3751,00;0,0355
3750,50;0,0362
3750,00;0,0362
3749,50;0,0356
3749,00;0,0352
3748,50;0,0351
3748,00;0,0350
3747,50;0,0345
3747,00;0,0339
3746,50;0,0338
3746,00;0,0340
3745,50;0,0344
3745,00;0,0347
3744,50;0,0345
3744,00;0,0344
3743,50;0,0346
3743,00;0,0346
3742,50;0,0342
3742,00;0,0338
3741,50;0,0337
3741,00;0,0337
3740,50;0,0339
3740,00;0,0341
3739,50;0,0341
3739,00;0,0338
3738,50;0,0335
3738,00;0,0335
3737,50;0,0336
3737,00;0,0340
3736,50;0,0344
3736,00;0,0346
3735,50;0,0345
3735,00;0,0342
3734,50;0,0337
3734,00;0,0337
3733,50;0,0339
3733,00;0,0340
3732,50;0,0339
3732,00;0,0337
3731,50;0,0337
3731,00;0,0339
3730,50;0,0337
3730,00;0,0332
3729,50;0,0327
3729,00;0,0322
3728,50;0,0320
3728,00;0,0319
3727,50;0,0318
3727,00;0,0319
3726,50;0,0322
3726,00;0,0326
3725,50;0,0329
3725,00;0,0329
3724,50;0,0326
3724,00;0,0323
3723,50;0,0322
3723,00;0,0322
3722,50;0,0322
3722,00;0,0324
3721,50;0,0328
3721,00;0,0332
3720,50;0,0334
3720,00;0,0335
3719,50;0,0333
3719,00;0,0330
3718,50;0,0325
3718,00;0,0321
3717,50;0,0319
3717,00;0,0318
3716,50;0,0320
3716,00;0,0324
3715,50;0,0328
3715,00;0,0332
3714,50;0,0333
3714,00;0,0334
3713,50;0,0335
3713,00;0,0335
3712,50;0,0335
3712,00;0,0334
3711,50;0,0337
3711,00;0,0341
3710,50;0,0345
3710,00;0,0345
3709,50;0,0343
3709,00;0,0342
3708,50;0,0343
3708,00;0,0342
3707,50;0,0338
3707,00;0,0334
3706,50;0,0332
3706,00;0,0332
3705,50;0,0333
3705,00;0,0335
3704,50;0,0337
3704,00;0,0339
3703,50;0,0341
3703,00;0,0343
3702,50;0,0342
3702,00;0,0340
3701,50;0,0337
3701,00;0,0335
3700,50;0,0333
3700,00;0,0331
3699,50;0,0331
3699,00;0,0332
3698,50;0,0335
3698,00;0,0337
3697,50;0,0337
3697,00;0,0334
3696,50;0,0330
3696,00;0,0329
3695,50;0,0332
3695,00;0,0336
3694,50;0,0341
3694,00;0,0345
3693,50;0,0348
3693,00;0,0350
3692,50;0,0351
3692,00;0,0353
3691,50;0,0355
3691,00;0,0357
3690,50;0,0360
3690,00;0,0365
3689,50;0,0370
3689,00;0,0371
3688,50;0,0369
3688,00;0,0368
3687,50;0,0369
3687,00;0,0366
3686,50;0,0360
3686,00;0,0355
3685,50;0,0354
3685,00;0,0354
3684,50;0,0355
3684,00;0,0357
3683,50;0,0358
3683,00;0,0358
3682,50;0,0358
3682,00;0,0357
3681,50;0,0353
3681,00;0,0349
3680,50;0,0348
3680,00;0,0351
3679,50;0,0355
3679,00;0,0359
3678,50;0,0361
3678,00;0,0361
3677,50;0,0360
3677,00;0,0359
3676,50;0,0358
3676,00;0,0360
3675,50;0,0362
3675,00;0,0364
3674,50;0,0367
3674,00;0,0370
3673,50;0,0370
3673,00;0,0367
3672,50;0,0363
3672,00;0,0360
3671,50;0,0357
3671,00;0,0353
3670,50;0,0351
3670,00;0,0353
3669,50;0,0358
3669,00;0,0361
3668,50;0,0361
3668,00;0,0359
3667,50;0,0357
3667,00;0,0354
3666,50;0,0349
3666,00;0,0346
3665,50;0,0344
3665,00;0,0343
3664,50;0,0343
3664,00;0,0343
3663,50;0,0346
3663,00;0,0349
3662,50;0,0351
3662,00;0,0350
3661,50;0,0349
3661,00;0,0347
3660,50;0,0345
3660,00;0,0343
3659,50;0,0342
3659,00;0,0342
3658,50;0,0345
3658,00;0,0349
3657,50;0,0353
3657,00;0,0354
3656,50;0,0353
3656,00;0,0353
3655,50;0,0353
3655,00;0,0353
3654,50;0,0350
3654,00;0,0347
3653,50;0,0344
3653,00;0,0346
3652,50;0,0349
3652,00;0,0352
3651,50;0,0354
3651,00;0,0354
3650,50;0,0355
3650,00;0,0357
3649,50;0,0358
3649,00;0,0360
3648,50;0,0364
3648,00;0,0368
3647,50;0,0369
3647,00;0,0367
3646,50;0,0366
3646,00;0,0365
3645,50;0,0364
3645,00;0,0360
3644,50;0,0356
3644,00;0,0353
3643,50;0,0354
3643,00;0,0355
3642,50;0,0358
3642,00;0,0360
3641,50;0,0361
3641,00;0,0361
3640,50;0,0358
3640,00;0,0355
3639,50;0,0351
3639,00;0,0349
3638,50;0,0350
3638,00;0,0354
3637,50;0,0358
3637,00;0,0362
3636,50;0,0363
3636,00;0,0362
3635,50;0,0360
3635,00;0,0359
3634,50;0,0357
3634,00;0,0355
3633,50;0,0354
3633,00;0,0355
3632,50;0,0359
3632,00;0,0362
3631,50;0,0364
3631,00;0,0364
3630,50;0,0363
3630,00;0,0362
3629,50;0,0362
3629,00;0,0362
3628,50;0,0363
3628,00;0,0365
3627,50;0,0365
3627,00;0,0364
3626,50;0,0363
3626,00;0,0362
3625,50;0,0361
3625,00;0,0359
3624,50;0,0357
3624,00;0,0354
3623,50;0,0352
3623,00;0,0352
3622,50;0,0353
3622,00;0,0355
3621,50;0,0358
3621,00;0,0360
3620,50;0,0363
3620,00;0,0365
3619,50;0,0368
3619,00;0,0372
3618,50;0,0375
3618,00;0,0374
3617,50;0,0371
3617,00;0,0368
3616,50;0,0368
3616,00;0,0369
3615,50;0,0369
3615,00;0,0367
3614,50;0,0367
3614,00;0,0370
3613,50;0,0374
3613,00;0,0376
3612,50;0,0377
3612,00;0,0378
3611,50;0,0381
3611,00;0,0383
3610,50;0,0381
3610,00;0,0376
3609,50;0,0370
3609,00;0,0366
3608,50;0,0367
3608,00;0,0370
3607,50;0,0373
3607,00;0,0375
3606,50;0,0376
3606,00;0,0379
3605,50;0,0381
3605,00;0,0380
3604,50;0,0378
3604,00;0,0377
3603,50;0,0376
3603,00;0,0377
3602,50;0,0377
3602,00;0,0378
3601,50;0,0381
3601,00;0,0384
3600,50;0,0388
3600,00;0,0391
3599,50;0,0392
3599,00;0,0391
3598,50;0,0387
3598,00;0,0385
3597,50;0,0384
3597,00;0,0384
3596,50;0,0385
3596,00;0,0386
3595,50;0,0388
3595,00;0,0390
3594,50;0,0394
3594,00;0,0398
3593,50;0,0398
3593,00;0,0397
3592,50;0,0396
3592,00;0,0396
3591,50;0,0396
3591,00;0,0397
3590,50;0,0399
3590,00;0,0401
3589,50;0,0402
3589,00;0,0402
3588,50;0,0401
3588,00;0,0401
3587,50;0,0402
3587,00;0,0402
3586,50;0,0401
3586,00;0,0402
3585,50;0,0406
3585,00;0,0409
3584,50;0,0411
3584,00;0,0411
3583,50;0,0410
3583,00;0,0411
3582,50;0,0412
3582,00;0,0415
3581,50;0,0416
3581,00;0,0416
3580,50;0,0412
3580,00;0,0406
3579,50;0,0401
3579,00;0,0401
3578,50;0,0406
3578,00;0,0412
3577,50;0,0416
3577,00;0,0421
3576,50;0,0425
3576,00;0,0429
3575,50;0,0432
3575,00;0,0433
3574,50;0,0433
3574,00;0,0433
3573,50;0,0432
3573,00;0,0431
3572,50;0,0430
3572,00;0,0430
3571,50;0,0431
3571,00;0,0432
3570,50;0,0435
3570,00;0,0437
3569,50;0,0440
3569,00;0,0441
3568,50;0,0442
3568,00;0,0442
3567,50;0,0442
3567,00;0,0442
3566,50;0,0442
3566,00;0,0441
3565,50;0,0441
3565,00;0,0445
3564,50;0,0449
3564,00;0,0452
3563,50;0,0453
3563,00;0,0454
3562,50;0,0454
3562,00;0,0454
3561,50;0,0454
3561,00;0,0455
3560,50;0,0456
3560,00;0,0457
3559,50;0,0459
3559,00;0,0461
3558,50;0,0463
3558,00;0,0464
3557,50;0,0464
3557,00;0,0466
3556,50;0,0468
3556,00;0,0471
3555,50;0,0473
3555,00;0,0474
3554,50;0,0473
3554,00;0,0472
3553,50;0,0472
3553,00;0,0473
3552,50;0,0475
3552,00;0,0477
3551,50;0,0480
3551,00;0,0482
3550,50;0,0482
3550,00;0,0482
3549,50;0,0482
3549,00;0,0484
3548,50;0,0487
3548,00;0,0490
3547,50;0,0491
3547,00;0,0490
3546,50;0,0490
3546,00;0,0491
3545,50;0,0492
3545,00;0,0494
3544,50;0,0496
3544,00;0,0498
3543,50;0,0500
3543,00;0,0501
3542,50;0,0500
3542,00;0,0499
3541,50;0,0499
3541,00;0,0499
3540,50;0,0501
3540,00;0,0503
3539,50;0,0505
3539,00;0,0507
3538,50;0,0510
3538,00;0,0514
3537,50;0,0516
3537,00;0,0516
3536,50;0,0516
3536,00;0,0516
3535,50;0,0519
3535,00;0,0522
3534,50;0,0526
3534,00;0,0529
3533,50;0,0532
3533,00;0,0535
3532,50;0,0536
3532,00;0,0535
3531,50;0,0533
3531,00;0,0531
3530,50;0,0531
3530,00;0,0533
3529,50;0,0535
3529,00;0,0538
3528,50;0,0541
3528,00;0,0543
3527,50;0,0545
3527,00;0,0547
3526,50;0,0547
3526,00;0,0546
3525,50;0,0544
3525,00;0,0544
3524,50;0,0545
3524,00;0,0549
3523,50;0,0552
3523,00;0,0554
3522,50;0,0556
3522,00;0,0557
3521,50;0,0560
3521,00;0,0563
3520,50;0,0565
3520,00;0,0566
3519,50;0,0567
3519,00;0,0567
3518,50;0,0567
3518,00;0,0568
3517,50;0,0569
3517,00;0,0571
3516,50;0,0573
3516,00;0,0577
3515,50;0,0580
3515,00;0,0583
3514,50;0,0585
3514,00;0,0586
3513,50;0,0588
3513,00;0,0589
3512,50;0,0591
3512,00;0,0593
3511,50;0,0594
3511,00;0,0595
3510,50;0,0597
3510,00;0,0599
3509,50;0,0601
3509,00;0,0601
3508,50;0,0602
3508,00;0,0604
3507,50;0,0606
3507,00;0,0608
3506,50;0,0610
3506,00;0,0613
3505,50;0,0616
3505,00;0,0619
3504,50;0,0621
3504,00;0,0622
3503,50;0,0622
3503,00;0,0624
3502,50;0,0627
3502,00;0,0631
3501,50;0,0634
3501,00;0,0636
3500,50;0,0639
3500,00;0,0641
3499,50;0,0643
3499,00;0,0646
3498,50;0,0648
3498,00;0,0651
3497,50;0,0654
3497,00;0,0657
3496,50;0,0660
3496,00;0,0663
3495,50;0,0667
3495,00;0,0669
3494,50;0,0669
3494,00;0,0668
3493,50;0,0667
3493,00;0,0668
3492,50;0,0671
3492,00;0,0676
3491,50;0,0681
3491,00;0,0685
3490,50;0,0687
3490,00;0,0688
3489,50;0,0690
3489,00;0,0693
3488,50;0,0696
3488,00;0,0700
3487,50;0,0703
3487,00;0,0707
3486,50;0,0712
3486,00;0,0716
3485,50;0,0720
3485,00;0,0722
3484,50;0,0723
3484,00;0,0723
3483,50;0,0724
3483,00;0,0725
3482,50;0,0727
3482,00;0,0731
3481,50;0,0735
3481,00;0,0739
3480,50;0,0743
3480,00;0,0746
3479,50;0,0751
3479,00;0,0755
3478,50;0,0759
3478,00;0,0761
3477,50;0,0762
3477,00;0,0763
3476,50;0,0765
3476,00;0,0767
3475,50;0,0770
3475,00;0,0775
3474,50;0,0780
3474,00;0,0786
3473,50;0,0791
3473,00;0,0794
3472,50;0,0795
3472,00;0,0798
3471,50;0,0801
3471,00;0,0804
3470,50;0,0807
3470,00;0,0810
3469,50;0,0814
3469,00;0,0818
3468,50;0,0822
3468,00;0,0826
3467,50;0,0829
3467,00;0,0832
3466,50;0,0835
3466,00;0,0838
3465,50;0,0841
3465,00;0,0844
3464,50;0,0846
3464,00;0,0849
3463,50;0,0852
3463,00;0,0854
3462,50;0,0856
3462,00;0,0859
3461,50;0,0863
3461,00;0,0868
3460,50;0,0874
3460,00;0,0879
3459,50;0,0885
3459,00;0,0891
3458,50;0,0897
3458,00;0,0902
3457,50;0,0906
3457,00;0,0910
3456,50;0,0912
3456,00;0,0915
3455,50;0,0919
3455,00;0,0925
3454,50;0,0931
3454,00;0,0937
3453,50;0,0942
3453,00;0,0946
3452,50;0,0949
3452,00;0,0951
3451,50;0,0954
3451,00;0,0958
3450,50;0,0963
3450,00;0,0970
3449,50;0,0976
3449,00;0,0982
3448,50;0,0987
3448,00;0,0992
3447,50;0,0995
3447,00;0,0999
3446,50;0,1002
3446,00;0,1007
3445,50;0,1013
3445,00;0,1018
3444,50;0,1023
3444,00;0,1029
3443,50;0,1034
3443,00;0,1039
3442,50;0,1044
3442,00;0,1049
3441,50;0,1055
3441,00;0,1061
3440,50;0,1067
3440,00;0,1073
3439,50;0,1080
3439,00;0,1085
3438,50;0,1090
3438,00;0,1094
3437,50;0,1098
3437,00;0,1103
3436,50;0,1109
3436,00;0,1114
3435,50;0,1121
3435,00;0,1128
3434,50;0,1136
3434,00;0,1143
3433,50;0,1148
3433,00;0,1153
3432,50;0,1157
3432,00;0,1162
3431,50;0,1169
3431,00;0,1176
3430,50;0,1183
3430,00;0,1189
3429,50;0,1193
3429,00;0,1199
3428,50;0,1205
3428,00;0,1211
3427,50;0,1216
3427,00;0,1220
3426,50;0,1225
3426,00;0,1231
3425,50;0,1238
3425,00;0,1245
3424,50;0,1251
3424,00;0,1257
3423,50;0,1264
3423,00;0,1271
3422,50;0,1278
3422,00;0,1284
3421,50;0,1290
3421,00;0,1295
3420,50;0,1300
3420,00;0,1304
3419,50;0,1309
3419,00;0,1316
3418,50;0,1324
3418,00;0,1332
3417,50;0,1339
3417,00;0,1346
3416,50;0,1352
3416,00;0,1358
3415,50;0,1364
3415,00;0,1370
3414,50;0,1375
3414,00;0,1380
3413,50;0,1387
3413,00;0,1394
3412,50;0,1401
3412,00;0,1406
3411,50;0,1411
3411,00;0,1416
3410,50;0,1421
3410,00;0,1426
3409,50;0,1433
3409,00;0,1438
3408,50;0,1443
3408,00;0,1447
3407,50;0,1453
3407,00;0,1458
3406,50;0,1464
3406,00;0,1471
3405,50;0,1477
3405,00;0,1483
3404,50;0,1488
3404,00;0,1494
3403,50;0,1501
3403,00;0,1509
3402,50;0,1518
3402,00;0,1525
3401,50;0,1530
3401,00;0,1536
3400,50;0,1540
3400,00;0,1544
3399,50;0,1547
3399,00;0,1551
3398,50;0,1554
3398,00;0,1559
3397,50;0,1566
3397,00;0,1574
3396,50;0,1581
3396,00;0,1588
3395,50;0,1594
3395,00;0,1598
3394,50;0,1602
3394,00;0,1605
3393,50;0,1610
3393,00;0,1616
3392,50;0,1623
3392,00;0,1630
3391,50;0,1636
3391,00;0,1642
3390,50;0,1647
3390,00;0,1654
3389,50;0,1660
3389,00;0,1667
3388,50;0,1672
3388,00;0,1677
3387,50;0,1681
3387,00;0,1687
3386,50;0,1694
3386,00;0,1700
3385,50;0,1705
3385,00;0,1708
3384,50;0,1711
3384,00;0,1714
3383,50;0,1717
3383,00;0,1721
3382,50;0,1724
3382,00;0,1726
3381,50;0,1729
3381,00;0,1735
3380,50;0,1742
3380,00;0,1749
3379,50;0,1756
3379,00;0,1760
3378,50;0,1764
3378,00;0,1769
3377,50;0,1774
3377,00;0,1779
3376,50;0,1784
3376,00;0,1789
3375,50;0,1795
3375,00;0,1801
3374,50;0,1807
3374,00;0,1811
3373,50;0,1815
3373,00;0,1818
3372,50;0,1821
3372,00;0,1826
3371,50;0,1832
3371,00;0,1838
3370,50;0,1844
3370,00;0,1849
3369,50;0,1852
3369,00;0,1855
3368,50;0,1857
3368,00;0,1860
3367,50;0,1863
3367,00;0,1867
3366,50;0,1871
3366,00;0,1875
3365,50;0,1879
3365,00;0,1883
3364,50;0,1889
3364,00;0,1895
3363,50;0,1900
3363,00;0,1904
3362,50;0,1906
3362,00;0,1908
3361,50;0,1910
3361,00;0,1914
3360,50;0,1917
3360,00;0,1920
3359,50;0,1923
3359,00;0,1926
3358,50;0,1928
3358,00;0,1931
3357,50;0,1935
3357,00;0,1939
3356,50;0,1944
3356,00;0,1949
3355,50;0,1953
3355,00;0,1957
3354,50;0,1960
3354,00;0,1963
3353,50;0,1965
3353,00;0,1967
3352,50;0,1970
3352,00;0,1973
3351,50;0,1977
3351,00;0,1981
3350,50;0,1985
3350,00;0,1989
3349,50;0,1993
3349,00;0,1997
3348,50;0,1999
3348,00;0,2002
3347,50;0,2006
3347,00;0,2011
3346,50;0,2016
3346,00;0,2020
3345,50;0,2023
3345,00;0,2026
3344,50;0,2030
3344,00;0,2032
3343,50;0,2034
3343,00;0,2036
3342,50;0,2039
3342,00;0,2040
3341,50;0,2041
3341,00;0,2043
3340,50;0,2047
3340,00;0,2053
3339,50;0,2059
3339,00;0,2063
3338,50;0,2067
3338,00;0,2070
3337,50;0,2072
3337,00;0,2074
3336,50;0,2076
3336,00;0,2080
3335,50;0,2086
3335,00;0,2092
3334,50;0,2097
3334,00;0,2100
3333,50;0,2101
3333,00;0,2102
3332,50;0,2104
3332,00;0,2107
3331,50;0,2111
3331,00;0,2117
3330,50;0,2122
3330,00;0,2126
3329,50;0,2128
3329,00;0,2131
3328,50;0,2135
3328,00;0,2139
3327,50;0,2142
3327,00;0,2143
3326,50;0,2145
3326,00;0,2148
3325,50;0,2153
3325,00;0,2159
3324,50;0,2165
3324,00;0,2170
3323,50;0,2176
3323,00;0,2180
3322,50;0,2182
3322,00;0,2183
3321,50;0,2182
3321,00;0,2183
3320,50;0,2188
3320,00;0,2194
3319,50;0,2203
3319,00;0,2210
3318,50;0,2217
3318,00;0,2221
3317,50;0,2224
3317,00;0,2226
3316,50;0,2230
3316,00;0,2235
3315,50;0,2243
3315,00;0,2249
3314,50;0,2254
3314,00;0,2257
3313,50;0,2260
3313,00;0,2265
3312,50;0,2270
3312,00;0,2275
3311,50;0,2279
3311,00;0,2282
3310,50;0,2284
3310,00;0,2288
3309,50;0,2293
3309,00;0,2300
3308,50;0,2308
3308,00;0,2315
3307,50;0,2319
3307,00;0,2321
3306,50;0,2324
3306,00;0,2327
3305,50;0,2332
3305,00;0,2338
3304,50;0,2345
3304,00;0,2352
3303,50;0,2361
3303,00;0,2371
3302,50;0,2379
3302,00;0,2387
3301,50;0,2393
3301,00;0,2399
3300,50;0,2404
3300,00;0,2410
3299,50;0,2417
3299,00;0,2426
3298,50;0,2437
3298,00;0,2449
3297,50;0,2461
3297,00;0,2473
3296,50;0,2481
3296,00;0,2486
3295,50;0,2491
3295,00;0,2497
3294,50;0,2505
3294,00;0,2512
3293,50;0,2518
3293,00;0,2524
3292,50;0,2530
3292,00;0,2537
3291,50;0,2544
3291,00;0,2550
3290,50;0,2555
3290,00;0,2560
3289,50;0,2565
3289,00;0,2572
3288,50;0,2578
3288,00;0,2584
3287,50;0,2589
3287,00;0,2592
3286,50;0,2596
3286,00;0,2600
3285,50;0,2607
3285,00;0,2616
3284,50;0,2625
3284,00;0,2633
3283,50;0,2638
3283,00;0,2643
3282,50;0,2649
3282,00;0,2657
3281,50;0,2666
3281,00;0,2674
3280,50;0,2681
3280,00;0,2687
3279,50;0,2693
3279,00;0,2699
3278,50;0,2706
3278,00;0,2713
3277,50;0,2721
3277,00;0,2729
3276,50;0,2737
3276,00;0,2747
3275,50;0,2758
3275,00;0,2767
3274,50;0,2775
3274,00;0,2781
3273,50;0,2786
3273,00;0,2793
3272,50;0,2802
3272,00;0,2811
3271,50;0,2821
3271,00;0,2829
3270,50;0,2838
3270,00;0,2847
3269,50;0,2858
3269,00;0,2869
3268,50;0,2879
3268,00;0,2889
3267,50;0,2898
3267,00;0,2906
3266,50;0,2915
3266,00;0,2925
3265,50;0,2934
3265,00;0,2942
3264,50;0,2952
3264,00;0,2963
3263,50;0,2975
3263,00;0,2988
3262,50;0,2999
3262,00;0,3009
3261,50;0,3018
3261,00;0,3028
3260,50;0,3037
3260,00;0,3046
3259,50;0,3056
3259,00;0,3066
3258,50;0,3076
3258,00;0,3083
3257,50;0,3091
3257,00;0,3101
3256,50;0,3113
3256,00;0,3126
3255,50;0,3138
3255,00;0,3150
3254,50;0,3161
3254,00;0,3172
3253,50;0,3184
3253,00;0,3197
3252,50;0,3209
3252,00;0,3220
3251,50;0,3231
3251,00;0,3242
3250,50;0,3254
3250,00;0,3268
3249,50;0,3283
3249,00;0,3297
3248,50;0,3309
3248,00;0,3319
3247,50;0,3328
3247,00;0,3340
3246,50;0,3353
3246,00;0,3368
3245,50;0,3385
3245,00;0,3400
3244,50;0,3412
3244,00;0,3420
3243,50;0,3425
3243,00;0,3430
3242,50;0,3437
3242,00;0,3447
3241,50;0,3460
3241,00;0,3472
3240,50;0,3484
3240,00;0,3494
3239,50;0,3504
3239,00;0,3513
3238,50;0,3521
3238,00;0,3527
3237,50;0,3534
3237,00;0,3544
3236,50;0,3554
3236,00;0,3563
3235,50;0,3569
3235,00;0,3574
3234,50;0,3579
3234,00;0,3583
3233,50;0,3588
3233,00;0,3594
3232,50;0,3601
3232,00;0,3609
3231,50;0,3617
3231,00;0,3622
3230,50;0,3623
3230,00;0,3622
3229,50;0,3620
3229,00;0,3619
3228,50;0,3618
3228,00;0,3615
3227,50;0,3610
3227,00;0,3606
3226,50;0,3603
3226,00;0,3602
3225,50;0,3600
3225,00;0,3596
3224,50;0,3592
3224,00;0,3586
3223,50;0,3582
3223,00;0,3577
3222,50;0,3570
3222,00;0,3562
3221,50;0,3552
3221,00;0,3544
3220,50;0,3537
3220,00;0,3530
3219,50;0,3522
3219,00;0,3513
3218,50;0,3505
3218,00;0,3497
3217,50;0,3488
3217,00;0,3479
3216,50;0,3468
3216,00;0,3455
3215,50;0,3442
3215,00;0,3429
3214,50;0,3416
3214,00;0,3405
3213,50;0,3395
3213,00;0,3387
3212,50;0,3379
3212,00;0,3369
3211,50;0,3358
3211,00;0,3345
3210,50;0,3332
3210,00;0,3321
3209,50;0,3311
3209,00;0,3302
3208,50;0,3291
3208,00;0,3279
3207,50;0,3268
3207,00;0,3257
3206,50;0,3246
3206,00;0,3236
3205,50;0,3226
3205,00;0,3216
3204,50;0,3205
3204,00;0,3196
3203,50;0,3187
3203,00;0,3179
3202,50;0,3170
3202,00;0,3158
3201,50;0,3146
3201,00;0,3134
3200,50;0,3125
3200,00;0,3118
3199,50;0,3112
3199,00;0,3106
3198,50;0,3099
3198,00;0,3091
3197,50;0,3082
3197,00;0,3071
3196,50;0,3061
3196,00;0,3051
3195,50;0,3044
3195,00;0,3039
3194,50;0,3035
3194,00;0,3030
3193,50;0,3023
3193,00;0,3013
3192,50;0,3004
3192,00;0,2995
3191,50;0,2987
3191,00;0,2980
3190,50;0,2973
3190,00;0,2968
3189,50;0,2962
3189,00;0,2956
3188,50;0,2948
3188,00;0,2940
3187,50;0,2932
3187,00;0,2924
3186,50;0,2917
3186,00;0,2910
3185,50;0,2903
3185,00;0,2895
3184,50;0,2887
3184,00;0,2881
3183,50;0,2876
3183,00;0,2871
3182,50;0,2865
3182,00;0,2858
3181,50;0,2852
3181,00;0,2847
3180,50;0,2842
3180,00;0,2837
3179,50;0,2832
3179,00;0,2827
3178,50;0,2822
3178,00;0,2818
3177,50;0,2813
3177,00;0,2808
3176,50;0,2802
3176,00;0,2794
3175,50;0,2786
3175,00;0,2779
3174,50;0,2774
3174,00;0,2772
3173,50;0,2771
3173,00;0,2771
3172,50;0,2769
3172,00;0,2765
3171,50;0,2759
3171,00;0,2751
3170,50;0,2743
3170,00;0,2737
3169,50;0,2733
3169,00;0,2728
3168,50;0,2723
3168,00;0,2717
3167,50;0,2712
3167,00;0,2708
3166,50;0,2705
3166,00;0,2700
3165,50;0,2695
3165,00;0,2690
3164,50;0,2686
3164,00;0,2683
3163,50;0,2681
3163,00;0,2678
3162,50;0,2675
3162,00;0,2672
3161,50;0,2668
3161,00;0,2663
3160,50;0,2656
3160,00;0,2647
3159,50;0,2640
3159,00;0,2634
3158,50;0,2631
3158,00;0,2630
3157,50;0,2627
3157,00;0,2623
3156,50;0,2617
3156,00;0,2610
3155,50;0,2604
3155,00;0,2598
3154,50;0,2594
3154,00;0,2591
3153,50;0,2590
3153,00;0,2588
3152,50;0,2585
3152,00;0,2581
3151,50;0,2576
3151,00;0,2571
3150,50;0,2565
3150,00;0,2559
3149,50;0,2554
3149,00;0,2551
3148,50;0,2550
3148,00;0,2547
3147,50;0,2542
3147,00;0,2536
3146,50;0,2529
3146,00;0,2523
3145,50;0,2518
3145,00;0,2513
3144,50;0,2508
3144,00;0,2501
3143,50;0,2495
3143,00;0,2490
3142,50;0,2486
3142,00;0,2483
3141,50;0,2478
3141,00;0,2471
3140,50;0,2463
3140,00;0,2455
3139,50;0,2447
3139,00;0,2441
3138,50;0,2436
3138,00;0,2432
3137,50;0,2427
3137,00;0,2420
3136,50;0,2411
3136,00;0,2402
3135,50;0,2394
3135,00;0,2387
3134,50;0,2381
3134,00;0,2374
3133,50;0,2365
3133,00;0,2358
3132,50;0,2352
3132,00;0,2346
3131,50;0,2340
3131,00;0,2332
3130,50;0,2323
3130,00;0,2314
3129,50;0,2307
3129,00;0,2301
3128,50;0,2294
3128,00;0,2285
3127,50;0,2274
3127,00;0,2262
3126,50;0,2251
3126,00;0,2243
3125,50;0,2236
3125,00;0,2230
3124,50;0,2223
3124,00;0,2214
3123,50;0,2205
3123,00;0,2195
3122,50;0,2186
3122,00;0,2177
3121,50;0,2169
3121,00;0,2160
3120,50;0,2151
3120,00;0,2140
3119,50;0,2127
3119,00;0,2116
3118,50;0,2107
3118,00;0,2097
3117,50;0,2085
3117,00;0,2073
3116,50;0,2062
3116,00;0,2053
3115,50;0,2043
3115,00;0,2034
3114,50;0,2025
3114,00;0,2015
3113,50;0,2004
3113,00;0,1995
3112,50;0,1986
3112,00;0,1979
3111,50;0,1970
3111,00;0,1959
3110,50;0,1946
3110,00;0,1932
3109,50;0,1919
3109,00;0,1906
3108,50;0,1895
3108,00;0,1884
3107,50;0,1872
3107,00;0,1860
3106,50;0,1849
3106,00;0,1838
3105,50;0,1828
3105,00;0,1818
3104,50;0,1807
3104,00;0,1796
3103,50;0,1785
3103,00;0,1774
3102,50;0,1765
3102,00;0,1755
3101,50;0,1745
3101,00;0,1734
3100,50;0,1722
3100,00;0,1710
3099,50;0,1700
3099,00;0,1690
3098,50;0,1679
3098,00;0,1667
3097,50;0,1654
3097,00;0,1643
3096,50;0,1633
3096,00;0,1624
3095,50;0,1615
3095,00;0,1606
3094,50;0,1596
3094,00;0,1585
3093,50;0,1574
3093,00;0,1564
3092,50;0,1553
3092,00;0,1544
3091,50;0,1534
3091,00;0,1525
3090,50;0,1517
3090,00;0,1508
3089,50;0,1498
3089,00;0,1488
3088,50;0,1478
3088,00;0,1466
3087,50;0,1453
3087,00;0,1440
3086,50;0,1429
3086,00;0,1420
3085,50;0,1412
3085,00;0,1404
3084,50;0,1396
3084,00;0,1388
3083,50;0,1380
3083,00;0,1371
3082,50;0,1362
3082,00;0,1353
3081,50;0,1345
3081,00;0,1336
3080,50;0,1328
3080,00;0,1320
3079,50;0,1312
3079,00;0,1303
3078,50;0,1293
3078,00;0,1285
3077,50;0,1277
3077,00;0,1270
3076,50;0,1262
3076,00;0,1255
3075,50;0,1247
3075,00;0,1240
3074,50;0,1233
3074,00;0,1227
3073,50;0,1220
3073,00;0,1213
3072,50;0,1204
3072,00;0,1195
3071,50;0,1186
3071,00;0,1179
3070,50;0,1172
3070,00;0,1167
3069,50;0,1162
3069,00;0,1158
3068,50;0,1152
3068,00;0,1144
3067,50;0,1132
3067,00;0,1120
3066,50;0,1111
3066,00;0,1106
3065,50;0,1103
3065,00;0,1100
3064,50;0,1097
3064,00;0,1092
3063,50;0,1088
3063,00;0,1084
3062,50;0,1080
3062,00;0,1074
3061,50;0,1067
3061,00;0,1060
3060,50;0,1053
3060,00;0,1047
3059,50;0,1042
3059,00;0,1036
3058,50;0,1030
3058,00;0,1026
3057,50;0,1021
3057,00;0,1017
3056,50;0,1012
3056,00;0,1007
3055,50;0,1001
3055,00;0,0995
3054,50;0,0989
3054,00;0,0984
3053,50;0,0981
3053,00;0,0978
3052,50;0,0974
3052,00;0,0969
3051,50;0,0962
3051,00;0,0954
3050,50;0,0948
3050,00;0,0943
3049,50;0,0938
3049,00;0,0935
3048,50;0,0931
3048,00;0,0928
3047,50;0,0925
3047,00;0,0922
3046,50;0,0919
3046,00;0,0915
3045,50;0,0911
3045,00;0,0907
3044,50;0,0902
3044,00;0,0898
3043,50;0,0893
3043,00;0,0889
3042,50;0,0884
3042,00;0,0879
3041,50;0,0875
3041,00;0,0871
3040,50;0,0868
3040,00;0,0865
3039,50;0,0862
3039,00;0,0860
3038,50;0,0857
3038,00;0,0853
3037,50;0,0850
3037,00;0,0846
3036,50;0,0842
3036,00;0,0838
3035,50;0,0835
3035,00;0,0831
3034,50;0,0828
3034,00;0,0824
3033,50;0,0820
3033,00;0,0816
3032,50;0,0813
3032,00;0,0810
3031,50;0,0807
3031,00;0,0803
3030,50;0,0799
3030,00;0,0796
3029,50;0,0793
3029,00;0,0791
3028,50;0,0789
3028,00;0,0786
3027,50;0,0782
3027,00;0,0779
3026,50;0,0775
3026,00;0,0773
3025,50;0,0771
3025,00;0,0769
3024,50;0,0766
3024,00;0,0763
3023,50;0,0760
3023,00;0,0759
3022,50;0,0759
3022,00;0,0758
3021,50;0,0756
3021,00;0,0752
3020,50;0,0748
3020,00;0,0744
3019,50;0,0741
3019,00;0,0738
3018,50;0,0734
3018,00;0,0732
3017,50;0,0730
3017,00;0,0729
3016,50;0,0727
3016,00;0,0725
3015,50;0,0721
3015,00;0,0718
3014,50;0,0715
3014,00;0,0712
3013,50;0,0709
3013,00;0,0705
3012,50;0,0703
3012,00;0,0701
3011,50;0,0701
3011,00;0,0700
3010,50;0,0700
3010,00;0,0699
3009,50;0,0698
3009,00;0,0696
3008,50;0,0693
3008,00;0,0689
3007,50;0,0686
3007,00;0,0683
3006,50;0,0681
3006,00;0,0679
3005,50;0,0679
3005,00;0,0677
3004,50;0,0675
3004,00;0,0672
3003,50;0,0669
3003,00;0,0666
3002,50;0,0665
3002,00;0,0664
3001,50;0,0663
3001,00;0,0662
3000,50;0,0661
3000,00;0,0659
2999,50;0,0659
2999,00;0,0658
2998,50;0,0657
2998,00;0,0654
2997,50;0,0651
2997,00;0,0649
2996,50;0,0647
2996,00;0,0646
2995,50;0,0644
2995,00;0,0642
2994,50;0,0640
2994,00;0,0638
2993,50;0,0637
2993,00;0,0635
2992,50;0,0633
2992,00;0,0631
2991,50;0,0630
2991,00;0,0629
2990,50;0,0628
2990,00;0,0627
2989,50;0,0625
2989,00;0,0623
2988,50;0,0620
2988,00;0,0618
2987,50;0,0617
2987,00;0,0615
2986,50;0,0614
2986,00;0,0614
2985,50;0,0613
2985,00;0,0613
2984,50;0,0612
2984,00;0,0611
2983,50;0,0609
2983,00;0,0607
2982,50;0,0604
2982,00;0,0602
2981,50;0,0601
2981,00;0,0600
2980,50;0,0599
2980,00;0,0598
2979,50;0,0597
2979,00;0,0596
2978,50;0,0595
2978,00;0,0594
2977,50;0,0593
2977,00;0,0591
2976,50;0,0589
2976,00;0,0587
2975,50;0,0586
2975,00;0,0585
2974,50;0,0585
2974,00;0,0584
2973,50;0,0583
2973,00;0,0581
2972,50;0,0578
2972,00;0,0576
2971,50;0,0574
2971,00;0,0573
2970,50;0,0571
2970,00;0,0570
2969,50;0,0570
2969,00;0,0569
2968,50;0,0569
2968,00;0,0569
2967,50;0,0569
2967,00;0,0568
2966,50;0,0566
2966,00;0,0564
2965,50;0,0563
2965,00;0,0562
2964,50;0,0561
2964,00;0,0559
2963,50;0,0558
2963,00;0,0558
2962,50;0,0558
2962,00;0,0557
2961,50;0,0555
2961,00;0,0553
2960,50;0,0552
2960,00;0,0552
2959,50;0,0554
2959,00;0,0554
2958,50;0,0554
2958,00;0,0552
2957,50;0,0550
2957,00;0,0548
2956,50;0,0546
2956,00;0,0546
2955,50;0,0545
2955,00;0,0544
2954,50;0,0542
2954,00;0,0539
2953,50;0,0537
2953,00;0,0537
2952,50;0,0537
2952,00;0,0537
2951,50;0,0535
2951,00;0,0534
2950,50;0,0533
2950,00;0,0531
2949,50;0,0530
2949,00;0,0529
2948,50;0,0528
2948,00;0,0527
2947,50;0,0526
2947,00;0,0524
2946,50;0,0522
2946,00;0,0522
2945,50;0,0522
2945,00;0,0522
2944,50;0,0522
2944,00;0,0521
2943,50;0,0521
2943,00;0,0521
2942,50;0,0520
2942,00;0,0519
2941,50;0,0517
2941,00;0,0515
2940,50;0,0513
2940,00;0,0511
2939,50;0,0511
2939,00;0,0511
2938,50;0,0512
2938,00;0,0513
2937,50;0,0513
2937,00;0,0512
2936,50;0,0510
2936,00;0,0508
2935,50;0,0505
2935,00;0,0504
2934,50;0,0503
2934,00;0,0503
2933,50;0,0504
2933,00;0,0505
2932,50;0,0505
2932,00;0,0505
2931,50;0,0505
2931,00;0,0503
2930,50;0,0500
2930,00;0,0497
2929,50;0,0496
2929,00;0,0496
2928,50;0,0497
2928,00;0,0497
2927,50;0,0497
2927,00;0,0496
2926,50;0,0496
2926,00;0,0494
2925,50;0,0492
2925,00;0,0490
2924,50;0,0488
2924,00;0,0488
2923,50;0,0488
2923,00;0,0487
2922,50;0,0486
2922,00;0,0485
2921,50;0,0483
2921,00;0,0482
2920,50;0,0481
2920,00;0,0482
2919,50;0,0483
2919,00;0,0485
2918,50;0,0488
2918,00;0,0490
2917,50;0,0492
2917,00;0,0495
2916,50;0,0496
2916,00;0,0498
2915,50;0,0498
2915,00;0,0499
2914,50;0,0498
2914,00;0,0497
2913,50;0,0496
2913,00;0,0496
2912,50;0,0496
2912,00;0,0496
2911,50;0,0494
2911,00;0,0493
2910,50;0,0491
2910,00;0,0487
2909,50;0,0484
2909,00;0,0480
2908,50;0,0478
2908,00;0,0477
2907,50;0,0478
2907,00;0,0478
2906,50;0,0476
2906,00;0,0474
2905,50;0,0473
2905,00;0,0472
2904,50;0,0471
2904,00;0,0470
2903,50;0,0470
2903,00;0,0472
2902,50;0,0473
2902,00;0,0473
2901,50;0,0473
2901,00;0,0472
2900,50;0,0471
2900,00;0,0468
2899,50;0,0466
2899,00;0,0464
2898,50;0,0464
2898,00;0,0464
2897,50;0,0465
2897,00;0,0465
2896,50;0,0465
2896,00;0,0465
2895,50;0,0464
2895,00;0,0463
2894,50;0,0461
2894,00;0,0460
2893,50;0,0460
2893,00;0,0460
2892,50;0,0461
2892,00;0,0461
2891,50;0,0461
2891,00;0,0461
2890,50;0,0461
2890,00;0,0460
2889,50;0,0459
2889,00;0,0457
2888,50;0,0455
2888,00;0,0453
2887,50;0,0453
2887,00;0,0454
2886,50;0,0455
2886,00;0,0457
2885,50;0,0457
2885,00;0,0457
2884,50;0,0457
2884,00;0,0457
2883,50;0,0456
2883,00;0,0454
2882,50;0,0452
2882,00;0,0451
2881,50;0,0451
2881,00;0,0450
2880,50;0,0450
2880,00;0,0450
2879,50;0,0450
2879,00;0,0449
2878,50;0,0448
2878,00;0,0447
2877,50;0,0447
2877,00;0,0447
2876,50;0,0448
2876,00;0,0448
2875,50;0,0449
2875,00;0,0449
2874,50;0,0449
2874,00;0,0447
2873,50;0,0446
2873,00;0,0444
2872,50;0,0444
2872,00;0,0445
2871,50;0,0446
2871,00;0,0446
2870,50;0,0446
2870,00;0,0444
2869,50;0,0443
2869,00;0,0441
2868,50;0,0440
2868,00;0,0439
2867,50;0,0439
2867,00;0,0440
2866,50;0,0440
2866,00;0,0440
2865,50;0,0440
2865,00;0,0440
2864,50;0,0441
2864,00;0,0441
2863,50;0,0442
2863,00;0,0442
2862,50;0,0442
2862,00;0,0441
2861,50;0,0439
2861,00;0,0438
2860,50;0,0437
2860,00;0,0436
2859,50;0,0436
2859,00;0,0435
2858,50;0,0435
2858,00;0,0434
2857,50;0,0433
2857,00;0,0433
2856,50;0,0433
2856,00;0,0434
2855,50;0,0434
2855,00;0,0434
2854,50;0,0433
2854,00;0,0432
2853,50;0,0431
2853,00;0,0430
2852,50;0,0429
2852,00;0,0428
2851,50;0,0428
2851,00;0,0429
2850,50;0,0431
2850,00;0,0435
2849,50;0,0440
2849,00;0,0445
2848,50;0,0448
2848,00;0,0448
2847,50;0,0448
2847,00;0,0447
2846,50;0,0446
2846,00;0,0444
2845,50;0,0441
2845,00;0,0438
2844,50;0,0436
2844,00;0,0434
2843,50;0,0432
2843,00;0,0430
2842,50;0,0429
2842,00;0,0428
2841,50;0,0427
2841,00;0,0426
2840,50;0,0425
2840,00;0,0425
2839,50;0,0425
2839,00;0,0425
2838,50;0,0425
2838,00;0,0425
2837,50;0,0426
2837,00;0,0426
2836,50;0,0426
2836,00;0,0426
2835,50;0,0426
2835,00;0,0426
2834,50;0,0425
2834,00;0,0424
2833,50;0,0424
2833,00;0,0424
2832,50;0,0424
2832,00;0,0424
2831,50;0,0424
2831,00;0,0424
2830,50;0,0423
2830,00;0,0423
2829,50;0,0423
2829,00;0,0423
2828,50;0,0423
2828,00;0,0422
2827,50;0,0422
2827,00;0,0421
2826,50;0,0421
2826,00;0,0420
2825,50;0,0419
2825,00;0,0419
2824,50;0,0419
2824,00;0,0419
2823,50;0,0420
2823,00;0,0420
2822,50;0,0419
2822,00;0,0419
2821,50;0,0418
2821,00;0,0419
2820,50;0,0420
2820,00;0,0420
2819,50;0,0421
2819,00;0,0420
2818,50;0,0420
2818,00;0,0421
2817,50;0,0421
2817,00;0,0421
2816,50;0,0421
2816,00;0,0420
2815,50;0,0419
2815,00;0,0419
2814,50;0,0418
2814,00;0,0418
2813,50;0,0418
2813,00;0,0418
2812,50;0,0418
2812,00;0,0418
2811,50;0,0418
2811,00;0,0418
2810,50;0,0419
2810,00;0,0419
2809,50;0,0420
2809,00;0,0419
2808,50;0,0418
2808,00;0,0418
2807,50;0,0417
2807,00;0,0418
2806,50;0,0419
2806,00;0,0419
2805,50;0,0418
2805,00;0,0416
2804,50;0,0415
2804,00;0,0415
2803,50;0,0416
2803,00;0,0416
2802,50;0,0416
2802,00;0,0416
2801,50;0,0415
2801,00;0,0414
2800,50;0,0412
2800,00;0,0411
2799,50;0,0410
2799,00;0,0410
2798,50;0,0411
2798,00;0,0413
2797,50;0,0415
2797,00;0,0416
2796,50;0,0416
2796,00;0,0415
2795,50;0,0413
2795,00;0,0412
2794,50;0,0411
2794,00;0,0410
2793,50;0,0411
2793,00;0,0412
2792,50;0,0413
2792,00;0,0414
2791,50;0,0414
2791,00;0,0414
2790,50;0,0413
2790,00;0,0413
2789,50;0,0413
2789,00;0,0414
2788,50;0,0414
2788,00;0,0413
2787,50;0,0413
2787,00;0,0412
2786,50;0,0411
2786,00;0,0410
2785,50;0,0410
2785,00;0,0410
2784,50;0,0410
2784,00;0,0410
2783,50;0,0409
2783,00;0,0410
2782,50;0,0410
2782,00;0,0410
2781,50;0,0410
2781,00;0,0410
2780,50;0,0410
2780,00;0,0410
2779,50;0,0409
2779,00;0,0408
2778,50;0,0407
2778,00;0,0407
2777,50;0,0406
2777,00;0,0406
2776,50;0,0406
2776,00;0,0406
2775,50;0,0406
2775,00;0,0407
2774,50;0,0409
2774,00;0,0410
2773,50;0,0409
2773,00;0,0409
2772,50;0,0409
2772,00;0,0409
2771,50;0,0410
2771,00;0,0411
2770,50;0,0412
2770,00;0,0413
2769,50;0,0413
2769,00;0,0412
2768,50;0,0411
2768,00;0,0410
2767,50;0,0408
2767,00;0,0408
2766,50;0,0408
2766,00;0,0408
2765,50;0,0408
2765,00;0,0408
2764,50;0,0408
2764,00;0,0408
2763,50;0,0407
2763,00;0,0408
2762,50;0,0408
2762,00;0,0409
2761,50;0,0410
2761,00;0,0410
2760,50;0,0410
2760,00;0,0410
2759,50;0,0409
2759,00;0,0407
2758,50;0,0406
2758,00;0,0405
2757,50;0,0406
2757,00;0,0407
2756,50;0,0408
2756,00;0,0409
2755,50;0,0410
2755,00;0,0410
2754,50;0,0409
2754,00;0,0408
2753,50;0,0406
2753,00;0,0405
2752,50;0,0405
2752,00;0,0406
2751,50;0,0406
2751,00;0,0407
2750,50;0,0409
2750,00;0,0410
2749,50;0,0410
2749,00;0,0410
2748,50;0,0409
2748,00;0,0408
2747,50;0,0408
2747,00;0,0408
2746,50;0,0408
2746,00;0,0408
2745,50;0,0408
2745,00;0,0407
2744,50;0,0407
2744,00;0,0408
2743,50;0,0409
2743,00;0,0408
2742,50;0,0407
2742,00;0,0405
2741,50;0,0405
2741,00;0,0405
2740,50;0,0406
2740,00;0,0407
2739,50;0,0407
2739,00;0,0406
2738,50;0,0405
2738,00;0,0403
2737,50;0,0402
2737,00;0,0402
2736,50;0,0403
2736,00;0,0404
2735,50;0,0405
2735,00;0,0405
2734,50;0,0405
2734,00;0,0406
2733,50;0,0407
2733,00;0,0408
2732,50;0,0407
2732,00;0,0407
2731,50;0,0406
2731,00;0,0405
2730,50;0,0405
2730,00;0,0405
2729,50;0,0405
2729,00;0,0404
2728,50;0,0404
2728,00;0,0404
2727,50;0,0403
2727,00;0,0403
2726,50;0,0403
2726,00;0,0403
2725,50;0,0403
2725,00;0,0404
2724,50;0,0404
2724,00;0,0405
2723,50;0,0405
2723,00;0,0405
2722,50;0,0404
2722,00;0,0403
2721,50;0,0404
2721,00;0,0404
2720,50;0,0405
2720,00;0,0404
2719,50;0,0404
2719,00;0,0404
2718,50;0,0404
2718,00;0,0404
2717,50;0,0404
2717,00;0,0405
2716,50;0,0405
2716,00;0,0405
2715,50;0,0405
2715,00;0,0405
2714,50;0,0405
2714,00;0,0405
2713,50;0,0404
2713,00;0,0404
2712,50;0,0404
2712,00;0,0404
2711,50;0,0404
2711,00;0,0404
2710,50;0,0403
2710,00;0,0403
2709,50;0,0404
2709,00;0,0404
2708,50;0,0404
2708,00;0,0404
2707,50;0,0404
2707,00;0,0405
2706,50;0,0405
2706,00;0,0405
2705,50;0,0404
2705,00;0,0403
2704,50;0,0403
2704,00;0,0404
2703,50;0,0405
2703,00;0,0405
2702,50;0,0405
2702,00;0,0404
2701,50;0,0404
2701,00;0,0404
2700,50;0,0404
2700,00;0,0404
2699,50;0,0403
2699,00;0,0403
2698,50;0,0403
2698,00;0,0404
2697,50;0,0404
2697,00;0,0405
2696,50;0,0405
2696,00;0,0405
2695,50;0,0405
2695,00;0,0405
2694,50;0,0405
2694,00;0,0405
2693,50;0,0405
2693,00;0,0405
2692,50;0,0405
2692,00;0,0406
2691,50;0,0407
2691,00;0,0408
2690,50;0,0409
2690,00;0,0409
2689,50;0,0408
2689,00;0,0406
2688,50;0,0405
2688,00;0,0405
2687,50;0,0405
2687,00;0,0404
2686,50;0,0404
2686,00;0,0404
2685,50;0,0405
2685,00;0,0407
2684,50;0,0408
2684,00;0,0409
2683,50;0,0408
2683,00;0,0407
2682,50;0,0406
2682,00;0,0406
2681,50;0,0406
2681,00;0,0406
2680,50;0,0407
2680,00;0,0407
2679,50;0,0407
2679,00;0,0407
2678,50;0,0406
2678,00;0,0406
2677,50;0,0406
2677,00;0,0407
2676,50;0,0407
2676,00;0,0407
2675,50;0,0407
2675,00;0,0406
2674,50;0,0405
2674,00;0,0405
2673,50;0,0404
2673,00;0,0404
2672,50;0,0403
2672,00;0,0403
2671,50;0,0403
2671,00;0,0405
2670,50;0,0406
2670,00;0,0408
2669,50;0,0409
2669,00;0,0409
2668,50;0,0408
2668,00;0,0406
2667,50;0,0404
2667,00;0,0405
2666,50;0,0407
2666,00;0,0410
2665,50;0,0411
2665,00;0,0412
2664,50;0,0411
2664,00;0,0410
2663,50;0,0410
2663,00;0,0410
2662,50;0,0411
2662,00;0,0412
2661,50;0,0413
2661,00;0,0413
2660,50;0,0412
2660,00;0,0412
2659,50;0,0411
2659,00;0,0411
2658,50;0,0410
2658,00;0,0410
2657,50;0,0409
2657,00;0,0409
2656,50;0,0409
2656,00;0,0410
2655,50;0,0410
2655,00;0,0411
2654,50;0,0411
2654,00;0,0410
2653,50;0,0410
2653,00;0,0409
2652,50;0,0409
2652,00;0,0408
2651,50;0,0409
2651,00;0,0409
2650,50;0,0411
2650,00;0,0413
2649,50;0,0414
2649,00;0,0413
2648,50;0,0412
2648,00;0,0411
2647,50;0,0410
2647,00;0,0409
2646,50;0,0408
2646,00;0,0408
2645,50;0,0408
2645,00;0,0408
2644,50;0,0409
2644,00;0,0410
2643,50;0,0411
2643,00;0,0412
2642,50;0,0412
2642,00;0,0413
2641,50;0,0412
2641,00;0,0411
2640,50;0,0410
2640,00;0,0410
2639,50;0,0410
2639,00;0,0409
2638,50;0,0409
2638,00;0,0410
2637,50;0,0410
2637,00;0,0411
2636,50;0,0411
2636,00;0,0412
2635,50;0,0412
2635,00;0,0413
2634,50;0,0413
2634,00;0,0413
2633,50;0,0413
2633,00;0,0412
2632,50;0,0411
2632,00;0,0409
2631,50;0,0408
2631,00;0,0408
2630,50;0,0408
2630,00;0,0410
2629,50;0,0411
2629,00;0,0412
2628,50;0,0412
2628,00;0,0411
2627,50;0,0411
2627,00;0,0410
2626,50;0,0410
2626,00;0,0411
2625,50;0,0412
2625,00;0,0413
2624,50;0,0413
2624,00;0,0413
2623,50;0,0413
2623,00;0,0412
2622,50;0,0411
2622,00;0,0410
2621,50;0,0411
2621,00;0,0412
2620,50;0,0413
2620,00;0,0413
2619,50;0,0414
2619,00;0,0415
2618,50;0,0415
2618,00;0,0414
2617,50;0,0413
2617,00;0,0412
2616,50;0,0410
2616,00;0,0410
2615,50;0,0410
2615,00;0,0410
2614,50;0,0411
2614,00;0,0410
2613,50;0,0410
2613,00;0,0410
2612,50;0,0410
2612,00;0,0411
2611,50;0,0412
2611,00;0,0413
2610,50;0,0413
2610,00;0,0413
2609,50;0,0412
2609,00;0,0411
2608,50;0,0412
2608,00;0,0414
2607,50;0,0415
2607,00;0,0416
2606,50;0,0416
2606,00;0,0414
2605,50;0,0413
2605,00;0,0412
2604,50;0,0412
2604,00;0,0413
2603,50;0,0414
2603,00;0,0415
2602,50;0,0415
2602,00;0,0415
2601,50;0,0414
2601,00;0,0413
2600,50;0,0412
2600,00;0,0411
2599,50;0,0410
2599,00;0,0409
2598,50;0,0408
2598,00;0,0409
2597,50;0,0410
2597,00;0,0411
2596,50;0,0413
2596,00;0,0415
2595,50;0,0416
2595,00;0,0417
2594,50;0,0417
2594,00;0,0416
2593,50;0,0416
2593,00;0,0418
2592,50;0,0421
2592,00;0,0424
2591,50;0,0424
2591,00;0,0422
2590,50;0,0419
2590,00;0,0416
2589,50;0,0413
2589,00;0,0411
2588,50;0,0411
2588,00;0,0411
2587,50;0,0413
2587,00;0,0415
2586,50;0,0415
2586,00;0,0414
2585,50;0,0413
2585,00;0,0413
2584,50;0,0415
2584,00;0,0417
2583,50;0,0417
2583,00;0,0417
2582,50;0,0417
2582,00;0,0417
2581,50;0,0416
2581,00;0,0416
2580,50;0,0416
2580,00;0,0416
2579,50;0,0417
2579,00;0,0417
2578,50;0,0417
2578,00;0,0419
2577,50;0,0421
2577,00;0,0423
2576,50;0,0425
2576,00;0,0425
2575,50;0,0426
2575,00;0,0426
2574,50;0,0425
2574,00;0,0423
2573,50;0,0420
2573,00;0,0418
2572,50;0,0418
2572,00;0,0418
2571,50;0,0419
2571,00;0,0420
2570,50;0,0421
2570,00;0,0422
2569,50;0,0423
2569,00;0,0422
2568,50;0,0422
2568,00;0,0421
2567,50;0,0421
2567,00;0,0422
2566,50;0,0423
2566,00;0,0423
2565,50;0,0420
2565,00;0,0416
2564,50;0,0413
2564,00;0,0414
2563,50;0,0416
2563,00;0,0419
2562,50;0,0421
2562,00;0,0420
2561,50;0,0419
2561,00;0,0418
2560,50;0,0420
2560,00;0,0423
2559,50;0,0424
2559,00;0,0424
2558,50;0,0423
2558,00;0,0422
2557,50;0,0422
2557,00;0,0422
2556,50;0,0422
2556,00;0,0422
2555,50;0,0423
2555,00;0,0423
2554,50;0,0422
2554,00;0,0421
2553,50;0,0419
2553,00;0,0417
2552,50;0,0416
2552,00;0,0418
2551,50;0,0421
2551,00;0,0424
2550,50;0,0426
2550,00;0,0427
2549,50;0,0429
2549,00;0,0429
2548,50;0,0428
2548,00;0,0426
2547,50;0,0423
2547,00;0,0419
2546,50;0,0417
2546,00;0,0418
2545,50;0,0420
2545,00;0,0423
2544,50;0,0425
2544,00;0,0427
2543,50;0,0428
2543,00;0,0427
2542,50;0,0425
2542,00;0,0421
2541,50;0,0419
2541,00;0,0421
2540,50;0,0425
2540,00;0,0429
2539,50;0,0430
2539,00;0,0428
2538,50;0,0426
2538,00;0,0424
2537,50;0,0425
2537,00;0,0427
2536,50;0,0427
2536,00;0,0427
2535,50;0,0425
2535,00;0,0424
2534,50;0,0424
2534,00;0,0425
2533,50;0,0427
2533,00;0,0427
2532,50;0,0427
2532,00;0,0425
2531,50;0,0425
2531,00;0,0425
2530,50;0,0426
2530,00;0,0428
2529,50;0,0431
2529,00;0,0435
2528,50;0,0438
2528,00;0,0440
2527,50;0,0440
2527,00;0,0438
2526,50;0,0435
2526,00;0,0433
2525,50;0,0432
2525,00;0,0433
2524,50;0,0436
2524,00;0,0439
2523,50;0,0440
2523,00;0,0441
2522,50;0,0441
2522,00;0,0438
2521,50;0,0433
2521,00;0,0429
2520,50;0,0428
2520,00;0,0432
2519,50;0,0438
2519,00;0,0444
2518,50;0,0449
2518,00;0,0450
2517,50;0,0447
2517,00;0,0442
2516,50;0,0437
2516,00;0,0433
2515,50;0,0433
2515,00;0,0437
2514,50;0,0443
2514,00;0,0450
2513,50;0,0456
2513,00;0,0459
2512,50;0,0460
2512,00;0,0459
2511,50;0,0453
2511,00;0,0447
2510,50;0,0443
2510,00;0,0445
2509,50;0,0452
2509,00;0,0460
2508,50;0,0467
2508,00;0,0470
2507,50;0,0471
2507,00;0,0467
2506,50;0,0460
2506,00;0,0452
2505,50;0,0445
2505,00;0,0443
2504,50;0,0448
2504,00;0,0458
2503,50;0,0468
2503,00;0,0475
2502,50;0,0476
2502,00;0,0474
2501,50;0,0469
2501,00;0,0465
2500,50;0,0465
2500,00;0,0467
2499,50;0,0470
2499,00;0,0472
2498,50;0,0475
2498,00;0,0480
2497,50;0,0484
2497,00;0,0485
2496,50;0,0482
2496,00;0,0476
2495,50;0,0473
2495,00;0,0473
2494,50;0,0477
2494,00;0,0483
2493,50;0,0490
2493,00;0,0496
2492,50;0,0499
2492,00;0,0499
2491,50;0,0495
2491,00;0,0487
2490,50;0,0480
2490,00;0,0478
2489,50;0,0484
2489,00;0,0494
2488,50;0,0504
2488,00;0,0511
2487,50;0,0513
2487,00;0,0510
2486,50;0,0505
2486,00;0,0499
2485,50;0,0495
2485,00;0,0493
2484,50;0,0495
2484,00;0,0501
2483,50;0,0508
2483,00;0,0513
2482,50;0,0515
2482,00;0,0514
2481,50;0,0510
2481,00;0,0505
2480,50;0,0499
2480,00;0,0495
2479,50;0,0496
2479,00;0,0500
2478,50;0,0505
2478,00;0,0511
2477,50;0,0514
2477,00;0,0515
2476,50;0,0513
2476,00;0,0510
2475,50;0,0507
2475,00;0,0506
2474,50;0,0506
2474,00;0,0507
2473,50;0,0511
2473,00;0,0517
2472,50;0,0524
2472,00;0,0528
2471,50;0,0528
2471,00;0,0523
2470,50;0,0516
2470,00;0,0509
2469,50;0,0506
2469,00;0,0507
2468,50;0,0513
2468,00;0,0523
2467,50;0,0533
2467,00;0,0540
2466,50;0,0541
2466,00;0,0537
2465,50;0,0535
2465,00;0,0534
2464,50;0,0534
2464,00;0,0534
2463,50;0,0533
2463,00;0,0536
2462,50;0,0541
2462,00;0,0548
2461,50;0,0551
2461,00;0,0552
2460,50;0,0549
2460,00;0,0545
2459,50;0,0540
2459,00;0,0536
2458,50;0,0535
2458,00;0,0538
2457,50;0,0543
2457,00;0,0548
2456,50;0,0549
2456,00;0,0547
2455,50;0,0544
2455,00;0,0542
2454,50;0,0540
2454,00;0,0540
2453,50;0,0540
2453,00;0,0543
2452,50;0,0546
2452,00;0,0549
2451,50;0,0549
2451,00;0,0549
2450,50;0,0547
2450,00;0,0546
2449,50;0,0544
2449,00;0,0542
2448,50;0,0540
2448,00;0,0541
2447,50;0,0543
2447,00;0,0545
2446,50;0,0547
2446,00;0,0549
2445,50;0,0550
2445,00;0,0551
2444,50;0,0549
2444,00;0,0545
2443,50;0,0542
2443,00;0,0543
2442,50;0,0546
2442,00;0,0550
2441,50;0,0552
2441,00;0,0551
2440,50;0,0547
2440,00;0,0542
2439,50;0,0538
2439,00;0,0535
2438,50;0,0534
2438,00;0,0534
2437,50;0,0535
2437,00;0,0537
2436,50;0,0539
2436,00;0,0541
2435,50;0,0541
2435,00;0,0539
2434,50;0,0537
2434,00;0,0535
2433,50;0,0535
2433,00;0,0537
2432,50;0,0541
2432,00;0,0543
2431,50;0,0544
2431,00;0,0544
2430,50;0,0542
2430,00;0,0538
2429,50;0,0534
2429,00;0,0529
2428,50;0,0525
2428,00;0,0523
2427,50;0,0523
2427,00;0,0524
2426,50;0,0527
2426,00;0,0529
2425,50;0,0529
2425,00;0,0526
2424,50;0,0521
2424,00;0,0517
2423,50;0,0514
2423,00;0,0513
2422,50;0,0514
2422,00;0,0515
2421,50;0,0518
2421,00;0,0521
2420,50;0,0520
2420,00;0,0517
2419,50;0,0513
2419,00;0,0510
2418,50;0,0507
2418,00;0,0505
2417,50;0,0504
2417,00;0,0504
2416,50;0,0507
2416,00;0,0509
2415,50;0,0510
2415,00;0,0510
2414,50;0,0508
2414,00;0,0505
2413,50;0,0501
2413,00;0,0497
2412,50;0,0494
2412,00;0,0491
2411,50;0,0492
2411,00;0,0494
2410,50;0,0498
2410,00;0,0500
2409,50;0,0500
2409,00;0,0498
2408,50;0,0494
2408,00;0,0491
2407,50;0,0489
2407,00;0,0489
2406,50;0,0490
2406,00;0,0492
2405,50;0,0494
2405,00;0,0496
2404,50;0,0498
2404,00;0,0498
2403,50;0,0497
2403,00;0,0496
2402,50;0,0494
2402,00;0,0491
2401,50;0,0489
2401,00;0,0488
2400,50;0,0489
2400,00;0,0490
2399,50;0,0490
2399,00;0,0489
2398,50;0,0487
2398,00;0,0484
2397,50;0,0482
2397,00;0,0481
2396,50;0,0481
2396,00;0,0483
2395,50;0,0485
2395,00;0,0487
2394,50;0,0489
2394,00;0,0489
2393,50;0,0487
2393,00;0,0484
2392,50;0,0482
2392,00;0,0480
2391,50;0,0480
2391,00;0,0480
2390,50;0,0482
2390,00;0,0485
2389,50;0,0488
2389,00;0,0490
2388,50;0,0489
2388,00;0,0487
2387,50;0,0485
2387,00;0,0483
2386,50;0,0483
2386,00;0,0485
2385,50;0,0490
2385,00;0,0497
2384,50;0,0504
2384,00;0,0510
2383,50;0,0513
2383,00;0,0515
2382,50;0,0516
2382,00;0,0517
2381,50;0,0520
2381,00;0,0524
2380,50;0,0529
2380,00;0,0536
2379,50;0,0542
2379,00;0,0547
2378,50;0,0550
2378,00;0,0552
2377,50;0,0554
2377,00;0,0555
2376,50;0,0556
2376,00;0,0556
2375,50;0,0557
2375,00;0,0558
2374,50;0,0560
2374,00;0,0563
2373,50;0,0565
2373,00;0,0568
2372,50;0,0568
2372,00;0,0568
2371,50;0,0568
2371,00;0,0569
2370,50;0,0572
2370,00;0,0575
2369,50;0,0578
2369,00;0,0582
2368,50;0,0584
2368,00;0,0587
2367,50;0,0588
2367,00;0,0586
2366,50;0,0588
2366,00;0,0586
2365,50;0,0584
2365,00;0,0589
2364,50;0,0581
2364,00;0,0597
2363,50;0,0558
2363,00;0,0510
2362,50;0,0524
2362,00;0,0516
2361,50;0,0518
2361,00;0,0515
2360,50;0,0516
2360,00;0,0517
2359,50;0,0521
2359,00;0,0526
2358,50;0,0529
2358,00;0,0534
2357,50;0,0534
2357,00;0,0540
2356,50;0,0533
2356,00;0,0523
2355,50;0,0529
2355,00;0,0529
2354,50;0,0533
2354,00;0,0536
2353,50;0,0539
2353,00;0,0542
2352,50;0,0546
2352,00;0,0551
2351,50;0,0557
2351,00;0,0562
2350,50;0,0569
2350,00;0,0574
2349,50;0,0586
2349,00;0,0588
2348,50;0,0619
2348,00;0,0654
2347,50;0,0656
2347,00;0,0667
2346,50;0,0671
2346,00;0,0676
2345,50;0,0674
2345,00;0,0670
2344,50;0,0665
2344,00;0,0658
2343,50;0,0650
2343,00;0,0644
2342,50;0,0638
2342,00;0,0631
2341,50;0,0626
2341,00;0,0621
2340,50;0,0611
2340,00;0,0598
2339,50;0,0587
2339,00;0,0574
2338,50;0,0560
2338,00;0,0551
2337,50;0,0547
2337,00;0,0538
2336,50;0,0536
2336,00;0,0524
2335,50;0,0550
2335,00;0,0582
2334,50;0,0576
2334,00;0,0587
2333,50;0,0585
2333,00;0,0589
2332,50;0,0594
2332,00;0,0599
2331,50;0,0600
2331,00;0,0599
2330,50;0,0601
2330,00;0,0604
2329,50;0,0602
2329,00;0,0599
2328,50;0,0605
2328,00;0,0613
2327,50;0,0611
2327,00;0,0608
2326,50;0,0619
2326,00;0,0626
2325,50;0,0619
2325,00;0,0617
2324,50;0,0626
2324,00;0,0625
2323,50;0,0610
2323,00;0,0607
2322,50;0,0620
2322,00;0,0613
2321,50;0,0603
2321,00;0,0583
2320,50;0,0567
2320,00;0,0574
2319,50;0,0567
2319,00;0,0564
2318,50;0,0565
2318,00;0,0567
2317,50;0,0564
2317,00;0,0562
2316,50;0,0566
2316,00;0,0569
2315,50;0,0564
2315,00;0,0558
2314,50;0,0556
2314,00;0,0555
2313,50;0,0551
2313,00;0,0548
2312,50;0,0550
2312,00;0,0553
2311,50;0,0552
2311,00;0,0552
2310,50;0,0553
2310,00;0,0555
2309,50;0,0551
2309,00;0,0546
2308,50;0,0543
2308,00;0,0543
2307,50;0,0542
2307,00;0,0540
2306,50;0,0539
2306,00;0,0538
2305,50;0,0537
2305,00;0,0535
2304,50;0,0535
2304,00;0,0536
2303,50;0,0536
2303,00;0,0534
2302,50;0,0532
2302,00;0,0532
2301,50;0,0534
2301,00;0,0536
2300,50;0,0537
2300,00;0,0538
2299,50;0,0537
2299,00;0,0536
2298,50;0,0529
2298,00;0,0532
2297,50;0,0537
2297,00;0,0531
2296,50;0,0530
2296,00;0,0533
2295,50;0,0540
2295,00;0,0543
2294,50;0,0542
2294,00;0,0540
2293,50;0,0538
2293,00;0,0535
2292,50;0,0530
2292,00;0,0527
2291,50;0,0526
2291,00;0,0528
2290,50;0,0528
2290,00;0,0526
2289,50;0,0524
2289,00;0,0523
2288,50;0,0523
2288,00;0,0522
2287,50;0,0520
2287,00;0,0520
2286,50;0,0523
2286,00;0,0527
2285,50;0,0530
2285,00;0,0529
2284,50;0,0525
2284,00;0,0521
2283,50;0,0519
2283,00;0,0520
2282,50;0,0524
2282,00;0,0527
2281,50;0,0528
2281,00;0,0527
2280,50;0,0527
2280,00;0,0528
2279,50;0,0531
2279,00;0,0533
2278,50;0,0532
2278,00;0,0527
2277,50;0,0520
2277,00;0,0514
2276,50;0,0510
2276,00;0,0511
2275,50;0,0515
2275,00;0,0521
2274,50;0,0525
2274,00;0,0526
2273,50;0,0524
2273,00;0,0520
2272,50;0,0518
2272,00;0,0517
2271,50;0,0518
2271,00;0,0519
2270,50;0,0522
2270,00;0,0526
2269,50;0,0530
2269,00;0,0532
2268,50;0,0531
2268,00;0,0528
2267,50;0,0523
2267,00;0,0518
2266,50;0,0514
2266,00;0,0512
2265,50;0,0512
2265,00;0,0514
2264,50;0,0517
2264,00;0,0520
2263,50;0,0520
2263,00;0,0517
2262,50;0,0512
2262,00;0,0508
2261,50;0,0505
2261,00;0,0505
2260,50;0,0508
2260,00;0,0512
2259,50;0,0518
2259,00;0,0525
2258,50;0,0530
2258,00;0,0531
2257,50;0,0529
2257,00;0,0523
2256,50;0,0517
2256,00;0,0513
2255,50;0,0513
2255,00;0,0517
2254,50;0,0523
2254,00;0,0529
2253,50;0,0534
2253,00;0,0535
2252,50;0,0532
2252,00;0,0527
2251,50;0,0522
2251,00;0,0517
2250,50;0,0515
2250,00;0,0515
2249,50;0,0519
2249,00;0,0527
2248,50;0,0535
2248,00;0,0540
2247,50;0,0539
2247,00;0,0533
2246,50;0,0523
2246,00;0,0514
2245,50;0,0508
2245,00;0,0506
2244,50;0,0511
2244,00;0,0519
2243,50;0,0528
2243,00;0,0534
2242,50;0,0535
2242,00;0,0531
2241,50;0,0526
2241,00;0,0523
2240,50;0,0522
2240,00;0,0523
2239,50;0,0524
2239,00;0,0524
2238,50;0,0525
2238,00;0,0527
2237,50;0,0529
2237,00;0,0528
2236,50;0,0523
2236,00;0,0519
2235,50;0,0518
2235,00;0,0520
2234,50;0,0522
2234,00;0,0524
2233,50;0,0525
2233,00;0,0525
2232,50;0,0525
2232,00;0,0523
2231,50;0,0521
2231,00;0,0519
2230,50;0,0520
2230,00;0,0524
2229,50;0,0531
2229,00;0,0535
2228,50;0,0537
2228,00;0,0536
2227,50;0,0532
2227,00;0,0527
2226,50;0,0522
2226,00;0,0520
2225,50;0,0520
2225,00;0,0520
2224,50;0,0518
2224,00;0,0514
2223,50;0,0511
2223,00;0,0510
2222,50;0,0512
2222,00;0,0517
2221,50;0,0525
2221,00;0,0534
2220,50;0,0538
2220,00;0,0535
2219,50;0,0529
2219,00;0,0524
2218,50;0,0522
2218,00;0,0525
2217,50;0,0531
2217,00;0,0537
2216,50;0,0540
2216,00;0,0536
2215,50;0,0525
2215,00;0,0511
2214,50;0,0501
2214,00;0,0500
2213,50;0,0508
2213,00;0,0520
2212,50;0,0528
2212,00;0,0529
2211,50;0,0523
2211,00;0,0513
2210,50;0,0504
2210,00;0,0501
2209,50;0,0502
2209,00;0,0506
2208,50;0,0510
2208,00;0,0515
2207,50;0,0521
2207,00;0,0528
2206,50;0,0533
2206,00;0,0533
2205,50;0,0530
2205,00;0,0525
2204,50;0,0522
2204,00;0,0520
2203,50;0,0518
2203,00;0,0517
2202,50;0,0519
2202,00;0,0523
2201,50;0,0527
2201,00;0,0529
2200,50;0,0528
2200,00;0,0527
2199,50;0,0525
2199,00;0,0522
2198,50;0,0518
2198,00;0,0515
2197,50;0,0516
2197,00;0,0520
2196,50;0,0527
2196,00;0,0534
2195,50;0,0538
2195,00;0,0537
2194,50;0,0530
2194,00;0,0522
2193,50;0,0516
2193,00;0,0513
2192,50;0,0513
2192,00;0,0515
2191,50;0,0519
2191,00;0,0523
2190,50;0,0524
2190,00;0,0520
2189,50;0,0516
2189,00;0,0516
2188,50;0,0517
2188,00;0,0516
2187,50;0,0511
2187,00;0,0506
2186,50;0,0504
2186,00;0,0510
2185,50;0,0522
2185,00;0,0535
2184,50;0,0538
2184,00;0,0529
2183,50;0,0518
2183,00;0,0515
2182,50;0,0519
2182,00;0,0524
2181,50;0,0523
2181,00;0,0520
2180,50;0,0518
2180,00;0,0517
2179,50;0,0512
2179,00;0,0502
2178,50;0,0491
2178,00;0,0480
2177,50;0,0473
2177,00;0,0474
2176,50;0,0482
2176,00;0,0495
2175,50;0,0507
2175,00;0,0515
2174,50;0,0520
2174,00;0,0520
2173,50;0,0513
2173,00;0,0498
2172,50;0,0482
2172,00;0,0474
2171,50;0,0479
2171,00;0,0494
2170,50;0,0509
2170,00;0,0518
2169,50;0,0519
2169,00;0,0513
2168,50;0,0504
2168,00;0,0494
2167,50;0,0487
2167,00;0,0486
2166,50;0,0490
2166,00;0,0495
2165,50;0,0498
2165,00;0,0501
2164,50;0,0509
2164,00;0,0520
2163,50;0,0528
2163,00;0,0528
2162,50;0,0520
2162,00;0,0511
2161,50;0,0505
2161,00;0,0502
2160,50;0,0498
2160,00;0,0492
2159,50;0,0485
2159,00;0,0481
2158,50;0,0480
2158,00;0,0480
2157,50;0,0477
2157,00;0,0471
2156,50;0,0466
2156,00;0,0465
2155,50;0,0470
2155,00;0,0481
2154,50;0,0493
2154,00;0,0500
2153,50;0,0502
2153,00;0,0496
2152,50;0,0487
2152,00;0,0479
2151,50;0,0477
2151,00;0,0482
2150,50;0,0490
2150,00;0,0498
2149,50;0,0502
2149,00;0,0503
2148,50;0,0501
2148,00;0,0497
2147,50;0,0490
2147,00;0,0483
2146,50;0,0479
2146,00;0,0478
2145,50;0,0479
2145,00;0,0478
2144,50;0,0476
2144,00;0,0473
2143,50;0,0471
2143,00;0,0470
2142,50;0,0471
2142,00;0,0474
2141,50;0,0477
2141,00;0,0480
2140,50;0,0481
2140,00;0,0482
2139,50;0,0481
2139,00;0,0482
2138,50;0,0484
2138,00;0,0485
2137,50;0,0483
2137,00;0,0477
2136,50;0,0469
2136,00;0,0463
2135,50;0,0461
2135,00;0,0463
2134,50;0,0468
2134,00;0,0470
2133,50;0,0470
2133,00;0,0468
2132,50;0,0468
2132,00;0,0468
2131,50;0,0468
2131,00;0,0466
2130,50;0,0462
2130,00;0,0460
2129,50;0,0459
2129,00;0,0461
2128,50;0,0466
2128,00;0,0472
2127,50;0,0476
2127,00;0,0476
2126,50;0,0471
2126,00;0,0466
2125,50;0,0465
2125,00;0,0467
2124,50;0,0468
2124,00;0,0467
2123,50;0,0467
2123,00;0,0469
2122,50;0,0471
2122,00;0,0471
2121,50;0,0467
2121,00;0,0461
2120,50;0,0456
2120,00;0,0452
2119,50;0,0452
2119,00;0,0455
2118,50;0,0459
2118,00;0,0462
2117,50;0,0464
2117,00;0,0464
2116,50;0,0465
2116,00;0,0466
2115,50;0,0466
2115,00;0,0464
2114,50;0,0460
2114,00;0,0456
2113,50;0,0454
2113,00;0,0457
2112,50;0,0461
2112,00;0,0464
2111,50;0,0463
2111,00;0,0459
2110,50;0,0456
2110,00;0,0455
2109,50;0,0455
2109,00;0,0453
2108,50;0,0452
2108,00;0,0452
2107,50;0,0454
2107,00;0,0455
2106,50;0,0455
2106,00;0,0454
2105,50;0,0454
2105,00;0,0454
2104,50;0,0452
2104,00;0,0449
2103,50;0,0447
2103,00;0,0446
2102,50;0,0449
2102,00;0,0451
2101,50;0,0450
2101,00;0,0449
2100,50;0,0448
2100,00;0,0448
2099,50;0,0447
2099,00;0,0445
2098,50;0,0442
2098,00;0,0440
2097,50;0,0441
2097,00;0,0444
2096,50;0,0447
2096,00;0,0448
2095,50;0,0447
2095,00;0,0443
2094,50;0,0440
2094,00;0,0439
2093,50;0,0443
2093,00;0,0450
2092,50;0,0456
2092,00;0,0459
2091,50;0,0458
2091,00;0,0455
2090,50;0,0451
2090,00;0,0446
2089,50;0,0441
2089,00;0,0436
2088,50;0,0432
2088,00;0,0431
2087,50;0,0431
2087,00;0,0433
2086,50;0,0436
2086,00;0,0440
2085,50;0,0445
2085,00;0,0449
2084,50;0,0451
2084,00;0,0449
2083,50;0,0445
2083,00;0,0441
2082,50;0,0438
2082,00;0,0439
2081,50;0,0443
2081,00;0,0448
2080,50;0,0451
2080,00;0,0451
2079,50;0,0449
2079,00;0,0445
2078,50;0,0442
2078,00;0,0442
2077,50;0,0445
2077,00;0,0449
2076,50;0,0452
2076,00;0,0454
2075,50;0,0453
2075,00;0,0450
2074,50;0,0446
2074,00;0,0442
2073,50;0,0440
2073,00;0,0439
2072,50;0,0440
2072,00;0,0442
2071,50;0,0444
2071,00;0,0445
2070,50;0,0445
2070,00;0,0444
2069,50;0,0444
2069,00;0,0444
2068,50;0,0445
2068,00;0,0445
2067,50;0,0444
2067,00;0,0442
2066,50;0,0440
2066,00;0,0440
2065,50;0,0439
2065,00;0,0436
2064,50;0,0431
2064,00;0,0425
2063,50;0,0421
2063,00;0,0421
2062,50;0,0423
2062,00;0,0426
2061,50;0,0428
2061,00;0,0433
2060,50;0,0439
2060,00;0,0445
2059,50;0,0447
2059,00;0,0444
2058,50;0,0440
2058,00;0,0437
2057,50;0,0440
2057,00;0,0446
2056,50;0,0452
2056,00;0,0455
2055,50;0,0453
2055,00;0,0447
2054,50;0,0438
2054,00;0,0430
2053,50;0,0425
2053,00;0,0424
2052,50;0,0425
2052,00;0,0426
2051,50;0,0427
2051,00;0,0430
2050,50;0,0434
2050,00;0,0438
2049,50;0,0438
2049,00;0,0436
2048,50;0,0433
2048,00;0,0434
2047,50;0,0436
2047,00;0,0439
2046,50;0,0440
2046,00;0,0438
2045,50;0,0438
2045,00;0,0440
2044,50;0,0443
2044,00;0,0445
2043,50;0,0440
2043,00;0,0429
2042,50;0,0417
2042,00;0,0407
2041,50;0,0403
2041,00;0,0404
2040,50;0,0407
2040,00;0,0412
2039,50;0,0415
2039,00;0,0418
2038,50;0,0421
2038,00;0,0425
2037,50;0,0429
2037,00;0,0431
2036,50;0,0434
2036,00;0,0436
2035,50;0,0437
2035,00;0,0431
2034,50;0,0421
2034,00;0,0414
2033,50;0,0414
2033,00;0,0421
2032,50;0,0425
2032,00;0,0423
2031,50;0,0416
2031,00;0,0412
2030,50;0,0411
2030,00;0,0412
2029,50;0,0410
2029,00;0,0411
2028,50;0,0417
2028,00;0,0428
2027,50;0,0434
2027,00;0,0432
2026,50;0,0422
2026,00;0,0412
2025,50;0,0406
2025,00;0,0407
2024,50;0,0412
2024,00;0,0417
2023,50;0,0418
2023,00;0,0415
2022,50;0,0412
2022,00;0,0412
2021,50;0,0414
2021,00;0,0416
2020,50;0,0418
2020,00;0,0420
2019,50;0,0421
2019,00;0,0421
2018,50;0,0420
2018,00;0,0419
2017,50;0,0416
2017,00;0,0410
2016,50;0,0404
2016,00;0,0400
2015,50;0,0400
2015,00;0,0404
2014,50;0,0409
2014,00;0,0413
2013,50;0,0417
2013,00;0,0417
2012,50;0,0417
2012,00;0,0419
2011,50;0,0423
2011,00;0,0424
2010,50;0,0420
2010,00;0,0412
2009,50;0,0405
2009,00;0,0399
2008,50;0,0397
2008,00;0,0398
2007,50;0,0403
2007,00;0,0408
2006,50;0,0411
2006,00;0,0413
2005,50;0,0418
2005,00;0,0424
2004,50;0,0431
2004,00;0,0432
2003,50;0,0429
2003,00;0,0421
2002,50;0,0412
2002,00;0,0404
2001,50;0,0397
2001,00;0,0395
2000,50;0,0397
2000,00;0,0403
1999,50;0,0409
1999,00;0,0412
1998,50;0,0412
1998,00;0,0413
1997,50;0,0417
1997,00;0,0423
1996,50;0,0427
1996,00;0,0431
1995,50;0,0432
1995,00;0,0428
1994,50;0,0418
1994,00;0,0404
1993,50;0,0393
1993,00;0,0386
1992,50;0,0385
1992,00;0,0387
1991,50;0,0390
1991,00;0,0393
1990,50;0,0396
1990,00;0,0400
1989,50;0,0406
1989,00;0,0411
1988,50;0,0414
1988,00;0,0413
1987,50;0,0410
1987,00;0,0412
1986,50;0,0419
1986,00;0,0426
1985,50;0,0428
1985,00;0,0421
1984,50;0,0409
1984,00;0,0401
1983,50;0,0399
1983,00;0,0401
1982,50;0,0404
1982,00;0,0406
1981,50;0,0411
1981,00;0,0420
1980,50;0,0430
1980,00;0,0433
1979,50;0,0429
1979,00;0,0421
1978,50;0,0412
1978,00;0,0408
1977,50;0,0410
1977,00;0,0418
1976,50;0,0428
1976,00;0,0433
1975,50;0,0432
1975,00;0,0425
1974,50;0,0416
1974,00;0,0406
1973,50;0,0399
1973,00;0,0397
1972,50;0,0401
1972,00;0,0406
1971,50;0,0409
1971,00;0,0407
1970,50;0,0402
1970,00;0,0397
1969,50;0,0392
1969,00;0,0391
1968,50;0,0393
1968,00;0,0401
1967,50;0,0411
1967,00;0,0419
1966,50;0,0420
1966,00;0,0417
1965,50;0,0414
1965,00;0,0415
1964,50;0,0420
1964,00;0,0424
1963,50;0,0425
1963,00;0,0420
1962,50;0,0411
1962,00;0,0401
1961,50;0,0395
1961,00;0,0396
1960,50;0,0402
1960,00;0,0409
1959,50;0,0413
1959,00;0,0415
1958,50;0,0416
1958,00;0,0417
1957,50;0,0420
1957,00;0,0422
1956,50;0,0422
1956,00;0,0418
1955,50;0,0411
1955,00;0,0406
1954,50;0,0406
1954,00;0,0412
1953,50;0,0420
1953,00;0,0425
1952,50;0,0426
1952,00;0,0425
1951,50;0,0424
1951,00;0,0421
1950,50;0,0419
1950,00;0,0417
1949,50;0,0417
1949,00;0,0417
1948,50;0,0417
1948,00;0,0416
1947,50;0,0414
1947,00;0,0414
1946,50;0,0416
1946,00;0,0417
1945,50;0,0415
1945,00;0,0413
1944,50;0,0413
1944,00;0,0416
1943,50;0,0420
1943,00;0,0418
1942,50;0,0411
1942,00;0,0404
1941,50;0,0402
1941,00;0,0404
1940,50;0,0408
1940,00;0,0410
1939,50;0,0411
1939,00;0,0412
1938,50;0,0415
1938,00;0,0418
1937,50;0,0419
1937,00;0,0418
1936,50;0,0416
1936,00;0,0415
1935,50;0,0416
1935,00;0,0417
1934,50;0,0420
1934,00;0,0423
1933,50;0,0424
1933,00;0,0424
1932,50;0,0421
1932,00;0,0419
1931,50;0,0419
1931,00;0,0419
1930,50;0,0418
1930,00;0,0418
1929,50;0,0417
1929,00;0,0417
1928,50;0,0417
1928,00;0,0417
1927,50;0,0416
1927,00;0,0418
1926,50;0,0421
1926,00;0,0424
1925,50;0,0425
1925,00;0,0423
1924,50;0,0421
1924,00;0,0417
1923,50;0,0413
1923,00;0,0410
1922,50;0,0409
1922,00;0,0409
1921,50;0,0409
1921,00;0,0410
1920,50;0,0412
1920,00;0,0417
1919,50;0,0421
1919,00;0,0423
1918,50;0,0423
1918,00;0,0423
1917,50;0,0423
1917,00;0,0423
1916,50;0,0424
1916,00;0,0424
1915,50;0,0424
1915,00;0,0423
1914,50;0,0422
1914,00;0,0421
1913,50;0,0423
1913,00;0,0425
1912,50;0,0425
1912,00;0,0424
1911,50;0,0420
1911,00;0,0418
1910,50;0,0419
1910,00;0,0423
1909,50;0,0427
1909,00;0,0427
1908,50;0,0424
1908,00;0,0421
1907,50;0,0419
1907,00;0,0419
1906,50;0,0418
1906,00;0,0417
1905,50;0,0417
1905,00;0,0418
1904,50;0,0421
1904,00;0,0424
1903,50;0,0427
1903,00;0,0430
1902,50;0,0433
1902,00;0,0435
1901,50;0,0435
1901,00;0,0435
1900,50;0,0433
1900,00;0,0429
1899,50;0,0425
1899,00;0,0423
1898,50;0,0423
1898,00;0,0425
1897,50;0,0427
1897,00;0,0428
1896,50;0,0428
1896,00;0,0426
1895,50;0,0424
1895,00;0,0423
1894,50;0,0422
1894,00;0,0422
1893,50;0,0423
1893,00;0,0425
1892,50;0,0428
1892,00;0,0431
1891,50;0,0433
1891,00;0,0434
1890,50;0,0433
1890,00;0,0431
1889,50;0,0430
1889,00;0,0429
1888,50;0,0428
1888,00;0,0428
1887,50;0,0428
1887,00;0,0428
1886,50;0,0427
1886,00;0,0427
1885,50;0,0426
1885,00;0,0426
1884,50;0,0425
1884,00;0,0425
1883,50;0,0426
1883,00;0,0428
1882,50;0,0431
1882,00;0,0434
1881,50;0,0435
1881,00;0,0433
1880,50;0,0430
1880,00;0,0428
1879,50;0,0427
1879,00;0,0427
1878,50;0,0429
1878,00;0,0431
1877,50;0,0434
1877,00;0,0437
1876,50;0,0439
1876,00;0,0439
1875,50;0,0437
1875,00;0,0435
1874,50;0,0434
1874,00;0,0435
1873,50;0,0437
1873,00;0,0439
1872,50;0,0439
1872,00;0,0438
1871,50;0,0437
1871,00;0,0438
1870,50;0,0440
1870,00;0,0441
1869,50;0,0441
1869,00;0,0439
1868,50;0,0437
1868,00;0,0436
1867,50;0,0436
1867,00;0,0437
1866,50;0,0437
1866,00;0,0436
1865,50;0,0436
1865,00;0,0437
1864,50;0,0437
1864,00;0,0436
1863,50;0,0436
1863,00;0,0437
1862,50;0,0439
1862,00;0,0440
1861,50;0,0438
1861,00;0,0435
1860,50;0,0434
1860,00;0,0436
1859,50;0,0438
1859,00;0,0441
1858,50;0,0443
1858,00;0,0443
1857,50;0,0443
1857,00;0,0443
1856,50;0,0442
1856,00;0,0441
1855,50;0,0441
1855,00;0,0441
1854,50;0,0440
1854,00;0,0439
1853,50;0,0440
1853,00;0,0441
1852,50;0,0443
1852,00;0,0445
1851,50;0,0444
1851,00;0,0442
1850,50;0,0439
1850,00;0,0439
1849,50;0,0442
1849,00;0,0444
1848,50;0,0446
1848,00;0,0446
1847,50;0,0447
1847,00;0,0449
1846,50;0,0450
1846,00;0,0450
1845,50;0,0448
1845,00;0,0445
1844,50;0,0443
1844,00;0,0443
1843,50;0,0444
1843,00;0,0444
1842,50;0,0444
1842,00;0,0444
1841,50;0,0444
1841,00;0,0444
1840,50;0,0446
1840,00;0,0447
1839,50;0,0448
1839,00;0,0448
1838,50;0,0449
1838,00;0,0448
1837,50;0,0449
1837,00;0,0451
1836,50;0,0454
1836,00;0,0456
1835,50;0,0458
1835,00;0,0459
1834,50;0,0459
1834,00;0,0457
1833,50;0,0455
1833,00;0,0454
1832,50;0,0453
1832,00;0,0453
1831,50;0,0453
1831,00;0,0454
1830,50;0,0455
1830,00;0,0457
1829,50;0,0458
1829,00;0,0460
1828,50;0,0462
1828,00;0,0463
1827,50;0,0464
1827,00;0,0462
1826,50;0,0458
1826,00;0,0454
1825,50;0,0451
1825,00;0,0452
1824,50;0,0453
1824,00;0,0455
1823,50;0,0454
1823,00;0,0454
1822,50;0,0455
1822,00;0,0459
1821,50;0,0463
1821,00;0,0467
1820,50;0,0468
1820,00;0,0466
1819,50;0,0463
1819,00;0,0460
1818,50;0,0460
1818,00;0,0461
1817,50;0,0461
1817,00;0,0461
1816,50;0,0459
1816,00;0,0456
1815,50;0,0455
1815,00;0,0456
1814,50;0,0459
1814,00;0,0462
1813,50;0,0465
1813,00;0,0467
1812,50;0,0467
1812,00;0,0466
1811,50;0,0465
1811,00;0,0464
1810,50;0,0464
1810,00;0,0465
1809,50;0,0465
1809,00;0,0466
1808,50;0,0466
1808,00;0,0467
1807,50;0,0466
1807,00;0,0466
1806,50;0,0466
1806,00;0,0466
1805,50;0,0467
1805,00;0,0468
1804,50;0,0469
1804,00;0,0470
1803,50;0,0470
1803,00;0,0471
1802,50;0,0471
1802,00;0,0471
1801,50;0,0470
1801,00;0,0470
1800,50;0,0470
1800,00;0,0470
1799,50;0,0469
1799,00;0,0469
1798,50;0,0471
1798,00;0,0473
1797,50;0,0474
1797,00;0,0475
1796,50;0,0478
1796,00;0,0480
1795,50;0,0480
1795,00;0,0479
1794,50;0,0478
1794,00;0,0477
1793,50;0,0477
1793,00;0,0477
1792,50;0,0479
1792,00;0,0481
1791,50;0,0482
1791,00;0,0482
1790,50;0,0481
1790,00;0,0480
1789,50;0,0480
1789,00;0,0481
1788,50;0,0483
1788,00;0,0486
1787,50;0,0489
1787,00;0,0491
1786,50;0,0491
1786,00;0,0489
1785,50;0,0487
1785,00;0,0485
1784,50;0,0486
1784,00;0,0486
1783,50;0,0487
1783,00;0,0487
1782,50;0,0487
1782,00;0,0488
1781,50;0,0490
1781,00;0,0490
1780,50;0,0489
1780,00;0,0489
1779,50;0,0489
1779,00;0,0489
1778,50;0,0490
1778,00;0,0491
1777,50;0,0492
1777,00;0,0492
1776,50;0,0493
1776,00;0,0495
1775,50;0,0497
1775,00;0,0500
1774,50;0,0503
1774,00;0,0505
1773,50;0,0505
1773,00;0,0505
1772,50;0,0506
1772,00;0,0509
1771,50;0,0510
1771,00;0,0510
1770,50;0,0508
1770,00;0,0507
1769,50;0,0505
1769,00;0,0504
1768,50;0,0502
1768,00;0,0503
1767,50;0,0505
1767,00;0,0508
1766,50;0,0510
1766,00;0,0510
1765,50;0,0509
1765,00;0,0508
1764,50;0,0508
1764,00;0,0509
1763,50;0,0509
1763,00;0,0510
1762,50;0,0509
1762,00;0,0510
1761,50;0,0512
1761,00;0,0515
1760,50;0,0518
1760,00;0,0520
1759,50;0,0520
1759,00;0,0520
1758,50;0,0519
1758,00;0,0519
1757,50;0,0520
1757,00;0,0521
1756,50;0,0523
1756,00;0,0524
1755,50;0,0525
1755,00;0,0525
1754,50;0,0526
1754,00;0,0526
1753,50;0,0526
1753,00;0,0527
1752,50;0,0528
1752,00;0,0529
1751,50;0,0530
1751,00;0,0531
1750,50;0,0533
1750,00;0,0535
1749,50;0,0536
1749,00;0,0537
1748,50;0,0537
1748,00;0,0537
1747,50;0,0537
1747,00;0,0535
1746,50;0,0534
1746,00;0,0534
1745,50;0,0534
1745,00;0,0536
1744,50;0,0537
1744,00;0,0540
1743,50;0,0543
1743,00;0,0546
1742,50;0,0547
1742,00;0,0548
1741,50;0,0547
1741,00;0,0547
1740,50;0,0548
1740,00;0,0551
1739,50;0,0555
1739,00;0,0557
1738,50;0,0556
1738,00;0,0554
1737,50;0,0553
1737,00;0,0553
1736,50;0,0555
1736,00;0,0557
1735,50;0,0557
1735,00;0,0555
1734,50;0,0554
1734,00;0,0555
1733,50;0,0556
1733,00;0,0556
1732,50;0,0555
1732,00;0,0555
1731,50;0,0557
1731,00;0,0559
1730,50;0,0562
1730,00;0,0564
1729,50;0,0566
1729,00;0,0567
1728,50;0,0568
1728,00;0,0568
1727,50;0,0569
1727,00;0,0571
1726,50;0,0572
1726,00;0,0573
1725,50;0,0576
1725,00;0,0579
1724,50;0,0581
1724,00;0,0583
1723,50;0,0585
1723,00;0,0588
1722,50;0,0591
1722,00;0,0592
1721,50;0,0593
1721,00;0,0594
1720,50;0,0597
1720,00;0,0600
1719,50;0,0602
1719,00;0,0603
1718,50;0,0603
1718,00;0,0604
1717,50;0,0605
1717,00;0,0605
1716,50;0,0607
1716,00;0,0610
1715,50;0,0612
1715,00;0,0614
1714,50;0,0615
1714,00;0,0616
1713,50;0,0618
1713,00;0,0619
1712,50;0,0621
1712,00;0,0624
1711,50;0,0626
1711,00;0,0627
1710,50;0,0627
1710,00;0,0627
1709,50;0,0629
1709,00;0,0631
1708,50;0,0632
1708,00;0,0634
1707,50;0,0635
1707,00;0,0637
1706,50;0,0639
1706,00;0,0642
1705,50;0,0646
1705,00;0,0648
1704,50;0,0648
1704,00;0,0649
1703,50;0,0650
1703,00;0,0651
1702,50;0,0653
1702,00;0,0656
1701,50;0,0657
1701,00;0,0657
1700,50;0,0656
1700,00;0,0659
1699,50;0,0664
1699,00;0,0667
1698,50;0,0669
1698,00;0,0670
1697,50;0,0670
1697,00;0,0670
1696,50;0,0669
1696,00;0,0668
1695,50;0,0668
1695,00;0,0671
1694,50;0,0674
1694,00;0,0675
1693,50;0,0676
1693,00;0,0678
1692,50;0,0681
1692,00;0,0683
1691,50;0,0683
1691,00;0,0682
1690,50;0,0683
1690,00;0,0684
1689,50;0,0685
1689,00;0,0686
1688,50;0,0687
1688,00;0,0688
1687,50;0,0690
1687,00;0,0693
1686,50;0,0695
1686,00;0,0696
1685,50;0,0695
1685,00;0,0695
1684,50;0,0698
1684,00;0,0701
1683,50;0,0702
1683,00;0,0703
1682,50;0,0706
1682,00;0,0709
1681,50;0,0711
1681,00;0,0713
1680,50;0,0713
1680,00;0,0712
1679,50;0,0711
1679,00;0,0710
1678,50;0,0711
1678,00;0,0712
1677,50;0,0715
1677,00;0,0718
1676,50;0,0719
1676,00;0,0718
1675,50;0,0717
1675,00;0,0717
1674,50;0,0719
1674,00;0,0721
1673,50;0,0722
1673,00;0,0723
1672,50;0,0724
1672,00;0,0726
1671,50;0,0729
1671,00;0,0732
1670,50;0,0735
1670,00;0,0736
1669,50;0,0736
1669,00;0,0735
1668,50;0,0736
1668,00;0,0736
1667,50;0,0737
1667,00;0,0737
1666,50;0,0738
1666,00;0,0739
1665,50;0,0739
1665,00;0,0739
1664,50;0,0739
1664,00;0,0741
1663,50;0,0743
1663,00;0,0745
1662,50;0,0746
1662,00;0,0748
1661,50;0,0749
1661,00;0,0750
1660,50;0,0751
1660,00;0,0751
1659,50;0,0750
1659,00;0,0750
1658,50;0,0748
1658,00;0,0748
1657,50;0,0749
1657,00;0,0750
1656,50;0,0751
1656,00;0,0752
1655,50;0,0754
1655,00;0,0755
1654,50;0,0756
1654,00;0,0759
1653,50;0,0764
1653,00;0,0768
1652,50;0,0766
1652,00;0,0764
1651,50;0,0763
1651,00;0,0763
1650,50;0,0764
1650,00;0,0764
1649,50;0,0765
1649,00;0,0765
1648,50;0,0765
1648,00;0,0764
1647,50;0,0764
1647,00;0,0764
1646,50;0,0763
1646,00;0,0764
1645,50;0,0765
1645,00;0,0766
1644,50;0,0765
1644,00;0,0763
1643,50;0,0761
1643,00;0,0760
1642,50;0,0760
1642,00;0,0759
1641,50;0,0758
1641,00;0,0756
1640,50;0,0755
1640,00;0,0754
1639,50;0,0754
1639,00;0,0754
1638,50;0,0755
1638,00;0,0756
1637,50;0,0759
1637,00;0,0762
1636,50;0,0766
1636,00;0,0770
1635,50;0,0774
1635,00;0,0777
1634,50;0,0779
1634,00;0,0778
1633,50;0,0775
1633,00;0,0773
1632,50;0,0771
1632,00;0,0770
1631,50;0,0769
1631,00;0,0767
1630,50;0,0765
1630,00;0,0763
1629,50;0,0761
1629,00;0,0759
1628,50;0,0758
1628,00;0,0758
1627,50;0,0758
1627,00;0,0757
1626,50;0,0756
1626,00;0,0756
1625,50;0,0756
1625,00;0,0756
1624,50;0,0757
1624,00;0,0757
1623,50;0,0757
1623,00;0,0757
1622,50;0,0756
1622,00;0,0755
1621,50;0,0752
1621,00;0,0750
1620,50;0,0750
1620,00;0,0751
1619,50;0,0752
1619,00;0,0753
1618,50;0,0754
1618,00;0,0754
1617,50;0,0754
1617,00;0,0754
1616,50;0,0756
1616,00;0,0757
1615,50;0,0755
1615,00;0,0752
1614,50;0,0750
1614,00;0,0749
1613,50;0,0749
1613,00;0,0749
1612,50;0,0749
1612,00;0,0749
1611,50;0,0748
1611,00;0,0748
1610,50;0,0747
1610,00;0,0747
1609,50;0,0747
1609,00;0,0747
1608,50;0,0746
1608,00;0,0745
1607,50;0,0744
1607,00;0,0744
1606,50;0,0744
1606,00;0,0744
1605,50;0,0745
1605,00;0,0747
1604,50;0,0748
1604,00;0,0749
1603,50;0,0748
1603,00;0,0747
1602,50;0,0746
1602,00;0,0746
1601,50;0,0746
1601,00;0,0747
1600,50;0,0747
1600,00;0,0749
1599,50;0,0749
1599,00;0,0748
1598,50;0,0746
1598,00;0,0744
1597,50;0,0742
1597,00;0,0741
1596,50;0,0742
1596,00;0,0744
1595,50;0,0746
1595,00;0,0747
1594,50;0,0748
1594,00;0,0747
1593,50;0,0745
1593,00;0,0743
1592,50;0,0741
1592,00;0,0741
1591,50;0,0741
1591,00;0,0742
1590,50;0,0742
1590,00;0,0742
1589,50;0,0741
1589,00;0,0740
1588,50;0,0738
1588,00;0,0736
1587,50;0,0736
1587,00;0,0736
1586,50;0,0737
1586,00;0,0739
1585,50;0,0740
1585,00;0,0740
1584,50;0,0737
1584,00;0,0736
1583,50;0,0736
1583,00;0,0736
1582,50;0,0737
1582,00;0,0737
1581,50;0,0737
1581,00;0,0736
1580,50;0,0735
1580,00;0,0736
1579,50;0,0737
1579,00;0,0737
1578,50;0,0736
1578,00;0,0736
1577,50;0,0736
1577,00;0,0738
1576,50;0,0740
1576,00;0,0742
1575,50;0,0743
1575,00;0,0741
1574,50;0,0739
1574,00;0,0737
1573,50;0,0735
1573,00;0,0733
1572,50;0,0732
1572,00;0,0732
1571,50;0,0734
1571,00;0,0736
1570,50;0,0738
1570,00;0,0740
1569,50;0,0740
1569,00;0,0738
1568,50;0,0736
1568,00;0,0733
1567,50;0,0732
1567,00;0,0732
1566,50;0,0733
1566,00;0,0734
1565,50;0,0733
1565,00;0,0732
1564,50;0,0732
1564,00;0,0733
1563,50;0,0733
1563,00;0,0732
1562,50;0,0732
1562,00;0,0732
1561,50;0,0733
1561,00;0,0734
1560,50;0,0734
1560,00;0,0736
1559,50;0,0740
1559,00;0,0744
1558,50;0,0745
1558,00;0,0742
1557,50;0,0739
1557,00;0,0738
1556,50;0,0740
1556,00;0,0740
1555,50;0,0740
1555,00;0,0739
1554,50;0,0738
1554,00;0,0735
1553,50;0,0733
1553,00;0,0732
1552,50;0,0731
1552,00;0,0730
1551,50;0,0728
1551,00;0,0727
1550,50;0,0725
1550,00;0,0723
1549,50;0,0723
1549,00;0,0725
1548,50;0,0727
1548,00;0,0728
1547,50;0,0727
1547,00;0,0726
1546,50;0,0726
1546,00;0,0725
1545,50;0,0725
1545,00;0,0725
1544,50;0,0727
1544,00;0,0728
1543,50;0,0728
1543,00;0,0729
1542,50;0,0730
1542,00;0,0731
1541,50;0,0733
1541,00;0,0734
1540,50;0,0735
1540,00;0,0735
1539,50;0,0736
1539,00;0,0737
1538,50;0,0736
1538,00;0,0734
1537,50;0,0732
1537,00;0,0732
1536,50;0,0731
1536,00;0,0730
1535,50;0,0729
1535,00;0,0729
1534,50;0,0730
1534,00;0,0730
1533,50;0,0731
1533,00;0,0732
1532,50;0,0731
1532,00;0,0729
1531,50;0,0728
1531,00;0,0728
1530,50;0,0728
1530,00;0,0727
1529,50;0,0726
1529,00;0,0726
1528,50;0,0725
1528,00;0,0724
1527,50;0,0723
1527,00;0,0724
1526,50;0,0726
1526,00;0,0727
1525,50;0,0727
1525,00;0,0728
1524,50;0,0729
1524,00;0,0730
1523,50;0,0730
1523,00;0,0729
1522,50;0,0728
1522,00;0,0727
1521,50;0,0726
1521,00;0,0725
1520,50;0,0724
1520,00;0,0723
1519,50;0,0724
1519,00;0,0726
1518,50;0,0727
1518,00;0,0727
1517,50;0,0726
1517,00;0,0725
1516,50;0,0725
1516,00;0,0724
1515,50;0,0724
1515,00;0,0724
1514,50;0,0725
1514,00;0,0727
1513,50;0,0730
1513,00;0,0730
1512,50;0,0729
1512,00;0,0726
1511,50;0,0724
1511,00;0,0722
1510,50;0,0722
1510,00;0,0723
1509,50;0,0724
1509,00;0,0726
1508,50;0,0726
1508,00;0,0726
1507,50;0,0726
1507,00;0,0727
1506,50;0,0730
1506,00;0,0732
1505,50;0,0733
1505,00;0,0732
1504,50;0,0731
1504,00;0,0731
1503,50;0,0731
1503,00;0,0730
1502,50;0,0728
1502,00;0,0726
1501,50;0,0726
1501,00;0,0726
1500,50;0,0727
1500,00;0,0729
1499,50;0,0730
1499,00;0,0730
1498,50;0,0732
1498,00;0,0734
1497,50;0,0734
1497,00;0,0733
1496,50;0,0732
1496,00;0,0732
1495,50;0,0734
1495,00;0,0737
1494,50;0,0737
1494,00;0,0736
1493,50;0,0734
1493,00;0,0732
1492,50;0,0730
1492,00;0,0728
1491,50;0,0726
1491,00;0,0723
1490,50;0,0721
1490,00;0,0721
1489,50;0,0721
1489,00;0,0722
1488,50;0,0723
1488,00;0,0724
1487,50;0,0724
1487,00;0,0724
1486,50;0,0724
1486,00;0,0724
1485,50;0,0723
1485,00;0,0722
1484,50;0,0721
1484,00;0,0720
1483,50;0,0720
1483,00;0,0719
1482,50;0,0720
1482,00;0,0720
1481,50;0,0720
1481,00;0,0718
1480,50;0,0716
1480,00;0,0715
1479,50;0,0715
1479,00;0,0717
1478,50;0,0718
1478,00;0,0719
1477,50;0,0719
1477,00;0,0717
1476,50;0,0715
1476,00;0,0715
1475,50;0,0716
1475,00;0,0717
1474,50;0,0718
1474,00;0,0717
1473,50;0,0717
1473,00;0,0717
1472,50;0,0716
1472,00;0,0715
1471,50;0,0714
1471,00;0,0713
1470,50;0,0713
1470,00;0,0711
1469,50;0,0709
1469,00;0,0707
1468,50;0,0707
1468,00;0,0708
1467,50;0,0709
1467,00;0,0708
1466,50;0,0708
1466,00;0,0707
1465,50;0,0706
1465,00;0,0705
1464,50;0,0704
1464,00;0,0703
1463,50;0,0703
1463,00;0,0703
1462,50;0,0706
1462,00;0,0708
1461,50;0,0709
1461,00;0,0709
1460,50;0,0708
1460,00;0,0705
1459,50;0,0703
1459,00;0,0701
1458,50;0,0699
1458,00;0,0699
1457,50;0,0699
1457,00;0,0698
1456,50;0,0697
1456,00;0,0697
1455,50;0,0698
1455,00;0,0699
1454,50;0,0701
1454,00;0,0702
1453,50;0,0702
1453,00;0,0702
1452,50;0,0700
1452,00;0,0698
1451,50;0,0698
1451,00;0,0699
1450,50;0,0699
1450,00;0,0699
1449,50;0,0698
1449,00;0,0697
1448,50;0,0694
1448,00;0,0693
1447,50;0,0694
1447,00;0,0696
1446,50;0,0698
1446,00;0,0698
1445,50;0,0697
1445,00;0,0696
1444,50;0,0693
1444,00;0,0691
1443,50;0,0690
1443,00;0,0689
1442,50;0,0689
1442,00;0,0689
1441,50;0,0691
1441,00;0,0694
1440,50;0,0695
1440,00;0,0695
1439,50;0,0693
1439,00;0,0692
1438,50;0,0689
1438,00;0,0686
1437,50;0,0683
1437,00;0,0680
1436,50;0,0680
1436,00;0,0684
1435,50;0,0689
1435,00;0,0690
1434,50;0,0690
1434,00;0,0688
1433,50;0,0687
1433,00;0,0685
1432,50;0,0682
1432,00;0,0681
1431,50;0,0681
1431,00;0,0683
1430,50;0,0686
1430,00;0,0689
1429,50;0,0691
1429,00;0,0691
1428,50;0,0688
1428,00;0,0684
1427,50;0,0680
1427,00;0,0679
1426,50;0,0679
1426,00;0,0680
1425,50;0,0680
1425,00;0,0680
1424,50;0,0679
1424,00;0,0678
1423,50;0,0677
1423,00;0,0676
1422,50;0,0675
1422,00;0,0674
1421,50;0,0673
1421,00;0,0672
1420,50;0,0672
1420,00;0,0673
1419,50;0,0673
1419,00;0,0674
1418,50;0,0674
1418,00;0,0673
1417,50;0,0672
1417,00;0,0671
1416,50;0,0670
1416,00;0,0671
1415,50;0,0672
1415,00;0,0673
1414,50;0,0674
1414,00;0,0673
1413,50;0,0671
1413,00;0,0668
1412,50;0,0666
1412,00;0,0664
1411,50;0,0664
1411,00;0,0665
1410,50;0,0667
1410,00;0,0668
1409,50;0,0669
1409,00;0,0668
1408,50;0,0668
1408,00;0,0669
1407,50;0,0669
1407,00;0,0668
1406,50;0,0666
1406,00;0,0665
1405,50;0,0664
1405,00;0,0665
1404,50;0,0665
1404,00;0,0665
1403,50;0,0665
1403,00;0,0663
1402,50;0,0661
1402,00;0,0658
1401,50;0,0656
1401,00;0,0656
1400,50;0,0656
1400,00;0,0657
1399,50;0,0658
1399,00;0,0657
1398,50;0,0654
1398,00;0,0651
1397,50;0,0648
1397,00;0,0647
1396,50;0,0648
1396,00;0,0649
1395,50;0,0649
1395,00;0,0649
1394,50;0,0649
1394,00;0,0650
1393,50;0,0651
1393,00;0,0651
1392,50;0,0649
1392,00;0,0648
1391,50;0,0647
1391,00;0,0647
1390,50;0,0647
1390,00;0,0648
1389,50;0,0648
1389,00;0,0647
1388,50;0,0646
1388,00;0,0645
1387,50;0,0644
1387,00;0,0643
1386,50;0,0643
1386,00;0,0644
1385,50;0,0645
1385,00;0,0647
1384,50;0,0647
1384,00;0,0646
1383,50;0,0644
1383,00;0,0643
1382,50;0,0642
1382,00;0,0642
1381,50;0,0643
1381,00;0,0643
1380,50;0,0642
1380,00;0,0641
1379,50;0,0640
1379,00;0,0639
1378,50;0,0638
1378,00;0,0639
1377,50;0,0639
1377,00;0,0639
1376,50;0,0638
1376,00;0,0637
1375,50;0,0636
1375,00;0,0635
1374,50;0,0633
1374,00;0,0632
1373,50;0,0633
1373,00;0,0634
1372,50;0,0636
1372,00;0,0637
1371,50;0,0637
1371,00;0,0637
1370,50;0,0638
1370,00;0,0637
1369,50;0,0636
1369,00;0,0635
1368,50;0,0633
1368,00;0,0632
1367,50;0,0631
1367,00;0,0631
1366,50;0,0631
1366,00;0,0631
1365,50;0,0630
1365,00;0,0629
1364,50;0,0627
1364,00;0,0626
1363,50;0,0624
1363,00;0,0623
1362,50;0,0624
1362,00;0,0626
1361,50;0,0627
1361,00;0,0628
1360,50;0,0628
1360,00;0,0628
1359,50;0,0628
1359,00;0,0628
1358,50;0,0628
1358,00;0,0627
1357,50;0,0628
1357,00;0,0628
1356,50;0,0628
1356,00;0,0628
1355,50;0,0627
1355,00;0,0626
1354,50;0,0626
1354,00;0,0627
1353,50;0,0629
1353,00;0,0630
1352,50;0,0631
1352,00;0,0631
1351,50;0,0629
1351,00;0,0628
1350,50;0,0626
1350,00;0,0626
1349,50;0,0626
1349,00;0,0625
1348,50;0,0623
1348,00;0,0621
1347,50;0,0621
1347,00;0,0622
1346,50;0,0624
1346,00;0,0625
1345,50;0,0626
1345,00;0,0625
1344,50;0,0624
1344,00;0,0624
1343,50;0,0623
1343,00;0,0622
1342,50;0,0620
1342,00;0,0620
1341,50;0,0619
1341,00;0,0618
1340,50;0,0616
1340,00;0,0615
1339,50;0,0614
1339,00;0,0615
1338,50;0,0617
1338,00;0,0618
1337,50;0,0618
1337,00;0,0617
1336,50;0,0615
1336,00;0,0615
1335,50;0,0616
1335,00;0,0617
1334,50;0,0617
1334,00;0,0617
1333,50;0,0617
1333,00;0,0617
1332,50;0,0617
1332,00;0,0617
1331,50;0,0616
1331,00;0,0616
1330,50;0,0616
1330,00;0,0617
1329,50;0,0617
1329,00;0,0618
1328,50;0,0617
1328,00;0,0617
1327,50;0,0616
1327,00;0,0615
1326,50;0,0614
1326,00;0,0614
1325,50;0,0614
1325,00;0,0613
1324,50;0,0612
1324,00;0,0611
1323,50;0,0610
1323,00;0,0609
1322,50;0,0608
1322,00;0,0607
1321,50;0,0606
1321,00;0,0607
1320,50;0,0608
1320,00;0,0609
1319,50;0,0610
1319,00;0,0610
1318,50;0,0609
1318,00;0,0608
1317,50;0,0607
1317,00;0,0607
1316,50;0,0608
1316,00;0,0608
1315,50;0,0608
1315,00;0,0609
1314,50;0,0609
1314,00;0,0610
1313,50;0,0610
1313,00;0,0610
1312,50;0,0609
1312,00;0,0607
1311,50;0,0606
1311,00;0,0605
1310,50;0,0604
1310,00;0,0604
1309,50;0,0603
1309,00;0,0603
1308,50;0,0603
1308,00;0,0604
1307,50;0,0605
1307,00;0,0606
1306,50;0,0606
1306,00;0,0605
1305,50;0,0604
1305,00;0,0603
1304,50;0,0602
1304,00;0,0603
1303,50;0,0603
1303,00;0,0603
1302,50;0,0603
1302,00;0,0601
1301,50;0,0600
1301,00;0,0599
1300,50;0,0599
1300,00;0,0599
1299,50;0,0598
1299,00;0,0598
1298,50;0,0598
1298,00;0,0597
1297,50;0,0597
1297,00;0,0596
1296,50;0,0595
1296,00;0,0595
1295,50;0,0595
1295,00;0,0595
1294,50;0,0595
1294,00;0,0595
1293,50;0,0595
1293,00;0,0594
1292,50;0,0594
1292,00;0,0593
1291,50;0,0593
1291,00;0,0592
1290,50;0,0591
1290,00;0,0590
1289,50;0,0590
1289,00;0,0591
1288,50;0,0592
1288,00;0,0593
1287,50;0,0593
1287,00;0,0592
1286,50;0,0591
1286,00;0,0590
1285,50;0,0591
1285,00;0,0592
1284,50;0,0594
1284,00;0,0594
1283,50;0,0593
1283,00;0,0591
1282,50;0,0590
1282,00;0,0589
1281,50;0,0589
1281,00;0,0588
1280,50;0,0587
1280,00;0,0587
1279,50;0,0587
1279,00;0,0587
1278,50;0,0586
1278,00;0,0586
1277,50;0,0586
1277,00;0,0587
1276,50;0,0587
1276,00;0,0586
1275,50;0,0584
1275,00;0,0582
1274,50;0,0582
1274,00;0,0583
1273,50;0,0584
1273,00;0,0586
1272,50;0,0585
1272,00;0,0583
1271,50;0,0581
1271,00;0,0578
1270,50;0,0577
1270,00;0,0578
1269,50;0,0579
1269,00;0,0580
1268,50;0,0579
1268,00;0,0577
1267,50;0,0575
1267,00;0,0575
1266,50;0,0578
1266,00;0,0579
1265,50;0,0580
1265,00;0,0578
1264,50;0,0577
1264,00;0,0576
1263,50;0,0577
1263,00;0,0578
1262,50;0,0580
1262,00;0,0581
1261,50;0,0581
1261,00;0,0580
1260,50;0,0580
1260,00;0,0580
1259,50;0,0579
1259,00;0,0578
1258,50;0,0577
1258,00;0,0576
1257,50;0,0574
1257,00;0,0573
1256,50;0,0573
1256,00;0,0572
1255,50;0,0572
1255,00;0,0571
1254,50;0,0569
1254,00;0,0567
1253,50;0,0565
1253,00;0,0565
1252,50;0,0566
1252,00;0,0568
1251,50;0,0570
1251,00;0,0572
1250,50;0,0573
1250,00;0,0572
1249,50;0,0571
1249,00;0,0569
1248,50;0,0568
1248,00;0,0567
1247,50;0,0568
1247,00;0,0569
1246,50;0,0570
1246,00;0,0570
1245,50;0,0569
1245,00;0,0567
1244,50;0,0566
1244,00;0,0566
1243,50;0,0567
1243,00;0,0567
1242,50;0,0568
1242,00;0,0569
1241,50;0,0570
1241,00;0,0571
1240,50;0,0570
1240,00;0,0568
1239,50;0,0566
1239,00;0,0565
1238,50;0,0564
1238,00;0,0565
1237,50;0,0567
1237,00;0,0567
1236,50;0,0567
1236,00;0,0568
1235,50;0,0568
1235,00;0,0569
1234,50;0,0570
1234,00;0,0571
1233,50;0,0570
1233,00;0,0569
1232,50;0,0569
1232,00;0,0570
1231,50;0,0571
1231,00;0,0572
1230,50;0,0571
1230,00;0,0570
1229,50;0,0570
1229,00;0,0570
1228,50;0,0570
1228,00;0,0569
1227,50;0,0568
1227,00;0,0566
1226,50;0,0565
1226,00;0,0564
1225,50;0,0564
1225,00;0,0563
1224,50;0,0562
1224,00;0,0562
1223,50;0,0563
1223,00;0,0565
1222,50;0,0566
1222,00;0,0567
1221,50;0,0568
1221,00;0,0569
1220,50;0,0569
1220,00;0,0568
1219,50;0,0567
1219,00;0,0567
1218,50;0,0568
1218,00;0,0570
1217,50;0,0571
1217,00;0,0571
1216,50;0,0569
1216,00;0,0568
1215,50;0,0567
1215,00;0,0566
1214,50;0,0566
1214,00;0,0565
1213,50;0,0565
1213,00;0,0564
1212,50;0,0564
1212,00;0,0565
1211,50;0,0565
1211,00;0,0566
1210,50;0,0567
1210,00;0,0566
1209,50;0,0564
1209,00;0,0561
1208,50;0,0559
1208,00;0,0557
1207,50;0,0556
1207,00;0,0557
1206,50;0,0557
1206,00;0,0559
1205,50;0,0560
1205,00;0,0562
1204,50;0,0563
1204,00;0,0563
1203,50;0,0562
1203,00;0,0561
1202,50;0,0560
1202,00;0,0558
1201,50;0,0556
1201,00;0,0557
1200,50;0,0558
1200,00;0,0560
1199,50;0,0560
1199,00;0,0560
1198,50;0,0558
1198,00;0,0558
1197,50;0,0558
1197,00;0,0558
1196,50;0,0557
1196,00;0,0557
1195,50;0,0556
1195,00;0,0557
1194,50;0,0557
1194,00;0,0557
1193,50;0,0555
1193,00;0,0554
1192,50;0,0553
1192,00;0,0553
1191,50;0,0554
1191,00;0,0554
1190,50;0,0554
1190,00;0,0553
1189,50;0,0554
1189,00;0,0555
1188,50;0,0556
1188,00;0,0557
1187,50;0,0556
1187,00;0,0555
1186,50;0,0554
1186,00;0,0553
1185,50;0,0553
1185,00;0,0553
1184,50;0,0554
1184,00;0,0554
1183,50;0,0553
1183,00;0,0553
1182,50;0,0553
1182,00;0,0553
1181,50;0,0553
1181,00;0,0554
1180,50;0,0555
1180,00;0,0556
1179,50;0,0556
1179,00;0,0555
1178,50;0,0554
1178,00;0,0552
1177,50;0,0551
1177,00;0,0550
1176,50;0,0549
1176,00;0,0549
1175,50;0,0550
1175,00;0,0552
1174,50;0,0552
1174,00;0,0552
1173,50;0,0551
1173,00;0,0552
1172,50;0,0553
1172,00;0,0554
1171,50;0,0554
1171,00;0,0554
1170,50;0,0553
1170,00;0,0553
1169,50;0,0553
1169,00;0,0553
1168,50;0,0554
1168,00;0,0554
1167,50;0,0554
1167,00;0,0552
1166,50;0,0550
1166,00;0,0547
1165,50;0,0545
1165,00;0,0545
1164,50;0,0545
1164,00;0,0546
1163,50;0,0546
1163,00;0,0546
1162,50;0,0546
1162,00;0,0547
1161,50;0,0548
1161,00;0,0549
1160,50;0,0549
1160,00;0,0548
1159,50;0,0547
1159,00;0,0546
1158,50;0,0546
1158,00;0,0546
1157,50;0,0546
1157,00;0,0546
1156,50;0,0546
1156,00;0,0546
1155,50;0,0546
1155,00;0,0546
1154,50;0,0546
1154,00;0,0546
1153,50;0,0546
1153,00;0,0546
1152,50;0,0547
1152,00;0,0547
1151,50;0,0545
1151,00;0,0541
1150,50;0,0536
1150,00;0,0533
1149,50;0,0532
1149,00;0,0533
1148,50;0,0535
1148,00;0,0538
1147,50;0,0540
1147,00;0,0541
1146,50;0,0539
1146,00;0,0537
1145,50;0,0535
1145,00;0,0535
1144,50;0,0535
1144,00;0,0536
1143,50;0,0537
1143,00;0,0539
1142,50;0,0540
1142,00;0,0540
1141,50;0,0539
1141,00;0,0538
1140,50;0,0537
1140,00;0,0537
1139,50;0,0538
1139,00;0,0539
1138,50;0,0540
1138,00;0,0541
1137,50;0,0542
1137,00;0,0543
1136,50;0,0543
1136,00;0,0543
1135,50;0,0541
1135,00;0,0539
1134,50;0,0538
1134,00;0,0538
1133,50;0,0537
1133,00;0,0536
1132,50;0,0535
1132,00;0,0536
1131,50;0,0538
1131,00;0,0539
1130,50;0,0540
1130,00;0,0541
1129,50;0,0540
1129,00;0,0538
1128,50;0,0535
1128,00;0,0533
1127,50;0,0532
1127,00;0,0533
1126,50;0,0535
1126,00;0,0535
1125,50;0,0533
1125,00;0,0532
1124,50;0,0529
1124,00;0,0527
1123,50;0,0525
1123,00;0,0524
1122,50;0,0524
1122,00;0,0525
1121,50;0,0526
1121,00;0,0527
1120,50;0,0526
1120,00;0,0525
1119,50;0,0524
1119,00;0,0523
1118,50;0,0523
1118,00;0,0523
1117,50;0,0524
1117,00;0,0524
1116,50;0,0524
1116,00;0,0523
1115,50;0,0522
1115,00;0,0521
1114,50;0,0521
1114,00;0,0522
1113,50;0,0523
1113,00;0,0524
1112,50;0,0525
1112,00;0,0526
1111,50;0,0526
1111,00;0,0526
1110,50;0,0525
1110,00;0,0525
1109,50;0,0525
1109,00;0,0524
1108,50;0,0522
1108,00;0,0521
1107,50;0,0520
1107,00;0,0521
1106,50;0,0522
1106,00;0,0523
1105,50;0,0523
1105,00;0,0521
1104,50;0,0519
1104,00;0,0516
1103,50;0,0513
1103,00;0,0511
1102,50;0,0511
1102,00;0,0513
1101,50;0,0514
1101,00;0,0516
1100,50;0,0516
1100,00;0,0515
1099,50;0,0514
1099,00;0,0511
1098,50;0,0508
1098,00;0,0505
1097,50;0,0502
1097,00;0,0500
1096,50;0,0499
1096,00;0,0499
1095,50;0,0501
1095,00;0,0502
1094,50;0,0503
1094,00;0,0502
1093,50;0,0501
1093,00;0,0499
1092,50;0,0497
1092,00;0,0496
1091,50;0,0496
1091,00;0,0496
1090,50;0,0496
1090,00;0,0496
1089,50;0,0496
1089,00;0,0495
1088,50;0,0493
1088,00;0,0491
1087,50;0,0489
1087,00;0,0486
1086,50;0,0484
1086,00;0,0481
1085,50;0,0480
1085,00;0,0479
1084,50;0,0479
1084,00;0,0480
1083,50;0,0481
1083,00;0,0483
1082,50;0,0483
1082,00;0,0480
1081,50;0,0477
1081,00;0,0474
1080,50;0,0472
1080,00;0,0471
1079,50;0,0470
1079,00;0,0468
1078,50;0,0467
1078,00;0,0465
1077,50;0,0464
1077,00;0,0463
1076,50;0,0462
1076,00;0,0463
1075,50;0,0465
1075,00;0,0466
1074,50;0,0466
1074,00;0,0465
1073,50;0,0463
1073,00;0,0461
1072,50;0,0459
1072,00;0,0459
1071,50;0,0460
1071,00;0,0462
1070,50;0,0463
1070,00;0,0463
1069,50;0,0464
1069,00;0,0466
1068,50;0,0468
1068,00;0,0467
1067,50;0,0465
1067,00;0,0462
1066,50;0,0460
1066,00;0,0460
1065,50;0,0460
1065,00;0,0461
1064,50;0,0462
1064,00;0,0464
1063,50;0,0464
1063,00;0,0464
1062,50;0,0462
1062,00;0,0460
1061,50;0,0456
1061,00;0,0455
1060,50;0,0455
1060,00;0,0457
1059,50;0,0459
1059,00;0,0462
1058,50;0,0464
1058,00;0,0467
1057,50;0,0467
1057,00;0,0465
1056,50;0,0463
1056,00;0,0462
1055,50;0,0461
1055,00;0,0461
1054,50;0,0462
1054,00;0,0464
1053,50;0,0468
1053,00;0,0470
1052,50;0,0472
1052,00;0,0472
1051,50;0,0471
1051,00;0,0469
1050,50;0,0467
1050,00;0,0466
1049,50;0,0467
1049,00;0,0469
1048,50;0,0472
1048,00;0,0473
1047,50;0,0472
1047,00;0,0470
1046,50;0,0467
1046,00;0,0466
1045,50;0,0467
1045,00;0,0468
1044,50;0,0469
1044,00;0,0469
1043,50;0,0470
1043,00;0,0471
1042,50;0,0474
1042,00;0,0476
1041,50;0,0477
1041,00;0,0477
1040,50;0,0476
1040,00;0,0475
1039,50;0,0474
1039,00;0,0474
1038,50;0,0475
1038,00;0,0477
1037,50;0,0478
1037,00;0,0478
1036,50;0,0478
1036,00;0,0476
1035,50;0,0473
1035,00;0,0469
1034,50;0,0468
1034,00;0,0470
1033,50;0,0473
1033,00;0,0477
1032,50;0,0480
1032,00;0,0481
1031,50;0,0480
1031,00;0,0477
1030,50;0,0473
1030,00;0,0470
1029,50;0,0470
1029,00;0,0474
1028,50;0,0480
1028,00;0,0484
1027,50;0,0487
1027,00;0,0487
1026,50;0,0487
1026,00;0,0486
1025,50;0,0483
1025,00;0,0481
1024,50;0,0479
1024,00;0,0480
1023,50;0,0483
1023,00;0,0487
1022,50;0,0490
1022,00;0,0491
1021,50;0,0491
1021,00;0,0491
1020,50;0,0492
1020,00;0,0493
1019,50;0,0492
1019,00;0,0492
1018,50;0,0492
1018,00;0,0493
1017,50;0,0496
1017,00;0,0498
1016,50;0,0501
1016,00;0,0503
1015,50;0,0505
1015,00;0,0505
1014,50;0,0504
1014,00;0,0503
1013,50;0,0503
1013,00;0,0503
1012,50;0,0504
1012,00;0,0505
1011,50;0,0508
1011,00;0,0512
1010,50;0,0515
1010,00;0,0516
1009,50;0,0516
1009,00;0,0515
1008,50;0,0515
1008,00;0,0515
1007,50;0,0516
1007,00;0,0516
1006,50;0,0517
1006,00;0,0519
1005,50;0,0520
1005,00;0,0522
1004,50;0,0523
1004,00;0,0525
1003,50;0,0528
1003,00;0,0532
1002,50;0,0535
1002,00;0,0536
1001,50;0,0537
1001,00;0,0538
1000,50;0,0539
1000,00;0,0541
999,50;0,0542
999,00;0,0543
998,50;0,0544
998,00;0,0546
997,50;0,0548
997,00;0,0551
996,50;0,0553
996,00;0,0555
995,50;0,0557
995,00;0,0559
994,50;0,0563
994,00;0,0565
993,50;0,0564
993,00;0,0563
992,50;0,0563
992,00;0,0565
991,50;0,0571
991,00;0,0578
990,50;0,0583
990,00;0,0586
989,50;0,0586
989,00;0,0585
988,50;0,0584
988,00;0,0585
987,50;0,0587
987,00;0,0591
986,50;0,0596
986,00;0,0603
985,50;0,0609
985,00;0,0615
984,50;0,0619
984,00;0,0622
983,50;0,0622
983,00;0,0619
982,50;0,0617
982,00;0,0617
981,50;0,0620
981,00;0,0626
980,50;0,0632
980,00;0,0638
979,50;0,0642
979,00;0,0643
978,50;0,0643
978,00;0,0644
977,50;0,0645
977,00;0,0648
976,50;0,0650
976,00;0,0655
975,50;0,0661
975,00;0,0668
974,50;0,0676
974,00;0,0681
973,50;0,0685
973,00;0,0686
972,50;0,0688
972,00;0,0689
971,50;0,0692
971,00;0,0697
970,50;0,0703
970,00;0,0710
969,50;0,0716
969,00;0,0720
968,50;0,0724
968,00;0,0729
967,50;0,0733
967,00;0,0736
966,50;0,0739
966,00;0,0744
965,50;0,0751
965,00;0,0759
964,50;0,0766
964,00;0,0773
963,50;0,0777
963,00;0,0779
962,50;0,0779
962,00;0,0780
961,50;0,0783
961,00;0,0789
960,50;0,0799
960,00;0,0809
959,50;0,0818
959,00;0,0823
958,50;0,0827
958,00;0,0831
957,50;0,0835
957,00;0,0839
956,50;0,0841
956,00;0,0844
955,50;0,0848
955,00;0,0855
954,50;0,0863
954,00;0,0871
953,50;0,0878
953,00;0,0884
952,50;0,0887
952,00;0,0890
951,50;0,0891
951,00;0,0893
950,50;0,0897
950,00;0,0904
949,50;0,0914
949,00;0,0925
948,50;0,0933
948,00;0,0938
947,50;0,0940
947,00;0,0941
946,50;0,0943
946,00;0,0947
945,50;0,0952
945,00;0,0958
944,50;0,0966
944,00;0,0973
943,50;0,0980
943,00;0,0985
942,50;0,0990
942,00;0,0994
941,50;0,0998
941,00;0,1001
940,50;0,1004
940,00;0,1007
939,50;0,1013
939,00;0,1021
938,50;0,1030
938,00;0,1039
937,50;0,1046
937,00;0,1052
936,50;0,1057
936,00;0,1060
935,50;0,1063
935,00;0,1066
934,50;0,1070
934,00;0,1075
933,50;0,1083
933,00;0,1091
932,50;0,1099
932,00;0,1106
931,50;0,1110
931,00;0,1114
930,50;0,1119
930,00;0,1123
929,50;0,1129
929,00;0,1134
928,50;0,1140
928,00;0,1146
927,50;0,1154
927,00;0,1160
926,50;0,1165
926,00;0,1168
925,50;0,1172
925,00;0,1178
924,50;0,1185
924,00;0,1193
923,50;0,1199
923,00;0,1202
922,50;0,1203
922,00;0,1205
921,50;0,1206
921,00;0,1209
920,50;0,1213
920,00;0,1220
919,50;0,1229
919,00;0,1238
918,50;0,1245
918,00;0,1250
917,50;0,1254
917,00;0,1257
916,50;0,1261
916,00;0,1264
915,50;0,1267
915,00;0,1271
914,50;0,1275
914,00;0,1279
913,50;0,1284
913,00;0,1292
912,50;0,1301
912,00;0,1309
911,50;0,1314
911,00;0,1316
910,50;0,1317
910,00;0,1317
909,50;0,1317
909,00;0,1318
908,50;0,1322
908,00;0,1330
907,50;0,1340
907,00;0,1348
906,50;0,1353
906,00;0,1353
905,50;0,1350
905,00;0,1350
904,50;0,1355
904,00;0,1362
903,50;0,1370
903,00;0,1377
902,50;0,1384
902,00;0,1390
901,50;0,1395
901,00;0,1400
900,50;0,1405
900,00;0,1409
899,50;0,1410
899,00;0,1408
898,50;0,1408
898,00;0,1411
897,50;0,1418
897,00;0,1427
896,50;0,1434
896,00;0,1440
895,50;0,1442
895,00;0,1445
894,50;0,1449
894,00;0,1454
893,50;0,1458
893,00;0,1461
892,50;0,1464
892,00;0,1467
891,50;0,1471
891,00;0,1474
890,50;0,1477
890,00;0,1480
889,50;0,1483
889,00;0,1488
888,50;0,1493
888,00;0,1499
887,50;0,1504
887,00;0,1508
886,50;0,1511
886,00;0,1513
885,50;0,1515
885,00;0,1516
884,50;0,1519
884,00;0,1525
883,50;0,1534
883,00;0,1545
882,50;0,1557
882,00;0,1565
881,50;0,1569
881,00;0,1567
880,50;0,1562
880,00;0,1560
879,50;0,1559
879,00;0,1559
878,50;0,1561
878,00;0,1565
877,50;0,1573
877,00;0,1582
876,50;0,1592
876,00;0,1600
875,50;0,1605
875,00;0,1606
874,50;0,1605
874,00;0,1604
873,50;0,1604
873,00;0,1605
872,50;0,1609
872,00;0,1615
871,50;0,1624
871,00;0,1633
870,50;0,1642
870,00;0,1651
869,50;0,1658
869,00;0,1663
868,50;0,1663
868,00;0,1660
867,50;0,1658
867,00;0,1659
866,50;0,1661
866,00;0,1664
865,50;0,1666
865,00;0,1668
864,50;0,1671
864,00;0,1676
863,50;0,1682
863,00;0,1689
862,50;0,1695
862,00;0,1699
861,50;0,1702
861,00;0,1703
860,50;0,1705
860,00;0,1709
859,50;0,1716
859,00;0,1721
858,50;0,1725
858,00;0,1727
857,50;0,1732
857,00;0,1738
856,50;0,1743
856,00;0,1745
855,50;0,1744
855,00;0,1743
854,50;0,1743
854,00;0,1746
853,50;0,1750
853,00;0,1755
852,50;0,1759
852,00;0,1763
851,50;0,1769
851,00;0,1776
850,50;0,1782
850,00;0,1786
849,50;0,1789
849,00;0,1792
848,50;0,1795
848,00;0,1795
847,50;0,1794
847,00;0,1796
846,50;0,1802
846,00;0,1810
845,50;0,1819
845,00;0,1826
844,50;0,1830
844,00;0,1830
843,50;0,1828
843,00;0,1824
842,50;0,1819
842,00;0,1817
841,50;0,1817
841,00;0,1822
840,50;0,1830
840,00;0,1839
839,50;0,1847
839,00;0,1852
838,50;0,1854
838,00;0,1858
837,50;0,1861
837,00;0,1865
836,50;0,1866
836,00;0,1867
835,50;0,1868
835,00;0,1872
834,50;0,1876
834,00;0,1880
833,50;0,1883
833,00;0,1884
832,50;0,1885
832,00;0,1889
831,50;0,1894
831,00;0,1898
830,50;0,1901
830,00;0,1902
829,50;0,1905
829,00;0,1911
828,50;0,1919
828,00;0,1927
827,50;0,1932
827,00;0,1931
826,50;0,1925
826,00;0,1918
825,50;0,1914
825,00;0,1915
824,50;0,1918
824,00;0,1921
823,50;0,1925
823,00;0,1928
822,50;0,1930
822,00;0,1932
821,50;0,1934
821,00;0,1938
820,50;0,1942
820,00;0,1945
819,50;0,1943
819,00;0,1940
818,50;0,1938
818,00;0,1941
817,50;0,1948
817,00;0,1954
816,50;0,1955
816,00;0,1953
815,50;0,1954
815,00;0,1957
814,50;0,1959
814,00;0,1959
813,50;0,1959
813,00;0,1960
812,50;0,1963
812,00;0,1964
811,50;0,1962
811,00;0,1958
810,50;0,1955
810,00;0,1955
809,50;0,1956
809,00;0,1958
808,50;0,1959
808,00;0,1960
807,50;0,1963
807,00;0,1966
806,50;0,1968
806,00;0,1966
805,50;0,1961
805,00;0,1953
804,50;0,1947
804,00;0,1947
803,50;0,1952
803,00;0,1961
802,50;0,1967
802,00;0,1970
801,50;0,1971
801,00;0,1973
800,50;0,1973
800,00;0,1970
799,50;0,1963
799,00;0,1958
798,50;0,1958
798,00;0,1962
797,50;0,1967
797,00;0,1970
796,50;0,1971
796,00;0,1967
795,50;0,1962
795,00;0,1958
794,50;0,1955
794,00;0,1955
793,50;0,1956
793,00;0,1959
792,50;0,1962
792,00;0,1962
791,50;0,1961
791,00;0,1959
790,50;0,1959
790,00;0,1959
789,50;0,1957
789,00;0,1955
788,50;0,1953
788,00;0,1953
787,50;0,1955
787,00;0,1957
786,50;0,1960
786,00;0,1963
785,50;0,1966
785,00;0,1969
784,50;0,1969
784,00;0,1966
783,50;0,1962
783,00;0,1959
782,50;0,1958
782,00;0,1960
781,50;0,1964
781,00;0,1968
780,50;0,1973
780,00;0,1974
779,50;0,1972
779,00;0,1967
778,50;0,1962
778,00;0,1961
777,50;0,1961
777,00;0,1962
776,50;0,1963
776,00;0,1964
775,50;0,1963
775,00;0,1960
774,50;0,1957
774,00;0,1954
773,50;0,1953
773,00;0,1952
772,50;0,1952
772,00;0,1952
771,50;0,1956
771,00;0,1961
770,50;0,1967
770,00;0,1970
769,50;0,1967
769,00;0,1959
768,50;0,1949
768,00;0,1944
767,50;0,1946
767,00;0,1953
766,50;0,1961
766,00;0,1966
765,50;0,1967
765,00;0,1965
764,50;0,1960
764,00;0,1954
763,50;0,1947
763,00;0,1941
762,50;0,1935
762,00;0,1932
761,50;0,1932
761,00;0,1938
760,50;0,1948
760,00;0,1957
759,50;0,1961
759,00;0,1959
758,50;0,1954
758,00;0,1948
757,50;0,1943
757,00;0,1939
756,50;0,1939
756,00;0,1941
755,50;0,1945
755,00;0,1948
754,50;0,1949
754,00;0,1946
753,50;0,1941
753,00;0,1935
752,50;0,1930
752,00;0,1930
751,50;0,1933
751,00;0,1938
750,50;0,1940
750,00;0,1939
749,50;0,1937
749,00;0,1934
748,50;0,1931
748,00;0,1928
747,50;0,1925
747,00;0,1923
746,50;0,1921
746,00;0,1919
745,50;0,1920
745,00;0,1922
744,50;0,1926
744,00;0,1930
743,50;0,1929
743,00;0,1924
742,50;0,1915
742,00;0,1907
741,50;0,1900
741,00;0,1899
740,50;0,1902
740,00;0,1909
739,50;0,1915
739,00;0,1917
738,50;0,1915
738,00;0,1912
737,50;0,1909
737,00;0,1906
736,50;0,1903
736,00;0,1899
735,50;0,1897
735,00;0,1898
734,50;0,1900
734,00;0,1902
733,50;0,1901
733,00;0,1896
732,50;0,1889
732,00;0,1881
731,50;0,1875
731,00;0,1874
730,50;0,1877
730,00;0,1881
729,50;0,1887
729,00;0,1892
728,50;0,1897
728,00;0,1899
727,50;0,1896
727,00;0,1890
726,50;0,1885
726,00;0,1883
725,50;0,1886
725,00;0,1892
724,50;0,1900
724,00;0,1908
723,50;0,1914
723,00;0,1918
722,50;0,1920
722,00;0,1918
721,50;0,1913
721,00;0,1908
720,50;0,1906
720,00;0,1908
719,50;0,1910
719,00;0,1909
718,50;0,1903
718,00;0,1896
717,50;0,1890
717,00;0,1889
716,50;0,1891
716,00;0,1894
715,50;0,1898
715,00;0,1901
714,50;0,1903
714,00;0,1904
713,50;0,1906
713,00;0,1909
712,50;0,1911
712,00;0,1911
711,50;0,1909
711,00;0,1905
710,50;0,1903
710,00;0,1905
709,50;0,1910
709,00;0,1917
708,50;0,1924
708,00;0,1928
707,50;0,1927
707,00;0,1925
706,50;0,1922
706,00;0,1920
705,50;0,1917
705,00;0,1916
704,50;0,1919
704,00;0,1924
703,50;0,1929
703,00;0,1934
702,50;0,1937
702,00;0,1938
701,50;0,1938
701,00;0,1934
700,50;0,1928
700,00;0,1926
699,50;0,1927
699,00;0,1930
698,50;0,1932
698,00;0,1935
697,50;0,1937
697,00;0,1939
696,50;0,1937
696,00;0,1931
695,50;0,1923
695,00;0,1916
694,50;0,1916
694,00;0,1921
693,50;0,1930
693,00;0,1940
692,50;0,1948
692,00;0,1949
691,50;0,1945
691,00;0,1938
690,50;0,1934
690,00;0,1934
689,50;0,1936
689,00;0,1936
688,50;0,1937
688,00;0,1940
687,50;0,1944
687,00;0,1943
686,50;0,1939
686,00;0,1934
685,50;0,1929
685,00;0,1928
684,50;0,1928
684,00;0,1929
683,50;0,1931
683,00;0,1936
682,50;0,1945
682,00;0,1955
681,50;0,1961
681,00;0,1960
680,50;0,1954
680,00;0,1944
679,50;0,1934
679,00;0,1928
678,50;0,1928
678,00;0,1934
677,50;0,1944
677,00;0,1953
676,50;0,1960
676,00;0,1967
675,50;0,1972
675,00;0,1976
674,50;0,1970
674,00;0,1991
673,50;0,1989
673,00;0,1986
672,50;0,1995
672,00;0,2009
671,50;0,2027
671,00;0,2043
670,50;0,2054
670,00;0,2064
669,50;0,2079
669,00;0,2106
668,50;0,2140
668,00;0,2166
667,50;0,2157
667,00;0,2114
666,50;0,2079
666,00;0,2066
665,50;0,2063
665,00;0,2060
664,50;0,2058
664,00;0,2055
663,50;0,2050
663,00;0,2048
662,50;0,2050
662,00;0,2063
661,50;0,2054
661,00;0,2057
660,50;0,2058
660,00;0,2053
659,50;0,2045
659,00;0,2035
658,50;0,2026
658,00;0,2022
657,50;0,2025
657,00;0,2032
656,50;0,2043
656,00;0,2056
655,50;0,2068
655,00;0,2075
654,50;0,2073
654,00;0,2062
653,50;0,2046
653,00;0,2030
652,50;0,2018
652,00;0,2013
651,50;0,2016
651,00;0,2026
650,50;0,2038
650,00;0,2043
649,50;0,2040
649,00;0,2031
648,50;0,2025
648,00;0,2025
647,50;0,2029
647,00;0,2031
646,50;0,2029
646,00;0,2029
645,50;0,2034
645,00;0,2045
644,50;0,2054
644,00;0,2056
643,50;0,2048
643,00;0,2036
642,50;0,2027
642,00;0,2025
641,50;0,2028
641,00;0,2035
640,50;0,2042
640,00;0,2048
639,50;0,2051
639,00;0,2050
638,50;0,2048
638,00;0,2047
637,50;0,2048
637,00;0,2053
636,50;0,2060
636,00;0,2065
635,50;0,2065
635,00;0,2060
634,50;0,2054
634,00;0,2050
633,50;0,2050
633,00;0,2050
632,50;0,2050
632,00;0,2046
631,50;0,2042
631,00;0,2042
630,50;0,2048
630,00;0,2059
629,50;0,2070
629,00;0,2078
628,50;0,2081
628,00;0,2081
627,50;0,2078
627,00;0,2075
626,50;0,2075
626,00;0,2078
625,50;0,2083
625,00;0,2087
624,50;0,2090
624,00;0,2095
623,50;0,2097
623,00;0,2094
622,50;0,2084
622,00;0,2074
621,50;0,2070
621,00;0,2076
620,50;0,2089
620,00;0,2105
619,50;0,2119
619,00;0,2128
618,50;0,2129
618,00;0,2125
617,50;0,2118
617,00;0,2106
616,50;0,2091
616,00;0,2080
615,50;0,2078
615,00;0,2086
614,50;0,2102
614,00;0,2118
613,50;0,2128
613,00;0,2126
612,50;0,2115
612,00;0,2099
611,50;0,2088
611,00;0,2084
610,50;0,2087
610,00;0,2094
609,50;0,2100
609,00;0,2108
608,50;0,2117
608,00;0,2128
607,50;0,2137
607,00;0,2138
606,50;0,2130
606,00;0,2121
605,50;0,2116
605,00;0,2116
604,50;0,2113
604,00;0,2106
603,50;0,2095
603,00;0,2086
602,50;0,2078
602,00;0,2073
601,50;0,2069
601,00;0,2068
600,50;0,2067
600,00;0,2066
599,50;0,2066
599,00;0,2067
598,50;0,2070
598,00;0,2071
597,50;0,2071
597,00;0,2069
596,50;0,2067
596,00;0,2063
595,50;0,2057
595,00;0,2052
594,50;0,2049
594,00;0,2050
593,50;0,2052
593,00;0,2052
592,50;0,2051
592,00;0,2051
591,50;0,2051
591,00;0,2050
590,50;0,2048
590,00;0,2046
589,50;0,2047
589,00;0,2053
588,50;0,2061
588,00;0,2066
587,50;0,2067
587,00;0,2065
586,50;0,2056
586,00;0,2040
585,50;0,2023
585,00;0,2013
584,50;0,2017
584,00;0,2030
583,50;0,2042
583,00;0,2047
582,50;0,2044
582,00;0,2038
581,50;0,2030
581,00;0,2023
580,50;0,2014
580,00;0,2006
579,50;0,2002
579,00;0,2004
578,50;0,2009
578,00;0,2014
577,50;0,2014
577,00;0,2009
576,50;0,2000
576,00;0,1989
575,50;0,1978
575,00;0,1966
574,50;0,1955
574,00;0,1947
573,50;0,1946
573,00;0,1949
572,50;0,1953
572,00;0,1950
571,50;0,1942
571,00;0,1931
570,50;0,1920
570,00;0,1909
569,50;0,1897
569,00;0,1883
568,50;0,1871
568,00;0,1868
567,50;0,1880
567,00;0,1905
566,50;0,1931
566,00;0,1942
565,50;0,1934
565,00;0,1911
564,50;0,1882
564,00;0,1857
563,50;0,1846
563,00;0,1850
562,50;0,1860
562,00;0,1863
561,50;0,1852
561,00;0,1836
560,50;0,1826
560,00;0,1823
559,50;0,1822
559,00;0,1813
558,50;0,1801
558,00;0,1792
557,50;0,1793
557,00;0,1801
556,50;0,1808
556,00;0,1809
555,50;0,1803
555,00;0,1796
554,50;0,1789
554,00;0,1783
553,50;0,1775
553,00;0,1763
552,50;0,1748
552,00;0,1730
551,50;0,1717
551,00;0,1715
550,50;0,1727
550,00;0,1740
549,50;0,1738
549,00;0,1718
548,50;0,1693
548,00;0,1680
547,50;0,1686
547,00;0,1705
546,50;0,1722
546,00;0,1730
545,50;0,1728
545,00;0,1715
544,50;0,1691
544,00;0,1655
543,50;0,1616
543,00;0,1583
542,50;0,1565
542,00;0,1562
541,50;0,1567
541,00;0,1576
540,50;0,1584
540,00;0,1587
539,50;0,1580
539,00;0,1560
538,50;0,1529
538,00;0,1497
537,50;0,1476
537,00;0,1476
536,50;0,1496
536,00;0,1521
535,50;0,1537
535,00;0,1539
534,50;0,1529
534,00;0,1512
533,50;0,1493
533,00;0,1473
532,50;0,1456
532,00;0,1444
531,50;0,1443
531,00;0,1446
530,50;0,1443
530,00;0,1432
529,50;0,1416
529,00;0,1403
528,50;0,1395
528,00;0,1390
527,50;0,1391
527,00;0,1398
526,50;0,1404
526,00;0,1401
525,50;0,1389
525,00;0,1381
524,50;0,1379
524,00;0,1372
523,50;0,1349
523,00;0,1316
522,50;0,1288
522,00;0,1272
521,50;0,1268
521,00;0,1273
520,50;0,1290
520,00;0,1312
519,50;0,1330
519,00;0,1335
518,50;0,1327
518,00;0,1311
517,50;0,1293
517,00;0,1277
516,50;0,1267
516,00;0,1266
515,50;0,1273
515,00;0,1288
514,50;0,1305
514,00;0,1314
513,50;0,1309
513,00;0,1291
512,50;0,1276
512,00;0,1278
511,50;0,1299
511,00;0,1325
510,50;0,1341
510,00;0,1342
509,50;0,1337
509,00;0,1336
508,50;0,1335
508,00;0,1328
507,50;0,1310
507,00;0,1291
506,50;0,1284
506,00;0,1290
505,50;0,1301
505,00;0,1307
504,50;0,1310
504,00;0,1309
503,50;0,1301
503,00;0,1288
502,50;0,1279
502,00;0,1276
501,50;0,1275
501,00;0,1264
500,50;0,1243
500,00;0,1226
499,50;0,1223
499,00;0,1233
498,50;0,1244
498,00;0,1244
497,50;0,1231
497,00;0,1215
496,50;0,1207
496,00;0,1209
495,50;0,1215
495,00;0,1219
494,50;0,1222
494,00;0,1226
493,50;0,1229
493,00;0,1226
492,50;0,1215
492,00;0,1195
491,50;0,1175
491,00;0,1162
490,50;0,1158
490,00;0,1158
489,50;0,1157
489,00;0,1155
488,50;0,1154
488,00;0,1158
487,50;0,1161
487,00;0,1158
486,50;0,1147
486,00;0,1134
485,50;0,1129
485,00;0,1138
484,50;0,1160
484,00;0,1185
483,50;0,1200
483,00;0,1196
482,50;0,1173
482,00;0,1134
481,50;0,1092
481,00;0,1062
480,50;0,1055
480,00;0,1067
479,50;0,1088
479,00;0,1111
478,50;0,1138
478,00;0,1171
477,50;0,1199
477,00;0,1207
476,50;0,1188
476,00;0,1150
475,50;0,1116
475,00;0,1103
474,50;0,1112
474,00;0,1131
473,50;0,1147
473,00;0,1156
472,50;0,1155
472,00;0,1140
471,50;0,1110
471,00;0,1073
470,50;0,1045
470,00;0,1029
469,50;0,1022
469,00;0,1018
468,50;0,1021
468,00;0,1037
467,50;0,1060
467,00;0,1075
466,50;0,1070
466,00;0,1045
465,50;0,1015
465,00;0,0996
464,50;0,0993
464,00;0,1002
463,50;0,1017
463,00;0,1036
462,50;0,1059
462,00;0,1082
461,50;0,1094
461,00;0,1085
460,50;0,1048
460,00;0,0988
459,50;0,0924
459,00;0,0883
458,50;0,0886
458,00;0,0930
457,50;0,0989
457,00;0,1030
456,50;0,1034
456,00;0,1006
455,50;0,0963
455,00;0,0926
454,50;0,0907
454,00;0,0903
453,50;0,0914
453,00;0,0947
452,50;0,1006
452,00;0,1077
451,50;0,1129
451,00;0,1142
450,50;0,1115
450,00;0,1060
449,50;0,0990
449,00;0,0927
448,50;0,0890
448,00;0,0893
447,50;0,0922
447,00;0,0949
446,50;0,0952
446,00;0,0938
445,50;0,0925
445,00;0,0933
444,50;0,0960
444,00;0,0991
443,50;0,1016
443,00;0,1034
442,50;0,1049
442,00;0,1061
441,50;0,1059
441,00;0,1034
440,50;0,0986
440,00;0,0929
439,50;0,0878
439,00;0,0845
438,50;0,0842
438,00;0,0876
437,50;0,0941
437,00;0,1008
436,50;0,1038
436,00;0,1013
435,50;0,0951
435,00;0,0890
434,50;0,0858
434,00;0,0856
433,50;0,0866
433,00;0,0874
432,50;0,0868
432,00;0,0852
431,50;0,0840
431,00;0,0848
430,50;0,0866
430,00;0,0865
429,50;0,0826
429,00;0,0764
428,50;0,0709
428,00;0,0680
427,50;0,0674
427,00;0,0687
426,50;0,0715
426,00;0,0751
425,50;0,0786
425,00;0,0815
424,50;0,0826
424,00;0,0804
423,50;0,0757
423,00;0,0721
422,50;0,0722
422,00;0,0738
421,50;0,0744
421,00;0,0753
420,50;0,0792
420,00;0,0837
419,50;0,0825
419,00;0,0734
418,50;0,0620
418,00;0,0534
417,50;0,0444
417,00;0,0304
416,50;0,0139
416,00;0,0032
415,50;0,0029
415,00;0,0101
414,50;0,0190
414,00;0,0252
413,50;0,0272
413,00;0,0244
412,50;0,0164
412,00;0,0065
411,50;0,0023
411,00;0,0080
410,50;0,0227
410,00;0,0450
409,50;0,0694
409,00;0,0810
408,50;0,0667
408,00;0,0303
407,50;-0,0089
407,00;-0,0289
406,50;-0,0232
406,00;-0,0076
405,50;0,0002
405,00;0,0016
404,50;0,0136
404,00;0,0442
403,50;0,0785
403,00;0,0920
402,50;0,0744
402,00;0,0508
401,50;0,0555
401,00;0,0888
400,50;0,1218
400,00;0,1336
