Erstellt als neuer Datensatz;Sample 168 By PC59-C710\Spektrum3 date Dienstag, Juni 02 2026
cm-1;A
4000,00;0,0566
3999,50;0,0565
3999,00;0,0561
3998,50;0,0556
3998,00;0,0551
3997,50;0,0547
3997,00;0,0544
3996,50;0,0543
3996,00;0,0544
3995,50;0,0547
3995,00;0,0552
3994,50;0,0557
3994,00;0,0561
3993,50;0,0563
3993,00;0,0562
3992,50;0,0559
3992,00;0,0557
3991,50;0,0556
3991,00;0,0558
3990,50;0,0560
3990,00;0,0561
3989,50;0,0560
3989,00;0,0557
3988,50;0,0552
3988,00;0,0549
3987,50;0,0547
3987,00;0,0548
3986,50;0,0551
3986,00;0,0554
3985,50;0,0557
3985,00;0,0558
3984,50;0,0559
3984,00;0,0559
3983,50;0,0559
3983,00;0,0558
3982,50;0,0557
3982,00;0,0557
3981,50;0,0556
3981,00;0,0556
3980,50;0,0557
3980,00;0,0559
3979,50;0,0561
3979,00;0,0562
3978,50;0,0561
3978,00;0,0559
3977,50;0,0557
3977,00;0,0557
3976,50;0,0558
3976,00;0,0559
3975,50;0,0560
3975,00;0,0561
3974,50;0,0560
3974,00;0,0558
3973,50;0,0556
3973,00;0,0552
3972,50;0,0549
3972,00;0,0547
3971,50;0,0548
3971,00;0,0552
3970,50;0,0557
3970,00;0,0561
3969,50;0,0563
3969,00;0,0563
3968,50;0,0561
3968,00;0,0559
3967,50;0,0555
3967,00;0,0551
3966,50;0,0550
3966,00;0,0551
3965,50;0,0556
3965,00;0,0561
3964,50;0,0564
3964,00;0,0565
3963,50;0,0564
3963,00;0,0561
3962,50;0,0557
3962,00;0,0553
3961,50;0,0550
3961,00;0,0549
3960,50;0,0550
3960,00;0,0553
3959,50;0,0557
3959,00;0,0560
3958,50;0,0562
3958,00;0,0562
3957,50;0,0559
3957,00;0,0555
3956,50;0,0552
3956,00;0,0551
3955,50;0,0552
3955,00;0,0556
3954,50;0,0560
3954,00;0,0564
3953,50;0,0565
3953,00;0,0564
3952,50;0,0561
3952,00;0,0558
3951,50;0,0555
3951,00;0,0553
3950,50;0,0552
3950,00;0,0553
3949,50;0,0556
3949,00;0,0560
3948,50;0,0562
3948,00;0,0560
3947,50;0,0555
3947,00;0,0549
3946,50;0,0546
3946,00;0,0547
3945,50;0,0550
3945,00;0,0556
3944,50;0,0561
3944,00;0,0566
3943,50;0,0570
3943,00;0,0570
3942,50;0,0566
3942,00;0,0561
3941,50;0,0556
3941,00;0,0553
3940,50;0,0552
3940,00;0,0554
3939,50;0,0557
3939,00;0,0560
3938,50;0,0562
3938,00;0,0563
3937,50;0,0564
3937,00;0,0563
3936,50;0,0561
3936,00;0,0557
3935,50;0,0553
3935,00;0,0553
3934,50;0,0556
3934,00;0,0561
3933,50;0,0567
3933,00;0,0569
3932,50;0,0566
3932,00;0,0559
3931,50;0,0552
3931,00;0,0549
3930,50;0,0548
3930,00;0,0551
3929,50;0,0556
3929,00;0,0561
3928,50;0,0564
3928,00;0,0565
3927,50;0,0563
3927,00;0,0560
3926,50;0,0556
3926,00;0,0553
3925,50;0,0551
3925,00;0,0551
3924,50;0,0554
3924,00;0,0559
3923,50;0,0565
3923,00;0,0569
3922,50;0,0570
3922,00;0,0568
3921,50;0,0563
3921,00;0,0556
3920,50;0,0550
3920,00;0,0545
3919,50;0,0546
3919,00;0,0551
3918,50;0,0558
3918,00;0,0563
3917,50;0,0564
3917,00;0,0563
3916,50;0,0562
3916,00;0,0559
3915,50;0,0556
3915,00;0,0552
3914,50;0,0551
3914,00;0,0554
3913,50;0,0557
3913,00;0,0561
3912,50;0,0563
3912,00;0,0563
3911,50;0,0561
3911,00;0,0556
3910,50;0,0551
3910,00;0,0546
3909,50;0,0544
3909,00;0,0547
3908,50;0,0552
3908,00;0,0557
3907,50;0,0561
3907,00;0,0564
3906,50;0,0564
3906,00;0,0563
3905,50;0,0563
3905,00;0,0563
3904,50;0,0563
3904,00;0,0564
3903,50;0,0567
3903,00;0,0572
3902,50;0,0575
3902,00;0,0575
3901,50;0,0574
3901,00;0,0573
3900,50;0,0570
3900,00;0,0562
3899,50;0,0553
3899,00;0,0548
3898,50;0,0551
3898,00;0,0558
3897,50;0,0562
3897,00;0,0562
3896,50;0,0560
3896,00;0,0557
3895,50;0,0553
3895,00;0,0550
3894,50;0,0549
3894,00;0,0549
3893,50;0,0552
3893,00;0,0557
3892,50;0,0563
3892,00;0,0568
3891,50;0,0570
3891,00;0,0570
3890,50;0,0570
3890,00;0,0567
3889,50;0,0561
3889,00;0,0555
3888,50;0,0552
3888,00;0,0554
3887,50;0,0559
3887,00;0,0565
3886,50;0,0568
3886,00;0,0566
3885,50;0,0562
3885,00;0,0559
3884,50;0,0559
3884,00;0,0557
3883,50;0,0554
3883,00;0,0553
3882,50;0,0555
3882,00;0,0560
3881,50;0,0566
3881,00;0,0569
3880,50;0,0569
3880,00;0,0566
3879,50;0,0564
3879,00;0,0561
3878,50;0,0558
3878,00;0,0557
3877,50;0,0559
3877,00;0,0564
3876,50;0,0570
3876,00;0,0574
3875,50;0,0576
3875,00;0,0575
3874,50;0,0570
3874,00;0,0563
3873,50;0,0559
3873,00;0,0559
3872,50;0,0562
3872,00;0,0565
3871,50;0,0569
3871,00;0,0573
3870,50;0,0575
3870,00;0,0576
3869,50;0,0575
3869,00;0,0572
3868,50;0,0568
3868,00;0,0563
3867,50;0,0559
3867,00;0,0559
3866,50;0,0563
3866,00;0,0569
3865,50;0,0572
3865,00;0,0572
3864,50;0,0570
3864,00;0,0567
3863,50;0,0565
3863,00;0,0563
3862,50;0,0562
3862,00;0,0561
3861,50;0,0561
3861,00;0,0562
3860,50;0,0562
3860,00;0,0560
3859,50;0,0557
3859,00;0,0554
3858,50;0,0554
3858,00;0,0556
3857,50;0,0558
3857,00;0,0561
3856,50;0,0565
3856,00;0,0571
3855,50;0,0576
3855,00;0,0580
3854,50;0,0581
3854,00;0,0581
3853,50;0,0585
3853,00;0,0590
3852,50;0,0589
3852,00;0,0583
3851,50;0,0580
3851,00;0,0580
3850,50;0,0578
3850,00;0,0571
3849,50;0,0563
3849,00;0,0557
3848,50;0,0557
3848,00;0,0558
3847,50;0,0557
3847,00;0,0554
3846,50;0,0550
3846,00;0,0547
3845,50;0,0549
3845,00;0,0556
3844,50;0,0563
3844,00;0,0567
3843,50;0,0565
3843,00;0,0561
3842,50;0,0558
3842,00;0,0557
3841,50;0,0558
3841,00;0,0559
3840,50;0,0560
3840,00;0,0561
3839,50;0,0564
3839,00;0,0566
3838,50;0,0566
3838,00;0,0565
3837,50;0,0564
3837,00;0,0566
3836,50;0,0570
3836,00;0,0573
3835,50;0,0573
3835,00;0,0572
3834,50;0,0573
3834,00;0,0577
3833,50;0,0580
3833,00;0,0580
3832,50;0,0577
3832,00;0,0571
3831,50;0,0567
3831,00;0,0565
3830,50;0,0565
3830,00;0,0566
3829,50;0,0567
3829,00;0,0567
3828,50;0,0567
3828,00;0,0567
3827,50;0,0566
3827,00;0,0565
3826,50;0,0563
3826,00;0,0563
3825,50;0,0563
3825,00;0,0565
3824,50;0,0566
3824,00;0,0567
3823,50;0,0568
3823,00;0,0569
3822,50;0,0571
3822,00;0,0572
3821,50;0,0574
3821,00;0,0577
3820,50;0,0580
3820,00;0,0580
3819,50;0,0577
3819,00;0,0573
3818,50;0,0569
3818,00;0,0567
3817,50;0,0566
3817,00;0,0565
3816,50;0,0564
3816,00;0,0567
3815,50;0,0572
3815,00;0,0579
3814,50;0,0580
3814,00;0,0576
3813,50;0,0569
3813,00;0,0564
3812,50;0,0560
3812,00;0,0557
3811,50;0,0555
3811,00;0,0553
3810,50;0,0553
3810,00;0,0556
3809,50;0,0560
3809,00;0,0566
3808,50;0,0572
3808,00;0,0577
3807,50;0,0578
3807,00;0,0576
3806,50;0,0574
3806,00;0,0572
3805,50;0,0570
3805,00;0,0568
3804,50;0,0567
3804,00;0,0567
3803,50;0,0569
3803,00;0,0570
3802,50;0,0571
3802,00;0,0571
3801,50;0,0570
3801,00;0,0569
3800,50;0,0569
3800,00;0,0570
3799,50;0,0570
3799,00;0,0571
3798,50;0,0573
3798,00;0,0576
3797,50;0,0576
3797,00;0,0574
3796,50;0,0569
3796,00;0,0565
3795,50;0,0563
3795,00;0,0562
3794,50;0,0561
3794,00;0,0562
3793,50;0,0564
3793,00;0,0566
3792,50;0,0565
3792,00;0,0562
3791,50;0,0558
3791,00;0,0554
3790,50;0,0550
3790,00;0,0548
3789,50;0,0547
3789,00;0,0549
3788,50;0,0554
3788,00;0,0560
3787,50;0,0566
3787,00;0,0569
3786,50;0,0570
3786,00;0,0569
3785,50;0,0567
3785,00;0,0564
3784,50;0,0563
3784,00;0,0562
3783,50;0,0562
3783,00;0,0560
3782,50;0,0558
3782,00;0,0555
3781,50;0,0554
3781,00;0,0554
3780,50;0,0554
3780,00;0,0556
3779,50;0,0559
3779,00;0,0563
3778,50;0,0568
3778,00;0,0571
3777,50;0,0571
3777,00;0,0568
3776,50;0,0564
3776,00;0,0559
3775,50;0,0554
3775,00;0,0550
3774,50;0,0549
3774,00;0,0550
3773,50;0,0554
3773,00;0,0558
3772,50;0,0561
3772,00;0,0563
3771,50;0,0565
3771,00;0,0565
3770,50;0,0564
3770,00;0,0561
3769,50;0,0560
3769,00;0,0561
3768,50;0,0562
3768,00;0,0563
3767,50;0,0564
3767,00;0,0566
3766,50;0,0568
3766,00;0,0566
3765,50;0,0563
3765,00;0,0560
3764,50;0,0559
3764,00;0,0560
3763,50;0,0560
3763,00;0,0560
3762,50;0,0561
3762,00;0,0562
3761,50;0,0563
3761,00;0,0563
3760,50;0,0562
3760,00;0,0560
3759,50;0,0559
3759,00;0,0559
3758,50;0,0562
3758,00;0,0566
3757,50;0,0569
3757,00;0,0570
3756,50;0,0570
3756,00;0,0568
3755,50;0,0566
3755,00;0,0564
3754,50;0,0563
3754,00;0,0564
3753,50;0,0567
3753,00;0,0571
3752,50;0,0575
3752,00;0,0578
3751,50;0,0583
3751,00;0,0590
3750,50;0,0592
3750,00;0,0589
3749,50;0,0584
3749,00;0,0581
3748,50;0,0581
3748,00;0,0580
3747,50;0,0575
3747,00;0,0570
3746,50;0,0568
3746,00;0,0570
3745,50;0,0575
3745,00;0,0577
3744,50;0,0576
3744,00;0,0576
3743,50;0,0578
3743,00;0,0577
3742,50;0,0573
3742,00;0,0569
3741,50;0,0565
3741,00;0,0563
3740,50;0,0563
3740,00;0,0563
3739,50;0,0564
3739,00;0,0564
3738,50;0,0564
3738,00;0,0567
3737,50;0,0570
3737,00;0,0573
3736,50;0,0576
3736,00;0,0578
3735,50;0,0579
3735,00;0,0576
3734,50;0,0573
3734,00;0,0572
3733,50;0,0575
3733,00;0,0577
3732,50;0,0578
3732,00;0,0578
3731,50;0,0580
3731,00;0,0582
3730,50;0,0581
3730,00;0,0577
3729,50;0,0573
3729,00;0,0570
3728,50;0,0568
3728,00;0,0564
3727,50;0,0561
3727,00;0,0561
3726,50;0,0565
3726,00;0,0571
3725,50;0,0575
3725,00;0,0576
3724,50;0,0574
3724,00;0,0573
3723,50;0,0572
3723,00;0,0570
3722,50;0,0567
3722,00;0,0565
3721,50;0,0564
3721,00;0,0565
3720,50;0,0568
3720,00;0,0570
3719,50;0,0571
3719,00;0,0571
3718,50;0,0571
3718,00;0,0569
3717,50;0,0566
3717,00;0,0563
3716,50;0,0561
3716,00;0,0562
3715,50;0,0565
3715,00;0,0567
3714,50;0,0569
3714,00;0,0570
3713,50;0,0573
3713,00;0,0575
3712,50;0,0576
3712,00;0,0576
3711,50;0,0579
3711,00;0,0583
3710,50;0,0585
3710,00;0,0584
3709,50;0,0583
3709,00;0,0583
3708,50;0,0583
3708,00;0,0580
3707,50;0,0573
3707,00;0,0566
3706,50;0,0563
3706,00;0,0563
3705,50;0,0566
3705,00;0,0567
3704,50;0,0568
3704,00;0,0570
3703,50;0,0572
3703,00;0,0576
3702,50;0,0579
3702,00;0,0581
3701,50;0,0581
3701,00;0,0581
3700,50;0,0580
3700,00;0,0579
3699,50;0,0579
3699,00;0,0580
3698,50;0,0580
3698,00;0,0578
3697,50;0,0574
3697,00;0,0570
3696,50;0,0569
3696,00;0,0573
3695,50;0,0580
3695,00;0,0589
3694,50;0,0597
3694,00;0,0602
3693,50;0,0604
3693,00;0,0603
3692,50;0,0602
3692,00;0,0601
3691,50;0,0602
3691,00;0,0604
3690,50;0,0607
3690,00;0,0612
3689,50;0,0615
3689,00;0,0613
3688,50;0,0610
3688,00;0,0608
3687,50;0,0607
3687,00;0,0605
3686,50;0,0598
3686,00;0,0591
3685,50;0,0588
3685,00;0,0588
3684,50;0,0589
3684,00;0,0590
3683,50;0,0590
3683,00;0,0588
3682,50;0,0584
3682,00;0,0577
3681,50;0,0570
3681,00;0,0566
3680,50;0,0566
3680,00;0,0570
3679,50;0,0575
3679,00;0,0580
3678,50;0,0584
3678,00;0,0587
3677,50;0,0587
3677,00;0,0587
3676,50;0,0586
3676,00;0,0586
3675,50;0,0586
3675,00;0,0588
3674,50;0,0591
3674,00;0,0594
3673,50;0,0593
3673,00;0,0589
3672,50;0,0584
3672,00;0,0579
3671,50;0,0576
3671,00;0,0573
3670,50;0,0574
3670,00;0,0578
3669,50;0,0584
3669,00;0,0588
3668,50;0,0591
3668,00;0,0593
3667,50;0,0592
3667,00;0,0587
3666,50;0,0581
3666,00;0,0575
3665,50;0,0573
3665,00;0,0574
3664,50;0,0575
3664,00;0,0578
3663,50;0,0581
3663,00;0,0584
3662,50;0,0585
3662,00;0,0583
3661,50;0,0581
3661,00;0,0577
3660,50;0,0575
3660,00;0,0573
3659,50;0,0574
3659,00;0,0576
3658,50;0,0580
3658,00;0,0585
3657,50;0,0588
3657,00;0,0588
3656,50;0,0588
3656,00;0,0587
3655,50;0,0588
3655,00;0,0590
3654,50;0,0589
3654,00;0,0587
3653,50;0,0586
3653,00;0,0588
3652,50;0,0592
3652,00;0,0596
3651,50;0,0598
3651,00;0,0599
3650,50;0,0600
3650,00;0,0601
3649,50;0,0600
3649,00;0,0600
3648,50;0,0603
3648,00;0,0607
3647,50;0,0607
3647,00;0,0604
3646,50;0,0600
3646,00;0,0596
3645,50;0,0594
3645,00;0,0592
3644,50;0,0590
3644,00;0,0591
3643,50;0,0592
3643,00;0,0592
3642,50;0,0592
3642,00;0,0592
3641,50;0,0592
3641,00;0,0591
3640,50;0,0589
3640,00;0,0587
3639,50;0,0584
3639,00;0,0583
3638,50;0,0586
3638,00;0,0591
3637,50;0,0596
3637,00;0,0601
3636,50;0,0603
3636,00;0,0603
3635,50;0,0602
3635,00;0,0601
3634,50;0,0599
3634,00;0,0598
3633,50;0,0597
3633,00;0,0599
3632,50;0,0603
3632,00;0,0608
3631,50;0,0612
3631,00;0,0615
3630,50;0,0616
3630,00;0,0616
3629,50;0,0615
3629,00;0,0614
3628,50;0,0615
3628,00;0,0615
3627,50;0,0615
3627,00;0,0614
3626,50;0,0613
3626,00;0,0613
3625,50;0,0612
3625,00;0,0610
3624,50;0,0608
3624,00;0,0606
3623,50;0,0607
3623,00;0,0609
3622,50;0,0612
3622,00;0,0614
3621,50;0,0616
3621,00;0,0617
3620,50;0,0618
3620,00;0,0619
3619,50;0,0621
3619,00;0,0624
3618,50;0,0626
3618,00;0,0625
3617,50;0,0622
3617,00;0,0621
3616,50;0,0623
3616,00;0,0624
3615,50;0,0624
3615,00;0,0622
3614,50;0,0621
3614,00;0,0621
3613,50;0,0621
3613,00;0,0621
3612,50;0,0622
3612,00;0,0625
3611,50;0,0628
3611,00;0,0632
3610,50;0,0633
3610,00;0,0632
3609,50;0,0630
3609,00;0,0627
3608,50;0,0626
3608,00;0,0627
3607,50;0,0628
3607,00;0,0631
3606,50;0,0633
3606,00;0,0636
3605,50;0,0639
3605,00;0,0640
3604,50;0,0641
3604,00;0,0640
3603,50;0,0640
3603,00;0,0639
3602,50;0,0640
3602,00;0,0642
3601,50;0,0645
3601,00;0,0647
3600,50;0,0648
3600,00;0,0649
3599,50;0,0647
3599,00;0,0644
3598,50;0,0640
3598,00;0,0636
3597,50;0,0635
3597,00;0,0637
3596,50;0,0641
3596,00;0,0646
3595,50;0,0649
3595,00;0,0651
3594,50;0,0651
3594,00;0,0651
3593,50;0,0651
3593,00;0,0651
3592,50;0,0651
3592,00;0,0651
3591,50;0,0652
3591,00;0,0653
3590,50;0,0655
3590,00;0,0660
3589,50;0,0664
3589,00;0,0665
3588,50;0,0665
3588,00;0,0665
3587,50;0,0666
3587,00;0,0665
3586,50;0,0664
3586,00;0,0664
3585,50;0,0667
3585,00;0,0669
3584,50;0,0670
3584,00;0,0669
3583,50;0,0667
3583,00;0,0666
3582,50;0,0667
3582,00;0,0669
3581,50;0,0671
3581,00;0,0672
3580,50;0,0670
3580,00;0,0668
3579,50;0,0668
3579,00;0,0672
3578,50;0,0677
3578,00;0,0680
3577,50;0,0680
3577,00;0,0681
3576,50;0,0683
3576,00;0,0686
3575,50;0,0689
3575,00;0,0692
3574,50;0,0695
3574,00;0,0699
3573,50;0,0700
3573,00;0,0700
3572,50;0,0698
3572,00;0,0697
3571,50;0,0698
3571,00;0,0699
3570,50;0,0702
3570,00;0,0705
3569,50;0,0709
3569,00;0,0711
3568,50;0,0712
3568,00;0,0712
3567,50;0,0713
3567,00;0,0715
3566,50;0,0715
3566,00;0,0716
3565,50;0,0718
3565,00;0,0722
3564,50;0,0725
3564,00;0,0727
3563,50;0,0728
3563,00;0,0727
3562,50;0,0726
3562,00;0,0724
3561,50;0,0722
3561,00;0,0722
3560,50;0,0725
3560,00;0,0730
3559,50;0,0735
3559,00;0,0739
3558,50;0,0741
3558,00;0,0742
3557,50;0,0741
3557,00;0,0742
3556,50;0,0742
3556,00;0,0742
3555,50;0,0743
3555,00;0,0744
3554,50;0,0746
3554,00;0,0748
3553,50;0,0750
3553,00;0,0751
3552,50;0,0751
3552,00;0,0751
3551,50;0,0753
3551,00;0,0754
3550,50;0,0755
3550,00;0,0756
3549,50;0,0757
3549,00;0,0760
3548,50;0,0764
3548,00;0,0767
3547,50;0,0768
3547,00;0,0769
3546,50;0,0769
3546,00;0,0769
3545,50;0,0769
3545,00;0,0769
3544,50;0,0771
3544,00;0,0774
3543,50;0,0778
3543,00;0,0779
3542,50;0,0780
3542,00;0,0780
3541,50;0,0780
3541,00;0,0781
3540,50;0,0781
3540,00;0,0782
3539,50;0,0783
3539,00;0,0785
3538,50;0,0786
3538,00;0,0787
3537,50;0,0788
3537,00;0,0789
3536,50;0,0790
3536,00;0,0792
3535,50;0,0795
3535,00;0,0799
3534,50;0,0803
3534,00;0,0806
3533,50;0,0809
3533,00;0,0812
3532,50;0,0815
3532,00;0,0815
3531,50;0,0815
3531,00;0,0813
3530,50;0,0813
3530,00;0,0814
3529,50;0,0816
3529,00;0,0818
3528,50;0,0821
3528,00;0,0824
3527,50;0,0827
3527,00;0,0830
3526,50;0,0832
3526,00;0,0832
3525,50;0,0832
3525,00;0,0833
3524,50;0,0835
3524,00;0,0839
3523,50;0,0842
3523,00;0,0843
3522,50;0,0845
3522,00;0,0846
3521,50;0,0849
3521,00;0,0852
3520,50;0,0854
3520,00;0,0855
3519,50;0,0856
3519,00;0,0858
3518,50;0,0859
3518,00;0,0862
3517,50;0,0865
3517,00;0,0868
3516,50;0,0870
3516,00;0,0872
3515,50;0,0874
3515,00;0,0876
3514,50;0,0879
3514,00;0,0882
3513,50;0,0884
3513,00;0,0886
3512,50;0,0888
3512,00;0,0891
3511,50;0,0893
3511,00;0,0895
3510,50;0,0896
3510,00;0,0899
3509,50;0,0902
3509,00;0,0904
3508,50;0,0906
3508,00;0,0907
3507,50;0,0907
3507,00;0,0908
3506,50;0,0911
3506,00;0,0915
3505,50;0,0920
3505,00;0,0924
3504,50;0,0927
3504,00;0,0929
3503,50;0,0932
3503,00;0,0934
3502,50;0,0936
3502,00;0,0939
3501,50;0,0941
3501,00;0,0942
3500,50;0,0944
3500,00;0,0945
3499,50;0,0947
3499,00;0,0949
3498,50;0,0952
3498,00;0,0955
3497,50;0,0959
3497,00;0,0963
3496,50;0,0967
3496,00;0,0971
3495,50;0,0974
3495,00;0,0977
3494,50;0,0979
3494,00;0,0982
3493,50;0,0984
3493,00;0,0986
3492,50;0,0988
3492,00;0,0990
3491,50;0,0994
3491,00;0,0998
3490,50;0,1002
3490,00;0,1005
3489,50;0,1008
3489,00;0,1011
3488,50;0,1014
3488,00;0,1018
3487,50;0,1022
3487,00;0,1025
3486,50;0,1029
3486,00;0,1032
3485,50;0,1034
3485,00;0,1036
3484,50;0,1038
3484,00;0,1039
3483,50;0,1041
3483,00;0,1044
3482,50;0,1049
3482,00;0,1053
3481,50;0,1057
3481,00;0,1061
3480,50;0,1065
3480,00;0,1071
3479,50;0,1076
3479,00;0,1081
3478,50;0,1083
3478,00;0,1084
3477,50;0,1086
3477,00;0,1089
3476,50;0,1092
3476,00;0,1094
3475,50;0,1096
3475,00;0,1099
3474,50;0,1104
3474,00;0,1109
3473,50;0,1113
3473,00;0,1117
3472,50;0,1120
3472,00;0,1124
3471,50;0,1129
3471,00;0,1133
3470,50;0,1136
3470,00;0,1139
3469,50;0,1142
3469,00;0,1146
3468,50;0,1151
3468,00;0,1156
3467,50;0,1162
3467,00;0,1168
3466,50;0,1173
3466,00;0,1177
3465,50;0,1181
3465,00;0,1185
3464,50;0,1189
3464,00;0,1194
3463,50;0,1199
3463,00;0,1202
3462,50;0,1206
3462,00;0,1209
3461,50;0,1214
3461,00;0,1220
3460,50;0,1224
3460,00;0,1228
3459,50;0,1231
3459,00;0,1235
3458,50;0,1242
3458,00;0,1250
3457,50;0,1257
3457,00;0,1262
3456,50;0,1265
3456,00;0,1268
3455,50;0,1273
3455,00;0,1280
3454,50;0,1287
3454,00;0,1292
3453,50;0,1296
3453,00;0,1300
3452,50;0,1304
3452,00;0,1310
3451,50;0,1315
3451,00;0,1321
3450,50;0,1326
3450,00;0,1332
3449,50;0,1338
3449,00;0,1344
3448,50;0,1351
3448,00;0,1357
3447,50;0,1364
3447,00;0,1369
3446,50;0,1375
3446,00;0,1380
3445,50;0,1385
3445,00;0,1390
3444,50;0,1395
3444,00;0,1400
3443,50;0,1405
3443,00;0,1411
3442,50;0,1418
3442,00;0,1425
3441,50;0,1432
3441,00;0,1438
3440,50;0,1443
3440,00;0,1449
3439,50;0,1457
3439,00;0,1467
3438,50;0,1475
3438,00;0,1480
3437,50;0,1484
3437,00;0,1489
3436,50;0,1494
3436,00;0,1501
3435,50;0,1509
3435,00;0,1517
3434,50;0,1525
3434,00;0,1533
3433,50;0,1540
3433,00;0,1547
3432,50;0,1554
3432,00;0,1561
3431,50;0,1567
3431,00;0,1573
3430,50;0,1580
3430,00;0,1586
3429,50;0,1593
3429,00;0,1600
3428,50;0,1607
3428,00;0,1614
3427,50;0,1620
3427,00;0,1627
3426,50;0,1633
3426,00;0,1640
3425,50;0,1647
3425,00;0,1654
3424,50;0,1662
3424,00;0,1669
3423,50;0,1677
3423,00;0,1685
3422,50;0,1693
3422,00;0,1700
3421,50;0,1707
3421,00;0,1715
3420,50;0,1722
3420,00;0,1728
3419,50;0,1734
3419,00;0,1740
3418,50;0,1748
3418,00;0,1757
3417,50;0,1767
3417,00;0,1775
3416,50;0,1781
3416,00;0,1786
3415,50;0,1792
3415,00;0,1799
3414,50;0,1806
3414,00;0,1812
3413,50;0,1819
3413,00;0,1825
3412,50;0,1831
3412,00;0,1836
3411,50;0,1843
3411,00;0,1850
3410,50;0,1858
3410,00;0,1866
3409,50;0,1873
3409,00;0,1880
3408,50;0,1887
3408,00;0,1894
3407,50;0,1903
3407,00;0,1910
3406,50;0,1917
3406,00;0,1922
3405,50;0,1927
3405,00;0,1931
3404,50;0,1936
3404,00;0,1942
3403,50;0,1950
3403,00;0,1958
3402,50;0,1966
3402,00;0,1973
3401,50;0,1979
3401,00;0,1985
3400,50;0,1991
3400,00;0,1998
3399,50;0,2005
3399,00;0,2012
3398,50;0,2017
3398,00;0,2023
3397,50;0,2029
3397,00;0,2036
3396,50;0,2044
3396,00;0,2051
3395,50;0,2058
3395,00;0,2064
3394,50;0,2071
3394,00;0,2077
3393,50;0,2086
3393,00;0,2095
3392,50;0,2105
3392,00;0,2113
3391,50;0,2118
3391,00;0,2121
3390,50;0,2123
3390,00;0,2128
3389,50;0,2134
3389,00;0,2140
3388,50;0,2147
3388,00;0,2154
3387,50;0,2162
3387,00;0,2170
3386,50;0,2177
3386,00;0,2184
3385,50;0,2189
3385,00;0,2193
3384,50;0,2197
3384,00;0,2201
3383,50;0,2206
3383,00;0,2210
3382,50;0,2213
3382,00;0,2215
3381,50;0,2218
3381,00;0,2224
3380,50;0,2231
3380,00;0,2239
3379,50;0,2246
3379,00;0,2250
3378,50;0,2254
3378,00;0,2258
3377,50;0,2264
3377,00;0,2272
3376,50;0,2280
3376,00;0,2288
3375,50;0,2296
3375,00;0,2302
3374,50;0,2306
3374,00;0,2310
3373,50;0,2313
3373,00;0,2318
3372,50;0,2323
3372,00;0,2330
3371,50;0,2337
3371,00;0,2344
3370,50;0,2349
3370,00;0,2352
3369,50;0,2354
3369,00;0,2356
3368,50;0,2358
3368,00;0,2362
3367,50;0,2366
3367,00;0,2371
3366,50;0,2375
3366,00;0,2381
3365,50;0,2386
3365,00;0,2391
3364,50;0,2395
3364,00;0,2398
3363,50;0,2401
3363,00;0,2406
3362,50;0,2411
3362,00;0,2415
3361,50;0,2419
3361,00;0,2421
3360,50;0,2423
3360,00;0,2425
3359,50;0,2430
3359,00;0,2436
3358,50;0,2441
3358,00;0,2444
3357,50;0,2446
3357,00;0,2449
3356,50;0,2453
3356,00;0,2459
3355,50;0,2465
3355,00;0,2471
3354,50;0,2476
3354,00;0,2479
3353,50;0,2482
3353,00;0,2486
3352,50;0,2490
3352,00;0,2494
3351,50;0,2496
3351,00;0,2498
3350,50;0,2499
3350,00;0,2502
3349,50;0,2505
3349,00;0,2509
3348,50;0,2513
3348,00;0,2517
3347,50;0,2522
3347,00;0,2527
3346,50;0,2532
3346,00;0,2538
3345,50;0,2543
3345,00;0,2548
3344,50;0,2553
3344,00;0,2556
3343,50;0,2558
3343,00;0,2560
3342,50;0,2562
3342,00;0,2565
3341,50;0,2569
3341,00;0,2574
3340,50;0,2579
3340,00;0,2584
3339,50;0,2588
3339,00;0,2591
3338,50;0,2595
3338,00;0,2598
3337,50;0,2600
3337,00;0,2600
3336,50;0,2602
3336,00;0,2606
3335,50;0,2611
3335,00;0,2618
3334,50;0,2626
3334,00;0,2632
3333,50;0,2637
3333,00;0,2640
3332,50;0,2643
3332,00;0,2647
3331,50;0,2651
3331,00;0,2655
3330,50;0,2659
3330,00;0,2663
3329,50;0,2668
3329,00;0,2674
3328,50;0,2679
3328,00;0,2683
3327,50;0,2688
3327,00;0,2693
3326,50;0,2699
3326,00;0,2705
3325,50;0,2711
3325,00;0,2716
3324,50;0,2719
3324,00;0,2720
3323,50;0,2722
3323,00;0,2726
3322,50;0,2732
3322,00;0,2738
3321,50;0,2744
3321,00;0,2748
3320,50;0,2753
3320,00;0,2757
3319,50;0,2762
3319,00;0,2768
3318,50;0,2773
3318,00;0,2779
3317,50;0,2783
3317,00;0,2787
3316,50;0,2791
3316,00;0,2796
3315,50;0,2804
3315,00;0,2812
3314,50;0,2820
3314,00;0,2826
3313,50;0,2832
3313,00;0,2838
3312,50;0,2842
3312,00;0,2847
3311,50;0,2851
3311,00;0,2856
3310,50;0,2862
3310,00;0,2868
3309,50;0,2874
3309,00;0,2880
3308,50;0,2886
3308,00;0,2892
3307,50;0,2899
3307,00;0,2906
3306,50;0,2914
3306,00;0,2921
3305,50;0,2926
3305,00;0,2932
3304,50;0,2939
3304,00;0,2947
3303,50;0,2957
3303,00;0,2966
3302,50;0,2974
3302,00;0,2982
3301,50;0,2990
3301,00;0,2998
3300,50;0,3006
3300,00;0,3014
3299,50;0,3021
3299,00;0,3028
3298,50;0,3038
3298,00;0,3048
3297,50;0,3060
3297,00;0,3070
3296,50;0,3079
3296,00;0,3087
3295,50;0,3097
3295,00;0,3107
3294,50;0,3116
3294,00;0,3124
3293,50;0,3131
3293,00;0,3138
3292,50;0,3145
3292,00;0,3152
3291,50;0,3160
3291,00;0,3166
3290,50;0,3171
3290,00;0,3175
3289,50;0,3181
3289,00;0,3188
3288,50;0,3197
3288,00;0,3205
3287,50;0,3213
3287,00;0,3222
3286,50;0,3230
3286,00;0,3237
3285,50;0,3243
3285,00;0,3250
3284,50;0,3258
3284,00;0,3268
3283,50;0,3277
3283,00;0,3284
3282,50;0,3291
3282,00;0,3298
3281,50;0,3307
3281,00;0,3317
3280,50;0,3327
3280,00;0,3336
3279,50;0,3346
3279,00;0,3357
3278,50;0,3369
3278,00;0,3380
3277,50;0,3390
3277,00;0,3401
3276,50;0,3411
3276,00;0,3420
3275,50;0,3428
3275,00;0,3435
3274,50;0,3440
3274,00;0,3446
3273,50;0,3453
3273,00;0,3463
3272,50;0,3476
3272,00;0,3489
3271,50;0,3502
3271,00;0,3514
3270,50;0,3525
3270,00;0,3535
3269,50;0,3545
3269,00;0,3556
3268,50;0,3567
3268,00;0,3578
3267,50;0,3588
3267,00;0,3599
3266,50;0,3611
3266,00;0,3624
3265,50;0,3636
3265,00;0,3647
3264,50;0,3656
3264,00;0,3666
3263,50;0,3677
3263,00;0,3690
3262,50;0,3704
3262,00;0,3718
3261,50;0,3732
3261,00;0,3746
3260,50;0,3758
3260,00;0,3769
3259,50;0,3780
3259,00;0,3789
3258,50;0,3798
3258,00;0,3806
3257,50;0,3815
3257,00;0,3825
3256,50;0,3836
3256,00;0,3850
3255,50;0,3867
3255,00;0,3882
3254,50;0,3896
3254,00;0,3908
3253,50;0,3920
3253,00;0,3932
3252,50;0,3943
3252,00;0,3955
3251,50;0,3968
3251,00;0,3981
3250,50;0,3993
3250,00;0,4004
3249,50;0,4015
3249,00;0,4026
3248,50;0,4039
3248,00;0,4052
3247,50;0,4066
3247,00;0,4077
3246,50;0,4086
3246,00;0,4096
3245,50;0,4107
3245,00;0,4117
3244,50;0,4126
3244,00;0,4133
3243,50;0,4139
3243,00;0,4148
3242,50;0,4157
3242,00;0,4167
3241,50;0,4175
3241,00;0,4183
3240,50;0,4191
3240,00;0,4198
3239,50;0,4204
3239,00;0,4209
3238,50;0,4214
3238,00;0,4218
3237,50;0,4225
3237,00;0,4231
3236,50;0,4237
3236,00;0,4242
3235,50;0,4247
3235,00;0,4250
3234,50;0,4251
3234,00;0,4248
3233,50;0,4242
3233,00;0,4237
3232,50;0,4234
3232,00;0,4233
3231,50;0,4233
3231,00;0,4234
3230,50;0,4234
3230,00;0,4234
3229,50;0,4230
3229,00;0,4225
3228,50;0,4217
3228,00;0,4210
3227,50;0,4203
3227,00;0,4198
3226,50;0,4195
3226,00;0,4192
3225,50;0,4189
3225,00;0,4182
3224,50;0,4171
3224,00;0,4158
3223,50;0,4146
3223,00;0,4138
3222,50;0,4132
3222,00;0,4125
3221,50;0,4116
3221,00;0,4106
3220,50;0,4095
3220,00;0,4085
3219,50;0,4074
3219,00;0,4065
3218,50;0,4058
3218,00;0,4051
3217,50;0,4042
3217,00;0,4031
3216,50;0,4017
3216,00;0,4003
3215,50;0,3992
3215,00;0,3981
3214,50;0,3972
3214,00;0,3965
3213,50;0,3957
3213,00;0,3949
3212,50;0,3938
3212,00;0,3924
3211,50;0,3910
3211,00;0,3897
3210,50;0,3886
3210,00;0,3874
3209,50;0,3862
3209,00;0,3851
3208,50;0,3841
3208,00;0,3832
3207,50;0,3824
3207,00;0,3816
3206,50;0,3806
3206,00;0,3796
3205,50;0,3787
3205,00;0,3780
3204,50;0,3775
3204,00;0,3769
3203,50;0,3762
3203,00;0,3753
3202,50;0,3741
3202,00;0,3728
3201,50;0,3715
3201,00;0,3704
3200,50;0,3696
3200,00;0,3691
3199,50;0,3687
3199,00;0,3682
3198,50;0,3675
3198,00;0,3667
3197,50;0,3657
3197,00;0,3645
3196,50;0,3634
3196,00;0,3623
3195,50;0,3614
3195,00;0,3607
3194,50;0,3601
3194,00;0,3596
3193,50;0,3589
3193,00;0,3580
3192,50;0,3570
3192,00;0,3561
3191,50;0,3552
3191,00;0,3545
3190,50;0,3539
3190,00;0,3534
3189,50;0,3527
3189,00;0,3518
3188,50;0,3507
3188,00;0,3497
3187,50;0,3490
3187,00;0,3484
3186,50;0,3479
3186,00;0,3472
3185,50;0,3465
3185,00;0,3459
3184,50;0,3454
3184,00;0,3449
3183,50;0,3444
3183,00;0,3438
3182,50;0,3433
3182,00;0,3428
3181,50;0,3421
3181,00;0,3414
3180,50;0,3408
3180,00;0,3402
3179,50;0,3397
3179,00;0,3394
3178,50;0,3390
3178,00;0,3384
3177,50;0,3377
3177,00;0,3367
3176,50;0,3358
3176,00;0,3350
3175,50;0,3345
3175,00;0,3342
3174,50;0,3340
3174,00;0,3338
3173,50;0,3335
3173,00;0,3331
3172,50;0,3325
3172,00;0,3319
3171,50;0,3314
3171,00;0,3311
3170,50;0,3308
3170,00;0,3303
3169,50;0,3297
3169,00;0,3289
3168,50;0,3281
3168,00;0,3273
3167,50;0,3267
3167,00;0,3262
3166,50;0,3259
3166,00;0,3254
3165,50;0,3247
3165,00;0,3240
3164,50;0,3234
3164,00;0,3230
3163,50;0,3227
3163,00;0,3225
3162,50;0,3222
3162,00;0,3219
3161,50;0,3215
3161,00;0,3211
3160,50;0,3206
3160,00;0,3201
3159,50;0,3196
3159,00;0,3191
3158,50;0,3186
3158,00;0,3182
3157,50;0,3178
3157,00;0,3172
3156,50;0,3166
3156,00;0,3159
3155,50;0,3153
3155,00;0,3147
3154,50;0,3141
3154,00;0,3134
3153,50;0,3127
3153,00;0,3122
3152,50;0,3118
3152,00;0,3115
3151,50;0,3111
3151,00;0,3106
3150,50;0,3098
3150,00;0,3091
3149,50;0,3085
3149,00;0,3080
3148,50;0,3076
3148,00;0,3072
3147,50;0,3066
3147,00;0,3059
3146,50;0,3050
3146,00;0,3042
3145,50;0,3035
3145,00;0,3030
3144,50;0,3026
3144,00;0,3021
3143,50;0,3013
3143,00;0,3004
3142,50;0,2995
3142,00;0,2987
3141,50;0,2980
3141,00;0,2972
3140,50;0,2964
3140,00;0,2956
3139,50;0,2948
3139,00;0,2941
3138,50;0,2934
3138,00;0,2927
3137,50;0,2919
3137,00;0,2912
3136,50;0,2905
3136,00;0,2898
3135,50;0,2890
3135,00;0,2881
3134,50;0,2872
3134,00;0,2863
3133,50;0,2853
3133,00;0,2843
3132,50;0,2832
3132,00;0,2822
3131,50;0,2813
3131,00;0,2804
3130,50;0,2795
3130,00;0,2785
3129,50;0,2776
3129,00;0,2765
3128,50;0,2754
3128,00;0,2742
3127,50;0,2730
3127,00;0,2719
3126,50;0,2708
3126,00;0,2699
3125,50;0,2689
3125,00;0,2680
3124,50;0,2671
3124,00;0,2662
3123,50;0,2651
3123,00;0,2640
3122,50;0,2629
3122,00;0,2618
3121,50;0,2608
3121,00;0,2598
3120,50;0,2587
3120,00;0,2573
3119,50;0,2559
3119,00;0,2546
3118,50;0,2534
3118,00;0,2522
3117,50;0,2510
3117,00;0,2498
3116,50;0,2486
3116,00;0,2476
3115,50;0,2466
3115,00;0,2456
3114,50;0,2444
3114,00;0,2430
3113,50;0,2417
3113,00;0,2405
3112,50;0,2395
3112,00;0,2385
3111,50;0,2373
3111,00;0,2360
3110,50;0,2346
3110,00;0,2332
3109,50;0,2318
3109,00;0,2305
3108,50;0,2292
3108,00;0,2280
3107,50;0,2267
3107,00;0,2254
3106,50;0,2243
3106,00;0,2232
3105,50;0,2222
3105,00;0,2212
3104,50;0,2201
3104,00;0,2189
3103,50;0,2175
3103,00;0,2162
3102,50;0,2150
3102,00;0,2138
3101,50;0,2126
3101,00;0,2115
3100,50;0,2103
3100,00;0,2093
3099,50;0,2083
3099,00;0,2073
3098,50;0,2061
3098,00;0,2048
3097,50;0,2035
3097,00;0,2024
3096,50;0,2014
3096,00;0,2004
3095,50;0,1994
3095,00;0,1983
3094,50;0,1972
3094,00;0,1962
3093,50;0,1951
3093,00;0,1940
3092,50;0,1929
3092,00;0,1919
3091,50;0,1909
3091,00;0,1899
3090,50;0,1890
3090,00;0,1880
3089,50;0,1870
3089,00;0,1859
3088,50;0,1849
3088,00;0,1838
3087,50;0,1827
3087,00;0,1816
3086,50;0,1806
3086,00;0,1797
3085,50;0,1787
3085,00;0,1777
3084,50;0,1766
3084,00;0,1756
3083,50;0,1747
3083,00;0,1738
3082,50;0,1730
3082,00;0,1722
3081,50;0,1714
3081,00;0,1705
3080,50;0,1698
3080,00;0,1690
3079,50;0,1683
3079,00;0,1675
3078,50;0,1666
3078,00;0,1656
3077,50;0,1646
3077,00;0,1637
3076,50;0,1629
3076,00;0,1620
3075,50;0,1612
3075,00;0,1604
3074,50;0,1598
3074,00;0,1592
3073,50;0,1586
3073,00;0,1579
3072,50;0,1571
3072,00;0,1562
3071,50;0,1553
3071,00;0,1545
3070,50;0,1537
3070,00;0,1531
3069,50;0,1525
3069,00;0,1520
3068,50;0,1515
3068,00;0,1507
3067,50;0,1496
3067,00;0,1485
3066,50;0,1476
3066,00;0,1471
3065,50;0,1469
3065,00;0,1467
3064,50;0,1462
3064,00;0,1456
3063,50;0,1449
3063,00;0,1443
3062,50;0,1438
3062,00;0,1433
3061,50;0,1427
3061,00;0,1421
3060,50;0,1415
3060,00;0,1408
3059,50;0,1401
3059,00;0,1393
3058,50;0,1385
3058,00;0,1378
3057,50;0,1373
3057,00;0,1369
3056,50;0,1366
3056,00;0,1363
3055,50;0,1359
3055,00;0,1354
3054,50;0,1347
3054,00;0,1341
3053,50;0,1334
3053,00;0,1328
3052,50;0,1323
3052,00;0,1318
3051,50;0,1314
3051,00;0,1309
3050,50;0,1304
3050,00;0,1298
3049,50;0,1294
3049,00;0,1291
3048,50;0,1288
3048,00;0,1283
3047,50;0,1277
3047,00;0,1271
3046,50;0,1266
3046,00;0,1261
3045,50;0,1256
3045,00;0,1251
3044,50;0,1246
3044,00;0,1241
3043,50;0,1237
3043,00;0,1233
3042,50;0,1228
3042,00;0,1224
3041,50;0,1221
3041,00;0,1219
3040,50;0,1218
3040,00;0,1215
3039,50;0,1210
3039,00;0,1205
3038,50;0,1199
3038,00;0,1194
3037,50;0,1190
3037,00;0,1187
3036,50;0,1184
3036,00;0,1180
3035,50;0,1176
3035,00;0,1173
3034,50;0,1170
3034,00;0,1167
3033,50;0,1163
3033,00;0,1160
3032,50;0,1157
3032,00;0,1154
3031,50;0,1150
3031,00;0,1145
3030,50;0,1140
3030,00;0,1135
3029,50;0,1131
3029,00;0,1127
3028,50;0,1123
3028,00;0,1120
3027,50;0,1117
3027,00;0,1115
3026,50;0,1113
3026,00;0,1111
3025,50;0,1110
3025,00;0,1108
3024,50;0,1105
3024,00;0,1101
3023,50;0,1098
3023,00;0,1096
3022,50;0,1094
3022,00;0,1091
3021,50;0,1087
3021,00;0,1083
3020,50;0,1080
3020,00;0,1078
3019,50;0,1076
3019,00;0,1072
3018,50;0,1068
3018,00;0,1065
3017,50;0,1062
3017,00;0,1061
3016,50;0,1059
3016,00;0,1056
3015,50;0,1052
3015,00;0,1048
3014,50;0,1044
3014,00;0,1041
3013,50;0,1038
3013,00;0,1034
3012,50;0,1032
3012,00;0,1031
3011,50;0,1031
3011,00;0,1031
3010,50;0,1030
3010,00;0,1027
3009,50;0,1025
3009,00;0,1022
3008,50;0,1018
3008,00;0,1015
3007,50;0,1012
3007,00;0,1009
3006,50;0,1007
3006,00;0,1005
3005,50;0,1003
3005,00;0,1001
3004,50;0,0999
3004,00;0,0997
3003,50;0,0994
3003,00;0,0992
3002,50;0,0991
3002,00;0,0990
3001,50;0,0990
3001,00;0,0989
3000,50;0,0986
3000,00;0,0984
2999,50;0,0982
2999,00;0,0982
2998,50;0,0981
2998,00;0,0978
2997,50;0,0974
2997,00;0,0971
2996,50;0,0969
2996,00;0,0968
2995,50;0,0966
2995,00;0,0964
2994,50;0,0961
2994,00;0,0959
2993,50;0,0958
2993,00;0,0956
2992,50;0,0954
2992,00;0,0952
2991,50;0,0949
2991,00;0,0947
2990,50;0,0945
2990,00;0,0943
2989,50;0,0942
2989,00;0,0941
2988,50;0,0940
2988,00;0,0939
2987,50;0,0937
2987,00;0,0935
2986,50;0,0934
2986,00;0,0934
2985,50;0,0933
2985,00;0,0930
2984,50;0,0928
2984,00;0,0924
2983,50;0,0921
2983,00;0,0919
2982,50;0,0919
2982,00;0,0919
2981,50;0,0920
2981,00;0,0919
2980,50;0,0917
2980,00;0,0916
2979,50;0,0914
2979,00;0,0913
2978,50;0,0912
2978,00;0,0910
2977,50;0,0908
2977,00;0,0905
2976,50;0,0903
2976,00;0,0902
2975,50;0,0901
2975,00;0,0899
2974,50;0,0897
2974,00;0,0895
2973,50;0,0893
2973,00;0,0890
2972,50;0,0888
2972,00;0,0886
2971,50;0,0886
2971,00;0,0886
2970,50;0,0885
2970,00;0,0884
2969,50;0,0883
2969,00;0,0881
2968,50;0,0880
2968,00;0,0879
2967,50;0,0878
2967,00;0,0877
2966,50;0,0875
2966,00;0,0873
2965,50;0,0870
2965,00;0,0867
2964,50;0,0864
2964,00;0,0862
2963,50;0,0863
2963,00;0,0864
2962,50;0,0865
2962,00;0,0864
2961,50;0,0861
2961,00;0,0858
2960,50;0,0856
2960,00;0,0855
2959,50;0,0855
2959,00;0,0855
2958,50;0,0855
2958,00;0,0855
2957,50;0,0853
2957,00;0,0850
2956,50;0,0848
2956,00;0,0846
2955,50;0,0845
2955,00;0,0843
2954,50;0,0840
2954,00;0,0838
2953,50;0,0837
2953,00;0,0836
2952,50;0,0835
2952,00;0,0832
2951,50;0,0829
2951,00;0,0826
2950,50;0,0824
2950,00;0,0823
2949,50;0,0822
2949,00;0,0821
2948,50;0,0819
2948,00;0,0818
2947,50;0,0817
2947,00;0,0815
2946,50;0,0813
2946,00;0,0813
2945,50;0,0813
2945,00;0,0813
2944,50;0,0811
2944,00;0,0808
2943,50;0,0806
2943,00;0,0805
2942,50;0,0806
2942,00;0,0806
2941,50;0,0805
2941,00;0,0804
2940,50;0,0802
2940,00;0,0801
2939,50;0,0800
2939,00;0,0801
2938,50;0,0802
2938,00;0,0803
2937,50;0,0802
2937,00;0,0801
2936,50;0,0799
2936,00;0,0797
2935,50;0,0795
2935,00;0,0793
2934,50;0,0794
2934,00;0,0795
2933,50;0,0796
2933,00;0,0795
2932,50;0,0794
2932,00;0,0793
2931,50;0,0792
2931,00;0,0791
2930,50;0,0788
2930,00;0,0786
2929,50;0,0785
2929,00;0,0785
2928,50;0,0785
2928,00;0,0786
2927,50;0,0786
2927,00;0,0784
2926,50;0,0782
2926,00;0,0779
2925,50;0,0777
2925,00;0,0776
2924,50;0,0775
2924,00;0,0773
2923,50;0,0770
2923,00;0,0768
2922,50;0,0767
2922,00;0,0766
2921,50;0,0766
2921,00;0,0766
2920,50;0,0766
2920,00;0,0766
2919,50;0,0766
2919,00;0,0767
2918,50;0,0768
2918,00;0,0770
2917,50;0,0771
2917,00;0,0773
2916,50;0,0775
2916,00;0,0778
2915,50;0,0780
2915,00;0,0782
2914,50;0,0782
2914,00;0,0781
2913,50;0,0779
2913,00;0,0778
2912,50;0,0776
2912,00;0,0774
2911,50;0,0772
2911,00;0,0770
2910,50;0,0767
2910,00;0,0763
2909,50;0,0759
2909,00;0,0755
2908,50;0,0752
2908,00;0,0751
2907,50;0,0750
2907,00;0,0749
2906,50;0,0749
2906,00;0,0749
2905,50;0,0750
2905,00;0,0749
2904,50;0,0747
2904,00;0,0745
2903,50;0,0745
2903,00;0,0745
2902,50;0,0746
2902,00;0,0746
2901,50;0,0746
2901,00;0,0746
2900,50;0,0745
2900,00;0,0744
2899,50;0,0743
2899,00;0,0741
2898,50;0,0740
2898,00;0,0740
2897,50;0,0740
2897,00;0,0740
2896,50;0,0739
2896,00;0,0738
2895,50;0,0737
2895,00;0,0735
2894,50;0,0734
2894,00;0,0733
2893,50;0,0732
2893,00;0,0732
2892,50;0,0731
2892,00;0,0731
2891,50;0,0732
2891,00;0,0732
2890,50;0,0732
2890,00;0,0731
2889,50;0,0731
2889,00;0,0729
2888,50;0,0726
2888,00;0,0722
2887,50;0,0720
2887,00;0,0720
2886,50;0,0722
2886,00;0,0723
2885,50;0,0725
2885,00;0,0726
2884,50;0,0728
2884,00;0,0729
2883,50;0,0728
2883,00;0,0726
2882,50;0,0724
2882,00;0,0723
2881,50;0,0722
2881,00;0,0722
2880,50;0,0721
2880,00;0,0720
2879,50;0,0720
2879,00;0,0720
2878,50;0,0719
2878,00;0,0718
2877,50;0,0717
2877,00;0,0718
2876,50;0,0719
2876,00;0,0719
2875,50;0,0718
2875,00;0,0715
2874,50;0,0713
2874,00;0,0711
2873,50;0,0710
2873,00;0,0711
2872,50;0,0711
2872,00;0,0712
2871,50;0,0713
2871,00;0,0713
2870,50;0,0712
2870,00;0,0711
2869,50;0,0710
2869,00;0,0710
2868,50;0,0709
2868,00;0,0708
2867,50;0,0706
2867,00;0,0704
2866,50;0,0703
2866,00;0,0703
2865,50;0,0704
2865,00;0,0704
2864,50;0,0705
2864,00;0,0705
2863,50;0,0706
2863,00;0,0706
2862,50;0,0705
2862,00;0,0703
2861,50;0,0702
2861,00;0,0701
2860,50;0,0701
2860,00;0,0701
2859,50;0,0700
2859,00;0,0700
2858,50;0,0700
2858,00;0,0700
2857,50;0,0699
2857,00;0,0698
2856,50;0,0697
2856,00;0,0696
2855,50;0,0696
2855,00;0,0695
2854,50;0,0694
2854,00;0,0693
2853,50;0,0692
2853,00;0,0690
2852,50;0,0689
2852,00;0,0687
2851,50;0,0687
2851,00;0,0689
2850,50;0,0693
2850,00;0,0699
2849,50;0,0704
2849,00;0,0708
2848,50;0,0711
2848,00;0,0712
2847,50;0,0712
2847,00;0,0710
2846,50;0,0708
2846,00;0,0705
2845,50;0,0702
2845,00;0,0699
2844,50;0,0695
2844,00;0,0693
2843,50;0,0691
2843,00;0,0690
2842,50;0,0689
2842,00;0,0689
2841,50;0,0688
2841,00;0,0687
2840,50;0,0687
2840,00;0,0687
2839,50;0,0686
2839,00;0,0686
2838,50;0,0684
2838,00;0,0683
2837,50;0,0683
2837,00;0,0684
2836,50;0,0685
2836,00;0,0686
2835,50;0,0685
2835,00;0,0685
2834,50;0,0684
2834,00;0,0683
2833,50;0,0682
2833,00;0,0682
2832,50;0,0682
2832,00;0,0681
2831,50;0,0681
2831,00;0,0680
2830,50;0,0679
2830,00;0,0679
2829,50;0,0680
2829,00;0,0681
2828,50;0,0682
2828,00;0,0684
2827,50;0,0684
2827,00;0,0684
2826,50;0,0682
2826,00;0,0681
2825,50;0,0681
2825,00;0,0681
2824,50;0,0680
2824,00;0,0679
2823,50;0,0679
2823,00;0,0678
2822,50;0,0678
2822,00;0,0678
2821,50;0,0677
2821,00;0,0677
2820,50;0,0677
2820,00;0,0678
2819,50;0,0678
2819,00;0,0679
2818,50;0,0679
2818,00;0,0679
2817,50;0,0679
2817,00;0,0678
2816,50;0,0676
2816,00;0,0674
2815,50;0,0672
2815,00;0,0672
2814,50;0,0673
2814,00;0,0674
2813,50;0,0676
2813,00;0,0676
2812,50;0,0675
2812,00;0,0674
2811,50;0,0673
2811,00;0,0673
2810,50;0,0673
2810,00;0,0674
2809,50;0,0674
2809,00;0,0674
2808,50;0,0674
2808,00;0,0675
2807,50;0,0676
2807,00;0,0677
2806,50;0,0678
2806,00;0,0677
2805,50;0,0675
2805,00;0,0674
2804,50;0,0673
2804,00;0,0673
2803,50;0,0673
2803,00;0,0672
2802,50;0,0672
2802,00;0,0672
2801,50;0,0672
2801,00;0,0671
2800,50;0,0670
2800,00;0,0669
2799,50;0,0669
2799,00;0,0670
2798,50;0,0671
2798,00;0,0672
2797,50;0,0671
2797,00;0,0670
2796,50;0,0669
2796,00;0,0668
2795,50;0,0669
2795,00;0,0669
2794,50;0,0669
2794,00;0,0669
2793,50;0,0669
2793,00;0,0669
2792,50;0,0669
2792,00;0,0669
2791,50;0,0669
2791,00;0,0669
2790,50;0,0668
2790,00;0,0668
2789,50;0,0669
2789,00;0,0670
2788,50;0,0670
2788,00;0,0669
2787,50;0,0668
2787,00;0,0667
2786,50;0,0667
2786,00;0,0666
2785,50;0,0667
2785,00;0,0666
2784,50;0,0666
2784,00;0,0665
2783,50;0,0665
2783,00;0,0665
2782,50;0,0664
2782,00;0,0664
2781,50;0,0665
2781,00;0,0665
2780,50;0,0666
2780,00;0,0665
2779,50;0,0664
2779,00;0,0664
2778,50;0,0664
2778,00;0,0665
2777,50;0,0665
2777,00;0,0665
2776,50;0,0664
2776,00;0,0663
2775,50;0,0663
2775,00;0,0663
2774,50;0,0663
2774,00;0,0663
2773,50;0,0663
2773,00;0,0665
2772,50;0,0666
2772,00;0,0667
2771,50;0,0667
2771,00;0,0667
2770,50;0,0667
2770,00;0,0667
2769,50;0,0667
2769,00;0,0666
2768,50;0,0666
2768,00;0,0665
2767,50;0,0663
2767,00;0,0663
2766,50;0,0662
2766,00;0,0662
2765,50;0,0662
2765,00;0,0663
2764,50;0,0663
2764,00;0,0664
2763,50;0,0664
2763,00;0,0663
2762,50;0,0663
2762,00;0,0663
2761,50;0,0663
2761,00;0,0662
2760,50;0,0661
2760,00;0,0661
2759,50;0,0661
2759,00;0,0662
2758,50;0,0662
2758,00;0,0662
2757,50;0,0663
2757,00;0,0665
2756,50;0,0665
2756,00;0,0665
2755,50;0,0664
2755,00;0,0663
2754,50;0,0662
2754,00;0,0661
2753,50;0,0661
2753,00;0,0661
2752,50;0,0661
2752,00;0,0662
2751,50;0,0662
2751,00;0,0663
2750,50;0,0664
2750,00;0,0663
2749,50;0,0663
2749,00;0,0662
2748,50;0,0662
2748,00;0,0662
2747,50;0,0661
2747,00;0,0661
2746,50;0,0661
2746,00;0,0661
2745,50;0,0661
2745,00;0,0661
2744,50;0,0661
2744,00;0,0661
2743,50;0,0661
2743,00;0,0662
2742,50;0,0662
2742,00;0,0661
2741,50;0,0660
2741,00;0,0659
2740,50;0,0659
2740,00;0,0658
2739,50;0,0658
2739,00;0,0657
2738,50;0,0656
2738,00;0,0656
2737,50;0,0656
2737,00;0,0657
2736,50;0,0659
2736,00;0,0660
2735,50;0,0661
2735,00;0,0661
2734,50;0,0661
2734,00;0,0661
2733,50;0,0661
2733,00;0,0661
2732,50;0,0661
2732,00;0,0660
2731,50;0,0660
2731,00;0,0659
2730,50;0,0659
2730,00;0,0659
2729,50;0,0660
2729,00;0,0660
2728,50;0,0659
2728,00;0,0659
2727,50;0,0658
2727,00;0,0658
2726,50;0,0658
2726,00;0,0658
2725,50;0,0657
2725,00;0,0657
2724,50;0,0658
2724,00;0,0660
2723,50;0,0661
2723,00;0,0660
2722,50;0,0659
2722,00;0,0659
2721,50;0,0660
2721,00;0,0661
2720,50;0,0661
2720,00;0,0660
2719,50;0,0659
2719,00;0,0658
2718,50;0,0658
2718,00;0,0659
2717,50;0,0659
2717,00;0,0660
2716,50;0,0659
2716,00;0,0658
2715,50;0,0658
2715,00;0,0658
2714,50;0,0658
2714,00;0,0658
2713,50;0,0658
2713,00;0,0659
2712,50;0,0660
2712,00;0,0661
2711,50;0,0662
2711,00;0,0662
2710,50;0,0661
2710,00;0,0659
2709,50;0,0658
2709,00;0,0657
2708,50;0,0657
2708,00;0,0657
2707,50;0,0658
2707,00;0,0659
2706,50;0,0660
2706,00;0,0660
2705,50;0,0660
2705,00;0,0660
2704,50;0,0659
2704,00;0,0659
2703,50;0,0658
2703,00;0,0658
2702,50;0,0658
2702,00;0,0658
2701,50;0,0658
2701,00;0,0659
2700,50;0,0659
2700,00;0,0658
2699,50;0,0657
2699,00;0,0657
2698,50;0,0657
2698,00;0,0657
2697,50;0,0658
2697,00;0,0660
2696,50;0,0661
2696,00;0,0661
2695,50;0,0661
2695,00;0,0660
2694,50;0,0660
2694,00;0,0661
2693,50;0,0662
2693,00;0,0662
2692,50;0,0662
2692,00;0,0661
2691,50;0,0660
2691,00;0,0661
2690,50;0,0661
2690,00;0,0661
2689,50;0,0661
2689,00;0,0661
2688,50;0,0660
2688,00;0,0660
2687,50;0,0660
2687,00;0,0660
2686,50;0,0659
2686,00;0,0659
2685,50;0,0660
2685,00;0,0662
2684,50;0,0663
2684,00;0,0663
2683,50;0,0662
2683,00;0,0663
2682,50;0,0663
2682,00;0,0664
2681,50;0,0664
2681,00;0,0664
2680,50;0,0663
2680,00;0,0663
2679,50;0,0663
2679,00;0,0662
2678,50;0,0662
2678,00;0,0661
2677,50;0,0660
2677,00;0,0660
2676,50;0,0659
2676,00;0,0659
2675,50;0,0660
2675,00;0,0661
2674,50;0,0662
2674,00;0,0662
2673,50;0,0662
2673,00;0,0661
2672,50;0,0661
2672,00;0,0660
2671,50;0,0659
2671,00;0,0659
2670,50;0,0660
2670,00;0,0662
2669,50;0,0663
2669,00;0,0664
2668,50;0,0664
2668,00;0,0664
2667,50;0,0663
2667,00;0,0663
2666,50;0,0663
2666,00;0,0664
2665,50;0,0665
2665,00;0,0665
2664,50;0,0666
2664,00;0,0667
2663,50;0,0667
2663,00;0,0668
2662,50;0,0668
2662,00;0,0668
2661,50;0,0668
2661,00;0,0667
2660,50;0,0667
2660,00;0,0666
2659,50;0,0665
2659,00;0,0665
2658,50;0,0665
2658,00;0,0665
2657,50;0,0665
2657,00;0,0665
2656,50;0,0666
2656,00;0,0667
2655,50;0,0669
2655,00;0,0671
2654,50;0,0671
2654,00;0,0671
2653,50;0,0668
2653,00;0,0666
2652,50;0,0665
2652,00;0,0665
2651,50;0,0664
2651,00;0,0664
2650,50;0,0664
2650,00;0,0664
2649,50;0,0665
2649,00;0,0665
2648,50;0,0665
2648,00;0,0664
2647,50;0,0664
2647,00;0,0665
2646,50;0,0665
2646,00;0,0666
2645,50;0,0666
2645,00;0,0666
2644,50;0,0666
2644,00;0,0666
2643,50;0,0665
2643,00;0,0665
2642,50;0,0666
2642,00;0,0668
2641,50;0,0670
2641,00;0,0672
2640,50;0,0672
2640,00;0,0671
2639,50;0,0671
2639,00;0,0669
2638,50;0,0668
2638,00;0,0667
2637,50;0,0667
2637,00;0,0666
2636,50;0,0666
2636,00;0,0666
2635,50;0,0668
2635,00;0,0670
2634,50;0,0672
2634,00;0,0673
2633,50;0,0673
2633,00;0,0671
2632,50;0,0670
2632,00;0,0668
2631,50;0,0667
2631,00;0,0667
2630,50;0,0667
2630,00;0,0668
2629,50;0,0669
2629,00;0,0669
2628,50;0,0669
2628,00;0,0669
2627,50;0,0670
2627,00;0,0671
2626,50;0,0671
2626,00;0,0671
2625,50;0,0671
2625,00;0,0671
2624,50;0,0671
2624,00;0,0670
2623,50;0,0669
2623,00;0,0667
2622,50;0,0665
2622,00;0,0664
2621,50;0,0664
2621,00;0,0665
2620,50;0,0668
2620,00;0,0672
2619,50;0,0675
2619,00;0,0677
2618,50;0,0677
2618,00;0,0676
2617,50;0,0674
2617,00;0,0671
2616,50;0,0669
2616,00;0,0667
2615,50;0,0665
2615,00;0,0664
2614,50;0,0664
2614,00;0,0665
2613,50;0,0667
2613,00;0,0670
2612,50;0,0673
2612,00;0,0677
2611,50;0,0679
2611,00;0,0680
2610,50;0,0679
2610,00;0,0677
2609,50;0,0674
2609,00;0,0671
2608,50;0,0669
2608,00;0,0668
2607,50;0,0668
2607,00;0,0669
2606,50;0,0671
2606,00;0,0673
2605,50;0,0675
2605,00;0,0677
2604,50;0,0679
2604,00;0,0682
2603,50;0,0684
2603,00;0,0686
2602,50;0,0686
2602,00;0,0684
2601,50;0,0680
2601,00;0,0674
2600,50;0,0667
2600,00;0,0663
2599,50;0,0661
2599,00;0,0663
2598,50;0,0667
2598,00;0,0672
2597,50;0,0677
2597,00;0,0681
2596,50;0,0682
2596,00;0,0682
2595,50;0,0681
2595,00;0,0678
2594,50;0,0676
2594,00;0,0674
2593,50;0,0675
2593,00;0,0677
2592,50;0,0680
2592,00;0,0681
2591,50;0,0680
2591,00;0,0680
2590,50;0,0680
2590,00;0,0681
2589,50;0,0681
2589,00;0,0681
2588,50;0,0679
2588,00;0,0676
2587,50;0,0672
2587,00;0,0670
2586,50;0,0670
2586,00;0,0671
2585,50;0,0672
2585,00;0,0673
2584,50;0,0674
2584,00;0,0677
2583,50;0,0680
2583,00;0,0682
2582,50;0,0682
2582,00;0,0682
2581,50;0,0680
2581,00;0,0677
2580,50;0,0675
2580,00;0,0673
2579,50;0,0672
2579,00;0,0672
2578,50;0,0672
2578,00;0,0673
2577,50;0,0676
2577,00;0,0680
2576,50;0,0684
2576,00;0,0688
2575,50;0,0689
2575,00;0,0688
2574,50;0,0684
2574,00;0,0679
2573,50;0,0675
2573,00;0,0674
2572,50;0,0676
2572,00;0,0678
2571,50;0,0680
2571,00;0,0681
2570,50;0,0681
2570,00;0,0682
2569,50;0,0683
2569,00;0,0683
2568,50;0,0682
2568,00;0,0681
2567,50;0,0680
2567,00;0,0680
2566,50;0,0682
2566,00;0,0682
2565,50;0,0679
2565,00;0,0674
2564,50;0,0670
2564,00;0,0670
2563,50;0,0673
2563,00;0,0678
2562,50;0,0682
2562,00;0,0685
2561,50;0,0687
2561,00;0,0689
2560,50;0,0690
2560,00;0,0689
2559,50;0,0686
2559,00;0,0684
2558,50;0,0683
2558,00;0,0683
2557,50;0,0684
2557,00;0,0685
2556,50;0,0689
2556,00;0,0696
2555,50;0,0703
2555,00;0,0707
2554,50;0,0706
2554,00;0,0702
2553,50;0,0695
2553,00;0,0688
2552,50;0,0681
2552,00;0,0679
2551,50;0,0680
2551,00;0,0682
2550,50;0,0685
2550,00;0,0686
2549,50;0,0689
2549,00;0,0691
2548,50;0,0693
2548,00;0,0692
2547,50;0,0691
2547,00;0,0690
2546,50;0,0690
2546,00;0,0692
2545,50;0,0692
2545,00;0,0691
2544,50;0,0688
2544,00;0,0684
2543,50;0,0681
2543,00;0,0680
2542,50;0,0682
2542,00;0,0685
2541,50;0,0690
2541,00;0,0695
2540,50;0,0701
2540,00;0,0705
2539,50;0,0706
2539,00;0,0703
2538,50;0,0697
2538,00;0,0691
2537,50;0,0687
2537,00;0,0685
2536,50;0,0683
2536,00;0,0680
2535,50;0,0680
2535,00;0,0683
2534,50;0,0687
2534,00;0,0691
2533,50;0,0695
2533,00;0,0698
2532,50;0,0698
2532,00;0,0695
2531,50;0,0689
2531,00;0,0685
2530,50;0,0685
2530,00;0,0688
2529,50;0,0692
2529,00;0,0697
2528,50;0,0701
2528,00;0,0705
2527,50;0,0707
2527,00;0,0707
2526,50;0,0707
2526,00;0,0706
2525,50;0,0705
2525,00;0,0704
2524,50;0,0703
2524,00;0,0703
2523,50;0,0705
2523,00;0,0707
2522,50;0,0708
2522,00;0,0704
2521,50;0,0697
2521,00;0,0690
2520,50;0,0689
2520,00;0,0694
2519,50;0,0701
2519,00;0,0706
2518,50;0,0708
2518,00;0,0709
2517,50;0,0708
2517,00;0,0705
2516,50;0,0701
2516,00;0,0697
2515,50;0,0695
2515,00;0,0698
2514,50;0,0702
2514,00;0,0708
2513,50;0,0714
2513,00;0,0721
2512,50;0,0726
2512,00;0,0727
2511,50;0,0722
2511,00;0,0716
2510,50;0,0711
2510,00;0,0710
2509,50;0,0712
2509,00;0,0716
2508,50;0,0722
2508,00;0,0728
2507,50;0,0733
2507,00;0,0732
2506,50;0,0725
2506,00;0,0717
2505,50;0,0712
2505,00;0,0713
2504,50;0,0721
2504,00;0,0731
2503,50;0,0740
2503,00;0,0743
2502,50;0,0741
2502,00;0,0736
2501,50;0,0730
2501,00;0,0728
2500,50;0,0728
2500,00;0,0730
2499,50;0,0734
2499,00;0,0737
2498,50;0,0742
2498,00;0,0747
2497,50;0,0752
2497,00;0,0753
2496,50;0,0750
2496,00;0,0745
2495,50;0,0740
2495,00;0,0738
2494,50;0,0740
2494,00;0,0747
2493,50;0,0756
2493,00;0,0765
2492,50;0,0770
2492,00;0,0770
2491,50;0,0766
2491,00;0,0759
2490,50;0,0752
2490,00;0,0748
2489,50;0,0748
2489,00;0,0753
2488,50;0,0759
2488,00;0,0763
2487,50;0,0764
2487,00;0,0760
2486,50;0,0756
2486,00;0,0753
2485,50;0,0753
2485,00;0,0758
2484,50;0,0765
2484,00;0,0773
2483,50;0,0781
2483,00;0,0786
2482,50;0,0786
2482,00;0,0782
2481,50;0,0773
2481,00;0,0765
2480,50;0,0758
2480,00;0,0756
2479,50;0,0758
2479,00;0,0764
2478,50;0,0772
2478,00;0,0779
2477,50;0,0786
2477,00;0,0791
2476,50;0,0793
2476,00;0,0793
2475,50;0,0790
2475,00;0,0787
2474,50;0,0785
2474,00;0,0785
2473,50;0,0786
2473,00;0,0789
2472,50;0,0792
2472,00;0,0795
2471,50;0,0797
2471,00;0,0796
2470,50;0,0794
2470,00;0,0791
2469,50;0,0792
2469,00;0,0796
2468,50;0,0801
2468,00;0,0807
2467,50;0,0811
2467,00;0,0811
2466,50;0,0807
2466,00;0,0801
2465,50;0,0797
2465,00;0,0794
2464,50;0,0795
2464,00;0,0798
2463,50;0,0803
2463,00;0,0808
2462,50;0,0813
2462,00;0,0816
2461,50;0,0818
2461,00;0,0820
2460,50;0,0821
2460,00;0,0820
2459,50;0,0817
2459,00;0,0812
2458,50;0,0808
2458,00;0,0808
2457,50;0,0811
2457,00;0,0815
2456,50;0,0818
2456,00;0,0817
2455,50;0,0816
2455,00;0,0814
2454,50;0,0813
2454,00;0,0813
2453,50;0,0816
2453,00;0,0820
2452,50;0,0825
2452,00;0,0829
2451,50;0,0828
2451,00;0,0824
2450,50;0,0819
2450,00;0,0814
2449,50;0,0811
2449,00;0,0809
2448,50;0,0809
2448,00;0,0810
2447,50;0,0814
2447,00;0,0818
2446,50;0,0821
2446,00;0,0822
2445,50;0,0822
2445,00;0,0822
2444,50;0,0821
2444,00;0,0818
2443,50;0,0816
2443,00;0,0815
2442,50;0,0815
2442,00;0,0817
2441,50;0,0820
2441,00;0,0821
2440,50;0,0819
2440,00;0,0813
2439,50;0,0807
2439,00;0,0800
2438,50;0,0796
2438,00;0,0794
2437,50;0,0794
2437,00;0,0796
2436,50;0,0801
2436,00;0,0805
2435,50;0,0808
2435,00;0,0810
2434,50;0,0809
2434,00;0,0807
2433,50;0,0804
2433,00;0,0801
2432,50;0,0798
2432,00;0,0797
2431,50;0,0796
2431,00;0,0797
2430,50;0,0798
2430,00;0,0799
2429,50;0,0798
2429,00;0,0797
2428,50;0,0796
2428,00;0,0796
2427,50;0,0797
2427,00;0,0798
2426,50;0,0798
2426,00;0,0796
2425,50;0,0792
2425,00;0,0786
2424,50;0,0781
2424,00;0,0778
2423,50;0,0777
2423,00;0,0778
2422,50;0,0780
2422,00;0,0783
2421,50;0,0786
2421,00;0,0788
2420,50;0,0789
2420,00;0,0789
2419,50;0,0786
2419,00;0,0781
2418,50;0,0776
2418,00;0,0771
2417,50;0,0768
2417,00;0,0768
2416,50;0,0770
2416,00;0,0773
2415,50;0,0776
2415,00;0,0777
2414,50;0,0778
2414,00;0,0777
2413,50;0,0774
2413,00;0,0771
2412,50;0,0767
2412,00;0,0765
2411,50;0,0765
2411,00;0,0767
2410,50;0,0769
2410,00;0,0770
2409,50;0,0769
2409,00;0,0766
2408,50;0,0763
2408,00;0,0760
2407,50;0,0758
2407,00;0,0759
2406,50;0,0761
2406,00;0,0765
2405,50;0,0769
2405,00;0,0770
2404,50;0,0770
2404,00;0,0768
2403,50;0,0765
2403,00;0,0761
2402,50;0,0758
2402,00;0,0756
2401,50;0,0755
2401,00;0,0756
2400,50;0,0757
2400,00;0,0758
2399,50;0,0758
2399,00;0,0756
2398,50;0,0754
2398,00;0,0751
2397,50;0,0748
2397,00;0,0747
2396,50;0,0749
2396,00;0,0752
2395,50;0,0755
2395,00;0,0757
2394,50;0,0757
2394,00;0,0757
2393,50;0,0756
2393,00;0,0754
2392,50;0,0752
2392,00;0,0751
2391,50;0,0750
2391,00;0,0749
2390,50;0,0749
2390,00;0,0749
2389,50;0,0750
2389,00;0,0751
2388,50;0,0752
2388,00;0,0751
2387,50;0,0749
2387,00;0,0746
2386,50;0,0744
2386,00;0,0743
2385,50;0,0744
2385,00;0,0744
2384,50;0,0743
2384,00;0,0741
2383,50;0,0740
2383,00;0,0738
2382,50;0,0735
2382,00;0,0732
2381,50;0,0729
2381,00;0,0727
2380,50;0,0727
2380,00;0,0727
2379,50;0,0728
2379,00;0,0728
2378,50;0,0726
2378,00;0,0723
2377,50;0,0720
2377,00;0,0718
2376,50;0,0717
2376,00;0,0715
2375,50;0,0714
2375,00;0,0714
2374,50;0,0715
2374,00;0,0717
2373,50;0,0717
2373,00;0,0716
2372,50;0,0713
2372,00;0,0710
2371,50;0,0707
2371,00;0,0704
2370,50;0,0702
2370,00;0,0701
2369,50;0,0702
2369,00;0,0705
2368,50;0,0706
2368,00;0,0707
2367,50;0,0704
2367,00;0,0701
2366,50;0,0699
2366,00;0,0697
2365,50;0,0697
2365,00;0,0699
2364,50;0,0701
2364,00;0,0704
2363,50;0,0707
2363,00;0,0707
2362,50;0,0707
2362,00;0,0704
2361,50;0,0702
2361,00;0,0701
2360,50;0,0701
2360,00;0,0701
2359,50;0,0702
2359,00;0,0704
2358,50;0,0705
2358,00;0,0710
2357,50;0,0709
2357,00;0,0713
2356,50;0,0702
2356,00;0,0684
2355,50;0,0682
2355,00;0,0675
2354,50;0,0672
2354,00;0,0671
2353,50;0,0673
2353,00;0,0675
2352,50;0,0676
2352,00;0,0675
2351,50;0,0675
2351,00;0,0676
2350,50;0,0679
2350,00;0,0680
2349,50;0,0686
2349,00;0,0680
2348,50;0,0702
2348,00;0,0728
2347,50;0,0722
2347,00;0,0726
2346,50;0,0725
2346,00;0,0727
2345,50;0,0725
2345,00;0,0727
2344,50;0,0731
2344,00;0,0735
2343,50;0,0741
2343,00;0,0749
2342,50;0,0756
2342,00;0,0761
2341,50;0,0765
2341,00;0,0770
2340,50;0,0767
2340,00;0,0761
2339,50;0,0755
2339,00;0,0749
2338,50;0,0743
2338,00;0,0739
2337,50;0,0737
2337,00;0,0731
2336,50;0,0726
2336,00;0,0726
2335,50;0,0726
2335,00;0,0725
2334,50;0,0724
2334,00;0,0723
2333,50;0,0721
2333,00;0,0718
2332,50;0,0717
2332,00;0,0719
2331,50;0,0720
2331,00;0,0720
2330,50;0,0719
2330,00;0,0719
2329,50;0,0718
2329,00;0,0715
2328,50;0,0715
2328,00;0,0720
2327,50;0,0722
2327,00;0,0723
2326,50;0,0725
2326,00;0,0730
2325,50;0,0729
2325,00;0,0725
2324,50;0,0725
2324,00;0,0728
2323,50;0,0727
2323,00;0,0726
2322,50;0,0731
2322,00;0,0734
2321,50;0,0730
2321,00;0,0725
2320,50;0,0728
2320,00;0,0731
2319,50;0,0727
2319,00;0,0723
2318,50;0,0727
2318,00;0,0731
2317,50;0,0731
2317,00;0,0733
2316,50;0,0741
2316,00;0,0745
2315,50;0,0740
2315,00;0,0736
2314,50;0,0737
2314,00;0,0738
2313,50;0,0735
2313,00;0,0734
2312,50;0,0739
2312,00;0,0744
2311,50;0,0743
2311,00;0,0742
2310,50;0,0748
2310,00;0,0753
2309,50;0,0752
2309,00;0,0748
2308,50;0,0748
2308,00;0,0751
2307,50;0,0750
2307,00;0,0747
2306,50;0,0748
2306,00;0,0752
2305,50;0,0754
2305,00;0,0753
2304,50;0,0754
2304,00;0,0758
2303,50;0,0760
2303,00;0,0759
2302,50;0,0758
2302,00;0,0761
2301,50;0,0765
2301,00;0,0767
2300,50;0,0766
2300,00;0,0767
2299,50;0,0769
2299,00;0,0768
2298,50;0,0765
2298,00;0,0762
2297,50;0,0763
2297,00;0,0765
2296,50;0,0768
2296,00;0,0772
2295,50;0,0777
2295,00;0,0781
2294,50;0,0783
2294,00;0,0783
2293,50;0,0783
2293,00;0,0782
2292,50;0,0779
2292,00;0,0776
2291,50;0,0774
2291,00;0,0775
2290,50;0,0777
2290,00;0,0779
2289,50;0,0781
2289,00;0,0783
2288,50;0,0784
2288,00;0,0785
2287,50;0,0785
2287,00;0,0785
2286,50;0,0787
2286,00;0,0790
2285,50;0,0792
2285,00;0,0791
2284,50;0,0786
2284,00;0,0780
2283,50;0,0775
2283,00;0,0774
2282,50;0,0775
2282,00;0,0777
2281,50;0,0779
2281,00;0,0781
2280,50;0,0785
2280,00;0,0791
2279,50;0,0796
2279,00;0,0798
2278,50;0,0796
2278,00;0,0790
2277,50;0,0783
2277,00;0,0779
2276,50;0,0778
2276,00;0,0782
2275,50;0,0790
2275,00;0,0798
2274,50;0,0804
2274,00;0,0804
2273,50;0,0801
2273,00;0,0797
2272,50;0,0793
2272,00;0,0791
2271,50;0,0792
2271,00;0,0793
2270,50;0,0796
2270,00;0,0800
2269,50;0,0804
2269,00;0,0807
2268,50;0,0807
2268,00;0,0803
2267,50;0,0796
2267,00;0,0788
2266,50;0,0783
2266,00;0,0781
2265,50;0,0783
2265,00;0,0787
2264,50;0,0792
2264,00;0,0794
2263,50;0,0794
2263,00;0,0794
2262,50;0,0796
2262,00;0,0798
2261,50;0,0795
2261,00;0,0791
2260,50;0,0788
2260,00;0,0790
2259,50;0,0795
2259,00;0,0800
2258,50;0,0801
2258,00;0,0799
2257,50;0,0796
2257,00;0,0794
2256,50;0,0792
2256,00;0,0789
2255,50;0,0789
2255,00;0,0792
2254,50;0,0798
2254,00;0,0804
2253,50;0,0807
2253,00;0,0806
2252,50;0,0804
2252,00;0,0800
2251,50;0,0795
2251,00;0,0792
2250,50;0,0791
2250,00;0,0794
2249,50;0,0798
2249,00;0,0802
2248,50;0,0804
2248,00;0,0806
2247,50;0,0806
2247,00;0,0804
2246,50;0,0801
2246,00;0,0796
2245,50;0,0793
2245,00;0,0793
2244,50;0,0796
2244,00;0,0800
2243,50;0,0800
2243,00;0,0796
2242,50;0,0790
2242,00;0,0785
2241,50;0,0783
2241,00;0,0786
2240,50;0,0794
2240,00;0,0803
2239,50;0,0811
2239,00;0,0816
2238,50;0,0819
2238,00;0,0820
2237,50;0,0820
2237,00;0,0816
2236,50;0,0808
2236,00;0,0800
2235,50;0,0796
2235,00;0,0795
2234,50;0,0797
2234,00;0,0799
2233,50;0,0802
2233,00;0,0805
2232,50;0,0808
2232,00;0,0811
2231,50;0,0810
2231,00;0,0804
2230,50;0,0796
2230,00;0,0790
2229,50;0,0789
2229,00;0,0792
2228,50;0,0799
2228,00;0,0807
2227,50;0,0812
2227,00;0,0813
2226,50;0,0812
2226,00;0,0811
2225,50;0,0811
2225,00;0,0810
2224,50;0,0805
2224,00;0,0798
2223,50;0,0793
2223,00;0,0792
2222,50;0,0794
2222,00;0,0798
2221,50;0,0806
2221,00;0,0815
2220,50;0,0819
2220,00;0,0816
2219,50;0,0808
2219,00;0,0799
2218,50;0,0796
2218,00;0,0798
2217,50;0,0803
2217,00;0,0810
2216,50;0,0815
2216,00;0,0812
2215,50;0,0800
2215,00;0,0784
2214,50;0,0772
2214,00;0,0772
2213,50;0,0782
2213,00;0,0795
2212,50;0,0806
2212,00;0,0813
2211,50;0,0815
2211,00;0,0812
2210,50;0,0804
2210,00;0,0795
2209,50;0,0790
2209,00;0,0788
2208,50;0,0788
2208,00;0,0788
2207,50;0,0789
2207,00;0,0792
2206,50;0,0796
2206,00;0,0799
2205,50;0,0799
2205,00;0,0793
2204,50;0,0785
2204,00;0,0779
2203,50;0,0777
2203,00;0,0778
2202,50;0,0782
2202,00;0,0787
2201,50;0,0793
2201,00;0,0798
2200,50;0,0802
2200,00;0,0807
2199,50;0,0809
2199,00;0,0806
2198,50;0,0795
2198,00;0,0783
2197,50;0,0778
2197,00;0,0784
2196,50;0,0797
2196,00;0,0808
2195,50;0,0814
2195,00;0,0813
2194,50;0,0805
2194,00;0,0797
2193,50;0,0794
2193,00;0,0795
2192,50;0,0796
2192,00;0,0794
2191,50;0,0792
2191,00;0,0792
2190,50;0,0793
2190,00;0,0792
2189,50;0,0789
2189,00;0,0787
2188,50;0,0788
2188,00;0,0790
2187,50;0,0794
2187,00;0,0796
2186,50;0,0795
2186,00;0,0792
2185,50;0,0793
2185,00;0,0797
2184,50;0,0799
2184,00;0,0792
2183,50;0,0784
2183,00;0,0781
2182,50;0,0787
2182,00;0,0795
2181,50;0,0797
2181,00;0,0797
2180,50;0,0795
2180,00;0,0794
2179,50;0,0793
2179,00;0,0790
2178,50;0,0785
2178,00;0,0776
2177,50;0,0767
2177,00;0,0764
2176,50;0,0770
2176,00;0,0782
2175,50;0,0795
2175,00;0,0804
2174,50;0,0805
2174,00;0,0798
2173,50;0,0784
2173,00;0,0768
2172,50;0,0757
2172,00;0,0756
2171,50;0,0766
2171,00;0,0782
2170,50;0,0797
2170,00;0,0807
2169,50;0,0810
2169,00;0,0807
2168,50;0,0798
2168,00;0,0784
2167,50;0,0766
2167,00;0,0750
2166,50;0,0740
2166,00;0,0736
2165,50;0,0742
2165,00;0,0756
2164,50;0,0773
2164,00;0,0783
2163,50;0,0783
2163,00;0,0776
2162,50;0,0768
2162,00;0,0764
2161,50;0,0769
2161,00;0,0783
2160,50;0,0799
2160,00;0,0805
2159,50;0,0795
2159,00;0,0776
2158,50;0,0759
2158,00;0,0746
2157,50;0,0737
2157,00;0,0733
2156,50;0,0739
2156,00;0,0753
2155,50;0,0766
2155,00;0,0772
2154,50;0,0772
2154,00;0,0769
2153,50;0,0764
2153,00;0,0756
2152,50;0,0748
2152,00;0,0745
2151,50;0,0750
2151,00;0,0757
2150,50;0,0761
2150,00;0,0762
2149,50;0,0762
2149,00;0,0763
2148,50;0,0763
2148,00;0,0761
2147,50;0,0757
2147,00;0,0753
2146,50;0,0751
2146,00;0,0754
2145,50;0,0759
2145,00;0,0765
2144,50;0,0766
2144,00;0,0764
2143,50;0,0761
2143,00;0,0759
2142,50;0,0757
2142,00;0,0753
2141,50;0,0749
2141,00;0,0747
2140,50;0,0746
2140,00;0,0746
2139,50;0,0746
2139,00;0,0747
2138,50;0,0749
2138,00;0,0752
2137,50;0,0750
2137,00;0,0745
2136,50;0,0738
2136,00;0,0734
2135,50;0,0735
2135,00;0,0739
2134,50;0,0744
2134,00;0,0746
2133,50;0,0745
2133,00;0,0743
2132,50;0,0740
2132,00;0,0736
2131,50;0,0733
2131,00;0,0732
2130,50;0,0733
2130,00;0,0735
2129,50;0,0734
2129,00;0,0732
2128,50;0,0733
2128,00;0,0738
2127,50;0,0744
2127,00;0,0747
2126,50;0,0748
2126,00;0,0748
2125,50;0,0749
2125,00;0,0750
2124,50;0,0749
2124,00;0,0747
2123,50;0,0744
2123,00;0,0743
2122,50;0,0742
2122,00;0,0740
2121,50;0,0738
2121,00;0,0735
2120,50;0,0733
2120,00;0,0730
2119,50;0,0729
2119,00;0,0728
2118,50;0,0728
2118,00;0,0728
2117,50;0,0729
2117,00;0,0731
2116,50;0,0733
2116,00;0,0731
2115,50;0,0727
2115,00;0,0721
2114,50;0,0717
2114,00;0,0716
2113,50;0,0718
2113,00;0,0722
2112,50;0,0725
2112,00;0,0726
2111,50;0,0726
2111,00;0,0725
2110,50;0,0722
2110,00;0,0718
2109,50;0,0712
2109,00;0,0708
2108,50;0,0706
2108,00;0,0708
2107,50;0,0713
2107,00;0,0720
2106,50;0,0725
2106,00;0,0729
2105,50;0,0730
2105,00;0,0729
2104,50;0,0727
2104,00;0,0723
2103,50;0,0720
2103,00;0,0720
2102,50;0,0723
2102,00;0,0724
2101,50;0,0723
2101,00;0,0721
2100,50;0,0721
2100,00;0,0720
2099,50;0,0716
2099,00;0,0710
2098,50;0,0704
2098,00;0,0702
2097,50;0,0704
2097,00;0,0708
2096,50;0,0711
2096,00;0,0713
2095,50;0,0713
2095,00;0,0710
2094,50;0,0708
2094,00;0,0707
2093,50;0,0710
2093,00;0,0715
2092,50;0,0721
2092,00;0,0724
2091,50;0,0725
2091,00;0,0723
2090,50;0,0720
2090,00;0,0718
2089,50;0,0718
2089,00;0,0719
2088,50;0,0717
2088,00;0,0710
2087,50;0,0700
2087,00;0,0694
2086,50;0,0694
2086,00;0,0700
2085,50;0,0705
2085,00;0,0707
2084,50;0,0704
2084,00;0,0700
2083,50;0,0697
2083,00;0,0696
2082,50;0,0696
2082,00;0,0699
2081,50;0,0703
2081,00;0,0708
2080,50;0,0711
2080,00;0,0709
2079,50;0,0706
2079,00;0,0703
2078,50;0,0703
2078,00;0,0708
2077,50;0,0713
2077,00;0,0716
2076,50;0,0716
2076,00;0,0713
2075,50;0,0707
2075,00;0,0703
2074,50;0,0701
2074,00;0,0704
2073,50;0,0709
2073,00;0,0713
2072,50;0,0713
2072,00;0,0708
2071,50;0,0700
2071,00;0,0694
2070,50;0,0692
2070,00;0,0697
2069,50;0,0703
2069,00;0,0708
2068,50;0,0710
2068,00;0,0711
2067,50;0,0712
2067,00;0,0710
2066,50;0,0706
2066,00;0,0704
2065,50;0,0704
2065,00;0,0704
2064,50;0,0703
2064,00;0,0701
2063,50;0,0699
2063,00;0,0699
2062,50;0,0699
2062,00;0,0697
2061,50;0,0697
2061,00;0,0700
2060,50;0,0705
2060,00;0,0711
2059,50;0,0714
2059,00;0,0715
2058,50;0,0713
2058,00;0,0711
2057,50;0,0709
2057,00;0,0710
2056,50;0,0712
2056,00;0,0714
2055,50;0,0716
2055,00;0,0716
2054,50;0,0713
2054,00;0,0708
2053,50;0,0701
2053,00;0,0694
2052,50;0,0688
2052,00;0,0685
2051,50;0,0685
2051,00;0,0689
2050,50;0,0694
2050,00;0,0694
2049,50;0,0691
2049,00;0,0685
2048,50;0,0682
2048,00;0,0685
2047,50;0,0691
2047,00;0,0699
2046,50;0,0703
2046,00;0,0702
2045,50;0,0702
2045,00;0,0704
2044,50;0,0706
2044,00;0,0703
2043,50;0,0691
2043,00;0,0677
2042,50;0,0666
2042,00;0,0660
2041,50;0,0657
2041,00;0,0662
2040,50;0,0674
2040,00;0,0688
2039,50;0,0695
2039,00;0,0695
2038,50;0,0693
2038,00;0,0694
2037,50;0,0695
2037,00;0,0696
2036,50;0,0697
2036,00;0,0699
2035,50;0,0700
2035,00;0,0696
2034,50;0,0691
2034,00;0,0691
2033,50;0,0700
2033,00;0,0712
2032,50;0,0719
2032,00;0,0716
2031,50;0,0705
2031,00;0,0694
2030,50;0,0688
2030,00;0,0688
2029,50;0,0691
2029,00;0,0694
2028,50;0,0696
2028,00;0,0697
2027,50;0,0695
2027,00;0,0690
2026,50;0,0682
2026,00;0,0672
2025,50;0,0663
2025,00;0,0657
2024,50;0,0656
2024,00;0,0658
2023,50;0,0664
2023,00;0,0671
2022,50;0,0678
2022,00;0,0681
2021,50;0,0681
2021,00;0,0681
2020,50;0,0683
2020,00;0,0686
2019,50;0,0684
2019,00;0,0678
2018,50;0,0672
2018,00;0,0668
2017,50;0,0666
2017,00;0,0664
2016,50;0,0662
2016,00;0,0659
2015,50;0,0658
2015,00;0,0660
2014,50;0,0667
2014,00;0,0677
2013,50;0,0685
2013,00;0,0688
2012,50;0,0687
2012,00;0,0682
2011,50;0,0676
2011,00;0,0672
2010,50;0,0671
2010,00;0,0672
2009,50;0,0671
2009,00;0,0664
2008,50;0,0657
2008,00;0,0657
2007,50;0,0666
2007,00;0,0677
2006,50;0,0685
2006,00;0,0690
2005,50;0,0696
2005,00;0,0702
2004,50;0,0707
2004,00;0,0707
2003,50;0,0702
2003,00;0,0693
2002,50;0,0681
2002,00;0,0669
2001,50;0,0661
2001,00;0,0655
2000,50;0,0651
2000,00;0,0648
1999,50;0,0648
1999,00;0,0654
1998,50;0,0665
1998,00;0,0677
1997,50;0,0685
1997,00;0,0688
1996,50;0,0687
1996,00;0,0684
1995,50;0,0681
1995,00;0,0675
1994,50;0,0667
1994,00;0,0657
1993,50;0,0648
1993,00;0,0645
1992,50;0,0648
1992,00;0,0656
1991,50;0,0664
1991,00;0,0668
1990,50;0,0667
1990,00;0,0662
1989,50;0,0661
1989,00;0,0664
1988,50;0,0671
1988,00;0,0677
1987,50;0,0682
1987,00;0,0688
1986,50;0,0697
1986,00;0,0704
1985,50;0,0705
1985,00;0,0699
1984,50;0,0689
1984,00;0,0679
1983,50;0,0672
1983,00;0,0671
1982,50;0,0677
1982,00;0,0687
1981,50;0,0694
1981,00;0,0698
1980,50;0,0700
1980,00;0,0703
1979,50;0,0704
1979,00;0,0696
1978,50;0,0680
1978,00;0,0664
1977,50;0,0656
1977,00;0,0659
1976,50;0,0665
1976,00;0,0670
1975,50;0,0671
1975,00;0,0674
1974,50;0,0677
1974,00;0,0680
1973,50;0,0679
1973,00;0,0676
1972,50;0,0673
1972,00;0,0673
1971,50;0,0675
1971,00;0,0677
1970,50;0,0677
1970,00;0,0673
1969,50;0,0669
1969,00;0,0668
1968,50;0,0673
1968,00;0,0680
1967,50;0,0683
1967,00;0,0678
1966,50;0,0670
1966,00;0,0665
1965,50;0,0666
1965,00;0,0671
1964,50;0,0675
1964,00;0,0676
1963,50;0,0676
1963,00;0,0675
1962,50;0,0674
1962,00;0,0673
1961,50;0,0672
1961,00;0,0674
1960,50;0,0679
1960,00;0,0685
1959,50;0,0688
1959,00;0,0687
1958,50;0,0683
1958,00;0,0680
1957,50;0,0681
1957,00;0,0685
1956,50;0,0689
1956,00;0,0690
1955,50;0,0688
1955,00;0,0684
1954,50;0,0682
1954,00;0,0685
1953,50;0,0689
1953,00;0,0690
1952,50;0,0686
1952,00;0,0678
1951,50;0,0668
1951,00;0,0663
1950,50;0,0663
1950,00;0,0669
1949,50;0,0678
1949,00;0,0686
1948,50;0,0693
1948,00;0,0695
1947,50;0,0694
1947,00;0,0693
1946,50;0,0692
1946,00;0,0691
1945,50;0,0688
1945,00;0,0683
1944,50;0,0676
1944,00;0,0670
1943,50;0,0668
1943,00;0,0668
1942,50;0,0669
1942,00;0,0670
1941,50;0,0671
1941,00;0,0673
1940,50;0,0677
1940,00;0,0680
1939,50;0,0682
1939,00;0,0685
1938,50;0,0688
1938,00;0,0691
1937,50;0,0691
1937,00;0,0689
1936,50;0,0686
1936,00;0,0684
1935,50;0,0683
1935,00;0,0684
1934,50;0,0686
1934,00;0,0687
1933,50;0,0689
1933,00;0,0691
1932,50;0,0692
1932,00;0,0692
1931,50;0,0691
1931,00;0,0689
1930,50;0,0688
1930,00;0,0685
1929,50;0,0683
1929,00;0,0681
1928,50;0,0681
1928,00;0,0683
1927,50;0,0685
1927,00;0,0687
1926,50;0,0686
1926,00;0,0683
1925,50;0,0678
1925,00;0,0675
1924,50;0,0676
1924,00;0,0678
1923,50;0,0679
1923,00;0,0679
1922,50;0,0681
1922,00;0,0685
1921,50;0,0689
1921,00;0,0691
1920,50;0,0692
1920,00;0,0692
1919,50;0,0691
1919,00;0,0691
1918,50;0,0691
1918,00;0,0693
1917,50;0,0694
1917,00;0,0695
1916,50;0,0694
1916,00;0,0693
1915,50;0,0692
1915,00;0,0692
1914,50;0,0694
1914,00;0,0696
1913,50;0,0695
1913,00;0,0692
1912,50;0,0689
1912,00;0,0688
1911,50;0,0689
1911,00;0,0692
1910,50;0,0695
1910,00;0,0698
1909,50;0,0696
1909,00;0,0691
1908,50;0,0686
1908,00;0,0684
1907,50;0,0684
1907,00;0,0684
1906,50;0,0683
1906,00;0,0682
1905,50;0,0683
1905,00;0,0686
1904,50;0,0689
1904,00;0,0693
1903,50;0,0696
1903,00;0,0696
1902,50;0,0696
1902,00;0,0698
1901,50;0,0699
1901,00;0,0700
1900,50;0,0698
1900,00;0,0695
1899,50;0,0692
1899,00;0,0691
1898,50;0,0692
1898,00;0,0695
1897,50;0,0698
1897,00;0,0699
1896,50;0,0700
1896,00;0,0701
1895,50;0,0702
1895,00;0,0703
1894,50;0,0702
1894,00;0,0700
1893,50;0,0699
1893,00;0,0699
1892,50;0,0702
1892,00;0,0706
1891,50;0,0708
1891,00;0,0708
1890,50;0,0706
1890,00;0,0702
1889,50;0,0700
1889,00;0,0698
1888,50;0,0698
1888,00;0,0699
1887,50;0,0701
1887,00;0,0702
1886,50;0,0704
1886,00;0,0705
1885,50;0,0705
1885,00;0,0704
1884,50;0,0703
1884,00;0,0704
1883,50;0,0704
1883,00;0,0702
1882,50;0,0701
1882,00;0,0701
1881,50;0,0703
1881,00;0,0706
1880,50;0,0707
1880,00;0,0707
1879,50;0,0707
1879,00;0,0705
1878,50;0,0705
1878,00;0,0705
1877,50;0,0708
1877,00;0,0711
1876,50;0,0712
1876,00;0,0712
1875,50;0,0710
1875,00;0,0707
1874,50;0,0704
1874,00;0,0704
1873,50;0,0705
1873,00;0,0707
1872,50;0,0709
1872,00;0,0710
1871,50;0,0709
1871,00;0,0710
1870,50;0,0711
1870,00;0,0712
1869,50;0,0712
1869,00;0,0711
1868,50;0,0710
1868,00;0,0709
1867,50;0,0710
1867,00;0,0710
1866,50;0,0711
1866,00;0,0710
1865,50;0,0710
1865,00;0,0709
1864,50;0,0709
1864,00;0,0709
1863,50;0,0710
1863,00;0,0710
1862,50;0,0709
1862,00;0,0708
1861,50;0,0706
1861,00;0,0705
1860,50;0,0706
1860,00;0,0708
1859,50;0,0710
1859,00;0,0712
1858,50;0,0713
1858,00;0,0713
1857,50;0,0714
1857,00;0,0714
1856,50;0,0714
1856,00;0,0715
1855,50;0,0716
1855,00;0,0716
1854,50;0,0715
1854,00;0,0712
1853,50;0,0709
1853,00;0,0708
1852,50;0,0711
1852,00;0,0714
1851,50;0,0717
1851,00;0,0718
1850,50;0,0718
1850,00;0,0719
1849,50;0,0721
1849,00;0,0721
1848,50;0,0720
1848,00;0,0720
1847,50;0,0720
1847,00;0,0721
1846,50;0,0724
1846,00;0,0724
1845,50;0,0723
1845,00;0,0720
1844,50;0,0717
1844,00;0,0718
1843,50;0,0721
1843,00;0,0723
1842,50;0,0723
1842,00;0,0724
1841,50;0,0725
1841,00;0,0728
1840,50;0,0728
1840,00;0,0725
1839,50;0,0721
1839,00;0,0719
1838,50;0,0720
1838,00;0,0722
1837,50;0,0725
1837,00;0,0726
1836,50;0,0725
1836,00;0,0725
1835,50;0,0726
1835,00;0,0728
1834,50;0,0729
1834,00;0,0728
1833,50;0,0725
1833,00;0,0724
1832,50;0,0723
1832,00;0,0721
1831,50;0,0721
1831,00;0,0722
1830,50;0,0724
1830,00;0,0728
1829,50;0,0731
1829,00;0,0734
1828,50;0,0735
1828,00;0,0736
1827,50;0,0735
1827,00;0,0733
1826,50;0,0734
1826,00;0,0734
1825,50;0,0735
1825,00;0,0735
1824,50;0,0734
1824,00;0,0733
1823,50;0,0733
1823,00;0,0733
1822,50;0,0734
1822,00;0,0736
1821,50;0,0739
1821,00;0,0741
1820,50;0,0742
1820,00;0,0740
1819,50;0,0737
1819,00;0,0734
1818,50;0,0733
1818,00;0,0733
1817,50;0,0734
1817,00;0,0735
1816,50;0,0736
1816,00;0,0736
1815,50;0,0735
1815,00;0,0735
1814,50;0,0736
1814,00;0,0737
1813,50;0,0739
1813,00;0,0741
1812,50;0,0741
1812,00;0,0741
1811,50;0,0741
1811,00;0,0741
1810,50;0,0743
1810,00;0,0744
1809,50;0,0745
1809,00;0,0745
1808,50;0,0746
1808,00;0,0747
1807,50;0,0747
1807,00;0,0747
1806,50;0,0748
1806,00;0,0748
1805,50;0,0749
1805,00;0,0750
1804,50;0,0750
1804,00;0,0751
1803,50;0,0751
1803,00;0,0750
1802,50;0,0750
1802,00;0,0749
1801,50;0,0750
1801,00;0,0751
1800,50;0,0752
1800,00;0,0753
1799,50;0,0752
1799,00;0,0752
1798,50;0,0753
1798,00;0,0753
1797,50;0,0752
1797,00;0,0752
1796,50;0,0754
1796,00;0,0756
1795,50;0,0756
1795,00;0,0756
1794,50;0,0754
1794,00;0,0753
1793,50;0,0753
1793,00;0,0755
1792,50;0,0759
1792,00;0,0762
1791,50;0,0764
1791,00;0,0765
1790,50;0,0765
1790,00;0,0765
1789,50;0,0765
1789,00;0,0766
1788,50;0,0768
1788,00;0,0770
1787,50;0,0772
1787,00;0,0772
1786,50;0,0771
1786,00;0,0769
1785,50;0,0767
1785,00;0,0766
1784,50;0,0767
1784,00;0,0767
1783,50;0,0767
1783,00;0,0767
1782,50;0,0767
1782,00;0,0768
1781,50;0,0770
1781,00;0,0771
1780,50;0,0773
1780,00;0,0773
1779,50;0,0773
1779,00;0,0773
1778,50;0,0772
1778,00;0,0772
1777,50;0,0773
1777,00;0,0774
1776,50;0,0775
1776,00;0,0776
1775,50;0,0779
1775,00;0,0781
1774,50;0,0784
1774,00;0,0785
1773,50;0,0786
1773,00;0,0786
1772,50;0,0786
1772,00;0,0787
1771,50;0,0788
1771,00;0,0789
1770,50;0,0789
1770,00;0,0789
1769,50;0,0788
1769,00;0,0787
1768,50;0,0785
1768,00;0,0785
1767,50;0,0787
1767,00;0,0790
1766,50;0,0794
1766,00;0,0796
1765,50;0,0797
1765,00;0,0798
1764,50;0,0799
1764,00;0,0800
1763,50;0,0800
1763,00;0,0799
1762,50;0,0798
1762,00;0,0797
1761,50;0,0799
1761,00;0,0802
1760,50;0,0804
1760,00;0,0805
1759,50;0,0806
1759,00;0,0806
1758,50;0,0807
1758,00;0,0808
1757,50;0,0808
1757,00;0,0808
1756,50;0,0809
1756,00;0,0810
1755,50;0,0811
1755,00;0,0812
1754,50;0,0813
1754,00;0,0814
1753,50;0,0813
1753,00;0,0812
1752,50;0,0811
1752,00;0,0811
1751,50;0,0814
1751,00;0,0818
1750,50;0,0823
1750,00;0,0825
1749,50;0,0826
1749,00;0,0827
1748,50;0,0828
1748,00;0,0830
1747,50;0,0832
1747,00;0,0831
1746,50;0,0830
1746,00;0,0829
1745,50;0,0830
1745,00;0,0830
1744,50;0,0831
1744,00;0,0832
1743,50;0,0834
1743,00;0,0835
1742,50;0,0837
1742,00;0,0839
1741,50;0,0841
1741,00;0,0842
1740,50;0,0842
1740,00;0,0842
1739,50;0,0843
1739,00;0,0844
1738,50;0,0843
1738,00;0,0842
1737,50;0,0841
1737,00;0,0842
1736,50;0,0843
1736,00;0,0843
1735,50;0,0844
1735,00;0,0843
1734,50;0,0842
1734,00;0,0843
1733,50;0,0843
1733,00;0,0843
1732,50;0,0842
1732,00;0,0842
1731,50;0,0843
1731,00;0,0845
1730,50;0,0848
1730,00;0,0850
1729,50;0,0851
1729,00;0,0851
1728,50;0,0852
1728,00;0,0853
1727,50;0,0855
1727,00;0,0858
1726,50;0,0860
1726,00;0,0862
1725,50;0,0864
1725,00;0,0864
1724,50;0,0865
1724,00;0,0866
1723,50;0,0868
1723,00;0,0871
1722,50;0,0874
1722,00;0,0877
1721,50;0,0880
1721,00;0,0884
1720,50;0,0887
1720,00;0,0890
1719,50;0,0890
1719,00;0,0890
1718,50;0,0890
1718,00;0,0893
1717,50;0,0897
1717,00;0,0899
1716,50;0,0899
1716,00;0,0900
1715,50;0,0901
1715,00;0,0903
1714,50;0,0905
1714,00;0,0908
1713,50;0,0911
1713,00;0,0913
1712,50;0,0915
1712,00;0,0917
1711,50;0,0919
1711,00;0,0920
1710,50;0,0921
1710,00;0,0921
1709,50;0,0922
1709,00;0,0924
1708,50;0,0926
1708,00;0,0929
1707,50;0,0931
1707,00;0,0931
1706,50;0,0932
1706,00;0,0933
1705,50;0,0936
1705,00;0,0937
1704,50;0,0939
1704,00;0,0940
1703,50;0,0943
1703,00;0,0946
1702,50;0,0949
1702,00;0,0951
1701,50;0,0951
1701,00;0,0948
1700,50;0,0945
1700,00;0,0948
1699,50;0,0954
1699,00;0,0958
1698,50;0,0960
1698,00;0,0962
1697,50;0,0963
1697,00;0,0964
1696,50;0,0965
1696,00;0,0964
1695,50;0,0965
1695,00;0,0968
1694,50;0,0971
1694,00;0,0973
1693,50;0,0973
1693,00;0,0974
1692,50;0,0976
1692,00;0,0979
1691,50;0,0980
1691,00;0,0981
1690,50;0,0982
1690,00;0,0983
1689,50;0,0985
1689,00;0,0988
1688,50;0,0990
1688,00;0,0991
1687,50;0,0990
1687,00;0,0990
1686,50;0,0990
1686,00;0,0990
1685,50;0,0990
1685,00;0,0990
1684,50;0,0992
1684,00;0,0995
1683,50;0,0996
1683,00;0,0997
1682,50;0,1001
1682,00;0,1005
1681,50;0,1008
1681,00;0,1010
1680,50;0,1011
1680,00;0,1011
1679,50;0,1011
1679,00;0,1011
1678,50;0,1012
1678,00;0,1012
1677,50;0,1014
1677,00;0,1015
1676,50;0,1014
1676,00;0,1013
1675,50;0,1012
1675,00;0,1015
1674,50;0,1019
1674,00;0,1022
1673,50;0,1024
1673,00;0,1025
1672,50;0,1025
1672,00;0,1025
1671,50;0,1027
1671,00;0,1030
1670,50;0,1032
1670,00;0,1032
1669,50;0,1032
1669,00;0,1031
1668,50;0,1032
1668,00;0,1034
1667,50;0,1036
1667,00;0,1038
1666,50;0,1040
1666,00;0,1041
1665,50;0,1042
1665,00;0,1042
1664,50;0,1043
1664,00;0,1044
1663,50;0,1044
1663,00;0,1044
1662,50;0,1044
1662,00;0,1045
1661,50;0,1048
1661,00;0,1050
1660,50;0,1053
1660,00;0,1055
1659,50;0,1056
1659,00;0,1056
1658,50;0,1055
1658,00;0,1054
1657,50;0,1054
1657,00;0,1054
1656,50;0,1056
1656,00;0,1059
1655,50;0,1061
1655,00;0,1061
1654,50;0,1060
1654,00;0,1060
1653,50;0,1064
1653,00;0,1067
1652,50;0,1066
1652,00;0,1064
1651,50;0,1064
1651,00;0,1064
1650,50;0,1066
1650,00;0,1068
1649,50;0,1069
1649,00;0,1069
1648,50;0,1068
1648,00;0,1067
1647,50;0,1067
1647,00;0,1067
1646,50;0,1066
1646,00;0,1065
1645,50;0,1066
1645,00;0,1067
1644,50;0,1067
1644,00;0,1065
1643,50;0,1063
1643,00;0,1062
1642,50;0,1062
1642,00;0,1061
1641,50;0,1061
1641,00;0,1060
1640,50;0,1061
1640,00;0,1062
1639,50;0,1062
1639,00;0,1062
1638,50;0,1062
1638,00;0,1063
1637,50;0,1064
1637,00;0,1065
1636,50;0,1067
1636,00;0,1069
1635,50;0,1072
1635,00;0,1075
1634,50;0,1079
1634,00;0,1080
1633,50;0,1079
1633,00;0,1076
1632,50;0,1074
1632,00;0,1074
1631,50;0,1074
1631,00;0,1074
1630,50;0,1072
1630,00;0,1069
1629,50;0,1065
1629,00;0,1062
1628,50;0,1062
1628,00;0,1062
1627,50;0,1062
1627,00;0,1061
1626,50;0,1060
1626,00;0,1060
1625,50;0,1060
1625,00;0,1060
1624,50;0,1061
1624,00;0,1062
1623,50;0,1062
1623,00;0,1062
1622,50;0,1062
1622,00;0,1062
1621,50;0,1059
1621,00;0,1057
1620,50;0,1057
1620,00;0,1057
1619,50;0,1058
1619,00;0,1058
1618,50;0,1058
1618,00;0,1059
1617,50;0,1059
1617,00;0,1061
1616,50;0,1063
1616,00;0,1064
1615,50;0,1062
1615,00;0,1060
1614,50;0,1059
1614,00;0,1059
1613,50;0,1059
1613,00;0,1058
1612,50;0,1056
1612,00;0,1055
1611,50;0,1054
1611,00;0,1054
1610,50;0,1054
1610,00;0,1054
1609,50;0,1055
1609,00;0,1056
1608,50;0,1055
1608,00;0,1055
1607,50;0,1053
1607,00;0,1052
1606,50;0,1051
1606,00;0,1051
1605,50;0,1051
1605,00;0,1050
1604,50;0,1050
1604,00;0,1051
1603,50;0,1052
1603,00;0,1052
1602,50;0,1050
1602,00;0,1049
1601,50;0,1048
1601,00;0,1047
1600,50;0,1048
1600,00;0,1049
1599,50;0,1051
1599,00;0,1050
1598,50;0,1049
1598,00;0,1047
1597,50;0,1046
1597,00;0,1045
1596,50;0,1046
1596,00;0,1046
1595,50;0,1047
1595,00;0,1047
1594,50;0,1048
1594,00;0,1049
1593,50;0,1049
1593,00;0,1048
1592,50;0,1046
1592,00;0,1044
1591,50;0,1043
1591,00;0,1042
1590,50;0,1042
1590,00;0,1043
1589,50;0,1044
1589,00;0,1045
1588,50;0,1045
1588,00;0,1045
1587,50;0,1045
1587,00;0,1044
1586,50;0,1042
1586,00;0,1042
1585,50;0,1043
1585,00;0,1043
1584,50;0,1043
1584,00;0,1043
1583,50;0,1043
1583,00;0,1042
1582,50;0,1041
1582,00;0,1040
1581,50;0,1040
1581,00;0,1039
1580,50;0,1039
1580,00;0,1040
1579,50;0,1039
1579,00;0,1038
1578,50;0,1038
1578,00;0,1039
1577,50;0,1040
1577,00;0,1042
1576,50;0,1044
1576,00;0,1044
1575,50;0,1044
1575,00;0,1042
1574,50;0,1040
1574,00;0,1040
1573,50;0,1040
1573,00;0,1039
1572,50;0,1038
1572,00;0,1036
1571,50;0,1035
1571,00;0,1034
1570,50;0,1034
1570,00;0,1035
1569,50;0,1038
1569,00;0,1040
1568,50;0,1040
1568,00;0,1038
1567,50;0,1037
1567,00;0,1037
1566,50;0,1037
1566,00;0,1038
1565,50;0,1037
1565,00;0,1037
1564,50;0,1038
1564,00;0,1038
1563,50;0,1037
1563,00;0,1037
1562,50;0,1036
1562,00;0,1035
1561,50;0,1035
1561,00;0,1034
1560,50;0,1032
1560,00;0,1033
1559,50;0,1038
1559,00;0,1044
1558,50;0,1047
1558,00;0,1045
1557,50;0,1043
1557,00;0,1042
1556,50;0,1041
1556,00;0,1040
1555,50;0,1040
1555,00;0,1040
1554,50;0,1039
1554,00;0,1036
1553,50;0,1034
1553,00;0,1033
1552,50;0,1034
1552,00;0,1036
1551,50;0,1035
1551,00;0,1034
1550,50;0,1031
1550,00;0,1028
1549,50;0,1026
1549,00;0,1026
1548,50;0,1025
1548,00;0,1025
1547,50;0,1025
1547,00;0,1027
1546,50;0,1028
1546,00;0,1028
1545,50;0,1028
1545,00;0,1029
1544,50;0,1032
1544,00;0,1032
1543,50;0,1031
1543,00;0,1030
1542,50;0,1029
1542,00;0,1028
1541,50;0,1029
1541,00;0,1030
1540,50;0,1030
1540,00;0,1031
1539,50;0,1033
1539,00;0,1035
1538,50;0,1035
1538,00;0,1035
1537,50;0,1034
1537,00;0,1035
1536,50;0,1034
1536,00;0,1033
1535,50;0,1031
1535,00;0,1030
1534,50;0,1029
1534,00;0,1028
1533,50;0,1029
1533,00;0,1030
1532,50;0,1030
1532,00;0,1030
1531,50;0,1029
1531,00;0,1029
1530,50;0,1029
1530,00;0,1028
1529,50;0,1028
1529,00;0,1028
1528,50;0,1028
1528,00;0,1027
1527,50;0,1026
1527,00;0,1026
1526,50;0,1026
1526,00;0,1026
1525,50;0,1027
1525,00;0,1029
1524,50;0,1032
1524,00;0,1033
1523,50;0,1032
1523,00;0,1031
1522,50;0,1030
1522,00;0,1030
1521,50;0,1029
1521,00;0,1030
1520,50;0,1030
1520,00;0,1031
1519,50;0,1030
1519,00;0,1029
1518,50;0,1027
1518,00;0,1025
1517,50;0,1025
1517,00;0,1026
1516,50;0,1027
1516,00;0,1026
1515,50;0,1025
1515,00;0,1025
1514,50;0,1025
1514,00;0,1026
1513,50;0,1026
1513,00;0,1025
1512,50;0,1025
1512,00;0,1025
1511,50;0,1025
1511,00;0,1025
1510,50;0,1026
1510,00;0,1027
1509,50;0,1028
1509,00;0,1028
1508,50;0,1028
1508,00;0,1029
1507,50;0,1031
1507,00;0,1033
1506,50;0,1036
1506,00;0,1036
1505,50;0,1033
1505,00;0,1031
1504,50;0,1030
1504,00;0,1030
1503,50;0,1032
1503,00;0,1032
1502,50;0,1031
1502,00;0,1031
1501,50;0,1031
1501,00;0,1031
1500,50;0,1030
1500,00;0,1030
1499,50;0,1030
1499,00;0,1031
1498,50;0,1033
1498,00;0,1036
1497,50;0,1037
1497,00;0,1036
1496,50;0,1034
1496,00;0,1032
1495,50;0,1032
1495,00;0,1032
1494,50;0,1031
1494,00;0,1030
1493,50;0,1028
1493,00;0,1028
1492,50;0,1027
1492,00;0,1025
1491,50;0,1022
1491,00;0,1019
1490,50;0,1018
1490,00;0,1019
1489,50;0,1021
1489,00;0,1023
1488,50;0,1024
1488,00;0,1024
1487,50;0,1025
1487,00;0,1027
1486,50;0,1028
1486,00;0,1028
1485,50;0,1026
1485,00;0,1024
1484,50;0,1022
1484,00;0,1021
1483,50;0,1022
1483,00;0,1023
1482,50;0,1023
1482,00;0,1022
1481,50;0,1020
1481,00;0,1017
1480,50;0,1015
1480,00;0,1013
1479,50;0,1013
1479,00;0,1014
1478,50;0,1016
1478,00;0,1017
1477,50;0,1017
1477,00;0,1015
1476,50;0,1014
1476,00;0,1014
1475,50;0,1015
1475,00;0,1016
1474,50;0,1017
1474,00;0,1017
1473,50;0,1016
1473,00;0,1015
1472,50;0,1014
1472,00;0,1013
1471,50;0,1012
1471,00;0,1012
1470,50;0,1011
1470,00;0,1010
1469,50;0,1009
1469,00;0,1009
1468,50;0,1009
1468,00;0,1009
1467,50;0,1008
1467,00;0,1007
1466,50;0,1006
1466,00;0,1006
1465,50;0,1005
1465,00;0,1004
1464,50;0,1005
1464,00;0,1005
1463,50;0,1005
1463,00;0,1005
1462,50;0,1006
1462,00;0,1008
1461,50;0,1009
1461,00;0,1010
1460,50;0,1009
1460,00;0,1007
1459,50;0,1004
1459,00;0,1002
1458,50;0,1001
1458,00;0,1001
1457,50;0,1000
1457,00;0,0999
1456,50;0,0999
1456,00;0,1000
1455,50;0,1001
1455,00;0,1002
1454,50;0,1002
1454,00;0,1001
1453,50;0,1001
1453,00;0,1000
1452,50;0,1000
1452,00;0,1000
1451,50;0,1001
1451,00;0,1002
1450,50;0,1003
1450,00;0,1002
1449,50;0,1001
1449,00;0,1000
1448,50;0,0999
1448,00;0,0998
1447,50;0,0998
1447,00;0,0999
1446,50;0,0997
1446,00;0,0994
1445,50;0,0991
1445,00;0,0989
1444,50;0,0989
1444,00;0,0989
1443,50;0,0989
1443,00;0,0988
1442,50;0,0988
1442,00;0,0987
1441,50;0,0987
1441,00;0,0988
1440,50;0,0989
1440,00;0,0989
1439,50;0,0989
1439,00;0,0988
1438,50;0,0986
1438,00;0,0983
1437,50;0,0979
1437,00;0,0977
1436,50;0,0977
1436,00;0,0981
1435,50;0,0984
1435,00;0,0986
1434,50;0,0987
1434,00;0,0986
1433,50;0,0986
1433,00;0,0985
1432,50;0,0983
1432,00;0,0981
1431,50;0,0980
1431,00;0,0980
1430,50;0,0981
1430,00;0,0982
1429,50;0,0984
1429,00;0,0984
1428,50;0,0982
1428,00;0,0980
1427,50;0,0978
1427,00;0,0977
1426,50;0,0978
1426,00;0,0979
1425,50;0,0981
1425,00;0,0982
1424,50;0,0981
1424,00;0,0979
1423,50;0,0976
1423,00;0,0975
1422,50;0,0973
1422,00;0,0971
1421,50;0,0969
1421,00;0,0969
1420,50;0,0970
1420,00;0,0972
1419,50;0,0974
1419,00;0,0976
1418,50;0,0977
1418,00;0,0976
1417,50;0,0974
1417,00;0,0972
1416,50;0,0970
1416,00;0,0969
1415,50;0,0969
1415,00;0,0971
1414,50;0,0972
1414,00;0,0972
1413,50;0,0971
1413,00;0,0968
1412,50;0,0965
1412,00;0,0964
1411,50;0,0964
1411,00;0,0964
1410,50;0,0966
1410,00;0,0967
1409,50;0,0967
1409,00;0,0966
1408,50;0,0965
1408,00;0,0965
1407,50;0,0965
1407,00;0,0965
1406,50;0,0964
1406,00;0,0964
1405,50;0,0964
1405,00;0,0965
1404,50;0,0965
1404,00;0,0964
1403,50;0,0963
1403,00;0,0961
1402,50;0,0959
1402,00;0,0957
1401,50;0,0955
1401,00;0,0954
1400,50;0,0953
1400,00;0,0953
1399,50;0,0952
1399,00;0,0952
1398,50;0,0951
1398,00;0,0949
1397,50;0,0947
1397,00;0,0945
1396,50;0,0944
1396,00;0,0943
1395,50;0,0942
1395,00;0,0941
1394,50;0,0942
1394,00;0,0943
1393,50;0,0944
1393,00;0,0942
1392,50;0,0939
1392,00;0,0938
1391,50;0,0937
1391,00;0,0939
1390,50;0,0941
1390,00;0,0944
1389,50;0,0944
1389,00;0,0944
1388,50;0,0942
1388,00;0,0941
1387,50;0,0941
1387,00;0,0941
1386,50;0,0940
1386,00;0,0940
1385,50;0,0941
1385,00;0,0943
1384,50;0,0943
1384,00;0,0942
1383,50;0,0939
1383,00;0,0937
1382,50;0,0935
1382,00;0,0935
1381,50;0,0936
1381,00;0,0938
1380,50;0,0939
1380,00;0,0940
1379,50;0,0941
1379,00;0,0940
1378,50;0,0938
1378,00;0,0936
1377,50;0,0933
1377,00;0,0930
1376,50;0,0929
1376,00;0,0928
1375,50;0,0927
1375,00;0,0927
1374,50;0,0927
1374,00;0,0928
1373,50;0,0929
1373,00;0,0930
1372,50;0,0930
1372,00;0,0930
1371,50;0,0931
1371,00;0,0931
1370,50;0,0931
1370,00;0,0930
1369,50;0,0929
1369,00;0,0928
1368,50;0,0926
1368,00;0,0924
1367,50;0,0922
1367,00;0,0922
1366,50;0,0922
1366,00;0,0924
1365,50;0,0925
1365,00;0,0925
1364,50;0,0924
1364,00;0,0922
1363,50;0,0920
1363,00;0,0919
1362,50;0,0918
1362,00;0,0918
1361,50;0,0918
1361,00;0,0917
1360,50;0,0917
1360,00;0,0916
1359,50;0,0914
1359,00;0,0914
1358,50;0,0914
1358,00;0,0916
1357,50;0,0918
1357,00;0,0919
1356,50;0,0919
1356,00;0,0918
1355,50;0,0918
1355,00;0,0917
1354,50;0,0916
1354,00;0,0915
1353,50;0,0915
1353,00;0,0916
1352,50;0,0917
1352,00;0,0918
1351,50;0,0919
1351,00;0,0920
1350,50;0,0921
1350,00;0,0923
1349,50;0,0924
1349,00;0,0924
1348,50;0,0922
1348,00;0,0919
1347,50;0,0916
1347,00;0,0914
1346,50;0,0912
1346,00;0,0912
1345,50;0,0912
1345,00;0,0912
1344,50;0,0913
1344,00;0,0913
1343,50;0,0913
1343,00;0,0913
1342,50;0,0913
1342,00;0,0913
1341,50;0,0912
1341,00;0,0910
1340,50;0,0908
1340,00;0,0905
1339,50;0,0904
1339,00;0,0905
1338,50;0,0906
1338,00;0,0907
1337,50;0,0907
1337,00;0,0908
1336,50;0,0908
1336,00;0,0909
1335,50;0,0910
1335,00;0,0911
1334,50;0,0912
1334,00;0,0912
1333,50;0,0911
1333,00;0,0909
1332,50;0,0908
1332,00;0,0907
1331,50;0,0907
1331,00;0,0906
1330,50;0,0906
1330,00;0,0906
1329,50;0,0906
1329,00;0,0906
1328,50;0,0907
1328,00;0,0908
1327,50;0,0908
1327,00;0,0908
1326,50;0,0908
1326,00;0,0907
1325,50;0,0905
1325,00;0,0902
1324,50;0,0898
1324,00;0,0896
1323,50;0,0895
1323,00;0,0896
1322,50;0,0897
1322,00;0,0897
1321,50;0,0898
1321,00;0,0899
1320,50;0,0900
1320,00;0,0901
1319,50;0,0900
1319,00;0,0900
1318,50;0,0898
1318,00;0,0897
1317,50;0,0896
1317,00;0,0897
1316,50;0,0898
1316,00;0,0898
1315,50;0,0898
1315,00;0,0898
1314,50;0,0898
1314,00;0,0899
1313,50;0,0900
1313,00;0,0900
1312,50;0,0900
1312,00;0,0898
1311,50;0,0897
1311,00;0,0896
1310,50;0,0895
1310,00;0,0895
1309,50;0,0894
1309,00;0,0894
1308,50;0,0894
1308,00;0,0894
1307,50;0,0894
1307,00;0,0895
1306,50;0,0895
1306,00;0,0895
1305,50;0,0895
1305,00;0,0895
1304,50;0,0894
1304,00;0,0893
1303,50;0,0892
1303,00;0,0891
1302,50;0,0890
1302,00;0,0888
1301,50;0,0887
1301,00;0,0886
1300,50;0,0887
1300,00;0,0887
1299,50;0,0888
1299,00;0,0890
1298,50;0,0891
1298,00;0,0891
1297,50;0,0890
1297,00;0,0887
1296,50;0,0884
1296,00;0,0881
1295,50;0,0880
1295,00;0,0880
1294,50;0,0880
1294,00;0,0882
1293,50;0,0883
1293,00;0,0884
1292,50;0,0884
1292,00;0,0882
1291,50;0,0880
1291,00;0,0878
1290,50;0,0876
1290,00;0,0875
1289,50;0,0875
1289,00;0,0876
1288,50;0,0877
1288,00;0,0878
1287,50;0,0879
1287,00;0,0878
1286,50;0,0877
1286,00;0,0876
1285,50;0,0877
1285,00;0,0879
1284,50;0,0881
1284,00;0,0882
1283,50;0,0882
1283,00;0,0881
1282,50;0,0880
1282,00;0,0879
1281,50;0,0876
1281,00;0,0874
1280,50;0,0874
1280,00;0,0874
1279,50;0,0874
1279,00;0,0874
1278,50;0,0874
1278,00;0,0873
1277,50;0,0872
1277,00;0,0872
1276,50;0,0871
1276,00;0,0869
1275,50;0,0867
1275,00;0,0866
1274,50;0,0866
1274,00;0,0868
1273,50;0,0870
1273,00;0,0870
1272,50;0,0869
1272,00;0,0867
1271,50;0,0864
1271,00;0,0862
1270,50;0,0862
1270,00;0,0862
1269,50;0,0863
1269,00;0,0863
1268,50;0,0861
1268,00;0,0859
1267,50;0,0858
1267,00;0,0858
1266,50;0,0861
1266,00;0,0864
1265,50;0,0865
1265,00;0,0865
1264,50;0,0863
1264,00;0,0863
1263,50;0,0863
1263,00;0,0864
1262,50;0,0865
1262,00;0,0866
1261,50;0,0867
1261,00;0,0868
1260,50;0,0868
1260,00;0,0868
1259,50;0,0866
1259,00;0,0865
1258,50;0,0864
1258,00;0,0862
1257,50;0,0861
1257,00;0,0860
1256,50;0,0860
1256,00;0,0861
1255,50;0,0861
1255,00;0,0861
1254,50;0,0860
1254,00;0,0858
1253,50;0,0857
1253,00;0,0857
1252,50;0,0857
1252,00;0,0858
1251,50;0,0859
1251,00;0,0860
1250,50;0,0860
1250,00;0,0859
1249,50;0,0857
1249,00;0,0855
1248,50;0,0853
1248,00;0,0852
1247,50;0,0853
1247,00;0,0855
1246,50;0,0855
1246,00;0,0854
1245,50;0,0852
1245,00;0,0851
1244,50;0,0852
1244,00;0,0853
1243,50;0,0853
1243,00;0,0853
1242,50;0,0853
1242,00;0,0853
1241,50;0,0853
1241,00;0,0853
1240,50;0,0853
1240,00;0,0852
1239,50;0,0852
1239,00;0,0850
1238,50;0,0850
1238,00;0,0852
1237,50;0,0855
1237,00;0,0857
1236,50;0,0858
1236,00;0,0857
1235,50;0,0857
1235,00;0,0856
1234,50;0,0854
1234,00;0,0851
1233,50;0,0849
1233,00;0,0848
1232,50;0,0848
1232,00;0,0850
1231,50;0,0853
1231,00;0,0855
1230,50;0,0855
1230,00;0,0855
1229,50;0,0854
1229,00;0,0853
1228,50;0,0851
1228,00;0,0849
1227,50;0,0849
1227,00;0,0849
1226,50;0,0851
1226,00;0,0853
1225,50;0,0856
1225,00;0,0857
1224,50;0,0858
1224,00;0,0858
1223,50;0,0858
1223,00;0,0858
1222,50;0,0856
1222,00;0,0855
1221,50;0,0854
1221,00;0,0855
1220,50;0,0856
1220,00;0,0856
1219,50;0,0855
1219,00;0,0855
1218,50;0,0856
1218,00;0,0857
1217,50;0,0857
1217,00;0,0857
1216,50;0,0856
1216,00;0,0856
1215,50;0,0856
1215,00;0,0856
1214,50;0,0855
1214,00;0,0853
1213,50;0,0850
1213,00;0,0849
1212,50;0,0848
1212,00;0,0847
1211,50;0,0846
1211,00;0,0845
1210,50;0,0844
1210,00;0,0844
1209,50;0,0843
1209,00;0,0841
1208,50;0,0839
1208,00;0,0839
1207,50;0,0840
1207,00;0,0842
1206,50;0,0844
1206,00;0,0846
1205,50;0,0848
1205,00;0,0850
1204,50;0,0851
1204,00;0,0850
1203,50;0,0849
1203,00;0,0849
1202,50;0,0849
1202,00;0,0849
1201,50;0,0849
1201,00;0,0849
1200,50;0,0847
1200,00;0,0846
1199,50;0,0844
1199,00;0,0842
1198,50;0,0841
1198,00;0,0840
1197,50;0,0838
1197,00;0,0836
1196,50;0,0835
1196,00;0,0834
1195,50;0,0835
1195,00;0,0836
1194,50;0,0837
1194,00;0,0837
1193,50;0,0837
1193,00;0,0836
1192,50;0,0836
1192,00;0,0837
1191,50;0,0837
1191,00;0,0837
1190,50;0,0837
1190,00;0,0837
1189,50;0,0839
1189,00;0,0841
1188,50;0,0842
1188,00;0,0842
1187,50;0,0840
1187,00;0,0839
1186,50;0,0839
1186,00;0,0840
1185,50;0,0841
1185,00;0,0841
1184,50;0,0841
1184,00;0,0840
1183,50;0,0840
1183,00;0,0838
1182,50;0,0837
1182,00;0,0836
1181,50;0,0836
1181,00;0,0837
1180,50;0,0839
1180,00;0,0839
1179,50;0,0839
1179,00;0,0838
1178,50;0,0836
1178,00;0,0836
1177,50;0,0837
1177,00;0,0838
1176,50;0,0839
1176,00;0,0838
1175,50;0,0838
1175,00;0,0837
1174,50;0,0837
1174,00;0,0838
1173,50;0,0838
1173,00;0,0837
1172,50;0,0837
1172,00;0,0837
1171,50;0,0836
1171,00;0,0837
1170,50;0,0838
1170,00;0,0841
1169,50;0,0843
1169,00;0,0844
1168,50;0,0844
1168,00;0,0843
1167,50;0,0841
1167,00;0,0840
1166,50;0,0838
1166,00;0,0836
1165,50;0,0834
1165,00;0,0833
1164,50;0,0833
1164,00;0,0834
1163,50;0,0834
1163,00;0,0833
1162,50;0,0833
1162,00;0,0833
1161,50;0,0835
1161,00;0,0835
1160,50;0,0835
1160,00;0,0833
1159,50;0,0830
1159,00;0,0827
1158,50;0,0826
1158,00;0,0827
1157,50;0,0828
1157,00;0,0829
1156,50;0,0830
1156,00;0,0829
1155,50;0,0829
1155,00;0,0828
1154,50;0,0829
1154,00;0,0829
1153,50;0,0829
1153,00;0,0828
1152,50;0,0828
1152,00;0,0828
1151,50;0,0828
1151,00;0,0827
1150,50;0,0824
1150,00;0,0821
1149,50;0,0819
1149,00;0,0818
1148,50;0,0818
1148,00;0,0820
1147,50;0,0822
1147,00;0,0823
1146,50;0,0823
1146,00;0,0822
1145,50;0,0821
1145,00;0,0819
1144,50;0,0817
1144,00;0,0816
1143,50;0,0817
1143,00;0,0819
1142,50;0,0821
1142,00;0,0823
1141,50;0,0825
1141,00;0,0827
1140,50;0,0828
1140,00;0,0829
1139,50;0,0830
1139,00;0,0829
1138,50;0,0828
1138,00;0,0827
1137,50;0,0827
1137,00;0,0827
1136,50;0,0828
1136,00;0,0827
1135,50;0,0826
1135,00;0,0825
1134,50;0,0825
1134,00;0,0826
1133,50;0,0827
1133,00;0,0827
1132,50;0,0827
1132,00;0,0825
1131,50;0,0824
1131,00;0,0822
1130,50;0,0820
1130,00;0,0819
1129,50;0,0818
1129,00;0,0818
1128,50;0,0818
1128,00;0,0818
1127,50;0,0818
1127,00;0,0819
1126,50;0,0821
1126,00;0,0822
1125,50;0,0822
1125,00;0,0820
1124,50;0,0817
1124,00;0,0813
1123,50;0,0812
1123,00;0,0812
1122,50;0,0813
1122,00;0,0814
1121,50;0,0815
1121,00;0,0815
1120,50;0,0815
1120,00;0,0814
1119,50;0,0812
1119,00;0,0810
1118,50;0,0809
1118,00;0,0808
1117,50;0,0808
1117,00;0,0809
1116,50;0,0810
1116,00;0,0812
1115,50;0,0813
1115,00;0,0813
1114,50;0,0813
1114,00;0,0812
1113,50;0,0812
1113,00;0,0813
1112,50;0,0815
1112,00;0,0816
1111,50;0,0816
1111,00;0,0815
1110,50;0,0814
1110,00;0,0813
1109,50;0,0813
1109,00;0,0812
1108,50;0,0812
1108,00;0,0811
1107,50;0,0810
1107,00;0,0810
1106,50;0,0810
1106,00;0,0811
1105,50;0,0810
1105,00;0,0809
1104,50;0,0807
1104,00;0,0804
1103,50;0,0802
1103,00;0,0799
1102,50;0,0797
1102,00;0,0797
1101,50;0,0798
1101,00;0,0798
1100,50;0,0799
1100,00;0,0800
1099,50;0,0800
1099,00;0,0800
1098,50;0,0799
1098,00;0,0796
1097,50;0,0793
1097,00;0,0790
1096,50;0,0787
1096,00;0,0787
1095,50;0,0787
1095,00;0,0788
1094,50;0,0788
1094,00;0,0786
1093,50;0,0784
1093,00;0,0782
1092,50;0,0782
1092,00;0,0785
1091,50;0,0788
1091,00;0,0790
1090,50;0,0790
1090,00;0,0790
1089,50;0,0788
1089,00;0,0787
1088,50;0,0785
1088,00;0,0781
1087,50;0,0777
1087,00;0,0774
1086,50;0,0772
1086,00;0,0770
1085,50;0,0769
1085,00;0,0769
1084,50;0,0769
1084,00;0,0769
1083,50;0,0769
1083,00;0,0767
1082,50;0,0764
1082,00;0,0760
1081,50;0,0757
1081,00;0,0757
1080,50;0,0757
1080,00;0,0757
1079,50;0,0756
1079,00;0,0756
1078,50;0,0755
1078,00;0,0754
1077,50;0,0752
1077,00;0,0749
1076,50;0,0746
1076,00;0,0745
1075,50;0,0744
1075,00;0,0744
1074,50;0,0743
1074,00;0,0741
1073,50;0,0740
1073,00;0,0739
1072,50;0,0738
1072,00;0,0737
1071,50;0,0738
1071,00;0,0740
1070,50;0,0742
1070,00;0,0744
1069,50;0,0745
1069,00;0,0745
1068,50;0,0745
1068,00;0,0743
1067,50;0,0741
1067,00;0,0738
1066,50;0,0737
1066,00;0,0736
1065,50;0,0735
1065,00;0,0736
1064,50;0,0738
1064,00;0,0741
1063,50;0,0742
1063,00;0,0742
1062,50;0,0740
1062,00;0,0737
1061,50;0,0732
1061,00;0,0729
1060,50;0,0729
1060,00;0,0731
1059,50;0,0734
1059,00;0,0737
1058,50;0,0741
1058,00;0,0743
1057,50;0,0743
1057,00;0,0741
1056,50;0,0740
1056,00;0,0739
1055,50;0,0738
1055,00;0,0737
1054,50;0,0737
1054,00;0,0739
1053,50;0,0742
1053,00;0,0744
1052,50;0,0745
1052,00;0,0745
1051,50;0,0744
1051,00;0,0742
1050,50;0,0739
1050,00;0,0738
1049,50;0,0739
1049,00;0,0740
1048,50;0,0742
1048,00;0,0742
1047,50;0,0742
1047,00;0,0742
1046,50;0,0743
1046,00;0,0744
1045,50;0,0745
1045,00;0,0746
1044,50;0,0747
1044,00;0,0748
1043,50;0,0748
1043,00;0,0748
1042,50;0,0747
1042,00;0,0747
1041,50;0,0746
1041,00;0,0744
1040,50;0,0742
1040,00;0,0741
1039,50;0,0743
1039,00;0,0745
1038,50;0,0748
1038,00;0,0750
1037,50;0,0751
1037,00;0,0751
1036,50;0,0750
1036,00;0,0750
1035,50;0,0750
1035,00;0,0749
1034,50;0,0749
1034,00;0,0750
1033,50;0,0750
1033,00;0,0749
1032,50;0,0749
1032,00;0,0751
1031,50;0,0754
1031,00;0,0756
1030,50;0,0756
1030,00;0,0755
1029,50;0,0754
1029,00;0,0756
1028,50;0,0758
1028,00;0,0761
1027,50;0,0763
1027,00;0,0764
1026,50;0,0763
1026,00;0,0762
1025,50;0,0761
1025,00;0,0760
1024,50;0,0759
1024,00;0,0760
1023,50;0,0761
1023,00;0,0764
1022,50;0,0767
1022,00;0,0770
1021,50;0,0772
1021,00;0,0773
1020,50;0,0773
1020,00;0,0772
1019,50;0,0772
1019,00;0,0771
1018,50;0,0770
1018,00;0,0771
1017,50;0,0773
1017,00;0,0778
1016,50;0,0782
1016,00;0,0785
1015,50;0,0785
1015,00;0,0785
1014,50;0,0783
1014,00;0,0782
1013,50;0,0782
1013,00;0,0784
1012,50;0,0787
1012,00;0,0791
1011,50;0,0794
1011,00;0,0796
1010,50;0,0796
1010,00;0,0796
1009,50;0,0796
1009,00;0,0797
1008,50;0,0799
1008,00;0,0801
1007,50;0,0803
1007,00;0,0806
1006,50;0,0810
1006,00;0,0813
1005,50;0,0816
1005,00;0,0816
1004,50;0,0815
1004,00;0,0813
1003,50;0,0813
1003,00;0,0814
1002,50;0,0817
1002,00;0,0821
1001,50;0,0824
1001,00;0,0827
1000,50;0,0829
1000,00;0,0832
999,50;0,0836
999,00;0,0838
998,50;0,0839
998,00;0,0839
997,50;0,0839
997,00;0,0841
996,50;0,0843
996,00;0,0847
995,50;0,0850
995,00;0,0852
994,50;0,0854
994,00;0,0857
993,50;0,0859
993,00;0,0860
992,50;0,0862
992,00;0,0865
991,50;0,0868
991,00;0,0872
990,50;0,0876
990,00;0,0878
989,50;0,0880
989,00;0,0882
988,50;0,0883
988,00;0,0885
987,50;0,0886
987,00;0,0889
986,50;0,0893
986,00;0,0899
985,50;0,0906
985,00;0,0911
984,50;0,0915
984,00;0,0916
983,50;0,0917
983,00;0,0917
982,50;0,0918
982,00;0,0923
981,50;0,0930
981,00;0,0937
980,50;0,0942
980,00;0,0945
979,50;0,0947
979,00;0,0949
978,50;0,0952
978,00;0,0954
977,50;0,0956
977,00;0,0958
976,50;0,0961
976,00;0,0964
975,50;0,0968
975,00;0,0973
974,50;0,0980
974,00;0,0987
973,50;0,0993
973,00;0,0998
972,50;0,1000
972,00;0,1002
971,50;0,1004
971,00;0,1007
970,50;0,1011
970,00;0,1017
969,50;0,1023
969,00;0,1029
968,50;0,1035
968,00;0,1042
967,50;0,1047
967,00;0,1051
966,50;0,1055
966,00;0,1059
965,50;0,1066
965,00;0,1073
964,50;0,1081
964,00;0,1086
963,50;0,1089
963,00;0,1091
962,50;0,1093
962,00;0,1097
961,50;0,1101
961,00;0,1108
960,50;0,1117
960,00;0,1130
959,50;0,1142
959,00;0,1151
958,50;0,1158
958,00;0,1161
957,50;0,1163
957,00;0,1163
956,50;0,1164
956,00;0,1168
955,50;0,1174
955,00;0,1181
954,50;0,1188
954,00;0,1195
953,50;0,1203
953,00;0,1211
952,50;0,1218
952,00;0,1224
951,50;0,1228
951,00;0,1232
950,50;0,1236
950,00;0,1243
949,50;0,1251
949,00;0,1257
948,50;0,1261
948,00;0,1264
947,50;0,1267
947,00;0,1272
946,50;0,1279
946,00;0,1287
945,50;0,1297
945,00;0,1305
944,50;0,1314
944,00;0,1321
943,50;0,1326
943,00;0,1329
942,50;0,1331
942,00;0,1332
941,50;0,1333
941,00;0,1334
940,50;0,1337
940,00;0,1343
939,50;0,1353
939,00;0,1365
938,50;0,1379
938,00;0,1392
937,50;0,1403
937,00;0,1410
936,50;0,1414
936,00;0,1416
935,50;0,1418
935,00;0,1419
934,50;0,1421
934,00;0,1425
933,50;0,1431
933,00;0,1438
932,50;0,1446
932,00;0,1455
931,50;0,1465
931,00;0,1473
930,50;0,1479
930,00;0,1485
929,50;0,1491
929,00;0,1496
928,50;0,1501
928,00;0,1505
927,50;0,1509
927,00;0,1513
926,50;0,1517
926,00;0,1521
925,50;0,1527
925,00;0,1533
924,50;0,1538
924,00;0,1544
923,50;0,1550
923,00;0,1557
922,50;0,1563
922,00;0,1566
921,50;0,1567
921,00;0,1569
920,50;0,1573
920,00;0,1579
919,50;0,1586
919,00;0,1593
918,50;0,1600
918,00;0,1608
917,50;0,1617
917,00;0,1624
916,50;0,1631
916,00;0,1636
915,50;0,1641
915,00;0,1645
914,50;0,1647
914,00;0,1649
913,50;0,1651
913,00;0,1654
912,50;0,1658
912,00;0,1663
911,50;0,1668
911,00;0,1674
910,50;0,1681
910,00;0,1688
909,50;0,1694
909,00;0,1697
908,50;0,1699
908,00;0,1703
907,50;0,1707
907,00;0,1711
906,50;0,1712
906,00;0,1709
905,50;0,1706
905,00;0,1710
904,50;0,1722
904,00;0,1738
903,50;0,1753
903,00;0,1761
902,50;0,1763
902,00;0,1766
901,50;0,1771
901,00;0,1779
900,50;0,1785
900,00;0,1787
899,50;0,1786
899,00;0,1783
898,50;0,1782
898,00;0,1783
897,50;0,1788
897,00;0,1799
896,50;0,1814
896,00;0,1828
895,50;0,1838
895,00;0,1844
894,50;0,1848
894,00;0,1849
893,50;0,1848
893,00;0,1844
892,50;0,1839
892,00;0,1836
891,50;0,1836
891,00;0,1838
890,50;0,1839
890,00;0,1840
889,50;0,1845
889,00;0,1853
888,50;0,1864
888,00;0,1876
887,50;0,1887
887,00;0,1896
886,50;0,1902
886,00;0,1907
885,50;0,1909
885,00;0,1909
884,50;0,1903
884,00;0,1896
883,50;0,1891
883,00;0,1895
882,50;0,1906
882,00;0,1920
881,50;0,1933
881,00;0,1944
880,50;0,1954
880,00;0,1963
879,50;0,1968
879,00;0,1968
878,50;0,1965
878,00;0,1961
877,50;0,1959
877,00;0,1959
876,50;0,1959
876,00;0,1957
875,50;0,1956
875,00;0,1957
874,50;0,1960
874,00;0,1966
873,50;0,1973
873,00;0,1982
872,50;0,1994
872,00;0,2008
871,50;0,2019
871,00;0,2026
870,50;0,2028
870,00;0,2028
869,50;0,2027
869,00;0,2023
868,50;0,2019
868,00;0,2016
867,50;0,2019
867,00;0,2029
866,50;0,2044
866,00;0,2061
865,50;0,2075
865,00;0,2083
864,50;0,2085
864,00;0,2081
863,50;0,2073
863,00;0,2063
862,50;0,2057
862,00;0,2057
861,50;0,2061
861,00;0,2068
860,50;0,2078
860,00;0,2091
859,50;0,2104
859,00;0,2113
858,50;0,2118
858,00;0,2120
857,50;0,2122
857,00;0,2125
856,50;0,2126
856,00;0,2125
855,50;0,2125
855,00;0,2126
854,50;0,2127
854,00;0,2131
853,50;0,2134
853,00;0,2136
852,50;0,2135
852,00;0,2133
851,50;0,2136
851,00;0,2144
850,50;0,2157
850,00;0,2169
849,50;0,2178
849,00;0,2180
848,50;0,2178
848,00;0,2174
847,50;0,2169
847,00;0,2166
846,50;0,2168
846,00;0,2174
845,50;0,2183
845,00;0,2194
844,50;0,2203
844,00;0,2208
843,50;0,2209
843,00;0,2206
842,50;0,2203
842,00;0,2200
841,50;0,2200
841,00;0,2202
840,50;0,2207
840,00;0,2213
839,50;0,2219
839,00;0,2225
838,50;0,2231
838,00;0,2237
837,50;0,2243
837,00;0,2246
836,50;0,2247
836,00;0,2246
835,50;0,2247
835,00;0,2252
834,50;0,2258
834,00;0,2262
833,50;0,2260
833,00;0,2255
832,50;0,2250
832,00;0,2248
831,50;0,2253
831,00;0,2264
830,50;0,2277
830,00;0,2290
829,50;0,2301
829,00;0,2310
828,50;0,2317
828,00;0,2318
827,50;0,2312
827,00;0,2301
826,50;0,2290
826,00;0,2284
825,50;0,2284
825,00;0,2290
824,50;0,2300
824,00;0,2310
823,50;0,2316
823,00;0,2318
822,50;0,2318
822,00;0,2318
821,50;0,2319
821,00;0,2320
820,50;0,2322
820,00;0,2326
819,50;0,2331
819,00;0,2335
818,50;0,2338
818,00;0,2342
817,50;0,2346
817,00;0,2348
816,50;0,2346
816,00;0,2341
815,50;0,2336
815,00;0,2333
814,50;0,2332
814,00;0,2335
813,50;0,2342
813,00;0,2351
812,50;0,2359
812,00;0,2362
811,50;0,2357
811,00;0,2350
810,50;0,2346
810,00;0,2347
809,50;0,2352
809,00;0,2355
808,50;0,2355
808,00;0,2353
807,50;0,2353
807,00;0,2355
806,50;0,2358
806,00;0,2357
805,50;0,2351
805,00;0,2341
804,50;0,2334
804,00;0,2331
803,50;0,2333
803,00;0,2340
802,50;0,2349
802,00;0,2359
801,50;0,2364
801,00;0,2364
800,50;0,2359
800,00;0,2352
799,50;0,2348
799,00;0,2348
798,50;0,2350
798,00;0,2352
797,50;0,2355
797,00;0,2356
796,50;0,2354
796,00;0,2349
795,50;0,2343
795,00;0,2339
794,50;0,2339
794,00;0,2340
793,50;0,2341
793,00;0,2340
792,50;0,2341
792,00;0,2344
791,50;0,2347
791,00;0,2347
790,50;0,2344
790,00;0,2338
789,50;0,2332
789,00;0,2328
788,50;0,2328
788,00;0,2332
787,50;0,2338
787,00;0,2343
786,50;0,2349
786,00;0,2353
785,50;0,2355
785,00;0,2355
784,50;0,2354
784,00;0,2353
783,50;0,2353
783,00;0,2352
782,50;0,2351
782,00;0,2350
781,50;0,2350
781,00;0,2352
780,50;0,2353
780,00;0,2351
779,50;0,2345
779,00;0,2335
778,50;0,2329
778,00;0,2329
777,50;0,2334
777,00;0,2339
776,50;0,2343
776,00;0,2345
775,50;0,2344
775,00;0,2341
774,50;0,2337
774,00;0,2332
773,50;0,2327
773,00;0,2325
772,50;0,2325
772,00;0,2328
771,50;0,2332
771,00;0,2337
770,50;0,2340
770,00;0,2341
769,50;0,2339
769,00;0,2334
768,50;0,2328
768,00;0,2324
767,50;0,2325
767,00;0,2328
766,50;0,2329
766,00;0,2327
765,50;0,2324
765,00;0,2324
764,50;0,2325
764,00;0,2323
763,50;0,2320
763,00;0,2316
762,50;0,2316
762,00;0,2318
761,50;0,2323
761,00;0,2328
760,50;0,2331
760,00;0,2330
759,50;0,2323
759,00;0,2316
758,50;0,2310
758,00;0,2307
757,50;0,2307
757,00;0,2309
756,50;0,2311
756,00;0,2313
755,50;0,2314
755,00;0,2314
754,50;0,2314
754,00;0,2312
753,50;0,2307
753,00;0,2301
752,50;0,2295
752,00;0,2292
751,50;0,2290
751,00;0,2288
750,50;0,2288
750,00;0,2291
749,50;0,2294
749,00;0,2295
748,50;0,2294
748,00;0,2292
747,50;0,2291
747,00;0,2292
746,50;0,2293
746,00;0,2293
745,50;0,2294
745,00;0,2293
744,50;0,2290
744,00;0,2284
743,50;0,2275
743,00;0,2265
742,50;0,2257
742,00;0,2251
741,50;0,2249
741,00;0,2251
740,50;0,2254
740,00;0,2259
739,50;0,2262
739,00;0,2264
738,50;0,2262
738,00;0,2257
737,50;0,2251
737,00;0,2246
736,50;0,2245
736,00;0,2248
735,50;0,2253
735,00;0,2256
734,50;0,2257
734,00;0,2255
733,50;0,2252
733,00;0,2246
732,50;0,2239
732,00;0,2232
731,50;0,2225
731,00;0,2220
730,50;0,2220
730,00;0,2226
729,50;0,2234
729,00;0,2240
728,50;0,2239
728,00;0,2236
727,50;0,2234
727,00;0,2233
726,50;0,2233
726,00;0,2231
725,50;0,2227
725,00;0,2226
724,50;0,2230
724,00;0,2238
723,50;0,2246
723,00;0,2249
722,50;0,2247
722,00;0,2243
721,50;0,2239
721,00;0,2235
720,50;0,2233
720,00;0,2234
719,50;0,2239
719,00;0,2243
718,50;0,2242
718,00;0,2235
717,50;0,2226
717,00;0,2220
716,50;0,2219
716,00;0,2222
715,50;0,2225
715,00;0,2227
714,50;0,2229
714,00;0,2231
713,50;0,2233
713,00;0,2237
712,50;0,2239
712,00;0,2240
711,50;0,2239
711,00;0,2237
710,50;0,2235
710,00;0,2234
709,50;0,2234
709,00;0,2234
708,50;0,2235
708,00;0,2237
707,50;0,2239
707,00;0,2243
706,50;0,2247
706,00;0,2248
705,50;0,2247
705,00;0,2245
704,50;0,2246
704,00;0,2250
703,50;0,2254
703,00;0,2256
702,50;0,2254
702,00;0,2250
701,50;0,2244
701,00;0,2237
700,50;0,2232
700,00;0,2231
699,50;0,2234
699,00;0,2239
698,50;0,2245
698,00;0,2250
697,50;0,2254
697,00;0,2256
696,50;0,2253
696,00;0,2247
695,50;0,2240
695,00;0,2237
694,50;0,2238
694,00;0,2241
693,50;0,2245
693,00;0,2250
692,50;0,2257
692,00;0,2262
691,50;0,2264
691,00;0,2263
690,50;0,2261
690,00;0,2260
689,50;0,2260
689,00;0,2263
688,50;0,2268
688,00;0,2274
687,50;0,2279
687,00;0,2281
686,50;0,2279
686,00;0,2276
685,50;0,2274
685,00;0,2273
684,50;0,2273
684,00;0,2272
683,50;0,2272
683,00;0,2273
682,50;0,2277
682,00;0,2281
681,50;0,2284
681,00;0,2286
680,50;0,2287
680,00;0,2286
679,50;0,2283
679,00;0,2279
678,50;0,2279
678,00;0,2285
677,50;0,2293
677,00;0,2301
676,50;0,2306
676,00;0,2307
675,50;0,2306
675,00;0,2302
674,50;0,2295
674,00;0,2286
673,50;0,2279
673,00;0,2280
672,50;0,2289
672,00;0,2302
671,50;0,2313
671,00;0,2320
670,50;0,2324
670,00;0,2328
669,50;0,2334
669,00;0,2347
668,50;0,2367
668,00;0,2383
667,50;0,2369
667,00;0,2324
666,50;0,2291
666,00;0,2283
665,50;0,2283
665,00;0,2283
664,50;0,2282
664,00;0,2283
663,50;0,2287
663,00;0,2290
662,50;0,2292
662,00;0,2298
661,50;0,2307
661,00;0,2319
660,50;0,2330
660,00;0,2338
659,50;0,2341
659,00;0,2340
658,50;0,2336
658,00;0,2331
657,50;0,2325
657,00;0,2321
656,50;0,2319
656,00;0,2324
655,50;0,2333
655,00;0,2340
654,50;0,2338
654,00;0,2326
653,50;0,2312
653,00;0,2302
652,50;0,2300
652,00;0,2306
651,50;0,2317
651,00;0,2328
650,50;0,2337
650,00;0,2341
649,50;0,2341
649,00;0,2339
648,50;0,2336
648,00;0,2333
647,50;0,2333
647,00;0,2337
646,50;0,2343
646,00;0,2351
645,50;0,2357
645,00;0,2360
644,50;0,2356
644,00;0,2347
643,50;0,2338
643,00;0,2333
642,50;0,2334
642,00;0,2340
641,50;0,2345
641,00;0,2349
640,50;0,2352
640,00;0,2353
639,50;0,2351
639,00;0,2349
638,50;0,2346
638,00;0,2342
637,50;0,2337
637,00;0,2334
636,50;0,2335
636,00;0,2340
635,50;0,2347
635,00;0,2353
634,50;0,2356
634,00;0,2353
633,50;0,2343
633,00;0,2329
632,50;0,2315
632,00;0,2308
631,50;0,2310
631,00;0,2320
630,50;0,2334
630,00;0,2349
629,50;0,2362
629,00;0,2369
628,50;0,2367
628,00;0,2357
627,50;0,2345
627,00;0,2338
626,50;0,2341
626,00;0,2355
625,50;0,2372
625,00;0,2384
624,50;0,2386
624,00;0,2383
623,50;0,2378
623,00;0,2373
622,50;0,2367
622,00;0,2363
621,50;0,2361
621,00;0,2362
620,50;0,2363
620,00;0,2364
619,50;0,2367
619,00;0,2373
618,50;0,2377
618,00;0,2373
617,50;0,2358
617,00;0,2343
616,50;0,2337
616,00;0,2345
615,50;0,2360
615,00;0,2375
614,50;0,2385
614,00;0,2391
613,50;0,2392
613,00;0,2388
612,50;0,2381
612,00;0,2374
611,50;0,2370
611,00;0,2368
610,50;0,2367
610,00;0,2366
609,50;0,2367
609,00;0,2371
608,50;0,2375
608,00;0,2378
607,50;0,2376
607,00;0,2371
606,50;0,2365
606,00;0,2363
605,50;0,2368
605,00;0,2378
604,50;0,2387
604,00;0,2389
603,50;0,2382
603,00;0,2373
602,50;0,2364
602,00;0,2359
601,50;0,2356
601,00;0,2358
600,50;0,2365
600,00;0,2375
599,50;0,2384
599,00;0,2389
598,50;0,2393
598,00;0,2393
597,50;0,2389
597,00;0,2381
596,50;0,2371
596,00;0,2360
595,50;0,2348
595,00;0,2335
594,50;0,2329
594,00;0,2330
593,50;0,2336
593,00;0,2343
592,50;0,2351
592,00;0,2356
591,50;0,2356
591,00;0,2349
590,50;0,2340
590,00;0,2331
589,50;0,2324
589,00;0,2316
588,50;0,2309
588,00;0,2311
587,50;0,2320
587,00;0,2332
586,50;0,2340
586,00;0,2341
585,50;0,2338
585,00;0,2332
584,50;0,2328
584,00;0,2327
583,50;0,2326
583,00;0,2323
582,50;0,2317
582,00;0,2310
581,50;0,2302
581,00;0,2294
580,50;0,2288
580,00;0,2286
579,50;0,2287
579,00;0,2287
578,50;0,2282
578,00;0,2276
577,50;0,2272
577,00;0,2272
576,50;0,2272
576,00;0,2268
575,50;0,2256
575,00;0,2242
574,50;0,2233
574,00;0,2236
573,50;0,2249
573,00;0,2262
572,50;0,2268
572,00;0,2266
571,50;0,2256
571,00;0,2239
570,50;0,2218
570,00;0,2201
569,50;0,2188
569,00;0,2179
568,50;0,2174
568,00;0,2179
567,50;0,2195
567,00;0,2218
566,50;0,2235
566,00;0,2240
565,50;0,2232
565,00;0,2215
564,50;0,2196
564,00;0,2180
563,50;0,2167
563,00;0,2157
562,50;0,2152
562,00;0,2151
561,50;0,2153
561,00;0,2153
560,50;0,2147
560,00;0,2136
559,50;0,2121
559,00;0,2101
558,50;0,2081
558,00;0,2070
557,50;0,2075
557,00;0,2090
556,50;0,2101
556,00;0,2102
555,50;0,2097
555,00;0,2089
554,50;0,2083
554,00;0,2081
553,50;0,2081
553,00;0,2081
552,50;0,2078
552,00;0,2073
551,50;0,2071
551,00;0,2073
550,50;0,2074
550,00;0,2066
549,50;0,2047
549,00;0,2018
548,50;0,1990
548,00;0,1978
547,50;0,1989
547,00;0,2014
546,50;0,2034
546,00;0,2042
545,50;0,2039
545,00;0,2030
544,50;0,2010
544,00;0,1974
543,50;0,1925
543,00;0,1881
542,50;0,1856
542,00;0,1851
541,50;0,1860
541,00;0,1875
540,50;0,1889
540,00;0,1893
539,50;0,1884
539,00;0,1864
538,50;0,1842
538,00;0,1828
537,50;0,1827
537,00;0,1835
536,50;0,1844
536,00;0,1850
535,50;0,1849
535,00;0,1839
534,50;0,1823
534,00;0,1804
533,50;0,1782
533,00;0,1760
532,50;0,1744
532,00;0,1742
531,50;0,1748
531,00;0,1751
530,50;0,1744
530,00;0,1733
529,50;0,1725
529,00;0,1719
528,50;0,1705
528,00;0,1687
527,50;0,1674
527,00;0,1676
526,50;0,1684
526,00;0,1690
525,50;0,1691
525,00;0,1689
524,50;0,1687
524,00;0,1682
523,50;0,1671
523,00;0,1655
522,50;0,1632
522,00;0,1612
521,50;0,1605
521,00;0,1616
520,50;0,1637
520,00;0,1651
519,50;0,1652
519,00;0,1642
518,50;0,1627
518,00;0,1611
517,50;0,1599
517,00;0,1597
516,50;0,1605
516,00;0,1620
515,50;0,1634
515,00;0,1646
514,50;0,1652
514,00;0,1646
513,50;0,1627
513,00;0,1603
512,50;0,1586
512,00;0,1582
511,50;0,1588
511,00;0,1598
510,50;0,1609
510,00;0,1622
509,50;0,1636
509,00;0,1650
508,50;0,1655
508,00;0,1644
507,50;0,1620
507,00;0,1589
506,50;0,1563
506,00;0,1548
505,50;0,1549
505,00;0,1562
504,50;0,1581
504,00;0,1594
503,50;0,1596
503,00;0,1590
502,50;0,1581
502,00;0,1567
501,50;0,1548
501,00;0,1529
500,50;0,1519
500,00;0,1522
499,50;0,1534
499,00;0,1549
498,50;0,1558
498,00;0,1556
497,50;0,1539
497,00;0,1517
496,50;0,1501
496,00;0,1495
495,50;0,1495
495,00;0,1498
494,50;0,1507
494,00;0,1520
493,50;0,1528
493,00;0,1522
492,50;0,1499
492,00;0,1465
491,50;0,1431
491,00;0,1409
490,50;0,1407
490,00;0,1427
489,50;0,1461
489,00;0,1494
488,50;0,1516
488,00;0,1520
487,50;0,1508
487,00;0,1486
486,50;0,1462
486,00;0,1440
485,50;0,1428
485,00;0,1428
484,50;0,1442
484,00;0,1462
483,50;0,1479
483,00;0,1487
482,50;0,1484
482,00;0,1467
481,50;0,1433
481,00;0,1392
480,50;0,1363
480,00;0,1366
479,50;0,1399
479,00;0,1445
478,50;0,1483
478,00;0,1503
477,50;0,1506
477,00;0,1494
476,50;0,1470
476,00;0,1439
475,50;0,1408
475,00;0,1388
474,50;0,1387
474,00;0,1409
473,50;0,1443
473,00;0,1466
472,50;0,1456
472,00;0,1412
471,50;0,1361
471,00;0,1332
470,50;0,1330
470,00;0,1336
469,50;0,1332
469,00;0,1324
468,50;0,1337
468,00;0,1380
467,50;0,1436
467,00;0,1475
466,50;0,1480
466,00;0,1452
465,50;0,1403
465,00;0,1345
464,50;0,1295
464,00;0,1271
463,50;0,1280
463,00;0,1317
462,50;0,1364
462,00;0,1402
461,50;0,1422
461,00;0,1426
460,50;0,1420
460,00;0,1407
459,50;0,1379
459,00;0,1339
458,50;0,1302
458,00;0,1290
457,50;0,1306
457,00;0,1332
456,50;0,1343
456,00;0,1323
455,50;0,1276
455,00;0,1226
454,50;0,1202
454,00;0,1219
453,50;0,1271
453,00;0,1331
452,50;0,1378
452,00;0,1402
451,50;0,1404
451,00;0,1383
450,50;0,1340
450,00;0,1286
449,50;0,1232
449,00;0,1193
448,50;0,1179
448,00;0,1200
447,50;0,1250
447,00;0,1303
446,50;0,1331
446,00;0,1322
445,50;0,1292
445,00;0,1258
444,50;0,1229
444,00;0,1201
443,50;0,1177
443,00;0,1174
442,50;0,1211
442,00;0,1284
441,50;0,1360
441,00;0,1406
440,50;0,1410
440,00;0,1386
439,50;0,1347
439,00;0,1295
438,50;0,1236
438,00;0,1196
437,50;0,1192
437,00;0,1214
436,50;0,1231
436,00;0,1222
435,50;0,1186
435,00;0,1135
434,50;0,1090
434,00;0,1084
433,50;0,1146
433,00;0,1262
432,50;0,1377
432,00;0,1436
431,50;0,1433
431,00;0,1397
430,50;0,1350
430,00;0,1286
429,50;0,1192
429,00;0,1072
428,50;0,0956
428,00;0,0886
427,50;0,0900
427,00;0,0994
426,50;0,1122
426,00;0,1231
425,50;0,1293
425,00;0,1318
424,50;0,1327
424,00;0,1323
423,50;0,1281
423,00;0,1183
422,50;0,1060
422,00;0,0978
421,50;0,0984
421,00;0,1055
420,50;0,1102
420,00;0,1065
419,50;0,0971
419,00;0,0907
418,50;0,0927
418,00;0,1009
417,50;0,1070
417,00;0,1024
416,50;0,0820
416,00;0,0510
415,50;0,0266
415,00;0,0241
414,50;0,0422
414,00;0,0636
413,50;0,0714
413,00;0,0675
412,50;0,0698
412,00;0,0888
411,50;0,1139
411,00;0,1253
410,50;0,1206
410,00;0,1202
409,50;0,1394
409,00;0,1644
408,50;0,1657
408,00;0,1312
407,50;0,0783
407,00;0,0371
406,50;0,0220
406,00;0,0213
405,50;0,0177
405,00;0,0101
404,50;0,0119
404,00;0,0334
403,50;0,0678
403,00;0,0968
402,50;0,1072
402,00;0,1017
401,50;0,0953
401,00;0,0973
400,50;0,1051
400,00;0,1132
