Erstellt als neuer Datensatz;Sample 168 By PC59-C710\Spektrum3 date Dienstag, Juni 02 2026
cm-1;A
4000,00;0,0746
3999,50;0,0747
3999,00;0,0745
3998,50;0,0742
3998,00;0,0739
3997,50;0,0739
3997,00;0,0741
3996,50;0,0745
3996,00;0,0749
3995,50;0,0751
3995,00;0,0752
3994,50;0,0751
3994,00;0,0749
3993,50;0,0747
3993,00;0,0745
3992,50;0,0743
3992,00;0,0742
3991,50;0,0742
3991,00;0,0743
3990,50;0,0745
3990,00;0,0746
3989,50;0,0746
3989,00;0,0744
3988,50;0,0743
3988,00;0,0742
3987,50;0,0743
3987,00;0,0743
3986,50;0,0745
3986,00;0,0746
3985,50;0,0746
3985,00;0,0746
3984,50;0,0745
3984,00;0,0743
3983,50;0,0740
3983,00;0,0737
3982,50;0,0735
3982,00;0,0735
3981,50;0,0737
3981,00;0,0741
3980,50;0,0744
3980,00;0,0745
3979,50;0,0745
3979,00;0,0744
3978,50;0,0743
3978,00;0,0743
3977,50;0,0743
3977,00;0,0744
3976,50;0,0746
3976,00;0,0749
3975,50;0,0751
3975,00;0,0751
3974,50;0,0748
3974,00;0,0745
3973,50;0,0741
3973,00;0,0738
3972,50;0,0736
3972,00;0,0735
3971,50;0,0737
3971,00;0,0741
3970,50;0,0747
3970,00;0,0751
3969,50;0,0753
3969,00;0,0750
3968,50;0,0745
3968,00;0,0740
3967,50;0,0738
3967,00;0,0736
3966,50;0,0736
3966,00;0,0737
3965,50;0,0740
3965,00;0,0745
3964,50;0,0749
3964,00;0,0751
3963,50;0,0749
3963,00;0,0745
3962,50;0,0741
3962,00;0,0738
3961,50;0,0735
3961,00;0,0734
3960,50;0,0734
3960,00;0,0738
3959,50;0,0743
3959,00;0,0748
3958,50;0,0751
3958,00;0,0751
3957,50;0,0747
3957,00;0,0742
3956,50;0,0737
3956,00;0,0734
3955,50;0,0736
3955,00;0,0740
3954,50;0,0745
3954,00;0,0749
3953,50;0,0749
3953,00;0,0747
3952,50;0,0742
3952,00;0,0737
3951,50;0,0733
3951,00;0,0732
3950,50;0,0734
3950,00;0,0738
3949,50;0,0744
3949,00;0,0751
3948,50;0,0753
3948,00;0,0751
3947,50;0,0745
3947,00;0,0738
3946,50;0,0735
3946,00;0,0736
3945,50;0,0738
3945,00;0,0741
3944,50;0,0745
3944,00;0,0750
3943,50;0,0754
3943,00;0,0754
3942,50;0,0750
3942,00;0,0745
3941,50;0,0740
3941,00;0,0739
3940,50;0,0741
3940,00;0,0744
3939,50;0,0748
3939,00;0,0750
3938,50;0,0751
3938,00;0,0750
3937,50;0,0748
3937,00;0,0745
3936,50;0,0741
3936,00;0,0737
3935,50;0,0734
3935,00;0,0736
3934,50;0,0740
3934,00;0,0746
3933,50;0,0750
3933,00;0,0750
3932,50;0,0745
3932,00;0,0740
3931,50;0,0736
3931,00;0,0736
3930,50;0,0738
3930,00;0,0740
3929,50;0,0742
3929,00;0,0744
3928,50;0,0746
3928,00;0,0747
3927,50;0,0745
3927,00;0,0742
3926,50;0,0739
3926,00;0,0736
3925,50;0,0735
3925,00;0,0736
3924,50;0,0740
3924,00;0,0747
3923,50;0,0754
3923,00;0,0759
3922,50;0,0760
3922,00;0,0758
3921,50;0,0753
3921,00;0,0746
3920,50;0,0740
3920,00;0,0736
3919,50;0,0737
3919,00;0,0742
3918,50;0,0748
3918,00;0,0753
3917,50;0,0754
3917,00;0,0752
3916,50;0,0749
3916,00;0,0744
3915,50;0,0739
3915,00;0,0735
3914,50;0,0733
3914,00;0,0734
3913,50;0,0738
3913,00;0,0743
3912,50;0,0747
3912,00;0,0747
3911,50;0,0745
3911,00;0,0741
3910,50;0,0737
3910,00;0,0733
3909,50;0,0732
3909,00;0,0733
3908,50;0,0737
3908,00;0,0741
3907,50;0,0744
3907,00;0,0745
3906,50;0,0744
3906,00;0,0743
3905,50;0,0744
3905,00;0,0746
3904,50;0,0748
3904,00;0,0750
3903,50;0,0753
3903,00;0,0757
3902,50;0,0760
3902,00;0,0760
3901,50;0,0760
3901,00;0,0761
3900,50;0,0758
3900,00;0,0751
3899,50;0,0742
3899,00;0,0739
3898,50;0,0742
3898,00;0,0748
3897,50;0,0750
3897,00;0,0749
3896,50;0,0747
3896,00;0,0746
3895,50;0,0744
3895,00;0,0741
3894,50;0,0738
3894,00;0,0737
3893,50;0,0740
3893,00;0,0743
3892,50;0,0747
3892,00;0,0751
3891,50;0,0754
3891,00;0,0756
3890,50;0,0756
3890,00;0,0753
3889,50;0,0747
3889,00;0,0740
3888,50;0,0737
3888,00;0,0739
3887,50;0,0744
3887,00;0,0749
3886,50;0,0752
3886,00;0,0750
3885,50;0,0747
3885,00;0,0747
3884,50;0,0747
3884,00;0,0746
3883,50;0,0744
3883,00;0,0744
3882,50;0,0747
3882,00;0,0752
3881,50;0,0754
3881,00;0,0752
3880,50;0,0747
3880,00;0,0742
3879,50;0,0738
3879,00;0,0737
3878,50;0,0738
3878,00;0,0742
3877,50;0,0749
3877,00;0,0755
3876,50;0,0758
3876,00;0,0758
3875,50;0,0756
3875,00;0,0752
3874,50;0,0746
3874,00;0,0741
3873,50;0,0740
3873,00;0,0744
3872,50;0,0748
3872,00;0,0751
3871,50;0,0753
3871,00;0,0754
3870,50;0,0753
3870,00;0,0752
3869,50;0,0750
3869,00;0,0748
3868,50;0,0747
3868,00;0,0744
3867,50;0,0743
3867,00;0,0745
3866,50;0,0750
3866,00;0,0756
3865,50;0,0759
3865,00;0,0758
3864,50;0,0755
3864,00;0,0752
3863,50;0,0749
3863,00;0,0746
3862,50;0,0743
3862,00;0,0742
3861,50;0,0743
3861,00;0,0744
3860,50;0,0745
3860,00;0,0743
3859,50;0,0741
3859,00;0,0740
3858,50;0,0739
3858,00;0,0738
3857,50;0,0736
3857,00;0,0737
3856,50;0,0742
3856,00;0,0750
3855,50;0,0756
3855,00;0,0759
3854,50;0,0759
3854,00;0,0760
3853,50;0,0767
3853,00;0,0775
3852,50;0,0773
3852,00;0,0765
3851,50;0,0759
3851,00;0,0760
3850,50;0,0762
3850,00;0,0759
3849,50;0,0753
3849,00;0,0747
3848,50;0,0743
3848,00;0,0741
3847,50;0,0738
3847,00;0,0734
3846,50;0,0731
3846,00;0,0730
3845,50;0,0734
3845,00;0,0743
3844,50;0,0750
3844,00;0,0751
3843,50;0,0744
3843,00;0,0736
3842,50;0,0729
3842,00;0,0727
3841,50;0,0729
3841,00;0,0736
3840,50;0,0745
3840,00;0,0755
3839,50;0,0761
3839,00;0,0763
3838,50;0,0760
3838,00;0,0754
3837,50;0,0750
3837,00;0,0751
3836,50;0,0756
3836,00;0,0760
3835,50;0,0759
3835,00;0,0757
3834,50;0,0754
3834,00;0,0755
3833,50;0,0758
3833,00;0,0760
3832,50;0,0760
3832,00;0,0755
3831,50;0,0749
3831,00;0,0746
3830,50;0,0748
3830,00;0,0752
3829,50;0,0755
3829,00;0,0755
3828,50;0,0755
3828,00;0,0754
3827,50;0,0754
3827,00;0,0751
3826,50;0,0748
3826,00;0,0744
3825,50;0,0741
3825,00;0,0740
3824,50;0,0742
3824,00;0,0746
3823,50;0,0751
3823,00;0,0754
3822,50;0,0756
3822,00;0,0757
3821,50;0,0758
3821,00;0,0760
3820,50;0,0764
3820,00;0,0767
3819,50;0,0769
3819,00;0,0767
3818,50;0,0762
3818,00;0,0756
3817,50;0,0749
3817,00;0,0745
3816,50;0,0744
3816,00;0,0745
3815,50;0,0750
3815,00;0,0755
3814,50;0,0755
3814,00;0,0751
3813,50;0,0746
3813,00;0,0742
3812,50;0,0740
3812,00;0,0740
3811,50;0,0739
3811,00;0,0738
3810,50;0,0739
3810,00;0,0740
3809,50;0,0745
3809,00;0,0752
3808,50;0,0758
3808,00;0,0760
3807,50;0,0758
3807,00;0,0753
3806,50;0,0751
3806,00;0,0751
3805,50;0,0749
3805,00;0,0743
3804,50;0,0738
3804,00;0,0738
3803,50;0,0742
3803,00;0,0751
3802,50;0,0759
3802,00;0,0762
3801,50;0,0760
3801,00;0,0756
3800,50;0,0753
3800,00;0,0752
3799,50;0,0752
3799,00;0,0752
3798,50;0,0754
3798,00;0,0756
3797,50;0,0757
3797,00;0,0753
3796,50;0,0747
3796,00;0,0742
3795,50;0,0740
3795,00;0,0740
3794,50;0,0742
3794,00;0,0745
3793,50;0,0751
3793,00;0,0756
3792,50;0,0756
3792,00;0,0751
3791,50;0,0744
3791,00;0,0738
3790,50;0,0737
3790,00;0,0739
3789,50;0,0743
3789,00;0,0746
3788,50;0,0747
3788,00;0,0747
3787,50;0,0747
3787,00;0,0746
3786,50;0,0745
3786,00;0,0743
3785,50;0,0740
3785,00;0,0737
3784,50;0,0736
3784,00;0,0740
3783,50;0,0746
3783,00;0,0751
3782,50;0,0754
3782,00;0,0753
3781,50;0,0750
3781,00;0,0747
3780,50;0,0745
3780,00;0,0745
3779,50;0,0746
3779,00;0,0748
3778,50;0,0751
3778,00;0,0752
3777,50;0,0752
3777,00;0,0750
3776,50;0,0746
3776,00;0,0741
3775,50;0,0738
3775,00;0,0736
3774,50;0,0738
3774,00;0,0741
3773,50;0,0744
3773,00;0,0745
3772,50;0,0746
3772,00;0,0747
3771,50;0,0749
3771,00;0,0750
3770,50;0,0750
3770,00;0,0750
3769,50;0,0750
3769,00;0,0752
3768,50;0,0752
3768,00;0,0751
3767,50;0,0748
3767,00;0,0748
3766,50;0,0750
3766,00;0,0750
3765,50;0,0748
3765,00;0,0745
3764,50;0,0745
3764,00;0,0745
3763,50;0,0746
3763,00;0,0747
3762,50;0,0749
3762,00;0,0749
3761,50;0,0748
3761,00;0,0744
3760,50;0,0739
3760,00;0,0736
3759,50;0,0736
3759,00;0,0738
3758,50;0,0741
3758,00;0,0744
3757,50;0,0745
3757,00;0,0745
3756,50;0,0744
3756,00;0,0744
3755,50;0,0745
3755,00;0,0746
3754,50;0,0748
3754,00;0,0749
3753,50;0,0751
3753,00;0,0755
3752,50;0,0758
3752,00;0,0762
3751,50;0,0768
3751,00;0,0774
3750,50;0,0775
3750,00;0,0770
3749,50;0,0762
3749,00;0,0757
3748,50;0,0757
3748,00;0,0757
3747,50;0,0751
3747,00;0,0745
3746,50;0,0744
3746,00;0,0749
3745,50;0,0756
3745,00;0,0760
3744,50;0,0759
3744,00;0,0759
3743,50;0,0761
3743,00;0,0760
3742,50;0,0754
3742,00;0,0747
3741,50;0,0742
3741,00;0,0741
3740,50;0,0742
3740,00;0,0744
3739,50;0,0744
3739,00;0,0741
3738,50;0,0738
3738,00;0,0737
3737,50;0,0740
3737,00;0,0746
3736,50;0,0755
3736,00;0,0763
3735,50;0,0766
3735,00;0,0764
3734,50;0,0759
3734,00;0,0756
3733,50;0,0757
3733,00;0,0757
3732,50;0,0757
3732,00;0,0755
3731,50;0,0755
3731,00;0,0755
3730,50;0,0751
3730,00;0,0747
3729,50;0,0742
3729,00;0,0739
3728,50;0,0736
3728,00;0,0734
3727,50;0,0735
3727,00;0,0740
3726,50;0,0748
3726,00;0,0755
3725,50;0,0757
3725,00;0,0756
3724,50;0,0753
3724,00;0,0750
3723,50;0,0748
3723,00;0,0746
3722,50;0,0744
3722,00;0,0743
3721,50;0,0745
3721,00;0,0747
3720,50;0,0750
3720,00;0,0752
3719,50;0,0752
3719,00;0,0751
3718,50;0,0747
3718,00;0,0744
3717,50;0,0741
3717,00;0,0742
3716,50;0,0744
3716,00;0,0748
3715,50;0,0751
3715,00;0,0753
3714,50;0,0753
3714,00;0,0754
3713,50;0,0755
3713,00;0,0755
3712,50;0,0754
3712,00;0,0754
3711,50;0,0755
3711,00;0,0759
3710,50;0,0759
3710,00;0,0756
3709,50;0,0754
3709,00;0,0754
3708,50;0,0757
3708,00;0,0758
3707,50;0,0754
3707,00;0,0749
3706,50;0,0746
3706,00;0,0748
3705,50;0,0751
3705,00;0,0754
3704,50;0,0753
3704,00;0,0751
3703,50;0,0750
3703,00;0,0752
3702,50;0,0753
3702,00;0,0753
3701,50;0,0752
3701,00;0,0753
3700,50;0,0755
3700,00;0,0757
3699,50;0,0759
3699,00;0,0761
3698,50;0,0766
3698,00;0,0770
3697,50;0,0769
3697,00;0,0766
3696,50;0,0763
3696,00;0,0764
3695,50;0,0769
3695,00;0,0774
3694,50;0,0778
3694,00;0,0778
3693,50;0,0775
3693,00;0,0771
3692,50;0,0768
3692,00;0,0767
3691,50;0,0768
3691,00;0,0772
3690,50;0,0780
3690,00;0,0790
3689,50;0,0798
3689,00;0,0800
3688,50;0,0795
3688,00;0,0788
3687,50;0,0783
3687,00;0,0777
3686,50;0,0768
3686,00;0,0760
3685,50;0,0754
3685,00;0,0752
3684,50;0,0754
3684,00;0,0756
3683,50;0,0756
3683,00;0,0755
3682,50;0,0754
3682,00;0,0753
3681,50;0,0751
3681,00;0,0751
3680,50;0,0754
3680,00;0,0758
3679,50;0,0762
3679,00;0,0765
3678,50;0,0766
3678,00;0,0767
3677,50;0,0767
3677,00;0,0766
3676,50;0,0767
3676,00;0,0767
3675,50;0,0767
3675,00;0,0767
3674,50;0,0767
3674,00;0,0768
3673,50;0,0769
3673,00;0,0769
3672,50;0,0770
3672,00;0,0770
3671,50;0,0767
3671,00;0,0763
3670,50;0,0762
3670,00;0,0767
3669,50;0,0775
3669,00;0,0780
3668,50;0,0782
3668,00;0,0783
3667,50;0,0782
3667,00;0,0778
3666,50;0,0771
3666,00;0,0763
3665,50;0,0758
3665,00;0,0755
3664,50;0,0755
3664,00;0,0758
3663,50;0,0763
3663,00;0,0768
3662,50;0,0772
3662,00;0,0771
3661,50;0,0769
3661,00;0,0766
3660,50;0,0763
3660,00;0,0760
3659,50;0,0760
3659,00;0,0764
3658,50;0,0771
3658,00;0,0777
3657,50;0,0780
3657,00;0,0778
3656,50;0,0773
3656,00;0,0769
3655,50;0,0768
3655,00;0,0768
3654,50;0,0768
3654,00;0,0768
3653,50;0,0770
3653,00;0,0774
3652,50;0,0779
3652,00;0,0783
3651,50;0,0784
3651,00;0,0784
3650,50;0,0782
3650,00;0,0781
3649,50;0,0780
3649,00;0,0782
3648,50;0,0787
3648,00;0,0791
3647,50;0,0791
3647,00;0,0787
3646,50;0,0783
3646,00;0,0780
3645,50;0,0777
3645,00;0,0773
3644,50;0,0771
3644,00;0,0771
3643,50;0,0773
3643,00;0,0776
3642,50;0,0780
3642,00;0,0784
3641,50;0,0787
3641,00;0,0787
3640,50;0,0784
3640,00;0,0781
3639,50;0,0778
3639,00;0,0776
3638,50;0,0776
3638,00;0,0779
3637,50;0,0782
3637,00;0,0785
3636,50;0,0784
3636,00;0,0782
3635,50;0,0782
3635,00;0,0785
3634,50;0,0789
3634,00;0,0790
3633,50;0,0790
3633,00;0,0791
3632,50;0,0794
3632,00;0,0797
3631,50;0,0800
3631,00;0,0802
3630,50;0,0802
3630,00;0,0800
3629,50;0,0797
3629,00;0,0794
3628,50;0,0793
3628,00;0,0794
3627,50;0,0795
3627,00;0,0796
3626,50;0,0796
3626,00;0,0796
3625,50;0,0797
3625,00;0,0797
3624,50;0,0795
3624,00;0,0793
3623,50;0,0791
3623,00;0,0793
3622,50;0,0797
3622,00;0,0802
3621,50;0,0807
3621,00;0,0810
3620,50;0,0811
3620,00;0,0809
3619,50;0,0808
3619,00;0,0808
3618,50;0,0810
3618,00;0,0810
3617,50;0,0809
3617,00;0,0808
3616,50;0,0809
3616,00;0,0810
3615,50;0,0809
3615,00;0,0808
3614,50;0,0809
3614,00;0,0812
3613,50;0,0815
3613,00;0,0818
3612,50;0,0820
3612,00;0,0823
3611,50;0,0827
3611,00;0,0829
3610,50;0,0827
3610,00;0,0822
3609,50;0,0816
3609,00;0,0812
3608,50;0,0813
3608,00;0,0815
3607,50;0,0816
3607,00;0,0819
3606,50;0,0822
3606,00;0,0826
3605,50;0,0828
3605,00;0,0827
3604,50;0,0825
3604,00;0,0824
3603,50;0,0823
3603,00;0,0824
3602,50;0,0825
3602,00;0,0828
3601,50;0,0832
3601,00;0,0835
3600,50;0,0837
3600,00;0,0837
3599,50;0,0836
3599,00;0,0834
3598,50;0,0832
3598,00;0,0831
3597,50;0,0830
3597,00;0,0831
3596,50;0,0833
3596,00;0,0836
3595,50;0,0840
3595,00;0,0844
3594,50;0,0845
3594,00;0,0845
3593,50;0,0844
3593,00;0,0844
3592,50;0,0845
3592,00;0,0845
3591,50;0,0845
3591,00;0,0846
3590,50;0,0849
3590,00;0,0852
3589,50;0,0855
3589,00;0,0853
3588,50;0,0851
3588,00;0,0851
3587,50;0,0852
3587,00;0,0853
3586,50;0,0854
3586,00;0,0857
3585,50;0,0862
3585,00;0,0865
3584,50;0,0865
3584,00;0,0865
3583,50;0,0864
3583,00;0,0864
3582,50;0,0862
3582,00;0,0860
3581,50;0,0858
3581,00;0,0856
3580,50;0,0856
3580,00;0,0855
3579,50;0,0855
3579,00;0,0856
3578,50;0,0860
3578,00;0,0865
3577,50;0,0871
3577,00;0,0877
3576,50;0,0881
3576,00;0,0884
3575,50;0,0886
3575,00;0,0888
3574,50;0,0889
3574,00;0,0890
3573,50;0,0890
3573,00;0,0888
3572,50;0,0888
3572,00;0,0888
3571,50;0,0890
3571,00;0,0892
3570,50;0,0894
3570,00;0,0896
3569,50;0,0899
3569,00;0,0901
3568,50;0,0903
3568,00;0,0905
3567,50;0,0906
3567,00;0,0908
3566,50;0,0908
3566,00;0,0908
3565,50;0,0909
3565,00;0,0913
3564,50;0,0918
3564,00;0,0921
3563,50;0,0921
3563,00;0,0919
3562,50;0,0917
3562,00;0,0916
3561,50;0,0916
3561,00;0,0918
3560,50;0,0922
3560,00;0,0926
3559,50;0,0931
3559,00;0,0933
3558,50;0,0932
3558,00;0,0930
3557,50;0,0928
3557,00;0,0928
3556,50;0,0930
3556,00;0,0933
3555,50;0,0934
3555,00;0,0934
3554,50;0,0934
3554,00;0,0933
3553,50;0,0934
3553,00;0,0936
3552,50;0,0939
3552,00;0,0942
3551,50;0,0944
3551,00;0,0945
3550,50;0,0946
3550,00;0,0946
3549,50;0,0948
3549,00;0,0952
3548,50;0,0956
3548,00;0,0958
3547,50;0,0959
3547,00;0,0960
3546,50;0,0960
3546,00;0,0961
3545,50;0,0963
3545,00;0,0964
3544,50;0,0967
3544,00;0,0970
3543,50;0,0973
3543,00;0,0974
3542,50;0,0974
3542,00;0,0973
3541,50;0,0972
3541,00;0,0972
3540,50;0,0974
3540,00;0,0975
3539,50;0,0977
3539,00;0,0979
3538,50;0,0982
3538,00;0,0985
3537,50;0,0987
3537,00;0,0988
3536,50;0,0988
3536,00;0,0988
3535,50;0,0989
3535,00;0,0991
3534,50;0,0995
3534,00;0,0998
3533,50;0,1000
3533,00;0,1003
3532,50;0,1004
3532,00;0,1006
3531,50;0,1007
3531,00;0,1007
3530,50;0,1008
3530,00;0,1010
3529,50;0,1012
3529,00;0,1014
3528,50;0,1015
3528,00;0,1017
3527,50;0,1019
3527,00;0,1022
3526,50;0,1025
3526,00;0,1027
3525,50;0,1028
3525,00;0,1028
3524,50;0,1029
3524,00;0,1032
3523,50;0,1035
3523,00;0,1037
3522,50;0,1039
3522,00;0,1042
3521,50;0,1046
3521,00;0,1050
3520,50;0,1052
3520,00;0,1053
3519,50;0,1054
3519,00;0,1053
3518,50;0,1053
3518,00;0,1054
3517,50;0,1055
3517,00;0,1058
3516,50;0,1061
3516,00;0,1065
3515,50;0,1067
3515,00;0,1069
3514,50;0,1072
3514,00;0,1075
3513,50;0,1078
3513,00;0,1081
3512,50;0,1084
3512,00;0,1086
3511,50;0,1088
3511,00;0,1090
3510,50;0,1092
3510,00;0,1094
3509,50;0,1096
3509,00;0,1098
3508,50;0,1101
3508,00;0,1104
3507,50;0,1106
3507,00;0,1109
3506,50;0,1112
3506,00;0,1115
3505,50;0,1119
3505,00;0,1121
3504,50;0,1123
3504,00;0,1125
3503,50;0,1128
3503,00;0,1131
3502,50;0,1134
3502,00;0,1138
3501,50;0,1141
3501,00;0,1143
3500,50;0,1145
3500,00;0,1147
3499,50;0,1150
3499,00;0,1153
3498,50;0,1156
3498,00;0,1160
3497,50;0,1164
3497,00;0,1167
3496,50;0,1170
3496,00;0,1173
3495,50;0,1176
3495,00;0,1179
3494,50;0,1180
3494,00;0,1180
3493,50;0,1181
3493,00;0,1184
3492,50;0,1189
3492,00;0,1194
3491,50;0,1197
3491,00;0,1199
3490,50;0,1201
3490,00;0,1205
3489,50;0,1210
3489,00;0,1215
3488,50;0,1218
3488,00;0,1220
3487,50;0,1221
3487,00;0,1223
3486,50;0,1227
3486,00;0,1231
3485,50;0,1235
3485,00;0,1239
3484,50;0,1242
3484,00;0,1244
3483,50;0,1246
3483,00;0,1248
3482,50;0,1250
3482,00;0,1253
3481,50;0,1255
3481,00;0,1258
3480,50;0,1262
3480,00;0,1266
3479,50;0,1271
3479,00;0,1276
3478,50;0,1279
3478,00;0,1282
3477,50;0,1284
3477,00;0,1287
3476,50;0,1291
3476,00;0,1295
3475,50;0,1300
3475,00;0,1305
3474,50;0,1311
3474,00;0,1317
3473,50;0,1322
3473,00;0,1327
3472,50;0,1331
3472,00;0,1334
3471,50;0,1337
3471,00;0,1341
3470,50;0,1344
3470,00;0,1348
3469,50;0,1352
3469,00;0,1356
3468,50;0,1360
3468,00;0,1364
3467,50;0,1369
3467,00;0,1376
3466,50;0,1382
3466,00;0,1388
3465,50;0,1393
3465,00;0,1397
3464,50;0,1400
3464,00;0,1404
3463,50;0,1408
3463,00;0,1412
3462,50;0,1415
3462,00;0,1420
3461,50;0,1426
3461,00;0,1433
3460,50;0,1439
3460,00;0,1444
3459,50;0,1449
3459,00;0,1455
3458,50;0,1460
3458,00;0,1466
3457,50;0,1471
3457,00;0,1474
3456,50;0,1477
3456,00;0,1481
3455,50;0,1487
3455,00;0,1495
3454,50;0,1501
3454,00;0,1506
3453,50;0,1511
3453,00;0,1516
3452,50;0,1522
3452,00;0,1528
3451,50;0,1533
3451,00;0,1539
3450,50;0,1546
3450,00;0,1552
3449,50;0,1558
3449,00;0,1564
3448,50;0,1571
3448,00;0,1579
3447,50;0,1587
3447,00;0,1595
3446,50;0,1602
3446,00;0,1608
3445,50;0,1613
3445,00;0,1616
3444,50;0,1620
3444,00;0,1625
3443,50;0,1632
3443,00;0,1640
3442,50;0,1649
3442,00;0,1656
3441,50;0,1662
3441,00;0,1667
3440,50;0,1674
3440,00;0,1681
3439,50;0,1688
3439,00;0,1694
3438,50;0,1700
3438,00;0,1706
3437,50;0,1713
3437,00;0,1720
3436,50;0,1727
3436,00;0,1734
3435,50;0,1741
3435,00;0,1750
3434,50;0,1759
3434,00;0,1768
3433,50;0,1774
3433,00;0,1779
3432,50;0,1786
3432,00;0,1794
3431,50;0,1803
3431,00;0,1810
3430,50;0,1817
3430,00;0,1823
3429,50;0,1830
3429,00;0,1839
3428,50;0,1849
3428,00;0,1858
3427,50;0,1865
3427,00;0,1869
3426,50;0,1872
3426,00;0,1878
3425,50;0,1885
3425,00;0,1894
3424,50;0,1902
3424,00;0,1910
3423,50;0,1918
3423,00;0,1927
3422,50;0,1935
3422,00;0,1942
3421,50;0,1948
3421,00;0,1954
3420,50;0,1961
3420,00;0,1968
3419,50;0,1975
3419,00;0,1983
3418,50;0,1992
3418,00;0,2002
3417,50;0,2010
3417,00;0,2018
3416,50;0,2025
3416,00;0,2033
3415,50;0,2040
3415,00;0,2047
3414,50;0,2052
3414,00;0,2058
3413,50;0,2066
3413,00;0,2076
3412,50;0,2086
3412,00;0,2094
3411,50;0,2101
3411,00;0,2105
3410,50;0,2111
3410,00;0,2117
3409,50;0,2123
3409,00;0,2130
3408,50;0,2138
3408,00;0,2147
3407,50;0,2157
3407,00;0,2164
3406,50;0,2171
3406,00;0,2176
3405,50;0,2180
3405,00;0,2185
3404,50;0,2190
3404,00;0,2196
3403,50;0,2204
3403,00;0,2212
3402,50;0,2221
3402,00;0,2227
3401,50;0,2232
3401,00;0,2237
3400,50;0,2244
3400,00;0,2253
3399,50;0,2264
3399,00;0,2273
3398,50;0,2278
3398,00;0,2281
3397,50;0,2283
3397,00;0,2287
3396,50;0,2295
3396,00;0,2304
3395,50;0,2313
3395,00;0,2321
3394,50;0,2328
3394,00;0,2333
3393,50;0,2338
3393,00;0,2342
3392,50;0,2348
3392,00;0,2356
3391,50;0,2364
3391,00;0,2369
3390,50;0,2373
3390,00;0,2377
3389,50;0,2382
3389,00;0,2388
3388,50;0,2395
3388,00;0,2402
3387,50;0,2410
3387,00;0,2420
3386,50;0,2429
3386,00;0,2437
3385,50;0,2441
3385,00;0,2444
3384,50;0,2449
3384,00;0,2455
3383,50;0,2461
3383,00;0,2466
3382,50;0,2468
3382,00;0,2472
3381,50;0,2478
3381,00;0,2485
3380,50;0,2492
3380,00;0,2496
3379,50;0,2498
3379,00;0,2503
3378,50;0,2511
3378,00;0,2519
3377,50;0,2527
3377,00;0,2533
3376,50;0,2540
3376,00;0,2547
3375,50;0,2552
3375,00;0,2556
3374,50;0,2559
3374,00;0,2563
3373,50;0,2565
3373,00;0,2568
3372,50;0,2572
3372,00;0,2578
3371,50;0,2586
3371,00;0,2594
3370,50;0,2600
3370,00;0,2602
3369,50;0,2603
3369,00;0,2604
3368,50;0,2607
3368,00;0,2613
3367,50;0,2619
3367,00;0,2622
3366,50;0,2624
3366,00;0,2626
3365,50;0,2631
3365,00;0,2638
3364,50;0,2647
3364,00;0,2656
3363,50;0,2663
3363,00;0,2666
3362,50;0,2667
3362,00;0,2667
3361,50;0,2670
3361,00;0,2673
3360,50;0,2676
3360,00;0,2679
3359,50;0,2683
3359,00;0,2687
3358,50;0,2692
3358,00;0,2697
3357,50;0,2702
3357,00;0,2706
3356,50;0,2710
3356,00;0,2713
3355,50;0,2716
3355,00;0,2718
3354,50;0,2721
3354,00;0,2724
3353,50;0,2728
3353,00;0,2732
3352,50;0,2736
3352,00;0,2740
3351,50;0,2744
3351,00;0,2748
3350,50;0,2752
3350,00;0,2756
3349,50;0,2761
3349,00;0,2766
3348,50;0,2768
3348,00;0,2767
3347,50;0,2767
3347,00;0,2769
3346,50;0,2774
3346,00;0,2780
3345,50;0,2787
3345,00;0,2793
3344,50;0,2800
3344,00;0,2806
3343,50;0,2812
3343,00;0,2816
3342,50;0,2818
3342,00;0,2821
3341,50;0,2825
3341,00;0,2829
3340,50;0,2832
3340,00;0,2835
3339,50;0,2837
3339,00;0,2842
3338,50;0,2849
3338,00;0,2857
3337,50;0,2863
3337,00;0,2866
3336,50;0,2868
3336,00;0,2870
3335,50;0,2874
3335,00;0,2877
3334,50;0,2880
3334,00;0,2883
3333,50;0,2889
3333,00;0,2897
3332,50;0,2905
3332,00;0,2911
3331,50;0,2914
3331,00;0,2916
3330,50;0,2920
3330,00;0,2925
3329,50;0,2931
3329,00;0,2937
3328,50;0,2943
3328,00;0,2948
3327,50;0,2954
3327,00;0,2960
3326,50;0,2967
3326,00;0,2973
3325,50;0,2979
3325,00;0,2985
3324,50;0,2991
3324,00;0,2996
3323,50;0,2999
3323,00;0,3000
3322,50;0,3001
3322,00;0,3003
3321,50;0,3006
3321,00;0,3012
3320,50;0,3020
3320,00;0,3029
3319,50;0,3037
3319,00;0,3044
3318,50;0,3049
3318,00;0,3053
3317,50;0,3057
3317,00;0,3060
3316,50;0,3066
3316,00;0,3073
3315,50;0,3083
3315,00;0,3091
3314,50;0,3097
3314,00;0,3101
3313,50;0,3105
3313,00;0,3111
3312,50;0,3118
3312,00;0,3127
3311,50;0,3134
3311,00;0,3140
3310,50;0,3145
3310,00;0,3151
3309,50;0,3157
3309,00;0,3161
3308,50;0,3166
3308,00;0,3172
3307,50;0,3180
3307,00;0,3188
3306,50;0,3195
3306,00;0,3199
3305,50;0,3204
3305,00;0,3212
3304,50;0,3221
3304,00;0,3230
3303,50;0,3239
3303,00;0,3247
3302,50;0,3255
3302,00;0,3262
3301,50;0,3269
3301,00;0,3278
3300,50;0,3287
3300,00;0,3297
3299,50;0,3308
3299,00;0,3318
3298,50;0,3329
3298,00;0,3340
3297,50;0,3352
3297,00;0,3364
3296,50;0,3375
3296,00;0,3385
3295,50;0,3394
3295,00;0,3403
3294,50;0,3411
3294,00;0,3417
3293,50;0,3422
3293,00;0,3428
3292,50;0,3435
3292,00;0,3445
3291,50;0,3455
3291,00;0,3462
3290,50;0,3465
3290,00;0,3467
3289,50;0,3472
3289,00;0,3479
3288,50;0,3489
3288,00;0,3500
3287,50;0,3511
3287,00;0,3522
3286,50;0,3531
3286,00;0,3539
3285,50;0,3544
3285,00;0,3550
3284,50;0,3557
3284,00;0,3566
3283,50;0,3576
3283,00;0,3585
3282,50;0,3595
3282,00;0,3606
3281,50;0,3618
3281,00;0,3629
3280,50;0,3639
3280,00;0,3648
3279,50;0,3655
3279,00;0,3663
3278,50;0,3670
3278,00;0,3676
3277,50;0,3682
3277,00;0,3688
3276,50;0,3697
3276,00;0,3708
3275,50;0,3721
3275,00;0,3734
3274,50;0,3748
3274,00;0,3762
3273,50;0,3776
3273,00;0,3790
3272,50;0,3804
3272,00;0,3816
3271,50;0,3828
3271,00;0,3840
3270,50;0,3853
3270,00;0,3866
3269,50;0,3877
3269,00;0,3885
3268,50;0,3893
3268,00;0,3903
3267,50;0,3918
3267,00;0,3934
3266,50;0,3948
3266,00;0,3958
3265,50;0,3965
3265,00;0,3972
3264,50;0,3982
3264,00;0,3994
3263,50;0,4007
3263,00;0,4019
3262,50;0,4031
3262,00;0,4045
3261,50;0,4061
3261,00;0,4076
3260,50;0,4088
3260,00;0,4099
3259,50;0,4111
3259,00;0,4127
3258,50;0,4147
3258,00;0,4164
3257,50;0,4175
3257,00;0,4180
3256,50;0,4183
3256,00;0,4190
3255,50;0,4200
3255,00;0,4212
3254,50;0,4224
3254,00;0,4238
3253,50;0,4251
3253,00;0,4265
3252,50;0,4278
3252,00;0,4290
3251,50;0,4301
3251,00;0,4310
3250,50;0,4319
3250,00;0,4328
3249,50;0,4338
3249,00;0,4350
3248,50;0,4359
3248,00;0,4366
3247,50;0,4375
3247,00;0,4386
3246,50;0,4399
3246,00;0,4408
3245,50;0,4411
3245,00;0,4409
3244,50;0,4405
3244,00;0,4406
3243,50;0,4411
3243,00;0,4419
3242,50;0,4429
3242,00;0,4436
3241,50;0,4441
3241,00;0,4446
3240,50;0,4452
3240,00;0,4459
3239,50;0,4465
3239,00;0,4466
3238,50;0,4463
3238,00;0,4458
3237,50;0,4455
3237,00;0,4456
3236,50;0,4459
3236,00;0,4462
3235,50;0,4465
3235,00;0,4465
3234,50;0,4463
3234,00;0,4457
3233,50;0,4450
3233,00;0,4442
3232,50;0,4434
3232,00;0,4427
3231,50;0,4420
3231,00;0,4414
3230,50;0,4410
3230,00;0,4406
3229,50;0,4401
3229,00;0,4397
3228,50;0,4393
3228,00;0,4389
3227,50;0,4382
3227,00;0,4372
3226,50;0,4365
3226,00;0,4363
3225,50;0,4361
3225,00;0,4352
3224,50;0,4334
3224,00;0,4314
3223,50;0,4302
3223,00;0,4297
3222,50;0,4295
3222,00;0,4290
3221,50;0,4279
3221,00;0,4266
3220,50;0,4254
3220,00;0,4243
3219,50;0,4231
3219,00;0,4220
3218,50;0,4210
3218,00;0,4201
3217,50;0,4194
3217,00;0,4186
3216,50;0,4178
3216,00;0,4167
3215,50;0,4155
3215,00;0,4142
3214,50;0,4132
3214,00;0,4125
3213,50;0,4121
3213,00;0,4118
3212,50;0,4115
3212,00;0,4111
3211,50;0,4106
3211,00;0,4098
3210,50;0,4086
3210,00;0,4073
3209,50;0,4059
3209,00;0,4048
3208,50;0,4038
3208,00;0,4031
3207,50;0,4023
3207,00;0,4015
3206,50;0,4005
3206,00;0,3995
3205,50;0,3985
3205,00;0,3977
3204,50;0,3972
3204,00;0,3970
3203,50;0,3967
3203,00;0,3960
3202,50;0,3950
3202,00;0,3937
3201,50;0,3926
3201,00;0,3919
3200,50;0,3913
3200,00;0,3908
3199,50;0,3902
3199,00;0,3893
3198,50;0,3881
3198,00;0,3869
3197,50;0,3859
3197,00;0,3851
3196,50;0,3845
3196,00;0,3840
3195,50;0,3834
3195,00;0,3827
3194,50;0,3820
3194,00;0,3814
3193,50;0,3809
3193,00;0,3802
3192,50;0,3793
3192,00;0,3781
3191,50;0,3769
3191,00;0,3758
3190,50;0,3751
3190,00;0,3748
3189,50;0,3748
3189,00;0,3745
3188,50;0,3738
3188,00;0,3728
3187,50;0,3720
3187,00;0,3716
3186,50;0,3713
3186,00;0,3709
3185,50;0,3702
3185,00;0,3692
3184,50;0,3680
3184,00;0,3670
3183,50;0,3665
3183,00;0,3665
3182,50;0,3666
3182,00;0,3663
3181,50;0,3655
3181,00;0,3644
3180,50;0,3634
3180,00;0,3626
3179,50;0,3621
3179,00;0,3619
3178,50;0,3619
3178,00;0,3618
3177,50;0,3615
3177,00;0,3609
3176,50;0,3601
3176,00;0,3592
3175,50;0,3582
3175,00;0,3575
3174,50;0,3570
3174,00;0,3567
3173,50;0,3564
3173,00;0,3560
3172,50;0,3555
3172,00;0,3549
3171,50;0,3545
3171,00;0,3545
3170,50;0,3545
3170,00;0,3544
3169,50;0,3538
3169,00;0,3530
3168,50;0,3520
3168,00;0,3511
3167,50;0,3503
3167,00;0,3499
3166,50;0,3496
3166,00;0,3492
3165,50;0,3487
3165,00;0,3480
3164,50;0,3474
3164,00;0,3467
3163,50;0,3462
3163,00;0,3459
3162,50;0,3458
3162,00;0,3456
3161,50;0,3452
3161,00;0,3446
3160,50;0,3437
3160,00;0,3428
3159,50;0,3420
3159,00;0,3414
3158,50;0,3408
3158,00;0,3402
3157,50;0,3397
3157,00;0,3392
3156,50;0,3388
3156,00;0,3384
3155,50;0,3381
3155,00;0,3378
3154,50;0,3375
3154,00;0,3371
3153,50;0,3366
3153,00;0,3362
3152,50;0,3356
3152,00;0,3349
3151,50;0,3342
3151,00;0,3334
3150,50;0,3325
3150,00;0,3316
3149,50;0,3307
3149,00;0,3300
3148,50;0,3295
3148,00;0,3289
3147,50;0,3282
3147,00;0,3275
3146,50;0,3271
3146,00;0,3268
3145,50;0,3265
3145,00;0,3261
3144,50;0,3253
3144,00;0,3242
3143,50;0,3229
3143,00;0,3218
3142,50;0,3210
3142,00;0,3205
3141,50;0,3198
3141,00;0,3189
3140,50;0,3178
3140,00;0,3167
3139,50;0,3157
3139,00;0,3150
3138,50;0,3144
3138,00;0,3137
3137,50;0,3126
3137,00;0,3114
3136,50;0,3101
3136,00;0,3091
3135,50;0,3081
3135,00;0,3072
3134,50;0,3063
3134,00;0,3053
3133,50;0,3041
3133,00;0,3030
3132,50;0,3019
3132,00;0,3011
3131,50;0,3002
3131,00;0,2992
3130,50;0,2980
3130,00;0,2968
3129,50;0,2955
3129,00;0,2943
3128,50;0,2931
3128,00;0,2919
3127,50;0,2908
3127,00;0,2897
3126,50;0,2886
3126,00;0,2876
3125,50;0,2868
3125,00;0,2862
3124,50;0,2853
3124,00;0,2842
3123,50;0,2830
3123,00;0,2817
3122,50;0,2804
3122,00;0,2792
3121,50;0,2778
3121,00;0,2764
3120,50;0,2749
3120,00;0,2735
3119,50;0,2723
3119,00;0,2711
3118,50;0,2699
3118,00;0,2687
3117,50;0,2674
3117,00;0,2663
3116,50;0,2652
3116,00;0,2641
3115,50;0,2630
3115,00;0,2618
3114,50;0,2607
3114,00;0,2596
3113,50;0,2586
3113,00;0,2575
3112,50;0,2564
3112,00;0,2551
3111,50;0,2537
3111,00;0,2524
3110,50;0,2513
3110,00;0,2502
3109,50;0,2490
3109,00;0,2477
3108,50;0,2465
3108,00;0,2453
3107,50;0,2440
3107,00;0,2427
3106,50;0,2413
3106,00;0,2401
3105,50;0,2390
3105,00;0,2379
3104,50;0,2366
3104,00;0,2353
3103,50;0,2343
3103,00;0,2333
3102,50;0,2323
3102,00;0,2312
3101,50;0,2300
3101,00;0,2288
3100,50;0,2277
3100,00;0,2268
3099,50;0,2260
3099,00;0,2250
3098,50;0,2237
3098,00;0,2222
3097,50;0,2207
3097,00;0,2195
3096,50;0,2185
3096,00;0,2176
3095,50;0,2167
3095,00;0,2158
3094,50;0,2148
3094,00;0,2138
3093,50;0,2128
3093,00;0,2118
3092,50;0,2109
3092,00;0,2099
3091,50;0,2089
3091,00;0,2077
3090,50;0,2067
3090,00;0,2058
3089,50;0,2050
3089,00;0,2042
3088,50;0,2033
3088,00;0,2023
3087,50;0,2011
3087,00;0,1999
3086,50;0,1989
3086,00;0,1980
3085,50;0,1973
3085,00;0,1967
3084,50;0,1960
3084,00;0,1952
3083,50;0,1943
3083,00;0,1934
3082,50;0,1926
3082,00;0,1918
3081,50;0,1910
3081,00;0,1902
3080,50;0,1893
3080,00;0,1885
3079,50;0,1877
3079,00;0,1870
3078,50;0,1862
3078,00;0,1855
3077,50;0,1847
3077,00;0,1840
3076,50;0,1832
3076,00;0,1825
3075,50;0,1819
3075,00;0,1813
3074,50;0,1807
3074,00;0,1801
3073,50;0,1795
3073,00;0,1786
3072,50;0,1776
3072,00;0,1766
3071,50;0,1758
3071,00;0,1753
3070,50;0,1750
3070,00;0,1746
3069,50;0,1740
3069,00;0,1734
3068,50;0,1729
3068,00;0,1725
3067,50;0,1719
3067,00;0,1709
3066,50;0,1697
3066,00;0,1687
3065,50;0,1680
3065,00;0,1675
3064,50;0,1671
3064,00;0,1667
3063,50;0,1662
3063,00;0,1658
3062,50;0,1653
3062,00;0,1647
3061,50;0,1640
3061,00;0,1632
3060,50;0,1625
3060,00;0,1620
3059,50;0,1615
3059,00;0,1610
3058,50;0,1604
3058,00;0,1598
3057,50;0,1593
3057,00;0,1588
3056,50;0,1585
3056,00;0,1583
3055,50;0,1580
3055,00;0,1577
3054,50;0,1572
3054,00;0,1565
3053,50;0,1557
3053,00;0,1550
3052,50;0,1544
3052,00;0,1540
3051,50;0,1536
3051,00;0,1532
3050,50;0,1527
3050,00;0,1523
3049,50;0,1519
3049,00;0,1514
3048,50;0,1510
3048,00;0,1505
3047,50;0,1501
3047,00;0,1497
3046,50;0,1493
3046,00;0,1488
3045,50;0,1483
3045,00;0,1477
3044,50;0,1471
3044,00;0,1465
3043,50;0,1460
3043,00;0,1456
3042,50;0,1452
3042,00;0,1450
3041,50;0,1448
3041,00;0,1446
3040,50;0,1443
3040,00;0,1439
3039,50;0,1434
3039,00;0,1430
3038,50;0,1426
3038,00;0,1423
3037,50;0,1420
3037,00;0,1417
3036,50;0,1413
3036,00;0,1409
3035,50;0,1405
3035,00;0,1401
3034,50;0,1398
3034,00;0,1395
3033,50;0,1393
3033,00;0,1390
3032,50;0,1387
3032,00;0,1383
3031,50;0,1378
3031,00;0,1373
3030,50;0,1367
3030,00;0,1362
3029,50;0,1360
3029,00;0,1359
3028,50;0,1356
3028,00;0,1353
3027,50;0,1349
3027,00;0,1345
3026,50;0,1342
3026,00;0,1338
3025,50;0,1334
3025,00;0,1330
3024,50;0,1327
3024,00;0,1325
3023,50;0,1323
3023,00;0,1322
3022,50;0,1322
3022,00;0,1321
3021,50;0,1317
3021,00;0,1312
3020,50;0,1308
3020,00;0,1306
3019,50;0,1305
3019,00;0,1304
3018,50;0,1304
3018,00;0,1302
3017,50;0,1300
3017,00;0,1296
3016,50;0,1292
3016,00;0,1287
3015,50;0,1284
3015,00;0,1280
3014,50;0,1276
3014,00;0,1272
3013,50;0,1268
3013,00;0,1264
3012,50;0,1261
3012,00;0,1260
3011,50;0,1260
3011,00;0,1261
3010,50;0,1261
3010,00;0,1259
3009,50;0,1255
3009,00;0,1251
3008,50;0,1248
3008,00;0,1246
3007,50;0,1245
3007,00;0,1244
3006,50;0,1242
3006,00;0,1239
3005,50;0,1235
3005,00;0,1232
3004,50;0,1228
3004,00;0,1225
3003,50;0,1222
3003,00;0,1221
3002,50;0,1222
3002,00;0,1222
3001,50;0,1222
3001,00;0,1221
3000,50;0,1218
3000,00;0,1215
2999,50;0,1212
2999,00;0,1210
2998,50;0,1207
2998,00;0,1202
2997,50;0,1198
2997,00;0,1196
2996,50;0,1195
2996,00;0,1194
2995,50;0,1192
2995,00;0,1188
2994,50;0,1185
2994,00;0,1182
2993,50;0,1180
2993,00;0,1179
2992,50;0,1179
2992,00;0,1179
2991,50;0,1178
2991,00;0,1178
2990,50;0,1177
2990,00;0,1176
2989,50;0,1174
2989,00;0,1170
2988,50;0,1166
2988,00;0,1162
2987,50;0,1158
2987,00;0,1155
2986,50;0,1155
2986,00;0,1156
2985,50;0,1157
2985,00;0,1156
2984,50;0,1155
2984,00;0,1154
2983,50;0,1153
2983,00;0,1152
2982,50;0,1151
2982,00;0,1149
2981,50;0,1147
2981,00;0,1144
2980,50;0,1141
2980,00;0,1138
2979,50;0,1137
2979,00;0,1137
2978,50;0,1137
2978,00;0,1135
2977,50;0,1132
2977,00;0,1129
2976,50;0,1127
2976,00;0,1125
2975,50;0,1123
2975,00;0,1120
2974,50;0,1116
2974,00;0,1113
2973,50;0,1111
2973,00;0,1109
2972,50;0,1109
2972,00;0,1108
2971,50;0,1108
2971,00;0,1107
2970,50;0,1106
2970,00;0,1104
2969,50;0,1104
2969,00;0,1103
2968,50;0,1103
2968,00;0,1102
2967,50;0,1102
2967,00;0,1102
2966,50;0,1102
2966,00;0,1101
2965,50;0,1100
2965,00;0,1099
2964,50;0,1096
2964,00;0,1093
2963,50;0,1091
2963,00;0,1089
2962,50;0,1087
2962,00;0,1083
2961,50;0,1079
2961,00;0,1075
2960,50;0,1074
2960,00;0,1074
2959,50;0,1074
2959,00;0,1075
2958,50;0,1075
2958,00;0,1073
2957,50;0,1070
2957,00;0,1066
2956,50;0,1062
2956,00;0,1060
2955,50;0,1058
2955,00;0,1057
2954,50;0,1056
2954,00;0,1054
2953,50;0,1052
2953,00;0,1050
2952,50;0,1047
2952,00;0,1044
2951,50;0,1041
2951,00;0,1038
2950,50;0,1037
2950,00;0,1037
2949,50;0,1038
2949,00;0,1039
2948,50;0,1038
2948,00;0,1036
2947,50;0,1034
2947,00;0,1031
2946,50;0,1029
2946,00;0,1028
2945,50;0,1026
2945,00;0,1024
2944,50;0,1022
2944,00;0,1020
2943,50;0,1018
2943,00;0,1017
2942,50;0,1017
2942,00;0,1017
2941,50;0,1018
2941,00;0,1017
2940,50;0,1014
2940,00;0,1012
2939,50;0,1011
2939,00;0,1013
2938,50;0,1017
2938,00;0,1020
2937,50;0,1022
2937,00;0,1022
2936,50;0,1020
2936,00;0,1016
2935,50;0,1014
2935,00;0,1012
2934,50;0,1012
2934,00;0,1012
2933,50;0,1011
2933,00;0,1008
2932,50;0,1006
2932,00;0,1005
2931,50;0,1004
2931,00;0,1003
2930,50;0,1000
2930,00;0,0998
2929,50;0,0996
2929,00;0,0996
2928,50;0,0998
2928,00;0,0999
2927,50;0,1000
2927,00;0,0999
2926,50;0,0996
2926,00;0,0992
2925,50;0,0989
2925,00;0,0987
2924,50;0,0986
2924,00;0,0985
2923,50;0,0984
2923,00;0,0981
2922,50;0,0979
2922,00;0,0977
2921,50;0,0977
2921,00;0,0976
2920,50;0,0975
2920,00;0,0974
2919,50;0,0974
2919,00;0,0976
2918,50;0,0978
2918,00;0,0981
2917,50;0,0984
2917,00;0,0986
2916,50;0,0986
2916,00;0,0987
2915,50;0,0987
2915,00;0,0987
2914,50;0,0986
2914,00;0,0985
2913,50;0,0984
2913,00;0,0984
2912,50;0,0983
2912,00;0,0982
2911,50;0,0981
2911,00;0,0978
2910,50;0,0974
2910,00;0,0970
2909,50;0,0966
2909,00;0,0964
2908,50;0,0964
2908,00;0,0965
2907,50;0,0966
2907,00;0,0966
2906,50;0,0965
2906,00;0,0963
2905,50;0,0961
2905,00;0,0958
2904,50;0,0956
2904,00;0,0954
2903,50;0,0953
2903,00;0,0953
2902,50;0,0954
2902,00;0,0955
2901,50;0,0955
2901,00;0,0954
2900,50;0,0953
2900,00;0,0951
2899,50;0,0949
2899,00;0,0947
2898,50;0,0945
2898,00;0,0945
2897,50;0,0946
2897,00;0,0948
2896,50;0,0949
2896,00;0,0949
2895,50;0,0948
2895,00;0,0946
2894,50;0,0945
2894,00;0,0944
2893,50;0,0944
2893,00;0,0944
2892,50;0,0942
2892,00;0,0940
2891,50;0,0939
2891,00;0,0939
2890,50;0,0939
2890,00;0,0938
2889,50;0,0936
2889,00;0,0934
2888,50;0,0932
2888,00;0,0930
2887,50;0,0929
2887,00;0,0929
2886,50;0,0931
2886,00;0,0932
2885,50;0,0933
2885,00;0,0933
2884,50;0,0933
2884,00;0,0932
2883,50;0,0931
2883,00;0,0929
2882,50;0,0927
2882,00;0,0925
2881,50;0,0924
2881,00;0,0924
2880,50;0,0925
2880,00;0,0925
2879,50;0,0925
2879,00;0,0925
2878,50;0,0926
2878,00;0,0925
2877,50;0,0924
2877,00;0,0924
2876,50;0,0925
2876,00;0,0925
2875,50;0,0924
2875,00;0,0922
2874,50;0,0920
2874,00;0,0918
2873,50;0,0916
2873,00;0,0915
2872,50;0,0915
2872,00;0,0916
2871,50;0,0919
2871,00;0,0920
2870,50;0,0921
2870,00;0,0919
2869,50;0,0916
2869,00;0,0911
2868,50;0,0908
2868,00;0,0906
2867,50;0,0907
2867,00;0,0910
2866,50;0,0912
2866,00;0,0912
2865,50;0,0910
2865,00;0,0907
2864,50;0,0906
2864,00;0,0907
2863,50;0,0908
2863,00;0,0908
2862,50;0,0908
2862,00;0,0908
2861,50;0,0910
2861,00;0,0911
2860,50;0,0911
2860,00;0,0910
2859,50;0,0908
2859,00;0,0906
2858,50;0,0903
2858,00;0,0902
2857,50;0,0902
2857,00;0,0903
2856,50;0,0902
2856,00;0,0901
2855,50;0,0899
2855,00;0,0896
2854,50;0,0894
2854,00;0,0894
2853,50;0,0895
2853,00;0,0896
2852,50;0,0896
2852,00;0,0895
2851,50;0,0894
2851,00;0,0893
2850,50;0,0894
2850,00;0,0897
2849,50;0,0901
2849,00;0,0904
2848,50;0,0908
2848,00;0,0910
2847,50;0,0910
2847,00;0,0910
2846,50;0,0908
2846,00;0,0905
2845,50;0,0901
2845,00;0,0898
2844,50;0,0896
2844,00;0,0894
2843,50;0,0893
2843,00;0,0891
2842,50;0,0889
2842,00;0,0888
2841,50;0,0888
2841,00;0,0888
2840,50;0,0889
2840,00;0,0889
2839,50;0,0889
2839,00;0,0889
2838,50;0,0888
2838,00;0,0886
2837,50;0,0886
2837,00;0,0886
2836,50;0,0887
2836,00;0,0887
2835,50;0,0886
2835,00;0,0886
2834,50;0,0886
2834,00;0,0887
2833,50;0,0887
2833,00;0,0887
2832,50;0,0886
2832,00;0,0885
2831,50;0,0882
2831,00;0,0881
2830,50;0,0880
2830,00;0,0882
2829,50;0,0883
2829,00;0,0883
2828,50;0,0882
2828,00;0,0879
2827,50;0,0878
2827,00;0,0877
2826,50;0,0876
2826,00;0,0877
2825,50;0,0877
2825,00;0,0878
2824,50;0,0879
2824,00;0,0881
2823,50;0,0882
2823,00;0,0883
2822,50;0,0882
2822,00;0,0880
2821,50;0,0879
2821,00;0,0878
2820,50;0,0877
2820,00;0,0876
2819,50;0,0876
2819,00;0,0875
2818,50;0,0875
2818,00;0,0875
2817,50;0,0876
2817,00;0,0876
2816,50;0,0876
2816,00;0,0875
2815,50;0,0875
2815,00;0,0875
2814,50;0,0876
2814,00;0,0877
2813,50;0,0878
2813,00;0,0878
2812,50;0,0878
2812,00;0,0877
2811,50;0,0876
2811,00;0,0876
2810,50;0,0875
2810,00;0,0874
2809,50;0,0872
2809,00;0,0870
2808,50;0,0868
2808,00;0,0867
2807,50;0,0866
2807,00;0,0867
2806,50;0,0867
2806,00;0,0868
2805,50;0,0870
2805,00;0,0871
2804,50;0,0873
2804,00;0,0874
2803,50;0,0875
2803,00;0,0875
2802,50;0,0874
2802,00;0,0873
2801,50;0,0872
2801,00;0,0872
2800,50;0,0871
2800,00;0,0871
2799,50;0,0870
2799,00;0,0869
2798,50;0,0868
2798,00;0,0868
2797,50;0,0868
2797,00;0,0868
2796,50;0,0867
2796,00;0,0866
2795,50;0,0865
2795,00;0,0864
2794,50;0,0864
2794,00;0,0863
2793,50;0,0863
2793,00;0,0864
2792,50;0,0865
2792,00;0,0865
2791,50;0,0865
2791,00;0,0864
2790,50;0,0865
2790,00;0,0866
2789,50;0,0867
2789,00;0,0866
2788,50;0,0865
2788,00;0,0864
2787,50;0,0864
2787,00;0,0863
2786,50;0,0863
2786,00;0,0862
2785,50;0,0863
2785,00;0,0862
2784,50;0,0862
2784,00;0,0861
2783,50;0,0861
2783,00;0,0862
2782,50;0,0862
2782,00;0,0863
2781,50;0,0863
2781,00;0,0863
2780,50;0,0863
2780,00;0,0861
2779,50;0,0860
2779,00;0,0859
2778,50;0,0858
2778,00;0,0858
2777,50;0,0858
2777,00;0,0859
2776,50;0,0860
2776,00;0,0862
2775,50;0,0863
2775,00;0,0863
2774,50;0,0862
2774,00;0,0861
2773,50;0,0859
2773,00;0,0858
2772,50;0,0858
2772,00;0,0859
2771,50;0,0861
2771,00;0,0862
2770,50;0,0863
2770,00;0,0863
2769,50;0,0863
2769,00;0,0863
2768,50;0,0862
2768,00;0,0860
2767,50;0,0858
2767,00;0,0856
2766,50;0,0855
2766,00;0,0854
2765,50;0,0854
2765,00;0,0855
2764,50;0,0857
2764,00;0,0859
2763,50;0,0859
2763,00;0,0860
2762,50;0,0860
2762,00;0,0860
2761,50;0,0861
2761,00;0,0860
2760,50;0,0860
2760,00;0,0860
2759,50;0,0860
2759,00;0,0858
2758,50;0,0857
2758,00;0,0856
2757,50;0,0857
2757,00;0,0858
2756,50;0,0858
2756,00;0,0857
2755,50;0,0856
2755,00;0,0856
2754,50;0,0855
2754,00;0,0855
2753,50;0,0854
2753,00;0,0854
2752,50;0,0854
2752,00;0,0854
2751,50;0,0855
2751,00;0,0857
2750,50;0,0859
2750,00;0,0860
2749,50;0,0861
2749,00;0,0861
2748,50;0,0861
2748,00;0,0860
2747,50;0,0859
2747,00;0,0858
2746,50;0,0856
2746,00;0,0854
2745,50;0,0853
2745,00;0,0853
2744,50;0,0853
2744,00;0,0855
2743,50;0,0857
2743,00;0,0858
2742,50;0,0858
2742,00;0,0857
2741,50;0,0855
2741,00;0,0854
2740,50;0,0853
2740,00;0,0853
2739,50;0,0853
2739,00;0,0852
2738,50;0,0851
2738,00;0,0851
2737,50;0,0852
2737,00;0,0853
2736,50;0,0855
2736,00;0,0856
2735,50;0,0857
2735,00;0,0857
2734,50;0,0856
2734,00;0,0855
2733,50;0,0855
2733,00;0,0856
2732,50;0,0857
2732,00;0,0858
2731,50;0,0858
2731,00;0,0857
2730,50;0,0855
2730,00;0,0855
2729,50;0,0855
2729,00;0,0856
2728,50;0,0857
2728,00;0,0857
2727,50;0,0856
2727,00;0,0855
2726,50;0,0855
2726,00;0,0854
2725,50;0,0854
2725,00;0,0855
2724,50;0,0855
2724,00;0,0855
2723,50;0,0854
2723,00;0,0853
2722,50;0,0853
2722,00;0,0854
2721,50;0,0855
2721,00;0,0856
2720,50;0,0856
2720,00;0,0856
2719,50;0,0856
2719,00;0,0856
2718,50;0,0857
2718,00;0,0858
2717,50;0,0858
2717,00;0,0858
2716,50;0,0856
2716,00;0,0853
2715,50;0,0852
2715,00;0,0852
2714,50;0,0853
2714,00;0,0855
2713,50;0,0856
2713,00;0,0856
2712,50;0,0855
2712,00;0,0854
2711,50;0,0854
2711,00;0,0854
2710,50;0,0854
2710,00;0,0854
2709,50;0,0853
2709,00;0,0853
2708,50;0,0852
2708,00;0,0851
2707,50;0,0850
2707,00;0,0851
2706,50;0,0852
2706,00;0,0853
2705,50;0,0853
2705,00;0,0853
2704,50;0,0853
2704,00;0,0853
2703,50;0,0853
2703,00;0,0853
2702,50;0,0852
2702,00;0,0852
2701,50;0,0852
2701,00;0,0853
2700,50;0,0853
2700,00;0,0853
2699,50;0,0853
2699,00;0,0853
2698,50;0,0853
2698,00;0,0854
2697,50;0,0854
2697,00;0,0854
2696,50;0,0854
2696,00;0,0854
2695,50;0,0854
2695,00;0,0853
2694,50;0,0854
2694,00;0,0855
2693,50;0,0855
2693,00;0,0854
2692,50;0,0853
2692,00;0,0853
2691,50;0,0854
2691,00;0,0855
2690,50;0,0855
2690,00;0,0855
2689,50;0,0854
2689,00;0,0852
2688,50;0,0851
2688,00;0,0849
2687,50;0,0850
2687,00;0,0852
2686,50;0,0854
2686,00;0,0855
2685,50;0,0855
2685,00;0,0854
2684,50;0,0854
2684,00;0,0853
2683,50;0,0853
2683,00;0,0853
2682,50;0,0854
2682,00;0,0855
2681,50;0,0857
2681,00;0,0858
2680,50;0,0859
2680,00;0,0859
2679,50;0,0859
2679,00;0,0858
2678,50;0,0857
2678,00;0,0855
2677,50;0,0854
2677,00;0,0853
2676,50;0,0853
2676,00;0,0853
2675,50;0,0854
2675,00;0,0855
2674,50;0,0855
2674,00;0,0856
2673,50;0,0856
2673,00;0,0856
2672,50;0,0856
2672,00;0,0856
2671,50;0,0856
2671,00;0,0857
2670,50;0,0858
2670,00;0,0858
2669,50;0,0858
2669,00;0,0858
2668,50;0,0858
2668,00;0,0857
2667,50;0,0855
2667,00;0,0854
2666,50;0,0854
2666,00;0,0855
2665,50;0,0855
2665,00;0,0856
2664,50;0,0856
2664,00;0,0857
2663,50;0,0858
2663,00;0,0859
2662,50;0,0859
2662,00;0,0858
2661,50;0,0857
2661,00;0,0856
2660,50;0,0855
2660,00;0,0855
2659,50;0,0855
2659,00;0,0855
2658,50;0,0855
2658,00;0,0855
2657,50;0,0854
2657,00;0,0852
2656,50;0,0852
2656,00;0,0853
2655,50;0,0855
2655,00;0,0857
2654,50;0,0858
2654,00;0,0857
2653,50;0,0857
2653,00;0,0856
2652,50;0,0856
2652,00;0,0855
2651,50;0,0855
2651,00;0,0855
2650,50;0,0854
2650,00;0,0854
2649,50;0,0853
2649,00;0,0852
2648,50;0,0852
2648,00;0,0852
2647,50;0,0852
2647,00;0,0852
2646,50;0,0852
2646,00;0,0853
2645,50;0,0854
2645,00;0,0854
2644,50;0,0853
2644,00;0,0853
2643,50;0,0854
2643,00;0,0856
2642,50;0,0858
2642,00;0,0861
2641,50;0,0863
2641,00;0,0863
2640,50;0,0862
2640,00;0,0860
2639,50;0,0859
2639,00;0,0859
2638,50;0,0859
2638,00;0,0859
2637,50;0,0859
2637,00;0,0858
2636,50;0,0857
2636,00;0,0855
2635,50;0,0854
2635,00;0,0854
2634,50;0,0853
2634,00;0,0852
2633,50;0,0852
2633,00;0,0851
2632,50;0,0850
2632,00;0,0849
2631,50;0,0848
2631,00;0,0848
2630,50;0,0850
2630,00;0,0853
2629,50;0,0856
2629,00;0,0859
2628,50;0,0859
2628,00;0,0858
2627,50;0,0857
2627,00;0,0857
2626,50;0,0857
2626,00;0,0857
2625,50;0,0858
2625,00;0,0859
2624,50;0,0860
2624,00;0,0862
2623,50;0,0863
2623,00;0,0864
2622,50;0,0862
2622,00;0,0859
2621,50;0,0857
2621,00;0,0857
2620,50;0,0857
2620,00;0,0857
2619,50;0,0858
2619,00;0,0860
2618,50;0,0863
2618,00;0,0864
2617,50;0,0864
2617,00;0,0863
2616,50;0,0862
2616,00;0,0861
2615,50;0,0860
2615,00;0,0859
2614,50;0,0860
2614,00;0,0860
2613,50;0,0860
2613,00;0,0861
2612,50;0,0863
2612,00;0,0864
2611,50;0,0865
2611,00;0,0865
2610,50;0,0863
2610,00;0,0862
2609,50;0,0861
2609,00;0,0861
2608,50;0,0864
2608,00;0,0867
2607,50;0,0870
2607,00;0,0872
2606,50;0,0872
2606,00;0,0871
2605,50;0,0870
2605,00;0,0869
2604,50;0,0868
2604,00;0,0868
2603,50;0,0867
2603,00;0,0867
2602,50;0,0867
2602,00;0,0867
2601,50;0,0866
2601,00;0,0865
2600,50;0,0863
2600,00;0,0861
2599,50;0,0859
2599,00;0,0857
2598,50;0,0856
2598,00;0,0857
2597,50;0,0861
2597,00;0,0864
2596,50;0,0865
2596,00;0,0864
2595,50;0,0862
2595,00;0,0862
2594,50;0,0864
2594,00;0,0866
2593,50;0,0869
2593,00;0,0872
2592,50;0,0875
2592,00;0,0877
2591,50;0,0875
2591,00;0,0871
2590,50;0,0869
2590,00;0,0869
2589,50;0,0871
2589,00;0,0871
2588,50;0,0871
2588,00;0,0870
2587,50;0,0869
2587,00;0,0869
2586,50;0,0870
2586,00;0,0871
2585,50;0,0872
2585,00;0,0872
2584,50;0,0870
2584,00;0,0868
2583,50;0,0866
2583,00;0,0863
2582,50;0,0862
2582,00;0,0863
2581,50;0,0867
2581,00;0,0870
2580,50;0,0872
2580,00;0,0872
2579,50;0,0871
2579,00;0,0871
2578,50;0,0871
2578,00;0,0871
2577,50;0,0871
2577,00;0,0873
2576,50;0,0874
2576,00;0,0875
2575,50;0,0875
2575,00;0,0875
2574,50;0,0873
2574,00;0,0872
2573,50;0,0870
2573,00;0,0870
2572,50;0,0869
2572,00;0,0871
2571,50;0,0874
2571,00;0,0877
2570,50;0,0880
2570,00;0,0880
2569,50;0,0879
2569,00;0,0877
2568,50;0,0875
2568,00;0,0874
2567,50;0,0874
2567,00;0,0875
2566,50;0,0876
2566,00;0,0875
2565,50;0,0872
2565,00;0,0871
2564,50;0,0872
2564,00;0,0872
2563,50;0,0873
2563,00;0,0873
2562,50;0,0873
2562,00;0,0874
2561,50;0,0875
2561,00;0,0877
2560,50;0,0880
2560,00;0,0881
2559,50;0,0881
2559,00;0,0878
2558,50;0,0877
2558,00;0,0877
2557,50;0,0878
2557,00;0,0878
2556,50;0,0878
2556,00;0,0878
2555,50;0,0879
2555,00;0,0879
2554,50;0,0879
2554,00;0,0878
2553,50;0,0879
2553,00;0,0881
2552,50;0,0883
2552,00;0,0884
2551,50;0,0885
2551,00;0,0886
2550,50;0,0886
2550,00;0,0886
2549,50;0,0886
2549,00;0,0885
2548,50;0,0882
2548,00;0,0879
2547,50;0,0877
2547,00;0,0877
2546,50;0,0878
2546,00;0,0881
2545,50;0,0883
2545,00;0,0885
2544,50;0,0885
2544,00;0,0884
2543,50;0,0882
2543,00;0,0881
2542,50;0,0879
2542,00;0,0878
2541,50;0,0879
2541,00;0,0883
2540,50;0,0887
2540,00;0,0889
2539,50;0,0889
2539,00;0,0887
2538,50;0,0884
2538,00;0,0881
2537,50;0,0880
2537,00;0,0879
2536,50;0,0880
2536,00;0,0882
2535,50;0,0886
2535,00;0,0891
2534,50;0,0894
2534,00;0,0894
2533,50;0,0890
2533,00;0,0886
2532,50;0,0883
2532,00;0,0881
2531,50;0,0881
2531,00;0,0882
2530,50;0,0883
2530,00;0,0886
2529,50;0,0890
2529,00;0,0895
2528,50;0,0899
2528,00;0,0901
2527,50;0,0899
2527,00;0,0893
2526,50;0,0888
2526,00;0,0886
2525,50;0,0887
2525,00;0,0891
2524,50;0,0893
2524,00;0,0895
2523,50;0,0898
2523,00;0,0902
2522,50;0,0906
2522,00;0,0907
2521,50;0,0902
2521,00;0,0895
2520,50;0,0889
2520,00;0,0888
2519,50;0,0891
2519,00;0,0897
2518,50;0,0902
2518,00;0,0905
2517,50;0,0904
2517,00;0,0901
2516,50;0,0897
2516,00;0,0895
2515,50;0,0897
2515,00;0,0902
2514,50;0,0907
2514,00;0,0912
2513,50;0,0919
2513,00;0,0926
2512,50;0,0930
2512,00;0,0929
2511,50;0,0921
2511,00;0,0910
2510,50;0,0902
2510,00;0,0900
2509,50;0,0904
2509,00;0,0912
2508,50;0,0921
2508,00;0,0929
2507,50;0,0933
2507,00;0,0932
2506,50;0,0925
2506,00;0,0916
2505,50;0,0908
2505,00;0,0906
2504,50;0,0911
2504,00;0,0921
2503,50;0,0933
2503,00;0,0944
2502,50;0,0950
2502,00;0,0949
2501,50;0,0943
2501,00;0,0934
2500,50;0,0928
2500,00;0,0923
2499,50;0,0922
2499,00;0,0925
2498,50;0,0933
2498,00;0,0942
2497,50;0,0948
2497,00;0,0948
2496,50;0,0943
2496,00;0,0937
2495,50;0,0934
2495,00;0,0935
2494,50;0,0941
2494,00;0,0949
2493,50;0,0957
2493,00;0,0962
2492,50;0,0962
2492,00;0,0958
2491,50;0,0953
2491,00;0,0947
2490,50;0,0943
2490,00;0,0941
2489,50;0,0944
2489,00;0,0950
2488,50;0,0959
2488,00;0,0965
2487,50;0,0967
2487,00;0,0964
2486,50;0,0960
2486,00;0,0956
2485,50;0,0954
2485,00;0,0954
2484,50;0,0958
2484,00;0,0964
2483,50;0,0969
2483,00;0,0971
2482,50;0,0970
2482,00;0,0967
2481,50;0,0964
2481,00;0,0960
2480,50;0,0957
2480,00;0,0956
2479,50;0,0959
2479,00;0,0965
2478,50;0,0972
2478,00;0,0979
2477,50;0,0983
2477,00;0,0984
2476,50;0,0982
2476,00;0,0978
2475,50;0,0974
2475,00;0,0971
2474,50;0,0972
2474,00;0,0976
2473,50;0,0982
2473,00;0,0989
2472,50;0,0995
2472,00;0,0997
2471,50;0,0995
2471,00;0,0991
2470,50;0,0986
2470,00;0,0982
2469,50;0,0982
2469,00;0,0985
2468,50;0,0991
2468,00;0,0997
2467,50;0,1003
2467,00;0,1006
2466,50;0,1007
2466,00;0,1006
2465,50;0,1005
2465,00;0,1003
2464,50;0,1001
2464,00;0,1000
2463,50;0,1001
2463,00;0,1003
2462,50;0,1004
2462,00;0,1006
2461,50;0,1007
2461,00;0,1007
2460,50;0,1006
2460,00;0,1004
2459,50;0,1002
2459,00;0,1002
2458,50;0,1004
2458,00;0,1008
2457,50;0,1013
2457,00;0,1016
2456,50;0,1017
2456,00;0,1015
2455,50;0,1012
2455,00;0,1009
2454,50;0,1008
2454,00;0,1007
2453,50;0,1007
2453,00;0,1010
2452,50;0,1015
2452,00;0,1019
2451,50;0,1020
2451,00;0,1017
2450,50;0,1014
2450,00;0,1010
2449,50;0,1007
2449,00;0,1003
2448,50;0,0999
2448,00;0,0998
2447,50;0,1000
2447,00;0,1004
2446,50;0,1009
2446,00;0,1012
2445,50;0,1013
2445,00;0,1011
2444,50;0,1010
2444,00;0,1008
2443,50;0,1007
2443,00;0,1006
2442,50;0,1007
2442,00;0,1009
2441,50;0,1009
2441,00;0,1008
2440,50;0,1003
2440,00;0,0998
2439,50;0,0996
2439,00;0,0994
2438,50;0,0991
2438,00;0,0986
2437,50;0,0983
2437,00;0,0985
2436,50;0,0990
2436,00;0,0995
2435,50;0,0995
2435,00;0,0992
2434,50;0,0987
2434,00;0,0983
2433,50;0,0984
2433,00;0,0986
2432,50;0,0989
2432,00;0,0989
2431,50;0,0988
2431,00;0,0987
2430,50;0,0986
2430,00;0,0984
2429,50;0,0981
2429,00;0,0977
2428,50;0,0976
2428,00;0,0977
2427,50;0,0979
2427,00;0,0982
2426,50;0,0985
2426,00;0,0987
2425,50;0,0985
2425,00;0,0980
2424,50;0,0973
2424,00;0,0968
2423,50;0,0967
2423,00;0,0969
2422,50;0,0972
2422,00;0,0975
2421,50;0,0978
2421,00;0,0979
2420,50;0,0976
2420,00;0,0973
2419,50;0,0969
2419,00;0,0966
2418,50;0,0964
2418,00;0,0963
2417,50;0,0962
2417,00;0,0962
2416,50;0,0962
2416,00;0,0962
2415,50;0,0962
2415,00;0,0961
2414,50;0,0961
2414,00;0,0960
2413,50;0,0958
2413,00;0,0955
2412,50;0,0952
2412,00;0,0951
2411,50;0,0952
2411,00;0,0956
2410,50;0,0961
2410,00;0,0962
2409,50;0,0961
2409,00;0,0957
2408,50;0,0954
2408,00;0,0950
2407,50;0,0948
2407,00;0,0948
2406,50;0,0951
2406,00;0,0955
2405,50;0,0956
2405,00;0,0955
2404,50;0,0954
2404,00;0,0952
2403,50;0,0952
2403,00;0,0952
2402,50;0,0954
2402,00;0,0955
2401,50;0,0955
2401,00;0,0955
2400,50;0,0956
2400,00;0,0956
2399,50;0,0956
2399,00;0,0955
2398,50;0,0952
2398,00;0,0949
2397,50;0,0947
2397,00;0,0946
2396,50;0,0946
2396,00;0,0946
2395,50;0,0947
2395,00;0,0948
2394,50;0,0950
2394,00;0,0952
2393,50;0,0953
2393,00;0,0951
2392,50;0,0948
2392,00;0,0944
2391,50;0,0940
2391,00;0,0940
2390,50;0,0943
2390,00;0,0947
2389,50;0,0950
2389,00;0,0951
2388,50;0,0951
2388,00;0,0949
2387,50;0,0945
2387,00;0,0940
2386,50;0,0935
2386,00;0,0933
2385,50;0,0934
2385,00;0,0937
2384,50;0,0939
2384,00;0,0941
2383,50;0,0942
2383,00;0,0941
2382,50;0,0938
2382,00;0,0934
2381,50;0,0929
2381,00;0,0926
2380,50;0,0924
2380,00;0,0923
2379,50;0,0923
2379,00;0,0922
2378,50;0,0920
2378,00;0,0917
2377,50;0,0914
2377,00;0,0909
2376,50;0,0905
2376,00;0,0902
2375,50;0,0900
2375,00;0,0899
2374,50;0,0898
2374,00;0,0896
2373,50;0,0895
2373,00;0,0895
2372,50;0,0894
2372,00;0,0893
2371,50;0,0888
2371,00;0,0882
2370,50;0,0878
2370,00;0,0876
2369,50;0,0878
2369,00;0,0881
2368,50;0,0882
2368,00;0,0881
2367,50;0,0876
2367,00;0,0871
2366,50;0,0867
2366,00;0,0864
2365,50;0,0866
2365,00;0,0868
2364,50;0,0872
2364,00;0,0875
2363,50;0,0876
2363,00;0,0878
2362,50;0,0878
2362,00;0,0876
2361,50;0,0872
2361,00;0,0867
2360,50;0,0863
2360,00;0,0861
2359,50;0,0863
2359,00;0,0864
2358,50;0,0865
2358,00;0,0866
2357,50;0,0862
2357,00;0,0866
2356,50;0,0853
2356,00;0,0834
2355,50;0,0836
2355,00;0,0828
2354,50;0,0829
2354,00;0,0822
2353,50;0,0830
2353,00;0,0812
2352,50;0,0867
2352,00;0,0934
2351,50;0,0913
2351,00;0,0920
2350,50;0,0914
2350,00;0,0914
2349,50;0,0916
2349,00;0,0909
2348,50;0,0931
2348,00;0,0958
2347,50;0,0953
2347,00;0,0961
2346,50;0,0965
2346,00;0,0970
2345,50;0,0969
2345,00;0,0971
2344,50;0,0974
2344,00;0,0976
2343,50;0,0977
2343,00;0,0979
2342,50;0,0981
2342,00;0,0981
2341,50;0,0982
2341,00;0,0984
2340,50;0,0981
2340,00;0,0975
2339,50;0,0972
2339,00;0,0965
2338,50;0,0960
2338,00;0,0951
2337,50;0,0959
2337,00;0,0930
2336,50;0,0897
2336,00;0,0907
2335,50;0,0901
2335,00;0,0903
2334,50;0,0902
2334,00;0,0900
2333,50;0,0898
2333,00;0,0897
2332,50;0,0899
2332,00;0,0901
2331,50;0,0901
2331,00;0,0900
2330,50;0,0898
2330,00;0,0896
2329,50;0,0893
2329,00;0,0894
2328,50;0,0898
2328,00;0,0900
2327,50;0,0899
2327,00;0,0900
2326,50;0,0900
2326,00;0,0895
2325,50;0,0889
2325,00;0,0888
2324,50;0,0889
2324,00;0,0887
2323,50;0,0887
2323,00;0,0893
2322,50;0,0899
2322,00;0,0900
2321,50;0,0901
2321,00;0,0907
2320,50;0,0908
2320,00;0,0907
2319,50;0,0900
2319,00;0,0912
2318,50;0,0895
2318,00;0,0947
2317,50;0,1008
2317,00;0,0989
2316,50;0,1003
2316,00;0,1002
2315,50;0,1003
2315,00;0,0999
2314,50;0,0999
2314,00;0,0998
2313,50;0,0993
2313,00;0,0991
2312,50;0,0996
2312,00;0,1001
2311,50;0,1000
2311,00;0,0998
2310,50;0,0999
2310,00;0,1000
2309,50;0,0996
2309,00;0,0991
2308,50;0,0989
2308,00;0,0990
2307,50;0,0990
2307,00;0,0987
2306,50;0,0988
2306,00;0,0984
2305,50;0,0992
2305,00;0,0965
2304,50;0,0938
2304,00;0,0947
2303,50;0,0941
2303,00;0,0943
2302,50;0,0944
2302,00;0,0950
2301,50;0,0954
2301,00;0,0960
2300,50;0,0965
2300,00;0,0967
2299,50;0,0966
2299,00;0,0963
2298,50;0,0960
2298,00;0,0959
2297,50;0,0960
2297,00;0,0962
2296,50;0,0965
2296,00;0,0968
2295,50;0,0969
2295,00;0,0967
2294,50;0,0965
2294,00;0,0964
2293,50;0,0964
2293,00;0,0963
2292,50;0,0959
2292,00;0,0956
2291,50;0,0956
2291,00;0,0958
2290,50;0,0962
2290,00;0,0963
2289,50;0,0962
2289,00;0,0960
2288,50;0,0959
2288,00;0,0960
2287,50;0,0964
2287,00;0,0968
2286,50;0,0973
2286,00;0,0977
2285,50;0,0978
2285,00;0,0975
2284,50;0,0972
2284,00;0,0968
2283,50;0,0967
2283,00;0,0968
2282,50;0,0971
2282,00;0,0974
2281,50;0,0973
2281,00;0,0970
2280,50;0,0967
2280,00;0,0968
2279,50;0,0973
2279,00;0,0980
2278,50;0,0982
2278,00;0,0979
2277,50;0,0971
2277,00;0,0965
2276,50;0,0965
2276,00;0,0970
2275,50;0,0979
2275,00;0,0988
2274,50;0,0994
2274,00;0,0996
2273,50;0,0995
2273,00;0,0991
2272,50;0,0986
2272,00;0,0981
2271,50;0,0979
2271,00;0,0981
2270,50;0,0987
2270,00;0,0995
2269,50;0,1002
2269,00;0,1007
2268,50;0,1005
2268,00;0,0999
2267,50;0,0991
2267,00;0,0984
2266,50;0,0979
2266,00;0,0979
2265,50;0,0981
2265,00;0,0985
2264,50;0,0987
2264,00;0,0989
2263,50;0,0989
2263,00;0,0988
2262,50;0,0986
2262,00;0,0984
2261,50;0,0982
2261,00;0,0978
2260,50;0,0975
2260,00;0,0975
2259,50;0,0979
2259,00;0,0986
2258,50;0,0991
2258,00;0,0992
2257,50;0,0989
2257,00;0,0984
2256,50;0,0980
2256,00;0,0977
2255,50;0,0975
2255,00;0,0975
2254,50;0,0979
2254,00;0,0985
2253,50;0,0991
2253,00;0,0994
2252,50;0,0993
2252,00;0,0988
2251,50;0,0984
2251,00;0,0982
2250,50;0,0983
2250,00;0,0988
2249,50;0,0994
2249,00;0,0999
2248,50;0,1002
2248,00;0,1004
2247,50;0,1005
2247,00;0,1006
2246,50;0,1005
2246,00;0,1000
2245,50;0,0993
2245,00;0,0989
2244,50;0,0990
2244,00;0,0996
2243,50;0,1004
2243,00;0,1007
2242,50;0,1003
2242,00;0,0997
2241,50;0,0994
2241,00;0,0996
2240,50;0,1003
2240,00;0,1010
2239,50;0,1014
2239,00;0,1014
2238,50;0,1010
2238,00;0,1008
2237,50;0,1007
2237,00;0,1008
2236,50;0,1009
2236,00;0,1009
2235,50;0,1008
2235,00;0,1007
2234,50;0,1004
2234,00;0,1002
2233,50;0,1001
2233,00;0,1002
2232,50;0,1005
2232,00;0,1006
2231,50;0,1005
2231,00;0,1002
2230,50;0,1002
2230,00;0,1005
2229,50;0,1010
2229,00;0,1016
2228,50;0,1023
2228,00;0,1029
2227,50;0,1031
2227,00;0,1028
2226,50;0,1021
2226,00;0,1016
2225,50;0,1014
2225,00;0,1011
2224,50;0,1005
2224,00;0,0997
2223,50;0,0991
2223,00;0,0991
2222,50;0,0994
2222,00;0,1000
2221,50;0,1008
2221,00;0,1016
2220,50;0,1017
2220,00;0,1010
2219,50;0,0999
2219,00;0,0991
2218,50;0,0992
2218,00;0,1000
2217,50;0,1010
2217,00;0,1017
2216,50;0,1015
2216,00;0,1007
2215,50;0,0999
2215,00;0,0994
2214,50;0,0992
2214,00;0,0991
2213,50;0,0993
2213,00;0,0999
2212,50;0,1008
2212,00;0,1016
2211,50;0,1017
2211,00;0,1012
2210,50;0,1002
2210,00;0,0994
2209,50;0,0989
2209,00;0,0988
2208,50;0,0991
2208,00;0,0996
2207,50;0,1002
2207,00;0,1010
2206,50;0,1015
2206,00;0,1016
2205,50;0,1008
2205,00;0,0994
2204,50;0,0979
2204,00;0,0970
2203,50;0,0969
2203,00;0,0975
2202,50;0,0983
2202,00;0,0992
2201,50;0,0997
2201,00;0,0997
2200,50;0,0995
2200,00;0,0994
2199,50;0,0996
2199,00;0,0996
2198,50;0,0991
2198,00;0,0985
2197,50;0,0986
2197,00;0,0994
2196,50;0,1004
2196,00;0,1013
2195,50;0,1018
2195,00;0,1019
2194,50;0,1015
2194,00;0,1006
2193,50;0,0999
2193,00;0,0996
2192,50;0,0994
2192,00;0,0991
2191,50;0,0989
2191,00;0,0987
2190,50;0,0983
2190,00;0,0975
2189,50;0,0965
2189,00;0,0962
2188,50;0,0967
2188,00;0,0977
2187,50;0,0988
2187,00;0,0997
2186,50;0,1001
2186,00;0,1000
2185,50;0,0996
2185,00;0,0994
2184,50;0,0992
2184,00;0,0990
2183,50;0,0987
2183,00;0,0987
2182,50;0,0989
2182,00;0,0993
2181,50;0,0997
2181,00;0,1001
2180,50;0,1003
2180,00;0,0998
2179,50;0,0985
2179,00;0,0969
2178,50;0,0956
2178,00;0,0950
2177,50;0,0953
2177,00;0,0964
2176,50;0,0982
2176,00;0,1000
2175,50;0,1010
2175,00;0,1011
2174,50;0,1009
2174,00;0,1009
2173,50;0,1009
2173,00;0,1003
2172,50;0,0989
2172,00;0,0976
2171,50;0,0970
2171,00;0,0976
2170,50;0,0988
2170,00;0,0997
2169,50;0,0999
2169,00;0,0992
2168,50;0,0978
2168,00;0,0964
2167,50;0,0954
2167,00;0,0948
2166,50;0,0943
2166,00;0,0940
2165,50;0,0940
2165,00;0,0944
2164,50;0,0951
2164,00;0,0958
2163,50;0,0963
2163,00;0,0965
2162,50;0,0961
2162,00;0,0951
2161,50;0,0941
2161,00;0,0938
2160,50;0,0947
2160,00;0,0965
2159,50;0,0983
2159,00;0,0996
2158,50;0,1001
2158,00;0,0998
2157,50;0,0990
2157,00;0,0979
2156,50;0,0969
2156,00;0,0964
2155,50;0,0969
2155,00;0,0983
2154,50;0,1000
2154,00;0,1010
2153,50;0,1007
2153,00;0,0995
2152,50;0,0982
2152,00;0,0974
2151,50;0,0972
2151,00;0,0973
2150,50;0,0975
2150,00;0,0977
2149,50;0,0981
2149,00;0,0988
2148,50;0,0995
2148,00;0,1001
2147,50;0,1004
2147,00;0,1003
2146,50;0,0996
2146,00;0,0983
2145,50;0,0970
2145,00;0,0964
2144,50;0,0964
2144,00;0,0967
2143,50;0,0967
2143,00;0,0962
2142,50;0,0957
2142,00;0,0954
2141,50;0,0957
2141,00;0,0961
2140,50;0,0965
2140,00;0,0965
2139,50;0,0962
2139,00;0,0957
2138,50;0,0953
2138,00;0,0951
2137,50;0,0951
2137,00;0,0950
2136,50;0,0947
2136,00;0,0945
2135,50;0,0948
2135,00;0,0956
2134,50;0,0963
2134,00;0,0967
2133,50;0,0966
2133,00;0,0960
2132,50;0,0953
2132,00;0,0951
2131,50;0,0955
2131,00;0,0960
2130,50;0,0961
2130,00;0,0956
2129,50;0,0951
2129,00;0,0952
2128,50;0,0960
2128,00;0,0971
2127,50;0,0978
2127,00;0,0977
2126,50;0,0970
2126,00;0,0961
2125,50;0,0954
2125,00;0,0951
2124,50;0,0949
2124,00;0,0946
2123,50;0,0945
2123,00;0,0947
2122,50;0,0949
2122,00;0,0949
2121,50;0,0944
2121,00;0,0937
2120,50;0,0932
2120,00;0,0931
2119,50;0,0935
2119,00;0,0941
2118,50;0,0945
2118,00;0,0944
2117,50;0,0939
2117,00;0,0935
2116,50;0,0933
2116,00;0,0930
2115,50;0,0927
2115,00;0,0925
2114,50;0,0925
2114,00;0,0924
2113,50;0,0925
2113,00;0,0926
2112,50;0,0928
2112,00;0,0930
2111,50;0,0930
2111,00;0,0929
2110,50;0,0925
2110,00;0,0920
2109,50;0,0914
2109,00;0,0909
2108,50;0,0906
2108,00;0,0907
2107,50;0,0908
2107,00;0,0909
2106,50;0,0911
2106,00;0,0913
2105,50;0,0915
2105,00;0,0916
2104,50;0,0916
2104,00;0,0914
2103,50;0,0914
2103,00;0,0918
2102,50;0,0924
2102,00;0,0927
2101,50;0,0925
2101,00;0,0921
2100,50;0,0920
2100,00;0,0922
2099,50;0,0923
2099,00;0,0921
2098,50;0,0921
2098,00;0,0925
2097,50;0,0929
2097,00;0,0931
2096,50;0,0928
2096,00;0,0922
2095,50;0,0914
2095,00;0,0906
2094,50;0,0899
2094,00;0,0897
2093,50;0,0901
2093,00;0,0910
2092,50;0,0921
2092,00;0,0928
2091,50;0,0931
2091,00;0,0933
2090,50;0,0934
2090,00;0,0933
2089,50;0,0927
2089,00;0,0919
2088,50;0,0908
2088,00;0,0900
2087,50;0,0896
2087,00;0,0897
2086,50;0,0901
2086,00;0,0906
2085,50;0,0910
2085,00;0,0912
2084,50;0,0911
2084,00;0,0908
2083,50;0,0904
2083,00;0,0903
2082,50;0,0905
2082,00;0,0910
2081,50;0,0916
2081,00;0,0919
2080,50;0,0918
2080,00;0,0915
2079,50;0,0912
2079,00;0,0914
2078,50;0,0917
2078,00;0,0918
2077,50;0,0916
2077,00;0,0914
2076,50;0,0914
2076,00;0,0915
2075,50;0,0915
2075,00;0,0912
2074,50;0,0907
2074,00;0,0901
2073,50;0,0896
2073,00;0,0895
2072,50;0,0897
2072,00;0,0899
2071,50;0,0898
2071,00;0,0892
2070,50;0,0883
2070,00;0,0878
2069,50;0,0878
2069,00;0,0882
2068,50;0,0886
2068,00;0,0888
2067,50;0,0889
2067,00;0,0890
2066,50;0,0892
2066,00;0,0896
2065,50;0,0901
2065,00;0,0904
2064,50;0,0903
2064,00;0,0899
2063,50;0,0895
2063,00;0,0893
2062,50;0,0894
2062,00;0,0896
2061,50;0,0898
2061,00;0,0902
2060,50;0,0907
2060,00;0,0912
2059,50;0,0917
2059,00;0,0921
2058,50;0,0920
2058,00;0,0914
2057,50;0,0908
2057,00;0,0907
2056,50;0,0911
2056,00;0,0918
2055,50;0,0925
2055,00;0,0930
2054,50;0,0930
2054,00;0,0922
2053,50;0,0909
2053,00;0,0896
2052,50;0,0886
2052,00;0,0882
2051,50;0,0880
2051,00;0,0878
2050,50;0,0879
2050,00;0,0883
2049,50;0,0886
2049,00;0,0884
2048,50;0,0880
2048,00;0,0878
2047,50;0,0885
2047,00;0,0899
2046,50;0,0909
2046,00;0,0908
2045,50;0,0900
2045,00;0,0896
2044,50;0,0904
2044,00;0,0915
2043,50;0,0918
2043,00;0,0910
2042,50;0,0896
2042,00;0,0880
2041,50;0,0867
2041,00;0,0862
2040,50;0,0866
2040,00;0,0876
2039,50;0,0886
2039,00;0,0893
2038,50;0,0897
2038,00;0,0898
2037,50;0,0895
2037,00;0,0891
2036,50;0,0888
2036,00;0,0888
2035,50;0,0890
2035,00;0,0893
2034,50;0,0898
2034,00;0,0907
2033,50;0,0918
2033,00;0,0930
2032,50;0,0938
2032,00;0,0936
2031,50;0,0924
2031,00;0,0909
2030,50;0,0901
2030,00;0,0900
2029,50;0,0899
2029,00;0,0892
2028,50;0,0882
2028,00;0,0875
2027,50;0,0875
2027,00;0,0879
2026,50;0,0886
2026,00;0,0892
2025,50;0,0896
2025,00;0,0896
2024,50;0,0891
2024,00;0,0884
2023,50;0,0878
2023,00;0,0877
2022,50;0,0879
2022,00;0,0885
2021,50;0,0893
2021,00;0,0900
2020,50;0,0904
2020,00;0,0904
2019,50;0,0903
2019,00;0,0904
2018,50;0,0904
2018,00;0,0897
2017,50;0,0882
2017,00;0,0865
2016,50;0,0853
2016,00;0,0849
2015,50;0,0853
2015,00;0,0862
2014,50;0,0874
2014,00;0,0884
2013,50;0,0890
2013,00;0,0890
2012,50;0,0889
2012,00;0,0888
2011,50;0,0890
2011,00;0,0892
2010,50;0,0890
2010,00;0,0883
2009,50;0,0875
2009,00;0,0870
2008,50;0,0871
2008,00;0,0875
2007,50;0,0880
2007,00;0,0883
2006,50;0,0884
2006,00;0,0883
2005,50;0,0883
2005,00;0,0886
2004,50;0,0894
2004,00;0,0901
2003,50;0,0901
2003,00;0,0894
2002,50;0,0883
2002,00;0,0873
2001,50;0,0867
2001,00;0,0866
2000,50;0,0868
2000,00;0,0870
1999,50;0,0872
1999,00;0,0873
1998,50;0,0879
1998,00;0,0887
1997,50;0,0894
1997,00;0,0899
1996,50;0,0901
1996,00;0,0901
1995,50;0,0898
1995,00;0,0889
1994,50;0,0876
1994,00;0,0866
1993,50;0,0862
1993,00;0,0865
1992,50;0,0873
1992,00;0,0879
1991,50;0,0881
1991,00;0,0876
1990,50;0,0868
1990,00;0,0861
1989,50;0,0859
1989,00;0,0859
1988,50;0,0860
1988,00;0,0860
1987,50;0,0862
1987,00;0,0867
1986,50;0,0874
1986,00;0,0883
1985,50;0,0889
1985,00;0,0890
1984,50;0,0885
1984,00;0,0876
1983,50;0,0869
1983,00;0,0864
1982,50;0,0864
1982,00;0,0870
1981,50;0,0879
1981,00;0,0885
1980,50;0,0886
1980,00;0,0884
1979,50;0,0884
1979,00;0,0887
1978,50;0,0887
1978,00;0,0885
1977,50;0,0885
1977,00;0,0891
1976,50;0,0897
1976,00;0,0896
1975,50;0,0885
1975,00;0,0872
1974,50;0,0865
1974,00;0,0866
1973,50;0,0872
1973,00;0,0880
1972,50;0,0887
1972,00;0,0894
1971,50;0,0898
1971,00;0,0897
1970,50;0,0890
1970,00;0,0883
1969,50;0,0879
1969,00;0,0880
1968,50;0,0888
1968,00;0,0900
1967,50;0,0909
1967,00;0,0910
1966,50;0,0903
1966,00;0,0894
1965,50;0,0890
1965,00;0,0892
1964,50;0,0896
1964,00;0,0899
1963,50;0,0901
1963,00;0,0902
1962,50;0,0900
1962,00;0,0894
1961,50;0,0888
1961,00;0,0886
1960,50;0,0888
1960,00;0,0892
1959,50;0,0897
1959,00;0,0900
1958,50;0,0901
1958,00;0,0898
1957,50;0,0894
1957,00;0,0891
1956,50;0,0889
1956,00;0,0885
1955,50;0,0879
1955,00;0,0875
1954,50;0,0878
1954,00;0,0887
1953,50;0,0897
1953,00;0,0904
1952,50;0,0906
1952,00;0,0904
1951,50;0,0899
1951,00;0,0891
1950,50;0,0884
1950,00;0,0879
1949,50;0,0877
1949,00;0,0879
1948,50;0,0882
1948,00;0,0884
1947,50;0,0883
1947,00;0,0881
1946,50;0,0879
1946,00;0,0879
1945,50;0,0880
1945,00;0,0881
1944,50;0,0881
1944,00;0,0881
1943,50;0,0880
1943,00;0,0880
1942,50;0,0880
1942,00;0,0880
1941,50;0,0879
1941,00;0,0877
1940,50;0,0877
1940,00;0,0881
1939,50;0,0888
1939,00;0,0895
1938,50;0,0898
1938,00;0,0897
1937,50;0,0892
1937,00;0,0887
1936,50;0,0884
1936,00;0,0887
1935,50;0,0893
1935,00;0,0897
1934,50;0,0897
1934,00;0,0895
1933,50;0,0894
1933,00;0,0893
1932,50;0,0892
1932,00;0,0889
1931,50;0,0887
1931,00;0,0889
1930,50;0,0893
1930,00;0,0896
1929,50;0,0897
1929,00;0,0897
1928,50;0,0897
1928,00;0,0898
1927,50;0,0897
1927,00;0,0895
1926,50;0,0894
1926,00;0,0896
1925,50;0,0900
1925,00;0,0905
1924,50;0,0909
1924,00;0,0909
1923,50;0,0904
1923,00;0,0897
1922,50;0,0890
1922,00;0,0886
1921,50;0,0887
1921,00;0,0890
1920,50;0,0895
1920,00;0,0898
1919,50;0,0900
1919,00;0,0901
1918,50;0,0904
1918,00;0,0907
1917,50;0,0909
1917,00;0,0908
1916,50;0,0905
1916,00;0,0901
1915,50;0,0898
1915,00;0,0898
1914,50;0,0900
1914,00;0,0902
1913,50;0,0902
1913,00;0,0900
1912,50;0,0897
1912,00;0,0895
1911,50;0,0895
1911,00;0,0896
1910,50;0,0898
1910,00;0,0900
1909,50;0,0901
1909,00;0,0902
1908,50;0,0904
1908,00;0,0906
1907,50;0,0907
1907,00;0,0906
1906,50;0,0905
1906,00;0,0904
1905,50;0,0902
1905,00;0,0901
1904,50;0,0899
1904,00;0,0900
1903,50;0,0902
1903,00;0,0905
1902,50;0,0909
1902,00;0,0912
1901,50;0,0911
1901,00;0,0909
1900,50;0,0904
1900,00;0,0901
1899,50;0,0899
1899,00;0,0900
1898,50;0,0901
1898,00;0,0902
1897,50;0,0902
1897,00;0,0903
1896,50;0,0904
1896,00;0,0906
1895,50;0,0907
1895,00;0,0906
1894,50;0,0904
1894,00;0,0903
1893,50;0,0903
1893,00;0,0904
1892,50;0,0907
1892,00;0,0912
1891,50;0,0916
1891,00;0,0917
1890,50;0,0914
1890,00;0,0911
1889,50;0,0911
1889,00;0,0911
1888,50;0,0911
1888,00;0,0909
1887,50;0,0908
1887,00;0,0910
1886,50;0,0914
1886,00;0,0916
1885,50;0,0912
1885,00;0,0906
1884,50;0,0901
1884,00;0,0901
1883,50;0,0904
1883,00;0,0907
1882,50;0,0907
1882,00;0,0907
1881,50;0,0908
1881,00;0,0909
1880,50;0,0910
1880,00;0,0911
1879,50;0,0912
1879,00;0,0913
1878,50;0,0912
1878,00;0,0910
1877,50;0,0910
1877,00;0,0912
1876,50;0,0914
1876,00;0,0916
1875,50;0,0916
1875,00;0,0914
1874,50;0,0913
1874,00;0,0912
1873,50;0,0913
1873,00;0,0914
1872,50;0,0915
1872,00;0,0917
1871,50;0,0919
1871,00;0,0920
1870,50;0,0920
1870,00;0,0920
1869,50;0,0921
1869,00;0,0922
1868,50;0,0921
1868,00;0,0919
1867,50;0,0916
1867,00;0,0914
1866,50;0,0913
1866,00;0,0914
1865,50;0,0915
1865,00;0,0915
1864,50;0,0914
1864,00;0,0912
1863,50;0,0912
1863,00;0,0913
1862,50;0,0913
1862,00;0,0913
1861,50;0,0914
1861,00;0,0916
1860,50;0,0918
1860,00;0,0921
1859,50;0,0924
1859,00;0,0927
1858,50;0,0928
1858,00;0,0927
1857,50;0,0924
1857,00;0,0922
1856,50;0,0921
1856,00;0,0921
1855,50;0,0922
1855,00;0,0922
1854,50;0,0922
1854,00;0,0923
1853,50;0,0923
1853,00;0,0925
1852,50;0,0926
1852,00;0,0926
1851,50;0,0924
1851,00;0,0921
1850,50;0,0920
1850,00;0,0921
1849,50;0,0924
1849,00;0,0928
1848,50;0,0930
1848,00;0,0931
1847,50;0,0931
1847,00;0,0931
1846,50;0,0930
1846,00;0,0928
1845,50;0,0927
1845,00;0,0926
1844,50;0,0925
1844,00;0,0924
1843,50;0,0923
1843,00;0,0922
1842,50;0,0923
1842,00;0,0924
1841,50;0,0926
1841,00;0,0928
1840,50;0,0929
1840,00;0,0928
1839,50;0,0927
1839,00;0,0927
1838,50;0,0928
1838,00;0,0930
1837,50;0,0932
1837,00;0,0932
1836,50;0,0933
1836,00;0,0933
1835,50;0,0933
1835,00;0,0932
1834,50;0,0932
1834,00;0,0932
1833,50;0,0931
1833,00;0,0931
1832,50;0,0930
1832,00;0,0930
1831,50;0,0931
1831,00;0,0932
1830,50;0,0932
1830,00;0,0933
1829,50;0,0934
1829,00;0,0934
1828,50;0,0934
1828,00;0,0933
1827,50;0,0931
1827,00;0,0931
1826,50;0,0932
1826,00;0,0933
1825,50;0,0934
1825,00;0,0934
1824,50;0,0935
1824,00;0,0936
1823,50;0,0937
1823,00;0,0938
1822,50;0,0941
1822,00;0,0944
1821,50;0,0947
1821,00;0,0949
1820,50;0,0950
1820,00;0,0950
1819,50;0,0948
1819,00;0,0948
1818,50;0,0949
1818,00;0,0950
1817,50;0,0951
1817,00;0,0950
1816,50;0,0950
1816,00;0,0949
1815,50;0,0948
1815,00;0,0947
1814,50;0,0947
1814,00;0,0948
1813,50;0,0947
1813,00;0,0946
1812,50;0,0946
1812,00;0,0946
1811,50;0,0946
1811,00;0,0946
1810,50;0,0947
1810,00;0,0949
1809,50;0,0950
1809,00;0,0950
1808,50;0,0950
1808,00;0,0949
1807,50;0,0948
1807,00;0,0946
1806,50;0,0945
1806,00;0,0946
1805,50;0,0949
1805,00;0,0952
1804,50;0,0955
1804,00;0,0956
1803,50;0,0956
1803,00;0,0957
1802,50;0,0957
1802,00;0,0957
1801,50;0,0956
1801,00;0,0954
1800,50;0,0951
1800,00;0,0950
1799,50;0,0951
1799,00;0,0954
1798,50;0,0955
1798,00;0,0955
1797,50;0,0954
1797,00;0,0954
1796,50;0,0954
1796,00;0,0955
1795,50;0,0957
1795,00;0,0958
1794,50;0,0959
1794,00;0,0960
1793,50;0,0961
1793,00;0,0962
1792,50;0,0963
1792,00;0,0964
1791,50;0,0965
1791,00;0,0967
1790,50;0,0968
1790,00;0,0969
1789,50;0,0970
1789,00;0,0971
1788,50;0,0972
1788,00;0,0973
1787,50;0,0974
1787,00;0,0975
1786,50;0,0974
1786,00;0,0972
1785,50;0,0971
1785,00;0,0970
1784,50;0,0971
1784,00;0,0971
1783,50;0,0972
1783,00;0,0974
1782,50;0,0976
1782,00;0,0978
1781,50;0,0980
1781,00;0,0981
1780,50;0,0982
1780,00;0,0982
1779,50;0,0982
1779,00;0,0981
1778,50;0,0980
1778,00;0,0979
1777,50;0,0978
1777,00;0,0978
1776,50;0,0978
1776,00;0,0980
1775,50;0,0983
1775,00;0,0986
1774,50;0,0989
1774,00;0,0991
1773,50;0,0992
1773,00;0,0993
1772,50;0,0994
1772,00;0,0995
1771,50;0,0995
1771,00;0,0994
1770,50;0,0993
1770,00;0,0992
1769,50;0,0992
1769,00;0,0992
1768,50;0,0992
1768,00;0,0992
1767,50;0,0994
1767,00;0,0997
1766,50;0,1000
1766,00;0,1002
1765,50;0,1003
1765,00;0,1004
1764,50;0,1005
1764,00;0,1005
1763,50;0,1005
1763,00;0,1005
1762,50;0,1004
1762,00;0,1003
1761,50;0,1004
1761,00;0,1007
1760,50;0,1009
1760,00;0,1010
1759,50;0,1010
1759,00;0,1010
1758,50;0,1011
1758,00;0,1012
1757,50;0,1013
1757,00;0,1014
1756,50;0,1015
1756,00;0,1017
1755,50;0,1018
1755,00;0,1018
1754,50;0,1017
1754,00;0,1016
1753,50;0,1016
1753,00;0,1017
1752,50;0,1019
1752,00;0,1020
1751,50;0,1023
1751,00;0,1026
1750,50;0,1029
1750,00;0,1031
1749,50;0,1031
1749,00;0,1030
1748,50;0,1030
1748,00;0,1031
1747,50;0,1032
1747,00;0,1032
1746,50;0,1032
1746,00;0,1034
1745,50;0,1038
1745,00;0,1042
1744,50;0,1045
1744,00;0,1044
1743,50;0,1041
1743,00;0,1039
1742,50;0,1039
1742,00;0,1040
1741,50;0,1041
1741,00;0,1041
1740,50;0,1040
1740,00;0,1041
1739,50;0,1044
1739,00;0,1047
1738,50;0,1048
1738,00;0,1048
1737,50;0,1048
1737,00;0,1048
1736,50;0,1048
1736,00;0,1047
1735,50;0,1046
1735,00;0,1045
1734,50;0,1044
1734,00;0,1045
1733,50;0,1047
1733,00;0,1048
1732,50;0,1047
1732,00;0,1046
1731,50;0,1045
1731,00;0,1045
1730,50;0,1046
1730,00;0,1047
1729,50;0,1046
1729,00;0,1045
1728,50;0,1045
1728,00;0,1047
1727,50;0,1051
1727,00;0,1054
1726,50;0,1056
1726,00;0,1056
1725,50;0,1056
1725,00;0,1059
1724,50;0,1062
1724,00;0,1066
1723,50;0,1070
1723,00;0,1073
1722,50;0,1075
1722,00;0,1077
1721,50;0,1080
1721,00;0,1083
1720,50;0,1086
1720,00;0,1089
1719,50;0,1090
1719,00;0,1090
1718,50;0,1089
1718,00;0,1088
1717,50;0,1090
1717,00;0,1094
1716,50;0,1098
1716,00;0,1101
1715,50;0,1103
1715,00;0,1104
1714,50;0,1106
1714,00;0,1109
1713,50;0,1111
1713,00;0,1113
1712,50;0,1115
1712,00;0,1117
1711,50;0,1119
1711,00;0,1119
1710,50;0,1120
1710,00;0,1121
1709,50;0,1123
1709,00;0,1124
1708,50;0,1126
1708,00;0,1128
1707,50;0,1130
1707,00;0,1132
1706,50;0,1134
1706,00;0,1136
1705,50;0,1136
1705,00;0,1137
1704,50;0,1138
1704,00;0,1141
1703,50;0,1145
1703,00;0,1148
1702,50;0,1151
1702,00;0,1153
1701,50;0,1154
1701,00;0,1155
1700,50;0,1154
1700,00;0,1156
1699,50;0,1162
1699,00;0,1165
1698,50;0,1165
1698,00;0,1164
1697,50;0,1164
1697,00;0,1164
1696,50;0,1163
1696,00;0,1163
1695,50;0,1164
1695,00;0,1168
1694,50;0,1173
1694,00;0,1175
1693,50;0,1176
1693,00;0,1178
1692,50;0,1181
1692,00;0,1183
1691,50;0,1183
1691,00;0,1184
1690,50;0,1185
1690,00;0,1186
1689,50;0,1186
1689,00;0,1187
1688,50;0,1187
1688,00;0,1186
1687,50;0,1186
1687,00;0,1188
1686,50;0,1189
1686,00;0,1190
1685,50;0,1190
1685,00;0,1191
1684,50;0,1193
1684,00;0,1196
1683,50;0,1198
1683,00;0,1200
1682,50;0,1202
1682,00;0,1204
1681,50;0,1207
1681,00;0,1210
1680,50;0,1211
1680,00;0,1211
1679,50;0,1212
1679,00;0,1213
1678,50;0,1214
1678,00;0,1215
1677,50;0,1217
1677,00;0,1218
1676,50;0,1218
1676,00;0,1216
1675,50;0,1215
1675,00;0,1215
1674,50;0,1217
1674,00;0,1220
1673,50;0,1221
1673,00;0,1223
1672,50;0,1225
1672,00;0,1227
1671,50;0,1229
1671,00;0,1231
1670,50;0,1232
1670,00;0,1233
1669,50;0,1231
1669,00;0,1230
1668,50;0,1230
1668,00;0,1232
1667,50;0,1234
1667,00;0,1237
1666,50;0,1240
1666,00;0,1243
1665,50;0,1246
1665,00;0,1246
1664,50;0,1246
1664,00;0,1247
1663,50;0,1248
1663,00;0,1249
1662,50;0,1248
1662,00;0,1247
1661,50;0,1247
1661,00;0,1249
1660,50;0,1251
1660,00;0,1253
1659,50;0,1254
1659,00;0,1254
1658,50;0,1254
1658,00;0,1255
1657,50;0,1254
1657,00;0,1253
1656,50;0,1253
1656,00;0,1253
1655,50;0,1254
1655,00;0,1256
1654,50;0,1258
1654,00;0,1260
1653,50;0,1262
1653,00;0,1263
1652,50;0,1262
1652,00;0,1262
1651,50;0,1263
1651,00;0,1263
1650,50;0,1265
1650,00;0,1267
1649,50;0,1269
1649,00;0,1269
1648,50;0,1268
1648,00;0,1266
1647,50;0,1265
1647,00;0,1266
1646,50;0,1267
1646,00;0,1267
1645,50;0,1269
1645,00;0,1270
1644,50;0,1269
1644,00;0,1267
1643,50;0,1267
1643,00;0,1268
1642,50;0,1269
1642,00;0,1268
1641,50;0,1265
1641,00;0,1263
1640,50;0,1261
1640,00;0,1258
1639,50;0,1256
1639,00;0,1256
1638,50;0,1257
1638,00;0,1260
1637,50;0,1262
1637,00;0,1264
1636,50;0,1265
1636,00;0,1268
1635,50;0,1270
1635,00;0,1273
1634,50;0,1277
1634,00;0,1280
1633,50;0,1281
1633,00;0,1281
1632,50;0,1280
1632,00;0,1277
1631,50;0,1273
1631,00;0,1270
1630,50;0,1268
1630,00;0,1269
1629,50;0,1270
1629,00;0,1271
1628,50;0,1271
1628,00;0,1269
1627,50;0,1266
1627,00;0,1262
1626,50;0,1259
1626,00;0,1257
1625,50;0,1258
1625,00;0,1261
1624,50;0,1265
1624,00;0,1266
1623,50;0,1266
1623,00;0,1264
1622,50;0,1262
1622,00;0,1260
1621,50;0,1258
1621,00;0,1257
1620,50;0,1258
1620,00;0,1260
1619,50;0,1261
1619,00;0,1261
1618,50;0,1261
1618,00;0,1262
1617,50;0,1264
1617,00;0,1266
1616,50;0,1268
1616,00;0,1268
1615,50;0,1266
1615,00;0,1263
1614,50;0,1262
1614,00;0,1261
1613,50;0,1260
1613,00;0,1259
1612,50;0,1259
1612,00;0,1258
1611,50;0,1257
1611,00;0,1255
1610,50;0,1254
1610,00;0,1255
1609,50;0,1257
1609,00;0,1259
1608,50;0,1260
1608,00;0,1261
1607,50;0,1262
1607,00;0,1262
1606,50;0,1260
1606,00;0,1258
1605,50;0,1254
1605,00;0,1252
1604,50;0,1253
1604,00;0,1255
1603,50;0,1257
1603,00;0,1257
1602,50;0,1256
1602,00;0,1253
1601,50;0,1251
1601,00;0,1250
1600,50;0,1250
1600,00;0,1252
1599,50;0,1255
1599,00;0,1257
1598,50;0,1256
1598,00;0,1253
1597,50;0,1249
1597,00;0,1247
1596,50;0,1246
1596,00;0,1247
1595,50;0,1249
1595,00;0,1250
1594,50;0,1250
1594,00;0,1249
1593,50;0,1248
1593,00;0,1247
1592,50;0,1245
1592,00;0,1244
1591,50;0,1244
1591,00;0,1244
1590,50;0,1244
1590,00;0,1244
1589,50;0,1245
1589,00;0,1245
1588,50;0,1246
1588,00;0,1246
1587,50;0,1245
1587,00;0,1243
1586,50;0,1242
1586,00;0,1240
1585,50;0,1239
1585,00;0,1239
1584,50;0,1240
1584,00;0,1243
1583,50;0,1244
1583,00;0,1244
1582,50;0,1243
1582,00;0,1242
1581,50;0,1243
1581,00;0,1244
1580,50;0,1244
1580,00;0,1243
1579,50;0,1242
1579,00;0,1239
1578,50;0,1236
1578,00;0,1236
1577,50;0,1237
1577,00;0,1239
1576,50;0,1243
1576,00;0,1244
1575,50;0,1244
1575,00;0,1241
1574,50;0,1238
1574,00;0,1236
1573,50;0,1236
1573,00;0,1236
1572,50;0,1237
1572,00;0,1239
1571,50;0,1240
1571,00;0,1238
1570,50;0,1235
1570,00;0,1232
1569,50;0,1231
1569,00;0,1232
1568,50;0,1234
1568,00;0,1236
1567,50;0,1237
1567,00;0,1237
1566,50;0,1238
1566,00;0,1238
1565,50;0,1239
1565,00;0,1238
1564,50;0,1238
1564,00;0,1238
1563,50;0,1237
1563,00;0,1236
1562,50;0,1235
1562,00;0,1236
1561,50;0,1236
1561,00;0,1237
1560,50;0,1238
1560,00;0,1237
1559,50;0,1236
1559,00;0,1236
1558,50;0,1237
1558,00;0,1237
1557,50;0,1238
1557,00;0,1239
1556,50;0,1239
1556,00;0,1240
1555,50;0,1241
1555,00;0,1241
1554,50;0,1241
1554,00;0,1239
1553,50;0,1236
1553,00;0,1233
1552,50;0,1231
1552,00;0,1230
1551,50;0,1230
1551,00;0,1232
1550,50;0,1233
1550,00;0,1233
1549,50;0,1232
1549,00;0,1231
1548,50;0,1229
1548,00;0,1227
1547,50;0,1227
1547,00;0,1228
1546,50;0,1228
1546,00;0,1227
1545,50;0,1227
1545,00;0,1227
1544,50;0,1228
1544,00;0,1228
1543,50;0,1228
1543,00;0,1229
1542,50;0,1231
1542,00;0,1233
1541,50;0,1234
1541,00;0,1234
1540,50;0,1233
1540,00;0,1230
1539,50;0,1229
1539,00;0,1229
1538,50;0,1229
1538,00;0,1229
1537,50;0,1229
1537,00;0,1229
1536,50;0,1230
1536,00;0,1231
1535,50;0,1231
1535,00;0,1230
1534,50;0,1229
1534,00;0,1228
1533,50;0,1229
1533,00;0,1232
1532,50;0,1234
1532,00;0,1234
1531,50;0,1233
1531,00;0,1233
1530,50;0,1233
1530,00;0,1232
1529,50;0,1230
1529,00;0,1228
1528,50;0,1227
1528,00;0,1225
1527,50;0,1224
1527,00;0,1225
1526,50;0,1225
1526,00;0,1226
1525,50;0,1228
1525,00;0,1230
1524,50;0,1232
1524,00;0,1232
1523,50;0,1232
1523,00;0,1232
1522,50;0,1231
1522,00;0,1229
1521,50;0,1228
1521,00;0,1227
1520,50;0,1227
1520,00;0,1227
1519,50;0,1227
1519,00;0,1227
1518,50;0,1227
1518,00;0,1226
1517,50;0,1226
1517,00;0,1226
1516,50;0,1226
1516,00;0,1225
1515,50;0,1225
1515,00;0,1225
1514,50;0,1226
1514,00;0,1228
1513,50;0,1229
1513,00;0,1230
1512,50;0,1230
1512,00;0,1228
1511,50;0,1227
1511,00;0,1225
1510,50;0,1223
1510,00;0,1223
1509,50;0,1225
1509,00;0,1227
1508,50;0,1229
1508,00;0,1229
1507,50;0,1227
1507,00;0,1226
1506,50;0,1227
1506,00;0,1228
1505,50;0,1228
1505,00;0,1228
1504,50;0,1228
1504,00;0,1228
1503,50;0,1230
1503,00;0,1231
1502,50;0,1232
1502,00;0,1231
1501,50;0,1231
1501,00;0,1230
1500,50;0,1230
1500,00;0,1231
1499,50;0,1231
1499,00;0,1232
1498,50;0,1233
1498,00;0,1235
1497,50;0,1236
1497,00;0,1235
1496,50;0,1232
1496,00;0,1230
1495,50;0,1231
1495,00;0,1233
1494,50;0,1233
1494,00;0,1231
1493,50;0,1229
1493,00;0,1228
1492,50;0,1228
1492,00;0,1227
1491,50;0,1224
1491,00;0,1220
1490,50;0,1216
1490,00;0,1213
1489,50;0,1214
1489,00;0,1217
1488,50;0,1221
1488,00;0,1224
1487,50;0,1226
1487,00;0,1227
1486,50;0,1227
1486,00;0,1227
1485,50;0,1225
1485,00;0,1222
1484,50;0,1221
1484,00;0,1221
1483,50;0,1222
1483,00;0,1223
1482,50;0,1224
1482,00;0,1224
1481,50;0,1222
1481,00;0,1218
1480,50;0,1215
1480,00;0,1213
1479,50;0,1212
1479,00;0,1214
1478,50;0,1217
1478,00;0,1218
1477,50;0,1217
1477,00;0,1216
1476,50;0,1214
1476,00;0,1215
1475,50;0,1216
1475,00;0,1217
1474,50;0,1217
1474,00;0,1216
1473,50;0,1215
1473,00;0,1215
1472,50;0,1214
1472,00;0,1213
1471,50;0,1212
1471,00;0,1212
1470,50;0,1213
1470,00;0,1212
1469,50;0,1211
1469,00;0,1210
1468,50;0,1209
1468,00;0,1210
1467,50;0,1210
1467,00;0,1210
1466,50;0,1210
1466,00;0,1211
1465,50;0,1210
1465,00;0,1209
1464,50;0,1207
1464,00;0,1204
1463,50;0,1202
1463,00;0,1201
1462,50;0,1204
1462,00;0,1206
1461,50;0,1208
1461,00;0,1208
1460,50;0,1207
1460,00;0,1205
1459,50;0,1202
1459,00;0,1200
1458,50;0,1200
1458,00;0,1200
1457,50;0,1200
1457,00;0,1200
1456,50;0,1199
1456,00;0,1199
1455,50;0,1200
1455,00;0,1199
1454,50;0,1199
1454,00;0,1199
1453,50;0,1200
1453,00;0,1201
1452,50;0,1200
1452,00;0,1199
1451,50;0,1199
1451,00;0,1201
1450,50;0,1203
1450,00;0,1202
1449,50;0,1198
1449,00;0,1193
1448,50;0,1189
1448,00;0,1187
1447,50;0,1189
1447,00;0,1192
1446,50;0,1194
1446,00;0,1195
1445,50;0,1194
1445,00;0,1192
1444,50;0,1191
1444,00;0,1190
1443,50;0,1188
1443,00;0,1188
1442,50;0,1188
1442,00;0,1189
1441,50;0,1190
1441,00;0,1189
1440,50;0,1188
1440,00;0,1187
1439,50;0,1187
1439,00;0,1187
1438,50;0,1188
1438,00;0,1187
1437,50;0,1187
1437,00;0,1187
1436,50;0,1188
1436,00;0,1191
1435,50;0,1193
1435,00;0,1193
1434,50;0,1191
1434,00;0,1188
1433,50;0,1185
1433,00;0,1183
1432,50;0,1180
1432,00;0,1179
1431,50;0,1180
1431,00;0,1183
1430,50;0,1187
1430,00;0,1189
1429,50;0,1189
1429,00;0,1187
1428,50;0,1184
1428,00;0,1181
1427,50;0,1179
1427,00;0,1178
1426,50;0,1178
1426,00;0,1179
1425,50;0,1180
1425,00;0,1182
1424,50;0,1182
1424,00;0,1180
1423,50;0,1177
1423,00;0,1175
1422,50;0,1172
1422,00;0,1171
1421,50;0,1170
1421,00;0,1172
1420,50;0,1175
1420,00;0,1176
1419,50;0,1176
1419,00;0,1176
1418,50;0,1176
1418,00;0,1176
1417,50;0,1174
1417,00;0,1172
1416,50;0,1171
1416,00;0,1172
1415,50;0,1172
1415,00;0,1173
1414,50;0,1173
1414,00;0,1172
1413,50;0,1171
1413,00;0,1168
1412,50;0,1164
1412,00;0,1163
1411,50;0,1164
1411,00;0,1166
1410,50;0,1168
1410,00;0,1168
1409,50;0,1169
1409,00;0,1170
1408,50;0,1170
1408,00;0,1170
1407,50;0,1170
1407,00;0,1170
1406,50;0,1169
1406,00;0,1169
1405,50;0,1168
1405,00;0,1167
1404,50;0,1167
1404,00;0,1166
1403,50;0,1166
1403,00;0,1164
1402,50;0,1162
1402,00;0,1160
1401,50;0,1159
1401,00;0,1158
1400,50;0,1159
1400,00;0,1160
1399,50;0,1160
1399,00;0,1159
1398,50;0,1156
1398,00;0,1151
1397,50;0,1148
1397,00;0,1146
1396,50;0,1146
1396,00;0,1146
1395,50;0,1146
1395,00;0,1146
1394,50;0,1146
1394,00;0,1147
1393,50;0,1145
1393,00;0,1142
1392,50;0,1139
1392,00;0,1138
1391,50;0,1139
1391,00;0,1142
1390,50;0,1144
1390,00;0,1147
1389,50;0,1148
1389,00;0,1148
1388,50;0,1148
1388,00;0,1147
1387,50;0,1147
1387,00;0,1147
1386,50;0,1147
1386,00;0,1146
1385,50;0,1145
1385,00;0,1144
1384,50;0,1144
1384,00;0,1142
1383,50;0,1139
1383,00;0,1137
1382,50;0,1136
1382,00;0,1138
1381,50;0,1140
1381,00;0,1142
1380,50;0,1141
1380,00;0,1139
1379,50;0,1136
1379,00;0,1134
1378,50;0,1132
1378,00;0,1132
1377,50;0,1131
1377,00;0,1129
1376,50;0,1129
1376,00;0,1130
1375,50;0,1130
1375,00;0,1129
1374,50;0,1127
1374,00;0,1126
1373,50;0,1125
1373,00;0,1126
1372,50;0,1128
1372,00;0,1130
1371,50;0,1132
1371,00;0,1133
1370,50;0,1133
1370,00;0,1133
1369,50;0,1132
1369,00;0,1131
1368,50;0,1130
1368,00;0,1131
1367,50;0,1131
1367,00;0,1129
1366,50;0,1127
1366,00;0,1125
1365,50;0,1125
1365,00;0,1124
1364,50;0,1123
1364,00;0,1122
1363,50;0,1120
1363,00;0,1119
1362,50;0,1119
1362,00;0,1120
1361,50;0,1121
1361,00;0,1121
1360,50;0,1120
1360,00;0,1119
1359,50;0,1117
1359,00;0,1117
1358,50;0,1116
1358,00;0,1116
1357,50;0,1116
1357,00;0,1116
1356,50;0,1116
1356,00;0,1116
1355,50;0,1115
1355,00;0,1115
1354,50;0,1117
1354,00;0,1121
1353,50;0,1124
1353,00;0,1125
1352,50;0,1124
1352,00;0,1122
1351,50;0,1119
1351,00;0,1116
1350,50;0,1114
1350,00;0,1112
1349,50;0,1111
1349,00;0,1110
1348,50;0,1110
1348,00;0,1110
1347,50;0,1111
1347,00;0,1111
1346,50;0,1112
1346,00;0,1114
1345,50;0,1117
1345,00;0,1118
1344,50;0,1117
1344,00;0,1114
1343,50;0,1112
1343,00;0,1110
1342,50;0,1109
1342,00;0,1111
1341,50;0,1112
1341,00;0,1113
1340,50;0,1112
1340,00;0,1111
1339,50;0,1109
1339,00;0,1109
1338,50;0,1109
1338,00;0,1110
1337,50;0,1111
1337,00;0,1111
1336,50;0,1110
1336,00;0,1110
1335,50;0,1111
1335,00;0,1112
1334,50;0,1112
1334,00;0,1112
1333,50;0,1112
1333,00;0,1111
1332,50;0,1110
1332,00;0,1111
1331,50;0,1111
1331,00;0,1111
1330,50;0,1110
1330,00;0,1109
1329,50;0,1107
1329,00;0,1106
1328,50;0,1105
1328,00;0,1104
1327,50;0,1103
1327,00;0,1103
1326,50;0,1102
1326,00;0,1102
1325,50;0,1101
1325,00;0,1099
1324,50;0,1098
1324,00;0,1097
1323,50;0,1098
1323,00;0,1098
1322,50;0,1099
1322,00;0,1099
1321,50;0,1099
1321,00;0,1098
1320,50;0,1097
1320,00;0,1096
1319,50;0,1096
1319,00;0,1097
1318,50;0,1098
1318,00;0,1098
1317,50;0,1099
1317,00;0,1099
1316,50;0,1099
1316,00;0,1098
1315,50;0,1096
1315,00;0,1094
1314,50;0,1094
1314,00;0,1095
1313,50;0,1096
1313,00;0,1097
1312,50;0,1097
1312,00;0,1098
1311,50;0,1097
1311,00;0,1096
1310,50;0,1096
1310,00;0,1095
1309,50;0,1095
1309,00;0,1094
1308,50;0,1093
1308,00;0,1093
1307,50;0,1094
1307,00;0,1094
1306,50;0,1095
1306,00;0,1096
1305,50;0,1096
1305,00;0,1097
1304,50;0,1097
1304,00;0,1097
1303,50;0,1096
1303,00;0,1094
1302,50;0,1091
1302,00;0,1087
1301,50;0,1085
1301,00;0,1084
1300,50;0,1085
1300,00;0,1086
1299,50;0,1087
1299,00;0,1089
1298,50;0,1090
1298,00;0,1090
1297,50;0,1089
1297,00;0,1086
1296,50;0,1084
1296,00;0,1083
1295,50;0,1083
1295,00;0,1082
1294,50;0,1082
1294,00;0,1081
1293,50;0,1082
1293,00;0,1082
1292,50;0,1083
1292,00;0,1083
1291,50;0,1083
1291,00;0,1082
1290,50;0,1080
1290,00;0,1077
1289,50;0,1075
1289,00;0,1075
1288,50;0,1076
1288,00;0,1077
1287,50;0,1078
1287,00;0,1078
1286,50;0,1078
1286,00;0,1077
1285,50;0,1077
1285,00;0,1076
1284,50;0,1076
1284,00;0,1075
1283,50;0,1075
1283,00;0,1076
1282,50;0,1078
1282,00;0,1078
1281,50;0,1078
1281,00;0,1077
1280,50;0,1077
1280,00;0,1076
1279,50;0,1075
1279,00;0,1073
1278,50;0,1072
1278,00;0,1070
1277,50;0,1068
1277,00;0,1067
1276,50;0,1066
1276,00;0,1067
1275,50;0,1068
1275,00;0,1068
1274,50;0,1068
1274,00;0,1069
1273,50;0,1069
1273,00;0,1068
1272,50;0,1066
1272,00;0,1065
1271,50;0,1062
1271,00;0,1059
1270,50;0,1057
1270,00;0,1057
1269,50;0,1058
1269,00;0,1059
1268,50;0,1059
1268,00;0,1058
1267,50;0,1059
1267,00;0,1061
1266,50;0,1064
1266,00;0,1067
1265,50;0,1068
1265,00;0,1068
1264,50;0,1068
1264,00;0,1066
1263,50;0,1065
1263,00;0,1064
1262,50;0,1065
1262,00;0,1065
1261,50;0,1066
1261,00;0,1066
1260,50;0,1066
1260,00;0,1067
1259,50;0,1067
1259,00;0,1068
1258,50;0,1068
1258,00;0,1066
1257,50;0,1064
1257,00;0,1061
1256,50;0,1059
1256,00;0,1059
1255,50;0,1059
1255,00;0,1060
1254,50;0,1059
1254,00;0,1058
1253,50;0,1057
1253,00;0,1057
1252,50;0,1057
1252,00;0,1058
1251,50;0,1058
1251,00;0,1057
1250,50;0,1056
1250,00;0,1054
1249,50;0,1052
1249,00;0,1051
1248,50;0,1051
1248,00;0,1051
1247,50;0,1052
1247,00;0,1052
1246,50;0,1052
1246,00;0,1052
1245,50;0,1051
1245,00;0,1051
1244,50;0,1051
1244,00;0,1051
1243,50;0,1052
1243,00;0,1053
1242,50;0,1054
1242,00;0,1054
1241,50;0,1054
1241,00;0,1054
1240,50;0,1053
1240,00;0,1053
1239,50;0,1051
1239,00;0,1050
1238,50;0,1049
1238,00;0,1050
1237,50;0,1052
1237,00;0,1054
1236,50;0,1056
1236,00;0,1056
1235,50;0,1055
1235,00;0,1055
1234,50;0,1055
1234,00;0,1056
1233,50;0,1055
1233,00;0,1053
1232,50;0,1052
1232,00;0,1052
1231,50;0,1054
1231,00;0,1055
1230,50;0,1056
1230,00;0,1056
1229,50;0,1057
1229,00;0,1057
1228,50;0,1056
1228,00;0,1055
1227,50;0,1054
1227,00;0,1054
1226,50;0,1054
1226,00;0,1056
1225,50;0,1057
1225,00;0,1057
1224,50;0,1056
1224,00;0,1055
1223,50;0,1055
1223,00;0,1053
1222,50;0,1052
1222,00;0,1052
1221,50;0,1053
1221,00;0,1055
1220,50;0,1057
1220,00;0,1058
1219,50;0,1058
1219,00;0,1058
1218,50;0,1057
1218,00;0,1056
1217,50;0,1056
1217,00;0,1056
1216,50;0,1054
1216,00;0,1052
1215,50;0,1050
1215,00;0,1047
1214,50;0,1046
1214,00;0,1044
1213,50;0,1044
1213,00;0,1044
1212,50;0,1044
1212,00;0,1044
1211,50;0,1044
1211,00;0,1044
1210,50;0,1044
1210,00;0,1045
1209,50;0,1045
1209,00;0,1045
1208,50;0,1045
1208,00;0,1046
1207,50;0,1045
1207,00;0,1044
1206,50;0,1043
1206,00;0,1043
1205,50;0,1044
1205,00;0,1046
1204,50;0,1047
1204,00;0,1047
1203,50;0,1048
1203,00;0,1048
1202,50;0,1047
1202,00;0,1045
1201,50;0,1042
1201,00;0,1039
1200,50;0,1037
1200,00;0,1036
1199,50;0,1036
1199,00;0,1036
1198,50;0,1035
1198,00;0,1034
1197,50;0,1033
1197,00;0,1032
1196,50;0,1031
1196,00;0,1031
1195,50;0,1030
1195,00;0,1030
1194,50;0,1031
1194,00;0,1032
1193,50;0,1033
1193,00;0,1033
1192,50;0,1032
1192,00;0,1032
1191,50;0,1032
1191,00;0,1033
1190,50;0,1033
1190,00;0,1033
1189,50;0,1033
1189,00;0,1034
1188,50;0,1035
1188,00;0,1036
1187,50;0,1036
1187,00;0,1036
1186,50;0,1036
1186,00;0,1037
1185,50;0,1037
1185,00;0,1037
1184,50;0,1037
1184,00;0,1036
1183,50;0,1036
1183,00;0,1036
1182,50;0,1036
1182,00;0,1035
1181,50;0,1034
1181,00;0,1033
1180,50;0,1033
1180,00;0,1033
1179,50;0,1034
1179,00;0,1035
1178,50;0,1037
1178,00;0,1038
1177,50;0,1039
1177,00;0,1039
1176,50;0,1039
1176,00;0,1039
1175,50;0,1041
1175,00;0,1044
1174,50;0,1046
1174,00;0,1046
1173,50;0,1045
1173,00;0,1043
1172,50;0,1041
1172,00;0,1040
1171,50;0,1038
1171,00;0,1037
1170,50;0,1036
1170,00;0,1036
1169,50;0,1037
1169,00;0,1040
1168,50;0,1043
1168,00;0,1043
1167,50;0,1040
1167,00;0,1037
1166,50;0,1037
1166,00;0,1038
1165,50;0,1039
1165,00;0,1039
1164,50;0,1037
1164,00;0,1036
1163,50;0,1035
1163,00;0,1032
1162,50;0,1030
1162,00;0,1029
1161,50;0,1031
1161,00;0,1034
1160,50;0,1035
1160,00;0,1034
1159,50;0,1032
1159,00;0,1032
1158,50;0,1032
1158,00;0,1032
1157,50;0,1030
1157,00;0,1028
1156,50;0,1026
1156,00;0,1024
1155,50;0,1023
1155,00;0,1022
1154,50;0,1022
1154,00;0,1021
1153,50;0,1022
1153,00;0,1023
1152,50;0,1025
1152,00;0,1026
1151,50;0,1026
1151,00;0,1025
1150,50;0,1024
1150,00;0,1023
1149,50;0,1023
1149,00;0,1023
1148,50;0,1023
1148,00;0,1024
1147,50;0,1024
1147,00;0,1025
1146,50;0,1025
1146,00;0,1024
1145,50;0,1023
1145,00;0,1022
1144,50;0,1022
1144,00;0,1023
1143,50;0,1024
1143,00;0,1026
1142,50;0,1028
1142,00;0,1029
1141,50;0,1029
1141,00;0,1029
1140,50;0,1028
1140,00;0,1027
1139,50;0,1026
1139,00;0,1027
1138,50;0,1028
1138,00;0,1030
1137,50;0,1032
1137,00;0,1034
1136,50;0,1033
1136,00;0,1029
1135,50;0,1025
1135,00;0,1021
1134,50;0,1022
1134,00;0,1025
1133,50;0,1029
1133,00;0,1031
1132,50;0,1032
1132,00;0,1031
1131,50;0,1029
1131,00;0,1027
1130,50;0,1026
1130,00;0,1027
1129,50;0,1027
1129,00;0,1025
1128,50;0,1022
1128,00;0,1019
1127,50;0,1018
1127,00;0,1019
1126,50;0,1020
1126,00;0,1020
1125,50;0,1019
1125,00;0,1015
1124,50;0,1011
1124,00;0,1008
1123,50;0,1008
1123,00;0,1009
1122,50;0,1010
1122,00;0,1011
1121,50;0,1011
1121,00;0,1012
1120,50;0,1013
1120,00;0,1013
1119,50;0,1011
1119,00;0,1009
1118,50;0,1009
1118,00;0,1012
1117,50;0,1015
1117,00;0,1018
1116,50;0,1018
1116,00;0,1017
1115,50;0,1016
1115,00;0,1016
1114,50;0,1016
1114,00;0,1016
1113,50;0,1018
1113,00;0,1021
1112,50;0,1025
1112,00;0,1026
1111,50;0,1026
1111,00;0,1025
1110,50;0,1024
1110,00;0,1024
1109,50;0,1022
1109,00;0,1018
1108,50;0,1015
1108,00;0,1013
1107,50;0,1013
1107,00;0,1014
1106,50;0,1016
1106,00;0,1018
1105,50;0,1018
1105,00;0,1017
1104,50;0,1015
1104,00;0,1012
1103,50;0,1010
1103,00;0,1009
1102,50;0,1008
1102,00;0,1008
1101,50;0,1009
1101,00;0,1010
1100,50;0,1013
1100,00;0,1014
1099,50;0,1014
1099,00;0,1012
1098,50;0,1008
1098,00;0,1003
1097,50;0,0998
1097,00;0,0994
1096,50;0,0992
1096,00;0,0991
1095,50;0,0991
1095,00;0,0991
1094,50;0,0991
1094,00;0,0991
1093,50;0,0991
1093,00;0,0993
1092,50;0,0996
1092,00;0,0998
1091,50;0,0998
1091,00;0,0998
1090,50;0,0998
1090,00;0,0997
1089,50;0,0995
1089,00;0,0994
1088,50;0,0993
1088,00;0,0991
1087,50;0,0989
1087,00;0,0987
1086,50;0,0985
1086,00;0,0983
1085,50;0,0982
1085,00;0,0982
1084,50;0,0981
1084,00;0,0981
1083,50;0,0979
1083,00;0,0977
1082,50;0,0975
1082,00;0,0973
1081,50;0,0973
1081,00;0,0974
1080,50;0,0975
1080,00;0,0976
1079,50;0,0976
1079,00;0,0975
1078,50;0,0971
1078,00;0,0967
1077,50;0,0964
1077,00;0,0962
1076,50;0,0959
1076,00;0,0958
1075,50;0,0957
1075,00;0,0957
1074,50;0,0957
1074,00;0,0955
1073,50;0,0952
1073,00;0,0949
1072,50;0,0947
1072,00;0,0945
1071,50;0,0944
1071,00;0,0944
1070,50;0,0944
1070,00;0,0944
1069,50;0,0946
1069,00;0,0950
1068,50;0,0954
1068,00;0,0957
1067,50;0,0956
1067,00;0,0953
1066,50;0,0948
1066,00;0,0944
1065,50;0,0940
1065,00;0,0939
1064,50;0,0940
1064,00;0,0943
1063,50;0,0946
1063,00;0,0945
1062,50;0,0941
1062,00;0,0934
1061,50;0,0928
1061,00;0,0925
1060,50;0,0927
1060,00;0,0931
1059,50;0,0934
1059,00;0,0938
1058,50;0,0942
1058,00;0,0945
1057,50;0,0945
1057,00;0,0943
1056,50;0,0939
1056,00;0,0936
1055,50;0,0935
1055,00;0,0935
1054,50;0,0936
1054,00;0,0939
1053,50;0,0943
1053,00;0,0949
1052,50;0,0952
1052,00;0,0952
1051,50;0,0949
1051,00;0,0945
1050,50;0,0941
1050,00;0,0941
1049,50;0,0942
1049,00;0,0942
1048,50;0,0941
1048,00;0,0940
1047,50;0,0939
1047,00;0,0939
1046,50;0,0939
1046,00;0,0939
1045,50;0,0938
1045,00;0,0938
1044,50;0,0938
1044,00;0,0939
1043,50;0,0941
1043,00;0,0943
1042,50;0,0944
1042,00;0,0944
1041,50;0,0943
1041,00;0,0940
1040,50;0,0939
1040,00;0,0939
1039,50;0,0939
1039,00;0,0939
1038,50;0,0939
1038,00;0,0940
1037,50;0,0941
1037,00;0,0943
1036,50;0,0943
1036,00;0,0942
1035,50;0,0939
1035,00;0,0937
1034,50;0,0937
1034,00;0,0939
1033,50;0,0942
1033,00;0,0945
1032,50;0,0948
1032,00;0,0951
1031,50;0,0952
1031,00;0,0950
1030,50;0,0946
1030,00;0,0941
1029,50;0,0940
1029,00;0,0942
1028,50;0,0948
1028,00;0,0955
1027,50;0,0961
1027,00;0,0965
1026,50;0,0966
1026,00;0,0965
1025,50;0,0962
1025,00;0,0959
1024,50;0,0957
1024,00;0,0955
1023,50;0,0957
1023,00;0,0960
1022,50;0,0964
1022,00;0,0967
1021,50;0,0967
1021,00;0,0968
1020,50;0,0968
1020,00;0,0967
1019,50;0,0966
1019,00;0,0967
1018,50;0,0970
1018,00;0,0973
1017,50;0,0976
1017,00;0,0976
1016,50;0,0977
1016,00;0,0978
1015,50;0,0980
1015,00;0,0981
1014,50;0,0981
1014,00;0,0980
1013,50;0,0981
1013,00;0,0984
1012,50;0,0987
1012,00;0,0990
1011,50;0,0993
1011,00;0,0996
1010,50;0,0997
1010,00;0,0996
1009,50;0,0995
1009,00;0,0995
1008,50;0,0997
1008,00;0,0999
1007,50;0,1002
1007,00;0,1007
1006,50;0,1013
1006,00;0,1018
1005,50;0,1021
1005,00;0,1019
1004,50;0,1015
1004,00;0,1012
1003,50;0,1013
1003,00;0,1017
1002,50;0,1021
1002,00;0,1023
1001,50;0,1025
1001,00;0,1026
1000,50;0,1029
1000,00;0,1033
999,50;0,1037
999,00;0,1041
998,50;0,1044
998,00;0,1045
997,50;0,1045
997,00;0,1047
996,50;0,1049
996,00;0,1051
995,50;0,1050
995,00;0,1049
994,50;0,1051
994,00;0,1055
993,50;0,1061
993,00;0,1064
992,50;0,1066
992,00;0,1067
991,50;0,1067
991,00;0,1068
990,50;0,1072
990,00;0,1077
989,50;0,1082
989,00;0,1084
988,50;0,1085
988,00;0,1085
987,50;0,1086
987,00;0,1089
986,50;0,1094
986,00;0,1099
985,50;0,1103
985,00;0,1106
984,50;0,1110
984,00;0,1112
983,50;0,1114
983,00;0,1115
982,50;0,1117
982,00;0,1123
981,50;0,1131
981,00;0,1137
980,50;0,1142
980,00;0,1147
979,50;0,1150
979,00;0,1153
978,50;0,1154
978,00;0,1154
977,50;0,1155
977,00;0,1158
976,50;0,1162
976,00;0,1168
975,50;0,1175
975,00;0,1180
974,50;0,1184
974,00;0,1186
973,50;0,1189
973,00;0,1192
972,50;0,1194
972,00;0,1195
971,50;0,1196
971,00;0,1201
970,50;0,1209
970,00;0,1220
969,50;0,1231
969,00;0,1239
968,50;0,1243
968,00;0,1244
967,50;0,1243
967,00;0,1242
966,50;0,1244
966,00;0,1250
965,50;0,1259
965,00;0,1268
964,50;0,1276
964,00;0,1282
963,50;0,1284
963,00;0,1286
962,50;0,1287
962,00;0,1290
961,50;0,1294
961,00;0,1300
960,50;0,1309
960,00;0,1319
959,50;0,1328
959,00;0,1336
958,50;0,1344
958,00;0,1352
957,50;0,1357
957,00;0,1359
956,50;0,1358
956,00;0,1358
955,50;0,1363
955,00;0,1372
954,50;0,1383
954,00;0,1392
953,50;0,1399
953,00;0,1405
952,50;0,1412
952,00;0,1418
951,50;0,1423
951,00;0,1427
950,50;0,1432
950,00;0,1439
949,50;0,1447
949,00;0,1452
948,50;0,1456
948,00;0,1460
947,50;0,1467
947,00;0,1472
946,50;0,1477
946,00;0,1481
945,50;0,1488
945,00;0,1497
944,50;0,1507
944,00;0,1515
943,50;0,1520
943,00;0,1526
942,50;0,1531
942,00;0,1536
941,50;0,1541
941,00;0,1546
940,50;0,1551
940,00;0,1557
939,50;0,1565
939,00;0,1574
938,50;0,1583
938,00;0,1591
937,50;0,1597
937,00;0,1600
936,50;0,1600
936,00;0,1601
935,50;0,1603
935,00;0,1608
934,50;0,1615
934,00;0,1622
933,50;0,1629
933,00;0,1636
932,50;0,1644
932,00;0,1653
931,50;0,1663
931,00;0,1674
930,50;0,1683
930,00;0,1689
929,50;0,1694
929,00;0,1700
928,50;0,1710
928,00;0,1720
927,50;0,1726
927,00;0,1729
926,50;0,1730
926,00;0,1732
925,50;0,1733
925,00;0,1736
924,50;0,1739
924,00;0,1746
923,50;0,1754
923,00;0,1763
922,50;0,1770
922,00;0,1776
921,50;0,1783
921,00;0,1791
920,50;0,1798
920,00;0,1804
919,50;0,1808
919,00;0,1813
918,50;0,1818
918,00;0,1822
917,50;0,1824
917,00;0,1823
916,50;0,1821
916,00;0,1822
915,50;0,1829
915,00;0,1841
914,50;0,1854
914,00;0,1864
913,50;0,1868
913,00;0,1869
912,50;0,1872
912,00;0,1878
911,50;0,1885
911,00;0,1891
910,50;0,1894
910,00;0,1898
909,50;0,1902
909,00;0,1904
908,50;0,1906
908,00;0,1907
907,50;0,1910
907,00;0,1914
906,50;0,1916
906,00;0,1916
905,50;0,1917
905,00;0,1927
904,50;0,1943
904,00;0,1961
903,50;0,1975
903,00;0,1979
902,50;0,1978
902,00;0,1974
901,50;0,1973
901,00;0,1974
900,50;0,1976
900,00;0,1977
899,50;0,1978
899,00;0,1980
898,50;0,1986
898,00;0,1992
897,50;0,1997
897,00;0,2002
896,50;0,2009
896,00;0,2018
895,50;0,2025
895,00;0,2028
894,50;0,2027
894,00;0,2027
893,50;0,2032
893,00;0,2040
892,50;0,2049
892,00;0,2058
891,50;0,2067
891,00;0,2074
890,50;0,2073
890,00;0,2063
889,50;0,2047
889,00;0,2036
888,50;0,2035
888,00;0,2044
887,50;0,2057
887,00;0,2072
886,50;0,2090
886,00;0,2109
885,50;0,2124
885,00;0,2130
884,50;0,2126
884,00;0,2118
883,50;0,2110
883,00;0,2108
882,50;0,2110
882,00;0,2116
881,50;0,2125
881,00;0,2136
880,50;0,2150
880,00;0,2161
879,50;0,2164
879,00;0,2160
878,50;0,2152
878,00;0,2150
877,50;0,2157
877,00;0,2170
876,50;0,2182
876,00;0,2190
875,50;0,2193
875,00;0,2198
874,50;0,2205
874,00;0,2210
873,50;0,2209
873,00;0,2202
872,50;0,2196
872,00;0,2194
871,50;0,2196
871,00;0,2200
870,50;0,2206
870,00;0,2215
869,50;0,2225
869,00;0,2233
868,50;0,2239
868,00;0,2243
867,50;0,2250
867,00;0,2259
866,50;0,2268
866,00;0,2272
865,50;0,2274
865,00;0,2274
864,50;0,2273
864,00;0,2271
863,50;0,2266
863,00;0,2262
862,50;0,2261
862,00;0,2263
861,50;0,2265
861,00;0,2267
860,50;0,2273
860,00;0,2286
859,50;0,2301
859,00;0,2312
858,50;0,2316
858,00;0,2316
857,50;0,2316
857,00;0,2318
856,50;0,2323
856,00;0,2327
855,50;0,2330
855,00;0,2332
854,50;0,2336
854,00;0,2343
853,50;0,2348
853,00;0,2349
852,50;0,2345
852,00;0,2342
851,50;0,2346
851,00;0,2358
850,50;0,2372
850,00;0,2380
849,50;0,2379
849,00;0,2372
848,50;0,2365
848,00;0,2360
847,50;0,2360
847,00;0,2366
846,50;0,2375
846,00;0,2386
845,50;0,2396
845,00;0,2401
844,50;0,2403
844,00;0,2402
843,50;0,2401
843,00;0,2398
842,50;0,2396
842,00;0,2396
841,50;0,2399
841,00;0,2405
840,50;0,2417
840,00;0,2433
839,50;0,2448
839,00;0,2458
838,50;0,2462
838,00;0,2460
837,50;0,2457
837,00;0,2456
836,50;0,2455
836,00;0,2455
835,50;0,2455
835,00;0,2459
834,50;0,2465
834,00;0,2471
833,50;0,2473
833,00;0,2469
832,50;0,2464
832,00;0,2462
831,50;0,2463
831,00;0,2469
830,50;0,2481
830,00;0,2493
829,50;0,2503
829,00;0,2505
828,50;0,2504
828,00;0,2502
827,50;0,2503
827,00;0,2505
826,50;0,2507
826,00;0,2508
825,50;0,2506
825,00;0,2504
824,50;0,2505
824,00;0,2510
823,50;0,2517
823,00;0,2524
822,50;0,2530
822,00;0,2533
821,50;0,2529
821,00;0,2520
820,50;0,2511
820,00;0,2511
819,50;0,2519
819,00;0,2531
818,50;0,2542
818,00;0,2550
817,50;0,2555
817,00;0,2556
816,50;0,2555
816,00;0,2554
815,50;0,2553
815,00;0,2550
814,50;0,2544
814,00;0,2539
813,50;0,2538
813,00;0,2540
812,50;0,2545
812,00;0,2550
811,50;0,2552
811,00;0,2550
810,50;0,2545
810,00;0,2540
809,50;0,2541
809,00;0,2547
808,50;0,2556
808,00;0,2562
807,50;0,2563
807,00;0,2558
806,50;0,2551
806,00;0,2548
805,50;0,2548
805,00;0,2549
804,50;0,2552
804,00;0,2556
803,50;0,2563
803,00;0,2569
802,50;0,2572
802,00;0,2572
801,50;0,2570
801,00;0,2565
800,50;0,2557
800,00;0,2549
799,50;0,2543
799,00;0,2538
798,50;0,2536
798,00;0,2538
797,50;0,2545
797,00;0,2554
796,50;0,2559
796,00;0,2558
795,50;0,2553
795,00;0,2548
794,50;0,2545
794,00;0,2544
793,50;0,2545
793,00;0,2546
792,50;0,2546
792,00;0,2545
791,50;0,2545
791,00;0,2547
790,50;0,2547
790,00;0,2545
789,50;0,2542
789,00;0,2542
788,50;0,2546
788,00;0,2551
787,50;0,2556
787,00;0,2556
786,50;0,2554
786,00;0,2551
785,50;0,2548
785,00;0,2543
784,50;0,2539
784,00;0,2539
783,50;0,2545
783,00;0,2552
782,50;0,2555
782,00;0,2552
781,50;0,2546
781,00;0,2540
780,50;0,2535
780,00;0,2533
779,50;0,2533
779,00;0,2534
778,50;0,2535
778,00;0,2536
777,50;0,2539
777,00;0,2545
776,50;0,2553
776,00;0,2559
775,50;0,2564
775,00;0,2564
774,50;0,2559
774,00;0,2547
773,50;0,2535
773,00;0,2527
772,50;0,2528
772,00;0,2533
771,50;0,2539
771,00;0,2543
770,50;0,2544
770,00;0,2541
769,50;0,2534
769,00;0,2524
768,50;0,2516
768,00;0,2515
767,50;0,2522
767,00;0,2533
766,50;0,2543
766,00;0,2548
765,50;0,2549
765,00;0,2546
764,50;0,2544
764,00;0,2541
763,50;0,2538
763,00;0,2534
762,50;0,2531
762,00;0,2529
761,50;0,2529
761,00;0,2531
760,50;0,2530
760,00;0,2525
759,50;0,2517
759,00;0,2513
758,50;0,2514
758,00;0,2516
757,50;0,2517
757,00;0,2513
756,50;0,2509
756,00;0,2507
755,50;0,2508
755,00;0,2508
754,50;0,2508
754,00;0,2508
753,50;0,2507
753,00;0,2504
752,50;0,2501
752,00;0,2498
751,50;0,2494
751,00;0,2489
750,50;0,2485
750,00;0,2484
749,50;0,2489
749,00;0,2493
748,50;0,2492
748,00;0,2485
747,50;0,2476
747,00;0,2471
746,50;0,2471
746,00;0,2475
745,50;0,2477
745,00;0,2477
744,50;0,2474
744,00;0,2472
743,50;0,2469
743,00;0,2466
742,50;0,2463
742,00;0,2460
741,50;0,2456
741,00;0,2452
740,50;0,2449
740,00;0,2450
739,50;0,2455
739,00;0,2462
738,50;0,2465
738,00;0,2465
737,50;0,2461
737,00;0,2453
736,50;0,2443
736,00;0,2435
735,50;0,2429
735,00;0,2426
734,50;0,2422
734,00;0,2418
733,50;0,2415
733,00;0,2415
732,50;0,2414
732,00;0,2411
731,50;0,2409
731,00;0,2410
730,50;0,2416
730,00;0,2422
729,50;0,2426
729,00;0,2430
728,50;0,2434
728,00;0,2434
727,50;0,2427
727,00;0,2415
726,50;0,2404
726,00;0,2402
725,50;0,2407
725,00;0,2416
724,50;0,2426
724,00;0,2433
723,50;0,2436
723,00;0,2432
722,50;0,2424
722,00;0,2416
721,50;0,2409
721,00;0,2406
720,50;0,2407
720,00;0,2414
719,50;0,2421
719,00;0,2424
718,50;0,2422
718,00;0,2419
717,50;0,2416
717,00;0,2413
716,50;0,2408
716,00;0,2402
715,50;0,2398
715,00;0,2400
714,50;0,2404
714,00;0,2409
713,50;0,2412
713,00;0,2414
712,50;0,2415
712,00;0,2416
711,50;0,2416
711,00;0,2415
710,50;0,2409
710,00;0,2402
709,50;0,2398
709,00;0,2400
708,50;0,2410
708,00;0,2423
707,50;0,2430
707,00;0,2429
706,50;0,2423
706,00;0,2416
705,50;0,2411
705,00;0,2407
704,50;0,2408
704,00;0,2413
703,50;0,2420
703,00;0,2426
702,50;0,2428
702,00;0,2428
701,50;0,2426
701,00;0,2422
700,50;0,2416
700,00;0,2411
699,50;0,2409
699,00;0,2411
698,50;0,2415
698,00;0,2420
697,50;0,2425
697,00;0,2429
696,50;0,2430
696,00;0,2428
695,50;0,2422
695,00;0,2414
694,50;0,2409
694,00;0,2408
693,50;0,2412
693,00;0,2419
692,50;0,2427
692,00;0,2431
691,50;0,2429
691,00;0,2425
690,50;0,2424
690,00;0,2427
689,50;0,2432
689,00;0,2433
688,50;0,2431
688,00;0,2430
687,50;0,2436
687,00;0,2444
686,50;0,2447
686,00;0,2441
685,50;0,2433
685,00;0,2426
684,50;0,2422
684,00;0,2418
683,50;0,2416
683,00;0,2420
682,50;0,2427
682,00;0,2431
681,50;0,2432
681,00;0,2433
680,50;0,2438
680,00;0,2441
679,50;0,2440
679,00;0,2434
678,50;0,2428
678,00;0,2427
677,50;0,2433
677,00;0,2442
676,50;0,2451
676,00;0,2456
675,50;0,2454
675,00;0,2445
674,50;0,2432
674,00;0,2418
673,50;0,2411
673,00;0,2416
672,50;0,2434
672,00;0,2455
671,50;0,2471
671,00;0,2470
670,50;0,2480
670,00;0,2478
669,50;0,2479
669,00;0,2494
668,50;0,2523
668,00;0,2549
667,50;0,2542
667,00;0,2497
666,50;0,2459
666,00;0,2442
665,50;0,2435
665,00;0,2431
664,50;0,2428
664,00;0,2426
663,50;0,2425
663,00;0,2427
662,50;0,2427
662,00;0,2436
661,50;0,2448
661,00;0,2456
660,50;0,2461
660,00;0,2465
659,50;0,2470
659,00;0,2472
658,50;0,2469
658,00;0,2463
657,50;0,2459
657,00;0,2456
656,50;0,2457
656,00;0,2461
655,50;0,2465
655,00;0,2466
654,50;0,2463
654,00;0,2459
653,50;0,2455
653,00;0,2451
652,50;0,2448
652,00;0,2450
651,50;0,2456
651,00;0,2461
650,50;0,2464
650,00;0,2465
649,50;0,2465
649,00;0,2463
648,50;0,2457
648,00;0,2454
647,50;0,2456
647,00;0,2463
646,50;0,2471
646,00;0,2481
645,50;0,2490
645,00;0,2497
644,50;0,2500
644,00;0,2498
643,50;0,2490
643,00;0,2481
642,50;0,2473
642,00;0,2471
641,50;0,2477
641,00;0,2484
640,50;0,2486
640,00;0,2484
639,50;0,2479
639,00;0,2473
638,50;0,2465
638,00;0,2454
637,50;0,2447
637,00;0,2448
636,50;0,2459
636,00;0,2477
635,50;0,2494
635,00;0,2502
634,50;0,2503
634,00;0,2499
633,50;0,2490
633,00;0,2478
632,50;0,2464
632,00;0,2452
631,50;0,2447
631,00;0,2448
630,50;0,2454
630,00;0,2463
629,50;0,2477
629,00;0,2489
628,50;0,2494
628,00;0,2490
627,50;0,2480
627,00;0,2473
626,50;0,2473
626,00;0,2479
625,50;0,2488
625,00;0,2497
624,50;0,2504
624,00;0,2508
623,50;0,2508
623,00;0,2503
622,50;0,2492
622,00;0,2479
621,50;0,2471
621,00;0,2470
620,50;0,2478
620,00;0,2489
619,50;0,2497
619,00;0,2497
618,50;0,2491
618,00;0,2486
617,50;0,2486
617,00;0,2489
616,50;0,2490
616,00;0,2492
615,50;0,2497
615,00;0,2505
614,50;0,2511
614,00;0,2510
613,50;0,2503
613,00;0,2494
612,50;0,2489
612,00;0,2490
611,50;0,2497
611,00;0,2504
610,50;0,2507
610,00;0,2506
609,50;0,2504
609,00;0,2506
608,50;0,2507
608,00;0,2505
607,50;0,2500
607,00;0,2494
606,50;0,2491
606,00;0,2491
605,50;0,2494
605,00;0,2499
604,50;0,2504
604,00;0,2506
603,50;0,2506
603,00;0,2502
602,50;0,2495
602,00;0,2485
601,50;0,2475
601,00;0,2467
600,50;0,2462
600,00;0,2460
599,50;0,2461
599,00;0,2466
598,50;0,2473
598,00;0,2480
597,50;0,2481
597,00;0,2476
596,50;0,2467
596,00;0,2457
595,50;0,2450
595,00;0,2447
594,50;0,2450
594,00;0,2459
593,50;0,2471
593,00;0,2481
592,50;0,2487
592,00;0,2488
591,50;0,2483
591,00;0,2474
590,50;0,2464
590,00;0,2455
589,50;0,2449
589,00;0,2442
588,50;0,2440
588,00;0,2447
587,50;0,2467
587,00;0,2488
586,50;0,2493
586,00;0,2479
585,50;0,2455
585,00;0,2436
584,50;0,2430
584,00;0,2433
583,50;0,2438
583,00;0,2441
582,50;0,2443
582,00;0,2446
581,50;0,2447
581,00;0,2446
580,50;0,2441
580,00;0,2435
579,50;0,2425
579,00;0,2408
578,50;0,2391
578,00;0,2384
577,50;0,2392
577,00;0,2409
576,50;0,2421
576,00;0,2416
575,50;0,2393
575,00;0,2367
574,50;0,2352
574,00;0,2358
573,50;0,2379
573,00;0,2401
572,50;0,2414
572,00;0,2419
571,50;0,2417
571,00;0,2406
570,50;0,2384
570,00;0,2361
569,50;0,2348
569,00;0,2347
568,50;0,2343
568,00;0,2331
567,50;0,2321
567,00;0,2323
566,50;0,2335
566,00;0,2344
565,50;0,2342
565,00;0,2331
564,50;0,2318
564,00;0,2305
563,50;0,2294
563,00;0,2292
562,50;0,2301
562,00;0,2314
561,50;0,2319
561,00;0,2313
560,50;0,2299
560,00;0,2282
559,50;0,2264
559,00;0,2249
558,50;0,2243
558,00;0,2248
557,50;0,2258
557,00;0,2261
556,50;0,2253
556,00;0,2238
555,50;0,2228
555,00;0,2224
554,50;0,2222
554,00;0,2214
553,50;0,2202
553,00;0,2190
552,50;0,2186
552,00;0,2191
551,50;0,2205
551,00;0,2224
550,50;0,2242
550,00;0,2253
549,50;0,2253
549,00;0,2239
548,50;0,2212
548,00;0,2179
547,50;0,2152
547,00;0,2138
546,50;0,2137
546,00;0,2144
545,50;0,2154
545,00;0,2161
544,50;0,2165
544,00;0,2158
543,50;0,2136
543,00;0,2100
542,50;0,2067
542,00;0,2055
541,50;0,2071
541,00;0,2103
540,50;0,2131
540,00;0,2139
539,50;0,2125
539,00;0,2098
538,50;0,2065
538,00;0,2033
537,50;0,2010
537,00;0,2002
536,50;0,2014
536,00;0,2041
535,50;0,2066
535,00;0,2073
534,50;0,2055
534,00;0,2019
533,50;0,1979
533,00;0,1946
532,50;0,1923
532,00;0,1912
531,50;0,1914
531,00;0,1929
530,50;0,1950
530,00;0,1968
529,50;0,1974
529,00;0,1966
528,50;0,1946
528,00;0,1922
527,50;0,1905
527,00;0,1901
526,50;0,1907
526,00;0,1912
525,50;0,1909
525,00;0,1897
524,50;0,1882
524,00;0,1868
523,50;0,1855
523,00;0,1838
522,50;0,1818
522,00;0,1803
521,50;0,1798
521,00;0,1801
520,50;0,1804
520,00;0,1801
519,50;0,1795
519,00;0,1793
518,50;0,1796
518,00;0,1797
517,50;0,1791
517,00;0,1780
516,50;0,1772
516,00;0,1776
515,50;0,1791
515,00;0,1804
514,50;0,1808
514,00;0,1804
513,50;0,1795
513,00;0,1782
512,50;0,1763
512,00;0,1748
511,50;0,1749
511,00;0,1765
510,50;0,1786
510,00;0,1799
509,50;0,1807
509,00;0,1816
508,50;0,1824
508,00;0,1821
507,50;0,1803
507,00;0,1775
506,50;0,1746
506,00;0,1726
505,50;0,1722
505,00;0,1734
504,50;0,1754
504,00;0,1768
503,50;0,1773
503,00;0,1770
502,50;0,1762
502,00;0,1751
501,50;0,1737
501,00;0,1727
500,50;0,1722
500,00;0,1725
499,50;0,1732
499,00;0,1738
498,50;0,1736
498,00;0,1725
497,50;0,1709
497,00;0,1690
496,50;0,1671
496,00;0,1655
495,50;0,1655
495,00;0,1674
494,50;0,1704
494,00;0,1728
493,50;0,1734
493,00;0,1725
492,50;0,1709
492,00;0,1692
491,50;0,1678
491,00;0,1671
490,50;0,1671
490,00;0,1675
489,50;0,1679
489,00;0,1685
488,50;0,1700
488,00;0,1722
487,50;0,1739
487,00;0,1731
486,50;0,1691
486,00;0,1636
485,50;0,1598
485,00;0,1596
484,50;0,1622
484,00;0,1657
483,50;0,1690
483,00;0,1714
482,50;0,1720
482,00;0,1699
481,50;0,1659
481,00;0,1627
480,50;0,1623
480,00;0,1646
479,50;0,1679
479,00;0,1710
478,50;0,1731
478,00;0,1739
477,50;0,1733
477,00;0,1712
476,50;0,1680
476,00;0,1641
475,50;0,1604
475,00;0,1583
474,50;0,1586
474,00;0,1603
473,50;0,1622
473,00;0,1638
472,50;0,1646
472,00;0,1639
471,50;0,1613
471,00;0,1579
470,50;0,1552
470,00;0,1547
469,50;0,1559
469,00;0,1581
468,50;0,1610
468,00;0,1644
467,50;0,1675
467,00;0,1684
466,50;0,1664
466,00;0,1626
465,50;0,1589
465,00;0,1562
464,50;0,1537
464,00;0,1508
463,50;0,1485
463,00;0,1485
462,50;0,1511
462,00;0,1555
461,50;0,1595
461,00;0,1607
460,50;0,1572
460,00;0,1490
459,50;0,1395
459,00;0,1335
458,50;0,1337
458,00;0,1394
457,50;0,1481
457,00;0,1564
456,50;0,1608
456,00;0,1592
455,50;0,1525
455,00;0,1444
454,50;0,1385
454,00;0,1365
453,50;0,1390
453,00;0,1457
452,50;0,1543
452,00;0,1599
451,50;0,1594
451,00;0,1544
450,50;0,1494
450,00;0,1464
449,50;0,1443
449,00;0,1416
448,50;0,1396
448,00;0,1405
447,50;0,1442
447,00;0,1476
446,50;0,1482
446,00;0,1460
445,50;0,1428
445,00;0,1400
444,50;0,1377
444,00;0,1353
443,50;0,1335
443,00;0,1343
442,50;0,1379
442,00;0,1425
441,50;0,1463
441,00;0,1488
440,50;0,1507
440,00;0,1511
439,50;0,1486
439,00;0,1440
438,50;0,1413
438,00;0,1438
437,50;0,1502
437,00;0,1560
436,50;0,1568
436,00;0,1518
435,50;0,1429
435,00;0,1340
434,50;0,1289
434,00;0,1298
433,50;0,1356
433,00;0,1426
432,50;0,1468
432,00;0,1470
431,50;0,1448
431,00;0,1428
430,50;0,1420
430,00;0,1424
429,50;0,1428
429,00;0,1414
428,50;0,1370
428,00;0,1304
427,50;0,1250
427,00;0,1240
426,50;0,1272
426,00;0,1316
425,50;0,1339
425,00;0,1324
424,50;0,1258
424,00;0,1146
423,50;0,1034
423,00;0,1001
422,50;0,1099
422,00;0,1302
421,50;0,1532
421,00;0,1723
420,50;0,1840
420,00;0,1844
419,50;0,1695
419,00;0,1419
418,50;0,1128
418,00;0,0929
417,50;0,0845
417,00;0,0848
416,50;0,0896
416,00;0,0962
415,50;0,1052
415,00;0,1187
414,50;0,1359
414,00;0,1506
413,50;0,1536
413,00;0,1411
412,50;0,1209
412,00;0,1072
411,50;0,1083
411,00;0,1175
410,50;0,1225
410,00;0,1224
409,50;0,1244
409,00;0,1261
408,50;0,1167
408,00;0,0931
407,50;0,0672
407,00;0,0568
406,50;0,0630
406,00;0,0665
405,50;0,0557
405,00;0,0430
404,50;0,0506
404,00;0,0813
403,50;0,1084
403,00;0,1054
402,50;0,0789
402,00;0,0613
401,50;0,0740
401,00;0,1037
400,50;0,1248
400,00;0,1291
