Erstellt als neuer Datensatz;Sample 168 By PC59-C710\Spektrum3 date Dienstag, Juni 02 2026
cm-1;A
4000,00;0,0770
3999,50;0,0770
3999,00;0,0768
3998,50;0,0763
3998,00;0,0758
3997,50;0,0756
3997,00;0,0758
3996,50;0,0763
3996,00;0,0770
3995,50;0,0773
3995,00;0,0773
3994,50;0,0772
3994,00;0,0770
3993,50;0,0769
3993,00;0,0768
3992,50;0,0766
3992,00;0,0765
3991,50;0,0765
3991,00;0,0767
3990,50;0,0771
3990,00;0,0774
3989,50;0,0776
3989,00;0,0774
3988,50;0,0769
3988,00;0,0764
3987,50;0,0761
3987,00;0,0760
3986,50;0,0760
3986,00;0,0760
3985,50;0,0760
3985,00;0,0760
3984,50;0,0762
3984,00;0,0763
3983,50;0,0764
3983,00;0,0764
3982,50;0,0763
3982,00;0,0763
3981,50;0,0765
3981,00;0,0767
3980,50;0,0768
3980,00;0,0767
3979,50;0,0766
3979,00;0,0766
3978,50;0,0765
3978,00;0,0764
3977,50;0,0764
3977,00;0,0764
3976,50;0,0767
3976,00;0,0771
3975,50;0,0773
3975,00;0,0774
3974,50;0,0771
3974,00;0,0768
3973,50;0,0767
3973,00;0,0766
3972,50;0,0764
3972,00;0,0761
3971,50;0,0759
3971,00;0,0760
3970,50;0,0764
3970,00;0,0769
3969,50;0,0773
3969,00;0,0774
3968,50;0,0772
3968,00;0,0767
3967,50;0,0763
3967,00;0,0760
3966,50;0,0760
3966,00;0,0763
3965,50;0,0770
3965,00;0,0776
3964,50;0,0781
3964,00;0,0781
3963,50;0,0777
3963,00;0,0771
3962,50;0,0765
3962,00;0,0760
3961,50;0,0756
3961,00;0,0756
3960,50;0,0758
3960,00;0,0763
3959,50;0,0768
3959,00;0,0772
3958,50;0,0774
3958,00;0,0773
3957,50;0,0771
3957,00;0,0767
3956,50;0,0764
3956,00;0,0763
3955,50;0,0764
3955,00;0,0767
3954,50;0,0770
3954,00;0,0772
3953,50;0,0772
3953,00;0,0771
3952,50;0,0767
3952,00;0,0763
3951,50;0,0758
3951,00;0,0754
3950,50;0,0752
3950,00;0,0754
3949,50;0,0760
3949,00;0,0767
3948,50;0,0774
3948,00;0,0775
3947,50;0,0771
3947,00;0,0766
3946,50;0,0762
3946,00;0,0760
3945,50;0,0760
3945,00;0,0762
3944,50;0,0765
3944,00;0,0770
3943,50;0,0775
3943,00;0,0778
3942,50;0,0776
3942,00;0,0772
3941,50;0,0767
3941,00;0,0762
3940,50;0,0761
3940,00;0,0764
3939,50;0,0769
3939,00;0,0773
3938,50;0,0776
3938,00;0,0776
3937,50;0,0774
3937,00;0,0770
3936,50;0,0764
3936,00;0,0759
3935,50;0,0757
3935,00;0,0759
3934,50;0,0765
3934,00;0,0772
3933,50;0,0776
3933,00;0,0776
3932,50;0,0771
3932,00;0,0764
3931,50;0,0759
3931,00;0,0757
3930,50;0,0757
3930,00;0,0759
3929,50;0,0764
3929,00;0,0770
3928,50;0,0776
3928,00;0,0778
3927,50;0,0777
3927,00;0,0774
3926,50;0,0771
3926,00;0,0768
3925,50;0,0766
3925,00;0,0764
3924,50;0,0763
3924,00;0,0765
3923,50;0,0768
3923,00;0,0773
3922,50;0,0776
3922,00;0,0778
3921,50;0,0777
3921,00;0,0773
3920,50;0,0768
3920,00;0,0764
3919,50;0,0764
3919,00;0,0767
3918,50;0,0771
3918,00;0,0774
3917,50;0,0774
3917,00;0,0772
3916,50;0,0770
3916,00;0,0768
3915,50;0,0765
3915,00;0,0762
3914,50;0,0762
3914,00;0,0763
3913,50;0,0767
3913,00;0,0772
3912,50;0,0775
3912,00;0,0776
3911,50;0,0774
3911,00;0,0769
3910,50;0,0763
3910,00;0,0759
3909,50;0,0758
3909,00;0,0760
3908,50;0,0764
3908,00;0,0768
3907,50;0,0771
3907,00;0,0772
3906,50;0,0771
3906,00;0,0770
3905,50;0,0772
3905,00;0,0776
3904,50;0,0779
3904,00;0,0781
3903,50;0,0783
3903,00;0,0786
3902,50;0,0788
3902,00;0,0787
3901,50;0,0786
3901,00;0,0787
3900,50;0,0788
3900,00;0,0783
3899,50;0,0774
3899,00;0,0768
3898,50;0,0769
3898,00;0,0775
3897,50;0,0780
3897,00;0,0780
3896,50;0,0777
3896,00;0,0772
3895,50;0,0765
3895,00;0,0760
3894,50;0,0756
3894,00;0,0756
3893,50;0,0761
3893,00;0,0768
3892,50;0,0775
3892,00;0,0780
3891,50;0,0779
3891,00;0,0776
3890,50;0,0774
3890,00;0,0771
3889,50;0,0766
3889,00;0,0760
3888,50;0,0758
3888,00;0,0762
3887,50;0,0770
3887,00;0,0778
3886,50;0,0782
3886,00;0,0780
3885,50;0,0775
3885,00;0,0773
3884,50;0,0774
3884,00;0,0775
3883,50;0,0773
3883,00;0,0771
3882,50;0,0770
3882,00;0,0771
3881,50;0,0772
3881,00;0,0771
3880,50;0,0768
3880,00;0,0765
3879,50;0,0766
3879,00;0,0768
3878,50;0,0768
3878,00;0,0768
3877,50;0,0768
3877,00;0,0770
3876,50;0,0773
3876,00;0,0776
3875,50;0,0778
3875,00;0,0777
3874,50;0,0772
3874,00;0,0766
3873,50;0,0765
3873,00;0,0769
3872,50;0,0773
3872,00;0,0777
3871,50;0,0781
3871,00;0,0784
3870,50;0,0787
3870,00;0,0787
3869,50;0,0785
3869,00;0,0783
3868,50;0,0781
3868,00;0,0775
3867,50;0,0769
3867,00;0,0767
3866,50;0,0771
3866,00;0,0776
3865,50;0,0780
3865,00;0,0779
3864,50;0,0777
3864,00;0,0775
3863,50;0,0773
3863,00;0,0770
3862,50;0,0769
3862,00;0,0770
3861,50;0,0774
3861,00;0,0777
3860,50;0,0779
3860,00;0,0777
3859,50;0,0772
3859,00;0,0766
3858,50;0,0763
3858,00;0,0761
3857,50;0,0762
3857,00;0,0767
3856,50;0,0775
3856,00;0,0784
3855,50;0,0791
3855,00;0,0795
3854,50;0,0796
3854,00;0,0793
3853,50;0,0795
3853,00;0,0800
3852,50;0,0798
3852,00;0,0790
3851,50;0,0788
3851,00;0,0792
3850,50;0,0794
3850,00;0,0788
3849,50;0,0777
3849,00;0,0766
3848,50;0,0758
3848,00;0,0752
3847,50;0,0746
3847,00;0,0743
3846,50;0,0743
3846,00;0,0745
3845,50;0,0749
3845,00;0,0755
3844,50;0,0761
3844,00;0,0767
3843,50;0,0772
3843,00;0,0776
3842,50;0,0779
3842,00;0,0778
3841,50;0,0775
3841,00;0,0772
3840,50;0,0771
3840,00;0,0772
3839,50;0,0776
3839,00;0,0780
3838,50;0,0780
3838,00;0,0777
3837,50;0,0773
3837,00;0,0775
3836,50;0,0781
3836,00;0,0785
3835,50;0,0783
3835,00;0,0777
3834,50;0,0773
3834,00;0,0771
3833,50;0,0772
3833,00;0,0771
3832,50;0,0768
3832,00;0,0761
3831,50;0,0755
3831,00;0,0755
3830,50;0,0762
3830,00;0,0772
3829,50;0,0779
3829,00;0,0780
3828,50;0,0777
3828,00;0,0773
3827,50;0,0769
3827,00;0,0766
3826,50;0,0764
3826,00;0,0765
3825,50;0,0767
3825,00;0,0768
3824,50;0,0769
3824,00;0,0771
3823,50;0,0775
3823,00;0,0781
3822,50;0,0788
3822,00;0,0792
3821,50;0,0793
3821,00;0,0792
3820,50;0,0791
3820,00;0,0790
3819,50;0,0788
3819,00;0,0784
3818,50;0,0778
3818,00;0,0773
3817,50;0,0770
3817,00;0,0770
3816,50;0,0772
3816,00;0,0778
3815,50;0,0786
3815,00;0,0793
3814,50;0,0793
3814,00;0,0785
3813,50;0,0778
3813,00;0,0775
3812,50;0,0772
3812,00;0,0767
3811,50;0,0759
3811,00;0,0751
3810,50;0,0747
3810,00;0,0749
3809,50;0,0756
3809,00;0,0766
3808,50;0,0776
3808,00;0,0783
3807,50;0,0784
3807,00;0,0780
3806,50;0,0778
3806,00;0,0781
3805,50;0,0784
3805,00;0,0784
3804,50;0,0782
3804,00;0,0780
3803,50;0,0777
3803,00;0,0774
3802,50;0,0771
3802,00;0,0771
3801,50;0,0772
3801,00;0,0773
3800,50;0,0776
3800,00;0,0778
3799,50;0,0777
3799,00;0,0776
3798,50;0,0776
3798,00;0,0776
3797,50;0,0774
3797,00;0,0770
3796,50;0,0765
3796,00;0,0761
3795,50;0,0761
3795,00;0,0763
3794,50;0,0767
3794,00;0,0773
3793,50;0,0780
3793,00;0,0785
3792,50;0,0788
3792,00;0,0786
3791,50;0,0782
3791,00;0,0777
3790,50;0,0771
3790,00;0,0767
3789,50;0,0766
3789,00;0,0766
3788,50;0,0768
3788,00;0,0771
3787,50;0,0772
3787,00;0,0773
3786,50;0,0773
3786,00;0,0773
3785,50;0,0772
3785,00;0,0770
3784,50;0,0769
3784,00;0,0767
3783,50;0,0765
3783,00;0,0763
3782,50;0,0761
3782,00;0,0761
3781,50;0,0762
3781,00;0,0762
3780,50;0,0762
3780,00;0,0761
3779,50;0,0761
3779,00;0,0766
3778,50;0,0774
3778,00;0,0781
3777,50;0,0782
3777,00;0,0777
3776,50;0,0770
3776,00;0,0761
3775,50;0,0753
3775,00;0,0748
3774,50;0,0748
3774,00;0,0753
3773,50;0,0761
3773,00;0,0769
3772,50;0,0774
3772,00;0,0776
3771,50;0,0777
3771,00;0,0776
3770,50;0,0776
3770,00;0,0774
3769,50;0,0771
3769,00;0,0770
3768,50;0,0769
3768,00;0,0769
3767,50;0,0771
3767,00;0,0775
3766,50;0,0778
3766,00;0,0777
3765,50;0,0774
3765,00;0,0771
3764,50;0,0769
3764,00;0,0767
3763,50;0,0765
3763,00;0,0764
3762,50;0,0764
3762,00;0,0765
3761,50;0,0766
3761,00;0,0767
3760,50;0,0766
3760,00;0,0765
3759,50;0,0764
3759,00;0,0765
3758,50;0,0769
3758,00;0,0772
3757,50;0,0772
3757,00;0,0770
3756,50;0,0768
3756,00;0,0766
3755,50;0,0765
3755,00;0,0762
3754,50;0,0759
3754,00;0,0759
3753,50;0,0764
3753,00;0,0772
3752,50;0,0778
3752,00;0,0783
3751,50;0,0789
3751,00;0,0797
3750,50;0,0801
3750,00;0,0799
3749,50;0,0794
3749,00;0,0791
3748,50;0,0792
3748,00;0,0789
3747,50;0,0780
3747,00;0,0772
3746,50;0,0773
3746,00;0,0781
3745,50;0,0792
3745,00;0,0797
3744,50;0,0794
3744,00;0,0793
3743,50;0,0799
3743,00;0,0800
3742,50;0,0795
3742,00;0,0786
3741,50;0,0778
3741,00;0,0770
3740,50;0,0764
3740,00;0,0761
3739,50;0,0761
3739,00;0,0763
3738,50;0,0765
3738,00;0,0769
3737,50;0,0774
3737,00;0,0780
3736,50;0,0788
3736,00;0,0794
3735,50;0,0796
3735,00;0,0792
3734,50;0,0785
3734,00;0,0780
3733,50;0,0780
3733,00;0,0780
3732,50;0,0778
3732,00;0,0774
3731,50;0,0774
3731,00;0,0778
3730,50;0,0782
3730,00;0,0783
3729,50;0,0782
3729,00;0,0779
3728,50;0,0776
3728,00;0,0769
3727,50;0,0760
3727,00;0,0753
3726,50;0,0752
3726,00;0,0759
3725,50;0,0768
3725,00;0,0774
3724,50;0,0776
3724,00;0,0775
3723,50;0,0773
3723,00;0,0772
3722,50;0,0773
3722,00;0,0775
3721,50;0,0781
3721,00;0,0787
3720,50;0,0790
3720,00;0,0789
3719,50;0,0784
3719,00;0,0778
3718,50;0,0773
3718,00;0,0770
3717,50;0,0767
3717,00;0,0765
3716,50;0,0765
3716,00;0,0767
3715,50;0,0772
3715,00;0,0776
3714,50;0,0777
3714,00;0,0777
3713,50;0,0776
3713,00;0,0775
3712,50;0,0774
3712,00;0,0775
3711,50;0,0778
3711,00;0,0784
3710,50;0,0786
3710,00;0,0783
3709,50;0,0779
3709,00;0,0778
3708,50;0,0780
3708,00;0,0781
3707,50;0,0779
3707,00;0,0774
3706,50;0,0769
3706,00;0,0764
3705,50;0,0763
3705,00;0,0765
3704,50;0,0773
3704,00;0,0782
3703,50;0,0790
3703,00;0,0794
3702,50;0,0793
3702,00;0,0790
3701,50;0,0789
3701,00;0,0791
3700,50;0,0793
3700,00;0,0793
3699,50;0,0792
3699,00;0,0790
3698,50;0,0786
3698,00;0,0783
3697,50;0,0779
3697,00;0,0778
3696,50;0,0781
3696,00;0,0786
3695,50;0,0790
3695,00;0,0793
3694,50;0,0794
3694,00;0,0796
3693,50;0,0797
3693,00;0,0797
3692,50;0,0796
3692,00;0,0794
3691,50;0,0792
3691,00;0,0790
3690,50;0,0794
3690,00;0,0803
3689,50;0,0810
3689,00;0,0810
3688,50;0,0805
3688,00;0,0802
3687,50;0,0803
3687,00;0,0803
3686,50;0,0798
3686,00;0,0791
3685,50;0,0784
3685,00;0,0779
3684,50;0,0778
3684,00;0,0779
3683,50;0,0784
3683,00;0,0789
3682,50;0,0792
3682,00;0,0790
3681,50;0,0784
3681,00;0,0778
3680,50;0,0777
3680,00;0,0780
3679,50;0,0782
3679,00;0,0784
3678,50;0,0784
3678,00;0,0782
3677,50;0,0778
3677,00;0,0775
3676,50;0,0775
3676,00;0,0779
3675,50;0,0784
3675,00;0,0789
3674,50;0,0795
3674,00;0,0799
3673,50;0,0799
3673,00;0,0797
3672,50;0,0796
3672,00;0,0795
3671,50;0,0793
3671,00;0,0787
3670,50;0,0784
3670,00;0,0787
3669,50;0,0794
3669,00;0,0800
3668,50;0,0801
3668,00;0,0802
3667,50;0,0803
3667,00;0,0804
3666,50;0,0801
3666,00;0,0797
3665,50;0,0791
3665,00;0,0786
3664,50;0,0781
3664,00;0,0779
3663,50;0,0781
3663,00;0,0784
3662,50;0,0787
3662,00;0,0788
3661,50;0,0788
3661,00;0,0786
3660,50;0,0784
3660,00;0,0784
3659,50;0,0785
3659,00;0,0791
3658,50;0,0798
3658,00;0,0806
3657,50;0,0810
3657,00;0,0809
3656,50;0,0806
3656,00;0,0804
3655,50;0,0804
3655,00;0,0805
3654,50;0,0802
3654,00;0,0799
3653,50;0,0798
3653,00;0,0801
3652,50;0,0807
3652,00;0,0811
3651,50;0,0810
3651,00;0,0806
3650,50;0,0803
3650,00;0,0803
3649,50;0,0806
3649,00;0,0811
3648,50;0,0816
3648,00;0,0820
3647,50;0,0820
3647,00;0,0817
3646,50;0,0814
3646,00;0,0813
3645,50;0,0809
3645,00;0,0803
3644,50;0,0796
3644,00;0,0791
3643,50;0,0789
3643,00;0,0792
3642,50;0,0799
3642,00;0,0806
3641,50;0,0812
3641,00;0,0813
3640,50;0,0809
3640,00;0,0802
3639,50;0,0797
3639,00;0,0797
3638,50;0,0801
3638,00;0,0808
3637,50;0,0813
3637,00;0,0815
3636,50;0,0812
3636,00;0,0809
3635,50;0,0806
3635,00;0,0807
3634,50;0,0809
3634,00;0,0811
3633,50;0,0813
3633,00;0,0816
3632,50;0,0820
3632,00;0,0822
3631,50;0,0823
3631,00;0,0823
3630,50;0,0825
3630,00;0,0828
3629,50;0,0832
3629,00;0,0833
3628,50;0,0832
3628,00;0,0830
3627,50;0,0827
3627,00;0,0823
3626,50;0,0819
3626,00;0,0816
3625,50;0,0813
3625,00;0,0813
3624,50;0,0814
3624,00;0,0816
3623,50;0,0819
3623,00;0,0822
3622,50;0,0824
3622,00;0,0824
3621,50;0,0825
3621,00;0,0827
3620,50;0,0830
3620,00;0,0832
3619,50;0,0834
3619,00;0,0836
3618,50;0,0837
3618,00;0,0836
3617,50;0,0834
3617,00;0,0834
3616,50;0,0838
3616,00;0,0841
3615,50;0,0840
3615,00;0,0835
3614,50;0,0831
3614,00;0,0828
3613,50;0,0829
3613,00;0,0830
3612,50;0,0832
3612,00;0,0835
3611,50;0,0840
3611,00;0,0844
3610,50;0,0847
3610,00;0,0847
3609,50;0,0846
3609,00;0,0844
3608,50;0,0845
3608,00;0,0846
3607,50;0,0847
3607,00;0,0847
3606,50;0,0848
3606,00;0,0851
3605,50;0,0852
3605,00;0,0851
3604,50;0,0849
3604,00;0,0849
3603,50;0,0851
3603,00;0,0852
3602,50;0,0851
3602,00;0,0850
3601,50;0,0848
3601,00;0,0846
3600,50;0,0847
3600,00;0,0849
3599,50;0,0853
3599,00;0,0854
3598,50;0,0852
3598,00;0,0848
3597,50;0,0845
3597,00;0,0846
3596,50;0,0852
3596,00;0,0859
3595,50;0,0864
3595,00;0,0867
3594,50;0,0867
3594,00;0,0865
3593,50;0,0863
3593,00;0,0863
3592,50;0,0864
3592,00;0,0866
3591,50;0,0867
3591,00;0,0868
3590,50;0,0870
3590,00;0,0873
3589,50;0,0876
3589,00;0,0877
3588,50;0,0877
3588,00;0,0877
3587,50;0,0876
3587,00;0,0873
3586,50;0,0871
3586,00;0,0873
3585,50;0,0879
3585,00;0,0884
3584,50;0,0886
3584,00;0,0886
3583,50;0,0884
3583,00;0,0884
3582,50;0,0884
3582,00;0,0885
3581,50;0,0886
3581,00;0,0886
3580,50;0,0882
3580,00;0,0877
3579,50;0,0876
3579,00;0,0882
3578,50;0,0892
3578,00;0,0898
3577,50;0,0898
3577,00;0,0894
3576,50;0,0892
3576,00;0,0893
3575,50;0,0896
3575,00;0,0899
3574,50;0,0901
3574,00;0,0902
3573,50;0,0904
3573,00;0,0905
3572,50;0,0906
3572,00;0,0907
3571,50;0,0908
3571,00;0,0910
3570,50;0,0912
3570,00;0,0914
3569,50;0,0917
3569,00;0,0920
3568,50;0,0921
3568,00;0,0922
3567,50;0,0925
3567,00;0,0928
3566,50;0,0930
3566,00;0,0928
3565,50;0,0927
3565,00;0,0927
3564,50;0,0928
3564,00;0,0929
3563,50;0,0929
3563,00;0,0928
3562,50;0,0927
3562,00;0,0927
3561,50;0,0927
3561,00;0,0928
3560,50;0,0930
3560,00;0,0933
3559,50;0,0936
3559,00;0,0939
3558,50;0,0940
3558,00;0,0941
3557,50;0,0940
3557,00;0,0938
3556,50;0,0936
3556,00;0,0936
3555,50;0,0938
3555,00;0,0941
3554,50;0,0944
3554,00;0,0946
3553,50;0,0948
3553,00;0,0949
3552,50;0,0950
3552,00;0,0951
3551,50;0,0952
3551,00;0,0954
3550,50;0,0956
3550,00;0,0957
3549,50;0,0959
3549,00;0,0962
3548,50;0,0965
3548,00;0,0967
3547,50;0,0968
3547,00;0,0969
3546,50;0,0970
3546,00;0,0971
3545,50;0,0971
3545,00;0,0972
3544,50;0,0975
3544,00;0,0979
3543,50;0,0982
3543,00;0,0982
3542,50;0,0980
3542,00;0,0978
3541,50;0,0978
3541,00;0,0980
3540,50;0,0983
3540,00;0,0986
3539,50;0,0989
3539,00;0,0991
3538,50;0,0992
3538,00;0,0992
3537,50;0,0991
3537,00;0,0989
3536,50;0,0989
3536,00;0,0991
3535,50;0,0994
3535,00;0,0998
3534,50;0,1000
3534,00;0,1000
3533,50;0,1000
3533,00;0,1003
3532,50;0,1007
3532,00;0,1010
3531,50;0,1011
3531,00;0,1010
3530,50;0,1009
3530,00;0,1010
3529,50;0,1012
3529,00;0,1016
3528,50;0,1019
3528,00;0,1022
3527,50;0,1023
3527,00;0,1023
3526,50;0,1023
3526,00;0,1023
3525,50;0,1024
3525,00;0,1026
3524,50;0,1029
3524,00;0,1031
3523,50;0,1033
3523,00;0,1035
3522,50;0,1037
3522,00;0,1039
3521,50;0,1043
3521,00;0,1047
3520,50;0,1050
3520,00;0,1053
3519,50;0,1054
3519,00;0,1056
3518,50;0,1057
3518,00;0,1058
3517,50;0,1057
3517,00;0,1057
3516,50;0,1059
3516,00;0,1063
3515,50;0,1067
3515,00;0,1069
3514,50;0,1071
3514,00;0,1072
3513,50;0,1074
3513,00;0,1076
3512,50;0,1079
3512,00;0,1080
3511,50;0,1081
3511,00;0,1081
3510,50;0,1082
3510,00;0,1084
3509,50;0,1086
3509,00;0,1087
3508,50;0,1089
3508,00;0,1091
3507,50;0,1094
3507,00;0,1097
3506,50;0,1101
3506,00;0,1106
3505,50;0,1109
3505,00;0,1112
3504,50;0,1114
3504,00;0,1115
3503,50;0,1115
3503,00;0,1116
3502,50;0,1119
3502,00;0,1124
3501,50;0,1129
3501,00;0,1133
3500,50;0,1134
3500,00;0,1135
3499,50;0,1136
3499,00;0,1137
3498,50;0,1139
3498,00;0,1140
3497,50;0,1141
3497,00;0,1144
3496,50;0,1149
3496,00;0,1154
3495,50;0,1158
3495,00;0,1162
3494,50;0,1165
3494,00;0,1167
3493,50;0,1169
3493,00;0,1171
3492,50;0,1173
3492,00;0,1174
3491,50;0,1176
3491,00;0,1178
3490,50;0,1181
3490,00;0,1185
3489,50;0,1189
3489,00;0,1192
3488,50;0,1194
3488,00;0,1195
3487,50;0,1197
3487,00;0,1200
3486,50;0,1204
3486,00;0,1207
3485,50;0,1210
3485,00;0,1212
3484,50;0,1214
3484,00;0,1217
3483,50;0,1219
3483,00;0,1220
3482,50;0,1222
3482,00;0,1225
3481,50;0,1230
3481,00;0,1235
3480,50;0,1239
3480,00;0,1243
3479,50;0,1246
3479,00;0,1250
3478,50;0,1254
3478,00;0,1257
3477,50;0,1259
3477,00;0,1261
3476,50;0,1263
3476,00;0,1265
3475,50;0,1267
3475,00;0,1272
3474,50;0,1279
3474,00;0,1286
3473,50;0,1291
3473,00;0,1294
3472,50;0,1294
3472,00;0,1295
3471,50;0,1296
3471,00;0,1299
3470,50;0,1305
3470,00;0,1312
3469,50;0,1317
3469,00;0,1320
3468,50;0,1321
3468,00;0,1323
3467,50;0,1327
3467,00;0,1334
3466,50;0,1343
3466,00;0,1351
3465,50;0,1357
3465,00;0,1361
3464,50;0,1363
3464,00;0,1365
3463,50;0,1368
3463,00;0,1370
3462,50;0,1373
3462,00;0,1375
3461,50;0,1379
3461,00;0,1383
3460,50;0,1388
3460,00;0,1393
3459,50;0,1399
3459,00;0,1406
3458,50;0,1413
3458,00;0,1419
3457,50;0,1423
3457,00;0,1426
3456,50;0,1428
3456,00;0,1431
3455,50;0,1437
3455,00;0,1444
3454,50;0,1452
3454,00;0,1459
3453,50;0,1466
3453,00;0,1472
3452,50;0,1478
3452,00;0,1482
3451,50;0,1485
3451,00;0,1488
3450,50;0,1493
3450,00;0,1501
3449,50;0,1509
3449,00;0,1517
3448,50;0,1524
3448,00;0,1529
3447,50;0,1533
3447,00;0,1537
3446,50;0,1543
3446,00;0,1550
3445,50;0,1558
3445,00;0,1566
3444,50;0,1573
3444,00;0,1579
3443,50;0,1585
3443,00;0,1591
3442,50;0,1598
3442,00;0,1606
3441,50;0,1613
3441,00;0,1620
3440,50;0,1625
3440,00;0,1631
3439,50;0,1637
3439,00;0,1642
3438,50;0,1647
3438,00;0,1650
3437,50;0,1654
3437,00;0,1659
3436,50;0,1668
3436,00;0,1679
3435,50;0,1690
3435,00;0,1699
3434,50;0,1705
3434,00;0,1711
3433,50;0,1717
3433,00;0,1724
3432,50;0,1734
3432,00;0,1743
3431,50;0,1750
3431,00;0,1756
3430,50;0,1760
3430,00;0,1765
3429,50;0,1771
3429,00;0,1778
3428,50;0,1787
3428,00;0,1795
3427,50;0,1801
3427,00;0,1805
3426,50;0,1809
3426,00;0,1815
3425,50;0,1823
3425,00;0,1833
3424,50;0,1843
3424,00;0,1852
3423,50;0,1859
3423,00;0,1866
3422,50;0,1873
3422,00;0,1882
3421,50;0,1892
3421,00;0,1902
3420,50;0,1911
3420,00;0,1917
3419,50;0,1922
3419,00;0,1927
3418,50;0,1934
3418,00;0,1943
3417,50;0,1953
3417,00;0,1962
3416,50;0,1970
3416,00;0,1977
3415,50;0,1982
3415,00;0,1987
3414,50;0,1993
3414,00;0,1999
3413,50;0,2006
3413,00;0,2013
3412,50;0,2021
3412,00;0,2029
3411,50;0,2038
3411,00;0,2047
3410,50;0,2056
3410,00;0,2063
3409,50;0,2069
3409,00;0,2074
3408,50;0,2079
3408,00;0,2087
3407,50;0,2098
3407,00;0,2109
3406,50;0,2120
3406,00;0,2128
3405,50;0,2132
3405,00;0,2135
3404,50;0,2139
3404,00;0,2146
3403,50;0,2154
3403,00;0,2163
3402,50;0,2172
3402,00;0,2179
3401,50;0,2187
3401,00;0,2194
3400,50;0,2201
3400,00;0,2206
3399,50;0,2210
3399,00;0,2216
3398,50;0,2223
3398,00;0,2230
3397,50;0,2238
3397,00;0,2245
3396,50;0,2253
3396,00;0,2262
3395,50;0,2270
3395,00;0,2277
3394,50;0,2282
3394,00;0,2287
3393,50;0,2293
3393,00;0,2299
3392,50;0,2305
3392,00;0,2310
3391,50;0,2314
3391,00;0,2321
3390,50;0,2330
3390,00;0,2341
3389,50;0,2350
3389,00;0,2355
3388,50;0,2358
3388,00;0,2361
3387,50;0,2366
3387,00;0,2373
3386,50;0,2381
3386,00;0,2388
3385,50;0,2392
3385,00;0,2395
3384,50;0,2398
3384,00;0,2402
3383,50;0,2410
3383,00;0,2419
3382,50;0,2426
3382,00;0,2430
3381,50;0,2433
3381,00;0,2436
3380,50;0,2440
3380,00;0,2446
3379,50;0,2453
3379,00;0,2459
3378,50;0,2464
3378,00;0,2467
3377,50;0,2469
3377,00;0,2472
3376,50;0,2478
3376,00;0,2486
3375,50;0,2494
3375,00;0,2499
3374,50;0,2503
3374,00;0,2507
3373,50;0,2511
3373,00;0,2515
3372,50;0,2518
3372,00;0,2520
3371,50;0,2523
3371,00;0,2528
3370,50;0,2533
3370,00;0,2538
3369,50;0,2544
3369,00;0,2549
3368,50;0,2554
3368,00;0,2558
3367,50;0,2562
3367,00;0,2566
3366,50;0,2570
3366,00;0,2575
3365,50;0,2580
3365,00;0,2587
3364,50;0,2593
3364,00;0,2599
3363,50;0,2604
3363,00;0,2608
3362,50;0,2611
3362,00;0,2613
3361,50;0,2614
3361,00;0,2615
3360,50;0,2616
3360,00;0,2619
3359,50;0,2622
3359,00;0,2626
3358,50;0,2628
3358,00;0,2630
3357,50;0,2633
3357,00;0,2637
3356,50;0,2642
3356,00;0,2649
3355,50;0,2654
3355,00;0,2659
3354,50;0,2662
3354,00;0,2665
3353,50;0,2667
3353,00;0,2670
3352,50;0,2674
3352,00;0,2678
3351,50;0,2683
3351,00;0,2686
3350,50;0,2687
3350,00;0,2686
3349,50;0,2686
3349,00;0,2688
3348,50;0,2693
3348,00;0,2697
3347,50;0,2702
3347,00;0,2708
3346,50;0,2715
3346,00;0,2722
3345,50;0,2728
3345,00;0,2734
3344,50;0,2739
3344,00;0,2743
3343,50;0,2745
3343,00;0,2746
3342,50;0,2747
3342,00;0,2748
3341,50;0,2749
3341,00;0,2752
3340,50;0,2756
3340,00;0,2761
3339,50;0,2767
3339,00;0,2773
3338,50;0,2781
3338,00;0,2788
3337,50;0,2792
3337,00;0,2794
3336,50;0,2794
3336,00;0,2796
3335,50;0,2800
3335,00;0,2806
3334,50;0,2812
3334,00;0,2817
3333,50;0,2821
3333,00;0,2825
3332,50;0,2827
3332,00;0,2829
3331,50;0,2833
3331,00;0,2838
3330,50;0,2845
3330,00;0,2852
3329,50;0,2858
3329,00;0,2864
3328,50;0,2870
3328,00;0,2874
3327,50;0,2878
3327,00;0,2881
3326,50;0,2885
3326,00;0,2890
3325,50;0,2895
3325,00;0,2900
3324,50;0,2905
3324,00;0,2911
3323,50;0,2917
3323,00;0,2923
3322,50;0,2926
3322,00;0,2928
3321,50;0,2930
3321,00;0,2936
3320,50;0,2945
3320,00;0,2957
3319,50;0,2969
3319,00;0,2978
3318,50;0,2984
3318,00;0,2988
3317,50;0,2991
3317,00;0,2994
3316,50;0,2998
3316,00;0,3003
3315,50;0,3009
3315,00;0,3015
3314,50;0,3021
3314,00;0,3026
3313,50;0,3031
3313,00;0,3037
3312,50;0,3044
3312,00;0,3052
3311,50;0,3059
3311,00;0,3065
3310,50;0,3069
3310,00;0,3072
3309,50;0,3076
3309,00;0,3082
3308,50;0,3089
3308,00;0,3097
3307,50;0,3104
3307,00;0,3110
3306,50;0,3117
3306,00;0,3125
3305,50;0,3132
3305,00;0,3139
3304,50;0,3146
3304,00;0,3153
3303,50;0,3163
3303,00;0,3174
3302,50;0,3187
3302,00;0,3198
3301,50;0,3209
3301,00;0,3218
3300,50;0,3224
3300,00;0,3230
3299,50;0,3237
3299,00;0,3246
3298,50;0,3259
3298,00;0,3273
3297,50;0,3288
3297,00;0,3300
3296,50;0,3310
3296,00;0,3319
3295,50;0,3328
3295,00;0,3337
3294,50;0,3347
3294,00;0,3359
3293,50;0,3372
3293,00;0,3382
3292,50;0,3389
3292,00;0,3393
3291,50;0,3398
3291,00;0,3404
3290,50;0,3410
3290,00;0,3418
3289,50;0,3427
3289,00;0,3436
3288,50;0,3444
3288,00;0,3454
3287,50;0,3464
3287,00;0,3474
3286,50;0,3482
3286,00;0,3489
3285,50;0,3496
3285,00;0,3505
3284,50;0,3516
3284,00;0,3527
3283,50;0,3536
3283,00;0,3542
3282,50;0,3548
3282,00;0,3555
3281,50;0,3565
3281,00;0,3579
3280,50;0,3594
3280,00;0,3607
3279,50;0,3619
3279,00;0,3628
3278,50;0,3637
3278,00;0,3649
3277,50;0,3664
3277,00;0,3683
3276,50;0,3700
3276,00;0,3713
3275,50;0,3721
3275,00;0,3728
3274,50;0,3737
3274,00;0,3748
3273,50;0,3760
3273,00;0,3773
3272,50;0,3787
3272,00;0,3802
3271,50;0,3819
3271,00;0,3835
3270,50;0,3849
3270,00;0,3861
3269,50;0,3871
3269,00;0,3879
3268,50;0,3889
3268,00;0,3900
3267,50;0,3913
3267,00;0,3927
3266,50;0,3943
3266,00;0,3957
3265,50;0,3971
3265,00;0,3984
3264,50;0,3997
3264,00;0,4011
3263,50;0,4025
3263,00;0,4040
3262,50;0,4055
3262,00;0,4069
3261,50;0,4081
3261,00;0,4090
3260,50;0,4099
3260,00;0,4111
3259,50;0,4124
3259,00;0,4138
3258,50;0,4150
3258,00;0,4161
3257,50;0,4171
3257,00;0,4183
3256,50;0,4199
3256,00;0,4217
3255,50;0,4236
3255,00;0,4251
3254,50;0,4261
3254,00;0,4269
3253,50;0,4278
3253,00;0,4290
3252,50;0,4305
3252,00;0,4320
3251,50;0,4333
3251,00;0,4345
3250,50;0,4355
3250,00;0,4365
3249,50;0,4374
3249,00;0,4383
3248,50;0,4392
3248,00;0,4401
3247,50;0,4408
3247,00;0,4413
3246,50;0,4417
3246,00;0,4423
3245,50;0,4432
3245,00;0,4442
3244,50;0,4450
3244,00;0,4455
3243,50;0,4455
3243,00;0,4455
3242,50;0,4457
3242,00;0,4464
3241,50;0,4474
3241,00;0,4481
3240,50;0,4484
3240,00;0,4483
3239,50;0,4484
3239,00;0,4486
3238,50;0,4490
3238,00;0,4492
3237,50;0,4493
3237,00;0,4494
3236,50;0,4494
3236,00;0,4494
3235,50;0,4490
3235,00;0,4486
3234,50;0,4483
3234,00;0,4484
3233,50;0,4488
3233,00;0,4490
3232,50;0,4485
3232,00;0,4474
3231,50;0,4463
3231,00;0,4454
3230,50;0,4448
3230,00;0,4443
3229,50;0,4438
3229,00;0,4433
3228,50;0,4428
3228,00;0,4423
3227,50;0,4418
3227,00;0,4411
3226,50;0,4402
3226,00;0,4393
3225,50;0,4383
3225,00;0,4376
3224,50;0,4370
3224,00;0,4364
3223,50;0,4356
3223,00;0,4346
3222,50;0,4336
3222,00;0,4328
3221,50;0,4323
3221,00;0,4321
3220,50;0,4318
3220,00;0,4312
3219,50;0,4304
3219,00;0,4296
3218,50;0,4288
3218,00;0,4282
3217,50;0,4275
3217,00;0,4268
3216,50;0,4260
3216,00;0,4253
3215,50;0,4246
3215,00;0,4239
3214,50;0,4234
3214,00;0,4231
3213,50;0,4227
3213,00;0,4221
3212,50;0,4212
3212,00;0,4203
3211,50;0,4195
3211,00;0,4189
3210,50;0,4183
3210,00;0,4177
3209,50;0,4168
3209,00;0,4156
3208,50;0,4144
3208,00;0,4133
3207,50;0,4127
3207,00;0,4123
3206,50;0,4119
3206,00;0,4113
3205,50;0,4107
3205,00;0,4102
3204,50;0,4099
3204,00;0,4096
3203,50;0,4091
3203,00;0,4084
3202,50;0,4077
3202,00;0,4069
3201,50;0,4061
3201,00;0,4055
3200,50;0,4050
3200,00;0,4047
3199,50;0,4044
3199,00;0,4040
3198,50;0,4034
3198,00;0,4027
3197,50;0,4017
3197,00;0,4008
3196,50;0,4001
3196,00;0,3996
3195,50;0,3993
3195,00;0,3991
3194,50;0,3987
3194,00;0,3981
3193,50;0,3972
3193,00;0,3964
3192,50;0,3958
3192,00;0,3952
3191,50;0,3945
3191,00;0,3938
3190,50;0,3931
3190,00;0,3926
3189,50;0,3922
3189,00;0,3919
3188,50;0,3918
3188,00;0,3919
3187,50;0,3919
3187,00;0,3915
3186,50;0,3907
3186,00;0,3900
3185,50;0,3895
3185,00;0,3892
3184,50;0,3890
3184,00;0,3887
3183,50;0,3880
3183,00;0,3873
3182,50;0,3866
3182,00;0,3862
3181,50;0,3858
3181,00;0,3854
3180,50;0,3850
3180,00;0,3845
3179,50;0,3842
3179,00;0,3841
3178,50;0,3838
3178,00;0,3833
3177,50;0,3828
3177,00;0,3823
3176,50;0,3819
3176,00;0,3817
3175,50;0,3816
3175,00;0,3813
3174,50;0,3808
3174,00;0,3802
3173,50;0,3797
3173,00;0,3794
3172,50;0,3791
3172,00;0,3788
3171,50;0,3784
3171,00;0,3780
3170,50;0,3778
3170,00;0,3777
3169,50;0,3777
3169,00;0,3775
3168,50;0,3773
3168,00;0,3769
3167,50;0,3764
3167,00;0,3757
3166,50;0,3751
3166,00;0,3746
3165,50;0,3744
3165,00;0,3745
3164,50;0,3746
3164,00;0,3745
3163,50;0,3741
3163,00;0,3734
3162,50;0,3728
3162,00;0,3724
3161,50;0,3724
3161,00;0,3724
3160,50;0,3721
3160,00;0,3717
3159,50;0,3712
3159,00;0,3709
3158,50;0,3705
3158,00;0,3701
3157,50;0,3698
3157,00;0,3695
3156,50;0,3691
3156,00;0,3685
3155,50;0,3678
3155,00;0,3672
3154,50;0,3668
3154,00;0,3665
3153,50;0,3662
3153,00;0,3658
3152,50;0,3654
3152,00;0,3650
3151,50;0,3648
3151,00;0,3646
3150,50;0,3641
3150,00;0,3633
3149,50;0,3625
3149,00;0,3619
3148,50;0,3614
3148,00;0,3608
3147,50;0,3603
3147,00;0,3598
3146,50;0,3595
3146,00;0,3591
3145,50;0,3585
3145,00;0,3580
3144,50;0,3574
3144,00;0,3569
3143,50;0,3562
3143,00;0,3555
3142,50;0,3547
3142,00;0,3539
3141,50;0,3532
3141,00;0,3525
3140,50;0,3518
3140,00;0,3510
3139,50;0,3502
3139,00;0,3496
3138,50;0,3489
3138,00;0,3484
3137,50;0,3479
3137,00;0,3476
3136,50;0,3471
3136,00;0,3465
3135,50;0,3455
3135,00;0,3443
3134,50;0,3432
3134,00;0,3421
3133,50;0,3411
3133,00;0,3404
3132,50;0,3398
3132,00;0,3393
3131,50;0,3385
3131,00;0,3374
3130,50;0,3363
3130,00;0,3353
3129,50;0,3344
3129,00;0,3334
3128,50;0,3324
3128,00;0,3312
3127,50;0,3300
3127,00;0,3289
3126,50;0,3277
3126,00;0,3267
3125,50;0,3260
3125,00;0,3254
3124,50;0,3249
3124,00;0,3243
3123,50;0,3234
3123,00;0,3223
3122,50;0,3211
3122,00;0,3199
3121,50;0,3188
3121,00;0,3178
3120,50;0,3167
3120,00;0,3154
3119,50;0,3140
3119,00;0,3128
3118,50;0,3117
3118,00;0,3107
3117,50;0,3098
3117,00;0,3089
3116,50;0,3078
3116,00;0,3065
3115,50;0,3051
3115,00;0,3038
3114,50;0,3026
3114,00;0,3016
3113,50;0,3007
3113,00;0,2998
3112,50;0,2989
3112,00;0,2980
3111,50;0,2969
3111,00;0,2956
3110,50;0,2941
3110,00;0,2926
3109,50;0,2912
3109,00;0,2901
3108,50;0,2893
3108,00;0,2886
3107,50;0,2876
3107,00;0,2862
3106,50;0,2845
3106,00;0,2830
3105,50;0,2819
3105,00;0,2808
3104,50;0,2797
3104,00;0,2783
3103,50;0,2769
3103,00;0,2758
3102,50;0,2748
3102,00;0,2738
3101,50;0,2727
3101,00;0,2714
3100,50;0,2700
3100,00;0,2687
3099,50;0,2675
3099,00;0,2665
3098,50;0,2655
3098,00;0,2644
3097,50;0,2633
3097,00;0,2621
3096,50;0,2609
3096,00;0,2597
3095,50;0,2585
3095,00;0,2574
3094,50;0,2562
3094,00;0,2552
3093,50;0,2542
3093,00;0,2532
3092,50;0,2521
3092,00;0,2509
3091,50;0,2498
3091,00;0,2487
3090,50;0,2477
3090,00;0,2468
3089,50;0,2457
3089,00;0,2447
3088,50;0,2437
3088,00;0,2426
3087,50;0,2415
3087,00;0,2402
3086,50;0,2389
3086,00;0,2377
3085,50;0,2366
3085,00;0,2356
3084,50;0,2346
3084,00;0,2336
3083,50;0,2326
3083,00;0,2317
3082,50;0,2308
3082,00;0,2299
3081,50;0,2288
3081,00;0,2276
3080,50;0,2265
3080,00;0,2255
3079,50;0,2246
3079,00;0,2237
3078,50;0,2227
3078,00;0,2217
3077,50;0,2205
3077,00;0,2193
3076,50;0,2181
3076,00;0,2170
3075,50;0,2160
3075,00;0,2152
3074,50;0,2144
3074,00;0,2137
3073,50;0,2129
3073,00;0,2120
3072,50;0,2110
3072,00;0,2099
3071,50;0,2091
3071,00;0,2084
3070,50;0,2078
3070,00;0,2072
3069,50;0,2065
3069,00;0,2058
3068,50;0,2051
3068,00;0,2042
3067,50;0,2030
3067,00;0,2017
3066,50;0,2004
3066,00;0,1996
3065,50;0,1990
3065,00;0,1986
3064,50;0,1979
3064,00;0,1972
3063,50;0,1965
3063,00;0,1958
3062,50;0,1951
3062,00;0,1943
3061,50;0,1933
3061,00;0,1923
3060,50;0,1914
3060,00;0,1906
3059,50;0,1899
3059,00;0,1893
3058,50;0,1887
3058,00;0,1880
3057,50;0,1872
3057,00;0,1865
3056,50;0,1858
3056,00;0,1852
3055,50;0,1846
3055,00;0,1840
3054,50;0,1832
3054,00;0,1824
3053,50;0,1816
3053,00;0,1809
3052,50;0,1802
3052,00;0,1795
3051,50;0,1787
3051,00;0,1780
3050,50;0,1773
3050,00;0,1767
3049,50;0,1761
3049,00;0,1756
3048,50;0,1750
3048,00;0,1744
3047,50;0,1738
3047,00;0,1733
3046,50;0,1728
3046,00;0,1723
3045,50;0,1717
3045,00;0,1711
3044,50;0,1705
3044,00;0,1698
3043,50;0,1691
3043,00;0,1684
3042,50;0,1678
3042,00;0,1673
3041,50;0,1668
3041,00;0,1662
3040,50;0,1658
3040,00;0,1654
3039,50;0,1651
3039,00;0,1647
3038,50;0,1642
3038,00;0,1636
3037,50;0,1631
3037,00;0,1627
3036,50;0,1623
3036,00;0,1618
3035,50;0,1613
3035,00;0,1606
3034,50;0,1600
3034,00;0,1594
3033,50;0,1588
3033,00;0,1583
3032,50;0,1578
3032,00;0,1573
3031,50;0,1569
3031,00;0,1565
3030,50;0,1560
3030,00;0,1557
3029,50;0,1553
3029,00;0,1549
3028,50;0,1545
3028,00;0,1540
3027,50;0,1535
3027,00;0,1532
3026,50;0,1528
3026,00;0,1525
3025,50;0,1521
3025,00;0,1517
3024,50;0,1514
3024,00;0,1510
3023,50;0,1506
3023,00;0,1501
3022,50;0,1497
3022,00;0,1494
3021,50;0,1490
3021,00;0,1486
3020,50;0,1483
3020,00;0,1481
3019,50;0,1479
3019,00;0,1475
3018,50;0,1471
3018,00;0,1466
3017,50;0,1462
3017,00;0,1460
3016,50;0,1458
3016,00;0,1454
3015,50;0,1449
3015,00;0,1443
3014,50;0,1439
3014,00;0,1436
3013,50;0,1432
3013,00;0,1428
3012,50;0,1425
3012,00;0,1422
3011,50;0,1420
3011,00;0,1420
3010,50;0,1419
3010,00;0,1418
3009,50;0,1415
3009,00;0,1412
3008,50;0,1407
3008,00;0,1401
3007,50;0,1395
3007,00;0,1392
3006,50;0,1389
3006,00;0,1386
3005,50;0,1382
3005,00;0,1379
3004,50;0,1376
3004,00;0,1373
3003,50;0,1370
3003,00;0,1368
3002,50;0,1366
3002,00;0,1364
3001,50;0,1361
3001,00;0,1358
3000,50;0,1355
3000,00;0,1353
2999,50;0,1352
2999,00;0,1350
2998,50;0,1349
2998,00;0,1345
2997,50;0,1340
2997,00;0,1333
2996,50;0,1327
2996,00;0,1324
2995,50;0,1323
2995,00;0,1323
2994,50;0,1323
2994,00;0,1322
2993,50;0,1319
2993,00;0,1316
2992,50;0,1313
2992,00;0,1311
2991,50;0,1310
2991,00;0,1308
2990,50;0,1306
2990,00;0,1303
2989,50;0,1301
2989,00;0,1299
2988,50;0,1296
2988,00;0,1292
2987,50;0,1287
2987,00;0,1283
2986,50;0,1281
2986,00;0,1280
2985,50;0,1280
2985,00;0,1278
2984,50;0,1276
2984,00;0,1274
2983,50;0,1272
2983,00;0,1269
2982,50;0,1266
2982,00;0,1264
2981,50;0,1262
2981,00;0,1259
2980,50;0,1257
2980,00;0,1257
2979,50;0,1257
2979,00;0,1256
2978,50;0,1253
2978,00;0,1248
2977,50;0,1244
2977,00;0,1241
2976,50;0,1238
2976,00;0,1237
2975,50;0,1235
2975,00;0,1233
2974,50;0,1229
2974,00;0,1226
2973,50;0,1223
2973,00;0,1220
2972,50;0,1218
2972,00;0,1217
2971,50;0,1217
2971,00;0,1217
2970,50;0,1215
2970,00;0,1213
2969,50;0,1211
2969,00;0,1209
2968,50;0,1208
2968,00;0,1206
2967,50;0,1205
2967,00;0,1203
2966,50;0,1202
2966,00;0,1200
2965,50;0,1198
2965,00;0,1195
2964,50;0,1191
2964,00;0,1188
2963,50;0,1187
2963,00;0,1186
2962,50;0,1186
2962,00;0,1184
2961,50;0,1182
2961,00;0,1178
2960,50;0,1175
2960,00;0,1173
2959,50;0,1172
2959,00;0,1171
2958,50;0,1170
2958,00;0,1169
2957,50;0,1165
2957,00;0,1160
2956,50;0,1156
2956,00;0,1153
2955,50;0,1151
2955,00;0,1150
2954,50;0,1147
2954,00;0,1144
2953,50;0,1142
2953,00;0,1140
2952,50;0,1139
2952,00;0,1137
2951,50;0,1135
2951,00;0,1132
2950,50;0,1130
2950,00;0,1128
2949,50;0,1127
2949,00;0,1126
2948,50;0,1123
2948,00;0,1120
2947,50;0,1116
2947,00;0,1114
2946,50;0,1113
2946,00;0,1112
2945,50;0,1111
2945,00;0,1109
2944,50;0,1108
2944,00;0,1108
2943,50;0,1108
2943,00;0,1109
2942,50;0,1108
2942,00;0,1106
2941,50;0,1104
2941,00;0,1102
2940,50;0,1101
2940,00;0,1100
2939,50;0,1098
2939,00;0,1098
2938,50;0,1099
2938,00;0,1102
2937,50;0,1102
2937,00;0,1101
2936,50;0,1097
2936,00;0,1094
2935,50;0,1091
2935,00;0,1088
2934,50;0,1087
2934,00;0,1087
2933,50;0,1088
2933,00;0,1089
2932,50;0,1090
2932,00;0,1090
2931,50;0,1088
2931,00;0,1085
2930,50;0,1081
2930,00;0,1077
2929,50;0,1076
2929,00;0,1076
2928,50;0,1076
2928,00;0,1075
2927,50;0,1073
2927,00;0,1070
2926,50;0,1068
2926,00;0,1067
2925,50;0,1067
2925,00;0,1065
2924,50;0,1062
2924,00;0,1059
2923,50;0,1055
2923,00;0,1053
2922,50;0,1052
2922,00;0,1052
2921,50;0,1052
2921,00;0,1052
2920,50;0,1051
2920,00;0,1049
2919,50;0,1049
2919,00;0,1049
2918,50;0,1051
2918,00;0,1053
2917,50;0,1056
2917,00;0,1058
2916,50;0,1060
2916,00;0,1062
2915,50;0,1064
2915,00;0,1064
2914,50;0,1063
2914,00;0,1062
2913,50;0,1059
2913,00;0,1057
2912,50;0,1054
2912,00;0,1051
2911,50;0,1049
2911,00;0,1046
2910,50;0,1044
2910,00;0,1042
2909,50;0,1039
2909,00;0,1035
2908,50;0,1032
2908,00;0,1029
2907,50;0,1028
2907,00;0,1028
2906,50;0,1028
2906,00;0,1028
2905,50;0,1025
2905,00;0,1022
2904,50;0,1020
2904,00;0,1019
2903,50;0,1020
2903,00;0,1021
2902,50;0,1023
2902,00;0,1024
2901,50;0,1023
2901,00;0,1021
2900,50;0,1019
2900,00;0,1017
2899,50;0,1015
2899,00;0,1013
2898,50;0,1010
2898,00;0,1009
2897,50;0,1009
2897,00;0,1009
2896,50;0,1009
2896,00;0,1009
2895,50;0,1009
2895,00;0,1009
2894,50;0,1008
2894,00;0,1008
2893,50;0,1006
2893,00;0,1004
2892,50;0,1002
2892,00;0,1000
2891,50;0,1000
2891,00;0,1000
2890,50;0,0999
2890,00;0,0998
2889,50;0,0997
2889,00;0,0996
2888,50;0,0994
2888,00;0,0992
2887,50;0,0990
2887,00;0,0989
2886,50;0,0988
2886,00;0,0989
2885,50;0,0989
2885,00;0,0990
2884,50;0,0992
2884,00;0,0992
2883,50;0,0993
2883,00;0,0993
2882,50;0,0992
2882,00;0,0989
2881,50;0,0986
2881,00;0,0984
2880,50;0,0983
2880,00;0,0983
2879,50;0,0983
2879,00;0,0981
2878,50;0,0979
2878,00;0,0977
2877,50;0,0976
2877,00;0,0975
2876,50;0,0974
2876,00;0,0974
2875,50;0,0973
2875,00;0,0973
2874,50;0,0973
2874,00;0,0972
2873,50;0,0971
2873,00;0,0970
2872,50;0,0969
2872,00;0,0969
2871,50;0,0969
2871,00;0,0969
2870,50;0,0969
2870,00;0,0967
2869,50;0,0964
2869,00;0,0962
2868,50;0,0960
2868,00;0,0959
2867,50;0,0960
2867,00;0,0961
2866,50;0,0962
2866,00;0,0963
2865,50;0,0963
2865,00;0,0962
2864,50;0,0961
2864,00;0,0960
2863,50;0,0959
2863,00;0,0958
2862,50;0,0958
2862,00;0,0957
2861,50;0,0956
2861,00;0,0956
2860,50;0,0956
2860,00;0,0956
2859,50;0,0956
2859,00;0,0955
2858,50;0,0954
2858,00;0,0951
2857,50;0,0948
2857,00;0,0946
2856,50;0,0945
2856,00;0,0946
2855,50;0,0946
2855,00;0,0945
2854,50;0,0944
2854,00;0,0942
2853,50;0,0941
2853,00;0,0941
2852,50;0,0941
2852,00;0,0941
2851,50;0,0941
2851,00;0,0941
2850,50;0,0943
2850,00;0,0946
2849,50;0,0950
2849,00;0,0954
2848,50;0,0957
2848,00;0,0959
2847,50;0,0959
2847,00;0,0957
2846,50;0,0955
2846,00;0,0952
2845,50;0,0950
2845,00;0,0949
2844,50;0,0947
2844,00;0,0945
2843,50;0,0943
2843,00;0,0942
2842,50;0,0940
2842,00;0,0939
2841,50;0,0937
2841,00;0,0936
2840,50;0,0935
2840,00;0,0934
2839,50;0,0932
2839,00;0,0931
2838,50;0,0931
2838,00;0,0933
2837,50;0,0935
2837,00;0,0938
2836,50;0,0939
2836,00;0,0938
2835,50;0,0935
2835,00;0,0933
2834,50;0,0931
2834,00;0,0931
2833,50;0,0931
2833,00;0,0931
2832,50;0,0930
2832,00;0,0929
2831,50;0,0928
2831,00;0,0927
2830,50;0,0927
2830,00;0,0928
2829,50;0,0928
2829,00;0,0928
2828,50;0,0928
2828,00;0,0928
2827,50;0,0927
2827,00;0,0927
2826,50;0,0926
2826,00;0,0926
2825,50;0,0926
2825,00;0,0925
2824,50;0,0925
2824,00;0,0924
2823,50;0,0924
2823,00;0,0924
2822,50;0,0923
2822,00;0,0922
2821,50;0,0921
2821,00;0,0920
2820,50;0,0920
2820,00;0,0921
2819,50;0,0921
2819,00;0,0921
2818,50;0,0921
2818,00;0,0921
2817,50;0,0921
2817,00;0,0921
2816,50;0,0920
2816,00;0,0918
2815,50;0,0916
2815,00;0,0915
2814,50;0,0915
2814,00;0,0915
2813,50;0,0915
2813,00;0,0916
2812,50;0,0917
2812,00;0,0917
2811,50;0,0916
2811,00;0,0915
2810,50;0,0914
2810,00;0,0915
2809,50;0,0916
2809,00;0,0917
2808,50;0,0917
2808,00;0,0916
2807,50;0,0916
2807,00;0,0915
2806,50;0,0915
2806,00;0,0914
2805,50;0,0912
2805,00;0,0911
2804,50;0,0910
2804,00;0,0911
2803,50;0,0911
2803,00;0,0913
2802,50;0,0914
2802,00;0,0915
2801,50;0,0915
2801,00;0,0913
2800,50;0,0910
2800,00;0,0908
2799,50;0,0907
2799,00;0,0907
2798,50;0,0907
2798,00;0,0907
2797,50;0,0908
2797,00;0,0908
2796,50;0,0908
2796,00;0,0908
2795,50;0,0909
2795,00;0,0910
2794,50;0,0910
2794,00;0,0909
2793,50;0,0908
2793,00;0,0906
2792,50;0,0906
2792,00;0,0906
2791,50;0,0907
2791,00;0,0907
2790,50;0,0906
2790,00;0,0904
2789,50;0,0903
2789,00;0,0903
2788,50;0,0904
2788,00;0,0904
2787,50;0,0904
2787,00;0,0904
2786,50;0,0904
2786,00;0,0904
2785,50;0,0904
2785,00;0,0904
2784,50;0,0903
2784,00;0,0902
2783,50;0,0901
2783,00;0,0902
2782,50;0,0902
2782,00;0,0903
2781,50;0,0903
2781,00;0,0904
2780,50;0,0904
2780,00;0,0904
2779,50;0,0902
2779,00;0,0899
2778,50;0,0897
2778,00;0,0897
2777,50;0,0897
2777,00;0,0899
2776,50;0,0901
2776,00;0,0902
2775,50;0,0902
2775,00;0,0901
2774,50;0,0901
2774,00;0,0901
2773,50;0,0900
2773,00;0,0899
2772,50;0,0899
2772,00;0,0899
2771,50;0,0900
2771,00;0,0901
2770,50;0,0902
2770,00;0,0903
2769,50;0,0903
2769,00;0,0902
2768,50;0,0900
2768,00;0,0898
2767,50;0,0895
2767,00;0,0894
2766,50;0,0894
2766,00;0,0895
2765,50;0,0896
2765,00;0,0895
2764,50;0,0894
2764,00;0,0893
2763,50;0,0893
2763,00;0,0894
2762,50;0,0897
2762,00;0,0899
2761,50;0,0901
2761,00;0,0900
2760,50;0,0900
2760,00;0,0899
2759,50;0,0898
2759,00;0,0896
2758,50;0,0893
2758,00;0,0893
2757,50;0,0896
2757,00;0,0898
2756,50;0,0898
2756,00;0,0896
2755,50;0,0894
2755,00;0,0892
2754,50;0,0893
2754,00;0,0894
2753,50;0,0895
2753,00;0,0894
2752,50;0,0893
2752,00;0,0892
2751,50;0,0892
2751,00;0,0893
2750,50;0,0895
2750,00;0,0896
2749,50;0,0896
2749,00;0,0896
2748,50;0,0895
2748,00;0,0894
2747,50;0,0894
2747,00;0,0894
2746,50;0,0895
2746,00;0,0896
2745,50;0,0896
2745,00;0,0895
2744,50;0,0894
2744,00;0,0894
2743,50;0,0894
2743,00;0,0893
2742,50;0,0893
2742,00;0,0892
2741,50;0,0891
2741,00;0,0892
2740,50;0,0893
2740,00;0,0893
2739,50;0,0893
2739,00;0,0892
2738,50;0,0891
2738,00;0,0891
2737,50;0,0891
2737,00;0,0892
2736,50;0,0892
2736,00;0,0892
2735,50;0,0892
2735,00;0,0891
2734,50;0,0891
2734,00;0,0891
2733,50;0,0892
2733,00;0,0894
2732,50;0,0895
2732,00;0,0895
2731,50;0,0894
2731,00;0,0893
2730,50;0,0891
2730,00;0,0891
2729,50;0,0892
2729,00;0,0892
2728,50;0,0892
2728,00;0,0891
2727,50;0,0891
2727,00;0,0890
2726,50;0,0889
2726,00;0,0888
2725,50;0,0888
2725,00;0,0889
2724,50;0,0891
2724,00;0,0892
2723,50;0,0892
2723,00;0,0890
2722,50;0,0888
2722,00;0,0887
2721,50;0,0888
2721,00;0,0889
2720,50;0,0890
2720,00;0,0890
2719,50;0,0890
2719,00;0,0890
2718,50;0,0890
2718,00;0,0890
2717,50;0,0890
2717,00;0,0889
2716,50;0,0889
2716,00;0,0889
2715,50;0,0888
2715,00;0,0889
2714,50;0,0889
2714,00;0,0889
2713,50;0,0889
2713,00;0,0889
2712,50;0,0890
2712,00;0,0892
2711,50;0,0893
2711,00;0,0894
2710,50;0,0894
2710,00;0,0894
2709,50;0,0892
2709,00;0,0891
2708,50;0,0889
2708,00;0,0889
2707,50;0,0889
2707,00;0,0889
2706,50;0,0890
2706,00;0,0890
2705,50;0,0889
2705,00;0,0888
2704,50;0,0889
2704,00;0,0890
2703,50;0,0891
2703,00;0,0892
2702,50;0,0892
2702,00;0,0891
2701,50;0,0891
2701,00;0,0890
2700,50;0,0890
2700,00;0,0890
2699,50;0,0890
2699,00;0,0889
2698,50;0,0889
2698,00;0,0888
2697,50;0,0888
2697,00;0,0888
2696,50;0,0887
2696,00;0,0887
2695,50;0,0887
2695,00;0,0887
2694,50;0,0888
2694,00;0,0889
2693,50;0,0891
2693,00;0,0892
2692,50;0,0892
2692,00;0,0892
2691,50;0,0892
2691,00;0,0891
2690,50;0,0891
2690,00;0,0890
2689,50;0,0888
2689,00;0,0887
2688,50;0,0887
2688,00;0,0887
2687,50;0,0888
2687,00;0,0889
2686,50;0,0889
2686,00;0,0890
2685,50;0,0890
2685,00;0,0891
2684,50;0,0891
2684,00;0,0892
2683,50;0,0892
2683,00;0,0893
2682,50;0,0892
2682,00;0,0892
2681,50;0,0891
2681,00;0,0891
2680,50;0,0891
2680,00;0,0891
2679,50;0,0890
2679,00;0,0890
2678,50;0,0890
2678,00;0,0890
2677,50;0,0889
2677,00;0,0889
2676,50;0,0889
2676,00;0,0889
2675,50;0,0890
2675,00;0,0890
2674,50;0,0890
2674,00;0,0890
2673,50;0,0890
2673,00;0,0890
2672,50;0,0891
2672,00;0,0892
2671,50;0,0893
2671,00;0,0894
2670,50;0,0894
2670,00;0,0895
2669,50;0,0895
2669,00;0,0896
2668,50;0,0896
2668,00;0,0895
2667,50;0,0893
2667,00;0,0892
2666,50;0,0891
2666,00;0,0892
2665,50;0,0892
2665,00;0,0893
2664,50;0,0894
2664,00;0,0894
2663,50;0,0894
2663,00;0,0892
2662,50;0,0890
2662,00;0,0890
2661,50;0,0890
2661,00;0,0890
2660,50;0,0890
2660,00;0,0890
2659,50;0,0890
2659,00;0,0889
2658,50;0,0887
2658,00;0,0885
2657,50;0,0884
2657,00;0,0884
2656,50;0,0885
2656,00;0,0886
2655,50;0,0886
2655,00;0,0888
2654,50;0,0888
2654,00;0,0888
2653,50;0,0887
2653,00;0,0887
2652,50;0,0887
2652,00;0,0888
2651,50;0,0888
2651,00;0,0887
2650,50;0,0887
2650,00;0,0887
2649,50;0,0888
2649,00;0,0887
2648,50;0,0887
2648,00;0,0886
2647,50;0,0885
2647,00;0,0885
2646,50;0,0886
2646,00;0,0886
2645,50;0,0887
2645,00;0,0887
2644,50;0,0887
2644,00;0,0888
2643,50;0,0889
2643,00;0,0892
2642,50;0,0893
2642,00;0,0893
2641,50;0,0891
2641,00;0,0890
2640,50;0,0889
2640,00;0,0890
2639,50;0,0892
2639,00;0,0892
2638,50;0,0892
2638,00;0,0891
2637,50;0,0890
2637,00;0,0889
2636,50;0,0889
2636,00;0,0888
2635,50;0,0889
2635,00;0,0890
2634,50;0,0892
2634,00;0,0891
2633,50;0,0889
2633,00;0,0886
2632,50;0,0884
2632,00;0,0883
2631,50;0,0883
2631,00;0,0883
2630,50;0,0884
2630,00;0,0886
2629,50;0,0887
2629,00;0,0889
2628,50;0,0890
2628,00;0,0891
2627,50;0,0891
2627,00;0,0890
2626,50;0,0888
2626,00;0,0887
2625,50;0,0887
2625,00;0,0888
2624,50;0,0890
2624,00;0,0892
2623,50;0,0893
2623,00;0,0893
2622,50;0,0892
2622,00;0,0890
2621,50;0,0888
2621,00;0,0886
2620,50;0,0886
2620,00;0,0888
2619,50;0,0891
2619,00;0,0895
2618,50;0,0898
2618,00;0,0899
2617,50;0,0898
2617,00;0,0894
2616,50;0,0891
2616,00;0,0890
2615,50;0,0891
2615,00;0,0894
2614,50;0,0897
2614,00;0,0896
2613,50;0,0893
2613,00;0,0889
2612,50;0,0887
2612,00;0,0888
2611,50;0,0892
2611,00;0,0898
2610,50;0,0902
2610,00;0,0903
2609,50;0,0900
2609,00;0,0896
2608,50;0,0894
2608,00;0,0894
2607,50;0,0895
2607,00;0,0896
2606,50;0,0898
2606,00;0,0900
2605,50;0,0900
2605,00;0,0899
2604,50;0,0898
2604,00;0,0897
2603,50;0,0897
2603,00;0,0896
2602,50;0,0895
2602,00;0,0896
2601,50;0,0899
2601,00;0,0900
2600,50;0,0899
2600,00;0,0897
2599,50;0,0893
2599,00;0,0890
2598,50;0,0890
2598,00;0,0892
2597,50;0,0896
2597,00;0,0899
2596,50;0,0900
2596,00;0,0898
2595,50;0,0897
2595,00;0,0896
2594,50;0,0896
2594,00;0,0899
2593,50;0,0902
2593,00;0,0906
2592,50;0,0908
2592,00;0,0908
2591,50;0,0907
2591,00;0,0906
2590,50;0,0904
2590,00;0,0903
2589,50;0,0901
2589,00;0,0899
2588,50;0,0899
2588,00;0,0900
2587,50;0,0904
2587,00;0,0907
2586,50;0,0909
2586,00;0,0908
2585,50;0,0906
2585,00;0,0904
2584,50;0,0901
2584,00;0,0900
2583,50;0,0899
2583,00;0,0899
2582,50;0,0899
2582,00;0,0900
2581,50;0,0902
2581,00;0,0905
2580,50;0,0906
2580,00;0,0907
2579,50;0,0905
2579,00;0,0904
2578,50;0,0903
2578,00;0,0906
2577,50;0,0910
2577,00;0,0914
2576,50;0,0915
2576,00;0,0916
2575,50;0,0915
2575,00;0,0912
2574,50;0,0909
2574,00;0,0907
2573,50;0,0908
2573,00;0,0910
2572,50;0,0911
2572,00;0,0912
2571,50;0,0913
2571,00;0,0914
2570,50;0,0914
2570,00;0,0911
2569,50;0,0906
2569,00;0,0902
2568,50;0,0900
2568,00;0,0902
2567,50;0,0905
2567,00;0,0910
2566,50;0,0913
2566,00;0,0915
2565,50;0,0914
2565,00;0,0912
2564,50;0,0910
2564,00;0,0909
2563,50;0,0910
2563,00;0,0912
2562,50;0,0914
2562,00;0,0914
2561,50;0,0913
2561,00;0,0912
2560,50;0,0912
2560,00;0,0913
2559,50;0,0913
2559,00;0,0912
2558,50;0,0911
2558,00;0,0912
2557,50;0,0915
2557,00;0,0919
2556,50;0,0923
2556,00;0,0926
2555,50;0,0924
2555,00;0,0919
2554,50;0,0914
2554,00;0,0910
2553,50;0,0908
2553,00;0,0906
2552,50;0,0904
2552,00;0,0907
2551,50;0,0912
2551,00;0,0916
2550,50;0,0917
2550,00;0,0916
2549,50;0,0915
2549,00;0,0914
2548,50;0,0913
2548,00;0,0910
2547,50;0,0909
2547,00;0,0909
2546,50;0,0911
2546,00;0,0912
2545,50;0,0913
2545,00;0,0916
2544,50;0,0920
2544,00;0,0923
2543,50;0,0925
2543,00;0,0924
2542,50;0,0920
2542,00;0,0917
2541,50;0,0915
2541,00;0,0915
2540,50;0,0918
2540,00;0,0923
2539,50;0,0927
2539,00;0,0926
2538,50;0,0923
2538,00;0,0921
2537,50;0,0920
2537,00;0,0921
2536,50;0,0921
2536,00;0,0920
2535,50;0,0920
2535,00;0,0922
2534,50;0,0922
2534,00;0,0920
2533,50;0,0918
2533,00;0,0917
2532,50;0,0918
2532,00;0,0918
2531,50;0,0916
2531,00;0,0916
2530,50;0,0917
2530,00;0,0921
2529,50;0,0927
2529,00;0,0933
2528,50;0,0938
2528,00;0,0939
2527,50;0,0937
2527,00;0,0932
2526,50;0,0928
2526,00;0,0927
2525,50;0,0930
2525,00;0,0933
2524,50;0,0935
2524,00;0,0933
2523,50;0,0930
2523,00;0,0931
2522,50;0,0934
2522,00;0,0936
2521,50;0,0935
2521,00;0,0931
2520,50;0,0927
2520,00;0,0925
2519,50;0,0925
2519,00;0,0926
2518,50;0,0927
2518,00;0,0928
2517,50;0,0929
2517,00;0,0929
2516,50;0,0927
2516,00;0,0924
2515,50;0,0923
2515,00;0,0925
2514,50;0,0928
2514,00;0,0931
2513,50;0,0934
2513,00;0,0938
2512,50;0,0940
2512,00;0,0938
2511,50;0,0933
2511,00;0,0926
2510,50;0,0922
2510,00;0,0923
2509,50;0,0928
2509,00;0,0937
2508,50;0,0948
2508,00;0,0956
2507,50;0,0959
2507,00;0,0953
2506,50;0,0942
2506,00;0,0930
2505,50;0,0921
2505,00;0,0920
2504,50;0,0927
2504,00;0,0940
2503,50;0,0953
2503,00;0,0960
2502,50;0,0961
2502,00;0,0957
2501,50;0,0951
2501,00;0,0946
2500,50;0,0943
2500,00;0,0941
2499,50;0,0941
2499,00;0,0944
2498,50;0,0950
2498,00;0,0956
2497,50;0,0961
2497,00;0,0960
2496,50;0,0955
2496,00;0,0949
2495,50;0,0946
2495,00;0,0947
2494,50;0,0952
2494,00;0,0959
2493,50;0,0965
2493,00;0,0970
2492,50;0,0971
2492,00;0,0968
2491,50;0,0963
2491,00;0,0955
2490,50;0,0948
2490,00;0,0946
2489,50;0,0948
2489,00;0,0955
2488,50;0,0964
2488,00;0,0970
2487,50;0,0971
2487,00;0,0967
2486,50;0,0960
2486,00;0,0954
2485,50;0,0950
2485,00;0,0949
2484,50;0,0951
2484,00;0,0957
2483,50;0,0966
2483,00;0,0974
2482,50;0,0978
2482,00;0,0976
2481,50;0,0973
2481,00;0,0969
2480,50;0,0966
2480,00;0,0964
2479,50;0,0965
2479,00;0,0967
2478,50;0,0972
2478,00;0,0978
2477,50;0,0982
2477,00;0,0983
2476,50;0,0981
2476,00;0,0978
2475,50;0,0976
2475,00;0,0976
2474,50;0,0978
2474,00;0,0981
2473,50;0,0985
2473,00;0,0989
2472,50;0,0993
2472,00;0,0994
2471,50;0,0990
2471,00;0,0984
2470,50;0,0977
2470,00;0,0973
2469,50;0,0973
2469,00;0,0976
2468,50;0,0981
2468,00;0,0988
2467,50;0,0994
2467,00;0,0998
2466,50;0,0998
2466,00;0,0995
2465,50;0,0990
2465,00;0,0987
2464,50;0,0984
2464,00;0,0983
2463,50;0,0984
2463,00;0,0985
2462,50;0,0986
2462,00;0,0987
2461,50;0,0990
2461,00;0,0994
2460,50;0,0998
2460,00;0,1000
2459,50;0,0999
2459,00;0,0997
2458,50;0,0997
2458,00;0,1000
2457,50;0,1006
2457,00;0,1010
2456,50;0,1010
2456,00;0,1007
2455,50;0,1003
2455,00;0,0999
2454,50;0,0997
2454,00;0,0999
2453,50;0,1006
2453,00;0,1014
2452,50;0,1022
2452,00;0,1027
2451,50;0,1029
2451,00;0,1028
2450,50;0,1024
2450,00;0,1018
2449,50;0,1012
2449,00;0,1007
2448,50;0,1006
2448,00;0,1010
2447,50;0,1017
2447,00;0,1024
2446,50;0,1026
2446,00;0,1027
2445,50;0,1026
2445,00;0,1027
2444,50;0,1028
2444,00;0,1028
2443,50;0,1028
2443,00;0,1029
2442,50;0,1032
2442,00;0,1036
2441,50;0,1040
2441,00;0,1043
2440,50;0,1044
2440,00;0,1043
2439,50;0,1043
2439,00;0,1044
2438,50;0,1045
2438,00;0,1047
2437,50;0,1049
2437,00;0,1052
2436,50;0,1057
2436,00;0,1061
2435,50;0,1063
2435,00;0,1062
2434,50;0,1061
2434,00;0,1062
2433,50;0,1065
2433,00;0,1069
2432,50;0,1073
2432,00;0,1077
2431,50;0,1082
2431,00;0,1088
2430,50;0,1094
2430,00;0,1098
2429,50;0,1099
2429,00;0,1098
2428,50;0,1097
2428,00;0,1098
2427,50;0,1099
2427,00;0,1102
2426,50;0,1105
2426,00;0,1109
2425,50;0,1112
2425,00;0,1114
2424,50;0,1115
2424,00;0,1114
2423,50;0,1113
2423,00;0,1112
2422,50;0,1111
2422,00;0,1112
2421,50;0,1116
2421,00;0,1119
2420,50;0,1121
2420,00;0,1121
2419,50;0,1119
2419,00;0,1119
2418,50;0,1118
2418,00;0,1117
2417,50;0,1118
2417,00;0,1118
2416,50;0,1118
2416,00;0,1116
2415,50;0,1113
2415,00;0,1109
2414,50;0,1107
2414,00;0,1103
2413,50;0,1099
2413,00;0,1094
2412,50;0,1090
2412,00;0,1087
2411,50;0,1086
2411,00;0,1087
2410,50;0,1089
2410,00;0,1091
2409,50;0,1091
2409,00;0,1089
2408,50;0,1084
2408,00;0,1079
2407,50;0,1075
2407,00;0,1074
2406,50;0,1074
2406,00;0,1076
2405,50;0,1076
2405,00;0,1074
2404,50;0,1070
2404,00;0,1066
2403,50;0,1064
2403,00;0,1064
2402,50;0,1063
2402,00;0,1061
2401,50;0,1058
2401,00;0,1056
2400,50;0,1054
2400,00;0,1054
2399,50;0,1052
2399,00;0,1049
2398,50;0,1044
2398,00;0,1039
2397,50;0,1035
2397,00;0,1033
2396,50;0,1033
2396,00;0,1035
2395,50;0,1037
2395,00;0,1039
2394,50;0,1040
2394,00;0,1040
2393,50;0,1036
2393,00;0,1029
2392,50;0,1023
2392,00;0,1019
2391,50;0,1019
2391,00;0,1020
2390,50;0,1022
2390,00;0,1023
2389,50;0,1024
2389,00;0,1023
2388,50;0,1022
2388,00;0,1020
2387,50;0,1017
2387,00;0,1014
2386,50;0,1013
2386,00;0,1013
2385,50;0,1015
2385,00;0,1017
2384,50;0,1019
2384,00;0,1019
2383,50;0,1019
2383,00;0,1017
2382,50;0,1014
2382,00;0,1012
2381,50;0,1011
2381,00;0,1013
2380,50;0,1016
2380,00;0,1019
2379,50;0,1020
2379,00;0,1020
2378,50;0,1019
2378,00;0,1017
2377,50;0,1015
2377,00;0,1013
2376,50;0,1009
2376,00;0,1005
2375,50;0,1002
2375,00;0,1000
2374,50;0,0997
2374,00;0,0995
2373,50;0,0993
2373,00;0,0992
2372,50;0,0989
2372,00;0,0985
2371,50;0,0980
2371,00;0,0974
2370,50;0,0971
2370,00;0,0970
2369,50;0,0973
2369,00;0,0977
2368,50;0,0980
2368,00;0,0981
2367,50;0,0977
2367,00;0,0973
2366,50;0,0970
2366,00;0,0966
2365,50;0,0966
2365,00;0,0966
2364,50;0,0965
2364,00;0,0966
2363,50;0,0964
2363,00;0,0963
2362,50;0,0961
2362,00;0,0959
2361,50;0,0958
2361,00;0,0956
2360,50;0,0953
2360,00;0,0951
2359,50;0,0951
2359,00;0,0952
2358,50;0,0952
2358,00;0,0957
2357,50;0,0949
2357,00;0,0958
2356,50;0,0937
2356,00;0,0948
2355,50;0,0987
2355,00;0,0975
2354,50;0,0981
2354,00;0,0976
2353,50;0,0976
2353,00;0,0974
2352,50;0,0972
2352,00;0,0970
2351,50;0,0968
2351,00;0,0966
2350,50;0,0965
2350,00;0,0961
2349,50;0,0962
2349,00;0,0954
2348,50;0,0976
2348,00;0,1005
2347,50;0,1001
2347,00;0,1009
2346,50;0,1014
2346,00;0,1019
2345,50;0,1021
2345,00;0,1021
2344,50;0,1028
2344,00;0,1025
2343,50;0,1035
2343,00;0,1006
2342,50;0,0968
2342,00;0,0985
2341,50;0,0981
2341,00;0,1014
2340,50;0,1039
2340,00;0,1028
2339,50;0,1027
2339,00;0,1021
2338,50;0,1015
2338,00;0,1013
2337,50;0,1011
2337,00;0,1012
2336,50;0,0996
2336,00;0,0981
2335,50;0,0983
2335,00;0,0978
2334,50;0,0981
2334,00;0,0981
2333,50;0,0981
2333,00;0,0982
2332,50;0,0985
2332,00;0,0988
2331,50;0,0989
2331,00;0,0988
2330,50;0,0988
2330,00;0,0988
2329,50;0,0985
2329,00;0,0982
2328,50;0,0984
2328,00;0,0985
2327,50;0,0980
2327,00;0,0974
2326,50;0,0973
2326,00;0,0970
2325,50;0,0963
2325,00;0,0963
2324,50;0,0971
2324,00;0,0975
2323,50;0,0975
2323,00;0,0981
2322,50;0,0989
2322,00;0,0988
2321,50;0,0984
2321,00;0,0991
2320,50;0,0998
2320,00;0,0996
2319,50;0,0988
2319,00;0,0997
2318,50;0,0992
2318,00;0,1020
2317,50;0,1051
2317,00;0,1039
2316,50;0,1048
2316,00;0,1049
2315,50;0,1049
2315,00;0,1043
2314,50;0,1043
2314,00;0,1042
2313,50;0,1039
2313,00;0,1038
2312,50;0,1042
2312,00;0,1046
2311,50;0,1045
2311,00;0,1043
2310,50;0,1043
2310,00;0,1043
2309,50;0,1039
2309,00;0,1034
2308,50;0,1034
2308,00;0,1036
2307,50;0,1036
2307,00;0,1034
2306,50;0,1033
2306,00;0,1033
2305,50;0,1032
2305,00;0,1031
2304,50;0,1032
2304,00;0,1034
2303,50;0,1036
2303,00;0,1032
2302,50;0,1030
2302,00;0,1024
2301,50;0,1018
2301,00;0,1021
2300,50;0,1023
2300,00;0,1027
2299,50;0,1026
2299,00;0,1022
2298,50;0,1019
2298,00;0,1017
2297,50;0,1016
2297,00;0,1014
2296,50;0,1012
2296,00;0,1014
2295,50;0,1018
2295,00;0,1022
2294,50;0,1024
2294,00;0,1025
2293,50;0,1024
2293,00;0,1020
2292,50;0,1016
2292,00;0,1013
2291,50;0,1012
2291,00;0,1013
2290,50;0,1013
2290,00;0,1014
2289,50;0,1018
2289,00;0,1022
2288,50;0,1024
2288,00;0,1022
2287,50;0,1017
2287,00;0,1014
2286,50;0,1012
2286,00;0,1012
2285,50;0,1013
2285,00;0,1015
2284,50;0,1016
2284,00;0,1016
2283,50;0,1016
2283,00;0,1015
2282,50;0,1015
2282,00;0,1013
2281,50;0,1011
2281,00;0,1013
2280,50;0,1018
2280,00;0,1025
2279,50;0,1032
2279,00;0,1035
2278,50;0,1035
2278,00;0,1034
2277,50;0,1031
2277,00;0,1028
2276,50;0,1025
2276,00;0,1026
2275,50;0,1032
2275,00;0,1039
2274,50;0,1045
2274,00;0,1047
2273,50;0,1044
2273,00;0,1037
2272,50;0,1029
2272,00;0,1023
2271,50;0,1021
2271,00;0,1024
2270,50;0,1029
2270,00;0,1035
2269,50;0,1038
2269,00;0,1039
2268,50;0,1038
2268,00;0,1037
2267,50;0,1037
2267,00;0,1036
2266,50;0,1034
2266,00;0,1032
2265,50;0,1033
2265,00;0,1037
2264,50;0,1042
2264,00;0,1043
2263,50;0,1041
2263,00;0,1038
2262,50;0,1037
2262,00;0,1036
2261,50;0,1034
2261,00;0,1030
2260,50;0,1028
2260,00;0,1029
2259,50;0,1035
2259,00;0,1042
2258,50;0,1045
2258,00;0,1044
2257,50;0,1041
2257,00;0,1038
2256,50;0,1038
2256,00;0,1039
2255,50;0,1041
2255,00;0,1044
2254,50;0,1047
2254,00;0,1048
2253,50;0,1047
2253,00;0,1046
2252,50;0,1045
2252,00;0,1044
2251,50;0,1041
2251,00;0,1037
2250,50;0,1035
2250,00;0,1036
2249,50;0,1042
2249,00;0,1049
2248,50;0,1055
2248,00;0,1055
2247,50;0,1050
2247,00;0,1041
2246,50;0,1034
2246,00;0,1029
2245,50;0,1028
2245,00;0,1029
2244,50;0,1035
2244,00;0,1046
2243,50;0,1058
2243,00;0,1064
2242,50;0,1061
2242,00;0,1053
2241,50;0,1045
2241,00;0,1041
2240,50;0,1042
2240,00;0,1044
2239,50;0,1045
2239,00;0,1049
2238,50;0,1054
2238,00;0,1060
2237,50;0,1063
2237,00;0,1060
2236,50;0,1052
2236,00;0,1046
2235,50;0,1045
2235,00;0,1048
2234,50;0,1051
2234,00;0,1052
2233,50;0,1053
2233,00;0,1055
2232,50;0,1056
2232,00;0,1056
2231,50;0,1052
2231,00;0,1046
2230,50;0,1042
2230,00;0,1041
2229,50;0,1042
2229,00;0,1041
2228,50;0,1040
2228,00;0,1038
2227,50;0,1037
2227,00;0,1036
2226,50;0,1037
2226,00;0,1042
2225,50;0,1051
2225,00;0,1058
2224,50;0,1058
2224,00;0,1052
2223,50;0,1044
2223,00;0,1038
2222,50;0,1038
2222,00;0,1040
2221,50;0,1043
2221,00;0,1046
2220,50;0,1046
2220,00;0,1041
2219,50;0,1033
2219,00;0,1027
2218,50;0,1025
2218,00;0,1031
2217,50;0,1043
2217,00;0,1057
2216,50;0,1066
2216,00;0,1062
2215,50;0,1048
2215,00;0,1031
2214,50;0,1020
2214,00;0,1020
2213,50;0,1027
2213,00;0,1038
2212,50;0,1049
2212,00;0,1057
2211,50;0,1060
2211,00;0,1057
2210,50;0,1048
2210,00;0,1038
2209,50;0,1029
2209,00;0,1023
2208,50;0,1021
2208,00;0,1023
2207,50;0,1027
2207,00;0,1033
2206,50;0,1040
2206,00;0,1045
2205,50;0,1046
2205,00;0,1038
2204,50;0,1024
2204,00;0,1011
2203,50;0,1008
2203,00;0,1016
2202,50;0,1029
2202,00;0,1040
2201,50;0,1047
2201,00;0,1051
2200,50;0,1054
2200,00;0,1054
2199,50;0,1050
2199,00;0,1043
2198,50;0,1034
2198,00;0,1029
2197,50;0,1030
2197,00;0,1032
2196,50;0,1034
2196,00;0,1034
2195,50;0,1034
2195,00;0,1036
2194,50;0,1038
2194,00;0,1037
2193,50;0,1035
2193,00;0,1035
2192,50;0,1037
2192,00;0,1041
2191,50;0,1043
2191,00;0,1041
2190,50;0,1035
2190,00;0,1029
2189,50;0,1026
2189,00;0,1024
2188,50;0,1021
2188,00;0,1018
2187,50;0,1021
2187,00;0,1028
2186,50;0,1034
2186,00;0,1036
2185,50;0,1036
2185,00;0,1036
2184,50;0,1035
2184,00;0,1026
2183,50;0,1014
2183,00;0,1008
2182,50;0,1014
2182,00;0,1026
2181,50;0,1033
2181,00;0,1032
2180,50;0,1025
2180,00;0,1014
2179,50;0,1004
2179,00;0,0998
2178,50;0,0996
2178,00;0,0998
2177,50;0,1001
2177,00;0,1006
2176,50;0,1015
2176,00;0,1026
2175,50;0,1036
2175,00;0,1043
2174,50;0,1048
2174,00;0,1049
2173,50;0,1040
2173,00;0,1022
2172,50;0,1003
2172,00;0,0993
2171,50;0,0998
2171,00;0,1017
2170,50;0,1036
2170,00;0,1044
2169,50;0,1036
2169,00;0,1016
2168,50;0,0993
2168,00;0,0973
2167,50;0,0961
2167,00;0,0957
2166,50;0,0961
2166,00;0,0971
2165,50;0,0988
2165,00;0,1006
2164,50;0,1020
2164,00;0,1024
2163,50;0,1018
2163,00;0,1005
2162,50;0,0991
2162,00;0,0979
2161,50;0,0975
2161,00;0,0985
2160,50;0,1004
2160,00;0,1025
2159,50;0,1041
2159,00;0,1049
2158,50;0,1052
2158,00;0,1053
2157,50;0,1050
2157,00;0,1043
2156,50;0,1034
2156,00;0,1028
2155,50;0,1030
2155,00;0,1039
2154,50;0,1046
2154,00;0,1044
2153,50;0,1030
2153,00;0,1013
2152,50;0,1004
2152,00;0,1003
2151,50;0,1008
2151,00;0,1014
2150,50;0,1017
2150,00;0,1018
2149,50;0,1015
2149,00;0,1010
2148,50;0,1006
2148,00;0,1006
2147,50;0,1008
2147,00;0,1012
2146,50;0,1015
2146,00;0,1016
2145,50;0,1012
2145,00;0,1006
2144,50;0,1002
2144,00;0,1007
2143,50;0,1016
2143,00;0,1022
2142,50;0,1021
2142,00;0,1017
2141,50;0,1014
2141,00;0,1014
2140,50;0,1014
2140,00;0,1009
2139,50;0,1003
2139,00;0,1000
2138,50;0,1004
2138,00;0,1011
2137,50;0,1015
2137,00;0,1012
2136,50;0,1006
2136,00;0,1001
2135,50;0,1002
2135,00;0,1009
2134,50;0,1017
2134,00;0,1020
2133,50;0,1020
2133,00;0,1017
2132,50;0,1013
2132,00;0,1007
2131,50;0,0998
2131,00;0,0989
2130,50;0,0982
2130,00;0,0979
2129,50;0,0979
2129,00;0,0980
2128,50;0,0983
2128,00;0,0991
2127,50;0,0999
2127,00;0,1005
2126,50;0,1006
2126,00;0,1001
2125,50;0,0996
2125,00;0,0992
2124,50;0,0990
2124,00;0,0989
2123,50;0,0986
2123,00;0,0984
2122,50;0,0981
2122,00;0,0978
2121,50;0,0975
2121,00;0,0972
2120,50;0,0969
2120,00;0,0968
2119,50;0,0968
2119,00;0,0969
2118,50;0,0970
2118,00;0,0971
2117,50;0,0972
2117,00;0,0974
2116,50;0,0973
2116,00;0,0969
2115,50;0,0964
2115,00;0,0963
2114,50;0,0965
2114,00;0,0967
2113,50;0,0965
2113,00;0,0961
2112,50;0,0958
2112,00;0,0960
2111,50;0,0965
2111,00;0,0968
2110,50;0,0967
2110,00;0,0961
2109,50;0,0953
2109,00;0,0947
2108,50;0,0945
2108,00;0,0946
2107,50;0,0950
2107,00;0,0956
2106,50;0,0962
2106,00;0,0967
2105,50;0,0969
2105,00;0,0969
2104,50;0,0967
2104,00;0,0965
2103,50;0,0965
2103,00;0,0966
2102,50;0,0966
2102,00;0,0962
2101,50;0,0956
2101,00;0,0952
2100,50;0,0952
2100,00;0,0953
2099,50;0,0952
2099,00;0,0948
2098,50;0,0944
2098,00;0,0942
2097,50;0,0942
2097,00;0,0945
2096,50;0,0950
2096,00;0,0955
2095,50;0,0956
2095,00;0,0952
2094,50;0,0948
2094,00;0,0947
2093,50;0,0952
2093,00;0,0959
2092,50;0,0964
2092,00;0,0964
2091,50;0,0961
2091,00;0,0956
2090,50;0,0953
2090,00;0,0953
2089,50;0,0954
2089,00;0,0956
2088,50;0,0957
2088,00;0,0955
2087,50;0,0950
2087,00;0,0944
2086,50;0,0941
2086,00;0,0942
2085,50;0,0944
2085,00;0,0946
2084,50;0,0943
2084,00;0,0938
2083,50;0,0931
2083,00;0,0927
2082,50;0,0928
2082,00;0,0934
2081,50;0,0943
2081,00;0,0950
2080,50;0,0952
2080,00;0,0950
2079,50;0,0949
2079,00;0,0950
2078,50;0,0952
2078,00;0,0952
2077,50;0,0951
2077,00;0,0949
2076,50;0,0950
2076,00;0,0953
2075,50;0,0955
2075,00;0,0954
2074,50;0,0949
2074,00;0,0943
2073,50;0,0938
2073,00;0,0938
2072,50;0,0940
2072,00;0,0942
2071,50;0,0942
2071,00;0,0940
2070,50;0,0937
2070,00;0,0934
2069,50;0,0932
2069,00;0,0930
2068,50;0,0931
2068,00;0,0934
2067,50;0,0938
2067,00;0,0940
2066,50;0,0942
2066,00;0,0944
2065,50;0,0948
2065,00;0,0949
2064,50;0,0943
2064,00;0,0934
2063,50;0,0926
2063,00;0,0921
2062,50;0,0922
2062,00;0,0925
2061,50;0,0929
2061,00;0,0935
2060,50;0,0941
2060,00;0,0944
2059,50;0,0945
2059,00;0,0946
2058,50;0,0946
2058,00;0,0945
2057,50;0,0942
2057,00;0,0940
2056,50;0,0941
2056,00;0,0945
2055,50;0,0949
2055,00;0,0951
2054,50;0,0950
2054,00;0,0944
2053,50;0,0935
2053,00;0,0922
2052,50;0,0907
2052,00;0,0895
2051,50;0,0888
2051,00;0,0889
2050,50;0,0896
2050,00;0,0904
2049,50;0,0909
2049,00;0,0910
2048,50;0,0910
2048,00;0,0912
2047,50;0,0919
2047,00;0,0930
2046,50;0,0938
2046,00;0,0938
2045,50;0,0934
2045,00;0,0935
2044,50;0,0941
2044,00;0,0942
2043,50;0,0932
2043,00;0,0916
2042,50;0,0904
2042,00;0,0900
2041,50;0,0898
2041,00;0,0894
2040,50;0,0893
2040,00;0,0898
2039,50;0,0906
2039,00;0,0913
2038,50;0,0918
2038,00;0,0922
2037,50;0,0926
2037,00;0,0929
2036,50;0,0932
2036,00;0,0936
2035,50;0,0935
2035,00;0,0923
2034,50;0,0909
2034,00;0,0906
2033,50;0,0919
2033,00;0,0937
2032,50;0,0950
2032,00;0,0956
2031,50;0,0959
2031,00;0,0960
2030,50;0,0955
2030,00;0,0944
2029,50;0,0932
2029,00;0,0928
2028,50;0,0933
2028,00;0,0942
2027,50;0,0944
2027,00;0,0935
2026,50;0,0919
2026,00;0,0907
2025,50;0,0907
2025,00;0,0917
2024,50;0,0926
2024,00;0,0927
2023,50;0,0923
2023,00;0,0923
2022,50;0,0927
2022,00;0,0928
2021,50;0,0924
2021,00;0,0915
2020,50;0,0911
2020,00;0,0917
2019,50;0,0927
2019,00;0,0936
2018,50;0,0940
2018,00;0,0939
2017,50;0,0934
2017,00;0,0927
2016,50;0,0919
2016,00;0,0915
2015,50;0,0915
2015,00;0,0918
2014,50;0,0922
2014,00;0,0926
2013,50;0,0930
2013,00;0,0929
2012,50;0,0924
2012,00;0,0919
2011,50;0,0920
2011,00;0,0926
2010,50;0,0933
2010,00;0,0934
2009,50;0,0928
2009,00;0,0921
2008,50;0,0921
2008,00;0,0930
2007,50;0,0945
2007,00;0,0957
2006,50;0,0959
2006,00;0,0951
2005,50;0,0941
2005,00;0,0934
2004,50;0,0932
2004,00;0,0935
2003,50;0,0938
2003,00;0,0939
2002,50;0,0940
2002,00;0,0939
2001,50;0,0938
2001,00;0,0937
2000,50;0,0936
2000,00;0,0931
1999,50;0,0924
1999,00;0,0917
1998,50;0,0914
1998,00;0,0916
1997,50;0,0922
1997,00;0,0927
1996,50;0,0934
1996,00;0,0944
1995,50;0,0956
1995,00;0,0964
1994,50;0,0959
1994,00;0,0942
1993,50;0,0920
1993,00;0,0906
1992,50;0,0904
1992,00;0,0913
1991,50;0,0924
1991,00;0,0927
1990,50;0,0918
1990,00;0,0906
1989,50;0,0902
1989,00;0,0911
1988,50;0,0921
1988,00;0,0925
1987,50;0,0920
1987,00;0,0915
1986,50;0,0915
1986,00;0,0916
1985,50;0,0912
1985,00;0,0903
1984,50;0,0896
1984,00;0,0893
1983,50;0,0894
1983,00;0,0897
1982,50;0,0902
1982,00;0,0909
1981,50;0,0917
1981,00;0,0926
1980,50;0,0937
1980,00;0,0945
1979,50;0,0947
1979,00;0,0942
1978,50;0,0932
1978,00;0,0923
1977,50;0,0914
1977,00;0,0908
1976,50;0,0908
1976,00;0,0915
1975,50;0,0926
1975,00;0,0934
1974,50;0,0938
1974,00;0,0941
1973,50;0,0945
1973,00;0,0949
1972,50;0,0950
1972,00;0,0949
1971,50;0,0944
1971,00;0,0937
1970,50;0,0929
1970,00;0,0921
1969,50;0,0919
1969,00;0,0923
1968,50;0,0933
1968,00;0,0946
1967,50;0,0957
1967,00;0,0963
1966,50;0,0963
1966,00;0,0959
1965,50;0,0955
1965,00;0,0953
1964,50;0,0955
1964,00;0,0959
1963,50;0,0960
1963,00;0,0955
1962,50;0,0942
1962,00;0,0925
1961,50;0,0914
1961,00;0,0915
1960,50;0,0928
1960,00;0,0944
1959,50;0,0953
1959,00;0,0952
1958,50;0,0948
1958,00;0,0947
1957,50;0,0948
1957,00;0,0950
1956,50;0,0948
1956,00;0,0943
1955,50;0,0938
1955,00;0,0936
1954,50;0,0939
1954,00;0,0947
1953,50;0,0957
1953,00;0,0964
1952,50;0,0965
1952,00;0,0962
1951,50;0,0957
1951,00;0,0951
1950,50;0,0944
1950,00;0,0941
1949,50;0,0942
1949,00;0,0946
1948,50;0,0949
1948,00;0,0946
1947,50;0,0941
1947,00;0,0937
1946,50;0,0936
1946,00;0,0939
1945,50;0,0944
1945,00;0,0947
1944,50;0,0949
1944,00;0,0949
1943,50;0,0948
1943,00;0,0946
1942,50;0,0941
1942,00;0,0935
1941,50;0,0929
1941,00;0,0923
1940,50;0,0921
1940,00;0,0922
1939,50;0,0926
1939,00;0,0932
1938,50;0,0936
1938,00;0,0938
1937,50;0,0939
1937,00;0,0939
1936,50;0,0939
1936,00;0,0940
1935,50;0,0942
1935,00;0,0945
1934,50;0,0949
1934,00;0,0951
1933,50;0,0950
1933,00;0,0948
1932,50;0,0945
1932,00;0,0943
1931,50;0,0942
1931,00;0,0942
1930,50;0,0943
1930,00;0,0945
1929,50;0,0949
1929,00;0,0951
1928,50;0,0951
1928,00;0,0949
1927,50;0,0946
1927,00;0,0945
1926,50;0,0947
1926,00;0,0949
1925,50;0,0950
1925,00;0,0949
1924,50;0,0946
1924,00;0,0942
1923,50;0,0939
1923,00;0,0937
1922,50;0,0937
1922,00;0,0938
1921,50;0,0939
1921,00;0,0940
1920,50;0,0940
1920,00;0,0940
1919,50;0,0939
1919,00;0,0938
1918,50;0,0939
1918,00;0,0942
1917,50;0,0947
1917,00;0,0950
1916,50;0,0952
1916,00;0,0950
1915,50;0,0947
1915,00;0,0944
1914,50;0,0943
1914,00;0,0944
1913,50;0,0945
1913,00;0,0946
1912,50;0,0946
1912,00;0,0946
1911,50;0,0945
1911,00;0,0945
1910,50;0,0945
1910,00;0,0945
1909,50;0,0944
1909,00;0,0943
1908,50;0,0942
1908,00;0,0943
1907,50;0,0943
1907,00;0,0943
1906,50;0,0942
1906,00;0,0941
1905,50;0,0939
1905,00;0,0937
1904,50;0,0936
1904,00;0,0936
1903,50;0,0939
1903,00;0,0942
1902,50;0,0945
1902,00;0,0949
1901,50;0,0952
1901,00;0,0955
1900,50;0,0956
1900,00;0,0953
1899,50;0,0949
1899,00;0,0946
1898,50;0,0945
1898,00;0,0945
1897,50;0,0946
1897,00;0,0948
1896,50;0,0951
1896,00;0,0955
1895,50;0,0959
1895,00;0,0960
1894,50;0,0960
1894,00;0,0958
1893,50;0,0954
1893,00;0,0951
1892,50;0,0949
1892,00;0,0950
1891,50;0,0954
1891,00;0,0958
1890,50;0,0958
1890,00;0,0956
1889,50;0,0952
1889,00;0,0951
1888,50;0,0953
1888,00;0,0957
1887,50;0,0962
1887,00;0,0967
1886,50;0,0970
1886,00;0,0970
1885,50;0,0969
1885,00;0,0965
1884,50;0,0960
1884,00;0,0955
1883,50;0,0951
1883,00;0,0949
1882,50;0,0949
1882,00;0,0952
1881,50;0,0956
1881,00;0,0959
1880,50;0,0958
1880,00;0,0956
1879,50;0,0955
1879,00;0,0956
1878,50;0,0960
1878,00;0,0963
1877,50;0,0966
1877,00;0,0966
1876,50;0,0965
1876,00;0,0963
1875,50;0,0959
1875,00;0,0955
1874,50;0,0952
1874,00;0,0952
1873,50;0,0955
1873,00;0,0959
1872,50;0,0962
1872,00;0,0962
1871,50;0,0961
1871,00;0,0961
1870,50;0,0962
1870,00;0,0963
1869,50;0,0963
1869,00;0,0962
1868,50;0,0961
1868,00;0,0962
1867,50;0,0963
1867,00;0,0965
1866,50;0,0967
1866,00;0,0970
1865,50;0,0973
1865,00;0,0972
1864,50;0,0968
1864,00;0,0965
1863,50;0,0965
1863,00;0,0967
1862,50;0,0970
1862,00;0,0969
1861,50;0,0966
1861,00;0,0964
1860,50;0,0965
1860,00;0,0968
1859,50;0,0972
1859,00;0,0974
1858,50;0,0974
1858,00;0,0973
1857,50;0,0972
1857,00;0,0972
1856,50;0,0972
1856,00;0,0973
1855,50;0,0973
1855,00;0,0973
1854,50;0,0972
1854,00;0,0971
1853,50;0,0971
1853,00;0,0973
1852,50;0,0975
1852,00;0,0977
1851,50;0,0977
1851,00;0,0977
1850,50;0,0976
1850,00;0,0975
1849,50;0,0975
1849,00;0,0974
1848,50;0,0974
1848,00;0,0974
1847,50;0,0975
1847,00;0,0977
1846,50;0,0980
1846,00;0,0981
1845,50;0,0980
1845,00;0,0977
1844,50;0,0975
1844,00;0,0975
1843,50;0,0977
1843,00;0,0977
1842,50;0,0977
1842,00;0,0976
1841,50;0,0976
1841,00;0,0978
1840,50;0,0980
1840,00;0,0982
1839,50;0,0983
1839,00;0,0984
1838,50;0,0984
1838,00;0,0984
1837,50;0,0987
1837,00;0,0989
1836,50;0,0991
1836,00;0,0991
1835,50;0,0990
1835,00;0,0989
1834,50;0,0988
1834,00;0,0986
1833,50;0,0984
1833,00;0,0983
1832,50;0,0983
1832,00;0,0982
1831,50;0,0983
1831,00;0,0985
1830,50;0,0987
1830,00;0,0989
1829,50;0,0991
1829,00;0,0991
1828,50;0,0990
1828,00;0,0988
1827,50;0,0987
1827,00;0,0987
1826,50;0,0986
1826,00;0,0984
1825,50;0,0982
1825,00;0,0981
1824,50;0,0983
1824,00;0,0985
1823,50;0,0987
1823,00;0,0989
1822,50;0,0993
1822,00;0,0998
1821,50;0,1000
1821,00;0,1001
1820,50;0,1000
1820,00;0,0998
1819,50;0,0997
1819,00;0,0997
1818,50;0,0998
1818,00;0,1000
1817,50;0,1001
1817,00;0,1001
1816,50;0,1000
1816,00;0,0998
1815,50;0,0998
1815,00;0,1000
1814,50;0,1004
1814,00;0,1006
1813,50;0,1007
1813,00;0,1005
1812,50;0,1003
1812,00;0,1001
1811,50;0,1001
1811,00;0,1001
1810,50;0,1000
1810,00;0,0999
1809,50;0,0998
1809,00;0,0998
1808,50;0,0998
1808,00;0,0998
1807,50;0,0999
1807,00;0,1001
1806,50;0,1003
1806,00;0,1004
1805,50;0,1005
1805,00;0,1005
1804,50;0,1006
1804,00;0,1007
1803,50;0,1008
1803,00;0,1009
1802,50;0,1009
1802,00;0,1008
1801,50;0,1008
1801,00;0,1008
1800,50;0,1007
1800,00;0,1006
1799,50;0,1005
1799,00;0,1005
1798,50;0,1007
1798,00;0,1009
1797,50;0,1010
1797,00;0,1012
1796,50;0,1013
1796,00;0,1014
1795,50;0,1014
1795,00;0,1013
1794,50;0,1012
1794,00;0,1011
1793,50;0,1011
1793,00;0,1012
1792,50;0,1014
1792,00;0,1016
1791,50;0,1018
1791,00;0,1020
1790,50;0,1022
1790,00;0,1025
1789,50;0,1027
1789,00;0,1029
1788,50;0,1029
1788,00;0,1030
1787,50;0,1031
1787,00;0,1033
1786,50;0,1033
1786,00;0,1032
1785,50;0,1029
1785,00;0,1027
1784,50;0,1027
1784,00;0,1027
1783,50;0,1025
1783,00;0,1023
1782,50;0,1023
1782,00;0,1024
1781,50;0,1025
1781,00;0,1025
1780,50;0,1025
1780,00;0,1025
1779,50;0,1025
1779,00;0,1025
1778,50;0,1026
1778,00;0,1027
1777,50;0,1028
1777,00;0,1029
1776,50;0,1030
1776,00;0,1032
1775,50;0,1035
1775,00;0,1038
1774,50;0,1040
1774,00;0,1041
1773,50;0,1042
1773,00;0,1043
1772,50;0,1045
1772,00;0,1047
1771,50;0,1048
1771,00;0,1046
1770,50;0,1044
1770,00;0,1044
1769,50;0,1044
1769,00;0,1046
1768,50;0,1046
1768,00;0,1045
1767,50;0,1046
1767,00;0,1047
1766,50;0,1048
1766,00;0,1049
1765,50;0,1051
1765,00;0,1052
1764,50;0,1052
1764,00;0,1052
1763,50;0,1052
1763,00;0,1052
1762,50;0,1051
1762,00;0,1051
1761,50;0,1052
1761,00;0,1056
1760,50;0,1059
1760,00;0,1060
1759,50;0,1061
1759,00;0,1063
1758,50;0,1065
1758,00;0,1067
1757,50;0,1068
1757,00;0,1068
1756,50;0,1067
1756,00;0,1067
1755,50;0,1068
1755,00;0,1069
1754,50;0,1070
1754,00;0,1068
1753,50;0,1067
1753,00;0,1066
1752,50;0,1065
1752,00;0,1065
1751,50;0,1065
1751,00;0,1066
1750,50;0,1069
1750,00;0,1073
1749,50;0,1075
1749,00;0,1076
1748,50;0,1076
1748,00;0,1076
1747,50;0,1076
1747,00;0,1076
1746,50;0,1076
1746,00;0,1077
1745,50;0,1078
1745,00;0,1079
1744,50;0,1079
1744,00;0,1078
1743,50;0,1077
1743,00;0,1077
1742,50;0,1078
1742,00;0,1080
1741,50;0,1081
1741,00;0,1083
1740,50;0,1085
1740,00;0,1089
1739,50;0,1092
1739,00;0,1094
1738,50;0,1093
1738,00;0,1090
1737,50;0,1087
1737,00;0,1086
1736,50;0,1086
1736,00;0,1088
1735,50;0,1088
1735,00;0,1086
1734,50;0,1082
1734,00;0,1081
1733,50;0,1080
1733,00;0,1080
1732,50;0,1078
1732,00;0,1078
1731,50;0,1079
1731,00;0,1080
1730,50;0,1082
1730,00;0,1082
1729,50;0,1082
1729,00;0,1082
1728,50;0,1082
1728,00;0,1083
1727,50;0,1085
1727,00;0,1088
1726,50;0,1090
1726,00;0,1092
1725,50;0,1093
1725,00;0,1094
1724,50;0,1094
1724,00;0,1095
1723,50;0,1096
1723,00;0,1099
1722,50;0,1103
1722,00;0,1107
1721,50;0,1110
1721,00;0,1113
1720,50;0,1116
1720,00;0,1118
1719,50;0,1119
1719,00;0,1117
1718,50;0,1115
1718,00;0,1116
1717,50;0,1118
1717,00;0,1121
1716,50;0,1123
1716,00;0,1126
1715,50;0,1128
1715,00;0,1130
1714,50;0,1132
1714,00;0,1134
1713,50;0,1135
1713,00;0,1136
1712,50;0,1137
1712,00;0,1140
1711,50;0,1143
1711,00;0,1146
1710,50;0,1146
1710,00;0,1145
1709,50;0,1145
1709,00;0,1145
1708,50;0,1147
1708,00;0,1149
1707,50;0,1150
1707,00;0,1150
1706,50;0,1151
1706,00;0,1154
1705,50;0,1157
1705,00;0,1159
1704,50;0,1159
1704,00;0,1160
1703,50;0,1162
1703,00;0,1165
1702,50;0,1167
1702,00;0,1169
1701,50;0,1169
1701,00;0,1168
1700,50;0,1167
1700,00;0,1169
1699,50;0,1175
1699,00;0,1178
1698,50;0,1179
1698,00;0,1178
1697,50;0,1177
1697,00;0,1175
1696,50;0,1174
1696,00;0,1174
1695,50;0,1175
1695,00;0,1179
1694,50;0,1182
1694,00;0,1186
1693,50;0,1188
1693,00;0,1191
1692,50;0,1193
1692,00;0,1194
1691,50;0,1195
1691,00;0,1194
1690,50;0,1194
1690,00;0,1194
1689,50;0,1194
1689,00;0,1195
1688,50;0,1196
1688,00;0,1197
1687,50;0,1198
1687,00;0,1200
1686,50;0,1201
1686,00;0,1201
1685,50;0,1201
1685,00;0,1202
1684,50;0,1205
1684,00;0,1208
1683,50;0,1208
1683,00;0,1209
1682,50;0,1211
1682,00;0,1214
1681,50;0,1216
1681,00;0,1217
1680,50;0,1218
1680,00;0,1218
1679,50;0,1217
1679,00;0,1217
1678,50;0,1217
1678,00;0,1218
1677,50;0,1220
1677,00;0,1223
1676,50;0,1224
1676,00;0,1224
1675,50;0,1224
1675,00;0,1224
1674,50;0,1226
1674,00;0,1227
1673,50;0,1227
1673,00;0,1228
1672,50;0,1229
1672,00;0,1232
1671,50;0,1235
1671,00;0,1238
1670,50;0,1239
1670,00;0,1238
1669,50;0,1235
1669,00;0,1233
1668,50;0,1233
1668,00;0,1235
1667,50;0,1238
1667,00;0,1241
1666,50;0,1243
1666,00;0,1245
1665,50;0,1245
1665,00;0,1245
1664,50;0,1246
1664,00;0,1247
1663,50;0,1249
1663,00;0,1250
1662,50;0,1252
1662,00;0,1254
1661,50;0,1256
1661,00;0,1257
1660,50;0,1259
1660,00;0,1261
1659,50;0,1262
1659,00;0,1262
1658,50;0,1260
1658,00;0,1258
1657,50;0,1257
1657,00;0,1257
1656,50;0,1258
1656,00;0,1261
1655,50;0,1263
1655,00;0,1264
1654,50;0,1262
1654,00;0,1262
1653,50;0,1264
1653,00;0,1267
1652,50;0,1270
1652,00;0,1273
1651,50;0,1275
1651,00;0,1275
1650,50;0,1275
1650,00;0,1275
1649,50;0,1275
1649,00;0,1274
1648,50;0,1273
1648,00;0,1273
1647,50;0,1274
1647,00;0,1275
1646,50;0,1275
1646,00;0,1276
1645,50;0,1278
1645,00;0,1279
1644,50;0,1278
1644,00;0,1276
1643,50;0,1274
1643,00;0,1274
1642,50;0,1273
1642,00;0,1271
1641,50;0,1268
1641,00;0,1266
1640,50;0,1267
1640,00;0,1268
1639,50;0,1269
1639,00;0,1270
1638,50;0,1270
1638,00;0,1271
1637,50;0,1274
1637,00;0,1278
1636,50;0,1282
1636,00;0,1285
1635,50;0,1288
1635,00;0,1291
1634,50;0,1295
1634,00;0,1297
1633,50;0,1297
1633,00;0,1295
1632,50;0,1292
1632,00;0,1291
1631,50;0,1289
1631,00;0,1288
1630,50;0,1287
1630,00;0,1286
1629,50;0,1285
1629,00;0,1285
1628,50;0,1285
1628,00;0,1285
1627,50;0,1284
1627,00;0,1282
1626,50;0,1281
1626,00;0,1281
1625,50;0,1280
1625,00;0,1281
1624,50;0,1283
1624,00;0,1284
1623,50;0,1283
1623,00;0,1282
1622,50;0,1281
1622,00;0,1280
1621,50;0,1279
1621,00;0,1279
1620,50;0,1281
1620,00;0,1282
1619,50;0,1283
1619,00;0,1283
1618,50;0,1283
1618,00;0,1283
1617,50;0,1284
1617,00;0,1285
1616,50;0,1286
1616,00;0,1287
1615,50;0,1287
1615,00;0,1286
1614,50;0,1287
1614,00;0,1287
1613,50;0,1287
1613,00;0,1285
1612,50;0,1284
1612,00;0,1284
1611,50;0,1286
1611,00;0,1287
1610,50;0,1287
1610,00;0,1286
1609,50;0,1285
1609,00;0,1285
1608,50;0,1285
1608,00;0,1285
1607,50;0,1285
1607,00;0,1285
1606,50;0,1285
1606,00;0,1286
1605,50;0,1287
1605,00;0,1288
1604,50;0,1289
1604,00;0,1290
1603,50;0,1290
1603,00;0,1289
1602,50;0,1287
1602,00;0,1285
1601,50;0,1284
1601,00;0,1284
1600,50;0,1286
1600,00;0,1289
1599,50;0,1291
1599,00;0,1290
1598,50;0,1287
1598,00;0,1284
1597,50;0,1281
1597,00;0,1280
1596,50;0,1279
1596,00;0,1280
1595,50;0,1281
1595,00;0,1282
1594,50;0,1282
1594,00;0,1283
1593,50;0,1284
1593,00;0,1284
1592,50;0,1284
1592,00;0,1282
1591,50;0,1281
1591,00;0,1281
1590,50;0,1282
1590,00;0,1283
1589,50;0,1283
1589,00;0,1282
1588,50;0,1282
1588,00;0,1282
1587,50;0,1282
1587,00;0,1282
1586,50;0,1281
1586,00;0,1282
1585,50;0,1283
1585,00;0,1284
1584,50;0,1283
1584,00;0,1283
1583,50;0,1283
1583,00;0,1282
1582,50;0,1281
1582,00;0,1280
1581,50;0,1279
1581,00;0,1279
1580,50;0,1279
1580,00;0,1280
1579,50;0,1282
1579,00;0,1283
1578,50;0,1284
1578,00;0,1285
1577,50;0,1285
1577,00;0,1286
1576,50;0,1288
1576,00;0,1289
1575,50;0,1288
1575,00;0,1285
1574,50;0,1282
1574,00;0,1281
1573,50;0,1280
1573,00;0,1280
1572,50;0,1281
1572,00;0,1282
1571,50;0,1282
1571,00;0,1280
1570,50;0,1279
1570,00;0,1279
1569,50;0,1282
1569,00;0,1284
1568,50;0,1284
1568,00;0,1283
1567,50;0,1283
1567,00;0,1283
1566,50;0,1283
1566,00;0,1282
1565,50;0,1280
1565,00;0,1279
1564,50;0,1280
1564,00;0,1281
1563,50;0,1281
1563,00;0,1282
1562,50;0,1284
1562,00;0,1286
1561,50;0,1287
1561,00;0,1286
1560,50;0,1283
1560,00;0,1278
1559,50;0,1276
1559,00;0,1278
1558,50;0,1281
1558,00;0,1284
1557,50;0,1286
1557,00;0,1289
1556,50;0,1290
1556,00;0,1288
1555,50;0,1287
1555,00;0,1285
1554,50;0,1283
1554,00;0,1280
1553,50;0,1277
1553,00;0,1276
1552,50;0,1276
1552,00;0,1276
1551,50;0,1276
1551,00;0,1275
1550,50;0,1274
1550,00;0,1273
1549,50;0,1273
1549,00;0,1273
1548,50;0,1273
1548,00;0,1271
1547,50;0,1270
1547,00;0,1270
1546,50;0,1271
1546,00;0,1271
1545,50;0,1272
1545,00;0,1275
1544,50;0,1279
1544,00;0,1282
1543,50;0,1282
1543,00;0,1282
1542,50;0,1281
1542,00;0,1281
1541,50;0,1281
1541,00;0,1282
1540,50;0,1282
1540,00;0,1281
1539,50;0,1282
1539,00;0,1283
1538,50;0,1282
1538,00;0,1281
1537,50;0,1281
1537,00;0,1283
1536,50;0,1286
1536,00;0,1288
1535,50;0,1288
1535,00;0,1287
1534,50;0,1284
1534,00;0,1281
1533,50;0,1279
1533,00;0,1280
1532,50;0,1281
1532,00;0,1280
1531,50;0,1281
1531,00;0,1282
1530,50;0,1283
1530,00;0,1282
1529,50;0,1281
1529,00;0,1279
1528,50;0,1277
1528,00;0,1276
1527,50;0,1276
1527,00;0,1277
1526,50;0,1278
1526,00;0,1278
1525,50;0,1277
1525,00;0,1277
1524,50;0,1278
1524,00;0,1279
1523,50;0,1279
1523,00;0,1279
1522,50;0,1278
1522,00;0,1277
1521,50;0,1276
1521,00;0,1276
1520,50;0,1276
1520,00;0,1276
1519,50;0,1277
1519,00;0,1278
1518,50;0,1277
1518,00;0,1275
1517,50;0,1274
1517,00;0,1274
1516,50;0,1276
1516,00;0,1277
1515,50;0,1278
1515,00;0,1279
1514,50;0,1281
1514,00;0,1282
1513,50;0,1283
1513,00;0,1282
1512,50;0,1280
1512,00;0,1278
1511,50;0,1276
1511,00;0,1274
1510,50;0,1273
1510,00;0,1273
1509,50;0,1274
1509,00;0,1275
1508,50;0,1277
1508,00;0,1277
1507,50;0,1277
1507,00;0,1277
1506,50;0,1278
1506,00;0,1279
1505,50;0,1279
1505,00;0,1279
1504,50;0,1280
1504,00;0,1281
1503,50;0,1282
1503,00;0,1281
1502,50;0,1280
1502,00;0,1279
1501,50;0,1279
1501,00;0,1279
1500,50;0,1281
1500,00;0,1282
1499,50;0,1283
1499,00;0,1284
1498,50;0,1284
1498,00;0,1283
1497,50;0,1282
1497,00;0,1280
1496,50;0,1278
1496,00;0,1280
1495,50;0,1284
1495,00;0,1288
1494,50;0,1289
1494,00;0,1287
1493,50;0,1283
1493,00;0,1280
1492,50;0,1276
1492,00;0,1274
1491,50;0,1271
1491,00;0,1270
1490,50;0,1270
1490,00;0,1271
1489,50;0,1271
1489,00;0,1271
1488,50;0,1271
1488,00;0,1271
1487,50;0,1270
1487,00;0,1271
1486,50;0,1272
1486,00;0,1274
1485,50;0,1273
1485,00;0,1271
1484,50;0,1268
1484,00;0,1267
1483,50;0,1266
1483,00;0,1266
1482,50;0,1266
1482,00;0,1266
1481,50;0,1264
1481,00;0,1261
1480,50;0,1259
1480,00;0,1258
1479,50;0,1259
1479,00;0,1261
1478,50;0,1262
1478,00;0,1264
1477,50;0,1264
1477,00;0,1263
1476,50;0,1263
1476,00;0,1262
1475,50;0,1261
1475,00;0,1260
1474,50;0,1260
1474,00;0,1259
1473,50;0,1257
1473,00;0,1256
1472,50;0,1254
1472,00;0,1253
1471,50;0,1253
1471,00;0,1256
1470,50;0,1258
1470,00;0,1259
1469,50;0,1257
1469,00;0,1256
1468,50;0,1256
1468,00;0,1258
1467,50;0,1259
1467,00;0,1260
1466,50;0,1259
1466,00;0,1257
1465,50;0,1254
1465,00;0,1251
1464,50;0,1251
1464,00;0,1250
1463,50;0,1248
1463,00;0,1247
1462,50;0,1248
1462,00;0,1249
1461,50;0,1251
1461,00;0,1251
1460,50;0,1251
1460,00;0,1249
1459,50;0,1246
1459,00;0,1244
1458,50;0,1243
1458,00;0,1242
1457,50;0,1242
1457,00;0,1241
1456,50;0,1240
1456,00;0,1241
1455,50;0,1241
1455,00;0,1242
1454,50;0,1243
1454,00;0,1244
1453,50;0,1245
1453,00;0,1245
1452,50;0,1245
1452,00;0,1244
1451,50;0,1245
1451,00;0,1246
1450,50;0,1247
1450,00;0,1246
1449,50;0,1243
1449,00;0,1240
1448,50;0,1237
1448,00;0,1236
1447,50;0,1237
1447,00;0,1238
1446,50;0,1238
1446,00;0,1237
1445,50;0,1237
1445,00;0,1237
1444,50;0,1237
1444,00;0,1237
1443,50;0,1236
1443,00;0,1235
1442,50;0,1234
1442,00;0,1233
1441,50;0,1232
1441,00;0,1233
1440,50;0,1234
1440,00;0,1234
1439,50;0,1233
1439,00;0,1231
1438,50;0,1229
1438,00;0,1227
1437,50;0,1226
1437,00;0,1225
1436,50;0,1227
1436,00;0,1231
1435,50;0,1235
1435,00;0,1237
1434,50;0,1237
1434,00;0,1236
1433,50;0,1234
1433,00;0,1232
1432,50;0,1231
1432,00;0,1229
1431,50;0,1227
1431,00;0,1227
1430,50;0,1227
1430,00;0,1229
1429,50;0,1232
1429,00;0,1234
1428,50;0,1233
1428,00;0,1230
1427,50;0,1228
1427,00;0,1227
1426,50;0,1226
1426,00;0,1225
1425,50;0,1226
1425,00;0,1227
1424,50;0,1227
1424,00;0,1227
1423,50;0,1226
1423,00;0,1225
1422,50;0,1223
1422,00;0,1221
1421,50;0,1219
1421,00;0,1218
1420,50;0,1219
1420,00;0,1219
1419,50;0,1220
1419,00;0,1221
1418,50;0,1222
1418,00;0,1220
1417,50;0,1218
1417,00;0,1216
1416,50;0,1215
1416,00;0,1216
1415,50;0,1217
1415,00;0,1218
1414,50;0,1219
1414,00;0,1218
1413,50;0,1217
1413,00;0,1214
1412,50;0,1211
1412,00;0,1210
1411,50;0,1209
1411,00;0,1210
1410,50;0,1211
1410,00;0,1213
1409,50;0,1214
1409,00;0,1214
1408,50;0,1213
1408,00;0,1212
1407,50;0,1211
1407,00;0,1209
1406,50;0,1207
1406,00;0,1206
1405,50;0,1205
1405,00;0,1206
1404,50;0,1206
1404,00;0,1208
1403,50;0,1209
1403,00;0,1208
1402,50;0,1206
1402,00;0,1202
1401,50;0,1200
1401,00;0,1199
1400,50;0,1200
1400,00;0,1200
1399,50;0,1199
1399,00;0,1197
1398,50;0,1195
1398,00;0,1194
1397,50;0,1193
1397,00;0,1190
1396,50;0,1188
1396,00;0,1187
1395,50;0,1188
1395,00;0,1190
1394,50;0,1191
1394,00;0,1191
1393,50;0,1189
1393,00;0,1185
1392,50;0,1182
1392,00;0,1180
1391,50;0,1180
1391,00;0,1181
1390,50;0,1182
1390,00;0,1184
1389,50;0,1187
1389,00;0,1188
1388,50;0,1189
1388,00;0,1189
1387,50;0,1189
1387,00;0,1189
1386,50;0,1190
1386,00;0,1191
1385,50;0,1192
1385,00;0,1192
1384,50;0,1192
1384,00;0,1191
1383,50;0,1190
1383,00;0,1188
1382,50;0,1186
1382,00;0,1185
1381,50;0,1183
1381,00;0,1182
1380,50;0,1182
1380,00;0,1181
1379,50;0,1180
1379,00;0,1179
1378,50;0,1177
1378,00;0,1176
1377,50;0,1174
1377,00;0,1172
1376,50;0,1171
1376,00;0,1171
1375,50;0,1171
1375,00;0,1170
1374,50;0,1169
1374,00;0,1168
1373,50;0,1167
1373,00;0,1169
1372,50;0,1172
1372,00;0,1173
1371,50;0,1173
1371,00;0,1173
1370,50;0,1173
1370,00;0,1172
1369,50;0,1170
1369,00;0,1168
1368,50;0,1167
1368,00;0,1168
1367,50;0,1169
1367,00;0,1170
1366,50;0,1170
1366,00;0,1169
1365,50;0,1168
1365,00;0,1167
1364,50;0,1166
1364,00;0,1163
1363,50;0,1161
1363,00;0,1160
1362,50;0,1161
1362,00;0,1161
1361,50;0,1161
1361,00;0,1159
1360,50;0,1157
1360,00;0,1157
1359,50;0,1157
1359,00;0,1158
1358,50;0,1158
1358,00;0,1158
1357,50;0,1158
1357,00;0,1158
1356,50;0,1160
1356,00;0,1161
1355,50;0,1160
1355,00;0,1158
1354,50;0,1156
1354,00;0,1157
1353,50;0,1158
1353,00;0,1159
1352,50;0,1158
1352,00;0,1158
1351,50;0,1157
1351,00;0,1157
1350,50;0,1156
1350,00;0,1156
1349,50;0,1155
1349,00;0,1153
1348,50;0,1153
1348,00;0,1153
1347,50;0,1154
1347,00;0,1154
1346,50;0,1155
1346,00;0,1155
1345,50;0,1157
1345,00;0,1158
1344,50;0,1158
1344,00;0,1158
1343,50;0,1157
1343,00;0,1155
1342,50;0,1153
1342,00;0,1151
1341,50;0,1149
1341,00;0,1147
1340,50;0,1145
1340,00;0,1143
1339,50;0,1142
1339,00;0,1143
1338,50;0,1144
1338,00;0,1146
1337,50;0,1147
1337,00;0,1147
1336,50;0,1148
1336,00;0,1149
1335,50;0,1151
1335,00;0,1152
1334,50;0,1152
1334,00;0,1152
1333,50;0,1150
1333,00;0,1148
1332,50;0,1146
1332,00;0,1144
1331,50;0,1143
1331,00;0,1142
1330,50;0,1142
1330,00;0,1143
1329,50;0,1144
1329,00;0,1145
1328,50;0,1145
1328,00;0,1145
1327,50;0,1144
1327,00;0,1142
1326,50;0,1140
1326,00;0,1138
1325,50;0,1137
1325,00;0,1137
1324,50;0,1136
1324,00;0,1134
1323,50;0,1133
1323,00;0,1133
1322,50;0,1134
1322,00;0,1134
1321,50;0,1134
1321,00;0,1134
1320,50;0,1134
1320,00;0,1133
1319,50;0,1133
1319,00;0,1134
1318,50;0,1134
1318,00;0,1134
1317,50;0,1135
1317,00;0,1135
1316,50;0,1135
1316,00;0,1134
1315,50;0,1133
1315,00;0,1132
1314,50;0,1131
1314,00;0,1132
1313,50;0,1131
1313,00;0,1131
1312,50;0,1130
1312,00;0,1130
1311,50;0,1131
1311,00;0,1131
1310,50;0,1131
1310,00;0,1130
1309,50;0,1129
1309,00;0,1127
1308,50;0,1127
1308,00;0,1127
1307,50;0,1127
1307,00;0,1129
1306,50;0,1131
1306,00;0,1133
1305,50;0,1133
1305,00;0,1131
1304,50;0,1129
1304,00;0,1127
1303,50;0,1126
1303,00;0,1125
1302,50;0,1123
1302,00;0,1121
1301,50;0,1120
1301,00;0,1120
1300,50;0,1121
1300,00;0,1122
1299,50;0,1123
1299,00;0,1122
1298,50;0,1122
1298,00;0,1122
1297,50;0,1121
1297,00;0,1119
1296,50;0,1116
1296,00;0,1115
1295,50;0,1116
1295,00;0,1117
1294,50;0,1117
1294,00;0,1117
1293,50;0,1116
1293,00;0,1116
1292,50;0,1115
1292,00;0,1113
1291,50;0,1112
1291,00;0,1111
1290,50;0,1110
1290,00;0,1110
1289,50;0,1110
1289,00;0,1110
1288,50;0,1111
1288,00;0,1112
1287,50;0,1113
1287,00;0,1113
1286,50;0,1113
1286,00;0,1113
1285,50;0,1113
1285,00;0,1113
1284,50;0,1113
1284,00;0,1113
1283,50;0,1113
1283,00;0,1112
1282,50;0,1112
1282,00;0,1112
1281,50;0,1111
1281,00;0,1110
1280,50;0,1109
1280,00;0,1109
1279,50;0,1109
1279,00;0,1109
1278,50;0,1108
1278,00;0,1106
1277,50;0,1105
1277,00;0,1105
1276,50;0,1105
1276,00;0,1105
1275,50;0,1102
1275,00;0,1099
1274,50;0,1097
1274,00;0,1096
1273,50;0,1097
1273,00;0,1097
1272,50;0,1097
1272,00;0,1096
1271,50;0,1095
1271,00;0,1093
1270,50;0,1092
1270,00;0,1092
1269,50;0,1092
1269,00;0,1092
1268,50;0,1091
1268,00;0,1091
1267,50;0,1093
1267,00;0,1095
1266,50;0,1097
1266,00;0,1099
1265,50;0,1100
1265,00;0,1099
1264,50;0,1098
1264,00;0,1098
1263,50;0,1099
1263,00;0,1100
1262,50;0,1102
1262,00;0,1102
1261,50;0,1103
1261,00;0,1103
1260,50;0,1102
1260,00;0,1101
1259,50;0,1099
1259,00;0,1098
1258,50;0,1098
1258,00;0,1098
1257,50;0,1099
1257,00;0,1100
1256,50;0,1100
1256,00;0,1099
1255,50;0,1098
1255,00;0,1097
1254,50;0,1096
1254,00;0,1094
1253,50;0,1092
1253,00;0,1090
1252,50;0,1090
1252,00;0,1090
1251,50;0,1090
1251,00;0,1090
1250,50;0,1089
1250,00;0,1088
1249,50;0,1088
1249,00;0,1087
1248,50;0,1085
1248,00;0,1084
1247,50;0,1083
1247,00;0,1084
1246,50;0,1085
1246,00;0,1086
1245,50;0,1085
1245,00;0,1085
1244,50;0,1085
1244,00;0,1085
1243,50;0,1086
1243,00;0,1087
1242,50;0,1089
1242,00;0,1090
1241,50;0,1092
1241,00;0,1093
1240,50;0,1092
1240,00;0,1091
1239,50;0,1089
1239,00;0,1089
1238,50;0,1089
1238,00;0,1092
1237,50;0,1094
1237,00;0,1094
1236,50;0,1093
1236,00;0,1092
1235,50;0,1093
1235,00;0,1093
1234,50;0,1093
1234,00;0,1092
1233,50;0,1091
1233,00;0,1090
1232,50;0,1089
1232,00;0,1089
1231,50;0,1089
1231,00;0,1090
1230,50;0,1092
1230,00;0,1095
1229,50;0,1096
1229,00;0,1096
1228,50;0,1095
1228,00;0,1093
1227,50;0,1092
1227,00;0,1092
1226,50;0,1092
1226,00;0,1092
1225,50;0,1092
1225,00;0,1093
1224,50;0,1094
1224,00;0,1094
1223,50;0,1093
1223,00;0,1092
1222,50;0,1090
1222,00;0,1090
1221,50;0,1091
1221,00;0,1093
1220,50;0,1094
1220,00;0,1095
1219,50;0,1094
1219,00;0,1092
1218,50;0,1091
1218,00;0,1091
1217,50;0,1092
1217,00;0,1092
1216,50;0,1091
1216,00;0,1088
1215,50;0,1085
1215,00;0,1084
1214,50;0,1083
1214,00;0,1082
1213,50;0,1081
1213,00;0,1080
1212,50;0,1079
1212,00;0,1078
1211,50;0,1077
1211,00;0,1077
1210,50;0,1077
1210,00;0,1078
1209,50;0,1079
1209,00;0,1078
1208,50;0,1077
1208,00;0,1076
1207,50;0,1075
1207,00;0,1076
1206,50;0,1079
1206,00;0,1082
1205,50;0,1084
1205,00;0,1085
1204,50;0,1085
1204,00;0,1084
1203,50;0,1083
1203,00;0,1082
1202,50;0,1080
1202,00;0,1078
1201,50;0,1078
1201,00;0,1078
1200,50;0,1078
1200,00;0,1077
1199,50;0,1076
1199,00;0,1075
1198,50;0,1074
1198,00;0,1074
1197,50;0,1074
1197,00;0,1072
1196,50;0,1069
1196,00;0,1067
1195,50;0,1068
1195,00;0,1070
1194,50;0,1072
1194,00;0,1075
1193,50;0,1076
1193,00;0,1075
1192,50;0,1072
1192,00;0,1070
1191,50;0,1069
1191,00;0,1070
1190,50;0,1071
1190,00;0,1072
1189,50;0,1073
1189,00;0,1073
1188,50;0,1072
1188,00;0,1070
1187,50;0,1069
1187,00;0,1068
1186,50;0,1068
1186,00;0,1068
1185,50;0,1069
1185,00;0,1070
1184,50;0,1072
1184,00;0,1074
1183,50;0,1075
1183,00;0,1075
1182,50;0,1074
1182,00;0,1071
1181,50;0,1070
1181,00;0,1072
1180,50;0,1076
1180,00;0,1079
1179,50;0,1080
1179,00;0,1080
1178,50;0,1078
1178,00;0,1077
1177,50;0,1076
1177,00;0,1075
1176,50;0,1075
1176,00;0,1074
1175,50;0,1074
1175,00;0,1074
1174,50;0,1075
1174,00;0,1076
1173,50;0,1077
1173,00;0,1078
1172,50;0,1078
1172,00;0,1077
1171,50;0,1076
1171,00;0,1076
1170,50;0,1077
1170,00;0,1078
1169,50;0,1078
1169,00;0,1078
1168,50;0,1077
1168,00;0,1076
1167,50;0,1076
1167,00;0,1075
1166,50;0,1075
1166,00;0,1075
1165,50;0,1074
1165,00;0,1073
1164,50;0,1074
1164,00;0,1076
1163,50;0,1077
1163,00;0,1077
1162,50;0,1075
1162,00;0,1074
1161,50;0,1073
1161,00;0,1073
1160,50;0,1072
1160,00;0,1070
1159,50;0,1068
1159,00;0,1067
1158,50;0,1066
1158,00;0,1065
1157,50;0,1064
1157,00;0,1063
1156,50;0,1063
1156,00;0,1062
1155,50;0,1062
1155,00;0,1063
1154,50;0,1064
1154,00;0,1064
1153,50;0,1064
1153,00;0,1064
1152,50;0,1065
1152,00;0,1066
1151,50;0,1065
1151,00;0,1063
1150,50;0,1060
1150,00;0,1056
1149,50;0,1053
1149,00;0,1054
1148,50;0,1056
1148,00;0,1057
1147,50;0,1058
1147,00;0,1056
1146,50;0,1056
1146,00;0,1056
1145,50;0,1058
1145,00;0,1060
1144,50;0,1062
1144,00;0,1063
1143,50;0,1063
1143,00;0,1062
1142,50;0,1063
1142,00;0,1065
1141,50;0,1067
1141,00;0,1068
1140,50;0,1068
1140,00;0,1067
1139,50;0,1066
1139,00;0,1067
1138,50;0,1068
1138,00;0,1069
1137,50;0,1069
1137,00;0,1069
1136,50;0,1069
1136,00;0,1071
1135,50;0,1073
1135,00;0,1074
1134,50;0,1074
1134,00;0,1072
1133,50;0,1071
1133,00;0,1070
1132,50;0,1072
1132,00;0,1073
1131,50;0,1074
1131,00;0,1073
1130,50;0,1071
1130,00;0,1070
1129,50;0,1069
1129,00;0,1068
1128,50;0,1067
1128,00;0,1068
1127,50;0,1068
1127,00;0,1069
1126,50;0,1069
1126,00;0,1067
1125,50;0,1064
1125,00;0,1060
1124,50;0,1055
1124,00;0,1051
1123,50;0,1048
1123,00;0,1048
1122,50;0,1049
1122,00;0,1051
1121,50;0,1053
1121,00;0,1055
1120,50;0,1056
1120,00;0,1056
1119,50;0,1055
1119,00;0,1054
1118,50;0,1054
1118,00;0,1054
1117,50;0,1055
1117,00;0,1056
1116,50;0,1058
1116,00;0,1059
1115,50;0,1058
1115,00;0,1055
1114,50;0,1054
1114,00;0,1056
1113,50;0,1060
1113,00;0,1066
1112,50;0,1068
1112,00;0,1068
1111,50;0,1065
1111,00;0,1062
1110,50;0,1061
1110,00;0,1060
1109,50;0,1061
1109,00;0,1060
1108,50;0,1059
1108,00;0,1057
1107,50;0,1056
1107,00;0,1057
1106,50;0,1060
1106,00;0,1062
1105,50;0,1062
1105,00;0,1060
1104,50;0,1057
1104,00;0,1055
1103,50;0,1052
1103,00;0,1048
1102,50;0,1045
1102,00;0,1045
1101,50;0,1046
1101,00;0,1048
1100,50;0,1051
1100,00;0,1054
1099,50;0,1055
1099,00;0,1053
1098,50;0,1048
1098,00;0,1042
1097,50;0,1039
1097,00;0,1037
1096,50;0,1037
1096,00;0,1039
1095,50;0,1042
1095,00;0,1043
1094,50;0,1042
1094,00;0,1041
1093,50;0,1040
1093,00;0,1037
1092,50;0,1035
1092,00;0,1035
1091,50;0,1037
1091,00;0,1040
1090,50;0,1041
1090,00;0,1040
1089,50;0,1038
1089,00;0,1035
1088,50;0,1031
1088,00;0,1028
1087,50;0,1024
1087,00;0,1020
1086,50;0,1017
1086,00;0,1016
1085,50;0,1018
1085,00;0,1019
1084,50;0,1019
1084,00;0,1018
1083,50;0,1015
1083,00;0,1012
1082,50;0,1008
1082,00;0,1006
1081,50;0,1004
1081,00;0,1004
1080,50;0,1006
1080,00;0,1007
1079,50;0,1007
1079,00;0,1004
1078,50;0,0999
1078,00;0,0995
1077,50;0,0993
1077,00;0,0992
1076,50;0,0993
1076,00;0,0994
1075,50;0,0995
1075,00;0,0996
1074,50;0,0996
1074,00;0,0995
1073,50;0,0994
1073,00;0,0992
1072,50;0,0989
1072,00;0,0986
1071,50;0,0985
1071,00;0,0984
1070,50;0,0984
1070,00;0,0984
1069,50;0,0986
1069,00;0,0989
1068,50;0,0991
1068,00;0,0990
1067,50;0,0986
1067,00;0,0980
1066,50;0,0974
1066,00;0,0969
1065,50;0,0966
1065,00;0,0965
1064,50;0,0965
1064,00;0,0967
1063,50;0,0968
1063,00;0,0968
1062,50;0,0966
1062,00;0,0961
1061,50;0,0955
1061,00;0,0952
1060,50;0,0951
1060,00;0,0953
1059,50;0,0956
1059,00;0,0959
1058,50;0,0962
1058,00;0,0964
1057,50;0,0964
1057,00;0,0962
1056,50;0,0957
1056,00;0,0954
1055,50;0,0953
1055,00;0,0953
1054,50;0,0954
1054,00;0,0954
1053,50;0,0955
1053,00;0,0956
1052,50;0,0957
1052,00;0,0957
1051,50;0,0956
1051,00;0,0955
1050,50;0,0956
1050,00;0,0957
1049,50;0,0959
1049,00;0,0961
1048,50;0,0961
1048,00;0,0961
1047,50;0,0959
1047,00;0,0958
1046,50;0,0958
1046,00;0,0958
1045,50;0,0958
1045,00;0,0959
1044,50;0,0961
1044,00;0,0964
1043,50;0,0965
1043,00;0,0964
1042,50;0,0963
1042,00;0,0961
1041,50;0,0961
1041,00;0,0961
1040,50;0,0961
1040,00;0,0960
1039,50;0,0959
1039,00;0,0959
1038,50;0,0961
1038,00;0,0963
1037,50;0,0965
1037,00;0,0967
1036,50;0,0968
1036,00;0,0969
1035,50;0,0969
1035,00;0,0969
1034,50;0,0969
1034,00;0,0970
1033,50;0,0973
1033,00;0,0976
1032,50;0,0976
1032,00;0,0976
1031,50;0,0975
1031,00;0,0975
1030,50;0,0973
1030,00;0,0971
1029,50;0,0970
1029,00;0,0971
1028,50;0,0973
1028,00;0,0976
1027,50;0,0979
1027,00;0,0983
1026,50;0,0985
1026,00;0,0986
1025,50;0,0984
1025,00;0,0982
1024,50;0,0981
1024,00;0,0983
1023,50;0,0986
1023,00;0,0990
1022,50;0,0994
1022,00;0,0997
1021,50;0,0999
1021,00;0,1001
1020,50;0,1001
1020,00;0,1000
1019,50;0,0999
1019,00;0,0998
1018,50;0,0998
1018,00;0,0998
1017,50;0,0999
1017,00;0,1000
1016,50;0,1003
1016,00;0,1007
1015,50;0,1011
1015,00;0,1014
1014,50;0,1015
1014,00;0,1014
1013,50;0,1013
1013,00;0,1013
1012,50;0,1015
1012,00;0,1019
1011,50;0,1024
1011,00;0,1029
1010,50;0,1031
1010,00;0,1033
1009,50;0,1034
1009,00;0,1036
1008,50;0,1038
1008,00;0,1039
1007,50;0,1039
1007,00;0,1040
1006,50;0,1040
1006,00;0,1041
1005,50;0,1043
1005,00;0,1045
1004,50;0,1048
1004,00;0,1052
1003,50;0,1054
1003,00;0,1057
1002,50;0,1060
1002,00;0,1062
1001,50;0,1065
1001,00;0,1069
1000,50;0,1072
1000,00;0,1075
999,50;0,1075
999,00;0,1076
998,50;0,1078
998,00;0,1081
997,50;0,1084
997,00;0,1087
996,50;0,1091
996,00;0,1094
995,50;0,1096
995,00;0,1098
994,50;0,1100
994,00;0,1103
993,50;0,1104
993,00;0,1105
992,50;0,1107
992,00;0,1113
991,50;0,1120
991,00;0,1128
990,50;0,1133
990,00;0,1136
989,50;0,1138
989,00;0,1141
988,50;0,1145
988,00;0,1149
987,50;0,1153
987,00;0,1155
986,50;0,1156
986,00;0,1158
985,50;0,1162
985,00;0,1168
984,50;0,1174
984,00;0,1179
983,50;0,1181
983,00;0,1183
982,50;0,1185
982,00;0,1188
981,50;0,1192
981,00;0,1195
980,50;0,1198
980,00;0,1202
979,50;0,1208
979,00;0,1213
978,50;0,1219
978,00;0,1224
977,50;0,1228
977,00;0,1230
976,50;0,1233
976,00;0,1236
975,50;0,1242
975,00;0,1251
974,50;0,1259
974,00;0,1265
973,50;0,1269
973,00;0,1271
972,50;0,1273
972,00;0,1276
971,50;0,1280
971,00;0,1287
970,50;0,1294
970,00;0,1300
969,50;0,1306
969,00;0,1312
968,50;0,1317
968,00;0,1322
967,50;0,1326
967,00;0,1329
966,50;0,1335
966,00;0,1343
965,50;0,1351
965,00;0,1359
964,50;0,1365
964,00;0,1372
963,50;0,1378
963,00;0,1383
962,50;0,1386
962,00;0,1389
961,50;0,1392
961,00;0,1399
960,50;0,1410
960,00;0,1423
959,50;0,1436
959,00;0,1447
958,50;0,1454
958,00;0,1459
957,50;0,1463
957,00;0,1466
956,50;0,1470
956,00;0,1474
955,50;0,1481
955,00;0,1491
954,50;0,1502
954,00;0,1514
953,50;0,1526
953,00;0,1536
952,50;0,1543
952,00;0,1549
951,50;0,1553
951,00;0,1559
950,50;0,1566
950,00;0,1576
949,50;0,1585
949,00;0,1593
948,50;0,1600
948,00;0,1608
947,50;0,1617
947,00;0,1627
946,50;0,1634
946,00;0,1639
945,50;0,1643
945,00;0,1650
944,50;0,1660
944,00;0,1671
943,50;0,1683
943,00;0,1694
942,50;0,1703
942,00;0,1710
941,50;0,1715
941,00;0,1719
940,50;0,1725
940,00;0,1732
939,50;0,1742
939,00;0,1752
938,50;0,1762
938,00;0,1772
937,50;0,1782
937,00;0,1792
936,50;0,1800
936,00;0,1807
935,50;0,1812
935,00;0,1817
934,50;0,1823
934,00;0,1832
933,50;0,1843
933,00;0,1854
932,50;0,1863
932,00;0,1872
931,50;0,1882
931,00;0,1891
930,50;0,1899
930,00;0,1905
929,50;0,1912
929,00;0,1921
928,50;0,1932
928,00;0,1942
927,50;0,1951
927,00;0,1958
926,50;0,1965
926,00;0,1971
925,50;0,1975
925,00;0,1980
924,50;0,1985
924,00;0,1992
923,50;0,2002
923,00;0,2012
922,50;0,2019
922,00;0,2021
921,50;0,2022
921,00;0,2025
920,50;0,2031
920,00;0,2039
919,50;0,2045
919,00;0,2051
918,50;0,2058
918,00;0,2068
917,50;0,2079
917,00;0,2089
916,50;0,2093
916,00;0,2094
915,50;0,2096
915,00;0,2101
914,50;0,2108
914,00;0,2116
913,50;0,2124
913,00;0,2132
912,50;0,2141
912,00;0,2150
911,50;0,2158
911,00;0,2166
910,50;0,2172
910,00;0,2174
909,50;0,2176
909,00;0,2181
908,50;0,2192
908,00;0,2204
907,50;0,2214
907,00;0,2217
906,50;0,2216
906,00;0,2213
905,50;0,2213
905,00;0,2219
904,50;0,2231
904,00;0,2244
903,50;0,2254
903,00;0,2259
902,50;0,2260
902,00;0,2262
901,50;0,2268
901,00;0,2280
900,50;0,2293
900,00;0,2300
899,50;0,2298
899,00;0,2289
898,50;0,2282
898,00;0,2281
897,50;0,2289
897,00;0,2302
896,50;0,2314
896,00;0,2318
895,50;0,2316
895,00;0,2313
894,50;0,2317
894,00;0,2328
893,50;0,2339
893,00;0,2346
892,50;0,2351
892,00;0,2357
891,50;0,2367
891,00;0,2377
890,50;0,2384
890,00;0,2385
889,50;0,2382
889,00;0,2379
888,50;0,2381
888,00;0,2387
887,50;0,2398
887,00;0,2409
886,50;0,2418
886,00;0,2424
885,50;0,2428
885,00;0,2431
884,50;0,2435
884,00;0,2438
883,50;0,2438
883,00;0,2439
882,50;0,2443
882,00;0,2449
881,50;0,2454
881,00;0,2458
880,50;0,2462
880,00;0,2471
879,50;0,2477
879,00;0,2476
878,50;0,2467
878,00;0,2458
877,50;0,2457
877,00;0,2464
876,50;0,2476
876,00;0,2488
875,50;0,2496
875,00;0,2502
874,50;0,2506
874,00;0,2507
873,50;0,2507
873,00;0,2507
872,50;0,2507
872,00;0,2508
871,50;0,2511
871,00;0,2515
870,50;0,2522
870,00;0,2529
869,50;0,2535
869,00;0,2538
868,50;0,2540
868,00;0,2545
867,50;0,2552
867,00;0,2560
866,50;0,2567
866,00;0,2571
865,50;0,2574
865,00;0,2577
864,50;0,2580
864,00;0,2582
863,50;0,2582
863,00;0,2581
862,50;0,2581
862,00;0,2584
861,50;0,2591
861,00;0,2601
860,50;0,2613
860,00;0,2624
859,50;0,2630
859,00;0,2628
858,50;0,2621
858,00;0,2615
857,50;0,2615
857,00;0,2622
856,50;0,2633
856,00;0,2640
855,50;0,2640
855,00;0,2636
854,50;0,2634
854,00;0,2638
853,50;0,2645
853,00;0,2652
852,50;0,2659
852,00;0,2663
851,50;0,2666
851,00;0,2670
850,50;0,2675
850,00;0,2682
849,50;0,2686
849,00;0,2687
848,50;0,2683
848,00;0,2679
847,50;0,2677
847,00;0,2681
846,50;0,2691
846,00;0,2700
845,50;0,2705
845,00;0,2704
844,50;0,2701
844,00;0,2700
843,50;0,2699
843,00;0,2701
842,50;0,2704
842,00;0,2708
841,50;0,2713
841,00;0,2719
840,50;0,2728
840,00;0,2737
839,50;0,2745
839,00;0,2748
838,50;0,2749
838,00;0,2748
837,50;0,2747
837,00;0,2746
836,50;0,2747
836,00;0,2750
835,50;0,2755
835,00;0,2761
834,50;0,2768
834,00;0,2771
833,50;0,2766
833,00;0,2756
832,50;0,2751
832,00;0,2754
831,50;0,2764
831,00;0,2775
830,50;0,2781
830,00;0,2785
829,50;0,2788
829,00;0,2794
828,50;0,2802
828,00;0,2810
827,50;0,2813
827,00;0,2809
826,50;0,2803
826,00;0,2797
825,50;0,2792
825,00;0,2791
824,50;0,2798
824,00;0,2811
823,50;0,2824
823,00;0,2830
822,50;0,2828
822,00;0,2823
821,50;0,2818
821,00;0,2816
820,50;0,2816
820,00;0,2818
819,50;0,2821
819,00;0,2824
818,50;0,2827
818,00;0,2832
817,50;0,2837
817,00;0,2840
816,50;0,2839
816,00;0,2836
815,50;0,2833
815,00;0,2830
814,50;0,2829
814,00;0,2831
813,50;0,2834
813,00;0,2837
812,50;0,2839
812,00;0,2842
811,50;0,2844
811,00;0,2844
810,50;0,2841
810,00;0,2839
809,50;0,2840
809,00;0,2842
808,50;0,2844
808,00;0,2846
807,50;0,2847
807,00;0,2846
806,50;0,2843
806,00;0,2836
805,50;0,2828
805,00;0,2822
804,50;0,2821
804,00;0,2826
803,50;0,2835
803,00;0,2841
802,50;0,2844
802,00;0,2844
801,50;0,2843
801,00;0,2842
800,50;0,2839
800,00;0,2834
799,50;0,2827
799,00;0,2823
798,50;0,2825
798,00;0,2834
797,50;0,2846
797,00;0,2849
796,50;0,2840
796,00;0,2825
795,50;0,2813
795,00;0,2809
794,50;0,2810
794,00;0,2813
793,50;0,2815
793,00;0,2815
792,50;0,2814
792,00;0,2810
791,50;0,2806
791,00;0,2802
790,50;0,2801
790,00;0,2803
789,50;0,2806
789,00;0,2805
788,50;0,2803
788,00;0,2801
787,50;0,2800
787,00;0,2799
786,50;0,2797
786,00;0,2794
785,50;0,2791
785,00;0,2787
784,50;0,2780
784,00;0,2770
783,50;0,2762
783,00;0,2761
782,50;0,2767
782,00;0,2774
781,50;0,2779
781,00;0,2779
780,50;0,2775
780,00;0,2770
779,50;0,2763
779,00;0,2755
778,50;0,2748
778,00;0,2743
777,50;0,2742
777,00;0,2743
776,50;0,2744
776,00;0,2744
775,50;0,2740
775,00;0,2733
774,50;0,2726
774,00;0,2721
773,50;0,2720
773,00;0,2720
772,50;0,2721
772,00;0,2723
771,50;0,2728
771,00;0,2732
770,50;0,2731
770,00;0,2724
769,50;0,2710
769,00;0,2696
768,50;0,2686
768,00;0,2683
767,50;0,2685
767,00;0,2687
766,50;0,2687
766,00;0,2685
765,50;0,2682
765,00;0,2679
764,50;0,2675
764,00;0,2669
763,50;0,2661
763,00;0,2652
762,50;0,2643
762,00;0,2637
761,50;0,2636
761,00;0,2640
760,50;0,2644
760,00;0,2643
759,50;0,2636
759,00;0,2628
758,50;0,2623
758,00;0,2622
757,50;0,2620
757,00;0,2616
756,50;0,2612
756,00;0,2610
755,50;0,2609
755,00;0,2607
754,50;0,2605
754,00;0,2602
753,50;0,2596
753,00;0,2586
752,50;0,2573
752,00;0,2564
751,50;0,2559
751,00;0,2557
750,50;0,2557
750,00;0,2557
749,50;0,2555
749,00;0,2550
748,50;0,2542
748,00;0,2535
747,50;0,2530
747,00;0,2526
746,50;0,2521
746,00;0,2516
745,50;0,2515
745,00;0,2516
744,50;0,2514
744,00;0,2509
743,50;0,2499
743,00;0,2487
742,50;0,2475
742,00;0,2466
741,50;0,2460
741,00;0,2456
740,50;0,2456
740,00;0,2459
739,50;0,2461
739,00;0,2457
738,50;0,2448
738,00;0,2436
737,50;0,2424
737,00;0,2413
736,50;0,2402
736,00;0,2396
735,50;0,2394
735,00;0,2395
734,50;0,2394
734,00;0,2393
733,50;0,2391
733,00;0,2386
732,50;0,2379
732,00;0,2372
731,50;0,2367
731,00;0,2365
730,50;0,2363
730,00;0,2363
729,50;0,2366
729,00;0,2369
728,50;0,2366
728,00;0,2357
727,50;0,2345
727,00;0,2335
726,50;0,2325
726,00;0,2315
725,50;0,2308
725,00;0,2307
724,50;0,2311
724,00;0,2313
723,50;0,2311
723,00;0,2304
722,50;0,2297
722,00;0,2292
721,50;0,2288
721,00;0,2283
720,50;0,2278
720,00;0,2273
719,50;0,2272
719,00;0,2275
718,50;0,2276
718,00;0,2273
717,50;0,2267
717,00;0,2262
716,50;0,2257
716,00;0,2252
715,50;0,2243
715,00;0,2235
714,50;0,2231
714,00;0,2234
713,50;0,2239
713,00;0,2242
712,50;0,2242
712,00;0,2241
711,50;0,2239
711,00;0,2234
710,50;0,2226
710,00;0,2217
709,50;0,2211
709,00;0,2209
708,50;0,2205
708,00;0,2199
707,50;0,2194
707,00;0,2194
706,50;0,2198
706,00;0,2198
705,50;0,2190
705,00;0,2179
704,50;0,2173
704,00;0,2174
703,50;0,2179
703,00;0,2181
702,50;0,2177
702,00;0,2170
701,50;0,2165
701,00;0,2162
700,50;0,2160
700,00;0,2156
699,50;0,2150
699,00;0,2143
698,50;0,2138
698,00;0,2137
697,50;0,2140
697,00;0,2144
696,50;0,2144
696,00;0,2141
695,50;0,2135
695,00;0,2129
694,50;0,2122
694,00;0,2118
693,50;0,2117
693,00;0,2123
692,50;0,2131
692,00;0,2135
691,50;0,2132
691,00;0,2125
690,50;0,2121
690,00;0,2120
689,50;0,2120
689,00;0,2119
688,50;0,2115
688,00;0,2112
687,50;0,2107
687,00;0,2097
686,50;0,2085
686,00;0,2075
685,50;0,2073
685,00;0,2076
684,50;0,2078
684,00;0,2076
683,50;0,2072
683,00;0,2071
682,50;0,2072
682,00;0,2074
681,50;0,2076
681,00;0,2077
680,50;0,2076
680,00;0,2070
679,50;0,2059
679,00;0,2048
678,50;0,2043
678,00;0,2044
677,50;0,2049
677,00;0,2054
676,50;0,2056
676,00;0,2055
675,50;0,2048
675,00;0,2038
674,50;0,2029
674,00;0,2022
673,50;0,2017
673,00;0,2013
672,50;0,2014
672,00;0,2014
671,50;0,2016
671,00;0,2019
670,50;0,2022
670,00;0,2028
669,50;0,2042
669,00;0,2064
668,50;0,2089
668,00;0,2103
667,50;0,2083
667,00;0,2033
666,50;0,1996
666,00;0,1983
665,50;0,1980
665,00;0,1978
664,50;0,1979
664,00;0,1983
663,50;0,1986
663,00;0,1985
662,50;0,1979
662,00;0,1980
661,50;0,1988
661,00;0,1995
660,50;0,1995
660,00;0,1989
659,50;0,1979
659,00;0,1969
658,50;0,1960
658,00;0,1953
657,50;0,1949
657,00;0,1950
656,50;0,1955
656,00;0,1965
655,50;0,1975
655,00;0,1981
654,50;0,1979
654,00;0,1971
653,50;0,1960
653,00;0,1947
652,50;0,1936
652,00;0,1930
651,50;0,1935
651,00;0,1947
650,50;0,1957
650,00;0,1960
649,50;0,1957
649,00;0,1950
648,50;0,1941
648,00;0,1933
647,50;0,1926
647,00;0,1922
646,50;0,1920
646,00;0,1920
645,50;0,1924
645,00;0,1932
644,50;0,1939
644,00;0,1939
643,50;0,1929
643,00;0,1914
642,50;0,1904
642,00;0,1901
641,50;0,1906
641,00;0,1914
640,50;0,1919
640,00;0,1919
639,50;0,1912
639,00;0,1899
638,50;0,1886
638,00;0,1876
637,50;0,1869
637,00;0,1864
636,50;0,1861
636,00;0,1863
635,50;0,1869
635,00;0,1874
634,50;0,1875
634,00;0,1871
633,50;0,1863
633,00;0,1853
632,50;0,1842
632,00;0,1831
631,50;0,1825
631,00;0,1823
630,50;0,1823
630,00;0,1828
629,50;0,1838
629,00;0,1847
628,50;0,1850
628,00;0,1848
627,50;0,1844
627,00;0,1842
626,50;0,1843
626,00;0,1849
625,50;0,1858
625,00;0,1866
624,50;0,1868
624,00;0,1863
623,50;0,1856
623,00;0,1848
622,50;0,1839
622,00;0,1831
621,50;0,1828
621,00;0,1835
620,50;0,1845
620,00;0,1851
619,50;0,1851
619,00;0,1848
618,50;0,1846
618,00;0,1842
617,50;0,1833
617,00;0,1822
616,50;0,1811
616,00;0,1806
615,50;0,1808
615,00;0,1815
614,50;0,1825
614,00;0,1833
613,50;0,1839
613,00;0,1843
612,50;0,1846
612,00;0,1846
611,50;0,1840
611,00;0,1827
610,50;0,1812
610,00;0,1803
609,50;0,1804
609,00;0,1811
608,50;0,1817
608,00;0,1815
607,50;0,1807
607,00;0,1794
606,50;0,1782
606,00;0,1776
605,50;0,1779
605,00;0,1788
604,50;0,1795
604,00;0,1795
603,50;0,1790
603,00;0,1786
602,50;0,1782
602,00;0,1774
601,50;0,1760
601,00;0,1746
600,50;0,1741
600,00;0,1748
599,50;0,1762
599,00;0,1774
598,50;0,1780
598,00;0,1781
597,50;0,1783
597,00;0,1788
596,50;0,1791
596,00;0,1786
595,50;0,1772
595,00;0,1757
594,50;0,1747
594,00;0,1746
593,50;0,1752
593,00;0,1761
592,50;0,1769
592,00;0,1770
591,50;0,1763
591,00;0,1752
590,50;0,1742
590,00;0,1734
589,50;0,1729
589,00;0,1728
588,50;0,1733
588,00;0,1742
587,50;0,1749
587,00;0,1749
586,50;0,1743
586,00;0,1736
585,50;0,1736
585,00;0,1743
584,50;0,1750
584,00;0,1750
583,50;0,1743
583,00;0,1736
582,50;0,1735
582,00;0,1738
581,50;0,1736
581,00;0,1726
580,50;0,1709
580,00;0,1695
579,50;0,1689
579,00;0,1691
578,50;0,1696
578,00;0,1701
577,50;0,1708
577,00;0,1715
576,50;0,1718
576,00;0,1712
575,50;0,1697
575,00;0,1680
574,50;0,1670
574,00;0,1671
573,50;0,1680
573,00;0,1690
572,50;0,1694
572,00;0,1687
571,50;0,1674
571,00;0,1659
570,50;0,1647
570,00;0,1638
569,50;0,1632
569,00;0,1628
568,50;0,1625
568,00;0,1624
567,50;0,1629
567,00;0,1641
566,50;0,1654
566,00;0,1660
565,50;0,1654
565,00;0,1639
564,50;0,1617
564,00;0,1593
563,50;0,1576
563,00;0,1573
562,50;0,1586
562,00;0,1604
561,50;0,1613
561,00;0,1605
560,50;0,1587
560,00;0,1569
559,50;0,1555
559,00;0,1546
558,50;0,1542
558,00;0,1544
557,50;0,1551
557,00;0,1563
556,50;0,1574
556,00;0,1582
555,50;0,1583
555,00;0,1578
554,50;0,1569
554,00;0,1564
553,50;0,1563
553,00;0,1562
552,50;0,1557
552,00;0,1550
551,50;0,1546
551,00;0,1550
550,50;0,1559
550,00;0,1564
549,50;0,1554
549,00;0,1529
548,50;0,1499
548,00;0,1482
547,50;0,1484
547,00;0,1496
546,50;0,1508
546,00;0,1515
545,50;0,1520
545,00;0,1525
544,50;0,1526
544,00;0,1517
543,50;0,1498
543,00;0,1477
542,50;0,1461
542,00;0,1459
541,50;0,1473
541,00;0,1496
540,50;0,1514
540,00;0,1515
539,50;0,1496
539,00;0,1462
538,50;0,1426
538,00;0,1397
537,50;0,1384
537,00;0,1389
536,50;0,1409
536,00;0,1435
535,50;0,1456
535,00;0,1463
534,50;0,1452
534,00;0,1427
533,50;0,1395
533,00;0,1363
532,50;0,1339
532,00;0,1333
531,50;0,1345
531,00;0,1364
530,50;0,1373
530,00;0,1365
529,50;0,1348
529,00;0,1333
528,50;0,1318
528,00;0,1303
527,50;0,1294
527,00;0,1299
526,50;0,1318
526,00;0,1336
525,50;0,1344
525,00;0,1338
524,50;0,1326
524,00;0,1307
523,50;0,1284
523,00;0,1261
522,50;0,1244
522,00;0,1238
521,50;0,1245
521,00;0,1267
520,50;0,1296
520,00;0,1317
519,50;0,1319
519,00;0,1307
518,50;0,1293
518,00;0,1287
517,50;0,1287
517,00;0,1289
516,50;0,1289
516,00;0,1288
515,50;0,1287
515,00;0,1287
514,50;0,1294
514,00;0,1309
513,50;0,1324
513,00;0,1327
512,50;0,1313
512,00;0,1292
511,50;0,1280
511,00;0,1291
510,50;0,1319
510,00;0,1350
509,50;0,1373
509,00;0,1383
508,50;0,1382
508,00;0,1368
507,50;0,1343
507,00;0,1314
506,50;0,1292
506,00;0,1285
505,50;0,1292
505,00;0,1308
504,50;0,1327
504,00;0,1341
503,50;0,1346
503,00;0,1341
502,50;0,1326
502,00;0,1303
501,50;0,1276
501,00;0,1255
500,50;0,1249
500,00;0,1258
499,50;0,1274
499,00;0,1287
498,50;0,1293
498,00;0,1294
497,50;0,1289
497,00;0,1281
496,50;0,1274
496,00;0,1268
495,50;0,1267
495,00;0,1274
494,50;0,1295
494,00;0,1323
493,50;0,1342
493,00;0,1339
492,50;0,1314
492,00;0,1278
491,50;0,1246
491,00;0,1232
490,50;0,1243
490,00;0,1271
489,50;0,1298
489,00;0,1310
488,50;0,1309
488,00;0,1305
487,50;0,1300
487,00;0,1285
486,50;0,1259
486,00;0,1227
485,50;0,1205
485,00;0,1202
484,50;0,1219
484,00;0,1247
483,50;0,1265
483,00;0,1262
482,50;0,1242
482,00;0,1219
481,50;0,1200
481,00;0,1188
480,50;0,1187
480,00;0,1202
479,50;0,1230
479,00;0,1261
478,50;0,1289
478,00;0,1312
477,50;0,1327
477,00;0,1327
476,50;0,1307
476,00;0,1279
475,50;0,1260
475,00;0,1260
474,50;0,1280
474,00;0,1313
473,50;0,1351
473,00;0,1377
472,50;0,1378
472,00;0,1351
471,50;0,1312
471,00;0,1280
470,50;0,1260
470,00;0,1240
469,50;0,1213
469,00;0,1186
468,50;0,1178
468,00;0,1204
467,50;0,1256
467,00;0,1308
466,50;0,1334
466,00;0,1320
465,50;0,1275
465,00;0,1221
464,50;0,1183
464,00;0,1173
463,50;0,1190
463,00;0,1226
462,50;0,1267
462,00;0,1299
461,50;0,1309
461,00;0,1290
460,50;0,1244
460,00;0,1189
459,50;0,1147
459,00;0,1134
458,50;0,1153
458,00;0,1189
457,50;0,1220
457,00;0,1234
456,50;0,1229
456,00;0,1210
455,50;0,1178
455,00;0,1141
454,50;0,1110
454,00;0,1102
453,50;0,1124
453,00;0,1175
452,50;0,1241
452,00;0,1303
451,50;0,1343
451,00;0,1353
450,50;0,1333
450,00;0,1286
449,50;0,1215
449,00;0,1139
448,50;0,1097
448,00;0,1117
447,50;0,1179
447,00;0,1228
446,50;0,1222
446,00;0,1174
445,50;0,1127
445,00;0,1106
444,50;0,1108
444,00;0,1124
443,50;0,1159
443,00;0,1219
442,50;0,1291
442,00;0,1339
441,50;0,1340
441,00;0,1303
440,50;0,1254
440,00;0,1210
439,50;0,1166
439,00;0,1120
438,50;0,1084
438,00;0,1090
437,50;0,1147
437,00;0,1237
436,50;0,1320
436,00;0,1369
435,50;0,1372
435,00;0,1337
434,50;0,1284
434,00;0,1236
433,50;0,1208
433,00;0,1197
432,50;0,1195
432,00;0,1199
431,50;0,1215
431,00;0,1243
430,50;0,1265
430,00;0,1251
429,50;0,1177
429,00;0,1054
428,50;0,0927
428,00;0,0862
427,50;0,0892
427,00;0,0983
426,50;0,1066
426,00;0,1105
425,50;0,1122
425,00;0,1151
424,50;0,1190
424,00;0,1224
423,50;0,1256
423,00;0,1298
422,50;0,1331
422,00;0,1321
421,50;0,1272
421,00;0,1239
420,50;0,1262
420,00;0,1324
419,50;0,1368
419,00;0,1351
418,50;0,1257
418,00;0,1096
417,50;0,0914
417,00;0,0778
416,50;0,0737
416,00;0,0784
415,50;0,0870
415,00;0,0956
414,50;0,1027
414,00;0,1079
413,50;0,1101
413,00;0,1081
412,50;0,1036
412,00;0,1024
411,50;0,1089
411,00;0,1179
410,50;0,1207
410,00;0,1167
409,50;0,1127
409,00;0,1119
408,50;0,1080
408,00;0,0921
407,50;0,0652
407,00;0,0447
406,50;0,0474
406,00;0,0678
405,50;0,0827
405,00;0,0759
404,50;0,0583
404,00;0,0531
403,50;0,0654
403,00;0,0815
402,50;0,0882
402,00;0,0891
401,50;0,0988
401,00;0,1185
400,50;0,1364
400,00;0,1451
