Erstellt als neuer Datensatz;Sample 168 By PC59-C710\Spektrum3 date Dienstag, Juni 02 2026
cm-1;A
4000,00;0,0528
3999,50;0,0525
3999,00;0,0523
3998,50;0,0521
3998,00;0,0519
3997,50;0,0518
3997,00;0,0519
3996,50;0,0521
3996,00;0,0525
3995,50;0,0529
3995,00;0,0533
3994,50;0,0535
3994,00;0,0534
3993,50;0,0531
3993,00;0,0526
3992,50;0,0521
3992,00;0,0518
3991,50;0,0517
3991,00;0,0520
3990,50;0,0524
3990,00;0,0528
3989,50;0,0529
3989,00;0,0528
3988,50;0,0524
3988,00;0,0521
3987,50;0,0520
3987,00;0,0521
3986,50;0,0522
3986,00;0,0522
3985,50;0,0522
3985,00;0,0522
3984,50;0,0522
3984,00;0,0522
3983,50;0,0522
3983,00;0,0521
3982,50;0,0520
3982,00;0,0520
3981,50;0,0522
3981,00;0,0524
3980,50;0,0527
3980,00;0,0530
3979,50;0,0531
3979,00;0,0530
3978,50;0,0528
3978,00;0,0525
3977,50;0,0523
3977,00;0,0523
3976,50;0,0524
3976,00;0,0526
3975,50;0,0527
3975,00;0,0527
3974,50;0,0526
3974,00;0,0524
3973,50;0,0522
3973,00;0,0520
3972,50;0,0518
3972,00;0,0517
3971,50;0,0518
3971,00;0,0522
3970,50;0,0527
3970,00;0,0532
3969,50;0,0534
3969,00;0,0533
3968,50;0,0530
3968,00;0,0525
3967,50;0,0521
3967,00;0,0518
3966,50;0,0517
3966,00;0,0518
3965,50;0,0523
3965,00;0,0530
3964,50;0,0537
3964,00;0,0541
3963,50;0,0541
3963,00;0,0537
3962,50;0,0530
3962,00;0,0523
3961,50;0,0517
3961,00;0,0515
3960,50;0,0517
3960,00;0,0521
3959,50;0,0526
3959,00;0,0529
3958,50;0,0531
3958,00;0,0529
3957,50;0,0526
3957,00;0,0521
3956,50;0,0518
3956,00;0,0517
3955,50;0,0519
3955,00;0,0523
3954,50;0,0529
3954,00;0,0534
3953,50;0,0536
3953,00;0,0533
3952,50;0,0527
3952,00;0,0520
3951,50;0,0515
3951,00;0,0512
3950,50;0,0512
3950,00;0,0515
3949,50;0,0521
3949,00;0,0527
3948,50;0,0530
3948,00;0,0530
3947,50;0,0526
3947,00;0,0522
3946,50;0,0519
3946,00;0,0520
3945,50;0,0522
3945,00;0,0524
3944,50;0,0527
3944,00;0,0529
3943,50;0,0530
3943,00;0,0530
3942,50;0,0528
3942,00;0,0527
3941,50;0,0525
3941,00;0,0524
3940,50;0,0524
3940,00;0,0525
3939,50;0,0528
3939,00;0,0532
3938,50;0,0535
3938,00;0,0536
3937,50;0,0534
3937,00;0,0530
3936,50;0,0525
3936,00;0,0519
3935,50;0,0515
3935,00;0,0516
3934,50;0,0520
3934,00;0,0526
3933,50;0,0530
3933,00;0,0531
3932,50;0,0527
3932,00;0,0522
3931,50;0,0518
3931,00;0,0517
3930,50;0,0518
3930,00;0,0521
3929,50;0,0525
3929,00;0,0529
3928,50;0,0532
3928,00;0,0532
3927,50;0,0529
3927,00;0,0525
3926,50;0,0520
3926,00;0,0518
3925,50;0,0518
3925,00;0,0519
3924,50;0,0523
3924,00;0,0528
3923,50;0,0534
3923,00;0,0538
3922,50;0,0539
3922,00;0,0538
3921,50;0,0533
3921,00;0,0526
3920,50;0,0518
3920,00;0,0513
3919,50;0,0513
3919,00;0,0518
3918,50;0,0526
3918,00;0,0532
3917,50;0,0535
3917,00;0,0535
3916,50;0,0534
3916,00;0,0532
3915,50;0,0528
3915,00;0,0524
3914,50;0,0521
3914,00;0,0521
3913,50;0,0524
3913,00;0,0528
3912,50;0,0530
3912,00;0,0530
3911,50;0,0526
3911,00;0,0522
3910,50;0,0517
3910,00;0,0515
3909,50;0,0516
3909,00;0,0519
3908,50;0,0523
3908,00;0,0528
3907,50;0,0531
3907,00;0,0532
3906,50;0,0531
3906,00;0,0529
3905,50;0,0528
3905,00;0,0528
3904,50;0,0528
3904,00;0,0529
3903,50;0,0532
3903,00;0,0538
3902,50;0,0541
3902,00;0,0539
3901,50;0,0536
3901,00;0,0536
3900,50;0,0535
3900,00;0,0531
3899,50;0,0524
3899,00;0,0520
3898,50;0,0524
3898,00;0,0532
3897,50;0,0538
3897,00;0,0538
3896,50;0,0535
3896,00;0,0531
3895,50;0,0526
3895,00;0,0521
3894,50;0,0516
3894,00;0,0514
3893,50;0,0516
3893,00;0,0522
3892,50;0,0530
3892,00;0,0535
3891,50;0,0536
3891,00;0,0534
3890,50;0,0532
3890,00;0,0530
3889,50;0,0526
3889,00;0,0523
3888,50;0,0522
3888,00;0,0524
3887,50;0,0529
3887,00;0,0533
3886,50;0,0534
3886,00;0,0530
3885,50;0,0525
3885,00;0,0524
3884,50;0,0526
3884,00;0,0527
3883,50;0,0527
3883,00;0,0527
3882,50;0,0530
3882,00;0,0536
3881,50;0,0540
3881,00;0,0540
3880,50;0,0536
3880,00;0,0531
3879,50;0,0529
3879,00;0,0528
3878,50;0,0528
3878,00;0,0527
3877,50;0,0529
3877,00;0,0532
3876,50;0,0537
3876,00;0,0541
3875,50;0,0543
3875,00;0,0542
3874,50;0,0536
3874,00;0,0530
3873,50;0,0527
3873,00;0,0529
3872,50;0,0531
3872,00;0,0534
3871,50;0,0536
3871,00;0,0538
3870,50;0,0539
3870,00;0,0539
3869,50;0,0537
3869,00;0,0537
3868,50;0,0537
3868,00;0,0536
3867,50;0,0534
3867,00;0,0534
3866,50;0,0537
3866,00;0,0539
3865,50;0,0539
3865,00;0,0536
3864,50;0,0533
3864,00;0,0532
3863,50;0,0531
3863,00;0,0531
3862,50;0,0530
3862,00;0,0530
3861,50;0,0531
3861,00;0,0532
3860,50;0,0533
3860,00;0,0531
3859,50;0,0528
3859,00;0,0526
3858,50;0,0525
3858,00;0,0527
3857,50;0,0528
3857,00;0,0530
3856,50;0,0533
3856,00;0,0538
3855,50;0,0544
3855,00;0,0547
3854,50;0,0546
3854,00;0,0545
3853,50;0,0551
3853,00;0,0560
3852,50;0,0560
3852,00;0,0553
3851,50;0,0549
3851,00;0,0552
3850,50;0,0557
3850,00;0,0554
3849,50;0,0545
3849,00;0,0537
3848,50;0,0532
3848,00;0,0529
3847,50;0,0524
3847,00;0,0516
3846,50;0,0510
3846,00;0,0509
3845,50;0,0514
3845,00;0,0523
3844,50;0,0531
3844,00;0,0533
3843,50;0,0532
3843,00;0,0531
3842,50;0,0531
3842,00;0,0532
3841,50;0,0531
3841,00;0,0531
3840,50;0,0533
3840,00;0,0538
3839,50;0,0544
3839,00;0,0547
3838,50;0,0545
3838,00;0,0539
3837,50;0,0534
3837,00;0,0536
3836,50;0,0542
3836,00;0,0545
3835,50;0,0543
3835,00;0,0540
3834,50;0,0538
3834,00;0,0542
3833,50;0,0546
3833,00;0,0549
3832,50;0,0547
3832,00;0,0541
3831,50;0,0534
3831,00;0,0532
3830,50;0,0535
3830,00;0,0539
3829,50;0,0541
3829,00;0,0539
3828,50;0,0535
3828,00;0,0531
3827,50;0,0528
3827,00;0,0527
3826,50;0,0526
3826,00;0,0528
3825,50;0,0530
3825,00;0,0532
3824,50;0,0534
3824,00;0,0535
3823,50;0,0537
3823,00;0,0539
3822,50;0,0541
3822,00;0,0542
3821,50;0,0543
3821,00;0,0547
3820,50;0,0551
3820,00;0,0553
3819,50;0,0551
3819,00;0,0547
3818,50;0,0543
3818,00;0,0538
3817,50;0,0535
3817,00;0,0531
3816,50;0,0530
3816,00;0,0531
3815,50;0,0536
3815,00;0,0542
3814,50;0,0542
3814,00;0,0536
3813,50;0,0529
3813,00;0,0525
3812,50;0,0523
3812,00;0,0522
3811,50;0,0521
3811,00;0,0520
3810,50;0,0521
3810,00;0,0525
3809,50;0,0530
3809,00;0,0535
3808,50;0,0539
3808,00;0,0541
3807,50;0,0540
3807,00;0,0538
3806,50;0,0537
3806,00;0,0538
3805,50;0,0538
3805,00;0,0537
3804,50;0,0536
3804,00;0,0537
3803,50;0,0539
3803,00;0,0542
3802,50;0,0543
3802,00;0,0541
3801,50;0,0537
3801,00;0,0534
3800,50;0,0535
3800,00;0,0538
3799,50;0,0539
3799,00;0,0538
3798,50;0,0538
3798,00;0,0540
3797,50;0,0541
3797,00;0,0539
3796,50;0,0535
3796,00;0,0531
3795,50;0,0528
3795,00;0,0527
3794,50;0,0528
3794,00;0,0530
3793,50;0,0533
3793,00;0,0536
3792,50;0,0534
3792,00;0,0529
3791,50;0,0524
3791,00;0,0520
3790,50;0,0518
3790,00;0,0517
3789,50;0,0518
3789,00;0,0520
3788,50;0,0524
3788,00;0,0528
3787,50;0,0531
3787,00;0,0532
3786,50;0,0532
3786,00;0,0532
3785,50;0,0532
3785,00;0,0531
3784,50;0,0530
3784,00;0,0530
3783,50;0,0531
3783,00;0,0532
3782,50;0,0532
3782,00;0,0530
3781,50;0,0528
3781,00;0,0529
3780,50;0,0531
3780,00;0,0534
3779,50;0,0537
3779,00;0,0539
3778,50;0,0541
3778,00;0,0542
3777,50;0,0539
3777,00;0,0534
3776,50;0,0528
3776,00;0,0523
3775,50;0,0519
3775,00;0,0517
3774,50;0,0515
3774,00;0,0516
3773,50;0,0518
3773,00;0,0522
3772,50;0,0526
3772,00;0,0529
3771,50;0,0532
3771,00;0,0535
3770,50;0,0537
3770,00;0,0537
3769,50;0,0536
3769,00;0,0536
3768,50;0,0536
3768,00;0,0535
3767,50;0,0534
3767,00;0,0534
3766,50;0,0533
3766,00;0,0530
3765,50;0,0525
3765,00;0,0522
3764,50;0,0522
3764,00;0,0523
3763,50;0,0525
3763,00;0,0527
3762,50;0,0531
3762,00;0,0534
3761,50;0,0537
3761,00;0,0538
3760,50;0,0537
3760,00;0,0534
3759,50;0,0530
3759,00;0,0530
3758,50;0,0531
3758,00;0,0534
3757,50;0,0535
3757,00;0,0535
3756,50;0,0534
3756,00;0,0533
3755,50;0,0533
3755,00;0,0533
3754,50;0,0531
3754,00;0,0531
3753,50;0,0532
3753,00;0,0535
3752,50;0,0538
3752,00;0,0540
3751,50;0,0547
3751,00;0,0556
3750,50;0,0561
3750,00;0,0558
3749,50;0,0551
3749,00;0,0547
3748,50;0,0548
3748,00;0,0549
3747,50;0,0544
3747,00;0,0538
3746,50;0,0536
3746,00;0,0540
3745,50;0,0547
3745,00;0,0552
3744,50;0,0551
3744,00;0,0550
3743,50;0,0553
3743,00;0,0551
3742,50;0,0544
3742,00;0,0538
3741,50;0,0534
3741,00;0,0533
3740,50;0,0534
3740,00;0,0535
3739,50;0,0535
3739,00;0,0533
3738,50;0,0532
3738,00;0,0534
3737,50;0,0537
3737,00;0,0540
3736,50;0,0542
3736,00;0,0544
3735,50;0,0545
3735,00;0,0544
3734,50;0,0541
3734,00;0,0542
3733,50;0,0546
3733,00;0,0549
3732,50;0,0549
3732,00;0,0548
3731,50;0,0548
3731,00;0,0550
3730,50;0,0548
3730,00;0,0543
3729,50;0,0536
3729,00;0,0531
3728,50;0,0527
3728,00;0,0525
3727,50;0,0523
3727,00;0,0523
3726,50;0,0526
3726,00;0,0532
3725,50;0,0538
3725,00;0,0542
3724,50;0,0543
3724,00;0,0541
3723,50;0,0538
3723,00;0,0536
3722,50;0,0535
3722,00;0,0536
3721,50;0,0538
3721,00;0,0541
3720,50;0,0543
3720,00;0,0544
3719,50;0,0545
3719,00;0,0544
3718,50;0,0542
3718,00;0,0538
3717,50;0,0534
3717,00;0,0529
3716,50;0,0526
3716,00;0,0524
3715,50;0,0524
3715,00;0,0525
3714,50;0,0528
3714,00;0,0532
3713,50;0,0537
3713,00;0,0540
3712,50;0,0540
3712,00;0,0541
3711,50;0,0543
3711,00;0,0548
3710,50;0,0550
3710,00;0,0549
3709,50;0,0547
3709,00;0,0547
3708,50;0,0546
3708,00;0,0543
3707,50;0,0536
3707,00;0,0529
3706,50;0,0526
3706,00;0,0527
3705,50;0,0530
3705,00;0,0535
3704,50;0,0540
3704,00;0,0544
3703,50;0,0547
3703,00;0,0548
3702,50;0,0547
3702,00;0,0544
3701,50;0,0541
3701,00;0,0540
3700,50;0,0542
3700,00;0,0543
3699,50;0,0544
3699,00;0,0545
3698,50;0,0547
3698,00;0,0548
3697,50;0,0547
3697,00;0,0545
3696,50;0,0542
3696,00;0,0541
3695,50;0,0544
3695,00;0,0551
3694,50;0,0558
3694,00;0,0563
3693,50;0,0565
3693,00;0,0566
3692,50;0,0566
3692,00;0,0567
3691,50;0,0569
3691,00;0,0571
3690,50;0,0576
3690,00;0,0583
3689,50;0,0590
3689,00;0,0590
3688,50;0,0584
3688,00;0,0578
3687,50;0,0575
3687,00;0,0571
3686,50;0,0565
3686,00;0,0558
3685,50;0,0554
3685,00;0,0555
3684,50;0,0558
3684,00;0,0562
3683,50;0,0563
3683,00;0,0561
3682,50;0,0557
3682,00;0,0551
3681,50;0,0546
3681,00;0,0542
3680,50;0,0542
3680,00;0,0543
3679,50;0,0546
3679,00;0,0549
3678,50;0,0551
3678,00;0,0553
3677,50;0,0554
3677,00;0,0555
3676,50;0,0556
3676,00;0,0558
3675,50;0,0561
3675,00;0,0564
3674,50;0,0566
3674,00;0,0565
3673,50;0,0562
3673,00;0,0558
3672,50;0,0556
3672,00;0,0554
3671,50;0,0550
3671,00;0,0545
3670,50;0,0542
3670,00;0,0546
3669,50;0,0553
3669,00;0,0558
3668,50;0,0559
3668,00;0,0560
3667,50;0,0560
3667,00;0,0557
3666,50;0,0549
3666,00;0,0540
3665,50;0,0535
3665,00;0,0533
3664,50;0,0536
3664,00;0,0540
3663,50;0,0545
3663,00;0,0550
3662,50;0,0552
3662,00;0,0550
3661,50;0,0546
3661,00;0,0541
3660,50;0,0537
3660,00;0,0536
3659,50;0,0538
3659,00;0,0541
3658,50;0,0547
3658,00;0,0554
3657,50;0,0559
3657,00;0,0558
3656,50;0,0554
3656,00;0,0550
3655,50;0,0550
3655,00;0,0551
3654,50;0,0552
3654,00;0,0551
3653,50;0,0552
3653,00;0,0556
3652,50;0,0560
3652,00;0,0563
3651,50;0,0562
3651,00;0,0560
3650,50;0,0558
3650,00;0,0557
3649,50;0,0557
3649,00;0,0561
3648,50;0,0568
3648,00;0,0576
3647,50;0,0580
3647,00;0,0578
3646,50;0,0572
3646,00;0,0566
3645,50;0,0560
3645,00;0,0553
3644,50;0,0549
3644,00;0,0549
3643,50;0,0553
3643,00;0,0558
3642,50;0,0563
3642,00;0,0565
3641,50;0,0565
3641,00;0,0562
3640,50;0,0558
3640,00;0,0555
3639,50;0,0553
3639,00;0,0554
3638,50;0,0558
3638,00;0,0563
3637,50;0,0567
3637,00;0,0568
3636,50;0,0566
3636,00;0,0563
3635,50;0,0561
3635,00;0,0561
3634,50;0,0563
3634,00;0,0565
3633,50;0,0567
3633,00;0,0571
3632,50;0,0575
3632,00;0,0577
3631,50;0,0577
3631,00;0,0576
3630,50;0,0575
3630,00;0,0575
3629,50;0,0576
3629,00;0,0577
3628,50;0,0578
3628,00;0,0579
3627,50;0,0580
3627,00;0,0581
3626,50;0,0582
3626,00;0,0582
3625,50;0,0581
3625,00;0,0580
3624,50;0,0577
3624,00;0,0573
3623,50;0,0570
3623,00;0,0569
3622,50;0,0572
3622,00;0,0577
3621,50;0,0580
3621,00;0,0583
3620,50;0,0584
3620,00;0,0586
3619,50;0,0588
3619,00;0,0592
3618,50;0,0594
3618,00;0,0593
3617,50;0,0591
3617,00;0,0589
3616,50;0,0589
3616,00;0,0587
3615,50;0,0583
3615,00;0,0580
3614,50;0,0579
3614,00;0,0583
3613,50;0,0587
3613,00;0,0590
3612,50;0,0592
3612,00;0,0595
3611,50;0,0599
3611,00;0,0601
3610,50;0,0599
3610,00;0,0596
3609,50;0,0592
3609,00;0,0590
3608,50;0,0591
3608,00;0,0593
3607,50;0,0596
3607,00;0,0599
3606,50;0,0603
3606,00;0,0607
3605,50;0,0607
3605,00;0,0604
3604,50;0,0600
3604,00;0,0599
3603,50;0,0600
3603,00;0,0601
3602,50;0,0601
3602,00;0,0602
3601,50;0,0604
3601,00;0,0607
3600,50;0,0610
3600,00;0,0612
3599,50;0,0613
3599,00;0,0611
3598,50;0,0607
3598,00;0,0603
3597,50;0,0600
3597,00;0,0599
3596,50;0,0601
3596,00;0,0605
3595,50;0,0609
3595,00;0,0614
3594,50;0,0618
3594,00;0,0620
3593,50;0,0620
3593,00;0,0619
3592,50;0,0619
3592,00;0,0619
3591,50;0,0619
3591,00;0,0619
3590,50;0,0619
3590,00;0,0621
3589,50;0,0622
3589,00;0,0622
3588,50;0,0621
3588,00;0,0623
3587,50;0,0626
3587,00;0,0627
3586,50;0,0625
3586,00;0,0625
3585,50;0,0628
3585,00;0,0633
3584,50;0,0635
3584,00;0,0634
3583,50;0,0632
3583,00;0,0632
3582,50;0,0632
3582,00;0,0634
3581,50;0,0635
3581,00;0,0634
3580,50;0,0631
3580,00;0,0628
3579,50;0,0627
3579,00;0,0631
3578,50;0,0639
3578,00;0,0648
3577,50;0,0652
3577,00;0,0654
3576,50;0,0653
3576,00;0,0652
3575,50;0,0651
3575,00;0,0652
3574,50;0,0655
3574,00;0,0658
3573,50;0,0659
3573,00;0,0658
3572,50;0,0657
3572,00;0,0657
3571,50;0,0660
3571,00;0,0663
3570,50;0,0666
3570,00;0,0668
3569,50;0,0669
3569,00;0,0668
3568,50;0,0668
3568,00;0,0669
3567,50;0,0672
3567,00;0,0675
3566,50;0,0677
3566,00;0,0677
3565,50;0,0679
3565,00;0,0682
3564,50;0,0686
3564,00;0,0688
3563,50;0,0688
3563,00;0,0687
3562,50;0,0686
3562,00;0,0684
3561,50;0,0683
3561,00;0,0683
3560,50;0,0685
3560,00;0,0687
3559,50;0,0690
3559,00;0,0694
3558,50;0,0698
3558,00;0,0701
3557,50;0,0702
3557,00;0,0703
3556,50;0,0702
3556,00;0,0703
3555,50;0,0704
3555,00;0,0706
3554,50;0,0708
3554,00;0,0709
3553,50;0,0710
3553,00;0,0711
3552,50;0,0712
3552,00;0,0713
3551,50;0,0715
3551,00;0,0717
3550,50;0,0718
3550,00;0,0718
3549,50;0,0718
3549,00;0,0721
3548,50;0,0724
3548,00;0,0727
3547,50;0,0728
3547,00;0,0729
3546,50;0,0730
3546,00;0,0733
3545,50;0,0735
3545,00;0,0736
3544,50;0,0737
3544,00;0,0740
3543,50;0,0742
3543,00;0,0744
3542,50;0,0744
3542,00;0,0744
3541,50;0,0744
3541,00;0,0743
3540,50;0,0742
3540,00;0,0743
3539,50;0,0744
3539,00;0,0747
3538,50;0,0749
3538,00;0,0751
3537,50;0,0753
3537,00;0,0753
3536,50;0,0753
3536,00;0,0753
3535,50;0,0754
3535,00;0,0756
3534,50;0,0759
3534,00;0,0762
3533,50;0,0764
3533,00;0,0766
3532,50;0,0768
3532,00;0,0769
3531,50;0,0769
3531,00;0,0770
3530,50;0,0771
3530,00;0,0772
3529,50;0,0773
3529,00;0,0775
3528,50;0,0778
3528,00;0,0781
3527,50;0,0784
3527,00;0,0786
3526,50;0,0789
3526,00;0,0791
3525,50;0,0792
3525,00;0,0792
3524,50;0,0792
3524,00;0,0793
3523,50;0,0796
3523,00;0,0799
3522,50;0,0803
3522,00;0,0805
3521,50;0,0807
3521,00;0,0810
3520,50;0,0812
3520,00;0,0813
3519,50;0,0813
3519,00;0,0814
3518,50;0,0815
3518,00;0,0816
3517,50;0,0817
3517,00;0,0819
3516,50;0,0821
3516,00;0,0824
3515,50;0,0827
3515,00;0,0830
3514,50;0,0833
3514,00;0,0835
3513,50;0,0837
3513,00;0,0839
3512,50;0,0842
3512,00;0,0844
3511,50;0,0846
3511,00;0,0848
3510,50;0,0852
3510,00;0,0855
3509,50;0,0857
3509,00;0,0858
3508,50;0,0858
3508,00;0,0859
3507,50;0,0861
3507,00;0,0864
3506,50;0,0867
3506,00;0,0871
3505,50;0,0876
3505,00;0,0879
3504,50;0,0881
3504,00;0,0882
3503,50;0,0882
3503,00;0,0884
3502,50;0,0886
3502,00;0,0890
3501,50;0,0893
3501,00;0,0895
3500,50;0,0899
3500,00;0,0902
3499,50;0,0906
3499,00;0,0909
3498,50;0,0911
3498,00;0,0912
3497,50;0,0913
3497,00;0,0915
3496,50;0,0919
3496,00;0,0924
3495,50;0,0928
3495,00;0,0931
3494,50;0,0933
3494,00;0,0933
3493,50;0,0934
3493,00;0,0936
3492,50;0,0940
3492,00;0,0945
3491,50;0,0950
3491,00;0,0953
3490,50;0,0955
3490,00;0,0957
3489,50;0,0959
3489,00;0,0961
3488,50;0,0965
3488,00;0,0969
3487,50;0,0974
3487,00;0,0978
3486,50;0,0982
3486,00;0,0984
3485,50;0,0987
3485,00;0,0989
3484,50;0,0991
3484,00;0,0992
3483,50;0,0994
3483,00;0,0998
3482,50;0,1002
3482,00;0,1006
3481,50;0,1010
3481,00;0,1013
3480,50;0,1016
3480,00;0,1019
3479,50;0,1023
3479,00;0,1028
3478,50;0,1032
3478,00;0,1034
3477,50;0,1035
3477,00;0,1037
3476,50;0,1039
3476,00;0,1042
3475,50;0,1046
3475,00;0,1050
3474,50;0,1055
3474,00;0,1059
3473,50;0,1062
3473,00;0,1065
3472,50;0,1068
3472,00;0,1072
3471,50;0,1076
3471,00;0,1080
3470,50;0,1083
3470,00;0,1087
3469,50;0,1091
3469,00;0,1096
3468,50;0,1101
3468,00;0,1106
3467,50;0,1111
3467,00;0,1117
3466,50;0,1122
3466,00;0,1127
3465,50;0,1131
3465,00;0,1133
3464,50;0,1134
3464,00;0,1136
3463,50;0,1139
3463,00;0,1143
3462,50;0,1149
3462,00;0,1154
3461,50;0,1159
3461,00;0,1164
3460,50;0,1168
3460,00;0,1173
3459,50;0,1179
3459,00;0,1184
3458,50;0,1188
3458,00;0,1191
3457,50;0,1195
3457,00;0,1198
3456,50;0,1201
3456,00;0,1206
3455,50;0,1211
3455,00;0,1218
3454,50;0,1224
3454,00;0,1230
3453,50;0,1235
3453,00;0,1239
3452,50;0,1243
3452,00;0,1248
3451,50;0,1253
3451,00;0,1259
3450,50;0,1265
3450,00;0,1272
3449,50;0,1279
3449,00;0,1286
3448,50;0,1293
3448,00;0,1298
3447,50;0,1303
3447,00;0,1306
3446,50;0,1310
3446,00;0,1314
3445,50;0,1319
3445,00;0,1326
3444,50;0,1333
3444,00;0,1340
3443,50;0,1346
3443,00;0,1353
3442,50;0,1359
3442,00;0,1366
3441,50;0,1372
3441,00;0,1377
3440,50;0,1382
3440,00;0,1389
3439,50;0,1396
3439,00;0,1403
3438,50;0,1408
3438,00;0,1412
3437,50;0,1417
3437,00;0,1425
3436,50;0,1434
3436,00;0,1443
3435,50;0,1450
3435,00;0,1456
3434,50;0,1463
3434,00;0,1470
3433,50;0,1477
3433,00;0,1484
3432,50;0,1490
3432,00;0,1496
3431,50;0,1501
3431,00;0,1506
3430,50;0,1511
3430,00;0,1517
3429,50;0,1525
3429,00;0,1533
3428,50;0,1542
3428,00;0,1550
3427,50;0,1554
3427,00;0,1557
3426,50;0,1561
3426,00;0,1567
3425,50;0,1574
3425,00;0,1581
3424,50;0,1588
3424,00;0,1595
3423,50;0,1604
3423,00;0,1613
3422,50;0,1622
3422,00;0,1629
3421,50;0,1636
3421,00;0,1641
3420,50;0,1646
3420,00;0,1650
3419,50;0,1656
3419,00;0,1663
3418,50;0,1673
3418,00;0,1683
3417,50;0,1693
3417,00;0,1701
3416,50;0,1707
3416,00;0,1712
3415,50;0,1716
3415,00;0,1720
3414,50;0,1726
3414,00;0,1733
3413,50;0,1742
3413,00;0,1751
3412,50;0,1759
3412,00;0,1765
3411,50;0,1771
3411,00;0,1777
3410,50;0,1782
3410,00;0,1788
3409,50;0,1794
3409,00;0,1801
3408,50;0,1808
3408,00;0,1814
3407,50;0,1821
3407,00;0,1828
3406,50;0,1836
3406,00;0,1843
3405,50;0,1848
3405,00;0,1853
3404,50;0,1858
3404,00;0,1863
3403,50;0,1870
3403,00;0,1878
3402,50;0,1886
3402,00;0,1893
3401,50;0,1899
3401,00;0,1904
3400,50;0,1909
3400,00;0,1914
3399,50;0,1920
3399,00;0,1928
3398,50;0,1934
3398,00;0,1941
3397,50;0,1948
3397,00;0,1955
3396,50;0,1964
3396,00;0,1971
3395,50;0,1977
3395,00;0,1981
3394,50;0,1984
3394,00;0,1988
3393,50;0,1993
3393,00;0,1999
3392,50;0,2006
3392,00;0,2014
3391,50;0,2022
3391,00;0,2030
3390,50;0,2038
3390,00;0,2045
3389,50;0,2051
3389,00;0,2055
3388,50;0,2059
3388,00;0,2063
3387,50;0,2067
3387,00;0,2073
3386,50;0,2080
3386,00;0,2087
3385,50;0,2094
3385,00;0,2100
3384,50;0,2106
3384,00;0,2111
3383,50;0,2115
3383,00;0,2118
3382,50;0,2123
3382,00;0,2129
3381,50;0,2136
3381,00;0,2144
3380,50;0,2151
3380,00;0,2157
3379,50;0,2161
3379,00;0,2165
3378,50;0,2169
3378,00;0,2173
3377,50;0,2178
3377,00;0,2183
3376,50;0,2188
3376,00;0,2195
3375,50;0,2201
3375,00;0,2207
3374,50;0,2211
3374,00;0,2213
3373,50;0,2216
3373,00;0,2220
3372,50;0,2227
3372,00;0,2236
3371,50;0,2243
3371,00;0,2249
3370,50;0,2252
3370,00;0,2254
3369,50;0,2256
3369,00;0,2260
3368,50;0,2265
3368,00;0,2271
3367,50;0,2276
3367,00;0,2281
3366,50;0,2284
3366,00;0,2287
3365,50;0,2291
3365,00;0,2296
3364,50;0,2302
3364,00;0,2308
3363,50;0,2314
3363,00;0,2318
3362,50;0,2321
3362,00;0,2324
3361,50;0,2328
3361,00;0,2332
3360,50;0,2335
3360,00;0,2337
3359,50;0,2339
3359,00;0,2342
3358,50;0,2346
3358,00;0,2350
3357,50;0,2353
3357,00;0,2357
3356,50;0,2362
3356,00;0,2368
3355,50;0,2375
3355,00;0,2380
3354,50;0,2383
3354,00;0,2385
3353,50;0,2387
3353,00;0,2391
3352,50;0,2396
3352,00;0,2401
3351,50;0,2405
3351,00;0,2409
3350,50;0,2413
3350,00;0,2416
3349,50;0,2419
3349,00;0,2420
3348,50;0,2422
3348,00;0,2423
3347,50;0,2426
3347,00;0,2429
3346,50;0,2433
3346,00;0,2438
3345,50;0,2442
3345,00;0,2446
3344,50;0,2449
3344,00;0,2452
3343,50;0,2456
3343,00;0,2460
3342,50;0,2464
3342,00;0,2467
3341,50;0,2471
3341,00;0,2475
3340,50;0,2480
3340,00;0,2484
3339,50;0,2487
3339,00;0,2490
3338,50;0,2495
3338,00;0,2500
3337,50;0,2505
3337,00;0,2508
3336,50;0,2511
3336,00;0,2513
3335,50;0,2516
3335,00;0,2521
3334,50;0,2526
3334,00;0,2532
3333,50;0,2537
3333,00;0,2540
3332,50;0,2542
3332,00;0,2543
3331,50;0,2545
3331,00;0,2549
3330,50;0,2554
3330,00;0,2559
3329,50;0,2565
3329,00;0,2570
3328,50;0,2575
3328,00;0,2580
3327,50;0,2584
3327,00;0,2587
3326,50;0,2589
3326,00;0,2593
3325,50;0,2598
3325,00;0,2604
3324,50;0,2611
3324,00;0,2617
3323,50;0,2622
3323,00;0,2626
3322,50;0,2627
3322,00;0,2629
3321,50;0,2632
3321,00;0,2638
3320,50;0,2645
3320,00;0,2653
3319,50;0,2661
3319,00;0,2667
3318,50;0,2672
3318,00;0,2676
3317,50;0,2680
3317,00;0,2686
3316,50;0,2692
3316,00;0,2699
3315,50;0,2706
3315,00;0,2712
3314,50;0,2717
3314,00;0,2720
3313,50;0,2724
3313,00;0,2730
3312,50;0,2736
3312,00;0,2742
3311,50;0,2747
3311,00;0,2751
3310,50;0,2754
3310,00;0,2758
3309,50;0,2763
3309,00;0,2769
3308,50;0,2775
3308,00;0,2781
3307,50;0,2787
3307,00;0,2793
3306,50;0,2799
3306,00;0,2805
3305,50;0,2812
3305,00;0,2820
3304,50;0,2827
3304,00;0,2832
3303,50;0,2837
3303,00;0,2842
3302,50;0,2848
3302,00;0,2857
3301,50;0,2868
3301,00;0,2881
3300,50;0,2892
3300,00;0,2900
3299,50;0,2905
3299,00;0,2911
3298,50;0,2919
3298,00;0,2931
3297,50;0,2944
3297,00;0,2958
3296,50;0,2969
3296,00;0,2977
3295,50;0,2985
3295,00;0,2993
3294,50;0,3001
3294,00;0,3009
3293,50;0,3015
3293,00;0,3019
3292,50;0,3026
3292,00;0,3035
3291,50;0,3046
3291,00;0,3054
3290,50;0,3059
3290,00;0,3062
3289,50;0,3065
3289,00;0,3070
3288,50;0,3076
3288,00;0,3084
3287,50;0,3093
3287,00;0,3103
3286,50;0,3111
3286,00;0,3118
3285,50;0,3125
3285,00;0,3131
3284,50;0,3137
3284,00;0,3143
3283,50;0,3149
3283,00;0,3156
3282,50;0,3165
3282,00;0,3174
3281,50;0,3182
3281,00;0,3190
3280,50;0,3198
3280,00;0,3208
3279,50;0,3218
3279,00;0,3226
3278,50;0,3234
3278,00;0,3242
3277,50;0,3253
3277,00;0,3264
3276,50;0,3276
3276,00;0,3286
3275,50;0,3294
3275,00;0,3300
3274,50;0,3305
3274,00;0,3312
3273,50;0,3322
3273,00;0,3335
3272,50;0,3350
3272,00;0,3364
3271,50;0,3376
3271,00;0,3386
3270,50;0,3396
3270,00;0,3406
3269,50;0,3416
3269,00;0,3427
3268,50;0,3437
3268,00;0,3447
3267,50;0,3457
3267,00;0,3468
3266,50;0,3479
3266,00;0,3490
3265,50;0,3501
3265,00;0,3511
3264,50;0,3520
3264,00;0,3530
3263,50;0,3541
3263,00;0,3553
3262,50;0,3567
3262,00;0,3581
3261,50;0,3594
3261,00;0,3605
3260,50;0,3615
3260,00;0,3624
3259,50;0,3635
3259,00;0,3646
3258,50;0,3659
3258,00;0,3672
3257,50;0,3685
3257,00;0,3697
3256,50;0,3708
3256,00;0,3719
3255,50;0,3730
3255,00;0,3742
3254,50;0,3754
3254,00;0,3766
3253,50;0,3779
3253,00;0,3793
3252,50;0,3807
3252,00;0,3819
3251,50;0,3831
3251,00;0,3842
3250,50;0,3854
3250,00;0,3867
3249,50;0,3878
3249,00;0,3888
3248,50;0,3898
3248,00;0,3909
3247,50;0,3921
3247,00;0,3932
3246,50;0,3942
3246,00;0,3950
3245,50;0,3959
3245,00;0,3969
3244,50;0,3979
3244,00;0,3988
3243,50;0,3997
3243,00;0,4006
3242,50;0,4017
3242,00;0,4029
3241,50;0,4041
3241,00;0,4051
3240,50;0,4059
3240,00;0,4067
3239,50;0,4075
3239,00;0,4081
3238,50;0,4085
3238,00;0,4088
3237,50;0,4092
3237,00;0,4099
3236,50;0,4108
3236,00;0,4116
3235,50;0,4122
3235,00;0,4127
3234,50;0,4129
3234,00;0,4128
3233,50;0,4127
3233,00;0,4124
3232,50;0,4122
3232,00;0,4122
3231,50;0,4124
3231,00;0,4128
3230,50;0,4130
3230,00;0,4129
3229,50;0,4125
3229,00;0,4119
3228,50;0,4112
3228,00;0,4105
3227,50;0,4098
3227,00;0,4090
3226,50;0,4083
3226,00;0,4079
3225,50;0,4075
3225,00;0,4068
3224,50;0,4058
3224,00;0,4048
3223,50;0,4041
3223,00;0,4038
3222,50;0,4035
3222,00;0,4027
3221,50;0,4015
3221,00;0,4001
3220,50;0,3988
3220,00;0,3976
3219,50;0,3965
3219,00;0,3956
3218,50;0,3948
3218,00;0,3941
3217,50;0,3934
3217,00;0,3926
3216,50;0,3915
3216,00;0,3903
3215,50;0,3889
3215,00;0,3877
3214,50;0,3867
3214,00;0,3860
3213,50;0,3853
3213,00;0,3844
3212,50;0,3833
3212,00;0,3820
3211,50;0,3807
3211,00;0,3794
3210,50;0,3782
3210,00;0,3771
3209,50;0,3761
3209,00;0,3753
3208,50;0,3748
3208,00;0,3742
3207,50;0,3735
3207,00;0,3724
3206,50;0,3711
3206,00;0,3697
3205,50;0,3684
3205,00;0,3673
3204,50;0,3663
3204,00;0,3655
3203,50;0,3648
3203,00;0,3641
3202,50;0,3635
3202,00;0,3625
3201,50;0,3612
3201,00;0,3598
3200,50;0,3586
3200,00;0,3577
3199,50;0,3568
3199,00;0,3560
3198,50;0,3551
3198,00;0,3542
3197,50;0,3534
3197,00;0,3526
3196,50;0,3517
3196,00;0,3509
3195,50;0,3502
3195,00;0,3496
3194,50;0,3491
3194,00;0,3483
3193,50;0,3474
3193,00;0,3465
3192,50;0,3455
3192,00;0,3446
3191,50;0,3436
3191,00;0,3427
3190,50;0,3420
3190,00;0,3413
3189,50;0,3407
3189,00;0,3399
3188,50;0,3389
3188,00;0,3380
3187,50;0,3372
3187,00;0,3367
3186,50;0,3362
3186,00;0,3357
3185,50;0,3351
3185,00;0,3345
3184,50;0,3339
3184,00;0,3335
3183,50;0,3330
3183,00;0,3324
3182,50;0,3317
3182,00;0,3308
3181,50;0,3300
3181,00;0,3294
3180,50;0,3289
3180,00;0,3283
3179,50;0,3275
3179,00;0,3267
3178,50;0,3262
3178,00;0,3259
3177,50;0,3257
3177,00;0,3255
3176,50;0,3251
3176,00;0,3243
3175,50;0,3233
3175,00;0,3226
3174,50;0,3221
3174,00;0,3218
3173,50;0,3216
3173,00;0,3213
3172,50;0,3207
3172,00;0,3199
3171,50;0,3192
3171,00;0,3185
3170,50;0,3178
3170,00;0,3172
3169,50;0,3168
3169,00;0,3166
3168,50;0,3163
3168,00;0,3158
3167,50;0,3151
3167,00;0,3143
3166,50;0,3137
3166,00;0,3131
3165,50;0,3127
3165,00;0,3123
3164,50;0,3119
3164,00;0,3115
3163,50;0,3112
3163,00;0,3107
3162,50;0,3101
3162,00;0,3095
3161,50;0,3090
3161,00;0,3086
3160,50;0,3084
3160,00;0,3081
3159,50;0,3077
3159,00;0,3073
3158,50;0,3069
3158,00;0,3065
3157,50;0,3059
3157,00;0,3053
3156,50;0,3045
3156,00;0,3038
3155,50;0,3032
3155,00;0,3029
3154,50;0,3026
3154,00;0,3023
3153,50;0,3019
3153,00;0,3013
3152,50;0,3007
3152,00;0,3000
3151,50;0,2994
3151,00;0,2987
3150,50;0,2980
3150,00;0,2975
3149,50;0,2971
3149,00;0,2967
3148,50;0,2961
3148,00;0,2953
3147,50;0,2945
3147,00;0,2939
3146,50;0,2934
3146,00;0,2930
3145,50;0,2925
3145,00;0,2919
3144,50;0,2913
3144,00;0,2905
3143,50;0,2898
3143,00;0,2892
3142,50;0,2887
3142,00;0,2881
3141,50;0,2874
3141,00;0,2865
3140,50;0,2855
3140,00;0,2846
3139,50;0,2838
3139,00;0,2832
3138,50;0,2826
3138,00;0,2821
3137,50;0,2816
3137,00;0,2810
3136,50;0,2803
3136,00;0,2794
3135,50;0,2784
3135,00;0,2774
3134,50;0,2764
3134,00;0,2755
3133,50;0,2746
3133,00;0,2737
3132,50;0,2728
3132,00;0,2721
3131,50;0,2713
3131,00;0,2704
3130,50;0,2694
3130,00;0,2683
3129,50;0,2671
3129,00;0,2660
3128,50;0,2650
3128,00;0,2640
3127,50;0,2630
3127,00;0,2620
3126,50;0,2609
3126,00;0,2598
3125,50;0,2589
3125,00;0,2580
3124,50;0,2573
3124,00;0,2565
3123,50;0,2556
3123,00;0,2545
3122,50;0,2535
3122,00;0,2524
3121,50;0,2513
3121,00;0,2503
3120,50;0,2493
3120,00;0,2482
3119,50;0,2470
3119,00;0,2457
3118,50;0,2443
3118,00;0,2430
3117,50;0,2419
3117,00;0,2410
3116,50;0,2400
3116,00;0,2390
3115,50;0,2379
3115,00;0,2366
3114,50;0,2354
3114,00;0,2342
3113,50;0,2329
3113,00;0,2317
3112,50;0,2306
3112,00;0,2296
3111,50;0,2286
3111,00;0,2273
3110,50;0,2260
3110,00;0,2247
3109,50;0,2235
3109,00;0,2223
3108,50;0,2211
3108,00;0,2198
3107,50;0,2186
3107,00;0,2174
3106,50;0,2163
3106,00;0,2153
3105,50;0,2143
3105,00;0,2133
3104,50;0,2121
3104,00;0,2108
3103,50;0,2095
3103,00;0,2081
3102,50;0,2069
3102,00;0,2057
3101,50;0,2046
3101,00;0,2034
3100,50;0,2023
3100,00;0,2012
3099,50;0,2003
3099,00;0,1994
3098,50;0,1984
3098,00;0,1972
3097,50;0,1960
3097,00;0,1948
3096,50;0,1938
3096,00;0,1927
3095,50;0,1916
3095,00;0,1905
3094,50;0,1894
3094,00;0,1882
3093,50;0,1871
3093,00;0,1860
3092,50;0,1849
3092,00;0,1840
3091,50;0,1830
3091,00;0,1819
3090,50;0,1809
3090,00;0,1799
3089,50;0,1789
3089,00;0,1779
3088,50;0,1768
3088,00;0,1757
3087,50;0,1747
3087,00;0,1736
3086,50;0,1726
3086,00;0,1716
3085,50;0,1707
3085,00;0,1698
3084,50;0,1690
3084,00;0,1681
3083,50;0,1671
3083,00;0,1661
3082,50;0,1649
3082,00;0,1638
3081,50;0,1628
3081,00;0,1620
3080,50;0,1613
3080,00;0,1607
3079,50;0,1600
3079,00;0,1593
3078,50;0,1585
3078,00;0,1577
3077,50;0,1567
3077,00;0,1558
3076,50;0,1550
3076,00;0,1543
3075,50;0,1537
3075,00;0,1530
3074,50;0,1523
3074,00;0,1516
3073,50;0,1509
3073,00;0,1501
3072,50;0,1492
3072,00;0,1482
3071,50;0,1473
3071,00;0,1466
3070,50;0,1459
3070,00;0,1452
3069,50;0,1446
3069,00;0,1442
3068,50;0,1438
3068,00;0,1434
3067,50;0,1427
3067,00;0,1419
3066,50;0,1411
3066,00;0,1403
3065,50;0,1396
3065,00;0,1390
3064,50;0,1383
3064,00;0,1376
3063,50;0,1369
3063,00;0,1363
3062,50;0,1358
3062,00;0,1352
3061,50;0,1346
3061,00;0,1340
3060,50;0,1335
3060,00;0,1330
3059,50;0,1325
3059,00;0,1318
3058,50;0,1312
3058,00;0,1306
3057,50;0,1300
3057,00;0,1295
3056,50;0,1291
3056,00;0,1287
3055,50;0,1284
3055,00;0,1280
3054,50;0,1276
3054,00;0,1271
3053,50;0,1265
3053,00;0,1259
3052,50;0,1253
3052,00;0,1248
3051,50;0,1243
3051,00;0,1236
3050,50;0,1229
3050,00;0,1223
3049,50;0,1218
3049,00;0,1215
3048,50;0,1212
3048,00;0,1209
3047,50;0,1204
3047,00;0,1200
3046,50;0,1195
3046,00;0,1191
3045,50;0,1186
3045,00;0,1181
3044,50;0,1176
3044,00;0,1170
3043,50;0,1166
3043,00;0,1162
3042,50;0,1159
3042,00;0,1156
3041,50;0,1153
3041,00;0,1150
3040,50;0,1146
3040,00;0,1143
3039,50;0,1138
3039,00;0,1134
3038,50;0,1129
3038,00;0,1124
3037,50;0,1120
3037,00;0,1116
3036,50;0,1112
3036,00;0,1109
3035,50;0,1106
3035,00;0,1103
3034,50;0,1100
3034,00;0,1097
3033,50;0,1094
3033,00;0,1091
3032,50;0,1088
3032,00;0,1084
3031,50;0,1080
3031,00;0,1076
3030,50;0,1071
3030,00;0,1067
3029,50;0,1063
3029,00;0,1059
3028,50;0,1055
3028,00;0,1052
3027,50;0,1049
3027,00;0,1048
3026,50;0,1047
3026,00;0,1045
3025,50;0,1043
3025,00;0,1040
3024,50;0,1038
3024,00;0,1035
3023,50;0,1032
3023,00;0,1029
3022,50;0,1026
3022,00;0,1023
3021,50;0,1020
3021,00;0,1017
3020,50;0,1014
3020,00;0,1011
3019,50;0,1009
3019,00;0,1006
3018,50;0,1003
3018,00;0,1000
3017,50;0,0998
3017,00;0,0997
3016,50;0,0995
3016,00;0,0992
3015,50;0,0989
3015,00;0,0985
3014,50;0,0982
3014,00;0,0978
3013,50;0,0975
3013,00;0,0973
3012,50;0,0971
3012,00;0,0969
3011,50;0,0968
3011,00;0,0966
3010,50;0,0964
3010,00;0,0963
3009,50;0,0961
3009,00;0,0960
3008,50;0,0958
3008,00;0,0956
3007,50;0,0953
3007,00;0,0951
3006,50;0,0949
3006,00;0,0947
3005,50;0,0946
3005,00;0,0944
3004,50;0,0941
3004,00;0,0938
3003,50;0,0935
3003,00;0,0932
3002,50;0,0929
3002,00;0,0926
3001,50;0,0924
3001,00;0,0923
3000,50;0,0924
3000,00;0,0924
2999,50;0,0924
2999,00;0,0923
2998,50;0,0920
2998,00;0,0916
2997,50;0,0911
2997,00;0,0909
2996,50;0,0907
2996,00;0,0907
2995,50;0,0905
2995,00;0,0903
2994,50;0,0902
2994,00;0,0900
2993,50;0,0899
2993,00;0,0896
2992,50;0,0893
2992,00;0,0890
2991,50;0,0888
2991,00;0,0887
2990,50;0,0887
2990,00;0,0887
2989,50;0,0886
2989,00;0,0884
2988,50;0,0881
2988,00;0,0878
2987,50;0,0875
2987,00;0,0873
2986,50;0,0871
2986,00;0,0871
2985,50;0,0871
2985,00;0,0870
2984,50;0,0868
2984,00;0,0866
2983,50;0,0864
2983,00;0,0863
2982,50;0,0862
2982,00;0,0862
2981,50;0,0861
2981,00;0,0861
2980,50;0,0860
2980,00;0,0858
2979,50;0,0857
2979,00;0,0855
2978,50;0,0852
2978,00;0,0850
2977,50;0,0848
2977,00;0,0846
2976,50;0,0845
2976,00;0,0844
2975,50;0,0843
2975,00;0,0842
2974,50;0,0840
2974,00;0,0839
2973,50;0,0836
2973,00;0,0834
2972,50;0,0832
2972,00;0,0829
2971,50;0,0827
2971,00;0,0826
2970,50;0,0824
2970,00;0,0823
2969,50;0,0823
2969,00;0,0824
2968,50;0,0825
2968,00;0,0824
2967,50;0,0822
2967,00;0,0820
2966,50;0,0818
2966,00;0,0817
2965,50;0,0815
2965,00;0,0813
2964,50;0,0811
2964,00;0,0809
2963,50;0,0809
2963,00;0,0810
2962,50;0,0811
2962,00;0,0811
2961,50;0,0808
2961,00;0,0805
2960,50;0,0803
2960,00;0,0802
2959,50;0,0802
2959,00;0,0803
2958,50;0,0803
2958,00;0,0801
2957,50;0,0797
2957,00;0,0793
2956,50;0,0790
2956,00;0,0789
2955,50;0,0790
2955,00;0,0789
2954,50;0,0788
2954,00;0,0786
2953,50;0,0784
2953,00;0,0783
2952,50;0,0783
2952,00;0,0781
2951,50;0,0779
2951,00;0,0776
2950,50;0,0775
2950,00;0,0775
2949,50;0,0775
2949,00;0,0774
2948,50;0,0772
2948,00;0,0770
2947,50;0,0767
2947,00;0,0766
2946,50;0,0765
2946,00;0,0765
2945,50;0,0765
2945,00;0,0764
2944,50;0,0761
2944,00;0,0759
2943,50;0,0757
2943,00;0,0757
2942,50;0,0757
2942,00;0,0757
2941,50;0,0758
2941,00;0,0757
2940,50;0,0755
2940,00;0,0753
2939,50;0,0751
2939,00;0,0750
2938,50;0,0751
2938,00;0,0752
2937,50;0,0754
2937,00;0,0754
2936,50;0,0752
2936,00;0,0749
2935,50;0,0746
2935,00;0,0744
2934,50;0,0744
2934,00;0,0744
2933,50;0,0745
2933,00;0,0745
2932,50;0,0745
2932,00;0,0745
2931,50;0,0743
2931,00;0,0741
2930,50;0,0738
2930,00;0,0736
2929,50;0,0735
2929,00;0,0734
2928,50;0,0734
2928,00;0,0734
2927,50;0,0733
2927,00;0,0732
2926,50;0,0731
2926,00;0,0730
2925,50;0,0729
2925,00;0,0727
2924,50;0,0725
2924,00;0,0723
2923,50;0,0721
2923,00;0,0719
2922,50;0,0718
2922,00;0,0718
2921,50;0,0719
2921,00;0,0720
2920,50;0,0720
2920,00;0,0720
2919,50;0,0720
2919,00;0,0721
2918,50;0,0723
2918,00;0,0726
2917,50;0,0728
2917,00;0,0731
2916,50;0,0733
2916,00;0,0735
2915,50;0,0735
2915,00;0,0735
2914,50;0,0734
2914,00;0,0733
2913,50;0,0733
2913,00;0,0732
2912,50;0,0732
2912,00;0,0730
2911,50;0,0728
2911,00;0,0726
2910,50;0,0724
2910,00;0,0721
2909,50;0,0718
2909,00;0,0715
2908,50;0,0712
2908,00;0,0710
2907,50;0,0710
2907,00;0,0709
2906,50;0,0708
2906,00;0,0706
2905,50;0,0703
2905,00;0,0701
2904,50;0,0699
2904,00;0,0698
2903,50;0,0698
2903,00;0,0699
2902,50;0,0700
2902,00;0,0700
2901,50;0,0699
2901,00;0,0699
2900,50;0,0699
2900,00;0,0699
2899,50;0,0698
2899,00;0,0696
2898,50;0,0695
2898,00;0,0694
2897,50;0,0694
2897,00;0,0695
2896,50;0,0695
2896,00;0,0694
2895,50;0,0693
2895,00;0,0692
2894,50;0,0690
2894,00;0,0690
2893,50;0,0690
2893,00;0,0689
2892,50;0,0688
2892,00;0,0687
2891,50;0,0687
2891,00;0,0688
2890,50;0,0688
2890,00;0,0688
2889,50;0,0688
2889,00;0,0688
2888,50;0,0687
2888,00;0,0686
2887,50;0,0685
2887,00;0,0684
2886,50;0,0685
2886,00;0,0685
2885,50;0,0685
2885,00;0,0685
2884,50;0,0684
2884,00;0,0683
2883,50;0,0681
2883,00;0,0680
2882,50;0,0678
2882,00;0,0676
2881,50;0,0675
2881,00;0,0675
2880,50;0,0675
2880,00;0,0675
2879,50;0,0675
2879,00;0,0674
2878,50;0,0673
2878,00;0,0672
2877,50;0,0671
2877,00;0,0671
2876,50;0,0671
2876,00;0,0672
2875,50;0,0672
2875,00;0,0672
2874,50;0,0672
2874,00;0,0671
2873,50;0,0671
2873,00;0,0670
2872,50;0,0670
2872,00;0,0669
2871,50;0,0669
2871,00;0,0668
2870,50;0,0667
2870,00;0,0667
2869,50;0,0667
2869,00;0,0666
2868,50;0,0666
2868,00;0,0664
2867,50;0,0662
2867,00;0,0661
2866,50;0,0661
2866,00;0,0662
2865,50;0,0663
2865,00;0,0663
2864,50;0,0663
2864,00;0,0662
2863,50;0,0661
2863,00;0,0661
2862,50;0,0662
2862,00;0,0663
2861,50;0,0663
2861,00;0,0662
2860,50;0,0660
2860,00;0,0660
2859,50;0,0660
2859,00;0,0661
2858,50;0,0661
2858,00;0,0661
2857,50;0,0660
2857,00;0,0659
2856,50;0,0656
2856,00;0,0654
2855,50;0,0652
2855,00;0,0651
2854,50;0,0651
2854,00;0,0651
2853,50;0,0651
2853,00;0,0650
2852,50;0,0650
2852,00;0,0649
2851,50;0,0648
2851,00;0,0648
2850,50;0,0649
2850,00;0,0653
2849,50;0,0658
2849,00;0,0663
2848,50;0,0667
2848,00;0,0670
2847,50;0,0671
2847,00;0,0672
2846,50;0,0670
2846,00;0,0666
2845,50;0,0663
2845,00;0,0659
2844,50;0,0657
2844,00;0,0655
2843,50;0,0652
2843,00;0,0650
2842,50;0,0648
2842,00;0,0647
2841,50;0,0647
2841,00;0,0647
2840,50;0,0647
2840,00;0,0647
2839,50;0,0647
2839,00;0,0646
2838,50;0,0645
2838,00;0,0645
2837,50;0,0644
2837,00;0,0644
2836,50;0,0644
2836,00;0,0645
2835,50;0,0645
2835,00;0,0646
2834,50;0,0645
2834,00;0,0645
2833,50;0,0644
2833,00;0,0643
2832,50;0,0643
2832,00;0,0642
2831,50;0,0642
2831,00;0,0642
2830,50;0,0642
2830,00;0,0643
2829,50;0,0643
2829,00;0,0643
2828,50;0,0642
2828,00;0,0641
2827,50;0,0641
2827,00;0,0640
2826,50;0,0640
2826,00;0,0640
2825,50;0,0640
2825,00;0,0640
2824,50;0,0641
2824,00;0,0641
2823,50;0,0640
2823,00;0,0639
2822,50;0,0638
2822,00;0,0637
2821,50;0,0637
2821,00;0,0636
2820,50;0,0636
2820,00;0,0636
2819,50;0,0637
2819,00;0,0638
2818,50;0,0638
2818,00;0,0638
2817,50;0,0639
2817,00;0,0639
2816,50;0,0639
2816,00;0,0639
2815,50;0,0637
2815,00;0,0636
2814,50;0,0635
2814,00;0,0634
2813,50;0,0635
2813,00;0,0635
2812,50;0,0635
2812,00;0,0636
2811,50;0,0636
2811,00;0,0636
2810,50;0,0636
2810,00;0,0636
2809,50;0,0636
2809,00;0,0636
2808,50;0,0636
2808,00;0,0635
2807,50;0,0634
2807,00;0,0634
2806,50;0,0635
2806,00;0,0635
2805,50;0,0634
2805,00;0,0634
2804,50;0,0633
2804,00;0,0633
2803,50;0,0634
2803,00;0,0634
2802,50;0,0634
2802,00;0,0634
2801,50;0,0634
2801,00;0,0632
2800,50;0,0630
2800,00;0,0629
2799,50;0,0628
2799,00;0,0629
2798,50;0,0631
2798,00;0,0632
2797,50;0,0633
2797,00;0,0633
2796,50;0,0633
2796,00;0,0632
2795,50;0,0631
2795,00;0,0630
2794,50;0,0629
2794,00;0,0628
2793,50;0,0627
2793,00;0,0627
2792,50;0,0628
2792,00;0,0628
2791,50;0,0629
2791,00;0,0630
2790,50;0,0629
2790,00;0,0628
2789,50;0,0628
2789,00;0,0627
2788,50;0,0628
2788,00;0,0628
2787,50;0,0628
2787,00;0,0628
2786,50;0,0627
2786,00;0,0626
2785,50;0,0626
2785,00;0,0625
2784,50;0,0625
2784,00;0,0625
2783,50;0,0624
2783,00;0,0624
2782,50;0,0624
2782,00;0,0624
2781,50;0,0625
2781,00;0,0627
2780,50;0,0629
2780,00;0,0628
2779,50;0,0626
2779,00;0,0624
2778,50;0,0623
2778,00;0,0623
2777,50;0,0624
2777,00;0,0624
2776,50;0,0625
2776,00;0,0625
2775,50;0,0626
2775,00;0,0626
2774,50;0,0626
2774,00;0,0626
2773,50;0,0626
2773,00;0,0626
2772,50;0,0626
2772,00;0,0627
2771,50;0,0627
2771,00;0,0627
2770,50;0,0627
2770,00;0,0628
2769,50;0,0628
2769,00;0,0627
2768,50;0,0627
2768,00;0,0626
2767,50;0,0624
2767,00;0,0623
2766,50;0,0622
2766,00;0,0622
2765,50;0,0622
2765,00;0,0623
2764,50;0,0623
2764,00;0,0623
2763,50;0,0623
2763,00;0,0623
2762,50;0,0623
2762,00;0,0624
2761,50;0,0625
2761,00;0,0625
2760,50;0,0626
2760,00;0,0626
2759,50;0,0627
2759,00;0,0626
2758,50;0,0625
2758,00;0,0625
2757,50;0,0625
2757,00;0,0624
2756,50;0,0624
2756,00;0,0623
2755,50;0,0623
2755,00;0,0623
2754,50;0,0623
2754,00;0,0622
2753,50;0,0620
2753,00;0,0619
2752,50;0,0618
2752,00;0,0618
2751,50;0,0619
2751,00;0,0620
2750,50;0,0622
2750,00;0,0624
2749,50;0,0626
2749,00;0,0626
2748,50;0,0626
2748,00;0,0626
2747,50;0,0625
2747,00;0,0624
2746,50;0,0623
2746,00;0,0623
2745,50;0,0623
2745,00;0,0623
2744,50;0,0622
2744,00;0,0621
2743,50;0,0621
2743,00;0,0621
2742,50;0,0621
2742,00;0,0621
2741,50;0,0621
2741,00;0,0622
2740,50;0,0622
2740,00;0,0623
2739,50;0,0623
2739,00;0,0622
2738,50;0,0621
2738,00;0,0620
2737,50;0,0621
2737,00;0,0622
2736,50;0,0623
2736,00;0,0624
2735,50;0,0623
2735,00;0,0622
2734,50;0,0621
2734,00;0,0621
2733,50;0,0623
2733,00;0,0624
2732,50;0,0624
2732,00;0,0624
2731,50;0,0623
2731,00;0,0622
2730,50;0,0621
2730,00;0,0621
2729,50;0,0621
2729,00;0,0622
2728,50;0,0622
2728,00;0,0621
2727,50;0,0620
2727,00;0,0619
2726,50;0,0618
2726,00;0,0618
2725,50;0,0618
2725,00;0,0618
2724,50;0,0620
2724,00;0,0620
2723,50;0,0620
2723,00;0,0620
2722,50;0,0620
2722,00;0,0620
2721,50;0,0620
2721,00;0,0620
2720,50;0,0620
2720,00;0,0619
2719,50;0,0618
2719,00;0,0618
2718,50;0,0618
2718,00;0,0618
2717,50;0,0619
2717,00;0,0620
2716,50;0,0620
2716,00;0,0621
2715,50;0,0621
2715,00;0,0621
2714,50;0,0621
2714,00;0,0620
2713,50;0,0619
2713,00;0,0619
2712,50;0,0620
2712,00;0,0621
2711,50;0,0623
2711,00;0,0624
2710,50;0,0623
2710,00;0,0622
2709,50;0,0621
2709,00;0,0620
2708,50;0,0619
2708,00;0,0620
2707,50;0,0620
2707,00;0,0622
2706,50;0,0622
2706,00;0,0622
2705,50;0,0622
2705,00;0,0621
2704,50;0,0621
2704,00;0,0622
2703,50;0,0623
2703,00;0,0623
2702,50;0,0623
2702,00;0,0623
2701,50;0,0622
2701,00;0,0622
2700,50;0,0621
2700,00;0,0620
2699,50;0,0620
2699,00;0,0620
2698,50;0,0621
2698,00;0,0621
2697,50;0,0621
2697,00;0,0622
2696,50;0,0622
2696,00;0,0622
2695,50;0,0622
2695,00;0,0622
2694,50;0,0621
2694,00;0,0621
2693,50;0,0621
2693,00;0,0621
2692,50;0,0621
2692,00;0,0621
2691,50;0,0622
2691,00;0,0623
2690,50;0,0623
2690,00;0,0623
2689,50;0,0622
2689,00;0,0621
2688,50;0,0620
2688,00;0,0620
2687,50;0,0620
2687,00;0,0621
2686,50;0,0623
2686,00;0,0624
2685,50;0,0625
2685,00;0,0626
2684,50;0,0626
2684,00;0,0626
2683,50;0,0624
2683,00;0,0623
2682,50;0,0622
2682,00;0,0622
2681,50;0,0622
2681,00;0,0623
2680,50;0,0623
2680,00;0,0623
2679,50;0,0623
2679,00;0,0623
2678,50;0,0623
2678,00;0,0623
2677,50;0,0623
2677,00;0,0623
2676,50;0,0623
2676,00;0,0624
2675,50;0,0625
2675,00;0,0625
2674,50;0,0624
2674,00;0,0624
2673,50;0,0623
2673,00;0,0623
2672,50;0,0623
2672,00;0,0622
2671,50;0,0622
2671,00;0,0623
2670,50;0,0624
2670,00;0,0626
2669,50;0,0627
2669,00;0,0627
2668,50;0,0627
2668,00;0,0625
2667,50;0,0624
2667,00;0,0623
2666,50;0,0624
2666,00;0,0624
2665,50;0,0625
2665,00;0,0625
2664,50;0,0626
2664,00;0,0626
2663,50;0,0627
2663,00;0,0628
2662,50;0,0628
2662,00;0,0628
2661,50;0,0627
2661,00;0,0626
2660,50;0,0625
2660,00;0,0625
2659,50;0,0625
2659,00;0,0626
2658,50;0,0626
2658,00;0,0625
2657,50;0,0625
2657,00;0,0624
2656,50;0,0625
2656,00;0,0625
2655,50;0,0626
2655,00;0,0627
2654,50;0,0628
2654,00;0,0627
2653,50;0,0625
2653,00;0,0623
2652,50;0,0622
2652,00;0,0622
2651,50;0,0622
2651,00;0,0623
2650,50;0,0625
2650,00;0,0627
2649,50;0,0628
2649,00;0,0628
2648,50;0,0627
2648,00;0,0627
2647,50;0,0626
2647,00;0,0626
2646,50;0,0626
2646,00;0,0627
2645,50;0,0627
2645,00;0,0626
2644,50;0,0625
2644,00;0,0624
2643,50;0,0624
2643,00;0,0625
2642,50;0,0627
2642,00;0,0629
2641,50;0,0630
2641,00;0,0630
2640,50;0,0630
2640,00;0,0630
2639,50;0,0630
2639,00;0,0630
2638,50;0,0629
2638,00;0,0628
2637,50;0,0627
2637,00;0,0627
2636,50;0,0627
2636,00;0,0627
2635,50;0,0627
2635,00;0,0628
2634,50;0,0629
2634,00;0,0628
2633,50;0,0627
2633,00;0,0626
2632,50;0,0624
2632,00;0,0624
2631,50;0,0624
2631,00;0,0625
2630,50;0,0626
2630,00;0,0628
2629,50;0,0630
2629,00;0,0631
2628,50;0,0631
2628,00;0,0631
2627,50;0,0630
2627,00;0,0630
2626,50;0,0630
2626,00;0,0630
2625,50;0,0630
2625,00;0,0629
2624,50;0,0628
2624,00;0,0629
2623,50;0,0629
2623,00;0,0629
2622,50;0,0628
2622,00;0,0628
2621,50;0,0629
2621,00;0,0629
2620,50;0,0630
2620,00;0,0630
2619,50;0,0630
2619,00;0,0630
2618,50;0,0631
2618,00;0,0632
2617,50;0,0632
2617,00;0,0632
2616,50;0,0632
2616,00;0,0633
2615,50;0,0634
2615,00;0,0634
2614,50;0,0633
2614,00;0,0632
2613,50;0,0629
2613,00;0,0626
2612,50;0,0625
2612,00;0,0626
2611,50;0,0630
2611,00;0,0634
2610,50;0,0637
2610,00;0,0638
2609,50;0,0638
2609,00;0,0637
2608,50;0,0636
2608,00;0,0636
2607,50;0,0637
2607,00;0,0638
2606,50;0,0639
2606,00;0,0638
2605,50;0,0636
2605,00;0,0633
2604,50;0,0631
2604,00;0,0632
2603,50;0,0633
2603,00;0,0635
2602,50;0,0636
2602,00;0,0636
2601,50;0,0636
2601,00;0,0635
2600,50;0,0634
2600,00;0,0631
2599,50;0,0629
2599,00;0,0628
2598,50;0,0629
2598,00;0,0631
2597,50;0,0634
2597,00;0,0637
2596,50;0,0639
2596,00;0,0640
2595,50;0,0640
2595,00;0,0637
2594,50;0,0635
2594,00;0,0634
2593,50;0,0636
2593,00;0,0639
2592,50;0,0642
2592,00;0,0643
2591,50;0,0643
2591,00;0,0641
2590,50;0,0638
2590,00;0,0636
2589,50;0,0635
2589,00;0,0634
2588,50;0,0634
2588,00;0,0634
2587,50;0,0634
2587,00;0,0635
2586,50;0,0636
2586,00;0,0637
2585,50;0,0638
2585,00;0,0639
2584,50;0,0639
2584,00;0,0639
2583,50;0,0638
2583,00;0,0639
2582,50;0,0640
2582,00;0,0641
2581,50;0,0641
2581,00;0,0638
2580,50;0,0635
2580,00;0,0632
2579,50;0,0629
2579,00;0,0628
2578,50;0,0628
2578,00;0,0631
2577,50;0,0636
2577,00;0,0641
2576,50;0,0644
2576,00;0,0646
2575,50;0,0646
2575,00;0,0644
2574,50;0,0639
2574,00;0,0635
2573,50;0,0632
2573,00;0,0632
2572,50;0,0634
2572,00;0,0637
2571,50;0,0641
2571,00;0,0644
2570,50;0,0647
2570,00;0,0649
2569,50;0,0648
2569,00;0,0645
2568,50;0,0641
2568,00;0,0636
2567,50;0,0634
2567,00;0,0635
2566,50;0,0638
2566,00;0,0641
2565,50;0,0642
2565,00;0,0642
2564,50;0,0640
2564,00;0,0639
2563,50;0,0639
2563,00;0,0641
2562,50;0,0642
2562,00;0,0642
2561,50;0,0643
2561,00;0,0645
2560,50;0,0649
2560,00;0,0652
2559,50;0,0652
2559,00;0,0650
2558,50;0,0647
2558,00;0,0645
2557,50;0,0646
2557,00;0,0649
2556,50;0,0651
2556,00;0,0654
2555,50;0,0654
2555,00;0,0654
2554,50;0,0653
2554,00;0,0651
2553,50;0,0647
2553,00;0,0642
2552,50;0,0639
2552,00;0,0638
2551,50;0,0640
2551,00;0,0643
2550,50;0,0644
2550,00;0,0645
2549,50;0,0646
2549,00;0,0648
2548,50;0,0648
2548,00;0,0647
2547,50;0,0645
2547,00;0,0644
2546,50;0,0643
2546,00;0,0645
2545,50;0,0647
2545,00;0,0649
2544,50;0,0649
2544,00;0,0649
2543,50;0,0649
2543,00;0,0649
2542,50;0,0649
2542,00;0,0649
2541,50;0,0648
2541,00;0,0648
2540,50;0,0651
2540,00;0,0654
2539,50;0,0654
2539,00;0,0652
2538,50;0,0649
2538,00;0,0646
2537,50;0,0643
2537,00;0,0642
2536,50;0,0642
2536,00;0,0644
2535,50;0,0648
2535,00;0,0652
2534,50;0,0655
2534,00;0,0655
2533,50;0,0654
2533,00;0,0653
2532,50;0,0652
2532,00;0,0650
2531,50;0,0648
2531,00;0,0647
2530,50;0,0648
2530,00;0,0654
2529,50;0,0661
2529,00;0,0667
2528,50;0,0671
2528,00;0,0671
2527,50;0,0668
2527,00;0,0663
2526,50;0,0659
2526,00;0,0656
2525,50;0,0656
2525,00;0,0658
2524,50;0,0661
2524,00;0,0663
2523,50;0,0666
2523,00;0,0669
2522,50;0,0671
2522,00;0,0667
2521,50;0,0659
2521,00;0,0652
2520,50;0,0649
2520,00;0,0651
2519,50;0,0656
2519,00;0,0660
2518,50;0,0662
2518,00;0,0664
2517,50;0,0666
2517,00;0,0667
2516,50;0,0666
2516,00;0,0664
2515,50;0,0663
2515,00;0,0666
2514,50;0,0673
2514,00;0,0679
2513,50;0,0683
2513,00;0,0686
2512,50;0,0688
2512,00;0,0686
2511,50;0,0680
2511,00;0,0671
2510,50;0,0666
2510,00;0,0668
2509,50;0,0675
2509,00;0,0684
2508,50;0,0694
2508,00;0,0700
2507,50;0,0701
2507,00;0,0696
2506,50;0,0687
2506,00;0,0677
2505,50;0,0668
2505,00;0,0667
2504,50;0,0673
2504,00;0,0685
2503,50;0,0697
2503,00;0,0704
2502,50;0,0705
2502,00;0,0701
2501,50;0,0697
2501,00;0,0694
2500,50;0,0693
2500,00;0,0693
2499,50;0,0695
2499,00;0,0698
2498,50;0,0703
2498,00;0,0708
2497,50;0,0712
2497,00;0,0713
2496,50;0,0711
2496,00;0,0706
2495,50;0,0700
2495,00;0,0698
2494,50;0,0700
2494,00;0,0706
2493,50;0,0714
2493,00;0,0721
2492,50;0,0723
2492,00;0,0721
2491,50;0,0716
2491,00;0,0709
2490,50;0,0702
2490,00;0,0700
2489,50;0,0703
2489,00;0,0711
2488,50;0,0720
2488,00;0,0726
2487,50;0,0727
2487,00;0,0723
2486,50;0,0717
2486,00;0,0713
2485,50;0,0713
2485,00;0,0716
2484,50;0,0721
2484,00;0,0728
2483,50;0,0735
2483,00;0,0741
2482,50;0,0743
2482,00;0,0740
2481,50;0,0734
2481,00;0,0727
2480,50;0,0721
2480,00;0,0719
2479,50;0,0722
2479,00;0,0727
2478,50;0,0734
2478,00;0,0740
2477,50;0,0743
2477,00;0,0742
2476,50;0,0740
2476,00;0,0737
2475,50;0,0735
2475,00;0,0734
2474,50;0,0734
2474,00;0,0736
2473,50;0,0740
2473,00;0,0746
2472,50;0,0753
2472,00;0,0758
2471,50;0,0759
2471,00;0,0755
2470,50;0,0749
2470,00;0,0743
2469,50;0,0740
2469,00;0,0741
2468,50;0,0747
2468,00;0,0756
2467,50;0,0765
2467,00;0,0769
2466,50;0,0766
2466,00;0,0761
2465,50;0,0759
2465,00;0,0759
2464,50;0,0761
2464,00;0,0763
2463,50;0,0765
2463,00;0,0768
2462,50;0,0771
2462,00;0,0773
2461,50;0,0773
2461,00;0,0770
2460,50;0,0767
2460,00;0,0765
2459,50;0,0764
2459,00;0,0765
2458,50;0,0767
2458,00;0,0772
2457,50;0,0776
2457,00;0,0777
2456,50;0,0775
2456,00;0,0770
2455,50;0,0765
2455,00;0,0763
2454,50;0,0763
2454,00;0,0765
2453,50;0,0767
2453,00;0,0771
2452,50;0,0775
2452,00;0,0778
2451,50;0,0780
2451,00;0,0779
2450,50;0,0776
2450,00;0,0772
2449,50;0,0769
2449,00;0,0767
2448,50;0,0767
2448,00;0,0771
2447,50;0,0775
2447,00;0,0778
2446,50;0,0779
2446,00;0,0778
2445,50;0,0777
2445,00;0,0776
2444,50;0,0774
2444,00;0,0773
2443,50;0,0771
2443,00;0,0771
2442,50;0,0771
2442,00;0,0772
2441,50;0,0774
2441,00;0,0774
2440,50;0,0773
2440,00;0,0769
2439,50;0,0767
2439,00;0,0767
2438,50;0,0768
2438,00;0,0769
2437,50;0,0768
2437,00;0,0768
2436,50;0,0768
2436,00;0,0768
2435,50;0,0768
2435,00;0,0766
2434,50;0,0764
2434,00;0,0761
2433,50;0,0760
2433,00;0,0760
2432,50;0,0762
2432,00;0,0765
2431,50;0,0766
2431,00;0,0764
2430,50;0,0761
2430,00;0,0757
2429,50;0,0753
2429,00;0,0751
2428,50;0,0750
2428,00;0,0749
2427,50;0,0749
2427,00;0,0751
2426,50;0,0753
2426,00;0,0755
2425,50;0,0754
2425,00;0,0752
2424,50;0,0749
2424,00;0,0747
2423,50;0,0744
2423,00;0,0742
2422,50;0,0741
2422,00;0,0743
2421,50;0,0746
2421,00;0,0749
2420,50;0,0750
2420,00;0,0748
2419,50;0,0745
2419,00;0,0743
2418,50;0,0740
2418,00;0,0738
2417,50;0,0737
2417,00;0,0737
2416,50;0,0739
2416,00;0,0741
2415,50;0,0741
2415,00;0,0740
2414,50;0,0736
2414,00;0,0733
2413,50;0,0730
2413,00;0,0728
2412,50;0,0726
2412,00;0,0725
2411,50;0,0726
2411,00;0,0728
2410,50;0,0731
2410,00;0,0731
2409,50;0,0730
2409,00;0,0728
2408,50;0,0724
2408,00;0,0719
2407,50;0,0714
2407,00;0,0712
2406,50;0,0713
2406,00;0,0717
2405,50;0,0722
2405,00;0,0725
2404,50;0,0727
2404,00;0,0726
2403,50;0,0723
2403,00;0,0720
2402,50;0,0718
2402,00;0,0716
2401,50;0,0714
2401,00;0,0715
2400,50;0,0717
2400,00;0,0720
2399,50;0,0722
2399,00;0,0722
2398,50;0,0720
2398,00;0,0718
2397,50;0,0715
2397,00;0,0712
2396,50;0,0710
2396,00;0,0710
2395,50;0,0713
2395,00;0,0716
2394,50;0,0720
2394,00;0,0721
2393,50;0,0721
2393,00;0,0719
2392,50;0,0716
2392,00;0,0712
2391,50;0,0709
2391,00;0,0708
2390,50;0,0709
2390,00;0,0711
2389,50;0,0713
2389,00;0,0714
2388,50;0,0713
2388,00;0,0710
2387,50;0,0708
2387,00;0,0705
2386,50;0,0704
2386,00;0,0703
2385,50;0,0704
2385,00;0,0705
2384,50;0,0705
2384,00;0,0705
2383,50;0,0704
2383,00;0,0701
2382,50;0,0698
2382,00;0,0695
2381,50;0,0692
2381,00;0,0690
2380,50;0,0688
2380,00;0,0688
2379,50;0,0688
2379,00;0,0689
2378,50;0,0689
2378,00;0,0689
2377,50;0,0688
2377,00;0,0686
2376,50;0,0684
2376,00;0,0682
2375,50;0,0680
2375,00;0,0678
2374,50;0,0677
2374,00;0,0677
2373,50;0,0677
2373,00;0,0677
2372,50;0,0675
2372,00;0,0672
2371,50;0,0670
2371,00;0,0668
2370,50;0,0668
2370,00;0,0668
2369,50;0,0670
2369,00;0,0672
2368,50;0,0674
2368,00;0,0674
2367,50;0,0674
2367,00;0,0671
2366,50;0,0669
2366,00;0,0666
2365,50;0,0666
2365,00;0,0668
2364,50;0,0668
2364,00;0,0671
2363,50;0,0673
2363,00;0,0674
2362,50;0,0674
2362,00;0,0673
2361,50;0,0671
2361,00;0,0671
2360,50;0,0670
2360,00;0,0669
2359,50;0,0669
2359,00;0,0669
2358,50;0,0669
2358,00;0,0674
2357,50;0,0672
2357,00;0,0676
2356,50;0,0664
2356,00;0,0646
2355,50;0,0645
2355,00;0,0640
2354,50;0,0639
2354,00;0,0639
2353,50;0,0640
2353,00;0,0639
2352,50;0,0637
2352,00;0,0635
2351,50;0,0636
2351,00;0,0638
2350,50;0,0643
2350,00;0,0645
2349,50;0,0651
2349,00;0,0644
2348,50;0,0666
2348,00;0,0692
2347,50;0,0686
2347,00;0,0691
2346,50;0,0692
2346,00;0,0695
2345,50;0,0693
2345,00;0,0693
2344,50;0,0696
2344,00;0,0699
2343,50;0,0704
2343,00;0,0713
2342,50;0,0721
2342,00;0,0725
2341,50;0,0730
2341,00;0,0735
2340,50;0,0734
2340,00;0,0729
2339,50;0,0724
2339,00;0,0718
2338,50;0,0710
2338,00;0,0706
2337,50;0,0703
2337,00;0,0698
2336,50;0,0693
2336,00;0,0692
2335,50;0,0692
2335,00;0,0689
2334,50;0,0687
2334,00;0,0686
2333,50;0,0685
2333,00;0,0684
2332,50;0,0684
2332,00;0,0686
2331,50;0,0686
2331,00;0,0684
2330,50;0,0682
2330,00;0,0683
2329,50;0,0683
2329,00;0,0681
2328,50;0,0681
2328,00;0,0685
2327,50;0,0688
2327,00;0,0689
2326,50;0,0691
2326,00;0,0694
2325,50;0,0692
2325,00;0,0686
2324,50;0,0687
2324,00;0,0690
2323,50;0,0688
2323,00;0,0686
2322,50;0,0690
2322,00;0,0695
2321,50;0,0691
2321,00;0,0688
2320,50;0,0692
2320,00;0,0695
2319,50;0,0690
2319,00;0,0685
2318,50;0,0688
2318,00;0,0691
2317,50;0,0688
2317,00;0,0688
2316,50;0,0695
2316,00;0,0701
2315,50;0,0697
2315,00;0,0694
2314,50;0,0696
2314,00;0,0698
2313,50;0,0693
2313,00;0,0692
2312,50;0,0698
2312,00;0,0704
2311,50;0,0703
2311,00;0,0701
2310,50;0,0705
2310,00;0,0708
2309,50;0,0705
2309,00;0,0701
2308,50;0,0703
2308,00;0,0711
2307,50;0,0715
2307,00;0,0715
2306,50;0,0716
2306,00;0,0716
2305,50;0,0714
2305,00;0,0710
2304,50;0,0711
2304,00;0,0716
2303,50;0,0719
2303,00;0,0716
2302,50;0,0713
2302,00;0,0715
2301,50;0,0718
2301,00;0,0720
2300,50;0,0721
2300,00;0,0723
2299,50;0,0725
2299,00;0,0725
2298,50;0,0722
2298,00;0,0721
2297,50;0,0724
2297,00;0,0728
2296,50;0,0730
2296,00;0,0732
2295,50;0,0736
2295,00;0,0739
2294,50;0,0740
2294,00;0,0739
2293,50;0,0738
2293,00;0,0738
2292,50;0,0736
2292,00;0,0735
2291,50;0,0734
2291,00;0,0736
2290,50;0,0738
2290,00;0,0739
2289,50;0,0739
2289,00;0,0738
2288,50;0,0737
2288,00;0,0737
2287,50;0,0737
2287,00;0,0739
2286,50;0,0743
2286,00;0,0746
2285,50;0,0748
2285,00;0,0747
2284,50;0,0743
2284,00;0,0739
2283,50;0,0736
2283,00;0,0736
2282,50;0,0737
2282,00;0,0740
2281,50;0,0743
2281,00;0,0746
2280,50;0,0748
2280,00;0,0749
2279,50;0,0751
2279,00;0,0752
2278,50;0,0753
2278,00;0,0751
2277,50;0,0746
2277,00;0,0740
2276,50;0,0736
2276,00;0,0735
2275,50;0,0740
2275,00;0,0747
2274,50;0,0753
2274,00;0,0756
2273,50;0,0756
2273,00;0,0753
2272,50;0,0748
2272,00;0,0742
2271,50;0,0737
2271,00;0,0736
2270,50;0,0740
2270,00;0,0747
2269,50;0,0753
2269,00;0,0757
2268,50;0,0760
2268,00;0,0759
2267,50;0,0755
2267,00;0,0747
2266,50;0,0740
2266,00;0,0738
2265,50;0,0740
2265,00;0,0747
2264,50;0,0752
2264,00;0,0754
2263,50;0,0752
2263,00;0,0748
2262,50;0,0746
2262,00;0,0744
2261,50;0,0743
2261,00;0,0740
2260,50;0,0739
2260,00;0,0742
2259,50;0,0749
2259,00;0,0757
2258,50;0,0761
2258,00;0,0762
2257,50;0,0758
2257,00;0,0753
2256,50;0,0747
2256,00;0,0744
2255,50;0,0744
2255,00;0,0748
2254,50;0,0753
2254,00;0,0757
2253,50;0,0758
2253,00;0,0755
2252,50;0,0752
2252,00;0,0748
2251,50;0,0745
2251,00;0,0743
2250,50;0,0743
2250,00;0,0745
2249,50;0,0749
2249,00;0,0756
2248,50;0,0763
2248,00;0,0767
2247,50;0,0768
2247,00;0,0763
2246,50;0,0757
2246,00;0,0752
2245,50;0,0752
2245,00;0,0753
2244,50;0,0756
2244,00;0,0760
2243,50;0,0763
2243,00;0,0764
2242,50;0,0762
2242,00;0,0757
2241,50;0,0751
2241,00;0,0748
2240,50;0,0751
2240,00;0,0757
2239,50;0,0762
2239,00;0,0763
2238,50;0,0764
2238,00;0,0766
2237,50;0,0768
2237,00;0,0765
2236,50;0,0758
2236,00;0,0749
2235,50;0,0743
2235,00;0,0743
2234,50;0,0748
2234,00;0,0755
2233,50;0,0761
2233,00;0,0767
2232,50;0,0771
2232,00;0,0774
2231,50;0,0775
2231,00;0,0774
2230,50;0,0770
2230,00;0,0764
2229,50;0,0758
2229,00;0,0753
2228,50;0,0751
2228,00;0,0753
2227,50;0,0757
2227,00;0,0758
2226,50;0,0757
2226,00;0,0756
2225,50;0,0758
2225,00;0,0762
2224,50;0,0767
2224,00;0,0772
2223,50;0,0775
2223,00;0,0775
2222,50;0,0774
2222,00;0,0773
2221,50;0,0776
2221,00;0,0778
2220,50;0,0775
2220,00;0,0767
2219,50;0,0759
2219,00;0,0752
2218,50;0,0747
2218,00;0,0744
2217,50;0,0746
2217,00;0,0751
2216,50;0,0755
2216,00;0,0755
2215,50;0,0750
2215,00;0,0743
2214,50;0,0737
2214,00;0,0738
2213,50;0,0745
2213,00;0,0754
2212,50;0,0762
2212,00;0,0766
2211,50;0,0767
2211,00;0,0766
2210,50;0,0764
2210,00;0,0759
2209,50;0,0751
2209,00;0,0743
2208,50;0,0739
2208,00;0,0739
2207,50;0,0743
2207,00;0,0749
2206,50;0,0757
2206,00;0,0762
2205,50;0,0762
2205,00;0,0752
2204,50;0,0737
2204,00;0,0728
2203,50;0,0728
2203,00;0,0736
2202,50;0,0744
2202,00;0,0749
2201,50;0,0751
2201,00;0,0751
2200,50;0,0749
2200,00;0,0745
2199,50;0,0743
2199,00;0,0744
2198,50;0,0745
2198,00;0,0748
2197,50;0,0751
2197,00;0,0756
2196,50;0,0760
2196,00;0,0761
2195,50;0,0758
2195,00;0,0754
2194,50;0,0749
2194,00;0,0746
2193,50;0,0746
2193,00;0,0748
2192,50;0,0750
2192,00;0,0750
2191,50;0,0752
2191,00;0,0754
2190,50;0,0757
2190,00;0,0758
2189,50;0,0754
2189,00;0,0748
2188,50;0,0741
2188,00;0,0737
2187,50;0,0736
2187,00;0,0737
2186,50;0,0737
2186,00;0,0738
2185,50;0,0742
2185,00;0,0747
2184,50;0,0749
2184,00;0,0743
2183,50;0,0731
2183,00;0,0720
2182,50;0,0717
2182,00;0,0725
2181,50;0,0739
2181,00;0,0753
2180,50;0,0757
2180,00;0,0749
2179,50;0,0737
2179,00;0,0727
2178,50;0,0722
2178,00;0,0722
2177,50;0,0723
2177,00;0,0726
2176,50;0,0730
2176,00;0,0734
2175,50;0,0741
2175,00;0,0748
2174,50;0,0754
2174,00;0,0754
2173,50;0,0747
2173,00;0,0734
2172,50;0,0722
2172,00;0,0718
2171,50;0,0724
2171,00;0,0739
2170,50;0,0753
2170,00;0,0760
2169,50;0,0758
2169,00;0,0750
2168,50;0,0737
2168,00;0,0723
2167,50;0,0712
2167,00;0,0707
2166,50;0,0708
2166,00;0,0713
2165,50;0,0723
2165,00;0,0734
2164,50;0,0745
2164,00;0,0751
2163,50;0,0753
2163,00;0,0751
2162,50;0,0743
2162,00;0,0732
2161,50;0,0725
2161,00;0,0727
2160,50;0,0736
2160,00;0,0744
2159,50;0,0747
2159,00;0,0748
2158,50;0,0748
2158,00;0,0742
2157,50;0,0730
2157,00;0,0716
2156,50;0,0710
2156,00;0,0713
2155,50;0,0720
2155,00;0,0727
2154,50;0,0729
2154,00;0,0730
2153,50;0,0728
2153,00;0,0723
2152,50;0,0713
2152,00;0,0702
2151,50;0,0696
2151,00;0,0699
2150,50;0,0706
2150,00;0,0714
2149,50;0,0722
2149,00;0,0729
2148,50;0,0735
2148,00;0,0735
2147,50;0,0728
2147,00;0,0716
2146,50;0,0706
2146,00;0,0701
2145,50;0,0704
2145,00;0,0711
2144,50;0,0718
2144,00;0,0721
2143,50;0,0721
2143,00;0,0717
2142,50;0,0712
2142,00;0,0709
2141,50;0,0707
2141,00;0,0709
2140,50;0,0712
2140,00;0,0713
2139,50;0,0713
2139,00;0,0712
2138,50;0,0714
2138,00;0,0718
2137,50;0,0721
2137,00;0,0719
2136,50;0,0714
2136,00;0,0709
2135,50;0,0709
2135,00;0,0710
2134,50;0,0711
2134,00;0,0709
2133,50;0,0707
2133,00;0,0705
2132,50;0,0704
2132,00;0,0701
2131,50;0,0697
2131,00;0,0693
2130,50;0,0691
2130,00;0,0691
2129,50;0,0693
2129,00;0,0696
2128,50;0,0700
2128,00;0,0703
2127,50;0,0704
2127,00;0,0704
2126,50;0,0701
2126,00;0,0697
2125,50;0,0696
2125,00;0,0696
2124,50;0,0695
2124,00;0,0692
2123,50;0,0689
2123,00;0,0689
2122,50;0,0693
2122,00;0,0698
2121,50;0,0700
2121,00;0,0699
2120,50;0,0696
2120,00;0,0693
2119,50;0,0691
2119,00;0,0692
2118,50;0,0693
2118,00;0,0695
2117,50;0,0695
2117,00;0,0693
2116,50;0,0691
2116,00;0,0690
2115,50;0,0690
2115,00;0,0689
2114,50;0,0686
2114,00;0,0684
2113,50;0,0682
2113,00;0,0683
2112,50;0,0686
2112,00;0,0688
2111,50;0,0690
2111,00;0,0688
2110,50;0,0684
2110,00;0,0679
2109,50;0,0675
2109,00;0,0672
2108,50;0,0671
2108,00;0,0672
2107,50;0,0675
2107,00;0,0678
2106,50;0,0682
2106,00;0,0685
2105,50;0,0686
2105,00;0,0686
2104,50;0,0684
2104,00;0,0682
2103,50;0,0682
2103,00;0,0683
2102,50;0,0685
2102,00;0,0686
2101,50;0,0687
2101,00;0,0687
2100,50;0,0687
2100,00;0,0684
2099,50;0,0678
2099,00;0,0670
2098,50;0,0666
2098,00;0,0666
2097,50;0,0669
2097,00;0,0673
2096,50;0,0675
2096,00;0,0675
2095,50;0,0672
2095,00;0,0669
2094,50;0,0669
2094,00;0,0673
2093,50;0,0679
2093,00;0,0684
2092,50;0,0686
2092,00;0,0686
2091,50;0,0688
2091,00;0,0689
2090,50;0,0687
2090,00;0,0682
2089,50;0,0674
2089,00;0,0667
2088,50;0,0663
2088,00;0,0661
2087,50;0,0660
2087,00;0,0660
2086,50;0,0661
2086,00;0,0665
2085,50;0,0669
2085,00;0,0672
2084,50;0,0673
2084,00;0,0670
2083,50;0,0667
2083,00;0,0665
2082,50;0,0665
2082,00;0,0669
2081,50;0,0676
2081,00;0,0680
2080,50;0,0680
2080,00;0,0674
2079,50;0,0668
2079,00;0,0664
2078,50;0,0664
2078,00;0,0665
2077,50;0,0667
2077,00;0,0669
2076,50;0,0670
2076,00;0,0670
2075,50;0,0670
2075,00;0,0670
2074,50;0,0670
2074,00;0,0670
2073,50;0,0671
2073,00;0,0670
2072,50;0,0667
2072,00;0,0660
2071,50;0,0654
2071,00;0,0653
2070,50;0,0657
2070,00;0,0661
2069,50;0,0663
2069,00;0,0663
2068,50;0,0663
2068,00;0,0664
2067,50;0,0663
2067,00;0,0661
2066,50;0,0659
2066,00;0,0659
2065,50;0,0661
2065,00;0,0663
2064,50;0,0663
2064,00;0,0662
2063,50;0,0661
2063,00;0,0662
2062,50;0,0663
2062,00;0,0666
2061,50;0,0669
2061,00;0,0673
2060,50;0,0674
2060,00;0,0673
2059,50;0,0670
2059,00;0,0666
2058,50;0,0664
2058,00;0,0663
2057,50;0,0663
2057,00;0,0663
2056,50;0,0662
2056,00;0,0658
2055,50;0,0652
2055,00;0,0647
2054,50;0,0645
2054,00;0,0645
2053,50;0,0646
2053,00;0,0646
2052,50;0,0645
2052,00;0,0643
2051,50;0,0640
2051,00;0,0639
2050,50;0,0640
2050,00;0,0641
2049,50;0,0641
2049,00;0,0644
2048,50;0,0649
2048,00;0,0657
2047,50;0,0666
2047,00;0,0674
2046,50;0,0677
2046,00;0,0673
2045,50;0,0664
2045,00;0,0654
2044,50;0,0647
2044,00;0,0647
2043,50;0,0651
2043,00;0,0657
2042,50;0,0659
2042,00;0,0655
2041,50;0,0645
2041,00;0,0635
2040,50;0,0631
2040,00;0,0631
2039,50;0,0633
2039,00;0,0637
2038,50;0,0643
2038,00;0,0652
2037,50;0,0657
2037,00;0,0658
2036,50;0,0655
2036,00;0,0653
2035,50;0,0650
2035,00;0,0645
2034,50;0,0640
2034,00;0,0640
2033,50;0,0645
2033,00;0,0651
2032,50;0,0651
2032,00;0,0643
2031,50;0,0633
2031,00;0,0628
2030,50;0,0632
2030,00;0,0643
2029,50;0,0655
2029,00;0,0664
2028,50;0,0669
2028,00;0,0671
2027,50;0,0668
2027,00;0,0661
2026,50;0,0652
2026,00;0,0642
2025,50;0,0635
2025,00;0,0632
2024,50;0,0635
2024,00;0,0642
2023,50;0,0647
2023,00;0,0651
2022,50;0,0655
2022,00;0,0658
2021,50;0,0659
2021,00;0,0656
2020,50;0,0653
2020,00;0,0652
2019,50;0,0652
2019,00;0,0650
2018,50;0,0646
2018,00;0,0643
2017,50;0,0640
2017,00;0,0634
2016,50;0,0627
2016,00;0,0623
2015,50;0,0624
2015,00;0,0631
2014,50;0,0641
2014,00;0,0647
2013,50;0,0647
2013,00;0,0641
2012,50;0,0633
2012,00;0,0629
2011,50;0,0630
2011,00;0,0633
2010,50;0,0636
2010,00;0,0639
2009,50;0,0642
2009,00;0,0644
2008,50;0,0643
2008,00;0,0644
2007,50;0,0646
2007,00;0,0649
2006,50;0,0648
2006,00;0,0644
2005,50;0,0640
2005,00;0,0641
2004,50;0,0647
2004,00;0,0656
2003,50;0,0660
2003,00;0,0658
2002,50;0,0651
2002,00;0,0644
2001,50;0,0641
2001,00;0,0641
2000,50;0,0642
2000,00;0,0642
1999,50;0,0641
1999,00;0,0639
1998,50;0,0638
1998,00;0,0638
1997,50;0,0640
1997,00;0,0642
1996,50;0,0645
1996,00;0,0648
1995,50;0,0650
1995,00;0,0648
1994,50;0,0642
1994,00;0,0632
1993,50;0,0622
1993,00;0,0618
1992,50;0,0622
1992,00;0,0630
1991,50;0,0636
1991,00;0,0634
1990,50;0,0624
1990,00;0,0615
1989,50;0,0615
1989,00;0,0623
1988,50;0,0632
1988,00;0,0635
1987,50;0,0634
1987,00;0,0636
1986,50;0,0644
1986,00;0,0653
1985,50;0,0656
1985,00;0,0653
1984,50;0,0648
1984,00;0,0643
1983,50;0,0637
1983,00;0,0630
1982,50;0,0625
1982,00;0,0624
1981,50;0,0629
1981,00;0,0637
1980,50;0,0644
1980,00;0,0648
1979,50;0,0650
1979,00;0,0649
1978,50;0,0646
1978,00;0,0642
1977,50;0,0637
1977,00;0,0634
1976,50;0,0633
1976,00;0,0635
1975,50;0,0640
1975,00;0,0645
1974,50;0,0649
1974,00;0,0648
1973,50;0,0644
1973,00;0,0639
1972,50;0,0636
1972,00;0,0636
1971,50;0,0637
1971,00;0,0638
1970,50;0,0638
1970,00;0,0638
1969,50;0,0638
1969,00;0,0637
1968,50;0,0637
1968,00;0,0639
1967,50;0,0640
1967,00;0,0639
1966,50;0,0637
1966,00;0,0638
1965,50;0,0643
1965,00;0,0650
1964,50;0,0654
1964,00;0,0652
1963,50;0,0646
1963,00;0,0640
1962,50;0,0634
1962,00;0,0631
1961,50;0,0633
1961,00;0,0638
1960,50;0,0644
1960,00;0,0646
1959,50;0,0645
1959,00;0,0642
1958,50;0,0639
1958,00;0,0637
1957,50;0,0637
1957,00;0,0640
1956,50;0,0642
1956,00;0,0641
1955,50;0,0638
1955,00;0,0637
1954,50;0,0642
1954,00;0,0649
1953,50;0,0654
1953,00;0,0652
1952,50;0,0646
1952,00;0,0638
1951,50;0,0633
1951,00;0,0634
1950,50;0,0638
1950,00;0,0643
1949,50;0,0647
1949,00;0,0650
1948,50;0,0651
1948,00;0,0650
1947,50;0,0646
1947,00;0,0643
1946,50;0,0642
1946,00;0,0644
1945,50;0,0648
1945,00;0,0652
1944,50;0,0655
1944,00;0,0653
1943,50;0,0645
1943,00;0,0635
1942,50;0,0629
1942,00;0,0626
1941,50;0,0627
1941,00;0,0629
1940,50;0,0633
1940,00;0,0638
1939,50;0,0643
1939,00;0,0645
1938,50;0,0647
1938,00;0,0648
1937,50;0,0647
1937,00;0,0645
1936,50;0,0644
1936,00;0,0642
1935,50;0,0642
1935,00;0,0642
1934,50;0,0644
1934,00;0,0648
1933,50;0,0652
1933,00;0,0652
1932,50;0,0650
1932,00;0,0648
1931,50;0,0648
1931,00;0,0649
1930,50;0,0650
1930,00;0,0649
1929,50;0,0647
1929,00;0,0645
1928,50;0,0645
1928,00;0,0647
1927,50;0,0649
1927,00;0,0652
1926,50;0,0655
1926,00;0,0656
1925,50;0,0656
1925,00;0,0653
1924,50;0,0649
1924,00;0,0646
1923,50;0,0645
1923,00;0,0646
1922,50;0,0647
1922,00;0,0648
1921,50;0,0649
1921,00;0,0649
1920,50;0,0651
1920,00;0,0652
1919,50;0,0651
1919,00;0,0649
1918,50;0,0648
1918,00;0,0651
1917,50;0,0654
1917,00;0,0654
1916,50;0,0650
1916,00;0,0647
1915,50;0,0644
1915,00;0,0643
1914,50;0,0645
1914,00;0,0647
1913,50;0,0651
1913,00;0,0653
1912,50;0,0653
1912,00;0,0653
1911,50;0,0653
1911,00;0,0655
1910,50;0,0657
1910,00;0,0659
1909,50;0,0660
1909,00;0,0658
1908,50;0,0656
1908,00;0,0654
1907,50;0,0653
1907,00;0,0653
1906,50;0,0652
1906,00;0,0652
1905,50;0,0652
1905,00;0,0652
1904,50;0,0652
1904,00;0,0651
1903,50;0,0650
1903,00;0,0649
1902,50;0,0651
1902,00;0,0654
1901,50;0,0658
1901,00;0,0658
1900,50;0,0657
1900,00;0,0655
1899,50;0,0654
1899,00;0,0655
1898,50;0,0658
1898,00;0,0661
1897,50;0,0663
1897,00;0,0663
1896,50;0,0662
1896,00;0,0661
1895,50;0,0660
1895,00;0,0660
1894,50;0,0660
1894,00;0,0660
1893,50;0,0659
1893,00;0,0659
1892,50;0,0659
1892,00;0,0662
1891,50;0,0664
1891,00;0,0665
1890,50;0,0664
1890,00;0,0661
1889,50;0,0657
1889,00;0,0655
1888,50;0,0654
1888,00;0,0656
1887,50;0,0659
1887,00;0,0662
1886,50;0,0664
1886,00;0,0665
1885,50;0,0663
1885,00;0,0660
1884,50;0,0658
1884,00;0,0657
1883,50;0,0658
1883,00;0,0657
1882,50;0,0657
1882,00;0,0657
1881,50;0,0659
1881,00;0,0660
1880,50;0,0660
1880,00;0,0660
1879,50;0,0659
1879,00;0,0659
1878,50;0,0659
1878,00;0,0659
1877,50;0,0663
1877,00;0,0669
1876,50;0,0675
1876,00;0,0678
1875,50;0,0678
1875,00;0,0675
1874,50;0,0673
1874,00;0,0672
1873,50;0,0671
1873,00;0,0672
1872,50;0,0673
1872,00;0,0673
1871,50;0,0673
1871,00;0,0673
1870,50;0,0674
1870,00;0,0675
1869,50;0,0675
1869,00;0,0674
1868,50;0,0672
1868,00;0,0669
1867,50;0,0667
1867,00;0,0665
1866,50;0,0665
1866,00;0,0666
1865,50;0,0667
1865,00;0,0667
1864,50;0,0667
1864,00;0,0667
1863,50;0,0669
1863,00;0,0671
1862,50;0,0673
1862,00;0,0674
1861,50;0,0673
1861,00;0,0672
1860,50;0,0671
1860,00;0,0672
1859,50;0,0674
1859,00;0,0676
1858,50;0,0678
1858,00;0,0678
1857,50;0,0677
1857,00;0,0674
1856,50;0,0674
1856,00;0,0676
1855,50;0,0678
1855,00;0,0678
1854,50;0,0675
1854,00;0,0673
1853,50;0,0673
1853,00;0,0674
1852,50;0,0675
1852,00;0,0676
1851,50;0,0676
1851,00;0,0675
1850,50;0,0675
1850,00;0,0677
1849,50;0,0679
1849,00;0,0681
1848,50;0,0682
1848,00;0,0684
1847,50;0,0686
1847,00;0,0688
1846,50;0,0688
1846,00;0,0685
1845,50;0,0681
1845,00;0,0677
1844,50;0,0675
1844,00;0,0674
1843,50;0,0675
1843,00;0,0674
1842,50;0,0673
1842,00;0,0673
1841,50;0,0676
1841,00;0,0680
1840,50;0,0685
1840,00;0,0687
1839,50;0,0687
1839,00;0,0685
1838,50;0,0684
1838,00;0,0684
1837,50;0,0685
1837,00;0,0685
1836,50;0,0685
1836,00;0,0684
1835,50;0,0683
1835,00;0,0683
1834,50;0,0683
1834,00;0,0684
1833,50;0,0685
1833,00;0,0685
1832,50;0,0684
1832,00;0,0683
1831,50;0,0682
1831,00;0,0683
1830,50;0,0684
1830,00;0,0685
1829,50;0,0688
1829,00;0,0690
1828,50;0,0692
1828,00;0,0692
1827,50;0,0691
1827,00;0,0689
1826,50;0,0688
1826,00;0,0687
1825,50;0,0687
1825,00;0,0687
1824,50;0,0688
1824,00;0,0688
1823,50;0,0688
1823,00;0,0690
1822,50;0,0692
1822,00;0,0694
1821,50;0,0696
1821,00;0,0697
1820,50;0,0696
1820,00;0,0695
1819,50;0,0694
1819,00;0,0694
1818,50;0,0695
1818,00;0,0696
1817,50;0,0697
1817,00;0,0698
1816,50;0,0698
1816,00;0,0697
1815,50;0,0696
1815,00;0,0696
1814,50;0,0698
1814,00;0,0701
1813,50;0,0703
1813,00;0,0703
1812,50;0,0702
1812,00;0,0701
1811,50;0,0700
1811,00;0,0700
1810,50;0,0699
1810,00;0,0699
1809,50;0,0699
1809,00;0,0700
1808,50;0,0701
1808,00;0,0703
1807,50;0,0703
1807,00;0,0701
1806,50;0,0700
1806,00;0,0700
1805,50;0,0702
1805,00;0,0703
1804,50;0,0704
1804,00;0,0705
1803,50;0,0706
1803,00;0,0707
1802,50;0,0707
1802,00;0,0706
1801,50;0,0706
1801,00;0,0706
1800,50;0,0707
1800,00;0,0707
1799,50;0,0708
1799,00;0,0709
1798,50;0,0710
1798,00;0,0711
1797,50;0,0711
1797,00;0,0711
1796,50;0,0711
1796,00;0,0712
1795,50;0,0712
1795,00;0,0711
1794,50;0,0710
1794,00;0,0710
1793,50;0,0711
1793,00;0,0712
1792,50;0,0714
1792,00;0,0717
1791,50;0,0719
1791,00;0,0721
1790,50;0,0723
1790,00;0,0723
1789,50;0,0723
1789,00;0,0723
1788,50;0,0723
1788,00;0,0724
1787,50;0,0725
1787,00;0,0725
1786,50;0,0724
1786,00;0,0724
1785,50;0,0724
1785,00;0,0725
1784,50;0,0725
1784,00;0,0724
1783,50;0,0723
1783,00;0,0722
1782,50;0,0723
1782,00;0,0724
1781,50;0,0725
1781,00;0,0727
1780,50;0,0728
1780,00;0,0729
1779,50;0,0729
1779,00;0,0729
1778,50;0,0729
1778,00;0,0730
1777,50;0,0730
1777,00;0,0731
1776,50;0,0731
1776,00;0,0732
1775,50;0,0734
1775,00;0,0737
1774,50;0,0739
1774,00;0,0741
1773,50;0,0743
1773,00;0,0744
1772,50;0,0744
1772,00;0,0743
1771,50;0,0742
1771,00;0,0741
1770,50;0,0741
1770,00;0,0742
1769,50;0,0741
1769,00;0,0741
1768,50;0,0741
1768,00;0,0741
1767,50;0,0743
1767,00;0,0745
1766,50;0,0747
1766,00;0,0749
1765,50;0,0749
1765,00;0,0750
1764,50;0,0751
1764,00;0,0752
1763,50;0,0753
1763,00;0,0754
1762,50;0,0755
1762,00;0,0756
1761,50;0,0756
1761,00;0,0757
1760,50;0,0757
1760,00;0,0757
1759,50;0,0757
1759,00;0,0758
1758,50;0,0758
1758,00;0,0758
1757,50;0,0760
1757,00;0,0762
1756,50;0,0764
1756,00;0,0765
1755,50;0,0766
1755,00;0,0766
1754,50;0,0767
1754,00;0,0768
1753,50;0,0769
1753,00;0,0769
1752,50;0,0770
1752,00;0,0771
1751,50;0,0773
1751,00;0,0776
1750,50;0,0779
1750,00;0,0780
1749,50;0,0782
1749,00;0,0782
1748,50;0,0782
1748,00;0,0780
1747,50;0,0779
1747,00;0,0778
1746,50;0,0778
1746,00;0,0778
1745,50;0,0779
1745,00;0,0780
1744,50;0,0781
1744,00;0,0782
1743,50;0,0784
1743,00;0,0786
1742,50;0,0788
1742,00;0,0789
1741,50;0,0789
1741,00;0,0788
1740,50;0,0788
1740,00;0,0790
1739,50;0,0793
1739,00;0,0796
1738,50;0,0797
1738,00;0,0797
1737,50;0,0798
1737,00;0,0799
1736,50;0,0801
1736,00;0,0802
1735,50;0,0802
1735,00;0,0800
1734,50;0,0799
1734,00;0,0797
1733,50;0,0796
1733,00;0,0794
1732,50;0,0794
1732,00;0,0795
1731,50;0,0798
1731,00;0,0801
1730,50;0,0803
1730,00;0,0804
1729,50;0,0804
1729,00;0,0805
1728,50;0,0807
1728,00;0,0810
1727,50;0,0812
1727,00;0,0815
1726,50;0,0817
1726,00;0,0818
1725,50;0,0819
1725,00;0,0819
1724,50;0,0820
1724,00;0,0821
1723,50;0,0823
1723,00;0,0826
1722,50;0,0828
1722,00;0,0830
1721,50;0,0833
1721,00;0,0836
1720,50;0,0840
1720,00;0,0842
1719,50;0,0842
1719,00;0,0841
1718,50;0,0838
1718,00;0,0838
1717,50;0,0838
1717,00;0,0840
1716,50;0,0844
1716,00;0,0849
1715,50;0,0854
1715,00;0,0858
1714,50;0,0861
1714,00;0,0862
1713,50;0,0863
1713,00;0,0863
1712,50;0,0864
1712,00;0,0867
1711,50;0,0871
1711,00;0,0873
1710,50;0,0874
1710,00;0,0873
1709,50;0,0873
1709,00;0,0875
1708,50;0,0877
1708,00;0,0879
1707,50;0,0881
1707,00;0,0882
1706,50;0,0884
1706,00;0,0886
1705,50;0,0889
1705,00;0,0891
1704,50;0,0892
1704,00;0,0894
1703,50;0,0897
1703,00;0,0899
1702,50;0,0902
1702,00;0,0903
1701,50;0,0903
1701,00;0,0902
1700,50;0,0901
1700,00;0,0904
1699,50;0,0909
1699,00;0,0913
1698,50;0,0915
1698,00;0,0917
1697,50;0,0917
1697,00;0,0915
1696,50;0,0914
1696,00;0,0915
1695,50;0,0917
1695,00;0,0920
1694,50;0,0924
1694,00;0,0926
1693,50;0,0928
1693,00;0,0930
1692,50;0,0932
1692,00;0,0934
1691,50;0,0936
1691,00;0,0937
1690,50;0,0937
1690,00;0,0937
1689,50;0,0936
1689,00;0,0938
1688,50;0,0940
1688,00;0,0941
1687,50;0,0942
1687,00;0,0942
1686,50;0,0940
1686,00;0,0938
1685,50;0,0937
1685,00;0,0938
1684,50;0,0940
1684,00;0,0942
1683,50;0,0944
1683,00;0,0948
1682,50;0,0952
1682,00;0,0955
1681,50;0,0957
1681,00;0,0959
1680,50;0,0961
1680,00;0,0962
1679,50;0,0962
1679,00;0,0962
1678,50;0,0962
1678,00;0,0962
1677,50;0,0963
1677,00;0,0965
1676,50;0,0966
1676,00;0,0967
1675,50;0,0968
1675,00;0,0970
1674,50;0,0971
1674,00;0,0972
1673,50;0,0974
1673,00;0,0975
1672,50;0,0978
1672,00;0,0979
1671,50;0,0980
1671,00;0,0979
1670,50;0,0976
1670,00;0,0975
1669,50;0,0975
1669,00;0,0976
1668,50;0,0979
1668,00;0,0982
1667,50;0,0985
1667,00;0,0987
1666,50;0,0990
1666,00;0,0992
1665,50;0,0993
1665,00;0,0994
1664,50;0,0994
1664,00;0,0995
1663,50;0,0995
1663,00;0,0996
1662,50;0,0996
1662,00;0,0996
1661,50;0,0997
1661,00;0,0998
1660,50;0,1001
1660,00;0,1003
1659,50;0,1005
1659,00;0,1005
1658,50;0,1005
1658,00;0,1005
1657,50;0,1005
1657,00;0,1006
1656,50;0,1006
1656,00;0,1007
1655,50;0,1008
1655,00;0,1008
1654,50;0,1007
1654,00;0,1008
1653,50;0,1010
1653,00;0,1013
1652,50;0,1012
1652,00;0,1011
1651,50;0,1010
1651,00;0,1011
1650,50;0,1011
1650,00;0,1012
1649,50;0,1013
1649,00;0,1014
1648,50;0,1014
1648,00;0,1013
1647,50;0,1013
1647,00;0,1013
1646,50;0,1013
1646,00;0,1014
1645,50;0,1015
1645,00;0,1015
1644,50;0,1015
1644,00;0,1014
1643,50;0,1014
1643,00;0,1014
1642,50;0,1013
1642,00;0,1011
1641,50;0,1009
1641,00;0,1007
1640,50;0,1007
1640,00;0,1007
1639,50;0,1007
1639,00;0,1008
1638,50;0,1009
1638,00;0,1010
1637,50;0,1012
1637,00;0,1014
1636,50;0,1016
1636,00;0,1020
1635,50;0,1025
1635,00;0,1029
1634,50;0,1032
1634,00;0,1032
1633,50;0,1031
1633,00;0,1029
1632,50;0,1028
1632,00;0,1026
1631,50;0,1024
1631,00;0,1022
1630,50;0,1020
1630,00;0,1018
1629,50;0,1015
1629,00;0,1013
1628,50;0,1012
1628,00;0,1012
1627,50;0,1011
1627,00;0,1010
1626,50;0,1008
1626,00;0,1008
1625,50;0,1009
1625,00;0,1010
1624,50;0,1011
1624,00;0,1011
1623,50;0,1010
1623,00;0,1009
1622,50;0,1008
1622,00;0,1008
1621,50;0,1007
1621,00;0,1005
1620,50;0,1005
1620,00;0,1005
1619,50;0,1006
1619,00;0,1007
1618,50;0,1007
1618,00;0,1007
1617,50;0,1006
1617,00;0,1006
1616,50;0,1006
1616,00;0,1005
1615,50;0,1004
1615,00;0,1004
1614,50;0,1005
1614,00;0,1006
1613,50;0,1006
1613,00;0,1005
1612,50;0,1005
1612,00;0,1005
1611,50;0,1005
1611,00;0,1005
1610,50;0,1004
1610,00;0,1003
1609,50;0,1003
1609,00;0,1004
1608,50;0,1004
1608,00;0,1003
1607,50;0,1002
1607,00;0,1001
1606,50;0,1002
1606,00;0,1003
1605,50;0,1004
1605,00;0,1003
1604,50;0,1002
1604,00;0,1002
1603,50;0,1002
1603,00;0,1002
1602,50;0,1001
1602,00;0,1000
1601,50;0,0999
1601,00;0,0998
1600,50;0,0998
1600,00;0,0999
1599,50;0,1000
1599,00;0,0998
1598,50;0,0995
1598,00;0,0991
1597,50;0,0990
1597,00;0,0989
1596,50;0,0990
1596,00;0,0992
1595,50;0,0994
1595,00;0,0996
1594,50;0,0996
1594,00;0,0997
1593,50;0,0996
1593,00;0,0995
1592,50;0,0993
1592,00;0,0991
1591,50;0,0990
1591,00;0,0990
1590,50;0,0992
1590,00;0,0994
1589,50;0,0995
1589,00;0,0995
1588,50;0,0993
1588,00;0,0992
1587,50;0,0992
1587,00;0,0991
1586,50;0,0992
1586,00;0,0993
1585,50;0,0995
1585,00;0,0996
1584,50;0,0995
1584,00;0,0995
1583,50;0,0994
1583,00;0,0993
1582,50;0,0991
1582,00;0,0990
1581,50;0,0989
1581,00;0,0989
1580,50;0,0990
1580,00;0,0990
1579,50;0,0990
1579,00;0,0988
1578,50;0,0986
1578,00;0,0986
1577,50;0,0987
1577,00;0,0989
1576,50;0,0992
1576,00;0,0993
1575,50;0,0992
1575,00;0,0988
1574,50;0,0985
1574,00;0,0984
1573,50;0,0985
1573,00;0,0988
1572,50;0,0990
1572,00;0,0991
1571,50;0,0990
1571,00;0,0988
1570,50;0,0988
1570,00;0,0989
1569,50;0,0989
1569,00;0,0988
1568,50;0,0986
1568,00;0,0983
1567,50;0,0982
1567,00;0,0982
1566,50;0,0983
1566,00;0,0985
1565,50;0,0986
1565,00;0,0987
1564,50;0,0987
1564,00;0,0986
1563,50;0,0985
1563,00;0,0985
1562,50;0,0986
1562,00;0,0985
1561,50;0,0984
1561,00;0,0982
1560,50;0,0981
1560,00;0,0981
1559,50;0,0980
1559,00;0,0981
1558,50;0,0982
1558,00;0,0984
1557,50;0,0986
1557,00;0,0987
1556,50;0,0987
1556,00;0,0986
1555,50;0,0986
1555,00;0,0987
1554,50;0,0987
1554,00;0,0985
1553,50;0,0982
1553,00;0,0979
1552,50;0,0978
1552,00;0,0978
1551,50;0,0978
1551,00;0,0979
1550,50;0,0979
1550,00;0,0977
1549,50;0,0976
1549,00;0,0975
1548,50;0,0975
1548,00;0,0975
1547,50;0,0975
1547,00;0,0976
1546,50;0,0977
1546,00;0,0976
1545,50;0,0976
1545,00;0,0978
1544,50;0,0979
1544,00;0,0978
1543,50;0,0976
1543,00;0,0977
1542,50;0,0979
1542,00;0,0980
1541,50;0,0980
1541,00;0,0979
1540,50;0,0978
1540,00;0,0979
1539,50;0,0980
1539,00;0,0980
1538,50;0,0978
1538,00;0,0977
1537,50;0,0977
1537,00;0,0979
1536,50;0,0980
1536,00;0,0980
1535,50;0,0980
1535,00;0,0980
1534,50;0,0980
1534,00;0,0980
1533,50;0,0980
1533,00;0,0981
1532,50;0,0980
1532,00;0,0977
1531,50;0,0976
1531,00;0,0976
1530,50;0,0977
1530,00;0,0978
1529,50;0,0978
1529,00;0,0977
1528,50;0,0977
1528,00;0,0976
1527,50;0,0975
1527,00;0,0976
1526,50;0,0976
1526,00;0,0977
1525,50;0,0977
1525,00;0,0978
1524,50;0,0979
1524,00;0,0979
1523,50;0,0980
1523,00;0,0981
1522,50;0,0980
1522,00;0,0978
1521,50;0,0977
1521,00;0,0977
1520,50;0,0977
1520,00;0,0977
1519,50;0,0977
1519,00;0,0977
1518,50;0,0977
1518,00;0,0977
1517,50;0,0977
1517,00;0,0978
1516,50;0,0977
1516,00;0,0976
1515,50;0,0975
1515,00;0,0976
1514,50;0,0977
1514,00;0,0979
1513,50;0,0980
1513,00;0,0981
1512,50;0,0980
1512,00;0,0979
1511,50;0,0977
1511,00;0,0976
1510,50;0,0975
1510,00;0,0975
1509,50;0,0976
1509,00;0,0975
1508,50;0,0974
1508,00;0,0974
1507,50;0,0975
1507,00;0,0977
1506,50;0,0978
1506,00;0,0978
1505,50;0,0978
1505,00;0,0977
1504,50;0,0976
1504,00;0,0975
1503,50;0,0975
1503,00;0,0976
1502,50;0,0976
1502,00;0,0977
1501,50;0,0978
1501,00;0,0978
1500,50;0,0978
1500,00;0,0978
1499,50;0,0979
1499,00;0,0981
1498,50;0,0982
1498,00;0,0983
1497,50;0,0983
1497,00;0,0984
1496,50;0,0983
1496,00;0,0983
1495,50;0,0982
1495,00;0,0982
1494,50;0,0982
1494,00;0,0982
1493,50;0,0981
1493,00;0,0980
1492,50;0,0979
1492,00;0,0978
1491,50;0,0977
1491,00;0,0973
1490,50;0,0970
1490,00;0,0968
1489,50;0,0967
1489,00;0,0968
1488,50;0,0968
1488,00;0,0969
1487,50;0,0970
1487,00;0,0972
1486,50;0,0973
1486,00;0,0973
1485,50;0,0973
1485,00;0,0971
1484,50;0,0971
1484,00;0,0971
1483,50;0,0971
1483,00;0,0972
1482,50;0,0972
1482,00;0,0972
1481,50;0,0970
1481,00;0,0968
1480,50;0,0966
1480,00;0,0965
1479,50;0,0966
1479,00;0,0967
1478,50;0,0968
1478,00;0,0968
1477,50;0,0967
1477,00;0,0965
1476,50;0,0963
1476,00;0,0963
1475,50;0,0963
1475,00;0,0964
1474,50;0,0965
1474,00;0,0965
1473,50;0,0965
1473,00;0,0964
1472,50;0,0963
1472,00;0,0962
1471,50;0,0962
1471,00;0,0961
1470,50;0,0960
1470,00;0,0959
1469,50;0,0958
1469,00;0,0958
1468,50;0,0959
1468,00;0,0960
1467,50;0,0960
1467,00;0,0960
1466,50;0,0959
1466,00;0,0958
1465,50;0,0956
1465,00;0,0954
1464,50;0,0953
1464,00;0,0951
1463,50;0,0951
1463,00;0,0951
1462,50;0,0953
1462,00;0,0955
1461,50;0,0956
1461,00;0,0957
1460,50;0,0957
1460,00;0,0955
1459,50;0,0953
1459,00;0,0950
1458,50;0,0948
1458,00;0,0947
1457,50;0,0948
1457,00;0,0949
1456,50;0,0950
1456,00;0,0949
1455,50;0,0948
1455,00;0,0947
1454,50;0,0947
1454,00;0,0948
1453,50;0,0950
1453,00;0,0952
1452,50;0,0954
1452,00;0,0954
1451,50;0,0953
1451,00;0,0953
1450,50;0,0952
1450,00;0,0951
1449,50;0,0950
1449,00;0,0949
1448,50;0,0947
1448,00;0,0946
1447,50;0,0946
1447,00;0,0946
1446,50;0,0944
1446,00;0,0943
1445,50;0,0942
1445,00;0,0941
1444,50;0,0940
1444,00;0,0939
1443,50;0,0939
1443,00;0,0939
1442,50;0,0939
1442,00;0,0940
1441,50;0,0941
1441,00;0,0943
1440,50;0,0943
1440,00;0,0942
1439,50;0,0939
1439,00;0,0936
1438,50;0,0933
1438,00;0,0931
1437,50;0,0932
1437,00;0,0934
1436,50;0,0936
1436,00;0,0937
1435,50;0,0937
1435,00;0,0937
1434,50;0,0936
1434,00;0,0937
1433,50;0,0938
1433,00;0,0938
1432,50;0,0936
1432,00;0,0934
1431,50;0,0932
1431,00;0,0932
1430,50;0,0933
1430,00;0,0935
1429,50;0,0937
1429,00;0,0937
1428,50;0,0935
1428,00;0,0932
1427,50;0,0929
1427,00;0,0928
1426,50;0,0928
1426,00;0,0928
1425,50;0,0929
1425,00;0,0930
1424,50;0,0929
1424,00;0,0928
1423,50;0,0927
1423,00;0,0926
1422,50;0,0926
1422,00;0,0925
1421,50;0,0924
1421,00;0,0922
1420,50;0,0921
1420,00;0,0922
1419,50;0,0924
1419,00;0,0925
1418,50;0,0925
1418,00;0,0924
1417,50;0,0922
1417,00;0,0921
1416,50;0,0921
1416,00;0,0920
1415,50;0,0921
1415,00;0,0921
1414,50;0,0920
1414,00;0,0919
1413,50;0,0917
1413,00;0,0915
1412,50;0,0913
1412,00;0,0912
1411,50;0,0912
1411,00;0,0912
1410,50;0,0913
1410,00;0,0914
1409,50;0,0916
1409,00;0,0918
1408,50;0,0919
1408,00;0,0920
1407,50;0,0919
1407,00;0,0918
1406,50;0,0916
1406,00;0,0915
1405,50;0,0914
1405,00;0,0914
1404,50;0,0914
1404,00;0,0915
1403,50;0,0914
1403,00;0,0912
1402,50;0,0909
1402,00;0,0906
1401,50;0,0904
1401,00;0,0902
1400,50;0,0902
1400,00;0,0903
1399,50;0,0903
1399,00;0,0903
1398,50;0,0902
1398,00;0,0900
1397,50;0,0897
1397,00;0,0896
1396,50;0,0895
1396,00;0,0896
1395,50;0,0896
1395,00;0,0897
1394,50;0,0897
1394,00;0,0897
1393,50;0,0896
1393,00;0,0896
1392,50;0,0895
1392,00;0,0895
1391,50;0,0896
1391,00;0,0897
1390,50;0,0897
1390,00;0,0897
1389,50;0,0896
1389,00;0,0895
1388,50;0,0894
1388,00;0,0894
1387,50;0,0895
1387,00;0,0894
1386,50;0,0894
1386,00;0,0894
1385,50;0,0894
1385,00;0,0895
1384,50;0,0894
1384,00;0,0891
1383,50;0,0888
1383,00;0,0886
1382,50;0,0885
1382,00;0,0886
1381,50;0,0888
1381,00;0,0889
1380,50;0,0890
1380,00;0,0890
1379,50;0,0889
1379,00;0,0886
1378,50;0,0884
1378,00;0,0883
1377,50;0,0883
1377,00;0,0883
1376,50;0,0882
1376,00;0,0881
1375,50;0,0881
1375,00;0,0880
1374,50;0,0880
1374,00;0,0880
1373,50;0,0881
1373,00;0,0882
1372,50;0,0882
1372,00;0,0883
1371,50;0,0883
1371,00;0,0882
1370,50;0,0881
1370,00;0,0880
1369,50;0,0878
1369,00;0,0877
1368,50;0,0877
1368,00;0,0878
1367,50;0,0878
1367,00;0,0878
1366,50;0,0878
1366,00;0,0876
1365,50;0,0874
1365,00;0,0873
1364,50;0,0871
1364,00;0,0870
1363,50;0,0870
1363,00;0,0870
1362,50;0,0869
1362,00;0,0870
1361,50;0,0871
1361,00;0,0873
1360,50;0,0874
1360,00;0,0875
1359,50;0,0875
1359,00;0,0875
1358,50;0,0874
1358,00;0,0874
1357,50;0,0874
1357,00;0,0873
1356,50;0,0873
1356,00;0,0873
1355,50;0,0872
1355,00;0,0872
1354,50;0,0872
1354,00;0,0873
1353,50;0,0874
1353,00;0,0875
1352,50;0,0876
1352,00;0,0874
1351,50;0,0873
1351,00;0,0872
1350,50;0,0871
1350,00;0,0871
1349,50;0,0870
1349,00;0,0869
1348,50;0,0867
1348,00;0,0866
1347,50;0,0866
1347,00;0,0868
1346,50;0,0869
1346,00;0,0871
1345,50;0,0871
1345,00;0,0870
1344,50;0,0868
1344,00;0,0865
1343,50;0,0863
1343,00;0,0862
1342,50;0,0862
1342,00;0,0863
1341,50;0,0864
1341,00;0,0864
1340,50;0,0864
1340,00;0,0863
1339,50;0,0862
1339,00;0,0863
1338,50;0,0864
1338,00;0,0864
1337,50;0,0864
1337,00;0,0862
1336,50;0,0861
1336,00;0,0860
1335,50;0,0861
1335,00;0,0861
1334,50;0,0862
1334,00;0,0861
1333,50;0,0860
1333,00;0,0859
1332,50;0,0859
1332,00;0,0859
1331,50;0,0860
1331,00;0,0860
1330,50;0,0859
1330,00;0,0858
1329,50;0,0858
1329,00;0,0859
1328,50;0,0859
1328,00;0,0860
1327,50;0,0860
1327,00;0,0860
1326,50;0,0859
1326,00;0,0857
1325,50;0,0857
1325,00;0,0856
1324,50;0,0856
1324,00;0,0855
1323,50;0,0854
1323,00;0,0853
1322,50;0,0852
1322,00;0,0851
1321,50;0,0851
1321,00;0,0851
1320,50;0,0851
1320,00;0,0851
1319,50;0,0851
1319,00;0,0852
1318,50;0,0851
1318,00;0,0850
1317,50;0,0850
1317,00;0,0849
1316,50;0,0850
1316,00;0,0850
1315,50;0,0850
1315,00;0,0850
1314,50;0,0850
1314,00;0,0849
1313,50;0,0849
1313,00;0,0850
1312,50;0,0849
1312,00;0,0849
1311,50;0,0848
1311,00;0,0848
1310,50;0,0847
1310,00;0,0846
1309,50;0,0845
1309,00;0,0844
1308,50;0,0844
1308,00;0,0845
1307,50;0,0847
1307,00;0,0848
1306,50;0,0850
1306,00;0,0850
1305,50;0,0851
1305,00;0,0850
1304,50;0,0849
1304,00;0,0849
1303,50;0,0848
1303,00;0,0847
1302,50;0,0845
1302,00;0,0843
1301,50;0,0840
1301,00;0,0838
1300,50;0,0838
1300,00;0,0839
1299,50;0,0842
1299,00;0,0844
1298,50;0,0846
1298,00;0,0846
1297,50;0,0845
1297,00;0,0842
1296,50;0,0839
1296,00;0,0837
1295,50;0,0836
1295,00;0,0835
1294,50;0,0835
1294,00;0,0836
1293,50;0,0836
1293,00;0,0837
1292,50;0,0836
1292,00;0,0836
1291,50;0,0835
1291,00;0,0835
1290,50;0,0834
1290,00;0,0834
1289,50;0,0834
1289,00;0,0834
1288,50;0,0834
1288,00;0,0834
1287,50;0,0834
1287,00;0,0834
1286,50;0,0834
1286,00;0,0834
1285,50;0,0834
1285,00;0,0834
1284,50;0,0834
1284,00;0,0834
1283,50;0,0834
1283,00;0,0833
1282,50;0,0833
1282,00;0,0833
1281,50;0,0833
1281,00;0,0832
1280,50;0,0831
1280,00;0,0831
1279,50;0,0831
1279,00;0,0830
1278,50;0,0828
1278,00;0,0827
1277,50;0,0826
1277,00;0,0826
1276,50;0,0827
1276,00;0,0827
1275,50;0,0825
1275,00;0,0823
1274,50;0,0822
1274,00;0,0823
1273,50;0,0824
1273,00;0,0825
1272,50;0,0825
1272,00;0,0824
1271,50;0,0822
1271,00;0,0819
1270,50;0,0818
1270,00;0,0819
1269,50;0,0821
1269,00;0,0823
1268,50;0,0822
1268,00;0,0819
1267,50;0,0816
1267,00;0,0815
1266,50;0,0816
1266,00;0,0817
1265,50;0,0818
1265,00;0,0818
1264,50;0,0817
1264,00;0,0818
1263,50;0,0819
1263,00;0,0821
1262,50;0,0822
1262,00;0,0824
1261,50;0,0825
1261,00;0,0825
1260,50;0,0823
1260,00;0,0821
1259,50;0,0819
1259,00;0,0818
1258,50;0,0818
1258,00;0,0818
1257,50;0,0817
1257,00;0,0816
1256,50;0,0816
1256,00;0,0818
1255,50;0,0818
1255,00;0,0818
1254,50;0,0815
1254,00;0,0812
1253,50;0,0809
1253,00;0,0808
1252,50;0,0809
1252,00;0,0810
1251,50;0,0811
1251,00;0,0811
1250,50;0,0811
1250,00;0,0811
1249,50;0,0811
1249,00;0,0810
1248,50;0,0809
1248,00;0,0807
1247,50;0,0807
1247,00;0,0808
1246,50;0,0809
1246,00;0,0809
1245,50;0,0809
1245,00;0,0809
1244,50;0,0808
1244,00;0,0808
1243,50;0,0808
1243,00;0,0808
1242,50;0,0807
1242,00;0,0807
1241,50;0,0807
1241,00;0,0808
1240,50;0,0808
1240,00;0,0807
1239,50;0,0806
1239,00;0,0806
1238,50;0,0807
1238,00;0,0807
1237,50;0,0807
1237,00;0,0807
1236,50;0,0808
1236,00;0,0809
1235,50;0,0810
1235,00;0,0811
1234,50;0,0812
1234,00;0,0812
1233,50;0,0811
1233,00;0,0810
1232,50;0,0809
1232,00;0,0810
1231,50;0,0811
1231,00;0,0812
1230,50;0,0812
1230,00;0,0810
1229,50;0,0809
1229,00;0,0807
1228,50;0,0804
1228,00;0,0801
1227,50;0,0800
1227,00;0,0801
1226,50;0,0805
1226,00;0,0809
1225,50;0,0811
1225,00;0,0812
1224,50;0,0813
1224,00;0,0813
1223,50;0,0813
1223,00;0,0812
1222,50;0,0810
1222,00;0,0808
1221,50;0,0807
1221,00;0,0807
1220,50;0,0807
1220,00;0,0808
1219,50;0,0809
1219,00;0,0809
1218,50;0,0809
1218,00;0,0809
1217,50;0,0809
1217,00;0,0809
1216,50;0,0810
1216,00;0,0811
1215,50;0,0811
1215,00;0,0808
1214,50;0,0805
1214,00;0,0802
1213,50;0,0800
1213,00;0,0801
1212,50;0,0802
1212,00;0,0804
1211,50;0,0804
1211,00;0,0804
1210,50;0,0803
1210,00;0,0801
1209,50;0,0799
1209,00;0,0798
1208,50;0,0798
1208,00;0,0798
1207,50;0,0798
1207,00;0,0798
1206,50;0,0798
1206,00;0,0798
1205,50;0,0799
1205,00;0,0800
1204,50;0,0800
1204,00;0,0801
1203,50;0,0801
1203,00;0,0801
1202,50;0,0801
1202,00;0,0801
1201,50;0,0800
1201,00;0,0799
1200,50;0,0799
1200,00;0,0799
1199,50;0,0799
1199,00;0,0798
1198,50;0,0798
1198,00;0,0797
1197,50;0,0797
1197,00;0,0795
1196,50;0,0794
1196,00;0,0793
1195,50;0,0793
1195,00;0,0793
1194,50;0,0793
1194,00;0,0793
1193,50;0,0792
1193,00;0,0792
1192,50;0,0792
1192,00;0,0792
1191,50;0,0792
1191,00;0,0792
1190,50;0,0791
1190,00;0,0790
1189,50;0,0791
1189,00;0,0792
1188,50;0,0794
1188,00;0,0796
1187,50;0,0797
1187,00;0,0796
1186,50;0,0796
1186,00;0,0796
1185,50;0,0796
1185,00;0,0795
1184,50;0,0794
1184,00;0,0791
1183,50;0,0790
1183,00;0,0789
1182,50;0,0788
1182,00;0,0789
1181,50;0,0791
1181,00;0,0794
1180,50;0,0797
1180,00;0,0798
1179,50;0,0797
1179,00;0,0796
1178,50;0,0795
1178,00;0,0795
1177,50;0,0795
1177,00;0,0795
1176,50;0,0793
1176,00;0,0793
1175,50;0,0793
1175,00;0,0794
1174,50;0,0795
1174,00;0,0795
1173,50;0,0795
1173,00;0,0795
1172,50;0,0795
1172,00;0,0795
1171,50;0,0795
1171,00;0,0794
1170,50;0,0793
1170,00;0,0793
1169,50;0,0792
1169,00;0,0792
1168,50;0,0793
1168,00;0,0793
1167,50;0,0793
1167,00;0,0792
1166,50;0,0791
1166,00;0,0790
1165,50;0,0790
1165,00;0,0790
1164,50;0,0791
1164,00;0,0791
1163,50;0,0790
1163,00;0,0789
1162,50;0,0788
1162,00;0,0787
1161,50;0,0787
1161,00;0,0787
1160,50;0,0786
1160,00;0,0785
1159,50;0,0785
1159,00;0,0786
1158,50;0,0785
1158,00;0,0785
1157,50;0,0785
1157,00;0,0785
1156,50;0,0785
1156,00;0,0785
1155,50;0,0784
1155,00;0,0784
1154,50;0,0783
1154,00;0,0782
1153,50;0,0781
1153,00;0,0781
1152,50;0,0781
1152,00;0,0782
1151,50;0,0782
1151,00;0,0780
1150,50;0,0778
1150,00;0,0776
1149,50;0,0775
1149,00;0,0776
1148,50;0,0777
1148,00;0,0778
1147,50;0,0779
1147,00;0,0779
1146,50;0,0779
1146,00;0,0777
1145,50;0,0777
1145,00;0,0776
1144,50;0,0776
1144,00;0,0775
1143,50;0,0774
1143,00;0,0775
1142,50;0,0777
1142,00;0,0780
1141,50;0,0783
1141,00;0,0783
1140,50;0,0783
1140,00;0,0782
1139,50;0,0783
1139,00;0,0784
1138,50;0,0784
1138,00;0,0785
1137,50;0,0784
1137,00;0,0784
1136,50;0,0783
1136,00;0,0783
1135,50;0,0782
1135,00;0,0781
1134,50;0,0781
1134,00;0,0779
1133,50;0,0778
1133,00;0,0777
1132,50;0,0776
1132,00;0,0777
1131,50;0,0777
1131,00;0,0777
1130,50;0,0777
1130,00;0,0778
1129,50;0,0779
1129,00;0,0779
1128,50;0,0779
1128,00;0,0778
1127,50;0,0779
1127,00;0,0780
1126,50;0,0780
1126,00;0,0778
1125,50;0,0775
1125,00;0,0772
1124,50;0,0770
1124,00;0,0769
1123,50;0,0768
1123,00;0,0767
1122,50;0,0765
1122,00;0,0765
1121,50;0,0766
1121,00;0,0768
1120,50;0,0769
1120,00;0,0768
1119,50;0,0765
1119,00;0,0762
1118,50;0,0761
1118,00;0,0763
1117,50;0,0767
1117,00;0,0769
1116,50;0,0770
1116,00;0,0768
1115,50;0,0767
1115,00;0,0766
1114,50;0,0765
1114,00;0,0765
1113,50;0,0765
1113,00;0,0764
1112,50;0,0764
1112,00;0,0765
1111,50;0,0765
1111,00;0,0765
1110,50;0,0765
1110,00;0,0764
1109,50;0,0764
1109,00;0,0763
1108,50;0,0762
1108,00;0,0761
1107,50;0,0761
1107,00;0,0761
1106,50;0,0763
1106,00;0,0765
1105,50;0,0766
1105,00;0,0766
1104,50;0,0764
1104,00;0,0760
1103,50;0,0756
1103,00;0,0754
1102,50;0,0753
1102,00;0,0753
1101,50;0,0755
1101,00;0,0756
1100,50;0,0757
1100,00;0,0758
1099,50;0,0757
1099,00;0,0755
1098,50;0,0752
1098,00;0,0749
1097,50;0,0746
1097,00;0,0744
1096,50;0,0742
1096,00;0,0743
1095,50;0,0744
1095,00;0,0746
1094,50;0,0746
1094,00;0,0743
1093,50;0,0740
1093,00;0,0738
1092,50;0,0738
1092,00;0,0740
1091,50;0,0742
1091,00;0,0742
1090,50;0,0741
1090,00;0,0738
1089,50;0,0736
1089,00;0,0735
1088,50;0,0734
1088,00;0,0732
1087,50;0,0728
1087,00;0,0725
1086,50;0,0723
1086,00;0,0723
1085,50;0,0724
1085,00;0,0724
1084,50;0,0723
1084,00;0,0722
1083,50;0,0722
1083,00;0,0723
1082,50;0,0722
1082,00;0,0719
1081,50;0,0716
1081,00;0,0715
1080,50;0,0714
1080,00;0,0713
1079,50;0,0710
1079,00;0,0708
1078,50;0,0706
1078,00;0,0705
1077,50;0,0705
1077,00;0,0704
1076,50;0,0703
1076,00;0,0704
1075,50;0,0705
1075,00;0,0706
1074,50;0,0706
1074,00;0,0705
1073,50;0,0703
1073,00;0,0701
1072,50;0,0699
1072,00;0,0697
1071,50;0,0695
1071,00;0,0694
1070,50;0,0694
1070,00;0,0694
1069,50;0,0697
1069,00;0,0700
1068,50;0,0704
1068,00;0,0706
1067,50;0,0705
1067,00;0,0702
1066,50;0,0699
1066,00;0,0696
1065,50;0,0693
1065,00;0,0691
1064,50;0,0691
1064,00;0,0693
1063,50;0,0696
1063,00;0,0697
1062,50;0,0696
1062,00;0,0694
1061,50;0,0690
1061,00;0,0687
1060,50;0,0686
1060,00;0,0687
1059,50;0,0689
1059,00;0,0693
1058,50;0,0698
1058,00;0,0701
1057,50;0,0701
1057,00;0,0697
1056,50;0,0693
1056,00;0,0690
1055,50;0,0690
1055,00;0,0691
1054,50;0,0693
1054,00;0,0696
1053,50;0,0700
1053,00;0,0704
1052,50;0,0706
1052,00;0,0705
1051,50;0,0703
1051,00;0,0700
1050,50;0,0698
1050,00;0,0697
1049,50;0,0698
1049,00;0,0699
1048,50;0,0700
1048,00;0,0699
1047,50;0,0699
1047,00;0,0700
1046,50;0,0702
1046,00;0,0704
1045,50;0,0705
1045,00;0,0706
1044,50;0,0706
1044,00;0,0706
1043,50;0,0706
1043,00;0,0705
1042,50;0,0705
1042,00;0,0704
1041,50;0,0704
1041,00;0,0704
1040,50;0,0704
1040,00;0,0702
1039,50;0,0702
1039,00;0,0702
1038,50;0,0704
1038,00;0,0708
1037,50;0,0711
1037,00;0,0711
1036,50;0,0709
1036,00;0,0707
1035,50;0,0706
1035,00;0,0705
1034,50;0,0704
1034,00;0,0705
1033,50;0,0706
1033,00;0,0708
1032,50;0,0709
1032,00;0,0712
1031,50;0,0714
1031,00;0,0713
1030,50;0,0711
1030,00;0,0708
1029,50;0,0707
1029,00;0,0708
1028,50;0,0711
1028,00;0,0715
1027,50;0,0719
1027,00;0,0723
1026,50;0,0724
1026,00;0,0723
1025,50;0,0722
1025,00;0,0720
1024,50;0,0719
1024,00;0,0719
1023,50;0,0720
1023,00;0,0722
1022,50;0,0724
1022,00;0,0724
1021,50;0,0724
1021,00;0,0723
1020,50;0,0723
1020,00;0,0724
1019,50;0,0725
1019,00;0,0725
1018,50;0,0726
1018,00;0,0727
1017,50;0,0730
1017,00;0,0734
1016,50;0,0738
1016,00;0,0741
1015,50;0,0742
1015,00;0,0743
1014,50;0,0741
1014,00;0,0739
1013,50;0,0738
1013,00;0,0740
1012,50;0,0742
1012,00;0,0746
1011,50;0,0751
1011,00;0,0755
1010,50;0,0757
1010,00;0,0757
1009,50;0,0756
1009,00;0,0754
1008,50;0,0753
1008,00;0,0755
1007,50;0,0757
1007,00;0,0759
1006,50;0,0760
1006,00;0,0761
1005,50;0,0763
1005,00;0,0765
1004,50;0,0766
1004,00;0,0768
1003,50;0,0769
1003,00;0,0772
1002,50;0,0775
1002,00;0,0778
1001,50;0,0781
1001,00;0,0783
1000,50;0,0784
1000,00;0,0786
999,50;0,0787
999,00;0,0788
998,50;0,0789
998,00;0,0791
997,50;0,0794
997,00;0,0797
996,50;0,0800
996,00;0,0802
995,50;0,0805
995,00;0,0807
994,50;0,0809
994,00;0,0811
993,50;0,0812
993,00;0,0813
992,50;0,0814
992,00;0,0816
991,50;0,0819
991,00;0,0823
990,50;0,0827
990,00;0,0830
989,50;0,0832
989,00;0,0834
988,50;0,0835
988,00;0,0836
987,50;0,0838
987,00;0,0842
986,50;0,0846
986,00;0,0851
985,50;0,0856
985,00;0,0860
984,50;0,0864
984,00;0,0865
983,50;0,0866
983,00;0,0866
982,50;0,0868
982,00;0,0873
981,50;0,0880
981,00;0,0888
980,50;0,0894
980,00;0,0898
979,50;0,0899
979,00;0,0900
978,50;0,0901
978,00;0,0902
977,50;0,0904
977,00;0,0908
976,50;0,0913
976,00;0,0918
975,50;0,0923
975,00;0,0926
974,50;0,0930
974,00;0,0933
973,50;0,0937
973,00;0,0941
972,50;0,0944
972,00;0,0947
971,50;0,0951
971,00;0,0956
970,50;0,0964
970,00;0,0972
969,50;0,0980
969,00;0,0986
968,50;0,0990
968,00;0,0994
967,50;0,0996
967,00;0,1000
966,50;0,1005
966,00;0,1010
965,50;0,1016
965,00;0,1023
964,50;0,1029
964,00;0,1034
963,50;0,1038
963,00;0,1041
962,50;0,1042
962,00;0,1044
961,50;0,1048
961,00;0,1056
960,50;0,1066
960,00;0,1076
959,50;0,1084
959,00;0,1089
958,50;0,1093
958,00;0,1097
957,50;0,1102
957,00;0,1107
956,50;0,1109
956,00;0,1112
955,50;0,1118
955,00;0,1126
954,50;0,1134
954,00;0,1142
953,50;0,1150
953,00;0,1157
952,50;0,1162
952,00;0,1166
951,50;0,1169
951,00;0,1173
950,50;0,1177
950,00;0,1183
949,50;0,1191
949,00;0,1198
948,50;0,1204
948,00;0,1210
947,50;0,1215
947,00;0,1220
946,50;0,1224
946,00;0,1227
945,50;0,1232
945,00;0,1240
944,50;0,1248
944,00;0,1256
943,50;0,1261
943,00;0,1267
942,50;0,1272
942,00;0,1278
941,50;0,1285
941,00;0,1291
940,50;0,1296
940,00;0,1300
939,50;0,1304
939,00;0,1310
938,50;0,1317
938,00;0,1326
937,50;0,1335
937,00;0,1341
936,50;0,1345
936,00;0,1347
935,50;0,1350
935,00;0,1355
934,50;0,1360
934,00;0,1365
933,50;0,1371
933,00;0,1379
932,50;0,1388
932,00;0,1396
931,50;0,1404
931,00;0,1411
930,50;0,1416
930,00;0,1420
929,50;0,1424
929,00;0,1428
928,50;0,1433
928,00;0,1439
927,50;0,1446
927,00;0,1454
926,50;0,1461
926,00;0,1467
925,50;0,1472
925,00;0,1476
924,50;0,1480
924,00;0,1484
923,50;0,1489
923,00;0,1494
922,50;0,1500
922,00;0,1504
921,50;0,1508
921,00;0,1511
920,50;0,1514
920,00;0,1517
919,50;0,1523
919,00;0,1531
918,50;0,1541
918,00;0,1549
917,50;0,1555
917,00;0,1560
916,50;0,1564
916,00;0,1568
915,50;0,1572
915,00;0,1577
914,50;0,1582
914,00;0,1587
913,50;0,1590
913,00;0,1594
912,50;0,1597
912,00;0,1601
911,50;0,1607
911,00;0,1615
910,50;0,1623
910,00;0,1627
909,50;0,1629
909,00;0,1628
908,50;0,1627
908,00;0,1629
907,50;0,1636
907,00;0,1647
906,50;0,1658
906,00;0,1665
905,50;0,1669
905,00;0,1672
904,50;0,1675
904,00;0,1678
903,50;0,1680
903,00;0,1682
902,50;0,1685
902,00;0,1691
901,50;0,1699
901,00;0,1705
900,50;0,1709
900,00;0,1712
899,50;0,1716
899,00;0,1719
898,50;0,1719
898,00;0,1719
897,50;0,1721
897,00;0,1726
896,50;0,1734
896,00;0,1744
895,50;0,1754
895,00;0,1763
894,50;0,1766
894,00;0,1764
893,50;0,1761
893,00;0,1761
892,50;0,1764
892,00;0,1770
891,50;0,1779
891,00;0,1791
890,50;0,1801
890,00;0,1807
889,50;0,1808
889,00;0,1806
888,50;0,1804
888,00;0,1805
887,50;0,1809
887,00;0,1815
886,50;0,1821
886,00;0,1827
885,50;0,1833
885,00;0,1837
884,50;0,1841
884,00;0,1843
883,50;0,1844
883,00;0,1848
882,50;0,1854
882,00;0,1861
881,50;0,1867
881,00;0,1875
880,50;0,1885
880,00;0,1894
879,50;0,1896
879,00;0,1889
878,50;0,1877
878,00;0,1869
877,50;0,1870
877,00;0,1882
876,50;0,1897
876,00;0,1910
875,50;0,1918
875,00;0,1919
874,50;0,1917
874,00;0,1912
873,50;0,1909
873,00;0,1911
872,50;0,1920
872,00;0,1934
871,50;0,1947
871,00;0,1956
870,50;0,1960
870,00;0,1963
869,50;0,1966
869,00;0,1968
868,50;0,1970
868,00;0,1973
867,50;0,1979
867,00;0,1983
866,50;0,1982
866,00;0,1980
865,50;0,1980
865,00;0,1984
864,50;0,1991
864,00;0,1994
863,50;0,1994
863,00;0,1991
862,50;0,1988
862,00;0,1989
861,50;0,1994
861,00;0,2005
860,50;0,2020
860,00;0,2033
859,50;0,2042
859,00;0,2044
858,50;0,2040
858,00;0,2034
857,50;0,2030
857,00;0,2032
856,50;0,2039
856,00;0,2046
855,50;0,2053
855,00;0,2059
854,50;0,2064
854,00;0,2068
853,50;0,2072
853,00;0,2074
852,50;0,2076
852,00;0,2077
851,50;0,2079
851,00;0,2085
850,50;0,2091
850,00;0,2096
849,50;0,2097
849,00;0,2094
848,50;0,2090
848,00;0,2090
847,50;0,2094
847,00;0,2101
846,50;0,2109
846,00;0,2117
845,50;0,2126
845,00;0,2133
844,50;0,2137
844,00;0,2137
843,50;0,2134
843,00;0,2131
842,50;0,2129
842,00;0,2129
841,50;0,2133
841,00;0,2142
840,50;0,2154
840,00;0,2163
839,50;0,2168
839,00;0,2169
838,50;0,2167
838,00;0,2166
837,50;0,2166
837,00;0,2170
836,50;0,2175
836,00;0,2180
835,50;0,2185
835,00;0,2189
834,50;0,2193
834,00;0,2196
833,50;0,2196
833,00;0,2192
832,50;0,2188
832,00;0,2185
831,50;0,2187
831,00;0,2192
830,50;0,2198
830,00;0,2206
829,50;0,2217
829,00;0,2229
828,50;0,2240
828,00;0,2245
827,50;0,2244
827,00;0,2239
826,50;0,2232
826,00;0,2229
825,50;0,2229
825,00;0,2233
824,50;0,2239
824,00;0,2244
823,50;0,2246
823,00;0,2246
822,50;0,2244
822,00;0,2243
821,50;0,2243
821,00;0,2244
820,50;0,2247
820,00;0,2250
819,50;0,2253
819,00;0,2256
818,50;0,2259
818,00;0,2265
817,50;0,2271
817,00;0,2274
816,50;0,2270
816,00;0,2264
815,50;0,2260
815,00;0,2262
814,50;0,2268
814,00;0,2274
813,50;0,2276
813,00;0,2276
812,50;0,2276
812,00;0,2275
811,50;0,2274
811,00;0,2272
810,50;0,2269
810,00;0,2268
809,50;0,2270
809,00;0,2273
808,50;0,2274
808,00;0,2274
807,50;0,2273
807,00;0,2272
806,50;0,2270
806,00;0,2267
805,50;0,2262
805,00;0,2259
804,50;0,2258
804,00;0,2259
803,50;0,2264
803,00;0,2272
802,50;0,2278
802,00;0,2282
801,50;0,2282
801,00;0,2281
800,50;0,2280
800,00;0,2278
799,50;0,2273
799,00;0,2269
798,50;0,2269
798,00;0,2273
797,50;0,2280
797,00;0,2286
796,50;0,2289
796,00;0,2286
795,50;0,2279
795,00;0,2272
794,50;0,2268
794,00;0,2269
793,50;0,2274
793,00;0,2279
792,50;0,2280
792,00;0,2278
791,50;0,2275
791,00;0,2274
790,50;0,2275
790,00;0,2274
789,50;0,2269
789,00;0,2263
788,50;0,2260
788,00;0,2259
787,50;0,2261
787,00;0,2265
786,50;0,2268
786,00;0,2270
785,50;0,2272
785,00;0,2274
784,50;0,2276
784,00;0,2275
783,50;0,2271
783,00;0,2268
782,50;0,2267
782,00;0,2270
781,50;0,2274
781,00;0,2277
780,50;0,2278
780,00;0,2277
779,50;0,2273
779,00;0,2270
778,50;0,2269
778,00;0,2269
777,50;0,2270
777,00;0,2272
776,50;0,2273
776,00;0,2271
775,50;0,2268
775,00;0,2264
774,50;0,2260
774,00;0,2257
773,50;0,2255
773,00;0,2254
772,50;0,2255
772,00;0,2260
771,50;0,2265
771,00;0,2269
770,50;0,2271
770,00;0,2269
769,50;0,2265
769,00;0,2260
768,50;0,2255
768,00;0,2253
767,50;0,2253
767,00;0,2256
766,50;0,2259
766,00;0,2262
765,50;0,2262
765,00;0,2261
764,50;0,2260
764,00;0,2256
763,50;0,2252
763,00;0,2247
762,50;0,2243
762,00;0,2243
761,50;0,2247
761,00;0,2254
760,50;0,2259
760,00;0,2258
759,50;0,2250
759,00;0,2240
758,50;0,2231
758,00;0,2225
757,50;0,2224
757,00;0,2226
756,50;0,2230
756,00;0,2235
755,50;0,2237
755,00;0,2235
754,50;0,2231
754,00;0,2227
753,50;0,2224
753,00;0,2222
752,50;0,2220
752,00;0,2220
751,50;0,2222
751,00;0,2222
750,50;0,2222
750,00;0,2220
749,50;0,2218
749,00;0,2216
748,50;0,2214
748,00;0,2212
747,50;0,2210
747,00;0,2208
746,50;0,2207
746,00;0,2207
745,50;0,2208
745,00;0,2211
744,50;0,2214
744,00;0,2215
743,50;0,2213
743,00;0,2207
742,50;0,2196
742,00;0,2185
741,50;0,2177
741,00;0,2176
740,50;0,2179
740,00;0,2183
739,50;0,2186
739,00;0,2188
738,50;0,2190
738,00;0,2190
737,50;0,2186
737,00;0,2180
736,50;0,2175
736,00;0,2172
735,50;0,2170
735,00;0,2168
734,50;0,2166
734,00;0,2165
733,50;0,2166
733,00;0,2169
732,50;0,2170
732,00;0,2168
731,50;0,2165
731,00;0,2162
730,50;0,2162
730,00;0,2162
729,50;0,2163
729,00;0,2165
728,50;0,2169
728,00;0,2174
727,50;0,2176
727,00;0,2174
726,50;0,2168
726,00;0,2160
725,50;0,2155
725,00;0,2155
724,50;0,2158
724,00;0,2162
723,50;0,2163
723,00;0,2163
722,50;0,2165
722,00;0,2166
721,50;0,2164
721,00;0,2160
720,50;0,2156
720,00;0,2153
719,50;0,2154
719,00;0,2156
718,50;0,2157
718,00;0,2159
717,50;0,2161
717,00;0,2164
716,50;0,2165
716,00;0,2164
715,50;0,2162
715,00;0,2162
714,50;0,2165
714,00;0,2170
713,50;0,2172
713,00;0,2172
712,50;0,2171
712,00;0,2171
711,50;0,2171
711,00;0,2170
710,50;0,2167
710,00;0,2167
709,50;0,2170
709,00;0,2177
708,50;0,2184
708,00;0,2188
707,50;0,2189
707,00;0,2189
706,50;0,2189
706,00;0,2185
705,50;0,2176
705,00;0,2167
704,50;0,2163
704,00;0,2167
703,50;0,2174
703,00;0,2180
702,50;0,2182
702,00;0,2180
701,50;0,2178
701,00;0,2180
700,50;0,2182
700,00;0,2182
699,50;0,2177
699,00;0,2171
698,50;0,2172
698,00;0,2179
697,50;0,2187
697,00;0,2193
696,50;0,2194
696,00;0,2192
695,50;0,2187
695,00;0,2181
694,50;0,2178
694,00;0,2179
693,50;0,2183
693,00;0,2187
692,50;0,2191
692,00;0,2195
691,50;0,2196
691,00;0,2195
690,50;0,2193
690,00;0,2193
689,50;0,2193
689,00;0,2191
688,50;0,2190
688,00;0,2192
687,50;0,2197
687,00;0,2203
686,50;0,2207
686,00;0,2209
685,50;0,2209
685,00;0,2205
684,50;0,2201
684,00;0,2200
683,50;0,2206
683,00;0,2217
682,50;0,2228
682,00;0,2234
681,50;0,2234
681,00;0,2229
680,50;0,2221
680,00;0,2213
679,50;0,2205
679,00;0,2198
678,50;0,2196
678,00;0,2201
677,50;0,2211
677,00;0,2223
676,50;0,2232
676,00;0,2238
675,50;0,2238
675,00;0,2235
674,50;0,2231
674,00;0,2228
673,50;0,2226
673,00;0,2224
672,50;0,2223
672,00;0,2224
671,50;0,2229
671,00;0,2237
670,50;0,2245
670,00;0,2253
669,50;0,2263
669,00;0,2281
668,50;0,2306
668,00;0,2326
667,50;0,2317
667,00;0,2275
666,50;0,2240
666,00;0,2226
665,50;0,2223
665,00;0,2224
664,50;0,2224
664,00;0,2224
663,50;0,2225
663,00;0,2232
662,50;0,2241
662,00;0,2251
661,50;0,2261
661,00;0,2270
660,50;0,2275
660,00;0,2276
659,50;0,2276
659,00;0,2276
658,50;0,2274
658,00;0,2268
657,50;0,2258
657,00;0,2250
656,50;0,2249
656,00;0,2258
655,50;0,2269
655,00;0,2277
654,50;0,2280
654,00;0,2277
653,50;0,2269
653,00;0,2260
652,50;0,2254
652,00;0,2254
651,50;0,2260
651,00;0,2271
650,50;0,2281
650,00;0,2288
649,50;0,2289
649,00;0,2285
648,50;0,2279
648,00;0,2275
647,50;0,2274
647,00;0,2274
646,50;0,2275
646,00;0,2276
645,50;0,2281
645,00;0,2289
644,50;0,2295
644,00;0,2296
643,50;0,2291
643,00;0,2284
642,50;0,2280
642,00;0,2280
641,50;0,2281
641,00;0,2282
640,50;0,2284
640,00;0,2291
639,50;0,2298
639,00;0,2301
638,50;0,2293
638,00;0,2279
637,50;0,2262
637,00;0,2249
636,50;0,2244
636,00;0,2247
635,50;0,2255
635,00;0,2263
634,50;0,2264
634,00;0,2262
633,50;0,2261
633,00;0,2258
632,50;0,2255
632,00;0,2251
631,50;0,2254
631,00;0,2263
630,50;0,2273
630,00;0,2279
629,50;0,2281
629,00;0,2282
628,50;0,2282
628,00;0,2281
627,50;0,2281
627,00;0,2283
626,50;0,2288
626,00;0,2297
625,50;0,2310
625,00;0,2323
624,50;0,2334
624,00;0,2338
623,50;0,2334
623,00;0,2323
622,50;0,2311
622,00;0,2304
621,50;0,2306
621,00;0,2316
620,50;0,2328
620,00;0,2335
619,50;0,2340
619,00;0,2343
618,50;0,2344
618,00;0,2338
617,50;0,2323
617,00;0,2309
616,50;0,2303
616,00;0,2309
615,50;0,2323
615,00;0,2338
614,50;0,2348
614,00;0,2351
613,50;0,2346
613,00;0,2335
612,50;0,2321
612,00;0,2308
611,50;0,2304
611,00;0,2310
610,50;0,2320
610,00;0,2328
609,50;0,2330
609,00;0,2330
608,50;0,2331
608,00;0,2332
607,50;0,2330
607,00;0,2324
606,50;0,2318
606,00;0,2318
605,50;0,2327
605,00;0,2339
604,50;0,2346
604,00;0,2344
603,50;0,2334
603,00;0,2325
602,50;0,2323
602,00;0,2322
601,50;0,2313
601,00;0,2299
600,50;0,2287
600,00;0,2286
599,50;0,2291
599,00;0,2295
598,50;0,2296
598,00;0,2299
597,50;0,2307
597,00;0,2316
596,50;0,2318
596,00;0,2311
595,50;0,2296
595,00;0,2283
594,50;0,2279
594,00;0,2284
593,50;0,2292
593,00;0,2298
592,50;0,2303
592,00;0,2305
591,50;0,2299
591,00;0,2283
590,50;0,2263
590,00;0,2250
589,50;0,2247
589,00;0,2251
588,50;0,2258
588,00;0,2267
587,50;0,2275
587,00;0,2279
586,50;0,2278
586,00;0,2273
585,50;0,2267
585,00;0,2261
584,50;0,2258
584,00;0,2262
583,50;0,2266
583,00;0,2265
582,50;0,2256
582,00;0,2245
581,50;0,2237
581,00;0,2232
580,50;0,2226
580,00;0,2221
579,50;0,2217
579,00;0,2216
578,50;0,2218
578,00;0,2222
577,50;0,2225
577,00;0,2224
576,50;0,2217
576,00;0,2206
575,50;0,2192
575,00;0,2178
574,50;0,2166
574,00;0,2163
573,50;0,2169
573,00;0,2178
572,50;0,2183
572,00;0,2183
571,50;0,2177
571,00;0,2166
570,50;0,2153
570,00;0,2141
569,50;0,2134
569,00;0,2128
568,50;0,2121
568,00;0,2115
567,50;0,2117
567,00;0,2128
566,50;0,2142
566,00;0,2149
565,50;0,2141
565,00;0,2120
564,50;0,2095
564,00;0,2077
563,50;0,2071
563,00;0,2076
562,50;0,2085
562,00;0,2091
561,50;0,2088
561,00;0,2078
560,50;0,2067
560,00;0,2061
559,50;0,2056
559,00;0,2047
558,50;0,2033
558,00;0,2023
557,50;0,2024
557,00;0,2033
556,50;0,2041
556,00;0,2042
555,50;0,2037
555,00;0,2026
554,50;0,2012
554,00;0,1999
553,50;0,1991
553,00;0,1987
552,50;0,1986
552,00;0,1986
551,50;0,1985
551,00;0,1980
550,50;0,1974
550,00;0,1967
549,50;0,1960
549,00;0,1951
548,50;0,1939
548,00;0,1930
547,50;0,1930
547,00;0,1935
546,50;0,1938
546,00;0,1935
545,50;0,1929
545,00;0,1924
544,50;0,1917
544,00;0,1903
543,50;0,1880
543,00;0,1849
542,50;0,1818
542,00;0,1800
541,50;0,1799
541,00;0,1809
540,50;0,1817
540,00;0,1818
539,50;0,1808
539,00;0,1790
538,50;0,1766
538,00;0,1745
537,50;0,1738
537,00;0,1748
536,50;0,1767
536,00;0,1784
535,50;0,1791
535,00;0,1785
534,50;0,1767
534,00;0,1742
533,50;0,1715
533,00;0,1689
532,50;0,1670
532,00;0,1666
531,50;0,1682
531,00;0,1705
530,50;0,1714
530,00;0,1699
529,50;0,1669
529,00;0,1641
528,50;0,1623
528,00;0,1614
527,50;0,1611
527,00;0,1613
526,50;0,1616
526,00;0,1616
525,50;0,1610
525,00;0,1603
524,50;0,1599
524,00;0,1596
523,50;0,1593
523,00;0,1585
522,50;0,1573
522,00;0,1557
521,50;0,1541
521,00;0,1538
520,50;0,1551
520,00;0,1572
519,50;0,1582
519,00;0,1572
518,50;0,1552
518,00;0,1537
517,50;0,1532
517,00;0,1530
516,50;0,1528
516,00;0,1530
515,50;0,1538
515,00;0,1549
514,50;0,1556
514,00;0,1557
513,50;0,1556
513,00;0,1554
512,50;0,1548
512,00;0,1538
511,50;0,1527
511,00;0,1522
510,50;0,1527
510,00;0,1537
509,50;0,1545
509,00;0,1544
508,50;0,1537
508,00;0,1526
507,50;0,1512
507,00;0,1494
506,50;0,1476
506,00;0,1469
505,50;0,1478
505,00;0,1497
504,50;0,1512
504,00;0,1515
503,50;0,1507
503,00;0,1496
502,50;0,1490
502,00;0,1489
501,50;0,1489
501,00;0,1485
500,50;0,1477
500,00;0,1465
499,50;0,1452
499,00;0,1443
498,50;0,1443
498,00;0,1448
497,50;0,1450
497,00;0,1442
496,50;0,1427
496,00;0,1414
495,50;0,1408
495,00;0,1415
494,50;0,1437
494,00;0,1468
493,50;0,1496
493,00;0,1503
492,50;0,1481
492,00;0,1442
491,50;0,1405
491,00;0,1384
490,50;0,1383
490,00;0,1397
489,50;0,1416
489,00;0,1431
488,50;0,1441
488,00;0,1449
487,50;0,1457
487,00;0,1459
486,50;0,1449
486,00;0,1427
485,50;0,1406
485,00;0,1396
484,50;0,1402
484,00;0,1415
483,50;0,1425
483,00;0,1422
482,50;0,1403
482,00;0,1369
481,50;0,1328
481,00;0,1290
480,50;0,1270
480,00;0,1279
479,50;0,1320
479,00;0,1381
478,50;0,1441
478,00;0,1480
477,50;0,1492
477,00;0,1482
476,50;0,1458
476,00;0,1425
475,50;0,1392
475,00;0,1374
474,50;0,1379
474,00;0,1400
473,50;0,1421
473,00;0,1426
472,50;0,1418
472,00;0,1402
471,50;0,1379
471,00;0,1351
470,50;0,1324
470,00;0,1299
469,50;0,1280
469,00;0,1272
468,50;0,1287
468,00;0,1326
467,50;0,1367
467,00;0,1380
466,50;0,1358
466,00;0,1323
465,50;0,1302
465,00;0,1299
464,50;0,1298
464,00;0,1287
463,50;0,1267
463,00;0,1253
462,50;0,1255
462,00;0,1270
461,50;0,1283
461,00;0,1283
460,50;0,1268
460,00;0,1240
459,50;0,1200
459,00;0,1156
458,50;0,1134
458,00;0,1153
457,50;0,1202
457,00;0,1250
456,50;0,1275
456,00;0,1279
455,50;0,1268
455,00;0,1240
454,50;0,1196
454,00;0,1155
453,50;0,1145
453,00;0,1188
452,50;0,1274
452,00;0,1360
451,50;0,1395
451,00;0,1362
450,50;0,1297
450,00;0,1246
449,50;0,1222
449,00;0,1209
448,50;0,1198
448,00;0,1205
447,50;0,1238
447,00;0,1270
446,50;0,1275
446,00;0,1251
445,50;0,1219
445,00;0,1188
444,50;0,1154
444,00;0,1118
443,50;0,1092
443,00;0,1096
442,50;0,1128
442,00;0,1164
441,50;0,1175
441,00;0,1160
440,50;0,1138
440,00;0,1120
439,50;0,1090
439,00;0,1041
438,50;0,1012
438,00;0,1047
437,50;0,1136
437,00;0,1218
436,50;0,1253
436,00;0,1241
435,50;0,1189
435,00;0,1095
434,50;0,0991
434,00;0,0939
433,50;0,0966
433,00;0,1028
432,50;0,1071
432,00;0,1099
431,50;0,1144
431,00;0,1204
430,50;0,1255
430,00;0,1280
429,50;0,1273
429,00;0,1212
428,50;0,1095
428,00;0,0969
427,50;0,0892
427,00;0,0867
426,50;0,0853
426,00;0,0841
425,50;0,0850
425,00;0,0873
424,50;0,0863
424,00;0,0796
423,50;0,0713
423,00;0,0680
422,50;0,0732
422,00;0,0858
421,50;0,1013
421,00;0,1124
420,50;0,1129
420,00;0,1029
419,50;0,0900
419,00;0,0831
418,50;0,0865
418,00;0,0952
417,50;0,0971
417,00;0,0855
416,50;0,0690
416,00;0,0641
415,50;0,0802
415,00;0,1117
414,50;0,1416
414,00;0,1526
413,50;0,1355
413,00;0,0935
412,50;0,0409
412,00;0,0029
411,50;-0,0014
411,00;0,0206
410,50;0,0449
410,00;0,0565
409,50;0,0599
409,00;0,0635
408,50;0,0661
408,00;0,0643
407,50;0,0645
407,00;0,0790
406,50;0,1029
406,00;0,1116
405,50;0,0923
405,00;0,0598
404,50;0,0419
404,00;0,0553
403,50;0,0887
403,00;0,1105
402,50;0,1003
402,00;0,0763
401,50;0,0717
401,00;0,0901
400,50;0,1099
400,00;0,1184
