Erstellt als neuer Datensatz;Sample 170 By PC59-C710\Spektrum3 date Dienstag, Juni 02 2026
cm-1;A
4000,00;0,0099
3999,50;0,0098
3999,00;0,0095
3998,50;0,0092
3998,00;0,0089
3997,50;0,0087
3997,00;0,0086
3996,50;0,0086
3996,00;0,0087
3995,50;0,0090
3995,00;0,0094
3994,50;0,0098
3994,00;0,0100
3993,50;0,0100
3993,00;0,0097
3992,50;0,0094
3992,00;0,0092
3991,50;0,0091
3991,00;0,0093
3990,50;0,0095
3990,00;0,0098
3989,50;0,0098
3989,00;0,0097
3988,50;0,0093
3988,00;0,0088
3987,50;0,0084
3987,00;0,0082
3986,50;0,0083
3986,00;0,0086
3985,50;0,0088
3985,00;0,0090
3984,50;0,0091
3984,00;0,0092
3983,50;0,0092
3983,00;0,0092
3982,50;0,0091
3982,00;0,0090
3981,50;0,0090
3981,00;0,0090
3980,50;0,0090
3980,00;0,0091
3979,50;0,0091
3979,00;0,0091
3978,50;0,0089
3978,00;0,0087
3977,50;0,0086
3977,00;0,0086
3976,50;0,0087
3976,00;0,0089
3975,50;0,0090
3975,00;0,0090
3974,50;0,0090
3974,00;0,0088
3973,50;0,0087
3973,00;0,0084
3972,50;0,0080
3972,00;0,0077
3971,50;0,0076
3971,00;0,0079
3970,50;0,0084
3970,00;0,0090
3969,50;0,0092
3969,00;0,0091
3968,50;0,0088
3968,00;0,0083
3967,50;0,0080
3967,00;0,0078
3966,50;0,0078
3966,00;0,0080
3965,50;0,0084
3965,00;0,0089
3964,50;0,0093
3964,00;0,0095
3963,50;0,0094
3963,00;0,0090
3962,50;0,0085
3962,00;0,0081
3961,50;0,0077
3961,00;0,0076
3960,50;0,0077
3960,00;0,0080
3959,50;0,0084
3959,00;0,0087
3958,50;0,0089
3958,00;0,0088
3957,50;0,0084
3957,00;0,0078
3956,50;0,0075
3956,00;0,0074
3955,50;0,0077
3955,00;0,0081
3954,50;0,0086
3954,00;0,0089
3953,50;0,0089
3953,00;0,0087
3952,50;0,0082
3952,00;0,0077
3951,50;0,0073
3951,00;0,0071
3950,50;0,0072
3950,00;0,0076
3949,50;0,0081
3949,00;0,0087
3948,50;0,0090
3948,00;0,0091
3947,50;0,0087
3947,00;0,0083
3946,50;0,0079
3946,00;0,0078
3945,50;0,0079
3945,00;0,0082
3944,50;0,0086
3944,00;0,0091
3943,50;0,0094
3943,00;0,0095
3942,50;0,0092
3942,00;0,0088
3941,50;0,0085
3941,00;0,0083
3940,50;0,0084
3940,00;0,0086
3939,50;0,0090
3939,00;0,0093
3938,50;0,0095
3938,00;0,0095
3937,50;0,0095
3937,00;0,0094
3936,50;0,0091
3936,00;0,0087
3935,50;0,0085
3935,00;0,0087
3934,50;0,0092
3934,00;0,0098
3933,50;0,0102
3933,00;0,0102
3932,50;0,0098
3932,00;0,0092
3931,50;0,0086
3931,00;0,0084
3930,50;0,0084
3930,00;0,0087
3929,50;0,0091
3929,00;0,0096
3928,50;0,0099
3928,00;0,0099
3927,50;0,0096
3927,00;0,0091
3926,50;0,0087
3926,00;0,0084
3925,50;0,0082
3925,00;0,0083
3924,50;0,0086
3924,00;0,0091
3923,50;0,0097
3923,00;0,0102
3922,50;0,0103
3922,00;0,0102
3921,50;0,0097
3921,00;0,0092
3920,50;0,0087
3920,00;0,0085
3919,50;0,0088
3919,00;0,0093
3918,50;0,0098
3918,00;0,0101
3917,50;0,0100
3917,00;0,0098
3916,50;0,0094
3916,00;0,0091
3915,50;0,0087
3915,00;0,0083
3914,50;0,0081
3914,00;0,0082
3913,50;0,0085
3913,00;0,0089
3912,50;0,0092
3912,00;0,0093
3911,50;0,0092
3911,00;0,0088
3910,50;0,0083
3910,00;0,0079
3909,50;0,0077
3909,00;0,0079
3908,50;0,0083
3908,00;0,0088
3907,50;0,0091
3907,00;0,0091
3906,50;0,0089
3906,00;0,0088
3905,50;0,0088
3905,00;0,0089
3904,50;0,0090
3904,00;0,0090
3903,50;0,0093
3903,00;0,0097
3902,50;0,0100
3902,00;0,0101
3901,50;0,0100
3901,00;0,0099
3900,50;0,0097
3900,00;0,0091
3899,50;0,0084
3899,00;0,0079
3898,50;0,0080
3898,00;0,0085
3897,50;0,0089
3897,00;0,0090
3896,50;0,0088
3896,00;0,0085
3895,50;0,0080
3895,00;0,0075
3894,50;0,0072
3894,00;0,0072
3893,50;0,0074
3893,00;0,0079
3892,50;0,0084
3892,00;0,0087
3891,50;0,0088
3891,00;0,0088
3890,50;0,0088
3890,00;0,0088
3889,50;0,0085
3889,00;0,0082
3888,50;0,0080
3888,00;0,0083
3887,50;0,0088
3887,00;0,0094
3886,50;0,0096
3886,00;0,0092
3885,50;0,0086
3885,00;0,0082
3884,50;0,0079
3884,00;0,0077
3883,50;0,0074
3883,00;0,0075
3882,50;0,0079
3882,00;0,0085
3881,50;0,0091
3881,00;0,0092
3880,50;0,0090
3880,00;0,0086
3879,50;0,0083
3879,00;0,0081
3878,50;0,0081
3878,00;0,0081
3877,50;0,0082
3877,00;0,0085
3876,50;0,0090
3876,00;0,0093
3875,50;0,0095
3875,00;0,0093
3874,50;0,0088
3874,00;0,0082
3873,50;0,0079
3873,00;0,0082
3872,50;0,0088
3872,00;0,0095
3871,50;0,0100
3871,00;0,0103
3870,50;0,0103
3870,00;0,0101
3869,50;0,0099
3869,00;0,0097
3868,50;0,0095
3868,00;0,0090
3867,50;0,0085
3867,00;0,0084
3866,50;0,0088
3866,00;0,0095
3865,50;0,0101
3865,00;0,0102
3864,50;0,0099
3864,00;0,0096
3863,50;0,0094
3863,00;0,0093
3862,50;0,0093
3862,00;0,0093
3861,50;0,0093
3861,00;0,0094
3860,50;0,0095
3860,00;0,0094
3859,50;0,0093
3859,00;0,0091
3858,50;0,0090
3858,00;0,0090
3857,50;0,0092
3857,00;0,0094
3856,50;0,0098
3856,00;0,0103
3855,50;0,0108
3855,00;0,0112
3854,50;0,0114
3854,00;0,0115
3853,50;0,0118
3853,00;0,0123
3852,50;0,0122
3852,00;0,0117
3851,50;0,0113
3851,00;0,0113
3850,50;0,0112
3850,00;0,0106
3849,50;0,0099
3849,00;0,0094
3848,50;0,0093
3848,00;0,0092
3847,50;0,0090
3847,00;0,0086
3846,50;0,0084
3846,00;0,0085
3845,50;0,0088
3845,00;0,0092
3844,50;0,0096
3844,00;0,0098
3843,50;0,0097
3843,00;0,0093
3842,50;0,0091
3842,00;0,0089
3841,50;0,0090
3841,00;0,0094
3840,50;0,0099
3840,00;0,0104
3839,50;0,0108
3839,00;0,0108
3838,50;0,0105
3838,00;0,0101
3837,50;0,0098
3837,00;0,0100
3836,50;0,0103
3836,00;0,0104
3835,50;0,0101
3835,00;0,0097
3834,50;0,0094
3834,00;0,0094
3833,50;0,0096
3833,00;0,0098
3832,50;0,0098
3832,00;0,0095
3831,50;0,0092
3831,00;0,0090
3830,50;0,0092
3830,00;0,0095
3829,50;0,0096
3829,00;0,0095
3828,50;0,0093
3828,00;0,0092
3827,50;0,0090
3827,00;0,0089
3826,50;0,0087
3826,00;0,0087
3825,50;0,0088
3825,00;0,0090
3824,50;0,0093
3824,00;0,0096
3823,50;0,0099
3823,00;0,0102
3822,50;0,0103
3822,00;0,0102
3821,50;0,0102
3821,00;0,0102
3820,50;0,0104
3820,00;0,0106
3819,50;0,0105
3819,00;0,0102
3818,50;0,0098
3818,00;0,0093
3817,50;0,0089
3817,00;0,0087
3816,50;0,0088
3816,00;0,0091
3815,50;0,0096
3815,00;0,0101
3814,50;0,0101
3814,00;0,0096
3813,50;0,0091
3813,00;0,0087
3812,50;0,0084
3812,00;0,0081
3811,50;0,0078
3811,00;0,0076
3810,50;0,0076
3810,00;0,0078
3809,50;0,0082
3809,00;0,0087
3808,50;0,0092
3808,00;0,0096
3807,50;0,0097
3807,00;0,0095
3806,50;0,0092
3806,00;0,0091
3805,50;0,0089
3805,00;0,0088
3804,50;0,0087
3804,00;0,0089
3803,50;0,0091
3803,00;0,0092
3802,50;0,0093
3802,00;0,0093
3801,50;0,0091
3801,00;0,0089
3800,50;0,0088
3800,00;0,0089
3799,50;0,0090
3799,00;0,0091
3798,50;0,0093
3798,00;0,0096
3797,50;0,0099
3797,00;0,0099
3796,50;0,0097
3796,00;0,0094
3795,50;0,0091
3795,00;0,0090
3794,50;0,0090
3794,00;0,0091
3793,50;0,0094
3793,00;0,0097
3792,50;0,0097
3792,00;0,0094
3791,50;0,0089
3791,00;0,0084
3790,50;0,0081
3790,00;0,0080
3789,50;0,0080
3789,00;0,0082
3788,50;0,0084
3788,00;0,0087
3787,50;0,0089
3787,00;0,0090
3786,50;0,0092
3786,00;0,0093
3785,50;0,0093
3785,00;0,0093
3784,50;0,0092
3784,00;0,0092
3783,50;0,0091
3783,00;0,0091
3782,50;0,0091
3782,00;0,0091
3781,50;0,0091
3781,00;0,0092
3780,50;0,0092
3780,00;0,0092
3779,50;0,0093
3779,00;0,0094
3778,50;0,0097
3778,00;0,0098
3777,50;0,0097
3777,00;0,0095
3776,50;0,0092
3776,00;0,0090
3775,50;0,0087
3775,00;0,0084
3774,50;0,0083
3774,00;0,0083
3773,50;0,0087
3773,00;0,0092
3772,50;0,0095
3772,00;0,0096
3771,50;0,0096
3771,00;0,0096
3770,50;0,0096
3770,00;0,0096
3769,50;0,0097
3769,00;0,0099
3768,50;0,0099
3768,00;0,0097
3767,50;0,0097
3767,00;0,0098
3766,50;0,0100
3766,00;0,0100
3765,50;0,0097
3765,00;0,0092
3764,50;0,0087
3764,00;0,0084
3763,50;0,0083
3763,00;0,0084
3762,50;0,0087
3762,00;0,0091
3761,50;0,0095
3761,00;0,0096
3760,50;0,0094
3760,00;0,0091
3759,50;0,0088
3759,00;0,0088
3758,50;0,0090
3758,00;0,0092
3757,50;0,0093
3757,00;0,0094
3756,50;0,0094
3756,00;0,0094
3755,50;0,0092
3755,00;0,0090
3754,50;0,0087
3754,00;0,0086
3753,50;0,0088
3753,00;0,0092
3752,50;0,0095
3752,00;0,0098
3751,50;0,0104
3751,00;0,0112
3750,50;0,0115
3750,00;0,0113
3749,50;0,0108
3749,00;0,0104
3748,50;0,0104
3748,00;0,0103
3747,50;0,0098
3747,00;0,0093
3746,50;0,0092
3746,00;0,0095
3745,50;0,0100
3745,00;0,0103
3744,50;0,0102
3744,00;0,0101
3743,50;0,0101
3743,00;0,0099
3742,50;0,0093
3742,00;0,0088
3741,50;0,0084
3741,00;0,0082
3740,50;0,0082
3740,00;0,0082
3739,50;0,0080
3739,00;0,0077
3738,50;0,0075
3738,00;0,0074
3737,50;0,0075
3737,00;0,0078
3736,50;0,0080
3736,00;0,0080
3735,50;0,0078
3735,00;0,0072
3734,50;0,0065
3734,00;0,0060
3733,50;0,0059
3733,00;0,0059
3732,50;0,0059
3732,00;0,0059
3731,50;0,0062
3731,00;0,0063
3730,50;0,0061
3730,00;0,0055
3729,50;0,0047
3729,00;0,0041
3728,50;0,0038
3728,00;0,0037
3727,50;0,0036
3727,00;0,0037
3726,50;0,0038
3726,00;0,0042
3725,50;0,0045
3725,00;0,0046
3724,50;0,0045
3724,00;0,0044
3723,50;0,0043
3723,00;0,0043
3722,50;0,0043
3722,00;0,0044
3721,50;0,0048
3721,00;0,0054
3720,50;0,0059
3720,00;0,0063
3719,50;0,0065
3719,00;0,0063
3718,50;0,0061
3718,00;0,0059
3717,50;0,0058
3717,00;0,0058
3716,50;0,0060
3716,00;0,0064
3715,50;0,0068
3715,00;0,0072
3714,50;0,0074
3714,00;0,0077
3713,50;0,0079
3713,00;0,0080
3712,50;0,0079
3712,00;0,0077
3711,50;0,0078
3711,00;0,0080
3710,50;0,0081
3710,00;0,0081
3709,50;0,0083
3709,00;0,0088
3708,50;0,0097
3708,00;0,0104
3707,50;0,0106
3707,00;0,0104
3706,50;0,0099
3706,00;0,0092
3705,50;0,0083
3705,00;0,0077
3704,50;0,0072
3704,00;0,0070
3703,50;0,0068
3703,00;0,0067
3702,50;0,0065
3702,00;0,0062
3701,50;0,0061
3701,00;0,0062
3700,50;0,0065
3700,00;0,0067
3699,50;0,0067
3699,00;0,0066
3698,50;0,0066
3698,00;0,0065
3697,50;0,0064
3697,00;0,0062
3696,50;0,0061
3696,00;0,0061
3695,50;0,0064
3695,00;0,0070
3694,50;0,0075
3694,00;0,0079
3693,50;0,0080
3693,00;0,0078
3692,50;0,0076
3692,00;0,0076
3691,50;0,0079
3691,00;0,0084
3690,50;0,0091
3690,00;0,0099
3689,50;0,0106
3689,00;0,0107
3688,50;0,0104
3688,00;0,0101
3687,50;0,0099
3687,00;0,0096
3686,50;0,0090
3686,00;0,0087
3685,50;0,0088
3685,00;0,0092
3684,50;0,0097
3684,00;0,0102
3683,50;0,0105
3683,00;0,0105
3682,50;0,0102
3682,00;0,0099
3681,50;0,0096
3681,00;0,0094
3680,50;0,0095
3680,00;0,0098
3679,50;0,0103
3679,00;0,0108
3678,50;0,0111
3678,00;0,0115
3677,50;0,0117
3677,00;0,0117
3676,50;0,0117
3676,00;0,0117
3675,50;0,0120
3675,00;0,0123
3674,50;0,0126
3674,00;0,0127
3673,50;0,0126
3673,00;0,0122
3672,50;0,0118
3672,00;0,0113
3671,50;0,0108
3671,00;0,0103
3670,50;0,0101
3670,00;0,0104
3669,50;0,0109
3669,00;0,0112
3668,50;0,0113
3668,00;0,0112
3667,50;0,0110
3667,00;0,0106
3666,50;0,0099
3666,00;0,0093
3665,50;0,0090
3665,00;0,0090
3664,50;0,0091
3664,00;0,0092
3663,50;0,0095
3663,00;0,0097
3662,50;0,0097
3662,00;0,0095
3661,50;0,0092
3661,00;0,0089
3660,50;0,0086
3660,00;0,0084
3659,50;0,0084
3659,00;0,0086
3658,50;0,0090
3658,00;0,0095
3657,50;0,0098
3657,00;0,0098
3656,50;0,0096
3656,00;0,0093
3655,50;0,0091
3655,00;0,0090
3654,50;0,0089
3654,00;0,0088
3653,50;0,0089
3653,00;0,0091
3652,50;0,0094
3652,00;0,0098
3651,50;0,0099
3651,00;0,0100
3650,50;0,0100
3650,00;0,0101
3649,50;0,0103
3649,00;0,0106
3648,50;0,0109
3648,00;0,0113
3647,50;0,0113
3647,00;0,0111
3646,50;0,0107
3646,00;0,0104
3645,50;0,0100
3645,00;0,0095
3644,50;0,0090
3644,00;0,0088
3643,50;0,0090
3643,00;0,0093
3642,50;0,0097
3642,00;0,0098
3641,50;0,0098
3641,00;0,0096
3640,50;0,0095
3640,00;0,0092
3639,50;0,0090
3639,00;0,0089
3638,50;0,0090
3638,00;0,0094
3637,50;0,0098
3637,00;0,0099
3636,50;0,0097
3636,00;0,0094
3635,50;0,0092
3635,00;0,0093
3634,50;0,0094
3634,00;0,0093
3633,50;0,0091
3633,00;0,0091
3632,50;0,0092
3632,00;0,0094
3631,50;0,0095
3631,00;0,0093
3630,50;0,0090
3630,00;0,0087
3629,50;0,0084
3629,00;0,0083
3628,50;0,0082
3628,00;0,0081
3627,50;0,0080
3627,00;0,0078
3626,50;0,0077
3626,00;0,0075
3625,50;0,0073
3625,00;0,0071
3624,50;0,0070
3624,00;0,0069
3623,50;0,0068
3623,00;0,0069
3622,50;0,0071
3622,00;0,0074
3621,50;0,0077
3621,00;0,0081
3620,50;0,0084
3620,00;0,0087
3619,50;0,0089
3619,00;0,0093
3618,50;0,0096
3618,00;0,0097
3617,50;0,0097
3617,00;0,0097
3616,50;0,0098
3616,00;0,0098
3615,50;0,0097
3615,00;0,0096
3614,50;0,0098
3614,00;0,0101
3613,50;0,0105
3613,00;0,0107
3612,50;0,0108
3612,00;0,0110
3611,50;0,0114
3611,00;0,0116
3610,50;0,0116
3610,00;0,0112
3609,50;0,0107
3609,00;0,0101
3608,50;0,0098
3608,00;0,0097
3607,50;0,0097
3607,00;0,0096
3606,50;0,0097
3606,00;0,0098
3605,50;0,0098
3605,00;0,0098
3604,50;0,0096
3604,00;0,0094
3603,50;0,0091
3603,00;0,0090
3602,50;0,0090
3602,00;0,0091
3601,50;0,0094
3601,00;0,0098
3600,50;0,0103
3600,00;0,0109
3599,50;0,0114
3599,00;0,0115
3598,50;0,0112
3598,00;0,0106
3597,50;0,0100
3597,00;0,0097
3596,50;0,0097
3596,00;0,0099
3595,50;0,0101
3595,00;0,0104
3594,50;0,0106
3594,00;0,0106
3593,50;0,0104
3593,00;0,0102
3592,50;0,0101
3592,00;0,0101
3591,50;0,0101
3591,00;0,0101
3590,50;0,0103
3590,00;0,0107
3589,50;0,0111
3589,00;0,0113
3588,50;0,0112
3588,00;0,0112
3587,50;0,0113
3587,00;0,0112
3586,50;0,0111
3586,00;0,0112
3585,50;0,0116
3585,00;0,0119
3584,50;0,0121
3584,00;0,0120
3583,50;0,0118
3583,00;0,0116
3582,50;0,0117
3582,00;0,0118
3581,50;0,0119
3581,00;0,0119
3580,50;0,0116
3580,00;0,0112
3579,50;0,0110
3579,00;0,0112
3578,50;0,0117
3578,00;0,0123
3577,50;0,0125
3577,00;0,0127
3576,50;0,0128
3576,00;0,0130
3575,50;0,0131
3575,00;0,0132
3574,50;0,0133
3574,00;0,0135
3573,50;0,0135
3573,00;0,0135
3572,50;0,0135
3572,00;0,0135
3571,50;0,0134
3571,00;0,0135
3570,50;0,0136
3570,00;0,0138
3569,50;0,0141
3569,00;0,0142
3568,50;0,0142
3568,00;0,0142
3567,50;0,0143
3567,00;0,0145
3566,50;0,0147
3566,00;0,0148
3565,50;0,0149
3565,00;0,0151
3564,50;0,0153
3564,00;0,0154
3563,50;0,0153
3563,00;0,0151
3562,50;0,0149
3562,00;0,0148
3561,50;0,0147
3561,00;0,0146
3560,50;0,0146
3560,00;0,0149
3559,50;0,0153
3559,00;0,0157
3558,50;0,0160
3558,00;0,0161
3557,50;0,0161
3557,00;0,0160
3556,50;0,0159
3556,00;0,0160
3555,50;0,0161
3555,00;0,0162
3554,50;0,0162
3554,00;0,0161
3553,50;0,0160
3553,00;0,0161
3552,50;0,0163
3552,00;0,0165
3551,50;0,0167
3551,00;0,0168
3550,50;0,0168
3550,00;0,0168
3549,50;0,0168
3549,00;0,0171
3548,50;0,0174
3548,00;0,0175
3547,50;0,0175
3547,00;0,0175
3546,50;0,0175
3546,00;0,0176
3545,50;0,0176
3545,00;0,0177
3544,50;0,0178
3544,00;0,0180
3543,50;0,0181
3543,00;0,0181
3542,50;0,0181
3542,00;0,0182
3541,50;0,0182
3541,00;0,0183
3540,50;0,0183
3540,00;0,0183
3539,50;0,0184
3539,00;0,0186
3538,50;0,0188
3538,00;0,0190
3537,50;0,0190
3537,00;0,0188
3536,50;0,0187
3536,00;0,0186
3535,50;0,0187
3535,00;0,0189
3534,50;0,0193
3534,00;0,0195
3533,50;0,0197
3533,00;0,0198
3532,50;0,0199
3532,00;0,0200
3531,50;0,0200
3531,00;0,0201
3530,50;0,0201
3530,00;0,0202
3529,50;0,0202
3529,00;0,0202
3528,50;0,0203
3528,00;0,0204
3527,50;0,0206
3527,00;0,0207
3526,50;0,0208
3526,00;0,0208
3525,50;0,0207
3525,00;0,0206
3524,50;0,0207
3524,00;0,0209
3523,50;0,0211
3523,00;0,0214
3522,50;0,0216
3522,00;0,0217
3521,50;0,0218
3521,00;0,0219
3520,50;0,0219
3520,00;0,0219
3519,50;0,0218
3519,00;0,0218
3518,50;0,0218
3518,00;0,0219
3517,50;0,0220
3517,00;0,0222
3516,50;0,0224
3516,00;0,0225
3515,50;0,0226
3515,00;0,0227
3514,50;0,0229
3514,00;0,0231
3513,50;0,0234
3513,00;0,0236
3512,50;0,0237
3512,00;0,0237
3511,50;0,0237
3511,00;0,0236
3510,50;0,0236
3510,00;0,0237
3509,50;0,0238
3509,00;0,0239
3508,50;0,0241
3508,00;0,0241
3507,50;0,0241
3507,00;0,0241
3506,50;0,0243
3506,00;0,0246
3505,50;0,0248
3505,00;0,0249
3504,50;0,0249
3504,00;0,0249
3503,50;0,0249
3503,00;0,0249
3502,50;0,0249
3502,00;0,0250
3501,50;0,0251
3501,00;0,0253
3500,50;0,0255
3500,00;0,0256
3499,50;0,0257
3499,00;0,0258
3498,50;0,0259
3498,00;0,0261
3497,50;0,0263
3497,00;0,0265
3496,50;0,0267
3496,00;0,0270
3495,50;0,0272
3495,00;0,0274
3494,50;0,0275
3494,00;0,0275
3493,50;0,0275
3493,00;0,0276
3492,50;0,0278
3492,00;0,0280
3491,50;0,0281
3491,00;0,0283
3490,50;0,0284
3490,00;0,0286
3489,50;0,0288
3489,00;0,0290
3488,50;0,0290
3488,00;0,0291
3487,50;0,0291
3487,00;0,0292
3486,50;0,0294
3486,00;0,0296
3485,50;0,0300
3485,00;0,0303
3484,50;0,0305
3484,00;0,0307
3483,50;0,0308
3483,00;0,0309
3482,50;0,0310
3482,00;0,0311
3481,50;0,0313
3481,00;0,0315
3480,50;0,0317
3480,00;0,0318
3479,50;0,0321
3479,00;0,0324
3478,50;0,0328
3478,00;0,0330
3477,50;0,0330
3477,00;0,0330
3476,50;0,0331
3476,00;0,0333
3475,50;0,0335
3475,00;0,0337
3474,50;0,0339
3474,00;0,0342
3473,50;0,0345
3473,00;0,0347
3472,50;0,0348
3472,00;0,0349
3471,50;0,0349
3471,00;0,0348
3470,50;0,0350
3470,00;0,0353
3469,50;0,0357
3469,00;0,0361
3468,50;0,0364
3468,00;0,0368
3467,50;0,0372
3467,00;0,0375
3466,50;0,0376
3466,00;0,0377
3465,50;0,0377
3465,00;0,0378
3464,50;0,0379
3464,00;0,0382
3463,50;0,0384
3463,00;0,0386
3462,50;0,0388
3462,00;0,0391
3461,50;0,0393
3461,00;0,0396
3460,50;0,0398
3460,00;0,0400
3459,50;0,0403
3459,00;0,0406
3458,50;0,0411
3458,00;0,0415
3457,50;0,0418
3457,00;0,0419
3456,50;0,0420
3456,00;0,0421
3455,50;0,0424
3455,00;0,0428
3454,50;0,0431
3454,00;0,0434
3453,50;0,0436
3453,00;0,0438
3452,50;0,0439
3452,00;0,0441
3451,50;0,0443
3451,00;0,0446
3450,50;0,0450
3450,00;0,0454
3449,50;0,0458
3449,00;0,0462
3448,50;0,0464
3448,00;0,0466
3447,50;0,0469
3447,00;0,0471
3446,50;0,0473
3446,00;0,0476
3445,50;0,0478
3445,00;0,0480
3444,50;0,0482
3444,00;0,0484
3443,50;0,0488
3443,00;0,0492
3442,50;0,0497
3442,00;0,0501
3441,50;0,0504
3441,00;0,0505
3440,50;0,0507
3440,00;0,0510
3439,50;0,0514
3439,00;0,0519
3438,50;0,0522
3438,00;0,0525
3437,50;0,0528
3437,00;0,0531
3436,50;0,0534
3436,00;0,0538
3435,50;0,0543
3435,00;0,0548
3434,50;0,0554
3434,00;0,0558
3433,50;0,0562
3433,00;0,0565
3432,50;0,0568
3432,00;0,0570
3431,50;0,0571
3431,00;0,0573
3430,50;0,0576
3430,00;0,0580
3429,50;0,0585
3429,00;0,0589
3428,50;0,0594
3428,00;0,0597
3427,50;0,0600
3427,00;0,0603
3426,50;0,0607
3426,00;0,0611
3425,50;0,0616
3425,00;0,0620
3424,50;0,0623
3424,00;0,0627
3423,50;0,0633
3423,00;0,0639
3422,50;0,0644
3422,00;0,0648
3421,50;0,0650
3421,00;0,0652
3420,50;0,0654
3420,00;0,0656
3419,50;0,0658
3419,00;0,0661
3418,50;0,0666
3418,00;0,0670
3417,50;0,0675
3417,00;0,0678
3416,50;0,0682
3416,00;0,0686
3415,50;0,0690
3415,00;0,0695
3414,50;0,0699
3414,00;0,0703
3413,50;0,0707
3413,00;0,0710
3412,50;0,0713
3412,00;0,0717
3411,50;0,0721
3411,00;0,0725
3410,50;0,0728
3410,00;0,0731
3409,50;0,0734
3409,00;0,0736
3408,50;0,0739
3408,00;0,0743
3407,50;0,0747
3407,00;0,0752
3406,50;0,0756
3406,00;0,0759
3405,50;0,0760
3405,00;0,0762
3404,50;0,0763
3404,00;0,0766
3403,50;0,0772
3403,00;0,0778
3402,50;0,0784
3402,00;0,0789
3401,50;0,0793
3401,00;0,0797
3400,50;0,0800
3400,00;0,0803
3399,50;0,0804
3399,00;0,0805
3398,50;0,0806
3398,00;0,0808
3397,50;0,0812
3397,00;0,0817
3396,50;0,0824
3396,00;0,0831
3395,50;0,0836
3395,00;0,0840
3394,50;0,0843
3394,00;0,0845
3393,50;0,0848
3393,00;0,0850
3392,50;0,0854
3392,00;0,0858
3391,50;0,0861
3391,00;0,0863
3390,50;0,0864
3390,00;0,0867
3389,50;0,0871
3389,00;0,0875
3388,50;0,0877
3388,00;0,0879
3387,50;0,0881
3387,00;0,0885
3386,50;0,0891
3386,00;0,0898
3385,50;0,0903
3385,00;0,0907
3384,50;0,0909
3384,00;0,0910
3383,50;0,0911
3383,00;0,0911
3382,50;0,0912
3382,00;0,0913
3381,50;0,0916
3381,00;0,0919
3380,50;0,0924
3380,00;0,0928
3379,50;0,0931
3379,00;0,0934
3378,50;0,0938
3378,00;0,0942
3377,50;0,0945
3377,00;0,0948
3376,50;0,0950
3376,00;0,0953
3375,50;0,0957
3375,00;0,0961
3374,50;0,0964
3374,00;0,0968
3373,50;0,0971
3373,00;0,0974
3372,50;0,0976
3372,00;0,0980
3371,50;0,0985
3371,00;0,0990
3370,50;0,0993
3370,00;0,0995
3369,50;0,0995
3369,00;0,0995
3368,50;0,0995
3368,00;0,0997
3367,50;0,0999
3367,00;0,1002
3366,50;0,1005
3366,00;0,1009
3365,50;0,1012
3365,00;0,1016
3364,50;0,1021
3364,00;0,1025
3363,50;0,1028
3363,00;0,1029
3362,50;0,1029
3362,00;0,1030
3361,50;0,1031
3361,00;0,1032
3360,50;0,1034
3360,00;0,1035
3359,50;0,1037
3359,00;0,1038
3358,50;0,1038
3358,00;0,1040
3357,50;0,1043
3357,00;0,1047
3356,50;0,1052
3356,00;0,1057
3355,50;0,1061
3355,00;0,1064
3354,50;0,1064
3354,00;0,1063
3353,50;0,1064
3353,00;0,1066
3352,50;0,1070
3352,00;0,1073
3351,50;0,1076
3351,00;0,1078
3350,50;0,1079
3350,00;0,1081
3349,50;0,1083
3349,00;0,1084
3348,50;0,1084
3348,00;0,1084
3347,50;0,1085
3347,00;0,1087
3346,50;0,1090
3346,00;0,1094
3345,50;0,1098
3345,00;0,1101
3344,50;0,1104
3344,00;0,1105
3343,50;0,1106
3343,00;0,1107
3342,50;0,1107
3342,00;0,1109
3341,50;0,1111
3341,00;0,1113
3340,50;0,1115
3340,00;0,1117
3339,50;0,1119
3339,00;0,1121
3338,50;0,1123
3338,00;0,1126
3337,50;0,1127
3337,00;0,1128
3336,50;0,1128
3336,00;0,1128
3335,50;0,1130
3335,00;0,1134
3334,50;0,1138
3334,00;0,1142
3333,50;0,1145
3333,00;0,1146
3332,50;0,1145
3332,00;0,1144
3331,50;0,1143
3331,00;0,1143
3330,50;0,1145
3330,00;0,1148
3329,50;0,1152
3329,00;0,1155
3328,50;0,1158
3328,00;0,1160
3327,50;0,1161
3327,00;0,1162
3326,50;0,1164
3326,00;0,1167
3325,50;0,1171
3325,00;0,1175
3324,50;0,1177
3324,00;0,1179
3323,50;0,1180
3323,00;0,1182
3322,50;0,1184
3322,00;0,1185
3321,50;0,1186
3321,00;0,1187
3320,50;0,1189
3320,00;0,1192
3319,50;0,1197
3319,00;0,1203
3318,50;0,1208
3318,00;0,1211
3317,50;0,1212
3317,00;0,1212
3316,50;0,1212
3316,00;0,1214
3315,50;0,1217
3315,00;0,1220
3314,50;0,1222
3314,00;0,1223
3313,50;0,1225
3313,00;0,1228
3312,50;0,1231
3312,00;0,1234
3311,50;0,1237
3311,00;0,1240
3310,50;0,1242
3310,00;0,1245
3309,50;0,1248
3309,00;0,1252
3308,50;0,1257
3308,00;0,1262
3307,50;0,1265
3307,00;0,1266
3306,50;0,1266
3306,00;0,1266
3305,50;0,1268
3305,00;0,1271
3304,50;0,1276
3304,00;0,1282
3303,50;0,1288
3303,00;0,1294
3302,50;0,1300
3302,00;0,1304
3301,50;0,1307
3301,00;0,1310
3300,50;0,1314
3300,00;0,1319
3299,50;0,1326
3299,00;0,1332
3298,50;0,1337
3298,00;0,1342
3297,50;0,1348
3297,00;0,1353
3296,50;0,1357
3296,00;0,1360
3295,50;0,1362
3295,00;0,1366
3294,50;0,1371
3294,00;0,1377
3293,50;0,1382
3293,00;0,1387
3292,50;0,1391
3292,00;0,1395
3291,50;0,1399
3291,00;0,1401
3290,50;0,1403
3290,00;0,1405
3289,50;0,1408
3289,00;0,1413
3288,50;0,1417
3288,00;0,1422
3287,50;0,1426
3287,00;0,1430
3286,50;0,1432
3286,00;0,1432
3285,50;0,1433
3285,00;0,1435
3284,50;0,1440
3284,00;0,1446
3283,50;0,1450
3283,00;0,1453
3282,50;0,1455
3282,00;0,1459
3281,50;0,1464
3281,00;0,1471
3280,50;0,1478
3280,00;0,1483
3279,50;0,1488
3279,00;0,1493
3278,50;0,1498
3278,00;0,1504
3277,50;0,1510
3277,00;0,1516
3276,50;0,1521
3276,00;0,1525
3275,50;0,1528
3275,00;0,1529
3274,50;0,1531
3274,00;0,1535
3273,50;0,1541
3273,00;0,1548
3272,50;0,1555
3272,00;0,1561
3271,50;0,1567
3271,00;0,1573
3270,50;0,1578
3270,00;0,1584
3269,50;0,1589
3269,00;0,1595
3268,50;0,1601
3268,00;0,1606
3267,50;0,1611
3267,00;0,1616
3266,50;0,1623
3266,00;0,1629
3265,50;0,1633
3265,00;0,1636
3264,50;0,1638
3264,00;0,1643
3263,50;0,1649
3263,00;0,1657
3262,50;0,1667
3262,00;0,1677
3261,50;0,1686
3261,00;0,1693
3260,50;0,1699
3260,00;0,1703
3259,50;0,1707
3259,00;0,1711
3258,50;0,1715
3258,00;0,1720
3257,50;0,1726
3257,00;0,1732
3256,50;0,1739
3256,00;0,1748
3255,50;0,1759
3255,00;0,1769
3254,50;0,1777
3254,00;0,1784
3253,50;0,1792
3253,00;0,1800
3252,50;0,1807
3252,00;0,1815
3251,50;0,1822
3251,00;0,1831
3250,50;0,1840
3250,00;0,1849
3249,50;0,1857
3249,00;0,1863
3248,50;0,1870
3248,00;0,1876
3247,50;0,1885
3247,00;0,1894
3246,50;0,1905
3246,00;0,1916
3245,50;0,1929
3245,00;0,1941
3244,50;0,1950
3244,00;0,1955
3243,50;0,1959
3243,00;0,1964
3242,50;0,1973
3242,00;0,1986
3241,50;0,1998
3241,00;0,2009
3240,50;0,2018
3240,00;0,2027
3239,50;0,2036
3239,00;0,2043
3238,50;0,2049
3238,00;0,2053
3237,50;0,2058
3237,00;0,2068
3236,50;0,2079
3236,00;0,2091
3235,50;0,2101
3235,00;0,2110
3234,50;0,2117
3234,00;0,2123
3233,50;0,2128
3233,00;0,2130
3232,50;0,2131
3232,00;0,2132
3231,50;0,2136
3231,00;0,2142
3230,50;0,2148
3230,00;0,2153
3229,50;0,2157
3229,00;0,2161
3228,50;0,2166
3228,00;0,2169
3227,50;0,2170
3227,00;0,2169
3226,50;0,2169
3226,00;0,2172
3225,50;0,2176
3225,00;0,2179
3224,50;0,2178
3224,00;0,2174
3223,50;0,2169
3223,00;0,2164
3222,50;0,2161
3222,00;0,2158
3221,50;0,2155
3221,00;0,2152
3220,50;0,2148
3220,00;0,2143
3219,50;0,2138
3219,00;0,2133
3218,50;0,2128
3218,00;0,2121
3217,50;0,2111
3217,00;0,2102
3216,50;0,2093
3216,00;0,2086
3215,50;0,2077
3215,00;0,2067
3214,50;0,2057
3214,00;0,2048
3213,50;0,2041
3213,00;0,2033
3212,50;0,2023
3212,00;0,2014
3211,50;0,2005
3211,00;0,1997
3210,50;0,1987
3210,00;0,1977
3209,50;0,1967
3209,00;0,1959
3208,50;0,1951
3208,00;0,1943
3207,50;0,1932
3207,00;0,1920
3206,50;0,1909
3206,00;0,1899
3205,50;0,1890
3205,00;0,1883
3204,50;0,1876
3204,00;0,1869
3203,50;0,1861
3203,00;0,1854
3202,50;0,1846
3202,00;0,1836
3201,50;0,1825
3201,00;0,1816
3200,50;0,1808
3200,00;0,1801
3199,50;0,1796
3199,00;0,1790
3198,50;0,1784
3198,00;0,1777
3197,50;0,1769
3197,00;0,1760
3196,50;0,1751
3196,00;0,1745
3195,50;0,1739
3195,00;0,1734
3194,50;0,1728
3194,00;0,1720
3193,50;0,1712
3193,00;0,1705
3192,50;0,1699
3192,00;0,1696
3191,50;0,1692
3191,00;0,1686
3190,50;0,1681
3190,00;0,1674
3189,50;0,1667
3189,00;0,1660
3188,50;0,1653
3188,00;0,1647
3187,50;0,1642
3187,00;0,1638
3186,50;0,1634
3186,00;0,1629
3185,50;0,1623
3185,00;0,1619
3184,50;0,1616
3184,00;0,1612
3183,50;0,1608
3183,00;0,1603
3182,50;0,1598
3182,00;0,1594
3181,50;0,1591
3181,00;0,1587
3180,50;0,1581
3180,00;0,1574
3179,50;0,1567
3179,00;0,1562
3178,50;0,1559
3178,00;0,1556
3177,50;0,1554
3177,00;0,1550
3176,50;0,1546
3176,00;0,1541
3175,50;0,1536
3175,00;0,1531
3174,50;0,1527
3174,00;0,1524
3173,50;0,1522
3173,00;0,1519
3172,50;0,1515
3172,00;0,1510
3171,50;0,1505
3171,00;0,1501
3170,50;0,1498
3170,00;0,1494
3169,50;0,1490
3169,00;0,1486
3168,50;0,1483
3168,00;0,1480
3167,50;0,1477
3167,00;0,1474
3166,50;0,1470
3166,00;0,1467
3165,50;0,1463
3165,00;0,1459
3164,50;0,1457
3164,00;0,1455
3163,50;0,1454
3163,00;0,1452
3162,50;0,1450
3162,00;0,1447
3161,50;0,1444
3161,00;0,1441
3160,50;0,1437
3160,00;0,1433
3159,50;0,1429
3159,00;0,1426
3158,50;0,1424
3158,00;0,1424
3157,50;0,1423
3157,00;0,1420
3156,50;0,1416
3156,00;0,1411
3155,50;0,1407
3155,00;0,1405
3154,50;0,1404
3154,00;0,1401
3153,50;0,1399
3153,00;0,1396
3152,50;0,1395
3152,00;0,1394
3151,50;0,1392
3151,00;0,1389
3150,50;0,1386
3150,00;0,1382
3149,50;0,1378
3149,00;0,1376
3148,50;0,1373
3148,00;0,1370
3147,50;0,1366
3147,00;0,1363
3146,50;0,1360
3146,00;0,1357
3145,50;0,1355
3145,00;0,1353
3144,50;0,1349
3144,00;0,1345
3143,50;0,1342
3143,00;0,1340
3142,50;0,1338
3142,00;0,1337
3141,50;0,1334
3141,00;0,1330
3140,50;0,1325
3140,00;0,1320
3139,50;0,1317
3139,00;0,1314
3138,50;0,1310
3138,00;0,1306
3137,50;0,1303
3137,00;0,1300
3136,50;0,1298
3136,00;0,1294
3135,50;0,1289
3135,00;0,1283
3134,50;0,1279
3134,00;0,1276
3133,50;0,1272
3133,00;0,1266
3132,50;0,1261
3132,00;0,1256
3131,50;0,1253
3131,00;0,1249
3130,50;0,1245
3130,00;0,1240
3129,50;0,1236
3129,00;0,1232
3128,50;0,1228
3128,00;0,1222
3127,50;0,1215
3127,00;0,1208
3126,50;0,1202
3126,00;0,1199
3125,50;0,1196
3125,00;0,1193
3124,50;0,1188
3124,00;0,1182
3123,50;0,1176
3123,00;0,1169
3122,50;0,1161
3122,00;0,1154
3121,50;0,1149
3121,00;0,1145
3120,50;0,1141
3120,00;0,1138
3119,50;0,1133
3119,00;0,1127
3118,50;0,1121
3118,00;0,1113
3117,50;0,1105
3117,00;0,1097
3116,50;0,1091
3116,00;0,1086
3115,50;0,1082
3115,00;0,1078
3114,50;0,1072
3114,00;0,1064
3113,50;0,1056
3113,00;0,1050
3112,50;0,1045
3112,00;0,1039
3111,50;0,1032
3111,00;0,1023
3110,50;0,1014
3110,00;0,1005
3109,50;0,0999
3109,00;0,0992
3108,50;0,0985
3108,00;0,0978
3107,50;0,0970
3107,00;0,0964
3106,50;0,0957
3106,00;0,0952
3105,50;0,0946
3105,00;0,0939
3104,50;0,0932
3104,00;0,0925
3103,50;0,0917
3103,00;0,0909
3102,50;0,0901
3102,00;0,0893
3101,50;0,0886
3101,00;0,0879
3100,50;0,0873
3100,00;0,0867
3099,50;0,0860
3099,00;0,0852
3098,50;0,0844
3098,00;0,0835
3097,50;0,0827
3097,00;0,0821
3096,50;0,0816
3096,00;0,0811
3095,50;0,0805
3095,00;0,0798
3094,50;0,0790
3094,00;0,0781
3093,50;0,0771
3093,00;0,0763
3092,50;0,0757
3092,00;0,0751
3091,50;0,0745
3091,00;0,0738
3090,50;0,0733
3090,00;0,0728
3089,50;0,0722
3089,00;0,0715
3088,50;0,0708
3088,00;0,0700
3087,50;0,0692
3087,00;0,0683
3086,50;0,0675
3086,00;0,0669
3085,50;0,0663
3085,00;0,0658
3084,50;0,0654
3084,00;0,0649
3083,50;0,0644
3083,00;0,0637
3082,50;0,0631
3082,00;0,0625
3081,50;0,0619
3081,00;0,0613
3080,50;0,0607
3080,00;0,0602
3079,50;0,0597
3079,00;0,0592
3078,50;0,0586
3078,00;0,0580
3077,50;0,0574
3077,00;0,0568
3076,50;0,0562
3076,00;0,0556
3075,50;0,0551
3075,00;0,0545
3074,50;0,0540
3074,00;0,0536
3073,50;0,0532
3073,00;0,0528
3072,50;0,0522
3072,00;0,0516
3071,50;0,0510
3071,00;0,0507
3070,50;0,0505
3070,00;0,0503
3069,50;0,0500
3069,00;0,0497
3068,50;0,0494
3068,00;0,0490
3067,50;0,0484
3067,00;0,0476
3066,50;0,0470
3066,00;0,0464
3065,50;0,0461
3065,00;0,0458
3064,50;0,0456
3064,00;0,0453
3063,50;0,0451
3063,00;0,0448
3062,50;0,0444
3062,00;0,0439
3061,50;0,0434
3061,00;0,0429
3060,50;0,0426
3060,00;0,0422
3059,50;0,0419
3059,00;0,0416
3058,50;0,0412
3058,00;0,0410
3057,50;0,0407
3057,00;0,0405
3056,50;0,0402
3056,00;0,0401
3055,50;0,0400
3055,00;0,0399
3054,50;0,0396
3054,00;0,0392
3053,50;0,0388
3053,00;0,0385
3052,50;0,0382
3052,00;0,0380
3051,50;0,0377
3051,00;0,0373
3050,50;0,0369
3050,00;0,0367
3049,50;0,0365
3049,00;0,0364
3048,50;0,0362
3048,00;0,0360
3047,50;0,0358
3047,00;0,0357
3046,50;0,0356
3046,00;0,0353
3045,50;0,0349
3045,00;0,0345
3044,50;0,0341
3044,00;0,0339
3043,50;0,0338
3043,00;0,0336
3042,50;0,0333
3042,00;0,0331
3041,50;0,0330
3041,00;0,0329
3040,50;0,0328
3040,00;0,0326
3039,50;0,0323
3039,00;0,0321
3038,50;0,0319
3038,00;0,0318
3037,50;0,0317
3037,00;0,0316
3036,50;0,0315
3036,00;0,0313
3035,50;0,0310
3035,00;0,0308
3034,50;0,0306
3034,00;0,0304
3033,50;0,0303
3033,00;0,0301
3032,50;0,0300
3032,00;0,0298
3031,50;0,0297
3031,00;0,0295
3030,50;0,0293
3030,00;0,0291
3029,50;0,0290
3029,00;0,0289
3028,50;0,0287
3028,00;0,0286
3027,50;0,0284
3027,00;0,0283
3026,50;0,0283
3026,00;0,0282
3025,50;0,0280
3025,00;0,0279
3024,50;0,0277
3024,00;0,0276
3023,50;0,0275
3023,00;0,0274
3022,50;0,0273
3022,00;0,0272
3021,50;0,0269
3021,00;0,0266
3020,50;0,0263
3020,00;0,0262
3019,50;0,0261
3019,00;0,0261
3018,50;0,0260
3018,00;0,0258
3017,50;0,0257
3017,00;0,0257
3016,50;0,0258
3016,00;0,0257
3015,50;0,0256
3015,00;0,0254
3014,50;0,0252
3014,00;0,0250
3013,50;0,0248
3013,00;0,0246
3012,50;0,0244
3012,00;0,0244
3011,50;0,0244
3011,00;0,0245
3010,50;0,0246
3010,00;0,0247
3009,50;0,0246
3009,00;0,0243
3008,50;0,0239
3008,00;0,0236
3007,50;0,0233
3007,00;0,0232
3006,50;0,0232
3006,00;0,0232
3005,50;0,0232
3005,00;0,0233
3004,50;0,0232
3004,00;0,0231
3003,50;0,0230
3003,00;0,0229
3002,50;0,0228
3002,00;0,0228
3001,50;0,0228
3001,00;0,0227
3000,50;0,0227
3000,00;0,0227
2999,50;0,0226
2999,00;0,0225
2998,50;0,0223
2998,00;0,0220
2997,50;0,0217
2997,00;0,0215
2996,50;0,0215
2996,00;0,0216
2995,50;0,0216
2995,00;0,0216
2994,50;0,0215
2994,00;0,0214
2993,50;0,0213
2993,00;0,0211
2992,50;0,0210
2992,00;0,0209
2991,50;0,0209
2991,00;0,0210
2990,50;0,0211
2990,00;0,0211
2989,50;0,0211
2989,00;0,0210
2988,50;0,0209
2988,00;0,0207
2987,50;0,0204
2987,00;0,0201
2986,50;0,0200
2986,00;0,0201
2985,50;0,0203
2985,00;0,0204
2984,50;0,0205
2984,00;0,0204
2983,50;0,0202
2983,00;0,0200
2982,50;0,0199
2982,00;0,0198
2981,50;0,0198
2981,00;0,0198
2980,50;0,0198
2980,00;0,0198
2979,50;0,0198
2979,00;0,0198
2978,50;0,0197
2978,00;0,0195
2977,50;0,0193
2977,00;0,0192
2976,50;0,0191
2976,00;0,0190
2975,50;0,0190
2975,00;0,0190
2974,50;0,0189
2974,00;0,0188
2973,50;0,0187
2973,00;0,0185
2972,50;0,0184
2972,00;0,0183
2971,50;0,0183
2971,00;0,0183
2970,50;0,0183
2970,00;0,0182
2969,50;0,0182
2969,00;0,0182
2968,50;0,0182
2968,00;0,0182
2967,50;0,0182
2967,00;0,0182
2966,50;0,0180
2966,00;0,0179
2965,50;0,0177
2965,00;0,0177
2964,50;0,0176
2964,00;0,0176
2963,50;0,0176
2963,00;0,0176
2962,50;0,0177
2962,00;0,0176
2961,50;0,0174
2961,00;0,0171
2960,50;0,0170
2960,00;0,0170
2959,50;0,0172
2959,00;0,0175
2958,50;0,0176
2958,00;0,0176
2957,50;0,0175
2957,00;0,0174
2956,50;0,0172
2956,00;0,0171
2955,50;0,0170
2955,00;0,0169
2954,50;0,0168
2954,00;0,0169
2953,50;0,0170
2953,00;0,0170
2952,50;0,0170
2952,00;0,0169
2951,50;0,0168
2951,00;0,0167
2950,50;0,0167
2950,00;0,0167
2949,50;0,0167
2949,00;0,0168
2948,50;0,0167
2948,00;0,0166
2947,50;0,0164
2947,00;0,0163
2946,50;0,0162
2946,00;0,0162
2945,50;0,0163
2945,00;0,0162
2944,50;0,0162
2944,00;0,0161
2943,50;0,0161
2943,00;0,0162
2942,50;0,0163
2942,00;0,0164
2941,50;0,0164
2941,00;0,0162
2940,50;0,0160
2940,00;0,0159
2939,50;0,0158
2939,00;0,0158
2938,50;0,0158
2938,00;0,0159
2937,50;0,0159
2937,00;0,0159
2936,50;0,0157
2936,00;0,0155
2935,50;0,0154
2935,00;0,0154
2934,50;0,0155
2934,00;0,0157
2933,50;0,0158
2933,00;0,0158
2932,50;0,0157
2932,00;0,0156
2931,50;0,0155
2931,00;0,0152
2930,50;0,0148
2930,00;0,0146
2929,50;0,0145
2929,00;0,0145
2928,50;0,0147
2928,00;0,0148
2927,50;0,0150
2927,00;0,0150
2926,50;0,0149
2926,00;0,0148
2925,50;0,0146
2925,00;0,0145
2924,50;0,0144
2924,00;0,0143
2923,50;0,0142
2923,00;0,0140
2922,50;0,0140
2922,00;0,0140
2921,50;0,0141
2921,00;0,0142
2920,50;0,0142
2920,00;0,0142
2919,50;0,0142
2919,00;0,0143
2918,50;0,0145
2918,00;0,0148
2917,50;0,0151
2917,00;0,0153
2916,50;0,0155
2916,00;0,0156
2915,50;0,0157
2915,00;0,0156
2914,50;0,0155
2914,00;0,0154
2913,50;0,0154
2913,00;0,0155
2912,50;0,0155
2912,00;0,0155
2911,50;0,0154
2911,00;0,0153
2910,50;0,0152
2910,00;0,0150
2909,50;0,0147
2909,00;0,0145
2908,50;0,0144
2908,00;0,0144
2907,50;0,0144
2907,00;0,0144
2906,50;0,0144
2906,00;0,0144
2905,50;0,0143
2905,00;0,0143
2904,50;0,0142
2904,00;0,0141
2903,50;0,0140
2903,00;0,0140
2902,50;0,0140
2902,00;0,0140
2901,50;0,0140
2901,00;0,0140
2900,50;0,0139
2900,00;0,0139
2899,50;0,0138
2899,00;0,0137
2898,50;0,0136
2898,00;0,0136
2897,50;0,0136
2897,00;0,0137
2896,50;0,0139
2896,00;0,0140
2895,50;0,0141
2895,00;0,0141
2894,50;0,0140
2894,00;0,0140
2893,50;0,0140
2893,00;0,0139
2892,50;0,0139
2892,00;0,0139
2891,50;0,0139
2891,00;0,0140
2890,50;0,0140
2890,00;0,0140
2889,50;0,0139
2889,00;0,0138
2888,50;0,0136
2888,00;0,0135
2887,50;0,0134
2887,00;0,0134
2886,50;0,0136
2886,00;0,0137
2885,50;0,0138
2885,00;0,0138
2884,50;0,0137
2884,00;0,0137
2883,50;0,0137
2883,00;0,0137
2882,50;0,0136
2882,00;0,0135
2881,50;0,0133
2881,00;0,0133
2880,50;0,0133
2880,00;0,0134
2879,50;0,0134
2879,00;0,0135
2878,50;0,0135
2878,00;0,0135
2877,50;0,0134
2877,00;0,0134
2876,50;0,0134
2876,00;0,0134
2875,50;0,0133
2875,00;0,0132
2874,50;0,0132
2874,00;0,0132
2873,50;0,0132
2873,00;0,0131
2872,50;0,0131
2872,00;0,0131
2871,50;0,0131
2871,00;0,0131
2870,50;0,0131
2870,00;0,0131
2869,50;0,0131
2869,00;0,0131
2868,50;0,0131
2868,00;0,0130
2867,50;0,0130
2867,00;0,0131
2866,50;0,0131
2866,00;0,0131
2865,50;0,0130
2865,00;0,0130
2864,50;0,0129
2864,00;0,0129
2863,50;0,0129
2863,00;0,0129
2862,50;0,0130
2862,00;0,0130
2861,50;0,0130
2861,00;0,0129
2860,50;0,0127
2860,00;0,0127
2859,50;0,0127
2859,00;0,0128
2858,50;0,0129
2858,00;0,0129
2857,50;0,0128
2857,00;0,0127
2856,50;0,0127
2856,00;0,0127
2855,50;0,0128
2855,00;0,0129
2854,50;0,0128
2854,00;0,0128
2853,50;0,0126
2853,00;0,0125
2852,50;0,0125
2852,00;0,0125
2851,50;0,0125
2851,00;0,0126
2850,50;0,0128
2850,00;0,0131
2849,50;0,0134
2849,00;0,0137
2848,50;0,0139
2848,00;0,0140
2847,50;0,0140
2847,00;0,0140
2846,50;0,0140
2846,00;0,0139
2845,50;0,0138
2845,00;0,0137
2844,50;0,0136
2844,00;0,0134
2843,50;0,0131
2843,00;0,0128
2842,50;0,0127
2842,00;0,0126
2841,50;0,0126
2841,00;0,0125
2840,50;0,0125
2840,00;0,0124
2839,50;0,0125
2839,00;0,0125
2838,50;0,0125
2838,00;0,0126
2837,50;0,0127
2837,00;0,0128
2836,50;0,0129
2836,00;0,0129
2835,50;0,0128
2835,00;0,0126
2834,50;0,0125
2834,00;0,0124
2833,50;0,0123
2833,00;0,0123
2832,50;0,0123
2832,00;0,0123
2831,50;0,0124
2831,00;0,0125
2830,50;0,0126
2830,00;0,0126
2829,50;0,0127
2829,00;0,0127
2828,50;0,0127
2828,00;0,0127
2827,50;0,0126
2827,00;0,0125
2826,50;0,0125
2826,00;0,0124
2825,50;0,0124
2825,00;0,0123
2824,50;0,0123
2824,00;0,0124
2823,50;0,0124
2823,00;0,0124
2822,50;0,0124
2822,00;0,0123
2821,50;0,0123
2821,00;0,0124
2820,50;0,0125
2820,00;0,0125
2819,50;0,0125
2819,00;0,0124
2818,50;0,0124
2818,00;0,0124
2817,50;0,0124
2817,00;0,0124
2816,50;0,0124
2816,00;0,0123
2815,50;0,0123
2815,00;0,0123
2814,50;0,0124
2814,00;0,0125
2813,50;0,0125
2813,00;0,0124
2812,50;0,0123
2812,00;0,0121
2811,50;0,0120
2811,00;0,0120
2810,50;0,0122
2810,00;0,0124
2809,50;0,0125
2809,00;0,0124
2808,50;0,0123
2808,00;0,0122
2807,50;0,0121
2807,00;0,0122
2806,50;0,0122
2806,00;0,0123
2805,50;0,0123
2805,00;0,0122
2804,50;0,0122
2804,00;0,0122
2803,50;0,0123
2803,00;0,0125
2802,50;0,0126
2802,00;0,0127
2801,50;0,0127
2801,00;0,0125
2800,50;0,0123
2800,00;0,0121
2799,50;0,0120
2799,00;0,0120
2798,50;0,0121
2798,00;0,0122
2797,50;0,0123
2797,00;0,0123
2796,50;0,0123
2796,00;0,0122
2795,50;0,0121
2795,00;0,0120
2794,50;0,0120
2794,00;0,0120
2793,50;0,0120
2793,00;0,0121
2792,50;0,0122
2792,00;0,0122
2791,50;0,0122
2791,00;0,0123
2790,50;0,0123
2790,00;0,0123
2789,50;0,0123
2789,00;0,0123
2788,50;0,0123
2788,00;0,0123
2787,50;0,0122
2787,00;0,0121
2786,50;0,0121
2786,00;0,0121
2785,50;0,0121
2785,00;0,0120
2784,50;0,0120
2784,00;0,0120
2783,50;0,0120
2783,00;0,0121
2782,50;0,0121
2782,00;0,0121
2781,50;0,0122
2781,00;0,0122
2780,50;0,0121
2780,00;0,0120
2779,50;0,0120
2779,00;0,0120
2778,50;0,0121
2778,00;0,0122
2777,50;0,0122
2777,00;0,0122
2776,50;0,0121
2776,00;0,0121
2775,50;0,0120
2775,00;0,0120
2774,50;0,0120
2774,00;0,0120
2773,50;0,0120
2773,00;0,0120
2772,50;0,0120
2772,00;0,0119
2771,50;0,0119
2771,00;0,0120
2770,50;0,0121
2770,00;0,0122
2769,50;0,0123
2769,00;0,0123
2768,50;0,0122
2768,00;0,0121
2767,50;0,0120
2767,00;0,0120
2766,50;0,0121
2766,00;0,0121
2765,50;0,0122
2765,00;0,0122
2764,50;0,0121
2764,00;0,0121
2763,50;0,0120
2763,00;0,0119
2762,50;0,0120
2762,00;0,0120
2761,50;0,0121
2761,00;0,0121
2760,50;0,0121
2760,00;0,0122
2759,50;0,0122
2759,00;0,0121
2758,50;0,0120
2758,00;0,0120
2757,50;0,0121
2757,00;0,0122
2756,50;0,0122
2756,00;0,0121
2755,50;0,0120
2755,00;0,0119
2754,50;0,0119
2754,00;0,0118
2753,50;0,0118
2753,00;0,0117
2752,50;0,0116
2752,00;0,0116
2751,50;0,0117
2751,00;0,0119
2750,50;0,0121
2750,00;0,0123
2749,50;0,0124
2749,00;0,0124
2748,50;0,0124
2748,00;0,0123
2747,50;0,0123
2747,00;0,0123
2746,50;0,0123
2746,00;0,0122
2745,50;0,0120
2745,00;0,0119
2744,50;0,0119
2744,00;0,0120
2743,50;0,0120
2743,00;0,0121
2742,50;0,0120
2742,00;0,0120
2741,50;0,0119
2741,00;0,0118
2740,50;0,0117
2740,00;0,0117
2739,50;0,0117
2739,00;0,0117
2738,50;0,0117
2738,00;0,0116
2737,50;0,0116
2737,00;0,0116
2736,50;0,0117
2736,00;0,0118
2735,50;0,0119
2735,00;0,0120
2734,50;0,0120
2734,00;0,0121
2733,50;0,0121
2733,00;0,0122
2732,50;0,0121
2732,00;0,0121
2731,50;0,0121
2731,00;0,0121
2730,50;0,0120
2730,00;0,0120
2729,50;0,0120
2729,00;0,0120
2728,50;0,0119
2728,00;0,0119
2727,50;0,0119
2727,00;0,0119
2726,50;0,0120
2726,00;0,0121
2725,50;0,0121
2725,00;0,0120
2724,50;0,0119
2724,00;0,0118
2723,50;0,0118
2723,00;0,0118
2722,50;0,0120
2722,00;0,0120
2721,50;0,0121
2721,00;0,0120
2720,50;0,0120
2720,00;0,0121
2719,50;0,0122
2719,00;0,0122
2718,50;0,0122
2718,00;0,0122
2717,50;0,0121
2717,00;0,0121
2716,50;0,0120
2716,00;0,0120
2715,50;0,0120
2715,00;0,0119
2714,50;0,0119
2714,00;0,0119
2713,50;0,0119
2713,00;0,0119
2712,50;0,0119
2712,00;0,0120
2711,50;0,0121
2711,00;0,0122
2710,50;0,0122
2710,00;0,0121
2709,50;0,0120
2709,00;0,0119
2708,50;0,0118
2708,00;0,0117
2707,50;0,0117
2707,00;0,0117
2706,50;0,0118
2706,00;0,0119
2705,50;0,0119
2705,00;0,0118
2704,50;0,0119
2704,00;0,0119
2703,50;0,0121
2703,00;0,0121
2702,50;0,0121
2702,00;0,0121
2701,50;0,0120
2701,00;0,0120
2700,50;0,0121
2700,00;0,0121
2699,50;0,0121
2699,00;0,0121
2698,50;0,0121
2698,00;0,0121
2697,50;0,0122
2697,00;0,0123
2696,50;0,0123
2696,00;0,0123
2695,50;0,0123
2695,00;0,0122
2694,50;0,0122
2694,00;0,0122
2693,50;0,0122
2693,00;0,0123
2692,50;0,0124
2692,00;0,0123
2691,50;0,0123
2691,00;0,0122
2690,50;0,0122
2690,00;0,0122
2689,50;0,0121
2689,00;0,0120
2688,50;0,0119
2688,00;0,0119
2687,50;0,0120
2687,00;0,0120
2686,50;0,0120
2686,00;0,0120
2685,50;0,0120
2685,00;0,0121
2684,50;0,0122
2684,00;0,0122
2683,50;0,0121
2683,00;0,0121
2682,50;0,0122
2682,00;0,0122
2681,50;0,0122
2681,00;0,0121
2680,50;0,0121
2680,00;0,0121
2679,50;0,0121
2679,00;0,0121
2678,50;0,0122
2678,00;0,0122
2677,50;0,0122
2677,00;0,0122
2676,50;0,0121
2676,00;0,0120
2675,50;0,0120
2675,00;0,0119
2674,50;0,0118
2674,00;0,0119
2673,50;0,0120
2673,00;0,0120
2672,50;0,0120
2672,00;0,0120
2671,50;0,0120
2671,00;0,0121
2670,50;0,0122
2670,00;0,0123
2669,50;0,0124
2669,00;0,0124
2668,50;0,0124
2668,00;0,0122
2667,50;0,0121
2667,00;0,0120
2666,50;0,0121
2666,00;0,0122
2665,50;0,0123
2665,00;0,0123
2664,50;0,0123
2664,00;0,0123
2663,50;0,0123
2663,00;0,0123
2662,50;0,0122
2662,00;0,0121
2661,50;0,0121
2661,00;0,0120
2660,50;0,0120
2660,00;0,0120
2659,50;0,0120
2659,00;0,0120
2658,50;0,0120
2658,00;0,0120
2657,50;0,0120
2657,00;0,0119
2656,50;0,0118
2656,00;0,0118
2655,50;0,0119
2655,00;0,0119
2654,50;0,0120
2654,00;0,0120
2653,50;0,0119
2653,00;0,0119
2652,50;0,0119
2652,00;0,0119
2651,50;0,0119
2651,00;0,0119
2650,50;0,0119
2650,00;0,0119
2649,50;0,0119
2649,00;0,0118
2648,50;0,0118
2648,00;0,0117
2647,50;0,0116
2647,00;0,0116
2646,50;0,0117
2646,00;0,0118
2645,50;0,0119
2645,00;0,0119
2644,50;0,0118
2644,00;0,0118
2643,50;0,0118
2643,00;0,0118
2642,50;0,0119
2642,00;0,0119
2641,50;0,0120
2641,00;0,0120
2640,50;0,0119
2640,00;0,0119
2639,50;0,0118
2639,00;0,0118
2638,50;0,0116
2638,00;0,0115
2637,50;0,0114
2637,00;0,0114
2636,50;0,0114
2636,00;0,0115
2635,50;0,0117
2635,00;0,0118
2634,50;0,0119
2634,00;0,0119
2633,50;0,0118
2633,00;0,0117
2632,50;0,0115
2632,00;0,0114
2631,50;0,0113
2631,00;0,0113
2630,50;0,0114
2630,00;0,0116
2629,50;0,0118
2629,00;0,0119
2628,50;0,0119
2628,00;0,0119
2627,50;0,0119
2627,00;0,0119
2626,50;0,0119
2626,00;0,0119
2625,50;0,0118
2625,00;0,0118
2624,50;0,0118
2624,00;0,0118
2623,50;0,0118
2623,00;0,0119
2622,50;0,0118
2622,00;0,0117
2621,50;0,0114
2621,00;0,0113
2620,50;0,0113
2620,00;0,0115
2619,50;0,0118
2619,00;0,0121
2618,50;0,0121
2618,00;0,0121
2617,50;0,0120
2617,00;0,0119
2616,50;0,0118
2616,00;0,0117
2615,50;0,0117
2615,00;0,0116
2614,50;0,0115
2614,00;0,0114
2613,50;0,0113
2613,00;0,0112
2612,50;0,0112
2612,00;0,0114
2611,50;0,0117
2611,00;0,0120
2610,50;0,0121
2610,00;0,0120
2609,50;0,0118
2609,00;0,0116
2608,50;0,0115
2608,00;0,0117
2607,50;0,0118
2607,00;0,0119
2606,50;0,0117
2606,00;0,0115
2605,50;0,0113
2605,00;0,0113
2604,50;0,0114
2604,00;0,0117
2603,50;0,0120
2603,00;0,0122
2602,50;0,0122
2602,00;0,0122
2601,50;0,0121
2601,00;0,0120
2600,50;0,0119
2600,00;0,0117
2599,50;0,0114
2599,00;0,0111
2598,50;0,0109
2598,00;0,0110
2597,50;0,0113
2597,00;0,0115
2596,50;0,0117
2596,00;0,0118
2595,50;0,0118
2595,00;0,0118
2594,50;0,0119
2594,00;0,0120
2593,50;0,0122
2593,00;0,0124
2592,50;0,0126
2592,00;0,0128
2591,50;0,0128
2591,00;0,0126
2590,50;0,0125
2590,00;0,0123
2589,50;0,0121
2589,00;0,0119
2588,50;0,0116
2588,00;0,0115
2587,50;0,0115
2587,00;0,0117
2586,50;0,0120
2586,00;0,0123
2585,50;0,0123
2585,00;0,0122
2584,50;0,0119
2584,00;0,0117
2583,50;0,0116
2583,00;0,0116
2582,50;0,0116
2582,00;0,0116
2581,50;0,0115
2581,00;0,0114
2580,50;0,0112
2580,00;0,0112
2579,50;0,0111
2579,00;0,0111
2578,50;0,0112
2578,00;0,0114
2577,50;0,0117
2577,00;0,0119
2576,50;0,0120
2576,00;0,0121
2575,50;0,0121
2575,00;0,0122
2574,50;0,0121
2574,00;0,0119
2573,50;0,0117
2573,00;0,0115
2572,50;0,0115
2572,00;0,0117
2571,50;0,0119
2571,00;0,0121
2570,50;0,0123
2570,00;0,0122
2569,50;0,0120
2569,00;0,0117
2568,50;0,0114
2568,00;0,0112
2567,50;0,0112
2567,00;0,0115
2566,50;0,0119
2566,00;0,0121
2565,50;0,0121
2565,00;0,0119
2564,50;0,0118
2564,00;0,0117
2563,50;0,0118
2563,00;0,0119
2562,50;0,0120
2562,00;0,0120
2561,50;0,0120
2561,00;0,0121
2560,50;0,0122
2560,00;0,0123
2559,50;0,0123
2559,00;0,0122
2558,50;0,0122
2558,00;0,0121
2557,50;0,0117
2557,00;0,0112
2556,50;0,0112
2556,00;0,0116
2555,50;0,0122
2555,00;0,0124
2554,50;0,0123
2554,00;0,0120
2553,50;0,0118
2553,00;0,0117
2552,50;0,0117
2552,00;0,0119
2551,50;0,0122
2551,00;0,0125
2550,50;0,0125
2550,00;0,0123
2549,50;0,0121
2549,00;0,0119
2548,50;0,0117
2548,00;0,0114
2547,50;0,0112
2547,00;0,0111
2546,50;0,0112
2546,00;0,0115
2545,50;0,0119
2545,00;0,0122
2544,50;0,0124
2544,00;0,0126
2543,50;0,0129
2543,00;0,0131
2542,50;0,0131
2542,00;0,0129
2541,50;0,0128
2541,00;0,0128
2540,50;0,0131
2540,00;0,0133
2539,50;0,0134
2539,00;0,0131
2538,50;0,0125
2538,00;0,0120
2537,50;0,0118
2537,00;0,0119
2536,50;0,0121
2536,00;0,0121
2535,50;0,0121
2535,00;0,0121
2534,50;0,0120
2534,00;0,0119
2533,50;0,0118
2533,00;0,0119
2532,50;0,0120
2532,00;0,0120
2531,50;0,0116
2531,00;0,0113
2530,50;0,0113
2530,00;0,0117
2529,50;0,0125
2529,00;0,0134
2528,50;0,0140
2528,00;0,0141
2527,50;0,0140
2527,00;0,0136
2526,50;0,0132
2526,00;0,0129
2525,50;0,0129
2525,00;0,0131
2524,50;0,0134
2524,00;0,0136
2523,50;0,0136
2523,00;0,0137
2522,50;0,0137
2522,00;0,0135
2521,50;0,0129
2521,00;0,0124
2520,50;0,0121
2520,00;0,0123
2519,50;0,0126
2519,00;0,0127
2518,50;0,0128
2518,00;0,0129
2517,50;0,0129
2517,00;0,0128
2516,50;0,0124
2516,00;0,0121
2515,50;0,0120
2515,00;0,0123
2514,50;0,0128
2514,00;0,0134
2513,50;0,0141
2513,00;0,0146
2512,50;0,0147
2512,00;0,0144
2511,50;0,0136
2511,00;0,0128
2510,50;0,0123
2510,00;0,0124
2509,50;0,0130
2509,00;0,0138
2508,50;0,0148
2508,00;0,0155
2507,50;0,0157
2507,00;0,0154
2506,50;0,0146
2506,00;0,0137
2505,50;0,0131
2505,00;0,0130
2504,50;0,0133
2504,00;0,0141
2503,50;0,0149
2503,00;0,0153
2502,50;0,0154
2502,00;0,0151
2501,50;0,0147
2501,00;0,0143
2500,50;0,0142
2500,00;0,0141
2499,50;0,0143
2499,00;0,0146
2498,50;0,0151
2498,00;0,0158
2497,50;0,0162
2497,00;0,0161
2496,50;0,0155
2496,00;0,0148
2495,50;0,0144
2495,00;0,0143
2494,50;0,0148
2494,00;0,0157
2493,50;0,0167
2493,00;0,0173
2492,50;0,0174
2492,00;0,0170
2491,50;0,0163
2491,00;0,0155
2490,50;0,0148
2490,00;0,0146
2489,50;0,0149
2489,00;0,0155
2488,50;0,0163
2488,00;0,0169
2487,50;0,0171
2487,00;0,0169
2486,50;0,0163
2486,00;0,0157
2485,50;0,0155
2485,00;0,0157
2484,50;0,0162
2484,00;0,0168
2483,50;0,0175
2483,00;0,0180
2482,50;0,0181
2482,00;0,0177
2481,50;0,0171
2481,00;0,0165
2480,50;0,0162
2480,00;0,0160
2479,50;0,0161
2479,00;0,0164
2478,50;0,0168
2478,00;0,0173
2477,50;0,0176
2477,00;0,0177
2476,50;0,0176
2476,00;0,0174
2475,50;0,0172
2475,00;0,0171
2474,50;0,0171
2474,00;0,0173
2473,50;0,0177
2473,00;0,0182
2472,50;0,0188
2472,00;0,0192
2471,50;0,0192
2471,00;0,0189
2470,50;0,0184
2470,00;0,0180
2469,50;0,0178
2469,00;0,0177
2468,50;0,0179
2468,00;0,0185
2467,50;0,0190
2467,00;0,0191
2466,50;0,0188
2466,00;0,0183
2465,50;0,0180
2465,00;0,0177
2464,50;0,0177
2464,00;0,0178
2463,50;0,0182
2463,00;0,0187
2462,50;0,0192
2462,00;0,0196
2461,50;0,0197
2461,00;0,0195
2460,50;0,0191
2460,00;0,0187
2459,50;0,0183
2459,00;0,0180
2458,50;0,0180
2458,00;0,0184
2457,50;0,0190
2457,00;0,0196
2456,50;0,0198
2456,00;0,0196
2455,50;0,0191
2455,00;0,0187
2454,50;0,0185
2454,00;0,0184
2453,50;0,0186
2453,00;0,0189
2452,50;0,0193
2452,00;0,0195
2451,50;0,0197
2451,00;0,0196
2450,50;0,0194
2450,00;0,0191
2449,50;0,0188
2449,00;0,0185
2448,50;0,0185
2448,00;0,0187
2447,50;0,0191
2447,00;0,0194
2446,50;0,0195
2446,00;0,0195
2445,50;0,0195
2445,00;0,0194
2444,50;0,0192
2444,00;0,0189
2443,50;0,0187
2443,00;0,0187
2442,50;0,0189
2442,00;0,0192
2441,50;0,0193
2441,00;0,0192
2440,50;0,0188
2440,00;0,0183
2439,50;0,0180
2439,00;0,0178
2438,50;0,0178
2438,00;0,0177
2437,50;0,0177
2437,00;0,0180
2436,50;0,0183
2436,00;0,0187
2435,50;0,0189
2435,00;0,0188
2434,50;0,0186
2434,00;0,0183
2433,50;0,0181
2433,00;0,0179
2432,50;0,0179
2432,00;0,0180
2431,50;0,0182
2431,00;0,0183
2430,50;0,0183
2430,00;0,0182
2429,50;0,0180
2429,00;0,0177
2428,50;0,0174
2428,00;0,0172
2427,50;0,0173
2427,00;0,0176
2426,50;0,0179
2426,00;0,0181
2425,50;0,0181
2425,00;0,0178
2424,50;0,0176
2424,00;0,0173
2423,50;0,0172
2423,00;0,0171
2422,50;0,0172
2422,00;0,0173
2421,50;0,0175
2421,00;0,0176
2420,50;0,0175
2420,00;0,0173
2419,50;0,0171
2419,00;0,0170
2418,50;0,0168
2418,00;0,0165
2417,50;0,0162
2417,00;0,0160
2416,50;0,0161
2416,00;0,0164
2415,50;0,0168
2415,00;0,0170
2414,50;0,0170
2414,00;0,0166
2413,50;0,0161
2413,00;0,0157
2412,50;0,0154
2412,00;0,0154
2411,50;0,0155
2411,00;0,0158
2410,50;0,0161
2410,00;0,0164
2409,50;0,0167
2409,00;0,0169
2408,50;0,0168
2408,00;0,0165
2407,50;0,0162
2407,00;0,0160
2406,50;0,0160
2406,00;0,0160
2405,50;0,0163
2405,00;0,0166
2404,50;0,0169
2404,00;0,0169
2403,50;0,0167
2403,00;0,0163
2402,50;0,0160
2402,00;0,0158
2401,50;0,0158
2401,00;0,0159
2400,50;0,0161
2400,00;0,0163
2399,50;0,0163
2399,00;0,0162
2398,50;0,0159
2398,00;0,0156
2397,50;0,0154
2397,00;0,0153
2396,50;0,0153
2396,00;0,0154
2395,50;0,0156
2395,00;0,0159
2394,50;0,0161
2394,00;0,0162
2393,50;0,0162
2393,00;0,0161
2392,50;0,0159
2392,00;0,0157
2391,50;0,0157
2391,00;0,0159
2390,50;0,0163
2390,00;0,0166
2389,50;0,0168
2389,00;0,0169
2388,50;0,0168
2388,00;0,0168
2387,50;0,0167
2387,00;0,0166
2386,50;0,0165
2386,00;0,0166
2385,50;0,0167
2385,00;0,0168
2384,50;0,0168
2384,00;0,0168
2383,50;0,0168
2383,00;0,0168
2382,50;0,0165
2382,00;0,0162
2381,50;0,0156
2381,00;0,0154
2380,50;0,0145
2380,00;0,0150
2379,50;0,0130
2379,00;0,0178
2378,50;0,0247
2378,00;0,0237
2377,50;0,0253
2377,00;0,0257
2376,50;0,0263
2376,00;0,0279
2375,50;0,0273
2375,00;0,0313
2374,50;0,0234
2374,00;0,0141
2373,50;0,0182
2373,00;0,0181
2372,50;0,0202
2372,00;0,0208
2371,50;0,0223
2371,00;0,0231
2370,50;0,0242
2370,00;0,0250
2369,50;0,0257
2369,00;0,0264
2368,50;0,0267
2368,00;0,0269
2367,50;0,0270
2367,00;0,0265
2366,50;0,0271
2366,00;0,0264
2365,50;0,0279
2365,00;0,0263
2364,50;0,0339
2364,00;0,0439
2363,50;0,0424
2363,00;0,0445
2362,50;0,0445
2362,00;0,0453
2361,50;0,0454
2361,00;0,0457
2360,50;0,0460
2360,00;0,0463
2359,50;0,0468
2359,00;0,0474
2358,50;0,0478
2358,00;0,0485
2357,50;0,0487
2357,00;0,0496
2356,50;0,0491
2356,00;0,0481
2355,50;0,0489
2355,00;0,0491
2354,50;0,0497
2354,00;0,0502
2353,50;0,0507
2353,00;0,0513
2352,50;0,0520
2352,00;0,0528
2351,50;0,0536
2351,00;0,0545
2350,50;0,0556
2350,00;0,0564
2349,50;0,0584
2349,00;0,0575
2348,50;0,0621
2348,00;0,0613
2347,50;0,0671
2347,00;0,0467
2346,50;0,0218
2346,00;0,0255
2345,50;0,0202
2345,00;0,0216
2344,50;0,0215
2344,00;0,0226
2343,50;0,0230
2343,00;0,0236
2342,50;0,0226
2342,00;0,0208
2341,50;0,0202
2341,00;0,0199
2340,50;0,0188
2340,00;0,0171
2339,50;0,0191
2339,00;0,0163
2338,50;0,0241
2338,00;0,0336
2337,50;0,0304
2337,00;0,0311
2336,50;0,0296
2336,00;0,0293
2335,50;0,0289
2335,00;0,0278
2334,50;0,0284
2334,00;0,0247
2333,50;0,0203
2333,00;0,0210
2332,50;0,0204
2332,00;0,0207
2331,50;0,0198
2331,00;0,0189
2330,50;0,0184
2330,00;0,0187
2329,50;0,0184
2329,00;0,0178
2328,50;0,0187
2328,00;0,0201
2327,50;0,0200
2327,00;0,0190
2326,50;0,0197
2326,00;0,0204
2325,50;0,0193
2325,00;0,0184
2324,50;0,0200
2324,00;0,0195
2323,50;0,0179
2323,00;0,0147
2322,50;0,0216
2322,00;0,0293
2321,50;0,0270
2321,00;0,0278
2320,50;0,0275
2320,00;0,0281
2319,50;0,0276
2319,00;0,0273
2318,50;0,0274
2318,00;0,0275
2317,50;0,0272
2317,00;0,0271
2316,50;0,0274
2316,00;0,0275
2315,50;0,0270
2315,00;0,0265
2314,50;0,0263
2314,00;0,0262
2313,50;0,0257
2313,00;0,0253
2312,50;0,0253
2312,00;0,0253
2311,50;0,0251
2311,00;0,0249
2310,50;0,0251
2310,00;0,0252
2309,50;0,0248
2309,00;0,0242
2308,50;0,0240
2308,00;0,0240
2307,50;0,0239
2307,00;0,0237
2306,50;0,0235
2306,00;0,0235
2305,50;0,0232
2305,00;0,0230
2304,50;0,0228
2304,00;0,0228
2303,50;0,0227
2303,00;0,0224
2302,50;0,0221
2302,00;0,0221
2301,50;0,0222
2301,00;0,0222
2300,50;0,0223
2300,00;0,0224
2299,50;0,0224
2299,00;0,0221
2298,50;0,0218
2298,00;0,0212
2297,50;0,0212
2297,00;0,0207
2296,50;0,0215
2296,00;0,0192
2295,50;0,0169
2295,00;0,0180
2294,50;0,0174
2294,00;0,0174
2293,50;0,0172
2293,00;0,0170
2292,50;0,0166
2292,00;0,0163
2291,50;0,0163
2291,00;0,0166
2290,50;0,0167
2290,00;0,0167
2289,50;0,0167
2289,00;0,0168
2288,50;0,0169
2288,00;0,0169
2287,50;0,0168
2287,00;0,0168
2286,50;0,0169
2286,00;0,0171
2285,50;0,0174
2285,00;0,0177
2284,50;0,0178
2284,00;0,0179
2283,50;0,0183
2283,00;0,0191
2282,50;0,0200
2282,00;0,0208
2281,50;0,0210
2281,00;0,0207
2280,50;0,0203
2280,00;0,0200
2279,50;0,0198
2279,00;0,0195
2278,50;0,0190
2278,00;0,0182
2277,50;0,0174
2277,00;0,0167
2276,50;0,0163
2276,00;0,0165
2275,50;0,0170
2275,00;0,0176
2274,50;0,0180
2274,00;0,0180
2273,50;0,0176
2273,00;0,0172
2272,50;0,0169
2272,00;0,0167
2271,50;0,0166
2271,00;0,0166
2270,50;0,0167
2270,00;0,0169
2269,50;0,0171
2269,00;0,0173
2268,50;0,0173
2268,00;0,0171
2267,50;0,0167
2267,00;0,0163
2266,50;0,0158
2266,00;0,0156
2265,50;0,0159
2265,00;0,0167
2264,50;0,0176
2264,00;0,0182
2263,50;0,0183
2263,00;0,0181
2262,50;0,0178
2262,00;0,0173
2261,50;0,0166
2261,00;0,0161
2260,50;0,0158
2260,00;0,0160
2259,50;0,0165
2259,00;0,0172
2258,50;0,0177
2258,00;0,0180
2257,50;0,0180
2257,00;0,0179
2256,50;0,0176
2256,00;0,0174
2255,50;0,0174
2255,00;0,0177
2254,50;0,0181
2254,00;0,0185
2253,50;0,0187
2253,00;0,0187
2252,50;0,0185
2252,00;0,0179
2251,50;0,0171
2251,00;0,0161
2250,50;0,0155
2250,00;0,0155
2249,50;0,0162
2249,00;0,0171
2248,50;0,0179
2248,00;0,0183
2247,50;0,0182
2247,00;0,0179
2246,50;0,0176
2246,00;0,0176
2245,50;0,0180
2245,00;0,0183
2244,50;0,0184
2244,00;0,0184
2243,50;0,0183
2243,00;0,0184
2242,50;0,0183
2242,00;0,0180
2241,50;0,0176
2241,00;0,0176
2240,50;0,0180
2240,00;0,0186
2239,50;0,0191
2239,00;0,0193
2238,50;0,0192
2238,00;0,0190
2237,50;0,0189
2237,00;0,0186
2236,50;0,0183
2236,00;0,0180
2235,50;0,0177
2235,00;0,0175
2234,50;0,0176
2234,00;0,0178
2233,50;0,0181
2233,00;0,0183
2232,50;0,0185
2232,00;0,0186
2231,50;0,0186
2231,00;0,0183
2230,50;0,0179
2230,00;0,0176
2229,50;0,0175
2229,00;0,0177
2228,50;0,0180
2228,00;0,0182
2227,50;0,0180
2227,00;0,0175
2226,50;0,0171
2226,00;0,0172
2225,50;0,0175
2225,00;0,0178
2224,50;0,0178
2224,00;0,0178
2223,50;0,0179
2223,00;0,0179
2222,50;0,0177
2222,00;0,0173
2221,50;0,0170
2221,00;0,0170
2220,50;0,0170
2220,00;0,0168
2219,50;0,0166
2219,00;0,0163
2218,50;0,0159
2218,00;0,0157
2217,50;0,0159
2217,00;0,0165
2216,50;0,0170
2216,00;0,0167
2215,50;0,0156
2215,00;0,0144
2214,50;0,0138
2214,00;0,0142
2213,50;0,0154
2213,00;0,0168
2212,50;0,0179
2212,00;0,0185
2211,50;0,0186
2211,00;0,0181
2210,50;0,0172
2210,00;0,0162
2209,50;0,0153
2209,00;0,0148
2208,50;0,0146
2208,00;0,0144
2207,50;0,0144
2207,00;0,0148
2206,50;0,0156
2206,00;0,0165
2205,50;0,0168
2205,00;0,0163
2204,50;0,0155
2204,00;0,0151
2203,50;0,0152
2203,00;0,0156
2202,50;0,0160
2202,00;0,0163
2201,50;0,0165
2201,00;0,0167
2200,50;0,0166
2200,00;0,0163
2199,50;0,0159
2199,00;0,0154
2198,50;0,0150
2198,00;0,0150
2197,50;0,0155
2197,00;0,0163
2196,50;0,0172
2196,00;0,0179
2195,50;0,0180
2195,00;0,0173
2194,50;0,0161
2194,00;0,0152
2193,50;0,0151
2193,00;0,0157
2192,50;0,0164
2192,00;0,0166
2191,50;0,0166
2191,00;0,0167
2190,50;0,0170
2190,00;0,0171
2189,50;0,0168
2189,00;0,0164
2188,50;0,0163
2188,00;0,0165
2187,50;0,0169
2187,00;0,0169
2186,50;0,0167
2186,00;0,0164
2185,50;0,0165
2185,00;0,0169
2184,50;0,0170
2184,00;0,0165
2183,50;0,0156
2183,00;0,0148
2182,50;0,0148
2182,00;0,0155
2181,50;0,0165
2181,00;0,0172
2180,50;0,0171
2180,00;0,0164
2179,50;0,0154
2179,00;0,0144
2178,50;0,0136
2178,00;0,0131
2177,50;0,0128
2177,00;0,0131
2176,50;0,0139
2176,00;0,0149
2175,50;0,0157
2175,00;0,0163
2174,50;0,0166
2174,00;0,0164
2173,50;0,0159
2173,00;0,0150
2172,50;0,0140
2172,00;0,0131
2171,50;0,0128
2171,00;0,0133
2170,50;0,0141
2170,00;0,0150
2169,50;0,0154
2169,00;0,0152
2168,50;0,0147
2168,00;0,0141
2167,50;0,0137
2167,00;0,0135
2166,50;0,0133
2166,00;0,0127
2165,50;0,0119
2165,00;0,0114
2164,50;0,0117
2164,00;0,0124
2163,50;0,0130
2163,00;0,0133
2162,50;0,0131
2162,00;0,0125
2161,50;0,0122
2161,00;0,0132
2160,50;0,0155
2160,00;0,0179
2159,50;0,0189
2159,00;0,0187
2158,50;0,0183
2158,00;0,0179
2157,50;0,0174
2157,00;0,0169
2156,50;0,0165
2156,00;0,0167
2155,50;0,0171
2155,00;0,0173
2154,50;0,0175
2154,00;0,0177
2153,50;0,0176
2153,00;0,0172
2152,50;0,0164
2152,00;0,0155
2151,50;0,0149
2151,00;0,0150
2150,50;0,0157
2150,00;0,0167
2149,50;0,0174
2149,00;0,0176
2148,50;0,0173
2148,00;0,0165
2147,50;0,0154
2147,00;0,0142
2146,50;0,0135
2146,00;0,0133
2145,50;0,0135
2145,00;0,0139
2144,50;0,0143
2144,00;0,0146
2143,50;0,0147
2143,00;0,0148
2142,50;0,0150
2142,00;0,0152
2141,50;0,0153
2141,00;0,0152
2140,50;0,0150
2140,00;0,0149
2139,50;0,0149
2139,00;0,0152
2138,50;0,0156
2138,00;0,0160
2137,50;0,0161
2137,00;0,0158
2136,50;0,0155
2136,00;0,0152
2135,50;0,0151
2135,00;0,0151
2134,50;0,0150
2134,00;0,0148
2133,50;0,0146
2133,00;0,0145
2132,50;0,0146
2132,00;0,0148
2131,50;0,0150
2131,00;0,0149
2130,50;0,0147
2130,00;0,0145
2129,50;0,0144
2129,00;0,0143
2128,50;0,0145
2128,00;0,0150
2127,50;0,0155
2127,00;0,0157
2126,50;0,0155
2126,00;0,0153
2125,50;0,0153
2125,00;0,0155
2124,50;0,0156
2124,00;0,0154
2123,50;0,0152
2123,00;0,0153
2122,50;0,0154
2122,00;0,0152
2121,50;0,0148
2121,00;0,0141
2120,50;0,0135
2120,00;0,0133
2119,50;0,0135
2119,00;0,0139
2118,50;0,0142
2118,00;0,0143
2117,50;0,0144
2117,00;0,0147
2116,50;0,0150
2116,00;0,0149
2115,50;0,0146
2115,00;0,0141
2114,50;0,0138
2114,00;0,0138
2113,50;0,0138
2113,00;0,0139
2112,50;0,0140
2112,00;0,0141
2111,50;0,0139
2111,00;0,0137
2110,50;0,0134
2110,00;0,0132
2109,50;0,0130
2109,00;0,0128
2108,50;0,0127
2108,00;0,0125
2107,50;0,0123
2107,00;0,0123
2106,50;0,0125
2106,00;0,0129
2105,50;0,0133
2105,00;0,0134
2104,50;0,0132
2104,00;0,0129
2103,50;0,0128
2103,00;0,0129
2102,50;0,0132
2102,00;0,0133
2101,50;0,0131
2101,00;0,0128
2100,50;0,0125
2100,00;0,0122
2099,50;0,0119
2099,00;0,0117
2098,50;0,0116
2098,00;0,0120
2097,50;0,0125
2097,00;0,0130
2096,50;0,0132
2096,00;0,0133
2095,50;0,0132
2095,00;0,0130
2094,50;0,0129
2094,00;0,0129
2093,50;0,0133
2093,00;0,0139
2092,50;0,0143
2092,00;0,0144
2091,50;0,0142
2091,00;0,0139
2090,50;0,0136
2090,00;0,0135
2089,50;0,0133
2089,00;0,0129
2088,50;0,0123
2088,00;0,0116
2087,50;0,0112
2087,00;0,0113
2086,50;0,0117
2086,00;0,0124
2085,50;0,0131
2085,00;0,0135
2084,50;0,0135
2084,00;0,0132
2083,50;0,0127
2083,00;0,0121
2082,50;0,0116
2082,00;0,0114
2081,50;0,0115
2081,00;0,0117
2080,50;0,0117
2080,00;0,0116
2079,50;0,0115
2079,00;0,0116
2078,50;0,0118
2078,00;0,0119
2077,50;0,0121
2077,00;0,0123
2076,50;0,0126
2076,00;0,0127
2075,50;0,0126
2075,00;0,0123
2074,50;0,0120
2074,00;0,0116
2073,50;0,0113
2073,00;0,0112
2072,50;0,0112
2072,00;0,0112
2071,50;0,0112
2071,00;0,0114
2070,50;0,0119
2070,00;0,0124
2069,50;0,0127
2069,00;0,0128
2068,50;0,0128
2068,00;0,0126
2067,50;0,0122
2067,00;0,0117
2066,50;0,0117
2066,00;0,0122
2065,50;0,0128
2065,00;0,0130
2064,50;0,0128
2064,00;0,0122
2063,50;0,0115
2063,00;0,0109
2062,50;0,0106
2062,00;0,0106
2061,50;0,0110
2061,00;0,0116
2060,50;0,0124
2060,00;0,0132
2059,50;0,0137
2059,00;0,0137
2058,50;0,0132
2058,00;0,0126
2057,50;0,0119
2057,00;0,0116
2056,50;0,0116
2056,00;0,0120
2055,50;0,0124
2055,00;0,0126
2054,50;0,0124
2054,00;0,0120
2053,50;0,0117
2053,00;0,0112
2052,50;0,0106
2052,00;0,0098
2051,50;0,0092
2051,00;0,0091
2050,50;0,0096
2050,00;0,0104
2049,50;0,0110
2049,00;0,0112
2048,50;0,0108
2048,00;0,0103
2047,50;0,0101
2047,00;0,0105
2046,50;0,0114
2046,00;0,0127
2045,50;0,0145
2045,00;0,0161
2044,50;0,0164
2044,00;0,0150
2043,50;0,0125
2043,00;0,0101
2042,50;0,0088
2042,00;0,0083
2041,50;0,0081
2041,00;0,0080
2040,50;0,0080
2040,00;0,0083
2039,50;0,0087
2039,00;0,0093
2038,50;0,0100
2038,00;0,0106
2037,50;0,0110
2037,00;0,0111
2036,50;0,0110
2036,00;0,0107
2035,50;0,0101
2035,00;0,0095
2034,50;0,0094
2034,00;0,0101
2033,50;0,0112
2033,00;0,0121
2032,50;0,0121
2032,00;0,0113
2031,50;0,0104
2031,00;0,0099
2030,50;0,0098
2030,00;0,0098
2029,50;0,0097
2029,00;0,0100
2028,50;0,0108
2028,00;0,0116
2027,50;0,0118
2027,00;0,0114
2026,50;0,0107
2026,00;0,0098
2025,50;0,0090
2025,00;0,0086
2024,50;0,0089
2024,00;0,0094
2023,50;0,0099
2023,00;0,0101
2022,50;0,0102
2022,00;0,0104
2021,50;0,0102
2021,00;0,0097
2020,50;0,0091
2020,00;0,0088
2019,50;0,0087
2019,00;0,0086
2018,50;0,0085
2018,00;0,0083
2017,50;0,0080
2017,00;0,0077
2016,50;0,0077
2016,00;0,0079
2015,50;0,0082
2015,00;0,0083
2014,50;0,0083
2014,00;0,0084
2013,50;0,0088
2013,00;0,0092
2012,50;0,0096
2012,00;0,0097
2011,50;0,0095
2011,00;0,0092
2010,50;0,0092
2010,00;0,0095
2009,50;0,0099
2009,00;0,0100
2008,50;0,0101
2008,00;0,0103
2007,50;0,0106
2007,00;0,0106
2006,50;0,0101
2006,00;0,0093
2005,50;0,0086
2005,00;0,0083
2004,50;0,0085
2004,00;0,0090
2003,50;0,0095
2003,00;0,0100
2002,50;0,0101
2002,00;0,0097
2001,50;0,0091
2001,00;0,0087
2000,50;0,0089
2000,00;0,0096
1999,50;0,0100
1999,00;0,0100
1998,50;0,0098
1998,00;0,0097
1997,50;0,0098
1997,00;0,0098
1996,50;0,0098
1996,00;0,0099
1995,50;0,0102
1995,00;0,0103
1994,50;0,0103
1994,00;0,0100
1993,50;0,0097
1993,00;0,0093
1992,50;0,0093
1992,00;0,0094
1991,50;0,0094
1991,00;0,0091
1990,50;0,0085
1990,00;0,0082
1989,50;0,0084
1989,00;0,0088
1988,50;0,0093
1988,00;0,0096
1987,50;0,0099
1987,00;0,0104
1986,50;0,0110
1986,00;0,0115
1985,50;0,0115
1985,00;0,0109
1984,50;0,0101
1984,00;0,0093
1983,50;0,0089
1983,00;0,0086
1982,50;0,0082
1982,00;0,0080
1981,50;0,0084
1981,00;0,0093
1980,50;0,0105
1980,00;0,0114
1979,50;0,0117
1979,00;0,0113
1978,50;0,0105
1978,00;0,0097
1977,50;0,0092
1977,00;0,0091
1976,50;0,0090
1976,00;0,0086
1975,50;0,0084
1975,00;0,0087
1974,50;0,0094
1974,00;0,0100
1973,50;0,0100
1973,00;0,0097
1972,50;0,0097
1972,00;0,0102
1971,50;0,0108
1971,00;0,0108
1970,50;0,0103
1970,00;0,0095
1969,50;0,0090
1969,00;0,0091
1968,50;0,0096
1968,00;0,0100
1967,50;0,0099
1967,00;0,0093
1966,50;0,0087
1966,00;0,0086
1965,50;0,0091
1965,00;0,0097
1964,50;0,0100
1964,00;0,0099
1963,50;0,0098
1963,00;0,0098
1962,50;0,0099
1962,00;0,0100
1961,50;0,0101
1961,00;0,0102
1960,50;0,0105
1960,00;0,0109
1959,50;0,0110
1959,00;0,0109
1958,50;0,0107
1958,00;0,0107
1957,50;0,0108
1957,00;0,0109
1956,50;0,0107
1956,00;0,0102
1955,50;0,0095
1955,00;0,0090
1954,50;0,0092
1954,00;0,0100
1953,50;0,0111
1953,00;0,0118
1952,50;0,0120
1952,00;0,0118
1951,50;0,0114
1951,00;0,0112
1950,50;0,0111
1950,00;0,0111
1949,50;0,0111
1949,00;0,0110
1948,50;0,0111
1948,00;0,0112
1947,50;0,0112
1947,00;0,0110
1946,50;0,0108
1946,00;0,0108
1945,50;0,0112
1945,00;0,0117
1944,50;0,0120
1944,00;0,0120
1943,50;0,0116
1943,00;0,0109
1942,50;0,0102
1942,00;0,0096
1941,50;0,0094
1941,00;0,0095
1940,50;0,0097
1940,00;0,0098
1939,50;0,0098
1939,00;0,0099
1938,50;0,0101
1938,00;0,0105
1937,50;0,0109
1937,00;0,0110
1936,50;0,0109
1936,00;0,0109
1935,50;0,0110
1935,00;0,0111
1934,50;0,0113
1934,00;0,0115
1933,50;0,0117
1933,00;0,0117
1932,50;0,0114
1932,00;0,0111
1931,50;0,0111
1931,00;0,0113
1930,50;0,0115
1930,00;0,0115
1929,50;0,0115
1929,00;0,0115
1928,50;0,0114
1928,00;0,0114
1927,50;0,0116
1927,00;0,0117
1926,50;0,0119
1926,00;0,0120
1925,50;0,0120
1925,00;0,0119
1924,50;0,0117
1924,00;0,0115
1923,50;0,0113
1923,00;0,0113
1922,50;0,0114
1922,00;0,0115
1921,50;0,0115
1921,00;0,0113
1920,50;0,0113
1920,00;0,0113
1919,50;0,0114
1919,00;0,0114
1918,50;0,0113
1918,00;0,0113
1917,50;0,0116
1917,00;0,0119
1916,50;0,0120
1916,00;0,0120
1915,50;0,0118
1915,00;0,0117
1914,50;0,0118
1914,00;0,0120
1913,50;0,0122
1913,00;0,0123
1912,50;0,0121
1912,00;0,0117
1911,50;0,0114
1911,00;0,0114
1910,50;0,0116
1910,00;0,0120
1909,50;0,0123
1909,00;0,0124
1908,50;0,0121
1908,00;0,0117
1907,50;0,0113
1907,00;0,0110
1906,50;0,0110
1906,00;0,0110
1905,50;0,0111
1905,00;0,0112
1904,50;0,0114
1904,00;0,0115
1903,50;0,0116
1903,00;0,0117
1902,50;0,0117
1902,00;0,0118
1901,50;0,0121
1901,00;0,0123
1900,50;0,0123
1900,00;0,0120
1899,50;0,0117
1899,00;0,0117
1898,50;0,0118
1898,00;0,0120
1897,50;0,0122
1897,00;0,0124
1896,50;0,0124
1896,00;0,0124
1895,50;0,0124
1895,00;0,0124
1894,50;0,0125
1894,00;0,0125
1893,50;0,0125
1893,00;0,0126
1892,50;0,0129
1892,00;0,0133
1891,50;0,0137
1891,00;0,0138
1890,50;0,0135
1890,00;0,0129
1889,50;0,0125
1889,00;0,0123
1888,50;0,0121
1888,00;0,0120
1887,50;0,0120
1887,00;0,0122
1886,50;0,0126
1886,00;0,0129
1885,50;0,0129
1885,00;0,0128
1884,50;0,0126
1884,00;0,0125
1883,50;0,0123
1883,00;0,0122
1882,50;0,0122
1882,00;0,0123
1881,50;0,0125
1881,00;0,0126
1880,50;0,0125
1880,00;0,0124
1879,50;0,0124
1879,00;0,0126
1878,50;0,0129
1878,00;0,0130
1877,50;0,0132
1877,00;0,0134
1876,50;0,0135
1876,00;0,0135
1875,50;0,0135
1875,00;0,0135
1874,50;0,0134
1874,00;0,0133
1873,50;0,0133
1873,00;0,0132
1872,50;0,0132
1872,00;0,0131
1871,50;0,0130
1871,00;0,0130
1870,50;0,0132
1870,00;0,0135
1869,50;0,0135
1869,00;0,0133
1868,50;0,0130
1868,00;0,0128
1867,50;0,0128
1867,00;0,0128
1866,50;0,0129
1866,00;0,0130
1865,50;0,0131
1865,00;0,0132
1864,50;0,0132
1864,00;0,0130
1863,50;0,0129
1863,00;0,0129
1862,50;0,0130
1862,00;0,0130
1861,50;0,0129
1861,00;0,0129
1860,50;0,0130
1860,00;0,0133
1859,50;0,0137
1859,00;0,0139
1858,50;0,0140
1858,00;0,0140
1857,50;0,0137
1857,00;0,0135
1856,50;0,0134
1856,00;0,0135
1855,50;0,0136
1855,00;0,0138
1854,50;0,0137
1854,00;0,0135
1853,50;0,0133
1853,00;0,0133
1852,50;0,0133
1852,00;0,0133
1851,50;0,0133
1851,00;0,0133
1850,50;0,0134
1850,00;0,0137
1849,50;0,0139
1849,00;0,0141
1848,50;0,0142
1848,00;0,0144
1847,50;0,0144
1847,00;0,0144
1846,50;0,0143
1846,00;0,0142
1845,50;0,0139
1845,00;0,0136
1844,50;0,0134
1844,00;0,0135
1843,50;0,0136
1843,00;0,0137
1842,50;0,0138
1842,00;0,0139
1841,50;0,0140
1841,00;0,0142
1840,50;0,0144
1840,00;0,0145
1839,50;0,0145
1839,00;0,0143
1838,50;0,0141
1838,00;0,0139
1837,50;0,0138
1837,00;0,0139
1836,50;0,0141
1836,00;0,0142
1835,50;0,0144
1835,00;0,0145
1834,50;0,0146
1834,00;0,0146
1833,50;0,0145
1833,00;0,0143
1832,50;0,0140
1832,00;0,0138
1831,50;0,0138
1831,00;0,0139
1830,50;0,0142
1830,00;0,0145
1829,50;0,0148
1829,00;0,0150
1828,50;0,0150
1828,00;0,0149
1827,50;0,0148
1827,00;0,0147
1826,50;0,0146
1826,00;0,0144
1825,50;0,0143
1825,00;0,0143
1824,50;0,0145
1824,00;0,0147
1823,50;0,0149
1823,00;0,0151
1822,50;0,0152
1822,00;0,0153
1821,50;0,0153
1821,00;0,0152
1820,50;0,0151
1820,00;0,0149
1819,50;0,0149
1819,00;0,0150
1818,50;0,0152
1818,00;0,0154
1817,50;0,0156
1817,00;0,0156
1816,50;0,0154
1816,00;0,0151
1815,50;0,0148
1815,00;0,0146
1814,50;0,0147
1814,00;0,0150
1813,50;0,0151
1813,00;0,0152
1812,50;0,0153
1812,00;0,0155
1811,50;0,0156
1811,00;0,0156
1810,50;0,0155
1810,00;0,0154
1809,50;0,0154
1809,00;0,0155
1808,50;0,0157
1808,00;0,0157
1807,50;0,0155
1807,00;0,0153
1806,50;0,0152
1806,00;0,0152
1805,50;0,0154
1805,00;0,0157
1804,50;0,0159
1804,00;0,0160
1803,50;0,0160
1803,00;0,0159
1802,50;0,0158
1802,00;0,0158
1801,50;0,0159
1801,00;0,0159
1800,50;0,0159
1800,00;0,0158
1799,50;0,0157
1799,00;0,0157
1798,50;0,0156
1798,00;0,0156
1797,50;0,0157
1797,00;0,0159
1796,50;0,0161
1796,00;0,0163
1795,50;0,0163
1795,00;0,0162
1794,50;0,0162
1794,00;0,0161
1793,50;0,0160
1793,00;0,0160
1792,50;0,0161
1792,00;0,0164
1791,50;0,0165
1791,00;0,0165
1790,50;0,0165
1790,00;0,0164
1789,50;0,0164
1789,00;0,0165
1788,50;0,0167
1788,00;0,0170
1787,50;0,0172
1787,00;0,0173
1786,50;0,0172
1786,00;0,0170
1785,50;0,0168
1785,00;0,0166
1784,50;0,0166
1784,00;0,0168
1783,50;0,0169
1783,00;0,0168
1782,50;0,0168
1782,00;0,0168
1781,50;0,0170
1781,00;0,0171
1780,50;0,0171
1780,00;0,0171
1779,50;0,0169
1779,00;0,0168
1778,50;0,0168
1778,00;0,0169
1777,50;0,0169
1777,00;0,0170
1776,50;0,0170
1776,00;0,0170
1775,50;0,0173
1775,00;0,0175
1774,50;0,0178
1774,00;0,0179
1773,50;0,0179
1773,00;0,0179
1772,50;0,0179
1772,00;0,0179
1771,50;0,0179
1771,00;0,0179
1770,50;0,0180
1770,00;0,0179
1769,50;0,0179
1769,00;0,0177
1768,50;0,0176
1768,00;0,0175
1767,50;0,0177
1767,00;0,0179
1766,50;0,0181
1766,00;0,0181
1765,50;0,0181
1765,00;0,0181
1764,50;0,0183
1764,00;0,0184
1763,50;0,0185
1763,00;0,0184
1762,50;0,0182
1762,00;0,0181
1761,50;0,0181
1761,00;0,0184
1760,50;0,0186
1760,00;0,0187
1759,50;0,0188
1759,00;0,0188
1758,50;0,0188
1758,00;0,0187
1757,50;0,0187
1757,00;0,0188
1756,50;0,0188
1756,00;0,0189
1755,50;0,0188
1755,00;0,0188
1754,50;0,0189
1754,00;0,0191
1753,50;0,0192
1753,00;0,0192
1752,50;0,0192
1752,00;0,0191
1751,50;0,0190
1751,00;0,0191
1750,50;0,0193
1750,00;0,0194
1749,50;0,0194
1749,00;0,0193
1748,50;0,0192
1748,00;0,0192
1747,50;0,0191
1747,00;0,0190
1746,50;0,0190
1746,00;0,0190
1745,50;0,0191
1745,00;0,0191
1744,50;0,0193
1744,00;0,0194
1743,50;0,0196
1743,00;0,0197
1742,50;0,0198
1742,00;0,0198
1741,50;0,0198
1741,00;0,0197
1740,50;0,0197
1740,00;0,0200
1739,50;0,0203
1739,00;0,0206
1738,50;0,0206
1738,00;0,0204
1737,50;0,0203
1737,00;0,0203
1736,50;0,0204
1736,00;0,0204
1735,50;0,0204
1735,00;0,0203
1734,50;0,0202
1734,00;0,0203
1733,50;0,0204
1733,00;0,0204
1732,50;0,0204
1732,00;0,0205
1731,50;0,0206
1731,00;0,0208
1730,50;0,0209
1730,00;0,0210
1729,50;0,0212
1729,00;0,0213
1728,50;0,0213
1728,00;0,0213
1727,50;0,0214
1727,00;0,0216
1726,50;0,0217
1726,00;0,0218
1725,50;0,0220
1725,00;0,0221
1724,50;0,0221
1724,00;0,0221
1723,50;0,0222
1723,00;0,0223
1722,50;0,0224
1722,00;0,0225
1721,50;0,0226
1721,00;0,0228
1720,50;0,0231
1720,00;0,0233
1719,50;0,0233
1719,00;0,0232
1718,50;0,0230
1718,00;0,0230
1717,50;0,0231
1717,00;0,0232
1716,50;0,0233
1716,00;0,0235
1715,50;0,0237
1715,00;0,0239
1714,50;0,0240
1714,00;0,0241
1713,50;0,0242
1713,00;0,0243
1712,50;0,0244
1712,00;0,0245
1711,50;0,0246
1711,00;0,0246
1710,50;0,0246
1710,00;0,0247
1709,50;0,0249
1709,00;0,0250
1708,50;0,0250
1708,00;0,0250
1707,50;0,0251
1707,00;0,0251
1706,50;0,0253
1706,00;0,0255
1705,50;0,0257
1705,00;0,0258
1704,50;0,0259
1704,00;0,0261
1703,50;0,0263
1703,00;0,0264
1702,50;0,0265
1702,00;0,0265
1701,50;0,0265
1701,00;0,0263
1700,50;0,0262
1700,00;0,0264
1699,50;0,0269
1699,00;0,0272
1698,50;0,0273
1698,00;0,0273
1697,50;0,0274
1697,00;0,0274
1696,50;0,0273
1696,00;0,0271
1695,50;0,0270
1695,00;0,0272
1694,50;0,0275
1694,00;0,0278
1693,50;0,0279
1693,00;0,0280
1692,50;0,0280
1692,00;0,0280
1691,50;0,0280
1691,00;0,0280
1690,50;0,0281
1690,00;0,0283
1689,50;0,0284
1689,00;0,0286
1688,50;0,0287
1688,00;0,0288
1687,50;0,0288
1687,00;0,0288
1686,50;0,0288
1686,00;0,0286
1685,50;0,0284
1685,00;0,0283
1684,50;0,0284
1684,00;0,0286
1683,50;0,0288
1683,00;0,0289
1682,50;0,0292
1682,00;0,0295
1681,50;0,0298
1681,00;0,0298
1680,50;0,0298
1680,00;0,0297
1679,50;0,0298
1679,00;0,0298
1678,50;0,0298
1678,00;0,0298
1677,50;0,0299
1677,00;0,0301
1676,50;0,0303
1676,00;0,0303
1675,50;0,0303
1675,00;0,0304
1674,50;0,0306
1674,00;0,0307
1673,50;0,0306
1673,00;0,0306
1672,50;0,0305
1672,00;0,0306
1671,50;0,0307
1671,00;0,0308
1670,50;0,0309
1670,00;0,0308
1669,50;0,0307
1669,00;0,0306
1668,50;0,0308
1668,00;0,0311
1667,50;0,0314
1667,00;0,0316
1666,50;0,0317
1666,00;0,0318
1665,50;0,0317
1665,00;0,0317
1664,50;0,0318
1664,00;0,0319
1663,50;0,0320
1663,00;0,0320
1662,50;0,0320
1662,00;0,0319
1661,50;0,0319
1661,00;0,0319
1660,50;0,0320
1660,00;0,0322
1659,50;0,0324
1659,00;0,0324
1658,50;0,0324
1658,00;0,0323
1657,50;0,0323
1657,00;0,0323
1656,50;0,0323
1656,00;0,0323
1655,50;0,0324
1655,00;0,0325
1654,50;0,0326
1654,00;0,0328
1653,50;0,0330
1653,00;0,0332
1652,50;0,0330
1652,00;0,0329
1651,50;0,0328
1651,00;0,0328
1650,50;0,0329
1650,00;0,0329
1649,50;0,0330
1649,00;0,0330
1648,50;0,0329
1648,00;0,0329
1647,50;0,0329
1647,00;0,0329
1646,50;0,0329
1646,00;0,0329
1645,50;0,0329
1645,00;0,0328
1644,50;0,0326
1644,00;0,0324
1643,50;0,0325
1643,00;0,0327
1642,50;0,0329
1642,00;0,0330
1641,50;0,0329
1641,00;0,0327
1640,50;0,0325
1640,00;0,0323
1639,50;0,0322
1639,00;0,0322
1638,50;0,0322
1638,00;0,0323
1637,50;0,0324
1637,00;0,0326
1636,50;0,0329
1636,00;0,0330
1635,50;0,0332
1635,00;0,0335
1634,50;0,0338
1634,00;0,0339
1633,50;0,0338
1633,00;0,0336
1632,50;0,0335
1632,00;0,0333
1631,50;0,0332
1631,00;0,0331
1630,50;0,0330
1630,00;0,0331
1629,50;0,0330
1629,00;0,0329
1628,50;0,0328
1628,00;0,0327
1627,50;0,0326
1627,00;0,0324
1626,50;0,0323
1626,00;0,0321
1625,50;0,0320
1625,00;0,0321
1624,50;0,0323
1624,00;0,0325
1623,50;0,0325
1623,00;0,0325
1622,50;0,0324
1622,00;0,0322
1621,50;0,0320
1621,00;0,0319
1620,50;0,0320
1620,00;0,0322
1619,50;0,0323
1619,00;0,0323
1618,50;0,0322
1618,00;0,0322
1617,50;0,0322
1617,00;0,0323
1616,50;0,0324
1616,00;0,0324
1615,50;0,0323
1615,00;0,0322
1614,50;0,0322
1614,00;0,0323
1613,50;0,0324
1613,00;0,0323
1612,50;0,0322
1612,00;0,0321
1611,50;0,0320
1611,00;0,0320
1610,50;0,0320
1610,00;0,0320
1609,50;0,0320
1609,00;0,0320
1608,50;0,0319
1608,00;0,0319
1607,50;0,0318
1607,00;0,0318
1606,50;0,0319
1606,00;0,0320
1605,50;0,0321
1605,00;0,0322
1604,50;0,0322
1604,00;0,0323
1603,50;0,0323
1603,00;0,0324
1602,50;0,0323
1602,00;0,0321
1601,50;0,0319
1601,00;0,0317
1600,50;0,0317
1600,00;0,0320
1599,50;0,0322
1599,00;0,0324
1598,50;0,0323
1598,00;0,0321
1597,50;0,0320
1597,00;0,0318
1596,50;0,0318
1596,00;0,0318
1595,50;0,0319
1595,00;0,0320
1594,50;0,0320
1594,00;0,0319
1593,50;0,0318
1593,00;0,0317
1592,50;0,0316
1592,00;0,0316
1591,50;0,0316
1591,00;0,0315
1590,50;0,0315
1590,00;0,0315
1589,50;0,0316
1589,00;0,0316
1588,50;0,0315
1588,00;0,0315
1587,50;0,0315
1587,00;0,0314
1586,50;0,0314
1586,00;0,0315
1585,50;0,0317
1585,00;0,0317
1584,50;0,0316
1584,00;0,0316
1583,50;0,0316
1583,00;0,0317
1582,50;0,0316
1582,00;0,0316
1581,50;0,0314
1581,00;0,0313
1580,50;0,0313
1580,00;0,0314
1579,50;0,0315
1579,00;0,0315
1578,50;0,0314
1578,00;0,0313
1577,50;0,0313
1577,00;0,0315
1576,50;0,0318
1576,00;0,0320
1575,50;0,0321
1575,00;0,0319
1574,50;0,0316
1574,00;0,0314
1573,50;0,0313
1573,00;0,0312
1572,50;0,0313
1572,00;0,0314
1571,50;0,0314
1571,00;0,0314
1570,50;0,0313
1570,00;0,0313
1569,50;0,0313
1569,00;0,0313
1568,50;0,0313
1568,00;0,0313
1567,50;0,0314
1567,00;0,0314
1566,50;0,0314
1566,00;0,0313
1565,50;0,0312
1565,00;0,0312
1564,50;0,0314
1564,00;0,0315
1563,50;0,0315
1563,00;0,0315
1562,50;0,0315
1562,00;0,0314
1561,50;0,0314
1561,00;0,0314
1560,50;0,0313
1560,00;0,0314
1559,50;0,0316
1559,00;0,0318
1558,50;0,0318
1558,00;0,0318
1557,50;0,0317
1557,00;0,0317
1556,50;0,0317
1556,00;0,0317
1555,50;0,0317
1555,00;0,0316
1554,50;0,0315
1554,00;0,0313
1553,50;0,0312
1553,00;0,0311
1552,50;0,0312
1552,00;0,0311
1551,50;0,0311
1551,00;0,0310
1550,50;0,0308
1550,00;0,0306
1549,50;0,0306
1549,00;0,0307
1548,50;0,0307
1548,00;0,0306
1547,50;0,0305
1547,00;0,0305
1546,50;0,0305
1546,00;0,0305
1545,50;0,0305
1545,00;0,0308
1544,50;0,0311
1544,00;0,0312
1543,50;0,0311
1543,00;0,0311
1542,50;0,0311
1542,00;0,0312
1541,50;0,0314
1541,00;0,0315
1540,50;0,0315
1540,00;0,0315
1539,50;0,0316
1539,00;0,0317
1538,50;0,0317
1538,00;0,0314
1537,50;0,0313
1537,00;0,0313
1536,50;0,0314
1536,00;0,0313
1535,50;0,0312
1535,00;0,0310
1534,50;0,0309
1534,00;0,0308
1533,50;0,0309
1533,00;0,0312
1532,50;0,0313
1532,00;0,0313
1531,50;0,0312
1531,00;0,0311
1530,50;0,0311
1530,00;0,0310
1529,50;0,0309
1529,00;0,0310
1528,50;0,0311
1528,00;0,0310
1527,50;0,0308
1527,00;0,0307
1526,50;0,0308
1526,00;0,0309
1525,50;0,0310
1525,00;0,0311
1524,50;0,0313
1524,00;0,0314
1523,50;0,0314
1523,00;0,0312
1522,50;0,0311
1522,00;0,0309
1521,50;0,0307
1521,00;0,0307
1520,50;0,0307
1520,00;0,0307
1519,50;0,0308
1519,00;0,0308
1518,50;0,0308
1518,00;0,0307
1517,50;0,0306
1517,00;0,0307
1516,50;0,0309
1516,00;0,0309
1515,50;0,0309
1515,00;0,0308
1514,50;0,0309
1514,00;0,0311
1513,50;0,0312
1513,00;0,0314
1512,50;0,0314
1512,00;0,0314
1511,50;0,0312
1511,00;0,0310
1510,50;0,0308
1510,00;0,0306
1509,50;0,0306
1509,00;0,0306
1508,50;0,0306
1508,00;0,0307
1507,50;0,0309
1507,00;0,0310
1506,50;0,0312
1506,00;0,0313
1505,50;0,0313
1505,00;0,0313
1504,50;0,0313
1504,00;0,0312
1503,50;0,0312
1503,00;0,0312
1502,50;0,0310
1502,00;0,0309
1501,50;0,0308
1501,00;0,0308
1500,50;0,0308
1500,00;0,0309
1499,50;0,0309
1499,00;0,0310
1498,50;0,0310
1498,00;0,0311
1497,50;0,0311
1497,00;0,0311
1496,50;0,0310
1496,00;0,0311
1495,50;0,0313
1495,00;0,0313
1494,50;0,0312
1494,00;0,0310
1493,50;0,0308
1493,00;0,0308
1492,50;0,0309
1492,00;0,0308
1491,50;0,0306
1491,00;0,0303
1490,50;0,0302
1490,00;0,0302
1489,50;0,0305
1489,00;0,0307
1488,50;0,0307
1488,00;0,0307
1487,50;0,0306
1487,00;0,0306
1486,50;0,0307
1486,00;0,0307
1485,50;0,0307
1485,00;0,0306
1484,50;0,0306
1484,00;0,0306
1483,50;0,0307
1483,00;0,0308
1482,50;0,0309
1482,00;0,0309
1481,50;0,0309
1481,00;0,0307
1480,50;0,0304
1480,00;0,0301
1479,50;0,0299
1479,00;0,0299
1478,50;0,0300
1478,00;0,0302
1477,50;0,0302
1477,00;0,0301
1476,50;0,0300
1476,00;0,0300
1475,50;0,0301
1475,00;0,0302
1474,50;0,0302
1474,00;0,0302
1473,50;0,0302
1473,00;0,0302
1472,50;0,0303
1472,00;0,0303
1471,50;0,0304
1471,00;0,0304
1470,50;0,0304
1470,00;0,0303
1469,50;0,0301
1469,00;0,0299
1468,50;0,0298
1468,00;0,0297
1467,50;0,0296
1467,00;0,0296
1466,50;0,0295
1466,00;0,0294
1465,50;0,0292
1465,00;0,0291
1464,50;0,0291
1464,00;0,0290
1463,50;0,0289
1463,00;0,0289
1462,50;0,0291
1462,00;0,0292
1461,50;0,0294
1461,00;0,0296
1460,50;0,0296
1460,00;0,0295
1459,50;0,0293
1459,00;0,0290
1458,50;0,0288
1458,00;0,0287
1457,50;0,0286
1457,00;0,0286
1456,50;0,0286
1456,00;0,0287
1455,50;0,0287
1455,00;0,0288
1454,50;0,0289
1454,00;0,0290
1453,50;0,0292
1453,00;0,0292
1452,50;0,0291
1452,00;0,0289
1451,50;0,0288
1451,00;0,0288
1450,50;0,0289
1450,00;0,0289
1449,50;0,0289
1449,00;0,0288
1448,50;0,0287
1448,00;0,0286
1447,50;0,0287
1447,00;0,0289
1446,50;0,0290
1446,00;0,0290
1445,50;0,0289
1445,00;0,0288
1444,50;0,0287
1444,00;0,0285
1443,50;0,0283
1443,00;0,0282
1442,50;0,0282
1442,00;0,0282
1441,50;0,0283
1441,00;0,0285
1440,50;0,0286
1440,00;0,0287
1439,50;0,0287
1439,00;0,0285
1438,50;0,0283
1438,00;0,0281
1437,50;0,0278
1437,00;0,0277
1436,50;0,0278
1436,00;0,0281
1435,50;0,0285
1435,00;0,0286
1434,50;0,0285
1434,00;0,0284
1433,50;0,0282
1433,00;0,0282
1432,50;0,0281
1432,00;0,0280
1431,50;0,0280
1431,00;0,0280
1430,50;0,0281
1430,00;0,0283
1429,50;0,0286
1429,00;0,0286
1428,50;0,0284
1428,00;0,0281
1427,50;0,0279
1427,00;0,0279
1426,50;0,0280
1426,00;0,0280
1425,50;0,0280
1425,00;0,0281
1424,50;0,0280
1424,00;0,0278
1423,50;0,0276
1423,00;0,0275
1422,50;0,0274
1422,00;0,0273
1421,50;0,0272
1421,00;0,0272
1420,50;0,0273
1420,00;0,0273
1419,50;0,0274
1419,00;0,0274
1418,50;0,0274
1418,00;0,0273
1417,50;0,0272
1417,00;0,0272
1416,50;0,0272
1416,00;0,0272
1415,50;0,0273
1415,00;0,0274
1414,50;0,0274
1414,00;0,0273
1413,50;0,0271
1413,00;0,0269
1412,50;0,0267
1412,00;0,0266
1411,50;0,0266
1411,00;0,0266
1410,50;0,0267
1410,00;0,0267
1409,50;0,0268
1409,00;0,0269
1408,50;0,0270
1408,00;0,0271
1407,50;0,0272
1407,00;0,0271
1406,50;0,0270
1406,00;0,0268
1405,50;0,0266
1405,00;0,0265
1404,50;0,0264
1404,00;0,0264
1403,50;0,0264
1403,00;0,0264
1402,50;0,0263
1402,00;0,0261
1401,50;0,0260
1401,00;0,0261
1400,50;0,0263
1400,00;0,0265
1399,50;0,0265
1399,00;0,0263
1398,50;0,0260
1398,00;0,0257
1397,50;0,0256
1397,00;0,0256
1396,50;0,0259
1396,00;0,0261
1395,50;0,0261
1395,00;0,0260
1394,50;0,0260
1394,00;0,0260
1393,50;0,0259
1393,00;0,0258
1392,50;0,0257
1392,00;0,0258
1391,50;0,0259
1391,00;0,0261
1390,50;0,0261
1390,00;0,0261
1389,50;0,0260
1389,00;0,0258
1388,50;0,0256
1388,00;0,0255
1387,50;0,0255
1387,00;0,0255
1386,50;0,0255
1386,00;0,0256
1385,50;0,0258
1385,00;0,0259
1384,50;0,0260
1384,00;0,0260
1383,50;0,0259
1383,00;0,0257
1382,50;0,0256
1382,00;0,0257
1381,50;0,0258
1381,00;0,0258
1380,50;0,0257
1380,00;0,0257
1379,50;0,0256
1379,00;0,0255
1378,50;0,0253
1378,00;0,0251
1377,50;0,0250
1377,00;0,0250
1376,50;0,0251
1376,00;0,0253
1375,50;0,0254
1375,00;0,0254
1374,50;0,0252
1374,00;0,0250
1373,50;0,0250
1373,00;0,0250
1372,50;0,0251
1372,00;0,0253
1371,50;0,0254
1371,00;0,0255
1370,50;0,0255
1370,00;0,0255
1369,50;0,0253
1369,00;0,0251
1368,50;0,0251
1368,00;0,0251
1367,50;0,0251
1367,00;0,0251
1366,50;0,0251
1366,00;0,0251
1365,50;0,0250
1365,00;0,0249
1364,50;0,0247
1364,00;0,0244
1363,50;0,0242
1363,00;0,0242
1362,50;0,0245
1362,00;0,0248
1361,50;0,0251
1361,00;0,0252
1360,50;0,0252
1360,00;0,0251
1359,50;0,0249
1359,00;0,0248
1358,50;0,0249
1358,00;0,0250
1357,50;0,0250
1357,00;0,0250
1356,50;0,0248
1356,00;0,0247
1355,50;0,0246
1355,00;0,0246
1354,50;0,0246
1354,00;0,0248
1353,50;0,0251
1353,00;0,0252
1352,50;0,0252
1352,00;0,0251
1351,50;0,0250
1351,00;0,0249
1350,50;0,0250
1350,00;0,0251
1349,50;0,0250
1349,00;0,0248
1348,50;0,0246
1348,00;0,0244
1347,50;0,0244
1347,00;0,0245
1346,50;0,0246
1346,00;0,0249
1345,50;0,0251
1345,00;0,0253
1344,50;0,0252
1344,00;0,0251
1343,50;0,0248
1343,00;0,0245
1342,50;0,0243
1342,00;0,0242
1341,50;0,0241
1341,00;0,0240
1340,50;0,0239
1340,00;0,0238
1339,50;0,0238
1339,00;0,0239
1338,50;0,0240
1338,00;0,0242
1337,50;0,0243
1337,00;0,0242
1336,50;0,0240
1336,00;0,0240
1335,50;0,0241
1335,00;0,0242
1334,50;0,0243
1334,00;0,0244
1333,50;0,0244
1333,00;0,0243
1332,50;0,0243
1332,00;0,0243
1331,50;0,0243
1331,00;0,0243
1330,50;0,0243
1330,00;0,0243
1329,50;0,0242
1329,00;0,0243
1328,50;0,0243
1328,00;0,0244
1327,50;0,0245
1327,00;0,0244
1326,50;0,0242
1326,00;0,0240
1325,50;0,0239
1325,00;0,0239
1324,50;0,0239
1324,00;0,0238
1323,50;0,0237
1323,00;0,0237
1322,50;0,0237
1322,00;0,0237
1321,50;0,0239
1321,00;0,0240
1320,50;0,0241
1320,00;0,0241
1319,50;0,0241
1319,00;0,0241
1318,50;0,0241
1318,00;0,0240
1317,50;0,0239
1317,00;0,0239
1316,50;0,0239
1316,00;0,0238
1315,50;0,0238
1315,00;0,0237
1314,50;0,0237
1314,00;0,0238
1313,50;0,0239
1313,00;0,0239
1312,50;0,0239
1312,00;0,0238
1311,50;0,0237
1311,00;0,0235
1310,50;0,0235
1310,00;0,0234
1309,50;0,0234
1309,00;0,0233
1308,50;0,0233
1308,00;0,0232
1307,50;0,0233
1307,00;0,0233
1306,50;0,0235
1306,00;0,0236
1305,50;0,0237
1305,00;0,0238
1304,50;0,0239
1304,00;0,0238
1303,50;0,0238
1303,00;0,0237
1302,50;0,0236
1302,00;0,0234
1301,50;0,0232
1301,00;0,0230
1300,50;0,0229
1300,00;0,0231
1299,50;0,0233
1299,00;0,0236
1298,50;0,0237
1298,00;0,0237
1297,50;0,0236
1297,00;0,0234
1296,50;0,0232
1296,00;0,0231
1295,50;0,0231
1295,00;0,0230
1294,50;0,0230
1294,00;0,0230
1293,50;0,0230
1293,00;0,0231
1292,50;0,0230
1292,00;0,0230
1291,50;0,0229
1291,00;0,0228
1290,50;0,0227
1290,00;0,0224
1289,50;0,0223
1289,00;0,0224
1288,50;0,0226
1288,00;0,0227
1287,50;0,0227
1287,00;0,0226
1286,50;0,0224
1286,00;0,0223
1285,50;0,0223
1285,00;0,0224
1284,50;0,0225
1284,00;0,0225
1283,50;0,0224
1283,00;0,0223
1282,50;0,0222
1282,00;0,0221
1281,50;0,0222
1281,00;0,0223
1280,50;0,0224
1280,00;0,0224
1279,50;0,0223
1279,00;0,0223
1278,50;0,0223
1278,00;0,0223
1277,50;0,0224
1277,00;0,0225
1276,50;0,0225
1276,00;0,0223
1275,50;0,0220
1275,00;0,0218
1274,50;0,0218
1274,00;0,0219
1273,50;0,0221
1273,00;0,0221
1272,50;0,0220
1272,00;0,0219
1271,50;0,0218
1271,00;0,0217
1270,50;0,0218
1270,00;0,0220
1269,50;0,0222
1269,00;0,0223
1268,50;0,0222
1268,00;0,0220
1267,50;0,0218
1267,00;0,0218
1266,50;0,0220
1266,00;0,0222
1265,50;0,0222
1265,00;0,0220
1264,50;0,0218
1264,00;0,0217
1263,50;0,0217
1263,00;0,0218
1262,50;0,0219
1262,00;0,0220
1261,50;0,0221
1261,00;0,0221
1260,50;0,0220
1260,00;0,0218
1259,50;0,0217
1259,00;0,0216
1258,50;0,0215
1258,00;0,0214
1257,50;0,0213
1257,00;0,0212
1256,50;0,0211
1256,00;0,0212
1255,50;0,0213
1255,00;0,0213
1254,50;0,0211
1254,00;0,0210
1253,50;0,0209
1253,00;0,0209
1252,50;0,0210
1252,00;0,0212
1251,50;0,0212
1251,00;0,0212
1250,50;0,0211
1250,00;0,0211
1249,50;0,0211
1249,00;0,0211
1248,50;0,0211
1248,00;0,0209
1247,50;0,0209
1247,00;0,0208
1246,50;0,0208
1246,00;0,0208
1245,50;0,0208
1245,00;0,0208
1244,50;0,0208
1244,00;0,0209
1243,50;0,0210
1243,00;0,0210
1242,50;0,0210
1242,00;0,0210
1241,50;0,0209
1241,00;0,0208
1240,50;0,0207
1240,00;0,0206
1239,50;0,0205
1239,00;0,0205
1238,50;0,0206
1238,00;0,0206
1237,50;0,0207
1237,00;0,0207
1236,50;0,0208
1236,00;0,0209
1235,50;0,0210
1235,00;0,0211
1234,50;0,0210
1234,00;0,0210
1233,50;0,0210
1233,00;0,0210
1232,50;0,0210
1232,00;0,0210
1231,50;0,0210
1231,00;0,0210
1230,50;0,0210
1230,00;0,0211
1229,50;0,0212
1229,00;0,0212
1228,50;0,0211
1228,00;0,0210
1227,50;0,0209
1227,00;0,0209
1226,50;0,0210
1226,00;0,0211
1225,50;0,0212
1225,00;0,0211
1224,50;0,0210
1224,00;0,0209
1223,50;0,0209
1223,00;0,0209
1222,50;0,0209
1222,00;0,0209
1221,50;0,0210
1221,00;0,0211
1220,50;0,0211
1220,00;0,0211
1219,50;0,0211
1219,00;0,0212
1218,50;0,0212
1218,00;0,0212
1217,50;0,0211
1217,00;0,0211
1216,50;0,0211
1216,00;0,0212
1215,50;0,0213
1215,00;0,0212
1214,50;0,0210
1214,00;0,0208
1213,50;0,0207
1213,00;0,0208
1212,50;0,0208
1212,00;0,0209
1211,50;0,0208
1211,00;0,0208
1210,50;0,0208
1210,00;0,0207
1209,50;0,0207
1209,00;0,0205
1208,50;0,0204
1208,00;0,0203
1207,50;0,0202
1207,00;0,0203
1206,50;0,0205
1206,00;0,0206
1205,50;0,0207
1205,00;0,0207
1204,50;0,0206
1204,00;0,0206
1203,50;0,0206
1203,00;0,0207
1202,50;0,0207
1202,00;0,0206
1201,50;0,0204
1201,00;0,0203
1200,50;0,0202
1200,00;0,0203
1199,50;0,0203
1199,00;0,0203
1198,50;0,0203
1198,00;0,0204
1197,50;0,0204
1197,00;0,0203
1196,50;0,0203
1196,00;0,0202
1195,50;0,0203
1195,00;0,0204
1194,50;0,0204
1194,00;0,0203
1193,50;0,0203
1193,00;0,0203
1192,50;0,0203
1192,00;0,0203
1191,50;0,0203
1191,00;0,0202
1190,50;0,0202
1190,00;0,0203
1189,50;0,0204
1189,00;0,0205
1188,50;0,0205
1188,00;0,0204
1187,50;0,0202
1187,00;0,0201
1186,50;0,0201
1186,00;0,0201
1185,50;0,0202
1185,00;0,0203
1184,50;0,0203
1184,00;0,0202
1183,50;0,0202
1183,00;0,0202
1182,50;0,0202
1182,00;0,0202
1181,50;0,0201
1181,00;0,0201
1180,50;0,0202
1180,00;0,0203
1179,50;0,0204
1179,00;0,0204
1178,50;0,0203
1178,00;0,0202
1177,50;0,0201
1177,00;0,0201
1176,50;0,0201
1176,00;0,0199
1175,50;0,0198
1175,00;0,0197
1174,50;0,0197
1174,00;0,0198
1173,50;0,0199
1173,00;0,0200
1172,50;0,0201
1172,00;0,0200
1171,50;0,0199
1171,00;0,0198
1170,50;0,0197
1170,00;0,0197
1169,50;0,0198
1169,00;0,0200
1168,50;0,0201
1168,00;0,0200
1167,50;0,0199
1167,00;0,0196
1166,50;0,0193
1166,00;0,0191
1165,50;0,0190
1165,00;0,0191
1164,50;0,0192
1164,00;0,0193
1163,50;0,0193
1163,00;0,0193
1162,50;0,0193
1162,00;0,0194
1161,50;0,0194
1161,00;0,0195
1160,50;0,0194
1160,00;0,0193
1159,50;0,0192
1159,00;0,0192
1158,50;0,0192
1158,00;0,0192
1157,50;0,0191
1157,00;0,0190
1156,50;0,0189
1156,00;0,0189
1155,50;0,0189
1155,00;0,0190
1154,50;0,0191
1154,00;0,0190
1153,50;0,0190
1153,00;0,0191
1152,50;0,0192
1152,00;0,0194
1151,50;0,0194
1151,00;0,0192
1150,50;0,0189
1150,00;0,0186
1149,50;0,0184
1149,00;0,0183
1148,50;0,0183
1148,00;0,0184
1147,50;0,0186
1147,00;0,0187
1146,50;0,0187
1146,00;0,0186
1145,50;0,0186
1145,00;0,0185
1144,50;0,0184
1144,00;0,0183
1143,50;0,0183
1143,00;0,0183
1142,50;0,0184
1142,00;0,0185
1141,50;0,0186
1141,00;0,0186
1140,50;0,0186
1140,00;0,0187
1139,50;0,0187
1139,00;0,0186
1138,50;0,0184
1138,00;0,0183
1137,50;0,0183
1137,00;0,0185
1136,50;0,0187
1136,00;0,0188
1135,50;0,0187
1135,00;0,0186
1134,50;0,0184
1134,00;0,0184
1133,50;0,0184
1133,00;0,0184
1132,50;0,0183
1132,00;0,0183
1131,50;0,0183
1131,00;0,0183
1130,50;0,0183
1130,00;0,0183
1129,50;0,0183
1129,00;0,0182
1128,50;0,0180
1128,00;0,0179
1127,50;0,0179
1127,00;0,0180
1126,50;0,0181
1126,00;0,0181
1125,50;0,0180
1125,00;0,0179
1124,50;0,0178
1124,00;0,0176
1123,50;0,0174
1123,00;0,0174
1122,50;0,0174
1122,00;0,0174
1121,50;0,0175
1121,00;0,0176
1120,50;0,0176
1120,00;0,0175
1119,50;0,0174
1119,00;0,0174
1118,50;0,0173
1118,00;0,0172
1117,50;0,0172
1117,00;0,0172
1116,50;0,0173
1116,00;0,0174
1115,50;0,0172
1115,00;0,0170
1114,50;0,0169
1114,00;0,0168
1113,50;0,0169
1113,00;0,0170
1112,50;0,0170
1112,00;0,0170
1111,50;0,0170
1111,00;0,0170
1110,50;0,0171
1110,00;0,0172
1109,50;0,0172
1109,00;0,0171
1108,50;0,0169
1108,00;0,0167
1107,50;0,0165
1107,00;0,0164
1106,50;0,0165
1106,00;0,0167
1105,50;0,0168
1105,00;0,0167
1104,50;0,0165
1104,00;0,0161
1103,50;0,0158
1103,00;0,0156
1102,50;0,0154
1102,00;0,0154
1101,50;0,0156
1101,00;0,0159
1100,50;0,0162
1100,00;0,0164
1099,50;0,0164
1099,00;0,0164
1098,50;0,0162
1098,00;0,0159
1097,50;0,0156
1097,00;0,0153
1096,50;0,0152
1096,00;0,0152
1095,50;0,0154
1095,00;0,0156
1094,50;0,0156
1094,00;0,0154
1093,50;0,0152
1093,00;0,0149
1092,50;0,0148
1092,00;0,0147
1091,50;0,0148
1091,00;0,0149
1090,50;0,0150
1090,00;0,0150
1089,50;0,0149
1089,00;0,0148
1088,50;0,0145
1088,00;0,0143
1087,50;0,0141
1087,00;0,0139
1086,50;0,0137
1086,00;0,0137
1085,50;0,0136
1085,00;0,0136
1084,50;0,0136
1084,00;0,0136
1083,50;0,0136
1083,00;0,0136
1082,50;0,0134
1082,00;0,0132
1081,50;0,0130
1081,00;0,0130
1080,50;0,0131
1080,00;0,0131
1079,50;0,0129
1079,00;0,0128
1078,50;0,0127
1078,00;0,0126
1077,50;0,0125
1077,00;0,0124
1076,50;0,0125
1076,00;0,0126
1075,50;0,0128
1075,00;0,0130
1074,50;0,0130
1074,00;0,0130
1073,50;0,0130
1073,00;0,0128
1072,50;0,0126
1072,00;0,0124
1071,50;0,0124
1071,00;0,0127
1070,50;0,0130
1070,00;0,0132
1069,50;0,0133
1069,00;0,0135
1068,50;0,0136
1068,00;0,0137
1067,50;0,0136
1067,00;0,0134
1066,50;0,0133
1066,00;0,0132
1065,50;0,0132
1065,00;0,0133
1064,50;0,0136
1064,00;0,0138
1063,50;0,0139
1063,00;0,0138
1062,50;0,0135
1062,00;0,0131
1061,50;0,0126
1061,00;0,0122
1060,50;0,0121
1060,00;0,0123
1059,50;0,0128
1059,00;0,0134
1058,50;0,0139
1058,00;0,0141
1057,50;0,0141
1057,00;0,0139
1056,50;0,0137
1056,00;0,0134
1055,50;0,0132
1055,00;0,0131
1054,50;0,0131
1054,00;0,0133
1053,50;0,0135
1053,00;0,0138
1052,50;0,0139
1052,00;0,0139
1051,50;0,0138
1051,00;0,0137
1050,50;0,0135
1050,00;0,0134
1049,50;0,0134
1049,00;0,0135
1048,50;0,0137
1048,00;0,0139
1047,50;0,0140
1047,00;0,0139
1046,50;0,0137
1046,00;0,0137
1045,50;0,0137
1045,00;0,0136
1044,50;0,0136
1044,00;0,0137
1043,50;0,0140
1043,00;0,0142
1042,50;0,0144
1042,00;0,0143
1041,50;0,0141
1041,00;0,0140
1040,50;0,0139
1040,00;0,0140
1039,50;0,0141
1039,00;0,0142
1038,50;0,0143
1038,00;0,0144
1037,50;0,0145
1037,00;0,0145
1036,50;0,0143
1036,00;0,0140
1035,50;0,0137
1035,00;0,0135
1034,50;0,0135
1034,00;0,0138
1033,50;0,0141
1033,00;0,0145
1032,50;0,0148
1032,00;0,0151
1031,50;0,0151
1031,00;0,0148
1030,50;0,0144
1030,00;0,0140
1029,50;0,0139
1029,00;0,0141
1028,50;0,0144
1028,00;0,0148
1027,50;0,0151
1027,00;0,0154
1026,50;0,0155
1026,00;0,0154
1025,50;0,0151
1025,00;0,0149
1024,50;0,0148
1024,00;0,0149
1023,50;0,0151
1023,00;0,0152
1022,50;0,0153
1022,00;0,0154
1021,50;0,0155
1021,00;0,0155
1020,50;0,0155
1020,00;0,0155
1019,50;0,0154
1019,00;0,0152
1018,50;0,0151
1018,00;0,0152
1017,50;0,0155
1017,00;0,0160
1016,50;0,0164
1016,00;0,0166
1015,50;0,0166
1015,00;0,0166
1014,50;0,0165
1014,00;0,0165
1013,50;0,0166
1013,00;0,0167
1012,50;0,0167
1012,00;0,0167
1011,50;0,0168
1011,00;0,0170
1010,50;0,0170
1010,00;0,0170
1009,50;0,0168
1009,00;0,0168
1008,50;0,0169
1008,00;0,0170
1007,50;0,0171
1007,00;0,0171
1006,50;0,0172
1006,00;0,0174
1005,50;0,0177
1005,00;0,0178
1004,50;0,0178
1004,00;0,0178
1003,50;0,0180
1003,00;0,0183
1002,50;0,0187
1002,00;0,0189
1001,50;0,0190
1001,00;0,0189
1000,50;0,0189
1000,00;0,0190
999,50;0,0191
999,00;0,0191
998,50;0,0192
998,00;0,0192
997,50;0,0194
997,00;0,0197
996,50;0,0200
996,00;0,0202
995,50;0,0202
995,00;0,0202
994,50;0,0201
994,00;0,0201
993,50;0,0201
993,00;0,0200
992,50;0,0200
992,00;0,0202
991,50;0,0206
991,00;0,0210
990,50;0,0213
990,00;0,0216
989,50;0,0217
989,00;0,0216
988,50;0,0216
988,00;0,0216
987,50;0,0219
987,00;0,0223
986,50;0,0227
986,00;0,0231
985,50;0,0236
985,00;0,0239
984,50;0,0240
984,00;0,0239
983,50;0,0236
983,00;0,0234
982,50;0,0233
982,00;0,0236
981,50;0,0241
981,00;0,0247
980,50;0,0251
980,00;0,0253
979,50;0,0254
979,00;0,0254
978,50;0,0254
978,00;0,0255
977,50;0,0257
977,00;0,0260
976,50;0,0264
976,00;0,0268
975,50;0,0272
975,00;0,0274
974,50;0,0275
974,00;0,0275
973,50;0,0277
973,00;0,0280
972,50;0,0284
972,00;0,0287
971,50;0,0289
971,00;0,0292
970,50;0,0297
970,00;0,0303
969,50;0,0309
969,00;0,0315
968,50;0,0319
968,00;0,0320
967,50;0,0321
967,00;0,0321
966,50;0,0322
966,00;0,0324
965,50;0,0328
965,00;0,0333
964,50;0,0338
964,00;0,0343
963,50;0,0345
963,00;0,0346
962,50;0,0347
962,00;0,0347
961,50;0,0348
961,00;0,0351
960,50;0,0356
960,00;0,0363
959,50;0,0369
959,00;0,0375
958,50;0,0379
958,00;0,0383
957,50;0,0385
957,00;0,0387
956,50;0,0388
956,00;0,0390
955,50;0,0394
955,00;0,0401
954,50;0,0407
954,00;0,0412
953,50;0,0416
953,00;0,0420
952,50;0,0424
952,00;0,0427
951,50;0,0430
951,00;0,0431
950,50;0,0433
950,00;0,0437
949,50;0,0442
949,00;0,0448
948,50;0,0452
948,00;0,0454
947,50;0,0455
947,00;0,0456
946,50;0,0458
946,00;0,0461
945,50;0,0465
945,00;0,0470
944,50;0,0474
944,00;0,0479
943,50;0,0484
943,00;0,0489
942,50;0,0493
942,00;0,0496
941,50;0,0497
941,00;0,0497
940,50;0,0497
940,00;0,0499
939,50;0,0504
939,00;0,0511
938,50;0,0519
938,00;0,0527
937,50;0,0533
937,00;0,0538
936,50;0,0540
936,00;0,0541
935,50;0,0541
935,00;0,0543
934,50;0,0546
934,00;0,0549
933,50;0,0553
933,00;0,0558
932,50;0,0563
932,00;0,0568
931,50;0,0571
931,00;0,0573
930,50;0,0576
930,00;0,0578
929,50;0,0583
929,00;0,0587
928,50;0,0592
928,00;0,0596
927,50;0,0601
927,00;0,0606
926,50;0,0611
926,00;0,0614
925,50;0,0615
925,00;0,0617
924,50;0,0619
924,00;0,0623
923,50;0,0627
923,00;0,0630
922,50;0,0633
922,00;0,0635
921,50;0,0637
921,00;0,0639
920,50;0,0640
920,00;0,0643
919,50;0,0647
919,00;0,0651
918,50;0,0655
918,00;0,0658
917,50;0,0662
917,00;0,0665
916,50;0,0668
916,00;0,0671
915,50;0,0675
915,00;0,0679
914,50;0,0682
914,00;0,0684
913,50;0,0687
913,00;0,0691
912,50;0,0696
912,00;0,0701
911,50;0,0705
911,00;0,0706
910,50;0,0705
910,00;0,0704
909,50;0,0704
909,00;0,0707
908,50;0,0712
908,00;0,0717
907,50;0,0723
907,00;0,0729
906,50;0,0732
906,00;0,0733
905,50;0,0734
905,00;0,0739
904,50;0,0746
904,00;0,0752
903,50;0,0754
903,00;0,0752
902,50;0,0751
902,00;0,0753
901,50;0,0756
901,00;0,0759
900,50;0,0761
900,00;0,0762
899,50;0,0762
899,00;0,0762
898,50;0,0763
898,00;0,0768
897,50;0,0776
897,00;0,0782
896,50;0,0787
896,00;0,0789
895,50;0,0788
895,00;0,0786
894,50;0,0786
894,00;0,0788
893,50;0,0792
893,00;0,0796
892,50;0,0800
892,00;0,0805
891,50;0,0809
891,00;0,0813
890,50;0,0816
890,00;0,0819
889,50;0,0821
889,00;0,0821
888,50;0,0820
888,00;0,0818
887,50;0,0820
887,00;0,0826
886,50;0,0835
886,00;0,0843
885,50;0,0849
885,00;0,0850
884,50;0,0848
884,00;0,0844
883,50;0,0843
883,00;0,0846
882,50;0,0852
882,00;0,0859
881,50;0,0864
881,00;0,0868
880,50;0,0871
880,00;0,0873
879,50;0,0874
879,00;0,0873
878,50;0,0871
878,00;0,0867
877,50;0,0867
877,00;0,0872
876,50;0,0881
876,00;0,0890
875,50;0,0897
875,00;0,0901
874,50;0,0903
874,00;0,0903
873,50;0,0903
873,00;0,0903
872,50;0,0907
872,00;0,0911
871,50;0,0916
871,00;0,0921
870,50;0,0927
870,00;0,0932
869,50;0,0934
869,00;0,0932
868,50;0,0926
868,00;0,0921
867,50;0,0921
867,00;0,0927
866,50;0,0937
866,00;0,0946
865,50;0,0952
865,00;0,0954
864,50;0,0954
864,00;0,0952
863,50;0,0949
863,00;0,0945
862,50;0,0944
862,00;0,0947
861,50;0,0954
861,00;0,0962
860,50;0,0970
860,00;0,0978
859,50;0,0986
859,00;0,0993
858,50;0,0996
858,00;0,0996
857,50;0,0993
857,00;0,0989
856,50;0,0987
856,00;0,0987
855,50;0,0990
855,00;0,0992
854,50;0,0995
854,00;0,0997
853,50;0,0997
853,00;0,0995
852,50;0,0992
852,00;0,0990
851,50;0,0993
851,00;0,1000
850,50;0,1009
850,00;0,1018
849,50;0,1026
849,00;0,1028
848,50;0,1025
848,00;0,1021
847,50;0,1019
847,00;0,1020
846,50;0,1023
846,00;0,1028
845,50;0,1035
845,00;0,1042
844,50;0,1049
844,00;0,1052
843,50;0,1052
843,00;0,1050
842,50;0,1046
842,00;0,1043
841,50;0,1043
841,00;0,1045
840,50;0,1050
840,00;0,1054
839,50;0,1057
839,00;0,1058
838,50;0,1059
838,00;0,1058
837,50;0,1057
837,00;0,1057
836,50;0,1059
836,00;0,1062
835,50;0,1066
835,00;0,1072
834,50;0,1076
834,00;0,1078
833,50;0,1075
833,00;0,1070
832,50;0,1064
832,00;0,1059
831,50;0,1058
831,00;0,1064
830,50;0,1073
830,00;0,1081
829,50;0,1088
829,00;0,1093
828,50;0,1100
828,00;0,1103
827,50;0,1101
827,00;0,1095
826,50;0,1090
826,00;0,1088
825,50;0,1089
825,00;0,1093
824,50;0,1098
824,00;0,1103
823,50;0,1109
823,00;0,1115
822,50;0,1120
822,00;0,1120
821,50;0,1115
821,00;0,1107
820,50;0,1102
820,00;0,1101
819,50;0,1102
819,00;0,1102
818,50;0,1103
818,00;0,1108
817,50;0,1113
817,00;0,1116
816,50;0,1115
816,00;0,1113
815,50;0,1111
815,00;0,1110
814,50;0,1110
814,00;0,1111
813,50;0,1114
813,00;0,1119
812,50;0,1126
812,00;0,1130
811,50;0,1130
811,00;0,1124
810,50;0,1116
810,00;0,1112
809,50;0,1113
809,00;0,1116
808,50;0,1119
808,00;0,1119
807,50;0,1117
807,00;0,1113
806,50;0,1110
806,00;0,1109
805,50;0,1108
805,00;0,1105
804,50;0,1103
804,00;0,1103
803,50;0,1107
803,00;0,1110
802,50;0,1111
802,00;0,1109
801,50;0,1106
801,00;0,1105
800,50;0,1102
800,00;0,1097
799,50;0,1091
799,00;0,1087
798,50;0,1089
798,00;0,1097
797,50;0,1107
797,00;0,1115
796,50;0,1116
796,00;0,1112
795,50;0,1107
795,00;0,1103
794,50;0,1100
794,00;0,1099
793,50;0,1100
793,00;0,1104
792,50;0,1107
792,00;0,1108
791,50;0,1108
791,00;0,1106
790,50;0,1104
790,00;0,1102
789,50;0,1101
789,00;0,1100
788,50;0,1097
788,00;0,1096
787,50;0,1098
787,00;0,1103
786,50;0,1107
786,00;0,1109
785,50;0,1108
785,00;0,1105
784,50;0,1100
784,00;0,1094
783,50;0,1090
783,00;0,1089
782,50;0,1092
782,00;0,1096
781,50;0,1101
781,00;0,1105
780,50;0,1105
780,00;0,1102
779,50;0,1098
779,00;0,1096
778,50;0,1095
778,00;0,1096
777,50;0,1097
777,00;0,1098
776,50;0,1102
776,00;0,1105
775,50;0,1106
775,00;0,1105
774,50;0,1100
774,00;0,1094
773,50;0,1090
773,00;0,1089
772,50;0,1090
772,00;0,1092
771,50;0,1093
771,00;0,1096
770,50;0,1099
770,00;0,1101
769,50;0,1098
769,00;0,1092
768,50;0,1087
768,00;0,1086
767,50;0,1086
767,00;0,1087
766,50;0,1089
766,00;0,1090
765,50;0,1091
765,00;0,1090
764,50;0,1089
764,00;0,1088
763,50;0,1085
763,00;0,1081
762,50;0,1077
762,00;0,1075
761,50;0,1076
761,00;0,1081
760,50;0,1089
760,00;0,1094
759,50;0,1093
759,00;0,1088
758,50;0,1083
758,00;0,1081
757,50;0,1080
757,00;0,1080
756,50;0,1082
756,00;0,1085
755,50;0,1088
755,00;0,1090
754,50;0,1089
754,00;0,1087
753,50;0,1084
753,00;0,1078
752,50;0,1073
752,00;0,1069
751,50;0,1067
751,00;0,1067
750,50;0,1069
750,00;0,1071
749,50;0,1073
749,00;0,1075
748,50;0,1075
748,00;0,1075
747,50;0,1073
747,00;0,1071
746,50;0,1069
746,00;0,1069
745,50;0,1071
745,00;0,1073
744,50;0,1073
744,00;0,1070
743,50;0,1066
743,00;0,1060
742,50;0,1055
742,00;0,1051
741,50;0,1050
741,00;0,1050
740,50;0,1052
740,00;0,1056
739,50;0,1059
739,00;0,1060
738,50;0,1058
738,00;0,1054
737,50;0,1051
737,00;0,1049
736,50;0,1047
736,00;0,1047
735,50;0,1048
735,00;0,1050
734,50;0,1051
734,00;0,1051
733,50;0,1050
733,00;0,1046
732,50;0,1039
732,00;0,1031
731,50;0,1026
731,00;0,1025
730,50;0,1028
730,00;0,1034
729,50;0,1042
729,00;0,1051
728,50;0,1059
728,00;0,1063
727,50;0,1061
727,00;0,1053
726,50;0,1042
726,00;0,1034
725,50;0,1031
725,00;0,1033
724,50;0,1038
724,00;0,1045
723,50;0,1052
723,00;0,1057
722,50;0,1056
722,00;0,1050
721,50;0,1039
721,00;0,1029
720,50;0,1026
720,00;0,1030
719,50;0,1040
719,00;0,1051
718,50;0,1056
718,00;0,1057
717,50;0,1055
717,00;0,1055
716,50;0,1057
716,00;0,1058
715,50;0,1057
715,00;0,1055
714,50;0,1053
714,00;0,1051
713,50;0,1049
713,00;0,1048
712,50;0,1048
712,00;0,1048
711,50;0,1046
711,00;0,1044
710,50;0,1042
710,00;0,1043
709,50;0,1045
709,00;0,1047
708,50;0,1051
708,00;0,1055
707,50;0,1058
707,00;0,1060
706,50;0,1061
706,00;0,1061
705,50;0,1058
705,00;0,1053
704,50;0,1052
704,00;0,1055
703,50;0,1062
703,00;0,1068
702,50;0,1070
702,00;0,1068
701,50;0,1061
701,00;0,1051
700,50;0,1043
700,00;0,1039
699,50;0,1037
699,00;0,1038
698,50;0,1040
698,00;0,1044
697,50;0,1049
697,00;0,1052
696,50;0,1049
696,00;0,1042
695,50;0,1032
695,00;0,1024
694,50;0,1019
694,00;0,1019
693,50;0,1021
693,00;0,1024
692,50;0,1028
692,00;0,1031
691,50;0,1033
691,00;0,1029
690,50;0,1022
690,00;0,1014
689,50;0,1008
689,00;0,1007
688,50;0,1011
688,00;0,1015
687,50;0,1017
687,00;0,1014
686,50;0,1007
686,00;0,1000
685,50;0,0996
685,00;0,0993
684,50;0,0987
684,00;0,0980
683,50;0,0974
683,00;0,0976
682,50;0,0985
682,00;0,0997
681,50;0,1004
681,00;0,1003
680,50;0,0997
680,00;0,0989
679,50;0,0983
679,00;0,0978
678,50;0,0978
678,00;0,0978
677,50;0,0989
677,00;0,0986
676,50;0,1098
676,00;0,1126
675,50;0,1128
675,00;0,1140
674,50;0,1146
674,00;0,1153
673,50;0,1158
673,00;0,1166
672,50;0,1178
672,00;0,1194
671,50;0,1212
671,00;0,1227
670,50;0,1240
670,00;0,1257
669,50;0,1283
669,00;0,1322
668,50;0,1370
668,00;0,1408
667,50;0,1412
667,00;0,1381
666,50;0,1358
666,00;0,1353
665,50;0,1353
665,00;0,1349
664,50;0,1342
664,00;0,1333
663,50;0,1327
663,00;0,1321
662,50;0,1318
662,00;0,1311
661,50;0,1316
661,00;0,1242
660,50;0,1216
660,00;0,1197
659,50;0,1165
659,00;0,1132
658,50;0,1101
658,00;0,1082
657,50;0,1083
657,00;0,1108
656,50;0,1148
656,00;0,1184
655,50;0,1198
655,00;0,1184
654,50;0,1153
654,00;0,1119
653,50;0,1093
653,00;0,1075
652,50;0,1063
652,00;0,1058
651,50;0,1058
651,00;0,1062
650,50;0,1066
650,00;0,1069
649,50;0,1070
649,00;0,1069
648,50;0,1068
648,00;0,1067
647,50;0,1069
647,00;0,1073
646,50;0,1079
646,00;0,1086
645,50;0,1094
645,00;0,1101
644,50;0,1106
644,00;0,1106
643,50;0,1102
643,00;0,1100
642,50;0,1103
642,00;0,1113
641,50;0,1122
641,00;0,1128
640,50;0,1130
640,00;0,1132
639,50;0,1133
639,00;0,1130
638,50;0,1121
638,00;0,1108
637,50;0,1098
637,00;0,1094
636,50;0,1098
636,00;0,1108
635,50;0,1121
635,00;0,1132
634,50;0,1138
634,00;0,1136
633,50;0,1127
633,00;0,1114
632,50;0,1101
632,00;0,1095
631,50;0,1096
631,00;0,1101
630,50;0,1110
630,00;0,1123
629,50;0,1137
629,00;0,1146
628,50;0,1146
628,00;0,1138
627,50;0,1131
627,00;0,1128
626,50;0,1131
626,00;0,1138
625,50;0,1145
625,00;0,1148
624,50;0,1147
624,00;0,1144
623,50;0,1142
623,00;0,1142
622,50;0,1143
622,00;0,1145
621,50;0,1147
621,00;0,1151
620,50;0,1156
620,00;0,1162
619,50;0,1168
619,00;0,1168
618,50;0,1160
618,00;0,1146
617,50;0,1134
617,00;0,1129
616,50;0,1130
616,00;0,1135
615,50;0,1144
615,00;0,1154
614,50;0,1162
614,00;0,1164
613,50;0,1163
613,00;0,1159
612,50;0,1153
612,00;0,1146
611,50;0,1141
611,00;0,1141
610,50;0,1144
610,00;0,1147
609,50;0,1150
609,00;0,1154
608,50;0,1158
608,00;0,1160
607,50;0,1156
607,00;0,1149
606,50;0,1140
606,00;0,1133
605,50;0,1130
605,00;0,1131
604,50;0,1133
604,00;0,1137
603,50;0,1142
603,00;0,1145
602,50;0,1146
602,00;0,1141
601,50;0,1133
601,00;0,1122
600,50;0,1112
600,00;0,1104
599,50;0,1102
599,00;0,1106
598,50;0,1115
598,00;0,1124
597,50;0,1129
597,00;0,1128
596,50;0,1120
596,00;0,1109
595,50;0,1099
595,00;0,1097
594,50;0,1102
594,00;0,1109
593,50;0,1113
593,00;0,1113
592,50;0,1113
592,00;0,1112
591,50;0,1109
591,00;0,1101
590,50;0,1091
590,00;0,1084
589,50;0,1083
589,00;0,1086
588,50;0,1093
588,00;0,1103
587,50;0,1112
587,00;0,1116
586,50;0,1114
586,00;0,1104
585,50;0,1090
585,00;0,1078
584,50;0,1073
584,00;0,1075
583,50;0,1078
583,00;0,1077
582,50;0,1071
582,00;0,1065
581,50;0,1064
581,00;0,1064
580,50;0,1063
580,00;0,1060
579,50;0,1056
579,00;0,1052
578,50;0,1049
578,00;0,1046
577,50;0,1045
577,00;0,1045
576,50;0,1045
576,00;0,1044
575,50;0,1037
575,00;0,1025
574,50;0,1013
574,00;0,1006
573,50;0,1009
573,00;0,1017
572,50;0,1026
572,00;0,1033
571,50;0,1032
571,00;0,1023
570,50;0,1008
570,00;0,0994
569,50;0,0983
569,00;0,0977
568,50;0,0974
568,00;0,0980
567,50;0,0994
567,00;0,1009
566,50;0,1015
566,00;0,1010
565,50;0,0999
565,00;0,0987
564,50;0,0975
564,00;0,0962
563,50;0,0954
563,00;0,0953
562,50;0,0956
562,00;0,0957
561,50;0,0950
561,00;0,0937
560,50;0,0922
560,00;0,0913
559,50;0,0911
559,00;0,0910
558,50;0,0907
558,00;0,0905
557,50;0,0908
557,00;0,0913
556,50;0,0916
556,00;0,0913
555,50;0,0909
555,00;0,0908
554,50;0,0908
554,00;0,0908
553,50;0,0909
553,00;0,0907
552,50;0,0901
552,00;0,0888
551,50;0,0876
551,00;0,0868
550,50;0,0866
550,00;0,0862
549,50;0,0853
549,00;0,0835
548,50;0,0816
548,00;0,0807
547,50;0,0817
547,00;0,0841
546,50;0,0860
546,00;0,0862
545,50;0,0849
545,00;0,0830
544,50;0,0810
544,00;0,0788
543,50;0,0764
543,00;0,0745
542,50;0,0734
542,00;0,0734
541,50;0,0746
541,00;0,0764
540,50;0,0779
540,00;0,0781
539,50;0,0765
539,00;0,0737
538,50;0,0708
538,00;0,0689
537,50;0,0686
537,00;0,0698
536,50;0,0718
536,00;0,0739
535,50;0,0753
535,00;0,0756
534,50;0,0744
534,00;0,0720
533,50;0,0692
533,00;0,0668
532,50;0,0651
532,00;0,0643
531,50;0,0644
531,00;0,0652
530,50;0,0662
530,00;0,0667
529,50;0,0668
529,00;0,0662
528,50;0,0650
528,00;0,0635
527,50;0,0628
527,00;0,0633
526,50;0,0641
526,00;0,0640
525,50;0,0632
525,00;0,0628
524,50;0,0636
524,00;0,0649
523,50;0,0654
523,00;0,0645
522,50;0,0624
522,00;0,0600
521,50;0,0585
521,00;0,0586
520,50;0,0597
520,00;0,0611
519,50;0,0619
519,00;0,0620
518,50;0,0616
518,00;0,0604
517,50;0,0583
517,00;0,0563
516,50;0,0552
516,00;0,0555
515,50;0,0567
515,00;0,0583
514,50;0,0597
514,00;0,0607
513,50;0,0607
513,00;0,0598
512,50;0,0582
512,00;0,0569
511,50;0,0566
511,00;0,0574
510,50;0,0591
510,00;0,0612
509,50;0,0634
509,00;0,0653
508,50;0,0660
508,00;0,0651
507,50;0,0629
507,00;0,0605
506,50;0,0592
506,00;0,0591
505,50;0,0600
505,00;0,0613
504,50;0,0625
504,00;0,0628
503,50;0,0619
503,00;0,0601
502,50;0,0575
502,00;0,0549
501,50;0,0528
501,00;0,0519
500,50;0,0521
500,00;0,0530
499,50;0,0541
499,00;0,0554
498,50;0,0565
498,00;0,0569
497,50;0,0559
497,00;0,0540
496,50;0,0521
496,00;0,0511
495,50;0,0512
495,00;0,0525
494,50;0,0547
494,00;0,0573
493,50;0,0594
493,00;0,0599
492,50;0,0583
492,00;0,0555
491,50;0,0530
491,00;0,0520
490,50;0,0527
490,00;0,0541
489,50;0,0552
489,00;0,0556
488,50;0,0553
488,00;0,0550
487,50;0,0548
487,00;0,0542
486,50;0,0530
486,00;0,0516
485,50;0,0508
485,00;0,0514
484,50;0,0532
484,00;0,0551
483,50;0,0561
483,00;0,0554
482,50;0,0530
482,00;0,0492
481,50;0,0455
481,00;0,0434
480,50;0,0437
480,00;0,0456
479,50;0,0481
479,00;0,0509
478,50;0,0543
478,00;0,0581
477,50;0,0613
477,00;0,0628
476,50;0,0618
476,00;0,0584
475,50;0,0543
475,00;0,0512
474,50;0,0502
474,00;0,0511
473,50;0,0529
473,00;0,0547
472,50;0,0563
472,00;0,0571
471,50;0,0561
471,00;0,0531
470,50;0,0489
470,00;0,0449
469,50;0,0425
469,00;0,0420
468,50;0,0433
468,00;0,0462
467,50;0,0502
467,00;0,0542
466,50;0,0568
466,00;0,0572
465,50;0,0554
465,00;0,0525
464,50;0,0495
464,00;0,0465
463,50;0,0439
463,00;0,0430
462,50;0,0451
462,00;0,0494
461,50;0,0530
461,00;0,0528
460,50;0,0484
460,00;0,0424
459,50;0,0383
459,00;0,0377
458,50;0,0397
458,00;0,0425
457,50;0,0452
457,00;0,0476
456,50;0,0491
456,00;0,0487
455,50;0,0461
455,00;0,0423
454,50;0,0389
454,00;0,0374
453,50;0,0389
453,00;0,0439
452,50;0,0510
452,00;0,0573
451,50;0,0598
451,00;0,0580
450,50;0,0536
450,00;0,0484
449,50;0,0433
449,00;0,0391
448,50;0,0374
448,00;0,0397
447,50;0,0448
447,00;0,0495
446,50;0,0513
446,00;0,0499
445,50;0,0470
445,00;0,0439
444,50;0,0415
444,00;0,0402
443,50;0,0402
443,00;0,0404
442,50;0,0400
442,00;0,0394
441,50;0,0406
441,00;0,0448
440,50;0,0502
440,00;0,0528
439,50;0,0498
439,00;0,0425
438,50;0,0363
438,00;0,0359
437,50;0,0421
437,00;0,0508
436,50;0,0573
436,00;0,0588
435,50;0,0558
435,00;0,0498
434,50;0,0425
434,00;0,0362
433,50;0,0328
433,00;0,0331
432,50;0,0362
432,00;0,0403
431,50;0,0446
431,00;0,0483
430,50;0,0507
430,00;0,0510
429,50;0,0481
429,00;0,0415
428,50;0,0320
428,00;0,0233
427,50;0,0194
427,00;0,0206
426,50;0,0233
426,00;0,0255
425,50;0,0291
425,00;0,0355
424,50;0,0406
424,00;0,0379
423,50;0,0271
423,00;0,0161
422,50;0,0133
422,00;0,0192
421,50;0,0288
421,00;0,0375
420,50;0,0429
420,00;0,0428
419,50;0,0348
419,00;0,0206
418,50;0,0081
418,00;0,0047
417,50;0,0095
417,00;0,0142
416,50;0,0121
416,00;0,0055
415,50;0,0036
415,00;0,0116
414,50;0,0225
414,00;0,0235
413,50;0,0099
413,00;-0,0099
412,50;-0,0224
412,00;-0,0197
411,50;-0,0051
411,00;0,0099
410,50;0,0172
410,00;0,0192
409,50;0,0223
409,00;0,0252
408,50;0,0202
408,00;0,0038
407,50;-0,0170
407,00;-0,0288
406,50;-0,0269
406,00;-0,0231
405,50;-0,0293
405,00;-0,0412
404,50;-0,0419
404,00;-0,0220
403,50;0,0063
403,00;0,0212
402,50;0,0146
402,00;0,0027
401,50;0,0079
401,00;0,0284
400,50;0,0440
400,00;0,0437
