Erstellt als neuer Datensatz;Sample 168 By PC59-C710\Spektrum3 date Dienstag, Juni 02 2026
cm-1;A
4000,00;0,0465
3999,50;0,0465
3999,00;0,0465
3998,50;0,0464
3998,00;0,0463
3997,50;0,0461
3997,00;0,0460
3996,50;0,0459
3996,00;0,0460
3995,50;0,0461
3995,00;0,0462
3994,50;0,0464
3994,00;0,0465
3993,50;0,0463
3993,00;0,0460
3992,50;0,0457
3992,00;0,0454
3991,50;0,0453
3991,00;0,0453
3990,50;0,0456
3990,00;0,0459
3989,50;0,0461
3989,00;0,0459
3988,50;0,0455
3988,00;0,0453
3987,50;0,0451
3987,00;0,0452
3986,50;0,0454
3986,00;0,0457
3985,50;0,0457
3985,00;0,0457
3984,50;0,0456
3984,00;0,0456
3983,50;0,0455
3983,00;0,0454
3982,50;0,0453
3982,00;0,0454
3981,50;0,0454
3981,00;0,0455
3980,50;0,0457
3980,00;0,0458
3979,50;0,0458
3979,00;0,0458
3978,50;0,0457
3978,00;0,0457
3977,50;0,0457
3977,00;0,0458
3976,50;0,0459
3976,00;0,0461
3975,50;0,0461
3975,00;0,0460
3974,50;0,0459
3974,00;0,0459
3973,50;0,0457
3973,00;0,0454
3972,50;0,0452
3972,00;0,0451
3971,50;0,0452
3971,00;0,0455
3970,50;0,0459
3970,00;0,0463
3969,50;0,0464
3969,00;0,0462
3968,50;0,0459
3968,00;0,0456
3967,50;0,0455
3967,00;0,0456
3966,50;0,0457
3966,00;0,0461
3965,50;0,0464
3965,00;0,0467
3964,50;0,0469
3964,00;0,0469
3963,50;0,0467
3963,00;0,0464
3962,50;0,0462
3962,00;0,0461
3961,50;0,0460
3961,00;0,0458
3960,50;0,0456
3960,00;0,0457
3959,50;0,0460
3959,00;0,0463
3958,50;0,0466
3958,00;0,0466
3957,50;0,0464
3957,00;0,0459
3956,50;0,0455
3956,00;0,0454
3955,50;0,0456
3955,00;0,0459
3954,50;0,0463
3954,00;0,0467
3953,50;0,0467
3953,00;0,0465
3952,50;0,0459
3952,00;0,0454
3951,50;0,0451
3951,00;0,0449
3950,50;0,0450
3950,00;0,0452
3949,50;0,0457
3949,00;0,0462
3948,50;0,0464
3948,00;0,0462
3947,50;0,0458
3947,00;0,0452
3946,50;0,0449
3946,00;0,0450
3945,50;0,0453
3945,00;0,0456
3944,50;0,0459
3944,00;0,0462
3943,50;0,0465
3943,00;0,0465
3942,50;0,0463
3942,00;0,0459
3941,50;0,0455
3941,00;0,0451
3940,50;0,0451
3940,00;0,0453
3939,50;0,0457
3939,00;0,0460
3938,50;0,0462
3938,00;0,0463
3937,50;0,0463
3937,00;0,0461
3936,50;0,0457
3936,00;0,0455
3935,50;0,0454
3935,00;0,0456
3934,50;0,0460
3934,00;0,0465
3933,50;0,0469
3933,00;0,0468
3932,50;0,0463
3932,00;0,0457
3931,50;0,0452
3931,00;0,0450
3930,50;0,0449
3930,00;0,0452
3929,50;0,0456
3929,00;0,0462
3928,50;0,0465
3928,00;0,0465
3927,50;0,0463
3927,00;0,0459
3926,50;0,0455
3926,00;0,0452
3925,50;0,0451
3925,00;0,0451
3924,50;0,0453
3924,00;0,0456
3923,50;0,0461
3923,00;0,0466
3922,50;0,0469
3922,00;0,0469
3921,50;0,0466
3921,00;0,0461
3920,50;0,0455
3920,00;0,0451
3919,50;0,0452
3919,00;0,0456
3918,50;0,0460
3918,00;0,0463
3917,50;0,0463
3917,00;0,0462
3916,50;0,0461
3916,00;0,0459
3915,50;0,0456
3915,00;0,0453
3914,50;0,0452
3914,00;0,0454
3913,50;0,0459
3913,00;0,0465
3912,50;0,0468
3912,00;0,0468
3911,50;0,0465
3911,00;0,0461
3910,50;0,0455
3910,00;0,0451
3909,50;0,0449
3909,00;0,0451
3908,50;0,0455
3908,00;0,0461
3907,50;0,0465
3907,00;0,0466
3906,50;0,0464
3906,00;0,0462
3905,50;0,0462
3905,00;0,0462
3904,50;0,0462
3904,00;0,0462
3903,50;0,0465
3903,00;0,0468
3902,50;0,0469
3902,00;0,0468
3901,50;0,0468
3901,00;0,0469
3900,50;0,0467
3900,00;0,0459
3899,50;0,0451
3899,00;0,0450
3898,50;0,0456
3898,00;0,0465
3897,50;0,0470
3897,00;0,0470
3896,50;0,0466
3896,00;0,0462
3895,50;0,0458
3895,00;0,0456
3894,50;0,0454
3894,00;0,0453
3893,50;0,0453
3893,00;0,0455
3892,50;0,0457
3892,00;0,0458
3891,50;0,0458
3891,00;0,0458
3890,50;0,0460
3890,00;0,0461
3889,50;0,0460
3889,00;0,0459
3888,50;0,0458
3888,00;0,0458
3887,50;0,0459
3887,00;0,0460
3886,50;0,0459
3886,00;0,0457
3885,50;0,0456
3885,00;0,0458
3884,50;0,0461
3884,00;0,0462
3883,50;0,0460
3883,00;0,0458
3882,50;0,0458
3882,00;0,0460
3881,50;0,0462
3881,00;0,0461
3880,50;0,0459
3880,00;0,0457
3879,50;0,0458
3879,00;0,0461
3878,50;0,0462
3878,00;0,0461
3877,50;0,0460
3877,00;0,0462
3876,50;0,0464
3876,00;0,0466
3875,50;0,0466
3875,00;0,0464
3874,50;0,0459
3874,00;0,0455
3873,50;0,0454
3873,00;0,0458
3872,50;0,0461
3872,00;0,0463
3871,50;0,0464
3871,00;0,0465
3870,50;0,0466
3870,00;0,0468
3869,50;0,0469
3869,00;0,0469
3868,50;0,0466
3868,00;0,0460
3867,50;0,0455
3867,00;0,0456
3866,50;0,0462
3866,00;0,0466
3865,50;0,0466
3865,00;0,0463
3864,50;0,0461
3864,00;0,0461
3863,50;0,0460
3863,00;0,0460
3862,50;0,0460
3862,00;0,0460
3861,50;0,0461
3861,00;0,0462
3860,50;0,0462
3860,00;0,0460
3859,50;0,0458
3859,00;0,0457
3858,50;0,0458
3858,00;0,0459
3857,50;0,0460
3857,00;0,0462
3856,50;0,0466
3856,00;0,0470
3855,50;0,0473
3855,00;0,0474
3854,50;0,0472
3854,00;0,0471
3853,50;0,0477
3853,00;0,0483
3852,50;0,0482
3852,00;0,0476
3851,50;0,0474
3851,00;0,0476
3850,50;0,0476
3850,00;0,0472
3849,50;0,0467
3849,00;0,0465
3848,50;0,0465
3848,00;0,0462
3847,50;0,0456
3847,00;0,0450
3846,50;0,0448
3846,00;0,0450
3845,50;0,0456
3845,00;0,0463
3844,50;0,0466
3844,00;0,0464
3843,50;0,0458
3843,00;0,0454
3842,50;0,0453
3842,00;0,0456
3841,50;0,0459
3841,00;0,0464
3840,50;0,0467
3840,00;0,0468
3839,50;0,0467
3839,00;0,0465
3838,50;0,0464
3838,00;0,0463
3837,50;0,0464
3837,00;0,0469
3836,50;0,0474
3836,00;0,0475
3835,50;0,0471
3835,00;0,0466
3834,50;0,0464
3834,00;0,0466
3833,50;0,0470
3833,00;0,0472
3832,50;0,0472
3832,00;0,0468
3831,50;0,0464
3831,00;0,0462
3830,50;0,0462
3830,00;0,0464
3829,50;0,0465
3829,00;0,0464
3828,50;0,0463
3828,00;0,0461
3827,50;0,0460
3827,00;0,0459
3826,50;0,0460
3826,00;0,0460
3825,50;0,0462
3825,00;0,0463
3824,50;0,0466
3824,00;0,0470
3823,50;0,0473
3823,00;0,0476
3822,50;0,0477
3822,00;0,0475
3821,50;0,0473
3821,00;0,0471
3820,50;0,0472
3820,00;0,0473
3819,50;0,0474
3819,00;0,0474
3818,50;0,0474
3818,00;0,0473
3817,50;0,0470
3817,00;0,0468
3816,50;0,0466
3816,00;0,0466
3815,50;0,0470
3815,00;0,0474
3814,50;0,0474
3814,00;0,0470
3813,50;0,0465
3813,00;0,0463
3812,50;0,0463
3812,00;0,0463
3811,50;0,0462
3811,00;0,0460
3810,50;0,0458
3810,00;0,0457
3809,50;0,0458
3809,00;0,0461
3808,50;0,0465
3808,00;0,0470
3807,50;0,0471
3807,00;0,0469
3806,50;0,0468
3806,00;0,0467
3805,50;0,0464
3805,00;0,0460
3804,50;0,0458
3804,00;0,0460
3803,50;0,0465
3803,00;0,0470
3802,50;0,0473
3802,00;0,0474
3801,50;0,0474
3801,00;0,0473
3800,50;0,0473
3800,00;0,0470
3799,50;0,0466
3799,00;0,0464
3798,50;0,0464
3798,00;0,0467
3797,50;0,0468
3797,00;0,0468
3796,50;0,0467
3796,00;0,0466
3795,50;0,0465
3795,00;0,0465
3794,50;0,0463
3794,00;0,0463
3793,50;0,0463
3793,00;0,0464
3792,50;0,0464
3792,00;0,0461
3791,50;0,0458
3791,00;0,0456
3790,50;0,0454
3790,00;0,0454
3789,50;0,0454
3789,00;0,0455
3788,50;0,0458
3788,00;0,0460
3787,50;0,0461
3787,00;0,0463
3786,50;0,0465
3786,00;0,0466
3785,50;0,0465
3785,00;0,0462
3784,50;0,0460
3784,00;0,0459
3783,50;0,0460
3783,00;0,0461
3782,50;0,0461
3782,00;0,0459
3781,50;0,0457
3781,00;0,0456
3780,50;0,0457
3780,00;0,0461
3779,50;0,0467
3779,00;0,0471
3778,50;0,0473
3778,00;0,0472
3777,50;0,0468
3777,00;0,0464
3776,50;0,0460
3776,00;0,0457
3775,50;0,0455
3775,00;0,0453
3774,50;0,0453
3774,00;0,0455
3773,50;0,0458
3773,00;0,0462
3772,50;0,0464
3772,00;0,0466
3771,50;0,0467
3771,00;0,0469
3770,50;0,0468
3770,00;0,0467
3769,50;0,0465
3769,00;0,0465
3768,50;0,0465
3768,00;0,0466
3767,50;0,0467
3767,00;0,0470
3766,50;0,0472
3766,00;0,0472
3765,50;0,0470
3765,00;0,0465
3764,50;0,0461
3764,00;0,0456
3763,50;0,0454
3763,00;0,0455
3762,50;0,0459
3762,00;0,0463
3761,50;0,0467
3761,00;0,0468
3760,50;0,0467
3760,00;0,0465
3759,50;0,0463
3759,00;0,0461
3758,50;0,0461
3758,00;0,0460
3757,50;0,0460
3757,00;0,0460
3756,50;0,0461
3756,00;0,0463
3755,50;0,0466
3755,00;0,0467
3754,50;0,0468
3754,00;0,0469
3753,50;0,0469
3753,00;0,0467
3752,50;0,0464
3752,00;0,0464
3751,50;0,0472
3751,00;0,0481
3750,50;0,0485
3750,00;0,0483
3749,50;0,0478
3749,00;0,0477
3748,50;0,0477
3748,00;0,0475
3747,50;0,0469
3747,00;0,0464
3746,50;0,0464
3746,00;0,0468
3745,50;0,0472
3745,00;0,0473
3744,50;0,0471
3744,00;0,0472
3743,50;0,0476
3743,00;0,0474
3742,50;0,0469
3742,00;0,0464
3741,50;0,0463
3741,00;0,0464
3740,50;0,0467
3740,00;0,0469
3739,50;0,0469
3739,00;0,0469
3738,50;0,0468
3738,00;0,0469
3737,50;0,0469
3737,00;0,0468
3736,50;0,0468
3736,00;0,0469
3735,50;0,0470
3735,00;0,0471
3734,50;0,0472
3734,00;0,0474
3733,50;0,0477
3733,00;0,0479
3732,50;0,0479
3732,00;0,0480
3731,50;0,0483
3731,00;0,0485
3730,50;0,0483
3730,00;0,0478
3729,50;0,0472
3729,00;0,0466
3728,50;0,0460
3728,00;0,0456
3727,50;0,0453
3727,00;0,0453
3726,50;0,0456
3726,00;0,0461
3725,50;0,0465
3725,00;0,0468
3724,50;0,0469
3724,00;0,0468
3723,50;0,0467
3723,00;0,0465
3722,50;0,0462
3722,00;0,0461
3721,50;0,0464
3721,00;0,0468
3720,50;0,0472
3720,00;0,0473
3719,50;0,0472
3719,00;0,0470
3718,50;0,0469
3718,00;0,0466
3717,50;0,0463
3717,00;0,0458
3716,50;0,0455
3716,00;0,0453
3715,50;0,0454
3715,00;0,0457
3714,50;0,0461
3714,00;0,0465
3713,50;0,0469
3713,00;0,0469
3712,50;0,0468
3712,00;0,0468
3711,50;0,0471
3711,00;0,0476
3710,50;0,0478
3710,00;0,0477
3709,50;0,0475
3709,00;0,0474
3708,50;0,0473
3708,00;0,0470
3707,50;0,0464
3707,00;0,0460
3706,50;0,0458
3706,00;0,0459
3705,50;0,0461
3705,00;0,0466
3704,50;0,0472
3704,00;0,0477
3703,50;0,0480
3703,00;0,0480
3702,50;0,0477
3702,00;0,0474
3701,50;0,0471
3701,00;0,0470
3700,50;0,0469
3700,00;0,0469
3699,50;0,0471
3699,00;0,0475
3698,50;0,0480
3698,00;0,0483
3697,50;0,0483
3697,00;0,0481
3696,50;0,0478
3696,00;0,0475
3695,50;0,0474
3695,00;0,0477
3694,50;0,0482
3694,00;0,0488
3693,50;0,0492
3693,00;0,0496
3692,50;0,0497
3692,00;0,0497
3691,50;0,0496
3691,00;0,0498
3690,50;0,0504
3690,00;0,0512
3689,50;0,0516
3689,00;0,0516
3688,50;0,0514
3688,00;0,0513
3687,50;0,0512
3687,00;0,0507
3686,50;0,0498
3686,00;0,0490
3685,50;0,0486
3685,00;0,0485
3684,50;0,0487
3684,00;0,0490
3683,50;0,0493
3683,00;0,0495
3682,50;0,0494
3682,00;0,0491
3681,50;0,0486
3681,00;0,0481
3680,50;0,0476
3680,00;0,0475
3679,50;0,0476
3679,00;0,0479
3678,50;0,0482
3678,00;0,0484
3677,50;0,0485
3677,00;0,0484
3676,50;0,0483
3676,00;0,0483
3675,50;0,0483
3675,00;0,0486
3674,50;0,0489
3674,00;0,0491
3673,50;0,0491
3673,00;0,0491
3672,50;0,0491
3672,00;0,0490
3671,50;0,0487
3671,00;0,0480
3670,50;0,0474
3670,00;0,0472
3669,50;0,0474
3669,00;0,0476
3668,50;0,0478
3668,00;0,0480
3667,50;0,0482
3667,00;0,0482
3666,50;0,0480
3666,00;0,0476
3665,50;0,0473
3665,00;0,0472
3664,50;0,0473
3664,00;0,0476
3663,50;0,0481
3663,00;0,0486
3662,50;0,0488
3662,00;0,0489
3661,50;0,0487
3661,00;0,0484
3660,50;0,0481
3660,00;0,0478
3659,50;0,0475
3659,00;0,0474
3658,50;0,0476
3658,00;0,0479
3657,50;0,0484
3657,00;0,0487
3656,50;0,0489
3656,00;0,0491
3655,50;0,0491
3655,00;0,0489
3654,50;0,0485
3654,00;0,0481
3653,50;0,0481
3653,00;0,0484
3652,50;0,0487
3652,00;0,0490
3651,50;0,0491
3651,00;0,0490
3650,50;0,0488
3650,00;0,0486
3649,50;0,0487
3649,00;0,0490
3648,50;0,0494
3648,00;0,0498
3647,50;0,0499
3647,00;0,0499
3646,50;0,0500
3646,00;0,0502
3645,50;0,0502
3645,00;0,0497
3644,50;0,0490
3644,00;0,0486
3643,50;0,0486
3643,00;0,0489
3642,50;0,0493
3642,00;0,0495
3641,50;0,0495
3641,00;0,0493
3640,50;0,0490
3640,00;0,0488
3639,50;0,0486
3639,00;0,0486
3638,50;0,0488
3638,00;0,0491
3637,50;0,0494
3637,00;0,0497
3636,50;0,0497
3636,00;0,0496
3635,50;0,0494
3635,00;0,0493
3634,50;0,0492
3634,00;0,0492
3633,50;0,0493
3633,00;0,0496
3632,50;0,0500
3632,00;0,0502
3631,50;0,0504
3631,00;0,0505
3630,50;0,0505
3630,00;0,0505
3629,50;0,0504
3629,00;0,0501
3628,50;0,0499
3628,00;0,0499
3627,50;0,0500
3627,00;0,0503
3626,50;0,0506
3626,00;0,0507
3625,50;0,0507
3625,00;0,0506
3624,50;0,0505
3624,00;0,0504
3623,50;0,0503
3623,00;0,0504
3622,50;0,0505
3622,00;0,0506
3621,50;0,0507
3621,00;0,0510
3620,50;0,0513
3620,00;0,0515
3619,50;0,0517
3619,00;0,0520
3618,50;0,0520
3618,00;0,0518
3617,50;0,0515
3617,00;0,0515
3616,50;0,0516
3616,00;0,0517
3615,50;0,0515
3615,00;0,0513
3614,50;0,0513
3614,00;0,0516
3613,50;0,0519
3613,00;0,0520
3612,50;0,0520
3612,00;0,0521
3611,50;0,0522
3611,00;0,0523
3610,50;0,0523
3610,00;0,0522
3609,50;0,0520
3609,00;0,0519
3608,50;0,0520
3608,00;0,0521
3607,50;0,0522
3607,00;0,0523
3606,50;0,0526
3606,00;0,0532
3605,50;0,0538
3605,00;0,0540
3604,50;0,0537
3604,00;0,0533
3603,50;0,0529
3603,00;0,0528
3602,50;0,0529
3602,00;0,0531
3601,50;0,0535
3601,00;0,0537
3600,50;0,0538
3600,00;0,0537
3599,50;0,0535
3599,00;0,0534
3598,50;0,0533
3598,00;0,0532
3597,50;0,0532
3597,00;0,0532
3596,50;0,0533
3596,00;0,0534
3595,50;0,0536
3595,00;0,0538
3594,50;0,0540
3594,00;0,0541
3593,50;0,0541
3593,00;0,0541
3592,50;0,0542
3592,00;0,0544
3591,50;0,0546
3591,00;0,0547
3590,50;0,0548
3590,00;0,0551
3589,50;0,0552
3589,00;0,0552
3588,50;0,0550
3588,00;0,0549
3587,50;0,0548
3587,00;0,0545
3586,50;0,0544
3586,00;0,0547
3585,50;0,0553
3585,00;0,0559
3584,50;0,0562
3584,00;0,0563
3583,50;0,0562
3583,00;0,0561
3582,50;0,0560
3582,00;0,0561
3581,50;0,0561
3581,00;0,0560
3580,50;0,0558
3580,00;0,0555
3579,50;0,0552
3579,00;0,0552
3578,50;0,0553
3578,00;0,0555
3577,50;0,0558
3577,00;0,0561
3576,50;0,0566
3576,00;0,0571
3575,50;0,0575
3575,00;0,0578
3574,50;0,0580
3574,00;0,0580
3573,50;0,0580
3573,00;0,0579
3572,50;0,0578
3572,00;0,0578
3571,50;0,0579
3571,00;0,0581
3570,50;0,0585
3570,00;0,0588
3569,50;0,0590
3569,00;0,0590
3568,50;0,0589
3568,00;0,0590
3567,50;0,0593
3567,00;0,0597
3566,50;0,0600
3566,00;0,0602
3565,50;0,0604
3565,00;0,0606
3564,50;0,0608
3564,00;0,0609
3563,50;0,0609
3563,00;0,0610
3562,50;0,0611
3562,00;0,0610
3561,50;0,0610
3561,00;0,0611
3560,50;0,0613
3560,00;0,0617
3559,50;0,0620
3559,00;0,0622
3558,50;0,0623
3558,00;0,0624
3557,50;0,0625
3557,00;0,0627
3556,50;0,0628
3556,00;0,0629
3555,50;0,0629
3555,00;0,0629
3554,50;0,0629
3554,00;0,0630
3553,50;0,0632
3553,00;0,0635
3552,50;0,0639
3552,00;0,0641
3551,50;0,0643
3551,00;0,0643
3550,50;0,0642
3550,00;0,0641
3549,50;0,0641
3549,00;0,0643
3548,50;0,0647
3548,00;0,0650
3547,50;0,0653
3547,00;0,0654
3546,50;0,0655
3546,00;0,0654
3545,50;0,0653
3545,00;0,0652
3544,50;0,0654
3544,00;0,0659
3543,50;0,0664
3543,00;0,0666
3542,50;0,0665
3542,00;0,0664
3541,50;0,0663
3541,00;0,0665
3540,50;0,0667
3540,00;0,0668
3539,50;0,0670
3539,00;0,0671
3538,50;0,0674
3538,00;0,0677
3537,50;0,0679
3537,00;0,0680
3536,50;0,0679
3536,00;0,0678
3535,50;0,0678
3535,00;0,0679
3534,50;0,0681
3534,00;0,0684
3533,50;0,0688
3533,00;0,0691
3532,50;0,0693
3532,00;0,0694
3531,50;0,0694
3531,00;0,0694
3530,50;0,0695
3530,00;0,0697
3529,50;0,0698
3529,00;0,0700
3528,50;0,0701
3528,00;0,0705
3527,50;0,0709
3527,00;0,0713
3526,50;0,0715
3526,00;0,0715
3525,50;0,0714
3525,00;0,0711
3524,50;0,0710
3524,00;0,0711
3523,50;0,0714
3523,00;0,0717
3522,50;0,0720
3522,00;0,0723
3521,50;0,0727
3521,00;0,0731
3520,50;0,0733
3520,00;0,0733
3519,50;0,0733
3519,00;0,0734
3518,50;0,0736
3518,00;0,0738
3517,50;0,0739
3517,00;0,0740
3516,50;0,0741
3516,00;0,0743
3515,50;0,0746
3515,00;0,0750
3514,50;0,0753
3514,00;0,0755
3513,50;0,0757
3513,00;0,0758
3512,50;0,0760
3512,00;0,0762
3511,50;0,0764
3511,00;0,0765
3510,50;0,0768
3510,00;0,0771
3509,50;0,0773
3509,00;0,0775
3508,50;0,0777
3508,00;0,0779
3507,50;0,0781
3507,00;0,0784
3506,50;0,0787
3506,00;0,0791
3505,50;0,0794
3505,00;0,0795
3504,50;0,0796
3504,00;0,0797
3503,50;0,0799
3503,00;0,0803
3502,50;0,0807
3502,00;0,0811
3501,50;0,0814
3501,00;0,0817
3500,50;0,0818
3500,00;0,0819
3499,50;0,0820
3499,00;0,0822
3498,50;0,0824
3498,00;0,0827
3497,50;0,0830
3497,00;0,0834
3496,50;0,0837
3496,00;0,0840
3495,50;0,0843
3495,00;0,0845
3494,50;0,0847
3494,00;0,0848
3493,50;0,0850
3493,00;0,0853
3492,50;0,0856
3492,00;0,0860
3491,50;0,0864
3491,00;0,0867
3490,50;0,0870
3490,00;0,0873
3489,50;0,0875
3489,00;0,0877
3488,50;0,0880
3488,00;0,0882
3487,50;0,0885
3487,00;0,0888
3486,50;0,0891
3486,00;0,0894
3485,50;0,0897
3485,00;0,0901
3484,50;0,0904
3484,00;0,0907
3483,50;0,0909
3483,00;0,0912
3482,50;0,0915
3482,00;0,0918
3481,50;0,0923
3481,00;0,0927
3480,50;0,0932
3480,00;0,0935
3479,50;0,0939
3479,00;0,0944
3478,50;0,0947
3478,00;0,0950
3477,50;0,0951
3477,00;0,0952
3476,50;0,0954
3476,00;0,0957
3475,50;0,0960
3475,00;0,0964
3474,50;0,0968
3474,00;0,0971
3473,50;0,0974
3473,00;0,0977
3472,50;0,0980
3472,00;0,0984
3471,50;0,0988
3471,00;0,0993
3470,50;0,0997
3470,00;0,1001
3469,50;0,1004
3469,00;0,1007
3468,50;0,1011
3468,00;0,1015
3467,50;0,1020
3467,00;0,1026
3466,50;0,1031
3466,00;0,1035
3465,50;0,1038
3465,00;0,1040
3464,50;0,1043
3464,00;0,1047
3463,50;0,1051
3463,00;0,1055
3462,50;0,1059
3462,00;0,1062
3461,50;0,1066
3461,00;0,1071
3460,50;0,1077
3460,00;0,1082
3459,50;0,1086
3459,00;0,1090
3458,50;0,1095
3458,00;0,1100
3457,50;0,1105
3457,00;0,1110
3456,50;0,1114
3456,00;0,1118
3455,50;0,1122
3455,00;0,1127
3454,50;0,1133
3454,00;0,1138
3453,50;0,1143
3453,00;0,1148
3452,50;0,1152
3452,00;0,1155
3451,50;0,1159
3451,00;0,1163
3450,50;0,1169
3450,00;0,1176
3449,50;0,1183
3449,00;0,1189
3448,50;0,1193
3448,00;0,1197
3447,50;0,1202
3447,00;0,1208
3446,50;0,1213
3446,00;0,1219
3445,50;0,1225
3445,00;0,1230
3444,50;0,1234
3444,00;0,1239
3443,50;0,1245
3443,00;0,1251
3442,50;0,1258
3442,00;0,1264
3441,50;0,1270
3441,00;0,1275
3440,50;0,1280
3440,00;0,1287
3439,50;0,1294
3439,00;0,1302
3438,50;0,1309
3438,00;0,1314
3437,50;0,1318
3437,00;0,1323
3436,50;0,1328
3436,00;0,1335
3435,50;0,1343
3435,00;0,1351
3434,50;0,1358
3434,00;0,1364
3433,50;0,1370
3433,00;0,1376
3432,50;0,1382
3432,00;0,1388
3431,50;0,1393
3431,00;0,1397
3430,50;0,1402
3430,00;0,1407
3429,50;0,1414
3429,00;0,1422
3428,50;0,1431
3428,00;0,1439
3427,50;0,1446
3427,00;0,1451
3426,50;0,1456
3426,00;0,1463
3425,50;0,1470
3425,00;0,1477
3424,50;0,1484
3424,00;0,1491
3423,50;0,1500
3423,00;0,1509
3422,50;0,1518
3422,00;0,1525
3421,50;0,1529
3421,00;0,1533
3420,50;0,1538
3420,00;0,1543
3419,50;0,1549
3419,00;0,1555
3418,50;0,1563
3418,00;0,1570
3417,50;0,1576
3417,00;0,1582
3416,50;0,1587
3416,00;0,1593
3415,50;0,1600
3415,00;0,1607
3414,50;0,1614
3414,00;0,1622
3413,50;0,1629
3413,00;0,1635
3412,50;0,1642
3412,00;0,1649
3411,50;0,1656
3411,00;0,1662
3410,50;0,1666
3410,00;0,1671
3409,50;0,1677
3409,00;0,1683
3408,50;0,1690
3408,00;0,1697
3407,50;0,1704
3407,00;0,1710
3406,50;0,1716
3406,00;0,1721
3405,50;0,1726
3405,00;0,1730
3404,50;0,1735
3404,00;0,1741
3403,50;0,1748
3403,00;0,1756
3402,50;0,1765
3402,00;0,1773
3401,50;0,1781
3401,00;0,1789
3400,50;0,1794
3400,00;0,1798
3399,50;0,1801
3399,00;0,1805
3398,50;0,1810
3398,00;0,1816
3397,50;0,1822
3397,00;0,1829
3396,50;0,1837
3396,00;0,1843
3395,50;0,1848
3395,00;0,1853
3394,50;0,1857
3394,00;0,1862
3393,50;0,1868
3393,00;0,1874
3392,50;0,1882
3392,00;0,1889
3391,50;0,1895
3391,00;0,1898
3390,50;0,1903
3390,00;0,1909
3389,50;0,1917
3389,00;0,1925
3388,50;0,1931
3388,00;0,1937
3387,50;0,1942
3387,00;0,1949
3386,50;0,1956
3386,00;0,1963
3385,50;0,1969
3385,00;0,1972
3384,50;0,1975
3384,00;0,1979
3383,50;0,1983
3383,00;0,1989
3382,50;0,1994
3382,00;0,1998
3381,50;0,2003
3381,00;0,2008
3380,50;0,2013
3380,00;0,2019
3379,50;0,2024
3379,00;0,2030
3378,50;0,2036
3378,00;0,2043
3377,50;0,2049
3377,00;0,2054
3376,50;0,2058
3376,00;0,2062
3375,50;0,2067
3375,00;0,2073
3374,50;0,2078
3374,00;0,2083
3373,50;0,2088
3373,00;0,2092
3372,50;0,2097
3372,00;0,2100
3371,50;0,2104
3371,00;0,2108
3370,50;0,2114
3370,00;0,2120
3369,50;0,2127
3369,00;0,2132
3368,50;0,2135
3368,00;0,2137
3367,50;0,2139
3367,00;0,2143
3366,50;0,2149
3366,00;0,2156
3365,50;0,2162
3365,00;0,2166
3364,50;0,2171
3364,00;0,2176
3363,50;0,2181
3363,00;0,2186
3362,50;0,2189
3362,00;0,2192
3361,50;0,2192
3361,00;0,2192
3360,50;0,2193
3360,00;0,2195
3359,50;0,2198
3359,00;0,2203
3358,50;0,2208
3358,00;0,2212
3357,50;0,2218
3357,00;0,2224
3356,50;0,2230
3356,00;0,2234
3355,50;0,2237
3355,00;0,2240
3354,50;0,2241
3354,00;0,2243
3353,50;0,2247
3353,00;0,2252
3352,50;0,2258
3352,00;0,2263
3351,50;0,2266
3351,00;0,2269
3350,50;0,2271
3350,00;0,2273
3349,50;0,2276
3349,00;0,2278
3348,50;0,2279
3348,00;0,2281
3347,50;0,2284
3347,00;0,2289
3346,50;0,2296
3346,00;0,2302
3345,50;0,2309
3345,00;0,2314
3344,50;0,2316
3344,00;0,2318
3343,50;0,2320
3343,00;0,2323
3342,50;0,2328
3342,00;0,2333
3341,50;0,2337
3341,00;0,2339
3340,50;0,2342
3340,00;0,2346
3339,50;0,2351
3339,00;0,2355
3338,50;0,2359
3338,00;0,2362
3337,50;0,2364
3337,00;0,2366
3336,50;0,2369
3336,00;0,2371
3335,50;0,2374
3335,00;0,2377
3334,50;0,2381
3334,00;0,2385
3333,50;0,2390
3333,00;0,2395
3332,50;0,2400
3332,00;0,2403
3331,50;0,2406
3331,00;0,2408
3330,50;0,2412
3330,00;0,2417
3329,50;0,2423
3329,00;0,2428
3328,50;0,2432
3328,00;0,2433
3327,50;0,2434
3327,00;0,2436
3326,50;0,2440
3326,00;0,2446
3325,50;0,2451
3325,00;0,2457
3324,50;0,2462
3324,00;0,2466
3323,50;0,2471
3323,00;0,2475
3322,50;0,2480
3322,00;0,2485
3321,50;0,2490
3321,00;0,2495
3320,50;0,2501
3320,00;0,2505
3319,50;0,2509
3319,00;0,2513
3318,50;0,2516
3318,00;0,2519
3317,50;0,2523
3317,00;0,2530
3316,50;0,2539
3316,00;0,2548
3315,50;0,2555
3315,00;0,2559
3314,50;0,2561
3314,00;0,2562
3313,50;0,2565
3313,00;0,2569
3312,50;0,2574
3312,00;0,2579
3311,50;0,2585
3311,00;0,2591
3310,50;0,2598
3310,00;0,2604
3309,50;0,2610
3309,00;0,2615
3308,50;0,2620
3308,00;0,2623
3307,50;0,2627
3307,00;0,2632
3306,50;0,2638
3306,00;0,2643
3305,50;0,2650
3305,00;0,2657
3304,50;0,2666
3304,00;0,2676
3303,50;0,2685
3303,00;0,2693
3302,50;0,2701
3302,00;0,2708
3301,50;0,2716
3301,00;0,2723
3300,50;0,2730
3300,00;0,2736
3299,50;0,2743
3299,00;0,2753
3298,50;0,2764
3298,00;0,2775
3297,50;0,2784
3297,00;0,2793
3296,50;0,2801
3296,00;0,2809
3295,50;0,2819
3295,00;0,2829
3294,50;0,2838
3294,00;0,2845
3293,50;0,2849
3293,00;0,2854
3292,50;0,2862
3292,00;0,2872
3291,50;0,2881
3291,00;0,2888
3290,50;0,2891
3290,00;0,2894
3289,50;0,2900
3289,00;0,2907
3288,50;0,2916
3288,00;0,2924
3287,50;0,2931
3287,00;0,2938
3286,50;0,2944
3286,00;0,2948
3285,50;0,2953
3285,00;0,2959
3284,50;0,2966
3284,00;0,2973
3283,50;0,2980
3283,00;0,2989
3282,50;0,3000
3282,00;0,3009
3281,50;0,3016
3281,00;0,3021
3280,50;0,3026
3280,00;0,3033
3279,50;0,3042
3279,00;0,3051
3278,50;0,3060
3278,00;0,3069
3277,50;0,3077
3277,00;0,3084
3276,50;0,3092
3276,00;0,3101
3275,50;0,3111
3275,00;0,3122
3274,50;0,3134
3274,00;0,3145
3273,50;0,3155
3273,00;0,3165
3272,50;0,3174
3272,00;0,3184
3271,50;0,3193
3271,00;0,3203
3270,50;0,3213
3270,00;0,3222
3269,50;0,3233
3269,00;0,3243
3268,50;0,3252
3268,00;0,3260
3267,50;0,3269
3267,00;0,3279
3266,50;0,3292
3266,00;0,3305
3265,50;0,3319
3265,00;0,3331
3264,50;0,3342
3264,00;0,3351
3263,50;0,3358
3263,00;0,3367
3262,50;0,3377
3262,00;0,3389
3261,50;0,3401
3261,00;0,3414
3260,50;0,3427
3260,00;0,3439
3259,50;0,3450
3259,00;0,3460
3258,50;0,3470
3258,00;0,3478
3257,50;0,3487
3257,00;0,3496
3256,50;0,3507
3256,00;0,3519
3255,50;0,3532
3255,00;0,3547
3254,50;0,3563
3254,00;0,3579
3253,50;0,3595
3253,00;0,3609
3252,50;0,3620
3252,00;0,3628
3251,50;0,3635
3251,00;0,3643
3250,50;0,3652
3250,00;0,3664
3249,50;0,3678
3249,00;0,3692
3248,50;0,3706
3248,00;0,3718
3247,50;0,3730
3247,00;0,3741
3246,50;0,3753
3246,00;0,3766
3245,50;0,3780
3245,00;0,3794
3244,50;0,3806
3244,00;0,3814
3243,50;0,3820
3243,00;0,3826
3242,50;0,3835
3242,00;0,3845
3241,50;0,3857
3241,00;0,3869
3240,50;0,3880
3240,00;0,3889
3239,50;0,3896
3239,00;0,3902
3238,50;0,3909
3238,00;0,3915
3237,50;0,3921
3237,00;0,3927
3236,50;0,3934
3236,00;0,3939
3235,50;0,3943
3235,00;0,3945
3234,50;0,3947
3234,00;0,3949
3233,50;0,3954
3233,00;0,3959
3232,50;0,3964
3232,00;0,3965
3231,50;0,3962
3231,00;0,3958
3230,50;0,3953
3230,00;0,3949
3229,50;0,3944
3229,00;0,3940
3228,50;0,3937
3228,00;0,3936
3227,50;0,3935
3227,00;0,3933
3226,50;0,3929
3226,00;0,3925
3225,50;0,3922
3225,00;0,3918
3224,50;0,3909
3224,00;0,3897
3223,50;0,3884
3223,00;0,3873
3222,50;0,3864
3222,00;0,3857
3221,50;0,3851
3221,00;0,3847
3220,50;0,3842
3220,00;0,3835
3219,50;0,3826
3219,00;0,3816
3218,50;0,3806
3218,00;0,3797
3217,50;0,3786
3217,00;0,3774
3216,50;0,3762
3216,00;0,3751
3215,50;0,3738
3215,00;0,3724
3214,50;0,3712
3214,00;0,3702
3213,50;0,3695
3213,00;0,3687
3212,50;0,3679
3212,00;0,3669
3211,50;0,3659
3211,00;0,3649
3210,50;0,3638
3210,00;0,3623
3209,50;0,3608
3209,00;0,3594
3208,50;0,3585
3208,00;0,3577
3207,50;0,3568
3207,00;0,3556
3206,50;0,3545
3206,00;0,3534
3205,50;0,3524
3205,00;0,3514
3204,50;0,3504
3204,00;0,3493
3203,50;0,3483
3203,00;0,3472
3202,50;0,3462
3202,00;0,3451
3201,50;0,3441
3201,00;0,3431
3200,50;0,3422
3200,00;0,3416
3199,50;0,3410
3199,00;0,3403
3198,50;0,3395
3198,00;0,3386
3197,50;0,3377
3197,00;0,3367
3196,50;0,3358
3196,00;0,3350
3195,50;0,3342
3195,00;0,3334
3194,50;0,3326
3194,00;0,3318
3193,50;0,3308
3193,00;0,3299
3192,50;0,3290
3192,00;0,3282
3191,50;0,3273
3191,00;0,3264
3190,50;0,3253
3190,00;0,3244
3189,50;0,3237
3189,00;0,3230
3188,50;0,3224
3188,00;0,3219
3187,50;0,3215
3187,00;0,3211
3186,50;0,3206
3186,00;0,3199
3185,50;0,3192
3185,00;0,3183
3184,50;0,3175
3184,00;0,3167
3183,50;0,3159
3183,00;0,3151
3182,50;0,3144
3182,00;0,3139
3181,50;0,3134
3181,00;0,3127
3180,50;0,3119
3180,00;0,3112
3179,50;0,3106
3179,00;0,3103
3178,50;0,3100
3178,00;0,3097
3177,50;0,3093
3177,00;0,3089
3176,50;0,3083
3176,00;0,3076
3175,50;0,3069
3175,00;0,3064
3174,50;0,3059
3174,00;0,3054
3173,50;0,3049
3173,00;0,3043
3172,50;0,3035
3172,00;0,3028
3171,50;0,3021
3171,00;0,3015
3170,50;0,3011
3170,00;0,3005
3169,50;0,3000
3169,00;0,2995
3168,50;0,2991
3168,00;0,2986
3167,50;0,2981
3167,00;0,2976
3166,50;0,2972
3166,00;0,2968
3165,50;0,2964
3165,00;0,2959
3164,50;0,2953
3164,00;0,2947
3163,50;0,2940
3163,00;0,2935
3162,50;0,2933
3162,00;0,2933
3161,50;0,2933
3161,00;0,2929
3160,50;0,2923
3160,00;0,2915
3159,50;0,2908
3159,00;0,2902
3158,50;0,2899
3158,00;0,2896
3157,50;0,2892
3157,00;0,2888
3156,50;0,2882
3156,00;0,2877
3155,50;0,2873
3155,00;0,2868
3154,50;0,2863
3154,00;0,2859
3153,50;0,2856
3153,00;0,2853
3152,50;0,2848
3152,00;0,2843
3151,50;0,2838
3151,00;0,2833
3150,50;0,2828
3150,00;0,2823
3149,50;0,2817
3149,00;0,2812
3148,50;0,2805
3148,00;0,2798
3147,50;0,2792
3147,00;0,2786
3146,50;0,2780
3146,00;0,2773
3145,50;0,2766
3145,00;0,2758
3144,50;0,2751
3144,00;0,2745
3143,50;0,2739
3143,00;0,2733
3142,50;0,2726
3142,00;0,2719
3141,50;0,2713
3141,00;0,2707
3140,50;0,2701
3140,00;0,2693
3139,50;0,2685
3139,00;0,2678
3138,50;0,2671
3138,00;0,2664
3137,50;0,2658
3137,00;0,2651
3136,50;0,2643
3136,00;0,2636
3135,50;0,2628
3135,00;0,2621
3134,50;0,2614
3134,00;0,2605
3133,50;0,2594
3133,00;0,2583
3132,50;0,2574
3132,00;0,2566
3131,50;0,2558
3131,00;0,2551
3130,50;0,2544
3130,00;0,2537
3129,50;0,2529
3129,00;0,2520
3128,50;0,2509
3128,00;0,2498
3127,50;0,2487
3127,00;0,2476
3126,50;0,2468
3126,00;0,2461
3125,50;0,2456
3125,00;0,2450
3124,50;0,2442
3124,00;0,2431
3123,50;0,2419
3123,00;0,2406
3122,50;0,2394
3122,00;0,2383
3121,50;0,2373
3121,00;0,2364
3120,50;0,2353
3120,00;0,2342
3119,50;0,2329
3119,00;0,2317
3118,50;0,2304
3118,00;0,2293
3117,50;0,2282
3117,00;0,2273
3116,50;0,2264
3116,00;0,2256
3115,50;0,2248
3115,00;0,2238
3114,50;0,2226
3114,00;0,2212
3113,50;0,2198
3113,00;0,2187
3112,50;0,2178
3112,00;0,2168
3111,50;0,2157
3111,00;0,2144
3110,50;0,2131
3110,00;0,2118
3109,50;0,2106
3109,00;0,2096
3108,50;0,2084
3108,00;0,2072
3107,50;0,2059
3107,00;0,2045
3106,50;0,2032
3106,00;0,2021
3105,50;0,2011
3105,00;0,2003
3104,50;0,1994
3104,00;0,1982
3103,50;0,1970
3103,00;0,1956
3102,50;0,1944
3102,00;0,1933
3101,50;0,1922
3101,00;0,1911
3100,50;0,1899
3100,00;0,1887
3099,50;0,1878
3099,00;0,1870
3098,50;0,1861
3098,00;0,1849
3097,50;0,1838
3097,00;0,1827
3096,50;0,1817
3096,00;0,1807
3095,50;0,1796
3095,00;0,1785
3094,50;0,1773
3094,00;0,1761
3093,50;0,1748
3093,00;0,1736
3092,50;0,1725
3092,00;0,1715
3091,50;0,1705
3091,00;0,1696
3090,50;0,1687
3090,00;0,1678
3089,50;0,1669
3089,00;0,1659
3088,50;0,1649
3088,00;0,1639
3087,50;0,1628
3087,00;0,1617
3086,50;0,1606
3086,00;0,1596
3085,50;0,1587
3085,00;0,1578
3084,50;0,1569
3084,00;0,1560
3083,50;0,1551
3083,00;0,1542
3082,50;0,1533
3082,00;0,1524
3081,50;0,1515
3081,00;0,1506
3080,50;0,1498
3080,00;0,1490
3079,50;0,1483
3079,00;0,1475
3078,50;0,1466
3078,00;0,1456
3077,50;0,1446
3077,00;0,1438
3076,50;0,1430
3076,00;0,1423
3075,50;0,1417
3075,00;0,1410
3074,50;0,1403
3074,00;0,1396
3073,50;0,1388
3073,00;0,1380
3072,50;0,1371
3072,00;0,1363
3071,50;0,1355
3071,00;0,1348
3070,50;0,1341
3070,00;0,1335
3069,50;0,1330
3069,00;0,1325
3068,50;0,1321
3068,00;0,1316
3067,50;0,1309
3067,00;0,1300
3066,50;0,1291
3066,00;0,1283
3065,50;0,1277
3065,00;0,1271
3064,50;0,1266
3064,00;0,1260
3063,50;0,1255
3063,00;0,1250
3062,50;0,1246
3062,00;0,1242
3061,50;0,1236
3061,00;0,1230
3060,50;0,1223
3060,00;0,1216
3059,50;0,1209
3059,00;0,1203
3058,50;0,1197
3058,00;0,1192
3057,50;0,1187
3057,00;0,1182
3056,50;0,1178
3056,00;0,1173
3055,50;0,1169
3055,00;0,1165
3054,50;0,1161
3054,00;0,1157
3053,50;0,1152
3053,00;0,1147
3052,50;0,1143
3052,00;0,1138
3051,50;0,1133
3051,00;0,1127
3050,50;0,1119
3050,00;0,1113
3049,50;0,1107
3049,00;0,1103
3048,50;0,1101
3048,00;0,1098
3047,50;0,1095
3047,00;0,1092
3046,50;0,1087
3046,00;0,1081
3045,50;0,1075
3045,00;0,1070
3044,50;0,1066
3044,00;0,1064
3043,50;0,1061
3043,00;0,1057
3042,50;0,1052
3042,00;0,1048
3041,50;0,1045
3041,00;0,1043
3040,50;0,1041
3040,00;0,1039
3039,50;0,1035
3039,00;0,1031
3038,50;0,1026
3038,00;0,1021
3037,50;0,1016
3037,00;0,1012
3036,50;0,1009
3036,00;0,1006
3035,50;0,1001
3035,00;0,0997
3034,50;0,0993
3034,00;0,0990
3033,50;0,0989
3033,00;0,0986
3032,50;0,0984
3032,00;0,0981
3031,50;0,0977
3031,00;0,0972
3030,50;0,0967
3030,00;0,0962
3029,50;0,0959
3029,00;0,0958
3028,50;0,0957
3028,00;0,0957
3027,50;0,0956
3027,00;0,0953
3026,50;0,0949
3026,00;0,0945
3025,50;0,0942
3025,00;0,0938
3024,50;0,0935
3024,00;0,0932
3023,50;0,0930
3023,00;0,0929
3022,50;0,0928
3022,00;0,0926
3021,50;0,0922
3021,00;0,0917
3020,50;0,0913
3020,00;0,0911
3019,50;0,0909
3019,00;0,0907
3018,50;0,0905
3018,00;0,0903
3017,50;0,0901
3017,00;0,0900
3016,50;0,0897
3016,00;0,0893
3015,50;0,0889
3015,00;0,0886
3014,50;0,0882
3014,00;0,0879
3013,50;0,0876
3013,00;0,0873
3012,50;0,0871
3012,00;0,0869
3011,50;0,0867
3011,00;0,0866
3010,50;0,0866
3010,00;0,0866
3009,50;0,0865
3009,00;0,0862
3008,50;0,0858
3008,00;0,0855
3007,50;0,0852
3007,00;0,0850
3006,50;0,0849
3006,00;0,0848
3005,50;0,0847
3005,00;0,0846
3004,50;0,0843
3004,00;0,0840
3003,50;0,0838
3003,00;0,0836
3002,50;0,0834
3002,00;0,0833
3001,50;0,0831
3001,00;0,0830
3000,50;0,0828
3000,00;0,0827
2999,50;0,0826
2999,00;0,0825
2998,50;0,0823
2998,00;0,0820
2997,50;0,0816
2997,00;0,0813
2996,50;0,0812
2996,00;0,0811
2995,50;0,0810
2995,00;0,0808
2994,50;0,0806
2994,00;0,0803
2993,50;0,0800
2993,00;0,0798
2992,50;0,0796
2992,00;0,0795
2991,50;0,0794
2991,00;0,0794
2990,50;0,0794
2990,00;0,0793
2989,50;0,0791
2989,00;0,0790
2988,50;0,0788
2988,00;0,0786
2987,50;0,0784
2987,00;0,0782
2986,50;0,0780
2986,00;0,0780
2985,50;0,0779
2985,00;0,0777
2984,50;0,0775
2984,00;0,0772
2983,50;0,0771
2983,00;0,0770
2982,50;0,0769
2982,00;0,0769
2981,50;0,0768
2981,00;0,0768
2980,50;0,0767
2980,00;0,0766
2979,50;0,0765
2979,00;0,0764
2978,50;0,0761
2978,00;0,0758
2977,50;0,0755
2977,00;0,0753
2976,50;0,0753
2976,00;0,0753
2975,50;0,0753
2975,00;0,0752
2974,50;0,0750
2974,00;0,0747
2973,50;0,0745
2973,00;0,0743
2972,50;0,0741
2972,00;0,0739
2971,50;0,0738
2971,00;0,0738
2970,50;0,0737
2970,00;0,0736
2969,50;0,0735
2969,00;0,0734
2968,50;0,0734
2968,00;0,0733
2967,50;0,0733
2967,00;0,0732
2966,50;0,0731
2966,00;0,0728
2965,50;0,0726
2965,00;0,0724
2964,50;0,0722
2964,00;0,0720
2963,50;0,0720
2963,00;0,0720
2962,50;0,0720
2962,00;0,0720
2961,50;0,0719
2961,00;0,0717
2960,50;0,0715
2960,00;0,0714
2959,50;0,0714
2959,00;0,0713
2958,50;0,0712
2958,00;0,0711
2957,50;0,0707
2957,00;0,0703
2956,50;0,0700
2956,00;0,0698
2955,50;0,0698
2955,00;0,0698
2954,50;0,0697
2954,00;0,0696
2953,50;0,0696
2953,00;0,0697
2952,50;0,0697
2952,00;0,0695
2951,50;0,0692
2951,00;0,0690
2950,50;0,0688
2950,00;0,0688
2949,50;0,0687
2949,00;0,0687
2948,50;0,0687
2948,00;0,0686
2947,50;0,0683
2947,00;0,0681
2946,50;0,0679
2946,00;0,0678
2945,50;0,0678
2945,00;0,0678
2944,50;0,0677
2944,00;0,0677
2943,50;0,0677
2943,00;0,0677
2942,50;0,0677
2942,00;0,0676
2941,50;0,0675
2941,00;0,0674
2940,50;0,0673
2940,00;0,0671
2939,50;0,0670
2939,00;0,0669
2938,50;0,0669
2938,00;0,0669
2937,50;0,0669
2937,00;0,0667
2936,50;0,0664
2936,00;0,0662
2935,50;0,0660
2935,00;0,0660
2934,50;0,0660
2934,00;0,0661
2933,50;0,0662
2933,00;0,0661
2932,50;0,0660
2932,00;0,0658
2931,50;0,0657
2931,00;0,0656
2930,50;0,0654
2930,00;0,0652
2929,50;0,0650
2929,00;0,0649
2928,50;0,0648
2928,00;0,0648
2927,50;0,0649
2927,00;0,0650
2926,50;0,0650
2926,00;0,0648
2925,50;0,0646
2925,00;0,0644
2924,50;0,0642
2924,00;0,0641
2923,50;0,0639
2923,00;0,0637
2922,50;0,0637
2922,00;0,0637
2921,50;0,0638
2921,00;0,0639
2920,50;0,0639
2920,00;0,0638
2919,50;0,0638
2919,00;0,0639
2918,50;0,0640
2918,00;0,0643
2917,50;0,0645
2917,00;0,0647
2916,50;0,0649
2916,00;0,0650
2915,50;0,0651
2915,00;0,0652
2914,50;0,0652
2914,00;0,0651
2913,50;0,0651
2913,00;0,0650
2912,50;0,0649
2912,00;0,0648
2911,50;0,0647
2911,00;0,0646
2910,50;0,0644
2910,00;0,0641
2909,50;0,0636
2909,00;0,0632
2908,50;0,0631
2908,00;0,0630
2907,50;0,0630
2907,00;0,0629
2906,50;0,0628
2906,00;0,0626
2905,50;0,0626
2905,00;0,0625
2904,50;0,0624
2904,00;0,0623
2903,50;0,0623
2903,00;0,0623
2902,50;0,0624
2902,00;0,0624
2901,50;0,0623
2901,00;0,0621
2900,50;0,0620
2900,00;0,0619
2899,50;0,0617
2899,00;0,0617
2898,50;0,0616
2898,00;0,0616
2897,50;0,0616
2897,00;0,0616
2896,50;0,0616
2896,00;0,0615
2895,50;0,0614
2895,00;0,0613
2894,50;0,0612
2894,00;0,0611
2893,50;0,0610
2893,00;0,0609
2892,50;0,0609
2892,00;0,0610
2891,50;0,0611
2891,00;0,0611
2890,50;0,0611
2890,00;0,0611
2889,50;0,0610
2889,00;0,0608
2888,50;0,0606
2888,00;0,0604
2887,50;0,0602
2887,00;0,0601
2886,50;0,0602
2886,00;0,0602
2885,50;0,0603
2885,00;0,0603
2884,50;0,0604
2884,00;0,0605
2883,50;0,0606
2883,00;0,0607
2882,50;0,0607
2882,00;0,0605
2881,50;0,0602
2881,00;0,0600
2880,50;0,0599
2880,00;0,0598
2879,50;0,0598
2879,00;0,0598
2878,50;0,0598
2878,00;0,0597
2877,50;0,0597
2877,00;0,0597
2876,50;0,0597
2876,00;0,0597
2875,50;0,0597
2875,00;0,0597
2874,50;0,0596
2874,00;0,0595
2873,50;0,0594
2873,00;0,0594
2872,50;0,0593
2872,00;0,0593
2871,50;0,0592
2871,00;0,0591
2870,50;0,0590
2870,00;0,0590
2869,50;0,0590
2869,00;0,0590
2868,50;0,0589
2868,00;0,0589
2867,50;0,0589
2867,00;0,0589
2866,50;0,0589
2866,00;0,0589
2865,50;0,0589
2865,00;0,0588
2864,50;0,0587
2864,00;0,0587
2863,50;0,0587
2863,00;0,0589
2862,50;0,0590
2862,00;0,0591
2861,50;0,0590
2861,00;0,0588
2860,50;0,0587
2860,00;0,0585
2859,50;0,0584
2859,00;0,0583
2858,50;0,0582
2858,00;0,0581
2857,50;0,0581
2857,00;0,0582
2856,50;0,0581
2856,00;0,0580
2855,50;0,0580
2855,00;0,0579
2854,50;0,0579
2854,00;0,0578
2853,50;0,0576
2853,00;0,0576
2852,50;0,0576
2852,00;0,0576
2851,50;0,0577
2851,00;0,0578
2850,50;0,0579
2850,00;0,0581
2849,50;0,0585
2849,00;0,0588
2848,50;0,0591
2848,00;0,0593
2847,50;0,0594
2847,00;0,0594
2846,50;0,0593
2846,00;0,0592
2845,50;0,0590
2845,00;0,0588
2844,50;0,0585
2844,00;0,0582
2843,50;0,0579
2843,00;0,0576
2842,50;0,0574
2842,00;0,0573
2841,50;0,0572
2841,00;0,0572
2840,50;0,0572
2840,00;0,0571
2839,50;0,0571
2839,00;0,0571
2838,50;0,0571
2838,00;0,0571
2837,50;0,0572
2837,00;0,0571
2836,50;0,0571
2836,00;0,0570
2835,50;0,0569
2835,00;0,0567
2834,50;0,0567
2834,00;0,0566
2833,50;0,0567
2833,00;0,0567
2832,50;0,0568
2832,00;0,0569
2831,50;0,0569
2831,00;0,0568
2830,50;0,0567
2830,00;0,0566
2829,50;0,0566
2829,00;0,0565
2828,50;0,0566
2828,00;0,0567
2827,50;0,0567
2827,00;0,0567
2826,50;0,0566
2826,00;0,0565
2825,50;0,0565
2825,00;0,0566
2824,50;0,0566
2824,00;0,0567
2823,50;0,0567
2823,00;0,0566
2822,50;0,0566
2822,00;0,0566
2821,50;0,0565
2821,00;0,0565
2820,50;0,0565
2820,00;0,0565
2819,50;0,0565
2819,00;0,0564
2818,50;0,0565
2818,00;0,0565
2817,50;0,0566
2817,00;0,0567
2816,50;0,0566
2816,00;0,0565
2815,50;0,0563
2815,00;0,0562
2814,50;0,0562
2814,00;0,0561
2813,50;0,0561
2813,00;0,0561
2812,50;0,0561
2812,00;0,0562
2811,50;0,0563
2811,00;0,0563
2810,50;0,0563
2810,00;0,0563
2809,50;0,0562
2809,00;0,0562
2808,50;0,0561
2808,00;0,0561
2807,50;0,0561
2807,00;0,0562
2806,50;0,0563
2806,00;0,0564
2805,50;0,0564
2805,00;0,0563
2804,50;0,0562
2804,00;0,0562
2803,50;0,0562
2803,00;0,0562
2802,50;0,0562
2802,00;0,0563
2801,50;0,0562
2801,00;0,0562
2800,50;0,0561
2800,00;0,0559
2799,50;0,0558
2799,00;0,0557
2798,50;0,0557
2798,00;0,0558
2797,50;0,0558
2797,00;0,0558
2796,50;0,0558
2796,00;0,0558
2795,50;0,0558
2795,00;0,0557
2794,50;0,0556
2794,00;0,0555
2793,50;0,0555
2793,00;0,0555
2792,50;0,0557
2792,00;0,0558
2791,50;0,0559
2791,00;0,0559
2790,50;0,0559
2790,00;0,0558
2789,50;0,0558
2789,00;0,0558
2788,50;0,0557
2788,00;0,0556
2787,50;0,0555
2787,00;0,0554
2786,50;0,0554
2786,00;0,0554
2785,50;0,0555
2785,00;0,0556
2784,50;0,0557
2784,00;0,0557
2783,50;0,0556
2783,00;0,0556
2782,50;0,0555
2782,00;0,0554
2781,50;0,0555
2781,00;0,0556
2780,50;0,0557
2780,00;0,0557
2779,50;0,0556
2779,00;0,0554
2778,50;0,0553
2778,00;0,0553
2777,50;0,0553
2777,00;0,0554
2776,50;0,0554
2776,00;0,0554
2775,50;0,0554
2775,00;0,0554
2774,50;0,0554
2774,00;0,0554
2773,50;0,0553
2773,00;0,0553
2772,50;0,0553
2772,00;0,0553
2771,50;0,0553
2771,00;0,0554
2770,50;0,0555
2770,00;0,0556
2769,50;0,0557
2769,00;0,0557
2768,50;0,0556
2768,00;0,0555
2767,50;0,0554
2767,00;0,0553
2766,50;0,0553
2766,00;0,0552
2765,50;0,0552
2765,00;0,0551
2764,50;0,0551
2764,00;0,0552
2763,50;0,0552
2763,00;0,0553
2762,50;0,0554
2762,00;0,0554
2761,50;0,0554
2761,00;0,0554
2760,50;0,0554
2760,00;0,0554
2759,50;0,0554
2759,00;0,0553
2758,50;0,0552
2758,00;0,0551
2757,50;0,0551
2757,00;0,0551
2756,50;0,0551
2756,00;0,0550
2755,50;0,0551
2755,00;0,0551
2754,50;0,0552
2754,00;0,0551
2753,50;0,0550
2753,00;0,0549
2752,50;0,0548
2752,00;0,0549
2751,50;0,0550
2751,00;0,0551
2750,50;0,0553
2750,00;0,0553
2749,50;0,0553
2749,00;0,0553
2748,50;0,0552
2748,00;0,0552
2747,50;0,0552
2747,00;0,0552
2746,50;0,0553
2746,00;0,0554
2745,50;0,0554
2745,00;0,0554
2744,50;0,0554
2744,00;0,0553
2743,50;0,0553
2743,00;0,0552
2742,50;0,0550
2742,00;0,0550
2741,50;0,0550
2741,00;0,0550
2740,50;0,0550
2740,00;0,0550
2739,50;0,0550
2739,00;0,0549
2738,50;0,0548
2738,00;0,0547
2737,50;0,0546
2737,00;0,0546
2736,50;0,0546
2736,00;0,0548
2735,50;0,0549
2735,00;0,0550
2734,50;0,0550
2734,00;0,0550
2733,50;0,0551
2733,00;0,0551
2732,50;0,0552
2732,00;0,0552
2731,50;0,0551
2731,00;0,0550
2730,50;0,0549
2730,00;0,0550
2729,50;0,0551
2729,00;0,0551
2728,50;0,0551
2728,00;0,0550
2727,50;0,0549
2727,00;0,0549
2726,50;0,0550
2726,00;0,0550
2725,50;0,0549
2725,00;0,0548
2724,50;0,0548
2724,00;0,0548
2723,50;0,0548
2723,00;0,0548
2722,50;0,0549
2722,00;0,0550
2721,50;0,0550
2721,00;0,0550
2720,50;0,0549
2720,00;0,0549
2719,50;0,0549
2719,00;0,0550
2718,50;0,0551
2718,00;0,0551
2717,50;0,0550
2717,00;0,0549
2716,50;0,0548
2716,00;0,0548
2715,50;0,0549
2715,00;0,0550
2714,50;0,0551
2714,00;0,0552
2713,50;0,0551
2713,00;0,0551
2712,50;0,0551
2712,00;0,0552
2711,50;0,0552
2711,00;0,0551
2710,50;0,0550
2710,00;0,0550
2709,50;0,0549
2709,00;0,0549
2708,50;0,0550
2708,00;0,0551
2707,50;0,0552
2707,00;0,0552
2706,50;0,0551
2706,00;0,0550
2705,50;0,0549
2705,00;0,0549
2704,50;0,0549
2704,00;0,0550
2703,50;0,0551
2703,00;0,0551
2702,50;0,0550
2702,00;0,0550
2701,50;0,0549
2701,00;0,0549
2700,50;0,0549
2700,00;0,0549
2699,50;0,0549
2699,00;0,0549
2698,50;0,0549
2698,00;0,0549
2697,50;0,0550
2697,00;0,0552
2696,50;0,0553
2696,00;0,0553
2695,50;0,0553
2695,00;0,0553
2694,50;0,0553
2694,00;0,0553
2693,50;0,0553
2693,00;0,0552
2692,50;0,0552
2692,00;0,0552
2691,50;0,0552
2691,00;0,0553
2690,50;0,0553
2690,00;0,0552
2689,50;0,0551
2689,00;0,0550
2688,50;0,0549
2688,00;0,0549
2687,50;0,0550
2687,00;0,0551
2686,50;0,0551
2686,00;0,0552
2685,50;0,0552
2685,00;0,0552
2684,50;0,0552
2684,00;0,0552
2683,50;0,0552
2683,00;0,0551
2682,50;0,0551
2682,00;0,0551
2681,50;0,0551
2681,00;0,0551
2680,50;0,0550
2680,00;0,0550
2679,50;0,0550
2679,00;0,0551
2678,50;0,0551
2678,00;0,0551
2677,50;0,0552
2677,00;0,0552
2676,50;0,0553
2676,00;0,0554
2675,50;0,0555
2675,00;0,0555
2674,50;0,0554
2674,00;0,0554
2673,50;0,0553
2673,00;0,0553
2672,50;0,0553
2672,00;0,0552
2671,50;0,0552
2671,00;0,0552
2670,50;0,0553
2670,00;0,0555
2669,50;0,0558
2669,00;0,0559
2668,50;0,0558
2668,00;0,0556
2667,50;0,0553
2667,00;0,0552
2666,50;0,0552
2666,00;0,0554
2665,50;0,0555
2665,00;0,0556
2664,50;0,0556
2664,00;0,0555
2663,50;0,0556
2663,00;0,0556
2662,50;0,0556
2662,00;0,0555
2661,50;0,0555
2661,00;0,0554
2660,50;0,0554
2660,00;0,0554
2659,50;0,0555
2659,00;0,0555
2658,50;0,0555
2658,00;0,0555
2657,50;0,0555
2657,00;0,0555
2656,50;0,0555
2656,00;0,0556
2655,50;0,0557
2655,00;0,0557
2654,50;0,0557
2654,00;0,0557
2653,50;0,0556
2653,00;0,0555
2652,50;0,0555
2652,00;0,0554
2651,50;0,0554
2651,00;0,0554
2650,50;0,0554
2650,00;0,0555
2649,50;0,0555
2649,00;0,0555
2648,50;0,0555
2648,00;0,0554
2647,50;0,0553
2647,00;0,0553
2646,50;0,0554
2646,00;0,0554
2645,50;0,0554
2645,00;0,0554
2644,50;0,0553
2644,00;0,0553
2643,50;0,0554
2643,00;0,0556
2642,50;0,0559
2642,00;0,0560
2641,50;0,0561
2641,00;0,0561
2640,50;0,0561
2640,00;0,0561
2639,50;0,0561
2639,00;0,0560
2638,50;0,0559
2638,00;0,0558
2637,50;0,0556
2637,00;0,0555
2636,50;0,0554
2636,00;0,0554
2635,50;0,0554
2635,00;0,0555
2634,50;0,0556
2634,00;0,0556
2633,50;0,0556
2633,00;0,0555
2632,50;0,0554
2632,00;0,0552
2631,50;0,0551
2631,00;0,0550
2630,50;0,0551
2630,00;0,0552
2629,50;0,0554
2629,00;0,0556
2628,50;0,0557
2628,00;0,0557
2627,50;0,0557
2627,00;0,0557
2626,50;0,0557
2626,00;0,0558
2625,50;0,0557
2625,00;0,0557
2624,50;0,0556
2624,00;0,0555
2623,50;0,0556
2623,00;0,0556
2622,50;0,0556
2622,00;0,0556
2621,50;0,0557
2621,00;0,0559
2620,50;0,0561
2620,00;0,0562
2619,50;0,0562
2619,00;0,0563
2618,50;0,0564
2618,00;0,0563
2617,50;0,0562
2617,00;0,0561
2616,50;0,0560
2616,00;0,0560
2615,50;0,0561
2615,00;0,0562
2614,50;0,0562
2614,00;0,0561
2613,50;0,0559
2613,00;0,0557
2612,50;0,0556
2612,00;0,0558
2611,50;0,0561
2611,00;0,0564
2610,50;0,0565
2610,00;0,0564
2609,50;0,0563
2609,00;0,0563
2608,50;0,0564
2608,00;0,0565
2607,50;0,0566
2607,00;0,0565
2606,50;0,0565
2606,00;0,0564
2605,50;0,0562
2605,00;0,0561
2604,50;0,0560
2604,00;0,0561
2603,50;0,0562
2603,00;0,0563
2602,50;0,0565
2602,00;0,0565
2601,50;0,0566
2601,00;0,0566
2600,50;0,0565
2600,00;0,0565
2599,50;0,0564
2599,00;0,0564
2598,50;0,0563
2598,00;0,0563
2597,50;0,0563
2597,00;0,0564
2596,50;0,0565
2596,00;0,0565
2595,50;0,0565
2595,00;0,0564
2594,50;0,0564
2594,00;0,0567
2593,50;0,0570
2593,00;0,0573
2592,50;0,0574
2592,00;0,0573
2591,50;0,0571
2591,00;0,0568
2590,50;0,0565
2590,00;0,0563
2589,50;0,0562
2589,00;0,0561
2588,50;0,0560
2588,00;0,0560
2587,50;0,0561
2587,00;0,0564
2586,50;0,0568
2586,00;0,0571
2585,50;0,0572
2585,00;0,0572
2584,50;0,0571
2584,00;0,0571
2583,50;0,0571
2583,00;0,0570
2582,50;0,0569
2582,00;0,0567
2581,50;0,0565
2581,00;0,0564
2580,50;0,0564
2580,00;0,0565
2579,50;0,0566
2579,00;0,0566
2578,50;0,0566
2578,00;0,0566
2577,50;0,0565
2577,00;0,0565
2576,50;0,0567
2576,00;0,0570
2575,50;0,0572
2575,00;0,0573
2574,50;0,0573
2574,00;0,0572
2573,50;0,0571
2573,00;0,0569
2572,50;0,0568
2572,00;0,0569
2571,50;0,0571
2571,00;0,0573
2570,50;0,0574
2570,00;0,0573
2569,50;0,0571
2569,00;0,0569
2568,50;0,0568
2568,00;0,0567
2567,50;0,0567
2567,00;0,0570
2566,50;0,0574
2566,00;0,0577
2565,50;0,0577
2565,00;0,0574
2564,50;0,0570
2564,00;0,0568
2563,50;0,0568
2563,00;0,0570
2562,50;0,0571
2562,00;0,0571
2561,50;0,0571
2561,00;0,0572
2560,50;0,0574
2560,00;0,0578
2559,50;0,0580
2559,00;0,0580
2558,50;0,0580
2558,00;0,0581
2557,50;0,0582
2557,00;0,0584
2556,50;0,0583
2556,00;0,0581
2555,50;0,0577
2555,00;0,0574
2554,50;0,0573
2554,00;0,0572
2553,50;0,0571
2553,00;0,0569
2552,50;0,0569
2552,00;0,0571
2551,50;0,0575
2551,00;0,0577
2550,50;0,0578
2550,00;0,0578
2549,50;0,0578
2549,00;0,0578
2548,50;0,0577
2548,00;0,0576
2547,50;0,0575
2547,00;0,0575
2546,50;0,0576
2546,00;0,0578
2545,50;0,0579
2545,00;0,0579
2544,50;0,0579
2544,00;0,0578
2543,50;0,0578
2543,00;0,0578
2542,50;0,0578
2542,00;0,0577
2541,50;0,0575
2541,00;0,0573
2540,50;0,0573
2540,00;0,0575
2539,50;0,0578
2539,00;0,0578
2538,50;0,0577
2538,00;0,0575
2537,50;0,0574
2537,00;0,0574
2536,50;0,0574
2536,00;0,0574
2535,50;0,0575
2535,00;0,0577
2534,50;0,0578
2534,00;0,0580
2533,50;0,0581
2533,00;0,0581
2532,50;0,0581
2532,00;0,0580
2531,50;0,0579
2531,00;0,0578
2530,50;0,0577
2530,00;0,0580
2529,50;0,0585
2529,00;0,0592
2528,50;0,0597
2528,00;0,0599
2527,50;0,0598
2527,00;0,0594
2526,50;0,0591
2526,00;0,0590
2525,50;0,0591
2525,00;0,0592
2524,50;0,0593
2524,00;0,0592
2523,50;0,0593
2523,00;0,0595
2522,50;0,0596
2522,00;0,0593
2521,50;0,0586
2521,00;0,0579
2520,50;0,0576
2520,00;0,0579
2519,50;0,0585
2519,00;0,0591
2518,50;0,0596
2518,00;0,0599
2517,50;0,0601
2517,00;0,0600
2516,50;0,0596
2516,00;0,0592
2515,50;0,0590
2515,00;0,0591
2514,50;0,0595
2514,00;0,0601
2513,50;0,0606
2513,00;0,0610
2512,50;0,0612
2512,00;0,0609
2511,50;0,0603
2511,00;0,0596
2510,50;0,0592
2510,00;0,0593
2509,50;0,0599
2509,00;0,0607
2508,50;0,0615
2508,00;0,0623
2507,50;0,0627
2507,00;0,0626
2506,50;0,0619
2506,00;0,0610
2505,50;0,0602
2505,00;0,0599
2504,50;0,0603
2504,00;0,0610
2503,50;0,0619
2503,00;0,0626
2502,50;0,0629
2502,00;0,0627
2501,50;0,0622
2501,00;0,0617
2500,50;0,0615
2500,00;0,0616
2499,50;0,0618
2499,00;0,0622
2498,50;0,0627
2498,00;0,0634
2497,50;0,0641
2497,00;0,0643
2496,50;0,0640
2496,00;0,0634
2495,50;0,0628
2495,00;0,0627
2494,50;0,0631
2494,00;0,0639
2493,50;0,0647
2493,00;0,0652
2492,50;0,0654
2492,00;0,0651
2491,50;0,0642
2491,00;0,0630
2490,50;0,0619
2490,00;0,0617
2489,50;0,0623
2489,00;0,0635
2488,50;0,0648
2488,00;0,0655
2487,50;0,0657
2487,00;0,0653
2486,50;0,0648
2486,00;0,0645
2485,50;0,0645
2485,00;0,0646
2484,50;0,0647
2484,00;0,0651
2483,50;0,0657
2483,00;0,0665
2482,50;0,0669
2482,00;0,0668
2481,50;0,0661
2481,00;0,0653
2480,50;0,0647
2480,00;0,0645
2479,50;0,0647
2479,00;0,0654
2478,50;0,0663
2478,00;0,0671
2477,50;0,0676
2477,00;0,0676
2476,50;0,0672
2476,00;0,0668
2475,50;0,0664
2475,00;0,0663
2474,50;0,0664
2474,00;0,0666
2473,50;0,0671
2473,00;0,0677
2472,50;0,0684
2472,00;0,0688
2471,50;0,0689
2471,00;0,0686
2470,50;0,0682
2470,00;0,0678
2469,50;0,0675
2469,00;0,0674
2468,50;0,0677
2468,00;0,0684
2467,50;0,0693
2467,00;0,0699
2466,50;0,0700
2466,00;0,0697
2465,50;0,0692
2465,00;0,0686
2464,50;0,0681
2464,00;0,0679
2463,50;0,0682
2463,00;0,0688
2462,50;0,0694
2462,00;0,0697
2461,50;0,0698
2461,00;0,0698
2460,50;0,0698
2460,00;0,0697
2459,50;0,0697
2459,00;0,0696
2458,50;0,0695
2458,00;0,0696
2457,50;0,0700
2457,00;0,0704
2456,50;0,0704
2456,00;0,0702
2455,50;0,0698
2455,00;0,0697
2454,50;0,0696
2454,00;0,0696
2453,50;0,0697
2453,00;0,0700
2452,50;0,0703
2452,00;0,0704
2451,50;0,0703
2451,00;0,0702
2450,50;0,0701
2450,00;0,0700
2449,50;0,0699
2449,00;0,0697
2448,50;0,0696
2448,00;0,0697
2447,50;0,0699
2447,00;0,0701
2446,50;0,0702
2446,00;0,0704
2445,50;0,0706
2445,00;0,0706
2444,50;0,0705
2444,00;0,0703
2443,50;0,0700
2443,00;0,0698
2442,50;0,0698
2442,00;0,0700
2441,50;0,0703
2441,00;0,0706
2440,50;0,0706
2440,00;0,0704
2439,50;0,0701
2439,00;0,0696
2438,50;0,0691
2438,00;0,0686
2437,50;0,0683
2437,00;0,0682
2436,50;0,0684
2436,00;0,0687
2435,50;0,0688
2435,00;0,0688
2434,50;0,0687
2434,00;0,0685
2433,50;0,0685
2433,00;0,0684
2432,50;0,0684
2432,00;0,0684
2431,50;0,0683
2431,00;0,0684
2430,50;0,0684
2430,00;0,0683
2429,50;0,0679
2429,00;0,0675
2428,50;0,0672
2428,00;0,0672
2427,50;0,0673
2427,00;0,0674
2426,50;0,0677
2426,00;0,0679
2425,50;0,0680
2425,00;0,0678
2424,50;0,0675
2424,00;0,0672
2423,50;0,0670
2423,00;0,0669
2422,50;0,0668
2422,00;0,0669
2421,50;0,0670
2421,00;0,0671
2420,50;0,0670
2420,00;0,0669
2419,50;0,0668
2419,00;0,0666
2418,50;0,0663
2418,00;0,0660
2417,50;0,0658
2417,00;0,0658
2416,50;0,0661
2416,00;0,0663
2415,50;0,0665
2415,00;0,0665
2414,50;0,0664
2414,00;0,0662
2413,50;0,0659
2413,00;0,0655
2412,50;0,0652
2412,00;0,0649
2411,50;0,0649
2411,00;0,0650
2410,50;0,0653
2410,00;0,0655
2409,50;0,0656
2409,00;0,0653
2408,50;0,0649
2408,00;0,0646
2407,50;0,0644
2407,00;0,0644
2406,50;0,0645
2406,00;0,0648
2405,50;0,0651
2405,00;0,0653
2404,50;0,0654
2404,00;0,0653
2403,50;0,0652
2403,00;0,0649
2402,50;0,0646
2402,00;0,0642
2401,50;0,0639
2401,00;0,0639
2400,50;0,0641
2400,00;0,0644
2399,50;0,0646
2399,00;0,0646
2398,50;0,0644
2398,00;0,0642
2397,50;0,0639
2397,00;0,0635
2396,50;0,0633
2396,00;0,0632
2395,50;0,0635
2395,00;0,0640
2394,50;0,0646
2394,00;0,0648
2393,50;0,0647
2393,00;0,0643
2392,50;0,0638
2392,00;0,0634
2391,50;0,0632
2391,00;0,0632
2390,50;0,0632
2390,00;0,0635
2389,50;0,0638
2389,00;0,0640
2388,50;0,0640
2388,00;0,0638
2387,50;0,0635
2387,00;0,0632
2386,50;0,0629
2386,00;0,0628
2385,50;0,0629
2385,00;0,0630
2384,50;0,0631
2384,00;0,0630
2383,50;0,0628
2383,00;0,0626
2382,50;0,0623
2382,00;0,0619
2381,50;0,0613
2381,00;0,0608
2380,50;0,0606
2380,00;0,0605
2379,50;0,0606
2379,00;0,0606
2378,50;0,0604
2378,00;0,0602
2377,50;0,0601
2377,00;0,0600
2376,50;0,0599
2376,00;0,0596
2375,50;0,0593
2375,00;0,0590
2374,50;0,0589
2374,00;0,0590
2373,50;0,0592
2373,00;0,0595
2372,50;0,0594
2372,00;0,0593
2371,50;0,0591
2371,00;0,0588
2370,50;0,0587
2370,00;0,0586
2369,50;0,0587
2369,00;0,0590
2368,50;0,0593
2368,00;0,0594
2367,50;0,0592
2367,00;0,0588
2366,50;0,0585
2366,00;0,0583
2365,50;0,0583
2365,00;0,0586
2364,50;0,0587
2364,00;0,0591
2363,50;0,0595
2363,00;0,0597
2362,50;0,0598
2362,00;0,0596
2361,50;0,0592
2361,00;0,0589
2360,50;0,0587
2360,00;0,0586
2359,50;0,0587
2359,00;0,0589
2358,50;0,0588
2358,00;0,0590
2357,50;0,0589
2357,00;0,0590
2356,50;0,0584
2356,00;0,0555
2355,50;0,0585
2355,00;0,0619
2354,50;0,0611
2354,00;0,0615
2353,50;0,0617
2353,00;0,0613
2352,50;0,0626
2352,00;0,0588
2351,50;0,0541
2351,00;0,0554
2350,50;0,0551
2350,00;0,0557
2349,50;0,0565
2349,00;0,0564
2348,50;0,0588
2348,00;0,0616
2347,50;0,0609
2347,00;0,0613
2346,50;0,0614
2346,00;0,0617
2345,50;0,0615
2345,00;0,0615
2344,50;0,0619
2344,00;0,0624
2343,50;0,0629
2343,00;0,0639
2342,50;0,0648
2342,00;0,0654
2341,50;0,0660
2341,00;0,0666
2340,50;0,0663
2340,00;0,0656
2339,50;0,0651
2339,00;0,0646
2338,50;0,0639
2338,00;0,0635
2337,50;0,0633
2337,00;0,0626
2336,50;0,0620
2336,00;0,0619
2335,50;0,0620
2335,00;0,0618
2334,50;0,0616
2334,00;0,0614
2333,50;0,0611
2333,00;0,0608
2332,50;0,0606
2332,00;0,0606
2331,50;0,0607
2331,00;0,0606
2330,50;0,0605
2330,00;0,0606
2329,50;0,0605
2329,00;0,0602
2328,50;0,0600
2328,00;0,0602
2327,50;0,0604
2327,00;0,0604
2326,50;0,0608
2326,00;0,0613
2325,50;0,0612
2325,00;0,0608
2324,50;0,0608
2324,00;0,0610
2323,50;0,0607
2323,00;0,0602
2322,50;0,0606
2322,00;0,0611
2321,50;0,0607
2321,00;0,0602
2320,50;0,0605
2320,00;0,0609
2319,50;0,0603
2319,00;0,0597
2318,50;0,0601
2318,00;0,0606
2317,50;0,0605
2317,00;0,0604
2316,50;0,0611
2316,00;0,0617
2315,50;0,0613
2315,00;0,0608
2314,50;0,0610
2314,00;0,0612
2313,50;0,0607
2313,00;0,0603
2312,50;0,0607
2312,00;0,0613
2311,50;0,0615
2311,00;0,0616
2310,50;0,0622
2310,00;0,0629
2309,50;0,0623
2309,00;0,0621
2308,50;0,0609
2308,00;0,0646
2307,50;0,0685
2307,00;0,0671
2306,50;0,0676
2306,00;0,0672
2305,50;0,0675
2305,00;0,0668
2304,50;0,0675
2304,00;0,0651
2303,50;0,0624
2303,00;0,0631
2302,50;0,0626
2302,00;0,0631
2301,50;0,0635
2301,00;0,0640
2300,50;0,0641
2300,00;0,0644
2299,50;0,0646
2299,00;0,0645
2298,50;0,0641
2298,00;0,0639
2297,50;0,0641
2297,00;0,0646
2296,50;0,0650
2296,00;0,0654
2295,50;0,0659
2295,00;0,0662
2294,50;0,0663
2294,00;0,0662
2293,50;0,0661
2293,00;0,0659
2292,50;0,0656
2292,00;0,0654
2291,50;0,0653
2291,00;0,0655
2290,50;0,0659
2290,00;0,0661
2289,50;0,0662
2289,00;0,0662
2288,50;0,0662
2288,00;0,0663
2287,50;0,0663
2287,00;0,0664
2286,50;0,0666
2286,00;0,0669
2285,50;0,0672
2285,00;0,0671
2284,50;0,0666
2284,00;0,0660
2283,50;0,0656
2283,00;0,0654
2282,50;0,0655
2282,00;0,0657
2281,50;0,0660
2281,00;0,0664
2280,50;0,0668
2280,00;0,0672
2279,50;0,0674
2279,00;0,0672
2278,50;0,0669
2278,00;0,0664
2277,50;0,0660
2277,00;0,0656
2276,50;0,0655
2276,00;0,0659
2275,50;0,0667
2275,00;0,0676
2274,50;0,0681
2274,00;0,0682
2273,50;0,0678
2273,00;0,0673
2272,50;0,0669
2272,00;0,0669
2271,50;0,0670
2271,00;0,0671
2270,50;0,0674
2270,00;0,0680
2269,50;0,0687
2269,00;0,0691
2268,50;0,0691
2268,00;0,0684
2267,50;0,0675
2267,00;0,0665
2266,50;0,0658
2266,00;0,0657
2265,50;0,0664
2265,00;0,0674
2264,50;0,0682
2264,00;0,0685
2263,50;0,0682
2263,00;0,0676
2262,50;0,0668
2262,00;0,0661
2261,50;0,0656
2261,00;0,0654
2260,50;0,0658
2260,00;0,0666
2259,50;0,0676
2259,00;0,0684
2258,50;0,0688
2258,00;0,0687
2257,50;0,0680
2257,00;0,0673
2256,50;0,0667
2256,00;0,0664
2255,50;0,0665
2255,00;0,0670
2254,50;0,0678
2254,00;0,0684
2253,50;0,0688
2253,00;0,0686
2252,50;0,0680
2252,00;0,0674
2251,50;0,0667
2251,00;0,0663
2250,50;0,0664
2250,00;0,0669
2249,50;0,0678
2249,00;0,0686
2248,50;0,0692
2248,00;0,0693
2247,50;0,0688
2247,00;0,0680
2246,50;0,0671
2246,00;0,0666
2245,50;0,0665
2245,00;0,0669
2244,50;0,0676
2244,00;0,0685
2243,50;0,0694
2243,00;0,0697
2242,50;0,0693
2242,00;0,0686
2241,50;0,0680
2241,00;0,0679
2240,50;0,0681
2240,00;0,0686
2239,50;0,0690
2239,00;0,0693
2238,50;0,0696
2238,00;0,0698
2237,50;0,0698
2237,00;0,0693
2236,50;0,0682
2236,00;0,0670
2235,50;0,0663
2235,00;0,0661
2234,50;0,0660
2234,00;0,0661
2233,50;0,0665
2233,00;0,0672
2232,50;0,0681
2232,00;0,0689
2231,50;0,0693
2231,00;0,0692
2230,50;0,0689
2230,00;0,0685
2229,50;0,0681
2229,00;0,0678
2228,50;0,0677
2228,00;0,0680
2227,50;0,0681
2227,00;0,0680
2226,50;0,0676
2226,00;0,0673
2225,50;0,0673
2225,00;0,0675
2224,50;0,0677
2224,00;0,0677
2223,50;0,0679
2223,00;0,0681
2222,50;0,0684
2222,00;0,0689
2221,50;0,0694
2221,00;0,0697
2220,50;0,0696
2220,00;0,0692
2219,50;0,0686
2219,00;0,0679
2218,50;0,0673
2218,00;0,0671
2217,50;0,0675
2217,00;0,0683
2216,50;0,0690
2216,00;0,0688
2215,50;0,0675
2215,00;0,0660
2214,50;0,0653
2214,00;0,0660
2213,50;0,0676
2213,00;0,0691
2212,50;0,0697
2212,00;0,0696
2211,50;0,0692
2211,00;0,0689
2210,50;0,0686
2210,00;0,0683
2209,50;0,0681
2209,00;0,0681
2208,50;0,0680
2208,00;0,0678
2207,50;0,0676
2207,00;0,0677
2206,50;0,0680
2206,00;0,0682
2205,50;0,0677
2205,00;0,0668
2204,50;0,0658
2204,00;0,0651
2203,50;0,0651
2203,00;0,0655
2202,50;0,0660
2202,00;0,0665
2201,50;0,0668
2201,00;0,0669
2200,50;0,0668
2200,00;0,0666
2199,50;0,0665
2199,00;0,0666
2198,50;0,0667
2198,00;0,0669
2197,50;0,0673
2197,00;0,0677
2196,50;0,0682
2196,00;0,0687
2195,50;0,0687
2195,00;0,0682
2194,50;0,0671
2194,00;0,0662
2193,50;0,0660
2193,00;0,0664
2192,50;0,0672
2192,00;0,0677
2191,50;0,0677
2191,00;0,0670
2190,50;0,0660
2190,00;0,0650
2189,50;0,0647
2189,00;0,0651
2188,50;0,0659
2188,00;0,0666
2187,50;0,0671
2187,00;0,0673
2186,50;0,0671
2186,00;0,0671
2185,50;0,0678
2185,00;0,0688
2184,50;0,0694
2184,00;0,0689
2183,50;0,0678
2183,00;0,0669
2182,50;0,0667
2182,00;0,0672
2181,50;0,0678
2181,00;0,0682
2180,50;0,0681
2180,00;0,0675
2179,50;0,0668
2179,00;0,0661
2178,50;0,0655
2178,00;0,0647
2177,50;0,0641
2177,00;0,0641
2176,50;0,0648
2176,00;0,0660
2175,50;0,0672
2175,00;0,0679
2174,50;0,0681
2174,00;0,0675
2173,50;0,0663
2173,00;0,0648
2172,50;0,0636
2172,00;0,0631
2171,50;0,0636
2171,00;0,0649
2170,50;0,0666
2170,00;0,0679
2169,50;0,0686
2169,00;0,0684
2168,50;0,0675
2168,00;0,0665
2167,50;0,0659
2167,00;0,0660
2166,50;0,0662
2166,00;0,0661
2165,50;0,0660
2165,00;0,0660
2164,50;0,0660
2164,00;0,0656
2163,50;0,0648
2163,00;0,0640
2162,50;0,0637
2162,00;0,0642
2161,50;0,0654
2161,00;0,0666
2160,50;0,0675
2160,00;0,0676
2159,50;0,0673
2159,00;0,0669
2158,50;0,0667
2158,00;0,0660
2157,50;0,0648
2157,00;0,0635
2156,50;0,0629
2156,00;0,0634
2155,50;0,0645
2155,00;0,0654
2154,50;0,0657
2154,00;0,0655
2153,50;0,0650
2153,00;0,0642
2152,50;0,0631
2152,00;0,0623
2151,50;0,0624
2151,00;0,0633
2150,50;0,0645
2150,00;0,0650
2149,50;0,0649
2149,00;0,0646
2148,50;0,0646
2148,00;0,0644
2147,50;0,0638
2147,00;0,0628
2146,50;0,0623
2146,00;0,0625
2145,50;0,0631
2145,00;0,0638
2144,50;0,0642
2144,00;0,0643
2143,50;0,0641
2143,00;0,0637
2142,50;0,0635
2142,00;0,0638
2141,50;0,0641
2141,00;0,0641
2140,50;0,0638
2140,00;0,0635
2139,50;0,0634
2139,00;0,0636
2138,50;0,0639
2138,00;0,0639
2137,50;0,0638
2137,00;0,0634
2136,50;0,0630
2136,00;0,0629
2135,50;0,0632
2135,00;0,0637
2134,50;0,0639
2134,00;0,0636
2133,50;0,0632
2133,00;0,0627
2132,50;0,0624
2132,00;0,0623
2131,50;0,0623
2131,00;0,0624
2130,50;0,0625
2130,00;0,0624
2129,50;0,0623
2129,00;0,0622
2128,50;0,0622
2128,00;0,0624
2127,50;0,0626
2127,00;0,0628
2126,50;0,0628
2126,00;0,0628
2125,50;0,0628
2125,00;0,0628
2124,50;0,0625
2124,00;0,0620
2123,50;0,0615
2123,00;0,0612
2122,50;0,0614
2122,00;0,0618
2121,50;0,0621
2121,00;0,0620
2120,50;0,0616
2120,00;0,0613
2119,50;0,0613
2119,00;0,0618
2118,50;0,0624
2118,00;0,0629
2117,50;0,0630
2117,00;0,0628
2116,50;0,0624
2116,00;0,0621
2115,50;0,0618
2115,00;0,0614
2114,50;0,0610
2114,00;0,0608
2113,50;0,0609
2113,00;0,0611
2112,50;0,0613
2112,00;0,0615
2111,50;0,0616
2111,00;0,0615
2110,50;0,0611
2110,00;0,0604
2109,50;0,0598
2109,00;0,0596
2108,50;0,0597
2108,00;0,0601
2107,50;0,0602
2107,00;0,0603
2106,50;0,0603
2106,00;0,0605
2105,50;0,0609
2105,00;0,0613
2104,50;0,0615
2104,00;0,0615
2103,50;0,0614
2103,00;0,0611
2102,50;0,0608
2102,00;0,0603
2101,50;0,0598
2101,00;0,0596
2100,50;0,0599
2100,00;0,0602
2099,50;0,0602
2099,00;0,0599
2098,50;0,0597
2098,00;0,0596
2097,50;0,0597
2097,00;0,0599
2096,50;0,0601
2096,00;0,0603
2095,50;0,0602
2095,00;0,0597
2094,50;0,0591
2094,00;0,0591
2093,50;0,0597
2093,00;0,0605
2092,50;0,0610
2092,00;0,0611
2091,50;0,0608
2091,00;0,0604
2090,50;0,0601
2090,00;0,0601
2089,50;0,0602
2089,00;0,0602
2088,50;0,0599
2088,00;0,0595
2087,50;0,0591
2087,00;0,0587
2086,50;0,0587
2086,00;0,0591
2085,50;0,0598
2085,00;0,0603
2084,50;0,0602
2084,00;0,0598
2083,50;0,0594
2083,00;0,0592
2082,50;0,0592
2082,00;0,0593
2081,50;0,0594
2081,00;0,0594
2080,50;0,0592
2080,00;0,0589
2079,50;0,0586
2079,00;0,0584
2078,50;0,0584
2078,00;0,0587
2077,50;0,0590
2077,00;0,0593
2076,50;0,0594
2076,00;0,0595
2075,50;0,0595
2075,00;0,0597
2074,50;0,0596
2074,00;0,0594
2073,50;0,0592
2073,00;0,0591
2072,50;0,0592
2072,00;0,0593
2071,50;0,0593
2071,00;0,0593
2070,50;0,0591
2070,00;0,0590
2069,50;0,0591
2069,00;0,0592
2068,50;0,0592
2068,00;0,0589
2067,50;0,0585
2067,00;0,0582
2066,50;0,0581
2066,00;0,0583
2065,50;0,0586
2065,00;0,0587
2064,50;0,0585
2064,00;0,0582
2063,50;0,0581
2063,00;0,0583
2062,50;0,0587
2062,00;0,0591
2061,50;0,0595
2061,00;0,0599
2060,50;0,0603
2060,00;0,0606
2059,50;0,0607
2059,00;0,0607
2058,50;0,0603
2058,00;0,0598
2057,50;0,0592
2057,00;0,0589
2056,50;0,0588
2056,00;0,0587
2055,50;0,0585
2055,00;0,0582
2054,50;0,0578
2054,00;0,0576
2053,50;0,0577
2053,00;0,0579
2052,50;0,0580
2052,00;0,0577
2051,50;0,0572
2051,00;0,0570
2050,50;0,0572
2050,00;0,0579
2049,50;0,0584
2049,00;0,0586
2048,50;0,0585
2048,00;0,0584
2047,50;0,0585
2047,00;0,0586
2046,50;0,0584
2046,00;0,0580
2045,50;0,0575
2045,00;0,0574
2044,50;0,0577
2044,00;0,0581
2043,50;0,0579
2043,00;0,0569
2042,50;0,0557
2042,00;0,0550
2041,50;0,0550
2041,00;0,0554
2040,50;0,0560
2040,00;0,0566
2039,50;0,0573
2039,00;0,0579
2038,50;0,0584
2038,00;0,0586
2037,50;0,0582
2037,00;0,0571
2036,50;0,0557
2036,00;0,0548
2035,50;0,0545
2035,00;0,0543
2034,50;0,0539
2034,00;0,0537
2033,50;0,0543
2033,00;0,0557
2032,50;0,0569
2032,00;0,0574
2031,50;0,0576
2031,00;0,0580
2030,50;0,0587
2030,00;0,0590
2029,50;0,0588
2029,00;0,0582
2028,50;0,0575
2028,00;0,0568
2027,50;0,0563
2027,00;0,0559
2026,50;0,0557
2026,00;0,0553
2025,50;0,0546
2025,00;0,0537
2024,50;0,0531
2024,00;0,0529
2023,50;0,0532
2023,00;0,0538
2022,50;0,0549
2022,00;0,0563
2021,50;0,0576
2021,00;0,0579
2020,50;0,0572
2020,00;0,0562
2019,50;0,0556
2019,00;0,0556
2018,50;0,0561
2018,00;0,0568
2017,50;0,0572
2017,00;0,0572
2016,50;0,0566
2016,00;0,0560
2015,50;0,0557
2015,00;0,0558
2014,50;0,0561
2014,00;0,0564
2013,50;0,0566
2013,00;0,0566
2012,50;0,0563
2012,00;0,0560
2011,50;0,0559
2011,00;0,0560
2010,50;0,0563
2010,00;0,0566
2009,50;0,0566
2009,00;0,0561
2008,50;0,0558
2008,00;0,0561
2007,50;0,0570
2007,00;0,0575
2006,50;0,0572
2006,00;0,0564
2005,50;0,0558
2005,00;0,0557
2004,50;0,0559
2004,00;0,0561
2003,50;0,0565
2003,00;0,0568
2002,50;0,0569
2002,00;0,0566
2001,50;0,0562
2001,00;0,0560
2000,50;0,0562
2000,00;0,0566
1999,50;0,0567
1999,00;0,0566
1998,50;0,0565
1998,00;0,0570
1997,50;0,0582
1997,00;0,0593
1996,50;0,0598
1996,00;0,0594
1995,50;0,0585
1995,00;0,0578
1994,50;0,0572
1994,00;0,0566
1993,50;0,0558
1993,00;0,0551
1992,50;0,0549
1992,00;0,0554
1991,50;0,0559
1991,00;0,0558
1990,50;0,0551
1990,00;0,0547
1989,50;0,0551
1989,00;0,0561
1988,50;0,0568
1988,00;0,0568
1987,50;0,0564
1987,00;0,0562
1986,50;0,0564
1986,00;0,0570
1985,50;0,0576
1985,00;0,0577
1984,50;0,0573
1984,00;0,0565
1983,50;0,0555
1983,00;0,0548
1982,50;0,0546
1982,00;0,0551
1981,50;0,0561
1981,00;0,0573
1980,50;0,0583
1980,00;0,0588
1979,50;0,0590
1979,00;0,0587
1978,50;0,0580
1978,00;0,0572
1977,50;0,0567
1977,00;0,0570
1976,50;0,0576
1976,00;0,0580
1975,50;0,0580
1975,00;0,0579
1974,50;0,0577
1974,00;0,0575
1973,50;0,0571
1973,00;0,0568
1972,50;0,0565
1972,00;0,0564
1971,50;0,0564
1971,00;0,0564
1970,50;0,0564
1970,00;0,0564
1969,50;0,0563
1969,00;0,0562
1968,50;0,0560
1968,00;0,0558
1967,50;0,0558
1967,00;0,0556
1966,50;0,0553
1966,00;0,0549
1965,50;0,0551
1965,00;0,0558
1964,50;0,0567
1964,00;0,0574
1963,50;0,0575
1963,00;0,0571
1962,50;0,0565
1962,00;0,0560
1961,50;0,0559
1961,00;0,0562
1960,50;0,0567
1960,00;0,0572
1959,50;0,0576
1959,00;0,0577
1958,50;0,0576
1958,00;0,0574
1957,50;0,0573
1957,00;0,0573
1956,50;0,0573
1956,00;0,0571
1955,50;0,0567
1955,00;0,0565
1954,50;0,0565
1954,00;0,0570
1953,50;0,0575
1953,00;0,0579
1952,50;0,0579
1952,00;0,0577
1951,50;0,0575
1951,00;0,0576
1950,50;0,0577
1950,00;0,0579
1949,50;0,0580
1949,00;0,0581
1948,50;0,0581
1948,00;0,0578
1947,50;0,0574
1947,00;0,0572
1946,50;0,0573
1946,00;0,0575
1945,50;0,0575
1945,00;0,0573
1944,50;0,0570
1944,00;0,0565
1943,50;0,0559
1943,00;0,0553
1942,50;0,0548
1942,00;0,0547
1941,50;0,0550
1941,00;0,0555
1940,50;0,0561
1940,00;0,0567
1939,50;0,0571
1939,00;0,0574
1938,50;0,0577
1938,00;0,0581
1937,50;0,0582
1937,00;0,0581
1936,50;0,0577
1936,00;0,0573
1935,50;0,0570
1935,00;0,0570
1934,50;0,0573
1934,00;0,0578
1933,50;0,0584
1933,00;0,0586
1932,50;0,0586
1932,00;0,0583
1931,50;0,0581
1931,00;0,0581
1930,50;0,0582
1930,00;0,0582
1929,50;0,0581
1929,00;0,0580
1928,50;0,0581
1928,00;0,0583
1927,50;0,0587
1927,00;0,0589
1926,50;0,0588
1926,00;0,0583
1925,50;0,0577
1925,00;0,0572
1924,50;0,0569
1924,00;0,0568
1923,50;0,0568
1923,00;0,0569
1922,50;0,0571
1922,00;0,0573
1921,50;0,0573
1921,00;0,0572
1920,50;0,0572
1920,00;0,0574
1919,50;0,0577
1919,00;0,0580
1918,50;0,0582
1918,00;0,0585
1917,50;0,0588
1917,00;0,0589
1916,50;0,0587
1916,00;0,0583
1915,50;0,0579
1915,00;0,0577
1914,50;0,0576
1914,00;0,0576
1913,50;0,0578
1913,00;0,0581
1912,50;0,0584
1912,00;0,0585
1911,50;0,0583
1911,00;0,0581
1910,50;0,0581
1910,00;0,0582
1909,50;0,0584
1909,00;0,0584
1908,50;0,0583
1908,00;0,0581
1907,50;0,0578
1907,00;0,0577
1906,50;0,0578
1906,00;0,0580
1905,50;0,0583
1905,00;0,0583
1904,50;0,0582
1904,00;0,0580
1903,50;0,0580
1903,00;0,0581
1902,50;0,0581
1902,00;0,0582
1901,50;0,0584
1901,00;0,0586
1900,50;0,0586
1900,00;0,0584
1899,50;0,0583
1899,00;0,0584
1898,50;0,0584
1898,00;0,0584
1897,50;0,0582
1897,00;0,0581
1896,50;0,0581
1896,00;0,0582
1895,50;0,0585
1895,00;0,0586
1894,50;0,0586
1894,00;0,0584
1893,50;0,0583
1893,00;0,0584
1892,50;0,0588
1892,00;0,0593
1891,50;0,0596
1891,00;0,0595
1890,50;0,0591
1890,00;0,0587
1889,50;0,0583
1889,00;0,0581
1888,50;0,0580
1888,00;0,0581
1887,50;0,0583
1887,00;0,0587
1886,50;0,0592
1886,00;0,0595
1885,50;0,0595
1885,00;0,0594
1884,50;0,0592
1884,00;0,0590
1883,50;0,0589
1883,00;0,0586
1882,50;0,0584
1882,00;0,0582
1881,50;0,0584
1881,00;0,0587
1880,50;0,0591
1880,00;0,0594
1879,50;0,0595
1879,00;0,0594
1878,50;0,0591
1878,00;0,0588
1877,50;0,0587
1877,00;0,0589
1876,50;0,0592
1876,00;0,0595
1875,50;0,0596
1875,00;0,0595
1874,50;0,0592
1874,00;0,0591
1873,50;0,0592
1873,00;0,0593
1872,50;0,0594
1872,00;0,0594
1871,50;0,0595
1871,00;0,0596
1870,50;0,0599
1870,00;0,0602
1869,50;0,0603
1869,00;0,0601
1868,50;0,0599
1868,00;0,0597
1867,50;0,0596
1867,00;0,0597
1866,50;0,0597
1866,00;0,0597
1865,50;0,0597
1865,00;0,0596
1864,50;0,0593
1864,00;0,0591
1863,50;0,0591
1863,00;0,0593
1862,50;0,0597
1862,00;0,0599
1861,50;0,0599
1861,00;0,0598
1860,50;0,0597
1860,00;0,0598
1859,50;0,0600
1859,00;0,0602
1858,50;0,0603
1858,00;0,0601
1857,50;0,0599
1857,00;0,0596
1856,50;0,0594
1856,00;0,0594
1855,50;0,0594
1855,00;0,0596
1854,50;0,0598
1854,00;0,0599
1853,50;0,0600
1853,00;0,0600
1852,50;0,0601
1852,00;0,0601
1851,50;0,0600
1851,00;0,0600
1850,50;0,0601
1850,00;0,0603
1849,50;0,0606
1849,00;0,0607
1848,50;0,0607
1848,00;0,0604
1847,50;0,0603
1847,00;0,0603
1846,50;0,0605
1846,00;0,0606
1845,50;0,0605
1845,00;0,0604
1844,50;0,0605
1844,00;0,0607
1843,50;0,0609
1843,00;0,0608
1842,50;0,0606
1842,00;0,0604
1841,50;0,0605
1841,00;0,0607
1840,50;0,0608
1840,00;0,0608
1839,50;0,0606
1839,00;0,0605
1838,50;0,0605
1838,00;0,0606
1837,50;0,0608
1837,00;0,0609
1836,50;0,0610
1836,00;0,0610
1835,50;0,0608
1835,00;0,0608
1834,50;0,0609
1834,00;0,0611
1833,50;0,0613
1833,00;0,0613
1832,50;0,0613
1832,00;0,0611
1831,50;0,0609
1831,00;0,0609
1830,50;0,0611
1830,00;0,0614
1829,50;0,0617
1829,00;0,0620
1828,50;0,0621
1828,00;0,0621
1827,50;0,0619
1827,00;0,0616
1826,50;0,0613
1826,00;0,0611
1825,50;0,0611
1825,00;0,0612
1824,50;0,0614
1824,00;0,0615
1823,50;0,0615
1823,00;0,0615
1822,50;0,0616
1822,00;0,0618
1821,50;0,0620
1821,00;0,0621
1820,50;0,0621
1820,00;0,0621
1819,50;0,0621
1819,00;0,0622
1818,50;0,0624
1818,00;0,0625
1817,50;0,0625
1817,00;0,0623
1816,50;0,0621
1816,00;0,0619
1815,50;0,0619
1815,00;0,0621
1814,50;0,0624
1814,00;0,0628
1813,50;0,0630
1813,00;0,0631
1812,50;0,0631
1812,00;0,0629
1811,50;0,0627
1811,00;0,0625
1810,50;0,0624
1810,00;0,0624
1809,50;0,0625
1809,00;0,0627
1808,50;0,0629
1808,00;0,0630
1807,50;0,0629
1807,00;0,0627
1806,50;0,0625
1806,00;0,0625
1805,50;0,0627
1805,00;0,0629
1804,50;0,0630
1804,00;0,0630
1803,50;0,0631
1803,00;0,0631
1802,50;0,0632
1802,00;0,0633
1801,50;0,0633
1801,00;0,0633
1800,50;0,0633
1800,00;0,0632
1799,50;0,0631
1799,00;0,0631
1798,50;0,0632
1798,00;0,0633
1797,50;0,0632
1797,00;0,0631
1796,50;0,0632
1796,00;0,0633
1795,50;0,0634
1795,00;0,0634
1794,50;0,0634
1794,00;0,0634
1793,50;0,0636
1793,00;0,0639
1792,50;0,0642
1792,00;0,0644
1791,50;0,0645
1791,00;0,0644
1790,50;0,0644
1790,00;0,0644
1789,50;0,0645
1789,00;0,0646
1788,50;0,0647
1788,00;0,0650
1787,50;0,0652
1787,00;0,0653
1786,50;0,0653
1786,00;0,0652
1785,50;0,0650
1785,00;0,0649
1784,50;0,0648
1784,00;0,0648
1783,50;0,0647
1783,00;0,0647
1782,50;0,0647
1782,00;0,0648
1781,50;0,0650
1781,00;0,0651
1780,50;0,0651
1780,00;0,0651
1779,50;0,0651
1779,00;0,0651
1778,50;0,0652
1778,00;0,0652
1777,50;0,0653
1777,00;0,0653
1776,50;0,0654
1776,00;0,0656
1775,50;0,0659
1775,00;0,0661
1774,50;0,0663
1774,00;0,0664
1773,50;0,0664
1773,00;0,0665
1772,50;0,0666
1772,00;0,0666
1771,50;0,0666
1771,00;0,0665
1770,50;0,0664
1770,00;0,0664
1769,50;0,0664
1769,00;0,0665
1768,50;0,0665
1768,00;0,0665
1767,50;0,0667
1767,00;0,0670
1766,50;0,0672
1766,00;0,0673
1765,50;0,0674
1765,00;0,0675
1764,50;0,0676
1764,00;0,0676
1763,50;0,0676
1763,00;0,0675
1762,50;0,0674
1762,00;0,0673
1761,50;0,0675
1761,00;0,0677
1760,50;0,0680
1760,00;0,0682
1759,50;0,0682
1759,00;0,0683
1758,50;0,0683
1758,00;0,0684
1757,50;0,0685
1757,00;0,0686
1756,50;0,0687
1756,00;0,0688
1755,50;0,0689
1755,00;0,0690
1754,50;0,0689
1754,00;0,0688
1753,50;0,0688
1753,00;0,0688
1752,50;0,0689
1752,00;0,0691
1751,50;0,0694
1751,00;0,0698
1750,50;0,0700
1750,00;0,0702
1749,50;0,0702
1749,00;0,0701
1748,50;0,0700
1748,00;0,0700
1747,50;0,0701
1747,00;0,0702
1746,50;0,0704
1746,00;0,0706
1745,50;0,0708
1745,00;0,0710
1744,50;0,0710
1744,00;0,0710
1743,50;0,0711
1743,00;0,0712
1742,50;0,0712
1742,00;0,0712
1741,50;0,0711
1741,00;0,0711
1740,50;0,0712
1740,00;0,0714
1739,50;0,0717
1739,00;0,0719
1738,50;0,0719
1738,00;0,0718
1737,50;0,0718
1737,00;0,0720
1736,50;0,0721
1736,00;0,0722
1735,50;0,0723
1735,00;0,0723
1734,50;0,0722
1734,00;0,0722
1733,50;0,0721
1733,00;0,0720
1732,50;0,0719
1732,00;0,0719
1731,50;0,0721
1731,00;0,0724
1730,50;0,0727
1730,00;0,0729
1729,50;0,0730
1729,00;0,0731
1728,50;0,0731
1728,00;0,0731
1727,50;0,0733
1727,00;0,0734
1726,50;0,0736
1726,00;0,0738
1725,50;0,0740
1725,00;0,0743
1724,50;0,0746
1724,00;0,0748
1723,50;0,0749
1723,00;0,0751
1722,50;0,0753
1722,00;0,0755
1721,50;0,0757
1721,00;0,0760
1720,50;0,0764
1720,00;0,0766
1719,50;0,0767
1719,00;0,0766
1718,50;0,0764
1718,00;0,0762
1717,50;0,0763
1717,00;0,0765
1716,50;0,0769
1716,00;0,0773
1715,50;0,0777
1715,00;0,0780
1714,50;0,0782
1714,00;0,0784
1713,50;0,0785
1713,00;0,0785
1712,50;0,0786
1712,00;0,0788
1711,50;0,0790
1711,00;0,0792
1710,50;0,0794
1710,00;0,0796
1709,50;0,0798
1709,00;0,0799
1708,50;0,0800
1708,00;0,0801
1707,50;0,0802
1707,00;0,0802
1706,50;0,0803
1706,00;0,0806
1705,50;0,0809
1705,00;0,0811
1704,50;0,0812
1704,00;0,0813
1703,50;0,0816
1703,00;0,0818
1702,50;0,0820
1702,00;0,0822
1701,50;0,0823
1701,00;0,0823
1700,50;0,0822
1700,00;0,0825
1699,50;0,0830
1699,00;0,0833
1698,50;0,0834
1698,00;0,0836
1697,50;0,0837
1697,00;0,0837
1696,50;0,0835
1696,00;0,0835
1695,50;0,0836
1695,00;0,0839
1694,50;0,0843
1694,00;0,0846
1693,50;0,0848
1693,00;0,0850
1692,50;0,0852
1692,00;0,0853
1691,50;0,0854
1691,00;0,0854
1690,50;0,0855
1690,00;0,0855
1689,50;0,0856
1689,00;0,0857
1688,50;0,0859
1688,00;0,0859
1687,50;0,0859
1687,00;0,0860
1686,50;0,0861
1686,00;0,0861
1685,50;0,0861
1685,00;0,0862
1684,50;0,0864
1684,00;0,0867
1683,50;0,0868
1683,00;0,0870
1682,50;0,0872
1682,00;0,0874
1681,50;0,0876
1681,00;0,0878
1680,50;0,0879
1680,00;0,0878
1679,50;0,0878
1679,00;0,0878
1678,50;0,0878
1678,00;0,0879
1677,50;0,0881
1677,00;0,0884
1676,50;0,0887
1676,00;0,0887
1675,50;0,0887
1675,00;0,0888
1674,50;0,0890
1674,00;0,0893
1673,50;0,0895
1673,00;0,0895
1672,50;0,0895
1672,00;0,0895
1671,50;0,0896
1671,00;0,0897
1670,50;0,0897
1670,00;0,0897
1669,50;0,0897
1669,00;0,0897
1668,50;0,0899
1668,00;0,0901
1667,50;0,0904
1667,00;0,0907
1666,50;0,0910
1666,00;0,0911
1665,50;0,0911
1665,00;0,0910
1664,50;0,0910
1664,00;0,0910
1663,50;0,0911
1663,00;0,0911
1662,50;0,0912
1662,00;0,0913
1661,50;0,0914
1661,00;0,0916
1660,50;0,0918
1660,00;0,0920
1659,50;0,0922
1659,00;0,0922
1658,50;0,0922
1658,00;0,0922
1657,50;0,0922
1657,00;0,0923
1656,50;0,0923
1656,00;0,0924
1655,50;0,0926
1655,00;0,0926
1654,50;0,0927
1654,00;0,0928
1653,50;0,0931
1653,00;0,0933
1652,50;0,0931
1652,00;0,0929
1651,50;0,0928
1651,00;0,0927
1650,50;0,0928
1650,00;0,0929
1649,50;0,0932
1649,00;0,0935
1648,50;0,0936
1648,00;0,0935
1647,50;0,0934
1647,00;0,0933
1646,50;0,0932
1646,00;0,0933
1645,50;0,0935
1645,00;0,0936
1644,50;0,0935
1644,00;0,0933
1643,50;0,0932
1643,00;0,0932
1642,50;0,0931
1642,00;0,0930
1641,50;0,0928
1641,00;0,0927
1640,50;0,0927
1640,00;0,0927
1639,50;0,0927
1639,00;0,0927
1638,50;0,0926
1638,00;0,0926
1637,50;0,0928
1637,00;0,0931
1636,50;0,0934
1636,00;0,0937
1635,50;0,0941
1635,00;0,0944
1634,50;0,0946
1634,00;0,0946
1633,50;0,0945
1633,00;0,0944
1632,50;0,0943
1632,00;0,0941
1631,50;0,0939
1631,00;0,0937
1630,50;0,0934
1630,00;0,0931
1629,50;0,0930
1629,00;0,0931
1628,50;0,0932
1628,00;0,0932
1627,50;0,0930
1627,00;0,0927
1626,50;0,0926
1626,00;0,0925
1625,50;0,0925
1625,00;0,0926
1624,50;0,0927
1624,00;0,0927
1623,50;0,0927
1623,00;0,0926
1622,50;0,0926
1622,00;0,0925
1621,50;0,0923
1621,00;0,0921
1620,50;0,0921
1620,00;0,0921
1619,50;0,0921
1619,00;0,0921
1618,50;0,0921
1618,00;0,0921
1617,50;0,0922
1617,00;0,0924
1616,50;0,0926
1616,00;0,0927
1615,50;0,0926
1615,00;0,0925
1614,50;0,0925
1614,00;0,0925
1613,50;0,0926
1613,00;0,0925
1612,50;0,0924
1612,00;0,0923
1611,50;0,0922
1611,00;0,0921
1610,50;0,0921
1610,00;0,0921
1609,50;0,0922
1609,00;0,0922
1608,50;0,0921
1608,00;0,0919
1607,50;0,0918
1607,00;0,0919
1606,50;0,0920
1606,00;0,0921
1605,50;0,0921
1605,00;0,0919
1604,50;0,0918
1604,00;0,0918
1603,50;0,0920
1603,00;0,0920
1602,50;0,0919
1602,00;0,0918
1601,50;0,0915
1601,00;0,0914
1600,50;0,0914
1600,00;0,0915
1599,50;0,0917
1599,00;0,0917
1598,50;0,0916
1598,00;0,0915
1597,50;0,0915
1597,00;0,0915
1596,50;0,0915
1596,00;0,0915
1595,50;0,0916
1595,00;0,0916
1594,50;0,0917
1594,00;0,0916
1593,50;0,0914
1593,00;0,0912
1592,50;0,0910
1592,00;0,0909
1591,50;0,0909
1591,00;0,0910
1590,50;0,0911
1590,00;0,0911
1589,50;0,0911
1589,00;0,0909
1588,50;0,0909
1588,00;0,0909
1587,50;0,0909
1587,00;0,0908
1586,50;0,0907
1586,00;0,0907
1585,50;0,0908
1585,00;0,0909
1584,50;0,0909
1584,00;0,0908
1583,50;0,0908
1583,00;0,0907
1582,50;0,0907
1582,00;0,0908
1581,50;0,0908
1581,00;0,0907
1580,50;0,0907
1580,00;0,0908
1579,50;0,0908
1579,00;0,0907
1578,50;0,0905
1578,00;0,0904
1577,50;0,0905
1577,00;0,0907
1576,50;0,0910
1576,00;0,0912
1575,50;0,0912
1575,00;0,0910
1574,50;0,0908
1574,00;0,0907
1573,50;0,0906
1573,00;0,0905
1572,50;0,0905
1572,00;0,0905
1571,50;0,0905
1571,00;0,0904
1570,50;0,0903
1570,00;0,0903
1569,50;0,0905
1569,00;0,0906
1568,50;0,0906
1568,00;0,0904
1567,50;0,0903
1567,00;0,0903
1566,50;0,0905
1566,00;0,0907
1565,50;0,0907
1565,00;0,0907
1564,50;0,0907
1564,00;0,0906
1563,50;0,0904
1563,00;0,0901
1562,50;0,0900
1562,00;0,0900
1561,50;0,0901
1561,00;0,0901
1560,50;0,0901
1560,00;0,0902
1559,50;0,0903
1559,00;0,0904
1558,50;0,0904
1558,00;0,0902
1557,50;0,0902
1557,00;0,0903
1556,50;0,0905
1556,00;0,0905
1555,50;0,0906
1555,00;0,0907
1554,50;0,0908
1554,00;0,0907
1553,50;0,0904
1553,00;0,0901
1552,50;0,0900
1552,00;0,0899
1551,50;0,0898
1551,00;0,0896
1550,50;0,0894
1550,00;0,0893
1549,50;0,0893
1549,00;0,0894
1548,50;0,0894
1548,00;0,0893
1547,50;0,0891
1547,00;0,0891
1546,50;0,0891
1546,00;0,0891
1545,50;0,0892
1545,00;0,0894
1544,50;0,0895
1544,00;0,0895
1543,50;0,0895
1543,00;0,0897
1542,50;0,0900
1542,00;0,0902
1541,50;0,0902
1541,00;0,0902
1540,50;0,0901
1540,00;0,0900
1539,50;0,0901
1539,00;0,0903
1538,50;0,0902
1538,00;0,0901
1537,50;0,0899
1537,00;0,0899
1536,50;0,0899
1536,00;0,0899
1535,50;0,0898
1535,00;0,0898
1534,50;0,0898
1534,00;0,0897
1533,50;0,0897
1533,00;0,0897
1532,50;0,0895
1532,00;0,0893
1531,50;0,0892
1531,00;0,0893
1530,50;0,0894
1530,00;0,0894
1529,50;0,0894
1529,00;0,0895
1528,50;0,0895
1528,00;0,0895
1527,50;0,0893
1527,00;0,0892
1526,50;0,0892
1526,00;0,0893
1525,50;0,0894
1525,00;0,0896
1524,50;0,0897
1524,00;0,0898
1523,50;0,0899
1523,00;0,0900
1522,50;0,0899
1522,00;0,0897
1521,50;0,0895
1521,00;0,0894
1520,50;0,0894
1520,00;0,0895
1519,50;0,0895
1519,00;0,0896
1518,50;0,0896
1518,00;0,0895
1517,50;0,0894
1517,00;0,0894
1516,50;0,0895
1516,00;0,0895
1515,50;0,0895
1515,00;0,0896
1514,50;0,0897
1514,00;0,0898
1513,50;0,0898
1513,00;0,0898
1512,50;0,0898
1512,00;0,0896
1511,50;0,0895
1511,00;0,0893
1510,50;0,0893
1510,00;0,0894
1509,50;0,0896
1509,00;0,0897
1508,50;0,0897
1508,00;0,0897
1507,50;0,0897
1507,00;0,0897
1506,50;0,0898
1506,00;0,0898
1505,50;0,0896
1505,00;0,0895
1504,50;0,0895
1504,00;0,0897
1503,50;0,0897
1503,00;0,0897
1502,50;0,0897
1502,00;0,0897
1501,50;0,0897
1501,00;0,0898
1500,50;0,0899
1500,00;0,0899
1499,50;0,0899
1499,00;0,0899
1498,50;0,0900
1498,00;0,0902
1497,50;0,0903
1497,00;0,0903
1496,50;0,0901
1496,00;0,0900
1495,50;0,0900
1495,00;0,0900
1494,50;0,0900
1494,00;0,0899
1493,50;0,0897
1493,00;0,0896
1492,50;0,0895
1492,00;0,0893
1491,50;0,0890
1491,00;0,0888
1490,50;0,0887
1490,00;0,0887
1489,50;0,0890
1489,00;0,0892
1488,50;0,0893
1488,00;0,0894
1487,50;0,0894
1487,00;0,0895
1486,50;0,0895
1486,00;0,0894
1485,50;0,0892
1485,00;0,0890
1484,50;0,0888
1484,00;0,0887
1483,50;0,0887
1483,00;0,0887
1482,50;0,0888
1482,00;0,0889
1481,50;0,0889
1481,00;0,0887
1480,50;0,0885
1480,00;0,0883
1479,50;0,0883
1479,00;0,0883
1478,50;0,0883
1478,00;0,0884
1477,50;0,0885
1477,00;0,0886
1476,50;0,0886
1476,00;0,0885
1475,50;0,0885
1475,00;0,0885
1474,50;0,0885
1474,00;0,0885
1473,50;0,0884
1473,00;0,0883
1472,50;0,0881
1472,00;0,0880
1471,50;0,0880
1471,00;0,0880
1470,50;0,0880
1470,00;0,0880
1469,50;0,0878
1469,00;0,0877
1468,50;0,0878
1468,00;0,0879
1467,50;0,0879
1467,00;0,0878
1466,50;0,0877
1466,00;0,0875
1465,50;0,0872
1465,00;0,0870
1464,50;0,0869
1464,00;0,0869
1463,50;0,0870
1463,00;0,0871
1462,50;0,0874
1462,00;0,0877
1461,50;0,0878
1461,00;0,0878
1460,50;0,0876
1460,00;0,0873
1459,50;0,0869
1459,00;0,0867
1458,50;0,0867
1458,00;0,0869
1457,50;0,0872
1457,00;0,0873
1456,50;0,0873
1456,00;0,0873
1455,50;0,0871
1455,00;0,0869
1454,50;0,0868
1454,00;0,0870
1453,50;0,0871
1453,00;0,0872
1452,50;0,0872
1452,00;0,0871
1451,50;0,0871
1451,00;0,0872
1450,50;0,0871
1450,00;0,0870
1449,50;0,0867
1449,00;0,0864
1448,50;0,0862
1448,00;0,0863
1447,50;0,0864
1447,00;0,0865
1446,50;0,0865
1446,00;0,0863
1445,50;0,0861
1445,00;0,0860
1444,50;0,0858
1444,00;0,0857
1443,50;0,0857
1443,00;0,0858
1442,50;0,0859
1442,00;0,0861
1441,50;0,0863
1441,00;0,0865
1440,50;0,0864
1440,00;0,0863
1439,50;0,0861
1439,00;0,0859
1438,50;0,0856
1438,00;0,0853
1437,50;0,0852
1437,00;0,0851
1436,50;0,0852
1436,00;0,0855
1435,50;0,0857
1435,00;0,0858
1434,50;0,0857
1434,00;0,0856
1433,50;0,0856
1433,00;0,0856
1432,50;0,0855
1432,00;0,0854
1431,50;0,0854
1431,00;0,0854
1430,50;0,0854
1430,00;0,0854
1429,50;0,0854
1429,00;0,0853
1428,50;0,0852
1428,00;0,0850
1427,50;0,0849
1427,00;0,0850
1426,50;0,0851
1426,00;0,0851
1425,50;0,0852
1425,00;0,0852
1424,50;0,0851
1424,00;0,0849
1423,50;0,0847
1423,00;0,0846
1422,50;0,0844
1422,00;0,0843
1421,50;0,0842
1421,00;0,0842
1420,50;0,0843
1420,00;0,0843
1419,50;0,0844
1419,00;0,0844
1418,50;0,0844
1418,00;0,0843
1417,50;0,0842
1417,00;0,0842
1416,50;0,0842
1416,00;0,0842
1415,50;0,0842
1415,00;0,0843
1414,50;0,0843
1414,00;0,0842
1413,50;0,0840
1413,00;0,0838
1412,50;0,0836
1412,00;0,0835
1411,50;0,0834
1411,00;0,0834
1410,50;0,0835
1410,00;0,0836
1409,50;0,0837
1409,00;0,0837
1408,50;0,0838
1408,00;0,0839
1407,50;0,0839
1407,00;0,0839
1406,50;0,0837
1406,00;0,0835
1405,50;0,0833
1405,00;0,0833
1404,50;0,0832
1404,00;0,0831
1403,50;0,0830
1403,00;0,0828
1402,50;0,0826
1402,00;0,0824
1401,50;0,0823
1401,00;0,0822
1400,50;0,0823
1400,00;0,0825
1399,50;0,0825
1399,00;0,0824
1398,50;0,0821
1398,00;0,0818
1397,50;0,0816
1397,00;0,0815
1396,50;0,0815
1396,00;0,0816
1395,50;0,0817
1395,00;0,0819
1394,50;0,0820
1394,00;0,0820
1393,50;0,0819
1393,00;0,0815
1392,50;0,0812
1392,00;0,0811
1391,50;0,0812
1391,00;0,0814
1390,50;0,0816
1390,00;0,0817
1389,50;0,0816
1389,00;0,0815
1388,50;0,0815
1388,00;0,0815
1387,50;0,0814
1387,00;0,0814
1386,50;0,0813
1386,00;0,0813
1385,50;0,0814
1385,00;0,0816
1384,50;0,0817
1384,00;0,0816
1383,50;0,0813
1383,00;0,0810
1382,50;0,0808
1382,00;0,0809
1381,50;0,0810
1381,00;0,0811
1380,50;0,0810
1380,00;0,0808
1379,50;0,0808
1379,00;0,0808
1378,50;0,0807
1378,00;0,0806
1377,50;0,0804
1377,00;0,0802
1376,50;0,0801
1376,00;0,0802
1375,50;0,0803
1375,00;0,0803
1374,50;0,0803
1374,00;0,0804
1373,50;0,0805
1373,00;0,0805
1372,50;0,0805
1372,00;0,0804
1371,50;0,0803
1371,00;0,0802
1370,50;0,0802
1370,00;0,0801
1369,50;0,0800
1369,00;0,0799
1368,50;0,0798
1368,00;0,0798
1367,50;0,0798
1367,00;0,0798
1366,50;0,0799
1366,00;0,0799
1365,50;0,0798
1365,00;0,0796
1364,50;0,0794
1364,00;0,0792
1363,50;0,0790
1363,00;0,0790
1362,50;0,0791
1362,00;0,0792
1361,50;0,0794
1361,00;0,0795
1360,50;0,0796
1360,00;0,0795
1359,50;0,0793
1359,00;0,0791
1358,50;0,0790
1358,00;0,0790
1357,50;0,0790
1357,00;0,0791
1356,50;0,0792
1356,00;0,0794
1355,50;0,0795
1355,00;0,0796
1354,50;0,0796
1354,00;0,0795
1353,50;0,0795
1353,00;0,0795
1352,50;0,0795
1352,00;0,0796
1351,50;0,0796
1351,00;0,0796
1350,50;0,0796
1350,00;0,0795
1349,50;0,0795
1349,00;0,0793
1348,50;0,0792
1348,00;0,0791
1347,50;0,0791
1347,00;0,0792
1346,50;0,0792
1346,00;0,0793
1345,50;0,0794
1345,00;0,0793
1344,50;0,0793
1344,00;0,0793
1343,50;0,0792
1343,00;0,0790
1342,50;0,0787
1342,00;0,0785
1341,50;0,0783
1341,00;0,0783
1340,50;0,0782
1340,00;0,0782
1339,50;0,0782
1339,00;0,0783
1338,50;0,0784
1338,00;0,0784
1337,50;0,0784
1337,00;0,0783
1336,50;0,0782
1336,00;0,0782
1335,50;0,0783
1335,00;0,0785
1334,50;0,0787
1334,00;0,0788
1333,50;0,0786
1333,00;0,0784
1332,50;0,0782
1332,00;0,0780
1331,50;0,0780
1331,00;0,0781
1330,50;0,0781
1330,00;0,0782
1329,50;0,0781
1329,00;0,0781
1328,50;0,0780
1328,00;0,0779
1327,50;0,0779
1327,00;0,0779
1326,50;0,0779
1326,00;0,0779
1325,50;0,0780
1325,00;0,0781
1324,50;0,0781
1324,00;0,0780
1323,50;0,0779
1323,00;0,0777
1322,50;0,0775
1322,00;0,0775
1321,50;0,0775
1321,00;0,0776
1320,50;0,0776
1320,00;0,0776
1319,50;0,0776
1319,00;0,0777
1318,50;0,0778
1318,00;0,0778
1317,50;0,0778
1317,00;0,0777
1316,50;0,0776
1316,00;0,0776
1315,50;0,0775
1315,00;0,0775
1314,50;0,0774
1314,00;0,0774
1313,50;0,0774
1313,00;0,0773
1312,50;0,0772
1312,00;0,0770
1311,50;0,0769
1311,00;0,0769
1310,50;0,0769
1310,00;0,0769
1309,50;0,0770
1309,00;0,0769
1308,50;0,0769
1308,00;0,0769
1307,50;0,0768
1307,00;0,0768
1306,50;0,0768
1306,00;0,0768
1305,50;0,0768
1305,00;0,0768
1304,50;0,0768
1304,00;0,0769
1303,50;0,0769
1303,00;0,0768
1302,50;0,0766
1302,00;0,0764
1301,50;0,0763
1301,00;0,0763
1300,50;0,0764
1300,00;0,0765
1299,50;0,0765
1299,00;0,0766
1298,50;0,0766
1298,00;0,0767
1297,50;0,0766
1297,00;0,0763
1296,50;0,0761
1296,00;0,0760
1295,50;0,0761
1295,00;0,0761
1294,50;0,0761
1294,00;0,0761
1293,50;0,0761
1293,00;0,0761
1292,50;0,0760
1292,00;0,0758
1291,50;0,0757
1291,00;0,0756
1290,50;0,0756
1290,00;0,0756
1289,50;0,0756
1289,00;0,0756
1288,50;0,0756
1288,00;0,0757
1287,50;0,0758
1287,00;0,0758
1286,50;0,0757
1286,00;0,0755
1285,50;0,0754
1285,00;0,0755
1284,50;0,0756
1284,00;0,0756
1283,50;0,0756
1283,00;0,0756
1282,50;0,0756
1282,00;0,0756
1281,50;0,0755
1281,00;0,0754
1280,50;0,0754
1280,00;0,0754
1279,50;0,0754
1279,00;0,0754
1278,50;0,0753
1278,00;0,0751
1277,50;0,0750
1277,00;0,0749
1276,50;0,0749
1276,00;0,0749
1275,50;0,0747
1275,00;0,0744
1274,50;0,0742
1274,00;0,0743
1273,50;0,0745
1273,00;0,0746
1272,50;0,0746
1272,00;0,0745
1271,50;0,0744
1271,00;0,0742
1270,50;0,0741
1270,00;0,0742
1269,50;0,0743
1269,00;0,0744
1268,50;0,0743
1268,00;0,0740
1267,50;0,0738
1267,00;0,0737
1266,50;0,0739
1266,00;0,0741
1265,50;0,0742
1265,00;0,0742
1264,50;0,0741
1264,00;0,0741
1263,50;0,0742
1263,00;0,0743
1262,50;0,0744
1262,00;0,0743
1261,50;0,0742
1261,00;0,0741
1260,50;0,0740
1260,00;0,0740
1259,50;0,0739
1259,00;0,0739
1258,50;0,0739
1258,00;0,0738
1257,50;0,0737
1257,00;0,0738
1256,50;0,0739
1256,00;0,0740
1255,50;0,0740
1255,00;0,0738
1254,50;0,0735
1254,00;0,0733
1253,50;0,0733
1253,00;0,0733
1252,50;0,0734
1252,00;0,0735
1251,50;0,0736
1251,00;0,0736
1250,50;0,0736
1250,00;0,0736
1249,50;0,0735
1249,00;0,0733
1248,50;0,0731
1248,00;0,0729
1247,50;0,0729
1247,00;0,0730
1246,50;0,0731
1246,00;0,0732
1245,50;0,0730
1245,00;0,0729
1244,50;0,0728
1244,00;0,0728
1243,50;0,0729
1243,00;0,0729
1242,50;0,0729
1242,00;0,0730
1241,50;0,0730
1241,00;0,0730
1240,50;0,0729
1240,00;0,0729
1239,50;0,0730
1239,00;0,0731
1238,50;0,0733
1238,00;0,0734
1237,50;0,0734
1237,00;0,0734
1236,50;0,0733
1236,00;0,0733
1235,50;0,0733
1235,00;0,0734
1234,50;0,0733
1234,00;0,0732
1233,50;0,0730
1233,00;0,0728
1232,50;0,0728
1232,00;0,0730
1231,50;0,0733
1231,00;0,0734
1230,50;0,0735
1230,00;0,0734
1229,50;0,0733
1229,00;0,0732
1228,50;0,0731
1228,00;0,0731
1227,50;0,0732
1227,00;0,0733
1226,50;0,0734
1226,00;0,0735
1225,50;0,0736
1225,00;0,0736
1224,50;0,0736
1224,00;0,0736
1223,50;0,0736
1223,00;0,0735
1222,50;0,0734
1222,00;0,0733
1221,50;0,0733
1221,00;0,0733
1220,50;0,0733
1220,00;0,0733
1219,50;0,0732
1219,00;0,0731
1218,50;0,0731
1218,00;0,0731
1217,50;0,0732
1217,00;0,0733
1216,50;0,0733
1216,00;0,0731
1215,50;0,0729
1215,00;0,0729
1214,50;0,0729
1214,00;0,0729
1213,50;0,0728
1213,00;0,0727
1212,50;0,0727
1212,00;0,0727
1211,50;0,0728
1211,00;0,0730
1210,50;0,0732
1210,00;0,0732
1209,50;0,0731
1209,00;0,0728
1208,50;0,0725
1208,00;0,0722
1207,50;0,0721
1207,00;0,0721
1206,50;0,0722
1206,00;0,0723
1205,50;0,0724
1205,00;0,0725
1204,50;0,0725
1204,00;0,0724
1203,50;0,0724
1203,00;0,0725
1202,50;0,0725
1202,00;0,0725
1201,50;0,0723
1201,00;0,0722
1200,50;0,0721
1200,00;0,0722
1199,50;0,0722
1199,00;0,0722
1198,50;0,0721
1198,00;0,0720
1197,50;0,0719
1197,00;0,0718
1196,50;0,0718
1196,00;0,0718
1195,50;0,0719
1195,00;0,0721
1194,50;0,0722
1194,00;0,0722
1193,50;0,0721
1193,00;0,0720
1192,50;0,0718
1192,00;0,0717
1191,50;0,0716
1191,00;0,0715
1190,50;0,0715
1190,00;0,0715
1189,50;0,0717
1189,00;0,0719
1188,50;0,0720
1188,00;0,0720
1187,50;0,0718
1187,00;0,0718
1186,50;0,0718
1186,00;0,0718
1185,50;0,0718
1185,00;0,0718
1184,50;0,0717
1184,00;0,0717
1183,50;0,0717
1183,00;0,0717
1182,50;0,0716
1182,00;0,0715
1181,50;0,0715
1181,00;0,0715
1180,50;0,0717
1180,00;0,0718
1179,50;0,0719
1179,00;0,0719
1178,50;0,0717
1178,00;0,0715
1177,50;0,0715
1177,00;0,0715
1176,50;0,0717
1176,00;0,0718
1175,50;0,0719
1175,00;0,0718
1174,50;0,0717
1174,00;0,0716
1173,50;0,0714
1173,00;0,0713
1172,50;0,0711
1172,00;0,0710
1171,50;0,0710
1171,00;0,0711
1170,50;0,0712
1170,00;0,0714
1169,50;0,0716
1169,00;0,0717
1168,50;0,0717
1168,00;0,0715
1167,50;0,0713
1167,00;0,0712
1166,50;0,0711
1166,00;0,0711
1165,50;0,0711
1165,00;0,0711
1164,50;0,0712
1164,00;0,0713
1163,50;0,0714
1163,00;0,0713
1162,50;0,0711
1162,00;0,0710
1161,50;0,0710
1161,00;0,0710
1160,50;0,0710
1160,00;0,0709
1159,50;0,0709
1159,00;0,0709
1158,50;0,0710
1158,00;0,0710
1157,50;0,0709
1157,00;0,0708
1156,50;0,0708
1156,00;0,0708
1155,50;0,0707
1155,00;0,0706
1154,50;0,0705
1154,00;0,0703
1153,50;0,0703
1153,00;0,0704
1152,50;0,0706
1152,00;0,0708
1151,50;0,0709
1151,00;0,0707
1150,50;0,0704
1150,00;0,0701
1149,50;0,0699
1149,00;0,0699
1148,50;0,0700
1148,00;0,0701
1147,50;0,0702
1147,00;0,0702
1146,50;0,0701
1146,00;0,0700
1145,50;0,0700
1145,00;0,0700
1144,50;0,0700
1144,00;0,0700
1143,50;0,0699
1143,00;0,0700
1142,50;0,0701
1142,00;0,0702
1141,50;0,0702
1141,00;0,0703
1140,50;0,0702
1140,00;0,0702
1139,50;0,0703
1139,00;0,0705
1138,50;0,0705
1138,00;0,0705
1137,50;0,0704
1137,00;0,0702
1136,50;0,0702
1136,00;0,0702
1135,50;0,0701
1135,00;0,0700
1134,50;0,0700
1134,00;0,0699
1133,50;0,0698
1133,00;0,0698
1132,50;0,0700
1132,00;0,0703
1131,50;0,0705
1131,00;0,0706
1130,50;0,0705
1130,00;0,0703
1129,50;0,0701
1129,00;0,0700
1128,50;0,0699
1128,00;0,0699
1127,50;0,0701
1127,00;0,0702
1126,50;0,0702
1126,00;0,0701
1125,50;0,0699
1125,00;0,0695
1124,50;0,0691
1124,00;0,0688
1123,50;0,0686
1123,00;0,0686
1122,50;0,0687
1122,00;0,0689
1121,50;0,0692
1121,00;0,0694
1120,50;0,0696
1120,00;0,0696
1119,50;0,0694
1119,00;0,0692
1118,50;0,0690
1118,00;0,0689
1117,50;0,0689
1117,00;0,0689
1116,50;0,0689
1116,00;0,0688
1115,50;0,0687
1115,00;0,0686
1114,50;0,0686
1114,00;0,0686
1113,50;0,0686
1113,00;0,0686
1112,50;0,0686
1112,00;0,0687
1111,50;0,0690
1111,00;0,0693
1110,50;0,0696
1110,00;0,0697
1109,50;0,0696
1109,00;0,0693
1108,50;0,0689
1108,00;0,0687
1107,50;0,0685
1107,00;0,0685
1106,50;0,0687
1106,00;0,0689
1105,50;0,0691
1105,00;0,0690
1104,50;0,0687
1104,00;0,0683
1103,50;0,0680
1103,00;0,0677
1102,50;0,0675
1102,00;0,0674
1101,50;0,0674
1101,00;0,0675
1100,50;0,0677
1100,00;0,0680
1099,50;0,0681
1099,00;0,0681
1098,50;0,0680
1098,00;0,0677
1097,50;0,0674
1097,00;0,0670
1096,50;0,0667
1096,00;0,0665
1095,50;0,0664
1095,00;0,0664
1094,50;0,0664
1094,00;0,0663
1093,50;0,0662
1093,00;0,0660
1092,50;0,0658
1092,00;0,0657
1091,50;0,0658
1091,00;0,0659
1090,50;0,0661
1090,00;0,0661
1089,50;0,0661
1089,00;0,0660
1088,50;0,0657
1088,00;0,0654
1087,50;0,0651
1087,00;0,0647
1086,50;0,0644
1086,00;0,0643
1085,50;0,0643
1085,00;0,0643
1084,50;0,0644
1084,00;0,0644
1083,50;0,0644
1083,00;0,0643
1082,50;0,0641
1082,00;0,0638
1081,50;0,0637
1081,00;0,0637
1080,50;0,0637
1080,00;0,0636
1079,50;0,0633
1079,00;0,0630
1078,50;0,0628
1078,00;0,0627
1077,50;0,0627
1077,00;0,0626
1076,50;0,0625
1076,00;0,0625
1075,50;0,0627
1075,00;0,0628
1074,50;0,0628
1074,00;0,0626
1073,50;0,0623
1073,00;0,0620
1072,50;0,0619
1072,00;0,0618
1071,50;0,0619
1071,00;0,0620
1070,50;0,0621
1070,00;0,0621
1069,50;0,0622
1069,00;0,0624
1068,50;0,0625
1068,00;0,0625
1067,50;0,0623
1067,00;0,0622
1066,50;0,0621
1066,00;0,0621
1065,50;0,0621
1065,00;0,0621
1064,50;0,0622
1064,00;0,0624
1063,50;0,0626
1063,00;0,0626
1062,50;0,0625
1062,00;0,0621
1061,50;0,0616
1061,00;0,0612
1060,50;0,0611
1060,00;0,0613
1059,50;0,0616
1059,00;0,0620
1058,50;0,0624
1058,00;0,0627
1057,50;0,0627
1057,00;0,0625
1056,50;0,0621
1056,00;0,0618
1055,50;0,0616
1055,00;0,0616
1054,50;0,0617
1054,00;0,0619
1053,50;0,0621
1053,00;0,0624
1052,50;0,0627
1052,00;0,0628
1051,50;0,0628
1051,00;0,0627
1050,50;0,0625
1050,00;0,0623
1049,50;0,0623
1049,00;0,0624
1048,50;0,0625
1048,00;0,0625
1047,50;0,0624
1047,00;0,0624
1046,50;0,0624
1046,00;0,0624
1045,50;0,0625
1045,00;0,0625
1044,50;0,0625
1044,00;0,0625
1043,50;0,0626
1043,00;0,0627
1042,50;0,0628
1042,00;0,0629
1041,50;0,0628
1041,00;0,0627
1040,50;0,0626
1040,00;0,0625
1039,50;0,0626
1039,00;0,0628
1038,50;0,0632
1038,00;0,0635
1037,50;0,0637
1037,00;0,0636
1036,50;0,0634
1036,00;0,0631
1035,50;0,0627
1035,00;0,0625
1034,50;0,0626
1034,00;0,0629
1033,50;0,0634
1033,00;0,0638
1032,50;0,0641
1032,00;0,0642
1031,50;0,0642
1031,00;0,0641
1030,50;0,0639
1030,00;0,0635
1029,50;0,0634
1029,00;0,0634
1028,50;0,0637
1028,00;0,0640
1027,50;0,0642
1027,00;0,0644
1026,50;0,0645
1026,00;0,0646
1025,50;0,0646
1025,00;0,0644
1024,50;0,0643
1024,00;0,0644
1023,50;0,0647
1023,00;0,0649
1022,50;0,0651
1022,00;0,0651
1021,50;0,0651
1021,00;0,0652
1020,50;0,0653
1020,00;0,0653
1019,50;0,0654
1019,00;0,0654
1018,50;0,0655
1018,00;0,0655
1017,50;0,0657
1017,00;0,0660
1016,50;0,0663
1016,00;0,0665
1015,50;0,0667
1015,00;0,0667
1014,50;0,0666
1014,00;0,0664
1013,50;0,0664
1013,00;0,0664
1012,50;0,0666
1012,00;0,0669
1011,50;0,0671
1011,00;0,0674
1010,50;0,0677
1010,00;0,0677
1009,50;0,0677
1009,00;0,0676
1008,50;0,0678
1008,00;0,0681
1007,50;0,0685
1007,00;0,0687
1006,50;0,0688
1006,00;0,0688
1005,50;0,0688
1005,00;0,0687
1004,50;0,0687
1004,00;0,0688
1003,50;0,0690
1003,00;0,0694
1002,50;0,0698
1002,00;0,0702
1001,50;0,0705
1001,00;0,0707
1000,50;0,0707
1000,00;0,0707
999,50;0,0707
999,00;0,0707
998,50;0,0709
998,00;0,0712
997,50;0,0715
997,00;0,0719
996,50;0,0723
996,00;0,0724
995,50;0,0725
995,00;0,0725
994,50;0,0726
994,00;0,0729
993,50;0,0733
993,00;0,0736
992,50;0,0738
992,00;0,0741
991,50;0,0745
991,00;0,0748
990,50;0,0751
990,00;0,0751
989,50;0,0752
989,00;0,0753
988,50;0,0755
988,00;0,0758
987,50;0,0761
987,00;0,0765
986,50;0,0770
986,00;0,0775
985,50;0,0778
985,00;0,0781
984,50;0,0784
984,00;0,0785
983,50;0,0783
983,00;0,0781
982,50;0,0782
982,00;0,0787
981,50;0,0795
981,00;0,0803
980,50;0,0809
980,00;0,0812
979,50;0,0814
979,00;0,0815
978,50;0,0816
978,00;0,0818
977,50;0,0821
977,00;0,0825
976,50;0,0830
976,00;0,0836
975,50;0,0843
975,00;0,0850
974,50;0,0854
974,00;0,0857
973,50;0,0859
973,00;0,0861
972,50;0,0864
972,00;0,0867
971,50;0,0870
971,00;0,0876
970,50;0,0882
970,00;0,0889
969,50;0,0895
969,00;0,0899
968,50;0,0903
968,00;0,0907
967,50;0,0910
967,00;0,0913
966,50;0,0916
966,00;0,0922
965,50;0,0929
965,00;0,0938
964,50;0,0946
964,00;0,0952
963,50;0,0956
963,00;0,0958
962,50;0,0960
962,00;0,0964
961,50;0,0969
961,00;0,0976
960,50;0,0984
960,00;0,0992
959,50;0,0998
959,00;0,1003
958,50;0,1007
958,00;0,1011
957,50;0,1015
957,00;0,1017
956,50;0,1021
956,00;0,1026
955,50;0,1034
955,00;0,1045
954,50;0,1056
954,00;0,1063
953,50;0,1068
953,00;0,1071
952,50;0,1073
952,00;0,1075
951,50;0,1078
951,00;0,1082
950,50;0,1088
950,00;0,1095
949,50;0,1103
949,00;0,1109
948,50;0,1113
948,00;0,1116
947,50;0,1119
947,00;0,1122
946,50;0,1126
946,00;0,1131
945,50;0,1138
945,00;0,1148
944,50;0,1158
944,00;0,1166
943,50;0,1172
943,00;0,1176
942,50;0,1181
942,00;0,1186
941,50;0,1192
941,00;0,1198
940,50;0,1203
940,00;0,1208
939,50;0,1214
939,00;0,1221
938,50;0,1228
938,00;0,1233
937,50;0,1236
937,00;0,1239
936,50;0,1243
936,00;0,1249
935,50;0,1257
935,00;0,1265
934,50;0,1273
934,00;0,1282
933,50;0,1289
933,00;0,1294
932,50;0,1297
932,00;0,1299
931,50;0,1302
931,00;0,1307
930,50;0,1314
930,00;0,1321
929,50;0,1328
929,00;0,1335
928,50;0,1343
928,00;0,1351
927,50;0,1358
927,00;0,1362
926,50;0,1364
926,00;0,1366
925,50;0,1369
925,00;0,1374
924,50;0,1381
924,00;0,1390
923,50;0,1398
923,00;0,1404
922,50;0,1406
922,00;0,1406
921,50;0,1406
921,00;0,1408
920,50;0,1413
920,00;0,1420
919,50;0,1429
919,00;0,1438
918,50;0,1446
918,00;0,1452
917,50;0,1454
917,00;0,1455
916,50;0,1457
916,00;0,1462
915,50;0,1468
915,00;0,1476
914,50;0,1484
914,00;0,1490
913,50;0,1496
913,00;0,1501
912,50;0,1503
912,00;0,1504
911,50;0,1504
911,00;0,1504
910,50;0,1505
910,00;0,1508
909,50;0,1513
909,00;0,1521
908,50;0,1534
908,00;0,1546
907,50;0,1556
907,00;0,1561
906,50;0,1561
906,00;0,1558
905,50;0,1553
905,00;0,1551
904,50;0,1557
904,00;0,1569
903,50;0,1584
903,00;0,1594
902,50;0,1599
902,00;0,1600
901,50;0,1601
901,00;0,1601
900,50;0,1603
900,00;0,1608
899,50;0,1614
899,00;0,1619
898,50;0,1623
898,00;0,1629
897,50;0,1637
897,00;0,1644
896,50;0,1648
896,00;0,1649
895,50;0,1649
895,00;0,1649
894,50;0,1652
894,00;0,1656
893,50;0,1663
893,00;0,1671
892,50;0,1677
892,00;0,1683
891,50;0,1685
891,00;0,1685
890,50;0,1684
890,00;0,1683
889,50;0,1684
889,00;0,1685
888,50;0,1691
888,00;0,1700
887,50;0,1714
887,00;0,1729
886,50;0,1742
886,00;0,1748
885,50;0,1746
885,00;0,1736
884,50;0,1725
884,00;0,1719
883,50;0,1719
883,00;0,1728
882,50;0,1741
882,00;0,1757
881,50;0,1772
881,00;0,1782
880,50;0,1787
880,00;0,1784
879,50;0,1778
879,00;0,1770
878,50;0,1763
878,00;0,1759
877,50;0,1760
877,00;0,1769
876,50;0,1785
876,00;0,1805
875,50;0,1820
875,00;0,1828
874,50;0,1829
874,00;0,1826
873,50;0,1822
873,00;0,1817
872,50;0,1816
872,00;0,1820
871,50;0,1828
871,00;0,1839
870,50;0,1848
870,00;0,1856
869,50;0,1860
869,00;0,1860
868,50;0,1856
868,00;0,1852
867,50;0,1852
867,00;0,1858
866,50;0,1869
866,00;0,1883
865,50;0,1894
865,00;0,1896
864,50;0,1892
864,00;0,1884
863,50;0,1875
863,00;0,1869
862,50;0,1868
862,00;0,1876
861,50;0,1891
861,00;0,1910
860,50;0,1926
860,00;0,1939
859,50;0,1945
859,00;0,1944
858,50;0,1937
858,00;0,1927
857,50;0,1918
857,00;0,1916
856,50;0,1919
856,00;0,1926
855,50;0,1936
855,00;0,1947
854,50;0,1958
854,00;0,1966
853,50;0,1969
853,00;0,1968
852,50;0,1963
852,00;0,1957
851,50;0,1954
851,00;0,1960
850,50;0,1971
850,00;0,1985
849,50;0,1996
849,00;0,2001
848,50;0,2002
848,00;0,1999
847,50;0,1995
847,00;0,1992
846,50;0,1994
846,00;0,2000
845,50;0,2008
845,00;0,2015
844,50;0,2022
844,00;0,2025
843,50;0,2027
843,00;0,2026
842,50;0,2023
842,00;0,2022
841,50;0,2023
841,00;0,2030
840,50;0,2041
840,00;0,2053
839,50;0,2062
839,00;0,2064
838,50;0,2061
838,00;0,2057
837,50;0,2056
837,00;0,2056
836,50;0,2056
836,00;0,2057
835,50;0,2061
835,00;0,2068
834,50;0,2077
834,00;0,2085
833,50;0,2089
833,00;0,2088
832,50;0,2084
832,00;0,2081
831,50;0,2080
831,00;0,2083
830,50;0,2089
830,00;0,2097
829,50;0,2105
829,00;0,2114
828,50;0,2122
828,00;0,2128
827,50;0,2131
827,00;0,2128
826,50;0,2123
826,00;0,2119
825,50;0,2117
825,00;0,2118
824,50;0,2121
824,00;0,2126
823,50;0,2132
823,00;0,2137
822,50;0,2138
822,00;0,2137
821,50;0,2137
821,00;0,2136
820,50;0,2137
820,00;0,2140
819,50;0,2144
819,00;0,2148
818,50;0,2154
818,00;0,2159
817,50;0,2164
817,00;0,2167
816,50;0,2167
816,00;0,2164
815,50;0,2161
815,00;0,2159
814,50;0,2161
814,00;0,2164
813,50;0,2167
813,00;0,2167
812,50;0,2167
812,00;0,2167
811,50;0,2168
811,00;0,2166
810,50;0,2164
810,00;0,2163
809,50;0,2164
809,00;0,2166
808,50;0,2168
808,00;0,2167
807,50;0,2166
807,00;0,2165
806,50;0,2164
806,00;0,2161
805,50;0,2156
805,00;0,2150
804,50;0,2146
804,00;0,2148
803,50;0,2157
803,00;0,2167
802,50;0,2175
802,00;0,2179
801,50;0,2179
801,00;0,2175
800,50;0,2167
800,00;0,2159
799,50;0,2154
799,00;0,2154
798,50;0,2158
798,00;0,2165
797,50;0,2172
797,00;0,2175
796,50;0,2172
796,00;0,2165
795,50;0,2158
795,00;0,2157
794,50;0,2160
794,00;0,2166
793,50;0,2169
793,00;0,2170
792,50;0,2169
792,00;0,2168
791,50;0,2170
791,00;0,2172
790,50;0,2172
790,00;0,2169
789,50;0,2166
789,00;0,2162
788,50;0,2160
788,00;0,2158
787,50;0,2158
787,00;0,2159
786,50;0,2162
786,00;0,2167
785,50;0,2171
785,00;0,2171
784,50;0,2167
784,00;0,2161
783,50;0,2156
783,00;0,2158
782,50;0,2165
782,00;0,2173
781,50;0,2177
781,00;0,2176
780,50;0,2172
780,00;0,2167
779,50;0,2160
779,00;0,2152
778,50;0,2148
778,00;0,2149
777,50;0,2154
777,00;0,2159
776,50;0,2160
776,00;0,2160
775,50;0,2160
775,00;0,2161
774,50;0,2161
774,00;0,2160
773,50;0,2156
773,00;0,2152
772,50;0,2150
772,00;0,2151
771,50;0,2154
771,00;0,2158
770,50;0,2162
770,00;0,2165
769,50;0,2164
769,00;0,2159
768,50;0,2151
768,00;0,2144
767,50;0,2142
767,00;0,2147
766,50;0,2154
766,00;0,2161
765,50;0,2165
765,00;0,2164
764,50;0,2159
764,00;0,2149
763,50;0,2138
763,00;0,2129
762,50;0,2126
762,00;0,2128
761,50;0,2133
761,00;0,2138
760,50;0,2141
760,00;0,2142
759,50;0,2139
759,00;0,2135
758,50;0,2132
758,00;0,2132
757,50;0,2134
757,00;0,2136
756,50;0,2137
756,00;0,2137
755,50;0,2138
755,00;0,2139
754,50;0,2139
754,00;0,2135
753,50;0,2128
753,00;0,2118
752,50;0,2111
752,00;0,2110
751,50;0,2113
751,00;0,2119
750,50;0,2123
750,00;0,2124
749,50;0,2123
749,00;0,2121
748,50;0,2118
748,00;0,2116
747,50;0,2114
747,00;0,2111
746,50;0,2107
746,00;0,2102
745,50;0,2100
745,00;0,2101
744,50;0,2103
744,00;0,2104
743,50;0,2101
743,00;0,2093
742,50;0,2085
742,00;0,2080
741,50;0,2080
741,00;0,2082
740,50;0,2085
740,00;0,2089
739,50;0,2092
739,00;0,2094
738,50;0,2093
738,00;0,2089
737,50;0,2082
737,00;0,2076
736,50;0,2073
736,00;0,2073
735,50;0,2074
735,00;0,2076
734,50;0,2080
734,00;0,2084
733,50;0,2087
733,00;0,2084
732,50;0,2077
732,00;0,2068
731,50;0,2062
731,00;0,2059
730,50;0,2059
730,00;0,2061
729,50;0,2065
729,00;0,2070
728,50;0,2076
728,00;0,2079
727,50;0,2079
727,00;0,2075
726,50;0,2070
726,00;0,2067
725,50;0,2068
725,00;0,2073
724,50;0,2079
724,00;0,2084
723,50;0,2086
723,00;0,2085
722,50;0,2080
722,00;0,2075
721,50;0,2069
721,00;0,2063
720,50;0,2061
720,00;0,2064
719,50;0,2071
719,00;0,2077
718,50;0,2078
718,00;0,2075
717,50;0,2074
717,00;0,2077
716,50;0,2081
716,00;0,2081
715,50;0,2079
715,00;0,2076
714,50;0,2076
714,00;0,2077
713,50;0,2078
713,00;0,2078
712,50;0,2078
712,00;0,2079
711,50;0,2079
711,00;0,2079
710,50;0,2078
710,00;0,2077
709,50;0,2076
709,00;0,2079
708,50;0,2086
708,00;0,2095
707,50;0,2101
707,00;0,2101
706,50;0,2097
706,00;0,2089
705,50;0,2082
705,00;0,2077
704,50;0,2078
704,00;0,2080
703,50;0,2081
703,00;0,2079
702,50;0,2078
702,00;0,2080
701,50;0,2082
701,00;0,2081
700,50;0,2078
700,00;0,2076
699,50;0,2077
699,00;0,2080
698,50;0,2084
698,00;0,2088
697,50;0,2094
697,00;0,2098
696,50;0,2100
696,00;0,2099
695,50;0,2094
695,00;0,2089
694,50;0,2086
694,00;0,2088
693,50;0,2093
693,00;0,2099
692,50;0,2103
692,00;0,2106
691,50;0,2108
691,00;0,2107
690,50;0,2107
690,00;0,2107
689,50;0,2106
689,00;0,2102
688,50;0,2098
688,00;0,2097
687,50;0,2099
687,00;0,2100
686,50;0,2098
686,00;0,2095
685,50;0,2095
685,00;0,2098
684,50;0,2103
684,00;0,2108
683,50;0,2112
683,00;0,2117
682,50;0,2125
682,00;0,2134
681,50;0,2140
681,00;0,2141
680,50;0,2138
680,00;0,2132
679,50;0,2127
679,00;0,2124
678,50;0,2123
678,00;0,2125
677,50;0,2129
677,00;0,2134
676,50;0,2139
676,00;0,2144
675,50;0,2146
675,00;0,2144
674,50;0,2141
674,00;0,2136
673,50;0,2134
673,00;0,2131
672,50;0,2132
672,00;0,2142
671,50;0,2156
671,00;0,2167
670,50;0,2171
670,00;0,2172
669,50;0,2177
669,00;0,2194
668,50;0,2220
668,00;0,2239
667,50;0,2227
667,00;0,2183
666,50;0,2152
666,00;0,2147
665,50;0,2151
665,00;0,2153
664,50;0,2150
664,00;0,2144
663,50;0,2140
663,00;0,2139
662,50;0,2138
662,00;0,2145
661,50;0,2158
661,00;0,2173
660,50;0,2184
660,00;0,2189
659,50;0,2188
659,00;0,2185
658,50;0,2180
658,00;0,2175
657,50;0,2172
657,00;0,2173
656,50;0,2176
656,00;0,2182
655,50;0,2188
655,00;0,2191
654,50;0,2188
654,00;0,2178
653,50;0,2164
653,00;0,2150
652,50;0,2141
652,00;0,2143
651,50;0,2153
651,00;0,2167
650,50;0,2176
650,00;0,2176
649,50;0,2171
649,00;0,2166
648,50;0,2163
648,00;0,2162
647,50;0,2163
647,00;0,2167
646,50;0,2176
646,00;0,2187
645,50;0,2198
645,00;0,2205
644,50;0,2205
644,00;0,2197
643,50;0,2186
643,00;0,2178
642,50;0,2177
642,00;0,2179
641,50;0,2182
641,00;0,2186
640,50;0,2191
640,00;0,2197
639,50;0,2199
639,00;0,2195
638,50;0,2189
638,00;0,2184
637,50;0,2182
637,00;0,2183
636,50;0,2187
636,00;0,2195
635,50;0,2202
635,00;0,2207
634,50;0,2208
634,00;0,2203
633,50;0,2194
633,00;0,2184
632,50;0,2174
632,00;0,2169
631,50;0,2168
631,00;0,2170
630,50;0,2175
630,00;0,2183
629,50;0,2195
629,00;0,2208
628,50;0,2215
628,00;0,2214
627,50;0,2209
627,00;0,2205
626,50;0,2204
626,00;0,2206
625,50;0,2212
625,00;0,2221
624,50;0,2230
624,00;0,2235
623,50;0,2236
623,00;0,2233
622,50;0,2226
622,00;0,2218
621,50;0,2212
621,00;0,2211
620,50;0,2217
620,00;0,2228
619,50;0,2237
619,00;0,2239
618,50;0,2233
618,00;0,2221
617,50;0,2208
617,00;0,2199
616,50;0,2196
616,00;0,2199
615,50;0,2208
615,00;0,2218
614,50;0,2227
614,00;0,2232
613,50;0,2235
613,00;0,2236
612,50;0,2235
612,00;0,2233
611,50;0,2227
611,00;0,2218
610,50;0,2213
610,00;0,2218
609,50;0,2230
609,00;0,2244
608,50;0,2254
608,00;0,2255
607,50;0,2247
607,00;0,2235
606,50;0,2223
606,00;0,2218
605,50;0,2224
605,00;0,2236
604,50;0,2244
604,00;0,2241
603,50;0,2232
603,00;0,2223
602,50;0,2220
602,00;0,2223
601,50;0,2227
601,00;0,2229
600,50;0,2227
600,00;0,2221
599,50;0,2213
599,00;0,2206
598,50;0,2202
598,00;0,2201
597,50;0,2201
597,00;0,2199
596,50;0,2194
596,00;0,2186
595,50;0,2177
595,00;0,2172
594,50;0,2173
594,00;0,2180
593,50;0,2188
593,00;0,2194
592,50;0,2198
592,00;0,2198
591,50;0,2194
591,00;0,2186
590,50;0,2176
590,00;0,2169
589,50;0,2165
589,00;0,2165
588,50;0,2169
588,00;0,2180
587,50;0,2194
587,00;0,2204
586,50;0,2204
586,00;0,2192
585,50;0,2173
585,00;0,2157
584,50;0,2148
584,00;0,2146
583,50;0,2147
583,00;0,2150
582,50;0,2152
582,00;0,2153
581,50;0,2150
581,00;0,2144
580,50;0,2134
580,00;0,2121
579,50;0,2106
579,00;0,2093
578,50;0,2084
578,00;0,2081
577,50;0,2085
577,00;0,2092
576,50;0,2097
576,00;0,2093
575,50;0,2080
575,00;0,2065
574,50;0,2057
574,00;0,2059
573,50;0,2067
573,00;0,2075
572,50;0,2081
572,00;0,2083
571,50;0,2078
571,00;0,2066
570,50;0,2052
570,00;0,2044
569,50;0,2041
569,00;0,2041
568,50;0,2040
568,00;0,2042
567,50;0,2051
567,00;0,2064
566,50;0,2071
566,00;0,2066
565,50;0,2048
565,00;0,2022
564,50;0,1996
564,00;0,1977
563,50;0,1968
563,00;0,1971
562,50;0,1983
562,00;0,1997
561,50;0,2004
561,00;0,1999
560,50;0,1982
560,00;0,1961
559,50;0,1943
559,00;0,1933
558,50;0,1931
558,00;0,1935
557,50;0,1940
557,00;0,1945
556,50;0,1949
556,00;0,1951
555,50;0,1948
555,00;0,1941
554,50;0,1932
554,00;0,1925
553,50;0,1916
553,00;0,1901
552,50;0,1883
552,00;0,1871
551,50;0,1870
551,00;0,1880
550,50;0,1895
550,00;0,1904
549,50;0,1901
549,00;0,1883
548,50;0,1858
548,00;0,1840
547,50;0,1835
547,00;0,1837
546,50;0,1835
546,00;0,1825
545,50;0,1817
545,00;0,1814
544,50;0,1811
544,00;0,1797
543,50;0,1769
543,00;0,1738
542,50;0,1718
542,00;0,1714
541,50;0,1720
541,00;0,1733
540,50;0,1748
540,00;0,1758
539,50;0,1754
539,00;0,1728
538,50;0,1686
538,00;0,1644
537,50;0,1619
537,00;0,1619
536,50;0,1636
536,00;0,1656
535,50;0,1668
535,00;0,1669
534,50;0,1662
534,00;0,1649
533,50;0,1630
533,00;0,1609
532,50;0,1592
532,00;0,1587
531,50;0,1590
531,00;0,1593
530,50;0,1587
530,00;0,1575
529,50;0,1563
529,00;0,1556
528,50;0,1549
528,00;0,1538
527,50;0,1527
527,00;0,1525
526,50;0,1532
526,00;0,1542
525,50;0,1546
525,00;0,1542
524,50;0,1533
524,00;0,1521
523,50;0,1507
523,00;0,1490
522,50;0,1473
522,00;0,1458
521,50;0,1449
521,00;0,1449
520,50;0,1460
520,00;0,1480
519,50;0,1499
519,00;0,1508
518,50;0,1500
518,00;0,1481
517,50;0,1459
517,00;0,1441
516,50;0,1428
516,00;0,1416
515,50;0,1408
515,00;0,1407
514,50;0,1411
514,00;0,1411
513,50;0,1405
513,00;0,1400
512,50;0,1404
512,00;0,1416
511,50;0,1426
511,00;0,1433
510,50;0,1444
510,00;0,1463
509,50;0,1488
509,00;0,1511
508,50;0,1522
508,00;0,1517
507,50;0,1495
507,00;0,1464
506,50;0,1434
506,00;0,1412
505,50;0,1405
505,00;0,1411
504,50;0,1429
504,00;0,1447
503,50;0,1456
503,00;0,1451
502,50;0,1431
502,00;0,1400
501,50;0,1364
501,00;0,1334
500,50;0,1323
500,00;0,1333
499,50;0,1354
499,00;0,1378
498,50;0,1393
498,00;0,1390
497,50;0,1370
497,00;0,1341
496,50;0,1322
496,00;0,1322
495,50;0,1337
495,00;0,1359
494,50;0,1381
494,00;0,1399
493,50;0,1408
493,00;0,1404
492,50;0,1387
492,00;0,1358
491,50;0,1322
491,00;0,1291
490,50;0,1279
490,00;0,1287
489,50;0,1305
489,00;0,1321
488,50;0,1333
488,00;0,1342
487,50;0,1345
487,00;0,1334
486,50;0,1307
486,00;0,1268
485,50;0,1229
485,00;0,1208
484,50;0,1218
484,00;0,1257
483,50;0,1304
483,00;0,1331
482,50;0,1327
482,00;0,1296
481,50;0,1254
481,00;0,1217
480,50;0,1197
480,00;0,1200
479,50;0,1223
479,00;0,1262
478,50;0,1306
478,00;0,1342
477,50;0,1355
477,00;0,1346
476,50;0,1322
476,00;0,1297
475,50;0,1280
475,00;0,1279
474,50;0,1297
474,00;0,1327
473,50;0,1353
473,00;0,1364
472,50;0,1359
472,00;0,1339
471,50;0,1309
471,00;0,1274
470,50;0,1242
470,00;0,1215
469,50;0,1197
469,00;0,1192
468,50;0,1208
468,00;0,1241
467,50;0,1274
467,00;0,1294
466,50;0,1296
466,00;0,1278
465,50;0,1237
465,00;0,1181
464,50;0,1130
464,00;0,1107
463,50;0,1114
463,00;0,1139
462,50;0,1172
462,00;0,1207
461,50;0,1236
461,00;0,1244
460,50;0,1220
460,00;0,1166
459,50;0,1102
459,00;0,1060
458,50;0,1060
458,00;0,1098
457,50;0,1151
457,00;0,1199
456,50;0,1232
456,00;0,1242
455,50;0,1223
455,00;0,1180
454,50;0,1132
454,00;0,1098
453,50;0,1088
453,00;0,1106
452,50;0,1147
452,00;0,1194
451,50;0,1214
451,00;0,1188
450,50;0,1128
450,00;0,1064
449,50;0,1018
449,00;0,0994
448,50;0,0992
448,00;0,1012
447,50;0,1053
447,00;0,1102
446,50;0,1141
446,00;0,1150
445,50;0,1125
445,00;0,1076
444,50;0,1028
444,00;0,0997
443,50;0,0994
443,00;0,1026
442,50;0,1086
442,00;0,1148
441,50;0,1190
441,00;0,1210
440,50;0,1215
440,00;0,1192
439,50;0,1120
439,00;0,1014
438,50;0,0928
438,00;0,0907
437,50;0,0950
437,00;0,1029
436,50;0,1118
436,00;0,1184
435,50;0,1186
435,00;0,1110
434,50;0,1004
434,00;0,0934
433,50;0,0922
433,00;0,0946
432,50;0,0976
432,00;0,1007
431,50;0,1047
431,00;0,1092
430,50;0,1120
430,00;0,1092
429,50;0,0990
429,00;0,0845
428,50;0,0729
428,00;0,0692
427,50;0,0728
427,00;0,0794
426,50;0,0846
426,00;0,0868
425,50;0,0873
425,00;0,0891
424,50;0,0928
424,00;0,0942
423,50;0,0892
423,00;0,0801
422,50;0,0753
422,00;0,0797
421,50;0,0906
421,00;0,1029
420,50;0,1125
420,00;0,1133
419,50;0,0997
419,00;0,0774
418,50;0,0623
418,00;0,0632
417,50;0,0711
417,00;0,0717
416,50;0,0650
416,00;0,0632
415,50;0,0725
415,00;0,0866
414,50;0,0966
414,00;0,0993
413,50;0,0941
413,00;0,0818
412,50;0,0694
412,00;0,0667
411,50;0,0728
411,00;0,0746
410,50;0,0646
410,00;0,0496
409,50;0,0415
409,00;0,0425
408,50;0,0435
408,00;0,0374
407,50;0,0250
407,00;0,0137
406,50;0,0108
406,00;0,0177
405,50;0,0252
405,00;0,0206
404,50;0,0081
404,00;0,0073
403,50;0,0223
403,00;0,0364
402,50;0,0339
402,00;0,0244
401,50;0,0322
401,00;0,0591
400,50;0,0848
400,00;0,0931
