Erstellt als neuer Datensatz;Sample 174 By PC59-C710\Spektrum3 date Dienstag, Juni 02 2026
cm-1;A
4000,00;0,1025
3999,50;0,1024
3999,00;0,1022
3998,50;0,1018
3998,00;0,1016
3997,50;0,1016
3997,00;0,1019
3996,50;0,1022
3996,00;0,1023
3995,50;0,1020
3995,00;0,1016
3994,50;0,1013
3994,00;0,1012
3993,50;0,1013
3993,00;0,1014
3992,50;0,1015
3992,00;0,1015
3991,50;0,1016
3991,00;0,1017
3990,50;0,1017
3990,00;0,1015
3989,50;0,1012
3989,00;0,1009
3988,50;0,1007
3988,00;0,1005
3987,50;0,1004
3987,00;0,1004
3986,50;0,1006
3986,00;0,1009
3985,50;0,1012
3985,00;0,1013
3984,50;0,1014
3984,00;0,1013
3983,50;0,1013
3983,00;0,1014
3982,50;0,1013
3982,00;0,1012
3981,50;0,1011
3981,00;0,1011
3980,50;0,1013
3980,00;0,1018
3979,50;0,1022
3979,00;0,1023
3978,50;0,1020
3978,00;0,1015
3977,50;0,1010
3977,00;0,1008
3976,50;0,1009
3976,00;0,1012
3975,50;0,1016
3975,00;0,1019
3974,50;0,1021
3974,00;0,1021
3973,50;0,1020
3973,00;0,1017
3972,50;0,1013
3972,00;0,1009
3971,50;0,1007
3971,00;0,1009
3970,50;0,1014
3970,00;0,1020
3969,50;0,1024
3969,00;0,1025
3968,50;0,1022
3968,00;0,1019
3967,50;0,1014
3967,00;0,1011
3966,50;0,1010
3966,00;0,1011
3965,50;0,1013
3965,00;0,1015
3964,50;0,1017
3964,00;0,1019
3963,50;0,1020
3963,00;0,1020
3962,50;0,1017
3962,00;0,1012
3961,50;0,1008
3961,00;0,1007
3960,50;0,1010
3960,00;0,1014
3959,50;0,1017
3959,00;0,1019
3958,50;0,1019
3958,00;0,1018
3957,50;0,1014
3957,00;0,1011
3956,50;0,1009
3956,00;0,1009
3955,50;0,1012
3955,00;0,1017
3954,50;0,1021
3954,00;0,1024
3953,50;0,1024
3953,00;0,1020
3952,50;0,1014
3952,00;0,1008
3951,50;0,1005
3951,00;0,1005
3950,50;0,1007
3950,00;0,1011
3949,50;0,1018
3949,00;0,1025
3948,50;0,1029
3948,00;0,1028
3947,50;0,1022
3947,00;0,1016
3946,50;0,1012
3946,00;0,1010
3945,50;0,1011
3945,00;0,1013
3944,50;0,1017
3944,00;0,1023
3943,50;0,1027
3943,00;0,1028
3942,50;0,1024
3942,00;0,1018
3941,50;0,1013
3941,00;0,1011
3940,50;0,1010
3940,00;0,1012
3939,50;0,1016
3939,00;0,1019
3938,50;0,1021
3938,00;0,1020
3937,50;0,1018
3937,00;0,1015
3936,50;0,1010
3936,00;0,1006
3935,50;0,1003
3935,00;0,1004
3934,50;0,1009
3934,00;0,1016
3933,50;0,1022
3933,00;0,1025
3932,50;0,1024
3932,00;0,1019
3931,50;0,1015
3931,00;0,1013
3930,50;0,1011
3930,00;0,1012
3929,50;0,1014
3929,00;0,1017
3928,50;0,1021
3928,00;0,1021
3927,50;0,1019
3927,00;0,1016
3926,50;0,1014
3926,00;0,1014
3925,50;0,1015
3925,00;0,1016
3924,50;0,1019
3924,00;0,1023
3923,50;0,1028
3923,00;0,1031
3922,50;0,1032
3922,00;0,1030
3921,50;0,1026
3921,00;0,1021
3920,50;0,1015
3920,00;0,1011
3919,50;0,1012
3919,00;0,1017
3918,50;0,1024
3918,00;0,1027
3917,50;0,1026
3917,00;0,1023
3916,50;0,1020
3916,00;0,1017
3915,50;0,1013
3915,00;0,1008
3914,50;0,1005
3914,00;0,1004
3913,50;0,1006
3913,00;0,1008
3912,50;0,1011
3912,00;0,1012
3911,50;0,1012
3911,00;0,1009
3910,50;0,1004
3910,00;0,1001
3909,50;0,1000
3909,00;0,1003
3908,50;0,1008
3908,00;0,1013
3907,50;0,1016
3907,00;0,1017
3906,50;0,1016
3906,00;0,1017
3905,50;0,1019
3905,00;0,1023
3904,50;0,1025
3904,00;0,1027
3903,50;0,1031
3903,00;0,1038
3902,50;0,1041
3902,00;0,1038
3901,50;0,1034
3901,00;0,1033
3900,50;0,1034
3900,00;0,1029
3899,50;0,1018
3899,00;0,1011
3898,50;0,1014
3898,00;0,1022
3897,50;0,1028
3897,00;0,1025
3896,50;0,1019
3896,00;0,1013
3895,50;0,1009
3895,00;0,1009
3894,50;0,1010
3894,00;0,1010
3893,50;0,1012
3893,00;0,1016
3892,50;0,1023
3892,00;0,1027
3891,50;0,1026
3891,00;0,1021
3890,50;0,1018
3890,00;0,1019
3889,50;0,1020
3889,00;0,1020
3888,50;0,1019
3888,00;0,1019
3887,50;0,1023
3887,00;0,1028
3886,50;0,1031
3886,00;0,1027
3885,50;0,1020
3885,00;0,1018
3884,50;0,1022
3884,00;0,1024
3883,50;0,1021
3883,00;0,1016
3882,50;0,1015
3882,00;0,1020
3881,50;0,1029
3881,00;0,1033
3880,50;0,1030
3880,00;0,1023
3879,50;0,1017
3879,00;0,1014
3878,50;0,1012
3878,00;0,1011
3877,50;0,1011
3877,00;0,1013
3876,50;0,1017
3876,00;0,1021
3875,50;0,1025
3875,00;0,1026
3874,50;0,1023
3874,00;0,1018
3873,50;0,1018
3873,00;0,1023
3872,50;0,1028
3872,00;0,1030
3871,50;0,1030
3871,00;0,1031
3870,50;0,1032
3870,00;0,1030
3869,50;0,1027
3869,00;0,1025
3868,50;0,1021
3868,00;0,1015
3867,50;0,1010
3867,00;0,1008
3866,50;0,1010
3866,00;0,1015
3865,50;0,1019
3865,00;0,1022
3864,50;0,1024
3864,00;0,1025
3863,50;0,1024
3863,00;0,1020
3862,50;0,1016
3862,00;0,1014
3861,50;0,1013
3861,00;0,1013
3860,50;0,1013
3860,00;0,1012
3859,50;0,1010
3859,00;0,1008
3858,50;0,1008
3858,00;0,1007
3857,50;0,1005
3857,00;0,1005
3856,50;0,1011
3856,00;0,1023
3855,50;0,1037
3855,00;0,1045
3854,50;0,1045
3854,00;0,1040
3853,50;0,1044
3853,00;0,1054
3852,50;0,1053
3852,00;0,1041
3851,50;0,1032
3851,00;0,1033
3850,50;0,1036
3850,00;0,1034
3849,50;0,1026
3849,00;0,1019
3848,50;0,1015
3848,00;0,1011
3847,50;0,1004
3847,00;0,0997
3846,50;0,0994
3846,00;0,1000
3845,50;0,1010
3845,00;0,1021
3844,50;0,1025
3844,00;0,1022
3843,50;0,1014
3843,00;0,1009
3842,50;0,1008
3842,00;0,1011
3841,50;0,1014
3841,00;0,1016
3840,50;0,1016
3840,00;0,1019
3839,50;0,1023
3839,00;0,1027
3838,50;0,1026
3838,00;0,1019
3837,50;0,1011
3837,00;0,1011
3836,50;0,1016
3836,00;0,1020
3835,50;0,1018
3835,00;0,1015
3834,50;0,1015
3834,00;0,1020
3833,50;0,1024
3833,00;0,1024
3832,50;0,1020
3832,00;0,1013
3831,50;0,1006
3831,00;0,1005
3830,50;0,1008
3830,00;0,1012
3829,50;0,1012
3829,00;0,1008
3828,50;0,1005
3828,00;0,1004
3827,50;0,1006
3827,00;0,1010
3826,50;0,1014
3826,00;0,1018
3825,50;0,1021
3825,00;0,1021
3824,50;0,1018
3824,00;0,1014
3823,50;0,1012
3823,00;0,1013
3822,50;0,1020
3822,00;0,1029
3821,50;0,1036
3821,00;0,1040
3820,50;0,1039
3820,00;0,1038
3819,50;0,1037
3819,00;0,1036
3818,50;0,1037
3818,00;0,1040
3817,50;0,1042
3817,00;0,1041
3816,50;0,1036
3816,00;0,1030
3815,50;0,1029
3815,00;0,1035
3814,50;0,1038
3814,00;0,1036
3813,50;0,1030
3813,00;0,1023
3812,50;0,1017
3812,00;0,1010
3811,50;0,1003
3811,00;0,0998
3810,50;0,0999
3810,00;0,1004
3809,50;0,1012
3809,00;0,1019
3808,50;0,1023
3808,00;0,1021
3807,50;0,1012
3807,00;0,1001
3806,50;0,0995
3806,00;0,0999
3805,50;0,1005
3805,00;0,1009
3804,50;0,1010
3804,00;0,1010
3803,50;0,1011
3803,00;0,1014
3802,50;0,1015
3802,00;0,1013
3801,50;0,1008
3801,00;0,1003
3800,50;0,1004
3800,00;0,1008
3799,50;0,1008
3799,00;0,1007
3798,50;0,1008
3798,00;0,1012
3797,50;0,1016
3797,00;0,1016
3796,50;0,1011
3796,00;0,1004
3795,50;0,1001
3795,00;0,1002
3794,50;0,1005
3794,00;0,1009
3793,50;0,1014
3793,00;0,1017
3792,50;0,1018
3792,00;0,1014
3791,50;0,1008
3791,00;0,1000
3790,50;0,0995
3790,00;0,0995
3789,50;0,1000
3789,00;0,1007
3788,50;0,1015
3788,00;0,1020
3787,50;0,1021
3787,00;0,1019
3786,50;0,1015
3786,00;0,1012
3785,50;0,1008
3785,00;0,1006
3784,50;0,1007
3784,00;0,1010
3783,50;0,1013
3783,00;0,1013
3782,50;0,1009
3782,00;0,1004
3781,50;0,1003
3781,00;0,1007
3780,50;0,1012
3780,00;0,1015
3779,50;0,1014
3779,00;0,1012
3778,50;0,1010
3778,00;0,1007
3777,50;0,1003
3777,00;0,0999
3776,50;0,0995
3776,00;0,0995
3775,50;0,0994
3775,00;0,0991
3774,50;0,0987
3774,00;0,0982
3773,50;0,0981
3773,00;0,0985
3772,50;0,0992
3772,00;0,0997
3771,50;0,1000
3771,00;0,1000
3770,50;0,0999
3770,00;0,0998
3769,50;0,0998
3769,00;0,0999
3768,50;0,0998
3768,00;0,0996
3767,50;0,0994
3767,00;0,0997
3766,50;0,1003
3766,00;0,1006
3765,50;0,1005
3765,00;0,1003
3764,50;0,1002
3764,00;0,1001
3763,50;0,0997
3763,00;0,0995
3762,50;0,0997
3762,00;0,1003
3761,50;0,1010
3761,00;0,1017
3760,50;0,1020
3760,00;0,1021
3759,50;0,1022
3759,00;0,1023
3758,50;0,1023
3758,00;0,1021
3757,50;0,1017
3757,00;0,1015
3756,50;0,1016
3756,00;0,1019
3755,50;0,1020
3755,00;0,1017
3754,50;0,1012
3754,00;0,1012
3753,50;0,1020
3753,00;0,1030
3752,50;0,1033
3752,00;0,1032
3751,50;0,1038
3751,00;0,1053
3750,50;0,1066
3750,00;0,1065
3749,50;0,1053
3749,00;0,1041
3748,50;0,1038
3748,00;0,1040
3747,50;0,1036
3747,00;0,1029
3746,50;0,1025
3746,00;0,1027
3745,50;0,1033
3745,00;0,1038
3744,50;0,1035
3744,00;0,1032
3743,50;0,1034
3743,00;0,1031
3742,50;0,1023
3742,00;0,1013
3741,50;0,1004
3741,00;0,0997
3740,50;0,0994
3740,00;0,0997
3739,50;0,1000
3739,00;0,1000
3738,50;0,0996
3738,00;0,0994
3737,50;0,0998
3737,00;0,1008
3736,50;0,1022
3736,00;0,1033
3735,50;0,1035
3735,00;0,1028
3734,50;0,1017
3734,00;0,1013
3733,50;0,1018
3733,00;0,1023
3732,50;0,1022
3732,00;0,1017
3731,50;0,1017
3731,00;0,1021
3730,50;0,1023
3730,00;0,1019
3729,50;0,1013
3729,00;0,1011
3728,50;0,1014
3728,00;0,1017
3727,50;0,1018
3727,00;0,1019
3726,50;0,1023
3726,00;0,1032
3725,50;0,1039
3725,00;0,1036
3724,50;0,1024
3724,00;0,1013
3723,50;0,1009
3723,00;0,1013
3722,50;0,1019
3722,00;0,1024
3721,50;0,1025
3721,00;0,1025
3720,50;0,1028
3720,00;0,1032
3719,50;0,1034
3719,00;0,1029
3718,50;0,1018
3718,00;0,1008
3717,50;0,1003
3717,00;0,1005
3716,50;0,1009
3716,00;0,1011
3715,50;0,1009
3715,00;0,1006
3714,50;0,1004
3714,00;0,1006
3713,50;0,1012
3713,00;0,1016
3712,50;0,1015
3712,00;0,1011
3711,50;0,1010
3711,00;0,1015
3710,50;0,1018
3710,00;0,1017
3709,50;0,1013
3709,00;0,1012
3708,50;0,1013
3708,00;0,1011
3707,50;0,1003
3707,00;0,0995
3706,50;0,0992
3706,00;0,0996
3705,50;0,1003
3705,00;0,1008
3704,50;0,1011
3704,00;0,1016
3703,50;0,1022
3703,00;0,1026
3702,50;0,1023
3702,00;0,1016
3701,50;0,1009
3701,00;0,1010
3700,50;0,1016
3700,00;0,1021
3699,50;0,1022
3699,00;0,1019
3698,50;0,1015
3698,00;0,1012
3697,50;0,1010
3697,00;0,1009
3696,50;0,1007
3696,00;0,1006
3695,50;0,1007
3695,00;0,1010
3694,50;0,1014
3694,00;0,1017
3693,50;0,1020
3693,00;0,1024
3692,50;0,1029
3692,00;0,1032
3691,50;0,1030
3691,00;0,1027
3690,50;0,1028
3690,00;0,1038
3689,50;0,1050
3689,00;0,1055
3688,50;0,1052
3688,00;0,1044
3687,50;0,1037
3687,00;0,1029
3686,50;0,1018
3686,00;0,1006
3685,50;0,0999
3685,00;0,0998
3684,50;0,1002
3684,00;0,1009
3683,50;0,1017
3683,00;0,1020
3682,50;0,1018
3682,00;0,1009
3681,50;0,1001
3681,00;0,0999
3680,50;0,1005
3680,00;0,1016
3679,50;0,1026
3679,00;0,1033
3678,50;0,1036
3678,00;0,1035
3677,50;0,1031
3677,00;0,1029
3676,50;0,1030
3676,00;0,1035
3675,50;0,1041
3675,00;0,1045
3674,50;0,1045
3674,00;0,1041
3673,50;0,1036
3673,00;0,1033
3672,50;0,1035
3672,00;0,1036
3671,50;0,1032
3671,00;0,1025
3670,50;0,1023
3670,00;0,1031
3669,50;0,1044
3669,00;0,1050
3668,50;0,1047
3668,00;0,1039
3667,50;0,1034
3667,00;0,1030
3666,50;0,1027
3666,00;0,1024
3665,50;0,1022
3665,00;0,1020
3664,50;0,1019
3664,00;0,1021
3663,50;0,1025
3663,00;0,1030
3662,50;0,1032
3662,00;0,1031
3661,50;0,1028
3661,00;0,1026
3660,50;0,1024
3660,00;0,1024
3659,50;0,1024
3659,00;0,1025
3658,50;0,1028
3658,00;0,1031
3657,50;0,1033
3657,00;0,1033
3656,50;0,1032
3656,00;0,1032
3655,50;0,1034
3655,00;0,1036
3654,50;0,1035
3654,00;0,1033
3653,50;0,1033
3653,00;0,1038
3652,50;0,1043
3652,00;0,1044
3651,50;0,1042
3651,00;0,1041
3650,50;0,1045
3650,00;0,1052
3649,50;0,1057
3649,00;0,1059
3648,50;0,1063
3648,00;0,1067
3647,50;0,1067
3647,00;0,1062
3646,50;0,1057
3646,00;0,1055
3645,50;0,1054
3645,00;0,1051
3644,50;0,1046
3644,00;0,1042
3643,50;0,1040
3643,00;0,1042
3642,50;0,1044
3642,00;0,1046
3641,50;0,1044
3641,00;0,1041
3640,50;0,1037
3640,00;0,1036
3639,50;0,1037
3639,00;0,1041
3638,50;0,1044
3638,00;0,1047
3637,50;0,1048
3637,00;0,1048
3636,50;0,1048
3636,00;0,1049
3635,50;0,1051
3635,00;0,1052
3634,50;0,1051
3634,00;0,1048
3633,50;0,1047
3633,00;0,1051
3632,50;0,1057
3632,00;0,1064
3631,50;0,1069
3631,00;0,1073
3630,50;0,1074
3630,00;0,1073
3629,50;0,1073
3629,00;0,1073
3628,50;0,1075
3628,00;0,1077
3627,50;0,1077
3627,00;0,1075
3626,50;0,1073
3626,00;0,1071
3625,50;0,1069
3625,00;0,1065
3624,50;0,1059
3624,00;0,1054
3623,50;0,1052
3623,00;0,1058
3622,50;0,1066
3622,00;0,1074
3621,50;0,1078
3621,00;0,1080
3620,50;0,1082
3620,00;0,1084
3619,50;0,1086
3619,00;0,1087
3618,50;0,1086
3618,00;0,1083
3617,50;0,1081
3617,00;0,1084
3616,50;0,1090
3616,00;0,1093
3615,50;0,1089
3615,00;0,1082
3614,50;0,1077
3614,00;0,1078
3613,50;0,1080
3613,00;0,1082
3612,50;0,1082
3612,00;0,1085
3611,50;0,1091
3611,00;0,1097
3610,50;0,1099
3610,00;0,1096
3609,50;0,1089
3609,00;0,1084
3608,50;0,1084
3608,00;0,1087
3607,50;0,1089
3607,00;0,1089
3606,50;0,1090
3606,00;0,1092
3605,50;0,1094
3605,00;0,1092
3604,50;0,1087
3604,00;0,1085
3603,50;0,1086
3603,00;0,1090
3602,50;0,1094
3602,00;0,1096
3601,50;0,1094
3601,00;0,1092
3600,50;0,1091
3600,00;0,1092
3599,50;0,1094
3599,00;0,1094
3598,50;0,1093
3598,00;0,1092
3597,50;0,1092
3597,00;0,1092
3596,50;0,1094
3596,00;0,1097
3595,50;0,1103
3595,00;0,1110
3594,50;0,1117
3594,00;0,1118
3593,50;0,1114
3593,00;0,1107
3592,50;0,1102
3592,00;0,1103
3591,50;0,1106
3591,00;0,1111
3590,50;0,1116
3590,00;0,1120
3589,50;0,1122
3589,00;0,1121
3588,50;0,1121
3588,00;0,1123
3587,50;0,1127
3587,00;0,1130
3586,50;0,1130
3586,00;0,1130
3585,50;0,1131
3585,00;0,1131
3584,50;0,1128
3584,00;0,1123
3583,50;0,1121
3583,00;0,1122
3582,50;0,1124
3582,00;0,1126
3581,50;0,1128
3581,00;0,1127
3580,50;0,1123
3580,00;0,1118
3579,50;0,1118
3579,00;0,1127
3578,50;0,1140
3578,00;0,1149
3577,50;0,1149
3577,00;0,1143
3576,50;0,1140
3576,00;0,1140
3575,50;0,1143
3575,00;0,1147
3574,50;0,1149
3574,00;0,1152
3573,50;0,1153
3573,00;0,1153
3572,50;0,1151
3572,00;0,1148
3571,50;0,1148
3571,00;0,1151
3570,50;0,1157
3570,00;0,1164
3569,50;0,1169
3569,00;0,1172
3568,50;0,1171
3568,00;0,1173
3567,50;0,1177
3567,00;0,1182
3566,50;0,1184
3566,00;0,1182
3565,50;0,1179
3565,00;0,1179
3564,50;0,1180
3564,00;0,1182
3563,50;0,1182
3563,00;0,1182
3562,50;0,1180
3562,00;0,1178
3561,50;0,1178
3561,00;0,1179
3560,50;0,1181
3560,00;0,1184
3559,50;0,1186
3559,00;0,1189
3558,50;0,1192
3558,00;0,1194
3557,50;0,1195
3557,00;0,1195
3556,50;0,1195
3556,00;0,1197
3555,50;0,1199
3555,00;0,1200
3554,50;0,1201
3554,00;0,1201
3553,50;0,1201
3553,00;0,1203
3552,50;0,1205
3552,00;0,1207
3551,50;0,1208
3551,00;0,1207
3550,50;0,1207
3550,00;0,1207
3549,50;0,1210
3549,00;0,1214
3548,50;0,1220
3548,00;0,1225
3547,50;0,1229
3547,00;0,1232
3546,50;0,1234
3546,00;0,1235
3545,50;0,1235
3545,00;0,1237
3544,50;0,1240
3544,00;0,1242
3543,50;0,1243
3543,00;0,1242
3542,50;0,1241
3542,00;0,1241
3541,50;0,1241
3541,00;0,1241
3540,50;0,1241
3540,00;0,1243
3539,50;0,1245
3539,00;0,1248
3538,50;0,1252
3538,00;0,1256
3537,50;0,1259
3537,00;0,1260
3536,50;0,1260
3536,00;0,1260
3535,50;0,1260
3535,00;0,1262
3534,50;0,1263
3534,00;0,1266
3533,50;0,1269
3533,00;0,1273
3532,50;0,1275
3532,00;0,1275
3531,50;0,1274
3531,00;0,1274
3530,50;0,1276
3530,00;0,1279
3529,50;0,1283
3529,00;0,1288
3528,50;0,1292
3528,00;0,1295
3527,50;0,1297
3527,00;0,1298
3526,50;0,1298
3526,00;0,1298
3525,50;0,1297
3525,00;0,1296
3524,50;0,1298
3524,00;0,1303
3523,50;0,1307
3523,00;0,1311
3522,50;0,1312
3522,00;0,1312
3521,50;0,1313
3521,00;0,1314
3520,50;0,1316
3520,00;0,1319
3519,50;0,1320
3519,00;0,1322
3518,50;0,1324
3518,00;0,1327
3517,50;0,1330
3517,00;0,1332
3516,50;0,1334
3516,00;0,1335
3515,50;0,1337
3515,00;0,1341
3514,50;0,1345
3514,00;0,1349
3513,50;0,1353
3513,00;0,1358
3512,50;0,1361
3512,00;0,1362
3511,50;0,1362
3511,00;0,1364
3510,50;0,1368
3510,00;0,1373
3509,50;0,1377
3509,00;0,1377
3508,50;0,1376
3508,00;0,1375
3507,50;0,1376
3507,00;0,1379
3506,50;0,1383
3506,00;0,1388
3505,50;0,1394
3505,00;0,1398
3504,50;0,1401
3504,00;0,1403
3503,50;0,1405
3503,00;0,1407
3502,50;0,1411
3502,00;0,1415
3501,50;0,1420
3501,00;0,1423
3500,50;0,1425
3500,00;0,1427
3499,50;0,1428
3499,00;0,1429
3498,50;0,1429
3498,00;0,1430
3497,50;0,1433
3497,00;0,1439
3496,50;0,1446
3496,00;0,1451
3495,50;0,1455
3495,00;0,1456
3494,50;0,1456
3494,00;0,1458
3493,50;0,1462
3493,00;0,1466
3492,50;0,1469
3492,00;0,1471
3491,50;0,1474
3491,00;0,1478
3490,50;0,1483
3490,00;0,1486
3489,50;0,1490
3489,00;0,1493
3488,50;0,1497
3488,00;0,1500
3487,50;0,1503
3487,00;0,1507
3486,50;0,1511
3486,00;0,1516
3485,50;0,1521
3485,00;0,1525
3484,50;0,1528
3484,00;0,1529
3483,50;0,1529
3483,00;0,1531
3482,50;0,1533
3482,00;0,1537
3481,50;0,1540
3481,00;0,1543
3480,50;0,1548
3480,00;0,1555
3479,50;0,1563
3479,00;0,1571
3478,50;0,1575
3478,00;0,1577
3477,50;0,1578
3477,00;0,1581
3476,50;0,1586
3476,00;0,1591
3475,50;0,1594
3475,00;0,1596
3474,50;0,1599
3474,00;0,1601
3473,50;0,1605
3473,00;0,1608
3472,50;0,1612
3472,00;0,1618
3471,50;0,1626
3471,00;0,1634
3470,50;0,1640
3470,00;0,1645
3469,50;0,1650
3469,00;0,1656
3468,50;0,1662
3468,00;0,1668
3467,50;0,1673
3467,00;0,1677
3466,50;0,1681
3466,00;0,1684
3465,50;0,1687
3465,00;0,1692
3464,50;0,1698
3464,00;0,1704
3463,50;0,1711
3463,00;0,1719
3462,50;0,1724
3462,00;0,1728
3461,50;0,1731
3461,00;0,1736
3460,50;0,1743
3460,00;0,1753
3459,50;0,1762
3459,00;0,1769
3458,50;0,1774
3458,00;0,1779
3457,50;0,1785
3457,00;0,1791
3456,50;0,1797
3456,00;0,1803
3455,50;0,1809
3455,00;0,1817
3454,50;0,1825
3454,00;0,1833
3453,50;0,1838
3453,00;0,1843
3452,50;0,1848
3452,00;0,1854
3451,50;0,1860
3451,00;0,1866
3450,50;0,1873
3450,00;0,1881
3449,50;0,1889
3449,00;0,1899
3448,50;0,1908
3448,00;0,1917
3447,50;0,1924
3447,00;0,1930
3446,50;0,1936
3446,00;0,1943
3445,50;0,1952
3445,00;0,1960
3444,50;0,1966
3444,00;0,1972
3443,50;0,1977
3443,00;0,1983
3442,50;0,1990
3442,00;0,1997
3441,50;0,2004
3441,00;0,2011
3440,50;0,2018
3440,00;0,2027
3439,50;0,2038
3439,00;0,2048
3438,50;0,2055
3438,00;0,2061
3437,50;0,2066
3437,00;0,2073
3436,50;0,2081
3436,00;0,2090
3435,50;0,2100
3435,00;0,2110
3434,50;0,2122
3434,00;0,2134
3433,50;0,2147
3433,00;0,2158
3432,50;0,2168
3432,00;0,2176
3431,50;0,2181
3431,00;0,2185
3430,50;0,2188
3430,00;0,2192
3429,50;0,2200
3429,00;0,2210
3428,50;0,2222
3428,00;0,2231
3427,50;0,2238
3427,00;0,2243
3426,50;0,2250
3426,00;0,2260
3425,50;0,2272
3425,00;0,2284
3424,50;0,2293
3424,00;0,2300
3423,50;0,2307
3423,00;0,2317
3422,50;0,2327
3422,00;0,2336
3421,50;0,2344
3421,00;0,2351
3420,50;0,2359
3420,00;0,2368
3419,50;0,2376
3419,00;0,2382
3418,50;0,2386
3418,00;0,2391
3417,50;0,2398
3417,00;0,2407
3416,50;0,2419
3416,00;0,2430
3415,50;0,2437
3415,00;0,2442
3414,50;0,2446
3414,00;0,2452
3413,50;0,2461
3413,00;0,2472
3412,50;0,2482
3412,00;0,2493
3411,50;0,2504
3411,00;0,2513
3410,50;0,2520
3410,00;0,2527
3409,50;0,2534
3409,00;0,2543
3408,50;0,2553
3408,00;0,2564
3407,50;0,2575
3407,00;0,2583
3406,50;0,2590
3406,00;0,2595
3405,50;0,2600
3405,00;0,2603
3404,50;0,2608
3404,00;0,2615
3403,50;0,2626
3403,00;0,2638
3402,50;0,2649
3402,00;0,2657
3401,50;0,2663
3401,00;0,2668
3400,50;0,2674
3400,00;0,2682
3399,50;0,2691
3399,00;0,2700
3398,50;0,2707
3398,00;0,2712
3397,50;0,2716
3397,00;0,2722
3396,50;0,2731
3396,00;0,2742
3395,50;0,2752
3395,00;0,2760
3394,50;0,2764
3394,00;0,2765
3393,50;0,2767
3393,00;0,2772
3392,50;0,2780
3392,00;0,2790
3391,50;0,2800
3391,00;0,2807
3390,50;0,2812
3390,00;0,2816
3389,50;0,2821
3389,00;0,2827
3388,50;0,2835
3388,00;0,2843
3387,50;0,2851
3387,00;0,2859
3386,50;0,2869
3386,00;0,2877
3385,50;0,2881
3385,00;0,2882
3384,50;0,2881
3384,00;0,2882
3383,50;0,2885
3383,00;0,2890
3382,50;0,2895
3382,00;0,2900
3381,50;0,2905
3381,00;0,2911
3380,50;0,2919
3380,00;0,2928
3379,50;0,2939
3379,00;0,2948
3378,50;0,2953
3378,00;0,2955
3377,50;0,2958
3377,00;0,2963
3376,50;0,2970
3376,00;0,2977
3375,50;0,2984
3375,00;0,2989
3374,50;0,2993
3374,00;0,2997
3373,50;0,3001
3373,00;0,3007
3372,50;0,3011
3372,00;0,3014
3371,50;0,3017
3371,00;0,3023
3370,50;0,3031
3370,00;0,3039
3369,50;0,3046
3369,00;0,3052
3368,50;0,3057
3368,00;0,3062
3367,50;0,3066
3367,00;0,3069
3366,50;0,3073
3366,00;0,3078
3365,50;0,3083
3365,00;0,3088
3364,50;0,3094
3364,00;0,3101
3363,50;0,3107
3363,00;0,3111
3362,50;0,3114
3362,00;0,3118
3361,50;0,3123
3361,00;0,3127
3360,50;0,3131
3360,00;0,3135
3359,50;0,3141
3359,00;0,3146
3358,50;0,3150
3358,00;0,3153
3357,50;0,3155
3357,00;0,3158
3356,50;0,3161
3356,00;0,3165
3355,50;0,3170
3355,00;0,3177
3354,50;0,3184
3354,00;0,3191
3353,50;0,3197
3353,00;0,3201
3352,50;0,3204
3352,00;0,3207
3351,50;0,3211
3351,00;0,3214
3350,50;0,3216
3350,00;0,3217
3349,50;0,3220
3349,00;0,3226
3348,50;0,3233
3348,00;0,3239
3347,50;0,3242
3347,00;0,3244
3346,50;0,3249
3346,00;0,3257
3345,50;0,3264
3345,00;0,3271
3344,50;0,3276
3344,00;0,3283
3343,50;0,3291
3343,00;0,3298
3342,50;0,3302
3342,00;0,3304
3341,50;0,3305
3341,00;0,3307
3340,50;0,3311
3340,00;0,3316
3339,50;0,3323
3339,00;0,3330
3338,50;0,3336
3338,00;0,3342
3337,50;0,3347
3337,00;0,3350
3336,50;0,3352
3336,00;0,3356
3335,50;0,3364
3335,00;0,3376
3334,50;0,3388
3334,00;0,3399
3333,50;0,3407
3333,00;0,3413
3332,50;0,3417
3332,00;0,3421
3331,50;0,3424
3331,00;0,3428
3330,50;0,3433
3330,00;0,3439
3329,50;0,3445
3329,00;0,3450
3328,50;0,3454
3328,00;0,3456
3327,50;0,3459
3327,00;0,3465
3326,50;0,3473
3326,00;0,3483
3325,50;0,3493
3325,00;0,3501
3324,50;0,3510
3324,00;0,3518
3323,50;0,3526
3323,00;0,3532
3322,50;0,3535
3322,00;0,3537
3321,50;0,3541
3321,00;0,3548
3320,50;0,3557
3320,00;0,3566
3319,50;0,3573
3319,00;0,3579
3318,50;0,3584
3318,00;0,3589
3317,50;0,3595
3317,00;0,3603
3316,50;0,3612
3316,00;0,3621
3315,50;0,3631
3315,00;0,3638
3314,50;0,3643
3314,00;0,3647
3313,50;0,3651
3313,00;0,3659
3312,50;0,3668
3312,00;0,3677
3311,50;0,3687
3311,00;0,3699
3310,50;0,3711
3310,00;0,3721
3309,50;0,3727
3309,00;0,3732
3308,50;0,3735
3308,00;0,3740
3307,50;0,3746
3307,00;0,3755
3306,50;0,3766
3306,00;0,3778
3305,50;0,3789
3305,00;0,3799
3304,50;0,3809
3304,00;0,3818
3303,50;0,3825
3303,00;0,3833
3302,50;0,3842
3302,00;0,3854
3301,50;0,3866
3301,00;0,3877
3300,50;0,3884
3300,00;0,3892
3299,50;0,3902
3299,00;0,3917
3298,50;0,3933
3298,00;0,3949
3297,50;0,3964
3297,00;0,3977
3296,50;0,3990
3296,00;0,4001
3295,50;0,4011
3295,00;0,4021
3294,50;0,4032
3294,00;0,4041
3293,50;0,4049
3293,00;0,4055
3292,50;0,4061
3292,00;0,4070
3291,50;0,4083
3291,00;0,4099
3290,50;0,4115
3290,00;0,4126
3289,50;0,4134
3289,00;0,4142
3288,50;0,4154
3288,00;0,4170
3287,50;0,4187
3287,00;0,4202
3286,50;0,4211
3286,00;0,4219
3285,50;0,4226
3285,00;0,4232
3284,50;0,4238
3284,00;0,4246
3283,50;0,4259
3283,00;0,4277
3282,50;0,4298
3282,00;0,4316
3281,50;0,4327
3281,00;0,4334
3280,50;0,4340
3280,00;0,4351
3279,50;0,4366
3279,00;0,4383
3278,50;0,4397
3278,00;0,4409
3277,50;0,4420
3277,00;0,4433
3276,50;0,4448
3276,00;0,4462
3275,50;0,4474
3275,00;0,4486
3274,50;0,4499
3274,00;0,4515
3273,50;0,4532
3273,00;0,4550
3272,50;0,4567
3272,00;0,4584
3271,50;0,4600
3271,00;0,4615
3270,50;0,4630
3270,00;0,4645
3269,50;0,4660
3269,00;0,4674
3268,50;0,4687
3268,00;0,4699
3267,50;0,4712
3267,00;0,4726
3266,50;0,4743
3266,00;0,4761
3265,50;0,4778
3265,00;0,4791
3264,50;0,4801
3264,00;0,4812
3263,50;0,4827
3263,00;0,4845
3262,50;0,4864
3262,00;0,4884
3261,50;0,4902
3261,00;0,4919
3260,50;0,4931
3260,00;0,4940
3259,50;0,4946
3259,00;0,4951
3258,50;0,4955
3258,00;0,4958
3257,50;0,4963
3257,00;0,4970
3256,50;0,4981
3256,00;0,4995
3255,50;0,5013
3255,00;0,5030
3254,50;0,5044
3254,00;0,5053
3253,50;0,5062
3253,00;0,5075
3252,50;0,5091
3252,00;0,5107
3251,50;0,5119
3251,00;0,5126
3250,50;0,5133
3250,00;0,5139
3249,50;0,5146
3249,00;0,5152
3248,50;0,5157
3248,00;0,5162
3247,50;0,5169
3247,00;0,5177
3246,50;0,5184
3246,00;0,5192
3245,50;0,5201
3245,00;0,5211
3244,50;0,5219
3244,00;0,5222
3243,50;0,5222
3243,00;0,5224
3242,50;0,5227
3242,00;0,5233
3241,50;0,5240
3241,00;0,5247
3240,50;0,5256
3240,00;0,5266
3239,50;0,5273
3239,00;0,5276
3238,50;0,5275
3238,00;0,5273
3237,50;0,5274
3237,00;0,5277
3236,50;0,5283
3236,00;0,5288
3235,50;0,5293
3235,00;0,5294
3234,50;0,5290
3234,00;0,5282
3233,50;0,5274
3233,00;0,5270
3232,50;0,5268
3232,00;0,5268
3231,50;0,5269
3231,00;0,5271
3230,50;0,5271
3230,00;0,5270
3229,50;0,5271
3229,00;0,5275
3228,50;0,5279
3228,00;0,5280
3227,50;0,5276
3227,00;0,5271
3226,50;0,5270
3226,00;0,5272
3225,50;0,5277
3225,00;0,5279
3224,50;0,5276
3224,00;0,5273
3223,50;0,5273
3223,00;0,5277
3222,50;0,5278
3222,00;0,5275
3221,50;0,5269
3221,00;0,5266
3220,50;0,5270
3220,00;0,5277
3219,50;0,5284
3219,00;0,5289
3218,50;0,5293
3218,00;0,5295
3217,50;0,5296
3217,00;0,5297
3216,50;0,5299
3216,00;0,5301
3215,50;0,5300
3215,00;0,5297
3214,50;0,5295
3214,00;0,5296
3213,50;0,5300
3213,00;0,5308
3212,50;0,5317
3212,00;0,5322
3211,50;0,5322
3211,00;0,5318
3210,50;0,5316
3210,00;0,5318
3209,50;0,5324
3209,00;0,5330
3208,50;0,5333
3208,00;0,5335
3207,50;0,5336
3207,00;0,5336
3206,50;0,5334
3206,00;0,5331
3205,50;0,5328
3205,00;0,5326
3204,50;0,5326
3204,00;0,5325
3203,50;0,5324
3203,00;0,5323
3202,50;0,5324
3202,00;0,5323
3201,50;0,5321
3201,00;0,5317
3200,50;0,5314
3200,00;0,5315
3199,50;0,5319
3199,00;0,5321
3198,50;0,5319
3198,00;0,5315
3197,50;0,5312
3197,00;0,5311
3196,50;0,5313
3196,00;0,5315
3195,50;0,5317
3195,00;0,5317
3194,50;0,5315
3194,00;0,5313
3193,50;0,5309
3193,00;0,5308
3192,50;0,5308
3192,00;0,5308
3191,50;0,5307
3191,00;0,5304
3190,50;0,5300
3190,00;0,5297
3189,50;0,5293
3189,00;0,5292
3188,50;0,5294
3188,00;0,5300
3187,50;0,5307
3187,00;0,5312
3186,50;0,5311
3186,00;0,5307
3185,50;0,5302
3185,00;0,5298
3184,50;0,5297
3184,00;0,5301
3183,50;0,5306
3183,00;0,5309
3182,50;0,5308
3182,00;0,5302
3181,50;0,5296
3181,00;0,5292
3180,50;0,5290
3180,00;0,5289
3179,50;0,5289
3179,00;0,5289
3178,50;0,5291
3178,00;0,5292
3177,50;0,5292
3177,00;0,5290
3176,50;0,5287
3176,00;0,5284
3175,50;0,5283
3175,00;0,5284
3174,50;0,5285
3174,00;0,5284
3173,50;0,5282
3173,00;0,5280
3172,50;0,5281
3172,00;0,5283
3171,50;0,5282
3171,00;0,5279
3170,50;0,5274
3170,00;0,5269
3169,50;0,5267
3169,00;0,5267
3168,50;0,5269
3168,00;0,5270
3167,50;0,5270
3167,00;0,5267
3166,50;0,5263
3166,00;0,5261
3165,50;0,5261
3165,00;0,5262
3164,50;0,5261
3164,00;0,5257
3163,50;0,5254
3163,00;0,5254
3162,50;0,5256
3162,00;0,5258
3161,50;0,5257
3161,00;0,5254
3160,50;0,5250
3160,00;0,5246
3159,50;0,5243
3159,00;0,5243
3158,50;0,5245
3158,00;0,5250
3157,50;0,5253
3157,00;0,5253
3156,50;0,5248
3156,00;0,5240
3155,50;0,5233
3155,00;0,5229
3154,50;0,5229
3154,00;0,5229
3153,50;0,5228
3153,00;0,5224
3152,50;0,5220
3152,00;0,5218
3151,50;0,5215
3151,00;0,5212
3150,50;0,5208
3150,00;0,5203
3149,50;0,5198
3149,00;0,5193
3148,50;0,5190
3148,00;0,5191
3147,50;0,5194
3147,00;0,5197
3146,50;0,5198
3146,00;0,5195
3145,50;0,5189
3145,00;0,5183
3144,50;0,5175
3144,00;0,5166
3143,50;0,5155
3143,00;0,5145
3142,50;0,5137
3142,00;0,5130
3141,50;0,5126
3141,00;0,5122
3140,50;0,5119
3140,00;0,5114
3139,50;0,5108
3139,00;0,5100
3138,50;0,5093
3138,00;0,5089
3137,50;0,5085
3137,00;0,5082
3136,50;0,5077
3136,00;0,5071
3135,50;0,5065
3135,00;0,5057
3134,50;0,5048
3134,00;0,5039
3133,50;0,5030
3133,00;0,5022
3132,50;0,5015
3132,00;0,5008
3131,50;0,5001
3131,00;0,4996
3130,50;0,4990
3130,00;0,4983
3129,50;0,4975
3129,00;0,4965
3128,50;0,4956
3128,00;0,4946
3127,50;0,4935
3127,00;0,4923
3126,50;0,4913
3126,00;0,4907
3125,50;0,4902
3125,00;0,4897
3124,50;0,4891
3124,00;0,4883
3123,50;0,4875
3123,00;0,4865
3122,50;0,4855
3122,00;0,4844
3121,50;0,4836
3121,00;0,4828
3120,50;0,4820
3120,00;0,4808
3119,50;0,4793
3119,00;0,4777
3118,50;0,4764
3118,00;0,4756
3117,50;0,4748
3117,00;0,4739
3116,50;0,4728
3116,00;0,4716
3115,50;0,4707
3115,00;0,4699
3114,50;0,4686
3114,00;0,4669
3113,50;0,4649
3113,00;0,4632
3112,50;0,4620
3112,00;0,4612
3111,50;0,4605
3111,00;0,4598
3110,50;0,4589
3110,00;0,4578
3109,50;0,4564
3109,00;0,4549
3108,50;0,4533
3108,00;0,4517
3107,50;0,4502
3107,00;0,4489
3106,50;0,4476
3106,00;0,4464
3105,50;0,4451
3105,00;0,4437
3104,50;0,4423
3104,00;0,4407
3103,50;0,4392
3103,00;0,4379
3102,50;0,4368
3102,00;0,4358
3101,50;0,4346
3101,00;0,4332
3100,50;0,4317
3100,00;0,4303
3099,50;0,4289
3099,00;0,4276
3098,50;0,4263
3098,00;0,4249
3097,50;0,4236
3097,00;0,4223
3096,50;0,4212
3096,00;0,4199
3095,50;0,4185
3095,00;0,4170
3094,50;0,4154
3094,00;0,4139
3093,50;0,4123
3093,00;0,4108
3092,50;0,4092
3092,00;0,4077
3091,50;0,4061
3091,00;0,4045
3090,50;0,4032
3090,00;0,4020
3089,50;0,4008
3089,00;0,3994
3088,50;0,3979
3088,00;0,3964
3087,50;0,3948
3087,00;0,3933
3086,50;0,3919
3086,00;0,3907
3085,50;0,3895
3085,00;0,3881
3084,50;0,3865
3084,00;0,3848
3083,50;0,3833
3083,00;0,3819
3082,50;0,3807
3082,00;0,3793
3081,50;0,3779
3081,00;0,3763
3080,50;0,3748
3080,00;0,3735
3079,50;0,3721
3079,00;0,3706
3078,50;0,3688
3078,00;0,3669
3077,50;0,3653
3077,00;0,3640
3076,50;0,3629
3076,00;0,3617
3075,50;0,3604
3075,00;0,3591
3074,50;0,3577
3074,00;0,3563
3073,50;0,3549
3073,00;0,3536
3072,50;0,3522
3072,00;0,3507
3071,50;0,3493
3071,00;0,3477
3070,50;0,3461
3070,00;0,3446
3069,50;0,3432
3069,00;0,3421
3068,50;0,3411
3068,00;0,3398
3067,50;0,3383
3067,00;0,3367
3066,50;0,3353
3066,00;0,3342
3065,50;0,3333
3065,00;0,3323
3064,50;0,3310
3064,00;0,3296
3063,50;0,3282
3063,00;0,3268
3062,50;0,3255
3062,00;0,3241
3061,50;0,3225
3061,00;0,3209
3060,50;0,3194
3060,00;0,3180
3059,50;0,3168
3059,00;0,3158
3058,50;0,3148
3058,00;0,3137
3057,50;0,3127
3057,00;0,3116
3056,50;0,3105
3056,00;0,3095
3055,50;0,3084
3055,00;0,3072
3054,50;0,3060
3054,00;0,3048
3053,50;0,3036
3053,00;0,3026
3052,50;0,3016
3052,00;0,3007
3051,50;0,2996
3051,00;0,2984
3050,50;0,2971
3050,00;0,2957
3049,50;0,2942
3049,00;0,2927
3048,50;0,2914
3048,00;0,2902
3047,50;0,2893
3047,00;0,2886
3046,50;0,2879
3046,00;0,2870
3045,50;0,2861
3045,00;0,2849
3044,50;0,2836
3044,00;0,2823
3043,50;0,2810
3043,00;0,2799
3042,50;0,2790
3042,00;0,2780
3041,50;0,2771
3041,00;0,2761
3040,50;0,2752
3040,00;0,2742
3039,50;0,2732
3039,00;0,2722
3038,50;0,2711
3038,00;0,2699
3037,50;0,2689
3037,00;0,2679
3036,50;0,2669
3036,00;0,2660
3035,50;0,2651
3035,00;0,2643
3034,50;0,2636
3034,00;0,2629
3033,50;0,2623
3033,00;0,2615
3032,50;0,2607
3032,00;0,2597
3031,50;0,2587
3031,00;0,2577
3030,50;0,2567
3030,00;0,2558
3029,50;0,2552
3029,00;0,2546
3028,50;0,2541
3028,00;0,2534
3027,50;0,2527
3027,00;0,2518
3026,50;0,2509
3026,00;0,2498
3025,50;0,2489
3025,00;0,2482
3024,50;0,2476
3024,00;0,2469
3023,50;0,2462
3023,00;0,2454
3022,50;0,2448
3022,00;0,2442
3021,50;0,2434
3021,00;0,2425
3020,50;0,2417
3020,00;0,2410
3019,50;0,2405
3019,00;0,2401
3018,50;0,2396
3018,00;0,2391
3017,50;0,2383
3017,00;0,2375
3016,50;0,2366
3016,00;0,2358
3015,50;0,2351
3015,00;0,2343
3014,50;0,2335
3014,00;0,2326
3013,50;0,2317
3013,00;0,2308
3012,50;0,2300
3012,00;0,2294
3011,50;0,2289
3011,00;0,2284
3010,50;0,2280
3010,00;0,2277
3009,50;0,2273
3009,00;0,2268
3008,50;0,2262
3008,00;0,2254
3007,50;0,2246
3007,00;0,2237
3006,50;0,2230
3006,00;0,2224
3005,50;0,2220
3005,00;0,2214
3004,50;0,2208
3004,00;0,2201
3003,50;0,2195
3003,00;0,2190
3002,50;0,2185
3002,00;0,2179
3001,50;0,2172
3001,00;0,2164
3000,50;0,2157
3000,00;0,2150
2999,50;0,2144
2999,00;0,2140
2998,50;0,2137
2998,00;0,2133
2997,50;0,2128
2997,00;0,2122
2996,50;0,2116
2996,00;0,2112
2995,50;0,2107
2995,00;0,2103
2994,50;0,2097
2994,00;0,2091
2993,50;0,2084
2993,00;0,2078
2992,50;0,2073
2992,00;0,2067
2991,50;0,2062
2991,00;0,2056
2990,50;0,2052
2990,00;0,2048
2989,50;0,2044
2989,00;0,2040
2988,50;0,2035
2988,00;0,2030
2987,50;0,2024
2987,00;0,2018
2986,50;0,2014
2986,00;0,2011
2985,50;0,2009
2985,00;0,2006
2984,50;0,2002
2984,00;0,1996
2983,50;0,1990
2983,00;0,1985
2982,50;0,1980
2982,00;0,1976
2981,50;0,1970
2981,00;0,1965
2980,50;0,1961
2980,00;0,1958
2979,50;0,1955
2979,00;0,1951
2978,50;0,1946
2978,00;0,1940
2977,50;0,1935
2977,00;0,1929
2976,50;0,1923
2976,00;0,1918
2975,50;0,1915
2975,00;0,1912
2974,50;0,1910
2974,00;0,1906
2973,50;0,1901
2973,00;0,1895
2972,50;0,1891
2972,00;0,1887
2971,50;0,1883
2971,00;0,1879
2970,50;0,1875
2970,00;0,1873
2969,50;0,1871
2969,00;0,1869
2968,50;0,1866
2968,00;0,1862
2967,50;0,1858
2967,00;0,1853
2966,50;0,1847
2966,00;0,1842
2965,50;0,1837
2965,00;0,1834
2964,50;0,1830
2964,00;0,1826
2963,50;0,1823
2963,00;0,1819
2962,50;0,1815
2962,00;0,1811
2961,50;0,1804
2961,00;0,1798
2960,50;0,1793
2960,00;0,1790
2959,50;0,1788
2959,00;0,1786
2958,50;0,1782
2958,00;0,1776
2957,50;0,1770
2957,00;0,1762
2956,50;0,1753
2956,00;0,1746
2955,50;0,1741
2955,00;0,1739
2954,50;0,1735
2954,00;0,1731
2953,50;0,1726
2953,00;0,1722
2952,50;0,1719
2952,00;0,1715
2951,50;0,1710
2951,00;0,1706
2950,50;0,1702
2950,00;0,1700
2949,50;0,1698
2949,00;0,1695
2948,50;0,1690
2948,00;0,1686
2947,50;0,1683
2947,00;0,1680
2946,50;0,1677
2946,00;0,1675
2945,50;0,1673
2945,00;0,1670
2944,50;0,1667
2944,00;0,1664
2943,50;0,1661
2943,00;0,1659
2942,50;0,1659
2942,00;0,1659
2941,50;0,1657
2941,00;0,1653
2940,50;0,1647
2940,00;0,1643
2939,50;0,1641
2939,00;0,1641
2938,50;0,1642
2938,00;0,1644
2937,50;0,1644
2937,00;0,1641
2936,50;0,1635
2936,00;0,1630
2935,50;0,1627
2935,00;0,1625
2934,50;0,1625
2934,00;0,1626
2933,50;0,1626
2933,00;0,1624
2932,50;0,1621
2932,00;0,1617
2931,50;0,1613
2931,00;0,1608
2930,50;0,1604
2930,00;0,1601
2929,50;0,1599
2929,00;0,1596
2928,50;0,1593
2928,00;0,1591
2927,50;0,1589
2927,00;0,1589
2926,50;0,1587
2926,00;0,1583
2925,50;0,1578
2925,00;0,1573
2924,50;0,1568
2924,00;0,1565
2923,50;0,1563
2923,00;0,1561
2922,50;0,1558
2922,00;0,1555
2921,50;0,1552
2921,00;0,1550
2920,50;0,1548
2920,00;0,1546
2919,50;0,1544
2919,00;0,1545
2918,50;0,1546
2918,00;0,1546
2917,50;0,1545
2917,00;0,1544
2916,50;0,1542
2916,00;0,1540
2915,50;0,1539
2915,00;0,1538
2914,50;0,1535
2914,00;0,1532
2913,50;0,1528
2913,00;0,1525
2912,50;0,1523
2912,00;0,1521
2911,50;0,1520
2911,00;0,1519
2910,50;0,1517
2910,00;0,1513
2909,50;0,1509
2909,00;0,1505
2908,50;0,1502
2908,00;0,1498
2907,50;0,1494
2907,00;0,1490
2906,50;0,1488
2906,00;0,1486
2905,50;0,1485
2905,00;0,1484
2904,50;0,1483
2904,00;0,1481
2903,50;0,1480
2903,00;0,1480
2902,50;0,1479
2902,00;0,1477
2901,50;0,1473
2901,00;0,1470
2900,50;0,1469
2900,00;0,1467
2899,50;0,1464
2899,00;0,1460
2898,50;0,1456
2898,00;0,1453
2897,50;0,1451
2897,00;0,1451
2896,50;0,1452
2896,00;0,1452
2895,50;0,1450
2895,00;0,1448
2894,50;0,1445
2894,00;0,1443
2893,50;0,1443
2893,00;0,1442
2892,50;0,1440
2892,00;0,1437
2891,50;0,1435
2891,00;0,1433
2890,50;0,1433
2890,00;0,1433
2889,50;0,1433
2889,00;0,1433
2888,50;0,1431
2888,00;0,1428
2887,50;0,1423
2887,00;0,1419
2886,50;0,1416
2886,00;0,1413
2885,50;0,1412
2885,00;0,1412
2884,50;0,1413
2884,00;0,1413
2883,50;0,1411
2883,00;0,1409
2882,50;0,1406
2882,00;0,1405
2881,50;0,1404
2881,00;0,1403
2880,50;0,1404
2880,00;0,1403
2879,50;0,1402
2879,00;0,1399
2878,50;0,1397
2878,00;0,1395
2877,50;0,1394
2877,00;0,1392
2876,50;0,1391
2876,00;0,1389
2875,50;0,1388
2875,00;0,1386
2874,50;0,1384
2874,00;0,1381
2873,50;0,1378
2873,00;0,1374
2872,50;0,1371
2872,00;0,1370
2871,50;0,1371
2871,00;0,1371
2870,50;0,1371
2870,00;0,1369
2869,50;0,1367
2869,00;0,1364
2868,50;0,1361
2868,00;0,1357
2867,50;0,1355
2867,00;0,1353
2866,50;0,1353
2866,00;0,1351
2865,50;0,1351
2865,00;0,1351
2864,50;0,1353
2864,00;0,1355
2863,50;0,1355
2863,00;0,1355
2862,50;0,1354
2862,00;0,1354
2861,50;0,1352
2861,00;0,1349
2860,50;0,1346
2860,00;0,1344
2859,50;0,1342
2859,00;0,1340
2858,50;0,1337
2858,00;0,1333
2857,50;0,1329
2857,00;0,1327
2856,50;0,1327
2856,00;0,1328
2855,50;0,1329
2855,00;0,1329
2854,50;0,1327
2854,00;0,1324
2853,50;0,1322
2853,00;0,1320
2852,50;0,1319
2852,00;0,1318
2851,50;0,1317
2851,00;0,1317
2850,50;0,1317
2850,00;0,1320
2849,50;0,1323
2849,00;0,1326
2848,50;0,1328
2848,00;0,1328
2847,50;0,1328
2847,00;0,1327
2846,50;0,1326
2846,00;0,1324
2845,50;0,1322
2845,00;0,1319
2844,50;0,1316
2844,00;0,1313
2843,50;0,1309
2843,00;0,1306
2842,50;0,1304
2842,00;0,1302
2841,50;0,1301
2841,00;0,1301
2840,50;0,1302
2840,00;0,1302
2839,50;0,1301
2839,00;0,1300
2838,50;0,1298
2838,00;0,1297
2837,50;0,1296
2837,00;0,1296
2836,50;0,1296
2836,00;0,1295
2835,50;0,1294
2835,00;0,1293
2834,50;0,1290
2834,00;0,1288
2833,50;0,1287
2833,00;0,1288
2832,50;0,1288
2832,00;0,1289
2831,50;0,1290
2831,00;0,1289
2830,50;0,1288
2830,00;0,1286
2829,50;0,1283
2829,00;0,1281
2828,50;0,1281
2828,00;0,1281
2827,50;0,1281
2827,00;0,1280
2826,50;0,1279
2826,00;0,1277
2825,50;0,1276
2825,00;0,1275
2824,50;0,1275
2824,00;0,1275
2823,50;0,1276
2823,00;0,1277
2822,50;0,1276
2822,00;0,1274
2821,50;0,1270
2821,00;0,1267
2820,50;0,1265
2820,00;0,1265
2819,50;0,1266
2819,00;0,1267
2818,50;0,1269
2818,00;0,1269
2817,50;0,1268
2817,00;0,1266
2816,50;0,1264
2816,00;0,1263
2815,50;0,1263
2815,00;0,1263
2814,50;0,1262
2814,00;0,1261
2813,50;0,1259
2813,00;0,1259
2812,50;0,1259
2812,00;0,1260
2811,50;0,1262
2811,00;0,1262
2810,50;0,1261
2810,00;0,1259
2809,50;0,1256
2809,00;0,1254
2808,50;0,1253
2808,00;0,1253
2807,50;0,1253
2807,00;0,1254
2806,50;0,1254
2806,00;0,1254
2805,50;0,1252
2805,00;0,1251
2804,50;0,1251
2804,00;0,1251
2803,50;0,1253
2803,00;0,1253
2802,50;0,1253
2802,00;0,1252
2801,50;0,1250
2801,00;0,1248
2800,50;0,1247
2800,00;0,1246
2799,50;0,1246
2799,00;0,1246
2798,50;0,1245
2798,00;0,1244
2797,50;0,1244
2797,00;0,1243
2796,50;0,1242
2796,00;0,1241
2795,50;0,1240
2795,00;0,1239
2794,50;0,1238
2794,00;0,1237
2793,50;0,1236
2793,00;0,1234
2792,50;0,1233
2792,00;0,1233
2791,50;0,1234
2791,00;0,1234
2790,50;0,1235
2790,00;0,1234
2789,50;0,1233
2789,00;0,1232
2788,50;0,1231
2788,00;0,1230
2787,50;0,1230
2787,00;0,1230
2786,50;0,1228
2786,00;0,1227
2785,50;0,1227
2785,00;0,1228
2784,50;0,1228
2784,00;0,1228
2783,50;0,1227
2783,00;0,1226
2782,50;0,1225
2782,00;0,1224
2781,50;0,1224
2781,00;0,1224
2780,50;0,1224
2780,00;0,1223
2779,50;0,1221
2779,00;0,1219
2778,50;0,1217
2778,00;0,1217
2777,50;0,1217
2777,00;0,1218
2776,50;0,1218
2776,00;0,1218
2775,50;0,1218
2775,00;0,1217
2774,50;0,1217
2774,00;0,1217
2773,50;0,1218
2773,00;0,1218
2772,50;0,1219
2772,00;0,1219
2771,50;0,1219
2771,00;0,1218
2770,50;0,1218
2770,00;0,1218
2769,50;0,1218
2769,00;0,1218
2768,50;0,1217
2768,00;0,1215
2767,50;0,1214
2767,00;0,1214
2766,50;0,1215
2766,00;0,1216
2765,50;0,1216
2765,00;0,1216
2764,50;0,1214
2764,00;0,1213
2763,50;0,1213
2763,00;0,1213
2762,50;0,1214
2762,00;0,1214
2761,50;0,1214
2761,00;0,1213
2760,50;0,1212
2760,00;0,1212
2759,50;0,1213
2759,00;0,1213
2758,50;0,1212
2758,00;0,1212
2757,50;0,1211
2757,00;0,1211
2756,50;0,1210
2756,00;0,1209
2755,50;0,1208
2755,00;0,1207
2754,50;0,1207
2754,00;0,1206
2753,50;0,1205
2753,00;0,1203
2752,50;0,1201
2752,00;0,1201
2751,50;0,1201
2751,00;0,1203
2750,50;0,1204
2750,00;0,1204
2749,50;0,1203
2749,00;0,1202
2748,50;0,1203
2748,00;0,1204
2747,50;0,1205
2747,00;0,1206
2746,50;0,1206
2746,00;0,1205
2745,50;0,1203
2745,00;0,1202
2744,50;0,1200
2744,00;0,1200
2743,50;0,1201
2743,00;0,1202
2742,50;0,1202
2742,00;0,1202
2741,50;0,1201
2741,00;0,1201
2740,50;0,1201
2740,00;0,1201
2739,50;0,1200
2739,00;0,1198
2738,50;0,1197
2738,00;0,1195
2737,50;0,1195
2737,00;0,1195
2736,50;0,1196
2736,00;0,1197
2735,50;0,1197
2735,00;0,1198
2734,50;0,1199
2734,00;0,1200
2733,50;0,1200
2733,00;0,1201
2732,50;0,1201
2732,00;0,1200
2731,50;0,1199
2731,00;0,1197
2730,50;0,1196
2730,00;0,1196
2729,50;0,1196
2729,00;0,1195
2728,50;0,1194
2728,00;0,1192
2727,50;0,1191
2727,00;0,1190
2726,50;0,1190
2726,00;0,1190
2725,50;0,1190
2725,00;0,1191
2724,50;0,1191
2724,00;0,1192
2723,50;0,1191
2723,00;0,1191
2722,50;0,1190
2722,00;0,1189
2721,50;0,1189
2721,00;0,1188
2720,50;0,1188
2720,00;0,1187
2719,50;0,1187
2719,00;0,1188
2718,50;0,1190
2718,00;0,1192
2717,50;0,1193
2717,00;0,1193
2716,50;0,1191
2716,00;0,1188
2715,50;0,1186
2715,00;0,1186
2714,50;0,1188
2714,00;0,1190
2713,50;0,1191
2713,00;0,1191
2712,50;0,1189
2712,00;0,1187
2711,50;0,1186
2711,00;0,1185
2710,50;0,1186
2710,00;0,1187
2709,50;0,1188
2709,00;0,1188
2708,50;0,1188
2708,00;0,1186
2707,50;0,1186
2707,00;0,1186
2706,50;0,1186
2706,00;0,1187
2705,50;0,1187
2705,00;0,1187
2704,50;0,1188
2704,00;0,1189
2703,50;0,1191
2703,00;0,1191
2702,50;0,1190
2702,00;0,1189
2701,50;0,1189
2701,00;0,1189
2700,50;0,1189
2700,00;0,1188
2699,50;0,1187
2699,00;0,1185
2698,50;0,1185
2698,00;0,1186
2697,50;0,1187
2697,00;0,1188
2696,50;0,1188
2696,00;0,1187
2695,50;0,1187
2695,00;0,1186
2694,50;0,1185
2694,00;0,1185
2693,50;0,1185
2693,00;0,1186
2692,50;0,1186
2692,00;0,1186
2691,50;0,1186
2691,00;0,1186
2690,50;0,1186
2690,00;0,1186
2689,50;0,1184
2689,00;0,1181
2688,50;0,1180
2688,00;0,1180
2687,50;0,1182
2687,00;0,1184
2686,50;0,1185
2686,00;0,1186
2685,50;0,1185
2685,00;0,1185
2684,50;0,1185
2684,00;0,1186
2683,50;0,1186
2683,00;0,1187
2682,50;0,1187
2682,00;0,1188
2681,50;0,1188
2681,00;0,1187
2680,50;0,1186
2680,00;0,1185
2679,50;0,1184
2679,00;0,1184
2678,50;0,1185
2678,00;0,1186
2677,50;0,1186
2677,00;0,1186
2676,50;0,1185
2676,00;0,1186
2675,50;0,1186
2675,00;0,1188
2674,50;0,1188
2674,00;0,1187
2673,50;0,1185
2673,00;0,1183
2672,50;0,1182
2672,00;0,1182
2671,50;0,1181
2671,00;0,1182
2670,50;0,1183
2670,00;0,1185
2669,50;0,1186
2669,00;0,1188
2668,50;0,1188
2668,00;0,1187
2667,50;0,1186
2667,00;0,1185
2666,50;0,1184
2666,00;0,1184
2665,50;0,1183
2665,00;0,1183
2664,50;0,1183
2664,00;0,1182
2663,50;0,1181
2663,00;0,1180
2662,50;0,1179
2662,00;0,1178
2661,50;0,1177
2661,00;0,1176
2660,50;0,1175
2660,00;0,1175
2659,50;0,1175
2659,00;0,1175
2658,50;0,1176
2658,00;0,1176
2657,50;0,1175
2657,00;0,1174
2656,50;0,1173
2656,00;0,1174
2655,50;0,1175
2655,00;0,1176
2654,50;0,1176
2654,00;0,1176
2653,50;0,1176
2653,00;0,1176
2652,50;0,1176
2652,00;0,1176
2651,50;0,1174
2651,00;0,1173
2650,50;0,1173
2650,00;0,1173
2649,50;0,1174
2649,00;0,1174
2648,50;0,1174
2648,00;0,1173
2647,50;0,1172
2647,00;0,1173
2646,50;0,1174
2646,00;0,1175
2645,50;0,1175
2645,00;0,1173
2644,50;0,1171
2644,00;0,1169
2643,50;0,1169
2643,00;0,1170
2642,50;0,1172
2642,00;0,1173
2641,50;0,1174
2641,00;0,1175
2640,50;0,1175
2640,00;0,1176
2639,50;0,1175
2639,00;0,1174
2638,50;0,1173
2638,00;0,1172
2637,50;0,1172
2637,00;0,1173
2636,50;0,1173
2636,00;0,1173
2635,50;0,1174
2635,00;0,1174
2634,50;0,1175
2634,00;0,1176
2633,50;0,1175
2633,00;0,1174
2632,50;0,1172
2632,00;0,1170
2631,50;0,1168
2631,00;0,1167
2630,50;0,1167
2630,00;0,1168
2629,50;0,1172
2629,00;0,1175
2628,50;0,1177
2628,00;0,1177
2627,50;0,1176
2627,00;0,1175
2626,50;0,1175
2626,00;0,1176
2625,50;0,1177
2625,00;0,1177
2624,50;0,1177
2624,00;0,1177
2623,50;0,1178
2623,00;0,1177
2622,50;0,1175
2622,00;0,1173
2621,50;0,1174
2621,00;0,1176
2620,50;0,1178
2620,00;0,1179
2619,50;0,1178
2619,00;0,1178
2618,50;0,1178
2618,00;0,1178
2617,50;0,1177
2617,00;0,1176
2616,50;0,1177
2616,00;0,1177
2615,50;0,1178
2615,00;0,1178
2614,50;0,1177
2614,00;0,1175
2613,50;0,1175
2613,00;0,1176
2612,50;0,1179
2612,00;0,1183
2611,50;0,1187
2611,00;0,1188
2610,50;0,1188
2610,00;0,1186
2609,50;0,1185
2609,00;0,1185
2608,50;0,1184
2608,00;0,1184
2607,50;0,1183
2607,00;0,1183
2606,50;0,1184
2606,00;0,1184
2605,50;0,1183
2605,00;0,1182
2604,50;0,1183
2604,00;0,1186
2603,50;0,1189
2603,00;0,1190
2602,50;0,1189
2602,00;0,1188
2601,50;0,1187
2601,00;0,1185
2600,50;0,1183
2600,00;0,1180
2599,50;0,1179
2599,00;0,1179
2598,50;0,1179
2598,00;0,1178
2597,50;0,1178
2597,00;0,1180
2596,50;0,1183
2596,00;0,1186
2595,50;0,1189
2595,00;0,1187
2594,50;0,1183
2594,00;0,1181
2593,50;0,1183
2593,00;0,1188
2592,50;0,1193
2592,00;0,1197
2591,50;0,1198
2591,00;0,1196
2590,50;0,1192
2590,00;0,1189
2589,50;0,1189
2589,00;0,1193
2588,50;0,1199
2588,00;0,1204
2587,50;0,1207
2587,00;0,1208
2586,50;0,1209
2586,00;0,1208
2585,50;0,1207
2585,00;0,1204
2584,50;0,1203
2584,00;0,1203
2583,50;0,1205
2583,00;0,1208
2582,50;0,1211
2582,00;0,1214
2581,50;0,1214
2581,00;0,1212
2580,50;0,1209
2580,00;0,1207
2579,50;0,1206
2579,00;0,1202
2578,50;0,1197
2578,00;0,1195
2577,50;0,1199
2577,00;0,1208
2576,50;0,1215
2576,00;0,1216
2575,50;0,1213
2575,00;0,1209
2574,50;0,1207
2574,00;0,1204
2573,50;0,1200
2573,00;0,1197
2572,50;0,1197
2572,00;0,1198
2571,50;0,1200
2571,00;0,1201
2570,50;0,1198
2570,00;0,1192
2569,50;0,1188
2569,00;0,1186
2568,50;0,1187
2568,00;0,1189
2567,50;0,1190
2567,00;0,1189
2566,50;0,1189
2566,00;0,1189
2565,50;0,1188
2565,00;0,1186
2564,50;0,1185
2564,00;0,1187
2563,50;0,1190
2563,00;0,1193
2562,50;0,1193
2562,00;0,1193
2561,50;0,1195
2561,00;0,1200
2560,50;0,1205
2560,00;0,1208
2559,50;0,1209
2559,00;0,1210
2558,50;0,1211
2558,00;0,1212
2557,50;0,1214
2557,00;0,1219
2556,50;0,1226
2556,00;0,1232
2555,50;0,1235
2555,00;0,1231
2554,50;0,1223
2554,00;0,1214
2553,50;0,1209
2553,00;0,1208
2552,50;0,1210
2552,00;0,1214
2551,50;0,1217
2551,00;0,1217
2550,50;0,1214
2550,00;0,1211
2549,50;0,1210
2549,00;0,1211
2548,50;0,1214
2548,00;0,1216
2547,50;0,1215
2547,00;0,1212
2546,50;0,1209
2546,00;0,1208
2545,50;0,1209
2545,00;0,1211
2544,50;0,1214
2544,00;0,1219
2543,50;0,1224
2543,00;0,1227
2542,50;0,1226
2542,00;0,1219
2541,50;0,1210
2541,00;0,1205
2540,50;0,1207
2540,00;0,1213
2539,50;0,1216
2539,00;0,1214
2538,50;0,1208
2538,00;0,1202
2537,50;0,1203
2537,00;0,1209
2536,50;0,1216
2536,00;0,1219
2535,50;0,1216
2535,00;0,1212
2534,50;0,1210
2534,00;0,1210
2533,50;0,1209
2533,00;0,1206
2532,50;0,1204
2532,00;0,1206
2531,50;0,1211
2531,00;0,1216
2530,50;0,1219
2530,00;0,1219
2529,50;0,1217
2529,00;0,1217
2528,50;0,1221
2528,00;0,1226
2527,50;0,1229
2527,00;0,1228
2526,50;0,1222
2526,00;0,1215
2525,50;0,1211
2525,00;0,1210
2524,50;0,1213
2524,00;0,1220
2523,50;0,1228
2523,00;0,1235
2522,50;0,1237
2522,00;0,1233
2521,50;0,1226
2521,00;0,1219
2520,50;0,1215
2520,00;0,1217
2519,50;0,1222
2519,00;0,1227
2518,50;0,1229
2518,00;0,1231
2517,50;0,1231
2517,00;0,1231
2516,50;0,1228
2516,00;0,1225
2515,50;0,1225
2515,00;0,1228
2514,50;0,1234
2514,00;0,1241
2513,50;0,1243
2513,00;0,1243
2512,50;0,1241
2512,00;0,1236
2511,50;0,1228
2511,00;0,1217
2510,50;0,1209
2510,00;0,1207
2509,50;0,1211
2509,00;0,1220
2508,50;0,1232
2508,00;0,1243
2507,50;0,1249
2507,00;0,1248
2506,50;0,1240
2506,00;0,1229
2505,50;0,1220
2505,00;0,1214
2504,50;0,1216
2504,00;0,1224
2503,50;0,1238
2503,00;0,1248
2502,50;0,1250
2502,00;0,1241
2501,50;0,1228
2501,00;0,1218
2500,50;0,1214
2500,00;0,1216
2499,50;0,1222
2499,00;0,1229
2498,50;0,1236
2498,00;0,1244
2497,50;0,1250
2497,00;0,1252
2496,50;0,1248
2496,00;0,1239
2495,50;0,1230
2495,00;0,1226
2494,50;0,1230
2494,00;0,1240
2493,50;0,1251
2493,00;0,1259
2492,50;0,1260
2492,00;0,1256
2491,50;0,1249
2491,00;0,1242
2490,50;0,1236
2490,00;0,1230
2489,50;0,1229
2489,00;0,1234
2488,50;0,1246
2488,00;0,1260
2487,50;0,1269
2487,00;0,1270
2486,50;0,1263
2486,00;0,1253
2485,50;0,1243
2485,00;0,1239
2484,50;0,1241
2484,00;0,1249
2483,50;0,1259
2483,00;0,1266
2482,50;0,1267
2482,00;0,1263
2481,50;0,1257
2481,00;0,1250
2480,50;0,1247
2480,00;0,1247
2479,50;0,1250
2479,00;0,1257
2478,50;0,1267
2478,00;0,1278
2477,50;0,1285
2477,00;0,1286
2476,50;0,1280
2476,00;0,1269
2475,50;0,1261
2475,00;0,1256
2474,50;0,1257
2474,00;0,1260
2473,50;0,1262
2473,00;0,1262
2472,50;0,1263
2472,00;0,1267
2471,50;0,1272
2471,00;0,1275
2470,50;0,1274
2470,00;0,1272
2469,50;0,1270
2469,00;0,1272
2468,50;0,1277
2468,00;0,1284
2467,50;0,1290
2467,00;0,1290
2466,50;0,1285
2466,00;0,1277
2465,50;0,1270
2465,00;0,1266
2464,50;0,1266
2464,00;0,1270
2463,50;0,1281
2463,00;0,1292
2462,50;0,1300
2462,00;0,1302
2461,50;0,1302
2461,00;0,1300
2460,50;0,1299
2460,00;0,1297
2459,50;0,1297
2459,00;0,1299
2458,50;0,1301
2458,00;0,1304
2457,50;0,1308
2457,00;0,1311
2456,50;0,1312
2456,00;0,1311
2455,50;0,1310
2455,00;0,1312
2454,50;0,1316
2454,00;0,1323
2453,50;0,1330
2453,00;0,1334
2452,50;0,1337
2452,00;0,1338
2451,50;0,1339
2451,00;0,1340
2450,50;0,1340
2450,00;0,1340
2449,50;0,1341
2449,00;0,1343
2448,50;0,1350
2448,00;0,1361
2447,50;0,1374
2447,00;0,1383
2446,50;0,1385
2446,00;0,1383
2445,50;0,1382
2445,00;0,1385
2444,50;0,1389
2444,00;0,1393
2443,50;0,1396
2443,00;0,1401
2442,50;0,1407
2442,00;0,1416
2441,50;0,1424
2441,00;0,1431
2440,50;0,1436
2440,00;0,1439
2439,50;0,1443
2439,00;0,1450
2438,50;0,1457
2438,00;0,1464
2437,50;0,1469
2437,00;0,1475
2436,50;0,1484
2436,00;0,1497
2435,50;0,1511
2435,00;0,1525
2434,50;0,1538
2434,00;0,1547
2433,50;0,1554
2433,00;0,1560
2432,50;0,1566
2432,00;0,1577
2431,50;0,1591
2431,00;0,1607
2430,50;0,1620
2430,00;0,1626
2429,50;0,1627
2429,00;0,1625
2428,50;0,1626
2428,00;0,1631
2427,50;0,1639
2427,00;0,1649
2426,50;0,1660
2426,00;0,1671
2425,50;0,1679
2425,00;0,1681
2424,50;0,1680
2424,00;0,1676
2423,50;0,1673
2423,00;0,1673
2422,50;0,1674
2422,00;0,1675
2421,50;0,1675
2421,00;0,1671
2420,50;0,1665
2420,00;0,1657
2419,50;0,1652
2419,00;0,1648
2418,50;0,1644
2418,00;0,1639
2417,50;0,1633
2417,00;0,1628
2416,50;0,1623
2416,00;0,1619
2415,50;0,1616
2415,00;0,1612
2414,50;0,1605
2414,00;0,1593
2413,50;0,1578
2413,00;0,1561
2412,50;0,1549
2412,00;0,1543
2411,50;0,1541
2411,00;0,1538
2410,50;0,1532
2410,00;0,1523
2409,50;0,1515
2409,00;0,1509
2408,50;0,1503
2408,00;0,1496
2407,50;0,1489
2407,00;0,1483
2406,50;0,1479
2406,00;0,1476
2405,50;0,1474
2405,00;0,1472
2404,50;0,1468
2404,00;0,1461
2403,50;0,1454
2403,00;0,1448
2402,50;0,1444
2402,00;0,1440
2401,50;0,1436
2401,00;0,1432
2400,50;0,1429
2400,00;0,1425
2399,50;0,1420
2399,00;0,1414
2398,50;0,1409
2398,00;0,1403
2397,50;0,1397
2397,00;0,1392
2396,50;0,1390
2396,00;0,1388
2395,50;0,1387
2395,00;0,1387
2394,50;0,1386
2394,00;0,1385
2393,50;0,1382
2393,00;0,1379
2392,50;0,1375
2392,00;0,1372
2391,50;0,1369
2391,00;0,1366
2390,50;0,1362
2390,00;0,1360
2389,50;0,1360
2389,00;0,1359
2388,50;0,1359
2388,00;0,1358
2387,50;0,1356
2387,00;0,1355
2386,50;0,1353
2386,00;0,1351
2385,50;0,1350
2385,00;0,1350
2384,50;0,1351
2384,00;0,1352
2383,50;0,1350
2383,00;0,1347
2382,50;0,1342
2382,00;0,1339
2381,50;0,1337
2381,00;0,1335
2380,50;0,1333
2380,00;0,1332
2379,50;0,1331
2379,00;0,1331
2378,50;0,1332
2378,00;0,1333
2377,50;0,1332
2377,00;0,1329
2376,50;0,1324
2376,00;0,1319
2375,50;0,1316
2375,00;0,1314
2374,50;0,1315
2374,00;0,1316
2373,50;0,1315
2373,00;0,1311
2372,50;0,1306
2372,00;0,1301
2371,50;0,1299
2371,00;0,1300
2370,50;0,1302
2370,00;0,1303
2369,50;0,1303
2369,00;0,1303
2368,50;0,1302
2368,00;0,1303
2367,50;0,1303
2367,00;0,1302
2366,50;0,1299
2366,00;0,1295
2365,50;0,1292
2365,00;0,1292
2364,50;0,1294
2364,00;0,1298
2363,50;0,1302
2363,00;0,1304
2362,50;0,1303
2362,00;0,1300
2361,50;0,1297
2361,00;0,1293
2360,50;0,1291
2360,00;0,1289
2359,50;0,1289
2359,00;0,1289
2358,50;0,1289
2358,00;0,1291
2357,50;0,1289
2357,00;0,1294
2356,50;0,1281
2356,00;0,1262
2355,50;0,1261
2355,00;0,1256
2354,50;0,1257
2354,00;0,1258
2353,50;0,1259
2353,00;0,1257
2352,50;0,1253
2352,00;0,1251
2351,50;0,1252
2351,00;0,1253
2350,50;0,1257
2350,00;0,1257
2349,50;0,1259
2349,00;0,1250
2348,50;0,1270
2348,00;0,1297
2347,50;0,1291
2347,00;0,1298
2346,50;0,1298
2346,00;0,1301
2345,50;0,1300
2345,00;0,1299
2344,50;0,1299
2344,00;0,1301
2343,50;0,1307
2343,00;0,1313
2342,50;0,1317
2342,00;0,1319
2341,50;0,1322
2341,00;0,1325
2340,50;0,1326
2340,00;0,1324
2339,50;0,1319
2339,00;0,1312
2338,50;0,1306
2338,00;0,1304
2337,50;0,1306
2337,00;0,1307
2336,50;0,1307
2336,00;0,1305
2335,50;0,1303
2335,00;0,1302
2334,50;0,1302
2334,00;0,1302
2333,50;0,1302
2333,00;0,1301
2332,50;0,1300
2332,00;0,1300
2331,50;0,1302
2331,00;0,1304
2330,50;0,1305
2330,00;0,1306
2329,50;0,1306
2329,00;0,1304
2328,50;0,1302
2328,00;0,1300
2327,50;0,1297
2327,00;0,1290
2326,50;0,1282
2326,00;0,1274
2325,50;0,1267
2325,00;0,1266
2324,50;0,1269
2324,00;0,1273
2323,50;0,1276
2323,00;0,1279
2322,50;0,1284
2322,00;0,1288
2321,50;0,1290
2321,00;0,1293
2320,50;0,1297
2320,00;0,1299
2319,50;0,1298
2319,00;0,1296
2318,50;0,1297
2318,00;0,1298
2317,50;0,1299
2317,00;0,1302
2316,50;0,1306
2316,00;0,1309
2315,50;0,1308
2315,00;0,1305
2314,50;0,1304
2314,00;0,1304
2313,50;0,1306
2313,00;0,1310
2312,50;0,1315
2312,00;0,1317
2311,50;0,1317
2311,00;0,1317
2310,50;0,1318
2310,00;0,1320
2309,50;0,1321
2309,00;0,1322
2308,50;0,1324
2308,00;0,1326
2307,50;0,1327
2307,00;0,1328
2306,50;0,1328
2306,00;0,1327
2305,50;0,1326
2305,00;0,1327
2304,50;0,1331
2304,00;0,1335
2303,50;0,1336
2303,00;0,1334
2302,50;0,1332
2302,00;0,1331
2301,50;0,1332
2301,00;0,1334
2300,50;0,1337
2300,00;0,1339
2299,50;0,1339
2299,00;0,1337
2298,50;0,1335
2298,00;0,1335
2297,50;0,1336
2297,00;0,1339
2296,50;0,1342
2296,00;0,1345
2295,50;0,1345
2295,00;0,1343
2294,50;0,1339
2294,00;0,1336
2293,50;0,1337
2293,00;0,1340
2292,50;0,1342
2292,00;0,1341
2291,50;0,1337
2291,00;0,1335
2290,50;0,1338
2290,00;0,1343
2289,50;0,1347
2289,00;0,1347
2288,50;0,1344
2288,00;0,1342
2287,50;0,1340
2287,00;0,1338
2286,50;0,1338
2286,00;0,1337
2285,50;0,1338
2285,00;0,1341
2284,50;0,1344
2284,00;0,1345
2283,50;0,1343
2283,00;0,1339
2282,50;0,1336
2282,00;0,1335
2281,50;0,1338
2281,00;0,1342
2280,50;0,1349
2280,00;0,1357
2279,50;0,1364
2279,00;0,1366
2278,50;0,1364
2278,00;0,1360
2277,50;0,1357
2277,00;0,1355
2276,50;0,1356
2276,00;0,1360
2275,50;0,1367
2275,00;0,1374
2274,50;0,1379
2274,00;0,1380
2273,50;0,1379
2273,00;0,1377
2272,50;0,1373
2272,00;0,1369
2271,50;0,1367
2271,00;0,1367
2270,50;0,1370
2270,00;0,1374
2269,50;0,1376
2269,00;0,1378
2268,50;0,1379
2268,00;0,1377
2267,50;0,1374
2267,00;0,1369
2266,50;0,1365
2266,00;0,1363
2265,50;0,1363
2265,00;0,1367
2264,50;0,1375
2264,00;0,1384
2263,50;0,1389
2263,00;0,1390
2262,50;0,1387
2262,00;0,1381
2261,50;0,1373
2261,00;0,1365
2260,50;0,1361
2260,00;0,1363
2259,50;0,1370
2259,00;0,1377
2258,50;0,1381
2258,00;0,1381
2257,50;0,1380
2257,00;0,1380
2256,50;0,1379
2256,00;0,1379
2255,50;0,1380
2255,00;0,1384
2254,50;0,1390
2254,00;0,1394
2253,50;0,1394
2253,00;0,1392
2252,50;0,1391
2252,00;0,1390
2251,50;0,1387
2251,00;0,1384
2250,50;0,1381
2250,00;0,1384
2249,50;0,1391
2249,00;0,1399
2248,50;0,1403
2248,00;0,1401
2247,50;0,1393
2247,00;0,1385
2246,50;0,1379
2246,00;0,1379
2245,50;0,1383
2245,00;0,1389
2244,50;0,1393
2244,00;0,1395
2243,50;0,1397
2243,00;0,1396
2242,50;0,1394
2242,00;0,1390
2241,50;0,1386
2241,00;0,1385
2240,50;0,1387
2240,00;0,1388
2239,50;0,1388
2239,00;0,1386
2238,50;0,1386
2238,00;0,1388
2237,50;0,1390
2237,00;0,1388
2236,50;0,1385
2236,00;0,1383
2235,50;0,1386
2235,00;0,1391
2234,50;0,1394
2234,00;0,1392
2233,50;0,1387
2233,00;0,1384
2232,50;0,1385
2232,00;0,1389
2231,50;0,1393
2231,00;0,1393
2230,50;0,1391
2230,00;0,1388
2229,50;0,1385
2229,00;0,1386
2228,50;0,1391
2228,00;0,1396
2227,50;0,1394
2227,00;0,1384
2226,50;0,1373
2226,00;0,1369
2225,50;0,1374
2225,00;0,1384
2224,50;0,1392
2224,00;0,1395
2223,50;0,1394
2223,00;0,1389
2222,50;0,1385
2222,00;0,1385
2221,50;0,1390
2221,00;0,1397
2220,50;0,1400
2220,00;0,1396
2219,50;0,1390
2219,00;0,1385
2218,50;0,1383
2218,00;0,1385
2217,50;0,1388
2217,00;0,1390
2216,50;0,1390
2216,00;0,1388
2215,50;0,1382
2215,00;0,1373
2214,50;0,1368
2214,00;0,1368
2213,50;0,1372
2213,00;0,1379
2212,50;0,1387
2212,00;0,1394
2211,50;0,1399
2211,00;0,1395
2210,50;0,1383
2210,00;0,1371
2209,50;0,1365
2209,00;0,1365
2208,50;0,1367
2208,00;0,1368
2207,50;0,1370
2207,00;0,1373
2206,50;0,1377
2206,00;0,1379
2205,50;0,1377
2205,00;0,1371
2204,50;0,1362
2204,00;0,1353
2203,50;0,1351
2203,00;0,1357
2202,50;0,1365
2202,00;0,1370
2201,50;0,1370
2201,00;0,1367
2200,50;0,1363
2200,00;0,1361
2199,50;0,1360
2199,00;0,1359
2198,50;0,1356
2198,00;0,1353
2197,50;0,1352
2197,00;0,1353
2196,50;0,1360
2196,00;0,1370
2195,50;0,1378
2195,00;0,1377
2194,50;0,1367
2194,00;0,1356
2193,50;0,1352
2193,00;0,1356
2192,50;0,1362
2192,00;0,1368
2191,50;0,1373
2191,00;0,1377
2190,50;0,1381
2190,00;0,1381
2189,50;0,1380
2189,00;0,1378
2188,50;0,1375
2188,00;0,1369
2187,50;0,1360
2187,00;0,1350
2186,50;0,1341
2186,00;0,1337
2185,50;0,1340
2185,00;0,1347
2184,50;0,1354
2184,00;0,1357
2183,50;0,1362
2183,00;0,1373
2182,50;0,1387
2182,00;0,1398
2181,50;0,1401
2181,00;0,1397
2180,50;0,1392
2180,00;0,1387
2179,50;0,1379
2179,00;0,1369
2178,50;0,1358
2178,00;0,1351
2177,50;0,1350
2177,00;0,1356
2176,50;0,1368
2176,00;0,1382
2175,50;0,1392
2175,00;0,1395
2174,50;0,1389
2174,00;0,1374
2173,50;0,1356
2173,00;0,1341
2172,50;0,1334
2172,00;0,1333
2171,50;0,1336
2171,00;0,1341
2170,50;0,1346
2170,00;0,1349
2169,50;0,1348
2169,00;0,1338
2168,50;0,1319
2168,00;0,1298
2167,50;0,1285
2167,00;0,1287
2166,50;0,1301
2166,00;0,1317
2165,50;0,1328
2165,00;0,1334
2164,50;0,1336
2164,00;0,1334
2163,50;0,1328
2163,00;0,1316
2162,50;0,1299
2162,00;0,1282
2161,50;0,1274
2161,00;0,1286
2160,50;0,1317
2160,00;0,1358
2159,50;0,1395
2159,00;0,1415
2158,50;0,1419
2158,00;0,1411
2157,50;0,1397
2157,00;0,1383
2156,50;0,1372
2156,00;0,1363
2155,50;0,1356
2155,00;0,1349
2154,50;0,1345
2154,00;0,1344
2153,50;0,1345
2153,00;0,1344
2152,50;0,1336
2152,00;0,1328
2151,50;0,1326
2151,00;0,1334
2150,50;0,1344
2150,00;0,1352
2149,50;0,1354
2149,00;0,1355
2148,50;0,1358
2148,00;0,1361
2147,50;0,1362
2147,00;0,1361
2146,50;0,1358
2146,00;0,1355
2145,50;0,1352
2145,00;0,1349
2144,50;0,1346
2144,00;0,1340
2143,50;0,1334
2143,00;0,1331
2142,50;0,1331
2142,00;0,1331
2141,50;0,1328
2141,00;0,1324
2140,50;0,1321
2140,00;0,1323
2139,50;0,1330
2139,00;0,1340
2138,50;0,1346
2138,00;0,1345
2137,50;0,1337
2137,00;0,1328
2136,50;0,1323
2136,00;0,1326
2135,50;0,1337
2135,00;0,1351
2134,50;0,1360
2134,00;0,1359
2133,50;0,1350
2133,00;0,1339
2132,50;0,1331
2132,00;0,1326
2131,50;0,1322
2131,00;0,1319
2130,50;0,1315
2130,00;0,1311
2129,50;0,1309
2129,00;0,1307
2128,50;0,1307
2128,00;0,1309
2127,50;0,1311
2127,00;0,1314
2126,50;0,1314
2126,00;0,1313
2125,50;0,1311
2125,00;0,1311
2124,50;0,1312
2124,00;0,1312
2123,50;0,1310
2123,00;0,1309
2122,50;0,1311
2122,00;0,1314
2121,50;0,1314
2121,00;0,1309
2120,50;0,1299
2120,00;0,1287
2119,50;0,1277
2119,00;0,1275
2118,50;0,1280
2118,00;0,1288
2117,50;0,1296
2117,00;0,1299
2116,50;0,1294
2116,00;0,1286
2115,50;0,1278
2115,00;0,1276
2114,50;0,1277
2114,00;0,1278
2113,50;0,1275
2113,00;0,1272
2112,50;0,1268
2112,00;0,1265
2111,50;0,1261
2111,00;0,1257
2110,50;0,1254
2110,00;0,1255
2109,50;0,1256
2109,00;0,1257
2108,50;0,1258
2108,00;0,1262
2107,50;0,1266
2107,00;0,1267
2106,50;0,1265
2106,00;0,1264
2105,50;0,1267
2105,00;0,1272
2104,50;0,1275
2104,00;0,1271
2103,50;0,1264
2103,00;0,1260
2102,50;0,1260
2102,00;0,1260
2101,50;0,1257
2101,00;0,1251
2100,50;0,1249
2100,00;0,1253
2099,50;0,1258
2099,00;0,1260
2098,50;0,1256
2098,00;0,1251
2097,50;0,1249
2097,00;0,1253
2096,50;0,1260
2096,00;0,1266
2095,50;0,1265
2095,00;0,1258
2094,50;0,1251
2094,00;0,1250
2093,50;0,1254
2093,00;0,1261
2092,50;0,1267
2092,00;0,1270
2091,50;0,1270
2091,00;0,1266
2090,50;0,1259
2090,00;0,1252
2089,50;0,1248
2089,00;0,1245
2088,50;0,1244
2088,00;0,1241
2087,50;0,1239
2087,00;0,1236
2086,50;0,1235
2086,00;0,1238
2085,50;0,1244
2085,00;0,1251
2084,50;0,1254
2084,00;0,1250
2083,50;0,1241
2083,00;0,1230
2082,50;0,1222
2082,00;0,1220
2081,50;0,1224
2081,00;0,1232
2080,50;0,1239
2080,00;0,1244
2079,50;0,1249
2079,00;0,1254
2078,50;0,1257
2078,00;0,1258
2077,50;0,1257
2077,00;0,1256
2076,50;0,1254
2076,00;0,1251
2075,50;0,1247
2075,00;0,1243
2074,50;0,1240
2074,00;0,1236
2073,50;0,1234
2073,00;0,1235
2072,50;0,1238
2072,00;0,1241
2071,50;0,1242
2071,00;0,1240
2070,50;0,1238
2070,00;0,1240
2069,50;0,1244
2069,00;0,1249
2068,50;0,1250
2068,00;0,1245
2067,50;0,1237
2067,00;0,1232
2066,50;0,1232
2066,00;0,1238
2065,50;0,1246
2065,00;0,1249
2064,50;0,1247
2064,00;0,1241
2063,50;0,1238
2063,00;0,1237
2062,50;0,1239
2062,00;0,1240
2061,50;0,1243
2061,00;0,1247
2060,50;0,1253
2060,00;0,1256
2059,50;0,1256
2059,00;0,1252
2058,50;0,1247
2058,00;0,1241
2057,50;0,1237
2057,00;0,1235
2056,50;0,1235
2056,00;0,1237
2055,50;0,1239
2055,00;0,1242
2054,50;0,1243
2054,00;0,1238
2053,50;0,1227
2053,00;0,1209
2052,50;0,1188
2052,00;0,1168
2051,50;0,1157
2051,00;0,1161
2050,50;0,1179
2050,00;0,1202
2049,50;0,1218
2049,00;0,1224
2048,50;0,1223
2048,00;0,1220
2047,50;0,1223
2047,00;0,1233
2046,50;0,1246
2046,00;0,1258
2045,50;0,1264
2045,00;0,1263
2044,50;0,1254
2044,00;0,1238
2043,50;0,1221
2043,00;0,1209
2042,50;0,1207
2042,00;0,1210
2041,50;0,1211
2041,00;0,1208
2040,50;0,1203
2040,00;0,1199
2039,50;0,1195
2039,00;0,1191
2038,50;0,1188
2038,00;0,1185
2037,50;0,1187
2037,00;0,1195
2036,50;0,1208
2036,00;0,1221
2035,50;0,1224
2035,00;0,1217
2034,50;0,1204
2034,00;0,1195
2033,50;0,1196
2033,00;0,1208
2032,50;0,1226
2032,00;0,1240
2031,50;0,1246
2031,00;0,1247
2030,50;0,1245
2030,00;0,1241
2029,50;0,1235
2029,00;0,1231
2028,50;0,1231
2028,00;0,1233
2027,50;0,1235
2027,00;0,1236
2026,50;0,1238
2026,00;0,1240
2025,50;0,1241
2025,00;0,1240
2024,50;0,1239
2024,00;0,1238
2023,50;0,1236
2023,00;0,1235
2022,50;0,1237
2022,00;0,1241
2021,50;0,1241
2021,00;0,1237
2020,50;0,1229
2020,00;0,1224
2019,50;0,1223
2019,00;0,1226
2018,50;0,1228
2018,00;0,1224
2017,50;0,1213
2017,00;0,1201
2016,50;0,1198
2016,00;0,1204
2015,50;0,1213
2015,00;0,1217
2014,50;0,1216
2014,00;0,1216
2013,50;0,1219
2013,00;0,1223
2012,50;0,1227
2012,00;0,1227
2011,50;0,1224
2011,00;0,1219
2010,50;0,1212
2010,00;0,1204
2009,50;0,1196
2009,00;0,1190
2008,50;0,1193
2008,00;0,1204
2007,50;0,1220
2007,00;0,1237
2006,50;0,1255
2006,00;0,1268
2005,50;0,1271
2005,00;0,1263
2004,50;0,1250
2004,00;0,1242
2003,50;0,1242
2003,00;0,1248
2002,50;0,1254
2002,00;0,1254
2001,50;0,1248
2001,00;0,1238
2000,50;0,1226
2000,00;0,1217
1999,50;0,1214
1999,00;0,1220
1998,50;0,1231
1998,00;0,1240
1997,50;0,1243
1997,00;0,1244
1996,50;0,1247
1996,00;0,1253
1995,50;0,1258
1995,00;0,1257
1994,50;0,1249
1994,00;0,1239
1993,50;0,1229
1993,00;0,1222
1992,50;0,1219
1992,00;0,1218
1991,50;0,1219
1991,00;0,1220
1990,50;0,1221
1990,00;0,1221
1989,50;0,1220
1989,00;0,1218
1988,50;0,1216
1988,00;0,1216
1987,50;0,1218
1987,00;0,1223
1986,50;0,1229
1986,00;0,1235
1985,50;0,1236
1985,00;0,1230
1984,50;0,1222
1984,00;0,1215
1983,50;0,1211
1983,00;0,1208
1982,50;0,1205
1982,00;0,1200
1981,50;0,1194
1981,00;0,1186
1980,50;0,1179
1980,00;0,1179
1979,50;0,1189
1979,00;0,1208
1978,50;0,1228
1978,00;0,1243
1977,50;0,1251
1977,00;0,1256
1976,50;0,1259
1976,00;0,1257
1975,50;0,1249
1975,00;0,1237
1974,50;0,1229
1974,00;0,1230
1973,50;0,1236
1973,00;0,1240
1972,50;0,1241
1972,00;0,1239
1971,50;0,1236
1971,00;0,1236
1970,50;0,1236
1970,00;0,1235
1969,50;0,1232
1969,00;0,1233
1968,50;0,1237
1968,00;0,1242
1967,50;0,1240
1967,00;0,1232
1966,50;0,1226
1966,00;0,1233
1965,50;0,1248
1965,00;0,1262
1964,50;0,1267
1964,00;0,1267
1963,50;0,1266
1963,00;0,1265
1962,50;0,1261
1962,00;0,1254
1961,50;0,1246
1961,00;0,1242
1960,50;0,1242
1960,00;0,1246
1959,50;0,1251
1959,00;0,1254
1958,50;0,1253
1958,00;0,1253
1957,50;0,1254
1957,00;0,1255
1956,50;0,1254
1956,00;0,1249
1955,50;0,1246
1955,00;0,1245
1954,50;0,1246
1954,00;0,1249
1953,50;0,1255
1953,00;0,1263
1952,50;0,1270
1952,00;0,1270
1951,50;0,1263
1951,00;0,1255
1950,50;0,1251
1950,00;0,1253
1949,50;0,1258
1949,00;0,1263
1948,50;0,1263
1948,00;0,1259
1947,50;0,1253
1947,00;0,1248
1946,50;0,1248
1946,00;0,1251
1945,50;0,1252
1945,00;0,1250
1944,50;0,1248
1944,00;0,1251
1943,50;0,1256
1943,00;0,1260
1942,50;0,1259
1942,00;0,1254
1941,50;0,1249
1941,00;0,1247
1940,50;0,1248
1940,00;0,1249
1939,50;0,1249
1939,00;0,1248
1938,50;0,1246
1938,00;0,1244
1937,50;0,1240
1937,00;0,1237
1936,50;0,1237
1936,00;0,1241
1935,50;0,1247
1935,00;0,1252
1934,50;0,1255
1934,00;0,1256
1933,50;0,1254
1933,00;0,1252
1932,50;0,1250
1932,00;0,1249
1931,50;0,1247
1931,00;0,1245
1930,50;0,1244
1930,00;0,1246
1929,50;0,1251
1929,00;0,1255
1928,50;0,1255
1928,00;0,1252
1927,50;0,1248
1927,00;0,1248
1926,50;0,1252
1926,00;0,1255
1925,50;0,1256
1925,00;0,1255
1924,50;0,1254
1924,00;0,1254
1923,50;0,1254
1923,00;0,1254
1922,50;0,1254
1922,00;0,1255
1921,50;0,1256
1921,00;0,1255
1920,50;0,1254
1920,00;0,1254
1919,50;0,1254
1919,00;0,1255
1918,50;0,1256
1918,00;0,1257
1917,50;0,1259
1917,00;0,1259
1916,50;0,1256
1916,00;0,1253
1915,50;0,1251
1915,00;0,1252
1914,50;0,1255
1914,00;0,1260
1913,50;0,1263
1913,00;0,1264
1912,50;0,1263
1912,00;0,1262
1911,50;0,1262
1911,00;0,1262
1910,50;0,1263
1910,00;0,1265
1909,50;0,1268
1909,00;0,1269
1908,50;0,1268
1908,00;0,1265
1907,50;0,1260
1907,00;0,1257
1906,50;0,1258
1906,00;0,1260
1905,50;0,1262
1905,00;0,1261
1904,50;0,1257
1904,00;0,1253
1903,50;0,1250
1903,00;0,1250
1902,50;0,1252
1902,00;0,1254
1901,50;0,1257
1901,00;0,1259
1900,50;0,1258
1900,00;0,1256
1899,50;0,1254
1899,00;0,1256
1898,50;0,1259
1898,00;0,1263
1897,50;0,1265
1897,00;0,1266
1896,50;0,1267
1896,00;0,1268
1895,50;0,1269
1895,00;0,1267
1894,50;0,1263
1894,00;0,1257
1893,50;0,1253
1893,00;0,1253
1892,50;0,1257
1892,00;0,1264
1891,50;0,1269
1891,00;0,1270
1890,50;0,1266
1890,00;0,1261
1889,50;0,1257
1889,00;0,1255
1888,50;0,1256
1888,00;0,1260
1887,50;0,1264
1887,00;0,1268
1886,50;0,1269
1886,00;0,1268
1885,50;0,1266
1885,00;0,1265
1884,50;0,1267
1884,00;0,1270
1883,50;0,1272
1883,00;0,1271
1882,50;0,1269
1882,00;0,1268
1881,50;0,1268
1881,00;0,1269
1880,50;0,1269
1880,00;0,1269
1879,50;0,1268
1879,00;0,1269
1878,50;0,1270
1878,00;0,1272
1877,50;0,1275
1877,00;0,1278
1876,50;0,1279
1876,00;0,1277
1875,50;0,1275
1875,00;0,1273
1874,50;0,1273
1874,00;0,1274
1873,50;0,1276
1873,00;0,1278
1872,50;0,1280
1872,00;0,1280
1871,50;0,1279
1871,00;0,1277
1870,50;0,1276
1870,00;0,1274
1869,50;0,1274
1869,00;0,1274
1868,50;0,1276
1868,00;0,1277
1867,50;0,1277
1867,00;0,1276
1866,50;0,1274
1866,00;0,1275
1865,50;0,1279
1865,00;0,1283
1864,50;0,1285
1864,00;0,1285
1863,50;0,1283
1863,00;0,1282
1862,50;0,1280
1862,00;0,1279
1861,50;0,1279
1861,00;0,1279
1860,50;0,1281
1860,00;0,1283
1859,50;0,1284
1859,00;0,1285
1858,50;0,1284
1858,00;0,1283
1857,50;0,1282
1857,00;0,1282
1856,50;0,1285
1856,00;0,1289
1855,50;0,1291
1855,00;0,1290
1854,50;0,1289
1854,00;0,1289
1853,50;0,1290
1853,00;0,1291
1852,50;0,1291
1852,00;0,1289
1851,50;0,1288
1851,00;0,1288
1850,50;0,1288
1850,00;0,1290
1849,50;0,1293
1849,00;0,1295
1848,50;0,1295
1848,00;0,1295
1847,50;0,1296
1847,00;0,1298
1846,50;0,1298
1846,00;0,1297
1845,50;0,1294
1845,00;0,1291
1844,50;0,1287
1844,00;0,1287
1843,50;0,1290
1843,00;0,1294
1842,50;0,1296
1842,00;0,1297
1841,50;0,1298
1841,00;0,1300
1840,50;0,1303
1840,00;0,1304
1839,50;0,1303
1839,00;0,1301
1838,50;0,1299
1838,00;0,1299
1837,50;0,1301
1837,00;0,1303
1836,50;0,1304
1836,00;0,1305
1835,50;0,1304
1835,00;0,1303
1834,50;0,1301
1834,00;0,1299
1833,50;0,1298
1833,00;0,1298
1832,50;0,1299
1832,00;0,1298
1831,50;0,1298
1831,00;0,1299
1830,50;0,1302
1830,00;0,1305
1829,50;0,1309
1829,00;0,1312
1828,50;0,1313
1828,00;0,1314
1827,50;0,1312
1827,00;0,1310
1826,50;0,1309
1826,00;0,1308
1825,50;0,1307
1825,00;0,1305
1824,50;0,1304
1824,00;0,1304
1823,50;0,1305
1823,00;0,1307
1822,50;0,1309
1822,00;0,1311
1821,50;0,1313
1821,00;0,1314
1820,50;0,1314
1820,00;0,1312
1819,50;0,1313
1819,00;0,1316
1818,50;0,1322
1818,00;0,1329
1817,50;0,1331
1817,00;0,1327
1816,50;0,1321
1816,00;0,1316
1815,50;0,1315
1815,00;0,1317
1814,50;0,1321
1814,00;0,1324
1813,50;0,1326
1813,00;0,1326
1812,50;0,1324
1812,00;0,1322
1811,50;0,1321
1811,00;0,1322
1810,50;0,1323
1810,00;0,1324
1809,50;0,1324
1809,00;0,1323
1808,50;0,1322
1808,00;0,1321
1807,50;0,1322
1807,00;0,1324
1806,50;0,1327
1806,00;0,1330
1805,50;0,1331
1805,00;0,1333
1804,50;0,1334
1804,00;0,1335
1803,50;0,1336
1803,00;0,1337
1802,50;0,1337
1802,00;0,1335
1801,50;0,1333
1801,00;0,1331
1800,50;0,1330
1800,00;0,1328
1799,50;0,1326
1799,00;0,1326
1798,50;0,1328
1798,00;0,1330
1797,50;0,1332
1797,00;0,1334
1796,50;0,1337
1796,00;0,1339
1795,50;0,1340
1795,00;0,1339
1794,50;0,1339
1794,00;0,1338
1793,50;0,1339
1793,00;0,1340
1792,50;0,1340
1792,00;0,1341
1791,50;0,1343
1791,00;0,1345
1790,50;0,1347
1790,00;0,1347
1789,50;0,1346
1789,00;0,1346
1788,50;0,1348
1788,00;0,1350
1787,50;0,1351
1787,00;0,1352
1786,50;0,1351
1786,00;0,1351
1785,50;0,1351
1785,00;0,1352
1784,50;0,1354
1784,00;0,1354
1783,50;0,1354
1783,00;0,1353
1782,50;0,1353
1782,00;0,1353
1781,50;0,1355
1781,00;0,1357
1780,50;0,1360
1780,00;0,1362
1779,50;0,1362
1779,00;0,1361
1778,50;0,1360
1778,00;0,1360
1777,50;0,1362
1777,00;0,1365
1776,50;0,1367
1776,00;0,1368
1775,50;0,1368
1775,00;0,1368
1774,50;0,1369
1774,00;0,1371
1773,50;0,1373
1773,00;0,1375
1772,50;0,1375
1772,00;0,1375
1771,50;0,1376
1771,00;0,1377
1770,50;0,1378
1770,00;0,1378
1769,50;0,1378
1769,00;0,1379
1768,50;0,1379
1768,00;0,1379
1767,50;0,1380
1767,00;0,1381
1766,50;0,1382
1766,00;0,1383
1765,50;0,1385
1765,00;0,1387
1764,50;0,1388
1764,00;0,1390
1763,50;0,1391
1763,00;0,1392
1762,50;0,1392
1762,00;0,1392
1761,50;0,1393
1761,00;0,1396
1760,50;0,1399
1760,00;0,1399
1759,50;0,1397
1759,00;0,1396
1758,50;0,1395
1758,00;0,1396
1757,50;0,1399
1757,00;0,1402
1756,50;0,1405
1756,00;0,1407
1755,50;0,1407
1755,00;0,1407
1754,50;0,1407
1754,00;0,1408
1753,50;0,1410
1753,00;0,1412
1752,50;0,1414
1752,00;0,1415
1751,50;0,1418
1751,00;0,1420
1750,50;0,1422
1750,00;0,1423
1749,50;0,1423
1749,00;0,1424
1748,50;0,1426
1748,00;0,1427
1747,50;0,1428
1747,00;0,1426
1746,50;0,1424
1746,00;0,1424
1745,50;0,1424
1745,00;0,1424
1744,50;0,1424
1744,00;0,1424
1743,50;0,1424
1743,00;0,1426
1742,50;0,1427
1742,00;0,1428
1741,50;0,1427
1741,00;0,1426
1740,50;0,1424
1740,00;0,1423
1739,50;0,1422
1739,00;0,1422
1738,50;0,1422
1738,00;0,1422
1737,50;0,1423
1737,00;0,1423
1736,50;0,1422
1736,00;0,1421
1735,50;0,1420
1735,00;0,1418
1734,50;0,1416
1734,00;0,1415
1733,50;0,1413
1733,00;0,1409
1732,50;0,1404
1732,00;0,1402
1731,50;0,1403
1731,00;0,1406
1730,50;0,1409
1730,00;0,1410
1729,50;0,1411
1729,00;0,1412
1728,50;0,1413
1728,00;0,1416
1727,50;0,1418
1727,00;0,1419
1726,50;0,1420
1726,00;0,1422
1725,50;0,1425
1725,00;0,1429
1724,50;0,1432
1724,00;0,1436
1723,50;0,1439
1723,00;0,1441
1722,50;0,1441
1722,00;0,1442
1721,50;0,1444
1721,00;0,1448
1720,50;0,1454
1720,00;0,1459
1719,50;0,1463
1719,00;0,1465
1718,50;0,1465
1718,00;0,1466
1717,50;0,1468
1717,00;0,1470
1716,50;0,1472
1716,00;0,1474
1715,50;0,1477
1715,00;0,1480
1714,50;0,1482
1714,00;0,1484
1713,50;0,1486
1713,00;0,1488
1712,50;0,1489
1712,00;0,1490
1711,50;0,1492
1711,00;0,1493
1710,50;0,1493
1710,00;0,1493
1709,50;0,1494
1709,00;0,1495
1708,50;0,1496
1708,00;0,1499
1707,50;0,1502
1707,00;0,1504
1706,50;0,1506
1706,00;0,1508
1705,50;0,1509
1705,00;0,1512
1704,50;0,1513
1704,00;0,1515
1703,50;0,1516
1703,00;0,1517
1702,50;0,1518
1702,00;0,1519
1701,50;0,1520
1701,00;0,1520
1700,50;0,1518
1700,00;0,1520
1699,50;0,1525
1699,00;0,1528
1698,50;0,1529
1698,00;0,1530
1697,50;0,1532
1697,00;0,1534
1696,50;0,1535
1696,00;0,1534
1695,50;0,1534
1695,00;0,1536
1694,50;0,1540
1694,00;0,1544
1693,50;0,1547
1693,00;0,1549
1692,50;0,1550
1692,00;0,1550
1691,50;0,1550
1691,00;0,1551
1690,50;0,1551
1690,00;0,1552
1689,50;0,1554
1689,00;0,1556
1688,50;0,1559
1688,00;0,1561
1687,50;0,1561
1687,00;0,1562
1686,50;0,1563
1686,00;0,1565
1685,50;0,1566
1685,00;0,1566
1684,50;0,1566
1684,00;0,1567
1683,50;0,1568
1683,00;0,1572
1682,50;0,1576
1682,00;0,1580
1681,50;0,1582
1681,00;0,1584
1680,50;0,1585
1680,00;0,1585
1679,50;0,1586
1679,00;0,1587
1678,50;0,1587
1678,00;0,1587
1677,50;0,1588
1677,00;0,1590
1676,50;0,1591
1676,00;0,1592
1675,50;0,1592
1675,00;0,1594
1674,50;0,1596
1674,00;0,1598
1673,50;0,1599
1673,00;0,1600
1672,50;0,1601
1672,00;0,1602
1671,50;0,1603
1671,00;0,1605
1670,50;0,1607
1670,00;0,1608
1669,50;0,1606
1669,00;0,1604
1668,50;0,1605
1668,00;0,1608
1667,50;0,1611
1667,00;0,1613
1666,50;0,1615
1666,00;0,1617
1665,50;0,1618
1665,00;0,1620
1664,50;0,1621
1664,00;0,1623
1663,50;0,1624
1663,00;0,1625
1662,50;0,1624
1662,00;0,1625
1661,50;0,1627
1661,00;0,1629
1660,50;0,1632
1660,00;0,1635
1659,50;0,1637
1659,00;0,1638
1658,50;0,1638
1658,00;0,1637
1657,50;0,1636
1657,00;0,1635
1656,50;0,1635
1656,00;0,1635
1655,50;0,1635
1655,00;0,1635
1654,50;0,1638
1654,00;0,1643
1653,50;0,1648
1653,00;0,1650
1652,50;0,1649
1652,00;0,1647
1651,50;0,1646
1651,00;0,1645
1650,50;0,1645
1650,00;0,1645
1649,50;0,1646
1649,00;0,1647
1648,50;0,1648
1648,00;0,1650
1647,50;0,1652
1647,00;0,1653
1646,50;0,1652
1646,00;0,1651
1645,50;0,1652
1645,00;0,1654
1644,50;0,1655
1644,00;0,1655
1643,50;0,1657
1643,00;0,1659
1642,50;0,1660
1642,00;0,1660
1641,50;0,1659
1641,00;0,1657
1640,50;0,1655
1640,00;0,1654
1639,50;0,1655
1639,00;0,1655
1638,50;0,1655
1638,00;0,1654
1637,50;0,1655
1637,00;0,1658
1636,50;0,1662
1636,00;0,1667
1635,50;0,1670
1635,00;0,1673
1634,50;0,1677
1634,00;0,1680
1633,50;0,1681
1633,00;0,1681
1632,50;0,1681
1632,00;0,1680
1631,50;0,1680
1631,00;0,1679
1630,50;0,1677
1630,00;0,1675
1629,50;0,1674
1629,00;0,1674
1628,50;0,1675
1628,00;0,1676
1627,50;0,1676
1627,00;0,1676
1626,50;0,1675
1626,00;0,1673
1625,50;0,1671
1625,00;0,1672
1624,50;0,1674
1624,00;0,1677
1623,50;0,1679
1623,00;0,1678
1622,50;0,1676
1622,00;0,1675
1621,50;0,1674
1621,00;0,1675
1620,50;0,1676
1620,00;0,1676
1619,50;0,1675
1619,00;0,1674
1618,50;0,1675
1618,00;0,1676
1617,50;0,1678
1617,00;0,1681
1616,50;0,1684
1616,00;0,1684
1615,50;0,1683
1615,00;0,1680
1614,50;0,1677
1614,00;0,1675
1613,50;0,1675
1613,00;0,1675
1612,50;0,1674
1612,00;0,1674
1611,50;0,1673
1611,00;0,1673
1610,50;0,1674
1610,00;0,1674
1609,50;0,1673
1609,00;0,1672
1608,50;0,1672
1608,00;0,1674
1607,50;0,1675
1607,00;0,1677
1606,50;0,1678
1606,00;0,1679
1605,50;0,1679
1605,00;0,1679
1604,50;0,1680
1604,00;0,1682
1603,50;0,1683
1603,00;0,1682
1602,50;0,1681
1602,00;0,1679
1601,50;0,1678
1601,00;0,1677
1600,50;0,1677
1600,00;0,1679
1599,50;0,1681
1599,00;0,1682
1598,50;0,1681
1598,00;0,1679
1597,50;0,1677
1597,00;0,1675
1596,50;0,1674
1596,00;0,1675
1595,50;0,1676
1595,00;0,1677
1594,50;0,1677
1594,00;0,1678
1593,50;0,1678
1593,00;0,1678
1592,50;0,1676
1592,00;0,1675
1591,50;0,1674
1591,00;0,1674
1590,50;0,1674
1590,00;0,1675
1589,50;0,1676
1589,00;0,1678
1588,50;0,1680
1588,00;0,1681
1587,50;0,1681
1587,00;0,1680
1586,50;0,1680
1586,00;0,1680
1585,50;0,1679
1585,00;0,1677
1584,50;0,1675
1584,00;0,1674
1583,50;0,1675
1583,00;0,1675
1582,50;0,1674
1582,00;0,1672
1581,50;0,1671
1581,00;0,1670
1580,50;0,1670
1580,00;0,1671
1579,50;0,1672
1579,00;0,1672
1578,50;0,1672
1578,00;0,1673
1577,50;0,1675
1577,00;0,1677
1576,50;0,1679
1576,00;0,1682
1575,50;0,1683
1575,00;0,1683
1574,50;0,1682
1574,00;0,1680
1573,50;0,1679
1573,00;0,1678
1572,50;0,1678
1572,00;0,1678
1571,50;0,1678
1571,00;0,1677
1570,50;0,1676
1570,00;0,1674
1569,50;0,1672
1569,00;0,1671
1568,50;0,1670
1568,00;0,1671
1567,50;0,1673
1567,00;0,1675
1566,50;0,1677
1566,00;0,1678
1565,50;0,1678
1565,00;0,1678
1564,50;0,1678
1564,00;0,1678
1563,50;0,1677
1563,00;0,1676
1562,50;0,1676
1562,00;0,1678
1561,50;0,1681
1561,00;0,1683
1560,50;0,1682
1560,00;0,1679
1559,50;0,1678
1559,00;0,1680
1558,50;0,1681
1558,00;0,1680
1557,50;0,1680
1557,00;0,1681
1556,50;0,1682
1556,00;0,1681
1555,50;0,1681
1555,00;0,1681
1554,50;0,1682
1554,00;0,1681
1553,50;0,1679
1553,00;0,1677
1552,50;0,1675
1552,00;0,1672
1551,50;0,1671
1551,00;0,1671
1550,50;0,1672
1550,00;0,1673
1549,50;0,1674
1549,00;0,1675
1548,50;0,1674
1548,00;0,1673
1547,50;0,1672
1547,00;0,1674
1546,50;0,1676
1546,00;0,1675
1545,50;0,1673
1545,00;0,1672
1544,50;0,1673
1544,00;0,1674
1543,50;0,1677
1543,00;0,1680
1542,50;0,1682
1542,00;0,1682
1541,50;0,1681
1541,00;0,1680
1540,50;0,1679
1540,00;0,1680
1539,50;0,1682
1539,00;0,1683
1538,50;0,1683
1538,00;0,1681
1537,50;0,1679
1537,00;0,1678
1536,50;0,1677
1536,00;0,1676
1535,50;0,1675
1535,00;0,1675
1534,50;0,1677
1534,00;0,1678
1533,50;0,1678
1533,00;0,1678
1532,50;0,1679
1532,00;0,1680
1531,50;0,1681
1531,00;0,1680
1530,50;0,1679
1530,00;0,1678
1529,50;0,1679
1529,00;0,1680
1528,50;0,1680
1528,00;0,1679
1527,50;0,1678
1527,00;0,1678
1526,50;0,1678
1526,00;0,1676
1525,50;0,1674
1525,00;0,1675
1524,50;0,1677
1524,00;0,1679
1523,50;0,1680
1523,00;0,1679
1522,50;0,1678
1522,00;0,1676
1521,50;0,1675
1521,00;0,1675
1520,50;0,1676
1520,00;0,1676
1519,50;0,1676
1519,00;0,1677
1518,50;0,1678
1518,00;0,1678
1517,50;0,1677
1517,00;0,1677
1516,50;0,1677
1516,00;0,1678
1515,50;0,1678
1515,00;0,1677
1514,50;0,1676
1514,00;0,1676
1513,50;0,1677
1513,00;0,1680
1512,50;0,1682
1512,00;0,1683
1511,50;0,1682
1511,00;0,1678
1510,50;0,1676
1510,00;0,1674
1509,50;0,1675
1509,00;0,1678
1508,50;0,1680
1508,00;0,1682
1507,50;0,1683
1507,00;0,1683
1506,50;0,1684
1506,00;0,1683
1505,50;0,1682
1505,00;0,1681
1504,50;0,1678
1504,00;0,1677
1503,50;0,1677
1503,00;0,1677
1502,50;0,1678
1502,00;0,1679
1501,50;0,1679
1501,00;0,1678
1500,50;0,1677
1500,00;0,1676
1499,50;0,1676
1499,00;0,1677
1498,50;0,1679
1498,00;0,1681
1497,50;0,1682
1497,00;0,1682
1496,50;0,1680
1496,00;0,1678
1495,50;0,1677
1495,00;0,1677
1494,50;0,1677
1494,00;0,1677
1493,50;0,1677
1493,00;0,1676
1492,50;0,1675
1492,00;0,1673
1491,50;0,1670
1491,00;0,1666
1490,50;0,1663
1490,00;0,1664
1489,50;0,1666
1489,00;0,1668
1488,50;0,1669
1488,00;0,1668
1487,50;0,1666
1487,00;0,1667
1486,50;0,1668
1486,00;0,1670
1485,50;0,1669
1485,00;0,1666
1484,50;0,1663
1484,00;0,1662
1483,50;0,1660
1483,00;0,1660
1482,50;0,1660
1482,00;0,1660
1481,50;0,1659
1481,00;0,1657
1480,50;0,1655
1480,00;0,1654
1479,50;0,1654
1479,00;0,1656
1478,50;0,1658
1478,00;0,1660
1477,50;0,1661
1477,00;0,1660
1476,50;0,1658
1476,00;0,1655
1475,50;0,1653
1475,00;0,1652
1474,50;0,1653
1474,00;0,1653
1473,50;0,1653
1473,00;0,1652
1472,50;0,1652
1472,00;0,1652
1471,50;0,1652
1471,00;0,1652
1470,50;0,1651
1470,00;0,1651
1469,50;0,1650
1469,00;0,1650
1468,50;0,1649
1468,00;0,1650
1467,50;0,1650
1467,00;0,1649
1466,50;0,1649
1466,00;0,1648
1465,50;0,1647
1465,00;0,1645
1464,50;0,1644
1464,00;0,1643
1463,50;0,1641
1463,00;0,1640
1462,50;0,1641
1462,00;0,1643
1461,50;0,1645
1461,00;0,1646
1460,50;0,1644
1460,00;0,1641
1459,50;0,1637
1459,00;0,1635
1458,50;0,1635
1458,00;0,1636
1457,50;0,1637
1457,00;0,1637
1456,50;0,1635
1456,00;0,1632
1455,50;0,1630
1455,00;0,1630
1454,50;0,1632
1454,00;0,1635
1453,50;0,1638
1453,00;0,1638
1452,50;0,1638
1452,00;0,1636
1451,50;0,1636
1451,00;0,1635
1450,50;0,1635
1450,00;0,1635
1449,50;0,1633
1449,00;0,1631
1448,50;0,1629
1448,00;0,1628
1447,50;0,1628
1447,00;0,1627
1446,50;0,1627
1446,00;0,1627
1445,50;0,1627
1445,00;0,1626
1444,50;0,1625
1444,00;0,1624
1443,50;0,1623
1443,00;0,1623
1442,50;0,1622
1442,00;0,1622
1441,50;0,1622
1441,00;0,1621
1440,50;0,1620
1440,00;0,1619
1439,50;0,1617
1439,00;0,1616
1438,50;0,1614
1438,00;0,1614
1437,50;0,1615
1437,00;0,1617
1436,50;0,1619
1436,00;0,1620
1435,50;0,1621
1435,00;0,1620
1434,50;0,1618
1434,00;0,1615
1433,50;0,1613
1433,00;0,1612
1432,50;0,1611
1432,00;0,1612
1431,50;0,1613
1431,00;0,1616
1430,50;0,1617
1430,00;0,1617
1429,50;0,1617
1429,00;0,1616
1428,50;0,1615
1428,00;0,1613
1427,50;0,1612
1427,00;0,1611
1426,50;0,1610
1426,00;0,1610
1425,50;0,1611
1425,00;0,1612
1424,50;0,1613
1424,00;0,1611
1423,50;0,1608
1423,00;0,1606
1422,50;0,1603
1422,00;0,1602
1421,50;0,1601
1421,00;0,1601
1420,50;0,1602
1420,00;0,1604
1419,50;0,1605
1419,00;0,1606
1418,50;0,1605
1418,00;0,1605
1417,50;0,1604
1417,00;0,1602
1416,50;0,1600
1416,00;0,1598
1415,50;0,1598
1415,00;0,1599
1414,50;0,1600
1414,00;0,1600
1413,50;0,1599
1413,00;0,1597
1412,50;0,1596
1412,00;0,1596
1411,50;0,1595
1411,00;0,1595
1410,50;0,1595
1410,00;0,1596
1409,50;0,1595
1409,00;0,1594
1408,50;0,1594
1408,00;0,1594
1407,50;0,1595
1407,00;0,1596
1406,50;0,1596
1406,00;0,1594
1405,50;0,1592
1405,00;0,1590
1404,50;0,1588
1404,00;0,1587
1403,50;0,1585
1403,00;0,1582
1402,50;0,1579
1402,00;0,1576
1401,50;0,1576
1401,00;0,1577
1400,50;0,1579
1400,00;0,1580
1399,50;0,1580
1399,00;0,1579
1398,50;0,1576
1398,00;0,1571
1397,50;0,1567
1397,00;0,1563
1396,50;0,1562
1396,00;0,1564
1395,50;0,1567
1395,00;0,1568
1394,50;0,1567
1394,00;0,1565
1393,50;0,1561
1393,00;0,1556
1392,50;0,1554
1392,00;0,1553
1391,50;0,1555
1391,00;0,1557
1390,50;0,1559
1390,00;0,1560
1389,50;0,1561
1389,00;0,1564
1388,50;0,1566
1388,00;0,1568
1387,50;0,1569
1387,00;0,1569
1386,50;0,1567
1386,00;0,1566
1385,50;0,1565
1385,00;0,1564
1384,50;0,1563
1384,00;0,1562
1383,50;0,1562
1383,00;0,1561
1382,50;0,1560
1382,00;0,1560
1381,50;0,1560
1381,00;0,1561
1380,50;0,1561
1380,00;0,1560
1379,50;0,1558
1379,00;0,1555
1378,50;0,1552
1378,00;0,1549
1377,50;0,1547
1377,00;0,1546
1376,50;0,1546
1376,00;0,1545
1375,50;0,1543
1375,00;0,1540
1374,50;0,1537
1374,00;0,1536
1373,50;0,1536
1373,00;0,1538
1372,50;0,1540
1372,00;0,1541
1371,50;0,1541
1371,00;0,1540
1370,50;0,1539
1370,00;0,1538
1369,50;0,1536
1369,00;0,1535
1368,50;0,1533
1368,00;0,1532
1367,50;0,1532
1367,00;0,1531
1366,50;0,1532
1366,00;0,1533
1365,50;0,1533
1365,00;0,1532
1364,50;0,1530
1364,00;0,1529
1363,50;0,1527
1363,00;0,1525
1362,50;0,1522
1362,00;0,1520
1361,50;0,1519
1361,00;0,1518
1360,50;0,1516
1360,00;0,1515
1359,50;0,1515
1359,00;0,1516
1358,50;0,1517
1358,00;0,1519
1357,50;0,1519
1357,00;0,1518
1356,50;0,1517
1356,00;0,1516
1355,50;0,1515
1355,00;0,1515
1354,50;0,1516
1354,00;0,1518
1353,50;0,1520
1353,00;0,1520
1352,50;0,1520
1352,00;0,1520
1351,50;0,1519
1351,00;0,1518
1350,50;0,1517
1350,00;0,1518
1349,50;0,1519
1349,00;0,1520
1348,50;0,1518
1348,00;0,1515
1347,50;0,1513
1347,00;0,1511
1346,50;0,1511
1346,00;0,1512
1345,50;0,1514
1345,00;0,1515
1344,50;0,1513
1344,00;0,1511
1343,50;0,1508
1343,00;0,1506
1342,50;0,1504
1342,00;0,1504
1341,50;0,1504
1341,00;0,1504
1340,50;0,1503
1340,00;0,1503
1339,50;0,1503
1339,00;0,1505
1338,50;0,1505
1338,00;0,1505
1337,50;0,1504
1337,00;0,1503
1336,50;0,1502
1336,00;0,1503
1335,50;0,1504
1335,00;0,1505
1334,50;0,1504
1334,00;0,1502
1333,50;0,1500
1333,00;0,1500
1332,50;0,1500
1332,00;0,1500
1331,50;0,1501
1331,00;0,1501
1330,50;0,1500
1330,00;0,1499
1329,50;0,1497
1329,00;0,1495
1328,50;0,1493
1328,00;0,1491
1327,50;0,1490
1327,00;0,1488
1326,50;0,1487
1326,00;0,1488
1325,50;0,1489
1325,00;0,1488
1324,50;0,1486
1324,00;0,1483
1323,50;0,1481
1323,00;0,1480
1322,50;0,1478
1322,00;0,1476
1321,50;0,1476
1321,00;0,1477
1320,50;0,1478
1320,00;0,1478
1319,50;0,1478
1319,00;0,1478
1318,50;0,1478
1318,00;0,1477
1317,50;0,1477
1317,00;0,1478
1316,50;0,1479
1316,00;0,1479
1315,50;0,1477
1315,00;0,1475
1314,50;0,1474
1314,00;0,1475
1313,50;0,1475
1313,00;0,1475
1312,50;0,1474
1312,00;0,1473
1311,50;0,1473
1311,00;0,1473
1310,50;0,1474
1310,00;0,1475
1309,50;0,1474
1309,00;0,1473
1308,50;0,1472
1308,00;0,1472
1307,50;0,1472
1307,00;0,1473
1306,50;0,1475
1306,00;0,1477
1305,50;0,1477
1305,00;0,1476
1304,50;0,1473
1304,00;0,1470
1303,50;0,1467
1303,00;0,1465
1302,50;0,1464
1302,00;0,1465
1301,50;0,1466
1301,00;0,1465
1300,50;0,1464
1300,00;0,1462
1299,50;0,1461
1299,00;0,1462
1298,50;0,1463
1298,00;0,1464
1297,50;0,1463
1297,00;0,1461
1296,50;0,1457
1296,00;0,1455
1295,50;0,1453
1295,00;0,1453
1294,50;0,1452
1294,00;0,1452
1293,50;0,1451
1293,00;0,1450
1292,50;0,1450
1292,00;0,1449
1291,50;0,1449
1291,00;0,1449
1290,50;0,1449
1290,00;0,1448
1289,50;0,1449
1289,00;0,1452
1288,50;0,1454
1288,00;0,1455
1287,50;0,1454
1287,00;0,1453
1286,50;0,1452
1286,00;0,1451
1285,50;0,1452
1285,00;0,1453
1284,50;0,1454
1284,00;0,1454
1283,50;0,1453
1283,00;0,1453
1282,50;0,1453
1282,00;0,1454
1281,50;0,1453
1281,00;0,1449
1280,50;0,1445
1280,00;0,1442
1279,50;0,1441
1279,00;0,1439
1278,50;0,1439
1278,00;0,1439
1277,50;0,1440
1277,00;0,1440
1276,50;0,1439
1276,00;0,1435
1275,50;0,1432
1275,00;0,1430
1274,50;0,1431
1274,00;0,1432
1273,50;0,1433
1273,00;0,1432
1272,50;0,1430
1272,00;0,1427
1271,50;0,1424
1271,00;0,1421
1270,50;0,1420
1270,00;0,1421
1269,50;0,1424
1269,00;0,1427
1268,50;0,1428
1268,00;0,1427
1267,50;0,1425
1267,00;0,1426
1266,50;0,1430
1266,00;0,1434
1265,50;0,1436
1265,00;0,1437
1264,50;0,1435
1264,00;0,1434
1263,50;0,1433
1263,00;0,1433
1262,50;0,1434
1262,00;0,1436
1261,50;0,1438
1261,00;0,1437
1260,50;0,1435
1260,00;0,1432
1259,50;0,1429
1259,00;0,1428
1258,50;0,1427
1258,00;0,1425
1257,50;0,1422
1257,00;0,1420
1256,50;0,1418
1256,00;0,1417
1255,50;0,1416
1255,00;0,1416
1254,50;0,1415
1254,00;0,1413
1253,50;0,1410
1253,00;0,1409
1252,50;0,1411
1252,00;0,1414
1251,50;0,1415
1251,00;0,1414
1250,50;0,1413
1250,00;0,1412
1249,50;0,1411
1249,00;0,1410
1248,50;0,1409
1248,00;0,1410
1247,50;0,1413
1247,00;0,1417
1246,50;0,1419
1246,00;0,1419
1245,50;0,1418
1245,00;0,1420
1244,50;0,1422
1244,00;0,1424
1243,50;0,1424
1243,00;0,1423
1242,50;0,1422
1242,00;0,1421
1241,50;0,1420
1241,00;0,1420
1240,50;0,1419
1240,00;0,1420
1239,50;0,1421
1239,00;0,1423
1238,50;0,1424
1238,00;0,1425
1237,50;0,1426
1237,00;0,1425
1236,50;0,1423
1236,00;0,1421
1235,50;0,1421
1235,00;0,1423
1234,50;0,1425
1234,00;0,1425
1233,50;0,1424
1233,00;0,1423
1232,50;0,1424
1232,00;0,1425
1231,50;0,1426
1231,00;0,1426
1230,50;0,1423
1230,00;0,1421
1229,50;0,1419
1229,00;0,1417
1228,50;0,1417
1228,00;0,1417
1227,50;0,1417
1227,00;0,1418
1226,50;0,1420
1226,00;0,1422
1225,50;0,1424
1225,00;0,1425
1224,50;0,1425
1224,00;0,1423
1223,50;0,1422
1223,00;0,1421
1222,50;0,1421
1222,00;0,1421
1221,50;0,1423
1221,00;0,1426
1220,50;0,1429
1220,00;0,1431
1219,50;0,1431
1219,00;0,1429
1218,50;0,1427
1218,00;0,1424
1217,50;0,1421
1217,00;0,1418
1216,50;0,1416
1216,00;0,1413
1215,50;0,1412
1215,00;0,1411
1214,50;0,1410
1214,00;0,1410
1213,50;0,1409
1213,00;0,1409
1212,50;0,1409
1212,00;0,1408
1211,50;0,1405
1211,00;0,1402
1210,50;0,1400
1210,00;0,1400
1209,50;0,1400
1209,00;0,1400
1208,50;0,1401
1208,00;0,1401
1207,50;0,1403
1207,00;0,1404
1206,50;0,1406
1206,00;0,1408
1205,50;0,1409
1205,00;0,1410
1204,50;0,1410
1204,00;0,1410
1203,50;0,1409
1203,00;0,1408
1202,50;0,1407
1202,00;0,1407
1201,50;0,1407
1201,00;0,1407
1200,50;0,1405
1200,00;0,1401
1199,50;0,1398
1199,00;0,1396
1198,50;0,1395
1198,00;0,1394
1197,50;0,1393
1197,00;0,1390
1196,50;0,1389
1196,00;0,1388
1195,50;0,1388
1195,00;0,1387
1194,50;0,1386
1194,00;0,1384
1193,50;0,1383
1193,00;0,1383
1192,50;0,1384
1192,00;0,1387
1191,50;0,1390
1191,00;0,1392
1190,50;0,1392
1190,00;0,1391
1189,50;0,1390
1189,00;0,1390
1188,50;0,1391
1188,00;0,1391
1187,50;0,1391
1187,00;0,1392
1186,50;0,1393
1186,00;0,1393
1185,50;0,1393
1185,00;0,1392
1184,50;0,1390
1184,00;0,1389
1183,50;0,1387
1183,00;0,1385
1182,50;0,1384
1182,00;0,1383
1181,50;0,1385
1181,00;0,1389
1180,50;0,1392
1180,00;0,1394
1179,50;0,1395
1179,00;0,1395
1178,50;0,1397
1178,00;0,1398
1177,50;0,1398
1177,00;0,1398
1176,50;0,1398
1176,00;0,1398
1175,50;0,1399
1175,00;0,1400
1174,50;0,1401
1174,00;0,1401
1173,50;0,1400
1173,00;0,1399
1172,50;0,1398
1172,00;0,1399
1171,50;0,1401
1171,00;0,1404
1170,50;0,1406
1170,00;0,1407
1169,50;0,1408
1169,00;0,1409
1168,50;0,1409
1168,00;0,1407
1167,50;0,1406
1167,00;0,1404
1166,50;0,1401
1166,00;0,1399
1165,50;0,1397
1165,00;0,1395
1164,50;0,1395
1164,00;0,1395
1163,50;0,1395
1163,00;0,1396
1162,50;0,1397
1162,00;0,1398
1161,50;0,1398
1161,00;0,1397
1160,50;0,1395
1160,00;0,1393
1159,50;0,1391
1159,00;0,1390
1158,50;0,1391
1158,00;0,1392
1157,50;0,1392
1157,00;0,1392
1156,50;0,1391
1156,00;0,1389
1155,50;0,1389
1155,00;0,1390
1154,50;0,1391
1154,00;0,1392
1153,50;0,1392
1153,00;0,1391
1152,50;0,1389
1152,00;0,1387
1151,50;0,1385
1151,00;0,1384
1150,50;0,1382
1150,00;0,1382
1149,50;0,1381
1149,00;0,1381
1148,50;0,1381
1148,00;0,1380
1147,50;0,1381
1147,00;0,1384
1146,50;0,1387
1146,00;0,1391
1145,50;0,1392
1145,00;0,1391
1144,50;0,1389
1144,00;0,1387
1143,50;0,1388
1143,00;0,1391
1142,50;0,1395
1142,00;0,1397
1141,50;0,1399
1141,00;0,1399
1140,50;0,1400
1140,00;0,1401
1139,50;0,1404
1139,00;0,1407
1138,50;0,1410
1138,00;0,1410
1137,50;0,1408
1137,00;0,1406
1136,50;0,1404
1136,00;0,1403
1135,50;0,1402
1135,00;0,1401
1134,50;0,1401
1134,00;0,1401
1133,50;0,1402
1133,00;0,1402
1132,50;0,1403
1132,00;0,1405
1131,50;0,1406
1131,00;0,1407
1130,50;0,1405
1130,00;0,1402
1129,50;0,1399
1129,00;0,1396
1128,50;0,1396
1128,00;0,1397
1127,50;0,1399
1127,00;0,1401
1126,50;0,1402
1126,00;0,1401
1125,50;0,1399
1125,00;0,1394
1124,50;0,1388
1124,00;0,1383
1123,50;0,1379
1123,00;0,1376
1122,50;0,1375
1122,00;0,1375
1121,50;0,1378
1121,00;0,1381
1120,50;0,1382
1120,00;0,1382
1119,50;0,1380
1119,00;0,1378
1118,50;0,1378
1118,00;0,1381
1117,50;0,1386
1117,00;0,1391
1116,50;0,1392
1116,00;0,1391
1115,50;0,1390
1115,00;0,1390
1114,50;0,1391
1114,00;0,1391
1113,50;0,1389
1113,00;0,1388
1112,50;0,1390
1112,00;0,1393
1111,50;0,1395
1111,00;0,1397
1110,50;0,1399
1110,00;0,1400
1109,50;0,1402
1109,00;0,1402
1108,50;0,1401
1108,00;0,1400
1107,50;0,1398
1107,00;0,1396
1106,50;0,1396
1106,00;0,1398
1105,50;0,1400
1105,00;0,1401
1104,50;0,1400
1104,00;0,1396
1103,50;0,1393
1103,00;0,1390
1102,50;0,1389
1102,00;0,1390
1101,50;0,1392
1101,00;0,1394
1100,50;0,1396
1100,00;0,1397
1099,50;0,1395
1099,00;0,1390
1098,50;0,1384
1098,00;0,1379
1097,50;0,1375
1097,00;0,1372
1096,50;0,1370
1096,00;0,1371
1095,50;0,1372
1095,00;0,1374
1094,50;0,1374
1094,00;0,1373
1093,50;0,1370
1093,00;0,1369
1092,50;0,1369
1092,00;0,1372
1091,50;0,1376
1091,00;0,1379
1090,50;0,1379
1090,00;0,1377
1089,50;0,1375
1089,00;0,1371
1088,50;0,1368
1088,00;0,1365
1087,50;0,1363
1087,00;0,1362
1086,50;0,1361
1086,00;0,1359
1085,50;0,1359
1085,00;0,1359
1084,50;0,1360
1084,00;0,1359
1083,50;0,1356
1083,00;0,1352
1082,50;0,1348
1082,00;0,1345
1081,50;0,1345
1081,00;0,1346
1080,50;0,1348
1080,00;0,1348
1079,50;0,1348
1079,00;0,1345
1078,50;0,1341
1078,00;0,1336
1077,50;0,1331
1077,00;0,1328
1076,50;0,1326
1076,00;0,1325
1075,50;0,1326
1075,00;0,1330
1074,50;0,1336
1074,00;0,1339
1073,50;0,1339
1073,00;0,1336
1072,50;0,1331
1072,00;0,1328
1071,50;0,1328
1071,00;0,1330
1070,50;0,1332
1070,00;0,1334
1069,50;0,1334
1069,00;0,1334
1068,50;0,1332
1068,00;0,1329
1067,50;0,1325
1067,00;0,1321
1066,50;0,1317
1066,00;0,1314
1065,50;0,1311
1065,00;0,1310
1064,50;0,1310
1064,00;0,1310
1063,50;0,1310
1063,00;0,1310
1062,50;0,1307
1062,00;0,1302
1061,50;0,1295
1061,00;0,1289
1060,50;0,1286
1060,00;0,1286
1059,50;0,1289
1059,00;0,1292
1058,50;0,1296
1058,00;0,1297
1057,50;0,1296
1057,00;0,1293
1056,50;0,1289
1056,00;0,1284
1055,50;0,1279
1055,00;0,1273
1054,50;0,1270
1054,00;0,1270
1053,50;0,1273
1053,00;0,1277
1052,50;0,1282
1052,00;0,1284
1051,50;0,1283
1051,00;0,1279
1050,50;0,1275
1050,00;0,1272
1049,50;0,1271
1049,00;0,1272
1048,50;0,1271
1048,00;0,1268
1047,50;0,1265
1047,00;0,1263
1046,50;0,1262
1046,00;0,1262
1045,50;0,1262
1045,00;0,1262
1044,50;0,1263
1044,00;0,1264
1043,50;0,1263
1043,00;0,1261
1042,50;0,1258
1042,00;0,1257
1041,50;0,1256
1041,00;0,1257
1040,50;0,1257
1040,00;0,1255
1039,50;0,1253
1039,00;0,1251
1038,50;0,1253
1038,00;0,1257
1037,50;0,1262
1037,00;0,1264
1036,50;0,1264
1036,00;0,1261
1035,50;0,1257
1035,00;0,1253
1034,50;0,1251
1034,00;0,1252
1033,50;0,1255
1033,00;0,1259
1032,50;0,1261
1032,00;0,1262
1031,50;0,1262
1031,00;0,1261
1030,50;0,1259
1030,00;0,1257
1029,50;0,1257
1029,00;0,1258
1028,50;0,1261
1028,00;0,1263
1027,50;0,1267
1027,00;0,1272
1026,50;0,1277
1026,00;0,1280
1025,50;0,1280
1025,00;0,1280
1024,50;0,1280
1024,00;0,1280
1023,50;0,1281
1023,00;0,1282
1022,50;0,1284
1022,00;0,1287
1021,50;0,1290
1021,00;0,1293
1020,50;0,1294
1020,00;0,1295
1019,50;0,1296
1019,00;0,1298
1018,50;0,1299
1018,00;0,1302
1017,50;0,1304
1017,00;0,1307
1016,50;0,1308
1016,00;0,1309
1015,50;0,1308
1015,00;0,1306
1014,50;0,1305
1014,00;0,1305
1013,50;0,1306
1013,00;0,1308
1012,50;0,1310
1012,00;0,1313
1011,50;0,1318
1011,00;0,1324
1010,50;0,1328
1010,00;0,1332
1009,50;0,1335
1009,00;0,1339
1008,50;0,1341
1008,00;0,1342
1007,50;0,1342
1007,00;0,1342
1006,50;0,1343
1006,00;0,1346
1005,50;0,1350
1005,00;0,1353
1004,50;0,1355
1004,00;0,1356
1003,50;0,1359
1003,00;0,1365
1002,50;0,1372
1002,00;0,1378
1001,50;0,1381
1001,00;0,1382
1000,50;0,1383
1000,00;0,1384
999,50;0,1387
999,00;0,1392
998,50;0,1396
998,00;0,1400
997,50;0,1404
997,00;0,1408
996,50;0,1413
996,00;0,1419
995,50;0,1422
995,00;0,1424
994,50;0,1425
994,00;0,1426
993,50;0,1428
993,00;0,1433
992,50;0,1439
992,00;0,1447
991,50;0,1455
991,00;0,1461
990,50;0,1464
990,00;0,1465
989,50;0,1468
989,00;0,1471
988,50;0,1475
988,00;0,1478
987,50;0,1482
987,00;0,1488
986,50;0,1495
986,00;0,1502
985,50;0,1508
985,00;0,1514
984,50;0,1519
984,00;0,1524
983,50;0,1527
983,00;0,1528
982,50;0,1530
982,00;0,1534
981,50;0,1540
981,00;0,1547
980,50;0,1553
980,00;0,1558
979,50;0,1564
979,00;0,1569
978,50;0,1573
978,00;0,1575
977,50;0,1575
977,00;0,1575
976,50;0,1577
976,00;0,1582
975,50;0,1589
975,00;0,1598
974,50;0,1606
974,00;0,1612
973,50;0,1617
973,00;0,1620
972,50;0,1624
972,00;0,1628
971,50;0,1634
971,00;0,1643
970,50;0,1652
970,00;0,1661
969,50;0,1669
969,00;0,1676
968,50;0,1682
968,00;0,1686
967,50;0,1691
967,00;0,1695
966,50;0,1699
966,00;0,1703
965,50;0,1709
965,00;0,1718
964,50;0,1729
964,00;0,1738
963,50;0,1746
963,00;0,1750
962,50;0,1754
962,00;0,1757
961,50;0,1760
961,00;0,1765
960,50;0,1774
960,00;0,1785
959,50;0,1798
959,00;0,1811
958,50;0,1824
958,00;0,1836
957,50;0,1844
957,00;0,1849
956,50;0,1855
956,00;0,1863
955,50;0,1873
955,00;0,1882
954,50;0,1889
954,00;0,1894
953,50;0,1900
953,00;0,1909
952,50;0,1921
952,00;0,1933
951,50;0,1943
951,00;0,1951
950,50;0,1958
950,00;0,1968
949,50;0,1982
949,00;0,1995
948,50;0,2006
948,00;0,2014
947,50;0,2022
947,00;0,2032
946,50;0,2041
946,00;0,2048
945,50;0,2054
945,00;0,2062
944,50;0,2074
944,00;0,2086
943,50;0,2099
943,00;0,2112
942,50;0,2126
942,00;0,2142
941,50;0,2156
941,00;0,2168
940,50;0,2176
940,00;0,2183
939,50;0,2194
939,00;0,2209
938,50;0,2225
938,00;0,2239
937,50;0,2251
937,00;0,2260
936,50;0,2267
936,00;0,2275
935,50;0,2284
935,00;0,2295
934,50;0,2306
934,00;0,2316
933,50;0,2327
933,00;0,2341
932,50;0,2357
932,00;0,2373
931,50;0,2385
931,00;0,2394
930,50;0,2402
930,00;0,2411
929,50;0,2421
929,00;0,2433
928,50;0,2445
928,00;0,2458
927,50;0,2471
927,00;0,2483
926,50;0,2497
926,00;0,2512
925,50;0,2528
925,00;0,2543
924,50;0,2553
924,00;0,2560
923,50;0,2565
923,00;0,2573
922,50;0,2584
922,00;0,2598
921,50;0,2608
921,00;0,2613
920,50;0,2615
920,00;0,2617
919,50;0,2624
919,00;0,2637
918,50;0,2654
918,00;0,2670
917,50;0,2683
917,00;0,2690
916,50;0,2694
916,00;0,2697
915,50;0,2703
915,00;0,2713
914,50;0,2726
914,00;0,2740
913,50;0,2753
913,00;0,2763
912,50;0,2772
912,00;0,2778
911,50;0,2785
911,00;0,2793
910,50;0,2803
910,00;0,2816
909,50;0,2828
909,00;0,2838
908,50;0,2848
908,00;0,2857
907,50;0,2868
907,00;0,2881
906,50;0,2894
906,00;0,2903
905,50;0,2905
905,00;0,2903
904,50;0,2903
904,00;0,2911
903,50;0,2925
903,00;0,2941
902,50;0,2956
902,00;0,2970
901,50;0,2984
901,00;0,2998
900,50;0,3008
900,00;0,3014
899,50;0,3018
899,00;0,3025
898,50;0,3034
898,00;0,3043
897,50;0,3050
897,00;0,3057
896,50;0,3065
896,00;0,3072
895,50;0,3074
895,00;0,3071
894,50;0,3068
894,00;0,3072
893,50;0,3087
893,00;0,3111
892,50;0,3138
892,00;0,3161
891,50;0,3176
891,00;0,3183
890,50;0,3186
890,00;0,3188
889,50;0,3188
889,00;0,3188
888,50;0,3189
888,00;0,3191
887,50;0,3195
887,00;0,3197
886,50;0,3200
886,00;0,3204
885,50;0,3213
885,00;0,3228
884,50;0,3244
884,00;0,3254
883,50;0,3255
883,00;0,3253
882,50;0,3254
882,00;0,3264
881,50;0,3281
881,00;0,3297
880,50;0,3305
880,00;0,3306
879,50;0,3304
879,00;0,3303
878,50;0,3303
878,00;0,3303
877,50;0,3305
877,00;0,3313
876,50;0,3330
876,00;0,3349
875,50;0,3362
875,00;0,3367
874,50;0,3367
874,00;0,3367
873,50;0,3367
873,00;0,3368
872,50;0,3371
872,00;0,3376
871,50;0,3383
871,00;0,3394
870,50;0,3406
870,00;0,3413
869,50;0,3414
869,00;0,3414
868,50;0,3420
868,00;0,3434
867,50;0,3449
867,00;0,3460
866,50;0,3465
866,00;0,3467
865,50;0,3472
865,00;0,3479
864,50;0,3484
864,00;0,3481
863,50;0,3473
863,00;0,3468
862,50;0,3473
862,00;0,3487
861,50;0,3505
861,00;0,3521
860,50;0,3535
860,00;0,3550
859,50;0,3565
859,00;0,3578
858,50;0,3586
858,00;0,3588
857,50;0,3585
857,00;0,3579
856,50;0,3575
856,00;0,3573
855,50;0,3573
855,00;0,3577
854,50;0,3587
854,00;0,3600
853,50;0,3609
853,00;0,3611
852,50;0,3610
852,00;0,3613
851,50;0,3622
851,00;0,3634
850,50;0,3645
850,00;0,3656
849,50;0,3667
849,00;0,3677
848,50;0,3684
848,00;0,3686
847,50;0,3687
847,00;0,3686
846,50;0,3685
846,00;0,3684
845,50;0,3686
845,00;0,3691
844,50;0,3697
844,00;0,3705
843,50;0,3711
843,00;0,3715
842,50;0,3713
842,00;0,3709
841,50;0,3708
841,00;0,3715
840,50;0,3729
840,00;0,3740
839,50;0,3746
839,00;0,3749
838,50;0,3753
838,00;0,3758
837,50;0,3765
837,00;0,3771
836,50;0,3777
836,00;0,3784
835,50;0,3792
835,00;0,3802
834,50;0,3811
834,00;0,3817
833,50;0,3815
833,00;0,3810
832,50;0,3809
832,00;0,3816
831,50;0,3828
831,00;0,3839
830,50;0,3846
830,00;0,3851
829,50;0,3855
829,00;0,3862
828,50;0,3871
828,00;0,3882
827,50;0,3892
827,00;0,3898
826,50;0,3902
826,00;0,3904
825,50;0,3906
825,00;0,3911
824,50;0,3920
824,00;0,3931
823,50;0,3936
823,00;0,3934
822,50;0,3930
822,00;0,3929
821,50;0,3932
821,00;0,3936
820,50;0,3939
820,00;0,3944
819,50;0,3952
819,00;0,3962
818,50;0,3971
818,00;0,3978
817,50;0,3981
817,00;0,3977
816,50;0,3972
816,00;0,3969
815,50;0,3975
815,00;0,3986
814,50;0,3999
814,00;0,4010
813,50;0,4019
813,00;0,4027
812,50;0,4032
812,00;0,4033
811,50;0,4029
811,00;0,4024
810,50;0,4020
810,00;0,4020
809,50;0,4022
809,00;0,4024
808,50;0,4029
808,00;0,4036
807,50;0,4043
807,00;0,4044
806,50;0,4039
806,00;0,4030
805,50;0,4024
805,00;0,4023
804,50;0,4028
804,00;0,4035
803,50;0,4043
803,00;0,4051
802,50;0,4057
802,00;0,4059
801,50;0,4057
801,00;0,4052
800,50;0,4046
800,00;0,4038
799,50;0,4030
799,00;0,4029
798,50;0,4040
798,00;0,4060
797,50;0,4080
797,00;0,4088
796,50;0,4084
796,00;0,4073
795,50;0,4060
795,00;0,4048
794,50;0,4037
794,00;0,4029
793,50;0,4028
793,00;0,4032
792,50;0,4040
792,00;0,4047
791,50;0,4052
791,00;0,4056
790,50;0,4060
790,00;0,4061
789,50;0,4059
789,00;0,4055
788,50;0,4053
788,00;0,4056
787,50;0,4061
787,00;0,4067
786,50;0,4070
786,00;0,4067
785,50;0,4060
785,00;0,4050
784,50;0,4042
784,00;0,4040
783,50;0,4046
783,00;0,4056
782,50;0,4064
782,00;0,4063
781,50;0,4055
781,00;0,4046
780,50;0,4042
780,00;0,4041
779,50;0,4043
779,00;0,4046
778,50;0,4049
778,00;0,4048
777,50;0,4043
777,00;0,4038
776,50;0,4037
776,00;0,4040
775,50;0,4041
775,00;0,4034
774,50;0,4024
774,00;0,4015
773,50;0,4010
773,00;0,4007
772,50;0,4003
772,00;0,3999
771,50;0,3996
771,00;0,3995
770,50;0,3993
770,00;0,3988
769,50;0,3976
769,00;0,3961
768,50;0,3947
768,00;0,3940
767,50;0,3944
767,00;0,3952
766,50;0,3959
766,00;0,3961
765,50;0,3958
765,00;0,3954
764,50;0,3951
764,00;0,3945
763,50;0,3936
763,00;0,3925
762,50;0,3916
762,00;0,3909
761,50;0,3906
761,00;0,3908
760,50;0,3912
760,00;0,3911
759,50;0,3900
759,00;0,3881
758,50;0,3863
758,00;0,3854
757,50;0,3851
757,00;0,3850
756,50;0,3849
756,00;0,3848
755,50;0,3848
755,00;0,3847
754,50;0,3845
754,00;0,3842
753,50;0,3837
753,00;0,3830
752,50;0,3822
752,00;0,3817
751,50;0,3815
751,00;0,3811
750,50;0,3802
750,00;0,3788
749,50;0,3775
749,00;0,3763
748,50;0,3752
748,00;0,3738
747,50;0,3726
747,00;0,3719
746,50;0,3718
746,00;0,3719
745,50;0,3717
745,00;0,3710
744,50;0,3702
744,00;0,3697
743,50;0,3692
743,00;0,3682
742,50;0,3665
742,00;0,3645
741,50;0,3629
741,00;0,3622
740,50;0,3620
740,00;0,3615
739,50;0,3607
739,00;0,3598
738,50;0,3593
738,00;0,3589
737,50;0,3579
737,00;0,3562
736,50;0,3545
736,00;0,3535
735,50;0,3530
735,00;0,3523
734,50;0,3510
734,00;0,3496
733,50;0,3485
733,00;0,3476
732,50;0,3468
732,00;0,3459
731,50;0,3452
731,00;0,3449
730,50;0,3447
730,00;0,3444
729,50;0,3436
729,00;0,3424
728,50;0,3409
728,00;0,3397
727,50;0,3389
727,00;0,3383
726,50;0,3373
726,00;0,3357
725,50;0,3339
725,00;0,3328
724,50;0,3328
724,00;0,3335
723,50;0,3338
723,00;0,3329
722,50;0,3311
722,00;0,3289
721,50;0,3269
721,00;0,3253
720,50;0,3241
720,00;0,3231
719,50;0,3226
719,00;0,3225
718,50;0,3223
718,00;0,3218
717,50;0,3209
717,00;0,3199
716,50;0,3188
716,00;0,3178
715,50;0,3169
715,00;0,3165
714,50;0,3162
714,00;0,3156
713,50;0,3147
713,00;0,3139
712,50;0,3132
712,00;0,3125
711,50;0,3115
711,00;0,3102
710,50;0,3092
710,00;0,3088
709,50;0,3086
709,00;0,3082
708,50;0,3075
708,00;0,3067
707,50;0,3060
707,00;0,3053
706,50;0,3047
706,00;0,3040
705,50;0,3030
705,00;0,3014
704,50;0,2996
704,00;0,2979
703,50;0,2969
703,00;0,2967
702,50;0,2969
702,00;0,2970
701,50;0,2965
701,00;0,2956
700,50;0,2945
700,00;0,2938
699,50;0,2934
699,00;0,2932
698,50;0,2930
698,00;0,2929
697,50;0,2925
697,00;0,2916
696,50;0,2900
696,00;0,2883
695,50;0,2867
695,00;0,2854
694,50;0,2845
694,00;0,2841
693,50;0,2841
693,00;0,2842
692,50;0,2844
692,00;0,2843
691,50;0,2837
691,00;0,2825
690,50;0,2806
690,00;0,2786
689,50;0,2774
689,00;0,2775
688,50;0,2787
688,00;0,2798
687,50;0,2799
687,00;0,2789
686,50;0,2773
686,00;0,2760
685,50;0,2751
685,00;0,2743
684,50;0,2735
684,00;0,2727
683,50;0,2720
683,00;0,2714
682,50;0,2709
682,00;0,2703
681,50;0,2698
681,00;0,2695
680,50;0,2693
680,00;0,2688
679,50;0,2676
679,00;0,2659
678,50;0,2646
678,00;0,2641
677,50;0,2645
677,00;0,2650
676,50;0,2648
676,00;0,2638
675,50;0,2624
675,00;0,2610
674,50;0,2598
674,00;0,2589
673,50;0,2580
673,00;0,2570
672,50;0,2563
672,00;0,2558
671,50;0,2556
671,00;0,2551
670,50;0,2545
670,00;0,2532
669,50;0,2524
669,00;0,2500
668,50;0,2595
668,00;0,2628
667,50;0,2605
667,00;0,2555
666,50;0,2508
666,00;0,2488
665,50;0,2478
665,00;0,2471
664,50;0,2462
664,00;0,2452
663,50;0,2443
663,00;0,2435
662,50;0,2428
662,00;0,2426
661,50;0,2430
661,00;0,2435
660,50;0,2431
660,00;0,2417
659,50;0,2400
659,00;0,2387
658,50;0,2381
658,00;0,2376
657,50;0,2372
657,00;0,2368
656,50;0,2367
656,00;0,2370
655,50;0,2371
655,00;0,2367
654,50;0,2357
654,00;0,2343
653,50;0,2332
653,00;0,2323
652,50;0,2314
652,00;0,2305
651,50;0,2296
651,00;0,2289
650,50;0,2287
650,00;0,2288
649,50;0,2290
649,00;0,2289
648,50;0,2284
648,00;0,2275
647,50;0,2266
647,00;0,2259
646,50;0,2252
646,00;0,2245
645,50;0,2243
645,00;0,2247
644,50;0,2252
644,00;0,2252
643,50;0,2245
643,00;0,2233
642,50;0,2221
642,00;0,2211
641,50;0,2208
641,00;0,2210
640,50;0,2212
640,00;0,2206
639,50;0,2189
639,00;0,2166
638,50;0,2142
638,00;0,2125
637,50;0,2115
637,00;0,2114
636,50;0,2117
636,00;0,2119
635,50;0,2115
635,00;0,2109
634,50;0,2107
634,00;0,2105
633,50;0,2097
633,00;0,2076
632,50;0,2050
632,00;0,2031
631,50;0,2025
631,00;0,2030
630,50;0,2039
630,00;0,2047
629,50;0,2055
629,00;0,2063
628,50;0,2068
628,00;0,2068
627,50;0,2061
627,00;0,2048
626,50;0,2036
626,00;0,2026
625,50;0,2024
625,00;0,2030
624,50;0,2043
624,00;0,2054
623,50;0,2056
623,00;0,2048
622,50;0,2033
622,00;0,2020
621,50;0,2015
621,00;0,2016
620,50;0,2018
620,00;0,2016
619,50;0,2011
619,00;0,2005
618,50;0,1997
618,00;0,1985
617,50;0,1971
617,00;0,1962
616,50;0,1963
616,00;0,1969
615,50;0,1973
615,00;0,1972
614,50;0,1970
614,00;0,1971
613,50;0,1973
613,00;0,1969
612,50;0,1959
612,00;0,1944
611,50;0,1928
611,00;0,1918
610,50;0,1917
610,00;0,1926
609,50;0,1939
609,00;0,1949
608,50;0,1951
608,00;0,1947
607,50;0,1937
607,00;0,1922
606,50;0,1903
606,00;0,1890
605,50;0,1887
605,00;0,1895
604,50;0,1902
604,00;0,1903
603,50;0,1900
603,00;0,1895
602,50;0,1887
602,00;0,1876
601,50;0,1865
601,00;0,1861
600,50;0,1864
600,00;0,1869
599,50;0,1870
599,00;0,1869
598,50;0,1869
598,00;0,1869
597,50;0,1866
597,00;0,1860
596,50;0,1854
596,00;0,1848
595,50;0,1841
595,00;0,1835
594,50;0,1834
594,00;0,1840
593,50;0,1847
593,00;0,1850
592,50;0,1848
592,00;0,1843
591,50;0,1836
591,00;0,1825
590,50;0,1812
590,00;0,1803
589,50;0,1803
589,00;0,1810
588,50;0,1818
588,00;0,1822
587,50;0,1825
587,00;0,1828
586,50;0,1829
586,00;0,1823
585,50;0,1811
585,00;0,1798
584,50;0,1794
584,00;0,1799
583,50;0,1806
583,00;0,1809
582,50;0,1810
582,00;0,1808
581,50;0,1802
581,00;0,1786
580,50;0,1763
580,00;0,1744
579,50;0,1737
579,00;0,1742
578,50;0,1750
578,00;0,1754
577,50;0,1753
577,00;0,1749
576,50;0,1744
576,00;0,1736
575,50;0,1726
575,00;0,1719
574,50;0,1723
574,00;0,1734
573,50;0,1739
573,00;0,1733
572,50;0,1724
572,00;0,1718
571,50;0,1714
571,00;0,1704
570,50;0,1690
570,00;0,1679
569,50;0,1675
569,00;0,1677
568,50;0,1678
568,00;0,1680
567,50;0,1686
567,00;0,1697
566,50;0,1707
566,00;0,1712
565,50;0,1707
565,00;0,1691
564,50;0,1670
564,00;0,1653
563,50;0,1650
563,00;0,1664
562,50;0,1684
562,00;0,1698
561,50;0,1696
561,00;0,1681
560,50;0,1658
560,00;0,1639
559,50;0,1629
559,00;0,1625
558,50;0,1625
558,00;0,1626
557,50;0,1629
557,00;0,1637
556,50;0,1643
556,00;0,1639
555,50;0,1623
555,00;0,1599
554,50;0,1578
554,00;0,1565
553,50;0,1562
553,00;0,1567
552,50;0,1578
552,00;0,1588
551,50;0,1594
551,00;0,1600
550,50;0,1606
550,00;0,1608
549,50;0,1599
549,00;0,1582
548,50;0,1574
548,00;0,1585
547,50;0,1604
547,00;0,1612
546,50;0,1602
546,00;0,1584
545,50;0,1572
545,00;0,1568
544,50;0,1565
544,00;0,1552
543,50;0,1529
543,00;0,1504
542,50;0,1489
542,00;0,1494
541,50;0,1514
541,00;0,1535
540,50;0,1544
540,00;0,1539
539,50;0,1523
539,00;0,1499
538,50;0,1472
538,00;0,1454
537,50;0,1454
537,00;0,1474
536,50;0,1506
536,00;0,1534
535,50;0,1546
535,00;0,1538
534,50;0,1512
534,00;0,1475
533,50;0,1439
533,00;0,1411
532,50;0,1396
532,00;0,1395
531,50;0,1402
531,00;0,1413
530,50;0,1423
530,00;0,1427
529,50;0,1425
529,00;0,1413
528,50;0,1388
528,00;0,1359
527,50;0,1340
527,00;0,1340
526,50;0,1347
526,00;0,1351
525,50;0,1351
525,00;0,1358
524,50;0,1370
524,00;0,1375
523,50;0,1364
523,00;0,1346
522,50;0,1332
522,00;0,1322
521,50;0,1313
521,00;0,1306
520,50;0,1306
520,00;0,1312
519,50;0,1321
519,00;0,1331
518,50;0,1342
518,00;0,1348
517,50;0,1344
517,00;0,1333
516,50;0,1326
516,00;0,1328
515,50;0,1340
515,00;0,1358
514,50;0,1382
514,00;0,1402
513,50;0,1408
513,00;0,1398
512,50;0,1381
512,00;0,1370
511,50;0,1369
511,00;0,1378
510,50;0,1396
510,00;0,1424
509,50;0,1454
509,00;0,1476
508,50;0,1482
508,00;0,1473
507,50;0,1452
507,00;0,1426
506,50;0,1401
506,00;0,1387
505,50;0,1391
505,00;0,1413
504,50;0,1445
504,00;0,1468
503,50;0,1469
503,00;0,1451
502,50;0,1427
502,00;0,1406
501,50;0,1391
501,00;0,1387
500,50;0,1399
500,00;0,1421
499,50;0,1438
499,00;0,1441
498,50;0,1435
498,00;0,1427
497,50;0,1420
497,00;0,1415
496,50;0,1413
496,00;0,1418
495,50;0,1426
495,00;0,1435
494,50;0,1449
494,00;0,1465
493,50;0,1474
493,00;0,1460
492,50;0,1424
492,00;0,1378
491,50;0,1341
491,00;0,1322
490,50;0,1324
490,00;0,1340
489,50;0,1360
489,00;0,1378
488,50;0,1395
488,00;0,1412
487,50;0,1423
487,00;0,1422
486,50;0,1408
486,00;0,1383
485,50;0,1353
485,00;0,1325
484,50;0,1309
484,00;0,1314
483,50;0,1335
483,00;0,1358
482,50;0,1365
482,00;0,1352
481,50;0,1324
481,00;0,1300
480,50;0,1295
480,00;0,1314
479,50;0,1346
479,00;0,1375
478,50;0,1394
478,00;0,1408
477,50;0,1420
477,00;0,1427
476,50;0,1421
476,00;0,1400
475,50;0,1368
475,00;0,1338
474,50;0,1328
474,00;0,1343
473,50;0,1369
473,00;0,1385
472,50;0,1378
472,00;0,1357
471,50;0,1333
471,00;0,1320
470,50;0,1322
470,00;0,1333
469,50;0,1340
469,00;0,1337
468,50;0,1333
468,00;0,1339
467,50;0,1353
467,00;0,1357
466,50;0,1346
466,00;0,1330
465,50;0,1322
465,00;0,1323
464,50;0,1328
464,00;0,1336
463,50;0,1343
463,00;0,1341
462,50;0,1329
462,00;0,1318
461,50;0,1317
461,00;0,1319
460,50;0,1311
460,00;0,1287
459,50;0,1258
459,00;0,1237
458,50;0,1235
458,00;0,1257
457,50;0,1305
457,00;0,1366
456,50;0,1413
456,00;0,1425
455,50;0,1401
455,00;0,1360
454,50;0,1330
454,00;0,1322
453,50;0,1334
453,00;0,1363
452,50;0,1405
452,00;0,1448
451,50;0,1468
451,00;0,1448
450,50;0,1394
450,00;0,1338
449,50;0,1298
449,00;0,1275
448,50;0,1264
448,00;0,1279
447,50;0,1334
447,00;0,1412
446,50;0,1473
446,00;0,1483
445,50;0,1442
445,00;0,1374
444,50;0,1307
444,00;0,1265
443,50;0,1264
443,00;0,1306
442,50;0,1372
442,00;0,1430
441,50;0,1461
441,00;0,1466
440,50;0,1455
440,00;0,1429
439,50;0,1386
439,00;0,1332
438,50;0,1296
438,00;0,1306
437,50;0,1360
437,00;0,1424
436,50;0,1459
436,00;0,1452
435,50;0,1415
435,00;0,1365
434,50;0,1309
434,00;0,1246
433,50;0,1192
433,00;0,1182
432,50;0,1244
432,00;0,1359
431,50;0,1463
431,00;0,1495
430,50;0,1456
430,00;0,1400
429,50;0,1361
429,00;0,1327
428,50;0,1267
428,00;0,1183
427,50;0,1120
427,00;0,1122
426,50;0,1185
426,00;0,1261
425,50;0,1295
425,00;0,1272
424,50;0,1226
424,00;0,1207
423,50;0,1241
423,00;0,1308
422,50;0,1363
422,00;0,1381
421,50;0,1383
421,00;0,1402
420,50;0,1436
420,00;0,1419
419,50;0,1277
419,00;0,1033
418,50;0,0827
418,00;0,0780
417,50;0,0877
417,00;0,0985
416,50;0,0986
416,00;0,0904
415,50;0,0861
415,00;0,0937
414,50;0,1110
414,00;0,1277
413,50;0,1325
413,00;0,1216
412,50;0,1033
412,00;0,0933
411,50;0,1000
411,00;0,1129
410,50;0,1165
410,00;0,1113
409,50;0,1098
409,00;0,1162
408,50;0,1216
408,00;0,1169
407,50;0,1058
407,00;0,1049
406,50;0,1231
406,00;0,1485
405,50;0,1616
405,00;0,1539
404,50;0,1348
404,00;0,1206
403,50;0,1154
403,00;0,1098
402,50;0,0978
402,00;0,0913
401,50;0,1094
401,00;0,1499
400,50;0,1899
400,00;0,2082
