Erstellt als neuer Datensatz;Sample 171 By PC59-C710\Spektrum3 date Dienstag, Juni 02 2026
cm-1;A
4000,00;0,0882
3999,50;0,0881
3999,00;0,0879
3998,50;0,0877
3998,00;0,0875
3997,50;0,0874
3997,00;0,0875
3996,50;0,0878
3996,00;0,0882
3995,50;0,0886
3995,00;0,0888
3994,50;0,0889
3994,00;0,0887
3993,50;0,0882
3993,00;0,0876
3992,50;0,0872
3992,00;0,0870
3991,50;0,0872
3991,00;0,0878
3990,50;0,0884
3990,00;0,0887
3989,50;0,0887
3989,00;0,0883
3988,50;0,0877
3988,00;0,0873
3987,50;0,0873
3987,00;0,0876
3986,50;0,0881
3986,00;0,0885
3985,50;0,0886
3985,00;0,0885
3984,50;0,0883
3984,00;0,0882
3983,50;0,0883
3983,00;0,0883
3982,50;0,0882
3982,00;0,0880
3981,50;0,0880
3981,00;0,0882
3980,50;0,0885
3980,00;0,0887
3979,50;0,0888
3979,00;0,0887
3978,50;0,0885
3978,00;0,0882
3977,50;0,0880
3977,00;0,0879
3976,50;0,0880
3976,00;0,0882
3975,50;0,0884
3975,00;0,0887
3974,50;0,0887
3974,00;0,0886
3973,50;0,0882
3973,00;0,0878
3972,50;0,0873
3972,00;0,0869
3971,50;0,0870
3971,00;0,0874
3970,50;0,0882
3970,00;0,0889
3969,50;0,0894
3969,00;0,0894
3968,50;0,0890
3968,00;0,0885
3967,50;0,0879
3967,00;0,0875
3966,50;0,0874
3966,00;0,0874
3965,50;0,0877
3965,00;0,0881
3964,50;0,0886
3964,00;0,0888
3963,50;0,0888
3963,00;0,0885
3962,50;0,0881
3962,00;0,0875
3961,50;0,0871
3961,00;0,0871
3960,50;0,0874
3960,00;0,0880
3959,50;0,0886
3959,00;0,0890
3958,50;0,0892
3958,00;0,0891
3957,50;0,0888
3957,00;0,0884
3956,50;0,0880
3956,00;0,0876
3955,50;0,0875
3955,00;0,0877
3954,50;0,0883
3954,00;0,0888
3953,50;0,0891
3953,00;0,0889
3952,50;0,0883
3952,00;0,0876
3951,50;0,0871
3951,00;0,0869
3950,50;0,0869
3950,00;0,0872
3949,50;0,0877
3949,00;0,0882
3948,50;0,0885
3948,00;0,0885
3947,50;0,0882
3947,00;0,0878
3946,50;0,0875
3946,00;0,0875
3945,50;0,0876
3945,00;0,0878
3944,50;0,0881
3944,00;0,0883
3943,50;0,0884
3943,00;0,0884
3942,50;0,0883
3942,00;0,0880
3941,50;0,0877
3941,00;0,0874
3940,50;0,0873
3940,00;0,0875
3939,50;0,0880
3939,00;0,0886
3938,50;0,0891
3938,00;0,0893
3937,50;0,0893
3937,00;0,0889
3936,50;0,0884
3936,00;0,0879
3935,50;0,0877
3935,00;0,0879
3934,50;0,0883
3934,00;0,0887
3933,50;0,0889
3933,00;0,0887
3932,50;0,0881
3932,00;0,0875
3931,50;0,0870
3931,00;0,0867
3930,50;0,0868
3930,00;0,0870
3929,50;0,0874
3929,00;0,0880
3928,50;0,0884
3928,00;0,0886
3927,50;0,0885
3927,00;0,0882
3926,50;0,0879
3926,00;0,0876
3925,50;0,0873
3925,00;0,0872
3924,50;0,0873
3924,00;0,0877
3923,50;0,0884
3923,00;0,0890
3922,50;0,0893
3922,00;0,0891
3921,50;0,0886
3921,00;0,0881
3920,50;0,0877
3920,00;0,0876
3919,50;0,0878
3919,00;0,0883
3918,50;0,0887
3918,00;0,0889
3917,50;0,0886
3917,00;0,0882
3916,50;0,0878
3916,00;0,0875
3915,50;0,0873
3915,00;0,0870
3914,50;0,0869
3914,00;0,0871
3913,50;0,0875
3913,00;0,0881
3912,50;0,0885
3912,00;0,0886
3911,50;0,0883
3911,00;0,0878
3910,50;0,0873
3910,00;0,0870
3909,50;0,0871
3909,00;0,0874
3908,50;0,0879
3908,00;0,0883
3907,50;0,0885
3907,00;0,0884
3906,50;0,0882
3906,00;0,0879
3905,50;0,0878
3905,00;0,0878
3904,50;0,0877
3904,00;0,0878
3903,50;0,0879
3903,00;0,0881
3902,50;0,0885
3902,00;0,0887
3901,50;0,0888
3901,00;0,0886
3900,50;0,0879
3900,00;0,0871
3899,50;0,0865
3899,00;0,0867
3898,50;0,0876
3898,00;0,0885
3897,50;0,0890
3897,00;0,0891
3896,50;0,0891
3896,00;0,0890
3895,50;0,0887
3895,00;0,0880
3894,50;0,0873
3894,00;0,0869
3893,50;0,0869
3893,00;0,0872
3892,50;0,0877
3892,00;0,0881
3891,50;0,0884
3891,00;0,0886
3890,50;0,0886
3890,00;0,0883
3889,50;0,0879
3889,00;0,0876
3888,50;0,0875
3888,00;0,0876
3887,50;0,0879
3887,00;0,0881
3886,50;0,0881
3886,00;0,0879
3885,50;0,0878
3885,00;0,0877
3884,50;0,0876
3884,00;0,0875
3883,50;0,0874
3883,00;0,0877
3882,50;0,0883
3882,00;0,0889
3881,50;0,0892
3881,00;0,0892
3880,50;0,0888
3880,00;0,0884
3879,50;0,0880
3879,00;0,0877
3878,50;0,0876
3878,00;0,0878
3877,50;0,0882
3877,00;0,0886
3876,50;0,0888
3876,00;0,0890
3875,50;0,0890
3875,00;0,0889
3874,50;0,0888
3874,00;0,0885
3873,50;0,0883
3873,00;0,0882
3872,50;0,0884
3872,00;0,0889
3871,50;0,0894
3871,00;0,0896
3870,50;0,0894
3870,00;0,0891
3869,50;0,0887
3869,00;0,0884
3868,50;0,0882
3868,00;0,0881
3867,50;0,0880
3867,00;0,0880
3866,50;0,0881
3866,00;0,0882
3865,50;0,0884
3865,00;0,0886
3864,50;0,0889
3864,00;0,0890
3863,50;0,0890
3863,00;0,0889
3862,50;0,0889
3862,00;0,0889
3861,50;0,0890
3861,00;0,0890
3860,50;0,0889
3860,00;0,0887
3859,50;0,0884
3859,00;0,0881
3858,50;0,0880
3858,00;0,0882
3857,50;0,0886
3857,00;0,0891
3856,50;0,0895
3856,00;0,0896
3855,50;0,0892
3855,00;0,0887
3854,50;0,0885
3854,00;0,0889
3853,50;0,0897
3853,00;0,0901
3852,50;0,0897
3852,00;0,0892
3851,50;0,0893
3851,00;0,0899
3850,50;0,0902
3850,00;0,0898
3849,50;0,0888
3849,00;0,0878
3848,50;0,0873
3848,00;0,0870
3847,50;0,0869
3847,00;0,0868
3846,50;0,0868
3846,00;0,0870
3845,50;0,0872
3845,00;0,0875
3844,50;0,0879
3844,00;0,0882
3843,50;0,0883
3843,00;0,0881
3842,50;0,0876
3842,00;0,0871
3841,50;0,0869
3841,00;0,0872
3840,50;0,0878
3840,00;0,0884
3839,50;0,0888
3839,00;0,0889
3838,50;0,0888
3838,00;0,0889
3837,50;0,0893
3837,00;0,0899
3836,50;0,0904
3836,00;0,0905
3835,50;0,0903
3835,00;0,0900
3834,50;0,0899
3834,00;0,0901
3833,50;0,0905
3833,00;0,0906
3832,50;0,0903
3832,00;0,0896
3831,50;0,0887
3831,00;0,0884
3830,50;0,0885
3830,00;0,0890
3829,50;0,0890
3829,00;0,0885
3828,50;0,0878
3828,00;0,0873
3827,50;0,0875
3827,00;0,0881
3826,50;0,0887
3826,00;0,0889
3825,50;0,0887
3825,00;0,0883
3824,50;0,0879
3824,00;0,0877
3823,50;0,0877
3823,00;0,0878
3822,50;0,0879
3822,00;0,0881
3821,50;0,0884
3821,00;0,0889
3820,50;0,0893
3820,00;0,0896
3819,50;0,0898
3819,00;0,0900
3818,50;0,0898
3818,00;0,0892
3817,50;0,0884
3817,00;0,0877
3816,50;0,0877
3816,00;0,0882
3815,50;0,0888
3815,00;0,0890
3814,50;0,0885
3814,00;0,0879
3813,50;0,0876
3813,00;0,0878
3812,50;0,0880
3812,00;0,0879
3811,50;0,0875
3811,00;0,0871
3810,50;0,0870
3810,00;0,0875
3809,50;0,0882
3809,00;0,0889
3808,50;0,0892
3808,00;0,0891
3807,50;0,0886
3807,00;0,0881
3806,50;0,0879
3806,00;0,0878
3805,50;0,0877
3805,00;0,0876
3804,50;0,0876
3804,00;0,0879
3803,50;0,0884
3803,00;0,0890
3802,50;0,0894
3802,00;0,0895
3801,50;0,0892
3801,00;0,0887
3800,50;0,0881
3800,00;0,0875
3799,50;0,0873
3799,00;0,0875
3798,50;0,0882
3798,00;0,0888
3797,50;0,0891
3797,00;0,0890
3796,50;0,0887
3796,00;0,0884
3795,50;0,0882
3795,00;0,0881
3794,50;0,0881
3794,00;0,0881
3793,50;0,0881
3793,00;0,0881
3792,50;0,0880
3792,00;0,0877
3791,50;0,0874
3791,00;0,0871
3790,50;0,0867
3790,00;0,0866
3789,50;0,0868
3789,00;0,0874
3788,50;0,0880
3788,00;0,0885
3787,50;0,0885
3787,00;0,0885
3786,50;0,0884
3786,00;0,0884
3785,50;0,0882
3785,00;0,0879
3784,50;0,0875
3784,00;0,0872
3783,50;0,0871
3783,00;0,0873
3782,50;0,0876
3782,00;0,0880
3781,50;0,0882
3781,00;0,0880
3780,50;0,0875
3780,00;0,0869
3779,50;0,0868
3779,00;0,0873
3778,50;0,0879
3778,00;0,0883
3777,50;0,0881
3777,00;0,0876
3776,50;0,0871
3776,00;0,0868
3775,50;0,0868
3775,00;0,0868
3774,50;0,0868
3774,00;0,0869
3773,50;0,0870
3773,00;0,0873
3772,50;0,0878
3772,00;0,0882
3771,50;0,0886
3771,00;0,0886
3770,50;0,0884
3770,00;0,0879
3769,50;0,0873
3769,00;0,0869
3768,50;0,0867
3768,00;0,0867
3767,50;0,0868
3767,00;0,0869
3766,50;0,0869
3766,00;0,0870
3765,50;0,0872
3765,00;0,0874
3764,50;0,0876
3764,00;0,0876
3763,50;0,0875
3763,00;0,0875
3762,50;0,0878
3762,00;0,0884
3761,50;0,0889
3761,00;0,0890
3760,50;0,0887
3760,00;0,0880
3759,50;0,0872
3759,00;0,0866
3758,50;0,0863
3758,00;0,0865
3757,50;0,0873
3757,00;0,0882
3756,50;0,0889
3756,00;0,0892
3755,50;0,0892
3755,00;0,0892
3754,50;0,0892
3754,00;0,0891
3753,50;0,0885
3753,00;0,0877
3752,50;0,0871
3752,00;0,0873
3751,50;0,0881
3751,00;0,0890
3750,50;0,0894
3750,00;0,0893
3749,50;0,0892
3749,00;0,0894
3748,50;0,0896
3748,00;0,0895
3747,50;0,0891
3747,00;0,0887
3746,50;0,0885
3746,00;0,0886
3745,50;0,0885
3745,00;0,0884
3744,50;0,0882
3744,00;0,0882
3743,50;0,0883
3743,00;0,0881
3742,50;0,0876
3742,00;0,0873
3741,50;0,0873
3741,00;0,0877
3740,50;0,0883
3740,00;0,0887
3739,50;0,0885
3739,00;0,0879
3738,50;0,0872
3738,00;0,0869
3737,50;0,0870
3737,00;0,0872
3736,50;0,0872
3736,00;0,0871
3735,50;0,0872
3735,00;0,0876
3734,50;0,0882
3734,00;0,0889
3733,50;0,0893
3733,00;0,0893
3732,50;0,0891
3732,00;0,0889
3731,50;0,0888
3731,00;0,0888
3730,50;0,0888
3730,00;0,0889
3729,50;0,0889
3729,00;0,0888
3728,50;0,0885
3728,00;0,0883
3727,50;0,0883
3727,00;0,0885
3726,50;0,0888
3726,00;0,0891
3725,50;0,0891
3725,00;0,0887
3724,50;0,0881
3724,00;0,0875
3723,50;0,0871
3723,00;0,0870
3722,50;0,0872
3722,00;0,0875
3721,50;0,0879
3721,00;0,0883
3720,50;0,0888
3720,00;0,0895
3719,50;0,0900
3719,00;0,0900
3718,50;0,0895
3718,00;0,0887
3717,50;0,0880
3717,00;0,0877
3716,50;0,0875
3716,00;0,0872
3715,50;0,0867
3715,00;0,0864
3714,50;0,0867
3714,00;0,0876
3713,50;0,0886
3713,00;0,0894
3712,50;0,0898
3712,00;0,0900
3711,50;0,0902
3711,00;0,0902
3710,50;0,0897
3710,00;0,0890
3709,50;0,0888
3709,00;0,0891
3708,50;0,0894
3708,00;0,0892
3707,50;0,0884
3707,00;0,0875
3706,50;0,0872
3706,00;0,0876
3705,50;0,0883
3705,00;0,0889
3704,50;0,0893
3704,00;0,0896
3703,50;0,0900
3703,00;0,0904
3702,50;0,0905
3702,00;0,0904
3701,50;0,0900
3701,00;0,0896
3700,50;0,0893
3700,00;0,0892
3699,50;0,0891
3699,00;0,0890
3698,50;0,0888
3698,00;0,0888
3697,50;0,0887
3697,00;0,0886
3696,50;0,0886
3696,00;0,0887
3695,50;0,0890
3695,00;0,0894
3694,50;0,0898
3694,00;0,0901
3693,50;0,0903
3693,00;0,0904
3692,50;0,0905
3692,00;0,0904
3691,50;0,0901
3691,00;0,0899
3690,50;0,0897
3690,00;0,0898
3689,50;0,0899
3689,00;0,0899
3688,50;0,0897
3688,00;0,0895
3687,50;0,0893
3687,00;0,0891
3686,50;0,0888
3686,00;0,0886
3685,50;0,0887
3685,00;0,0891
3684,50;0,0894
3684,00;0,0896
3683,50;0,0894
3683,00;0,0891
3682,50;0,0887
3682,00;0,0883
3681,50;0,0880
3681,00;0,0878
3680,50;0,0878
3680,00;0,0880
3679,50;0,0884
3679,00;0,0891
3678,50;0,0897
3678,00;0,0903
3677,50;0,0906
3677,00;0,0907
3676,50;0,0908
3676,00;0,0909
3675,50;0,0910
3675,00;0,0910
3674,50;0,0908
3674,00;0,0902
3673,50;0,0896
3673,00;0,0890
3672,50;0,0888
3672,00;0,0888
3671,50;0,0891
3671,00;0,0894
3670,50;0,0897
3670,00;0,0900
3669,50;0,0904
3669,00;0,0909
3668,50;0,0913
3668,00;0,0914
3667,50;0,0909
3667,00;0,0901
3666,50;0,0892
3666,00;0,0888
3665,50;0,0889
3665,00;0,0895
3664,50;0,0902
3664,00;0,0909
3663,50;0,0913
3663,00;0,0914
3662,50;0,0911
3662,00;0,0905
3661,50;0,0899
3661,00;0,0894
3660,50;0,0892
3660,00;0,0892
3659,50;0,0892
3659,00;0,0893
3658,50;0,0896
3658,00;0,0904
3657,50;0,0913
3657,00;0,0920
3656,50;0,0924
3656,00;0,0923
3655,50;0,0920
3655,00;0,0917
3654,50;0,0913
3654,00;0,0911
3653,50;0,0910
3653,00;0,0908
3652,50;0,0906
3652,00;0,0903
3651,50;0,0903
3651,00;0,0905
3650,50;0,0909
3650,00;0,0912
3649,50;0,0913
3649,00;0,0917
3648,50;0,0924
3648,00;0,0932
3647,50;0,0937
3647,00;0,0937
3646,50;0,0931
3646,00;0,0924
3645,50;0,0917
3645,00;0,0912
3644,50;0,0909
3644,00;0,0908
3643,50;0,0909
3643,00;0,0912
3642,50;0,0916
3642,00;0,0919
3641,50;0,0920
3641,00;0,0918
3640,50;0,0915
3640,00;0,0914
3639,50;0,0914
3639,00;0,0916
3638,50;0,0918
3638,00;0,0923
3637,50;0,0928
3637,00;0,0932
3636,50;0,0933
3636,00;0,0930
3635,50;0,0926
3635,00;0,0922
3634,50;0,0920
3634,00;0,0921
3633,50;0,0926
3633,00;0,0931
3632,50;0,0934
3632,00;0,0935
3631,50;0,0934
3631,00;0,0932
3630,50;0,0931
3630,00;0,0929
3629,50;0,0928
3629,00;0,0927
3628,50;0,0927
3628,00;0,0929
3627,50;0,0931
3627,00;0,0934
3626,50;0,0937
3626,00;0,0936
3625,50;0,0933
3625,00;0,0929
3624,50;0,0924
3624,00;0,0922
3623,50;0,0920
3623,00;0,0921
3622,50;0,0922
3622,00;0,0925
3621,50;0,0929
3621,00;0,0935
3620,50;0,0942
3620,00;0,0949
3619,50;0,0953
3619,00;0,0954
3618,50;0,0952
3618,00;0,0947
3617,50;0,0943
3617,00;0,0942
3616,50;0,0942
3616,00;0,0942
3615,50;0,0940
3615,00;0,0937
3614,50;0,0936
3614,00;0,0937
3613,50;0,0940
3613,00;0,0944
3612,50;0,0948
3612,00;0,0954
3611,50;0,0958
3611,00;0,0960
3610,50;0,0958
3610,00;0,0953
3609,50;0,0947
3609,00;0,0942
3608,50;0,0939
3608,00;0,0939
3607,50;0,0941
3607,00;0,0945
3606,50;0,0950
3606,00;0,0954
3605,50;0,0956
3605,00;0,0956
3604,50;0,0957
3604,00;0,0959
3603,50;0,0961
3603,00;0,0963
3602,50;0,0963
3602,00;0,0962
3601,50;0,0962
3601,00;0,0963
3600,50;0,0965
3600,00;0,0967
3599,50;0,0967
3599,00;0,0966
3598,50;0,0963
3598,00;0,0960
3597,50;0,0957
3597,00;0,0957
3596,50;0,0960
3596,00;0,0966
3595,50;0,0970
3595,00;0,0973
3594,50;0,0975
3594,00;0,0974
3593,50;0,0972
3593,00;0,0971
3592,50;0,0971
3592,00;0,0971
3591,50;0,0971
3591,00;0,0972
3590,50;0,0976
3590,00;0,0983
3589,50;0,0989
3589,00;0,0991
3588,50;0,0989
3588,00;0,0986
3587,50;0,0983
3587,00;0,0980
3586,50;0,0978
3586,00;0,0979
3585,50;0,0982
3585,00;0,0986
3584,50;0,0988
3584,00;0,0989
3583,50;0,0990
3583,00;0,0990
3582,50;0,0989
3582,00;0,0989
3581,50;0,0989
3581,00;0,0987
3580,50;0,0984
3580,00;0,0982
3579,50;0,0984
3579,00;0,0988
3578,50;0,0994
3578,00;0,0998
3577,50;0,1001
3577,00;0,1003
3576,50;0,1005
3576,00;0,1008
3575,50;0,1011
3575,00;0,1013
3574,50;0,1014
3574,00;0,1014
3573,50;0,1013
3573,00;0,1012
3572,50;0,1012
3572,00;0,1011
3571,50;0,1011
3571,00;0,1010
3570,50;0,1012
3570,00;0,1015
3569,50;0,1020
3569,00;0,1023
3568,50;0,1024
3568,00;0,1023
3567,50;0,1022
3567,00;0,1022
3566,50;0,1021
3566,00;0,1020
3565,50;0,1020
3565,00;0,1023
3564,50;0,1026
3564,00;0,1030
3563,50;0,1033
3563,00;0,1034
3562,50;0,1035
3562,00;0,1035
3561,50;0,1036
3561,00;0,1038
3560,50;0,1041
3560,00;0,1044
3559,50;0,1046
3559,00;0,1048
3558,50;0,1049
3558,00;0,1051
3557,50;0,1052
3557,00;0,1054
3556,50;0,1054
3556,00;0,1054
3555,50;0,1055
3555,00;0,1055
3554,50;0,1056
3554,00;0,1057
3553,50;0,1059
3553,00;0,1061
3552,50;0,1064
3552,00;0,1067
3551,50;0,1070
3551,00;0,1071
3550,50;0,1071
3550,00;0,1071
3549,50;0,1072
3549,00;0,1075
3548,50;0,1078
3548,00;0,1079
3547,50;0,1079
3547,00;0,1078
3546,50;0,1077
3546,00;0,1075
3545,50;0,1074
3545,00;0,1075
3544,50;0,1078
3544,00;0,1082
3543,50;0,1086
3543,00;0,1088
3542,50;0,1091
3542,00;0,1092
3541,50;0,1094
3541,00;0,1095
3540,50;0,1095
3540,00;0,1095
3539,50;0,1095
3539,00;0,1095
3538,50;0,1095
3538,00;0,1096
3537,50;0,1097
3537,00;0,1099
3536,50;0,1103
3536,00;0,1106
3535,50;0,1109
3535,00;0,1112
3534,50;0,1115
3534,00;0,1117
3533,50;0,1120
3533,00;0,1123
3532,50;0,1127
3532,00;0,1130
3531,50;0,1131
3531,00;0,1132
3530,50;0,1131
3530,00;0,1131
3529,50;0,1131
3529,00;0,1132
3528,50;0,1133
3528,00;0,1135
3527,50;0,1137
3527,00;0,1138
3526,50;0,1138
3526,00;0,1139
3525,50;0,1140
3525,00;0,1141
3524,50;0,1142
3524,00;0,1143
3523,50;0,1145
3523,00;0,1148
3522,50;0,1151
3522,00;0,1153
3521,50;0,1155
3521,00;0,1157
3520,50;0,1161
3520,00;0,1164
3519,50;0,1166
3519,00;0,1166
3518,50;0,1167
3518,00;0,1168
3517,50;0,1171
3517,00;0,1173
3516,50;0,1176
3516,00;0,1178
3515,50;0,1181
3515,00;0,1185
3514,50;0,1189
3514,00;0,1192
3513,50;0,1195
3513,00;0,1196
3512,50;0,1195
3512,00;0,1196
3511,50;0,1199
3511,00;0,1203
3510,50;0,1207
3510,00;0,1208
3509,50;0,1208
3509,00;0,1208
3508,50;0,1208
3508,00;0,1209
3507,50;0,1212
3507,00;0,1216
3506,50;0,1220
3506,00;0,1225
3505,50;0,1230
3505,00;0,1233
3504,50;0,1234
3504,00;0,1234
3503,50;0,1233
3503,00;0,1233
3502,50;0,1236
3502,00;0,1240
3501,50;0,1243
3501,00;0,1245
3500,50;0,1248
3500,00;0,1251
3499,50;0,1253
3499,00;0,1255
3498,50;0,1257
3498,00;0,1259
3497,50;0,1262
3497,00;0,1266
3496,50;0,1268
3496,00;0,1269
3495,50;0,1270
3495,00;0,1271
3494,50;0,1275
3494,00;0,1280
3493,50;0,1287
3493,00;0,1293
3492,50;0,1298
3492,00;0,1302
3491,50;0,1304
3491,00;0,1306
3490,50;0,1307
3490,00;0,1308
3489,50;0,1309
3489,00;0,1311
3488,50;0,1313
3488,00;0,1317
3487,50;0,1321
3487,00;0,1325
3486,50;0,1328
3486,00;0,1332
3485,50;0,1335
3485,00;0,1339
3484,50;0,1342
3484,00;0,1343
3483,50;0,1344
3483,00;0,1346
3482,50;0,1349
3482,00;0,1352
3481,50;0,1354
3481,00;0,1355
3480,50;0,1357
3480,00;0,1361
3479,50;0,1367
3479,00;0,1373
3478,50;0,1379
3478,00;0,1383
3477,50;0,1386
3477,00;0,1389
3476,50;0,1392
3476,00;0,1394
3475,50;0,1396
3475,00;0,1397
3474,50;0,1400
3474,00;0,1404
3473,50;0,1409
3473,00;0,1413
3472,50;0,1418
3472,00;0,1423
3471,50;0,1428
3471,00;0,1434
3470,50;0,1440
3470,00;0,1444
3469,50;0,1448
3469,00;0,1451
3468,50;0,1454
3468,00;0,1457
3467,50;0,1462
3467,00;0,1467
3466,50;0,1474
3466,00;0,1479
3465,50;0,1483
3465,00;0,1487
3464,50;0,1491
3464,00;0,1496
3463,50;0,1502
3463,00;0,1508
3462,50;0,1512
3462,00;0,1515
3461,50;0,1519
3461,00;0,1523
3460,50;0,1529
3460,00;0,1535
3459,50;0,1541
3459,00;0,1546
3458,50;0,1552
3458,00;0,1558
3457,50;0,1564
3457,00;0,1569
3456,50;0,1575
3456,00;0,1580
3455,50;0,1586
3455,00;0,1591
3454,50;0,1595
3454,00;0,1600
3453,50;0,1606
3453,00;0,1614
3452,50;0,1622
3452,00;0,1630
3451,50;0,1636
3451,00;0,1640
3450,50;0,1644
3450,00;0,1650
3449,50;0,1657
3449,00;0,1665
3448,50;0,1671
3448,00;0,1677
3447,50;0,1682
3447,00;0,1687
3446,50;0,1693
3446,00;0,1700
3445,50;0,1709
3445,00;0,1717
3444,50;0,1725
3444,00;0,1733
3443,50;0,1741
3443,00;0,1749
3442,50;0,1757
3442,00;0,1764
3441,50;0,1769
3441,00;0,1773
3440,50;0,1776
3440,00;0,1783
3439,50;0,1793
3439,00;0,1804
3438,50;0,1814
3438,00;0,1820
3437,50;0,1825
3437,00;0,1830
3436,50;0,1837
3436,00;0,1846
3435,50;0,1856
3435,00;0,1866
3434,50;0,1875
3434,00;0,1882
3433,50;0,1889
3433,00;0,1896
3432,50;0,1903
3432,00;0,1910
3431,50;0,1916
3431,00;0,1921
3430,50;0,1927
3430,00;0,1934
3429,50;0,1941
3429,00;0,1949
3428,50;0,1957
3428,00;0,1966
3427,50;0,1977
3427,00;0,1986
3426,50;0,1994
3426,00;0,2002
3425,50;0,2009
3425,00;0,2018
3424,50;0,2026
3424,00;0,2036
3423,50;0,2046
3423,00;0,2057
3422,50;0,2067
3422,00;0,2074
3421,50;0,2081
3421,00;0,2086
3420,50;0,2090
3420,00;0,2094
3419,50;0,2100
3419,00;0,2107
3418,50;0,2117
3418,00;0,2126
3417,50;0,2134
3417,00;0,2140
3416,50;0,2146
3416,00;0,2155
3415,50;0,2165
3415,00;0,2176
3414,50;0,2187
3414,00;0,2197
3413,50;0,2206
3413,00;0,2214
3412,50;0,2220
3412,00;0,2225
3411,50;0,2230
3411,00;0,2235
3410,50;0,2240
3410,00;0,2246
3409,50;0,2254
3409,00;0,2264
3408,50;0,2275
3408,00;0,2288
3407,50;0,2300
3407,00;0,2311
3406,50;0,2319
3406,00;0,2323
3405,50;0,2325
3405,00;0,2327
3404,50;0,2332
3404,00;0,2339
3403,50;0,2348
3403,00;0,2359
3402,50;0,2370
3402,00;0,2380
3401,50;0,2388
3401,00;0,2394
3400,50;0,2397
3400,00;0,2401
3399,50;0,2407
3399,00;0,2416
3398,50;0,2427
3398,00;0,2438
3397,50;0,2446
3397,00;0,2453
3396,50;0,2461
3396,00;0,2468
3395,50;0,2473
3395,00;0,2475
3394,50;0,2476
3394,00;0,2478
3393,50;0,2484
3393,00;0,2493
3392,50;0,2505
3392,00;0,2517
3391,50;0,2527
3391,00;0,2537
3390,50;0,2543
3390,00;0,2545
3389,50;0,2545
3389,00;0,2547
3388,50;0,2553
3388,00;0,2562
3387,50;0,2574
3387,00;0,2584
3386,50;0,2591
3386,00;0,2597
3385,50;0,2602
3385,00;0,2607
3384,50;0,2614
3384,00;0,2622
3383,50;0,2631
3383,00;0,2639
3382,50;0,2647
3382,00;0,2652
3381,50;0,2657
3381,00;0,2661
3380,50;0,2663
3380,00;0,2665
3379,50;0,2667
3379,00;0,2671
3378,50;0,2677
3378,00;0,2685
3377,50;0,2692
3377,00;0,2700
3376,50;0,2707
3376,00;0,2714
3375,50;0,2719
3375,00;0,2722
3374,50;0,2723
3374,00;0,2724
3373,50;0,2725
3373,00;0,2728
3372,50;0,2731
3372,00;0,2735
3371,50;0,2741
3371,00;0,2749
3370,50;0,2757
3370,00;0,2764
3369,50;0,2769
3369,00;0,2773
3368,50;0,2776
3368,00;0,2780
3367,50;0,2784
3367,00;0,2790
3366,50;0,2798
3366,00;0,2804
3365,50;0,2809
3365,00;0,2812
3364,50;0,2815
3364,00;0,2820
3363,50;0,2825
3363,00;0,2829
3362,50;0,2831
3362,00;0,2831
3361,50;0,2832
3361,00;0,2837
3360,50;0,2844
3360,00;0,2853
3359,50;0,2860
3359,00;0,2864
3358,50;0,2865
3358,00;0,2864
3357,50;0,2864
3357,00;0,2867
3356,50;0,2875
3356,00;0,2883
3355,50;0,2891
3355,00;0,2895
3354,50;0,2896
3354,00;0,2894
3353,50;0,2892
3353,00;0,2892
3352,50;0,2897
3352,00;0,2905
3351,50;0,2915
3351,00;0,2923
3350,50;0,2930
3350,00;0,2936
3349,50;0,2941
3349,00;0,2945
3348,50;0,2946
3348,00;0,2947
3347,50;0,2948
3347,00;0,2950
3346,50;0,2953
3346,00;0,2957
3345,50;0,2961
3345,00;0,2967
3344,50;0,2974
3344,00;0,2981
3343,50;0,2986
3343,00;0,2990
3342,50;0,2993
3342,00;0,2995
3341,50;0,2998
3341,00;0,3003
3340,50;0,3010
3340,00;0,3019
3339,50;0,3025
3339,00;0,3029
3338,50;0,3031
3338,00;0,3033
3337,50;0,3036
3337,00;0,3039
3336,50;0,3043
3336,00;0,3049
3335,50;0,3056
3335,00;0,3063
3334,50;0,3068
3334,00;0,3071
3333,50;0,3074
3333,00;0,3077
3332,50;0,3080
3332,00;0,3081
3331,50;0,3081
3331,00;0,3083
3330,50;0,3089
3330,00;0,3098
3329,50;0,3108
3329,00;0,3118
3328,50;0,3127
3328,00;0,3135
3327,50;0,3140
3327,00;0,3145
3326,50;0,3151
3326,00;0,3158
3325,50;0,3166
3325,00;0,3172
3324,50;0,3178
3324,00;0,3182
3323,50;0,3186
3323,00;0,3191
3322,50;0,3196
3322,00;0,3200
3321,50;0,3203
3321,00;0,3206
3320,50;0,3212
3320,00;0,3222
3319,50;0,3234
3319,00;0,3245
3318,50;0,3253
3318,00;0,3260
3317,50;0,3264
3317,00;0,3268
3316,50;0,3271
3316,00;0,3276
3315,50;0,3281
3315,00;0,3287
3314,50;0,3294
3314,00;0,3301
3313,50;0,3309
3313,00;0,3319
3312,50;0,3329
3312,00;0,3339
3311,50;0,3348
3311,00;0,3354
3310,50;0,3357
3310,00;0,3359
3309,50;0,3361
3309,00;0,3366
3308,50;0,3374
3308,00;0,3384
3307,50;0,3393
3307,00;0,3401
3306,50;0,3406
3306,00;0,3412
3305,50;0,3418
3305,00;0,3425
3304,50;0,3433
3304,00;0,3441
3303,50;0,3449
3303,00;0,3459
3302,50;0,3472
3302,00;0,3488
3301,50;0,3504
3301,00;0,3519
3300,50;0,3529
3300,00;0,3537
3299,50;0,3543
3299,00;0,3549
3298,50;0,3556
3298,00;0,3567
3297,50;0,3580
3297,00;0,3594
3296,50;0,3608
3296,00;0,3622
3295,50;0,3637
3295,00;0,3651
3294,50;0,3663
3294,00;0,3673
3293,50;0,3680
3293,00;0,3688
3292,50;0,3696
3292,00;0,3706
3291,50;0,3718
3291,00;0,3729
3290,50;0,3739
3290,00;0,3748
3289,50;0,3756
3289,00;0,3764
3288,50;0,3773
3288,00;0,3781
3287,50;0,3789
3287,00;0,3798
3286,50;0,3806
3286,00;0,3813
3285,50;0,3819
3285,00;0,3828
3284,50;0,3840
3284,00;0,3854
3283,50;0,3868
3283,00;0,3881
3282,50;0,3894
3282,00;0,3907
3281,50;0,3920
3281,00;0,3931
3280,50;0,3942
3280,00;0,3954
3279,50;0,3968
3279,00;0,3982
3278,50;0,3997
3278,00;0,4013
3277,50;0,4030
3277,00;0,4046
3276,50;0,4059
3276,00;0,4070
3275,50;0,4078
3275,00;0,4087
3274,50;0,4097
3274,00;0,4111
3273,50;0,4127
3273,00;0,4141
3272,50;0,4154
3272,00;0,4168
3271,50;0,4182
3271,00;0,4197
3270,50;0,4210
3270,00;0,4222
3269,50;0,4234
3269,00;0,4249
3268,50;0,4267
3268,00;0,4284
3267,50;0,4300
3267,00;0,4312
3266,50;0,4323
3266,00;0,4335
3265,50;0,4349
3265,00;0,4364
3264,50;0,4378
3264,00;0,4391
3263,50;0,4405
3263,00;0,4420
3262,50;0,4436
3262,00;0,4450
3261,50;0,4463
3261,00;0,4475
3260,50;0,4488
3260,00;0,4503
3259,50;0,4520
3259,00;0,4536
3258,50;0,4549
3258,00;0,4560
3257,50;0,4569
3257,00;0,4579
3256,50;0,4591
3256,00;0,4604
3255,50;0,4617
3255,00;0,4630
3254,50;0,4644
3254,00;0,4659
3253,50;0,4676
3253,00;0,4693
3252,50;0,4706
3252,00;0,4713
3251,50;0,4717
3251,00;0,4722
3250,50;0,4729
3250,00;0,4739
3249,50;0,4748
3249,00;0,4756
3248,50;0,4764
3248,00;0,4773
3247,50;0,4783
3247,00;0,4795
3246,50;0,4805
3246,00;0,4812
3245,50;0,4818
3245,00;0,4824
3244,50;0,4830
3244,00;0,4834
3243,50;0,4838
3243,00;0,4843
3242,50;0,4850
3242,00;0,4853
3241,50;0,4852
3241,00;0,4849
3240,50;0,4849
3240,00;0,4853
3239,50;0,4860
3239,00;0,4864
3238,50;0,4863
3238,00;0,4861
3237,50;0,4860
3237,00;0,4860
3236,50;0,4861
3236,00;0,4859
3235,50;0,4857
3235,00;0,4857
3234,50;0,4859
3234,00;0,4863
3233,50;0,4863
3233,00;0,4857
3232,50;0,4849
3232,00;0,4842
3231,50;0,4839
3231,00;0,4839
3230,50;0,4840
3230,00;0,4840
3229,50;0,4839
3229,00;0,4836
3228,50;0,4829
3228,00;0,4819
3227,50;0,4810
3227,00;0,4803
3226,50;0,4800
3226,00;0,4797
3225,50;0,4796
3225,00;0,4798
3224,50;0,4801
3224,00;0,4803
3223,50;0,4803
3223,00;0,4800
3222,50;0,4795
3222,00;0,4790
3221,50;0,4786
3221,00;0,4784
3220,50;0,4782
3220,00;0,4779
3219,50;0,4776
3219,00;0,4775
3218,50;0,4775
3218,00;0,4774
3217,50;0,4772
3217,00;0,4769
3216,50;0,4768
3216,00;0,4765
3215,50;0,4762
3215,00;0,4759
3214,50;0,4756
3214,00;0,4753
3213,50;0,4747
3213,00;0,4742
3212,50;0,4738
3212,00;0,4737
3211,50;0,4738
3211,00;0,4738
3210,50;0,4738
3210,00;0,4737
3209,50;0,4737
3209,00;0,4738
3208,50;0,4737
3208,00;0,4736
3207,50;0,4734
3207,00;0,4733
3206,50;0,4732
3206,00;0,4729
3205,50;0,4724
3205,00;0,4718
3204,50;0,4714
3204,00;0,4713
3203,50;0,4712
3203,00;0,4710
3202,50;0,4704
3202,00;0,4696
3201,50;0,4687
3201,00;0,4679
3200,50;0,4675
3200,00;0,4675
3199,50;0,4679
3199,00;0,4686
3198,50;0,4693
3198,00;0,4695
3197,50;0,4691
3197,00;0,4682
3196,50;0,4674
3196,00;0,4670
3195,50;0,4668
3195,00;0,4666
3194,50;0,4662
3194,00;0,4658
3193,50;0,4653
3193,00;0,4650
3192,50;0,4646
3192,00;0,4641
3191,50;0,4635
3191,00;0,4630
3190,50;0,4629
3190,00;0,4631
3189,50;0,4634
3189,00;0,4634
3188,50;0,4628
3188,00;0,4621
3187,50;0,4614
3187,00;0,4611
3186,50;0,4610
3186,00;0,4611
3185,50;0,4609
3185,00;0,4605
3184,50;0,4599
3184,00;0,4594
3183,50;0,4590
3183,00;0,4589
3182,50;0,4586
3182,00;0,4583
3181,50;0,4579
3181,00;0,4577
3180,50;0,4577
3180,00;0,4579
3179,50;0,4582
3179,00;0,4583
3178,50;0,4583
3178,00;0,4579
3177,50;0,4575
3177,00;0,4571
3176,50;0,4566
3176,00;0,4561
3175,50;0,4557
3175,00;0,4555
3174,50;0,4556
3174,00;0,4559
3173,50;0,4561
3173,00;0,4561
3172,50;0,4559
3172,00;0,4556
3171,50;0,4552
3171,00;0,4548
3170,50;0,4545
3170,00;0,4543
3169,50;0,4542
3169,00;0,4540
3168,50;0,4537
3168,00;0,4534
3167,50;0,4532
3167,00;0,4531
3166,50;0,4530
3166,00;0,4530
3165,50;0,4528
3165,00;0,4526
3164,50;0,4524
3164,00;0,4522
3163,50;0,4520
3163,00;0,4517
3162,50;0,4514
3162,00;0,4511
3161,50;0,4509
3161,00;0,4506
3160,50;0,4503
3160,00;0,4498
3159,50;0,4494
3159,00;0,4488
3158,50;0,4482
3158,00;0,4478
3157,50;0,4476
3157,00;0,4476
3156,50;0,4477
3156,00;0,4475
3155,50;0,4472
3155,00;0,4468
3154,50;0,4465
3154,00;0,4460
3153,50;0,4454
3153,00;0,4450
3152,50;0,4447
3152,00;0,4448
3151,50;0,4451
3151,00;0,4450
3150,50;0,4446
3150,00;0,4438
3149,50;0,4431
3149,00;0,4426
3148,50;0,4423
3148,00;0,4419
3147,50;0,4415
3147,00;0,4413
3146,50;0,4411
3146,00;0,4408
3145,50;0,4403
3145,00;0,4396
3144,50;0,4390
3144,00;0,4386
3143,50;0,4380
3143,00;0,4374
3142,50;0,4367
3142,00;0,4361
3141,50;0,4357
3141,00;0,4354
3140,50;0,4349
3140,00;0,4342
3139,50;0,4335
3139,00;0,4329
3138,50;0,4325
3138,00;0,4322
3137,50;0,4317
3137,00;0,4312
3136,50;0,4306
3136,00;0,4301
3135,50;0,4296
3135,00;0,4288
3134,50;0,4278
3134,00;0,4267
3133,50;0,4259
3133,00;0,4251
3132,50;0,4243
3132,00;0,4236
3131,50;0,4230
3131,00;0,4222
3130,50;0,4213
3130,00;0,4201
3129,50;0,4188
3129,00;0,4177
3128,50;0,4168
3128,00;0,4163
3127,50;0,4159
3127,00;0,4155
3126,50;0,4150
3126,00;0,4143
3125,50;0,4136
3125,00;0,4127
3124,50;0,4118
3124,00;0,4109
3123,50;0,4100
3123,00;0,4092
3122,50;0,4081
3122,00;0,4069
3121,50;0,4056
3121,00;0,4045
3120,50;0,4036
3120,00;0,4027
3119,50;0,4016
3119,00;0,4005
3118,50;0,3996
3118,00;0,3988
3117,50;0,3981
3117,00;0,3972
3116,50;0,3960
3116,00;0,3947
3115,50;0,3934
3115,00;0,3924
3114,50;0,3916
3114,00;0,3908
3113,50;0,3900
3113,00;0,3889
3112,50;0,3877
3112,00;0,3864
3111,50;0,3852
3111,00;0,3840
3110,50;0,3830
3110,00;0,3819
3109,50;0,3807
3109,00;0,3794
3108,50;0,3781
3108,00;0,3768
3107,50;0,3756
3107,00;0,3744
3106,50;0,3733
3106,00;0,3724
3105,50;0,3716
3105,00;0,3706
3104,50;0,3693
3104,00;0,3678
3103,50;0,3663
3103,00;0,3651
3102,50;0,3639
3102,00;0,3629
3101,50;0,3618
3101,00;0,3608
3100,50;0,3596
3100,00;0,3585
3099,50;0,3574
3099,00;0,3564
3098,50;0,3553
3098,00;0,3540
3097,50;0,3528
3097,00;0,3517
3096,50;0,3507
3096,00;0,3497
3095,50;0,3485
3095,00;0,3470
3094,50;0,3455
3094,00;0,3440
3093,50;0,3425
3093,00;0,3413
3092,50;0,3403
3092,00;0,3394
3091,50;0,3383
3091,00;0,3372
3090,50;0,3360
3090,00;0,3349
3089,50;0,3338
3089,00;0,3324
3088,50;0,3310
3088,00;0,3295
3087,50;0,3281
3087,00;0,3268
3086,50;0,3254
3086,00;0,3242
3085,50;0,3229
3085,00;0,3217
3084,50;0,3204
3084,00;0,3191
3083,50;0,3177
3083,00;0,3165
3082,50;0,3153
3082,00;0,3142
3081,50;0,3129
3081,00;0,3116
3080,50;0,3104
3080,00;0,3094
3079,50;0,3084
3079,00;0,3073
3078,50;0,3058
3078,00;0,3043
3077,50;0,3028
3077,00;0,3016
3076,50;0,3006
3076,00;0,2996
3075,50;0,2985
3075,00;0,2972
3074,50;0,2960
3074,00;0,2949
3073,50;0,2939
3073,00;0,2928
3072,50;0,2917
3072,00;0,2904
3071,50;0,2891
3071,00;0,2879
3070,50;0,2866
3070,00;0,2852
3069,50;0,2839
3069,00;0,2829
3068,50;0,2821
3068,00;0,2813
3067,50;0,2801
3067,00;0,2787
3066,50;0,2771
3066,00;0,2759
3065,50;0,2749
3065,00;0,2740
3064,50;0,2732
3064,00;0,2722
3063,50;0,2711
3063,00;0,2700
3062,50;0,2689
3062,00;0,2677
3061,50;0,2664
3061,00;0,2651
3060,50;0,2640
3060,00;0,2629
3059,50;0,2619
3059,00;0,2608
3058,50;0,2598
3058,00;0,2588
3057,50;0,2578
3057,00;0,2567
3056,50;0,2555
3056,00;0,2543
3055,50;0,2533
3055,00;0,2524
3054,50;0,2516
3054,00;0,2506
3053,50;0,2494
3053,00;0,2483
3052,50;0,2474
3052,00;0,2468
3051,50;0,2461
3051,00;0,2453
3050,50;0,2443
3050,00;0,2432
3049,50;0,2421
3049,00;0,2411
3048,50;0,2401
3048,00;0,2391
3047,50;0,2383
3047,00;0,2374
3046,50;0,2366
3046,00;0,2358
3045,50;0,2349
3045,00;0,2340
3044,50;0,2333
3044,00;0,2325
3043,50;0,2317
3043,00;0,2308
3042,50;0,2298
3042,00;0,2289
3041,50;0,2281
3041,00;0,2273
3040,50;0,2266
3040,00;0,2259
3039,50;0,2251
3039,00;0,2242
3038,50;0,2233
3038,00;0,2226
3037,50;0,2221
3037,00;0,2216
3036,50;0,2210
3036,00;0,2202
3035,50;0,2193
3035,00;0,2184
3034,50;0,2175
3034,00;0,2167
3033,50;0,2160
3033,00;0,2154
3032,50;0,2148
3032,00;0,2143
3031,50;0,2136
3031,00;0,2129
3030,50;0,2121
3030,00;0,2113
3029,50;0,2105
3029,00;0,2098
3028,50;0,2091
3028,00;0,2085
3027,50;0,2079
3027,00;0,2072
3026,50;0,2065
3026,00;0,2058
3025,50;0,2052
3025,00;0,2046
3024,50;0,2039
3024,00;0,2032
3023,50;0,2026
3023,00;0,2021
3022,50;0,2015
3022,00;0,2008
3021,50;0,2000
3021,00;0,1992
3020,50;0,1986
3020,00;0,1983
3019,50;0,1981
3019,00;0,1978
3018,50;0,1972
3018,00;0,1965
3017,50;0,1957
3017,00;0,1950
3016,50;0,1943
3016,00;0,1937
3015,50;0,1931
3015,00;0,1926
3014,50;0,1923
3014,00;0,1918
3013,50;0,1912
3013,00;0,1905
3012,50;0,1899
3012,00;0,1894
3011,50;0,1890
3011,00;0,1887
3010,50;0,1884
3010,00;0,1881
3009,50;0,1876
3009,00;0,1870
3008,50;0,1863
3008,00;0,1855
3007,50;0,1849
3007,00;0,1844
3006,50;0,1840
3006,00;0,1836
3005,50;0,1832
3005,00;0,1828
3004,50;0,1824
3004,00;0,1819
3003,50;0,1815
3003,00;0,1812
3002,50;0,1808
3002,00;0,1804
3001,50;0,1799
3001,00;0,1794
3000,50;0,1791
3000,00;0,1787
2999,50;0,1784
2999,00;0,1780
2998,50;0,1776
2998,00;0,1770
2997,50;0,1763
2997,00;0,1755
2996,50;0,1750
2996,00;0,1746
2995,50;0,1743
2995,00;0,1739
2994,50;0,1734
2994,00;0,1729
2993,50;0,1724
2993,00;0,1719
2992,50;0,1714
2992,00;0,1710
2991,50;0,1708
2991,00;0,1706
2990,50;0,1705
2990,00;0,1703
2989,50;0,1700
2989,00;0,1695
2988,50;0,1690
2988,00;0,1684
2987,50;0,1679
2987,00;0,1674
2986,50;0,1671
2986,00;0,1668
2985,50;0,1666
2985,00;0,1664
2984,50;0,1661
2984,00;0,1659
2983,50;0,1656
2983,00;0,1652
2982,50;0,1649
2982,00;0,1646
2981,50;0,1642
2981,00;0,1638
2980,50;0,1633
2980,00;0,1628
2979,50;0,1624
2979,00;0,1621
2978,50;0,1617
2978,00;0,1613
2977,50;0,1608
2977,00;0,1604
2976,50;0,1601
2976,00;0,1599
2975,50;0,1597
2975,00;0,1595
2974,50;0,1591
2974,00;0,1587
2973,50;0,1583
2973,00;0,1579
2972,50;0,1574
2972,00;0,1570
2971,50;0,1566
2971,00;0,1565
2970,50;0,1565
2970,00;0,1564
2969,50;0,1563
2969,00;0,1559
2968,50;0,1555
2968,00;0,1553
2967,50;0,1550
2967,00;0,1547
2966,50;0,1543
2966,00;0,1539
2965,50;0,1536
2965,00;0,1533
2964,50;0,1528
2964,00;0,1524
2963,50;0,1520
2963,00;0,1517
2962,50;0,1515
2962,00;0,1512
2961,50;0,1509
2961,00;0,1504
2960,50;0,1500
2960,00;0,1496
2959,50;0,1494
2959,00;0,1491
2958,50;0,1489
2958,00;0,1485
2957,50;0,1480
2957,00;0,1476
2956,50;0,1472
2956,00;0,1469
2955,50;0,1466
2955,00;0,1462
2954,50;0,1458
2954,00;0,1454
2953,50;0,1451
2953,00;0,1448
2952,50;0,1445
2952,00;0,1441
2951,50;0,1436
2951,00;0,1432
2950,50;0,1429
2950,00;0,1426
2949,50;0,1423
2949,00;0,1420
2948,50;0,1417
2948,00;0,1415
2947,50;0,1413
2947,00;0,1412
2946,50;0,1410
2946,00;0,1408
2945,50;0,1405
2945,00;0,1402
2944,50;0,1400
2944,00;0,1397
2943,50;0,1395
2943,00;0,1393
2942,50;0,1391
2942,00;0,1390
2941,50;0,1390
2941,00;0,1389
2940,50;0,1387
2940,00;0,1385
2939,50;0,1383
2939,00;0,1381
2938,50;0,1379
2938,00;0,1377
2937,50;0,1375
2937,00;0,1372
2936,50;0,1371
2936,00;0,1370
2935,50;0,1370
2935,00;0,1369
2934,50;0,1367
2934,00;0,1366
2933,50;0,1365
2933,00;0,1364
2932,50;0,1363
2932,00;0,1361
2931,50;0,1358
2931,00;0,1356
2930,50;0,1353
2930,00;0,1349
2929,50;0,1345
2929,00;0,1342
2928,50;0,1339
2928,00;0,1337
2927,50;0,1335
2927,00;0,1334
2926,50;0,1333
2926,00;0,1333
2925,50;0,1331
2925,00;0,1328
2924,50;0,1324
2924,00;0,1321
2923,50;0,1319
2923,00;0,1317
2922,50;0,1315
2922,00;0,1313
2921,50;0,1311
2921,00;0,1309
2920,50;0,1307
2920,00;0,1304
2919,50;0,1301
2919,00;0,1299
2918,50;0,1299
2918,00;0,1302
2917,50;0,1305
2917,00;0,1308
2916,50;0,1310
2916,00;0,1311
2915,50;0,1312
2915,00;0,1310
2914,50;0,1307
2914,00;0,1304
2913,50;0,1301
2913,00;0,1300
2912,50;0,1299
2912,00;0,1298
2911,50;0,1296
2911,00;0,1293
2910,50;0,1288
2910,00;0,1283
2909,50;0,1278
2909,00;0,1273
2908,50;0,1270
2908,00;0,1269
2907,50;0,1270
2907,00;0,1270
2906,50;0,1270
2906,00;0,1268
2905,50;0,1266
2905,00;0,1264
2904,50;0,1263
2904,00;0,1262
2903,50;0,1261
2903,00;0,1258
2902,50;0,1255
2902,00;0,1252
2901,50;0,1251
2901,00;0,1251
2900,50;0,1250
2900,00;0,1249
2899,50;0,1246
2899,00;0,1243
2898,50;0,1239
2898,00;0,1237
2897,50;0,1236
2897,00;0,1236
2896,50;0,1236
2896,00;0,1236
2895,50;0,1235
2895,00;0,1233
2894,50;0,1232
2894,00;0,1231
2893,50;0,1229
2893,00;0,1227
2892,50;0,1224
2892,00;0,1222
2891,50;0,1221
2891,00;0,1221
2890,50;0,1221
2890,00;0,1220
2889,50;0,1218
2889,00;0,1216
2888,50;0,1213
2888,00;0,1211
2887,50;0,1210
2887,00;0,1209
2886,50;0,1209
2886,00;0,1211
2885,50;0,1212
2885,00;0,1212
2884,50;0,1209
2884,00;0,1205
2883,50;0,1202
2883,00;0,1201
2882,50;0,1201
2882,00;0,1200
2881,50;0,1199
2881,00;0,1198
2880,50;0,1197
2880,00;0,1195
2879,50;0,1194
2879,00;0,1193
2878,50;0,1192
2878,00;0,1192
2877,50;0,1192
2877,00;0,1193
2876,50;0,1193
2876,00;0,1193
2875,50;0,1192
2875,00;0,1190
2874,50;0,1187
2874,00;0,1183
2873,50;0,1179
2873,00;0,1176
2872,50;0,1174
2872,00;0,1174
2871,50;0,1174
2871,00;0,1174
2870,50;0,1174
2870,00;0,1173
2869,50;0,1171
2869,00;0,1168
2868,50;0,1167
2868,00;0,1165
2867,50;0,1164
2867,00;0,1164
2866,50;0,1163
2866,00;0,1163
2865,50;0,1162
2865,00;0,1160
2864,50;0,1158
2864,00;0,1157
2863,50;0,1158
2863,00;0,1159
2862,50;0,1159
2862,00;0,1159
2861,50;0,1158
2861,00;0,1157
2860,50;0,1157
2860,00;0,1156
2859,50;0,1153
2859,00;0,1149
2858,50;0,1146
2858,00;0,1144
2857,50;0,1142
2857,00;0,1140
2856,50;0,1139
2856,00;0,1139
2855,50;0,1139
2855,00;0,1139
2854,50;0,1138
2854,00;0,1137
2853,50;0,1136
2853,00;0,1134
2852,50;0,1131
2852,00;0,1127
2851,50;0,1125
2851,00;0,1125
2850,50;0,1127
2850,00;0,1130
2849,50;0,1133
2849,00;0,1136
2848,50;0,1139
2848,00;0,1142
2847,50;0,1143
2847,00;0,1144
2846,50;0,1143
2846,00;0,1142
2845,50;0,1139
2845,00;0,1137
2844,50;0,1135
2844,00;0,1133
2843,50;0,1131
2843,00;0,1129
2842,50;0,1127
2842,00;0,1125
2841,50;0,1124
2841,00;0,1122
2840,50;0,1120
2840,00;0,1118
2839,50;0,1117
2839,00;0,1117
2838,50;0,1117
2838,00;0,1118
2837,50;0,1117
2837,00;0,1117
2836,50;0,1116
2836,00;0,1115
2835,50;0,1114
2835,00;0,1114
2834,50;0,1113
2834,00;0,1112
2833,50;0,1110
2833,00;0,1110
2832,50;0,1110
2832,00;0,1111
2831,50;0,1110
2831,00;0,1109
2830,50;0,1108
2830,00;0,1108
2829,50;0,1107
2829,00;0,1108
2828,50;0,1108
2828,00;0,1107
2827,50;0,1106
2827,00;0,1105
2826,50;0,1103
2826,00;0,1103
2825,50;0,1103
2825,00;0,1104
2824,50;0,1105
2824,00;0,1104
2823,50;0,1103
2823,00;0,1101
2822,50;0,1099
2822,00;0,1098
2821,50;0,1097
2821,00;0,1097
2820,50;0,1096
2820,00;0,1096
2819,50;0,1096
2819,00;0,1096
2818,50;0,1097
2818,00;0,1097
2817,50;0,1097
2817,00;0,1096
2816,50;0,1095
2816,00;0,1093
2815,50;0,1091
2815,00;0,1089
2814,50;0,1088
2814,00;0,1088
2813,50;0,1088
2813,00;0,1088
2812,50;0,1088
2812,00;0,1088
2811,50;0,1088
2811,00;0,1088
2810,50;0,1088
2810,00;0,1089
2809,50;0,1088
2809,00;0,1087
2808,50;0,1086
2808,00;0,1085
2807,50;0,1085
2807,00;0,1085
2806,50;0,1085
2806,00;0,1084
2805,50;0,1083
2805,00;0,1082
2804,50;0,1082
2804,00;0,1082
2803,50;0,1083
2803,00;0,1084
2802,50;0,1084
2802,00;0,1083
2801,50;0,1081
2801,00;0,1079
2800,50;0,1076
2800,00;0,1074
2799,50;0,1074
2799,00;0,1075
2798,50;0,1076
2798,00;0,1077
2797,50;0,1077
2797,00;0,1076
2796,50;0,1075
2796,00;0,1074
2795,50;0,1073
2795,00;0,1072
2794,50;0,1072
2794,00;0,1072
2793,50;0,1072
2793,00;0,1071
2792,50;0,1071
2792,00;0,1071
2791,50;0,1071
2791,00;0,1071
2790,50;0,1070
2790,00;0,1069
2789,50;0,1068
2789,00;0,1068
2788,50;0,1067
2788,00;0,1066
2787,50;0,1064
2787,00;0,1062
2786,50;0,1062
2786,00;0,1063
2785,50;0,1064
2785,00;0,1064
2784,50;0,1063
2784,00;0,1062
2783,50;0,1062
2783,00;0,1063
2782,50;0,1063
2782,00;0,1064
2781,50;0,1064
2781,00;0,1064
2780,50;0,1063
2780,00;0,1061
2779,50;0,1061
2779,00;0,1061
2778,50;0,1061
2778,00;0,1060
2777,50;0,1060
2777,00;0,1060
2776,50;0,1061
2776,00;0,1061
2775,50;0,1061
2775,00;0,1059
2774,50;0,1058
2774,00;0,1058
2773,50;0,1059
2773,00;0,1060
2772,50;0,1060
2772,00;0,1060
2771,50;0,1060
2771,00;0,1060
2770,50;0,1060
2770,00;0,1060
2769,50;0,1059
2769,00;0,1058
2768,50;0,1057
2768,00;0,1055
2767,50;0,1054
2767,00;0,1053
2766,50;0,1052
2766,00;0,1052
2765,50;0,1053
2765,00;0,1054
2764,50;0,1056
2764,00;0,1056
2763,50;0,1056
2763,00;0,1056
2762,50;0,1056
2762,00;0,1056
2761,50;0,1056
2761,00;0,1056
2760,50;0,1057
2760,00;0,1057
2759,50;0,1056
2759,00;0,1055
2758,50;0,1053
2758,00;0,1053
2757,50;0,1054
2757,00;0,1055
2756,50;0,1054
2756,00;0,1052
2755,50;0,1052
2755,00;0,1052
2754,50;0,1053
2754,00;0,1052
2753,50;0,1051
2753,00;0,1049
2752,50;0,1048
2752,00;0,1046
2751,50;0,1045
2751,00;0,1046
2750,50;0,1047
2750,00;0,1050
2749,50;0,1053
2749,00;0,1054
2748,50;0,1054
2748,00;0,1053
2747,50;0,1052
2747,00;0,1052
2746,50;0,1051
2746,00;0,1051
2745,50;0,1049
2745,00;0,1047
2744,50;0,1046
2744,00;0,1046
2743,50;0,1046
2743,00;0,1046
2742,50;0,1045
2742,00;0,1044
2741,50;0,1044
2741,00;0,1044
2740,50;0,1044
2740,00;0,1044
2739,50;0,1044
2739,00;0,1045
2738,50;0,1045
2738,00;0,1044
2737,50;0,1043
2737,00;0,1042
2736,50;0,1042
2736,00;0,1044
2735,50;0,1045
2735,00;0,1046
2734,50;0,1046
2734,00;0,1046
2733,50;0,1046
2733,00;0,1046
2732,50;0,1045
2732,00;0,1045
2731,50;0,1044
2731,00;0,1044
2730,50;0,1044
2730,00;0,1043
2729,50;0,1042
2729,00;0,1041
2728,50;0,1040
2728,00;0,1040
2727,50;0,1040
2727,00;0,1040
2726,50;0,1041
2726,00;0,1041
2725,50;0,1042
2725,00;0,1042
2724,50;0,1041
2724,00;0,1040
2723,50;0,1038
2723,00;0,1037
2722,50;0,1037
2722,00;0,1039
2721,50;0,1040
2721,00;0,1040
2720,50;0,1039
2720,00;0,1038
2719,50;0,1038
2719,00;0,1038
2718,50;0,1038
2718,00;0,1038
2717,50;0,1038
2717,00;0,1038
2716,50;0,1038
2716,00;0,1038
2715,50;0,1039
2715,00;0,1039
2714,50;0,1039
2714,00;0,1038
2713,50;0,1037
2713,00;0,1037
2712,50;0,1037
2712,00;0,1039
2711,50;0,1040
2711,00;0,1042
2710,50;0,1042
2710,00;0,1042
2709,50;0,1041
2709,00;0,1039
2708,50;0,1038
2708,00;0,1038
2707,50;0,1038
2707,00;0,1039
2706,50;0,1039
2706,00;0,1039
2705,50;0,1039
2705,00;0,1038
2704,50;0,1037
2704,00;0,1037
2703,50;0,1036
2703,00;0,1035
2702,50;0,1035
2702,00;0,1035
2701,50;0,1036
2701,00;0,1037
2700,50;0,1037
2700,00;0,1038
2699,50;0,1037
2699,00;0,1037
2698,50;0,1036
2698,00;0,1036
2697,50;0,1035
2697,00;0,1036
2696,50;0,1037
2696,00;0,1038
2695,50;0,1038
2695,00;0,1038
2694,50;0,1037
2694,00;0,1038
2693,50;0,1038
2693,00;0,1039
2692,50;0,1039
2692,00;0,1038
2691,50;0,1038
2691,00;0,1038
2690,50;0,1039
2690,00;0,1040
2689,50;0,1039
2689,00;0,1038
2688,50;0,1038
2688,00;0,1038
2687,50;0,1038
2687,00;0,1037
2686,50;0,1036
2686,00;0,1037
2685,50;0,1038
2685,00;0,1038
2684,50;0,1038
2684,00;0,1037
2683,50;0,1036
2683,00;0,1035
2682,50;0,1035
2682,00;0,1036
2681,50;0,1036
2681,00;0,1037
2680,50;0,1037
2680,00;0,1036
2679,50;0,1036
2679,00;0,1036
2678,50;0,1036
2678,00;0,1036
2677,50;0,1036
2677,00;0,1035
2676,50;0,1035
2676,00;0,1035
2675,50;0,1036
2675,00;0,1037
2674,50;0,1037
2674,00;0,1037
2673,50;0,1036
2673,00;0,1036
2672,50;0,1036
2672,00;0,1036
2671,50;0,1037
2671,00;0,1038
2670,50;0,1041
2670,00;0,1043
2669,50;0,1043
2669,00;0,1042
2668,50;0,1040
2668,00;0,1037
2667,50;0,1035
2667,00;0,1035
2666,50;0,1036
2666,00;0,1038
2665,50;0,1040
2665,00;0,1040
2664,50;0,1039
2664,00;0,1038
2663,50;0,1037
2663,00;0,1036
2662,50;0,1037
2662,00;0,1037
2661,50;0,1036
2661,00;0,1034
2660,50;0,1034
2660,00;0,1034
2659,50;0,1034
2659,00;0,1034
2658,50;0,1034
2658,00;0,1034
2657,50;0,1034
2657,00;0,1033
2656,50;0,1032
2656,00;0,1032
2655,50;0,1031
2655,00;0,1032
2654,50;0,1032
2654,00;0,1032
2653,50;0,1031
2653,00;0,1031
2652,50;0,1032
2652,00;0,1032
2651,50;0,1031
2651,00;0,1030
2650,50;0,1030
2650,00;0,1030
2649,50;0,1031
2649,00;0,1031
2648,50;0,1031
2648,00;0,1032
2647,50;0,1032
2647,00;0,1032
2646,50;0,1033
2646,00;0,1033
2645,50;0,1034
2645,00;0,1034
2644,50;0,1033
2644,00;0,1033
2643,50;0,1032
2643,00;0,1032
2642,50;0,1034
2642,00;0,1036
2641,50;0,1037
2641,00;0,1036
2640,50;0,1036
2640,00;0,1036
2639,50;0,1036
2639,00;0,1036
2638,50;0,1035
2638,00;0,1033
2637,50;0,1032
2637,00;0,1031
2636,50;0,1030
2636,00;0,1029
2635,50;0,1030
2635,00;0,1031
2634,50;0,1032
2634,00;0,1034
2633,50;0,1035
2633,00;0,1035
2632,50;0,1035
2632,00;0,1035
2631,50;0,1034
2631,00;0,1034
2630,50;0,1035
2630,00;0,1035
2629,50;0,1035
2629,00;0,1035
2628,50;0,1034
2628,00;0,1033
2627,50;0,1033
2627,00;0,1034
2626,50;0,1035
2626,00;0,1036
2625,50;0,1037
2625,00;0,1038
2624,50;0,1038
2624,00;0,1038
2623,50;0,1039
2623,00;0,1039
2622,50;0,1037
2622,00;0,1035
2621,50;0,1034
2621,00;0,1035
2620,50;0,1037
2620,00;0,1038
2619,50;0,1038
2619,00;0,1037
2618,50;0,1035
2618,00;0,1033
2617,50;0,1032
2617,00;0,1032
2616,50;0,1034
2616,00;0,1036
2615,50;0,1037
2615,00;0,1038
2614,50;0,1038
2614,00;0,1038
2613,50;0,1037
2613,00;0,1036
2612,50;0,1035
2612,00;0,1036
2611,50;0,1039
2611,00;0,1042
2610,50;0,1044
2610,00;0,1044
2609,50;0,1044
2609,00;0,1045
2608,50;0,1046
2608,00;0,1048
2607,50;0,1050
2607,00;0,1050
2606,50;0,1049
2606,00;0,1046
2605,50;0,1043
2605,00;0,1040
2604,50;0,1040
2604,00;0,1042
2603,50;0,1045
2603,00;0,1047
2602,50;0,1046
2602,00;0,1043
2601,50;0,1039
2601,00;0,1037
2600,50;0,1038
2600,00;0,1040
2599,50;0,1043
2599,00;0,1043
2598,50;0,1042
2598,00;0,1042
2597,50;0,1044
2597,00;0,1047
2596,50;0,1050
2596,00;0,1050
2595,50;0,1048
2595,00;0,1045
2594,50;0,1043
2594,00;0,1044
2593,50;0,1046
2593,00;0,1049
2592,50;0,1051
2592,00;0,1053
2591,50;0,1052
2591,00;0,1049
2590,50;0,1047
2590,00;0,1047
2589,50;0,1050
2589,00;0,1053
2588,50;0,1053
2588,00;0,1052
2587,50;0,1052
2587,00;0,1055
2586,50;0,1057
2586,00;0,1057
2585,50;0,1054
2585,00;0,1051
2584,50;0,1047
2584,00;0,1044
2583,50;0,1043
2583,00;0,1042
2582,50;0,1041
2582,00;0,1039
2581,50;0,1037
2581,00;0,1036
2580,50;0,1036
2580,00;0,1037
2579,50;0,1041
2579,00;0,1046
2578,50;0,1050
2578,00;0,1054
2577,50;0,1056
2577,00;0,1057
2576,50;0,1057
2576,00;0,1057
2575,50;0,1056
2575,00;0,1054
2574,50;0,1050
2574,00;0,1045
2573,50;0,1042
2573,00;0,1042
2572,50;0,1046
2572,00;0,1051
2571,50;0,1056
2571,00;0,1060
2570,50;0,1061
2570,00;0,1059
2569,50;0,1057
2569,00;0,1056
2568,50;0,1057
2568,00;0,1058
2567,50;0,1056
2567,00;0,1054
2566,50;0,1054
2566,00;0,1055
2565,50;0,1054
2565,00;0,1050
2564,50;0,1046
2564,00;0,1044
2563,50;0,1046
2563,00;0,1051
2562,50;0,1055
2562,00;0,1057
2561,50;0,1059
2561,00;0,1062
2560,50;0,1064
2560,00;0,1065
2559,50;0,1062
2559,00;0,1058
2558,50;0,1053
2558,00;0,1053
2557,50;0,1057
2557,00;0,1065
2556,50;0,1072
2556,00;0,1076
2555,50;0,1075
2555,00;0,1072
2554,50;0,1068
2554,00;0,1065
2553,50;0,1061
2553,00;0,1058
2552,50;0,1056
2552,00;0,1057
2551,50;0,1058
2551,00;0,1059
2550,50;0,1059
2550,00;0,1059
2549,50;0,1060
2549,00;0,1061
2548,50;0,1061
2548,00;0,1059
2547,50;0,1056
2547,00;0,1055
2546,50;0,1056
2546,00;0,1060
2545,50;0,1063
2545,00;0,1065
2544,50;0,1066
2544,00;0,1066
2543,50;0,1064
2543,00;0,1062
2542,50;0,1060
2542,00;0,1059
2541,50;0,1060
2541,00;0,1063
2540,50;0,1067
2540,00;0,1072
2539,50;0,1072
2539,00;0,1069
2538,50;0,1064
2538,00;0,1060
2537,50;0,1058
2537,00;0,1057
2536,50;0,1055
2536,00;0,1054
2535,50;0,1054
2535,00;0,1055
2534,50;0,1056
2534,00;0,1058
2533,50;0,1058
2533,00;0,1056
2532,50;0,1054
2532,00;0,1052
2531,50;0,1054
2531,00;0,1057
2530,50;0,1061
2530,00;0,1065
2529,50;0,1068
2529,00;0,1071
2528,50;0,1073
2528,00;0,1074
2527,50;0,1072
2527,00;0,1069
2526,50;0,1066
2526,00;0,1068
2525,50;0,1074
2525,00;0,1080
2524,50;0,1085
2524,00;0,1087
2523,50;0,1087
2523,00;0,1086
2522,50;0,1083
2522,00;0,1076
2521,50;0,1066
2521,00;0,1057
2520,50;0,1053
2520,00;0,1057
2519,50;0,1064
2519,00;0,1070
2518,50;0,1074
2518,00;0,1078
2517,50;0,1082
2517,00;0,1083
2516,50;0,1078
2516,00;0,1071
2515,50;0,1064
2515,00;0,1062
2514,50;0,1065
2514,00;0,1071
2513,50;0,1077
2513,00;0,1080
2512,50;0,1078
2512,00;0,1073
2511,50;0,1069
2511,00;0,1065
2510,50;0,1066
2510,00;0,1072
2509,50;0,1080
2509,00;0,1089
2508,50;0,1093
2508,00;0,1094
2507,50;0,1090
2507,00;0,1083
2506,50;0,1073
2506,00;0,1062
2505,50;0,1055
2505,00;0,1054
2504,50;0,1059
2504,00;0,1070
2503,50;0,1082
2503,00;0,1093
2502,50;0,1097
2502,00;0,1093
2501,50;0,1085
2501,00;0,1077
2500,50;0,1074
2500,00;0,1075
2499,50;0,1080
2499,00;0,1087
2498,50;0,1094
2498,00;0,1101
2497,50;0,1104
2497,00;0,1101
2496,50;0,1093
2496,00;0,1083
2495,50;0,1075
2495,00;0,1072
2494,50;0,1077
2494,00;0,1088
2493,50;0,1099
2493,00;0,1105
2492,50;0,1106
2492,00;0,1100
2491,50;0,1091
2491,00;0,1084
2490,50;0,1080
2490,00;0,1081
2489,50;0,1087
2489,00;0,1097
2488,50;0,1106
2488,00;0,1112
2487,50;0,1112
2487,00;0,1105
2486,50;0,1096
2486,00;0,1088
2485,50;0,1085
2485,00;0,1084
2484,50;0,1086
2484,00;0,1091
2483,50;0,1099
2483,00;0,1109
2482,50;0,1116
2482,00;0,1117
2481,50;0,1113
2481,00;0,1104
2480,50;0,1098
2480,00;0,1096
2479,50;0,1100
2479,00;0,1105
2478,50;0,1110
2478,00;0,1113
2477,50;0,1115
2477,00;0,1114
2476,50;0,1110
2476,00;0,1105
2475,50;0,1099
2475,00;0,1095
2474,50;0,1096
2474,00;0,1103
2473,50;0,1112
2473,00;0,1120
2472,50;0,1126
2472,00;0,1129
2471,50;0,1133
2471,00;0,1134
2470,50;0,1133
2470,00;0,1129
2469,50;0,1124
2469,00;0,1123
2468,50;0,1126
2468,00;0,1130
2467,50;0,1132
2467,00;0,1128
2466,50;0,1121
2466,00;0,1116
2465,50;0,1113
2465,00;0,1113
2464,50;0,1114
2464,00;0,1114
2463,50;0,1117
2463,00;0,1122
2462,50;0,1129
2462,00;0,1138
2461,50;0,1145
2461,00;0,1147
2460,50;0,1147
2460,00;0,1145
2459,50;0,1143
2459,00;0,1141
2458,50;0,1139
2458,00;0,1138
2457,50;0,1137
2457,00;0,1135
2456,50;0,1135
2456,00;0,1136
2455,50;0,1139
2455,00;0,1144
2454,50;0,1148
2454,00;0,1153
2453,50;0,1160
2453,00;0,1166
2452,50;0,1172
2452,00;0,1176
2451,50;0,1176
2451,00;0,1173
2450,50;0,1168
2450,00;0,1162
2449,50;0,1158
2449,00;0,1156
2448,50;0,1159
2448,00;0,1168
2447,50;0,1179
2447,00;0,1185
2446,50;0,1185
2446,00;0,1185
2445,50;0,1188
2445,00;0,1193
2444,50;0,1197
2444,00;0,1199
2443,50;0,1201
2443,00;0,1206
2442,50;0,1214
2442,00;0,1223
2441,50;0,1231
2441,00;0,1234
2440,50;0,1234
2440,00;0,1230
2439,50;0,1226
2439,00;0,1221
2438,50;0,1219
2438,00;0,1221
2437,50;0,1227
2437,00;0,1236
2436,50;0,1245
2436,00;0,1253
2435,50;0,1262
2435,00;0,1272
2434,50;0,1282
2434,00;0,1291
2433,50;0,1299
2433,00;0,1306
2432,50;0,1312
2432,00;0,1319
2431,50;0,1327
2431,00;0,1335
2430,50;0,1340
2430,00;0,1341
2429,50;0,1340
2429,00;0,1341
2428,50;0,1345
2428,00;0,1355
2427,50;0,1368
2427,00;0,1382
2426,50;0,1394
2426,00;0,1403
2425,50;0,1408
2425,00;0,1409
2424,50;0,1408
2424,00;0,1405
2423,50;0,1402
2423,00;0,1399
2422,50;0,1397
2422,00;0,1397
2421,50;0,1401
2421,00;0,1408
2420,50;0,1414
2420,00;0,1417
2419,50;0,1417
2419,00;0,1417
2418,50;0,1414
2418,00;0,1411
2417,50;0,1409
2417,00;0,1410
2416,50;0,1411
2416,00;0,1410
2415,50;0,1405
2415,00;0,1399
2414,50;0,1390
2414,00;0,1382
2413,50;0,1375
2413,00;0,1371
2412,50;0,1368
2412,00;0,1368
2411,50;0,1369
2411,00;0,1371
2410,50;0,1371
2410,00;0,1369
2409,50;0,1363
2409,00;0,1353
2408,50;0,1340
2408,00;0,1328
2407,50;0,1319
2407,00;0,1315
2406,50;0,1314
2406,00;0,1313
2405,50;0,1312
2405,00;0,1311
2404,50;0,1311
2404,00;0,1308
2403,50;0,1303
2403,00;0,1296
2402,50;0,1287
2402,00;0,1277
2401,50;0,1268
2401,00;0,1263
2400,50;0,1263
2400,00;0,1266
2399,50;0,1269
2399,00;0,1268
2398,50;0,1263
2398,00;0,1255
2397,50;0,1247
2397,00;0,1241
2396,50;0,1237
2396,00;0,1236
2395,50;0,1236
2395,00;0,1235
2394,50;0,1234
2394,00;0,1234
2393,50;0,1233
2393,00;0,1231
2392,50;0,1227
2392,00;0,1222
2391,50;0,1218
2391,00;0,1215
2390,50;0,1215
2390,00;0,1214
2389,50;0,1214
2389,00;0,1212
2388,50;0,1209
2388,00;0,1204
2387,50;0,1199
2387,00;0,1194
2386,50;0,1189
2386,00;0,1187
2385,50;0,1187
2385,00;0,1188
2384,50;0,1189
2384,00;0,1189
2383,50;0,1188
2383,00;0,1186
2382,50;0,1184
2382,00;0,1180
2381,50;0,1175
2381,00;0,1170
2380,50;0,1168
2380,00;0,1169
2379,50;0,1170
2379,00;0,1170
2378,50;0,1167
2378,00;0,1162
2377,50;0,1158
2377,00;0,1155
2376,50;0,1153
2376,00;0,1152
2375,50;0,1152
2375,00;0,1152
2374,50;0,1151
2374,00;0,1149
2373,50;0,1147
2373,00;0,1146
2372,50;0,1145
2372,00;0,1143
2371,50;0,1140
2371,00;0,1137
2370,50;0,1132
2370,00;0,1131
2369,50;0,1132
2369,00;0,1135
2368,50;0,1139
2368,00;0,1140
2367,50;0,1139
2367,00;0,1137
2366,50;0,1134
2366,00;0,1133
2365,50;0,1131
2365,00;0,1131
2364,50;0,1132
2364,00;0,1133
2363,50;0,1136
2363,00;0,1137
2362,50;0,1136
2362,00;0,1134
2361,50;0,1130
2361,00;0,1126
2360,50;0,1122
2360,00;0,1122
2359,50;0,1118
2359,00;0,1123
2358,50;0,1116
2358,00;0,1141
2357,50;0,1165
2357,00;0,1165
2356,50;0,1154
2356,00;0,1146
2355,50;0,1119
2355,00;0,1078
2354,50;0,1088
2354,00;0,1081
2353,50;0,1083
2353,00;0,1084
2352,50;0,1083
2352,00;0,1092
2351,50;0,1085
2351,00;0,1109
2350,50;0,1138
2350,00;0,1122
2349,50;0,1127
2349,00;0,1117
2348,50;0,1141
2348,00;0,1169
2347,50;0,1166
2347,00;0,1172
2346,50;0,1173
2346,00;0,1176
2345,50;0,1176
2345,00;0,1177
2344,50;0,1180
2344,00;0,1181
2343,50;0,1182
2343,00;0,1184
2342,50;0,1187
2342,00;0,1188
2341,50;0,1189
2341,00;0,1192
2340,50;0,1191
2340,00;0,1186
2339,50;0,1183
2339,00;0,1177
2338,50;0,1172
2338,00;0,1170
2337,50;0,1172
2337,00;0,1169
2336,50;0,1171
2336,00;0,1157
2335,50;0,1139
2335,00;0,1142
2334,50;0,1138
2334,00;0,1138
2333,50;0,1136
2333,00;0,1136
2332,50;0,1136
2332,00;0,1136
2331,50;0,1137
2331,00;0,1137
2330,50;0,1137
2330,00;0,1135
2329,50;0,1135
2329,00;0,1138
2328,50;0,1139
2328,00;0,1137
2327,50;0,1136
2327,00;0,1135
2326,50;0,1130
2326,00;0,1122
2325,50;0,1120
2325,00;0,1123
2324,50;0,1124
2324,00;0,1125
2323,50;0,1131
2323,00;0,1136
2322,50;0,1133
2322,00;0,1130
2321,50;0,1135
2321,00;0,1136
2320,50;0,1134
2320,00;0,1125
2319,50;0,1135
2319,00;0,1123
2318,50;0,1164
2318,00;0,1216
2317,50;0,1203
2317,00;0,1210
2316,50;0,1211
2316,00;0,1216
2315,50;0,1211
2315,00;0,1209
2314,50;0,1210
2314,00;0,1211
2313,50;0,1207
2313,00;0,1203
2312,50;0,1204
2312,00;0,1208
2311,50;0,1208
2311,00;0,1207
2310,50;0,1207
2310,00;0,1208
2309,50;0,1206
2309,00;0,1203
2308,50;0,1204
2308,00;0,1207
2307,50;0,1211
2307,00;0,1207
2306,50;0,1213
2306,00;0,1189
2305,50;0,1161
2305,00;0,1169
2304,50;0,1167
2304,00;0,1171
2303,50;0,1171
2303,00;0,1174
2302,50;0,1175
2302,00;0,1175
2301,50;0,1177
2301,00;0,1183
2300,50;0,1190
2300,00;0,1195
2299,50;0,1197
2299,00;0,1195
2298,50;0,1190
2298,00;0,1184
2297,50;0,1178
2297,00;0,1177
2296,50;0,1180
2296,00;0,1185
2295,50;0,1189
2295,00;0,1191
2294,50;0,1193
2294,00;0,1194
2293,50;0,1195
2293,00;0,1194
2292,50;0,1190
2292,00;0,1185
2291,50;0,1181
2291,00;0,1179
2290,50;0,1178
2290,00;0,1178
2289,50;0,1180
2289,00;0,1184
2288,50;0,1188
2288,00;0,1189
2287,50;0,1188
2287,00;0,1186
2286,50;0,1186
2286,00;0,1188
2285,50;0,1191
2285,00;0,1192
2284,50;0,1189
2284,00;0,1186
2283,50;0,1185
2283,00;0,1187
2282,50;0,1190
2282,00;0,1193
2281,50;0,1195
2281,00;0,1196
2280,50;0,1198
2280,00;0,1201
2279,50;0,1204
2279,00;0,1206
2278,50;0,1205
2278,00;0,1199
2277,50;0,1192
2277,00;0,1185
2276,50;0,1183
2276,00;0,1185
2275,50;0,1192
2275,00;0,1199
2274,50;0,1205
2274,00;0,1207
2273,50;0,1206
2273,00;0,1203
2272,50;0,1199
2272,00;0,1194
2271,50;0,1191
2271,00;0,1192
2270,50;0,1198
2270,00;0,1205
2269,50;0,1211
2269,00;0,1215
2268,50;0,1217
2268,00;0,1216
2267,50;0,1215
2267,00;0,1211
2266,50;0,1208
2266,00;0,1207
2265,50;0,1208
2265,00;0,1210
2264,50;0,1213
2264,00;0,1215
2263,50;0,1217
2263,00;0,1217
2262,50;0,1215
2262,00;0,1210
2261,50;0,1204
2261,00;0,1199
2260,50;0,1197
2260,00;0,1198
2259,50;0,1204
2259,00;0,1212
2258,50;0,1219
2258,00;0,1221
2257,50;0,1219
2257,00;0,1216
2256,50;0,1215
2256,00;0,1217
2255,50;0,1220
2255,00;0,1223
2254,50;0,1228
2254,00;0,1233
2253,50;0,1235
2253,00;0,1232
2252,50;0,1224
2252,00;0,1212
2251,50;0,1200
2251,00;0,1195
2250,50;0,1198
2250,00;0,1208
2249,50;0,1217
2249,00;0,1222
2248,50;0,1226
2248,00;0,1229
2247,50;0,1227
2247,00;0,1221
2246,50;0,1214
2246,00;0,1209
2245,50;0,1209
2245,00;0,1211
2244,50;0,1214
2244,00;0,1218
2243,50;0,1225
2243,00;0,1232
2242,50;0,1236
2242,00;0,1235
2241,50;0,1230
2241,00;0,1226
2240,50;0,1226
2240,00;0,1229
2239,50;0,1233
2239,00;0,1235
2238,50;0,1238
2238,00;0,1239
2237,50;0,1238
2237,00;0,1232
2236,50;0,1224
2236,00;0,1217
2235,50;0,1213
2235,00;0,1211
2234,50;0,1209
2234,00;0,1209
2233,50;0,1212
2233,00;0,1216
2232,50;0,1218
2232,00;0,1219
2231,50;0,1217
2231,00;0,1216
2230,50;0,1215
2230,00;0,1214
2229,50;0,1211
2229,00;0,1208
2228,50;0,1207
2228,00;0,1211
2227,50;0,1215
2227,00;0,1215
2226,50;0,1211
2226,00;0,1212
2225,50;0,1221
2225,00;0,1233
2224,50;0,1241
2224,00;0,1240
2223,50;0,1234
2223,00;0,1226
2222,50;0,1222
2222,00;0,1226
2221,50;0,1236
2221,00;0,1243
2220,50;0,1244
2220,00;0,1239
2219,50;0,1235
2219,00;0,1235
2218,50;0,1234
2218,00;0,1230
2217,50;0,1225
2217,00;0,1224
2216,50;0,1222
2216,00;0,1215
2215,50;0,1205
2215,00;0,1196
2214,50;0,1195
2214,00;0,1202
2213,50;0,1214
2213,00;0,1223
2212,50;0,1229
2212,00;0,1229
2211,50;0,1224
2211,00;0,1217
2210,50;0,1210
2210,00;0,1206
2209,50;0,1207
2209,00;0,1209
2208,50;0,1209
2208,00;0,1208
2207,50;0,1206
2207,00;0,1204
2206,50;0,1201
2206,00;0,1199
2205,50;0,1197
2205,00;0,1193
2204,50;0,1189
2204,00;0,1187
2203,50;0,1192
2203,00;0,1201
2202,50;0,1209
2202,00;0,1213
2201,50;0,1214
2201,00;0,1214
2200,50;0,1213
2200,00;0,1210
2199,50;0,1204
2199,00;0,1197
2198,50;0,1192
2198,00;0,1193
2197,50;0,1203
2197,00;0,1216
2196,50;0,1224
2196,00;0,1225
2195,50;0,1220
2195,00;0,1212
2194,50;0,1203
2194,00;0,1195
2193,50;0,1193
2193,00;0,1195
2192,50;0,1197
2192,00;0,1201
2191,50;0,1207
2191,00;0,1214
2190,50;0,1216
2190,00;0,1212
2189,50;0,1204
2189,00;0,1198
2188,50;0,1193
2188,00;0,1190
2187,50;0,1189
2187,00;0,1190
2186,50;0,1191
2186,00;0,1190
2185,50;0,1193
2185,00;0,1202
2184,50;0,1210
2184,00;0,1209
2183,50;0,1200
2183,00;0,1190
2182,50;0,1186
2182,00;0,1190
2181,50;0,1199
2181,00;0,1210
2180,50;0,1217
2180,00;0,1216
2179,50;0,1206
2179,00;0,1192
2178,50;0,1180
2178,00;0,1171
2177,50;0,1163
2177,00;0,1159
2176,50;0,1161
2176,00;0,1172
2175,50;0,1190
2175,00;0,1209
2174,50;0,1218
2174,00;0,1213
2173,50;0,1198
2173,00;0,1181
2172,50;0,1169
2172,00;0,1165
2171,50;0,1168
2171,00;0,1174
2170,50;0,1182
2170,00;0,1189
2169,50;0,1190
2169,00;0,1185
2168,50;0,1173
2168,00;0,1157
2167,50;0,1145
2167,00;0,1139
2166,50;0,1141
2166,00;0,1145
2165,50;0,1151
2165,00;0,1158
2164,50;0,1163
2164,00;0,1164
2163,50;0,1159
2163,00;0,1149
2162,50;0,1136
2162,00;0,1122
2161,50;0,1116
2161,00;0,1127
2160,50;0,1155
2160,00;0,1189
2159,50;0,1214
2159,00;0,1221
2158,50;0,1218
2158,00;0,1211
2157,50;0,1205
2157,00;0,1201
2156,50;0,1197
2156,00;0,1197
2155,50;0,1201
2155,00;0,1209
2154,50;0,1215
2154,00;0,1217
2153,50;0,1210
2153,00;0,1200
2152,50;0,1190
2152,00;0,1185
2151,50;0,1186
2151,00;0,1188
2150,50;0,1183
2150,00;0,1173
2149,50;0,1163
2149,00;0,1162
2148,50;0,1169
2148,00;0,1178
2147,50;0,1181
2147,00;0,1180
2146,50;0,1180
2146,00;0,1182
2145,50;0,1185
2145,00;0,1189
2144,50;0,1193
2144,00;0,1196
2143,50;0,1192
2143,00;0,1183
2142,50;0,1171
2142,00;0,1162
2141,50;0,1157
2141,00;0,1156
2140,50;0,1158
2140,00;0,1160
2139,50;0,1161
2139,00;0,1161
2138,50;0,1162
2138,00;0,1164
2137,50;0,1164
2137,00;0,1160
2136,50;0,1156
2136,00;0,1156
2135,50;0,1163
2135,00;0,1173
2134,50;0,1179
2134,00;0,1179
2133,50;0,1174
2133,00;0,1166
2132,50;0,1160
2132,00;0,1157
2131,50;0,1156
2131,00;0,1153
2130,50;0,1148
2130,00;0,1144
2129,50;0,1142
2129,00;0,1143
2128,50;0,1144
2128,00;0,1144
2127,50;0,1145
2127,00;0,1147
2126,50;0,1149
2126,00;0,1151
2125,50;0,1153
2125,00;0,1155
2124,50;0,1155
2124,00;0,1153
2123,50;0,1149
2123,00;0,1146
2122,50;0,1145
2122,00;0,1142
2121,50;0,1137
2121,00;0,1131
2120,50;0,1126
2120,00;0,1124
2119,50;0,1125
2119,00;0,1127
2118,50;0,1129
2118,00;0,1130
2117,50;0,1130
2117,00;0,1130
2116,50;0,1129
2116,00;0,1127
2115,50;0,1124
2115,00;0,1121
2114,50;0,1121
2114,00;0,1124
2113,50;0,1127
2113,00;0,1128
2112,50;0,1126
2112,00;0,1121
2111,50;0,1117
2111,00;0,1113
2110,50;0,1110
2110,00;0,1106
2109,50;0,1103
2109,00;0,1103
2108,50;0,1105
2108,00;0,1110
2107,50;0,1114
2107,00;0,1117
2106,50;0,1119
2106,00;0,1121
2105,50;0,1123
2105,00;0,1124
2104,50;0,1123
2104,00;0,1118
2103,50;0,1111
2103,00;0,1106
2102,50;0,1105
2102,00;0,1110
2101,50;0,1116
2101,00;0,1121
2100,50;0,1119
2100,00;0,1108
2099,50;0,1096
2099,00;0,1089
2098,50;0,1089
2098,00;0,1096
2097,50;0,1103
2097,00;0,1108
2096,50;0,1113
2096,00;0,1117
2095,50;0,1119
2095,00;0,1118
2094,50;0,1112
2094,00;0,1106
2093,50;0,1101
2093,00;0,1099
2092,50;0,1101
2092,00;0,1103
2091,50;0,1105
2091,00;0,1105
2090,50;0,1101
2090,00;0,1095
2089,50;0,1089
2089,00;0,1085
2088,50;0,1082
2088,00;0,1080
2087,50;0,1081
2087,00;0,1083
2086,50;0,1087
2086,00;0,1090
2085,50;0,1091
2085,00;0,1091
2084,50;0,1089
2084,00;0,1086
2083,50;0,1085
2083,00;0,1086
2082,50;0,1089
2082,00;0,1096
2081,50;0,1105
2081,00;0,1111
2080,50;0,1111
2080,00;0,1105
2079,50;0,1096
2079,00;0,1089
2078,50;0,1087
2078,00;0,1088
2077,50;0,1091
2077,00;0,1096
2076,50;0,1101
2076,00;0,1106
2075,50;0,1107
2075,00;0,1106
2074,50;0,1100
2074,00;0,1093
2073,50;0,1088
2073,00;0,1086
2072,50;0,1083
2072,00;0,1080
2071,50;0,1079
2071,00;0,1082
2070,50;0,1089
2070,00;0,1093
2069,50;0,1092
2069,00;0,1086
2068,50;0,1080
2068,00;0,1076
2067,50;0,1076
2067,00;0,1080
2066,50;0,1085
2066,00;0,1089
2065,50;0,1091
2065,00;0,1092
2064,50;0,1092
2064,00;0,1090
2063,50;0,1087
2063,00;0,1087
2062,50;0,1092
2062,00;0,1100
2061,50;0,1106
2061,00;0,1108
2060,50;0,1106
2060,00;0,1100
2059,50;0,1093
2059,00;0,1086
2058,50;0,1084
2058,00;0,1085
2057,50;0,1087
2057,00;0,1087
2056,50;0,1084
2056,00;0,1080
2055,50;0,1080
2055,00;0,1083
2054,50;0,1088
2054,00;0,1091
2053,50;0,1088
2053,00;0,1077
2052,50;0,1060
2052,00;0,1042
2051,50;0,1028
2051,00;0,1027
2050,50;0,1036
2050,00;0,1049
2049,50;0,1056
2049,00;0,1058
2048,50;0,1060
2048,00;0,1065
2047,50;0,1075
2047,00;0,1085
2046,50;0,1093
2046,00;0,1096
2045,50;0,1097
2045,00;0,1099
2044,50;0,1102
2044,00;0,1101
2043,50;0,1091
2043,00;0,1076
2042,50;0,1064
2042,00;0,1058
2041,50;0,1056
2041,00;0,1056
2040,50;0,1056
2040,00;0,1056
2039,50;0,1056
2039,00;0,1059
2038,50;0,1067
2038,00;0,1075
2037,50;0,1081
2037,00;0,1083
2036,50;0,1083
2036,00;0,1081
2035,50;0,1079
2035,00;0,1077
2034,50;0,1080
2034,00;0,1089
2033,50;0,1103
2033,00;0,1115
2032,50;0,1117
2032,00;0,1106
2031,50;0,1089
2031,00;0,1078
2030,50;0,1077
2030,00;0,1080
2029,50;0,1080
2029,00;0,1078
2028,50;0,1079
2028,00;0,1082
2027,50;0,1083
2027,00;0,1079
2026,50;0,1074
2026,00;0,1071
2025,50;0,1066
2025,00;0,1061
2024,50;0,1058
2024,00;0,1058
2023,50;0,1057
2023,00;0,1056
2022,50;0,1056
2022,00;0,1061
2021,50;0,1066
2021,00;0,1069
2020,50;0,1070
2020,00;0,1070
2019,50;0,1068
2019,00;0,1065
2018,50;0,1063
2018,00;0,1063
2017,50;0,1062
2017,00;0,1059
2016,50;0,1056
2016,00;0,1057
2015,50;0,1064
2015,00;0,1074
2014,50;0,1082
2014,00;0,1085
2013,50;0,1081
2013,00;0,1071
2012,50;0,1061
2012,00;0,1058
2011,50;0,1062
2011,00;0,1068
2010,50;0,1071
2010,00;0,1070
2009,50;0,1070
2009,00;0,1076
2008,50;0,1086
2008,00;0,1094
2007,50;0,1095
2007,00;0,1089
2006,50;0,1081
2006,00;0,1074
2005,50;0,1073
2005,00;0,1079
2004,50;0,1090
2004,00;0,1102
2003,50;0,1106
2003,00;0,1099
2002,50;0,1086
2002,00;0,1073
2001,50;0,1066
2001,00;0,1066
2000,50;0,1073
2000,00;0,1080
1999,50;0,1084
1999,00;0,1082
1998,50;0,1078
1998,00;0,1076
1997,50;0,1076
1997,00;0,1079
1996,50;0,1081
1996,00;0,1081
1995,50;0,1081
1995,00;0,1081
1994,50;0,1079
1994,00;0,1077
1993,50;0,1074
1993,00;0,1073
1992,50;0,1077
1992,00;0,1083
1991,50;0,1086
1991,00;0,1082
1990,50;0,1072
1990,00;0,1064
1989,50;0,1063
1989,00;0,1068
1988,50;0,1076
1988,00;0,1083
1987,50;0,1088
1987,00;0,1091
1986,50;0,1093
1986,00;0,1092
1985,50;0,1089
1985,00;0,1084
1984,50;0,1081
1984,00;0,1077
1983,50;0,1072
1983,00;0,1064
1982,50;0,1057
1982,00;0,1058
1981,50;0,1068
1981,00;0,1083
1980,50;0,1094
1980,00;0,1097
1979,50;0,1094
1979,00;0,1091
1978,50;0,1090
1978,00;0,1091
1977,50;0,1090
1977,00;0,1089
1976,50;0,1090
1976,00;0,1094
1975,50;0,1098
1975,00;0,1099
1974,50;0,1097
1974,00;0,1092
1973,50;0,1087
1973,00;0,1084
1972,50;0,1086
1972,00;0,1089
1971,50;0,1091
1971,00;0,1091
1970,50;0,1090
1970,00;0,1086
1969,50;0,1079
1969,00;0,1072
1968,50;0,1070
1968,00;0,1075
1967,50;0,1083
1967,00;0,1087
1966,50;0,1087
1966,00;0,1086
1965,50;0,1087
1965,00;0,1090
1964,50;0,1091
1964,00;0,1093
1963,50;0,1096
1963,00;0,1098
1962,50;0,1096
1962,00;0,1090
1961,50;0,1085
1961,00;0,1085
1960,50;0,1092
1960,00;0,1099
1959,50;0,1104
1959,00;0,1106
1958,50;0,1107
1958,00;0,1105
1957,50;0,1100
1957,00;0,1095
1956,50;0,1091
1956,00;0,1088
1955,50;0,1085
1955,00;0,1084
1954,50;0,1086
1954,00;0,1091
1953,50;0,1096
1953,00;0,1097
1952,50;0,1094
1952,00;0,1090
1951,50;0,1088
1951,00;0,1091
1950,50;0,1096
1950,00;0,1100
1949,50;0,1098
1949,00;0,1092
1948,50;0,1085
1948,00;0,1079
1947,50;0,1076
1947,00;0,1075
1946,50;0,1077
1946,00;0,1081
1945,50;0,1086
1945,00;0,1091
1944,50;0,1096
1944,00;0,1096
1943,50;0,1092
1943,00;0,1084
1942,50;0,1077
1942,00;0,1073
1941,50;0,1074
1941,00;0,1077
1940,50;0,1083
1940,00;0,1088
1939,50;0,1092
1939,00;0,1095
1938,50;0,1099
1938,00;0,1103
1937,50;0,1104
1937,00;0,1101
1936,50;0,1096
1936,00;0,1093
1935,50;0,1092
1935,00;0,1093
1934,50;0,1096
1934,00;0,1100
1933,50;0,1104
1933,00;0,1105
1932,50;0,1103
1932,00;0,1099
1931,50;0,1093
1931,00;0,1088
1930,50;0,1086
1930,00;0,1089
1929,50;0,1093
1929,00;0,1097
1928,50;0,1097
1928,00;0,1094
1927,50;0,1092
1927,00;0,1094
1926,50;0,1097
1926,00;0,1099
1925,50;0,1098
1925,00;0,1094
1924,50;0,1091
1924,00;0,1090
1923,50;0,1090
1923,00;0,1090
1922,50;0,1089
1922,00;0,1090
1921,50;0,1092
1921,00;0,1094
1920,50;0,1096
1920,00;0,1098
1919,50;0,1099
1919,00;0,1097
1918,50;0,1096
1918,00;0,1099
1917,50;0,1105
1917,00;0,1112
1916,50;0,1115
1916,00;0,1112
1915,50;0,1108
1915,00;0,1105
1914,50;0,1103
1914,00;0,1103
1913,50;0,1104
1913,00;0,1106
1912,50;0,1109
1912,00;0,1111
1911,50;0,1113
1911,00;0,1114
1910,50;0,1115
1910,00;0,1117
1909,50;0,1117
1909,00;0,1116
1908,50;0,1113
1908,00;0,1108
1907,50;0,1104
1907,00;0,1101
1906,50;0,1099
1906,00;0,1100
1905,50;0,1102
1905,00;0,1104
1904,50;0,1105
1904,00;0,1103
1903,50;0,1101
1903,00;0,1102
1902,50;0,1104
1902,00;0,1107
1901,50;0,1110
1901,00;0,1112
1900,50;0,1111
1900,00;0,1108
1899,50;0,1106
1899,00;0,1107
1898,50;0,1110
1898,00;0,1113
1897,50;0,1114
1897,00;0,1113
1896,50;0,1110
1896,00;0,1106
1895,50;0,1102
1895,00;0,1100
1894,50;0,1099
1894,00;0,1100
1893,50;0,1101
1893,00;0,1103
1892,50;0,1106
1892,00;0,1108
1891,50;0,1107
1891,00;0,1104
1890,50;0,1103
1890,00;0,1104
1889,50;0,1104
1889,00;0,1104
1888,50;0,1103
1888,00;0,1104
1887,50;0,1108
1887,00;0,1114
1886,50;0,1120
1886,00;0,1123
1885,50;0,1120
1885,00;0,1115
1884,50;0,1111
1884,00;0,1110
1883,50;0,1112
1883,00;0,1115
1882,50;0,1117
1882,00;0,1120
1881,50;0,1122
1881,00;0,1123
1880,50;0,1123
1880,00;0,1123
1879,50;0,1121
1879,00;0,1119
1878,50;0,1117
1878,00;0,1115
1877,50;0,1113
1877,00;0,1112
1876,50;0,1111
1876,00;0,1112
1875,50;0,1114
1875,00;0,1117
1874,50;0,1120
1874,00;0,1121
1873,50;0,1122
1873,00;0,1122
1872,50;0,1122
1872,00;0,1121
1871,50;0,1120
1871,00;0,1119
1870,50;0,1120
1870,00;0,1122
1869,50;0,1123
1869,00;0,1124
1868,50;0,1124
1868,00;0,1124
1867,50;0,1122
1867,00;0,1119
1866,50;0,1116
1866,00;0,1116
1865,50;0,1118
1865,00;0,1121
1864,50;0,1124
1864,00;0,1125
1863,50;0,1126
1863,00;0,1127
1862,50;0,1129
1862,00;0,1131
1861,50;0,1132
1861,00;0,1133
1860,50;0,1132
1860,00;0,1132
1859,50;0,1131
1859,00;0,1130
1858,50;0,1128
1858,00;0,1128
1857,50;0,1129
1857,00;0,1130
1856,50;0,1131
1856,00;0,1132
1855,50;0,1133
1855,00;0,1133
1854,50;0,1132
1854,00;0,1130
1853,50;0,1130
1853,00;0,1133
1852,50;0,1136
1852,00;0,1138
1851,50;0,1137
1851,00;0,1135
1850,50;0,1135
1850,00;0,1138
1849,50;0,1140
1849,00;0,1142
1848,50;0,1143
1848,00;0,1143
1847,50;0,1143
1847,00;0,1142
1846,50;0,1140
1846,00;0,1138
1845,50;0,1135
1845,00;0,1132
1844,50;0,1131
1844,00;0,1131
1843,50;0,1133
1843,00;0,1135
1842,50;0,1135
1842,00;0,1136
1841,50;0,1139
1841,00;0,1143
1840,50;0,1145
1840,00;0,1145
1839,50;0,1142
1839,00;0,1139
1838,50;0,1137
1838,00;0,1139
1837,50;0,1142
1837,00;0,1145
1836,50;0,1145
1836,00;0,1143
1835,50;0,1141
1835,00;0,1142
1834,50;0,1144
1834,00;0,1146
1833,50;0,1148
1833,00;0,1149
1832,50;0,1149
1832,00;0,1147
1831,50;0,1146
1831,00;0,1145
1830,50;0,1146
1830,00;0,1147
1829,50;0,1147
1829,00;0,1148
1828,50;0,1149
1828,00;0,1150
1827,50;0,1151
1827,00;0,1151
1826,50;0,1152
1826,00;0,1153
1825,50;0,1154
1825,00;0,1153
1824,50;0,1152
1824,00;0,1151
1823,50;0,1152
1823,00;0,1154
1822,50;0,1157
1822,00;0,1160
1821,50;0,1162
1821,00;0,1163
1820,50;0,1162
1820,00;0,1159
1819,50;0,1158
1819,00;0,1159
1818,50;0,1162
1818,00;0,1167
1817,50;0,1169
1817,00;0,1169
1816,50;0,1167
1816,00;0,1165
1815,50;0,1163
1815,00;0,1164
1814,50;0,1166
1814,00;0,1168
1813,50;0,1168
1813,00;0,1168
1812,50;0,1168
1812,00;0,1168
1811,50;0,1168
1811,00;0,1167
1810,50;0,1167
1810,00;0,1168
1809,50;0,1171
1809,00;0,1172
1808,50;0,1172
1808,00;0,1170
1807,50;0,1167
1807,00;0,1165
1806,50;0,1166
1806,00;0,1167
1805,50;0,1168
1805,00;0,1168
1804,50;0,1169
1804,00;0,1171
1803,50;0,1172
1803,00;0,1173
1802,50;0,1174
1802,00;0,1174
1801,50;0,1174
1801,00;0,1174
1800,50;0,1175
1800,00;0,1175
1799,50;0,1177
1799,00;0,1180
1798,50;0,1181
1798,00;0,1179
1797,50;0,1177
1797,00;0,1176
1796,50;0,1179
1796,00;0,1182
1795,50;0,1183
1795,00;0,1182
1794,50;0,1180
1794,00;0,1179
1793,50;0,1178
1793,00;0,1178
1792,50;0,1178
1792,00;0,1180
1791,50;0,1181
1791,00;0,1182
1790,50;0,1184
1790,00;0,1185
1789,50;0,1185
1789,00;0,1185
1788,50;0,1187
1788,00;0,1190
1787,50;0,1194
1787,00;0,1196
1786,50;0,1196
1786,00;0,1195
1785,50;0,1194
1785,00;0,1194
1784,50;0,1196
1784,00;0,1199
1783,50;0,1201
1783,00;0,1201
1782,50;0,1200
1782,00;0,1199
1781,50;0,1199
1781,00;0,1200
1780,50;0,1201
1780,00;0,1202
1779,50;0,1202
1779,00;0,1203
1778,50;0,1203
1778,00;0,1204
1777,50;0,1204
1777,00;0,1203
1776,50;0,1203
1776,00;0,1205
1775,50;0,1207
1775,00;0,1210
1774,50;0,1212
1774,00;0,1213
1773,50;0,1213
1773,00;0,1213
1772,50;0,1212
1772,00;0,1212
1771,50;0,1212
1771,00;0,1213
1770,50;0,1215
1770,00;0,1218
1769,50;0,1219
1769,00;0,1219
1768,50;0,1217
1768,00;0,1216
1767,50;0,1217
1767,00;0,1221
1766,50;0,1225
1766,00;0,1227
1765,50;0,1228
1765,00;0,1227
1764,50;0,1227
1764,00;0,1228
1763,50;0,1228
1763,00;0,1228
1762,50;0,1227
1762,00;0,1226
1761,50;0,1227
1761,00;0,1228
1760,50;0,1230
1760,00;0,1231
1759,50;0,1232
1759,00;0,1233
1758,50;0,1234
1758,00;0,1235
1757,50;0,1235
1757,00;0,1235
1756,50;0,1236
1756,00;0,1236
1755,50;0,1238
1755,00;0,1239
1754,50;0,1241
1754,00;0,1242
1753,50;0,1242
1753,00;0,1242
1752,50;0,1242
1752,00;0,1242
1751,50;0,1243
1751,00;0,1245
1750,50;0,1248
1750,00;0,1250
1749,50;0,1250
1749,00;0,1249
1748,50;0,1249
1748,00;0,1250
1747,50;0,1250
1747,00;0,1249
1746,50;0,1249
1746,00;0,1249
1745,50;0,1251
1745,00;0,1253
1744,50;0,1255
1744,00;0,1257
1743,50;0,1258
1743,00;0,1257
1742,50;0,1255
1742,00;0,1255
1741,50;0,1254
1741,00;0,1253
1740,50;0,1253
1740,00;0,1253
1739,50;0,1254
1739,00;0,1256
1738,50;0,1255
1738,00;0,1253
1737,50;0,1252
1737,00;0,1251
1736,50;0,1252
1736,00;0,1254
1735,50;0,1254
1735,00;0,1252
1734,50;0,1249
1734,00;0,1246
1733,50;0,1244
1733,00;0,1243
1732,50;0,1241
1732,00;0,1240
1731,50;0,1241
1731,00;0,1242
1730,50;0,1242
1730,00;0,1243
1729,50;0,1244
1729,00;0,1247
1728,50;0,1250
1728,00;0,1252
1727,50;0,1254
1727,00;0,1255
1726,50;0,1257
1726,00;0,1259
1725,50;0,1261
1725,00;0,1263
1724,50;0,1264
1724,00;0,1266
1723,50;0,1268
1723,00;0,1272
1722,50;0,1277
1722,00;0,1281
1721,50;0,1284
1721,00;0,1285
1720,50;0,1285
1720,00;0,1284
1719,50;0,1284
1719,00;0,1283
1718,50;0,1282
1718,00;0,1282
1717,50;0,1285
1717,00;0,1289
1716,50;0,1294
1716,00;0,1299
1715,50;0,1302
1715,00;0,1304
1714,50;0,1305
1714,00;0,1305
1713,50;0,1306
1713,00;0,1307
1712,50;0,1310
1712,00;0,1313
1711,50;0,1314
1711,00;0,1314
1710,50;0,1313
1710,00;0,1314
1709,50;0,1316
1709,00;0,1319
1708,50;0,1322
1708,00;0,1323
1707,50;0,1323
1707,00;0,1323
1706,50;0,1324
1706,00;0,1325
1705,50;0,1328
1705,00;0,1330
1704,50;0,1331
1704,00;0,1332
1703,50;0,1334
1703,00;0,1336
1702,50;0,1338
1702,00;0,1339
1701,50;0,1340
1701,00;0,1339
1700,50;0,1338
1700,00;0,1340
1699,50;0,1346
1699,00;0,1349
1698,50;0,1349
1698,00;0,1350
1697,50;0,1352
1697,00;0,1354
1696,50;0,1354
1696,00;0,1353
1695,50;0,1353
1695,00;0,1356
1694,50;0,1361
1694,00;0,1364
1693,50;0,1364
1693,00;0,1365
1692,50;0,1366
1692,00;0,1366
1691,50;0,1367
1691,00;0,1367
1690,50;0,1367
1690,00;0,1366
1689,50;0,1366
1689,00;0,1368
1688,50;0,1370
1688,00;0,1372
1687,50;0,1373
1687,00;0,1374
1686,50;0,1374
1686,00;0,1374
1685,50;0,1373
1685,00;0,1373
1684,50;0,1375
1684,00;0,1377
1683,50;0,1378
1683,00;0,1379
1682,50;0,1382
1682,00;0,1386
1681,50;0,1389
1681,00;0,1392
1680,50;0,1394
1680,00;0,1393
1679,50;0,1393
1679,00;0,1393
1678,50;0,1394
1678,00;0,1397
1677,50;0,1400
1677,00;0,1402
1676,50;0,1404
1676,00;0,1403
1675,50;0,1403
1675,00;0,1404
1674,50;0,1406
1674,00;0,1407
1673,50;0,1406
1673,00;0,1405
1672,50;0,1405
1672,00;0,1407
1671,50;0,1409
1671,00;0,1412
1670,50;0,1414
1670,00;0,1415
1669,50;0,1414
1669,00;0,1413
1668,50;0,1414
1668,00;0,1417
1667,50;0,1419
1667,00;0,1421
1666,50;0,1422
1666,00;0,1424
1665,50;0,1426
1665,00;0,1427
1664,50;0,1429
1664,00;0,1430
1663,50;0,1431
1663,00;0,1431
1662,50;0,1431
1662,00;0,1431
1661,50;0,1431
1661,00;0,1432
1660,50;0,1434
1660,00;0,1436
1659,50;0,1438
1659,00;0,1439
1658,50;0,1440
1658,00;0,1441
1657,50;0,1441
1657,00;0,1441
1656,50;0,1442
1656,00;0,1443
1655,50;0,1445
1655,00;0,1445
1654,50;0,1445
1654,00;0,1446
1653,50;0,1449
1653,00;0,1451
1652,50;0,1451
1652,00;0,1452
1651,50;0,1453
1651,00;0,1453
1650,50;0,1454
1650,00;0,1454
1649,50;0,1454
1649,00;0,1453
1648,50;0,1450
1648,00;0,1448
1647,50;0,1448
1647,00;0,1448
1646,50;0,1449
1646,00;0,1450
1645,50;0,1454
1645,00;0,1457
1644,50;0,1459
1644,00;0,1459
1643,50;0,1460
1643,00;0,1460
1642,50;0,1461
1642,00;0,1461
1641,50;0,1462
1641,00;0,1461
1640,50;0,1461
1640,00;0,1461
1639,50;0,1461
1639,00;0,1460
1638,50;0,1459
1638,00;0,1459
1637,50;0,1460
1637,00;0,1463
1636,50;0,1468
1636,00;0,1474
1635,50;0,1478
1635,00;0,1481
1634,50;0,1484
1634,00;0,1486
1633,50;0,1485
1633,00;0,1484
1632,50;0,1482
1632,00;0,1481
1631,50;0,1479
1631,00;0,1479
1630,50;0,1479
1630,00;0,1480
1629,50;0,1481
1629,00;0,1480
1628,50;0,1479
1628,00;0,1477
1627,50;0,1475
1627,00;0,1473
1626,50;0,1471
1626,00;0,1469
1625,50;0,1470
1625,00;0,1472
1624,50;0,1476
1624,00;0,1478
1623,50;0,1479
1623,00;0,1478
1622,50;0,1478
1622,00;0,1477
1621,50;0,1476
1621,00;0,1475
1620,50;0,1476
1620,00;0,1477
1619,50;0,1478
1619,00;0,1479
1618,50;0,1479
1618,00;0,1479
1617,50;0,1479
1617,00;0,1479
1616,50;0,1480
1616,00;0,1482
1615,50;0,1482
1615,00;0,1480
1614,50;0,1478
1614,00;0,1477
1613,50;0,1478
1613,00;0,1479
1612,50;0,1480
1612,00;0,1480
1611,50;0,1481
1611,00;0,1482
1610,50;0,1484
1610,00;0,1486
1609,50;0,1488
1609,00;0,1487
1608,50;0,1485
1608,00;0,1484
1607,50;0,1484
1607,00;0,1487
1606,50;0,1490
1606,00;0,1492
1605,50;0,1492
1605,00;0,1491
1604,50;0,1490
1604,00;0,1491
1603,50;0,1492
1603,00;0,1491
1602,50;0,1488
1602,00;0,1485
1601,50;0,1483
1601,00;0,1482
1600,50;0,1484
1600,00;0,1487
1599,50;0,1490
1599,00;0,1490
1598,50;0,1489
1598,00;0,1487
1597,50;0,1485
1597,00;0,1484
1596,50;0,1482
1596,00;0,1480
1595,50;0,1479
1595,00;0,1479
1594,50;0,1480
1594,00;0,1482
1593,50;0,1484
1593,00;0,1485
1592,50;0,1483
1592,00;0,1481
1591,50;0,1480
1591,00;0,1479
1590,50;0,1480
1590,00;0,1482
1589,50;0,1485
1589,00;0,1487
1588,50;0,1488
1588,00;0,1488
1587,50;0,1487
1587,00;0,1485
1586,50;0,1483
1586,00;0,1481
1585,50;0,1482
1585,00;0,1482
1584,50;0,1483
1584,00;0,1484
1583,50;0,1485
1583,00;0,1485
1582,50;0,1483
1582,00;0,1482
1581,50;0,1481
1581,00;0,1481
1580,50;0,1482
1580,00;0,1483
1579,50;0,1483
1579,00;0,1482
1578,50;0,1480
1578,00;0,1480
1577,50;0,1482
1577,00;0,1485
1576,50;0,1487
1576,00;0,1488
1575,50;0,1488
1575,00;0,1487
1574,50;0,1485
1574,00;0,1483
1573,50;0,1483
1573,00;0,1483
1572,50;0,1484
1572,00;0,1485
1571,50;0,1485
1571,00;0,1486
1570,50;0,1486
1570,00;0,1485
1569,50;0,1484
1569,00;0,1483
1568,50;0,1482
1568,00;0,1481
1567,50;0,1481
1567,00;0,1483
1566,50;0,1487
1566,00;0,1489
1565,50;0,1489
1565,00;0,1488
1564,50;0,1486
1564,00;0,1484
1563,50;0,1483
1563,00;0,1483
1562,50;0,1485
1562,00;0,1486
1561,50;0,1486
1561,00;0,1486
1560,50;0,1485
1560,00;0,1483
1559,50;0,1481
1559,00;0,1480
1558,50;0,1479
1558,00;0,1479
1557,50;0,1481
1557,00;0,1485
1556,50;0,1487
1556,00;0,1488
1555,50;0,1489
1555,00;0,1490
1554,50;0,1491
1554,00;0,1491
1553,50;0,1489
1553,00;0,1488
1552,50;0,1487
1552,00;0,1486
1551,50;0,1485
1551,00;0,1483
1550,50;0,1480
1550,00;0,1477
1549,50;0,1475
1549,00;0,1475
1548,50;0,1476
1548,00;0,1477
1547,50;0,1478
1547,00;0,1480
1546,50;0,1481
1546,00;0,1480
1545,50;0,1480
1545,00;0,1481
1544,50;0,1483
1544,00;0,1484
1543,50;0,1483
1543,00;0,1483
1542,50;0,1483
1542,00;0,1482
1541,50;0,1483
1541,00;0,1483
1540,50;0,1484
1540,00;0,1486
1539,50;0,1489
1539,00;0,1492
1538,50;0,1494
1538,00;0,1493
1537,50;0,1491
1537,00;0,1489
1536,50;0,1489
1536,00;0,1489
1535,50;0,1489
1535,00;0,1489
1534,50;0,1487
1534,00;0,1485
1533,50;0,1484
1533,00;0,1485
1532,50;0,1485
1532,00;0,1484
1531,50;0,1484
1531,00;0,1484
1530,50;0,1484
1530,00;0,1484
1529,50;0,1483
1529,00;0,1483
1528,50;0,1483
1528,00;0,1482
1527,50;0,1480
1527,00;0,1480
1526,50;0,1480
1526,00;0,1480
1525,50;0,1481
1525,00;0,1483
1524,50;0,1485
1524,00;0,1486
1523,50;0,1488
1523,00;0,1488
1522,50;0,1487
1522,00;0,1484
1521,50;0,1480
1521,00;0,1479
1520,50;0,1479
1520,00;0,1482
1519,50;0,1485
1519,00;0,1487
1518,50;0,1487
1518,00;0,1487
1517,50;0,1486
1517,00;0,1486
1516,50;0,1486
1516,00;0,1486
1515,50;0,1485
1515,00;0,1484
1514,50;0,1485
1514,00;0,1487
1513,50;0,1487
1513,00;0,1486
1512,50;0,1485
1512,00;0,1485
1511,50;0,1484
1511,00;0,1483
1510,50;0,1482
1510,00;0,1480
1509,50;0,1480
1509,00;0,1480
1508,50;0,1480
1508,00;0,1480
1507,50;0,1479
1507,00;0,1480
1506,50;0,1481
1506,00;0,1482
1505,50;0,1483
1505,00;0,1484
1504,50;0,1486
1504,00;0,1489
1503,50;0,1491
1503,00;0,1491
1502,50;0,1488
1502,00;0,1486
1501,50;0,1483
1501,00;0,1482
1500,50;0,1483
1500,00;0,1486
1499,50;0,1488
1499,00;0,1489
1498,50;0,1489
1498,00;0,1489
1497,50;0,1488
1497,00;0,1487
1496,50;0,1486
1496,00;0,1486
1495,50;0,1487
1495,00;0,1488
1494,50;0,1488
1494,00;0,1487
1493,50;0,1487
1493,00;0,1486
1492,50;0,1484
1492,00;0,1483
1491,50;0,1480
1491,00;0,1477
1490,50;0,1474
1490,00;0,1473
1489,50;0,1475
1489,00;0,1477
1488,50;0,1478
1488,00;0,1478
1487,50;0,1477
1487,00;0,1477
1486,50;0,1477
1486,00;0,1475
1485,50;0,1472
1485,00;0,1470
1484,50;0,1469
1484,00;0,1470
1483,50;0,1471
1483,00;0,1471
1482,50;0,1470
1482,00;0,1469
1481,50;0,1468
1481,00;0,1465
1480,50;0,1463
1480,00;0,1461
1479,50;0,1461
1479,00;0,1461
1478,50;0,1462
1478,00;0,1463
1477,50;0,1463
1477,00;0,1462
1476,50;0,1461
1476,00;0,1461
1475,50;0,1461
1475,00;0,1462
1474,50;0,1463
1474,00;0,1463
1473,50;0,1463
1473,00;0,1462
1472,50;0,1460
1472,00;0,1460
1471,50;0,1461
1471,00;0,1463
1470,50;0,1463
1470,00;0,1462
1469,50;0,1460
1469,00;0,1459
1468,50;0,1460
1468,00;0,1460
1467,50;0,1460
1467,00;0,1458
1466,50;0,1456
1466,00;0,1454
1465,50;0,1451
1465,00;0,1449
1464,50;0,1448
1464,00;0,1447
1463,50;0,1448
1463,00;0,1450
1462,50;0,1452
1462,00;0,1455
1461,50;0,1456
1461,00;0,1457
1460,50;0,1456
1460,00;0,1454
1459,50;0,1450
1459,00;0,1447
1458,50;0,1444
1458,00;0,1444
1457,50;0,1445
1457,00;0,1446
1456,50;0,1447
1456,00;0,1447
1455,50;0,1446
1455,00;0,1444
1454,50;0,1442
1454,00;0,1440
1453,50;0,1440
1453,00;0,1441
1452,50;0,1441
1452,00;0,1441
1451,50;0,1441
1451,00;0,1443
1450,50;0,1443
1450,00;0,1443
1449,50;0,1442
1449,00;0,1440
1448,50;0,1439
1448,00;0,1439
1447,50;0,1441
1447,00;0,1441
1446,50;0,1440
1446,00;0,1438
1445,50;0,1437
1445,00;0,1437
1444,50;0,1436
1444,00;0,1435
1443,50;0,1433
1443,00;0,1431
1442,50;0,1430
1442,00;0,1431
1441,50;0,1432
1441,00;0,1433
1440,50;0,1434
1440,00;0,1435
1439,50;0,1434
1439,00;0,1433
1438,50;0,1431
1438,00;0,1429
1437,50;0,1428
1437,00;0,1427
1436,50;0,1427
1436,00;0,1430
1435,50;0,1432
1435,00;0,1432
1434,50;0,1430
1434,00;0,1428
1433,50;0,1427
1433,00;0,1426
1432,50;0,1426
1432,00;0,1426
1431,50;0,1427
1431,00;0,1428
1430,50;0,1428
1430,00;0,1428
1429,50;0,1427
1429,00;0,1426
1428,50;0,1424
1428,00;0,1423
1427,50;0,1422
1427,00;0,1422
1426,50;0,1423
1426,00;0,1424
1425,50;0,1425
1425,00;0,1425
1424,50;0,1423
1424,00;0,1421
1423,50;0,1421
1423,00;0,1422
1422,50;0,1422
1422,00;0,1421
1421,50;0,1419
1421,00;0,1417
1420,50;0,1416
1420,00;0,1415
1419,50;0,1414
1419,00;0,1415
1418,50;0,1415
1418,00;0,1415
1417,50;0,1414
1417,00;0,1413
1416,50;0,1413
1416,00;0,1414
1415,50;0,1416
1415,00;0,1417
1414,50;0,1417
1414,00;0,1417
1413,50;0,1415
1413,00;0,1412
1412,50;0,1409
1412,00;0,1406
1411,50;0,1403
1411,00;0,1401
1410,50;0,1401
1410,00;0,1401
1409,50;0,1402
1409,00;0,1402
1408,50;0,1403
1408,00;0,1405
1407,50;0,1407
1407,00;0,1408
1406,50;0,1407
1406,00;0,1405
1405,50;0,1404
1405,00;0,1404
1404,50;0,1405
1404,00;0,1406
1403,50;0,1406
1403,00;0,1404
1402,50;0,1400
1402,00;0,1395
1401,50;0,1392
1401,00;0,1390
1400,50;0,1390
1400,00;0,1390
1399,50;0,1390
1399,00;0,1387
1398,50;0,1384
1398,00;0,1381
1397,50;0,1379
1397,00;0,1379
1396,50;0,1379
1396,00;0,1379
1395,50;0,1379
1395,00;0,1378
1394,50;0,1377
1394,00;0,1378
1393,50;0,1378
1393,00;0,1376
1392,50;0,1373
1392,00;0,1371
1391,50;0,1372
1391,00;0,1375
1390,50;0,1378
1390,00;0,1380
1389,50;0,1380
1389,00;0,1381
1388,50;0,1381
1388,00;0,1381
1387,50;0,1382
1387,00;0,1382
1386,50;0,1382
1386,00;0,1382
1385,50;0,1383
1385,00;0,1384
1384,50;0,1384
1384,00;0,1381
1383,50;0,1377
1383,00;0,1374
1382,50;0,1373
1382,00;0,1374
1381,50;0,1376
1381,00;0,1376
1380,50;0,1376
1380,00;0,1375
1379,50;0,1374
1379,00;0,1371
1378,50;0,1368
1378,00;0,1365
1377,50;0,1364
1377,00;0,1363
1376,50;0,1363
1376,00;0,1364
1375,50;0,1364
1375,00;0,1362
1374,50;0,1360
1374,00;0,1359
1373,50;0,1359
1373,00;0,1360
1372,50;0,1361
1372,00;0,1362
1371,50;0,1363
1371,00;0,1364
1370,50;0,1362
1370,00;0,1359
1369,50;0,1356
1369,00;0,1354
1368,50;0,1353
1368,00;0,1352
1367,50;0,1351
1367,00;0,1351
1366,50;0,1352
1366,00;0,1353
1365,50;0,1353
1365,00;0,1353
1364,50;0,1351
1364,00;0,1348
1363,50;0,1346
1363,00;0,1343
1362,50;0,1342
1362,00;0,1340
1361,50;0,1339
1361,00;0,1338
1360,50;0,1338
1360,00;0,1338
1359,50;0,1338
1359,00;0,1338
1358,50;0,1340
1358,00;0,1341
1357,50;0,1342
1357,00;0,1342
1356,50;0,1342
1356,00;0,1343
1355,50;0,1343
1355,00;0,1343
1354,50;0,1343
1354,00;0,1343
1353,50;0,1343
1353,00;0,1343
1352,50;0,1342
1352,00;0,1343
1351,50;0,1343
1351,00;0,1343
1350,50;0,1341
1350,00;0,1340
1349,50;0,1338
1349,00;0,1337
1348,50;0,1335
1348,00;0,1333
1347,50;0,1332
1347,00;0,1333
1346,50;0,1334
1346,00;0,1336
1345,50;0,1338
1345,00;0,1337
1344,50;0,1335
1344,00;0,1333
1343,50;0,1332
1343,00;0,1330
1342,50;0,1329
1342,00;0,1328
1341,50;0,1328
1341,00;0,1328
1340,50;0,1326
1340,00;0,1326
1339,50;0,1326
1339,00;0,1327
1338,50;0,1328
1338,00;0,1328
1337,50;0,1326
1337,00;0,1324
1336,50;0,1322
1336,00;0,1322
1335,50;0,1322
1335,00;0,1324
1334,50;0,1325
1334,00;0,1325
1333,50;0,1324
1333,00;0,1323
1332,50;0,1322
1332,00;0,1321
1331,50;0,1321
1331,00;0,1320
1330,50;0,1319
1330,00;0,1317
1329,50;0,1317
1329,00;0,1317
1328,50;0,1317
1328,00;0,1316
1327,50;0,1315
1327,00;0,1316
1326,50;0,1317
1326,00;0,1317
1325,50;0,1316
1325,00;0,1314
1324,50;0,1312
1324,00;0,1310
1323,50;0,1308
1323,00;0,1306
1322,50;0,1306
1322,00;0,1306
1321,50;0,1307
1321,00;0,1307
1320,50;0,1307
1320,00;0,1308
1319,50;0,1310
1319,00;0,1311
1318,50;0,1311
1318,00;0,1309
1317,50;0,1306
1317,00;0,1304
1316,50;0,1303
1316,00;0,1303
1315,50;0,1304
1315,00;0,1304
1314,50;0,1304
1314,00;0,1303
1313,50;0,1304
1313,00;0,1305
1312,50;0,1306
1312,00;0,1306
1311,50;0,1305
1311,00;0,1304
1310,50;0,1303
1310,00;0,1303
1309,50;0,1303
1309,00;0,1302
1308,50;0,1303
1308,00;0,1304
1307,50;0,1306
1307,00;0,1307
1306,50;0,1306
1306,00;0,1305
1305,50;0,1304
1305,00;0,1302
1304,50;0,1301
1304,00;0,1300
1303,50;0,1300
1303,00;0,1299
1302,50;0,1297
1302,00;0,1294
1301,50;0,1292
1301,00;0,1290
1300,50;0,1290
1300,00;0,1292
1299,50;0,1293
1299,00;0,1294
1298,50;0,1294
1298,00;0,1292
1297,50;0,1289
1297,00;0,1287
1296,50;0,1286
1296,00;0,1286
1295,50;0,1286
1295,00;0,1286
1294,50;0,1286
1294,00;0,1286
1293,50;0,1287
1293,00;0,1287
1292,50;0,1286
1292,00;0,1285
1291,50;0,1285
1291,00;0,1286
1290,50;0,1286
1290,00;0,1285
1289,50;0,1283
1289,00;0,1281
1288,50;0,1280
1288,00;0,1278
1287,50;0,1277
1287,00;0,1276
1286,50;0,1276
1286,00;0,1277
1285,50;0,1280
1285,00;0,1283
1284,50;0,1285
1284,00;0,1285
1283,50;0,1283
1283,00;0,1283
1282,50;0,1282
1282,00;0,1282
1281,50;0,1281
1281,00;0,1281
1280,50;0,1281
1280,00;0,1281
1279,50;0,1281
1279,00;0,1280
1278,50;0,1279
1278,00;0,1278
1277,50;0,1277
1277,00;0,1276
1276,50;0,1274
1276,00;0,1272
1275,50;0,1269
1275,00;0,1267
1274,50;0,1267
1274,00;0,1267
1273,50;0,1267
1273,00;0,1266
1272,50;0,1265
1272,00;0,1262
1271,50;0,1260
1271,00;0,1257
1270,50;0,1256
1270,00;0,1256
1269,50;0,1257
1269,00;0,1259
1268,50;0,1261
1268,00;0,1263
1267,50;0,1264
1267,00;0,1264
1266,50;0,1264
1266,00;0,1264
1265,50;0,1264
1265,00;0,1265
1264,50;0,1267
1264,00;0,1269
1263,50;0,1269
1263,00;0,1269
1262,50;0,1267
1262,00;0,1266
1261,50;0,1266
1261,00;0,1266
1260,50;0,1265
1260,00;0,1265
1259,50;0,1263
1259,00;0,1261
1258,50;0,1260
1258,00;0,1259
1257,50;0,1258
1257,00;0,1257
1256,50;0,1256
1256,00;0,1256
1255,50;0,1257
1255,00;0,1258
1254,50;0,1258
1254,00;0,1257
1253,50;0,1256
1253,00;0,1256
1252,50;0,1257
1252,00;0,1257
1251,50;0,1257
1251,00;0,1256
1250,50;0,1255
1250,00;0,1254
1249,50;0,1252
1249,00;0,1249
1248,50;0,1246
1248,00;0,1245
1247,50;0,1246
1247,00;0,1250
1246,50;0,1254
1246,00;0,1255
1245,50;0,1254
1245,00;0,1253
1244,50;0,1252
1244,00;0,1252
1243,50;0,1253
1243,00;0,1254
1242,50;0,1255
1242,00;0,1256
1241,50;0,1257
1241,00;0,1257
1240,50;0,1257
1240,00;0,1255
1239,50;0,1253
1239,00;0,1252
1238,50;0,1253
1238,00;0,1255
1237,50;0,1257
1237,00;0,1258
1236,50;0,1259
1236,00;0,1258
1235,50;0,1258
1235,00;0,1257
1234,50;0,1257
1234,00;0,1257
1233,50;0,1257
1233,00;0,1256
1232,50;0,1255
1232,00;0,1255
1231,50;0,1255
1231,00;0,1256
1230,50;0,1256
1230,00;0,1256
1229,50;0,1256
1229,00;0,1254
1228,50;0,1252
1228,00;0,1250
1227,50;0,1250
1227,00;0,1250
1226,50;0,1251
1226,00;0,1252
1225,50;0,1255
1225,00;0,1257
1224,50;0,1259
1224,00;0,1259
1223,50;0,1258
1223,00;0,1258
1222,50;0,1257
1222,00;0,1257
1221,50;0,1257
1221,00;0,1258
1220,50;0,1258
1220,00;0,1257
1219,50;0,1256
1219,00;0,1256
1218,50;0,1257
1218,00;0,1257
1217,50;0,1255
1217,00;0,1251
1216,50;0,1249
1216,00;0,1249
1215,50;0,1249
1215,00;0,1249
1214,50;0,1250
1214,00;0,1250
1213,50;0,1250
1213,00;0,1249
1212,50;0,1249
1212,00;0,1248
1211,50;0,1248
1211,00;0,1248
1210,50;0,1247
1210,00;0,1246
1209,50;0,1244
1209,00;0,1242
1208,50;0,1241
1208,00;0,1240
1207,50;0,1241
1207,00;0,1242
1206,50;0,1245
1206,00;0,1248
1205,50;0,1250
1205,00;0,1252
1204,50;0,1251
1204,00;0,1249
1203,50;0,1248
1203,00;0,1247
1202,50;0,1247
1202,00;0,1247
1201,50;0,1246
1201,00;0,1244
1200,50;0,1242
1200,00;0,1240
1199,50;0,1238
1199,00;0,1237
1198,50;0,1236
1198,00;0,1236
1197,50;0,1235
1197,00;0,1233
1196,50;0,1230
1196,00;0,1227
1195,50;0,1227
1195,00;0,1227
1194,50;0,1228
1194,00;0,1229
1193,50;0,1230
1193,00;0,1231
1192,50;0,1232
1192,00;0,1233
1191,50;0,1232
1191,00;0,1231
1190,50;0,1230
1190,00;0,1229
1189,50;0,1229
1189,00;0,1231
1188,50;0,1233
1188,00;0,1234
1187,50;0,1234
1187,00;0,1233
1186,50;0,1231
1186,00;0,1232
1185,50;0,1234
1185,00;0,1237
1184,50;0,1238
1184,00;0,1239
1183,50;0,1237
1183,00;0,1235
1182,50;0,1233
1182,00;0,1232
1181,50;0,1232
1181,00;0,1235
1180,50;0,1238
1180,00;0,1240
1179,50;0,1239
1179,00;0,1237
1178,50;0,1234
1178,00;0,1233
1177,50;0,1235
1177,00;0,1237
1176,50;0,1238
1176,00;0,1240
1175,50;0,1242
1175,00;0,1243
1174,50;0,1244
1174,00;0,1244
1173,50;0,1244
1173,00;0,1244
1172,50;0,1244
1172,00;0,1244
1171,50;0,1243
1171,00;0,1242
1170,50;0,1241
1170,00;0,1239
1169,50;0,1240
1169,00;0,1242
1168,50;0,1244
1168,00;0,1245
1167,50;0,1244
1167,00;0,1242
1166,50;0,1239
1166,00;0,1237
1165,50;0,1234
1165,00;0,1232
1164,50;0,1231
1164,00;0,1232
1163,50;0,1234
1163,00;0,1236
1162,50;0,1237
1162,00;0,1236
1161,50;0,1234
1161,00;0,1232
1160,50;0,1230
1160,00;0,1229
1159,50;0,1229
1159,00;0,1230
1158,50;0,1231
1158,00;0,1232
1157,50;0,1232
1157,00;0,1231
1156,50;0,1230
1156,00;0,1228
1155,50;0,1226
1155,00;0,1226
1154,50;0,1227
1154,00;0,1227
1153,50;0,1228
1153,00;0,1228
1152,50;0,1228
1152,00;0,1228
1151,50;0,1227
1151,00;0,1225
1150,50;0,1222
1150,00;0,1221
1149,50;0,1221
1149,00;0,1222
1148,50;0,1223
1148,00;0,1226
1147,50;0,1230
1147,00;0,1232
1146,50;0,1231
1146,00;0,1228
1145,50;0,1224
1145,00;0,1223
1144,50;0,1224
1144,00;0,1226
1143,50;0,1230
1143,00;0,1235
1142,50;0,1238
1142,00;0,1241
1141,50;0,1242
1141,00;0,1243
1140,50;0,1243
1140,00;0,1245
1139,50;0,1246
1139,00;0,1247
1138,50;0,1245
1138,00;0,1244
1137,50;0,1243
1137,00;0,1244
1136,50;0,1245
1136,00;0,1244
1135,50;0,1240
1135,00;0,1237
1134,50;0,1234
1134,00;0,1234
1133,50;0,1237
1133,00;0,1239
1132,50;0,1240
1132,00;0,1239
1131,50;0,1237
1131,00;0,1236
1130,50;0,1236
1130,00;0,1238
1129,50;0,1240
1129,00;0,1240
1128,50;0,1240
1128,00;0,1240
1127,50;0,1240
1127,00;0,1237
1126,50;0,1234
1126,00;0,1230
1125,50;0,1227
1125,00;0,1225
1124,50;0,1224
1124,00;0,1223
1123,50;0,1223
1123,00;0,1223
1122,50;0,1222
1122,00;0,1221
1121,50;0,1221
1121,00;0,1223
1120,50;0,1225
1120,00;0,1226
1119,50;0,1225
1119,00;0,1224
1118,50;0,1223
1118,00;0,1224
1117,50;0,1226
1117,00;0,1227
1116,50;0,1228
1116,00;0,1227
1115,50;0,1227
1115,00;0,1227
1114,50;0,1227
1114,00;0,1227
1113,50;0,1227
1113,00;0,1228
1112,50;0,1230
1112,00;0,1232
1111,50;0,1234
1111,00;0,1234
1110,50;0,1234
1110,00;0,1233
1109,50;0,1232
1109,00;0,1229
1108,50;0,1227
1108,00;0,1225
1107,50;0,1226
1107,00;0,1229
1106,50;0,1232
1106,00;0,1234
1105,50;0,1235
1105,00;0,1235
1104,50;0,1233
1104,00;0,1229
1103,50;0,1223
1103,00;0,1219
1102,50;0,1218
1102,00;0,1220
1101,50;0,1224
1101,00;0,1227
1100,50;0,1228
1100,00;0,1229
1099,50;0,1228
1099,00;0,1226
1098,50;0,1222
1098,00;0,1217
1097,50;0,1212
1097,00;0,1209
1096,50;0,1209
1096,00;0,1210
1095,50;0,1211
1095,00;0,1211
1094,50;0,1209
1094,00;0,1206
1093,50;0,1203
1093,00;0,1201
1092,50;0,1202
1092,00;0,1204
1091,50;0,1205
1091,00;0,1205
1090,50;0,1203
1090,00;0,1201
1089,50;0,1198
1089,00;0,1197
1088,50;0,1197
1088,00;0,1197
1087,50;0,1197
1087,00;0,1198
1086,50;0,1197
1086,00;0,1194
1085,50;0,1190
1085,00;0,1187
1084,50;0,1184
1084,00;0,1182
1083,50;0,1180
1083,00;0,1178
1082,50;0,1176
1082,00;0,1175
1081,50;0,1174
1081,00;0,1175
1080,50;0,1177
1080,00;0,1177
1079,50;0,1175
1079,00;0,1171
1078,50;0,1167
1078,00;0,1164
1077,50;0,1160
1077,00;0,1156
1076,50;0,1152
1076,00;0,1149
1075,50;0,1149
1075,00;0,1152
1074,50;0,1154
1074,00;0,1155
1073,50;0,1154
1073,00;0,1152
1072,50;0,1149
1072,00;0,1147
1071,50;0,1147
1071,00;0,1149
1070,50;0,1152
1070,00;0,1155
1069,50;0,1157
1069,00;0,1159
1068,50;0,1160
1068,00;0,1158
1067,50;0,1152
1067,00;0,1145
1066,50;0,1140
1066,00;0,1137
1065,50;0,1137
1065,00;0,1137
1064,50;0,1136
1064,00;0,1135
1063,50;0,1133
1063,00;0,1131
1062,50;0,1128
1062,00;0,1124
1061,50;0,1119
1061,00;0,1116
1060,50;0,1116
1060,00;0,1117
1059,50;0,1118
1059,00;0,1120
1058,50;0,1122
1058,00;0,1124
1057,50;0,1123
1057,00;0,1117
1056,50;0,1108
1056,00;0,1101
1055,50;0,1098
1055,00;0,1098
1054,50;0,1101
1054,00;0,1106
1053,50;0,1110
1053,00;0,1113
1052,50;0,1114
1052,00;0,1112
1051,50;0,1108
1051,00;0,1104
1050,50;0,1102
1050,00;0,1103
1049,50;0,1105
1049,00;0,1107
1048,50;0,1108
1048,00;0,1108
1047,50;0,1107
1047,00;0,1104
1046,50;0,1103
1046,00;0,1102
1045,50;0,1102
1045,00;0,1102
1044,50;0,1103
1044,00;0,1103
1043,50;0,1104
1043,00;0,1105
1042,50;0,1106
1042,00;0,1108
1041,50;0,1110
1041,00;0,1111
1040,50;0,1111
1040,00;0,1111
1039,50;0,1110
1039,00;0,1110
1038,50;0,1109
1038,00;0,1107
1037,50;0,1106
1037,00;0,1107
1036,50;0,1107
1036,00;0,1108
1035,50;0,1107
1035,00;0,1107
1034,50;0,1108
1034,00;0,1108
1033,50;0,1109
1033,00;0,1110
1032,50;0,1113
1032,00;0,1116
1031,50;0,1118
1031,00;0,1116
1030,50;0,1112
1030,00;0,1110
1029,50;0,1110
1029,00;0,1114
1028,50;0,1121
1028,00;0,1126
1027,50;0,1131
1027,00;0,1133
1026,50;0,1132
1026,00;0,1130
1025,50;0,1128
1025,00;0,1128
1024,50;0,1129
1024,00;0,1131
1023,50;0,1133
1023,00;0,1137
1022,50;0,1140
1022,00;0,1141
1021,50;0,1142
1021,00;0,1141
1020,50;0,1140
1020,00;0,1141
1019,50;0,1141
1019,00;0,1142
1018,50;0,1142
1018,00;0,1144
1017,50;0,1147
1017,00;0,1149
1016,50;0,1151
1016,00;0,1153
1015,50;0,1155
1015,00;0,1157
1014,50;0,1158
1014,00;0,1159
1013,50;0,1160
1013,00;0,1163
1012,50;0,1166
1012,00;0,1169
1011,50;0,1172
1011,00;0,1175
1010,50;0,1180
1010,00;0,1184
1009,50;0,1187
1009,00;0,1187
1008,50;0,1188
1008,00;0,1189
1007,50;0,1190
1007,00;0,1192
1006,50;0,1194
1006,00;0,1197
1005,50;0,1202
1005,00;0,1206
1004,50;0,1208
1004,00;0,1209
1003,50;0,1210
1003,00;0,1212
1002,50;0,1216
1002,00;0,1220
1001,50;0,1225
1001,00;0,1230
1000,50;0,1234
1000,00;0,1236
999,50;0,1238
999,00;0,1239
998,50;0,1241
998,00;0,1244
997,50;0,1247
997,00;0,1252
996,50;0,1256
996,00;0,1260
995,50;0,1262
995,00;0,1264
994,50;0,1266
994,00;0,1269
993,50;0,1272
993,00;0,1276
992,50;0,1279
992,00;0,1283
991,50;0,1288
991,00;0,1293
990,50;0,1300
990,00;0,1306
989,50;0,1310
989,00;0,1312
988,50;0,1313
988,00;0,1314
987,50;0,1317
987,00;0,1322
986,50;0,1328
986,00;0,1333
985,50;0,1338
985,00;0,1344
984,50;0,1352
984,00;0,1359
983,50;0,1364
983,00;0,1366
982,50;0,1368
982,00;0,1373
981,50;0,1380
981,00;0,1389
980,50;0,1397
980,00;0,1403
979,50;0,1407
979,00;0,1409
978,50;0,1409
978,00;0,1410
977,50;0,1414
977,00;0,1419
976,50;0,1425
976,00;0,1433
975,50;0,1441
975,00;0,1449
974,50;0,1454
974,00;0,1456
973,50;0,1457
973,00;0,1459
972,50;0,1462
972,00;0,1466
971,50;0,1470
971,00;0,1475
970,50;0,1482
970,00;0,1491
969,50;0,1501
969,00;0,1511
968,50;0,1520
968,00;0,1526
967,50;0,1531
967,00;0,1535
966,50;0,1541
966,00;0,1550
965,50;0,1560
965,00;0,1568
964,50;0,1576
964,00;0,1583
963,50;0,1589
963,00;0,1594
962,50;0,1598
962,00;0,1600
961,50;0,1604
961,00;0,1611
960,50;0,1621
960,00;0,1633
959,50;0,1644
959,00;0,1654
958,50;0,1663
958,00;0,1670
957,50;0,1674
957,00;0,1678
956,50;0,1684
956,00;0,1692
955,50;0,1703
955,00;0,1716
954,50;0,1729
954,00;0,1741
953,50;0,1752
953,00;0,1761
952,50;0,1769
952,00;0,1776
951,50;0,1781
951,00;0,1785
950,50;0,1791
950,00;0,1800
949,50;0,1814
949,00;0,1830
948,50;0,1845
948,00;0,1857
947,50;0,1866
947,00;0,1872
946,50;0,1876
946,00;0,1881
945,50;0,1889
945,00;0,1902
944,50;0,1916
944,00;0,1928
943,50;0,1940
943,00;0,1953
942,50;0,1964
942,00;0,1974
941,50;0,1981
941,00;0,1990
940,50;0,1999
940,00;0,2010
939,50;0,2020
939,00;0,2030
938,50;0,2042
938,00;0,2057
937,50;0,2073
937,00;0,2086
936,50;0,2096
936,00;0,2103
935,50;0,2108
935,00;0,2114
934,50;0,2122
934,00;0,2133
933,50;0,2144
933,00;0,2156
932,50;0,2167
932,00;0,2176
931,50;0,2185
931,00;0,2194
930,50;0,2204
930,00;0,2217
929,50;0,2230
929,00;0,2242
928,50;0,2251
928,00;0,2259
927,50;0,2269
927,00;0,2281
926,50;0,2295
926,00;0,2308
925,50;0,2318
925,00;0,2326
924,50;0,2332
924,00;0,2338
923,50;0,2346
923,00;0,2356
922,50;0,2367
922,00;0,2377
921,50;0,2387
921,00;0,2396
920,50;0,2403
920,00;0,2409
919,50;0,2416
919,00;0,2426
918,50;0,2439
918,00;0,2451
917,50;0,2461
917,00;0,2469
916,50;0,2476
916,00;0,2484
915,50;0,2493
915,00;0,2503
914,50;0,2513
914,00;0,2521
913,50;0,2528
913,00;0,2533
912,50;0,2540
912,00;0,2549
911,50;0,2560
911,00;0,2570
910,50;0,2580
910,00;0,2586
909,50;0,2589
909,00;0,2592
908,50;0,2599
908,00;0,2609
907,50;0,2618
907,00;0,2625
906,50;0,2630
906,00;0,2637
905,50;0,2647
905,00;0,2659
904,50;0,2672
904,00;0,2685
903,50;0,2698
903,00;0,2706
902,50;0,2708
902,00;0,2707
901,50;0,2706
901,00;0,2709
900,50;0,2714
900,00;0,2723
899,50;0,2733
899,00;0,2743
898,50;0,2752
898,00;0,2758
897,50;0,2765
897,00;0,2773
896,50;0,2781
896,00;0,2787
895,50;0,2789
895,00;0,2789
894,50;0,2792
894,00;0,2802
893,50;0,2819
893,00;0,2838
892,50;0,2854
892,00;0,2864
891,50;0,2869
891,00;0,2871
890,50;0,2870
890,00;0,2867
889,50;0,2864
889,00;0,2865
888,50;0,2869
888,00;0,2875
887,50;0,2883
887,00;0,2892
886,50;0,2902
886,00;0,2910
885,50;0,2915
885,00;0,2920
884,50;0,2926
884,00;0,2931
883,50;0,2936
883,00;0,2943
882,50;0,2952
882,00;0,2964
881,50;0,2974
881,00;0,2981
880,50;0,2987
880,00;0,2992
879,50;0,2997
879,00;0,3003
878,50;0,3006
878,00;0,3007
877,50;0,3005
877,00;0,3004
876,50;0,3006
876,00;0,3011
875,50;0,3017
875,00;0,3021
874,50;0,3023
874,00;0,3023
873,50;0,3025
873,00;0,3030
872,50;0,3038
872,00;0,3047
871,50;0,3054
871,00;0,3060
870,50;0,3069
870,00;0,3079
869,50;0,3086
869,00;0,3085
868,50;0,3081
868,00;0,3081
867,50;0,3091
867,00;0,3108
866,50;0,3126
866,00;0,3138
865,50;0,3143
865,00;0,3144
864,50;0,3144
864,00;0,3141
863,50;0,3136
863,00;0,3130
862,50;0,3129
862,00;0,3135
861,50;0,3146
861,00;0,3158
860,50;0,3168
860,00;0,3175
859,50;0,3181
859,00;0,3183
858,50;0,3183
858,00;0,3182
857,50;0,3184
857,00;0,3189
856,50;0,3195
856,00;0,3202
855,50;0,3207
855,00;0,3213
854,50;0,3221
854,00;0,3232
853,50;0,3243
853,00;0,3252
852,50;0,3253
852,00;0,3250
851,50;0,3247
851,00;0,3250
850,50;0,3256
850,00;0,3261
849,50;0,3265
849,00;0,3268
848,50;0,3271
848,00;0,3274
847,50;0,3278
847,00;0,3283
846,50;0,3292
846,00;0,3301
845,50;0,3309
845,00;0,3317
844,50;0,3324
844,00;0,3326
843,50;0,3324
843,00;0,3319
842,50;0,3316
842,00;0,3319
841,50;0,3326
841,00;0,3336
840,50;0,3346
840,00;0,3356
839,50;0,3364
839,00;0,3367
838,50;0,3368
838,00;0,3368
837,50;0,3370
837,00;0,3376
836,50;0,3385
836,00;0,3393
835,50;0,3398
835,00;0,3401
834,50;0,3403
834,00;0,3405
833,50;0,3405
833,00;0,3400
832,50;0,3395
832,00;0,3397
831,50;0,3408
831,00;0,3426
830,50;0,3443
830,00;0,3452
829,50;0,3455
829,00;0,3455
828,50;0,3456
828,00;0,3459
827,50;0,3459
827,00;0,3454
826,50;0,3446
826,00;0,3437
825,50;0,3433
825,00;0,3441
824,50;0,3459
824,00;0,3478
823,50;0,3490
823,00;0,3493
822,50;0,3492
822,00;0,3490
821,50;0,3490
821,00;0,3491
820,50;0,3493
820,00;0,3497
819,50;0,3503
819,00;0,3509
818,50;0,3514
818,00;0,3517
817,50;0,3522
817,00;0,3529
816,50;0,3535
816,00;0,3535
815,50;0,3529
815,00;0,3521
814,50;0,3519
814,00;0,3523
813,50;0,3527
813,00;0,3531
812,50;0,3536
812,00;0,3542
811,50;0,3548
811,00;0,3551
810,50;0,3553
810,00;0,3556
809,50;0,3557
809,00;0,3557
808,50;0,3556
808,00;0,3554
807,50;0,3549
807,00;0,3543
806,50;0,3539
806,00;0,3539
805,50;0,3539
805,00;0,3539
804,50;0,3540
804,00;0,3545
803,50;0,3555
803,00;0,3567
802,50;0,3577
802,00;0,3581
801,50;0,3578
801,00;0,3570
800,50;0,3561
800,00;0,3554
799,50;0,3548
799,00;0,3542
798,50;0,3540
798,00;0,3544
797,50;0,3551
797,00;0,3554
796,50;0,3550
796,00;0,3541
795,50;0,3534
795,00;0,3534
794,50;0,3540
794,00;0,3548
793,50;0,3551
793,00;0,3549
792,50;0,3545
792,00;0,3541
791,50;0,3538
791,00;0,3534
790,50;0,3532
790,00;0,3534
789,50;0,3536
789,00;0,3534
788,50;0,3526
788,00;0,3519
787,50;0,3515
787,00;0,3514
786,50;0,3513
786,00;0,3510
785,50;0,3508
785,00;0,3509
784,50;0,3511
784,00;0,3513
783,50;0,3512
783,00;0,3506
782,50;0,3499
782,00;0,3497
781,50;0,3503
781,00;0,3513
780,50;0,3517
780,00;0,3512
779,50;0,3502
779,00;0,3490
778,50;0,3481
778,00;0,3473
777,50;0,3469
777,00;0,3468
776,50;0,3469
776,00;0,3472
775,50;0,3474
775,00;0,3474
774,50;0,3471
774,00;0,3463
773,50;0,3451
773,00;0,3441
772,50;0,3435
772,00;0,3434
771,50;0,3434
771,00;0,3433
770,50;0,3427
770,00;0,3419
769,50;0,3409
769,00;0,3401
768,50;0,3397
768,00;0,3397
767,50;0,3398
767,00;0,3397
766,50;0,3396
766,00;0,3392
765,50;0,3387
765,00;0,3381
764,50;0,3375
764,00;0,3366
763,50;0,3353
763,00;0,3338
762,50;0,3325
762,00;0,3319
761,50;0,3318
761,00;0,3319
760,50;0,3321
760,00;0,3322
759,50;0,3320
759,00;0,3313
758,50;0,3303
758,00;0,3294
757,50;0,3286
757,00;0,3279
756,50;0,3272
756,00;0,3267
755,50;0,3266
755,00;0,3267
754,50;0,3267
754,00;0,3260
753,50;0,3245
753,00;0,3227
752,50;0,3214
752,00;0,3210
751,50;0,3209
751,00;0,3206
750,50;0,3199
750,00;0,3189
749,50;0,3178
749,00;0,3165
748,50;0,3154
748,00;0,3143
747,50;0,3135
747,00;0,3129
746,50;0,3127
746,00;0,3127
745,50;0,3127
745,00;0,3123
744,50;0,3118
744,00;0,3114
743,50;0,3108
743,00;0,3098
742,50;0,3084
742,00;0,3072
741,50;0,3062
741,00;0,3052
740,50;0,3041
740,00;0,3027
739,50;0,3012
739,00;0,2999
738,50;0,2992
738,00;0,2990
737,50;0,2990
737,00;0,2985
736,50;0,2977
736,00;0,2968
735,50;0,2960
735,00;0,2952
734,50;0,2942
734,00;0,2932
733,50;0,2923
733,00;0,2914
732,50;0,2902
732,00;0,2891
731,50;0,2882
731,00;0,2874
730,50;0,2867
730,00;0,2861
729,50;0,2856
729,00;0,2851
728,50;0,2844
728,00;0,2834
727,50;0,2822
727,00;0,2808
726,50;0,2793
726,00;0,2781
725,50;0,2777
725,00;0,2779
724,50;0,2781
724,00;0,2776
723,50;0,2764
723,00;0,2750
722,50;0,2740
722,00;0,2736
721,50;0,2735
721,00;0,2730
720,50;0,2718
720,00;0,2706
719,50;0,2700
719,00;0,2698
718,50;0,2693
718,00;0,2683
717,50;0,2671
717,00;0,2662
716,50;0,2656
716,00;0,2651
715,50;0,2646
715,00;0,2639
714,50;0,2631
714,00;0,2622
713,50;0,2615
713,00;0,2612
712,50;0,2611
712,00;0,2609
711,50;0,2603
711,00;0,2594
710,50;0,2580
710,00;0,2565
709,50;0,2551
709,00;0,2543
708,50;0,2542
708,00;0,2545
707,50;0,2546
707,00;0,2545
706,50;0,2542
706,00;0,2537
705,50;0,2526
705,00;0,2512
704,50;0,2497
704,00;0,2487
703,50;0,2483
703,00;0,2478
702,50;0,2473
702,00;0,2469
701,50;0,2467
701,00;0,2464
700,50;0,2455
700,00;0,2445
699,50;0,2439
699,00;0,2439
698,50;0,2443
698,00;0,2444
697,50;0,2441
697,00;0,2433
696,50;0,2424
696,00;0,2416
695,50;0,2408
695,00;0,2398
694,50;0,2387
694,00;0,2377
693,50;0,2371
693,00;0,2369
692,50;0,2366
692,00;0,2361
691,50;0,2354
691,00;0,2348
690,50;0,2344
690,00;0,2341
689,50;0,2338
689,00;0,2333
688,50;0,2326
688,00;0,2317
687,50;0,2308
687,00;0,2300
686,50;0,2292
686,00;0,2286
685,50;0,2281
685,00;0,2276
684,50;0,2270
684,00;0,2265
683,50;0,2262
683,00;0,2263
682,50;0,2267
682,00;0,2271
681,50;0,2272
681,00;0,2269
680,50;0,2262
680,00;0,2255
679,50;0,2246
679,00;0,2236
678,50;0,2227
678,00;0,2220
677,50;0,2216
677,00;0,2216
676,50;0,2218
676,00;0,2217
675,50;0,2211
675,00;0,2199
674,50;0,2183
674,00;0,2171
673,50;0,2162
673,00;0,2158
672,50;0,2157
672,00;0,2157
671,50;0,2156
671,00;0,2153
670,50;0,2149
670,00;0,2146
669,50;0,2146
669,00;0,2154
668,50;0,2171
668,00;0,2183
667,50;0,2165
667,00;0,2117
666,50;0,2082
666,00;0,2074
665,50;0,2076
665,00;0,2081
664,50;0,2078
664,00;0,2067
663,50;0,2053
663,00;0,2037
662,50;0,2026
662,00;0,2023
661,50;0,2027
661,00;0,2034
660,50;0,2039
660,00;0,2042
659,50;0,2043
659,00;0,2039
658,50;0,2028
658,00;0,2013
657,50;0,1998
657,00;0,1988
656,50;0,1984
656,00;0,1984
655,50;0,1986
655,00;0,1987
654,50;0,1984
654,00;0,1977
653,50;0,1967
653,00;0,1956
652,50;0,1947
652,00;0,1942
651,50;0,1942
651,00;0,1947
650,50;0,1951
650,00;0,1950
649,50;0,1943
649,00;0,1931
648,50;0,1918
648,00;0,1910
647,50;0,1909
647,00;0,1911
646,50;0,1914
646,00;0,1913
645,50;0,1910
645,00;0,1908
644,50;0,1905
644,00;0,1899
643,50;0,1890
643,00;0,1881
642,50;0,1872
642,00;0,1865
641,50;0,1860
641,00;0,1858
640,50;0,1858
640,00;0,1858
639,50;0,1852
639,00;0,1842
638,50;0,1831
638,00;0,1821
637,50;0,1812
637,00;0,1803
636,50;0,1795
636,00;0,1788
635,50;0,1784
635,00;0,1782
634,50;0,1783
634,00;0,1784
633,50;0,1782
633,00;0,1775
632,50;0,1764
632,00;0,1755
631,50;0,1750
631,00;0,1749
630,50;0,1750
630,00;0,1750
629,50;0,1749
629,00;0,1747
628,50;0,1743
628,00;0,1739
627,50;0,1735
627,00;0,1733
626,50;0,1734
626,00;0,1738
625,50;0,1743
625,00;0,1746
624,50;0,1745
624,00;0,1740
623,50;0,1736
623,00;0,1732
622,50;0,1729
622,00;0,1724
621,50;0,1716
621,00;0,1708
620,50;0,1702
620,00;0,1698
619,50;0,1700
619,00;0,1706
618,50;0,1709
618,00;0,1703
617,50;0,1690
617,00;0,1677
616,50;0,1671
616,00;0,1673
615,50;0,1679
615,00;0,1686
614,50;0,1693
614,00;0,1700
613,50;0,1701
613,00;0,1693
612,50;0,1675
612,00;0,1656
611,50;0,1645
611,00;0,1643
610,50;0,1649
610,00;0,1656
609,50;0,1664
609,00;0,1672
608,50;0,1677
608,00;0,1676
607,50;0,1669
607,00;0,1657
606,50;0,1646
606,00;0,1638
605,50;0,1633
605,00;0,1632
604,50;0,1632
604,00;0,1631
603,50;0,1627
603,00;0,1621
602,50;0,1616
602,00;0,1616
601,50;0,1619
601,00;0,1623
600,50;0,1621
600,00;0,1612
599,50;0,1600
599,00;0,1589
598,50;0,1584
598,00;0,1585
597,50;0,1589
597,00;0,1594
596,50;0,1595
596,00;0,1591
595,50;0,1585
595,00;0,1583
594,50;0,1587
594,00;0,1593
593,50;0,1596
593,00;0,1595
592,50;0,1593
592,00;0,1591
591,50;0,1588
591,00;0,1584
590,50;0,1581
590,00;0,1579
589,50;0,1575
589,00;0,1566
588,50;0,1556
588,00;0,1550
587,50;0,1549
587,00;0,1551
586,50;0,1552
586,00;0,1550
585,50;0,1548
585,00;0,1549
584,50;0,1550
584,00;0,1549
583,50;0,1548
583,00;0,1549
582,50;0,1557
582,00;0,1566
581,50;0,1572
581,00;0,1569
580,50;0,1560
580,00;0,1549
579,50;0,1539
579,00;0,1527
578,50;0,1514
578,00;0,1506
577,50;0,1504
577,00;0,1508
576,50;0,1513
576,00;0,1513
575,50;0,1506
575,00;0,1496
574,50;0,1490
574,00;0,1488
573,50;0,1489
573,00;0,1490
572,50;0,1494
572,00;0,1504
571,50;0,1513
571,00;0,1511
570,50;0,1497
570,00;0,1479
569,50;0,1467
569,00;0,1466
568,50;0,1474
568,00;0,1488
567,50;0,1503
567,00;0,1510
566,50;0,1505
566,00;0,1493
565,50;0,1479
565,00;0,1466
564,50;0,1453
564,00;0,1441
563,50;0,1432
563,00;0,1428
562,50;0,1429
562,00;0,1432
561,50;0,1435
561,00;0,1434
560,50;0,1429
560,00;0,1423
559,50;0,1418
559,00;0,1416
558,50;0,1413
558,00;0,1415
557,50;0,1428
557,00;0,1453
556,50;0,1476
556,00;0,1486
555,50;0,1479
555,00;0,1462
554,50;0,1448
554,00;0,1442
553,50;0,1441
553,00;0,1439
552,50;0,1434
552,00;0,1427
551,50;0,1423
551,00;0,1422
550,50;0,1421
550,00;0,1418
549,50;0,1411
549,00;0,1396
548,50;0,1376
548,00;0,1363
547,50;0,1366
547,00;0,1381
546,50;0,1393
546,00;0,1390
545,50;0,1377
545,00;0,1365
544,50;0,1357
544,00;0,1343
543,50;0,1320
543,00;0,1293
542,50;0,1276
542,00;0,1280
541,50;0,1304
541,00;0,1337
540,50;0,1361
540,00;0,1364
539,50;0,1348
539,00;0,1320
538,50;0,1291
538,00;0,1266
537,50;0,1252
537,00;0,1258
536,50;0,1279
536,00;0,1303
535,50;0,1317
535,00;0,1312
534,50;0,1291
534,00;0,1260
533,50;0,1226
533,00;0,1199
532,50;0,1187
532,00;0,1192
531,50;0,1210
531,00;0,1225
530,50;0,1226
530,00;0,1214
529,50;0,1201
529,00;0,1193
528,50;0,1184
528,00;0,1167
527,50;0,1148
527,00;0,1142
526,50;0,1153
526,00;0,1173
525,50;0,1189
525,00;0,1200
524,50;0,1206
524,00;0,1205
523,50;0,1191
523,00;0,1162
522,50;0,1125
522,00;0,1094
521,50;0,1083
521,00;0,1101
520,50;0,1140
520,00;0,1179
519,50;0,1199
519,00;0,1198
518,50;0,1181
518,00;0,1158
517,50;0,1135
517,00;0,1122
516,50;0,1126
516,00;0,1144
515,50;0,1165
515,00;0,1180
514,50;0,1191
514,00;0,1202
513,50;0,1215
513,00;0,1227
512,50;0,1236
512,00;0,1243
511,50;0,1248
511,00;0,1255
510,50;0,1268
510,00;0,1285
509,50;0,1302
509,00;0,1316
508,50;0,1324
508,00;0,1320
507,50;0,1302
507,00;0,1274
506,50;0,1246
506,00;0,1228
505,50;0,1222
505,00;0,1229
504,50;0,1243
504,00;0,1262
503,50;0,1282
503,00;0,1301
502,50;0,1312
502,00;0,1306
501,50;0,1281
501,00;0,1248
500,50;0,1221
500,00;0,1209
499,50;0,1208
499,00;0,1213
498,50;0,1219
498,00;0,1224
497,50;0,1226
497,00;0,1224
496,50;0,1223
496,00;0,1228
495,50;0,1236
495,00;0,1247
494,50;0,1258
494,00;0,1267
493,50;0,1269
493,00;0,1257
492,50;0,1230
492,00;0,1196
491,50;0,1168
491,00;0,1159
490,50;0,1173
490,00;0,1197
489,50;0,1213
489,00;0,1214
488,50;0,1205
488,00;0,1198
487,50;0,1196
487,00;0,1195
486,50;0,1191
486,00;0,1186
485,50;0,1182
485,00;0,1181
484,50;0,1187
484,00;0,1201
483,50;0,1215
483,00;0,1219
482,50;0,1202
482,00;0,1171
481,50;0,1139
481,00;0,1116
480,50;0,1107
480,00;0,1111
479,50;0,1128
479,00;0,1159
478,50;0,1197
478,00;0,1231
477,50;0,1252
477,00;0,1259
476,50;0,1249
476,00;0,1225
475,50;0,1197
475,00;0,1183
474,50;0,1195
474,00;0,1223
473,50;0,1246
473,00;0,1256
472,50;0,1260
472,00;0,1262
471,50;0,1254
471,00;0,1232
470,50;0,1202
470,00;0,1181
469,50;0,1172
469,00;0,1166
468,50;0,1158
468,00;0,1152
467,50;0,1156
467,00;0,1171
466,50;0,1191
466,00;0,1209
465,50;0,1217
465,00;0,1212
464,50;0,1198
464,00;0,1190
463,50;0,1195
463,00;0,1211
462,50;0,1228
462,00;0,1235
461,50;0,1228
461,00;0,1203
460,50;0,1161
460,00;0,1115
459,50;0,1082
459,00;0,1078
458,50;0,1101
458,00;0,1144
457,50;0,1192
457,00;0,1236
456,50;0,1261
456,00;0,1252
455,50;0,1206
455,00;0,1140
454,50;0,1087
454,00;0,1071
453,50;0,1093
453,00;0,1137
452,50;0,1181
452,00;0,1209
451,50;0,1219
451,00;0,1217
450,50;0,1201
450,00;0,1168
449,50;0,1124
449,00;0,1093
448,50;0,1099
448,00;0,1144
447,50;0,1203
447,00;0,1247
446,50;0,1265
446,00;0,1255
445,50;0,1226
445,00;0,1190
444,50;0,1162
444,00;0,1152
443,50;0,1158
443,00;0,1179
442,50;0,1206
442,00;0,1226
441,50;0,1223
441,00;0,1201
440,50;0,1173
440,00;0,1147
439,50;0,1113
439,00;0,1070
438,50;0,1050
438,00;0,1095
437,50;0,1193
437,00;0,1284
436,50;0,1311
436,00;0,1276
435,50;0,1216
435,00;0,1163
434,50;0,1130
434,00;0,1125
433,50;0,1152
433,00;0,1189
432,50;0,1199
432,00;0,1176
431,50;0,1158
431,00;0,1191
430,50;0,1279
430,00;0,1382
429,50;0,1444
429,00;0,1432
428,50;0,1341
428,00;0,1203
427,50;0,1076
427,00;0,1014
426,50;0,1023
426,00;0,1071
425,50;0,1116
425,00;0,1135
424,50;0,1121
424,00;0,1076
423,50;0,1018
423,00;0,0985
422,50;0,1006
422,00;0,1083
421,50;0,1208
421,00;0,1370
420,50;0,1526
420,00;0,1585
419,50;0,1482
419,00;0,1272
418,50;0,1100
418,00;0,1047
417,50;0,1040
417,00;0,0943
416,50;0,0718
416,00;0,0476
415,50;0,0378
415,00;0,0493
414,50;0,0733
414,00;0,0918
413,50;0,0932
413,00;0,0820
412,50;0,0735
412,00;0,0781
411,50;0,0922
411,00;0,1022
410,50;0,0999
410,00;0,0900
409,50;0,0824
409,00;0,0783
408,50;0,0702
408,00;0,0538
407,50;0,0355
407,00;0,0305
406,50;0,0467
406,00;0,0732
405,50;0,0900
405,00;0,0879
404,50;0,0776
404,00;0,0742
403,50;0,0780
403,00;0,0787
402,50;0,0756
402,00;0,0848
401,50;0,1178
401,00;0,1576
400,50;0,1788
400,00;0,1765
