Erstellt als neuer Datensatz;Sample 175 By PC59-C710\Spektrum3 date Dienstag, Juni 02 2026
cm-1;A
4000,00;0,0735
3999,50;0,0734
3999,00;0,0731
3998,50;0,0726
3998,00;0,0723
3997,50;0,0722
3997,00;0,0724
3996,50;0,0727
3996,00;0,0730
3995,50;0,0733
3995,00;0,0734
3994,50;0,0733
3994,00;0,0730
3993,50;0,0727
3993,00;0,0724
3992,50;0,0722
3992,00;0,0722
3991,50;0,0722
3991,00;0,0723
3990,50;0,0724
3990,00;0,0726
3989,50;0,0728
3989,00;0,0727
3988,50;0,0725
3988,00;0,0721
3987,50;0,0717
3987,00;0,0715
3986,50;0,0715
3986,00;0,0715
3985,50;0,0716
3985,00;0,0716
3984,50;0,0717
3984,00;0,0719
3983,50;0,0722
3983,00;0,0723
3982,50;0,0723
3982,00;0,0723
3981,50;0,0723
3981,00;0,0725
3980,50;0,0726
3980,00;0,0726
3979,50;0,0725
3979,00;0,0723
3978,50;0,0721
3978,00;0,0719
3977,50;0,0716
3977,00;0,0713
3976,50;0,0711
3976,00;0,0712
3975,50;0,0714
3975,00;0,0718
3974,50;0,0720
3974,00;0,0720
3973,50;0,0717
3973,00;0,0711
3972,50;0,0706
3972,00;0,0702
3971,50;0,0702
3971,00;0,0707
3970,50;0,0713
3970,00;0,0720
3969,50;0,0726
3969,00;0,0727
3968,50;0,0724
3968,00;0,0718
3967,50;0,0710
3967,00;0,0706
3966,50;0,0705
3966,00;0,0708
3965,50;0,0715
3965,00;0,0722
3964,50;0,0728
3964,00;0,0730
3963,50;0,0729
3963,00;0,0724
3962,50;0,0717
3962,00;0,0710
3961,50;0,0705
3961,00;0,0704
3960,50;0,0707
3960,00;0,0710
3959,50;0,0713
3959,00;0,0715
3958,50;0,0716
3958,00;0,0714
3957,50;0,0712
3957,00;0,0709
3956,50;0,0707
3956,00;0,0708
3955,50;0,0711
3955,00;0,0715
3954,50;0,0719
3954,00;0,0721
3953,50;0,0720
3953,00;0,0716
3952,50;0,0709
3952,00;0,0702
3951,50;0,0698
3951,00;0,0698
3950,50;0,0700
3950,00;0,0705
3949,50;0,0709
3949,00;0,0714
3948,50;0,0716
3948,00;0,0715
3947,50;0,0710
3947,00;0,0704
3946,50;0,0701
3946,00;0,0700
3945,50;0,0701
3945,00;0,0703
3944,50;0,0706
3944,00;0,0710
3943,50;0,0713
3943,00;0,0716
3942,50;0,0715
3942,00;0,0713
3941,50;0,0710
3941,00;0,0709
3940,50;0,0709
3940,00;0,0712
3939,50;0,0715
3939,00;0,0718
3938,50;0,0720
3938,00;0,0720
3937,50;0,0718
3937,00;0,0714
3936,50;0,0707
3936,00;0,0701
3935,50;0,0698
3935,00;0,0699
3934,50;0,0705
3934,00;0,0711
3933,50;0,0715
3933,00;0,0714
3932,50;0,0709
3932,00;0,0703
3931,50;0,0699
3931,00;0,0696
3930,50;0,0694
3930,00;0,0692
3929,50;0,0693
3929,00;0,0696
3928,50;0,0702
3928,00;0,0705
3927,50;0,0706
3927,00;0,0703
3926,50;0,0698
3926,00;0,0692
3925,50;0,0689
3925,00;0,0688
3924,50;0,0692
3924,00;0,0699
3923,50;0,0706
3923,00;0,0712
3922,50;0,0715
3922,00;0,0714
3921,50;0,0709
3921,00;0,0701
3920,50;0,0695
3920,00;0,0693
3919,50;0,0697
3919,00;0,0705
3918,50;0,0712
3918,00;0,0715
3917,50;0,0715
3917,00;0,0711
3916,50;0,0708
3916,00;0,0704
3915,50;0,0701
3915,00;0,0697
3914,50;0,0694
3914,00;0,0695
3913,50;0,0699
3913,00;0,0704
3912,50;0,0708
3912,00;0,0707
3911,50;0,0703
3911,00;0,0699
3910,50;0,0696
3910,00;0,0695
3909,50;0,0694
3909,00;0,0694
3908,50;0,0694
3908,00;0,0698
3907,50;0,0702
3907,00;0,0705
3906,50;0,0704
3906,00;0,0701
3905,50;0,0700
3905,00;0,0700
3904,50;0,0699
3904,00;0,0700
3903,50;0,0702
3903,00;0,0707
3902,50;0,0709
3902,00;0,0707
3901,50;0,0705
3901,00;0,0705
3900,50;0,0704
3900,00;0,0698
3899,50;0,0689
3899,00;0,0685
3898,50;0,0689
3898,00;0,0697
3897,50;0,0702
3897,00;0,0701
3896,50;0,0696
3896,00;0,0690
3895,50;0,0685
3895,00;0,0681
3894,50;0,0679
3894,00;0,0679
3893,50;0,0682
3893,00;0,0687
3892,50;0,0693
3892,00;0,0696
3891,50;0,0697
3891,00;0,0696
3890,50;0,0695
3890,00;0,0693
3889,50;0,0689
3889,00;0,0684
3888,50;0,0683
3888,00;0,0687
3887,50;0,0696
3887,00;0,0705
3886,50;0,0709
3886,00;0,0705
3885,50;0,0698
3885,00;0,0692
3884,50;0,0690
3884,00;0,0687
3883,50;0,0684
3883,00;0,0682
3882,50;0,0685
3882,00;0,0691
3881,50;0,0697
3881,00;0,0699
3880,50;0,0696
3880,00;0,0691
3879,50;0,0687
3879,00;0,0686
3878,50;0,0686
3878,00;0,0688
3877,50;0,0690
3877,00;0,0694
3876,50;0,0697
3876,00;0,0698
3875,50;0,0696
3875,00;0,0690
3874,50;0,0681
3874,00;0,0673
3873,50;0,0673
3873,00;0,0679
3872,50;0,0687
3872,00;0,0693
3871,50;0,0697
3871,00;0,0699
3870,50;0,0702
3870,00;0,0702
3869,50;0,0700
3869,00;0,0697
3868,50;0,0692
3868,00;0,0685
3867,50;0,0680
3867,00;0,0679
3866,50;0,0684
3866,00;0,0691
3865,50;0,0693
3865,00;0,0691
3864,50;0,0687
3864,00;0,0684
3863,50;0,0683
3863,00;0,0682
3862,50;0,0682
3862,00;0,0683
3861,50;0,0683
3861,00;0,0685
3860,50;0,0684
3860,00;0,0680
3859,50;0,0673
3859,00;0,0668
3858,50;0,0666
3858,00;0,0668
3857,50;0,0672
3857,00;0,0677
3856,50;0,0684
3856,00;0,0693
3855,50;0,0704
3855,00;0,0712
3854,50;0,0713
3854,00;0,0710
3853,50;0,0713
3853,00;0,0719
3852,50;0,0718
3852,00;0,0711
3851,50;0,0704
3851,00;0,0702
3850,50;0,0701
3850,00;0,0697
3849,50;0,0690
3849,00;0,0681
3848,50;0,0671
3848,00;0,0663
3847,50;0,0658
3847,00;0,0659
3846,50;0,0663
3846,00;0,0668
3845,50;0,0674
3845,00;0,0681
3844,50;0,0686
3844,00;0,0686
3843,50;0,0679
3843,00;0,0670
3842,50;0,0664
3842,00;0,0663
3841,50;0,0665
3841,00;0,0669
3840,50;0,0672
3840,00;0,0677
3839,50;0,0682
3839,00;0,0686
3838,50;0,0686
3838,00;0,0683
3837,50;0,0681
3837,00;0,0685
3836,50;0,0690
3836,00;0,0691
3835,50;0,0687
3835,00;0,0681
3834,50;0,0677
3834,00;0,0677
3833,50;0,0679
3833,00;0,0679
3832,50;0,0677
3832,00;0,0674
3831,50;0,0672
3831,00;0,0672
3830,50;0,0676
3830,00;0,0679
3829,50;0,0680
3829,00;0,0679
3828,50;0,0677
3828,00;0,0674
3827,50;0,0671
3827,00;0,0668
3826,50;0,0667
3826,00;0,0668
3825,50;0,0672
3825,00;0,0675
3824,50;0,0677
3824,00;0,0677
3823,50;0,0677
3823,00;0,0678
3822,50;0,0679
3822,00;0,0681
3821,50;0,0682
3821,00;0,0684
3820,50;0,0688
3820,00;0,0691
3819,50;0,0690
3819,00;0,0684
3818,50;0,0675
3818,00;0,0668
3817,50;0,0666
3817,00;0,0668
3816,50;0,0671
3816,00;0,0673
3815,50;0,0678
3815,00;0,0683
3814,50;0,0685
3814,00;0,0681
3813,50;0,0674
3813,00;0,0668
3812,50;0,0663
3812,00;0,0660
3811,50;0,0657
3811,00;0,0655
3810,50;0,0655
3810,00;0,0657
3809,50;0,0662
3809,00;0,0667
3808,50;0,0673
3808,00;0,0676
3807,50;0,0675
3807,00;0,0671
3806,50;0,0667
3806,00;0,0666
3805,50;0,0665
3805,00;0,0663
3804,50;0,0661
3804,00;0,0659
3803,50;0,0659
3803,00;0,0661
3802,50;0,0665
3802,00;0,0668
3801,50;0,0669
3801,00;0,0667
3800,50;0,0668
3800,00;0,0668
3799,50;0,0666
3799,00;0,0662
3798,50;0,0661
3798,00;0,0662
3797,50;0,0665
3797,00;0,0664
3796,50;0,0661
3796,00;0,0657
3795,50;0,0655
3795,00;0,0655
3794,50;0,0654
3794,00;0,0655
3793,50;0,0657
3793,00;0,0659
3792,50;0,0660
3792,00;0,0657
3791,50;0,0651
3791,00;0,0645
3790,50;0,0640
3790,00;0,0637
3789,50;0,0637
3789,00;0,0638
3788,50;0,0641
3788,00;0,0644
3787,50;0,0647
3787,00;0,0647
3786,50;0,0647
3786,00;0,0645
3785,50;0,0643
3785,00;0,0641
3784,50;0,0642
3784,00;0,0644
3783,50;0,0647
3783,00;0,0648
3782,50;0,0649
3782,00;0,0647
3781,50;0,0645
3781,00;0,0642
3780,50;0,0641
3780,00;0,0640
3779,50;0,0640
3779,00;0,0641
3778,50;0,0644
3778,00;0,0646
3777,50;0,0647
3777,00;0,0646
3776,50;0,0644
3776,00;0,0641
3775,50;0,0639
3775,00;0,0635
3774,50;0,0632
3774,00;0,0630
3773,50;0,0631
3773,00;0,0633
3772,50;0,0636
3772,00;0,0639
3771,50;0,0641
3771,00;0,0643
3770,50;0,0641
3770,00;0,0639
3769,50;0,0639
3769,00;0,0644
3768,50;0,0651
3768,00;0,0654
3767,50;0,0651
3767,00;0,0646
3766,50;0,0641
3766,00;0,0638
3765,50;0,0635
3765,00;0,0633
3764,50;0,0633
3764,00;0,0633
3763,50;0,0633
3763,00;0,0633
3762,50;0,0635
3762,00;0,0638
3761,50;0,0641
3761,00;0,0642
3760,50;0,0641
3760,00;0,0638
3759,50;0,0635
3759,00;0,0633
3758,50;0,0634
3758,00;0,0635
3757,50;0,0635
3757,00;0,0636
3756,50;0,0636
3756,00;0,0636
3755,50;0,0635
3755,00;0,0632
3754,50;0,0629
3754,00;0,0628
3753,50;0,0632
3753,00;0,0638
3752,50;0,0643
3752,00;0,0646
3751,50;0,0653
3751,00;0,0664
3750,50;0,0672
3750,00;0,0672
3749,50;0,0665
3749,00;0,0658
3748,50;0,0656
3748,00;0,0653
3747,50;0,0647
3747,00;0,0640
3746,50;0,0637
3746,00;0,0641
3745,50;0,0648
3745,00;0,0653
3744,50;0,0652
3744,00;0,0652
3743,50;0,0656
3743,00;0,0655
3742,50;0,0648
3742,00;0,0640
3741,50;0,0632
3741,00;0,0627
3740,50;0,0625
3740,00;0,0625
3739,50;0,0625
3739,00;0,0623
3738,50;0,0622
3738,00;0,0625
3737,50;0,0630
3737,00;0,0636
3736,50;0,0641
3736,00;0,0645
3735,50;0,0647
3735,00;0,0646
3734,50;0,0642
3734,00;0,0641
3733,50;0,0644
3733,00;0,0646
3732,50;0,0645
3732,00;0,0642
3731,50;0,0641
3731,00;0,0642
3730,50;0,0641
3730,00;0,0635
3729,50;0,0629
3729,00;0,0623
3728,50;0,0620
3728,00;0,0618
3727,50;0,0619
3727,00;0,0620
3726,50;0,0624
3726,00;0,0628
3725,50;0,0631
3725,00;0,0632
3724,50;0,0630
3724,00;0,0628
3723,50;0,0626
3723,00;0,0623
3722,50;0,0620
3722,00;0,0618
3721,50;0,0619
3721,00;0,0624
3720,50;0,0628
3720,00;0,0630
3719,50;0,0628
3719,00;0,0625
3718,50;0,0620
3718,00;0,0616
3717,50;0,0611
3717,00;0,0607
3716,50;0,0604
3716,00;0,0605
3715,50;0,0608
3715,00;0,0612
3714,50;0,0615
3714,00;0,0620
3713,50;0,0625
3713,00;0,0627
3712,50;0,0625
3712,00;0,0623
3711,50;0,0624
3711,00;0,0629
3710,50;0,0634
3710,00;0,0634
3709,50;0,0632
3709,00;0,0630
3708,50;0,0629
3708,00;0,0626
3707,50;0,0620
3707,00;0,0612
3706,50;0,0608
3706,00;0,0606
3705,50;0,0607
3705,00;0,0608
3704,50;0,0609
3704,00;0,0610
3703,50;0,0612
3703,00;0,0614
3702,50;0,0614
3702,00;0,0613
3701,50;0,0613
3701,00;0,0615
3700,50;0,0617
3700,00;0,0616
3699,50;0,0613
3699,00;0,0609
3698,50;0,0608
3698,00;0,0609
3697,50;0,0610
3697,00;0,0608
3696,50;0,0605
3696,00;0,0604
3695,50;0,0605
3695,00;0,0607
3694,50;0,0610
3694,00;0,0611
3693,50;0,0609
3693,00;0,0606
3692,50;0,0603
3692,00;0,0602
3691,50;0,0603
3691,00;0,0607
3690,50;0,0613
3690,00;0,0620
3689,50;0,0626
3689,00;0,0627
3688,50;0,0625
3688,00;0,0623
3687,50;0,0623
3687,00;0,0619
3686,50;0,0609
3686,00;0,0598
3685,50;0,0592
3685,00;0,0591
3684,50;0,0593
3684,00;0,0596
3683,50;0,0597
3683,00;0,0597
3682,50;0,0595
3682,00;0,0592
3681,50;0,0589
3681,00;0,0588
3680,50;0,0588
3680,00;0,0590
3679,50;0,0593
3679,00;0,0598
3678,50;0,0604
3678,00;0,0608
3677,50;0,0610
3677,00;0,0609
3676,50;0,0610
3676,00;0,0612
3675,50;0,0614
3675,00;0,0615
3674,50;0,0617
3674,00;0,0617
3673,50;0,0614
3673,00;0,0610
3672,50;0,0609
3672,00;0,0608
3671,50;0,0606
3671,00;0,0602
3670,50;0,0598
3670,00;0,0600
3669,50;0,0605
3669,00;0,0609
3668,50;0,0609
3668,00;0,0608
3667,50;0,0606
3667,00;0,0603
3666,50;0,0598
3666,00;0,0593
3665,50;0,0590
3665,00;0,0590
3664,50;0,0591
3664,00;0,0592
3663,50;0,0593
3663,00;0,0593
3662,50;0,0592
3662,00;0,0590
3661,50;0,0589
3661,00;0,0589
3660,50;0,0589
3660,00;0,0590
3659,50;0,0591
3659,00;0,0593
3658,50;0,0597
3658,00;0,0601
3657,50;0,0602
3657,00;0,0602
3656,50;0,0600
3656,00;0,0600
3655,50;0,0603
3655,00;0,0606
3654,50;0,0606
3654,00;0,0604
3653,50;0,0602
3653,00;0,0599
3652,50;0,0598
3652,00;0,0598
3651,50;0,0599
3651,00;0,0601
3650,50;0,0604
3650,00;0,0606
3649,50;0,0606
3649,00;0,0607
3648,50;0,0609
3648,00;0,0611
3647,50;0,0611
3647,00;0,0610
3646,50;0,0609
3646,00;0,0609
3645,50;0,0605
3645,00;0,0598
3644,50;0,0591
3644,00;0,0587
3643,50;0,0587
3643,00;0,0589
3642,50;0,0594
3642,00;0,0599
3641,50;0,0602
3641,00;0,0601
3640,50;0,0598
3640,00;0,0593
3639,50;0,0588
3639,00;0,0585
3638,50;0,0586
3638,00;0,0590
3637,50;0,0597
3637,00;0,0603
3636,50;0,0604
3636,00;0,0601
3635,50;0,0597
3635,00;0,0593
3634,50;0,0591
3634,00;0,0589
3633,50;0,0589
3633,00;0,0592
3632,50;0,0595
3632,00;0,0598
3631,50;0,0601
3631,00;0,0605
3630,50;0,0608
3630,00;0,0611
3629,50;0,0612
3629,00;0,0611
3628,50;0,0611
3628,00;0,0612
3627,50;0,0612
3627,00;0,0611
3626,50;0,0610
3626,00;0,0608
3625,50;0,0607
3625,00;0,0605
3624,50;0,0602
3624,00;0,0599
3623,50;0,0595
3623,00;0,0592
3622,50;0,0591
3622,00;0,0592
3621,50;0,0593
3621,00;0,0596
3620,50;0,0599
3620,00;0,0601
3619,50;0,0603
3619,00;0,0606
3618,50;0,0607
3618,00;0,0607
3617,50;0,0606
3617,00;0,0606
3616,50;0,0609
3616,00;0,0610
3615,50;0,0607
3615,00;0,0604
3614,50;0,0602
3614,00;0,0603
3613,50;0,0604
3613,00;0,0603
3612,50;0,0600
3612,00;0,0596
3611,50;0,0595
3611,00;0,0595
3610,50;0,0596
3610,00;0,0598
3609,50;0,0599
3609,00;0,0598
3608,50;0,0599
3608,00;0,0600
3607,50;0,0601
3607,00;0,0603
3606,50;0,0606
3606,00;0,0611
3605,50;0,0614
3605,00;0,0615
3604,50;0,0612
3604,00;0,0607
3603,50;0,0602
3603,00;0,0600
3602,50;0,0602
3602,00;0,0605
3601,50;0,0606
3601,00;0,0604
3600,50;0,0600
3600,00;0,0600
3599,50;0,0602
3599,00;0,0603
3598,50;0,0600
3598,00;0,0598
3597,50;0,0597
3597,00;0,0601
3596,50;0,0606
3596,00;0,0609
3595,50;0,0610
3595,00;0,0609
3594,50;0,0608
3594,00;0,0607
3593,50;0,0606
3593,00;0,0605
3592,50;0,0606
3592,00;0,0609
3591,50;0,0612
3591,00;0,0614
3590,50;0,0614
3590,00;0,0612
3589,50;0,0610
3589,00;0,0607
3588,50;0,0605
3588,00;0,0605
3587,50;0,0607
3587,00;0,0606
3586,50;0,0605
3586,00;0,0605
3585,50;0,0610
3585,00;0,0615
3584,50;0,0618
3584,00;0,0617
3583,50;0,0614
3583,00;0,0612
3582,50;0,0613
3582,00;0,0616
3581,50;0,0619
3581,00;0,0618
3580,50;0,0613
3580,00;0,0605
3579,50;0,0600
3579,00;0,0601
3578,50;0,0607
3578,00;0,0614
3577,50;0,0618
3577,00;0,0620
3576,50;0,0623
3576,00;0,0626
3575,50;0,0628
3575,00;0,0629
3574,50;0,0628
3574,00;0,0627
3573,50;0,0626
3573,00;0,0626
3572,50;0,0626
3572,00;0,0627
3571,50;0,0627
3571,00;0,0628
3570,50;0,0629
3570,00;0,0631
3569,50;0,0633
3569,00;0,0633
3568,50;0,0633
3568,00;0,0632
3567,50;0,0633
3567,00;0,0634
3566,50;0,0633
3566,00;0,0633
3565,50;0,0635
3565,00;0,0640
3564,50;0,0643
3564,00;0,0643
3563,50;0,0641
3563,00;0,0638
3562,50;0,0637
3562,00;0,0638
3561,50;0,0640
3561,00;0,0643
3560,50;0,0644
3560,00;0,0646
3559,50;0,0647
3559,00;0,0648
3558,50;0,0649
3558,00;0,0649
3557,50;0,0649
3557,00;0,0649
3556,50;0,0649
3556,00;0,0650
3555,50;0,0651
3555,00;0,0652
3554,50;0,0653
3554,00;0,0655
3553,50;0,0657
3553,00;0,0658
3552,50;0,0659
3552,00;0,0661
3551,50;0,0663
3551,00;0,0664
3550,50;0,0666
3550,00;0,0666
3549,50;0,0668
3549,00;0,0670
3548,50;0,0672
3548,00;0,0674
3547,50;0,0675
3547,00;0,0676
3546,50;0,0676
3546,00;0,0676
3545,50;0,0675
3545,00;0,0676
3544,50;0,0679
3544,00;0,0686
3543,50;0,0692
3543,00;0,0694
3542,50;0,0692
3542,00;0,0690
3541,50;0,0689
3541,00;0,0690
3540,50;0,0691
3540,00;0,0692
3539,50;0,0694
3539,00;0,0696
3538,50;0,0699
3538,00;0,0702
3537,50;0,0704
3537,00;0,0703
3536,50;0,0702
3536,00;0,0703
3535,50;0,0706
3535,00;0,0712
3534,50;0,0716
3534,00;0,0718
3533,50;0,0718
3533,00;0,0718
3532,50;0,0718
3532,00;0,0718
3531,50;0,0718
3531,00;0,0718
3530,50;0,0721
3530,00;0,0725
3529,50;0,0730
3529,00;0,0733
3528,50;0,0735
3528,00;0,0737
3527,50;0,0739
3527,00;0,0741
3526,50;0,0743
3526,00;0,0744
3525,50;0,0744
3525,00;0,0744
3524,50;0,0745
3524,00;0,0746
3523,50;0,0749
3523,00;0,0751
3522,50;0,0753
3522,00;0,0755
3521,50;0,0757
3521,00;0,0760
3520,50;0,0763
3520,00;0,0766
3519,50;0,0767
3519,00;0,0768
3518,50;0,0771
3518,00;0,0774
3517,50;0,0777
3517,00;0,0778
3516,50;0,0779
3516,00;0,0779
3515,50;0,0781
3515,00;0,0783
3514,50;0,0785
3514,00;0,0787
3513,50;0,0790
3513,00;0,0793
3512,50;0,0796
3512,00;0,0799
3511,50;0,0801
3511,00;0,0804
3510,50;0,0806
3510,00;0,0808
3509,50;0,0809
3509,00;0,0810
3508,50;0,0813
3508,00;0,0817
3507,50;0,0821
3507,00;0,0824
3506,50;0,0827
3506,00;0,0830
3505,50;0,0834
3505,00;0,0838
3504,50;0,0840
3504,00;0,0841
3503,50;0,0842
3503,00;0,0845
3502,50;0,0848
3502,00;0,0852
3501,50;0,0854
3501,00;0,0856
3500,50;0,0856
3500,00;0,0857
3499,50;0,0860
3499,00;0,0866
3498,50;0,0873
3498,00;0,0878
3497,50;0,0881
3497,00;0,0882
3496,50;0,0882
3496,00;0,0884
3495,50;0,0886
3495,00;0,0889
3494,50;0,0891
3494,00;0,0893
3493,50;0,0896
3493,00;0,0901
3492,50;0,0906
3492,00;0,0910
3491,50;0,0911
3491,00;0,0912
3490,50;0,0914
3490,00;0,0918
3489,50;0,0922
3489,00;0,0925
3488,50;0,0929
3488,00;0,0931
3487,50;0,0933
3487,00;0,0936
3486,50;0,0941
3486,00;0,0946
3485,50;0,0951
3485,00;0,0954
3484,50;0,0953
3484,00;0,0952
3483,50;0,0953
3483,00;0,0956
3482,50;0,0961
3482,00;0,0967
3481,50;0,0974
3481,00;0,0981
3480,50;0,0988
3480,00;0,0994
3479,50;0,0998
3479,00;0,1000
3478,50;0,1003
3478,00;0,1005
3477,50;0,1009
3477,00;0,1013
3476,50;0,1016
3476,00;0,1018
3475,50;0,1019
3475,00;0,1020
3474,50;0,1022
3474,00;0,1028
3473,50;0,1035
3473,00;0,1042
3472,50;0,1047
3472,00;0,1049
3471,50;0,1051
3471,00;0,1052
3470,50;0,1054
3470,00;0,1056
3469,50;0,1059
3469,00;0,1063
3468,50;0,1066
3468,00;0,1069
3467,50;0,1072
3467,00;0,1075
3466,50;0,1080
3466,00;0,1087
3465,50;0,1094
3465,00;0,1100
3464,50;0,1106
3464,00;0,1112
3463,50;0,1116
3463,00;0,1118
3462,50;0,1119
3462,00;0,1121
3461,50;0,1124
3461,00;0,1129
3460,50;0,1135
3460,00;0,1139
3459,50;0,1143
3459,00;0,1148
3458,50;0,1153
3458,00;0,1160
3457,50;0,1167
3457,00;0,1174
3456,50;0,1179
3456,00;0,1184
3455,50;0,1188
3455,00;0,1193
3454,50;0,1197
3454,00;0,1201
3453,50;0,1205
3453,00;0,1210
3452,50;0,1216
3452,00;0,1222
3451,50;0,1229
3451,00;0,1234
3450,50;0,1239
3450,00;0,1245
3449,50;0,1252
3449,00;0,1258
3448,50;0,1265
3448,00;0,1271
3447,50;0,1277
3447,00;0,1284
3446,50;0,1292
3446,00;0,1298
3445,50;0,1303
3445,00;0,1307
3444,50;0,1312
3444,00;0,1317
3443,50;0,1323
3443,00;0,1328
3442,50;0,1334
3442,00;0,1340
3441,50;0,1347
3441,00;0,1354
3440,50;0,1362
3440,00;0,1370
3439,50;0,1376
3439,00;0,1382
3438,50;0,1388
3438,00;0,1395
3437,50;0,1405
3437,00;0,1415
3436,50;0,1424
3436,00;0,1430
3435,50;0,1435
3435,00;0,1441
3434,50;0,1448
3434,00;0,1456
3433,50;0,1463
3433,00;0,1469
3432,50;0,1475
3432,00;0,1480
3431,50;0,1486
3431,00;0,1493
3430,50;0,1500
3430,00;0,1507
3429,50;0,1513
3429,00;0,1518
3428,50;0,1524
3428,00;0,1531
3427,50;0,1538
3427,00;0,1545
3426,50;0,1550
3426,00;0,1554
3425,50;0,1559
3425,00;0,1567
3424,50;0,1575
3424,00;0,1583
3423,50;0,1590
3423,00;0,1596
3422,50;0,1602
3422,00;0,1607
3421,50;0,1613
3421,00;0,1620
3420,50;0,1628
3420,00;0,1633
3419,50;0,1637
3419,00;0,1643
3418,50;0,1650
3418,00;0,1659
3417,50;0,1666
3417,00;0,1671
3416,50;0,1676
3416,00;0,1681
3415,50;0,1687
3415,00;0,1693
3414,50;0,1699
3414,00;0,1705
3413,50;0,1708
3413,00;0,1711
3412,50;0,1716
3412,00;0,1722
3411,50;0,1728
3411,00;0,1735
3410,50;0,1739
3410,00;0,1742
3409,50;0,1747
3409,00;0,1753
3408,50;0,1761
3408,00;0,1770
3407,50;0,1776
3407,00;0,1778
3406,50;0,1777
3406,00;0,1776
3405,50;0,1776
3405,00;0,1777
3404,50;0,1780
3404,00;0,1785
3403,50;0,1792
3403,00;0,1801
3402,50;0,1811
3402,00;0,1820
3401,50;0,1827
3401,00;0,1829
3400,50;0,1829
3400,00;0,1827
3399,50;0,1828
3399,00;0,1832
3398,50;0,1839
3398,00;0,1847
3397,50;0,1854
3397,00;0,1859
3396,50;0,1862
3396,00;0,1865
3395,50;0,1868
3395,00;0,1871
3394,50;0,1875
3394,00;0,1878
3393,50;0,1882
3393,00;0,1886
3392,50;0,1891
3392,00;0,1896
3391,50;0,1901
3391,00;0,1904
3390,50;0,1908
3390,00;0,1913
3389,50;0,1919
3389,00;0,1923
3388,50;0,1923
3388,00;0,1921
3387,50;0,1919
3387,00;0,1920
3386,50;0,1926
3386,00;0,1934
3385,50;0,1942
3385,00;0,1947
3384,50;0,1951
3384,00;0,1954
3383,50;0,1955
3383,00;0,1956
3382,50;0,1957
3382,00;0,1960
3381,50;0,1965
3381,00;0,1971
3380,50;0,1976
3380,00;0,1979
3379,50;0,1982
3379,00;0,1983
3378,50;0,1983
3378,00;0,1983
3377,50;0,1984
3377,00;0,1985
3376,50;0,1988
3376,00;0,1994
3375,50;0,2001
3375,00;0,2007
3374,50;0,2011
3374,00;0,2014
3373,50;0,2014
3373,00;0,2013
3372,50;0,2011
3372,00;0,2009
3371,50;0,2008
3371,00;0,2010
3370,50;0,2015
3370,00;0,2021
3369,50;0,2026
3369,00;0,2029
3368,50;0,2027
3368,00;0,2024
3367,50;0,2023
3367,00;0,2026
3366,50;0,2032
3366,00;0,2039
3365,50;0,2046
3365,00;0,2050
3364,50;0,2052
3364,00;0,2051
3363,50;0,2051
3363,00;0,2051
3362,50;0,2052
3362,00;0,2053
3361,50;0,2054
3361,00;0,2055
3360,50;0,2056
3360,00;0,2058
3359,50;0,2058
3359,00;0,2059
3358,50;0,2059
3358,00;0,2058
3357,50;0,2058
3357,00;0,2060
3356,50;0,2063
3356,00;0,2067
3355,50;0,2071
3355,00;0,2074
3354,50;0,2076
3354,00;0,2076
3353,50;0,2074
3353,00;0,2073
3352,50;0,2074
3352,00;0,2077
3351,50;0,2080
3351,00;0,2082
3350,50;0,2084
3350,00;0,2084
3349,50;0,2084
3349,00;0,2084
3348,50;0,2086
3348,00;0,2088
3347,50;0,2089
3347,00;0,2091
3346,50;0,2094
3346,00;0,2096
3345,50;0,2096
3345,00;0,2094
3344,50;0,2092
3344,00;0,2091
3343,50;0,2092
3343,00;0,2095
3342,50;0,2098
3342,00;0,2100
3341,50;0,2101
3341,00;0,2101
3340,50;0,2101
3340,00;0,2101
3339,50;0,2101
3339,00;0,2101
3338,50;0,2102
3338,00;0,2104
3337,50;0,2105
3337,00;0,2105
3336,50;0,2104
3336,00;0,2106
3335,50;0,2109
3335,00;0,2113
3334,50;0,2117
3334,00;0,2118
3333,50;0,2118
3333,00;0,2117
3332,50;0,2118
3332,00;0,2119
3331,50;0,2120
3331,00;0,2120
3330,50;0,2119
3330,00;0,2118
3329,50;0,2119
3329,00;0,2122
3328,50;0,2125
3328,00;0,2125
3327,50;0,2123
3327,00;0,2122
3326,50;0,2122
3326,00;0,2124
3325,50;0,2124
3325,00;0,2123
3324,50;0,2121
3324,00;0,2122
3323,50;0,2126
3323,00;0,2130
3322,50;0,2134
3322,00;0,2136
3321,50;0,2137
3321,00;0,2136
3320,50;0,2136
3320,00;0,2137
3319,50;0,2139
3319,00;0,2142
3318,50;0,2144
3318,00;0,2145
3317,50;0,2145
3317,00;0,2143
3316,50;0,2142
3316,00;0,2143
3315,50;0,2145
3315,00;0,2146
3314,50;0,2148
3314,00;0,2150
3313,50;0,2153
3313,00;0,2157
3312,50;0,2161
3312,00;0,2167
3311,50;0,2171
3311,00;0,2172
3310,50;0,2168
3310,00;0,2162
3309,50;0,2157
3309,00;0,2158
3308,50;0,2163
3308,00;0,2169
3307,50;0,2173
3307,00;0,2176
3306,50;0,2179
3306,00;0,2180
3305,50;0,2179
3305,00;0,2178
3304,50;0,2180
3304,00;0,2185
3303,50;0,2191
3303,00;0,2197
3302,50;0,2202
3302,00;0,2206
3301,50;0,2206
3301,00;0,2205
3300,50;0,2203
3300,00;0,2203
3299,50;0,2208
3299,00;0,2215
3298,50;0,2224
3298,00;0,2234
3297,50;0,2241
3297,00;0,2245
3296,50;0,2247
3296,00;0,2248
3295,50;0,2248
3295,00;0,2248
3294,50;0,2250
3294,00;0,2255
3293,50;0,2260
3293,00;0,2263
3292,50;0,2264
3292,00;0,2264
3291,50;0,2263
3291,00;0,2262
3290,50;0,2260
3290,00;0,2262
3289,50;0,2267
3289,00;0,2273
3288,50;0,2277
3288,00;0,2278
3287,50;0,2279
3287,00;0,2280
3286,50;0,2281
3286,00;0,2280
3285,50;0,2277
3285,00;0,2275
3284,50;0,2274
3284,00;0,2276
3283,50;0,2281
3283,00;0,2287
3282,50;0,2292
3282,00;0,2296
3281,50;0,2298
3281,00;0,2301
3280,50;0,2303
3280,00;0,2304
3279,50;0,2306
3279,00;0,2307
3278,50;0,2307
3278,00;0,2306
3277,50;0,2306
3277,00;0,2310
3276,50;0,2317
3276,00;0,2324
3275,50;0,2328
3275,00;0,2329
3274,50;0,2329
3274,00;0,2329
3273,50;0,2329
3273,00;0,2331
3272,50;0,2334
3272,00;0,2335
3271,50;0,2335
3271,00;0,2334
3270,50;0,2336
3270,00;0,2339
3269,50;0,2346
3269,00;0,2354
3268,50;0,2361
3268,00;0,2366
3267,50;0,2369
3267,00;0,2371
3266,50;0,2373
3266,00;0,2376
3265,50;0,2378
3265,00;0,2378
3264,50;0,2380
3264,00;0,2384
3263,50;0,2389
3263,00;0,2393
3262,50;0,2396
3262,00;0,2396
3261,50;0,2396
3261,00;0,2397
3260,50;0,2400
3260,00;0,2404
3259,50;0,2409
3259,00;0,2414
3258,50;0,2418
3258,00;0,2422
3257,50;0,2424
3257,00;0,2427
3256,50;0,2428
3256,00;0,2431
3255,50;0,2435
3255,00;0,2439
3254,50;0,2443
3254,00;0,2447
3253,50;0,2451
3253,00;0,2455
3252,50;0,2457
3252,00;0,2459
3251,50;0,2461
3251,00;0,2465
3250,50;0,2470
3250,00;0,2474
3249,50;0,2475
3249,00;0,2475
3248,50;0,2477
3248,00;0,2482
3247,50;0,2489
3247,00;0,2497
3246,50;0,2503
3246,00;0,2508
3245,50;0,2514
3245,00;0,2520
3244,50;0,2527
3244,00;0,2532
3243,50;0,2535
3243,00;0,2539
3242,50;0,2545
3242,00;0,2554
3241,50;0,2563
3241,00;0,2572
3240,50;0,2578
3240,00;0,2581
3239,50;0,2581
3239,00;0,2582
3238,50;0,2588
3238,00;0,2601
3237,50;0,2615
3237,00;0,2627
3236,50;0,2636
3236,00;0,2643
3235,50;0,2651
3235,00;0,2661
3234,50;0,2670
3234,00;0,2676
3233,50;0,2678
3233,00;0,2680
3232,50;0,2684
3232,00;0,2691
3231,50;0,2702
3231,00;0,2715
3230,50;0,2730
3230,00;0,2745
3229,50;0,2758
3229,00;0,2767
3228,50;0,2776
3228,00;0,2786
3227,50;0,2796
3227,00;0,2804
3226,50;0,2812
3226,00;0,2822
3225,50;0,2834
3225,00;0,2847
3224,50;0,2858
3224,00;0,2867
3223,50;0,2878
3223,00;0,2891
3222,50;0,2907
3222,00;0,2924
3221,50;0,2940
3221,00;0,2952
3220,50;0,2961
3220,00;0,2965
3219,50;0,2970
3219,00;0,2978
3218,50;0,2992
3218,00;0,3008
3217,50;0,3021
3217,00;0,3029
3216,50;0,3034
3216,00;0,3040
3215,50;0,3047
3215,00;0,3056
3214,50;0,3062
3214,00;0,3068
3213,50;0,3073
3213,00;0,3080
3212,50;0,3089
3212,00;0,3102
3211,50;0,3116
3211,00;0,3128
3210,50;0,3135
3210,00;0,3138
3209,50;0,3139
3209,00;0,3141
3208,50;0,3145
3208,00;0,3151
3207,50;0,3159
3207,00;0,3168
3206,50;0,3175
3206,00;0,3181
3205,50;0,3184
3205,00;0,3186
3204,50;0,3188
3204,00;0,3190
3203,50;0,3193
3203,00;0,3199
3202,50;0,3207
3202,00;0,3211
3201,50;0,3210
3201,00;0,3205
3200,50;0,3200
3200,00;0,3199
3199,50;0,3202
3199,00;0,3208
3198,50;0,3213
3198,00;0,3215
3197,50;0,3216
3197,00;0,3218
3196,50;0,3223
3196,00;0,3229
3195,50;0,3231
3195,00;0,3227
3194,50;0,3221
3194,00;0,3216
3193,50;0,3215
3193,00;0,3217
3192,50;0,3219
3192,00;0,3221
3191,50;0,3223
3191,00;0,3223
3190,50;0,3222
3190,00;0,3221
3189,50;0,3223
3189,00;0,3224
3188,50;0,3223
3188,00;0,3221
3187,50;0,3220
3187,00;0,3224
3186,50;0,3230
3186,00;0,3233
3185,50;0,3232
3185,00;0,3231
3184,50;0,3231
3184,00;0,3232
3183,50;0,3232
3183,00;0,3230
3182,50;0,3224
3182,00;0,3216
3181,50;0,3209
3181,00;0,3207
3180,50;0,3210
3180,00;0,3215
3179,50;0,3219
3179,00;0,3220
3178,50;0,3220
3178,00;0,3219
3177,50;0,3221
3177,00;0,3224
3176,50;0,3226
3176,00;0,3227
3175,50;0,3227
3175,00;0,3225
3174,50;0,3223
3174,00;0,3222
3173,50;0,3224
3173,00;0,3229
3172,50;0,3233
3172,00;0,3234
3171,50;0,3233
3171,00;0,3231
3170,50;0,3230
3170,00;0,3228
3169,50;0,3228
3169,00;0,3229
3168,50;0,3232
3168,00;0,3236
3167,50;0,3239
3167,00;0,3239
3166,50;0,3239
3166,00;0,3236
3165,50;0,3233
3165,00;0,3231
3164,50;0,3231
3164,00;0,3231
3163,50;0,3233
3163,00;0,3235
3162,50;0,3238
3162,00;0,3241
3161,50;0,3244
3161,00;0,3245
3160,50;0,3244
3160,00;0,3242
3159,50;0,3240
3159,00;0,3241
3158,50;0,3247
3158,00;0,3255
3157,50;0,3262
3157,00;0,3265
3156,50;0,3265
3156,00;0,3266
3155,50;0,3268
3155,00;0,3272
3154,50;0,3276
3154,00;0,3277
3153,50;0,3275
3153,00;0,3275
3152,50;0,3277
3152,00;0,3281
3151,50;0,3286
3151,00;0,3290
3150,50;0,3292
3150,00;0,3294
3149,50;0,3299
3149,00;0,3305
3148,50;0,3311
3148,00;0,3314
3147,50;0,3315
3147,00;0,3318
3146,50;0,3324
3146,00;0,3329
3145,50;0,3332
3145,00;0,3333
3144,50;0,3331
3144,00;0,3329
3143,50;0,3328
3143,00;0,3331
3142,50;0,3339
3142,00;0,3349
3141,50;0,3357
3141,00;0,3361
3140,50;0,3361
3140,00;0,3360
3139,50;0,3361
3139,00;0,3365
3138,50;0,3372
3138,00;0,3382
3137,50;0,3391
3137,00;0,3399
3136,50;0,3405
3136,00;0,3407
3135,50;0,3404
3135,00;0,3399
3134,50;0,3398
3134,00;0,3401
3133,50;0,3406
3133,00;0,3410
3132,50;0,3413
3132,00;0,3417
3131,50;0,3423
3131,00;0,3429
3130,50;0,3433
3130,00;0,3435
3129,50;0,3439
3129,00;0,3447
3128,50;0,3457
3128,00;0,3465
3127,50;0,3469
3127,00;0,3467
3126,50;0,3462
3126,00;0,3458
3125,50;0,3456
3125,00;0,3460
3124,50;0,3467
3124,00;0,3477
3123,50;0,3487
3123,00;0,3496
3122,50;0,3502
3122,00;0,3505
3121,50;0,3506
3121,00;0,3508
3120,50;0,3510
3120,00;0,3511
3119,50;0,3509
3119,00;0,3507
3118,50;0,3509
3118,00;0,3513
3117,50;0,3518
3117,00;0,3521
3116,50;0,3521
3116,00;0,3522
3115,50;0,3523
3115,00;0,3527
3114,50;0,3530
3114,00;0,3532
3113,50;0,3534
3113,00;0,3536
3112,50;0,3539
3112,00;0,3541
3111,50;0,3540
3111,00;0,3536
3110,50;0,3530
3110,00;0,3524
3109,50;0,3519
3109,00;0,3516
3108,50;0,3516
3108,00;0,3515
3107,50;0,3512
3107,00;0,3508
3106,50;0,3506
3106,00;0,3507
3105,50;0,3510
3105,00;0,3513
3104,50;0,3514
3104,00;0,3513
3103,50;0,3511
3103,00;0,3506
3102,50;0,3500
3102,00;0,3493
3101,50;0,3487
3101,00;0,3484
3100,50;0,3484
3100,00;0,3487
3099,50;0,3487
3099,00;0,3484
3098,50;0,3476
3098,00;0,3466
3097,50;0,3457
3097,00;0,3449
3096,50;0,3444
3096,00;0,3440
3095,50;0,3435
3095,00;0,3430
3094,50;0,3424
3094,00;0,3416
3093,50;0,3407
3093,00;0,3398
3092,50;0,3391
3092,00;0,3386
3091,50;0,3382
3091,00;0,3377
3090,50;0,3371
3090,00;0,3362
3089,50;0,3351
3089,00;0,3337
3088,50;0,3323
3088,00;0,3309
3087,50;0,3299
3087,00;0,3293
3086,50;0,3287
3086,00;0,3280
3085,50;0,3270
3085,00;0,3260
3084,50;0,3252
3084,00;0,3244
3083,50;0,3232
3083,00;0,3219
3082,50;0,3205
3082,00;0,3193
3081,50;0,3182
3081,00;0,3170
3080,50;0,3157
3080,00;0,3146
3079,50;0,3137
3079,00;0,3129
3078,50;0,3120
3078,00;0,3107
3077,50;0,3091
3077,00;0,3077
3076,50;0,3065
3076,00;0,3055
3075,50;0,3045
3075,00;0,3034
3074,50;0,3026
3074,00;0,3018
3073,50;0,3009
3073,00;0,2998
3072,50;0,2985
3072,00;0,2973
3071,50;0,2961
3071,00;0,2950
3070,50;0,2938
3070,00;0,2927
3069,50;0,2919
3069,00;0,2915
3068,50;0,2911
3068,00;0,2902
3067,50;0,2885
3067,00;0,2864
3066,50;0,2846
3066,00;0,2835
3065,50;0,2828
3065,00;0,2821
3064,50;0,2813
3064,00;0,2803
3063,50;0,2794
3063,00;0,2784
3062,50;0,2773
3062,00;0,2761
3061,50;0,2750
3061,00;0,2741
3060,50;0,2734
3060,00;0,2729
3059,50;0,2720
3059,00;0,2709
3058,50;0,2697
3058,00;0,2688
3057,50;0,2681
3057,00;0,2675
3056,50;0,2667
3056,00;0,2659
3055,50;0,2651
3055,00;0,2643
3054,50;0,2634
3054,00;0,2624
3053,50;0,2614
3053,00;0,2605
3052,50;0,2596
3052,00;0,2586
3051,50;0,2576
3051,00;0,2566
3050,50;0,2556
3050,00;0,2548
3049,50;0,2541
3049,00;0,2535
3048,50;0,2529
3048,00;0,2520
3047,50;0,2510
3047,00;0,2501
3046,50;0,2494
3046,00;0,2487
3045,50;0,2479
3045,00;0,2471
3044,50;0,2463
3044,00;0,2455
3043,50;0,2448
3043,00;0,2442
3042,50;0,2437
3042,00;0,2433
3041,50;0,2428
3041,00;0,2420
3040,50;0,2410
3040,00;0,2400
3039,50;0,2392
3039,00;0,2385
3038,50;0,2378
3038,00;0,2371
3037,50;0,2364
3037,00;0,2359
3036,50;0,2355
3036,00;0,2348
3035,50;0,2338
3035,00;0,2329
3034,50;0,2323
3034,00;0,2319
3033,50;0,2314
3033,00;0,2308
3032,50;0,2301
3032,00;0,2294
3031,50;0,2289
3031,00;0,2285
3030,50;0,2280
3030,00;0,2273
3029,50;0,2266
3029,00;0,2259
3028,50;0,2253
3028,00;0,2247
3027,50;0,2240
3027,00;0,2232
3026,50;0,2225
3026,00;0,2219
3025,50;0,2215
3025,00;0,2210
3024,50;0,2205
3024,00;0,2200
3023,50;0,2195
3023,00;0,2190
3022,50;0,2185
3022,00;0,2179
3021,50;0,2172
3021,00;0,2164
3020,50;0,2159
3020,00;0,2155
3019,50;0,2152
3019,00;0,2148
3018,50;0,2145
3018,00;0,2140
3017,50;0,2136
3017,00;0,2131
3016,50;0,2126
3016,00;0,2120
3015,50;0,2114
3015,00;0,2108
3014,50;0,2103
3014,00;0,2097
3013,50;0,2091
3013,00;0,2085
3012,50;0,2078
3012,00;0,2072
3011,50;0,2068
3011,00;0,2066
3010,50;0,2065
3010,00;0,2064
3009,50;0,2060
3009,00;0,2054
3008,50;0,2049
3008,00;0,2044
3007,50;0,2040
3007,00;0,2035
3006,50;0,2030
3006,00;0,2025
3005,50;0,2021
3005,00;0,2019
3004,50;0,2017
3004,00;0,2015
3003,50;0,2010
3003,00;0,2004
3002,50;0,1997
3002,00;0,1991
3001,50;0,1986
3001,00;0,1982
3000,50;0,1979
3000,00;0,1978
2999,50;0,1976
2999,00;0,1973
2998,50;0,1968
2998,00;0,1961
2997,50;0,1954
2997,00;0,1951
2996,50;0,1951
2996,00;0,1951
2995,50;0,1951
2995,00;0,1947
2994,50;0,1943
2994,00;0,1937
2993,50;0,1931
2993,00;0,1925
2992,50;0,1921
2992,00;0,1917
2991,50;0,1914
2991,00;0,1911
2990,50;0,1907
2990,00;0,1904
2989,50;0,1903
2989,00;0,1903
2988,50;0,1902
2988,00;0,1900
2987,50;0,1894
2987,00;0,1888
2986,50;0,1883
2986,00;0,1879
2985,50;0,1877
2985,00;0,1874
2984,50;0,1871
2984,00;0,1866
2983,50;0,1863
2983,00;0,1861
2982,50;0,1860
2982,00;0,1858
2981,50;0,1854
2981,00;0,1849
2980,50;0,1845
2980,00;0,1844
2979,50;0,1843
2979,00;0,1843
2978,50;0,1840
2978,00;0,1837
2977,50;0,1832
2977,00;0,1826
2976,50;0,1822
2976,00;0,1818
2975,50;0,1813
2975,00;0,1809
2974,50;0,1804
2974,00;0,1800
2973,50;0,1798
2973,00;0,1795
2972,50;0,1793
2972,00;0,1791
2971,50;0,1789
2971,00;0,1786
2970,50;0,1783
2970,00;0,1779
2969,50;0,1774
2969,00;0,1771
2968,50;0,1770
2968,00;0,1771
2967,50;0,1770
2967,00;0,1767
2966,50;0,1763
2966,00;0,1758
2965,50;0,1753
2965,00;0,1747
2964,50;0,1742
2964,00;0,1738
2963,50;0,1736
2963,00;0,1735
2962,50;0,1734
2962,00;0,1733
2961,50;0,1732
2961,00;0,1729
2960,50;0,1725
2960,00;0,1720
2959,50;0,1715
2959,00;0,1711
2958,50;0,1709
2958,00;0,1708
2957,50;0,1706
2957,00;0,1703
2956,50;0,1699
2956,00;0,1695
2955,50;0,1692
2955,00;0,1690
2954,50;0,1688
2954,00;0,1686
2953,50;0,1683
2953,00;0,1679
2952,50;0,1675
2952,00;0,1672
2951,50;0,1670
2951,00;0,1668
2950,50;0,1667
2950,00;0,1665
2949,50;0,1663
2949,00;0,1659
2948,50;0,1656
2948,00;0,1652
2947,50;0,1650
2947,00;0,1647
2946,50;0,1646
2946,00;0,1645
2945,50;0,1646
2945,00;0,1645
2944,50;0,1643
2944,00;0,1640
2943,50;0,1636
2943,00;0,1631
2942,50;0,1626
2942,00;0,1622
2941,50;0,1619
2941,00;0,1617
2940,50;0,1615
2940,00;0,1613
2939,50;0,1611
2939,00;0,1610
2938,50;0,1610
2938,00;0,1610
2937,50;0,1607
2937,00;0,1603
2936,50;0,1599
2936,00;0,1596
2935,50;0,1593
2935,00;0,1590
2934,50;0,1588
2934,00;0,1585
2933,50;0,1583
2933,00;0,1581
2932,50;0,1579
2932,00;0,1578
2931,50;0,1576
2931,00;0,1573
2930,50;0,1568
2930,00;0,1564
2929,50;0,1562
2929,00;0,1562
2928,50;0,1563
2928,00;0,1563
2927,50;0,1562
2927,00;0,1560
2926,50;0,1558
2926,00;0,1556
2925,50;0,1553
2925,00;0,1549
2924,50;0,1545
2924,00;0,1540
2923,50;0,1537
2923,00;0,1535
2922,50;0,1534
2922,00;0,1534
2921,50;0,1535
2921,00;0,1535
2920,50;0,1535
2920,00;0,1534
2919,50;0,1533
2919,00;0,1531
2918,50;0,1528
2918,00;0,1526
2917,50;0,1525
2917,00;0,1527
2916,50;0,1530
2916,00;0,1532
2915,50;0,1534
2915,00;0,1534
2914,50;0,1531
2914,00;0,1528
2913,50;0,1524
2913,00;0,1523
2912,50;0,1523
2912,00;0,1523
2911,50;0,1521
2911,00;0,1517
2910,50;0,1511
2910,00;0,1505
2909,50;0,1499
2909,00;0,1495
2908,50;0,1492
2908,00;0,1492
2907,50;0,1492
2907,00;0,1491
2906,50;0,1489
2906,00;0,1486
2905,50;0,1484
2905,00;0,1483
2904,50;0,1482
2904,00;0,1483
2903,50;0,1483
2903,00;0,1482
2902,50;0,1480
2902,00;0,1477
2901,50;0,1474
2901,00;0,1472
2900,50;0,1470
2900,00;0,1467
2899,50;0,1464
2899,00;0,1460
2898,50;0,1457
2898,00;0,1455
2897,50;0,1454
2897,00;0,1454
2896,50;0,1453
2896,00;0,1453
2895,50;0,1453
2895,00;0,1452
2894,50;0,1450
2894,00;0,1447
2893,50;0,1445
2893,00;0,1444
2892,50;0,1443
2892,00;0,1442
2891,50;0,1441
2891,00;0,1440
2890,50;0,1440
2890,00;0,1440
2889,50;0,1439
2889,00;0,1436
2888,50;0,1432
2888,00;0,1429
2887,50;0,1427
2887,00;0,1426
2886,50;0,1426
2886,00;0,1426
2885,50;0,1426
2885,00;0,1427
2884,50;0,1427
2884,00;0,1427
2883,50;0,1424
2883,00;0,1421
2882,50;0,1418
2882,00;0,1418
2881,50;0,1417
2881,00;0,1415
2880,50;0,1412
2880,00;0,1410
2879,50;0,1409
2879,00;0,1408
2878,50;0,1408
2878,00;0,1407
2877,50;0,1406
2877,00;0,1404
2876,50;0,1403
2876,00;0,1402
2875,50;0,1401
2875,00;0,1401
2874,50;0,1401
2874,00;0,1399
2873,50;0,1397
2873,00;0,1394
2872,50;0,1392
2872,00;0,1391
2871,50;0,1391
2871,00;0,1391
2870,50;0,1390
2870,00;0,1389
2869,50;0,1387
2869,00;0,1385
2868,50;0,1383
2868,00;0,1380
2867,50;0,1378
2867,00;0,1376
2866,50;0,1374
2866,00;0,1372
2865,50;0,1371
2865,00;0,1371
2864,50;0,1371
2864,00;0,1371
2863,50;0,1370
2863,00;0,1368
2862,50;0,1367
2862,00;0,1365
2861,50;0,1363
2861,00;0,1362
2860,50;0,1360
2860,00;0,1357
2859,50;0,1354
2859,00;0,1352
2858,50;0,1351
2858,00;0,1351
2857,50;0,1350
2857,00;0,1349
2856,50;0,1349
2856,00;0,1350
2855,50;0,1350
2855,00;0,1349
2854,50;0,1347
2854,00;0,1344
2853,50;0,1342
2853,00;0,1342
2852,50;0,1342
2852,00;0,1341
2851,50;0,1340
2851,00;0,1338
2850,50;0,1338
2850,00;0,1338
2849,50;0,1340
2849,00;0,1341
2848,50;0,1343
2848,00;0,1346
2847,50;0,1348
2847,00;0,1349
2846,50;0,1347
2846,00;0,1345
2845,50;0,1342
2845,00;0,1339
2844,50;0,1337
2844,00;0,1334
2843,50;0,1330
2843,00;0,1327
2842,50;0,1323
2842,00;0,1321
2841,50;0,1320
2841,00;0,1319
2840,50;0,1319
2840,00;0,1318
2839,50;0,1315
2839,00;0,1313
2838,50;0,1312
2838,00;0,1312
2837,50;0,1313
2837,00;0,1313
2836,50;0,1312
2836,00;0,1310
2835,50;0,1308
2835,00;0,1307
2834,50;0,1306
2834,00;0,1305
2833,50;0,1304
2833,00;0,1302
2832,50;0,1299
2832,00;0,1298
2831,50;0,1297
2831,00;0,1297
2830,50;0,1297
2830,00;0,1297
2829,50;0,1296
2829,00;0,1296
2828,50;0,1296
2828,00;0,1297
2827,50;0,1297
2827,00;0,1296
2826,50;0,1295
2826,00;0,1294
2825,50;0,1294
2825,00;0,1293
2824,50;0,1291
2824,00;0,1291
2823,50;0,1290
2823,00;0,1289
2822,50;0,1287
2822,00;0,1284
2821,50;0,1283
2821,00;0,1283
2820,50;0,1284
2820,00;0,1284
2819,50;0,1283
2819,00;0,1282
2818,50;0,1281
2818,00;0,1281
2817,50;0,1281
2817,00;0,1282
2816,50;0,1282
2816,00;0,1280
2815,50;0,1277
2815,00;0,1274
2814,50;0,1272
2814,00;0,1271
2813,50;0,1272
2813,00;0,1272
2812,50;0,1271
2812,00;0,1271
2811,50;0,1271
2811,00;0,1271
2810,50;0,1273
2810,00;0,1274
2809,50;0,1273
2809,00;0,1271
2808,50;0,1269
2808,00;0,1267
2807,50;0,1267
2807,00;0,1267
2806,50;0,1267
2806,00;0,1265
2805,50;0,1263
2805,00;0,1262
2804,50;0,1261
2804,00;0,1261
2803,50;0,1262
2803,00;0,1262
2802,50;0,1263
2802,00;0,1263
2801,50;0,1262
2801,00;0,1261
2800,50;0,1259
2800,00;0,1258
2799,50;0,1257
2799,00;0,1256
2798,50;0,1255
2798,00;0,1253
2797,50;0,1252
2797,00;0,1251
2796,50;0,1250
2796,00;0,1250
2795,50;0,1248
2795,00;0,1246
2794,50;0,1244
2794,00;0,1242
2793,50;0,1241
2793,00;0,1242
2792,50;0,1243
2792,00;0,1244
2791,50;0,1242
2791,00;0,1240
2790,50;0,1238
2790,00;0,1237
2789,50;0,1237
2789,00;0,1237
2788,50;0,1237
2788,00;0,1237
2787,50;0,1237
2787,00;0,1236
2786,50;0,1235
2786,00;0,1234
2785,50;0,1232
2785,00;0,1231
2784,50;0,1231
2784,00;0,1231
2783,50;0,1232
2783,00;0,1231
2782,50;0,1231
2782,00;0,1230
2781,50;0,1230
2781,00;0,1230
2780,50;0,1230
2780,00;0,1229
2779,50;0,1227
2779,00;0,1226
2778,50;0,1225
2778,00;0,1224
2777,50;0,1223
2777,00;0,1222
2776,50;0,1220
2776,00;0,1220
2775,50;0,1220
2775,00;0,1222
2774,50;0,1223
2774,00;0,1223
2773,50;0,1221
2773,00;0,1219
2772,50;0,1218
2772,00;0,1217
2771,50;0,1217
2771,00;0,1216
2770,50;0,1215
2770,00;0,1216
2769,50;0,1217
2769,00;0,1217
2768,50;0,1217
2768,00;0,1215
2767,50;0,1214
2767,00;0,1212
2766,50;0,1211
2766,00;0,1211
2765,50;0,1212
2765,00;0,1212
2764,50;0,1210
2764,00;0,1209
2763,50;0,1208
2763,00;0,1207
2762,50;0,1208
2762,00;0,1207
2761,50;0,1207
2761,00;0,1207
2760,50;0,1206
2760,00;0,1206
2759,50;0,1206
2759,00;0,1205
2758,50;0,1204
2758,00;0,1204
2757,50;0,1204
2757,00;0,1204
2756,50;0,1204
2756,00;0,1204
2755,50;0,1204
2755,00;0,1204
2754,50;0,1203
2754,00;0,1201
2753,50;0,1201
2753,00;0,1200
2752,50;0,1199
2752,00;0,1198
2751,50;0,1197
2751,00;0,1196
2750,50;0,1197
2750,00;0,1197
2749,50;0,1197
2749,00;0,1196
2748,50;0,1195
2748,00;0,1195
2747,50;0,1196
2747,00;0,1196
2746,50;0,1195
2746,00;0,1194
2745,50;0,1192
2745,00;0,1190
2744,50;0,1190
2744,00;0,1190
2743,50;0,1191
2743,00;0,1191
2742,50;0,1190
2742,00;0,1189
2741,50;0,1188
2741,00;0,1188
2740,50;0,1188
2740,00;0,1189
2739,50;0,1188
2739,00;0,1187
2738,50;0,1186
2738,00;0,1184
2737,50;0,1182
2737,00;0,1181
2736,50;0,1181
2736,00;0,1181
2735,50;0,1181
2735,00;0,1181
2734,50;0,1182
2734,00;0,1183
2733,50;0,1184
2733,00;0,1184
2732,50;0,1183
2732,00;0,1181
2731,50;0,1180
2731,00;0,1179
2730,50;0,1177
2730,00;0,1176
2729,50;0,1175
2729,00;0,1175
2728,50;0,1175
2728,00;0,1175
2727,50;0,1174
2727,00;0,1174
2726,50;0,1174
2726,00;0,1174
2725,50;0,1174
2725,00;0,1174
2724,50;0,1175
2724,00;0,1175
2723,50;0,1176
2723,00;0,1175
2722,50;0,1173
2722,00;0,1171
2721,50;0,1170
2721,00;0,1170
2720,50;0,1169
2720,00;0,1169
2719,50;0,1168
2719,00;0,1167
2718,50;0,1168
2718,00;0,1170
2717,50;0,1171
2717,00;0,1172
2716,50;0,1171
2716,00;0,1169
2715,50;0,1167
2715,00;0,1167
2714,50;0,1167
2714,00;0,1165
2713,50;0,1163
2713,00;0,1161
2712,50;0,1160
2712,00;0,1162
2711,50;0,1164
2711,00;0,1164
2710,50;0,1164
2710,00;0,1163
2709,50;0,1163
2709,00;0,1162
2708,50;0,1161
2708,00;0,1159
2707,50;0,1158
2707,00;0,1158
2706,50;0,1159
2706,00;0,1158
2705,50;0,1157
2705,00;0,1156
2704,50;0,1155
2704,00;0,1155
2703,50;0,1155
2703,00;0,1154
2702,50;0,1154
2702,00;0,1154
2701,50;0,1154
2701,00;0,1154
2700,50;0,1154
2700,00;0,1154
2699,50;0,1154
2699,00;0,1155
2698,50;0,1155
2698,00;0,1155
2697,50;0,1154
2697,00;0,1154
2696,50;0,1154
2696,00;0,1154
2695,50;0,1154
2695,00;0,1154
2694,50;0,1153
2694,00;0,1153
2693,50;0,1153
2693,00;0,1154
2692,50;0,1153
2692,00;0,1152
2691,50;0,1150
2691,00;0,1149
2690,50;0,1148
2690,00;0,1148
2689,50;0,1148
2689,00;0,1148
2688,50;0,1147
2688,00;0,1147
2687,50;0,1147
2687,00;0,1147
2686,50;0,1146
2686,00;0,1145
2685,50;0,1145
2685,00;0,1145
2684,50;0,1146
2684,00;0,1147
2683,50;0,1147
2683,00;0,1146
2682,50;0,1146
2682,00;0,1146
2681,50;0,1145
2681,00;0,1144
2680,50;0,1143
2680,00;0,1142
2679,50;0,1141
2679,00;0,1141
2678,50;0,1141
2678,00;0,1141
2677,50;0,1141
2677,00;0,1141
2676,50;0,1142
2676,00;0,1143
2675,50;0,1144
2675,00;0,1144
2674,50;0,1144
2674,00;0,1144
2673,50;0,1143
2673,00;0,1141
2672,50;0,1139
2672,00;0,1137
2671,50;0,1136
2671,00;0,1137
2670,50;0,1138
2670,00;0,1139
2669,50;0,1140
2669,00;0,1140
2668,50;0,1140
2668,00;0,1139
2667,50;0,1136
2667,00;0,1134
2666,50;0,1133
2666,00;0,1134
2665,50;0,1137
2665,00;0,1139
2664,50;0,1140
2664,00;0,1140
2663,50;0,1139
2663,00;0,1137
2662,50;0,1135
2662,00;0,1134
2661,50;0,1134
2661,00;0,1135
2660,50;0,1136
2660,00;0,1135
2659,50;0,1133
2659,00;0,1131
2658,50;0,1128
2658,00;0,1127
2657,50;0,1126
2657,00;0,1125
2656,50;0,1125
2656,00;0,1126
2655,50;0,1128
2655,00;0,1132
2654,50;0,1134
2654,00;0,1135
2653,50;0,1134
2653,00;0,1132
2652,50;0,1131
2652,00;0,1129
2651,50;0,1128
2651,00;0,1127
2650,50;0,1126
2650,00;0,1126
2649,50;0,1127
2649,00;0,1126
2648,50;0,1125
2648,00;0,1124
2647,50;0,1123
2647,00;0,1122
2646,50;0,1122
2646,00;0,1122
2645,50;0,1124
2645,00;0,1125
2644,50;0,1125
2644,00;0,1125
2643,50;0,1125
2643,00;0,1125
2642,50;0,1125
2642,00;0,1125
2641,50;0,1125
2641,00;0,1124
2640,50;0,1124
2640,00;0,1124
2639,50;0,1124
2639,00;0,1124
2638,50;0,1124
2638,00;0,1122
2637,50;0,1120
2637,00;0,1117
2636,50;0,1116
2636,00;0,1115
2635,50;0,1116
2635,00;0,1117
2634,50;0,1118
2634,00;0,1118
2633,50;0,1117
2633,00;0,1117
2632,50;0,1116
2632,00;0,1116
2631,50;0,1116
2631,00;0,1116
2630,50;0,1116
2630,00;0,1116
2629,50;0,1117
2629,00;0,1117
2628,50;0,1116
2628,00;0,1113
2627,50;0,1112
2627,00;0,1111
2626,50;0,1113
2626,00;0,1115
2625,50;0,1116
2625,00;0,1117
2624,50;0,1116
2624,00;0,1116
2623,50;0,1117
2623,00;0,1118
2622,50;0,1117
2622,00;0,1115
2621,50;0,1113
2621,00;0,1112
2620,50;0,1113
2620,00;0,1114
2619,50;0,1113
2619,00;0,1112
2618,50;0,1111
2618,00;0,1110
2617,50;0,1109
2617,00;0,1109
2616,50;0,1108
2616,00;0,1109
2615,50;0,1109
2615,00;0,1109
2614,50;0,1110
2614,00;0,1110
2613,50;0,1110
2613,00;0,1109
2612,50;0,1110
2612,00;0,1113
2611,50;0,1115
2611,00;0,1117
2610,50;0,1116
2610,00;0,1114
2609,50;0,1110
2609,00;0,1107
2608,50;0,1107
2608,00;0,1109
2607,50;0,1112
2607,00;0,1112
2606,50;0,1111
2606,00;0,1109
2605,50;0,1107
2605,00;0,1106
2604,50;0,1104
2604,00;0,1105
2603,50;0,1106
2603,00;0,1109
2602,50;0,1111
2602,00;0,1113
2601,50;0,1113
2601,00;0,1111
2600,50;0,1108
2600,00;0,1105
2599,50;0,1102
2599,00;0,1100
2598,50;0,1100
2598,00;0,1101
2597,50;0,1104
2597,00;0,1106
2596,50;0,1108
2596,00;0,1109
2595,50;0,1108
2595,00;0,1107
2594,50;0,1105
2594,00;0,1105
2593,50;0,1108
2593,00;0,1113
2592,50;0,1116
2592,00;0,1117
2591,50;0,1114
2591,00;0,1110
2590,50;0,1107
2590,00;0,1107
2589,50;0,1108
2589,00;0,1108
2588,50;0,1107
2588,00;0,1105
2587,50;0,1105
2587,00;0,1105
2586,50;0,1106
2586,00;0,1107
2585,50;0,1107
2585,00;0,1107
2584,50;0,1105
2584,00;0,1102
2583,50;0,1098
2583,00;0,1095
2582,50;0,1094
2582,00;0,1097
2581,50;0,1101
2581,00;0,1106
2580,50;0,1107
2580,00;0,1105
2579,50;0,1101
2579,00;0,1098
2578,50;0,1098
2578,00;0,1101
2577,50;0,1104
2577,00;0,1105
2576,50;0,1105
2576,00;0,1106
2575,50;0,1108
2575,00;0,1109
2574,50;0,1106
2574,00;0,1100
2573,50;0,1095
2573,00;0,1094
2572,50;0,1096
2572,00;0,1100
2571,50;0,1105
2571,00;0,1111
2570,50;0,1114
2570,00;0,1114
2569,50;0,1112
2569,00;0,1108
2568,50;0,1105
2568,00;0,1103
2567,50;0,1102
2567,00;0,1104
2566,50;0,1107
2566,00;0,1110
2565,50;0,1108
2565,00;0,1103
2564,50;0,1096
2564,00;0,1092
2563,50;0,1090
2563,00;0,1090
2562,50;0,1092
2562,00;0,1096
2561,50;0,1101
2561,00;0,1106
2560,50;0,1109
2560,00;0,1109
2559,50;0,1106
2559,00;0,1100
2558,50;0,1095
2558,00;0,1094
2557,50;0,1096
2557,00;0,1100
2556,50;0,1105
2556,00;0,1111
2555,50;0,1115
2555,00;0,1115
2554,50;0,1110
2554,00;0,1104
2553,50;0,1098
2553,00;0,1095
2552,50;0,1095
2552,00;0,1097
2551,50;0,1100
2551,00;0,1101
2550,50;0,1101
2550,00;0,1101
2549,50;0,1104
2549,00;0,1105
2548,50;0,1104
2548,00;0,1101
2547,50;0,1097
2547,00;0,1095
2546,50;0,1096
2546,00;0,1098
2545,50;0,1101
2545,00;0,1102
2544,50;0,1102
2544,00;0,1101
2543,50;0,1102
2543,00;0,1102
2542,50;0,1101
2542,00;0,1097
2541,50;0,1092
2541,00;0,1088
2540,50;0,1089
2540,00;0,1093
2539,50;0,1098
2539,00;0,1100
2538,50;0,1100
2538,00;0,1098
2537,50;0,1097
2537,00;0,1096
2536,50;0,1095
2536,00;0,1094
2535,50;0,1094
2535,00;0,1095
2534,50;0,1098
2534,00;0,1101
2533,50;0,1106
2533,00;0,1109
2532,50;0,1110
2532,00;0,1106
2531,50;0,1099
2531,00;0,1094
2530,50;0,1093
2530,00;0,1097
2529,50;0,1104
2529,00;0,1111
2528,50;0,1116
2528,00;0,1117
2527,50;0,1114
2527,00;0,1109
2526,50;0,1103
2526,00;0,1099
2525,50;0,1099
2525,00;0,1100
2524,50;0,1103
2524,00;0,1104
2523,50;0,1106
2523,00;0,1107
2522,50;0,1108
2522,00;0,1106
2521,50;0,1100
2521,00;0,1096
2520,50;0,1095
2520,00;0,1097
2519,50;0,1099
2519,00;0,1099
2518,50;0,1099
2518,00;0,1099
2517,50;0,1100
2517,00;0,1099
2516,50;0,1096
2516,00;0,1092
2515,50;0,1089
2515,00;0,1090
2514,50;0,1092
2514,00;0,1097
2513,50;0,1102
2513,00;0,1107
2512,50;0,1110
2512,00;0,1108
2511,50;0,1102
2511,00;0,1097
2510,50;0,1095
2510,00;0,1098
2509,50;0,1102
2509,00;0,1107
2508,50;0,1111
2508,00;0,1115
2507,50;0,1115
2507,00;0,1112
2506,50;0,1105
2506,00;0,1097
2505,50;0,1090
2505,00;0,1087
2504,50;0,1092
2504,00;0,1100
2503,50;0,1108
2503,00;0,1111
2502,50;0,1109
2502,00;0,1104
2501,50;0,1101
2501,00;0,1100
2500,50;0,1101
2500,00;0,1102
2499,50;0,1103
2499,00;0,1105
2498,50;0,1109
2498,00;0,1113
2497,50;0,1115
2497,00;0,1112
2496,50;0,1105
2496,00;0,1096
2495,50;0,1090
2495,00;0,1088
2494,50;0,1092
2494,00;0,1100
2493,50;0,1108
2493,00;0,1114
2492,50;0,1115
2492,00;0,1111
2491,50;0,1104
2491,00;0,1097
2490,50;0,1093
2490,00;0,1093
2489,50;0,1098
2489,00;0,1105
2488,50;0,1111
2488,00;0,1114
2487,50;0,1114
2487,00;0,1110
2486,50;0,1105
2486,00;0,1099
2485,50;0,1095
2485,00;0,1094
2484,50;0,1095
2484,00;0,1100
2483,50;0,1106
2483,00;0,1111
2482,50;0,1114
2482,00;0,1113
2481,50;0,1108
2481,00;0,1101
2480,50;0,1094
2480,00;0,1090
2479,50;0,1090
2479,00;0,1094
2478,50;0,1100
2478,00;0,1106
2477,50;0,1111
2477,00;0,1111
2476,50;0,1108
2476,00;0,1103
2475,50;0,1098
2475,00;0,1094
2474,50;0,1094
2474,00;0,1096
2473,50;0,1101
2473,00;0,1108
2472,50;0,1115
2472,00;0,1119
2471,50;0,1118
2471,00;0,1111
2470,50;0,1103
2470,00;0,1099
2469,50;0,1098
2469,00;0,1101
2468,50;0,1105
2468,00;0,1110
2467,50;0,1114
2467,00;0,1113
2466,50;0,1108
2466,00;0,1103
2465,50;0,1101
2465,00;0,1103
2464,50;0,1107
2464,00;0,1111
2463,50;0,1114
2463,00;0,1115
2462,50;0,1114
2462,00;0,1112
2461,50;0,1109
2461,00;0,1106
2460,50;0,1103
2460,00;0,1101
2459,50;0,1102
2459,00;0,1103
2458,50;0,1104
2458,00;0,1107
2457,50;0,1111
2457,00;0,1114
2456,50;0,1114
2456,00;0,1114
2455,50;0,1113
2455,00;0,1114
2454,50;0,1115
2454,00;0,1116
2453,50;0,1119
2453,00;0,1122
2452,50;0,1125
2452,00;0,1127
2451,50;0,1127
2451,00;0,1124
2450,50;0,1119
2450,00;0,1114
2449,50;0,1111
2449,00;0,1111
2448,50;0,1116
2448,00;0,1123
2447,50;0,1132
2447,00;0,1138
2446,50;0,1140
2446,00;0,1140
2445,50;0,1140
2445,00;0,1139
2444,50;0,1137
2444,00;0,1135
2443,50;0,1132
2443,00;0,1132
2442,50;0,1134
2442,00;0,1138
2441,50;0,1142
2441,00;0,1144
2440,50;0,1144
2440,00;0,1142
2439,50;0,1140
2439,00;0,1139
2438,50;0,1137
2438,00;0,1137
2437,50;0,1140
2437,00;0,1146
2436,50;0,1151
2436,00;0,1153
2435,50;0,1154
2435,00;0,1153
2434,50;0,1154
2434,00;0,1158
2433,50;0,1163
2433,00;0,1169
2432,50;0,1174
2432,00;0,1178
2431,50;0,1182
2431,00;0,1188
2430,50;0,1196
2430,00;0,1205
2429,50;0,1211
2429,00;0,1214
2428,50;0,1215
2428,00;0,1220
2427,50;0,1229
2427,00;0,1243
2426,50;0,1257
2426,00;0,1268
2425,50;0,1274
2425,00;0,1280
2424,50;0,1285
2424,00;0,1290
2423,50;0,1296
2423,00;0,1301
2422,50;0,1307
2422,00;0,1316
2421,50;0,1325
2421,00;0,1334
2420,50;0,1340
2420,00;0,1344
2419,50;0,1348
2419,00;0,1352
2418,50;0,1357
2418,00;0,1360
2417,50;0,1361
2417,00;0,1362
2416,50;0,1363
2416,00;0,1363
2415,50;0,1362
2415,00;0,1358
2414,50;0,1354
2414,00;0,1348
2413,50;0,1342
2413,00;0,1335
2412,50;0,1329
2412,00;0,1325
2411,50;0,1322
2411,00;0,1319
2410,50;0,1313
2410,00;0,1304
2409,50;0,1294
2409,00;0,1283
2408,50;0,1275
2408,00;0,1267
2407,50;0,1260
2407,00;0,1254
2406,50;0,1249
2406,00;0,1245
2405,50;0,1242
2405,00;0,1237
2404,50;0,1231
2404,00;0,1224
2403,50;0,1217
2403,00;0,1212
2402,50;0,1208
2402,00;0,1206
2401,50;0,1204
2401,00;0,1203
2400,50;0,1203
2400,00;0,1204
2399,50;0,1205
2399,00;0,1203
2398,50;0,1198
2398,00;0,1191
2397,50;0,1185
2397,00;0,1182
2396,50;0,1181
2396,00;0,1182
2395,50;0,1185
2395,00;0,1188
2394,50;0,1189
2394,00;0,1186
2393,50;0,1181
2393,00;0,1174
2392,50;0,1168
2392,00;0,1163
2391,50;0,1161
2391,00;0,1160
2390,50;0,1160
2390,00;0,1162
2389,50;0,1163
2389,00;0,1161
2388,50;0,1156
2388,00;0,1150
2387,50;0,1145
2387,00;0,1143
2386,50;0,1142
2386,00;0,1143
2385,50;0,1144
2385,00;0,1146
2384,50;0,1147
2384,00;0,1148
2383,50;0,1148
2383,00;0,1146
2382,50;0,1143
2382,00;0,1141
2381,50;0,1141
2381,00;0,1143
2380,50;0,1147
2380,00;0,1150
2379,50;0,1153
2379,00;0,1153
2378,50;0,1153
2378,00;0,1152
2377,50;0,1150
2377,00;0,1149
2376,50;0,1148
2376,00;0,1148
2375,50;0,1148
2375,00;0,1148
2374,50;0,1146
2374,00;0,1147
2373,50;0,1148
2373,00;0,1151
2372,50;0,1152
2372,00;0,1152
2371,50;0,1152
2371,00;0,1151
2370,50;0,1152
2370,00;0,1152
2369,50;0,1154
2369,00;0,1156
2368,50;0,1158
2368,00;0,1159
2367,50;0,1157
2367,00;0,1155
2366,50;0,1153
2366,00;0,1151
2365,50;0,1152
2365,00;0,1154
2364,50;0,1158
2364,00;0,1162
2363,50;0,1166
2363,00;0,1167
2362,50;0,1168
2362,00;0,1167
2361,50;0,1166
2361,00;0,1164
2360,50;0,1163
2360,00;0,1161
2359,50;0,1160
2359,00;0,1160
2358,50;0,1159
2358,00;0,1162
2357,50;0,1161
2357,00;0,1167
2356,50;0,1157
2356,00;0,1141
2355,50;0,1139
2355,00;0,1132
2354,50;0,1129
2354,00;0,1125
2353,50;0,1123
2353,00;0,1123
2352,50;0,1123
2352,00;0,1125
2351,50;0,1127
2351,00;0,1127
2350,50;0,1129
2350,00;0,1123
2349,50;0,1119
2349,00;0,1103
2348,50;0,1119
2348,00;0,1145
2347,50;0,1140
2347,00;0,1147
2346,50;0,1148
2346,00;0,1151
2345,50;0,1150
2345,00;0,1148
2344,50;0,1146
2344,00;0,1145
2343,50;0,1144
2343,00;0,1144
2342,50;0,1145
2342,00;0,1145
2341,50;0,1146
2341,00;0,1149
2340,50;0,1147
2340,00;0,1143
2339,50;0,1139
2339,00;0,1135
2338,50;0,1131
2338,00;0,1132
2337,50;0,1135
2337,00;0,1136
2336,50;0,1135
2336,00;0,1134
2335,50;0,1134
2335,00;0,1133
2334,50;0,1133
2334,00;0,1132
2333,50;0,1132
2333,00;0,1134
2332,50;0,1138
2332,00;0,1142
2331,50;0,1146
2331,00;0,1146
2330,50;0,1144
2330,00;0,1142
2329,50;0,1140
2329,00;0,1138
2328,50;0,1138
2328,00;0,1141
2327,50;0,1142
2327,00;0,1141
2326,50;0,1138
2326,00;0,1136
2325,50;0,1133
2325,00;0,1130
2324,50;0,1132
2324,00;0,1138
2323,50;0,1143
2323,00;0,1146
2322,50;0,1150
2322,00;0,1152
2321,50;0,1149
2321,00;0,1144
2320,50;0,1143
2320,00;0,1144
2319,50;0,1140
2319,00;0,1136
2318,50;0,1137
2318,00;0,1139
2317,50;0,1139
2317,00;0,1141
2316,50;0,1146
2316,00;0,1151
2315,50;0,1149
2315,00;0,1143
2314,50;0,1141
2314,00;0,1140
2313,50;0,1139
2313,00;0,1138
2312,50;0,1142
2312,00;0,1148
2311,50;0,1151
2311,00;0,1152
2310,50;0,1154
2310,00;0,1156
2309,50;0,1153
2309,00;0,1149
2308,50;0,1146
2308,00;0,1146
2307,50;0,1145
2307,00;0,1143
2306,50;0,1140
2306,00;0,1139
2305,50;0,1138
2305,00;0,1138
2304,50;0,1139
2304,00;0,1141
2303,50;0,1142
2303,00;0,1141
2302,50;0,1141
2302,00;0,1142
2301,50;0,1144
2301,00;0,1146
2300,50;0,1147
2300,00;0,1149
2299,50;0,1151
2299,00;0,1151
2298,50;0,1148
2298,00;0,1146
2297,50;0,1146
2297,00;0,1146
2296,50;0,1147
2296,00;0,1147
2295,50;0,1150
2295,00;0,1153
2294,50;0,1154
2294,00;0,1153
2293,50;0,1151
2293,00;0,1150
2292,50;0,1149
2292,00;0,1149
2291,50;0,1148
2291,00;0,1148
2290,50;0,1148
2290,00;0,1148
2289,50;0,1148
2289,00;0,1147
2288,50;0,1146
2288,00;0,1144
2287,50;0,1143
2287,00;0,1142
2286,50;0,1144
2286,00;0,1149
2285,50;0,1154
2285,00;0,1157
2284,50;0,1155
2284,00;0,1150
2283,50;0,1145
2283,00;0,1144
2282,50;0,1147
2282,00;0,1150
2281,50;0,1152
2281,00;0,1153
2280,50;0,1155
2280,00;0,1156
2279,50;0,1158
2279,00;0,1158
2278,50;0,1159
2278,00;0,1158
2277,50;0,1154
2277,00;0,1146
2276,50;0,1138
2276,00;0,1134
2275,50;0,1137
2275,00;0,1146
2274,50;0,1156
2274,00;0,1161
2273,50;0,1159
2273,00;0,1152
2272,50;0,1143
2272,00;0,1136
2271,50;0,1136
2271,00;0,1142
2270,50;0,1153
2270,00;0,1165
2269,50;0,1173
2269,00;0,1175
2268,50;0,1171
2268,00;0,1164
2267,50;0,1157
2267,00;0,1153
2266,50;0,1152
2266,00;0,1155
2265,50;0,1161
2265,00;0,1167
2264,50;0,1172
2264,00;0,1173
2263,50;0,1171
2263,00;0,1165
2262,50;0,1158
2262,00;0,1152
2261,50;0,1150
2261,00;0,1152
2260,50;0,1155
2260,00;0,1158
2259,50;0,1161
2259,00;0,1164
2258,50;0,1167
2258,00;0,1168
2257,50;0,1167
2257,00;0,1166
2256,50;0,1163
2256,00;0,1159
2255,50;0,1155
2255,00;0,1153
2254,50;0,1156
2254,00;0,1163
2253,50;0,1169
2253,00;0,1172
2252,50;0,1172
2252,00;0,1168
2251,50;0,1163
2251,00;0,1157
2250,50;0,1155
2250,00;0,1156
2249,50;0,1160
2249,00;0,1168
2248,50;0,1178
2248,00;0,1188
2247,50;0,1193
2247,00;0,1190
2246,50;0,1180
2246,00;0,1168
2245,50;0,1160
2245,00;0,1161
2244,50;0,1168
2244,00;0,1177
2243,50;0,1179
2243,00;0,1172
2242,50;0,1159
2242,00;0,1147
2241,50;0,1144
2241,00;0,1149
2240,50;0,1159
2240,00;0,1165
2239,50;0,1165
2239,00;0,1160
2238,50;0,1157
2238,00;0,1162
2237,50;0,1172
2237,00;0,1183
2236,50;0,1188
2236,00;0,1190
2235,50;0,1190
2235,00;0,1187
2234,50;0,1181
2234,00;0,1174
2233,50;0,1170
2233,00;0,1171
2232,50;0,1174
2232,00;0,1180
2231,50;0,1185
2231,00;0,1187
2230,50;0,1182
2230,00;0,1171
2229,50;0,1159
2229,00;0,1153
2228,50;0,1156
2228,00;0,1163
2227,50;0,1164
2227,00;0,1155
2226,50;0,1139
2226,00;0,1123
2225,50;0,1115
2225,00;0,1115
2224,50;0,1119
2224,00;0,1120
2223,50;0,1120
2223,00;0,1122
2222,50;0,1127
2222,00;0,1136
2221,50;0,1146
2221,00;0,1152
2220,50;0,1151
2220,00;0,1146
2219,50;0,1139
2219,00;0,1132
2218,50;0,1125
2218,00;0,1120
2217,50;0,1121
2217,00;0,1132
2216,50;0,1145
2216,00;0,1152
2215,50;0,1148
2215,00;0,1138
2214,50;0,1133
2214,00;0,1137
2213,50;0,1148
2213,00;0,1157
2212,50;0,1159
2212,00;0,1153
2211,50;0,1145
2211,00;0,1140
2210,50;0,1138
2210,00;0,1138
2209,50;0,1137
2209,00;0,1134
2208,50;0,1132
2208,00;0,1132
2207,50;0,1134
2207,00;0,1135
2206,50;0,1133
2206,00;0,1131
2205,50;0,1129
2205,00;0,1128
2204,50;0,1126
2204,00;0,1126
2203,50;0,1130
2203,00;0,1137
2202,50;0,1147
2202,00;0,1156
2201,50;0,1162
2201,00;0,1161
2200,50;0,1156
2200,00;0,1150
2199,50;0,1147
2199,00;0,1143
2198,50;0,1137
2198,00;0,1131
2197,50;0,1130
2197,00;0,1135
2196,50;0,1142
2196,00;0,1149
2195,50;0,1156
2195,00;0,1159
2194,50;0,1157
2194,00;0,1153
2193,50;0,1150
2193,00;0,1146
2192,50;0,1137
2192,00;0,1122
2191,50;0,1113
2191,00;0,1116
2190,50;0,1131
2190,00;0,1145
2189,50;0,1149
2189,00;0,1141
2188,50;0,1126
2188,00;0,1113
2187,50;0,1109
2187,00;0,1111
2186,50;0,1114
2186,00;0,1120
2185,50;0,1133
2185,00;0,1154
2184,50;0,1173
2184,00;0,1174
2183,50;0,1160
2183,00;0,1143
2182,50;0,1137
2182,00;0,1145
2181,50;0,1160
2181,00;0,1171
2180,50;0,1167
2180,00;0,1145
2179,50;0,1115
2179,00;0,1091
2178,50;0,1086
2178,00;0,1098
2177,50;0,1119
2177,00;0,1137
2176,50;0,1145
2176,00;0,1144
2175,50;0,1139
2175,00;0,1134
2174,50;0,1126
2174,00;0,1116
2173,50;0,1109
2173,00;0,1107
2172,50;0,1107
2172,00;0,1107
2171,50;0,1110
2171,00;0,1118
2170,50;0,1125
2170,00;0,1122
2169,50;0,1106
2169,00;0,1088
2168,50;0,1077
2168,00;0,1080
2167,50;0,1089
2167,00;0,1094
2166,50;0,1087
2166,00;0,1070
2165,50;0,1059
2165,00;0,1063
2164,50;0,1079
2164,00;0,1095
2163,50;0,1102
2163,00;0,1102
2162,50;0,1101
2162,00;0,1101
2161,50;0,1102
2161,00;0,1104
2160,50;0,1101
2160,00;0,1093
2159,50;0,1089
2159,00;0,1099
2158,50;0,1115
2158,00;0,1123
2157,50;0,1117
2157,00;0,1107
2156,50;0,1105
2156,00;0,1106
2155,50;0,1101
2155,00;0,1093
2154,50;0,1089
2154,00;0,1092
2153,50;0,1092
2153,00;0,1083
2152,50;0,1071
2152,00;0,1066
2151,50;0,1076
2151,00;0,1098
2150,50;0,1119
2150,00;0,1127
2149,50;0,1117
2149,00;0,1099
2148,50;0,1088
2148,00;0,1087
2147,50;0,1085
2147,00;0,1074
2146,50;0,1059
2146,00;0,1052
2145,50;0,1061
2145,00;0,1076
2144,50;0,1089
2144,00;0,1094
2143,50;0,1098
2143,00;0,1103
2142,50;0,1108
2142,00;0,1105
2141,50;0,1095
2141,00;0,1080
2140,50;0,1068
2140,00;0,1062
2139,50;0,1064
2139,00;0,1071
2138,50;0,1077
2138,00;0,1077
2137,50;0,1070
2137,00;0,1059
2136,50;0,1053
2136,00;0,1055
2135,50;0,1065
2135,00;0,1074
2134,50;0,1078
2134,00;0,1076
2133,50;0,1072
2133,00;0,1069
2132,50;0,1068
2132,00;0,1068
2131,50;0,1070
2131,00;0,1075
2130,50;0,1079
2130,00;0,1077
2129,50;0,1069
2129,00;0,1062
2128,50;0,1061
2128,00;0,1065
2127,50;0,1071
2127,00;0,1073
2126,50;0,1069
2126,00;0,1064
2125,50;0,1062
2125,00;0,1062
2124,50;0,1062
2124,00;0,1056
2123,50;0,1048
2123,00;0,1042
2122,50;0,1041
2122,00;0,1047
2121,50;0,1054
2121,00;0,1056
2120,50;0,1051
2120,00;0,1043
2119,50;0,1039
2119,00;0,1043
2118,50;0,1046
2118,00;0,1042
2117,50;0,1034
2117,00;0,1028
2116,50;0,1027
2116,00;0,1028
2115,50;0,1027
2115,00;0,1022
2114,50;0,1016
2114,00;0,1014
2113,50;0,1018
2113,00;0,1027
2112,50;0,1035
2112,00;0,1038
2111,50;0,1036
2111,00;0,1033
2110,50;0,1032
2110,00;0,1030
2109,50;0,1026
2109,00;0,1018
2108,50;0,1012
2108,00;0,1009
2107,50;0,1008
2107,00;0,1008
2106,50;0,1008
2106,00;0,1009
2105,50;0,1010
2105,00;0,1013
2104,50;0,1016
2104,00;0,1016
2103,50;0,1012
2103,00;0,1008
2102,50;0,1008
2102,00;0,1010
2101,50;0,1010
2101,00;0,1007
2100,50;0,1003
2100,00;0,1001
2099,50;0,1002
2099,00;0,1003
2098,50;0,1001
2098,00;0,0995
2097,50;0,0991
2097,00;0,0995
2096,50;0,1004
2096,00;0,1011
2095,50;0,1008
2095,00;0,0997
2094,50;0,0986
2094,00;0,0983
2093,50;0,0988
2093,00;0,0997
2092,50;0,1003
2092,00;0,1004
2091,50;0,1007
2091,00;0,1015
2090,50;0,1026
2090,00;0,1028
2089,50;0,1017
2089,00;0,1000
2088,50;0,0989
2088,00;0,0987
2087,50;0,0990
2087,00;0,0990
2086,50;0,0987
2086,00;0,0986
2085,50;0,0990
2085,00;0,0997
2084,50;0,1001
2084,00;0,0999
2083,50;0,0991
2083,00;0,0983
2082,50;0,0984
2082,00;0,0994
2081,50;0,1006
2081,00;0,1012
2080,50;0,1008
2080,00;0,1001
2079,50;0,0999
2079,00;0,1003
2078,50;0,1008
2078,00;0,1010
2077,50;0,1007
2077,00;0,1003
2076,50;0,1004
2076,00;0,1007
2075,50;0,1009
2075,00;0,1007
2074,50;0,1002
2074,00;0,0997
2073,50;0,0996
2073,00;0,0996
2072,50;0,0995
2072,00;0,0992
2071,50;0,0990
2071,00;0,0994
2070,50;0,1001
2070,00;0,1007
2069,50;0,1005
2069,00;0,0995
2068,50;0,0984
2068,00;0,0978
2067,50;0,0979
2067,00;0,0981
2066,50;0,0980
2066,00;0,0973
2065,50;0,0969
2065,00;0,0974
2064,50;0,0984
2064,00;0,0989
2063,50;0,0986
2063,00;0,0977
2062,50;0,0970
2062,00;0,0969
2061,50;0,0974
2061,00;0,0980
2060,50;0,0982
2060,00;0,0980
2059,50;0,0980
2059,00;0,0985
2058,50;0,0993
2058,00;0,0996
2057,50;0,0990
2057,00;0,0979
2056,50;0,0970
2056,00;0,0966
2055,50;0,0965
2055,00;0,0966
2054,50;0,0965
2054,00;0,0962
2053,50;0,0956
2053,00;0,0947
2052,50;0,0938
2052,00;0,0931
2051,50;0,0929
2051,00;0,0936
2050,50;0,0950
2050,00;0,0961
2049,50;0,0960
2049,00;0,0949
2048,50;0,0938
2048,00;0,0937
2047,50;0,0945
2047,00;0,0954
2046,50;0,0956
2046,00;0,0949
2045,50;0,0940
2045,00;0,0939
2044,50;0,0947
2044,00;0,0956
2043,50;0,0959
2043,00;0,0956
2042,50;0,0952
2042,00;0,0951
2041,50;0,0952
2041,00;0,0949
2040,50;0,0939
2040,00;0,0925
2039,50;0,0915
2039,00;0,0917
2038,50;0,0928
2038,00;0,0939
2037,50;0,0944
2037,00;0,0943
2036,50;0,0944
2036,00;0,0949
2035,50;0,0953
2035,00;0,0953
2034,50;0,0948
2034,00;0,0942
2033,50;0,0943
2033,00;0,0952
2032,50;0,0962
2032,00;0,0964
2031,50;0,0955
2031,00;0,0943
2030,50;0,0937
2030,00;0,0938
2029,50;0,0937
2029,00;0,0930
2028,50;0,0925
2028,00;0,0929
2027,50;0,0940
2027,00;0,0951
2026,50;0,0954
2026,00;0,0949
2025,50;0,0939
2025,00;0,0928
2024,50;0,0917
2024,00;0,0909
2023,50;0,0904
2023,00;0,0905
2022,50;0,0913
2022,00;0,0925
2021,50;0,0935
2021,00;0,0941
2020,50;0,0943
2020,00;0,0947
2019,50;0,0954
2019,00;0,0959
2018,50;0,0959
2018,00;0,0948
2017,50;0,0925
2017,00;0,0900
2016,50;0,0888
2016,00;0,0896
2015,50;0,0914
2015,00;0,0926
2014,50;0,0926
2014,00;0,0922
2013,50;0,0925
2013,00;0,0935
2012,50;0,0943
2012,00;0,0939
2011,50;0,0923
2011,00;0,0907
2010,50;0,0900
2010,00;0,0904
2009,50;0,0909
2009,00;0,0912
2008,50;0,0912
2008,00;0,0917
2007,50;0,0930
2007,00;0,0946
2006,50;0,0950
2006,00;0,0941
2005,50;0,0924
2005,00;0,0916
2004,50;0,0923
2004,00;0,0937
2003,50;0,0945
2003,00;0,0940
2002,50;0,0927
2002,00;0,0918
2001,50;0,0916
2001,00;0,0917
2000,50;0,0916
2000,00;0,0910
1999,50;0,0902
1999,00;0,0899
1998,50;0,0903
1998,00;0,0913
1997,50;0,0920
1997,00;0,0919
1996,50;0,0914
1996,00;0,0912
1995,50;0,0915
1995,00;0,0918
1994,50;0,0914
1994,00;0,0904
1993,50;0,0894
1993,00;0,0894
1992,50;0,0906
1992,00;0,0922
1991,50;0,0933
1991,00;0,0931
1990,50;0,0924
1990,00;0,0920
1989,50;0,0923
1989,00;0,0928
1988,50;0,0925
1988,00;0,0915
1987,50;0,0906
1987,00;0,0905
1986,50;0,0917
1986,00;0,0934
1985,50;0,0944
1985,00;0,0938
1984,50;0,0918
1984,00;0,0896
1983,50;0,0886
1983,00;0,0888
1982,50;0,0895
1982,00;0,0897
1981,50;0,0896
1981,00;0,0898
1980,50;0,0905
1980,00;0,0914
1979,50;0,0922
1979,00;0,0928
1978,50;0,0930
1978,00;0,0928
1977,50;0,0924
1977,00;0,0923
1976,50;0,0928
1976,00;0,0935
1975,50;0,0935
1975,00;0,0927
1974,50;0,0915
1974,00;0,0906
1973,50;0,0907
1973,00;0,0917
1972,50;0,0929
1972,00;0,0938
1971,50;0,0942
1971,00;0,0940
1970,50;0,0934
1970,00;0,0927
1969,50;0,0922
1969,00;0,0921
1968,50;0,0922
1968,00;0,0920
1967,50;0,0915
1967,00;0,0911
1966,50;0,0911
1966,00;0,0914
1965,50;0,0917
1965,00;0,0919
1964,50;0,0920
1964,00;0,0921
1963,50;0,0923
1963,00;0,0924
1962,50;0,0919
1962,00;0,0905
1961,50;0,0890
1961,00;0,0883
1960,50;0,0892
1960,00;0,0910
1959,50;0,0926
1959,00;0,0931
1958,50;0,0929
1958,00;0,0926
1957,50;0,0926
1957,00;0,0926
1956,50;0,0919
1956,00;0,0908
1955,50;0,0897
1955,00;0,0894
1954,50;0,0903
1954,00;0,0918
1953,50;0,0928
1953,00;0,0929
1952,50;0,0923
1952,00;0,0917
1951,50;0,0915
1951,00;0,0917
1950,50;0,0921
1950,00;0,0923
1949,50;0,0922
1949,00;0,0918
1948,50;0,0911
1948,00;0,0906
1947,50;0,0906
1947,00;0,0908
1946,50;0,0909
1946,00;0,0907
1945,50;0,0903
1945,00;0,0901
1944,50;0,0903
1944,00;0,0906
1943,50;0,0908
1943,00;0,0907
1942,50;0,0906
1942,00;0,0905
1941,50;0,0904
1941,00;0,0903
1940,50;0,0904
1940,00;0,0904
1939,50;0,0904
1939,00;0,0905
1938,50;0,0907
1938,00;0,0910
1937,50;0,0912
1937,00;0,0912
1936,50;0,0910
1936,00;0,0907
1935,50;0,0905
1935,00;0,0907
1934,50;0,0913
1934,00;0,0922
1933,50;0,0927
1933,00;0,0926
1932,50;0,0919
1932,00;0,0910
1931,50;0,0905
1931,00;0,0904
1930,50;0,0907
1930,00;0,0906
1929,50;0,0902
1929,00;0,0898
1928,50;0,0899
1928,00;0,0904
1927,50;0,0910
1927,00;0,0915
1926,50;0,0915
1926,00;0,0911
1925,50;0,0902
1925,00;0,0895
1924,50;0,0892
1924,00;0,0892
1923,50;0,0892
1923,00;0,0893
1922,50;0,0895
1922,00;0,0898
1921,50;0,0901
1921,00;0,0901
1920,50;0,0900
1920,00;0,0899
1919,50;0,0900
1919,00;0,0900
1918,50;0,0903
1918,00;0,0908
1917,50;0,0914
1917,00;0,0917
1916,50;0,0917
1916,00;0,0914
1915,50;0,0913
1915,00;0,0913
1914,50;0,0915
1914,00;0,0916
1913,50;0,0916
1913,00;0,0915
1912,50;0,0913
1912,00;0,0910
1911,50;0,0909
1911,00;0,0910
1910,50;0,0914
1910,00;0,0919
1909,50;0,0920
1909,00;0,0917
1908,50;0,0911
1908,00;0,0906
1907,50;0,0903
1907,00;0,0902
1906,50;0,0902
1906,00;0,0902
1905,50;0,0901
1905,00;0,0901
1904,50;0,0903
1904,00;0,0906
1903,50;0,0909
1903,00;0,0912
1902,50;0,0914
1902,00;0,0915
1901,50;0,0917
1901,00;0,0920
1900,50;0,0923
1900,00;0,0924
1899,50;0,0923
1899,00;0,0918
1898,50;0,0914
1898,00;0,0913
1897,50;0,0913
1897,00;0,0912
1896,50;0,0910
1896,00;0,0906
1895,50;0,0904
1895,00;0,0906
1894,50;0,0910
1894,00;0,0914
1893,50;0,0919
1893,00;0,0923
1892,50;0,0926
1892,00;0,0929
1891,50;0,0930
1891,00;0,0929
1890,50;0,0926
1890,00;0,0922
1889,50;0,0918
1889,00;0,0917
1888,50;0,0918
1888,00;0,0920
1887,50;0,0922
1887,00;0,0927
1886,50;0,0932
1886,00;0,0934
1885,50;0,0932
1885,00;0,0926
1884,50;0,0921
1884,00;0,0920
1883,50;0,0923
1883,00;0,0924
1882,50;0,0923
1882,00;0,0919
1881,50;0,0917
1881,00;0,0917
1880,50;0,0919
1880,00;0,0920
1879,50;0,0920
1879,00;0,0920
1878,50;0,0920
1878,00;0,0921
1877,50;0,0921
1877,00;0,0921
1876,50;0,0921
1876,00;0,0921
1875,50;0,0920
1875,00;0,0919
1874,50;0,0919
1874,00;0,0920
1873,50;0,0922
1873,00;0,0926
1872,50;0,0928
1872,00;0,0929
1871,50;0,0929
1871,00;0,0930
1870,50;0,0932
1870,00;0,0932
1869,50;0,0930
1869,00;0,0928
1868,50;0,0927
1868,00;0,0927
1867,50;0,0927
1867,00;0,0929
1866,50;0,0932
1866,00;0,0936
1865,50;0,0937
1865,00;0,0935
1864,50;0,0930
1864,00;0,0927
1863,50;0,0928
1863,00;0,0930
1862,50;0,0934
1862,00;0,0935
1861,50;0,0935
1861,00;0,0933
1860,50;0,0930
1860,00;0,0928
1859,50;0,0928
1859,00;0,0930
1858,50;0,0932
1858,00;0,0932
1857,50;0,0931
1857,00;0,0930
1856,50;0,0930
1856,00;0,0931
1855,50;0,0933
1855,00;0,0935
1854,50;0,0935
1854,00;0,0936
1853,50;0,0937
1853,00;0,0938
1852,50;0,0938
1852,00;0,0938
1851,50;0,0936
1851,00;0,0934
1850,50;0,0933
1850,00;0,0933
1849,50;0,0935
1849,00;0,0937
1848,50;0,0940
1848,00;0,0941
1847,50;0,0942
1847,00;0,0942
1846,50;0,0942
1846,00;0,0942
1845,50;0,0941
1845,00;0,0938
1844,50;0,0934
1844,00;0,0932
1843,50;0,0933
1843,00;0,0936
1842,50;0,0939
1842,00;0,0941
1841,50;0,0942
1841,00;0,0942
1840,50;0,0943
1840,00;0,0944
1839,50;0,0945
1839,00;0,0945
1838,50;0,0943
1838,00;0,0942
1837,50;0,0941
1837,00;0,0940
1836,50;0,0940
1836,00;0,0941
1835,50;0,0942
1835,00;0,0942
1834,50;0,0943
1834,00;0,0944
1833,50;0,0945
1833,00;0,0946
1832,50;0,0945
1832,00;0,0943
1831,50;0,0942
1831,00;0,0943
1830,50;0,0945
1830,00;0,0948
1829,50;0,0951
1829,00;0,0953
1828,50;0,0953
1828,00;0,0953
1827,50;0,0953
1827,00;0,0952
1826,50;0,0953
1826,00;0,0954
1825,50;0,0954
1825,00;0,0953
1824,50;0,0951
1824,00;0,0949
1823,50;0,0948
1823,00;0,0949
1822,50;0,0951
1822,00;0,0953
1821,50;0,0955
1821,00;0,0957
1820,50;0,0958
1820,00;0,0958
1819,50;0,0956
1819,00;0,0956
1818,50;0,0957
1818,00;0,0960
1817,50;0,0963
1817,00;0,0964
1816,50;0,0963
1816,00;0,0961
1815,50;0,0959
1815,00;0,0958
1814,50;0,0958
1814,00;0,0957
1813,50;0,0958
1813,00;0,0958
1812,50;0,0958
1812,00;0,0959
1811,50;0,0960
1811,00;0,0962
1810,50;0,0964
1810,00;0,0965
1809,50;0,0965
1809,00;0,0965
1808,50;0,0964
1808,00;0,0963
1807,50;0,0962
1807,00;0,0962
1806,50;0,0963
1806,00;0,0964
1805,50;0,0965
1805,00;0,0965
1804,50;0,0965
1804,00;0,0965
1803,50;0,0965
1803,00;0,0966
1802,50;0,0968
1802,00;0,0970
1801,50;0,0972
1801,00;0,0974
1800,50;0,0973
1800,00;0,0970
1799,50;0,0966
1799,00;0,0962
1798,50;0,0962
1798,00;0,0964
1797,50;0,0967
1797,00;0,0970
1796,50;0,0973
1796,00;0,0975
1795,50;0,0974
1795,00;0,0973
1794,50;0,0971
1794,00;0,0971
1793,50;0,0970
1793,00;0,0970
1792,50;0,0971
1792,00;0,0972
1791,50;0,0972
1791,00;0,0971
1790,50;0,0971
1790,00;0,0970
1789,50;0,0970
1789,00;0,0970
1788,50;0,0972
1788,00;0,0975
1787,50;0,0979
1787,00;0,0981
1786,50;0,0980
1786,00;0,0979
1785,50;0,0979
1785,00;0,0979
1784,50;0,0980
1784,00;0,0981
1783,50;0,0980
1783,00;0,0981
1782,50;0,0982
1782,00;0,0984
1781,50;0,0984
1781,00;0,0984
1780,50;0,0983
1780,00;0,0982
1779,50;0,0981
1779,00;0,0980
1778,50;0,0981
1778,00;0,0983
1777,50;0,0985
1777,00;0,0987
1776,50;0,0987
1776,00;0,0987
1775,50;0,0988
1775,00;0,0990
1774,50;0,0993
1774,00;0,0994
1773,50;0,0995
1773,00;0,0995
1772,50;0,0997
1772,00;0,0999
1771,50;0,0999
1771,00;0,0998
1770,50;0,0996
1770,00;0,0996
1769,50;0,0996
1769,00;0,0996
1768,50;0,0995
1768,00;0,0995
1767,50;0,0997
1767,00;0,0998
1766,50;0,0999
1766,00;0,0999
1765,50;0,1000
1765,00;0,1002
1764,50;0,1005
1764,00;0,1007
1763,50;0,1007
1763,00;0,1005
1762,50;0,1003
1762,00;0,1002
1761,50;0,1003
1761,00;0,1006
1760,50;0,1009
1760,00;0,1010
1759,50;0,1010
1759,00;0,1008
1758,50;0,1007
1758,00;0,1006
1757,50;0,1005
1757,00;0,1005
1756,50;0,1006
1756,00;0,1010
1755,50;0,1013
1755,00;0,1016
1754,50;0,1017
1754,00;0,1018
1753,50;0,1018
1753,00;0,1017
1752,50;0,1016
1752,00;0,1015
1751,50;0,1015
1751,00;0,1016
1750,50;0,1017
1750,00;0,1017
1749,50;0,1016
1749,00;0,1015
1748,50;0,1014
1748,00;0,1013
1747,50;0,1012
1747,00;0,1010
1746,50;0,1009
1746,00;0,1009
1745,50;0,1011
1745,00;0,1014
1744,50;0,1016
1744,00;0,1017
1743,50;0,1015
1743,00;0,1013
1742,50;0,1010
1742,00;0,1009
1741,50;0,1009
1741,00;0,1008
1740,50;0,1007
1740,00;0,1006
1739,50;0,1006
1739,00;0,1006
1738,50;0,1007
1738,00;0,1007
1737,50;0,1006
1737,00;0,1006
1736,50;0,1004
1736,00;0,1001
1735,50;0,0997
1735,00;0,0992
1734,50;0,0987
1734,00;0,0986
1733,50;0,0986
1733,00;0,0986
1732,50;0,0987
1732,00;0,0988
1731,50;0,0989
1731,00;0,0990
1730,50;0,0991
1730,00;0,0994
1729,50;0,0996
1729,00;0,0997
1728,50;0,0997
1728,00;0,0998
1727,50;0,0999
1727,00;0,1001
1726,50;0,1001
1726,00;0,1001
1725,50;0,1001
1725,00;0,1001
1724,50;0,1003
1724,00;0,1005
1723,50;0,1008
1723,00;0,1010
1722,50;0,1011
1722,00;0,1011
1721,50;0,1009
1721,00;0,1008
1720,50;0,1008
1720,00;0,1009
1719,50;0,1010
1719,00;0,1010
1718,50;0,1011
1718,00;0,1014
1717,50;0,1017
1717,00;0,1019
1716,50;0,1019
1716,00;0,1019
1715,50;0,1020
1715,00;0,1022
1714,50;0,1024
1714,00;0,1026
1713,50;0,1027
1713,00;0,1029
1712,50;0,1031
1712,00;0,1033
1711,50;0,1035
1711,00;0,1036
1710,50;0,1037
1710,00;0,1037
1709,50;0,1036
1709,00;0,1036
1708,50;0,1036
1708,00;0,1037
1707,50;0,1039
1707,00;0,1041
1706,50;0,1044
1706,00;0,1046
1705,50;0,1048
1705,00;0,1049
1704,50;0,1050
1704,00;0,1052
1703,50;0,1054
1703,00;0,1056
1702,50;0,1057
1702,00;0,1057
1701,50;0,1055
1701,00;0,1050
1700,50;0,1048
1700,00;0,1052
1699,50;0,1058
1699,00;0,1062
1698,50;0,1063
1698,00;0,1062
1697,50;0,1062
1697,00;0,1061
1696,50;0,1061
1696,00;0,1062
1695,50;0,1064
1695,00;0,1067
1694,50;0,1070
1694,00;0,1074
1693,50;0,1076
1693,00;0,1077
1692,50;0,1079
1692,00;0,1080
1691,50;0,1080
1691,00;0,1080
1690,50;0,1080
1690,00;0,1080
1689,50;0,1082
1689,00;0,1084
1688,50;0,1086
1688,00;0,1086
1687,50;0,1086
1687,00;0,1086
1686,50;0,1087
1686,00;0,1088
1685,50;0,1087
1685,00;0,1085
1684,50;0,1085
1684,00;0,1087
1683,50;0,1088
1683,00;0,1089
1682,50;0,1093
1682,00;0,1097
1681,50;0,1100
1681,00;0,1101
1680,50;0,1101
1680,00;0,1101
1679,50;0,1101
1679,00;0,1102
1678,50;0,1103
1678,00;0,1105
1677,50;0,1106
1677,00;0,1108
1676,50;0,1108
1676,00;0,1105
1675,50;0,1102
1675,00;0,1102
1674,50;0,1104
1674,00;0,1107
1673,50;0,1110
1673,00;0,1111
1672,50;0,1112
1672,00;0,1113
1671,50;0,1115
1671,00;0,1118
1670,50;0,1120
1670,00;0,1120
1669,50;0,1118
1669,00;0,1117
1668,50;0,1116
1668,00;0,1116
1667,50;0,1118
1667,00;0,1120
1666,50;0,1123
1666,00;0,1126
1665,50;0,1128
1665,00;0,1129
1664,50;0,1130
1664,00;0,1129
1663,50;0,1128
1663,00;0,1127
1662,50;0,1128
1662,00;0,1131
1661,50;0,1134
1661,00;0,1136
1660,50;0,1138
1660,00;0,1139
1659,50;0,1141
1659,00;0,1142
1658,50;0,1141
1658,00;0,1141
1657,50;0,1141
1657,00;0,1141
1656,50;0,1142
1656,00;0,1144
1655,50;0,1145
1655,00;0,1146
1654,50;0,1147
1654,00;0,1151
1653,50;0,1155
1653,00;0,1157
1652,50;0,1154
1652,00;0,1150
1651,50;0,1149
1651,00;0,1149
1650,50;0,1151
1650,00;0,1151
1649,50;0,1150
1649,00;0,1149
1648,50;0,1149
1648,00;0,1151
1647,50;0,1154
1647,00;0,1155
1646,50;0,1156
1646,00;0,1155
1645,50;0,1155
1645,00;0,1155
1644,50;0,1156
1644,00;0,1157
1643,50;0,1158
1643,00;0,1159
1642,50;0,1159
1642,00;0,1158
1641,50;0,1158
1641,00;0,1159
1640,50;0,1160
1640,00;0,1163
1639,50;0,1165
1639,00;0,1165
1638,50;0,1165
1638,00;0,1164
1637,50;0,1165
1637,00;0,1167
1636,50;0,1170
1636,00;0,1172
1635,50;0,1175
1635,00;0,1179
1634,50;0,1182
1634,00;0,1184
1633,50;0,1186
1633,00;0,1187
1632,50;0,1186
1632,00;0,1184
1631,50;0,1181
1631,00;0,1180
1630,50;0,1179
1630,00;0,1179
1629,50;0,1179
1629,00;0,1180
1628,50;0,1181
1628,00;0,1182
1627,50;0,1182
1627,00;0,1180
1626,50;0,1178
1626,00;0,1176
1625,50;0,1177
1625,00;0,1179
1624,50;0,1181
1624,00;0,1183
1623,50;0,1182
1623,00;0,1181
1622,50;0,1179
1622,00;0,1178
1621,50;0,1178
1621,00;0,1179
1620,50;0,1180
1620,00;0,1181
1619,50;0,1183
1619,00;0,1184
1618,50;0,1185
1618,00;0,1186
1617,50;0,1188
1617,00;0,1191
1616,50;0,1194
1616,00;0,1194
1615,50;0,1192
1615,00;0,1190
1614,50;0,1190
1614,00;0,1190
1613,50;0,1189
1613,00;0,1189
1612,50;0,1190
1612,00;0,1191
1611,50;0,1192
1611,00;0,1193
1610,50;0,1195
1610,00;0,1196
1609,50;0,1197
1609,00;0,1197
1608,50;0,1197
1608,00;0,1196
1607,50;0,1197
1607,00;0,1199
1606,50;0,1200
1606,00;0,1199
1605,50;0,1199
1605,00;0,1200
1604,50;0,1202
1604,00;0,1203
1603,50;0,1203
1603,00;0,1202
1602,50;0,1201
1602,00;0,1199
1601,50;0,1197
1601,00;0,1196
1600,50;0,1198
1600,00;0,1200
1599,50;0,1201
1599,00;0,1201
1598,50;0,1200
1598,00;0,1200
1597,50;0,1201
1597,00;0,1203
1596,50;0,1203
1596,00;0,1203
1595,50;0,1202
1595,00;0,1202
1594,50;0,1203
1594,00;0,1205
1593,50;0,1205
1593,00;0,1203
1592,50;0,1202
1592,00;0,1201
1591,50;0,1201
1591,00;0,1201
1590,50;0,1202
1590,00;0,1203
1589,50;0,1204
1589,00;0,1207
1588,50;0,1208
1588,00;0,1209
1587,50;0,1209
1587,00;0,1208
1586,50;0,1208
1586,00;0,1210
1585,50;0,1212
1585,00;0,1213
1584,50;0,1212
1584,00;0,1211
1583,50;0,1210
1583,00;0,1209
1582,50;0,1208
1582,00;0,1208
1581,50;0,1210
1581,00;0,1212
1580,50;0,1215
1580,00;0,1215
1579,50;0,1214
1579,00;0,1213
1578,50;0,1212
1578,00;0,1214
1577,50;0,1217
1577,00;0,1220
1576,50;0,1223
1576,00;0,1225
1575,50;0,1224
1575,00;0,1222
1574,50;0,1221
1574,00;0,1221
1573,50;0,1221
1573,00;0,1218
1572,50;0,1216
1572,00;0,1215
1571,50;0,1216
1571,00;0,1217
1570,50;0,1217
1570,00;0,1217
1569,50;0,1217
1569,00;0,1217
1568,50;0,1216
1568,00;0,1216
1567,50;0,1217
1567,00;0,1220
1566,50;0,1223
1566,00;0,1225
1565,50;0,1225
1565,00;0,1227
1564,50;0,1230
1564,00;0,1232
1563,50;0,1233
1563,00;0,1232
1562,50;0,1230
1562,00;0,1229
1561,50;0,1226
1561,00;0,1223
1560,50;0,1219
1560,00;0,1219
1559,50;0,1226
1559,00;0,1234
1558,50;0,1237
1558,00;0,1237
1557,50;0,1233
1557,00;0,1231
1556,50;0,1231
1556,00;0,1230
1555,50;0,1229
1555,00;0,1227
1554,50;0,1225
1554,00;0,1224
1553,50;0,1223
1553,00;0,1225
1552,50;0,1228
1552,00;0,1232
1551,50;0,1235
1551,00;0,1235
1550,50;0,1233
1550,00;0,1230
1549,50;0,1230
1549,00;0,1232
1548,50;0,1234
1548,00;0,1234
1547,50;0,1232
1547,00;0,1229
1546,50;0,1226
1546,00;0,1223
1545,50;0,1223
1545,00;0,1226
1544,50;0,1230
1544,00;0,1232
1543,50;0,1232
1543,00;0,1232
1542,50;0,1232
1542,00;0,1233
1541,50;0,1234
1541,00;0,1235
1540,50;0,1234
1540,00;0,1233
1539,50;0,1235
1539,00;0,1236
1538,50;0,1237
1538,00;0,1238
1537,50;0,1238
1537,00;0,1239
1536,50;0,1240
1536,00;0,1240
1535,50;0,1240
1535,00;0,1240
1534,50;0,1240
1534,00;0,1241
1533,50;0,1242
1533,00;0,1243
1532,50;0,1242
1532,00;0,1240
1531,50;0,1239
1531,00;0,1240
1530,50;0,1240
1530,00;0,1238
1529,50;0,1235
1529,00;0,1233
1528,50;0,1232
1528,00;0,1233
1527,50;0,1234
1527,00;0,1235
1526,50;0,1236
1526,00;0,1236
1525,50;0,1237
1525,00;0,1239
1524,50;0,1240
1524,00;0,1239
1523,50;0,1238
1523,00;0,1236
1522,50;0,1235
1522,00;0,1233
1521,50;0,1232
1521,00;0,1232
1520,50;0,1233
1520,00;0,1235
1519,50;0,1237
1519,00;0,1238
1518,50;0,1238
1518,00;0,1237
1517,50;0,1237
1517,00;0,1238
1516,50;0,1238
1516,00;0,1237
1515,50;0,1236
1515,00;0,1236
1514,50;0,1238
1514,00;0,1240
1513,50;0,1241
1513,00;0,1241
1512,50;0,1241
1512,00;0,1240
1511,50;0,1238
1511,00;0,1236
1510,50;0,1234
1510,00;0,1234
1509,50;0,1234
1509,00;0,1235
1508,50;0,1236
1508,00;0,1238
1507,50;0,1239
1507,00;0,1241
1506,50;0,1243
1506,00;0,1244
1505,50;0,1243
1505,00;0,1240
1504,50;0,1238
1504,00;0,1236
1503,50;0,1236
1503,00;0,1237
1502,50;0,1238
1502,00;0,1237
1501,50;0,1235
1501,00;0,1234
1500,50;0,1234
1500,00;0,1236
1499,50;0,1237
1499,00;0,1239
1498,50;0,1240
1498,00;0,1241
1497,50;0,1242
1497,00;0,1241
1496,50;0,1239
1496,00;0,1238
1495,50;0,1237
1495,00;0,1237
1494,50;0,1238
1494,00;0,1238
1493,50;0,1237
1493,00;0,1237
1492,50;0,1237
1492,00;0,1235
1491,50;0,1231
1491,00;0,1227
1490,50;0,1224
1490,00;0,1225
1489,50;0,1226
1489,00;0,1228
1488,50;0,1228
1488,00;0,1227
1487,50;0,1226
1487,00;0,1227
1486,50;0,1228
1486,00;0,1229
1485,50;0,1229
1485,00;0,1228
1484,50;0,1225
1484,00;0,1222
1483,50;0,1221
1483,00;0,1221
1482,50;0,1223
1482,00;0,1226
1481,50;0,1226
1481,00;0,1224
1480,50;0,1220
1480,00;0,1216
1479,50;0,1214
1479,00;0,1213
1478,50;0,1213
1478,00;0,1212
1477,50;0,1209
1477,00;0,1205
1476,50;0,1203
1476,00;0,1203
1475,50;0,1203
1475,00;0,1204
1474,50;0,1205
1474,00;0,1206
1473,50;0,1206
1473,00;0,1205
1472,50;0,1204
1472,00;0,1202
1471,50;0,1202
1471,00;0,1202
1470,50;0,1203
1470,00;0,1202
1469,50;0,1199
1469,00;0,1196
1468,50;0,1194
1468,00;0,1194
1467,50;0,1195
1467,00;0,1194
1466,50;0,1193
1466,00;0,1191
1465,50;0,1188
1465,00;0,1186
1464,50;0,1184
1464,00;0,1183
1463,50;0,1183
1463,00;0,1183
1462,50;0,1184
1462,00;0,1184
1461,50;0,1184
1461,00;0,1184
1460,50;0,1183
1460,00;0,1182
1459,50;0,1180
1459,00;0,1178
1458,50;0,1177
1458,00;0,1176
1457,50;0,1174
1457,00;0,1170
1456,50;0,1169
1456,00;0,1170
1455,50;0,1174
1455,00;0,1178
1454,50;0,1181
1454,00;0,1182
1453,50;0,1180
1453,00;0,1179
1452,50;0,1178
1452,00;0,1179
1451,50;0,1181
1451,00;0,1181
1450,50;0,1179
1450,00;0,1177
1449,50;0,1173
1449,00;0,1170
1448,50;0,1168
1448,00;0,1168
1447,50;0,1170
1447,00;0,1171
1446,50;0,1171
1446,00;0,1170
1445,50;0,1169
1445,00;0,1168
1444,50;0,1166
1444,00;0,1165
1443,50;0,1165
1443,00;0,1165
1442,50;0,1165
1442,00;0,1165
1441,50;0,1166
1441,00;0,1166
1440,50;0,1164
1440,00;0,1163
1439,50;0,1162
1439,00;0,1162
1438,50;0,1162
1438,00;0,1160
1437,50;0,1156
1437,00;0,1153
1436,50;0,1153
1436,00;0,1155
1435,50;0,1157
1435,00;0,1158
1434,50;0,1158
1434,00;0,1157
1433,50;0,1156
1433,00;0,1155
1432,50;0,1155
1432,00;0,1154
1431,50;0,1154
1431,00;0,1154
1430,50;0,1155
1430,00;0,1155
1429,50;0,1156
1429,00;0,1157
1428,50;0,1156
1428,00;0,1155
1427,50;0,1153
1427,00;0,1152
1426,50;0,1151
1426,00;0,1152
1425,50;0,1153
1425,00;0,1154
1424,50;0,1153
1424,00;0,1150
1423,50;0,1147
1423,00;0,1145
1422,50;0,1144
1422,00;0,1144
1421,50;0,1143
1421,00;0,1141
1420,50;0,1139
1420,00;0,1138
1419,50;0,1138
1419,00;0,1140
1418,50;0,1143
1418,00;0,1144
1417,50;0,1144
1417,00;0,1144
1416,50;0,1144
1416,00;0,1143
1415,50;0,1141
1415,00;0,1138
1414,50;0,1136
1414,00;0,1134
1413,50;0,1133
1413,00;0,1131
1412,50;0,1130
1412,00;0,1130
1411,50;0,1132
1411,00;0,1133
1410,50;0,1135
1410,00;0,1136
1409,50;0,1136
1409,00;0,1135
1408,50;0,1134
1408,00;0,1134
1407,50;0,1134
1407,00;0,1133
1406,50;0,1132
1406,00;0,1131
1405,50;0,1130
1405,00;0,1130
1404,50;0,1130
1404,00;0,1132
1403,50;0,1133
1403,00;0,1132
1402,50;0,1128
1402,00;0,1123
1401,50;0,1119
1401,00;0,1116
1400,50;0,1116
1400,00;0,1118
1399,50;0,1120
1399,00;0,1121
1398,50;0,1120
1398,00;0,1117
1397,50;0,1114
1397,00;0,1111
1396,50;0,1110
1396,00;0,1110
1395,50;0,1111
1395,00;0,1111
1394,50;0,1111
1394,00;0,1108
1393,50;0,1106
1393,00;0,1103
1392,50;0,1102
1392,00;0,1102
1391,50;0,1104
1391,00;0,1105
1390,50;0,1104
1390,00;0,1102
1389,50;0,1101
1389,00;0,1100
1388,50;0,1099
1388,00;0,1098
1387,50;0,1096
1387,00;0,1097
1386,50;0,1097
1386,00;0,1098
1385,50;0,1098
1385,00;0,1099
1384,50;0,1098
1384,00;0,1096
1383,50;0,1093
1383,00;0,1090
1382,50;0,1089
1382,00;0,1088
1381,50;0,1088
1381,00;0,1089
1380,50;0,1090
1380,00;0,1091
1379,50;0,1090
1379,00;0,1089
1378,50;0,1088
1378,00;0,1088
1377,50;0,1088
1377,00;0,1087
1376,50;0,1086
1376,00;0,1085
1375,50;0,1083
1375,00;0,1082
1374,50;0,1080
1374,00;0,1080
1373,50;0,1080
1373,00;0,1080
1372,50;0,1080
1372,00;0,1080
1371,50;0,1080
1371,00;0,1079
1370,50;0,1078
1370,00;0,1076
1369,50;0,1075
1369,00;0,1076
1368,50;0,1076
1368,00;0,1076
1367,50;0,1074
1367,00;0,1070
1366,50;0,1067
1366,00;0,1066
1365,50;0,1065
1365,00;0,1064
1364,50;0,1062
1364,00;0,1061
1363,50;0,1060
1363,00;0,1059
1362,50;0,1059
1362,00;0,1060
1361,50;0,1060
1361,00;0,1060
1360,50;0,1059
1360,00;0,1056
1359,50;0,1054
1359,00;0,1054
1358,50;0,1054
1358,00;0,1055
1357,50;0,1056
1357,00;0,1056
1356,50;0,1057
1356,00;0,1058
1355,50;0,1058
1355,00;0,1057
1354,50;0,1056
1354,00;0,1055
1353,50;0,1056
1353,00;0,1057
1352,50;0,1058
1352,00;0,1058
1351,50;0,1057
1351,00;0,1055
1350,50;0,1052
1350,00;0,1051
1349,50;0,1051
1349,00;0,1052
1348,50;0,1052
1348,00;0,1053
1347,50;0,1053
1347,00;0,1053
1346,50;0,1053
1346,00;0,1053
1345,50;0,1053
1345,00;0,1054
1344,50;0,1053
1344,00;0,1051
1343,50;0,1048
1343,00;0,1046
1342,50;0,1045
1342,00;0,1044
1341,50;0,1043
1341,00;0,1043
1340,50;0,1042
1340,00;0,1042
1339,50;0,1042
1339,00;0,1042
1338,50;0,1041
1338,00;0,1041
1337,50;0,1040
1337,00;0,1038
1336,50;0,1037
1336,00;0,1037
1335,50;0,1038
1335,00;0,1039
1334,50;0,1040
1334,00;0,1040
1333,50;0,1039
1333,00;0,1038
1332,50;0,1037
1332,00;0,1037
1331,50;0,1038
1331,00;0,1038
1330,50;0,1038
1330,00;0,1038
1329,50;0,1038
1329,00;0,1038
1328,50;0,1037
1328,00;0,1036
1327,50;0,1035
1327,00;0,1035
1326,50;0,1033
1326,00;0,1031
1325,50;0,1029
1325,00;0,1027
1324,50;0,1026
1324,00;0,1026
1323,50;0,1027
1323,00;0,1026
1322,50;0,1025
1322,00;0,1024
1321,50;0,1024
1321,00;0,1024
1320,50;0,1024
1320,00;0,1024
1319,50;0,1026
1319,00;0,1027
1318,50;0,1028
1318,00;0,1028
1317,50;0,1027
1317,00;0,1026
1316,50;0,1023
1316,00;0,1021
1315,50;0,1020
1315,00;0,1020
1314,50;0,1020
1314,00;0,1021
1313,50;0,1022
1313,00;0,1022
1312,50;0,1022
1312,00;0,1020
1311,50;0,1018
1311,00;0,1017
1310,50;0,1017
1310,00;0,1017
1309,50;0,1017
1309,00;0,1016
1308,50;0,1016
1308,00;0,1017
1307,50;0,1018
1307,00;0,1019
1306,50;0,1020
1306,00;0,1021
1305,50;0,1020
1305,00;0,1019
1304,50;0,1018
1304,00;0,1017
1303,50;0,1017
1303,00;0,1016
1302,50;0,1014
1302,00;0,1012
1301,50;0,1010
1301,00;0,1010
1300,50;0,1010
1300,00;0,1011
1299,50;0,1012
1299,00;0,1012
1298,50;0,1012
1298,00;0,1010
1297,50;0,1008
1297,00;0,1005
1296,50;0,1003
1296,00;0,1002
1295,50;0,1001
1295,00;0,1001
1294,50;0,1001
1294,00;0,1001
1293,50;0,1000
1293,00;0,0999
1292,50;0,0997
1292,00;0,0996
1291,50;0,0997
1291,00;0,0997
1290,50;0,0997
1290,00;0,0996
1289,50;0,0995
1289,00;0,0995
1288,50;0,0996
1288,00;0,0997
1287,50;0,0998
1287,00;0,0999
1286,50;0,0999
1286,00;0,0999
1285,50;0,0999
1285,00;0,0999
1284,50;0,0998
1284,00;0,0997
1283,50;0,0996
1283,00;0,0994
1282,50;0,0994
1282,00;0,0994
1281,50;0,0994
1281,00;0,0994
1280,50;0,0994
1280,00;0,0994
1279,50;0,0994
1279,00;0,0994
1278,50;0,0992
1278,00;0,0990
1277,50;0,0987
1277,00;0,0985
1276,50;0,0984
1276,00;0,0983
1275,50;0,0981
1275,00;0,0979
1274,50;0,0978
1274,00;0,0978
1273,50;0,0979
1273,00;0,0981
1272,50;0,0982
1272,00;0,0981
1271,50;0,0980
1271,00;0,0978
1270,50;0,0976
1270,00;0,0976
1269,50;0,0976
1269,00;0,0975
1268,50;0,0973
1268,00;0,0970
1267,50;0,0968
1267,00;0,0969
1266,50;0,0971
1266,00;0,0973
1265,50;0,0974
1265,00;0,0974
1264,50;0,0974
1264,00;0,0974
1263,50;0,0974
1263,00;0,0973
1262,50;0,0973
1262,00;0,0974
1261,50;0,0974
1261,00;0,0975
1260,50;0,0974
1260,00;0,0974
1259,50;0,0974
1259,00;0,0975
1258,50;0,0975
1258,00;0,0973
1257,50;0,0970
1257,00;0,0967
1256,50;0,0965
1256,00;0,0965
1255,50;0,0967
1255,00;0,0970
1254,50;0,0970
1254,00;0,0968
1253,50;0,0965
1253,00;0,0961
1252,50;0,0959
1252,00;0,0959
1251,50;0,0959
1251,00;0,0959
1250,50;0,0958
1250,00;0,0958
1249,50;0,0958
1249,00;0,0958
1248,50;0,0957
1248,00;0,0956
1247,50;0,0955
1247,00;0,0955
1246,50;0,0956
1246,00;0,0957
1245,50;0,0956
1245,00;0,0953
1244,50;0,0950
1244,00;0,0947
1243,50;0,0946
1243,00;0,0945
1242,50;0,0946
1242,00;0,0948
1241,50;0,0949
1241,00;0,0949
1240,50;0,0947
1240,00;0,0945
1239,50;0,0945
1239,00;0,0946
1238,50;0,0948
1238,00;0,0950
1237,50;0,0951
1237,00;0,0950
1236,50;0,0950
1236,00;0,0949
1235,50;0,0950
1235,00;0,0950
1234,50;0,0950
1234,00;0,0950
1233,50;0,0948
1233,00;0,0947
1232,50;0,0947
1232,00;0,0948
1231,50;0,0949
1231,00;0,0951
1230,50;0,0951
1230,00;0,0950
1229,50;0,0949
1229,00;0,0947
1228,50;0,0946
1228,00;0,0945
1227,50;0,0945
1227,00;0,0945
1226,50;0,0946
1226,00;0,0948
1225,50;0,0950
1225,00;0,0952
1224,50;0,0952
1224,00;0,0950
1223,50;0,0948
1223,00;0,0947
1222,50;0,0946
1222,00;0,0946
1221,50;0,0947
1221,00;0,0949
1220,50;0,0949
1220,00;0,0948
1219,50;0,0947
1219,00;0,0946
1218,50;0,0946
1218,00;0,0946
1217,50;0,0946
1217,00;0,0947
1216,50;0,0948
1216,00;0,0949
1215,50;0,0948
1215,00;0,0947
1214,50;0,0945
1214,00;0,0944
1213,50;0,0943
1213,00;0,0942
1212,50;0,0941
1212,00;0,0939
1211,50;0,0938
1211,00;0,0937
1210,50;0,0936
1210,00;0,0935
1209,50;0,0933
1209,00;0,0930
1208,50;0,0928
1208,00;0,0926
1207,50;0,0926
1207,00;0,0927
1206,50;0,0928
1206,00;0,0929
1205,50;0,0929
1205,00;0,0928
1204,50;0,0926
1204,00;0,0925
1203,50;0,0925
1203,00;0,0925
1202,50;0,0926
1202,00;0,0926
1201,50;0,0926
1201,00;0,0925
1200,50;0,0925
1200,00;0,0924
1199,50;0,0922
1199,00;0,0921
1198,50;0,0920
1198,00;0,0919
1197,50;0,0919
1197,00;0,0920
1196,50;0,0921
1196,00;0,0921
1195,50;0,0921
1195,00;0,0920
1194,50;0,0920
1194,00;0,0920
1193,50;0,0919
1193,00;0,0917
1192,50;0,0915
1192,00;0,0913
1191,50;0,0912
1191,00;0,0912
1190,50;0,0912
1190,00;0,0911
1189,50;0,0911
1189,00;0,0910
1188,50;0,0910
1188,00;0,0910
1187,50;0,0909
1187,00;0,0909
1186,50;0,0909
1186,00;0,0910
1185,50;0,0911
1185,00;0,0910
1184,50;0,0909
1184,00;0,0908
1183,50;0,0907
1183,00;0,0906
1182,50;0,0904
1182,00;0,0903
1181,50;0,0901
1181,00;0,0901
1180,50;0,0901
1180,00;0,0901
1179,50;0,0900
1179,00;0,0900
1178,50;0,0901
1178,00;0,0901
1177,50;0,0902
1177,00;0,0900
1176,50;0,0898
1176,00;0,0896
1175,50;0,0895
1175,00;0,0895
1174,50;0,0895
1174,00;0,0894
1173,50;0,0893
1173,00;0,0891
1172,50;0,0890
1172,00;0,0890
1171,50;0,0892
1171,00;0,0894
1170,50;0,0896
1170,00;0,0897
1169,50;0,0896
1169,00;0,0895
1168,50;0,0893
1168,00;0,0892
1167,50;0,0890
1167,00;0,0888
1166,50;0,0885
1166,00;0,0883
1165,50;0,0882
1165,00;0,0882
1164,50;0,0883
1164,00;0,0883
1163,50;0,0884
1163,00;0,0885
1162,50;0,0886
1162,00;0,0886
1161,50;0,0886
1161,00;0,0885
1160,50;0,0884
1160,00;0,0883
1159,50;0,0883
1159,00;0,0883
1158,50;0,0881
1158,00;0,0879
1157,50;0,0877
1157,00;0,0875
1156,50;0,0875
1156,00;0,0875
1155,50;0,0874
1155,00;0,0873
1154,50;0,0872
1154,00;0,0872
1153,50;0,0873
1153,00;0,0873
1152,50;0,0873
1152,00;0,0873
1151,50;0,0874
1151,00;0,0872
1150,50;0,0868
1150,00;0,0864
1149,50;0,0859
1149,00;0,0856
1148,50;0,0855
1148,00;0,0856
1147,50;0,0858
1147,00;0,0860
1146,50;0,0859
1146,00;0,0856
1145,50;0,0853
1145,00;0,0851
1144,50;0,0849
1144,00;0,0849
1143,50;0,0849
1143,00;0,0850
1142,50;0,0851
1142,00;0,0852
1141,50;0,0853
1141,00;0,0854
1140,50;0,0853
1140,00;0,0853
1139,50;0,0853
1139,00;0,0853
1138,50;0,0852
1138,00;0,0852
1137,50;0,0852
1137,00;0,0854
1136,50;0,0854
1136,00;0,0853
1135,50;0,0850
1135,00;0,0848
1134,50;0,0848
1134,00;0,0850
1133,50;0,0851
1133,00;0,0853
1132,50;0,0853
1132,00;0,0853
1131,50;0,0850
1131,00;0,0847
1130,50;0,0845
1130,00;0,0844
1129,50;0,0844
1129,00;0,0846
1128,50;0,0847
1128,00;0,0848
1127,50;0,0848
1127,00;0,0846
1126,50;0,0842
1126,00;0,0838
1125,50;0,0835
1125,00;0,0833
1124,50;0,0833
1124,00;0,0832
1123,50;0,0831
1123,00;0,0830
1122,50;0,0830
1122,00;0,0829
1121,50;0,0829
1121,00;0,0829
1120,50;0,0828
1120,00;0,0825
1119,50;0,0822
1119,00;0,0819
1118,50;0,0818
1118,00;0,0817
1117,50;0,0817
1117,00;0,0817
1116,50;0,0817
1116,00;0,0817
1115,50;0,0816
1115,00;0,0816
1114,50;0,0816
1114,00;0,0816
1113,50;0,0816
1113,00;0,0817
1112,50;0,0818
1112,00;0,0819
1111,50;0,0819
1111,00;0,0819
1110,50;0,0819
1110,00;0,0818
1109,50;0,0816
1109,00;0,0813
1108,50;0,0811
1108,00;0,0808
1107,50;0,0806
1107,00;0,0806
1106,50;0,0807
1106,00;0,0808
1105,50;0,0807
1105,00;0,0804
1104,50;0,0801
1104,00;0,0799
1103,50;0,0796
1103,00;0,0794
1102,50;0,0792
1102,00;0,0791
1101,50;0,0791
1101,00;0,0793
1100,50;0,0795
1100,00;0,0796
1099,50;0,0795
1099,00;0,0792
1098,50;0,0789
1098,00;0,0785
1097,50;0,0781
1097,00;0,0777
1096,50;0,0774
1096,00;0,0772
1095,50;0,0773
1095,00;0,0774
1094,50;0,0774
1094,00;0,0772
1093,50;0,0768
1093,00;0,0764
1092,50;0,0760
1092,00;0,0758
1091,50;0,0757
1091,00;0,0755
1090,50;0,0754
1090,00;0,0754
1089,50;0,0753
1089,00;0,0752
1088,50;0,0749
1088,00;0,0745
1087,50;0,0741
1087,00;0,0738
1086,50;0,0735
1086,00;0,0733
1085,50;0,0733
1085,00;0,0732
1084,50;0,0730
1084,00;0,0727
1083,50;0,0722
1083,00;0,0719
1082,50;0,0716
1082,00;0,0712
1081,50;0,0707
1081,00;0,0703
1080,50;0,0700
1080,00;0,0699
1079,50;0,0698
1079,00;0,0696
1078,50;0,0694
1078,00;0,0691
1077,50;0,0686
1077,00;0,0681
1076,50;0,0677
1076,00;0,0675
1075,50;0,0676
1075,00;0,0677
1074,50;0,0678
1074,00;0,0677
1073,50;0,0675
1073,00;0,0672
1072,50;0,0668
1072,00;0,0665
1071,50;0,0663
1071,00;0,0663
1070,50;0,0666
1070,00;0,0669
1069,50;0,0673
1069,00;0,0677
1068,50;0,0680
1068,00;0,0681
1067,50;0,0679
1067,00;0,0674
1066,50;0,0668
1066,00;0,0663
1065,50;0,0660
1065,00;0,0660
1064,50;0,0663
1064,00;0,0668
1063,50;0,0673
1063,00;0,0675
1062,50;0,0674
1062,00;0,0669
1061,50;0,0664
1061,00;0,0660
1060,50;0,0661
1060,00;0,0663
1059,50;0,0665
1059,00;0,0668
1058,50;0,0671
1058,00;0,0672
1057,50;0,0672
1057,00;0,0671
1056,50;0,0670
1056,00;0,0669
1055,50;0,0668
1055,00;0,0665
1054,50;0,0664
1054,00;0,0665
1053,50;0,0668
1053,00;0,0671
1052,50;0,0673
1052,00;0,0673
1051,50;0,0671
1051,00;0,0669
1050,50;0,0668
1050,00;0,0667
1049,50;0,0665
1049,00;0,0664
1048,50;0,0664
1048,00;0,0665
1047,50;0,0665
1047,00;0,0664
1046,50;0,0663
1046,00;0,0664
1045,50;0,0665
1045,00;0,0667
1044,50;0,0669
1044,00;0,0671
1043,50;0,0671
1043,00;0,0671
1042,50;0,0670
1042,00;0,0670
1041,50;0,0669
1041,00;0,0668
1040,50;0,0667
1040,00;0,0665
1039,50;0,0663
1039,00;0,0661
1038,50;0,0661
1038,00;0,0662
1037,50;0,0664
1037,00;0,0664
1036,50;0,0664
1036,00;0,0664
1035,50;0,0663
1035,00;0,0661
1034,50;0,0659
1034,00;0,0657
1033,50;0,0658
1033,00;0,0659
1032,50;0,0662
1032,00;0,0666
1031,50;0,0669
1031,00;0,0670
1030,50;0,0667
1030,00;0,0662
1029,50;0,0660
1029,00;0,0660
1028,50;0,0663
1028,00;0,0665
1027,50;0,0665
1027,00;0,0666
1026,50;0,0667
1026,00;0,0668
1025,50;0,0668
1025,00;0,0667
1024,50;0,0666
1024,00;0,0667
1023,50;0,0670
1023,00;0,0671
1022,50;0,0670
1022,00;0,0669
1021,50;0,0670
1021,00;0,0671
1020,50;0,0672
1020,00;0,0672
1019,50;0,0670
1019,00;0,0666
1018,50;0,0664
1018,00;0,0663
1017,50;0,0666
1017,00;0,0669
1016,50;0,0672
1016,00;0,0674
1015,50;0,0675
1015,00;0,0676
1014,50;0,0676
1014,00;0,0676
1013,50;0,0676
1013,00;0,0675
1012,50;0,0674
1012,00;0,0675
1011,50;0,0678
1011,00;0,0682
1010,50;0,0684
1010,00;0,0684
1009,50;0,0681
1009,00;0,0679
1008,50;0,0679
1008,00;0,0682
1007,50;0,0684
1007,00;0,0686
1006,50;0,0688
1006,00;0,0690
1005,50;0,0693
1005,00;0,0694
1004,50;0,0692
1004,00;0,0689
1003,50;0,0688
1003,00;0,0690
1002,50;0,0693
1002,00;0,0696
1001,50;0,0697
1001,00;0,0697
1000,50;0,0698
1000,00;0,0701
999,50;0,0705
999,00;0,0707
998,50;0,0708
998,00;0,0707
997,50;0,0707
997,00;0,0708
996,50;0,0711
996,00;0,0713
995,50;0,0714
995,00;0,0714
994,50;0,0716
994,00;0,0720
993,50;0,0724
993,00;0,0725
992,50;0,0726
992,00;0,0726
991,50;0,0728
991,00;0,0731
990,50;0,0734
990,00;0,0737
989,50;0,0740
989,00;0,0742
988,50;0,0744
988,00;0,0746
987,50;0,0748
987,00;0,0749
986,50;0,0750
986,00;0,0752
985,50;0,0755
985,00;0,0760
984,50;0,0765
984,00;0,0769
983,50;0,0771
983,00;0,0771
982,50;0,0771
982,00;0,0773
981,50;0,0777
981,00;0,0783
980,50;0,0790
980,00;0,0795
979,50;0,0799
979,00;0,0802
978,50;0,0804
978,00;0,0807
977,50;0,0810
977,00;0,0813
976,50;0,0815
976,00;0,0817
975,50;0,0819
975,00;0,0823
974,50;0,0826
974,00;0,0830
973,50;0,0833
973,00;0,0838
972,50;0,0843
972,00;0,0848
971,50;0,0851
971,00;0,0855
970,50;0,0862
970,00;0,0871
969,50;0,0879
969,00;0,0886
968,50;0,0891
968,00;0,0895
967,50;0,0898
967,00;0,0902
966,50;0,0907
966,00;0,0914
965,50;0,0922
965,00;0,0930
964,50;0,0936
964,00;0,0942
963,50;0,0948
963,00;0,0954
962,50;0,0959
962,00;0,0962
961,50;0,0965
961,00;0,0970
960,50;0,0978
960,00;0,0990
959,50;0,1001
959,00;0,1012
958,50;0,1021
958,00;0,1028
957,50;0,1033
957,00;0,1037
956,50;0,1041
956,00;0,1046
955,50;0,1053
955,00;0,1061
954,50;0,1070
954,00;0,1077
953,50;0,1083
953,00;0,1090
952,50;0,1097
952,00;0,1104
951,50;0,1109
951,00;0,1114
950,50;0,1120
950,00;0,1130
949,50;0,1140
949,00;0,1150
948,50;0,1159
948,00;0,1166
947,50;0,1173
947,00;0,1181
946,50;0,1188
946,00;0,1195
945,50;0,1203
945,00;0,1209
944,50;0,1215
944,00;0,1221
943,50;0,1227
943,00;0,1234
942,50;0,1242
942,00;0,1249
941,50;0,1254
941,00;0,1257
940,50;0,1260
940,00;0,1267
939,50;0,1278
939,00;0,1289
938,50;0,1300
938,00;0,1312
937,50;0,1322
937,00;0,1330
936,50;0,1334
936,00;0,1337
935,50;0,1340
935,00;0,1346
934,50;0,1353
934,00;0,1360
933,50;0,1366
933,00;0,1370
932,50;0,1374
932,00;0,1380
931,50;0,1388
931,00;0,1397
930,50;0,1405
930,00;0,1414
929,50;0,1423
929,00;0,1433
928,50;0,1442
928,00;0,1451
927,50;0,1461
927,00;0,1470
926,50;0,1480
926,00;0,1488
925,50;0,1494
925,00;0,1498
924,50;0,1500
924,00;0,1503
923,50;0,1509
923,00;0,1517
922,50;0,1527
922,00;0,1534
921,50;0,1539
921,00;0,1542
920,50;0,1546
920,00;0,1553
919,50;0,1559
919,00;0,1565
918,50;0,1570
918,00;0,1574
917,50;0,1578
917,00;0,1581
916,50;0,1585
916,00;0,1593
915,50;0,1602
915,00;0,1612
914,50;0,1618
914,00;0,1623
913,50;0,1629
913,00;0,1636
912,50;0,1644
912,00;0,1650
911,50;0,1654
911,00;0,1659
910,50;0,1664
910,00;0,1667
909,50;0,1669
909,00;0,1669
908,50;0,1672
908,00;0,1679
907,50;0,1690
907,00;0,1700
906,50;0,1707
906,00;0,1711
905,50;0,1715
905,00;0,1719
904,50;0,1722
904,00;0,1724
903,50;0,1725
903,00;0,1727
902,50;0,1729
902,00;0,1732
901,50;0,1738
901,00;0,1746
900,50;0,1755
900,00;0,1761
899,50;0,1763
899,00;0,1763
898,50;0,1764
898,00;0,1768
897,50;0,1775
897,00;0,1784
896,50;0,1792
896,00;0,1795
895,50;0,1793
895,00;0,1791
894,50;0,1792
894,00;0,1798
893,50;0,1806
893,00;0,1812
892,50;0,1816
892,00;0,1820
891,50;0,1826
891,00;0,1833
890,50;0,1839
890,00;0,1845
889,50;0,1848
889,00;0,1850
888,50;0,1852
888,00;0,1854
887,50;0,1858
887,00;0,1864
886,50;0,1872
886,00;0,1879
885,50;0,1883
885,00;0,1885
884,50;0,1887
884,00;0,1889
883,50;0,1893
883,00;0,1898
882,50;0,1905
882,00;0,1913
881,50;0,1920
881,00;0,1926
880,50;0,1931
880,00;0,1932
879,50;0,1931
879,00;0,1928
878,50;0,1924
878,00;0,1924
877,50;0,1926
877,00;0,1931
876,50;0,1938
876,00;0,1945
875,50;0,1950
875,00;0,1953
874,50;0,1954
874,00;0,1955
873,50;0,1958
873,00;0,1962
872,50;0,1968
872,00;0,1975
871,50;0,1983
871,00;0,1991
870,50;0,1998
870,00;0,2003
869,50;0,2004
869,00;0,2001
868,50;0,1995
868,00;0,1990
867,50;0,1989
867,00;0,1996
866,50;0,2008
866,00;0,2021
865,50;0,2032
865,00;0,2036
864,50;0,2035
864,00;0,2030
863,50;0,2026
863,00;0,2025
862,50;0,2027
862,00;0,2031
861,50;0,2037
861,00;0,2045
860,50;0,2057
860,00;0,2070
859,50;0,2078
859,00;0,2079
858,50;0,2075
858,00;0,2071
857,50;0,2070
857,00;0,2073
856,50;0,2078
856,00;0,2082
855,50;0,2084
855,00;0,2088
854,50;0,2094
854,00;0,2102
853,50;0,2106
853,00;0,2105
852,50;0,2099
852,00;0,2093
851,50;0,2090
851,00;0,2093
850,50;0,2100
850,00;0,2109
849,50;0,2120
849,00;0,2129
848,50;0,2134
848,00;0,2134
847,50;0,2132
847,00;0,2130
846,50;0,2130
846,00;0,2134
845,50;0,2140
845,00;0,2148
844,50;0,2155
844,00;0,2157
843,50;0,2156
843,00;0,2156
842,50;0,2159
842,00;0,2166
841,50;0,2174
841,00;0,2181
840,50;0,2186
840,00;0,2189
839,50;0,2190
839,00;0,2189
838,50;0,2188
838,00;0,2188
837,50;0,2189
837,00;0,2188
836,50;0,2188
836,00;0,2192
835,50;0,2201
835,00;0,2210
834,50;0,2214
834,00;0,2212
833,50;0,2207
833,00;0,2203
832,50;0,2204
832,00;0,2208
831,50;0,2213
831,00;0,2219
830,50;0,2223
830,00;0,2227
829,50;0,2230
829,00;0,2234
828,50;0,2239
828,00;0,2242
827,50;0,2241
827,00;0,2237
826,50;0,2235
826,00;0,2237
825,50;0,2244
825,00;0,2255
824,50;0,2267
824,00;0,2276
823,50;0,2281
823,00;0,2280
822,50;0,2276
822,00;0,2270
821,50;0,2264
821,00;0,2257
820,50;0,2251
820,00;0,2248
819,50;0,2248
819,00;0,2249
818,50;0,2251
818,00;0,2253
817,50;0,2255
817,00;0,2258
816,50;0,2260
816,00;0,2261
815,50;0,2261
815,00;0,2262
814,50;0,2262
814,00;0,2260
813,50;0,2257
813,00;0,2255
812,50;0,2255
812,00;0,2255
811,50;0,2254
811,00;0,2251
810,50;0,2249
810,00;0,2250
809,50;0,2252
809,00;0,2252
808,50;0,2250
808,00;0,2245
807,50;0,2240
807,00;0,2235
806,50;0,2231
806,00;0,2227
805,50;0,2225
805,00;0,2225
804,50;0,2224
804,00;0,2223
803,50;0,2223
803,00;0,2222
802,50;0,2222
802,00;0,2222
801,50;0,2221
801,00;0,2217
800,50;0,2208
800,00;0,2197
799,50;0,2188
799,00;0,2182
798,50;0,2181
798,00;0,2182
797,50;0,2185
797,00;0,2189
796,50;0,2191
796,00;0,2190
795,50;0,2185
795,00;0,2177
794,50;0,2167
794,00;0,2161
793,50;0,2161
793,00;0,2165
792,50;0,2169
792,00;0,2168
791,50;0,2164
791,00;0,2159
790,50;0,2152
790,00;0,2143
789,50;0,2133
789,00;0,2126
788,50;0,2124
788,00;0,2128
787,50;0,2134
787,00;0,2139
786,50;0,2140
786,00;0,2136
785,50;0,2130
785,00;0,2123
784,50;0,2114
784,00;0,2106
783,50;0,2100
783,00;0,2099
782,50;0,2103
782,00;0,2109
781,50;0,2116
781,00;0,2119
780,50;0,2114
780,00;0,2103
779,50;0,2092
779,00;0,2085
778,50;0,2083
778,00;0,2079
777,50;0,2073
777,00;0,2065
776,50;0,2058
776,00;0,2053
775,50;0,2050
775,00;0,2047
774,50;0,2043
774,00;0,2037
773,50;0,2032
773,00;0,2030
772,50;0,2031
772,00;0,2033
771,50;0,2034
771,00;0,2035
770,50;0,2034
770,00;0,2026
769,50;0,2013
769,00;0,1997
768,50;0,1985
768,00;0,1978
767,50;0,1976
767,00;0,1980
766,50;0,1986
766,00;0,1992
765,50;0,1996
765,00;0,1996
764,50;0,1991
764,00;0,1980
763,50;0,1967
763,00;0,1957
762,50;0,1952
762,00;0,1952
761,50;0,1952
761,00;0,1951
760,50;0,1946
760,00;0,1938
759,50;0,1928
759,00;0,1919
758,50;0,1912
758,00;0,1906
757,50;0,1902
757,00;0,1901
756,50;0,1906
756,00;0,1914
755,50;0,1919
755,00;0,1919
754,50;0,1914
754,00;0,1903
753,50;0,1888
753,00;0,1875
752,50;0,1865
752,00;0,1858
751,50;0,1850
751,00;0,1843
750,50;0,1838
750,00;0,1837
749,50;0,1838
749,00;0,1839
748,50;0,1835
748,00;0,1827
747,50;0,1816
747,00;0,1806
746,50;0,1802
746,00;0,1802
745,50;0,1800
745,00;0,1796
744,50;0,1790
744,00;0,1784
743,50;0,1776
743,00;0,1764
742,50;0,1753
742,00;0,1745
741,50;0,1743
741,00;0,1744
740,50;0,1746
740,00;0,1745
739,50;0,1742
739,00;0,1737
738,50;0,1733
738,00;0,1731
737,50;0,1729
737,00;0,1724
736,50;0,1716
736,00;0,1708
735,50;0,1701
735,00;0,1696
734,50;0,1692
734,00;0,1690
733,50;0,1686
733,00;0,1679
732,50;0,1668
732,00;0,1657
731,50;0,1649
731,00;0,1647
730,50;0,1649
730,00;0,1650
729,50;0,1649
729,00;0,1647
728,50;0,1646
728,00;0,1646
727,50;0,1643
727,00;0,1638
726,50;0,1630
726,00;0,1623
725,50;0,1619
725,00;0,1617
724,50;0,1617
724,00;0,1619
723,50;0,1621
723,00;0,1620
722,50;0,1615
722,00;0,1607
721,50;0,1599
721,00;0,1592
720,50;0,1591
720,00;0,1593
719,50;0,1595
719,00;0,1594
718,50;0,1589
718,00;0,1581
717,50;0,1575
717,00;0,1573
716,50;0,1575
716,00;0,1578
715,50;0,1580
715,00;0,1580
714,50;0,1577
714,00;0,1573
713,50;0,1568
713,00;0,1564
712,50;0,1560
712,00;0,1557
711,50;0,1552
711,00;0,1546
710,50;0,1540
710,00;0,1538
709,50;0,1542
709,00;0,1550
708,50;0,1559
708,00;0,1564
707,50;0,1562
707,00;0,1556
706,50;0,1546
706,00;0,1536
705,50;0,1528
705,00;0,1524
704,50;0,1525
704,00;0,1529
703,50;0,1533
703,00;0,1535
702,50;0,1534
702,00;0,1530
701,50;0,1525
701,00;0,1519
700,50;0,1512
700,00;0,1506
699,50;0,1504
699,00;0,1507
698,50;0,1511
698,00;0,1514
697,50;0,1514
697,00;0,1510
696,50;0,1506
696,00;0,1500
695,50;0,1494
695,00;0,1490
694,50;0,1489
694,00;0,1490
693,50;0,1491
693,00;0,1493
692,50;0,1496
692,00;0,1499
691,50;0,1497
691,00;0,1490
690,50;0,1483
690,00;0,1477
689,50;0,1474
689,00;0,1470
688,50;0,1469
688,00;0,1470
687,50;0,1472
687,00;0,1471
686,50;0,1466
686,00;0,1458
685,50;0,1448
685,00;0,1441
684,50;0,1438
684,00;0,1439
683,50;0,1443
683,00;0,1451
682,50;0,1460
682,00;0,1465
681,50;0,1464
681,00;0,1459
680,50;0,1454
680,00;0,1448
679,50;0,1442
679,00;0,1434
678,50;0,1428
678,00;0,1426
677,50;0,1427
677,00;0,1428
676,50;0,1428
676,00;0,1427
675,50;0,1426
675,00;0,1424
674,50;0,1419
674,00;0,1414
673,50;0,1411
673,00;0,1410
672,50;0,1414
672,00;0,1421
671,50;0,1428
671,00;0,1421
670,50;0,1416
670,00;0,1416
669,50;0,1422
669,00;0,1439
668,50;0,1464
668,00;0,1481
667,50;0,1464
667,00;0,1416
666,50;0,1377
666,00;0,1361
665,50;0,1354
665,00;0,1357
664,50;0,1357
664,00;0,1356
663,50;0,1352
663,00;0,1344
662,50;0,1337
662,00;0,1339
661,50;0,1347
661,00;0,1356
660,50;0,1360
660,00;0,1358
659,50;0,1355
659,00;0,1353
658,50;0,1354
658,00;0,1355
657,50;0,1354
657,00;0,1351
656,50;0,1348
656,00;0,1349
655,50;0,1352
655,00;0,1352
654,50;0,1348
654,00;0,1339
653,50;0,1329
653,00;0,1320
652,50;0,1312
652,00;0,1305
651,50;0,1303
651,00;0,1309
650,50;0,1319
650,00;0,1329
649,50;0,1335
649,00;0,1333
648,50;0,1325
648,00;0,1316
647,50;0,1308
647,00;0,1303
646,50;0,1301
646,00;0,1303
645,50;0,1311
645,00;0,1319
644,50;0,1319
644,00;0,1307
643,50;0,1286
643,00;0,1265
642,50;0,1250
642,00;0,1247
641,50;0,1255
641,00;0,1270
640,50;0,1282
640,00;0,1285
639,50;0,1276
639,00;0,1260
638,50;0,1247
638,00;0,1242
637,50;0,1247
637,00;0,1254
636,50;0,1258
636,00;0,1257
635,50;0,1255
635,00;0,1253
634,50;0,1252
634,00;0,1248
633,50;0,1235
633,00;0,1216
632,50;0,1196
632,00;0,1185
631,50;0,1185
631,00;0,1193
630,50;0,1202
630,00;0,1210
629,50;0,1218
629,00;0,1222
628,50;0,1220
628,00;0,1211
627,50;0,1200
627,00;0,1193
626,50;0,1195
626,00;0,1205
625,50;0,1216
625,00;0,1223
624,50;0,1224
624,00;0,1219
623,50;0,1210
623,00;0,1200
622,50;0,1190
622,00;0,1183
621,50;0,1180
621,00;0,1182
620,50;0,1189
620,00;0,1199
619,50;0,1208
619,00;0,1214
618,50;0,1213
618,00;0,1208
617,50;0,1200
617,00;0,1194
616,50;0,1191
616,00;0,1191
615,50;0,1192
615,00;0,1193
614,50;0,1191
614,00;0,1188
613,50;0,1187
613,00;0,1189
612,50;0,1191
612,00;0,1191
611,50;0,1192
611,00;0,1192
610,50;0,1192
610,00;0,1191
609,50;0,1189
609,00;0,1190
608,50;0,1196
608,00;0,1202
607,50;0,1202
607,00;0,1194
606,50;0,1179
606,00;0,1166
605,50;0,1160
605,00;0,1159
604,50;0,1159
604,00;0,1158
603,50;0,1156
603,00;0,1158
602,50;0,1160
602,00;0,1157
601,50;0,1151
601,00;0,1147
600,50;0,1151
600,00;0,1160
599,50;0,1167
599,00;0,1169
598,50;0,1164
598,00;0,1160
597,50;0,1161
597,00;0,1167
596,50;0,1175
596,00;0,1176
595,50;0,1168
595,00;0,1155
594,50;0,1146
594,00;0,1142
593,50;0,1140
593,00;0,1138
592,50;0,1136
592,00;0,1134
591,50;0,1132
591,00;0,1129
590,50;0,1124
590,00;0,1122
589,50;0,1122
589,00;0,1126
588,50;0,1136
588,00;0,1150
587,50;0,1162
587,00;0,1166
586,50;0,1162
586,00;0,1151
585,50;0,1135
585,00;0,1120
584,50;0,1109
584,00;0,1109
583,50;0,1116
583,00;0,1124
582,50;0,1127
582,00;0,1124
581,50;0,1115
581,00;0,1105
580,50;0,1097
580,00;0,1094
579,50;0,1097
579,00;0,1102
578,50;0,1108
578,00;0,1112
577,50;0,1119
577,00;0,1130
576,50;0,1140
576,00;0,1143
575,50;0,1133
575,00;0,1118
574,50;0,1108
574,00;0,1108
573,50;0,1112
573,00;0,1112
572,50;0,1105
572,00;0,1098
571,50;0,1092
571,00;0,1084
570,50;0,1073
570,00;0,1061
569,50;0,1052
569,00;0,1046
568,50;0,1043
568,00;0,1045
567,50;0,1052
567,00;0,1063
566,50;0,1073
566,00;0,1078
565,50;0,1075
565,00;0,1063
564,50;0,1044
564,00;0,1023
563,50;0,1008
563,00;0,1005
562,50;0,1013
562,00;0,1025
561,50;0,1027
561,00;0,1013
560,50;0,0992
560,00;0,0980
559,50;0,0981
559,00;0,0987
558,50;0,0990
558,00;0,0989
557,50;0,0991
557,00;0,0996
556,50;0,1005
556,00;0,1015
555,50;0,1022
555,00;0,1021
554,50;0,1012
554,00;0,1002
553,50;0,1000
553,00;0,1002
552,50;0,1003
552,00;0,0999
551,50;0,0999
551,00;0,1006
550,50;0,1014
550,00;0,1015
549,50;0,1004
549,00;0,0984
548,50;0,0967
548,00;0,0961
547,50;0,0968
547,00;0,0979
546,50;0,0984
546,00;0,0984
545,50;0,0987
545,00;0,0993
544,50;0,0992
544,00;0,0975
543,50;0,0945
543,00;0,0914
542,50;0,0898
542,00;0,0900
541,50;0,0919
541,00;0,0944
540,50;0,0962
540,00;0,0965
539,50;0,0954
539,00;0,0931
538,50;0,0903
538,00;0,0874
537,50;0,0854
537,00;0,0853
536,50;0,0874
536,00;0,0908
535,50;0,0941
535,00;0,0958
534,50;0,0951
534,00;0,0926
533,50;0,0894
533,00;0,0871
532,50;0,0862
532,00;0,0870
531,50;0,0888
531,00;0,0902
530,50;0,0907
530,00;0,0903
529,50;0,0898
529,00;0,0896
528,50;0,0892
528,00;0,0880
527,50;0,0867
527,00;0,0861
526,50;0,0862
526,00;0,0867
525,50;0,0875
525,00;0,0888
524,50;0,0898
524,00;0,0896
523,50;0,0881
523,00;0,0863
522,50;0,0851
522,00;0,0845
521,50;0,0845
521,00;0,0850
520,50;0,0864
520,00;0,0885
519,50;0,0906
519,00;0,0918
518,50;0,0917
518,00;0,0905
517,50;0,0886
517,00;0,0868
516,50;0,0858
516,00;0,0858
515,50;0,0871
515,00;0,0898
514,50;0,0931
514,00;0,0956
513,50;0,0960
513,00;0,0943
512,50;0,0918
512,00;0,0898
511,50;0,0890
511,00;0,0896
510,50;0,0912
510,00;0,0934
509,50;0,0954
509,00;0,0965
508,50;0,0961
508,00;0,0948
507,50;0,0935
507,00;0,0929
506,50;0,0926
506,00;0,0921
505,50;0,0914
505,00;0,0911
504,50;0,0913
504,00;0,0915
503,50;0,0912
503,00;0,0906
502,50;0,0903
502,00;0,0902
501,50;0,0900
501,00;0,0897
500,50;0,0898
500,00;0,0905
499,50;0,0915
499,00;0,0920
498,50;0,0912
498,00;0,0894
497,50;0,0875
497,00;0,0865
496,50;0,0866
496,00;0,0871
495,50;0,0876
495,00;0,0884
494,50;0,0902
494,00;0,0927
493,50;0,0944
493,00;0,0938
492,50;0,0905
492,00;0,0862
491,50;0,0831
491,00;0,0824
490,50;0,0834
490,00;0,0844
489,50;0,0845
489,00;0,0844
488,50;0,0849
488,00;0,0865
487,50;0,0882
487,00;0,0887
486,50;0,0872
486,00;0,0843
485,50;0,0816
485,00;0,0808
484,50;0,0821
484,00;0,0846
483,50;0,0866
483,00;0,0876
482,50;0,0872
482,00;0,0851
481,50;0,0816
481,00;0,0787
480,50;0,0782
480,00;0,0807
479,50;0,0848
479,00;0,0887
478,50;0,0913
478,00;0,0920
477,50;0,0910
477,00;0,0889
476,50;0,0866
476,00;0,0843
475,50;0,0820
475,00;0,0805
474,50;0,0809
474,00;0,0833
473,50;0,0862
473,00;0,0879
472,50;0,0879
472,00;0,0869
471,50;0,0858
471,00;0,0847
470,50;0,0837
470,00;0,0824
469,50;0,0810
469,00;0,0803
468,50;0,0809
468,00;0,0830
467,50;0,0857
467,00;0,0880
466,50;0,0892
466,00;0,0889
465,50;0,0873
465,00;0,0845
464,50;0,0815
464,00;0,0799
463,50;0,0807
463,00;0,0840
462,50;0,0881
462,00;0,0913
461,50;0,0920
461,00;0,0902
460,50;0,0864
460,00;0,0816
459,50;0,0770
459,00;0,0740
458,50;0,0739
458,00;0,0767
457,50;0,0813
457,00;0,0860
456,50;0,0890
456,00;0,0890
455,50;0,0853
455,00;0,0788
454,50;0,0718
454,00;0,0676
453,50;0,0683
453,00;0,0742
452,50;0,0828
452,00;0,0900
451,50;0,0924
451,00;0,0898
450,50;0,0842
450,00;0,0783
449,50;0,0736
449,00;0,0708
448,50;0,0704
448,00;0,0730
447,50;0,0786
447,00;0,0853
446,50;0,0902
446,00;0,0905
445,50;0,0860
445,00;0,0790
444,50;0,0736
444,00;0,0715
443,50;0,0724
443,00;0,0747
442,50;0,0775
442,00;0,0800
441,50;0,0813
441,00;0,0810
440,50;0,0797
440,00;0,0772
439,50;0,0726
439,00;0,0666
438,50;0,0626
438,00;0,0643
437,50;0,0708
437,00;0,0779
436,50;0,0821
436,00;0,0829
435,50;0,0816
435,00;0,0791
434,50;0,0762
434,00;0,0750
433,50;0,0777
433,00;0,0838
432,50;0,0895
432,00;0,0911
431,50;0,0877
431,00;0,0820
430,50;0,0776
430,00;0,0762
429,50;0,0763
429,00;0,0752
428,50;0,0716
428,00;0,0667
427,50;0,0628
427,00;0,0613
426,50;0,0617
426,00;0,0634
425,50;0,0668
425,00;0,0714
424,50;0,0743
424,00;0,0716
423,50;0,0639
423,00;0,0573
422,50;0,0575
422,00;0,0635
421,50;0,0690
421,00;0,0695
420,50;0,0665
420,00;0,0639
419,50;0,0638
419,00;0,0661
418,50;0,0702
418,00;0,0741
417,50;0,0743
417,00;0,0685
416,50;0,0591
416,00;0,0504
415,50;0,0459
415,00;0,0464
414,50;0,0501
414,00;0,0533
413,50;0,0530
413,00;0,0480
412,50;0,0404
412,00;0,0354
411,50;0,0371
411,00;0,0447
410,50;0,0555
410,00;0,0695
409,50;0,0864
409,00;0,0991
408,50;0,0998
408,00;0,0880
407,50;0,0714
407,00;0,0615
406,50;0,0625
406,00;0,0653
405,50;0,0587
405,00;0,0428
404,50;0,0295
404,00;0,0281
403,50;0,0320
403,00;0,0279
402,50;0,0133
402,00;0,0038
401,50;0,0170
401,00;0,0489
400,50;0,0775
400,00;0,0863
