   h    k    l      d (Å)      F(real)      F(imag)          |F|         2θ          I    M
   0    0   -1   9.752858     0.415719     1.249045      1.31641    4.16799    0.13141    1
   0    0    1   9.752858     0.417401    -1.248474       1.3164    4.16799    0.13140    1
   0   -1    0   8.688055    -0.276584     0.024829     0.277697    4.67909    0.00464    1
   0    1    0   8.688055    -0.276491    -0.025356     0.277651    4.67909    0.00464    1
   0   -1    1   7.905946     0.792171    -0.858626      1.16824    5.14227    0.06793    1
   0    1   -1   7.905946     0.791159     0.859581      1.16825    5.14227    0.06794    1
  -1    0    0   7.523460    -0.350704    -0.052537     0.354618    5.40389    0.00567    1
   1    0    0   7.523460    -0.350885     0.052251     0.354754    5.40389    0.00567    1
  -1    0   -1   5.956993     8.136613     0.298437      8.14208    6.82642    1.86916    1
   1    0    1   5.956993     8.137054    -0.288285      8.14216    6.82642    1.86919    1
  -1    0    1   5.956993     9.900784    -0.381774      9.90814    6.82642    2.76796    1
   1    0   -1   5.956993     9.900120     0.394305      9.90797    6.82642    2.76786    1
  -1   -1    0   5.687401     0.147481     0.722540     0.737438    7.15041    0.01397    1
   1    1    0   5.687401     0.148996    -0.722279     0.737487    7.15041    0.01397    1
  -1    1    0   5.687401    -0.630188    -0.668036     0.918373    7.15041    0.02167    1
   1   -1    0   5.687401    -0.631072     0.667232     0.918396    7.15041    0.02167    1
   0   -1   -1   5.632238     0.488240     1.163386      1.26168    7.22054    0.04010    1
   0    1    1   5.632238     0.489504    -1.162653       1.2615    7.22054    0.04009    1
  -1   -1    1   5.450092    -7.025169     1.150721      7.11879    7.46219    1.19479    1
  -1    1   -1   5.450092     6.722851     1.597089      6.90995    7.46219    1.12572    1
   1   -1    1   5.450092     6.725239    -1.588228      6.91023    7.46219    1.12581    1
   1    1   -1   5.450092    -7.023548    -1.160116      7.11871    7.46219    1.19477    1
   0   -1    2   5.014041    -0.447948     0.007481     0.448011    8.11219    0.00400    1
   0    1   -2   5.014041    -0.447997    -0.008394     0.448076    8.11219    0.00400    1
   0    0   -2   4.876429    12.739322     0.762764      12.7621    8.34151    3.06928    1
   0    0    2   4.876429    12.740338    -0.744711      12.7621    8.34151    3.06926    1
   0   -2    1   4.565258     0.285179    -2.327036      2.34444    8.91119    0.09068    1
   0    2   -1   4.565258     0.280635     2.327583      2.34444    8.91119    0.09068    1
  -1   -1   -1   4.508768    -7.588522     0.815886      7.63226    9.02306    0.93718    1
   1    1    1   4.508768    -7.587419    -0.825249      7.63217    9.02306    0.93716    1
  -1    1    1   4.508768     8.613646     1.276754      8.70776    9.02306    1.21992    1
   1   -1   -1   4.508768     8.615754    -1.266040      8.70828    9.02306    1.22006    1
   0   -2    0   4.344028   -22.539227    -1.402290      22.5828    9.36600    7.61084    1
   0    2    0   4.344028   -22.541736     1.370975      22.5834    9.36600    7.61123    1
  -1   -1    2   4.172344    -0.477390     1.542673      1.61485    9.75231    0.03587    1
  -1    1   -2   4.172344    -0.714127     0.750993      1.03632    9.75231    0.01477    1
   1   -1    2   4.172344    -0.711523    -0.752164      1.03538    9.75231    0.01475    1
   1    1   -2   4.172344    -0.474964    -1.543198      1.61464    9.75231    0.03586    1
  -1    0   -2   4.092042    -0.120252    -0.633555     0.644866    9.94416    0.00550    1
  -1    0    2   4.092042     0.008570     1.315000      1.31503    9.94416    0.02287    1
   1    0   -2   4.092042     0.012192    -1.314738      1.31479    9.94416    0.02286    1
   1    0    2   4.092042    -0.122566     0.633632     0.645377    9.94416    0.00551    1
   0   -2    2   3.952973    -3.909810    -1.722472      4.27241   10.29493    0.22511    1
   0    2   -2   3.952973    -3.913256     1.718903      4.27413   10.29493    0.22529    1
  -1   -2    1   3.902914   -10.486613     0.969687      10.5314   10.42734    1.33292    1
  -1    2   -1   3.902914   -10.376368    -1.381992       10.468   10.42734    1.31693    1
   1   -2    1   3.902914   -10.379976     1.368220      10.4698   10.42734    1.31737    1
   1    2   -1   3.902914   -10.484129    -0.984936      10.5303   10.42734    1.33265    1
  -1   -2    0   3.761961    -1.167946    -1.043513      1.56621   10.81917    0.02736    1
  -1    2    0   3.761961     0.581875    -1.554401      1.65974   10.81917    0.03073    1
   1   -2    0   3.761961     0.579493     1.556339      1.66072   10.81917    0.03077    1
   1    2    0   3.761961    -1.167894     1.040073      1.56388   10.81917    0.02728    1
  -2    0    0   3.761730   -10.347768     0.141159      10.3487   10.81984    1.19453    1
   2    0    0   3.761730   -10.346984    -0.156479      10.3482   10.81984    1.19440    1
   0   -1   -2   3.757545    -0.996659     0.180189      1.01282   10.83193    0.01142    1
   0    1    2   3.757545    -0.996040    -0.181985      1.01253   10.83193    0.01141    1
   0   -2   -1   3.557153     0.685696     0.400587     0.794134   11.44413    0.00628    1
   0    2    1   3.557153     0.685299    -0.399222     0.793103   11.44413    0.00626    1
  -2    0   -1   3.509711     1.487745    -0.733854      1.65889   11.59935    0.02667    1
   2    0    1   3.509711     1.486384     0.735986      1.65862   11.59935    0.02666    1
  -2    0    1   3.509711     0.391068     1.741304      1.78468   11.59935    0.03086    1
   2    0   -1   3.509711     0.392473    -1.740357      1.78406   11.59935    0.03084    1
  -1    2   -2   3.499350    -0.449992     0.181944     0.485383   11.63381    0.00227    1
   1   -2    2   3.499350    -0.450661    -0.182333     0.486148   11.63381    0.00228    1
  -1   -2    2   3.499350     1.641290     0.282040      1.66535   11.63381    0.02671    1
   1    2   -2   3.499350     1.641334    -0.278692      1.66483   11.63381    0.02670    1
  -2   -1    0   3.452045   -12.187084     0.060148      12.1872   11.79379    1.39165    1
   2    1    0   3.452045   -12.186210    -0.080118      12.1865   11.79379    1.39147    1
  -2    1    0   3.452045    13.389661     0.001457      13.3897   11.79379    1.67980    1
   2   -1    0   3.452045    13.389435     0.020856      13.3895   11.79379    1.67975    1
   0   -1    3   3.438476     0.188153     0.824979     0.846163   11.84050    0.00666    1
   0    1   -3   3.438476     0.187472    -0.824352     0.845401   11.84050    0.00664    1
  -2   -1    1   3.396819    -0.652940    -0.350393     0.741017   11.98624    0.00498    1
  -2    1   -1   3.396819     1.041678     1.744503      2.03184   11.98624    0.03743    1
   2   -1    1   3.396819     1.043375    -1.740733      2.02948   11.98624    0.03735    1
   2    1   -1   3.396819    -0.653232     0.350362      0.74126   11.98624    0.00498    1
  -1   -1   -2   3.361598     2.832269    -0.896724      2.97084   12.11229    0.07835    1
   1    1    2   3.361598     2.832487     0.902558      2.97281   12.11229    0.07845    1
  -1    1    2   3.361598     1.778164     1.615625      2.40252   12.11229    0.05124    1
   1   -1   -2   3.361598     1.781255    -1.610250       2.4012   12.11229    0.05118    1
   0    0   -3   3.250953    -0.068200    -1.670925      1.67232   12.52615    0.02319    1
   0    0    3   3.250953    -0.069956     1.670538        1.672   12.52615    0.02318    1
  -1   -2   -1   3.215823    16.620683     0.296931      16.6233   12.66354    2.24152    1
  -1    2    1   3.215823    18.486698    -0.013753      18.4867   12.66354    2.77221    1
   1   -2   -1   3.215823    18.486746     0.044746      18.4868   12.66354    2.77224    1
   1    2    1   3.215823    16.621354    -0.269990      16.6235   12.66354    2.24158    1
   0   -2    3   3.146003     1.389481     2.999802      3.30597   12.94578    0.08478    1
   0    2   -3   3.146003     1.391234    -2.997131      3.30429   12.94578    0.08469    1
  -2   -1   -1   3.128178     1.144506    -0.347001      1.19595   13.01986    0.01097    1
  -2    1    1   3.128178     0.277269     1.428523      1.45518   13.01986    0.01624    1
   2   -1   -1   3.128178     0.278495    -1.428494      1.45539   13.01986    0.01624    1
   2    1    1   3.128178     1.142040     0.349982      1.19446   13.01986    0.01094    1
  -1    1   -3   3.127335    -0.662734     0.853797      1.08083   13.02339    0.00895    1
   1   -1    3   3.127335    -0.660241    -0.856325       1.0813   13.02339    0.00896    1
  -1   -1    3   3.127335     1.443749     1.153556        1.848   13.02339    0.02617    1
   1    1   -3   3.127335     1.449085    -1.150499      1.85027   13.02339    0.02624    1
   0   -3    1   3.064843     4.829124    -1.537714      5.06804   13.29012    0.18890    1
   0    3   -1   3.064843     4.828668     1.547130      5.07047   13.29012    0.18908    1
  -2   -1    2   3.009039    63.604133    -1.637664      63.6252   13.53773   28.67581    1
  -2    1   -2   3.009039   -66.085550    -2.403967      66.1293   13.53773   30.97737    1
   2   -1    2   3.009039   -66.088604     2.290198      66.1283   13.53773   30.97645    1
   2    1   -2   3.009039    63.601820     1.746116      63.6258   13.53773   28.67633    1
  -1    0   -3   2.984262   -73.069967    -3.509141      73.1542   13.65066   37.27381    1
  -1    0    3   2.984262   -73.805199     2.503744      73.8477   13.65066   37.98384    1
   1    0   -3   2.984262   -73.801529    -2.633037      73.8485   13.65066   37.98469    1
   1    0    3   2.984262   -73.075178     3.379607      73.1533   13.65066   37.27290    1
  -2    0   -2   2.978497   -27.871553     2.279178      27.9646   13.67721    5.42534    1
   2    0    2   2.978497   -27.869239    -2.330882      27.9665   13.67721    5.42610    1
  -2    0    2   2.978497   -25.276779    -2.404869      25.3909   13.67721    4.47268    1
   2    0   -2   2.978497   -25.278746     2.362342      25.3889   13.67721    4.47196    1
   0   -3    2   2.952541     0.978380     0.610981      1.15348   13.79803    0.00907    1
   0    3   -2   2.952541     0.980549    -0.609589      1.15459   13.79803    0.00908    1
  -2   -2    1   2.903136     0.902339     2.054358      2.24379   14.03401    0.03315    1
   2    2   -1   2.903136     0.907749    -2.052486      2.24426   14.03401    0.03316    1
  -2    2   -1   2.903136     1.285743    -4.576028      4.75323   14.03401    0.14875    1
   2   -2    1   2.903136     1.279263     4.579380      4.75471   14.03401    0.14884    1
  -1   -2    3   2.902463   -89.150769    -0.031728      89.1508   14.03728   52.30125    1
  -1    2   -3   2.902463   -87.886745    -0.115156      87.8868   14.03728   50.82874    1
   1   -2    3   2.902463   -87.886651    -0.039551      87.8867   14.03728   50.82856    1
   1    2   -3   2.902463   -89.150298    -0.125989      89.1504   14.03728   52.30080    1
   0   -3    0   2.896018     0.960279    -0.054423      0.96182   14.06868    0.00606    1
   0    3    0   2.896018     0.959280     0.057006     0.960973   14.06868    0.00605    1
  -2   -2    0   2.843700    60.167958     0.952744      60.1755   14.32886   22.85241    1
   2    2    0   2.843700    60.168023    -0.843096      60.1739   14.32886   22.85121    1
  -2    2    0   2.843700    59.904517    -0.280744      59.9052   14.32886   22.64755    1
   2   -2    0   2.843700    59.905218     0.389908      59.9065   14.32886   22.64854    1
  -1   -3    1   2.838363  -113.110366    -0.023790       113.11   14.35594   80.43177    1
  -1    3   -1   2.838363   113.716549     0.389500      113.717   14.35594   81.29713    1
   1   -3    1   2.838363   113.716967    -0.186579      113.717   14.35594   81.29700    1
   1    3   -1   2.838363  -113.110528    -0.179851      113.111   14.35594   80.43220    1
   0   -2   -2   2.816119    41.237693     4.134116      41.4444   14.46994   10.62577    1
   0    2    2   2.816119    41.243207    -4.059658      41.4425   14.46994   10.62481    1
   0   -1   -3   2.761268     1.485017     2.297121      2.73533   14.75896    0.04446    1
   0    1    3   2.761268     1.488438    -2.294157       2.7347   14.75896    0.04444    1
  -1   -3    2   2.748467    -1.684710    -0.534433      1.76745   14.82809    0.01839    1
  -1    3   -2   2.748467     1.026625     0.536045      1.15815   14.82809    0.00789    1
   1   -3    2   2.748467     1.029762    -0.532355      1.15923   14.82809    0.00791    1
   1    3   -2   2.748467    -1.685580     0.532899      1.76781   14.82809    0.01839    1
  -2   -2    2   2.725046   -31.892394    -1.995490      31.9548   14.95626    5.90538    1
  -2    2   -2   2.725046   -32.022056     1.137587      32.0423   14.95626    5.93776    1
   2   -2    2   2.725046   -32.017758    -1.194591        32.04   14.95626    5.93694    1
   2    2   -2   2.725046   -31.897792     1.937848      31.9566   14.95626    5.90606    1
  -1   -3    0   2.702700     0.355611    -3.008748      3.02969   15.08063    0.05220    1
   1    3    0   2.702700     0.351347     3.008033      3.02848   15.08063    0.05215    1
  -1    3    0   2.702700    -1.491904    -6.803718      6.96537   15.08063    0.27589    1
   1   -3    0   2.702700    -1.503352     6.798513      6.96275   15.08063    0.27568    1
  -2   -1   -2   2.658464   134.843620     2.927968      134.875   15.33306  100.00000    1
  -2    1    2   2.658464  -134.710352     1.572348       134.72   15.33306   99.76899    1
   2   -1   -2   2.658464  -134.707288    -1.824922       134.72   15.33306   99.76917    1
   2    1    2   2.658464   134.848448    -2.676253      134.875   15.33306   99.99940    1
  -1   -2   -2   2.637411     0.044701    -1.337551       1.3383   15.45620    0.00969    1
   1    2    2   2.637411     0.042083     1.338125      1.33879   15.45620    0.00969    1
  -1    2    2   2.637411     0.412139     2.012436       2.0542   15.45620    0.02282    1
   1   -2   -2   2.637411     0.412319    -2.009955      2.05181   15.45620    0.02277    1
   0   -3    3   2.635315     1.138318    -2.352706      2.61362   15.46857    0.03688    1
   0    3   -3   2.635315     1.132841     2.354326       2.6127   15.46857    0.03686    1
  -1   -1   -3   2.592192    16.490303    -3.484124      16.8544   15.72751    1.48264    1
   1    1    3   2.592192    16.484516     3.515951      16.8553   15.72751    1.48281    1
  -1    1    3   2.592192   -18.257045    -2.787795      18.4687   15.72751    1.78026    1
   1   -1   -3   2.592192   -18.260232     2.751236      18.4663   15.72751    1.77981    1
  -2   -2   -1   2.584584    -1.043917     2.736786      2.92912   15.77410    0.04451    1
   2    2    1   2.584584    -1.042552    -2.740791      2.93238   15.77410    0.04461    1
  -2    2    1   2.584584     0.429756    -0.036551     0.431307   15.77410    0.00097    1
   2   -2   -1   2.584584     0.430134     0.038374     0.431842   15.77410    0.00097    1
   0   -1    4   2.578465     0.487900     0.500207     0.698752   15.81178    0.00252    1
   0    1   -4   2.578465     0.487867    -0.502533     0.700395   15.81178    0.00253    1
   0   -3   -1   2.556269     0.219912     2.850210      2.85868   15.94996    0.04145    1
   0    3    1   2.556269     0.222219    -2.849678      2.85833   15.94996    0.04144    1
  -2    1   -3   2.537970     1.192261     2.930291      3.16356   16.06572    0.05001    1
   2   -1    3   2.537970     1.199199    -2.927023      3.16315   16.06572    0.05000    1
  -2   -1    3   2.537970     1.091261     0.650016      1.27019   16.06572    0.00806    1
   2    1   -3   2.537970     1.092826    -0.650204      1.27163   16.06572    0.00808    1
  -3    0    0   2.507820    -0.391042    -0.515831     0.647298   16.26017    0.00204    1
   3    0    0   2.507820    -0.392874     0.514823     0.647605   16.26017    0.00204    1
   0   -2    4   2.507021   -50.790209    -4.963418      51.0322   16.26539   12.68949    1
   0    2   -4   2.507021   -50.799797     4.860151      51.0318   16.26539   12.68929    1
  -1    3   -3   2.487147    19.896349     3.923791      20.2796   16.39624    1.97130    1
   1   -3    3   2.487147    19.900751    -3.879755      20.2754   16.39624    1.97050    1
  -1   -3    3   2.487147   -20.346787     4.420391      20.8214   16.39624    2.07805    1
   1    3   -3   2.487147   -20.339090    -4.460990      20.8226   16.39624    2.07828    1
  -2    0   -3   2.459689     2.943750     1.685679      3.39222   16.58056    0.05391    1
  -2    0    3   2.459689    -1.167301     7.014822      7.11128   16.58056    0.23692    1
   2    0   -3   2.459689    -1.156253    -7.019210      7.11381   16.58056    0.23708    1
   2    0    3   2.459689     2.943729    -1.676811      3.38781   16.58056    0.05377    1
  -1   -1    4   2.439189    -0.998232     0.218972      1.02197   16.72091    0.00481    1
  -1    1   -4   2.439189    -1.354709    -0.783944      1.56518   16.72091    0.01128    1
   1   -1    4   2.439189    -1.351105     0.778689      1.55944   16.72091    0.01120    1
   1    1   -4   2.439189    -0.993597    -0.221331      1.01795   16.72091    0.00477    1
   0    0   -4   2.438215    73.150419     3.091494      73.2157   16.72764   24.66340    1
   0    0    4   2.438215    73.157163    -2.938480      73.2162   16.72764   24.66370    1
  -3    0   -1   2.428809    30.449745     5.745652      30.9871   16.79288    4.38271    1
  -3    0    1   2.428809    30.576658    -3.810951      30.8132   16.79288    4.33367    1
   3    0   -1   2.428809    30.571980     3.875914      30.8167   16.79288    4.33464    1
   3    0    1   2.428809    30.459301    -5.680607      30.9845   16.79288    4.38198    1
  -1   -3   -1   2.420373   -27.396573     4.788324      27.8119   16.85183    3.50529    1
  -1    3    1   2.420373    27.397401     4.659707      27.7908   16.85183    3.49998    1
   1   -3   -1   2.420373    27.402955    -4.604689      27.7871   16.85183    3.49905    1
   1    3    1   2.420373   -27.390143    -4.843918      27.8152   16.85183    3.50612    1
  -2   -2    3   2.413280    -4.103340    -0.478856      4.13119   16.90173    0.07687    1
  -2    2   -3   2.413280     3.095329    -3.881271      4.96441   16.90173    0.11101    1
   2   -2    3   2.413280     3.090714     3.889321      4.96783   16.90173    0.11116    1
   2    2   -3   2.413280    -4.104697     0.467547      4.13124   16.90173    0.07688    1
  -3   -1    0   2.409451    -1.059552     0.361906      1.11965   16.92879    0.00563    1
   3    1    0   2.409451    -1.060430    -0.365450      1.12163   16.92879    0.00565    1
  -3    1    0   2.409451     0.955032    -3.276941      3.41327   16.92879    0.05231    1
   3   -1    0   2.409451     0.947172     3.278793      3.41286   16.92879    0.05229    1
  -3   -1    1   2.390439   -55.452548     1.778703      55.4811   17.06443   13.59546    1
  -3    1   -1   2.390439    56.435696     2.741684      56.5023   17.06443   14.10054    1
   3   -1    1   2.390439    56.439286    -2.619186         56.5   17.06443   14.09943    1
   3    1   -1   2.390439   -55.452572    -1.897435       55.485   17.06443   13.59739    1
  -1    2   -4   2.378444     0.263943     1.775426      1.79494   17.15113    0.01408    1
   1   -2    4   2.378444     0.264361    -1.776109      1.79568   17.15113    0.01409    1
  -1   -2    4   2.378444    -3.915128     2.106905      4.44604   17.15113    0.08640    1
   1    2   -4   2.378444    -3.907491    -2.117274      4.44425   17.15113    0.08634    1
  -2   -3    1   2.376057    -0.273677     2.152071       2.1694   17.16849    0.02053    1
  -2    3   -1   2.376057    -1.337459     3.767853      3.99819   17.16849    0.06973    1
   2   -3    1   2.376057    -1.333477    -3.772083      4.00085   17.16849    0.06982    1
   2    3   -1   2.376057    -0.273534    -2.153481      2.17078   17.16849    0.02056    1
  -2   -3    2   2.322568    -8.731405    -6.902835      11.1304   17.56698    0.51555    1
  -2    3   -2   2.322568     5.553760    -7.680603      9.47818   17.56698    0.37385    1
   2   -3    2   2.322568     5.539313     7.695321      9.48166   17.56698    0.37412    1
   2    3   -2   2.322568    -8.742337     6.879933      11.1248   17.56698    0.51503    1
  -1    0   -4   2.319451    -3.132574    -2.948970      4.30226   17.59077    0.07681    1
  -1    0    4   2.319451     2.149470     1.955525      2.90591   17.59077    0.03504    1
   1    0   -4   2.319451     2.153485    -1.949753        2.905   17.59077    0.03502    1
   1    0    4   2.319451    -3.137010     2.941218      4.30019   17.59077    0.07674    1
  -2   -3    0   2.294752    24.570805     0.151203      24.5713   17.78163    2.45056    1
  -2    3    0   2.294752   -23.602231    -0.806477       23.616   17.78163    2.26373    1
   2   -3    0   2.294752   -23.604547     0.747421      23.6164   17.78163    2.26380    1
   2    3    0   2.294752    24.569513    -0.091346      24.5697   17.78163    2.45025    1
  -3   -1   -1   2.290979    -3.134409     0.807278       3.2367   17.81115    0.04238    1
   3    1    1   2.290979    -3.138122    -0.815323      3.24231   17.81115    0.04252    1
  -3    1    1   2.290979     8.096768     0.868874      8.14326   17.81115    0.26824    1
   3   -1   -1   2.290979     8.090568    -0.849874      8.13508   17.81115    0.26770    1
   0   -4    1   2.285549     0.727723     3.879503      3.94717   17.85381    0.06271    1
   0    4   -1   2.285549     0.739202    -3.875482      3.94535   17.85381    0.06266    1
   0   -4    2   2.282629   -71.266743     0.731261      71.2705   17.87684   20.39227    1
   0    4   -2   2.282629   -71.264052    -0.897944      71.2697   17.87684   20.39182    1
   0   -2   -3   2.269296    -0.086748    -3.392203      3.39331   17.98274    0.04567    1
   0    2    3   2.269296    -0.092793     3.390164      3.39143   17.98274    0.04562    1
   0   -3    4   2.268651     0.669015     0.581997     0.886736   17.98789    0.00312    1
   0    3   -4   2.268651     0.669076    -0.577209     0.883648   17.98789    0.00310    1
  -2   -2   -2   2.254384    15.750174     0.712072      15.7663   18.10269    0.97251    1
   2    2    2   2.254384    15.748054    -0.676735      15.7626   18.10269    0.97206    1
  -2    2    2   2.254384    18.301913    -0.245059      18.3036   18.10269    1.31072    1
   2   -2   -2   2.254384    18.307815     0.285737        18.31   18.10269    1.31165    1
  -3   -1    2   2.242919     1.735973     2.492346      3.03733   18.19600    0.03571    1
  -3    1   -2   2.242919     3.104626     1.119354      3.30025   18.19600    0.04216    1
   3   -1    2   2.242919     3.105781    -1.111410      3.29865   18.19600    0.04212    1
   3    1   -2   2.242919     1.737848    -2.486009      3.03321   18.19600    0.03562    1
  -3    0   -2   2.230184     0.298989    -2.783729      2.79974   18.30079    0.02999    1
  -3    0    2   2.230184    -1.613910     3.306586      3.67943   18.30079    0.05179    1
   3    0   -2   2.230184    -1.613076    -3.309311      3.68151   18.30079    0.05185    1
   3    0    2   2.230184     0.291425     2.784638      2.79985   18.30079    0.02999    1
  -2   -1   -3   2.225948     0.083350    -1.375912      1.37843   18.33593    0.00724    1
   2    1    3   2.225948     0.086919     1.380513      1.38325   18.33593    0.00729    1
  -2    1    3   2.225948    -0.631659     6.663802      6.69367   18.33593    0.17074    1
   2   -1   -3   2.225948    -0.618489    -6.661888      6.69054   18.33593    0.17058    1
  -3   -2    1   2.198016    11.582113    -5.345643      12.7562   18.57098    0.60403    1
   3    2   -1   2.198016    11.579608     5.374667      12.7661   18.57098    0.60497    1
  -3    2   -1   2.198016     6.519543     5.135735      8.29941   18.57098    0.25569    1
   3   -2    1   2.198016     6.523464    -5.119238       8.2923   18.57098    0.25525    1
   0   -3   -2   2.193381     1.226520    -0.125758      1.23295   18.61058    0.00562    1
   0    3    2   2.193381     1.227143     0.129527      1.23396   18.61058    0.00563    1
  -1   -4    1   2.186865   -21.343455    -5.988073      22.1675   18.66652    1.80494    1
  -1    4   -1   2.186865   -23.724308     5.956354      24.4606   18.66652    2.19766    1
   1   -4    1   2.186865   -23.713951    -6.005283      24.4625   18.66652    2.19801    1
   1    4   -1   2.186865   -21.351267     5.946674      22.1639   18.66652    1.80435    1
  -1   -4    2   2.184306    -2.614099     4.531204      5.23119   18.68858    0.10027    1
  -1    4   -2   2.184306     0.865338    -4.309715      4.39573   18.68858    0.07080    1
   1   -4    2   2.184306     0.861188     4.309884      4.39508   18.68858    0.07078    1
   1    4   -2   2.184306    -2.605591    -4.538423       5.2332   18.68858    0.10035    1
  -1   -2   -3   2.172614   -12.173335     0.837629      12.2021   18.79006    0.53950    1
   1    2    3   2.172614   -12.170379    -0.867497      12.2013   18.79006    0.53943    1
  -1    2    3   2.172614    -8.303558    -0.695776      8.33266   18.79006    0.25159    1
   1   -2   -3   2.172614    -8.309811     0.670905      8.33685   18.79006    0.25184    1
  -1   -3    4   2.172049    -3.321346    -2.208029      3.98832   18.79500    0.05761    1
  -1    3   -4   2.172049    -5.156055    -5.641650      7.64285   18.79500    0.21154    1
   1   -3    4   2.172049    -5.167382     5.625220      7.63839   18.79500    0.21130    1
   1    3   -4   2.172049    -3.326091     2.198681      3.98711   18.79500    0.05757    1
   0   -4    0   2.172014     5.117819     4.274479      6.66808   18.79531    0.16102    1
   0    4    0   2.172014     5.126131    -4.252084      6.66014   18.79531    0.16064    1
  -3   -2    0   2.171880     1.133463    -1.806645      2.13277   18.79647    0.01647    1
   3    2    0   2.171880     1.133650     1.805810      2.13216   18.79647    0.01646    1
  -3    2    0   2.171880    -0.096935    -4.805568      4.80655   18.79647    0.08365    1
   3   -2    0   2.171880    -0.108990     4.806934      4.80817   18.79647    0.08371    1
   0   -1   -4   2.169257    -0.716628    -0.180597     0.739033   18.81941    0.00197    1
   0    1    4   2.169257    -0.717180     0.184368     0.740499   18.81941    0.00198    1
   0   -4    3   2.164519    -1.392586    -1.174143      1.82151   18.86098    0.01193    1
   0    4   -3   2.164519    -1.389478     1.169577      1.81619   18.86098    0.01186    1
  -2    3   -3   2.158367    -1.599826    -0.714915       1.7523   18.91523    0.01097    1
   2   -3    3   2.158367    -1.602100     0.712790      1.75351   18.91523    0.01099    1
  -2   -3    3   2.158367    -2.500677    -2.465805      3.51192   18.91523    0.04408    1
   2    3   -3   2.158367    -2.511739     2.458343      3.51458   18.91523    0.04415    1
  -2    1   -4   2.126800   -12.058256    -1.880598       12.204   19.19862    0.51626    1
   2   -1    4   2.126800   -12.060518     1.859960      12.2031   19.19862    0.51619    1
  -2   -1    4   2.126800     9.147190    -1.740989       9.3114   19.19862    0.30054    1
   2    1   -4   2.126800     9.149992     1.761682      9.31804   19.19862    0.30096    1
  -3   -2    2   2.117619    -0.583776     1.936781      2.02285   19.28264    0.01406    1
  -3    2   -2   2.117619     0.449922    -4.073154      4.09793   19.28264    0.05769    1
   3   -2    2   2.117619     0.438132     4.073965      4.09746   19.28264    0.05767    1
   3    2   -2   2.117619    -0.576134    -1.936030      2.01994   19.28264    0.01402    1
  -2   -3   -1   2.114293    -0.817132    -1.277333      1.51634   19.31327    0.00787    1
  -2    3    1   2.114293    -0.988665    -5.109366      5.20414   19.31327    0.09273    1
   2   -3   -1   2.114293    -0.996459     5.108140      5.20442   19.31327    0.09274    1
   2    3    1   2.114293    -0.824512     1.275075      1.51843   19.31327    0.00789    1
  -1   -3   -2   2.105718    -0.866457     1.723136      1.92872   19.39268    0.01263    1
   1    3    2   2.105718    -0.867170    -1.719802      1.92606   19.39268    0.01259    1
  -1    3    2   2.105718     0.007142    -5.539959      5.53996   19.39268    0.10420    1
   1   -3   -2   2.105718    -0.004110     5.544924      5.54493   19.39268    0.10439    1
  -1   -4    0   2.086790     1.590199     0.524173      1.67436   19.57030    0.00934    1
  -1    4    0   2.086790     1.658697    -3.257486      3.65547   19.57030    0.04452    1
   1   -4    0   2.086790     1.652699     3.260664      3.65559   19.57030    0.04452    1
   1    4    0   2.086790     1.589015    -0.517934      1.67129   19.57030    0.00931    1
  -2   -2    4   2.086172    11.565248     3.277811      12.0208   19.57616    0.48114    1
  -2    2   -4   2.086172    14.133945    -3.942684      14.6736   19.57616    0.71693    1
   2   -2    4   2.086172    14.127003     3.975295      14.6757   19.57616    0.71714    1
   2    2   -4   2.086172    11.567151    -3.247588      12.0144   19.57616    0.48063    1
  -3   -1   -2   2.085917    -1.265857     3.514285      3.73532   19.57857    0.04645    1
   3    1    2   2.085917    -1.264075    -3.514696       3.7351   19.57857    0.04644    1
  -3    1    2   2.085917    -0.985983    -1.205234      1.55716   19.57857    0.00807    1
   3   -1   -2   2.085917    -0.988551     1.203814      1.55769   19.57857    0.00808    1
  -1   -1   -4   2.084345     0.185927     1.155377      1.17024   19.59348    0.00455    1
   1    1    4   2.084345     0.186146    -1.156370      1.17126   19.59348    0.00456    1
  -1    1    4   2.084345    -0.948217     4.798897      4.89168   19.59348    0.07953    1
   1   -1   -4   2.084345    -0.947152    -4.800864       4.8934   19.59348    0.07959    1
  -1   -4    3   2.080141    26.574121     0.027623      26.5741   19.63347    2.33724    1
  -1    4   -3   2.080141    26.007929     0.420357      26.0113   19.63347    2.23929    1
   1   -4    3   2.080141    26.008521    -0.357574       26.011   19.63347    2.23923    1
   1    4   -3   2.080141    26.572243     0.036439      26.5723   19.63347    2.33692    1
   0   -1    5   2.052964    -3.508240    -5.539540        6.557   19.89600    0.13844    1
   0    1   -5   2.052964    -3.516427     5.527840      6.55151   19.89600    0.13821    1
  -3   -2   -1   2.049653    55.230515     0.868847      55.2373   19.92848    9.79188    1
  -3    2    1   2.049653    54.572839    -0.307086      54.5737   19.92848    9.55800    1
   3   -2   -1   2.049653    54.569358     0.452230      54.5712   19.92848    9.55714    1
   3    2    1   2.049653    55.234429    -0.720765      55.2391   19.92848    9.79251    1
   0   -2    5   2.048942    -1.366418    -1.850730       2.3005   19.93546    0.01697    1
   0    2   -5   2.048942    -1.377525     1.847361      2.30441   19.93546    0.01703    1
  -2    0   -4   2.046021   -51.013423    -1.144271      51.0263   19.96421    8.32490    1
  -2    0    4   2.046021   -51.780590     0.470181      51.7827   19.96421    8.57357    1
   2    0   -4   2.046021   -51.777835    -0.612220      51.7815   19.96421    8.57315    1
   2    0    4   2.046021   -51.016435     1.003607      51.0263   19.96421    8.32492    1
  -3   -1    3   2.026170   -14.843593    -1.541097      14.9234   20.16184    0.69771    1
  -3    1   -3   2.026170    13.618082    -2.808254      13.9046   20.16184    0.60570    1
   3   -1    3   2.026170    13.607813     2.849246      13.9029   20.16184    0.60556    1
   3    1   -3   2.026170   -14.852942     1.495224       14.928   20.16184    0.69815    1
   0   -4   -1   1.986016     0.310984    -1.472539      1.50502   20.57387    0.00681    1
   0    4    1   1.986016     0.312936     1.471680      1.50458   20.57387    0.00680    1
  -3    0   -3   1.985664    -1.041400     4.169600      4.29768   20.57755    0.05547    1
  -3    0    3   1.985664     0.895692    -3.400299      3.51629   20.57755    0.03713    1
   3    0   -3   1.985664     0.890623     3.410117       3.5245   20.57755    0.03731    1
   3    0    3   1.985664    -1.033899    -4.163681      4.29013   20.57755    0.05528    1
  -1    1   -5   1.980551   -27.643838     1.588604      27.6894   20.63126    2.29021    1
   1   -1    5   1.980551   -27.640243    -1.660497      27.6901   20.63126    2.29031    1
  -1   -1    5   1.980551    28.497627     2.466511      28.6042   20.63126    2.44402    1
   1    1   -5   1.980551    28.502969    -2.389258      28.6029   20.63126    2.44381    1
  -1   -2    5   1.976939     7.068955     3.040761      7.69522   20.66937    0.17621    1
  -1    2   -5   1.976939     7.228695    -3.230457      7.91769   20.66937    0.18654    1
   1   -2    5   1.976939     7.221012     3.257383      7.92171   20.66937    0.18673    1
   1    2   -5   1.976939     7.075374    -3.024723      7.69479   20.66937    0.17619    1
   0   -4    4   1.976486    28.184460     6.324320      28.8853   20.67415    2.48159    1
   0    4   -4   1.976486    28.198228    -6.247006      28.8819   20.67415    2.48101    1
  -3   -2    3   1.961007    36.135972    -1.059652      36.1515   20.83917    3.82360    1
  -3    2   -3   1.961007    36.643904     0.920321      36.6555   20.83917    3.93094    1
   3   -2    3   1.961007    36.643670    -0.833943      36.6532   20.83917    3.93045    1
   3    2   -3   1.961007    36.135217     1.149657      36.1535   20.83917    3.82402    1
  -2   -4    1   1.953281     0.144265    -1.682359      1.68853   20.92252    0.00827    1
  -2    4   -1   1.953281    -1.268161     0.897736      1.55376   20.92252    0.00700    1
   2   -4    1   1.953281    -1.265648    -0.899579      1.55277   20.92252    0.00700    1
   2    4   -1   1.953281     0.138379     1.681859      1.68754   20.92252    0.00826    1
  -2   -4    2   1.951457   -24.809408    -0.625064      24.8173   20.94230    1.78353    1
  -2    4   -2   1.951457   -25.122527     0.518072      25.1279   20.94230    1.82846    1
   2   -4    2   1.951457   -25.121233    -0.596497      25.1283   20.94230    1.82852    1
   2    4   -2   1.951457   -24.813288     0.551733      24.8194   20.94230    1.78384    1
   0    0   -5   1.950572    -0.419966     2.363427      2.40045   20.95191    0.01667    1
   0    0    5   1.950572    -0.416348    -2.367095      2.40343   20.95191    0.01671    1
  -2   -2   -3   1.943106     0.961520     1.306259      1.62198   21.03332    0.00755    1
   2    2    3   1.943106     0.962614    -1.302215      1.61938   21.03332    0.00753    1
  -2    2    3   1.943106    -0.902277     0.495860      1.02955   21.03332    0.00304    1
   2   -2   -3   1.943106    -0.897407    -0.495383      1.02506   21.03332    0.00302    1
  -2   -3    4   1.942701    71.390126    -2.753064      71.4432   21.03775   14.64190    1
  -2    3   -4   1.942701   -70.020390    -4.571220      70.1694   21.03775   14.12446    1
   2   -3    4   1.942701   -70.030808     4.378311      70.1675   21.03775   14.12369    1
   2    3   -4   1.942701    71.382299     2.946371      71.4431   21.03775   14.64185    1
  -3   -3    1   1.940877   -43.836592    -1.398765      43.8589   21.05775    5.50725    1
  -3    3   -1   1.940877    40.703984    -0.771347      40.7113   21.05775    4.74514    1
   3   -3    1   1.940877    40.701873     0.885909      40.7115   21.05775    4.74519    1
   3    3   -1   1.940877   -43.840531     1.276683      43.8591   21.05775    5.50730    1
   0   -3    5   1.940273     4.315580     1.671240      4.62788   21.06438    0.06128    1
   0    3   -5   1.940273     4.321779    -1.657647      4.62878   21.06438    0.06130    1
  -1   -4   -1   1.920238    76.047347     2.009553      76.0739   21.28671   16.20100    1
  -1    4    1   1.920238    73.389825    -1.243215      73.4004   21.28671   15.08227    1
   1   -4   -1   1.920238    73.385198     1.442459      73.3994   21.28671   15.08187    1
   1    4    1   1.920238    76.051914    -1.804363      76.0733   21.28671   16.20075    1
  -1   -4    4   1.911620     0.960876    -0.595929      1.13067   21.38380    0.00355    1
  -1    4   -4   1.911620    -1.802380     0.342245      1.83459   21.38380    0.00933    1
   1   -4    4   1.911620    -1.799221    -0.349253      1.83281   21.38380    0.00932    1
   1    4   -4   1.911620     0.956989     0.598911      1.12895   21.38380    0.00353    1
  -3   -3    2   1.911394    -1.854163     0.935162      2.07664   21.38636    0.01196    1
  -3    3   -2   1.911394     1.840757     2.105603      2.79678   21.38636    0.02169    1
   3   -3    2   1.911394     1.848610    -2.099925      2.79769   21.38636    0.02170    1
   3    3   -2   1.911394    -1.844856    -0.942453      2.07164   21.38636    0.01190    1
  -3   -3    0   1.895800     1.859424     0.899314      2.06548   21.56437    0.01163    1
  -3    3    0   1.895800     2.670430    -1.679250      3.15453   21.56437    0.02712    1
   3   -3    0   1.895800     2.668663     1.681171      3.15406   21.56437    0.02711    1
   3    3    0   1.895800     1.859960    -0.897293      2.06509   21.56437    0.01162    1
  -2   -3   -2   1.894807    14.955488     1.131931      14.9983   21.57581    0.61232    1
  -2    3    2   1.894807   -15.344253     0.300143      15.3472   21.57581    0.64115    1
   2   -3   -2   1.894807   -15.346533    -0.337767      15.3502   21.57581    0.64140    1
   2    3    2   1.894807    14.956608    -1.095880      14.9967   21.57581    0.61220    1
  -1    0   -5   1.888145    -9.711964    -2.471436      10.0215   21.65286    0.27136    1
  -1    0    5   1.888145   -12.767224     2.713731      13.0524   21.65286    0.46032    1
   1    0   -5   1.888145   -12.764448    -2.748962      13.0571   21.65286    0.46065    1
   1    0    5   1.888145    -9.718228     2.442051      10.0204   21.65286    0.27130    1
  -2   -4    0   1.880981    -7.288947    -1.473069      7.43631   21.73633    0.14822    1
  -2    4    0   1.880981   -11.159447     2.317102      11.3975   21.73633    0.34820    1
   2   -4    0   1.880981   -11.148675    -2.340786      11.3918   21.73633    0.34785    1
   2    4    0   1.880981    -7.294059     1.459207      7.43859   21.73633    0.14832    1
  -4    0    0   1.880865   -57.962945    -0.099872       57.963   21.73768    9.00434    1
   4    0    0   1.880865   -57.963791    -0.050859      57.9638   21.73768    9.00459    1
  -2   -1   -4   1.879189     5.184727    -3.101561      6.04161   21.75730    0.09764    1
   2    1    4   1.879189     5.181728     3.109160      6.04294   21.75730    0.09769    1
  -2    1    4   1.879189    -4.304254    -2.976507      5.23318   21.75730    0.07326    1
   2   -1   -4   1.879189    -4.305510     2.962098      5.22603   21.75730    0.07306    1
  -1   -3    5   1.878799   -54.929984     2.909578       55.007   21.76187    8.09060    1
  -1    3   -5   1.878799    57.301354     3.929447      57.4359   21.76187    8.82089    1
   1   -3    5   1.878799    57.312558    -3.777795      57.4369   21.76187    8.82120    1
   1    3   -5   1.878799   -54.923307    -3.055932      55.0083   21.76187    8.09098    1
   0   -2   -4   1.878772   -84.396448    -1.307008      84.4066   21.76219   19.04955    1
   0    2    4   1.878772   -84.400752     1.078409      84.4076   21.76219   19.05003    1
   0   -3   -3   1.877413     1.169604    -3.498489      3.68882   21.77814    0.03633    1
   0    3    3   1.877413     1.165279     3.504928      3.69356   21.77814    0.03642    1
  -2   -4    3   1.876107     3.146143    -0.189767      3.15186   21.79349    0.02648    1
  -2    4   -3   1.876107    -4.225326     2.852344      5.09796   21.79349    0.06928    1
   2   -4    3   1.876107    -4.215534    -2.866901      5.09802   21.79349    0.06928    1
   2    4   -3   1.876107     3.147228     0.200106      3.15358   21.79349    0.02651    1
  -3   -2   -2   1.872847    -0.551230     0.254004     0.606937   21.83188    0.00098    1
   3    2    2   1.872847    -0.552402    -0.257316     0.609393   21.83188    0.00099    1
  -3    2    2   1.872847     1.250135    -0.317974      1.28994   21.83188    0.00442    1
   3   -2   -2   1.872847     1.250998     0.318396      1.29088   21.83188    0.00443    1
  -3   -1   -3   1.856447     2.444762     0.825779      2.58046   22.02714    0.01736    1
  -3    1    3   1.856447    -4.463172     2.062803      4.91681   22.02714    0.06303    1
   3   -1   -3   1.856447    -4.462143    -2.071249      4.91943   22.02714    0.06310    1
   3    1    3   1.856447     2.445189    -0.820001      2.57902   22.02714    0.01734    1
  -4    0   -1   1.846835     0.821039    -0.632913      1.03667   22.14324    0.00277    1
  -4    0    1   1.846835    -1.219383     3.634148      3.83327   22.14324    0.03789    1
   4    0   -1   1.846835    -1.205829    -3.635207      3.82998   22.14324    0.03783    1
   4    0    1   1.846835     0.815821     0.630571      1.03111   22.14324    0.00274    1
   0   -5    2   1.839179    -1.875898    -0.582442      1.96424   22.23659    0.00986    1
   0    5   -2   1.839179    -1.877236     0.579217      1.96456   22.23659    0.00987    1
  -4   -1    0   1.838281   -16.468761     0.130589      16.4693   22.24759    0.69269    1
  -4    1    0   1.838281    20.446294     0.239774      20.4477   22.24759    1.06777    1
   4   -1    0   1.838281    20.454761    -0.182642      20.4556   22.24759    1.06860    1
   4    1    0   1.838281   -16.462911    -0.173649      16.4638   22.24759    0.69223    1
  -4   -1    1   1.829795     0.526452     2.943705      2.99041   22.35208    0.02262    1
  -4    1   -1   1.829795    -0.192230    -2.615416      2.62247   22.35208    0.01739    1
   4   -1    1   1.829795    -0.195776     2.612379       2.6197   22.35208    0.01736    1
   4    1   -1   1.829795     0.536139    -2.941634      2.99009   22.35208    0.02261    1
  -1   -2   -4   1.822796     2.460109    -4.916638      5.49777   22.43902    0.07582    1
  -1    2    4   1.822796    -2.363703     0.467830      2.40955   22.43902    0.01456    1
   1   -2   -4   1.822796    -2.362473    -0.473491      2.40945   22.43902    0.01456    1
   1    2    4   1.822796     2.450477     4.922656      5.49885   22.43902    0.07585    1
  -1   -3   -3   1.821554   -42.526327    -0.695235       42.532   22.45452    4.53151    1
  -1    3    3   1.821554    42.396922    -0.477833      42.3996   22.45452    4.50335    1
   1   -3   -3   1.821554    42.393332     0.606738      42.3977   22.45452    4.50293    1
   1    3    3   1.821554   -42.528976     0.564816      42.5327   22.45452    4.53167    1
   0   -5    1   1.816967    -1.861971    -2.815372      3.37539   22.51195    0.02839    1
   0    5   -1   1.816967    -1.870542     2.805252       3.3717   22.51195    0.02833    1
  -3   -3    3   1.816697    19.813457     4.236980      20.2614   22.51533    1.02259    1
  -3    3   -3   1.816697   -22.979097     4.041848      23.3319   22.51533    1.35600    1
   3   -3    3   1.816697   -22.969211    -4.104738      23.3331   22.51533    1.35615    1
   3    3   -3   1.816697    19.821926    -4.187499      20.2594   22.51533    1.02239    1
  -2   -1    5   1.802064    -2.123837    -1.986683      2.90819   22.70058    0.02071    1
  -2    1   -5   1.802064     0.047302    -4.212238       4.2125   22.70058    0.04345    1
   2   -1    5   1.802064     0.041255     4.210382      4.21058   22.70058    0.04341    1
   2    1   -5   1.802064    -2.128381     1.979602      2.90669   22.70058    0.02069    1
  -2   -2    5   1.799342     0.083123    -2.399172      2.40061   22.73538    0.01407    1
  -2    2   -5   1.799342     0.110484     2.356911       2.3595   22.73538    0.01359    1
   2   -2    5   1.799342     0.115601    -2.357795      2.36063   22.73538    0.01360    1
   2    2   -5   1.799342     0.083823     2.398173      2.39964   22.73538    0.01406    1
   0   -5    3   1.797832     0.458308    -1.069839      1.16387   22.75473    0.00330    1
   0    5   -3   1.797832     0.457522     1.071515      1.16511   22.75473    0.00331    1
  -3   -1    4   1.797753    -1.490468     0.368961      1.53546   22.75575    0.00574    1
  -3    1   -4   1.797753    -1.321033     0.519182      1.41939   22.75575    0.00491    1
   3   -1    4   1.797753    -1.321877    -0.521879      1.42117   22.75575    0.00492    1
   3    1   -4   1.797753    -1.495144    -0.376392      1.54179   22.75575    0.00579    1
  -3   -3   -1   1.790180    -0.271962     4.774194      4.78193   22.85330    0.05522    1
   3    3    1   1.790180    -0.265264    -4.773578      4.78094   22.85330    0.05519    1
  -3    3    1   1.790180     0.945204     5.532156      5.61232   22.85330    0.07606    1
   3   -3   -1   1.790180     0.955786    -5.526376      5.60842   22.85330    0.07595    1
  -1   -5    2   1.786570     0.837835     0.884116      1.21804   22.90010    0.00357    1
  -1    5   -2   1.786570    -0.978125     5.531832      5.61764   22.90010    0.07588    1
   1   -5    2   1.786570    -0.967394    -5.536312       5.6202   22.90010    0.07595    1
   1    5   -2   1.786570     0.842148    -0.885415      1.22195   22.90010    0.00359    1
  -4   -1   -1   1.784017     0.401459     0.263740     0.480342   22.93332    0.00055    1
   4    1    1   1.784017     0.400772    -0.263567     0.479672   22.93332    0.00055    1
  -4    1    1   1.784017    -1.539527    -3.323366      3.66264   22.93332    0.03216    1
   4   -1   -1   1.784017    -1.543311     3.321418      3.66246   22.93332    0.03215    1
   0   -1   -5   1.782050    -3.369432    -2.518943      4.20692   22.95897    0.04233    1
   0    1    5   1.782050    -3.371827     2.504020      4.19992   22.95897    0.04219    1
   0   -4   -2   1.778576     5.150903     0.301660      5.15973   23.00443    0.06341    1
   0    4    2   1.778576     5.151611    -0.296995      5.16017   23.00443    0.06342    1
  -3    2   -4   1.773014    -0.898530     0.428110     0.995306   23.07759    0.00234    1
   3   -2    4   1.773014    -0.891778    -0.427233     0.988835   23.07759    0.00231    1
  -3   -2    4   1.773014     0.452788    -2.512124       2.5526   23.07759    0.01542    1
   3    2   -4   1.773014     0.444089     2.511710      2.55067   23.07759    0.01539    1
   0   -4    5   1.769002    -0.034036    -0.316271     0.318097   23.13065    0.00024    1
   0    4   -5   1.769002    -0.027868     0.320013     0.321225   23.13065    0.00024    1
  -1   -5    1   1.766190    38.772546     2.021045      38.8252   23.16799    3.53740    1
  -1    5   -1   1.766190   -40.785143     1.792956      40.8245   23.16799    3.91111    1
   1   -5    1   1.766190   -40.783048    -1.903215      40.8274   23.16799    3.91167    1
   1    5   -1   1.766190    38.777472    -1.916342      38.8248   23.16799    3.53733    1
  -4   -1    2   1.761040   -67.181147    -0.916256      67.1874   23.23669   10.52800    1
  -4    1   -2   1.761040    64.401251    -0.793149      64.4061   23.23669    9.67441    1
   4   -1    2   1.761040    64.402977     0.983696      64.4105   23.23669    9.67572    1
   4    1   -2   1.761040   -67.179792     0.717874      67.1836   23.23669   10.52682    1
  -2   -4   -1   1.756275     0.110370    -0.317914     0.336528   23.30061    0.00026    1
  -2    4    1   1.756275    -0.360990    -0.349503      0.50246   23.30061    0.00059    1
   2   -4   -1   1.756275    -0.360767     0.346481     0.500202   23.30061    0.00058    1
   2    4    1   1.756275     0.109840     0.321297     0.339554   23.30061    0.00027    1
  -4    0   -2   1.754855    -3.184585     2.771689      4.22183   23.31972    0.04126    1
   4    0    2   1.754855    -3.182788    -2.775674      4.22309   23.31972    0.04129    1
  -4    0    2   1.754855    -1.039657    -3.938851      4.07375   23.31972    0.03842    1
   4    0   -2   1.754855    -1.045421     3.935523      4.07201   23.31972    0.03838    1
  -2    4   -4   1.749675    -2.888378     0.833510      3.00624   23.38975    0.02079    1
   2   -4    4   1.749675    -2.881723    -0.840671      3.00184   23.38975    0.02073    1
  -2   -4    4   1.749675    -2.788327     0.323361      2.80701   23.38975    0.01813    1
   2    4   -4   1.749675    -2.794527    -0.336009      2.81466   23.38975    0.01822    1
  -1   -5    3   1.748600    -5.969629     0.005119      5.96963   23.40433    0.08187    1
  -1    5   -3   1.748600     5.101227    -1.065815      5.21138   23.40433    0.06239    1
   1   -5    3   1.748600     5.100350     1.070488      5.21148   23.40433    0.06240    1
   1    5   -3   1.748600    -5.971419    -0.012073      5.97143   23.40433    0.08192    1
  -3    0   -4   1.748168    -0.920081     1.634563      1.87573   23.41019    0.00808    1
  -3    0    4   1.748168    -0.133877    -1.396301       1.4027   23.41019    0.00452    1
   3    0   -4   1.748168    -0.136197     1.392395      1.39904   23.41019    0.00449    1
   3    0    4   1.748168    -0.918044    -1.633103      1.87345   23.41019    0.00806    1
  -4   -2    1   1.739053     0.191670     2.851383      2.85782   23.53464    0.01855    1
  -4    2   -1   1.739053    -0.288861    -4.040437      4.05075   23.53464    0.03726    1
   4   -2    1   1.739053    -0.299242     4.038607      4.04968   23.53464    0.03724    1
   4    2   -1   1.739053     0.201889    -2.849898      2.85704   23.53464    0.01854    1
   0   -5    0   1.737611    -0.780771     0.048398     0.782269   23.55445    0.00139    1
   0    5    0   1.737611    -0.780154    -0.052395     0.781911   23.55445    0.00139    1
  -1   -1   -5   1.734069   -29.715336    -4.588755      30.0676   23.60326    2.04056    1
   1    1    5   1.734069   -29.726592     4.505220       30.066   23.60326    2.04035    1
  -1    1    5   1.734069    31.220199    -3.027616      31.3667   23.60326    2.22069    1
   1   -1   -5   1.734069    31.214098     3.114410      31.3691   23.60326    2.22104    1
  -2    0   -5   1.731620     0.263991     0.223991     0.346213   23.63711    0.00027    1
  -2    0    5   1.731620    -1.460916    -1.085195      1.81987   23.63711    0.00745    1
   2    0   -5   1.731620    -1.463590     1.081173      1.81962   23.63711    0.00745    1
   2    0    5   1.731620     0.266071    -0.221582     0.346255   23.63711    0.00027    1
  -1   -4   -2   1.730867    -1.688793     0.759396      1.85168   23.64755    0.00771    1
  -1    4    2   1.730867     0.825196    -5.241835      5.30639   23.64755    0.06331    1
   1   -4   -2   1.730867     0.816273     5.240759      5.30395   23.64755    0.06325    1
   1    4    2   1.730867    -1.683977    -0.763109      1.84881   23.64755    0.00768    1
  -4   -2    0   1.726022    16.744491    -1.042820      16.7769   23.71489    0.62905    1
   4    2    0   1.726022    16.743565     1.085953      16.7787   23.71489    0.62919    1
  -4    2    0   1.726022    16.509837     1.702416      16.5974   23.71489    0.61566    1
   4   -2    0   1.726022    16.511263    -1.659358      16.5944   23.71489    0.61544    1
  -2   -3    5   1.724403    -1.070371    -2.776496      2.97567   23.73748    0.01975    1
  -2    3   -5   1.724403    -4.495895    -0.999459      4.60565   23.73748    0.04731    1
   2   -3    5   1.724403    -4.503540     0.983255      4.60963   23.73748    0.04739    1
   2    3   -5   1.724403    -1.078635     2.771853      2.97433   23.73748    0.01973    1
  -1   -4    5   1.722040    29.887486    -1.479324      29.9241   23.77054    1.99147    1
  -1    4   -5   1.722040    28.865523     1.592440      28.9094   23.77054    1.85870    1
   1   -4    5   1.722040    28.870759    -1.506905      28.9101   23.77054    1.85879    1
   1    4   -5   1.722040    29.888008     1.573552      29.9294   23.77054    1.99218    1
   0   -2    6   1.719238    67.367949    -3.492384      67.4584   23.80984   10.08559    1
   0    2   -6   1.719238    67.355993     3.695605      67.4573   23.80984   10.08525    1
   0   -5    4   1.704571     0.057270     0.021866    0.0613026   24.01775    0.00001    1
   0    5   -4   1.704571     0.056677    -0.024328    0.0616774   24.01775    0.00001    1
   0   -1    6   1.702143     0.303750    -0.587171     0.661085   24.05252    0.00095    1
   0    1   -6   1.702143     0.299585     0.588924     0.660744   24.05252    0.00095    1
  -4   -2    2   1.698409   -37.724296    -2.239406      37.7907   24.10619    3.08419    1
  -4    2   -2   1.698409   -36.941486     0.794174        36.95   24.10619    2.94850    1
   4   -2    2   1.698409   -36.942682    -0.911643      36.9539   24.10619    2.94912    1
   4    2   -2   1.698409   -37.722939     2.122114      37.7826   24.10619    3.08287    1
  -1   -5    0   1.693043    -1.582268     5.519247      5.74157   24.18376    0.07071    1
  -1    5    0   1.693043     1.881481     2.955124      3.50325   24.18376    0.02633    1
   1   -5    0   1.693043     1.889564    -2.951083      3.50419   24.18376    0.02634    1
   1    5    0   1.693043    -1.574912    -5.526837      5.74685   24.18376    0.07084    1
  -3   -4    1   1.689253   -20.434316     0.645413      20.4445   24.23884    0.89233    1
  -3    4   -1   1.689253   -19.664208    -2.214604      19.7885   24.23884    0.83599    1
   3   -4    1   1.689253   -19.672645     2.154137      19.7902   24.23884    0.83613    1
   3    4   -1   1.689253   -20.429074    -0.704941      20.4412   24.23884    0.89205    1
  -3   -4    2   1.688073     0.384692    -2.091310       2.1264   24.25604    0.00964    1
  -3    4   -2   1.688073     3.078069     4.961079      5.83839   24.25604    0.07266    1
   3   -4    2   1.688073     3.090278    -4.948445      5.83412   24.25604    0.07256    1
   3    4   -2   1.688073     0.383161     2.091581      2.12639   24.25604    0.00964    1
  -3   -2   -3   1.682659   -11.477494    -0.243062      11.4801   24.33528    0.27903    1
  -3    2    3   1.682659   -14.231411    -1.443678      14.3044   24.33528    0.43321    1
   3   -2   -3   1.682659   -14.233818     1.407002      14.3032   24.33528    0.43313    1
   3    2    3   1.682659   -11.476402     0.209351      11.4783   24.33528    0.27894    1
  -3   -3    4   1.682396     1.988277    -5.043732      5.42148   24.33914    0.06221    1
  -3    3   -4   1.682396     1.503272    -1.187973      1.91601   24.33914    0.00777    1
   3   -3    4   1.682396     1.503219     1.192853        1.919   24.33914    0.00779    1
   3    3   -4   1.682396     1.980307     5.051302      5.42561   24.33914    0.06230    1
  -4   -1   -2   1.681922   -11.937158    -0.249703      11.9398   24.34610    0.30154    1
   4    1    2   1.681922   -11.934735     0.215460      11.9367   24.34610    0.30138    1
  -4    1    2   1.681922    11.446007    -0.350149      11.4514   24.34610    0.27737    1
   4   -1   -2   1.681922    11.445547     0.385949      11.4521   24.34610    0.27741    1
  -2   -2   -4   1.680799    -4.169072    -0.055777      4.16944   24.36261    0.03672    1
   2    2    4   1.680799    -4.169961     0.043560      4.17019   24.36261    0.03673    1
  -2    2    4   1.680799    -2.428870     0.815096      2.56199   24.36261    0.01386    1
   2   -2   -4   1.680799    -2.426539    -0.819177      2.56108   24.36261    0.01385    1
  -2   -3   -3   1.679825     0.720357     3.024383      3.10899   24.37695    0.02039    1
  -2    3    3   1.679825    -0.177743     2.582830      2.58894   24.37695    0.01414    1
   2   -3   -3   1.679825    -0.173037    -2.579414      2.58521   24.37695    0.01410    1
   2    3    3   1.679825     0.723812    -3.017936      3.10352   24.37695    0.02032    1
  -1   -2    6   1.676034     2.789152    -5.559901      6.22028   24.43295    0.08123    1
  -1    2   -6   1.676034    -3.269063     2.902251      4.37148   24.43295    0.04012    1
   1   -2    6   1.676034    -3.260228    -2.914624      4.37311   24.43295    0.04015    1
   1    2   -6   1.676034     2.779394     5.573255      6.22786   24.43295    0.08143    1
   0   -3    6   1.671347    -0.163735    -0.304023      0.34531   24.50252    0.00025    1
   0    3   -6   1.671347    -0.166440     0.301076     0.344019   24.50252    0.00025    1
  -4   -2   -1   1.662737    -0.717157    -2.811455      2.90148   24.63140    0.01738    1
  -4    2    1   1.662737    -0.341137     0.731810     0.807416   24.63140    0.00135    1
   4   -2   -1   1.662737    -0.340506    -0.733077     0.808298   24.63140    0.00135    1
   4    2    1   1.662737    -0.720233     2.808334      2.89922   24.63140    0.01735    1
  -1   -5    4   1.662436    -4.456042     2.718049      5.21959   24.63591    0.05621    1
  -1    5   -4   1.662436    -0.480354     2.393558      2.44128   24.63591    0.01230    1
   1   -5    4   1.662436    -0.475416    -2.392701      2.43948   24.63591    0.01228    1
   1    5   -4   1.662436    -4.449943    -2.728750      5.21997   24.63591    0.05622    1
  -1   -1    6   1.660183    -2.246445     0.175445      2.25329   24.66987    0.01045    1
  -1    1   -6   1.660183    -3.795199    -1.086882      3.94776   24.66987    0.03206    1
   1   -1    6   1.660183    -3.804333     1.073197      3.95281   24.66987    0.03215    1
   1    1   -6   1.660183    -2.247981    -0.181220      2.25527   24.66987    0.01046    1
  -2   -5    2   1.652270    27.807050    -1.035813      27.8263   24.78990    1.57684    1
  -2    5   -2   1.652270   -25.966232    -2.419679      26.0787   24.78990    1.38499    1
   2   -5    2   1.652270   -25.968664     2.338233      26.0737   24.78990    1.38446    1
   2    5   -2   1.652270    27.808497     1.124566      27.8312   24.78990    1.57739    1
  -3   -3   -2   1.651001    -0.708243    -0.418603       0.8227   24.80926    0.00138    1
  -3    3    2   1.651001     0.371929     1.004333      1.07099   24.80926    0.00233    1
   3   -3   -2   1.651001     0.377019    -1.002403      1.07096   24.80926    0.00233    1
   3    3    2   1.651001    -0.706794     0.416154     0.820209   24.80926    0.00137    1
  -4    1   -3   1.650126    -0.100455    -1.539771      1.54304   24.82262    0.00484    1
   4   -1    3   1.650126    -0.102240     1.539206       1.5426   24.82262    0.00483    1
  -4   -1    3   1.650126    -1.750986     0.960165      1.99696   24.82262    0.00810    1
   4    1   -3   1.650126    -1.749659    -0.963665      1.99749   24.82262    0.00810    1
  -3   -4    0   1.641830    -2.137069     1.126669      2.41587   24.95006    0.01173    1
   3    4    0   1.641830    -2.135379    -1.131336      2.41656   24.95006    0.01173    1
  -3    4    0   1.641830     1.113380     0.793072      1.36696   24.95006    0.00375    1
   3   -4    0   1.641830     1.111270    -0.791726      1.36446   24.95006    0.00374    1
  -3   -1   -4   1.640639    -1.742233    -0.914520      1.96767   24.96847    0.00777    1
  -3    1    4   1.640639     0.242126    -2.141960       2.1556   24.96847    0.00932    1
   3   -1   -4   1.640639     0.237895     2.142774      2.15594   24.96847    0.00932    1
   3    1    4   1.640639    -1.739420     0.910682       1.9634   24.96847    0.00773    1
  -3   -4    3   1.638586   -67.793167     1.429360      67.8082   25.00025    9.19865    1
  -3    4   -3   1.638586   -67.356227    -2.315601       67.396   25.00025    9.08715    1
   3   -4    3   1.638586   -67.365436     2.118093      67.3987   25.00025    9.08788    1
   3    4   -3   1.638586   -67.789392    -1.629257       67.809   25.00025    9.19885    1
  -2   -5    1   1.636109     2.833295    -2.682395      3.90164   25.03872    0.03036    1
  -2    5   -1   1.636109     2.946939     0.506165      2.99009   25.03872    0.01783    1
   2   -5    1   1.636109     2.953054    -0.499748      2.99504   25.03872    0.01789    1
   2    5   -1   1.636109     2.831756     2.685131      3.90241   25.03872    0.03037    1
  -1   -3    6   1.631572     0.428487     1.169646      1.24566   25.10948    0.00308    1
  -1    3   -6   1.631572     0.713481    -1.259348      1.44742   25.10948    0.00415    1
   1   -3    6   1.631572     0.710814     1.262005      1.44842   25.10948    0.00416    1
   1    3   -6   1.631572     0.435116    -1.164782       1.2434   25.10948    0.00306    1
  -4    0   -3   1.628025     2.187773     0.206683      2.19751   25.16509    0.00953    1
   4    0    3   1.628025     2.186902    -0.200873      2.19611   25.16509    0.00952    1
  -4    0    3   1.628025    -1.472917     1.767458      2.30074   25.16509    0.01044    1
   4    0   -3   1.628025    -1.466133    -1.771074      2.29918   25.16509    0.01043    1
   0    0   -6   1.625476    36.525888     1.394630      36.5525   25.20519    2.62744    1
   0    0    6   1.625476    36.526717    -1.286447      36.5494   25.20519    2.62699    1
  -2   -5    3   1.622097    -1.916840    -0.264741      1.93504   25.25857    0.00733    1
  -2    5   -3   1.622097    -1.466283     2.567073      2.95632   25.25857    0.01711    1
   2   -5    3   1.622097    -1.456393    -2.572200      2.95589   25.25857    0.01711    1
   2    5   -3   1.622097    -1.909655     0.264411      1.92787   25.25857    0.00728    1
   0   -5   -1   1.621087    -1.273872     0.732101      1.46926   25.27456    0.00422    1
   0    5    1   1.621087    -1.274225    -0.734758      1.47089   25.27456    0.00423    1
   0   -3   -4   1.620949     1.494923    -0.339419      1.53297   25.27675    0.00459    1
   0    3    4   1.620949     1.491373     0.341576      1.52999   25.27675    0.00458    1
  -4   -2    3   1.614352    -0.643164     0.897647      1.10428   25.38177    0.00236    1
  -4    2   -3   1.614352    -1.324824     5.275204      5.43902   25.38177    0.05733    1
   4   -2    3   1.614352    -1.316360    -5.278627      5.44029   25.38177    0.05735    1
   4    2   -3   1.614352    -0.640170    -0.898524      1.10325   25.38177    0.00236    1
  -2   -1   -5   1.610477    -1.325088    -1.001664      1.66108   25.44386    0.00532    1
   2    1    5   1.610477    -1.325421     0.997105       1.6586   25.44386    0.00530    1
  -2    1    5   1.610477    -2.123352     0.012453      2.12339   25.44386    0.00869    1
   2   -1   -5   1.610477    -2.121007    -0.019212      2.12109   25.44386    0.00867    1
  -2   -4   -2   1.607911    19.740599     2.641124      19.9165   25.48514    0.76212    1
  -2    4    2   1.607911    18.457729    -2.509688      18.6276   25.48514    0.66667    1
   2   -4   -2   1.607911    18.451828     2.563989      18.6291   25.48514    0.66678    1
   2    4    2   1.607911    19.746666    -2.581898      19.9147   25.48514    0.76198    1
  -4   -3    1   1.603065    -1.040083     0.674091      1.23942   25.56348    0.00293    1
   4    3   -1   1.603065    -1.037326    -0.680843       1.2408   25.56348    0.00294    1
  -4    3   -1   1.603065     0.408841     1.779063      1.82544   25.56348    0.00636    1
   4   -3    1   1.603065     0.410582    -1.781407      1.82811   25.56348    0.00638    1
  -2    4   -5   1.600827    -2.175294     1.944668      2.91781   25.59983    0.01620    1
   2   -4    5   1.600827    -2.167050    -1.952816      2.91712   25.59983    0.01620    1
  -2   -4    5   1.600827     0.018528    -4.067801      4.06784   25.59983    0.03149    1
   2    4   -5   1.600827     0.000510     4.068895       4.0689   25.59983    0.03151    1
   0   -2   -5   1.594251    -0.606232    -1.942720      2.03511   25.70722    0.00781    1
   0    2    5   1.594251    -0.615575     1.940116      2.03543   25.70722    0.00782    1
  -1    0   -6   1.588817    -1.976302     0.252439      1.99236   25.79667    0.00743    1
  -1    0    6   1.588817     1.333953    -1.141449      1.75566   25.79667    0.00577    1
   1    0   -6   1.588817     1.328650     1.144257      1.75346   25.79667    0.00576    1
   1    0    6   1.588817    -1.976127    -0.258804        1.993   25.79667    0.00744    1
  -3    1   -5   1.588561   -15.986457     1.283901      16.0379   25.80089    0.48153    1
   3   -1    5   1.588561   -15.983616    -1.335191      16.0393   25.80089    0.48161    1
  -3   -1    5   1.588561    19.034978     0.866883      19.0547   25.80089    0.67972    1
   3    1   -5   1.588561    19.035848    -0.809998      19.0531   25.80089    0.67960    1
  -3   -2    5   1.586696    28.747460     1.793727      28.8034   25.83175    1.54922    1
  -3    2   -5   1.586696    29.666840    -0.863022      29.6794   25.83175    1.64489    1
   3   -2    5   1.586696    29.664794     0.948811        29.68   25.83175    1.64496    1
   3    2   -5   1.586696    28.749127    -1.707763      28.7998   25.83175    1.54884    1
  -4   -3    2   1.586332     8.580122     1.579820      8.72435   25.83777    0.14206    1
   4    3   -2   1.586332     8.585673    -1.557591      8.72582   25.83777    0.14211    1
  -4    3   -2   1.586332   -12.387801     1.802947      12.5183   25.83777    0.29249    1
   4   -3    2   1.586332   -12.378236    -1.835371      12.5136   25.83777    0.29226    1
  -1   -5   -1   1.584717   -14.060627    -2.483900      14.2783   25.86456    0.37968    1
  -1    5    1   1.584717    13.851509    -3.002253      14.1731   25.86456    0.37411    1
   1   -5   -1   1.584717    13.841617     3.041549      14.1719   25.86456    0.37404    1
   1    5    1   1.584717   -14.069627     2.443784      14.2803   25.86456    0.37979    1
  -1   -3   -4   1.584588     1.989942    -4.034349      4.49843   25.86671    0.03768    1
  -1    3    4   1.584588     1.424656    -1.391621      1.99155   25.86671    0.00739    1
   1   -3   -4   1.584588     1.420739     1.394438      1.99072   25.86671    0.00738    1
   1    3    4   1.584588     1.985026     4.043201       4.5042   25.86671    0.03778    1
   0   -4   -3   1.581657     0.069202     3.181018      3.18177   25.91547    0.01878    1
   0    4    3   1.581657     0.076159    -3.180144      3.18106   25.91547    0.01877    1
   0   -5    5   1.581189    -3.593453     1.676382      3.96524   25.92327    0.02914    1
   0    5   -5   1.581189    -3.589980    -1.687869      3.96697   25.92327    0.02917    1
  -2   -5    0   1.577452   -20.583527    -1.717230       20.655   25.98575    0.78674    1
  -2    5    0   1.577452    22.070596    -1.104382      22.0982   25.98575    0.90052    1
   2   -5    0   1.577452    22.068979     1.168972      22.0999   25.98575    0.90066    1
   2    5    0   1.577452   -20.586823     1.658001      20.6535   25.98575    0.78662    1
  -4   -3    0   1.577384   -36.794050    -3.358622       36.947   25.98690    2.51709    1
  -4    3    0   1.577384    38.079230    -2.715797       38.176   25.98690    2.68732    1
   4   -3    0   1.577384    38.073047     2.825176      38.1777   25.98690    2.68757    1
   4    3    0   1.577384   -36.802990     3.252423      36.9464   25.98690    2.51701    1
   0   -4    6   1.573001    10.169000     2.537322      10.4808   26.06058    0.20134    1
   0    4   -6   1.573001    10.180375    -2.519134      10.4874   26.06058    0.20160    1
  -4   -2   -2   1.564089   -24.846450     2.232582      24.9466   26.21171    1.12684    1
  -4    2    2   1.564089   -22.603726    -1.107786      22.6309   26.21171    0.92735    1
   4   -2   -2   1.564089   -22.610351     1.038187      22.6342   26.21171    0.92762    1
   4    2    2   1.564089   -24.839195    -2.309118      24.9463   26.21171    1.12681    1
  -2    2   -6   1.563668    24.577565    -2.160484      24.6723   26.21890    1.10156    1
   2   -2    6   1.563668    24.573253     2.228869      24.6741   26.21890    1.10172    1
  -2   -2    6   1.563668    21.903547     0.763032      21.9168   26.21890    0.86925    1
   2    2   -6   1.563668    21.905204    -0.704196      21.9165   26.21890    0.86922    1
  -1   -2   -5   1.559620   -32.639326    -1.061393      32.6566   26.28817    1.91915    1
  -1    2    5   1.559620   -30.843489     0.820138      30.8544   26.28817    1.71317    1
   1   -2   -5   1.559620   -30.842875    -0.917351      30.8565   26.28817    1.71341    1
   1    2    5   1.559620   -32.642413     0.959529      32.6565   26.28817    1.91914    1
  -3   -4   -1   1.556929   -53.749483    -1.621954       53.774   26.33442    5.18438    1
  -3    4    1   1.556929   -54.341540     0.976892      54.3503   26.33442    5.29612    1
   3   -4   -1   1.556929   -54.339591    -1.142100      54.3516   26.33442    5.29636    1
   3    4    1   1.556929   -53.752002     1.457939      53.7718   26.33442    5.18396    1
  -4   -1   -3   1.554498     1.767149     1.904435      2.59802   26.37634    0.01206    1
  -4    1    3   1.554498    -1.493550     1.994732      2.49192   26.37634    0.01110    1
   4   -1   -3   1.554498    -1.489420    -1.996080      2.49052   26.37634    0.01108    1
   4    1    3   1.554498     1.770207    -1.897472        2.595   26.37634    0.01203    1
  -2   -5    4   1.552608    27.462840    -1.265294       27.492   26.40902    1.34700    1
  -2    5   -4   1.552608   -24.065431    -0.690528      24.0753   26.40902    1.03300    1
   2   -5    4   1.552608   -24.063406     0.624767      24.0715   26.40902    1.03267    1
   2    5   -4   1.552608    27.462825     1.344212      27.4957   26.40902    1.34737    1
  -3   -4    4   1.552325    -2.371666    -0.692502       2.4707   26.41394    0.01087    1
  -3    4   -4   1.552325    -0.331985     5.548249      5.55817   26.41394    0.05504    1
   3   -4    4   1.552325    -0.318099    -5.550425      5.55953   26.41394    0.05506    1
   3    4   -4   1.552325    -2.372453     0.689346      2.47057   26.41394    0.01087    1
  -2    1   -6   1.550773   -48.421569     0.781807      48.4279   26.44085    4.16909    1
   2   -1    6   1.550773   -48.417579    -0.931404      48.4265   26.44085    4.16886    1
  -2   -1    6   1.550773    49.189451    -0.519083      49.1922   26.44085    4.30173    1
   2    1   -6   1.550773    49.190377     0.670677      49.1949   26.44085    4.30221    1
  -1   -4   -3   1.547823    13.317324    -3.047779      13.6616   26.49216    0.33043    1
  -1    4    3   1.547823    12.303037     3.498428      12.7908   26.49216    0.28964    1
   1   -4   -3   1.547823    12.308315    -3.459026      12.7851   26.49216    0.28939    1
   1    4    3   1.547823    13.313404     3.082971      13.6657   26.49216    0.33062    1
  -1   -5    5   1.547384    28.480486     3.038560      28.6421   26.49981    1.45149    1
  -1    5   -5   1.547384   -28.555446     5.225528      29.0296   26.49981    1.49104    1
   1   -5    5   1.547384   -28.541479    -5.314313       29.032   26.49981    1.49128    1
   1    5   -5   1.547384    28.488505    -2.950780      28.6409   26.49981    1.45137    1
  -1   -4    6   1.539708    -0.866556     3.476576      3.58295   26.63435    0.02247    1
  -1    4   -6   1.539708    -0.090786     2.569751      2.57135   26.63435    0.01157    1
   1   -4    6   1.539708    -0.084910    -2.568578      2.56998   26.63435    0.01156    1
   1    4   -6   1.539708    -0.861986    -3.479396      3.58458   26.63435    0.02249    1
  -3    0   -5   1.539675     8.554036     2.331465      8.86607   26.63493    0.13759    1
  -3    0    5   1.539675     4.413179    -2.988016      5.32958   26.63493    0.04972    1
   3    0   -5   1.539675     4.405523     3.001439      5.33079   26.63493    0.04974    1
   3    0    5   1.539675     8.561272    -2.306123      8.86643   26.63493    0.13760    1
  -3    3   -5   1.534595     3.193246     2.600940      4.11846   26.72473    0.02948    1
   3   -3    5   1.534595     3.200758    -2.603687      4.12602   26.72473    0.02959    1
  -3   -3    5   1.534595    -1.666579     1.440867      2.20308   26.72473    0.00844    1
   3    3   -5   1.534595    -1.661588    -1.432294       2.1937   26.72473    0.00836    1
   0   -6    2   1.532421   -61.517819     2.290115      61.5604   26.76334    6.56621    1
   0    6   -2   1.532421   -61.513278    -2.483512      61.5634   26.76334    6.56684    1
  -4   -3    3   1.530936     0.880431     0.833043      1.21207   26.78979    0.00254    1
  -4    3   -3   1.530936    -1.552962     1.705268      2.30643   26.78979    0.00920    1
   4   -3    3   1.530936    -1.548907    -1.708917      2.30641   26.78979    0.00920    1
   4    3   -3   1.530936     0.888249    -0.830410      1.21596   26.78979    0.00256    1
  -2   -3    6   1.527377   -11.382516    -6.797450      13.2577   26.85339    0.30239    1
  -2    3   -6   1.527377    10.885459    -4.852266       11.918   26.85339    0.24436    1
   2   -3    6   1.527377    10.871979     4.886627      11.9197   26.85339    0.24443    1
   2    3   -6   1.527377   -11.399327     6.762752      13.2544   26.85339    0.30223    1
   0   -6    3   1.521753    -2.267836     0.829873      2.41491   26.95450    0.00995    1
   0    6   -3   1.521753    -2.268203    -0.836056      2.41738   26.95450    0.00997    1
  -4   -1    4   1.519547    24.017548     2.354765      24.1327   26.99436    0.99087    1
  -4    1   -4   1.519547   -22.208224    -0.557255      22.2152   26.99436    0.83967    1
   4   -1    4   1.519547   -22.206599     0.483740      22.2119   26.99436    0.83941    1
   4    1   -4   1.519547    24.024481    -2.281411      24.1326   26.99436    0.99086    1
  -4   -3   -1   1.514966     1.702418     3.362256      3.76869   27.07755    0.02401    1
   4    3    1   1.514966     1.709236    -3.356630      3.76676   27.07755    0.02398    1
  -4    3    1   1.514966    -1.126041     1.402002      1.79821   27.07755    0.00547    1
   4   -3   -1   1.514966    -1.123688    -1.407831      1.80129   27.07755    0.00548    1
   0   -1   -6   1.510480    -0.205786     0.613313     0.646916   27.15950    0.00070    1
   0    1    6   1.510480    -0.205061    -0.612448     0.645866   27.15950    0.00070    1
   0   -6    1   1.506065     1.104549    -3.839539      3.99526   27.24064    0.02664    1
   0    6   -1   1.506065     1.088496     3.840778      3.99204   27.24064    0.02660    1
  -5    0    0   1.504692    -0.003443    -3.402377      3.40238   27.26598    0.01928    1
   5    0    0   1.504692    -0.007845     3.401458      3.40147   27.26598    0.01927    1
  -4   -2    4   1.504519     4.404636     2.740193      5.18743   27.26917    0.04481    1
  -4    2   -4   1.504519     4.818079    -4.393878      6.52074   27.26917    0.07081    1
   4   -2    4   1.504519     4.804286     4.406076      6.51879   27.26917    0.07076    1
   4    2   -4   1.504519     4.413536    -2.731913      5.19063   27.26917    0.04487    1
  -3   -2   -4   1.503620     3.387145    -0.043819      3.38743   27.28580    0.01908    1
   3    2    4   1.503620     3.384207     0.052076      3.38461   27.28580    0.01905    1
  -3    2    4   1.503620    -3.614199    -1.307634      3.84348   27.28580    0.02457    1
   3   -2   -4   1.503620    -3.617798     1.299199      3.84401   27.28580    0.02457    1
  -3   -3   -3   1.502923    15.368256     0.151102       15.369   27.29870    0.39244    1
  -3    3    3   1.502923   -17.649178     0.153796      17.6498   27.29870    0.51757    1
   3   -3   -3   1.502923   -17.651147    -0.206525      17.6524   27.29870    0.51771    1
   3    3    3   1.502923    15.366288    -0.105112      15.3666   27.29870    0.39232    1
  -1   -6    2   1.501589    -2.013788    -1.429297      2.46946   27.32342    0.01011    1
  -1    6   -2   1.501589     3.386696     1.789022      3.83018   27.32342    0.02433    1
   1   -6    2   1.501589     3.388885    -1.778016      3.82699   27.32342    0.02429    1
   1    6   -2   1.501589    -2.016466     1.422631       2.4678   27.32342    0.01010    1
  -2    0   -6   1.492131     8.478996    -0.265934      8.48317   27.50000    0.11771    1
  -2    0    6   1.492131    10.844596     1.106332      10.9009   27.50000    0.19437    1
   2    0   -6   1.492131    10.845447    -1.072965      10.8984   27.50000    0.19428    1
   2    0    6   1.492131     8.479028     0.293386       8.4841   27.50000    0.11774    1
  -1   -6    3   1.491547    -1.874122    -4.724548      5.08268   27.51098    0.04222    1
  -1    6   -3   1.491547     0.393321     4.002076      4.02136   27.51098    0.02643    1
   1   -6    3   1.491547     0.404473    -4.001017      4.02141   27.51098    0.02643    1
   1    6   -3   1.491547    -1.886606     4.716142       5.0795   27.51098    0.04217    1
   0   -5   -2   1.489256    -1.632399    -0.445856      1.69219   27.55413    0.00466    1
   0    5    2   1.489256    -1.636102     0.441357      1.69459   27.55413    0.00468    1
  -4    0   -4   1.489248   -50.133783    -3.755473      50.2742   27.55428    4.11706    1
   4    0    4   1.489248   -50.147495     3.595426      50.2762   27.55428    4.11738    1
  -4    0    4   1.489248   -49.179016     1.825939      49.2129   27.55428    3.94506    1
   4    0   -4   1.489248   -49.170966    -1.980976      49.2109   27.55428    3.94473    1
  -2   -5   -1   1.488733    -0.718820     3.660779      3.73068   27.56400    0.02265    1
   2    5    1   1.488733    -0.707446    -3.661914      3.72962   27.56400    0.02264    1
  -2    5    1   1.488733    -0.819993    -0.125876     0.829598   27.56400    0.00112    1
   2   -5   -1   1.488733    -0.818573     0.123481     0.827834   27.56400    0.00112    1
  -2   -3   -4   1.488626    35.302161     1.543536      35.3359   27.56602    2.03205    1
  -2    3    4   1.488626   -37.072835     2.127540      37.1338   27.56602    2.24410    1
   2   -3   -4   1.488626   -37.068559    -2.246000      37.1365   27.56602    2.24443    1
   2    3    4   1.488626    35.307781    -1.428886      35.3367   27.56602    2.03214    1
  -5    0   -1   1.487097    15.217779     0.658939       15.232   27.59492    0.37675    1
  -5    0    1   1.487097    14.072509     0.870519      14.0994   27.59492    0.32280    1
   5    0   -1   1.487097    14.076024    -0.817191      14.0997   27.59492    0.32282    1
   5    0    1   1.487097    15.215678    -0.603009      15.2276   27.59492    0.37653    1
  -3   -5    2   1.483092     1.282479    -2.640669      2.93562   27.67094    0.01391    1
  -3    5   -2   1.483092     1.859286     2.084157      2.79297   27.67094    0.01259    1
   3   -5    2   1.483092     1.862014    -2.077211      2.78961   27.67094    0.01256    1
   3    5   -2   1.483092     1.275392     2.645367      2.93677   27.67094    0.01392    1
  -5   -1    0   1.482621    -0.614348    -0.583269     0.847128   27.67990    0.00116    1
  -5    1    0   1.482621     0.501162     1.034687      1.14967   27.67990    0.00213    1
   5   -1    0   1.482621     0.507015    -1.035408      1.15288   27.67990    0.00214    1
   5    1    0   1.482621    -0.617885     0.582438     0.849127   27.67990    0.00116    1
  -1   -1   -6   1.480928     0.359492    -1.313193      1.36151   27.71218    0.00298    1
   1    1    6   1.480928     0.353903     1.310425      1.35737   27.71218    0.00296    1
  -1    1    6   1.480928     1.066893    -1.145043      1.56505   27.71218    0.00394    1
   1   -1   -6   1.480928     1.064403     1.144106      1.56267   27.71218    0.00393    1
  -5   -1    1   1.478158   -20.614261    -1.424387      20.6634   27.76514    0.68433    1
  -5    1   -1   1.478158    20.940254    -1.125245      20.9705   27.76514    0.70482    1
   5   -1    1   1.478158    20.935888     1.197636      20.9701   27.76514    0.70480    1
   5    1   -1   1.478158   -20.619320     1.353048      20.6637   27.76514    0.68435    1
  -1   -6    1   1.476767    -1.575194    -1.329783      2.06145   27.79183    0.00680    1
  -1    6   -1   1.476767     0.939414     1.447600       1.7257   27.79183    0.00476    1
   1   -6    1   1.476767     0.942800    -1.447282      1.72728   27.79183    0.00477    1
   1    6   -1   1.476767    -1.580522     1.321784      2.06038   27.79183    0.00679    1
   0   -6    4   1.476270   -13.731870     5.810384      14.9106   27.80136    0.35534    1
   0    6   -4   1.476270   -13.716240    -5.857137      14.9145   27.80136    0.35553    1
   0   -2    7   1.475274     2.577998    -2.264294       3.4312   27.82051    0.01879    1
   0    2   -7   1.475274     2.567292     2.273954      3.42956   27.82051    0.01877    1
  -3   -5    1   1.471370   -11.768246     0.795780      11.7951   27.89581    0.22077    1
  -3    5   -1   1.471370    10.668343     0.721673      10.6927   27.89581    0.18143    1
   3   -5    1   1.471370    10.671323    -0.695319       10.694   27.89581    0.18147    1
   3    5   -1   1.471370   -11.766162    -0.826960      11.7952   27.89581    0.22077    1
  -2   -2   -5   1.467868     1.675477     1.843518      2.49114   27.96373    0.00980    1
  -2    2    5   1.467868    -3.086048     3.019164       4.3173   27.96373    0.02942    1
   2   -2   -5   1.467868    -3.079285    -3.026386      4.31752   27.96373    0.02943    1
   2    2    5   1.467868     1.682167    -1.838937      2.49226   27.96373    0.00981    1
  -3   -5    3   1.461154     9.212241     0.953795      9.26149   28.09485    0.13407    1
  -3    5   -3   1.461154    -7.019137    -0.114304      7.02007   28.09485    0.07703    1
   3   -5    3   1.461154    -7.019018     0.090320       7.0196   28.09485    0.07702    1
   3    5   -3   1.461154     9.219023    -0.921625      9.26498   28.09485    0.13417    1
  -1   -5   -2   1.460909     0.774541     3.912567      3.98849   28.09965    0.02486    1
  -1    5    2   1.460909    -1.058596     0.184259      1.07451   28.09965    0.00180    1
   1   -5   -2   1.460909    -1.059166    -0.189154      1.07592   28.09965    0.00181    1
   1    5    2   1.460909     0.786550    -3.907722       3.9861   28.09965    0.02483    1
  -2   -4   -3   1.458020    -0.918579    -2.405887      2.57528   28.15648    0.01032    1
   2    4    3   1.458020    -0.922283     2.402158      2.57312   28.15648    0.01030    1
  -2    4    3   1.458020    -0.630536     4.910628      4.95094   28.15648    0.03813    1
   2   -4   -3   1.458020    -0.617257    -4.912909      4.95153   28.15648    0.03814    1
  -2   -5    5   1.457653     3.199158    -0.730861      3.28158   28.16371    0.01674    1
  -2    5   -5   1.457653     0.362069    -3.744893      3.76235   28.16371    0.02201    1
   2   -5    5   1.457653     0.351495     3.745721      3.76218   28.16371    0.02201    1
   2    5   -5   1.457653     3.195192     0.741894      3.28019   28.16371    0.01673    1
   0   -3    7   1.456526     5.015353    -1.055353      5.12519   28.18595    0.04077    1
   0    3   -7   1.456526     5.009070     1.075092      5.12314   28.18595    0.04074    1
  -5   -1   -1   1.453708    37.947196     1.170850      37.9653   28.24172    2.22800    1
  -5    1    1   1.453708   -37.599180    -1.457655      37.6274   28.24172    2.18853    1
   5   -1   -1   1.453708   -37.603953     1.328381      37.6274   28.24172    2.18853    1
   5    1    1   1.453708    37.948754    -1.038730       37.963   28.24172    2.22774    1
  -3   -1   -5   1.452644   -49.155704    -3.119126      49.2546   28.26285    3.74408    1
   3    1    5   1.452644   -49.165647     2.968526      49.2552   28.26285    3.74417    1
  -3    1    5   1.452644    49.264407    -2.265300      49.3165   28.26285    3.75350    1
   3   -1   -5   1.452644    49.257015     2.417760      49.3163   28.26285    3.75347    1
   0   -1    7   1.452391     1.025131    -0.859817      1.33798   28.26788    0.00276    1
   0    1   -7   1.452391     1.027270     0.864203      1.34244   28.26788    0.00278    1
  -4   -4    1   1.452318     0.130369    -0.042395     0.137089   28.26932    0.00003    1
   4    4   -1   1.452318     0.127484     0.041631     0.134109   28.26932    0.00003    1
  -4    4   -1   1.452318     0.603818    -3.497243      3.54899   28.26932    0.01943    1
   4   -4    1   1.452318     0.590658     3.500266      3.54975   28.26932    0.01944    1
  -4   -4    2   1.451568    29.054260    -0.827290       29.066   28.28423    1.30174    1
   4    4   -2   1.451568    29.050310     0.927497      29.0651   28.28423    1.30166    1
  -4    4   -2   1.451568    30.411623     1.515441      30.4494   28.28423    1.42859    1
   4   -4    2   1.451568    30.417173    -1.410032      30.4498   28.28423    1.42864    1
  -2   -4    6   1.451231    14.883586    -0.696156      14.8999   28.29093    0.34190    1
  -2    4   -6   1.451231    13.475020     0.936840      13.5075   28.29093    0.28099    1
   2   -4    6   1.451231    13.478561    -0.897282      13.5084   28.29093    0.28102    1
   2    4   -6   1.451231    14.880488     0.740994      14.8989   28.29093    0.34186    1
  -3   -4   -2   1.450760    -0.767769    -2.294687      2.41972   28.30031    0.00901    1
  -3    4    2   1.450760     3.161173     4.003356      5.10097   28.30031    0.04004    1
   3   -4   -2   1.450760     3.174762    -3.994006      5.10208   28.30031    0.04006    1
   3    4    2   1.450760    -0.773899     2.292631      2.41973   28.30031    0.00901    1
  -1   -6    4   1.448645    -4.868458    -1.223750      5.01991   28.34249    0.03866    1
  -1    6   -4   1.448645     1.514062     4.588515      4.83186   28.34249    0.03582    1
   1   -6    4   1.448645     1.526685    -4.582277      4.82991   28.34249    0.03579    1
   1    6   -4   1.448645    -4.873354     1.208509      5.02096   28.34249    0.03867    1
   0   -5    6   1.448199    -1.153825    -1.597311      1.97046   28.35141    0.00595    1
   0    5   -6   1.448199    -1.157317     1.591856      1.96809   28.35141    0.00594    1
  -4   -2   -3   1.448121     2.966532    -2.844021      4.10959   28.35296    0.02589    1
   4    2    3   1.448121     2.960951     2.851511      4.11076   28.35296    0.02590    1
  -4    2    3   1.448121    -0.665756     3.687341      3.74696   28.35296    0.02152    1
   4   -2   -3   1.448121    -0.654660    -3.690554      3.74817   28.35296    0.02154    1
   0   -6    0   1.448009   -44.732347     2.898801      44.8262   28.35520    3.07963    1
   0    6    0   1.448009   -44.727692    -3.049971      44.8316   28.35520    3.08037    1
  -4   -3    4   1.447954    17.248540     1.743980      17.3365   28.35631    0.46060    1
   4    3   -4   1.447954    17.254583    -1.682606      17.3364   28.35631    0.46059    1
  -4    3   -4   1.447954   -16.355583     1.782868      16.4525   28.35631    0.41482    1
   4   -3    4   1.447954   -16.351721    -1.843049      16.4553   28.35631    0.41496    1
  -1   -2    7   1.447703   -11.205904     1.937594      11.3722   28.36131    0.19812    1
  -1    2   -7   1.447703   -10.649571    -1.015747      10.6979   28.36131    0.17532    1
   1   -2    7   1.447703   -10.654564     0.983704      10.6999   28.36131    0.17539    1
   1    2   -7   1.447703   -11.197933    -1.971721      11.3702   28.36131    0.19805    1
  -3   -4    5   1.445550     8.058508     3.314830      8.71365   28.40444    0.11594    1
  -3    4   -5   1.445550     7.997739    -3.798776      8.85407   28.40444    0.11971    1
   3   -4    5   1.445550     7.987439     3.827820      8.85728   28.40444    0.11979    1
   3    4   -5   1.445550     8.067076    -3.290469      8.71234   28.40444    0.11590    1
  -5   -1    2   1.441196    -1.108641     0.970208      1.47322   28.49208    0.00329    1
  -5    1   -2   1.441196     1.136421    -0.787698      1.38272   28.49208    0.00290    1
   5   -1    2   1.441196     1.135270     0.790376      1.38331   28.49208    0.00290    1
   5    1   -2   1.441196    -1.105401    -0.973130      1.47272   28.49208    0.00329    1
  -5    0   -2   1.437800     2.918533    -3.375704      4.46242   28.56079    0.03005    1
   5    0    2   1.437800     2.904251     3.383722      4.45918   28.56079    0.03001    1
  -5    0    2   1.437800     0.655916     1.018709      1.21161   28.56079    0.00222    1
   5    0   -2   1.437800     0.663214    -1.013487       1.2112   28.56079    0.00221    1
  -1   -3    7   1.429975   -28.625964     2.108035      28.7035   28.72043    1.22874    1
  -1    3   -7   1.429975    28.914249     3.421708       29.116   28.72043    1.26431    1
   1   -3    7   1.429975    28.922154    -3.319268       29.112   28.72043    1.26396    1
   1    3   -7   1.429975   -28.620100    -2.209123      28.7052   28.72043    1.22889    1
  -5   -2    1   1.429070    -8.680128    -5.580305      10.3191   28.73901    0.15859    1
  -5    2   -1   1.429070    -9.611850     6.659556      11.6935   28.73901    0.20365    1
   5   -2    1   1.429070    -9.588558    -6.695615      11.6949   28.73901    0.20370    1
   5    2   -1   1.429070    -8.699462     5.542903      10.3153   28.73901    0.15847    1
  -3   -5    0   1.428270     0.070597    -0.009753    0.0712676   28.75546    0.00001    1
  -3    5    0   1.428270     1.073046     0.444556      1.16149   28.75546    0.00201    1
   3   -5    0   1.428270     1.072569    -0.440727      1.15959   28.75546    0.00200    1
   3    5    0   1.428270     0.070551     0.007417    0.0709395   28.75546    0.00001    1
  -4   -3   -2   1.427794    38.086796     1.089304      38.1024   28.76525    2.15799    1
   4    3    2   1.427794    38.091793    -0.967717      38.1041   28.76525    2.15819    1
  -4    3    2   1.427794   -36.456464     0.360737      36.4582   28.76525    1.97578    1
   4   -3   -2   1.427794   -36.451970    -0.475879      36.4551   28.76525    1.97543    1
  -1    1   -7   1.426061    -5.581991     3.329877      6.49975   28.80096    0.06263    1
   1   -1    7   1.426061    -5.573255    -3.347823      6.50147   28.80096    0.06266    1
  -1   -1    7   1.426061     6.107599     2.658727       6.6612   28.80096    0.06578    1
   1    1   -7   1.426061     6.112092    -2.641640      6.65852   28.80096    0.06573    1
  -1   -5    6   1.422092     1.699331     3.427978      3.82606   28.88308    0.02157    1
  -1    5   -6   1.422092    -0.618253     0.183248     0.644838   28.88308    0.00061    1
   1   -5    6   1.422092    -0.616177    -0.185000      0.64335   28.88308    0.00061    1
   1    5   -6   1.422092     1.712119    -3.425258      3.82933   28.88308    0.02161    1
  -1   -6    0   1.421913    -1.577424    -0.693722      1.72323   28.88681    0.00437    1
  -1    6    0   1.421913     1.386244     1.351693      1.93617   28.88681    0.00552    1
   1   -6    0   1.421913     1.388682    -1.346547      1.93433   28.88681    0.00551    1
   1    6    0   1.421913    -1.579745     0.688213      1.72315   28.88681    0.00437    1
  -4   -4    0   1.421850    14.068676    -2.062950      14.2191   28.88810    0.29781    1
   4    4    0   1.421850    14.061911     2.107208      14.2189   28.88810    0.29780    1
  -4    4    0   1.421850    16.580504     2.718927       16.802   28.88810    0.41583    1
   4   -4    0   1.421850    16.589983    -2.664875      16.8027   28.88810    0.41587    1
  -5   -2    0   1.421813    -0.481036     2.132546      2.18613   28.88888    0.00704    1
  -5    2    0   1.421813     0.479008    -0.755145     0.894255   28.88888    0.00118    1
   5   -2    0   1.421813     0.479352     0.756138     0.895278   28.88888    0.00118    1
   5    2    0   1.421813    -0.478483    -2.130735       2.1838   28.88888    0.00702    1
  -4   -1   -4   1.421076   -20.331976    -0.414907      20.3362   28.90418    0.60845    1
   4    1    4   1.421076   -20.328783     0.353740      20.3319   28.90418    0.60818    1
  -4    1    4   1.421076    13.989201     2.000109      14.1315   28.90418    0.29380    1
   4   -1   -4   1.421076    13.998432    -1.955659      14.1344   28.90418    0.29392    1
  -4   -4    3   1.419742    -3.171718    -0.551734      3.21935   28.93194    0.01522    1
  -4    4   -3   1.419742     3.109528     0.357353      3.12999   28.93194    0.01438    1
   4   -4    3   1.419742     3.114583    -0.345867      3.13373   28.93194    0.01442    1
   4    4   -3   1.419742    -3.174600     0.541963      3.22053   28.93194    0.01523    1
  -2   -6    2   1.419182     4.414029    -0.229718         4.42   28.94361    0.02866    1
  -2    6   -2   1.419182     5.704721     0.646644      5.74125   28.94361    0.04835    1
   2   -6    2   1.419182     5.707469    -0.637506      5.74296   28.94361    0.04838    1
   2    6   -2   1.419182     4.410784     0.232004      4.41688   28.94361    0.02862    1
  -3   -2    6   1.418013     4.684639     0.320762      4.69561   28.96797    0.03229    1
  -3    2   -6   1.418013    -4.633462    -2.132791      5.10076   28.96797    0.03810    1
   3   -2    6   1.418013    -4.638557     2.115926      5.09837   28.96797    0.03806    1
   3    2   -6   1.418013     4.683108    -0.305002      4.69303   28.96797    0.03225    1
   0   -3   -5   1.416340    -1.285280    -1.691400      2.12433   29.00295    0.00659    1
   0    3    5   1.416340    -1.289968     1.686261      2.12309   29.00295    0.00658    1
  -2   -6    3   1.410695    -2.845587    -0.199071      2.85254   29.12157    0.01178    1
  -2    6   -3   1.410695    -0.254917     0.035069     0.257318   29.12157    0.00010    1
   2   -6    3   1.410695    -0.255615    -0.035614     0.258084   29.12157    0.00010    1
   2    6   -3   1.410695    -2.844912     0.188416      2.85114   29.12157    0.01177    1
  -3   -5    4   1.409750    -0.354033     1.728354      1.76424   29.14152    0.00450    1
  -3    5   -4   1.409750    -0.503082    -3.824384      3.85733   29.14152    0.02151    1
   3   -5    4   1.409750    -0.516141     3.823973      3.85865   29.14152    0.02153    1
   3    5   -4   1.409750    -0.353057    -1.726589      1.76232   29.14152    0.00449    1
  -3    1   -6   1.408376     1.034199    -1.710146      1.99854   29.17059    0.00576    1
   3   -1    6   1.408376     1.028721     1.712068      1.99736   29.17059    0.00576    1
  -3   -1    6   1.408376     4.404226    -4.606123      6.37288   29.17059    0.05859    1
   3    1   -6   1.408376     4.391560     4.619982      6.37417   29.17059    0.05862    1
   0   -4   -4   1.408060   -22.878814    -1.255946      22.9133   29.17728    0.75707    1
   0    4    4   1.408060   -22.880854     1.174697       22.911   29.17728    0.75692    1
  -5   -2    2   1.406258    -2.421169     1.743324      2.98349   29.21548    0.01280    1
  -5    2   -2   1.406258     3.526355    -0.016434      3.52639   29.21548    0.01788    1
   5   -2    2   1.406258     3.526975     0.025297      3.52707   29.21548    0.01789    1
   5    2   -2   1.406258    -2.419082    -1.751244      2.98644   29.21548    0.01282    1
   0   -6    5   1.404566     1.402243    -4.796469      4.99724   29.25146    0.03582    1
   0    6   -5   1.404566     1.380069     4.801324      4.99573   29.25146    0.03579    1
  -2   -1   -6   1.401700    42.098408     2.787803      42.1906   29.31261    2.54155    1
   2    1    6   1.401700    42.110762    -2.638841      42.1934   29.31261    2.54188    1
  -2    1    6   1.401700   -39.869776     2.516737      39.9491   29.31261    2.27867    1
   2   -1   -6   1.401700   -39.858505    -2.659033      39.9471   29.31261    2.27844    1
   0   -4    7   1.400594     1.589280     0.405125       1.6401   29.33629    0.00383    1
   0    4   -7   1.400594     1.589715    -0.398547      1.63891   29.33629    0.00383    1
  -2   -6    1   1.398170     3.155713     3.023996      4.37071   29.38828    0.02713    1
  -2    6   -1   1.398170    -3.372515    -4.078273      5.29209   29.38828    0.03977    1
   2   -6    1   1.398170    -3.386656     4.068817      5.29384   29.38828    0.03979    1
   2    6   -1   1.398170     3.164394    -3.014586      4.37048   29.38828    0.02712    1
  -5   -1   -2   1.396857    -0.799838    -0.938773       1.2333   29.41654    0.00216    1
   5    1    2   1.396857    -0.800761     0.938620      1.23379   29.41654    0.00216    1
  -5    1    2   1.396857    -1.782654     1.916395      2.61733   29.41654    0.00971    1
   5   -1   -2   1.396857    -1.774834    -1.918038      2.61322   29.41654    0.00968    1
   0    0   -7   1.393265    -0.683301     4.530001      4.58125   29.49408    0.02957    1
   0    0    7   1.393265    -0.670436    -4.531825      4.58115   29.49408    0.02957    1
  -1   -3   -5   1.391890   -12.816355     0.266420      12.8191   29.52389    0.23105    1
  -1    3    5   1.391890    11.189206     0.369910      11.1953   29.52389    0.17623    1
   1   -3   -5   1.391890    11.193243    -0.327180       11.198   29.52389    0.17631    1
   1    3    5   1.391890   -12.813664    -0.313743      12.8175   29.52389    0.23100    1
  -3   -3    6   1.390781    -0.324102     2.559198      2.57964   29.54796    0.00934    1
  -3    3   -6   1.390781    -0.450306     0.426152     0.619985   29.54796    0.00054    1
   3   -3    6   1.390781    -0.449117    -0.427578     0.620104   29.54796    0.00054    1
   3    3   -6   1.390781    -0.314012    -2.560446      2.57963   29.54796    0.00934    1
  -4   -1    5   1.386830     1.652370     0.506163      1.72816   29.63407    0.00417    1
  -4    1   -5   1.386830    -1.971444    -2.988898      3.58052   29.63407    0.01788    1
   4   -1    5   1.386830    -1.983865     2.981352      3.58109   29.63407    0.01789    1
   4    1   -5   1.386830     1.655849    -0.501877      1.73024   29.63407    0.00418    1
  -5   -2   -1   1.385808   -18.929323     1.234613      18.9695   29.65643    0.50113    1
  -5    2    1   1.385808   -20.120429    -0.334622      20.1232   29.65643    0.56394    1
   5   -2   -1   1.385808   -20.121594     0.263436      20.1233   29.65643    0.56394    1
   5    2    1   1.385808   -18.926153    -1.301664      18.9709   29.65643    0.50120    1
  -4   -2    5   1.385588     2.067974    -0.056241      2.06874   29.66124    0.00596    1
  -4    2   -5   1.385588    -4.219006     1.901748      4.62781   29.66124    0.02982    1
   4   -2    5   1.385588    -4.210152    -1.914429      4.62498   29.66124    0.02978    1
   4    2   -5   1.385588     2.067908     0.064770      2.06892   29.66124    0.00596    1
  -2   -5   -2   1.384690     5.857178     0.687944      5.89744   29.68092    0.04835    1
   2    5    2   1.384690     5.860400    -0.660882      5.89755   29.68092    0.04835    1
  -2    5    2   1.384690    -1.649242     0.565463      1.74349   29.68092    0.00423    1
   2   -5   -2   1.384690    -1.647953    -0.578038      1.74639   29.68092    0.00424    1
  -1   -4   -4   1.384029     1.692127     1.003953      1.96754   29.69543    0.00538    1
  -1    4    4   1.384029    -0.154613     0.711114     0.727728   29.69543    0.00074    1
   1   -4   -4   1.384029    -0.152354    -0.712665     0.728768   29.69543    0.00074    1
   1    4    4   1.384029     1.694059    -0.995916      1.96512   29.69543    0.00536    1
  -1   -6    5   1.380711    46.347604    -1.606602      46.3754   29.76844    2.97102    1
  -1    6   -5   1.380711    48.896965     1.498519      48.9199   29.76844    3.30599    1
   1   -6    5   1.380711    48.899487    -1.320870      48.9173   29.76844    3.30564    1
   1    6   -5   1.380711    46.342572     1.773263      46.3765   29.76844    2.97116    1
   0   -2   -6   1.380634     4.187681     3.753888      5.62391   29.77013    0.04369    1
   0    2    6   1.380634     4.193820    -3.739254      5.61873   29.77013    0.04361    1
  -5   -1    3   1.378482     8.526494     0.124173       8.5274   29.81769    0.10010    1
  -5    1   -3   1.378482   -17.181315    -0.314517      17.1842   29.81769    0.40649    1
   5   -1    3   1.378482   -17.185350     0.256912      17.1873   29.81769    0.40664    1
   5    1   -3   1.378482     8.524956    -0.096062       8.5255   29.81769    0.10005    1
  -1   -4    7   1.376937    24.181181    -0.685587      24.1909   29.85192    0.80358    1
  -1    4   -7   1.376937    22.112017     1.475544      22.1612   29.85192    0.67439    1
   1   -4    7   1.376937    22.114842    -1.402430      22.1593   29.85192    0.67427    1
   1    4   -7   1.376937    24.182497     0.765104      24.1946   29.85192    0.80383    1
  -2   -6    4   1.374234    31.624273     1.165165      31.6457   29.91201    1.36926    1
  -2    6   -4   1.374234    34.024776    -3.174899      34.1726   29.91201    1.59665    1
   2   -6    4   1.374234    34.015507     3.295185      34.1747   29.91201    1.59685    1
   2    6   -4   1.374234    31.627973    -1.054046      31.6455   29.91201    1.36924    1
  -2    2   -7   1.373430     3.466916    -2.435382      4.23681   29.92993    0.02451    1
   2   -2    7   1.373430     3.457817     2.447708      4.23648   29.92993    0.02451    1
  -2   -2    7   1.373430    -2.494436    -2.614721      3.61372   29.92993    0.01783    1
   2    2   -7   1.373430    -2.505356     2.606923      3.61564   29.92993    0.01785    1
  -1    0   -7   1.369972     8.380564    -3.251160       8.9891   30.00725    0.10973    1
  -1    0    7   1.369972     8.413549     2.398325       8.7487   30.00725    0.10394    1
   1    0   -7   1.369972     8.420175    -2.356323      8.74366   30.00725    0.10382    1
   1    0    7   1.369972     8.371093     3.296578      8.99681   30.00725    0.10992    1
   0   -6   -1   1.368425    -0.195321     0.523049     0.558328   30.04196    0.00042    1
   0    6    1   1.368425    -0.198883    -0.522318     0.558901   30.04196    0.00042    1
  -4   -4   -1   1.365633    -2.973308     1.074586      3.16153   30.10483    0.01348    1
  -4    4    1   1.365633     3.359214    -4.911677      5.95054   30.10483    0.04775    1
   4   -4   -1   1.365633     3.342362     4.919370       5.9474   30.10483    0.04770    1
   4    4    1   1.365633    -2.970116    -1.081774      3.16098   30.10483    0.01347    1
  -5    0   -3   1.365519    27.716526     2.049047      27.7922   30.10741    1.04145    1
  -5    0    3   1.365519    28.436567    -1.777980      28.4921   30.10741    1.09457    1
   5    0   -3   1.365519    28.429897     1.874775      28.4916   30.10741    1.09453    1
   5    0    3   1.365519    27.724974    -1.954756      27.7938   30.10741    1.04157    1
  -3    0   -6   1.364014    -3.705788     2.365739      4.39654   30.14142    0.02600    1
  -3    0    6   1.364014     0.470395    -5.610343      5.63003   30.14142    0.04263    1
   3    0   -6   1.364014     0.452743     5.612637      5.63087   30.14142    0.04265    1
   3    0    6   1.364014    -3.698394    -2.377395       4.3966   30.14142    0.02600    1
  -4   -4    4   1.362523     4.118765     0.484616      4.14718   30.17518    0.02308    1
  -4    4   -4   1.362523     8.157931    -1.494077      8.29362   30.17518    0.09230    1
   4   -4    4   1.362523     8.155236     1.523353      8.29629   30.17518    0.09236    1
   4    4   -4   1.362523     4.119711    -0.468736      4.14629   30.17518    0.02307    1
  -3   -5   -1   1.361417   -28.394059    -0.851101      28.4068   30.20028    1.08086    1
   3    5    1   1.361417   -28.395898     0.751456      28.4058   30.20028    1.08079    1
  -3    5    1   1.361417    30.837431    -1.118491      30.8577   30.20028    1.27542    1
   3   -5   -1   1.361417    30.836297     1.225540      30.8606   30.20028    1.27566    1
  -3   -3   -4   1.361335     0.586115     1.141839      1.28348   30.20214    0.00221    1
  -3    3    4   1.361335    -0.635001     2.746776      2.81922   30.20214    0.01064    1
   3   -3   -4   1.361335    -0.626326    -2.748809      2.81926   30.20214    0.01064    1
   3    3    4   1.361335     0.589667    -1.140528      1.28394   30.20214    0.00221    1
  -2   -3    7   1.358265     0.412434    -0.917637      1.00606   30.27204    0.00135    1
  -2    3   -7   1.358265     1.697037    -0.971386      1.95538   30.27204    0.00510    1
   2   -3    7   1.358265     1.691410     0.979344      1.95448   30.27204    0.00509    1
   2    3   -7   1.358265     0.409021     0.918704      1.00564   30.27204    0.00135    1
   0   -5   -3   1.357991     1.068310    -0.482769      1.17233   30.27829    0.00183    1
   0    5    3   1.357991     1.065676     0.485964      1.17125   30.27829    0.00183    1
  -1   -2   -6   1.357958    -0.143891    -0.802357     0.815157   30.27904    0.00089    1
  -1    2    6   1.357958     0.299951    -1.655173      1.68213   30.27904    0.00377    1
   1   -2   -6   1.357958     0.293977     1.656577      1.68246   30.27904    0.00377    1
   1    2    6   1.357958    -0.145052     0.801160     0.814185   30.27904    0.00088    1
  -5   -2    3   1.357420    -3.657808     0.773923      3.73878   30.29133    0.01860    1
  -5    2   -3   1.357420    -5.949691    -1.545628      6.14718   30.29133    0.05029    1
   5   -2    3   1.357420    -5.953278     1.534076      6.14776   30.29133    0.05030    1
   5    2   -3   1.357420    -3.656271    -0.780267       3.7386   30.29133    0.01860    1
  -2    1   -7   1.354909     2.318539    -0.289035      2.33649   30.34882    0.00724    1
   2   -1    7   1.354909     2.319664     0.297173      2.33862   30.34882    0.00725    1
  -2   -1    7   1.354909     1.896364     0.320816      1.92331   30.34882    0.00490    1
   2    1   -7   1.354909     1.899299    -0.312114      1.92477   30.34882    0.00491    1
  -4    0   -5   1.353945    -0.005136     3.208180      3.20818   30.37095    0.01362    1
  -4    0    5   1.353945    -0.291702    -0.100635     0.308573   30.37095    0.00013    1
   4    0   -5   1.353945    -0.291643     0.099742     0.308227   30.37095    0.00013    1
   4    0    5   1.353945     0.005779    -3.208916      3.20892   30.37095    0.01363    1
  -2   -5    6   1.351504    12.820375    -1.989269      12.9738   30.42713    0.22186    1
  -2    5   -6   1.351504   -11.766864    -1.472074      11.8586   30.42713    0.18536    1
   2   -5    6   1.351504   -11.771925     1.435365      11.8591   30.42713    0.18538    1
   2    5   -6   1.351504    12.813121     2.033893      12.9735   30.42713    0.22186    1
  -2   -6    0   1.351350     3.489172     0.282124      3.50056   30.43069    0.01615    1
   2    6    0   1.351350     3.485816    -0.270501       3.4963   30.43069    0.01611    1
  -2    6    0   1.351350     4.345290    -2.029097       4.7957   30.43069    0.03031    1
   2   -6    0   1.351350     4.341993     2.038894      4.79687   30.43069    0.03032    1
  -5   -3    1   1.350690    21.477749    -0.969427      21.4996   30.44591    0.60847    1
   5    3   -1   1.350690    21.474478     1.052494      21.5003   30.44591    0.60851    1
  -5    3   -1   1.350690   -22.661851    -0.794498      22.6758   30.44591    0.67686    1
   5   -3    1   1.350690   -22.664359     0.708826      22.6754   30.44591    0.67684    1
  -4   -3    5   1.350487    -2.805747    -0.830602      2.92611   30.45061    0.01127    1
  -4    3   -5   1.350487    -4.668981     0.401245      4.68619   30.45061    0.02890    1
   4   -3    5   1.350487    -4.668981    -0.418542       4.6877   30.45061    0.02892    1
   4    3   -5   1.350487    -2.812284     0.821287      2.92975   30.45061    0.01130    1
  -1   -6   -1   1.346336    -0.777271    -2.432737      2.55389   30.54677    0.00853    1
  -1    6    1   1.346336     0.953769     2.462360      2.64062   30.54677    0.00911    1
   1   -6   -1   1.346336     0.963067    -2.457155      2.63915   30.54677    0.00910    1
   1    6    1   1.346336    -0.784551     2.429912      2.55343   30.54677    0.00852    1
  -3   -2   -5   1.345405    15.029820    -1.174281      15.0756   30.56841    0.29661    1
  -3    2    5   1.345405    13.791790    -0.405020      13.7977   30.56841    0.24846    1
   3   -2   -5   1.345405    13.792055     0.457613      13.7996   30.56841    0.24852    1
   3    2    5   1.345405    15.024091     1.230604      15.0744   30.56841    0.29656    1
  -5   -3    2   1.340636     1.394675    -3.011504      3.31878   30.67984    0.01426    1
   5    3   -2   1.340636     1.383022     3.014859      3.31694   30.67984    0.01425    1
  -5    3   -2   1.340636     2.220386     1.859334      2.89607   30.67984    0.01086    1
   5   -3    2   1.340636     2.221625    -1.853710      2.89342   30.67984    0.01084    1
  -3   -4   -3   1.337810   -11.997103     2.478572      12.2505   30.74624    0.19343    1
  -3    4    3   1.337810    -7.179035    -3.483869      7.97972   30.74624    0.08207    1
   3   -4   -3   1.337810    -7.194105     3.455895      7.98112   30.74624    0.08210    1
   3    4    3   1.337810   -11.984634    -2.517614      12.2462   30.74624    0.19330    1
  -3   -5    5   1.337527    -2.936911     1.666957      3.37701   30.75291    0.01469    1
  -3    5   -5   1.337527     5.789785     2.821319      6.44061   30.75291    0.05344    1
   3   -5    5   1.337527     5.799599    -2.797999      6.43927   30.75291    0.05342    1
   3    5   -5   1.337527    -2.930106    -1.681732      3.37842   30.75291    0.01470    1
  -1   -5   -3   1.336395    45.549775     2.492373      45.6179   30.77959    2.67596    1
  -1    5    3   1.336395   -47.072465     1.582986      47.0991   30.77959    2.85255    1
   1   -5   -3   1.336395   -47.067088    -1.767173      47.1003   30.77959    2.85269    1
   1    5    3   1.336395    45.558740    -2.314075      45.6175   30.77959    2.67591    1
  -5   -3    0   1.335221    -0.366834     0.667850     0.761965   30.80732    0.00075    1
   5    3    0   1.335221    -0.364172    -0.669527      0.76216   30.80732    0.00075    1
  -5    3    0   1.335221     1.650284     1.271929      2.08356   30.80732    0.00557    1
   5   -3    0   1.335221     1.658578    -1.267176      2.08725   30.80732    0.00559    1
  -3    4   -6   1.332560     2.581298     1.287097      2.88439   30.87038    0.01063    1
   3   -4    6   1.332560     2.588369    -1.276840      2.88617   30.87038    0.01064    1
  -3   -4    6   1.332560     2.979337    -1.867540      3.51627   30.87038    0.01580    1
   3    4   -6   1.332560     2.975041     1.876999      3.51767   30.87038    0.01581    1
  -4   -2   -4   1.329232    17.092643     1.611596      17.1685   30.94961    0.37456    1
  -4    2    4   1.329232    18.372572    -1.636259      18.4453   30.94961    0.43235    1
   4   -2   -4   1.329232    18.367497     1.694405      18.4455   30.94961    0.43236    1
   4    2    4   1.329232    17.096657    -1.555623      17.1673   30.94961    0.37451    1
  -4   -3   -3   1.328750     1.096730     1.207712      1.63137   30.96111    0.00338    1
  -4    3    3   1.328750     0.680630     1.207790      1.38637   30.96111    0.00244    1
   4   -3   -3   1.328750     0.685098    -1.207049      1.38792   30.96111    0.00245    1
   4    3    3   1.328750     1.101882    -1.204905      1.63277   30.96111    0.00339    1
  -5   -2   -2   1.327129    -1.521294    -3.008172      3.37097   30.99989    0.01439    1
   5    2    2   1.327129    -1.530791     3.004141      3.37167   30.99989    0.01440    1
  -5    2    2   1.327129    -0.340269     5.576436      5.58681   30.99989    0.03953    1
   5   -2   -2   1.327129    -0.318823    -5.577426      5.58653   30.99989    0.03952    1
  -2   -3   -5   1.325500    -1.505205    -0.348195      1.54495   31.03894    0.00301    1
  -2    3    5   1.325500    -0.084757     1.799621      1.80162   31.03894    0.00410    1
   2   -3   -5   1.325500    -0.082020    -1.801090      1.80296   31.03894    0.00411    1
   2    3    5   1.325500    -1.508385     0.342356      1.54675   31.03894    0.00302    1
  -5   -1   -3   1.321255    22.414800     2.129979      22.5158   31.14119    0.63573    1
  -5    1    3   1.321255   -25.253630    -0.042225      25.2537   31.14119    0.79974    1
   5   -1   -3   1.321255   -25.254350    -0.050921      25.2544   31.14119    0.79978    1
   5    1    3   1.321255    22.421445    -2.049569      22.5149   31.14119    0.63568    1
   0   -5    7   1.319142     5.982500    -0.469635       6.0009   31.19235    0.04500    1
   0    5   -7   1.319142     5.983947     0.493539      6.00427   31.19235    0.04505    1
  -2   -4   -4   1.318705   -19.918656     0.053605      19.9187   31.20293    0.49542    1
   2    4    4   1.318705   -19.918589    -0.125534       19.919   31.20293    0.49543    1
  -2    4    4   1.318705   -20.572816     0.497945      20.5788   31.20293    0.52880    1
   2   -4   -4   1.318705   -20.568735    -0.573875      20.5767   31.20293    0.52869    1
   0   -6    6   1.317658   -29.224485     4.479027      29.5657   31.22837    1.08958    1
   0    6   -6   1.317658   -29.208474    -4.596663       29.568   31.22837    1.08975    1
  -2   -6    5   1.315835     6.381199     0.509372       6.4015   31.27275    0.05092    1
  -2    6   -5   1.315835    -5.352934    -2.945001      6.10958   31.27275    0.04639    1
   2   -6    5   1.315835    -5.365474     2.924352      6.11066   31.27275    0.04640    1
   2    6   -5   1.315835     6.383625    -0.486316      6.40212   31.27275    0.05093    1
  -4   -5    2   1.314986    -7.077600    -1.826233      7.30942   31.29344    0.06630    1
  -4    5   -2   1.314986     3.842949    -3.629648      5.28608   31.29344    0.03467    1
   4   -5    2   1.314986     3.828904     3.638502      5.28197   31.29344    0.03462    1
   4    5   -2   1.314986    -7.085455     1.799813      7.31047   31.29344    0.06632    1
  -2    4   -7   1.312567    -2.455122    -0.152401      2.45985   31.35261    0.00748    1
   2   -4    7   1.312567    -2.457605     0.141578      2.46168   31.35261    0.00749    1
  -2   -4    7   1.312567     5.874203    -1.406701      6.04029   31.35261    0.04509    1
   2    4   -7   1.312567     5.873784     1.427727      6.04481   31.35261    0.04516    1
   0   -7    3   1.312196    -5.327843     0.660512      5.36863   31.36169    0.03560    1
   0    7   -3   1.312196    -5.321413    -0.676917      5.36429   31.36169    0.03554    1
   0   -7    2   1.310201     1.636042     1.375506      2.13744   31.41069    0.00562    1
   0    7   -2   1.310201     1.640314    -1.369780      2.13704   31.41069    0.00562    1
   0   -1   -7   1.309981    -0.807777     1.948473      2.10928   31.41608    0.00547    1
   0    1    7   1.309981    -0.801139    -1.952482      2.11045   31.41608    0.00548    1
  -3   -6    2   1.307619    -1.945441     2.371388      3.06728   31.47432    0.01153    1
  -3    6   -2   1.307619    -2.441087     0.584019      2.50998   31.47432    0.00772    1
   3   -6    2   1.307619    -2.435985    -0.591717      2.50682   31.47432    0.00770    1
   3    6   -2   1.307619    -1.936935    -2.380095      3.06864   31.47432    0.01154    1
  -4   -5    1   1.306795     1.246487     0.734312       1.4467   31.49466    0.00256    1
   4    5   -1   1.306795     1.249115    -0.729698      1.44663   31.49466    0.00256    1
  -4    5   -1   1.306795     1.914039    -1.584230      2.48462   31.49466    0.00756    1
   4   -5    1   1.306795     1.904600     1.592233      2.48248   31.49466    0.00754    1
  -5   -3    3   1.306695    25.228959     0.403576      25.2322   31.49713    0.77907    1
  -5    3   -3   1.306695   -25.677845    -2.568159       25.806   31.49713    0.81490    1
   5   -3    3   1.306695   -25.690770     2.472127      25.8094   31.49713    0.81512    1
   5    3   -3   1.306695    25.225860    -0.309712      25.2278   31.49713    0.77880    1
  -2    0   -7   1.306529     0.186248     3.067365      3.07301   31.50124    0.01155    1
  -2    0    7   1.306529     1.628809     2.305709        2.823   31.50124    0.00975    1
   2    0   -7   1.306529     1.635732    -2.299708       2.8221   31.50124    0.00974    1
   2    0    7   1.306529     0.200617    -3.067552      3.07411   31.50124    0.01156    1
  -3   -6    3   1.300971    17.233179     5.235366      18.0109   31.63934    0.39311    1
  -3    6   -3   1.300971    17.552583    -6.374678      18.6743   31.63934    0.42261    1
   3   -6    3   1.300971    17.526924     6.440843      18.6729   31.63934    0.42254    1
   3    6   -3   1.300971    17.253913    -5.171633      18.0123   31.63934    0.39318    1
  -4   -5    3   1.299622    -3.696062    -5.119094      6.31395   31.67304    0.04820    1
  -4    5   -3   1.299622    -2.761173    -3.653331       4.5794   31.67304    0.02536    1
   4   -5    3   1.299622    -2.777339     3.646127      4.58343   31.67304    0.02540    1
   4    5   -3   1.299622    -3.715939     5.107612      6.31632   31.67304    0.04824    1
  -5   -1    4   1.299592    -0.430710    -4.377397      4.39854   31.67379    0.02339    1
  -5    1   -4   1.299592     1.606167    -2.078456      2.62674   31.67379    0.00834    1
   5   -1    4   1.299592     1.602042     2.081961      2.62699   31.67379    0.00834    1
   5    1   -4   1.299592    -0.447440     4.375233      4.39805   31.67379    0.02339    1
  -1   -5    7   1.299320   -24.474529     1.442197       24.517   31.68060    0.72638    1
  -1    5   -7   1.299320    20.686654     2.015549      20.7846   31.68060    0.52205    1
   1   -5    7   1.299320    20.694109    -1.928880      20.7838   31.68060    0.52201    1
   1    5   -7   1.299320   -24.469892    -1.541866      24.5184   31.68060    0.72646    1
  -1   -6    6   1.297902     0.354132    -4.617525      4.63108   31.71613    0.02585    1
  -1    6   -6   1.297902     6.182278    -0.213378      6.18596   31.71613    0.04613    1
   1   -6    6   1.297902     6.180544     0.238855      6.18516   31.71613    0.04612    1
   1    6   -6   1.297902     0.339984     4.616056      4.62856   31.71613    0.02583    1
  -5   -3   -1   1.296723     6.519593    -1.419178      6.67227   31.74573    0.05356    1
   5    3    1   1.296723     6.514725     1.442180      6.67245   31.74573    0.05356    1
  -5    3    1   1.296723     2.045277    -2.981792      3.61583   31.74573    0.01573    1
   5   -3   -1   1.296723     2.034447     2.986518      3.61362   31.74573    0.01571    1
  -2   -2   -6   1.296096    10.660412    -1.304151      10.7399   31.76148    0.13862    1
   2    2    6   1.296096    10.652301     1.342675      10.7366   31.76148    0.13854    1
  -2    2    6   1.296096     8.346793     2.770121      8.79446   31.76148    0.09295    1
   2   -2   -6   1.296096     8.359147    -2.740681      8.79697   31.76148    0.09300    1
  -3   -1   -6   1.293906    -5.199136    -1.844081      5.51649   31.81666    0.03644    1
   3    1    6   1.293906    -5.205038     1.823132      5.51509   31.81666    0.03642    1
  -3    1    6   1.293906    -3.879694    -4.813018        6.182   31.81666    0.04576    1
   3   -1   -6   1.293906    -3.897885     4.798001      6.18177   31.81666    0.04575    1
  -4   -1   -5   1.293623     2.035120    -0.656312      2.13833   31.82381    0.00547    1
   4    1    5   1.293623     2.032732     0.662398      2.13794   31.82381    0.00547    1
  -4    1    5   1.293623     1.498486    -3.701658      3.99346   31.82381    0.01909    1
   4   -1   -5   1.293623     1.481724     3.705871      3.99111   31.82381    0.01906    1
  -1   -7    3   1.292682    36.205510    -0.812144      36.2146   31.84760    1.56700    1
  -1    7   -3   1.292682   -33.710548    -0.703236      33.7179   31.84760    1.35838    1
   1   -7    3   1.292682   -33.712993     0.581077       33.718   31.84760    1.35839    1
   1    7   -3   1.292682    36.202692     0.942827       36.215   31.84760    1.56703    1
  -4   -4   -2   1.292292    32.592715     0.845234      32.6037   31.85746    1.26924    1
   4    4    2   1.292292    32.596330    -0.721849      32.6043   31.85746    1.26929    1
  -4    4    2   1.292292    33.257389     1.231695      33.2802   31.85746    1.32246    1
   4   -4   -2   1.292292    33.259640    -1.103757      33.2779   31.85746    1.32228    1
  -3   -6    1   1.291128   -40.917544    -1.462128      40.9437   31.88694    1.99764    1
  -3    6   -1   1.291128   -41.059958     1.570150        41.09   31.88694    2.01194    1
   3   -6    1   1.291128   -41.055988    -1.725093      41.0922   31.88694    2.01216    1
   3    6   -1   1.291128   -40.923331     1.309404      40.9443   31.88694    1.99770    1
   0   -7    4   1.290969     1.201704    -1.153853      1.66597   31.89098    0.00331    1
   0    7   -4   1.290969     1.198039     1.158998      1.66691   31.89098    0.00331    1
  -1   -7    2   1.290774    -0.613620    -5.600311      5.63383   31.89594    0.03780    1
  -1    7   -2   1.290774     3.140934    -1.232621      3.37414   31.89594    0.01356    1
   1   -7    2   1.290774     3.133393     1.243147      3.37099   31.89594    0.01353    1
   1    7   -2   1.290774    -0.631848     5.598233      5.63378   31.89594    0.03780    1
  -1   -1   -7   1.290564     0.934298    -2.239527       2.4266   31.90125    0.00701    1
   1    1    7   1.290564     0.926964     2.242271      2.42632   31.90125    0.00701    1
  -1    1    7   1.290564    -3.068804    -3.065176      4.33738   31.90125    0.02240    1
   1   -1   -7   1.290564    -3.080292     3.056418      4.33934   31.90125    0.02242    1
  -5    2   -4   1.290154     0.957349     5.874584      5.95208   31.91167    0.04215    1
   5   -2    4   1.290154     0.976444    -5.869309      5.94998   31.91167    0.04212    1
  -5   -2    4   1.290154     1.896500    -4.039878      4.46288   31.91167    0.02369    1
   5    2   -4   1.290154     1.879702     4.046366      4.46165   31.91167    0.02368    1
   0   -2    8   1.289233   -23.444762    -5.546891       24.092   31.93508    0.68941    1
   0    2   -8   1.289233   -23.463110     5.458718      24.0897   31.93508    0.68928    1
  -4   -4    5   1.288606     1.268610    -1.007449      1.61998   31.95103    0.00311    1
  -4    4   -5   1.288606    -2.560458     1.291159      2.86758   31.95103    0.00976    1
   4   -4    5   1.288606    -2.556670    -1.300658       2.8685   31.95103    0.00976    1
   4    4   -5   1.288606     1.262063     1.010129      1.61653   31.95103    0.00310    1
  -2   -6   -1   1.285979    -1.521615    -0.325961      1.55614   32.01803    0.00286    1
  -2    6    1   1.285979     1.544342    -4.524013      4.78034   32.01803    0.02699    1
   2   -6   -1   1.285979     1.524406     4.530667      4.78025   32.01803    0.02699    1
   2    6    1   1.285979    -1.522223     0.319348      1.55536   32.01803    0.00286    1
   0   -7    1   1.285293     2.179981    -1.940619      2.91862   32.03560    0.01005    1
   0    7   -1   1.285293     2.173681     1.947429      2.91845   32.03560    0.01005    1
   0   -3    8   1.284818     0.424081     0.299768     0.519332   32.04776    0.00032    1
   0    3   -8   1.284818     0.424909    -0.299246     0.519707   32.04776    0.00032    1
  -3   -5   -2   1.280491     1.565738    -1.929772      2.48507   32.15899    0.00723    1
  -3    5    2   1.280491    -0.898750    -1.165982      1.47216   32.15899    0.00254    1
   3   -5   -2   1.280491    -0.904548     1.164043      1.47418   32.15899    0.00254    1
   3    5    2   1.280491     1.558765     1.935622      2.48523   32.15899    0.00723    1
  -5    0   -4   1.280486     4.901431     1.467428      5.11638   32.15912    0.03063    1
   5    0    4   1.280486     4.908077    -1.449434      5.11762   32.15912    0.03064    1
  -5    0    4   1.280486    -3.695303    -2.653277      4.54919   32.15912    0.02421    1
   5    0   -4   1.280486    -3.706349     2.640294      4.55062   32.15912    0.02423    1
   0   -6   -2   1.278135    -3.964707     1.458313       4.2244   32.21988    0.02079    1
   0    6    2   1.278135    -3.959355    -1.479684      4.22681   32.21988    0.02082    1
  -2   -5   -3   1.277308     2.387428     0.127947      2.39085   32.24129    0.00665    1
  -2    5    3   1.277308     2.030023    -0.896858      2.21931   32.24129    0.00573    1
   2   -5   -3   1.277308     2.027911     0.902967      2.21986   32.24129    0.00573    1
   2    5    3   1.277308     2.390011    -0.121106      2.39308   32.24129    0.00666    1
  -4   -5    0   1.276320   -30.183648    -1.365532      30.2145   32.26695    1.06038    1
  -4    5    0   1.276320    28.670640    -0.693593       28.679   32.26695    0.95534    1
   4   -5    0   1.276320    28.668841     0.815844      28.6804   32.26695    0.95543    1
   4    5    0   1.276320   -30.188635     1.238014       30.214   32.26695    1.06034    1
  -1   -7    4   1.272373     3.350165     0.208112      3.35662   32.36978    0.01300    1
  -1    7   -4   1.272373    -0.922801    -5.404393      5.48261   32.36978    0.03467    1
   1   -7    4   1.272373    -0.942599     5.404798      5.48638   32.36978    0.03472    1
   1    7   -4   1.272373     3.350290    -0.191694      3.35577   32.36978    0.01299    1
  -3   -6    4   1.272208     2.384616     2.947352      3.79121   32.37409    0.01658    1
  -3    6   -4   1.272208     0.321173     0.198281     0.377449   32.37409    0.00016    1
   3   -6    4   1.272208     0.322981    -0.197502     0.378581   32.37409    0.00017    1
   3    6   -4   1.272208     2.396230    -2.939442      3.79239   32.37409    0.01659    1
  -3    2   -7   1.271570    39.848432     3.092090      39.9682   32.39078    1.84018    1
   3   -2    7   1.271570    39.863226    -2.929920      39.9708   32.39078    1.84042    1
  -3   -2    7   1.271570    40.551343    -1.645768      40.5847   32.39078    1.89739    1
   3    2   -7   1.271570    40.542797     1.810917      40.5832   32.39078    1.89725    1
  -1   -2    8   1.270710    -1.037722     2.919743      3.09867   32.41330    0.01104    1
  -1    2   -8   1.270710     2.123766    -2.180133      3.04358   32.41330    0.01065    1
   1   -2    8   1.270710     2.116684     2.189359      3.04527   32.41330    0.01067    1
   1    2   -8   1.270710    -1.024965    -2.923884      3.09833   32.41330    0.01104    1
  -4    2   -6   1.268985   -31.927639    -2.809224       32.051   32.45859    1.17801    1
   4   -2    6   1.268985   -31.937935     2.679020      32.0501   32.45859    1.17795    1
  -4   -2    6   1.268985   -32.461656     2.597179      32.5654   32.45859    1.21613    1
   4    2   -6   1.268985   -32.451128    -2.730747      32.5658   32.45859    1.21616    1
  -1   -7    1   1.266937    -8.647125    -4.111981      9.57503   32.51250    0.10476    1
  -1    7   -1   1.266937     9.127663    -5.435709      10.6236   32.51250    0.12896    1
   1   -7    1   1.266937     9.105861     5.471653      10.6234   32.51250    0.12895    1
   1    7   -1   1.266937    -8.663792     4.079883      9.57636   32.51250    0.10479    1
  -1   -3    8   1.266483     0.711959     1.145282      1.34854   32.52449    0.00208    1
  -1    3   -8   1.266483    -1.083769    -1.749587      2.05806   32.52449    0.00484    1
   1   -3    8   1.266483    -1.088692     1.745979      2.05759   32.52449    0.00483    1
   1    3   -8   1.266483     0.715704    -1.142811      1.34842   32.52449    0.00208    1
   0   -1    8   1.265928    -2.892039    -1.523601      3.26883   32.53913    0.01219    1
   0    1   -8   1.265928    -2.896844     1.513600      3.26844   32.53913    0.01218    1
  -4   -5    4   1.263053     6.789464     0.762156      6.83211   32.61529    0.05297    1
  -4    5   -4   1.263053    -4.512980     1.294149      4.69487   32.61529    0.02501    1
   4   -5    4   1.263053    -4.508595    -1.316376      4.69684   32.61529    0.02504    1
   4    5   -4   1.263053     6.792465    -0.731587      6.83175   32.61529    0.05297    1
  -4    1   -6   1.262064    20.358427     0.507544      20.3648   32.64155    0.46983    1
   4   -1    6   1.262064    20.360185    -0.426015      20.3646   32.64155    0.46983    1
  -4   -1    6   1.262064   -17.227546     0.970938      17.2549   32.64155    0.33729    1
   4    1   -6   1.262064   -17.223034    -1.041152      17.2545   32.64155    0.33728    1
  -1   -6   -2   1.260080    -0.912365     0.868365      1.25955   32.69438    0.00179    1
  -1    6    2   1.260080     2.789119     1.337162      3.09309   32.69438    0.01080    1
   1   -6   -2   1.260080     2.789755    -1.326633      3.08912   32.69438    0.01077    1
   1    6    2   1.260080    -0.909540    -0.870688      1.25911   32.69438    0.00179    1
   0   -4   -5   1.259833    -0.319018    -2.689232      2.70809   32.70097    0.00828    1
   0    4    5   1.259833    -0.326588     2.688696      2.70846   32.70097    0.00828    1
  -3   -3    7   1.259507   -21.802541     1.054641       21.828   32.70968    0.53734    1
  -3    3   -7   1.259507    18.020671     3.711803       18.399   32.70968    0.38178    1
   3   -3    7   1.259507    18.035283    -3.636801      18.3983   32.70968    0.38175    1
   3    3   -7   1.259507   -21.798462    -1.144244      21.8285   32.70968    0.53737    1
  -3    1   -7   1.256830    19.483755    -0.727017      19.4973   32.78132    0.42669    1
   3   -1    7   1.256830    19.479002     0.806211      19.4957   32.78132    0.42662    1
  -3   -1    7   1.256830   -17.920849    -3.591901      18.2773   32.78132    0.37496    1
   3    1   -7   1.256830   -17.934525     3.521218      18.2769   32.78132    0.37495    1
  -5   -4    1   1.256782    11.686570    -0.465000      11.6958   32.78258    0.15353    1
   5    4   -1   1.256782    11.682683     0.509846      11.6938   32.78258    0.15348    1
  -5    4   -1   1.256782    11.696947    -0.685270       11.717   32.78258    0.15409    1
   5   -4    1   1.256782    11.698000     0.731088      11.7208   32.78258    0.15419    1
  -5   -4    2   1.256296     1.112113    -1.028375      1.51471   32.79563    0.00257    1
  -5    4   -2   1.256296    -1.272098    -0.426702      1.34176   32.79563    0.00202    1
   5   -4    2   1.256296    -1.274617     0.422337      1.34276   32.79563    0.00202    1
   5    4   -2   1.256296     1.109394     1.032915      1.51581   32.79563    0.00258    1
  -3   -5    6   1.254110     5.019642     1.184763      5.15756   32.85441    0.02971    1
  -3    5   -6   1.254110     3.815155     0.675137      3.87443   32.85441    0.01677    1
   3   -5    6   1.254110     3.816136    -0.659935      3.87278   32.85441    0.01675    1
   3    5   -6   1.254110     5.022165    -1.164958      5.15551   32.85441    0.02969    1
  -5   -2   -3   1.254060    -9.173189    -1.046410      9.23268   32.85577    0.09521    1
   5    2    3   1.254060    -9.174599     1.014615      9.23053   32.85577    0.09517    1
  -5    2    3   1.254060    -8.561727     3.347413      9.19284   32.85577    0.09439    1
   5   -2   -3   1.254060    -8.553312    -3.380561      9.19714   32.85577    0.09448    1
  -3   -6    0   1.253987     2.581328     3.824708      4.61429   32.85773    0.02378    1
  -3    6    0   1.253987     0.704072    -3.769028      3.83423   32.85773    0.01642    1
   3   -6    0   1.253987     0.689551     3.773683      3.83617   32.85773    0.01643    1
   3    6    0   1.253987     2.593831    -3.815279      4.61349   32.85773    0.02377    1
  -5   -3    4   1.253951     0.773438    -1.368274      1.57174   32.85870    0.00276    1
  -5    3   -4   1.253951     1.713453     1.957733      2.60166   32.85870    0.00756    1
   5   -3    4   1.253951     1.719456    -1.949707      2.59959   32.85870    0.00755    1
   5    3   -4   1.253951     0.763666     1.370764      1.56913   32.85870    0.00275    1
  -6    0    0   1.253910    23.792645     0.295387      23.7945   32.85980    0.63222    1
   6    0    0   1.253910    23.792789    -0.194187      23.7936   32.85980    0.63217    1
   0   -4    8   1.253510     1.041378     2.864037      3.04749   32.87058    0.01036    1
   0    4   -8   1.253510     1.050015    -2.867609       3.0538   32.87058    0.01041    1
   0   -3   -6   1.252515     1.953093    -0.823197      2.11949   32.89744    0.00500    1
   0    3    6   1.252515     1.950255     0.831795      2.12023   32.89744    0.00501    1
   0   -7    5   1.249701     3.425497     2.939220      4.51365   32.97362    0.02258    1
   0    7   -5   1.249701     3.434612    -2.925103      4.51141   32.97362    0.02256    1
  -4   -3    6   1.249356     6.486238     2.363562      6.90346   32.98299    0.05279    1
  -4    3   -6   1.249356    -1.314904     3.928130      4.14236   32.98299    0.01901    1
   4   -3    6   1.249356    -1.297223    -3.935388      4.14368   32.98299    0.01902    1
   4    3   -6   1.249356     6.497529    -2.334979      6.90435   32.98299    0.05280    1
  -1    1   -8   1.248379     3.331726     2.377623       4.0931   33.00954    0.01852    1
   1   -1    8   1.248379     3.336884    -2.359771      4.08697   33.00954    0.01847    1
  -1   -1    8   1.248379     5.227590     3.823313      6.47653   33.00954    0.04638    1
   1    1   -8   1.248379     5.239939    -3.800833      6.47327   33.00954    0.04633    1
  -2   -5    7   1.244821     2.031623     3.442676      3.99744   33.10661    0.01756    1
  -2    5   -7   1.244821     2.192487     4.518051      5.02193   33.10661    0.02771    1
   2   -5    7   1.244821     2.212828    -4.511368      5.02484   33.10661    0.02774    1
   2    5   -7   1.244821     2.046706    -3.435690      3.99912   33.10661    0.01757    1
  -6    0   -1   1.243673    -1.890520    -5.569466      5.88158   33.13804    0.03793    1
  -6    0    1   1.243673    -1.274513     1.513957        1.979   33.13804    0.00429    1
   6    0   -1   1.243673    -1.269010    -1.516614       1.9775   33.13804    0.00429    1
   6    0    1   1.243673    -1.907312     5.561001      5.87899   33.13804    0.03790    1
  -2    6   -6   1.243574    15.971572     2.056860      16.1035   33.14077    0.28427    1
   2   -6    6   1.243574    15.979823    -1.992672      16.1036   33.14077    0.28428    1
  -2   -6    6   1.243574    15.211672    -0.525370      15.2207   33.14077    0.25396    1
   2    6   -6   1.243574    15.209260     0.586139      15.2206   33.14077    0.25396    1
  -1   -4   -5   1.242533     9.077357     0.637010      9.09968   33.16934    0.09060    1
  -1    4    5   1.242533     7.241513    -0.882079      7.29504   33.16934    0.05823    1
   1   -4   -5   1.242533     7.236973     0.922260       7.2955   33.16934    0.05824    1
   1    4    5   1.242533     9.081505    -0.592800      9.10083   33.16934    0.09063    1
   0   -7    0   1.241151     0.445855    -0.297097     0.535773   33.20734    0.00031    1
   0    7    0   1.241151     0.445042     0.300112     0.536776   33.20734    0.00031    1
  -6   -1    0   1.241051     7.322981    -3.216879       7.9984   33.21008    0.06981    1
  -6    1    0   1.241051    -1.315299    -1.270025      1.82838   33.21008    0.00365    1
   6   -1    0   1.241051    -1.321071     1.258382      1.82449   33.21008    0.00363    1
   6    1    0   1.241051     7.310702     3.249939      8.00053   33.21008    0.06985    1
  -5   -3   -2   1.240789    -0.022321    -1.061108      1.06134   33.21730    0.00123    1
   5    3    2   1.240789    -0.026695     1.061708      1.06204   33.21730    0.00123    1
  -5    3    2   1.240789    -0.732275     3.426518      3.50389   33.21730    0.01339    1
   5   -3   -2   1.240789    -0.715802    -3.428912      3.50283   33.21730    0.01338    1
  -2   -7    3   1.238979     1.380656    -3.895749      4.13317   33.26722    0.01857    1
  -2    7   -3   1.238979    -2.401657    -4.884106      5.44265   33.26722    0.03221    1
   2   -7    3   1.238979    -2.424570     4.874923      5.44458   33.26722    0.03223    1
   2    7   -3   1.238979     1.364182     3.902423      4.13399   33.26722    0.01858    1
  -6   -1    1   1.238430    -0.856041     1.663799      1.87111   33.28240    0.00380    1
  -6    1   -1   1.238430    -0.529251     0.155398     0.551593   33.28240    0.00033    1
   6   -1    1   1.238430    -0.531193    -0.156655     0.553811   33.28240    0.00033    1
   6    1   -1   1.238430    -0.851484    -1.666760      1.87166   33.28240    0.00380    1
  -2   -7    2   1.237299    -8.304693     3.715633      9.09801   33.31372    0.08972    1
  -2    7   -2   1.237299     6.183307     4.672528      7.75021   33.31372    0.06511    1
   2   -7    2   1.237299     6.204144    -4.646530      7.75123   33.31372    0.06512    1
   2    7   -2   1.237299    -8.288279    -3.750559      9.09738   33.31372    0.08971    1
  -2   -1   -7   1.237115    -0.480376     0.647250     0.806035   33.31883    0.00070    1
   2    1    7   1.237115    -0.481457    -0.650729     0.809475   33.31883    0.00071    1
  -2    1    7   1.237115     0.079089     1.481229      1.48334   33.31883    0.00238    1
   2   -1   -7   1.237115     0.087654    -1.481236      1.48383   33.31883    0.00239    1
  -5   -4    0   1.236882    -1.695236     3.474713      3.86619   33.32528    0.01619    1
  -5    4    0   1.236882    -1.346527    -4.614080      4.80654   33.32528    0.02502    1
   5   -4    0   1.236882    -1.368605     4.608642      4.80756   33.32528    0.02503    1
   5    4    0   1.236882    -1.680909    -3.480580      3.86522   33.32528    0.01618    1
  -1   -4    8   1.236466     1.998007     1.941328      2.78582   33.33683    0.00840    1
  -1    4   -8   1.236466    -0.225206    -1.320184      1.33926   33.33683    0.00194    1
   1   -4    8   1.236466    -0.233148     1.317323       1.3378   33.33683    0.00194    1
   1    4   -8   1.236466     2.004186    -1.932748      2.78429   33.33683    0.00839    1
  -5   -1   -4   1.236372     1.317102    -1.812549      2.24056   33.33942    0.00543    1
  -5    1    4   1.236372     0.208787     1.790796      1.80293   33.33942    0.00352    1
   5   -1   -4   1.236372     0.212739    -1.789266      1.80187   33.33942    0.00351    1
   5    1    4   1.236372     1.310426     1.817967      2.24103   33.33942    0.00543    1
   0   -5   -4   1.235922    -1.558574    -0.084621      1.56087   33.35192    0.00263    1
   0    5    4   1.235922    -1.558643     0.078884      1.56064   33.35192    0.00263    1
  -1   -3   -6   1.235510    -2.980128    -2.026383       3.6038   33.36336    0.01403    1
  -1    3    6   1.235510    -3.296444    -5.049617      6.03035   33.36336    0.03929    1
   1   -3   -6   1.235510    -3.313390     5.037720      6.02969   33.36336    0.03928    1
   1    3    6   1.235510    -2.983415     2.014177      3.59968   33.36336    0.01400    1
  -5   -4    3   1.235493    10.392855     0.045186       10.393   33.36384    0.11670    1
  -5    4   -3   1.235493     9.049306    -1.202978      9.12892   33.36384    0.09004    1
   5   -4    3   1.235493     9.044871     1.240813      9.12958   33.36384    0.09005    1
   5    4   -3   1.235493    10.392998    -0.000264       10.393   33.36384    0.11670    1
  -3   -3   -5   1.233250    -5.367273     0.360289      5.37935   33.42632    0.03114    1
  -3    3    5   1.233250     5.105063     3.041343      5.94234   33.42632    0.03800    1
   3   -3   -5   1.233250     5.112650    -3.021819       5.9389   33.42632    0.03795    1
   3    3    5   1.233250    -5.369526    -0.382851      5.38316   33.42632    0.03118    1
  -1   -7    5   1.232809   -19.025850    -5.191858      19.7215   33.43860    0.41816    1
  -1    7   -5   1.232809    18.393275    -4.454470       18.925   33.43860    0.38507    1
   1   -7    5   1.232809    18.371913     4.534351      18.9232   33.43860    0.38499    1
   1    7   -5   1.232809   -19.049926     5.109412      19.7232   33.43860    0.41824    1
  -4    0   -6   1.229844     5.004568    -2.189238      5.46246   33.52160    0.03191    1
  -4    0    6   1.229844     2.330139    -0.165700      2.33602   33.52160    0.00584    1
   4    0   -6   1.229844     2.333276     0.175449      2.33986   33.52160    0.00585    1
   4    0    6   1.229844     4.992170     2.209216      5.45916   33.52160    0.03187    1
  -4   -5   -1   1.227940    -1.679829    -2.905808      3.35642   33.57513    0.01201    1
  -4    5    1   1.227940    -0.070943    -5.343666      5.34414   33.57513    0.03044    1
   4   -5   -1   1.227940    -0.090891     5.342100      5.34287   33.57513    0.03042    1
   4    5    1   1.227940    -1.689563     2.900741      3.35692   33.57513    0.01201    1
  -4   -3   -4   1.227880     5.469403    -3.077480      6.27577   33.57682    0.04197    1
   4    3    4   1.227880     5.457560     3.097508      6.27531   33.57682    0.04196    1
  -4    3    4   1.227880    -9.316730    -3.786518      10.0568   33.57682    0.10777    1
   4   -3   -4   1.227880    -9.330685     3.750480      10.0562   33.57682    0.10776    1
  -3   -4   -4   1.227772     1.267045    -1.470534       1.9411   33.57987    0.00401    1
   3    4    4   1.227772     1.260781     1.474745      1.94022   33.57987    0.00401    1
  -3    4    4   1.227772    -1.922131     5.663326      5.98062   33.57987    0.03810    1
   3   -4   -4   1.227772    -1.897787    -5.670766       5.9799   33.57987    0.03810    1
  -3   -6    5   1.225454   -22.887337     2.602358      23.0348   33.64527    0.56289    1
  -3    6   -5   1.225454   -22.525208    -2.142375      22.6269   33.64527    0.54313    1
   3   -6    5   1.225454   -22.533264     2.051438      22.6265   33.64527    0.54311    1
   3    6   -5   1.225454   -22.876945    -2.692080      23.0348   33.64527    0.56289    1
   0   -6    7   1.225302     1.286107     2.501357      2.81263   33.64957    0.00839    1
   0    6   -7   1.225302     1.298376    -2.496182      2.81366   33.64957    0.00840    1
  -1   -7    0   1.224599     2.047683    -2.126510      2.95213   33.66946    0.00923    1
  -1    7    0   1.224599     0.256395    -0.313471     0.404972   33.66946    0.00017    1
   1   -7    0   1.224599     0.257616     0.314245     0.406344   33.66946    0.00017    1
   1    7    0   1.224599     2.039698     2.135500      2.95309   33.66946    0.00924    1
  -6   -1   -1   1.223945    -1.848254     2.275116      2.93124   33.68799    0.00909    1
  -6    1    1   1.223945    -0.753968     2.204248      2.32963   33.68799    0.00574    1
   6   -1   -1   1.223945    -0.743584    -2.206227      2.32817   33.68799    0.00573    1
   6    1    1   1.223945    -1.840584    -2.280428      2.93055   33.68799    0.00909    1
  -3    4   -7   1.222812   -36.971306     0.817199      36.9803   33.72011    1.44376    1
   3   -4    7   1.222812   -36.968522    -0.969483      36.9812   33.72011    1.44383    1
  -3   -4    7   1.222812   -35.697239     0.710753      35.7043   33.72011    1.34585    1
   3    4   -7   1.222812   -35.695752    -0.855820       35.706   33.72011    1.34598    1
  -2   -7    4   1.221064   -29.753674     1.832289        29.81   33.76984    0.93516    1
  -2    7   -4   1.221064    29.889835     3.582621      30.1038   33.76984    0.95368    1
   2   -7    4   1.221064    29.904963    -3.453261      30.1037   33.76984    0.95368    1
   2    7   -4   1.221064   -29.744982    -1.961781      29.8096   33.76984    0.93514    1
  -2   -2    8   1.219594     7.988226     0.988417      8.04914   33.81176    0.06800    1
  -2    2   -8   1.219594     4.226248    -0.827993      4.30659   33.81176    0.01947    1
   2   -2    8   1.219594     4.222794     0.844784      4.30647   33.81176    0.01946    1
   2    2   -8   1.219594     7.992608    -0.956235      8.04961   33.81176    0.06800    1
  -1   -5   -4   1.219576     1.508936     3.855010      4.13981   33.81229    0.01799    1
  -1    5    4   1.219576     2.955024     1.809773      3.46518   33.81229    0.01260    1
   1   -5   -4   1.219576     2.964088    -1.799057      3.46734   33.81229    0.01262    1
   1    5    4   1.219576     1.522023    -3.850241      4.14016   33.81229    0.01799    1
   0    0   -8   1.219107    58.694759     3.145491       58.779   33.82567    3.62282    1
   0    0    8   1.219107    58.704868    -2.902345      58.7766   33.82567    3.62252    1
  -3    0   -7   1.217927    20.679070     3.424714      20.9607   33.85946    0.45970    1
  -3    0    7   1.217927    19.254306    -3.036811      19.4923   33.85946    0.39755    1
   3    0   -7   1.217927    19.241865     3.115066      19.4924   33.85946    0.39755    1
   3    0    7   1.217927    20.693230    -3.340455      20.9611   33.85946    0.45971    1
  -6   -1    2   1.216449   -27.178044    -0.571450      27.1841   33.90184    0.77109    1
  -6    1   -2   1.216449    26.188055     1.609363      26.2375   33.90184    0.71833    1
   6   -1    2   1.216449    26.195241    -1.502168      26.2383   33.90184    0.71837    1
   6    1   -2   1.216449   -27.178939     0.461414      27.1829   33.90184    0.77102    1
  -2   -7    1   1.216257    -2.174191     0.581820      2.25069   33.90733    0.00528    1
  -2    7   -1   1.216257     0.773837     1.571888      1.75204   33.90733    0.00320    1
   2   -7    1   1.216257     0.779442    -1.569656      1.75253   33.90733    0.00320    1
   2    7   -1   1.216257    -2.174247    -0.591802      2.25335   33.90733    0.00530    1
  -4   -2   -5   1.216152     2.294137     0.973842      2.49228   33.91035    0.00648    1
  -4    2    5   1.216152    -1.355188    -4.022475      4.24462   33.91035    0.01879    1
   4   -2   -5   1.216152    -1.370513     4.018141      4.24544   33.91035    0.01880    1
   4    2    5   1.216152     2.296860    -0.965994      2.49173   33.91035    0.00648    1
  -2   -3    8   1.215855    16.797055    -4.751297      17.4561   33.91889    0.31761    1
  -2    3   -8   1.215855   -20.452128    -5.438689      21.1629   33.91889    0.46682    1
   2   -3    8   1.215855   -20.475944     5.354759      21.1645   33.91889    0.46690    1
   2    3   -8   1.215855    16.776263     4.823483      17.4559   33.91889    0.31761    1
   0   -2   -7   1.215529    -1.319024     1.409638      1.93052   33.92827    0.00388    1
   0    2    7   1.215529    -1.315484    -1.414460      1.93163   33.92827    0.00389    1
  -6    0   -2   1.214405     7.693583     2.590436      8.11798   33.96062    0.06851    1
  -6    0    2   1.214405     4.028417    -1.012952      4.15382   33.96062    0.01794    1
   6    0   -2   1.214405     4.023342     1.028834       4.1528   33.96062    0.01793    1
   6    0    2   1.214405     7.705659    -2.561659       8.1203   33.96062    0.06855    1
  -5    1   -5   1.213621   -17.991620    -0.832710      18.0109   33.98322    0.33673    1
   5   -1    5   1.213621   -17.997156     0.754259       18.013   33.98322    0.33681    1
  -5   -1    5   1.213621    17.732385     0.068459      17.7325   33.98322    0.32640    1
   5    1   -5   1.213621    17.731484     0.009418      17.7315   33.98322    0.32636    1
  -5    2   -5   1.212788   -12.568543     1.968859      12.7218   34.00726    0.16774    1
   5   -2    5   1.212788   -12.558430    -2.020032      12.7199   34.00726    0.16769    1
  -5   -2    5   1.212788   -11.003043    -3.504114      11.5475   34.00726    0.13820    1
   5    2   -5   1.212788   -11.016193     3.458198      11.5462   34.00726    0.13817    1
  -4   -4   -3   1.210534     0.526094    -2.226779      2.28808   34.07253    0.00540    1
   4    4    3   1.210534     0.515378     2.227519      2.28636   34.07253    0.00540    1
  -4    4    3   1.210534     0.845472    -0.552226      1.00984   34.07253    0.00105    1
   4   -4   -3   1.210534     0.849240     0.555208      1.01463   34.07253    0.00106    1
  -4    5   -5   1.210324    -1.200561    -2.968729       3.2023   34.07862    0.01058    1
   4   -5    5   1.210324    -1.209631     2.965707      3.20291   34.07862    0.01058    1
  -4   -5    5   1.210324     3.099748     0.355632      3.12008   34.07862    0.01004    1
   4    5   -5   1.210324     3.102877    -0.343436      3.12183   34.07862    0.01005    1
  -2   -6   -2   1.210187    28.087541     0.715158      28.0966   34.08261    0.81426    1
  -2    6    2   1.210187    28.034510    -0.185220      28.0351   34.08261    0.81069    1
   2   -6   -2   1.210187    28.034318     0.304828       28.036   34.08261    0.81074    1
   2    6    2   1.210187    28.089583    -0.596418      28.0959   34.08261    0.81421    1
  -3   -2   -6   1.209462    -2.122774     2.312729      3.13925   34.10365    0.01015    1
   3    2    6   1.209462    -2.117087    -2.321183      3.14165   34.10365    0.01017    1
  -3    2    6   1.209462    -0.014347    -2.177328      2.17738   34.10365    0.00488    1
   3   -2   -6   1.209462    -0.025282     2.178076      2.17822   34.10365    0.00489    1
  -1   -6    7   1.209367   -17.628205    -5.505307      18.4679   34.10640    0.35126    1
  -1    6   -7   1.209367   -17.744018     5.340015      18.5301   34.10640    0.35363    1
   1   -6    7   1.209367   -17.722687    -5.417034      18.5321   34.10640    0.35370    1
   1    6   -7   1.209367   -17.647847     5.431118      18.4647   34.10640    0.35114    1
  -6   -2    1   1.209131    -1.886109     0.943903      2.10911   34.11328    0.00458    1
   6    2   -1   1.209131    -1.880991    -0.950417      2.10747   34.11328    0.00457    1
  -6    2   -1   1.209131     0.155133    -2.664053      2.66857   34.11328    0.00733    1
   6   -2    1   1.209131     0.141504     2.662910      2.66667   34.11328    0.00732    1
  -4   -4    6   1.206640    21.238534    -1.068569      21.2654   34.18586    0.46338    1
  -4    4   -6   1.206640    24.650029     2.535798      24.7801   34.18586    0.62921    1
   4   -4    6   1.206640    24.663313    -2.432255       24.783   34.18586    0.62936    1
   4    4   -6   1.206640    21.231693     1.159842      21.2633   34.18586    0.46329    1
  -6   -2    0   1.204725   -29.007744    -0.735343      29.0171   34.24187    0.85971    1
   6    2    0   1.204725   -29.011789     0.610913      29.0182   34.24187    0.85977    1
  -6    2    0   1.204725   -27.565944     0.820726      27.5782   34.24187    0.77656    1
   6   -2    0   1.204725   -27.560158    -0.938456      27.5761   34.24187    0.77644    1
  -1    0   -8   1.203411    -3.115492     0.260807      3.12639   34.28043    0.00996    1
  -1    0    8   1.203411     5.803527    -1.199134      5.92612   34.28043    0.03577    1
   1    0   -8   1.203411     5.796732     1.222747      5.92429   34.28043    0.03575    1
   1    0    8   1.203411    -3.115246    -0.272202      3.12712   34.28043    0.00996    1
  -3   -6   -1   1.201229    22.532621     1.594707       22.589   34.34462    0.51761    1
  -3    6    1   1.201229    22.011508    -1.639558      22.0725   34.34462    0.49421    1
   3   -6   -1   1.201229    22.003099     1.730944      22.0711   34.34462    0.49415    1
   3    6    1   1.201229    22.541792    -1.499456      22.5916   34.34462    0.51773    1
   0   -5    8   1.200769    -1.485680     1.214679      1.91903   34.35817    0.00373    1
   0    5   -8   1.200769    -1.481064    -1.220838      1.91937   34.35817    0.00373    1
  -1   -2   -7   1.199968    30.811908     1.832797      30.8664   34.38183    0.96417    1
  -1    2    7   1.199968    29.292830    -3.055038      29.4517   34.38183    0.87782    1
   1   -2   -7   1.199968    29.280899     3.176197      29.4527   34.38183    0.87787    1
   1    2    7   1.199968    30.818747    -1.707346       30.866   34.38183    0.96415    1
  -2    1   -8   1.199810    29.925628     1.802581      29.9799   34.38650    0.90931    1
   2   -1    8   1.199810    29.934122    -1.674228      29.9809   34.38650    0.90938    1
  -2   -1    8   1.199810   -29.786295     1.534511      29.8258   34.38650    0.89999    1
   2    1   -8   1.199810   -29.779185    -1.665583      29.8257   34.38650    0.89999    1
  -5   -4   -1   1.199339     1.240709    -2.314580      2.62615   34.40043    0.00697    1
  -5    4    1   1.199339     1.112007     2.368766      2.61679   34.40043    0.00692    1
   5   -4   -1   1.199339     1.121634    -2.368952      2.62107   34.40043    0.00694    1
   5    4    1   1.199339     1.231018     2.313501      2.62063   34.40043    0.00694    1
  -5   -4    4   1.197231    -0.142974     0.611110     0.627612   34.46290    0.00040    1
  -5    4   -4   1.197231    -1.240583     1.878632      2.25129   34.46290    0.00510    1
   5   -4    4   1.197231    -1.233007    -1.883854      2.25149   34.46290    0.00510    1
   5    4   -4   1.197231    -0.142111    -0.613146     0.629399   34.46290    0.00040    1
  -6   -2    2   1.195219    27.928913     1.868021      27.9913   34.52272    0.78588    1
  -6    2   -2   1.195219    27.468431    -0.837809      27.4812   34.52272    0.75750    1
   6   -2    2   1.195219    27.464285     0.951145      27.4808   34.52272    0.75747    1
   6    2   -2   1.195219    27.935336    -1.753991      27.9903   34.52272    0.78583    1
  -2   -4   -5   1.194617     0.595791    -2.046330       2.1313   34.54067    0.00455    1
  -2    4    5   1.194617    -0.572835     1.829431      1.91702   34.54067    0.00368    1
   2   -4   -5   1.194617    -0.564987    -1.833303      1.91839   34.54067    0.00369    1
   2    4    5   1.194617     0.588547     2.049564      2.13239   34.54067    0.00456    1
  -3   -5   -3   1.194153    23.993008     3.330771      24.2231   34.55452    0.58735    1
  -3    5    3   1.194153   -21.695033     2.783839      21.8729   34.55452    0.47891    1
   3   -5   -3   1.194153   -21.684692    -2.877597      21.8748   34.55452    0.47899    1
   3    5    3   1.194153    24.003990    -3.226494      24.2199   34.55452    0.58719    1
   0   -7    6   1.193852     0.576397     1.271083      1.39567   34.56349    0.00195    1
   0    7   -6   1.193852     0.582040    -1.266765      1.39408   34.56349    0.00194    1
  -5    0   -5   1.191399    15.039455    -4.798201      15.7863   34.63692    0.24817    1
   5    0    5   1.191399    15.018710     4.863564      15.7866   34.63692    0.24818    1
  -5    0    5   1.191399    17.003029     4.542879      17.5995   34.63692    0.30845    1
   5    0   -5   1.191399    17.021416    -4.469824      17.5985   34.63692    0.30841    1
  -6   -1   -2   1.189431     1.573540    -0.528481      1.65992   34.69604    0.00273    1
   6    1    2   1.189431     1.570417     0.533291       1.6585   34.69604    0.00273    1
  -6    1    2   1.189431    -0.018376    -1.075995      1.07615   34.69604    0.00115    1
   6   -1   -2   1.189431    -0.022975     1.075157       1.0754   34.69604    0.00115    1
  -2    4   -8   1.189222   -24.828519     3.759034      25.1115   34.70232    0.62537    1
   2   -4    8   1.189222   -24.814866    -3.865804      25.1142   34.70232    0.62551    1
  -2   -4    8   1.189222   -24.678906    -3.387859      24.9104   34.70232    0.61540    1
   2    4   -8   1.189222   -24.691106     3.282088      24.9083   34.70232    0.61529    1
  -5   -3    5   1.189040    50.440311    -1.286925      50.4567   34.70780    2.52397    1
  -5    3   -5   1.189040   -46.907379    -2.501033       46.974   34.70780    2.18756    1
   5   -3    5   1.189040   -46.922029     2.298330      46.9783   34.70780    2.18796    1
   5    3   -5   1.189040    50.431922     1.503631      50.4543   34.70780    2.52373    1
  -2   -3   -6   1.188372   -20.695818    -0.438476      20.7005   34.72793    0.42428    1
  -2    3    6   1.188372    20.381925    -0.187127      20.3828   34.72793    0.41136    1
   2   -3   -6   1.188372    20.382177     0.276677      20.3841   34.72793    0.41141    1
   2    3    6   1.188372   -20.696556     0.347760      20.6995   34.72793    0.42424    1
  -4   -6    2   1.188028    14.859167    -0.519641      14.8683   34.73830    0.21874    1
  -4    6   -2   1.188028    12.633107     0.339019      12.6377   34.73830    0.15803    1
   4   -6    2   1.188028    12.633402    -0.281586      12.6365   34.73830    0.15800    1
   4    6   -2   1.188028    14.856949     0.586787      14.8685   34.73830    0.21875    1
  -2   -7    5   1.185968    -0.379304     3.148055      3.17082   34.80057    0.00991    1
  -2    7   -5   1.185968    -1.181882    -0.843192      1.45183   34.80057    0.00208    1
   2   -7    5   1.185968    -1.182723     0.838912      1.45004   34.80057    0.00207    1
   2    7   -5   1.185968    -0.367197    -3.149407      3.17074   34.80057    0.00991    1
  -1   -5    8   1.185762    -3.055008     1.334674      3.33383   34.80682    0.01095    1
  -1    5   -8   1.185762     2.413315     6.495926      6.92973   34.80682    0.04731    1
   1   -5    8   1.185762     2.439527    -6.485126      6.92879   34.80682    0.04730    1
   1    5   -8   1.185762    -3.050602    -1.346964      3.33474   34.80682    0.01096    1
   0   -6   -3   1.185718     0.260782    -3.447293      3.45714   34.80816    0.01177    1
   0    6    3   1.185718     0.247242     3.448438      3.45729   34.80816    0.01178    1
   0   -7   -1   1.183445    -3.151787    -0.213690      3.15902   34.87713    0.00979    1
   0    7    1   1.183445    -3.150538     0.202450      3.15704   34.87713    0.00978    1
  -4   -6    3   1.183037     2.532109    -3.596804       4.3987   34.88957    0.01896    1
  -4    6   -3   1.183037    -1.103033     4.885163      5.00814   34.88957    0.02458    1
   4   -6    3   1.183037    -1.081180    -4.888794      5.00692   34.88957    0.02457    1
   4    6   -3   1.183037     2.516796     3.607440      4.39862   34.88957    0.01896    1
  -6   -2   -1   1.182587    -1.126873     0.410483      1.19931   34.90325    0.00141    1
   6    2    1   1.182587    -1.125619    -0.412990      1.19899   34.90325    0.00141    1
  -6    2    1   1.182587     0.899874     0.241286      0.93166   34.90325    0.00085    1
   6   -2   -1   1.182587     0.901063    -0.239065     0.932237   34.90325    0.00085    1
  -1   -7    6   1.179099     1.707427    -3.298720      3.71441   35.00983    0.01342    1
  -1    7   -6   1.179099     5.724369    -0.448423      5.74191   35.00983    0.03207    1
   1   -7    6   1.179099     5.721500     0.472004      5.74094   35.00983    0.03206    1
   1    7   -6   1.179099     1.691427     3.304583       3.7123   35.00983    0.01341    1
  -2   -7    0   1.178653   -46.152811    -0.447101       46.155   35.02352    2.07059    1
  -2    7    0   1.178653    43.732768     0.277215      43.7336   35.02352    1.85904    1
   2   -7    0   1.178653    43.733074    -0.085013      43.7332   35.02352    1.85900    1
   2    7    0   1.178653   -46.153261     0.244731      46.1539   35.02352    2.07050    1
  -6   -1    3   1.178025     0.075141    -0.867622      0.87087   35.04280    0.00074    1
  -6    1   -3   1.178025     0.333199    -1.840374      1.87029   35.04280    0.00340    1
   6   -1    3   1.178025     0.326223     1.843733      1.87237   35.04280    0.00340    1
   6    1   -3   1.178025     0.069047     0.866856     0.869602   35.04280    0.00073    1
  -4   -1   -6   1.177717   -47.621621    -1.142577      47.6353   35.05227    2.20160    1
  -4    1    6   1.177717    49.441990    -0.398597      49.4436   35.05227    2.37192    1
   4   -1   -6   1.177717    49.439138     0.615451       49.443   35.05227    2.37186    1
   4    1    6   1.177717   -47.626336     0.932949      47.6355   35.05227    2.20161    1
  -4   -6    1   1.175621    -0.668617     0.545477     0.862899   35.11679    0.00072    1
  -4    6   -1   1.175621     0.348756    -0.388743     0.522257   35.11679    0.00026    1
   4   -6    1   1.175621     0.343937     0.391554     0.521159   35.11679    0.00026    1
   4    6   -1   1.175621    -0.663881    -0.547121     0.860279   35.11679    0.00072    1
  -5   -2   -4   1.174456     2.320057     0.430906      2.35973   35.15274    0.00537    1
   5    2    4   1.174456     2.323040    -0.422567      2.36116   35.15274    0.00538    1
  -5    2    4   1.174456    -0.651255     3.015111      3.08464   35.15274    0.00917    1
   5   -2   -4   1.174456    -0.635232    -3.016350      3.08251   35.15274    0.00916    1
  -2   -5   -4   1.174172    10.228542     0.400531      10.2364   35.16152    0.10098    1
  -2    5    4   1.174172    -9.156491     0.775845       9.1893   35.16152    0.08137    1
   2   -5   -4   1.174172    -9.155972    -0.811571      9.19187   35.16152    0.08142    1
   2    5    4   1.174172    10.227776    -0.361540      10.2342   35.16152    0.10093    1
  -5   -3   -3   1.174124    57.207236     2.772378      57.2744   35.16301    3.16087    1
  -5    3    3   1.174124   -56.418793     1.338944      56.4347   35.16301    3.06886    1
   5   -3   -3   1.174124   -56.412266    -1.581929      56.4344   35.16301    3.06884    1
   5    3    3   1.174124    57.219257    -2.523618      57.2749   35.16301    3.16092    1
  -1   -6   -3   1.171260    29.940325     1.513298      29.9785   35.25180    0.86122    1
  -1    6    3   1.171260    32.344306    -1.174269      32.3656   35.25180    1.00383    1
   1   -6   -3   1.171260    32.337129     1.311625      32.3637   35.25180    1.00371    1
   1    6    3   1.171260    29.951171    -1.383020      29.9831   35.25180    0.86148    1
  -6    0   -3   1.169904    -0.139240    -1.628266      1.63421   35.29402    0.00255    1
   6    0    3   1.169904    -0.145725     1.627273      1.63379   35.29402    0.00255    1
  -6    0    3   1.169904    -0.652853    -1.789475      1.90485   35.29402    0.00347    1
   6    0   -3   1.169904    -0.664514     1.785898      1.90552   35.29402    0.00347    1
  -1   -7   -1   1.169070    15.269824     0.189040       15.271   35.32001    0.22253    1
  -1    7    1   1.169070   -13.839133     0.380283      13.8444   35.32001    0.18289    1
   1   -7   -1   1.169070   -13.837882    -0.443588       13.845   35.32001    0.18291    1
   1    7    1   1.169070    15.271556    -0.120566       15.272   35.32001    0.22256    1
  -4   -5   -2   1.167573    -6.350794    -1.922004      6.63526   35.36679    0.04189    1
  -4    5    2   1.167573     7.917944    -4.495000      9.10488   35.36679    0.07888    1
   4   -5   -2   1.167573     7.904161     4.527617      9.10907   35.36679    0.07895    1
   4    5    2   1.167573    -6.355105     1.897721       6.6324   35.36679    0.04185    1
  -3   -5    7   1.167479   -33.806557     0.409684       33.809   35.36974    1.08739    1
  -3    5   -7   1.167479    34.770109    -0.988394      34.7842   35.36974    1.15102    1
   3   -5    7   1.167479    34.764499     1.135660       34.783   35.36974    1.15094    1
   3    5   -7   1.167479   -33.805108    -0.552671      33.8096   35.36974    1.08742    1
  -3   -6    6   1.166450    -1.285396     3.004553      3.26796   35.40198    0.01014    1
  -3    6   -6   1.166450    -0.989112    -4.756110      4.85787   35.40198    0.02240    1
   3   -6    6   1.166450    -1.009840     4.751354      4.85748   35.40198    0.02240    1
   3    6   -6   1.166450    -1.274803    -3.009874      3.26871   35.40198    0.01014    1
  -2    6   -7   1.165054     2.510933    -4.644657      5.27993   35.44580    0.02640    1
   2   -6    7   1.165054     2.492120     4.655362      5.28044   35.44580    0.02640    1
  -2   -6    7   1.165054    -2.215364     0.461510      2.26292   35.44580    0.00485    1
   2    6   -7   1.165054    -2.215569    -0.471659      2.26522   35.44580    0.00486    1
  -6   -2    3   1.164799     0.844491    -0.099379     0.850319   35.45383    0.00068    1
  -6    2   -3   1.164799     2.178468     1.586002      2.69465   35.45383    0.00687    1
   6   -2    3   1.164799     2.184953    -1.577787      2.69508   35.45383    0.00687    1
   6    2   -3   1.164799     0.843711     0.102929     0.849966   35.45383    0.00068    1
  -5    5   -2   1.164595     0.146074    -0.689546     0.704848   35.46022    0.00047    1
   5   -5    2   1.164595     0.143293     0.691508     0.706198   35.46022    0.00047    1
  -5   -5    2   1.164595    -2.693821    -1.895792      3.29404   35.46022    0.01026    1
   5    5   -2   1.164595    -2.698346     1.885316      3.29173   35.46022    0.01025    1
  -3   -7    3   1.162656    35.684914     0.402873      35.6872   35.52134    1.20027    1
  -3    7   -3   1.162656   -36.765635     0.638968      36.7712   35.52134    1.27429    1
   3   -7    3   1.162656   -36.761737    -0.803329      36.7705   35.52134    1.27425    1
   3    7   -3   1.162656    35.687502    -0.242947      35.6883   35.52134    1.20034    1
  -4   -6    4   1.161284    19.094001    -2.109116      19.2101   35.56471    0.34686    1
  -4    6   -4   1.161284    16.869799     3.828879      17.2989   35.56471    0.28127    1
   4   -6    4   1.161284    16.889056    -3.755860      17.3016   35.56471    0.28136    1
   4    6   -4   1.161284    19.082196     2.193237      19.2078   35.56471    0.34678    1
  -3   -7    2   1.161267    -2.700206    -0.021343      2.70029   35.56524    0.00685    1
  -3    7   -2   1.161267    -1.601328     1.265116      2.04078   35.56524    0.00391    1
   3   -7    2   1.161267    -1.593998    -1.273585      2.04031   35.56524    0.00391    1
   3    7   -2   1.161267    -2.698378     0.010949       2.6984   35.56524    0.00684    1
  -3   -1   -7   1.161115   -10.943688     1.412269      11.0344   35.57007    0.11441    1
   3    1    7   1.161115   -10.939067    -1.460889      11.0362   35.57007    0.11444    1
  -3    1    7   1.161115    15.685826     0.695366      15.7012   35.57007    0.23164    1
   3   -1   -7   1.161115    15.687811    -0.628903      15.7004   35.57007    0.23162    1
  -4    2   -7   1.160799    -4.751407    -1.540403      4.99487   35.58007    0.02343    1
   4   -2    7   1.160799    -4.757342     1.518453       4.9938   35.58007    0.02342    1
  -4   -2    7   1.160799     3.182371     3.375616      4.63921   35.58007    0.02021    1
   4    2   -7   1.160799     3.198854    -3.362380      4.64093   35.58007    0.02023    1
  -6   -3    1   1.160538     1.408206     1.505422      2.06139   35.58834    0.00399    1
  -6    3   -1   1.160538     2.975150    -4.979679      5.80075   35.58834    0.03158    1
   6   -3    1   1.160538     2.957345     4.989457      5.80005   35.58834    0.03157    1
   6    3   -1   1.160538     1.414097    -1.501562      2.06261   35.58834    0.00399    1
  -2    0   -8   1.159725   -12.273448    -0.032699      12.2735   35.61411    0.14116    1
  -2    0    8   1.159725   -11.377270     1.287449      11.4499   35.61411    0.12285    1
   2    0   -8   1.159725   -11.373420    -1.338792      11.4519   35.61411    0.12289    1
   2    0    8   1.159725   -12.270347    -0.022336      12.2704   35.61411    0.14109    1
  -5   -5    1   1.158894   -35.369899    -0.795701      35.3788   35.64050    1.17100    1
  -5    5   -1   1.158894    32.593963     0.043794       32.594   35.64050    0.99390    1
   5   -5    1   1.158894    32.591150     0.096978      32.5913   35.64050    0.99374    1
   5    5   -1   1.158894   -35.376732     0.641426      35.3825   35.64050    1.17124    1
  -2   -2   -7   1.156643    -3.227602     2.332026      3.98193   35.71219    0.01477    1
   2    2    7   1.156643    -3.217680    -2.346604      3.98246   35.71219    0.01477    1
  -2    2    7   1.156643     3.718473    -2.066636      4.25418   35.71219    0.01686    1
   2   -2   -7   1.156643     3.707908     2.082085      4.25249   35.71219    0.01684    1
   0   -1   -8   1.156093     1.620792     0.570617       1.7183   35.72976    0.00275    1
   0    1    8   1.156093     1.624879    -0.566512       1.7208   35.72976    0.00276    1
  -6   -3    2   1.154142   -21.153297    -0.077130      21.1534   35.79222    0.41475    1
   6    3   -2   1.154142   -21.149599    -0.020741      21.1496   35.79222    0.41460    1
  -6    3   -2   1.154142    17.804519     1.311854      17.8528   35.79222    0.29542    1
   6   -3    2   1.154142    17.813107    -1.229149      17.8555   35.79222    0.29551    1
  -5   -5    3   1.153883    40.644213     3.145326      40.7657   35.80053    1.53956    1
  -5    5   -3   1.153883   -41.187458     3.074940      41.3021   35.80053    1.58034    1
   5   -5    3   1.153883   -41.177524    -3.258506      41.3063   35.80053    1.58066    1
   5    5   -3   1.153883    40.654510    -2.965573      40.7625   35.80053    1.53932    1
  -4   -3    7   1.151599     1.206175     6.314483      6.42865   35.87391    0.03812    1
  -4    3   -7   1.151599    -1.798807     2.281807      2.90557   35.87391    0.00779    1
   4   -3    7   1.151599    -1.790564    -2.288043      2.90538   35.87391    0.00779    1
   4    3   -7   1.151599     1.234919    -6.309351      6.42907   35.87391    0.03812    1
  -6   -3    0   1.150682   -46.765380    -0.996425       46.776   35.90350    2.01428    1
  -6    3    0   1.150682    47.477779     1.756712      47.5103   35.90350    2.07801    1
   6   -3    0   1.150682    47.486541    -1.542938      47.5116   35.90350    2.07813    1
   6    3    0   1.150682   -46.765169     0.787117      46.7718   35.90350    2.01392    1
   0   -8    3   1.149955    -0.355302    -0.056228     0.359723   35.92696    0.00012    1
   0    8   -3   1.149955    -0.355046     0.055271     0.359322   35.92696    0.00012    1
  -5   -1   -5   1.149678     3.742741     2.262037       4.3732   35.93593    0.01757    1
   5    1    5   1.149678     3.750962    -2.241740       4.3698   35.93593    0.01754    1
  -5    1    5   1.149678    -6.367607     2.443240      6.82025   35.93593    0.04274    1
   5   -1   -5   1.149678    -6.359508    -2.477315      6.82499   35.93593    0.04280    1
  -4    1   -7   1.149552    -1.254187     0.842335       1.5108   35.93998    0.00210    1
   4   -1    7   1.149552    -1.253918    -0.847575       1.5135   35.93998    0.00210    1
  -4   -1    7   1.149552     0.980595     1.418697      1.72461   35.93998    0.00273    1
   4    1   -7   1.149552     0.986967    -1.416202      1.72619   35.93998    0.00274    1
  -5   -4   -2   1.148743    -2.251341    -1.240388      2.57043   35.96616    0.00606    1
  -5    4    2   1.148743     0.156568     1.326190       1.3354   35.96616    0.00164    1
   5   -4   -2   1.148743     0.161951    -1.325839      1.33569   35.96616    0.00164    1
   5    4    2   1.148743    -2.251878     1.232865      2.56728   35.96616    0.00604    1
  -3    7   -4   1.147813    -5.883739     0.267713      5.88983   35.99629    0.03176    1
   3   -7    4   1.147813    -5.879753    -0.292675      5.88703   35.99629    0.03173    1
  -3   -7    4   1.147813    -2.282415    -0.840149      2.43213   35.99629    0.00541    1
   3    7   -4   1.147813    -2.284856     0.831632       2.4315   35.99629    0.00541    1
  -4   -5    6   1.147470   -37.123955    -4.107098      37.3505   36.00742    1.27618    1
  -4    5   -6   1.147470    36.716633    -3.066166      36.8444   36.00742    1.24184    1
   4   -5    6   1.147470    36.704286     3.226918      36.8459   36.00742    1.24193    1
   4    5   -6   1.147470   -37.139414     3.943207      37.3482   36.00742    1.27603    1
  -4   -6    0   1.147376    11.095861    -2.559798      11.3873   36.01048    0.11860    1
  -4    6    0   1.147376     6.912798     4.310753      8.14674   36.01048    0.06070    1
   4   -6    0   1.147376     6.933658    -4.276421      8.14637   36.01048    0.06070    1
   4    6    0   1.147376    11.082804     2.611013      11.3862   36.01048    0.11858    1
  -3    2   -8   1.146592     1.566180    -1.014207      1.86589   36.03594    0.00318    1
   3   -2    8   1.146592     1.560924     1.020475       1.8649   36.03594    0.00318    1
  -3   -2    8   1.146592     0.560560    -1.316115      1.43052   36.03594    0.00187    1
   3    2   -8   1.146592     0.554248     1.317580      1.42941   36.03594    0.00187    1
   0   -3    9   1.146159     5.693361    -0.155279      5.69548   36.05004    0.02960    1
   0    3   -9   1.146159     5.692216     0.179749      5.69505   36.05004    0.02959    1
  -5   -4    5   1.146151     0.042224    -0.068432    0.0804106   36.05028    0.00001    1
  -5    4   -5   1.146151     2.845793    -1.923891       3.4351   36.05028    0.01077    1
   5   -4    5   1.146151     2.838696     1.934161      3.43499   36.05028    0.01077    1
   5    4   -5   1.146151     0.041439     0.069369    0.0808035   36.05028    0.00001    1
  -6   -2   -2   1.145490     5.555083     4.102854      6.90597   36.07182    0.04346    1
   6    2    2   1.145490     5.574600    -4.077783      6.90684   36.07182    0.04347    1
  -6    2    2   1.145490     2.426146    -4.597227      5.19814   36.07182    0.02462    1
   6   -2   -2   1.145490     2.404966     4.607203      5.19713   36.07182    0.02461    1
  -2   -5    8   1.143905     8.450431    -2.051557       8.6959   36.12351    0.06869    1
  -2    5   -8   1.143905    -7.684365    -3.931951       8.6319   36.12351    0.06768    1
   2   -5    8   1.143905    -7.701152     3.898128      8.63152   36.12351    0.06768    1
   2    5   -8   1.143905     8.441060     2.088607      8.69562   36.12351    0.06868    1
  -3   -7    1   1.143818    10.997790    -1.125300      11.0552   36.12635    0.11100    1
  -3    7   -1   1.143818   -15.033758    -1.150588      15.0777   36.12635    0.20647    1
   3   -7    1   1.143818   -15.039429     1.084604      15.0785   36.12635    0.20649    1
   3    7   -1   1.143818    10.991801     1.171757      11.0541   36.12635    0.11098    1
  -3   -3    8   1.143484     3.608963     0.377876      3.62869   36.13729    0.01195    1
  -3    3   -8   1.143484     5.612664     3.669008      6.70549   36.13729    0.04081    1
   3   -3    8   1.143484     5.632100    -3.643603      6.70793   36.13729    0.04084    1
   3    3   -8   1.143484     3.612953    -0.360784      3.63092   36.13729    0.01197    1
   0   -2    9   1.143443    -0.050522    -0.294574     0.298875   36.13863    0.00008    1
   0    2   -9   1.143443    -0.048919     0.294108     0.298149   36.13863    0.00008    1
   0   -8    2   1.142775    28.117170     1.117007      28.1393   36.16048    0.71764    1
   0    8   -2   1.142775    28.120188    -0.989468      28.1376   36.16048    0.71755    1
  -1   -1   -8   1.142681     3.240382    -0.825709      3.34393   36.16354    0.01013    1
   1    1    8   1.142681     3.239266     0.838617      3.34606   36.16354    0.01015    1
  -1    1    8   1.142681     2.460633    -2.434767      3.46162   36.16354    0.01086    1
   1   -1   -8   1.142681     2.455096     2.446940      3.46627   36.16354    0.01089    1
  -6   -1   -3   1.141706    -1.188804    -1.451143      1.87592   36.19549    0.00318    1
   6    1    3   1.141706    -1.192562     1.446840      1.87498   36.19549    0.00318    1
  -6    1    3   1.141706    -0.401071    -2.516149      2.54791   36.19549    0.00587    1
   6   -1   -3   1.141706    -0.413170     2.515189       2.5489   36.19549    0.00588    1
   0   -8    4   1.141314    22.519579     0.073060      22.5197   36.20834    0.45829    1
   0    8   -4   1.141314    22.518652     0.031182      22.5187   36.20834    0.45825    1
  -3   -6   -2   1.138764    -2.370153     1.547053      2.83037   36.29225    0.00720    1
   3    6    2   1.138764    -2.363174    -1.558172      2.83063   36.29225    0.00720    1
  -3    6    2   1.138764    -0.460652    -1.681535      1.74349   36.29225    0.00273    1
   3   -6   -2   1.138764    -0.467200     1.680464       1.7442   36.29225    0.00274    1
  -2   -7    6   1.137920   -33.061237     2.027923      33.1234   36.32012    0.98481    1
  -2    7   -6   1.137920    30.221763     3.326813      30.4043   36.32012    0.82976    1
   2   -7    6   1.137920    30.235935    -3.190260      30.4038   36.32012    0.82973    1
   2    7   -6   1.137920   -33.054302    -2.180039      33.1261   36.32012    0.98497    1
  -5   -5    0   1.137480     0.871019     0.404865     0.960516   36.33465    0.00083    1
   5    5    0   1.137480     0.871573    -0.401422     0.959572   36.33465    0.00083    1
  -5    5    0   1.137480    -1.613233    -1.290808      2.06608   36.33465    0.00383    1
   5   -5    0   1.137480    -1.618601     1.283094      2.06548   36.33465    0.00383    1
  -1   -8    3   1.136753    26.125457     1.765985      26.1851   36.35871    0.61401    1
  -1    8   -3   1.136753    24.316760    -0.746289      24.3282   36.35871    0.53002    1
   1   -8    3   1.136753    24.307334     0.856988      24.3224   36.35871    0.52976    1
   1    8   -3   1.136753    26.139222    -1.646642       26.191   36.35871    0.61429    1
   0   -4   -6   1.134648   -26.597317    -2.422356      26.7074   36.42853    0.63607    1
   0    4    6   1.134648   -26.610210     2.302297      26.7096   36.42853    0.63617    1
   0   -6    8   1.134326   -53.482770     2.950174      53.5641   36.43924    2.55685    1
   0    6   -8   1.134326   -53.471340    -3.190762      53.5665   36.43924    2.55708    1
  -1   -3    9   1.133085   -33.172446     3.743945      33.3831   36.48053    0.99067    1
  -1    3   -9   1.133085    33.994523     1.832362      34.0439   36.48053    1.03028    1
   1   -3    9   1.133085    33.999335    -1.680234      34.0408   36.48053    1.03010    1
   1    3   -9   1.133085   -33.158945    -3.891566      33.3865   36.48053    0.99088    1
  -5   -2    6   1.132279    -1.355043     0.148121      1.36311   36.50743    0.00165    1
  -5    2   -6   1.132279     0.637165     0.463595     0.787972   36.50743    0.00055    1
   5   -2    6   1.132279     0.639866    -0.460605     0.788407   36.50743    0.00055    1
   5    2   -6   1.132279    -1.354833    -0.154559      1.36362   36.50743    0.00165    1
  -6   -3    3   1.132273    -0.122345    -0.907433     0.915644   36.50763    0.00074    1
  -6    3   -3   1.132273     2.046855    -3.330756      3.90942   36.50763    0.01356    1
   6   -3    3   1.132273     2.030052     3.340378      3.90887   36.50763    0.01356    1
   6    3   -3   1.132273    -0.125488     0.907944     0.916575   36.50763    0.00075    1
  -4   -3   -5   1.131427     1.441163     1.330458      1.96139   36.53590    0.00341    1
   4    3    5   1.131427     1.446609    -1.323818      1.96091   36.53590    0.00341    1
  -4    3    5   1.131427    -1.240222    -1.339286      1.82533   36.53590    0.00295    1
   4   -3   -5   1.131427    -1.242331     1.333922      1.82284   36.53590    0.00294    1
  -2   -6   -3   1.130869    -0.888322     2.078739      2.26059   36.55455    0.00452    1
   2    6    3   1.130869    -0.881826    -2.083000      2.26197   36.55455    0.00453    1
  -2    6    3   1.130869     0.932445    -3.870599      3.98133   36.55455    0.01403    1
   2   -6   -3   1.130869     0.917701     3.872635      3.97988   36.55455    0.01402    1
  -1   -2    9   1.130461   -30.647338     1.297178      30.6748   36.56822    0.83205    1
  -1    2   -9   1.130461   -28.097249    -1.553442      28.1402   36.56822    0.70023    1
   1   -2    9   1.130461   -28.104630     1.423433      28.1407   36.56822    0.70025    1
   1    2   -9   1.130461   -30.639809    -1.434324      30.6734   36.56822    0.83197    1
  -3    1   -8   1.130106     0.135520     2.384543      2.38839   36.58010    0.00504    1
   3   -1    8   1.130106     0.147047    -2.384588      2.38912   36.58010    0.00504    1
  -3   -1    8   1.130106    -0.745219     1.389265      1.57652   36.58010    0.00220    1
   3    1   -8   1.130106    -0.738179    -1.393042      1.57654   36.58010    0.00220    1
  -1   -8    2   1.129815     0.972434     1.945530      2.17502   36.58985    0.00418    1
  -1    8   -2   1.129815    -4.583814     2.189123      5.07973   36.58985    0.02279    1
   1   -8    2   1.129815    -4.573653    -2.209381      5.07934   36.58985    0.02278    1
   1    8   -2   1.129815     0.980773    -1.941314        2.175   36.58985    0.00418    1
   0   -7    7   1.129421    -2.703017    -0.189892      2.70968   36.60309    0.00648    1
   0    7   -7   1.129421    -2.704773     0.176523      2.71053   36.60309    0.00648    1
   0   -4    9   1.129316     0.575136     5.620192      5.64954   36.60661    0.02816    1
   0    4   -9   1.129316     0.598870    -5.617723      5.64955   36.60661    0.02816    1
  -2   -7   -1   1.128898     0.120650    -2.815055      2.81764   36.62065    0.00700    1
  -2    7    1   1.128898    -1.994399    -3.951510      4.42629   36.62065    0.01727    1
   2   -7   -1   1.128898    -2.013765     3.944478      4.42879   36.62065    0.01729    1
   2    7    1   1.128898     0.105804     2.814868      2.81686   36.62065    0.00699    1
  -1   -8    4   1.128404     2.386144    -0.371510      2.41489   36.63723    0.00514    1
  -1    8   -4   1.128404     0.933356    -1.405327      1.68704   36.63723    0.00251    1
   1   -8    4   1.128404     0.928146     1.408704      1.68698   36.63723    0.00251    1
   1    8   -4   1.128404     2.385622     0.382250      2.41605   36.63723    0.00514    1
  -5   -5    4   1.128059     1.514879    -2.428622      2.86235   36.64885    0.00721    1
  -5    5   -4   1.128059    -4.413806     0.277187       4.4225   36.64885    0.01721    1
   5   -5    4   1.128059    -4.413599    -0.295212      4.42346   36.64885    0.01722    1
   5    5   -4   1.128059     1.504938     2.436194      2.86354   36.64885    0.00722    1
  -6   -1    4   1.127642    27.494948    -0.896747      27.5096   36.66287    0.66541    1
  -6    1   -4   1.127642   -29.899582    -0.466529      29.9032   36.66287    0.78624    1
   6   -1    4   1.127642   -29.897864     0.329403      29.8997   36.66287    0.78606    1
   6    1   -4   1.127642    27.494745     1.024910      27.5138   36.66287    0.66561    1
  -5    1   -6   1.127354    -0.257516     0.900215     0.936324   36.67258    0.00077    1
   5   -1    6   1.127354    -0.254291    -0.903180     0.938295   36.67258    0.00077    1
  -5   -1    6   1.127354    -0.101390     1.331810      1.33566   36.67258    0.00157    1
   5    1   -6   1.127354    -0.097239    -1.332861       1.3364   36.67258    0.00157    1
  -4   -4   -4   1.127192    12.782716     1.832750      12.9134   36.67804    0.14649    1
   4    4    4   1.127192    12.790700    -1.779656      12.9139   36.67804    0.14650    1
  -4    4    4   1.127192    15.674752    -1.244730      15.7241   36.67804    0.21720    1
   4   -4   -4   1.127192    15.669881     1.312777      15.7248   36.67804    0.21722    1
   0   -5   -5   1.126448     0.309293    -2.330095      2.35053   36.70314    0.00485    1
   0    5    5   1.126448     0.297429     2.332478      2.35136   36.70314    0.00485    1
  -6   -3   -1   1.125766    -0.994141     2.070499       2.2968   36.72615    0.00462    1
   6    3    1   1.125766    -0.983379    -2.073747      2.29509   36.72615    0.00461    1
  -6    3    1   1.125766     0.191602    -1.773106      1.78343   36.72615    0.00279    1
   6   -3   -1   1.125766     0.188611     1.775285      1.78528   36.72615    0.00279    1
  -3   -4   -5   1.125763   -56.074092    -2.493846      56.1295   36.72625    2.75965    1
   3    4    5   1.125763   -56.085681     2.237799      56.1303   36.72625    2.75972    1
  -3    4    5   1.125763   -54.494235     1.903024      54.5275   36.72625    2.60436    1
   3   -4   -5   1.125763   -54.484506    -2.152734       54.527   36.72625    2.60432    1
  -4   -6    5   1.125398    -0.271090     0.793798     0.838812   36.73861    0.00062    1
  -4    6   -5   1.125398    -0.178565    -2.926066      2.93151   36.73861    0.00752    1
   4   -6    5   1.125398    -0.192040     2.925685      2.93198   36.73861    0.00752    1
   4    6   -5   1.125398    -0.267903    -0.795473     0.839375   36.73861    0.00062    1
  -4   -4    7   1.123351    -3.210417     2.294471      3.94606   36.80794    0.01357    1
  -4    4   -7   1.123351     2.733247    -5.662974      6.28808   36.80794    0.03447    1
   4   -4    7   1.123351     2.711882     5.675185      6.28984   36.80794    0.03448    1
   4    4   -7   1.123351    -3.202661    -2.308149      3.94773   36.80794    0.01358    1
  -1   -4   -6   1.121960     0.993484    -0.031393     0.993979   36.85521    0.00086    1
  -1    4    6   1.121960    -2.145543    -1.736687      2.76033   36.85521    0.00662    1
   1   -4   -6   1.121960    -2.153264     1.727083      2.76032   36.85521    0.00662    1
   1    4    6   1.121960     0.991964     0.035022     0.992582   36.85521    0.00086    1
  -1   -6    8   1.121649    -6.423382     2.416115      6.86276   36.86581    0.04091    1
  -1    6   -8   1.121649     3.474632     0.661507      3.53704   36.86581    0.01087    1
   1   -6    8   1.121649     3.476743    -0.643912      3.53587   36.86581    0.01086    1
   1    6   -8   1.121649    -6.410697    -2.445863      6.86143   36.86581    0.04090    1
   0   -1    9   1.121574    -0.162175    -3.292661      3.29665   36.86836    0.00944    1
   0    1   -9   1.121574    -0.178426     3.294777       3.2996   36.86836    0.00946    1
  -6   -2    4   1.121460    -9.517552     1.824736       9.6909   36.87225    0.08155    1
  -6    2   -4   1.121460   -10.944832    -1.733298      11.0812   36.87225    0.10662    1
   6   -2    4   1.121460   -10.949209     1.682659      11.0777   36.87225    0.10656    1
   6    2   -4   1.121460    -9.512010    -1.866893      9.69348   36.87225    0.08159    1
  -3    4   -8   1.121245     3.636402    -2.139199      4.21896   36.87956    0.01545    1
   3   -4    8   1.121245     3.629092     2.154288      4.22034   36.87956    0.01546    1
  -3   -4    8   1.121245    -2.106292     2.030929      2.92594   36.87956    0.00743    1
   3    4   -8   1.121245    -2.097638    -2.040133      2.92613   36.87956    0.00743    1
   0   -8    1   1.120632    -2.657810     4.588970      5.30307   36.90046    0.02438    1
   0    8   -1   1.120632    -2.636861    -4.600586      5.30268   36.90046    0.02437    1
  -3   -3   -6   1.120533    -1.981481    -1.837569      2.70239   36.90385    0.00633    1
  -3    3    6   1.120533    -0.758260     0.531729     0.926118   36.90385    0.00074    1
   3   -3   -6   1.120533    -0.754758    -0.534321     0.924748   36.90385    0.00074    1
   3    3    6   1.120533    -1.992664     1.830208      2.70562   36.90385    0.00634    1
   0   -3   -7   1.119861    -4.331288    -1.570369      4.60718   36.92678    0.01837    1
   0    3    7   1.119861    -4.339442     1.552053      4.60865   36.92678    0.01838    1
  -4    0   -7   1.119559    -3.276183    -0.817601      3.37666   36.93709    0.00986    1
  -4    0    7   1.119559     3.535953     0.758085       3.6163   36.93709    0.01131    1
   4    0   -7   1.119559     3.536477    -0.742962      3.61368   36.93709    0.01130    1
   4    0    7   1.119559    -3.283085     0.804779      3.38028   36.93709    0.00988    1
  -3   -7    5   1.118517    -7.126167    -1.550611      7.29292   36.97277    0.04591    1
  -3    7   -5   1.118517     6.265306    -0.335595      6.27429   36.97277    0.03398    1
   3   -7    5   1.118517     6.260669     0.369058      6.27154   36.97277    0.03395    1
   3    7   -5   1.118517    -7.134528     1.515887      7.29379   36.97277    0.04592    1
  -5   -3    6   1.118269     2.280137    -2.624294      3.47648   36.98125    0.01043    1
  -5    3   -6   1.118269    -0.019244     1.466892      1.46702   36.98125    0.00186    1
   5   -3    6   1.118269    -0.014368    -1.468066      1.46814   36.98125    0.00186    1
   5    3   -6   1.118269     2.270387     2.632219      3.47609   36.98125    0.01042    1
   0   -7   -2   1.118114     1.123942     0.793862      1.37603   36.98656    0.00163    1
   0    7    2   1.118114     1.127264    -0.791986      1.37767   36.98656    0.00164    1
   0   -8    5   1.117883    -0.869085     3.733100      3.83293   36.99449    0.01266    1
   0    8   -5   1.117883    -0.849266    -3.737459      3.83273   36.99449    0.01266    1
  -1   -7    7   1.116906    13.986300    -1.506279      14.0672   37.02804    0.17024    1
  -1    7   -7   1.116906   -13.672090    -3.499461      14.1128   37.02804    0.17135    1
   1   -7    7   1.116906   -13.689066     3.431447      14.1126   37.02804    0.17134    1
   1    7   -7   1.116906    13.977728     1.574589      14.0661   37.02804    0.17022    1
  -1   -4    9   1.116804   -18.563978     0.187188      18.5649   37.03153    0.29645    1
  -1    4   -9   1.116804   -23.055009     1.599910      23.1105   37.03153    0.45939    1
   1   -4    9   1.116804   -23.048027    -1.700831      23.1107   37.03153    0.45940    1
   1    4   -9   1.116804   -18.562718    -0.271937      18.5647   37.03153    0.29644    1
  -6    0   -4   1.115092    42.261314    -0.018251      42.2613   37.09045    1.53083    1
  -6    0    4   1.115092    43.957575     0.051204      43.9576   37.09045    1.65619    1
   6    0   -4   1.115092    43.954296     0.153145      43.9546   37.09045    1.65596    1
   6    0    4   1.115092    42.263993     0.217029      42.2646   37.09045    1.53107    1
  -1   -5   -5   1.114030     4.481905    -2.574259      5.16859   37.12710    0.02285    1
  -1    5    5   1.114030    -3.992124    -2.888318      4.92742   37.12710    0.02077    1
   1   -5   -5   1.114030    -4.005367     2.872060      4.92866   37.12710    0.02078    1
   1    5    5   1.114030     4.469892     2.592088      5.16709   37.12710    0.02283    1
  -4   -2   -6   1.112974    -9.074706    -0.768326      9.10717   37.16362    0.07078    1
   4    2    6   1.112974    -9.080625     0.727730      9.10974   37.16362    0.07082    1
  -4    2    6   1.112974    -8.120060    -0.531577      8.13744   37.16362    0.05651    1
   4   -2   -6   1.112974    -8.119714     0.495813      8.13484   37.16362    0.05647    1
  -3   -7    0   1.112374    -2.574930    -0.034332      2.57516   37.18441    0.00565    1
  -3    7    0   1.112374    -2.978448     2.351336      3.79472   37.18441    0.01227    1
   3   -7    0   1.112374    -2.964048    -2.362130      3.79015   37.18441    0.01224    1
   3    7    0   1.112374    -2.573232     0.023540      2.57334   37.18441    0.00564    1
  -1    1   -9   1.109315    -8.202631    -0.225342      8.20573   37.29072    0.05703    1
   1   -1    9   1.109315    -8.206537     0.184216       8.2086   37.29072    0.05707    1
  -1   -1    9   1.109315     7.464314     1.295621      7.57592   37.29072    0.04861    1
   1    1   -9   1.109315     7.466952    -1.258012      7.57218   37.29072    0.04857    1
  -3   -5   -4   1.108605     1.850504     0.019044       1.8506   37.31548    0.00290    1
  -3    5    4   1.108605     1.549620     3.580888      3.90181   37.31548    0.01288    1
   3   -5   -4   1.108605     1.563983    -3.574367      3.90156   37.31548    0.01287    1
   3    5    4   1.108605     1.847170    -0.012941      1.84722   37.31548    0.00289    1
  -1   -8    1   1.108404   -27.100144    -1.195119      27.1265   37.32251    0.62210    1
  -1    8   -1   1.108404   -29.499170     1.161246       29.522   37.32251    0.73683    1
   1   -8    1   1.108404   -29.492885    -1.294408      29.5213   37.32251    0.73679    1
   1    8   -1   1.108404   -27.106077     1.072441      27.1273   37.32251    0.62214    1
  -1   -3   -7   1.107658   -36.258265    -1.322133      36.2824   37.34857    1.11122    1
  -1    3    7   1.107658    37.317561    -2.063884      37.3746   37.34857    1.17913    1
   1   -3   -7   1.107658    37.310306     2.237034      37.3773   37.34857    1.17930    1
   1    3    7   1.107658   -36.261341     1.153881      36.2797   37.34857    1.11105    1
  -4   -6   -1   1.106548     1.090524    -1.141747      1.57887   37.38740    0.00210    1
   4    6    1   1.106548     1.085545     1.146940       1.5792   37.38740    0.00210    1
  -4    6    1   1.106548    -0.171356    -1.795486      1.80364   37.38740    0.00274    1
   4   -6   -1   1.106548    -0.182763     1.795028      1.80431   37.38740    0.00274    1
  -1   -7   -2   1.105967    -1.244126    -2.735808      3.00541   37.40777    0.00760    1
  -1    7    2   1.105967     0.655451    -4.037984      4.09083   37.40777    0.01408    1
   1   -7   -2   1.105967     0.637039     4.040792       4.0907   37.40777    0.01408    1
   1    7    2   1.105967    -1.252092     2.729121      3.00264   37.40777    0.00758    1
  -1   -8    5   1.105743     1.532363    -0.061852      1.53361   37.41562    0.00198    1
  -1    8   -5   1.105743    -1.569778     1.069618      1.89955   37.41562    0.00303    1
   1   -8    5   1.105743    -1.565390    -1.080636      1.90216   37.41562    0.00304    1
   1    8   -5   1.105743     1.533274     0.066296      1.53471   37.41562    0.00198    1
  -2   -1   -8   1.105082    18.459512     1.698471      18.5375   37.43884    0.28853    1
   2    1    8   1.105082    18.468529    -1.611703      18.5387   37.43884    0.28857    1
  -2    1    8   1.105082   -20.888024    -0.588323      20.8963   37.43884    0.36664    1
   2   -1   -8   1.105082   -20.887470     0.494863      20.8933   37.43884    0.36653    1
  -5    0   -6   1.104212    -1.114355     1.284211      1.70029   37.46944    0.00242    1
   5    0    6   1.104212    -1.109226    -1.289495      1.70094   37.46944    0.00242    1
  -5    0    6   1.104212     2.876799    -0.263378      2.88883   37.46944    0.00699    1
   5    0   -6   1.104212     2.872648     0.277933      2.88606   37.46944    0.00698    1
  -5   -5   -1   1.102833     0.250218     0.888645     0.923201   37.51804    0.00071    1
  -5    5    1   1.102833     1.072691     3.175390      3.35168   37.51804    0.00939    1
   5   -5   -1   1.102833     1.085232    -3.167252      3.34802   37.51804    0.00937    1
   5    5    1   1.102833     0.255128    -0.887965     0.923889   37.51804    0.00071    1
  -5   -3   -4   1.102790    -0.632815     0.339672     0.718215   37.51958    0.00043    1
   5    3    4   1.102790    -0.632601    -0.343852     0.720013   37.51958    0.00043    1
  -5    3    4   1.102790     0.716686     1.438896       1.6075   37.51958    0.00216    1
   5   -3   -4   1.102790     0.725241    -1.436681      1.60936   37.51958    0.00216    1
  -4   -5   -3   1.101009     0.802280    -0.318399     0.863152   37.58251    0.00062    1
   4    5    3   1.101009     0.804707     0.321675     0.866619   37.58251    0.00063    1
  -4    5    3   1.101009    -0.132208    -1.515025      1.52078   37.58251    0.00193    1
   4   -5   -3   1.101009    -0.139568     1.513992      1.52041   37.58251    0.00192    1
  -3   -6    7   1.100921     5.452838     4.707702      7.20388   37.58566    0.04320    1
  -3    6   -7   1.100921     1.831437    -3.956556      4.35987   37.58566    0.01582    1
   3   -6    7   1.100921     1.809725     3.968976       4.3621   37.58566    0.01584    1
   3    6   -7   1.100921     5.476815    -4.682444      7.20561   37.58566    0.04322    1
  -2   -8    3   1.099718     2.102087    -1.462174      2.56061   37.62832    0.00544    1
  -2    8   -3   1.099718    -3.254610     2.575136      4.15016   37.62832    0.01430    1
   2   -8    3   1.099718    -3.242174    -2.588538      4.14876   37.62832    0.01429    1
   2    8   -3   1.099718     2.095020     1.472220      2.56057   37.62832    0.00544    1
  -6   -4    1   1.099333     2.573140     4.574162      5.24824   37.64196    0.02285    1
   6    4   -1   1.099333     2.591641    -4.565011      5.24937   37.64196    0.02286    1
  -6    4   -1   1.099333     0.844873    -3.286629      3.39348   37.64196    0.00955    1
   6   -4    1   1.099333     0.830139     3.290917        3.394   37.64196    0.00956    1
  -6   -4    2   1.099008     0.684905     1.328137      1.49434   37.65353    0.00185    1
   6    4   -2   1.099008     0.689985    -1.319748      1.48923   37.65353    0.00184    1
  -6    4   -2   1.099008    -1.350221    -1.570295      2.07097   37.65353    0.00356    1
   6   -4    2   1.099008    -1.355928     1.570399      2.07478   37.65353    0.00357    1
  -6   -2   -3   1.097510     0.154792    -2.420621      2.42557   37.70686    0.00486    1
   6    2    3   1.097510     0.144204     2.421044      2.42533   37.70686    0.00486    1
  -6    2    3   1.097510    -0.867173     1.314945      1.57514   37.70686    0.00205    1
   6   -2   -3   1.097510    -0.857883    -1.318987      1.57343   37.70686    0.00205    1
  -6   -3    4   1.097437   -17.829795     2.018067      17.9436   37.70946    0.26608    1
  -6    3   -4   1.097437    18.345073     1.897809       18.443   37.70946    0.28110    1
   6   -3    4   1.097437    18.355954    -1.813183      18.4453   37.70946    0.28117    1
   6    3   -4   1.097437   -17.817617    -2.101702      17.9411   37.70946    0.26601    1
   0   -6   -4   1.096690   -14.278700     0.991357      14.3131   37.73610    0.16904    1
   0    6    4   1.096690   -14.272671    -1.062169      14.3121   37.73610    0.16902    1
  -3    0   -8   1.096421    -2.540593    -1.917649      3.18308   37.74572    0.00836    1
  -3    0    8   1.096421     2.160168     0.320340      2.18379   37.74572    0.00393    1
   3    0   -8   1.096421     2.162239    -0.312259      2.18467   37.74572    0.00394    1
   3    0    8   1.096421    -2.547745     1.907579      3.18274   37.74572    0.00835    1
  -2   -3    9   1.096396    -2.809736    -0.670779      2.88869   37.74662    0.00688    1
  -2    3   -9   1.096396    -1.247566     1.629539      2.05227   37.74662    0.00347    1
   2   -3    9   1.096396    -1.241783    -1.635177      2.05325   37.74662    0.00348    1
   2    3   -9   1.096396    -2.815384     0.658310      2.89133   37.74662    0.00689    1
   0   -5    9   1.095357    -4.453018    -1.884330      4.83529   37.78378    0.01924    1
   0    5   -9   1.095357    -4.462608     1.863645      4.83612   37.78378    0.01924    1
  -5   -2   -5   1.094270    -7.578794    -0.640135      7.60578   37.82274    0.04749    1
   5    2    5   1.094270    -7.581245     0.607766      7.60557   37.82274    0.04749    1
  -5    2    5   1.094270    -7.727280     0.982806      7.78953   37.82274    0.04981    1
   5   -2   -5   1.094270    -7.723466    -1.016834      7.79011   37.82274    0.04982    1
  -2    2   -9   1.094018     5.215031    -2.407520      5.74393   37.83179    0.02707    1
   2   -2    9   1.094018     5.208095     2.430884      5.74747   37.83179    0.02710    1
  -2   -2    9   1.094018    -3.647524     4.492064      5.78646   37.83179    0.02747    1
   2    2   -9   1.094018    -3.628598    -4.509610       5.7882   37.83179    0.02749    1
  -3   -2   -7   1.093816    -1.956248    -2.808045      3.42228   37.83904    0.00961    1
   3    2    7   1.093816    -1.969392     2.800326       3.4235   37.83904    0.00961    1
  -3    2    7   1.093816    -4.927155     1.712862      5.21639   37.83904    0.02232    1
   3   -2   -7   1.093816    -4.920053    -1.735415      5.21714   37.83904    0.02232    1
  -2   -8    2   1.093433   -13.832102    -0.052348      13.8322   37.85281    0.15680    1
  -2    8   -2   1.093433   -14.407975    -1.825200      14.5231   37.85281    0.17285    1
   2   -8    2   1.093433   -14.416427     1.763093      14.5238   37.85281    0.17287    1
   2    8   -2   1.093433   -13.831264    -0.007355      13.8313   37.85281    0.15678    1
  -2   -8    4   1.092153    11.462234     2.107861      11.6544   37.89883    0.11101    1
  -2    8   -4   1.092153     9.688143     0.247903      9.69131   37.89883    0.07676    1
   2   -8    4   1.092153     9.689357    -0.207056      9.69157   37.89883    0.07677    1
   2    8   -4   1.092153    11.471826    -2.058242       11.655   37.89883    0.11102    1
  -5   -4   -3   1.090172     5.926954     1.522026      6.11926   37.97035    0.03048    1
   5    4    3   1.090172     5.933870    -1.497629      6.11994   37.97035    0.03048    1
  -5    4    3   1.090172     2.925894    -1.274541      3.19144   37.97035    0.00829    1
   5   -4   -3   1.090172     2.918443     1.287692       3.1899   37.97035    0.00828    1
  -5    5   -5   1.090018    19.796855    -1.238829      19.8356   37.97590    0.32014    1
   5   -5    5   1.090018    19.786892     1.330907      19.8316   37.97590    0.32001    1
  -5   -5    5   1.090018   -16.786998    -1.271859      16.8351   37.97590    0.23061    1
   5    5   -5   1.090018   -16.797829     1.197284      16.8404   37.97590    0.23076    1
  -6   -3   -2   1.088581    -1.124671    -0.389776       1.1903   38.02796    0.00115    1
  -6    3    2   1.088581     4.181093    -1.119262      4.32831   38.02796    0.01520    1
   6   -3   -2   1.088581     4.177712     1.140324      4.33054   38.02796    0.01521    1
   6    3    2   1.088581    -1.126143     0.383375      1.18961   38.02796    0.00115    1
  -5   -4    6   1.087325     3.181387    -0.590315      3.23569   38.07358    0.00847    1
  -5    4   -6   1.087325    -4.813522    -4.888299      6.86043   38.07358    0.03808    1
   5   -4    6   1.087325    -4.839145     4.867278      6.86351   38.07358    0.03811    1
   5    4   -6   1.087325     3.181240     0.603540      3.23799   38.07358    0.00848    1
  -2   -4   -6   1.086307    -7.528883     1.349791      7.64892   38.11063    0.04723    1
   2    4    6   1.086307    -7.526784    -1.384290      7.65302   38.11063    0.04728    1
  -2    4    6   1.086307   -10.666836    -2.056012      10.8632   38.11063    0.09527    1
   2   -4   -6   1.086307   -10.673478     2.008700      10.8608   38.11063    0.09523    1
  -2   -6    8   1.086024    -2.919994    -1.138248        3.134   38.12094    0.00792    1
  -2    6   -8   1.086024    -2.025328    -0.749789      2.15966   38.12094    0.00376    1
   2   -6    8   1.086024    -2.028230     0.741631      2.15957   38.12094    0.00376    1
   2    6   -8   1.086024    -2.923945     1.125029      3.13291   38.12094    0.00792    1
   0   -8    0   1.086007   -10.507828    -2.976547      10.9213   38.12158    0.09623    1
   0    8    0   1.086007   -10.528127     2.924376      10.9267   38.12158    0.09633    1
  -6   -4    0   1.085940     1.236298     1.439194      1.89729   38.12401    0.00290    1
   6    4    0   1.085940     1.239163    -1.439317      1.89925   38.12401    0.00291    1
  -6    4    0   1.085940     1.407960    -2.990748      3.30559   38.12401    0.00881    1
   6   -4    0   1.085940     1.398819     2.991736       3.3026   38.12401    0.00880    1
  -6   -1   -4   1.085595     1.360345    -1.518776      2.03893   38.13660    0.00335    1
   6    1    4   1.085595     1.353628     1.524864        2.039   38.13660    0.00335    1
  -6    1    4   1.085595    -2.587362    -0.344481      2.61019   38.13660    0.00549    1
   6   -1   -4   1.085595    -2.587644     0.331774      2.60883   38.13660    0.00549    1
  -1   -6   -4   1.085221    -1.249907     0.164436      1.26068   38.15024    0.00128    1
  -1    6    4   1.085221    -0.459382     1.975142      2.02786   38.15024    0.00331    1
   1   -6   -4   1.085221    -0.450395    -1.978094      2.02872   38.15024    0.00332    1
   1    6    4   1.085221    -1.249527    -0.170193      1.26106   38.15024    0.00128    1
  -6   -4    3   1.085000    -0.797504    -1.999422       2.1526   38.15833    0.00373    1
  -6    4   -3   1.085000     2.052425     3.056389      3.68157   38.15833    0.01091    1
   6   -4    3   1.085000     2.066956    -3.046105      3.68118   38.15833    0.01091    1
   6    4   -3   1.085000    -0.808169     1.995522      2.15296   38.15833    0.00373    1
   0   -2   -8   1.084628   -15.906635    -1.110224      15.9453   38.17190    0.20454    1
   0    2    8   1.084628   -15.913109     1.033057      15.9466   38.17190    0.20457    1
  -1   -5    9   1.083929    20.109659     4.528811      20.6133   38.19749    0.34132    1
  -1    5   -9   1.083929   -18.401088     2.848137      18.6202   38.19749    0.27850    1
   1   -5    9   1.083929   -18.387338    -2.934885      18.6201   38.19749    0.27850    1
   1    5   -9   1.083929    20.130729    -4.436065      20.6137   38.19749    0.34133    1
   0    0   -9   1.083651    -0.040224    -0.183801     0.188151   38.20767    0.00003    1
   0    0    9   1.083651    -0.040199     0.185420     0.189727   38.20767    0.00003    1
  -3   -5    8   1.083024    -0.450367     3.866195      3.89234   38.23066    0.01215    1
  -3    5   -8   1.083024     4.278083     0.355441      4.29282   38.23066    0.01477    1
   3   -5    8   1.083024     4.277376    -0.334949      4.29047   38.23066    0.01476    1
   3    5   -8   1.083024    -0.434923    -3.867006      3.89139   38.23066    0.01214    1
   0   -8    6   1.082260     7.679581     2.048972      7.94822   38.25870    0.05057    1
   0    8   -6   1.082260     7.685017    -2.010038      7.94353   38.25870    0.05051    1
  -2   -7    7   1.081718     1.934044    -3.289229       3.8157   38.27861    0.01164    1
  -2    7   -7   1.081718     0.844181     0.696863      1.09465   38.27861    0.00096    1
   2   -7    7   1.081718     0.840618    -0.693349      1.08967   38.27861    0.00095    1
   2    7   -7   1.081718     1.918387     3.296769       3.8143   38.27861    0.01163    1
  -2   -4    9   1.081625    -4.535451    -2.090642      4.99411   38.28201    0.01994    1
  -2    4   -9   1.081625     1.767291    -0.584032      1.86129   38.28201    0.00277    1
   2   -4    9   1.081625     1.759562     0.593066      1.85682   38.28201    0.00276    1
   2    4   -9   1.081625    -4.544917     2.070193      4.99419   38.28201    0.01994    1
  -4    5   -7   1.079998    -1.787331    -1.050049      2.07296   38.34193    0.00342    1
   4   -5    7   1.079998    -1.791138     1.041872      2.07212   38.34193    0.00342    1
  -4   -5    7   1.079998    -5.121506    -1.375269      5.30294   38.34193    0.02240    1
   4    5   -7   1.079998    -5.126737     1.353524       5.3024   38.34193    0.02240    1
  -4    6   -6   1.079184    14.573715     5.244142      15.4885   38.37201    0.19077    1
   4   -6    6   1.079184    14.598955    -5.176128      15.4894   38.37201    0.19079    1
  -4   -6    6   1.079184    16.671030    -2.840655      16.9113   38.37201    0.22743    1
   4    6   -6   1.079184    16.655847     2.918439      16.9096   38.37201    0.22738    1
  -2   -5   -5   1.079105    -0.254941     2.482319      2.49538   38.37492    0.00495    1
  -2    5    5   1.079105     0.812424     1.354274      1.57927   38.37492    0.00198    1
   2   -5   -5   1.079105     0.822543    -1.350241      1.58105   38.37492    0.00199    1
   2    5    5   1.079105    -0.244982    -2.481472      2.49354   38.37492    0.00494    1
  -3   -7    6   1.077940    -2.270262     4.222498      4.79412   38.41800    0.01823    1
  -3    7   -6   1.077940     0.182042     0.691211     0.714781   38.41800    0.00041    1
   3   -7    6   1.077940     0.189697    -0.693720     0.719188   38.41800    0.00041    1
   3    7   -6   1.077940    -2.250657    -4.234790      4.79572   38.41800    0.01824    1
  -4   -7    3   1.076177     3.009339     1.928921      3.57447   38.48343    0.01010    1
  -4    7   -3   1.076177     3.252326     3.839825      5.03208   38.48343    0.02001    1
   4   -7    3   1.076177     3.268703    -3.823503      5.03027   38.48343    0.01999    1
   4    7   -3   1.076177     3.015879    -1.914051      3.57199   38.48343    0.01008    1
  -4   -7    2   1.075075    31.921967     0.340965      31.9238   38.52442    0.80335    1
  -4    7   -2   1.075075   -31.605643     0.590990      31.6112   38.52442    0.78770    1
   4   -7    2   1.075075   -31.604763    -0.740969      31.6134   38.52442    0.78781    1
   4    7   -2   1.075075    31.923859    -0.189055      31.9244   38.52442    0.80338    1
  -4   -1   -7   1.074954     0.299407    -1.732843      1.75852   38.52893    0.00244    1
   4    1    7   1.074954     0.293126     1.735761      1.76034   38.52893    0.00244    1
  -4    1    7   1.074954     0.498267    -0.582490     0.766528   38.52893    0.00046    1
   4   -1   -7   1.074954     0.494553     0.586823     0.767427   38.52893    0.00046    1
  -1   -8    0   1.074866     2.401887     2.091761      3.18505   38.53220    0.00799    1
  -1    8    0   1.074866     0.053578    -1.220227       1.2214   38.53220    0.00118    1
   1   -8    0   1.074866     0.049586     1.219922      1.22093   38.53220    0.00117    1
   1    8    0   1.074866     2.411371    -2.082260      3.18599   38.53220    0.00800    1
  -2    1   -9   1.074817     4.627600     1.767594      4.95369   38.53402    0.01933    1
   2   -1    9   1.074817     4.636311    -1.744814      4.95376   38.53402    0.01933    1
  -2   -1    9   1.074817     0.635136     2.686996      2.76104   38.53402    0.00601    1
   2    1   -9   1.074817     0.650021    -2.684365      2.76195   38.53402    0.00601    1
  -7    0    0   1.074780    -0.655791     2.081656      2.18251   38.53542    0.00375    1
   7    0    0   1.074780    -0.645982    -2.084132      2.18195   38.53542    0.00375    1
  -2   -8    1   1.073989    -1.302987    -2.514005      2.83161   38.56494    0.00631    1
  -2    8   -1   1.073989     1.962376     3.338802      3.87279   38.56494    0.01180    1
   2   -8    1   1.073989     1.978109    -3.330795       3.8739   38.56494    0.01180    1
   2    8   -1   1.073989    -1.311202     2.508486       2.8305   38.56494    0.00630    1
  -5   -6    2   1.073647     1.604510    -0.287086      1.62999   38.57767    0.00209    1
  -5    6   -2   1.073647    -1.464807     4.882345      5.09735   38.57767    0.02042    1
   5   -6    2   1.073647    -1.440580    -4.887483      5.09537   38.57767    0.02040    1
   5    6   -2   1.073647     1.600528     0.293681      1.62725   38.57767    0.00208    1
  -1   -2   -8   1.073530     2.164370     0.189510      2.17265   38.58207    0.00371    1
  -1    2    8   1.073530    -0.837410    -3.868692      3.95829   38.58207    0.01231    1
   1   -2   -8   1.073530    -0.855899     3.866293       3.9599   38.58207    0.01232    1
   1    2    8   1.073530     2.165133    -0.181454      2.17272   38.58207    0.00371    1
  -2   -3   -7   1.073310    -2.162159    -1.226193      2.48565   38.59029    0.00485    1
  -2    3    7   1.073310    -0.780865    -1.930532      2.08248   38.59029    0.00341    1
   2   -3   -7   1.073310    -0.793249     1.928266      2.08505   38.59029    0.00341    1
   2    3    7   1.073310    -2.166360     1.216974      2.48478   38.59029    0.00485    1
  -1    0   -9   1.072582   -11.639084    -2.035466      11.8157   38.61752    0.10947    1
  -1    0    9   1.072582   -11.793450     0.685803      11.8134   38.61752    0.10942    1
   1    0   -9   1.072582   -11.790711    -0.742361      11.8141   38.61752    0.10943    1
   1    0    9   1.072582   -11.645152     1.980517      11.8124   38.61752    0.10940    1
  -3   -6   -3   1.071941   -11.781013    -1.944823      11.9405   38.64153    0.11164    1
   3    6    3   1.071941   -11.788529     1.888279      11.9388   38.64153    0.11160    1
  -3    6    3   1.071941   -11.892203     3.064009      12.2806   38.64153    0.11809    1
   3   -6   -3   1.071941   -11.881684    -3.118804      12.2842   38.64153    0.11816    1
  -2   -7   -2   1.071772   -26.579555     1.791655      26.6399   38.64787    0.55548    1
  -2    7    2   1.071772    24.943185     2.948211      25.1168   38.64787    0.49378    1
   2   -7   -2   1.071772    24.959129    -2.830155      25.1191   38.64787    0.49387    1
   2    7    2   1.071772   -26.568818    -1.914690      26.6377   38.64787    0.55539    1
  -2   -8    5   1.071568     0.062116    -2.793448      2.79414   38.65551    0.00611    1
  -2    8   -5   1.071568     3.630602     1.401292      3.89164   38.65551    0.01185    1
   2   -8    5   1.071568     3.637647    -1.385123      3.89243   38.65551    0.01185    1
   2    8   -5   1.071568     0.049633     2.794562        2.795   38.65551    0.00611    1
  -1   -8    6   1.071233     2.612541     2.101609      3.35293   38.66809    0.00879    1
  -1    8   -6   1.071233    -1.161905     0.053931      1.16316   38.66809    0.00106    1
   1   -8    6   1.071233    -1.162182    -0.060824      1.16377   38.66809    0.00106    1
   1    8   -6   1.071233     2.620796    -2.088334      3.35108   38.66809    0.00878    1
  -3   -7   -1   1.070261     0.920937    -1.727363      1.95753   38.70459    0.00299    1
   3    7    1   1.070261     0.914053     1.729338      1.95604   38.70459    0.00299    1
  -3    7    1   1.070261    -3.069087    -1.637162      3.47845   38.70459    0.00944    1
   3   -7   -1   1.070261    -3.074995     1.625200      3.47806   38.70459    0.00944    1
  -6   -1    5   1.070096     1.328935    -2.453447      2.79025   38.71080    0.00607    1
  -6    1   -5   1.070096     0.230228     0.978640      1.00536   38.71080    0.00079    1
   6   -1    5   1.070096     0.236121    -0.979341       1.0074   38.71080    0.00079    1
   6    1   -5   1.070096     1.313964     2.458165      2.78731   38.71080    0.00606    1
  -5   -6    3   1.069959   -14.989637     0.909901      15.0172   38.71596    0.17583    1
  -5    6   -3   1.069959   -15.445719    -2.176077      15.5983   38.71596    0.18970    1
   5   -6    3   1.069959   -15.458043     2.104885      15.6007   38.71596    0.18976    1
   5    6   -3   1.069959   -14.981812    -0.979716      15.0138   38.71596    0.17575    1
  -6   -2    5   1.069525     0.316304    -2.151849      2.17497   38.73228    0.00368    1
  -6    2   -5   1.069525    -1.294202     1.837781      2.24775   38.73228    0.00394    1
   6   -2    5   1.069525    -1.286262    -1.843034       2.2475   38.73228    0.00393    1
   6    2   -5   1.069525     0.304172     2.150908      2.17231   38.73228    0.00368    1
  -7    0   -1   1.068313   -33.829959     0.630672      33.8358   38.77801    0.88945    1
  -7    0    1   1.068313   -35.262375    -2.810061      35.3742   38.77801    0.97217    1
   7    0   -1   1.068313   -35.273064     2.638787      35.3716   38.77801    0.97203    1
   7    0    1   1.068313   -33.826879    -0.793779      33.8362   38.77801    0.88947    1
  -7   -1    0   1.066649     1.527530     3.088756      3.44583   38.84090    0.00919    1
  -7    1    0   1.066649    -1.429338     3.531449      3.80974   38.84090    0.01124    1
   7   -1    0   1.066649    -1.410686    -3.538564      3.80939   38.84090    0.01123    1
   7    1    0   1.066649     1.542345    -3.082396      3.44674   38.84090    0.00920    1
  -5   -1   -6   1.066018    -0.175257    -0.416239     0.451631   38.86481    0.00016    1
   5    1    6   1.066018    -0.179409     0.416753      0.45373   38.86481    0.00016    1
  -5    1    6   1.066018     0.867775    -0.652789      1.08589   38.86481    0.00091    1
   5   -1   -6   1.066018     0.865259     0.657715      1.08686   38.86481    0.00091    1
  -7   -1    1   1.064984     1.332404    -1.012517      1.67347   38.90408    0.00216    1
  -7    1   -1   1.064984    -0.637672     0.228431     0.677353   38.90408    0.00035    1
   7   -1    1   1.064984    -0.639429    -0.230231     0.679615   38.90408    0.00036    1
   7    1   -1   1.064984     1.325045     1.017591       1.6707   38.90408    0.00215    1
  -5   -6    1   1.064463    -7.383952     1.303779      7.49817   38.92388    0.04332    1
  -5    6   -1   1.064463    -7.984309    -1.672965       8.1577   38.92388    0.05127    1
   5   -6    1   1.064463    -7.991551     1.634652      8.15702   38.92388    0.05126    1
   5    6   -1   1.064463    -7.377457    -1.339411      7.49806   38.92388    0.04332    1
  -4   -7    4   1.064374    24.425310    -1.210145      24.4553   38.92728    0.46070    1
  -4    7   -4   1.064374   -21.871716    -2.167081      21.9788   38.92728    0.37212    1
   4   -7    4   1.064374   -21.882329     2.070544      21.9801   38.92728    0.37216    1
   4    7   -4   1.064374    24.419055     1.320159      24.4547   38.92728    0.46068    1
  -4    2   -8   1.063400    -0.937458    -0.941481      1.32861   38.96437    0.00136    1
   4   -2    8   1.063400    -0.940214     0.934826      1.32586   38.96437    0.00135    1
  -4   -2    8   1.063400    -1.680747     2.135874      2.71788   38.96437    0.00568    1
   4    2   -8   1.063400    -1.673283    -2.143438      2.71923   38.96437    0.00568    1
   0   -7    8   1.061602     1.966229     0.931936      2.17591   39.03302    0.00363    1
   0    7   -8   1.061602     1.971192    -0.923707      2.17689   39.03302    0.00363    1
  -4   -7    1   1.061186    -1.363497     0.078031      1.36573   39.04897    0.00143    1
  -4    7   -1   1.061186     1.542914     2.403781      2.85635   39.04897    0.00624    1
   4   -7    1   1.061186     1.555637    -2.396112      2.85681   39.04897    0.00624    1
   4    7   -1   1.061186    -1.362751    -0.084112      1.36534   39.04897    0.00143    1
  -4   -3    8   1.060919   -22.452540     1.489772      22.5019   39.05920    0.38713    1
  -4    3   -8   1.060919    21.178335     1.597334      21.2385   39.05920    0.34487    1
   4   -3    8   1.060919    21.185938    -1.496276      21.2387   39.05920    0.34488    1
   4    3   -8   1.060919   -22.445033    -1.599427      22.5019   39.05920    0.38713    1
  -6   -4   -1   1.060267    -1.651271     1.203535      2.04333   39.08417    0.00319    1
   6    4    1   1.060267    -1.649235    -1.210443      2.04576   39.08417    0.00320    1
  -6    4    1   1.060267     0.013740    -1.024617      1.02471   39.08417    0.00080    1
   6   -4   -1   1.060267     0.009020     1.025304      1.02534   39.08417    0.00080    1
  -6   -4    4   1.058810     3.969280     4.176981      5.76215   39.14016    0.02527    1
  -6    4   -4   1.058810    -0.981125    -5.601976      5.68724   39.14016    0.02462    1
   6   -4    4   1.058810    -1.008864     5.597931      5.68811   39.14016    0.02462    1
   6    4   -4   1.058810     3.988715    -4.157545      5.76151   39.14016    0.02526    1
  -5   -5   -2   1.058478    -2.195810     0.066213      2.19681   39.15292    0.00367    1
  -5    5    2   1.058478    -0.193099     0.973422      0.99239   39.15292    0.00075    1
   5   -5   -2   1.058478    -0.190172    -0.975274     0.993643   39.15292    0.00075    1
   5    5    2   1.058478    -2.195251    -0.075101      2.19654   39.15292    0.00367    1
  -4   -6   -2   1.057146    13.265712     0.005232      13.2657   39.20427    0.13345    1
  -4    6    2   1.057146    10.820382     0.256033      10.8234   39.20427    0.08883    1
   4   -6   -2   1.057146    10.821124    -0.201367       10.823   39.20427    0.08883    1
   4    6    2   1.057146    13.266791     0.060802      13.2669   39.20427    0.13347    1
  -7   -1   -1   1.055730    13.340410     3.093655      13.6944   39.25903    0.14177    1
  -7    1    1   1.055730   -10.231579     2.868496      10.6261   39.25903    0.08536    1
   7   -1   -1   1.055730   -10.222726    -2.919966      10.6316   39.25903    0.08545    1
   7    1    1   1.055730    13.350376    -3.028318      13.6895   39.25903    0.14167    1
  -6    0   -5   1.054769    -1.421170     1.942290       2.4067   39.29625    0.00437    1
   6    0    5   1.054769    -1.412126    -1.950309      2.40786   39.29625    0.00437    1
  -6    0    5   1.054769     0.187148    -3.665023       3.6698   39.29625    0.01016    1
   6    0   -5   1.054769     0.169525     3.667656      3.67157   39.29625    0.01017    1
  -5   -6    4   1.053786     2.371304    -2.196054      3.23199   39.33444    0.00786    1
  -5    6   -4   1.053786    -3.410824     2.187661      4.05211   39.33444    0.01236    1
   5   -6    4   1.053786    -3.398528    -2.205811      4.05162   39.33444    0.01236    1
   5    6   -4   1.053786     2.360373     2.207379       3.2317   39.33444    0.00786    1
  -5   -2    7   1.053423    -7.961534    -1.956377      8.19838   39.34854    0.05055    1
  -5    2   -7   1.053423    -7.082447     2.623789      7.55284   39.34854    0.04291    1
   5   -2    7   1.053423    -7.070663    -2.664251      7.55596   39.34854    0.04294    1
   5    2   -7   1.053423    -7.969937     1.911961      8.19607   39.34854    0.05053    1
  -6   -3    5   1.053132     3.496265     1.612763      3.85031   39.35988    0.01114    1
  -6    3   -5   1.053132     2.598215    -1.045790      2.80078   39.35988    0.00590    1
   6   -3    5   1.053132     2.594747     1.057757      2.80206   39.35988    0.00590    1
   6    3   -5   1.053132     3.505789    -1.598212       3.8529   39.35988    0.01116    1
  -2   -6   -4   1.052859     5.869031     0.796090      5.92278   39.37049    0.02635    1
   2    6    4   1.052859     5.869386    -0.767530      5.91936   39.37049    0.02632    1
  -2    6    4   1.052859     6.841299    -2.709782      7.35842   39.37049    0.04068    1
   2   -6   -4   1.052859     6.831449     2.743623       7.3618   39.37049    0.04071    1
  -2   -5    9   1.051679    -0.611323    -3.533978      3.58646   39.41650    0.00964    1
  -2    5   -9   1.051679     0.119783    -1.651789      1.65613   39.41650    0.00206    1
   2   -5    9   1.051679     0.113484     1.652630      1.65652   39.41650    0.00206    1
   2    5   -9   1.051679    -0.628707     3.530750      3.58629   39.41650    0.00964    1
  -1   -7    8   1.051189     1.444158    -3.458486      3.74789   39.43563    0.01051    1
  -1    7   -8   1.051189    -0.054407    -1.265956      1.26712   39.43563    0.00120    1
   1   -7    8   1.051189    -0.058850     1.267850      1.26922   39.43563    0.00121    1
   1    7   -8   1.051189     1.431008     3.465764      3.74957   39.43563    0.01052    1
  -7    1   -2   1.050908    -0.902590    -0.749496      1.17321   39.44662    0.00103    1
   7   -1    2   1.050908    -0.907219     0.746286      1.17473   39.44662    0.00103    1
  -7   -1    2   1.050908    -1.096455    -0.928236      1.43661   39.44662    0.00154    1
   7    1   -2   1.050908    -1.099028     0.922850       1.4351   39.44662    0.00154    1
  -4    1   -8   1.050209    18.250998    -0.868563      18.2717   39.47397    0.24934    1
   4   -1    8   1.050209    18.246966     0.953601      18.2719   39.47397    0.24935    1
  -4   -1    8   1.050209   -16.805869    -0.888186      16.8293   39.47397    0.21153    1
   4    1   -8   1.050209   -16.808763     0.812492      16.8284   39.47397    0.21151    1
   0   -7   -3   1.050140     2.037953     1.856505      2.75679   39.47666    0.00568    1
   0    7    3   1.050140     2.047936    -1.848879      2.75906   39.47666    0.00568    1
  -3   -1   -8   1.049903    -0.943651     0.386157      1.01961   39.48595    0.00078    1
   3    1    8   1.049903    -0.943468    -0.389673      1.02077   39.48595    0.00078    1
  -3    1    8   1.049903     1.148193     0.986492      1.51377   39.48595    0.00171    1
   3   -1   -8   1.049903     1.149715    -0.980121      1.51079   39.48595    0.00170    1
  -7    0   -2   1.049589     0.221353     0.220447     0.312401   39.49824    0.00007    1
   7    0    2   1.049589     0.224003    -0.221332     0.314905   39.49824    0.00007    1
  -7    0    2   1.049589    -0.102666     5.178304      5.17932   39.49824    0.02001    1
   7    0   -2   1.049589    -0.079264    -5.178574      5.17918   39.49824    0.02001    1
   0   -6    9   1.048668    -0.864308    -1.179829      1.46254   39.53439    0.00159    1
   0    6   -9   1.048668    -0.872960     1.174724      1.46357   39.53439    0.00159    1
  -4   -4   -5   1.046721     3.123963     1.653313      3.53449   39.61100    0.00926    1
   4    4    5   1.046721     3.128942    -1.637649       3.5316   39.61100    0.00924    1
  -4    4    5   1.046721    -2.237050    -2.413212      3.29059   39.61100    0.00802    1
   4   -4   -5   1.046721    -2.247119     2.402126      3.28934   39.61100    0.00802    1
  -5    3   -7   1.046533     9.979807    -3.467146      10.5649   39.61838    0.08269    1
   5   -3    7   1.046533     9.960928     3.517852      10.5639   39.61838    0.08267    1
  -5   -3    7   1.046533    -7.760204    -2.509918      8.15601   39.61838    0.04928    1
   5    3   -7   1.046533    -7.775882     2.470841      8.15901   39.61838    0.04932    1
  -7   -2    1   1.046179     5.462607    -0.785486      5.51879   39.63238    0.02255    1
  -7    2   -1   1.046179    13.763556    -0.146544      13.7643   39.63238    0.14024    1
   7   -2    1   1.046179    13.762488     0.211056      13.7641   39.63238    0.14024    1
   7    2   -1   1.046179     5.460331     0.813778      5.52064   39.63238    0.02256    1
  -3   -8    3   1.045299   -13.978585    -2.696065      14.2362   39.66713    0.14973    1
  -3    8   -3   1.045299   -10.903049     2.762966      11.2477   39.66713    0.09347    1
   3   -8    3   1.045299   -10.889417    -2.815633      11.2475   39.66713    0.09346    1
   3    8   -3   1.045299   -13.990659     2.627787      14.2353   39.66713    0.14971    1
  -5   -1    7   1.044996   -11.186587    -0.797643       11.215   39.67911    0.09286    1
  -5    1   -7   1.044996    11.144768     0.098778      11.1452   39.67911    0.09171    1
   5   -1    7   1.044996    11.141640    -0.046565      11.1417   39.67911    0.09165    1
   5    1   -7   1.044996   -11.193464     0.744566      11.2182   39.67911    0.09291    1
  -5    5   -6   1.043431    -1.455853     1.680136      2.22314   39.74111    0.00364    1
   5   -5    6   1.043431    -1.446448    -1.686672      2.22195   39.74111    0.00363    1
  -5   -5    6   1.043431    -1.763653     1.650690      2.41563   39.74111    0.00429    1
   5    5   -6   1.043431    -1.756537    -1.659786      2.41667   39.74111    0.00430    1
  -2   -8    0   1.043395   -17.699893     0.882338      17.7219   39.74256    0.23105    1
  -2    8    0   1.043395   -19.347636     0.293632      19.3499   39.74256    0.27545    1
   2   -8    0   1.043395   -19.345346    -0.388813      19.3493   39.74256    0.27544    1
   2    8    0   1.043395   -17.699280    -0.971419      17.7259   39.74256    0.23116    1
  -5   -6    0   1.043361     0.413249    -1.095305      1.17067   39.74393    0.00101    1
  -5    6    0   1.043361    -1.207227    -0.662761      1.37719   39.74393    0.00140    1
   5   -6    0   1.043361    -1.212621     0.655325      1.37837   39.74393    0.00140    1
   5    6    0   1.043361     0.407841     1.097228      1.17057   39.74393    0.00101    1
  -7   -2    0   1.043321    -1.008554     2.493187      2.68945   39.74549    0.00532    1
  -7    2    0   1.043321    -0.892177    -1.147256      1.45333   39.74549    0.00155    1
   7   -2    0   1.043321    -0.898270     1.142748      1.45353   39.74549    0.00155    1
   7    2    0   1.043321    -0.995129    -2.497955      2.68888   39.74549    0.00532    1
  -4   -4    8   1.043086    -4.972535     0.583692      5.00668   39.75483    0.01843    1
  -4    4   -8   1.043086    -5.384299     1.308278      5.54096   39.75483    0.02257    1
   4   -4    8   1.043086    -5.378533    -1.327908      5.54003   39.75483    0.02256    1
   4    4   -8   1.043086    -4.971263    -0.604742      5.00791   39.75483    0.01844    1
  -6   -2   -4   1.042959    -7.133645    -0.055637      7.13386   39.75989    0.03740    1
   6    2    4   1.042959    -7.131625     0.020695      7.13165   39.75989    0.03738    1
  -6    2    4   1.042959    -7.529099     0.083693      7.52956   39.75989    0.04167    1
   6   -2   -4   1.042959    -7.529462    -0.119717      7.53041   39.75989    0.04168    1
  -6   -3   -3   1.042726    -1.029842    -0.785833      1.29542   39.76914    0.00123    1
   6    3    3   1.042726    -1.032057     0.780784      1.29413   39.76914    0.00123    1
  -6    3    3   1.042726    -0.793429    -0.476034     0.925277   39.76914    0.00063    1
   6   -3   -3   1.042726    -0.796267     0.472718     0.926015   39.76914    0.00063    1
  -4   -3   -6   1.042512    -8.930433    -1.187992       9.0091   39.77764    0.05959    1
   4    3    6   1.042512    -8.935609     1.146109      9.00881   39.77764    0.05959    1
  -4    3    6   1.042512     7.368525    -0.319845      7.37546   39.77764    0.03994    1
   4   -3   -6   1.042512     7.367088     0.353252      7.37555   39.77764    0.03994    1
  -3   -3    9   1.042445    -8.558877     1.023536      8.61986   39.78030    0.05455    1
  -3    3   -9   1.042445     5.982079     0.455339      5.99938   39.78030    0.02642    1
   3   -3    9   1.042445     5.984105    -0.432924      5.99974   39.78030    0.02643    1
   3    3   -9   1.042445    -8.554284    -1.058656      8.61954   39.78030    0.05454    1
   0   -8   -1   1.042293     1.530910     1.188506       1.9381   39.78636    0.00276    1
   0    8    1   1.042293     1.538224    -1.179657      1.93849   39.78636    0.00276    1
  -2   -2   -8   1.042172    25.054065     0.706047       25.064   39.79115    0.46091    1
   2    2    8   1.042172    25.057707    -0.582432      25.0645   39.79115    0.46093    1
  -2    2    8   1.042172    26.320755     0.444870      26.3245   39.79115    0.50843    1
   2   -2   -8   1.042172    26.320971    -0.316398      26.3229   39.79115    0.50837    1
  -2    0   -9   1.041305     2.930520    -1.471317      3.27913   39.82569    0.00787    1
  -2    0    9   1.041305    -0.186457     1.413139      1.42539   39.82569    0.00149    1
   2    0   -9   1.041305    -0.177362    -1.416468      1.42753   39.82569    0.00149    1
   2    0    9   1.041305     2.922935     1.484806      3.27844   39.82569    0.00787    1
  -4   -7    5   1.040888    -0.145295     1.521913      1.52883   39.84233    0.00171    1
  -4    7   -5   1.040888    -0.017966     2.102548      2.10262   39.84233    0.00323    1
   4   -7    5   1.040888    -0.006941    -2.101715      2.10173   39.84233    0.00323    1
   4    7   -5   1.040888    -0.141931    -1.523848      1.53044   39.84233    0.00171    1
  -3   -2    9   1.040400    11.226299    -0.310363      11.2306   39.86180    0.09217    1
  -3    2   -9   1.040400     8.018638     2.252451      8.32899   39.86180    0.05070    1
   3   -2    9   1.040400     8.029707    -2.209370      8.32812   39.86180    0.05069    1
   3    2   -9   1.040400    11.221679     0.365302      11.2276   39.86180    0.09213    1
  -2   -8    6   1.040071   -15.816421    -0.476186      15.8236   39.87497    0.18285    1
  -2    8   -6   1.040071   -18.680266     0.422366       18.685   39.87497    0.25496    1
   2   -8    6   1.040071   -18.677081    -0.511854      18.6841   39.87497    0.25493    1
   2    8   -6   1.040071   -15.818732     0.399241      15.8238   39.87497    0.18285    1
  -1   -7   -3   1.040057    -4.883043    -1.354865      5.06752   39.87552    0.01875    1
  -1    7    3   1.040057     6.817661    -2.340627      7.20826   39.87552    0.03794    1
   1   -7   -3   1.040057     6.805749     2.371543      7.20711   39.87552    0.03793    1
   1    7    3   1.040057    -4.891746     1.333682      5.07029   39.87552    0.01877    1
  -3   -8    2   1.039897     0.699631     0.448961     0.831294   39.88191    0.00050    1
  -3    8   -2   1.039897     0.630026     4.166326      4.21369   39.88191    0.01296    1
   3   -8    2   1.039897     0.650945    -4.164324      4.21489   39.88191    0.01297    1
   3    8   -2   1.039897     0.700161    -0.444535      0.82936   39.88191    0.00050    1
  -3   -8    4   1.038796    -1.656448    -4.636565      4.92357   39.92596    0.01765    1
  -3    8   -4   1.038796    -1.372350     2.074209       2.4871   39.92596    0.00450    1
   3   -8    4   1.038796    -1.360470    -2.082046      2.48713   39.92596    0.00450    1
   3    8   -4   1.038796    -1.678572     4.627447      4.92249   39.92596    0.01764    1
  -1   -6    9   1.038627     7.863131    -3.901075      8.77765   39.93276    0.05608    1
  -1    6   -9   1.038627    11.460307     2.337451      11.6963   39.93276    0.09958    1
   1   -6    9   1.038627    11.472174    -2.275534      11.6957   39.93276    0.09957    1
   1    6   -9   1.038627     7.844046     3.949345      8.78216   39.93276    0.05614    1
   0   -8    7   1.037881    -0.267255     2.201052      2.21722   39.96268    0.00357    1
   0    8   -7   1.037881    -0.256298    -2.201903      2.21677   39.96268    0.00357    1
  -7   -2    2   1.037129     0.213210    -0.237426     0.319107   39.99290    0.00007    1
  -7    2   -2   1.037129     0.338457    -0.756950     0.829172   39.99290    0.00050    1
   7   -2    2   1.037129     0.333251     0.759612     0.829498   39.99290    0.00050    1
   7    2   -2   1.037129     0.211636     0.239881     0.319894   39.99290    0.00007    1
  -6   -5    2   1.036034     8.465747     2.749985       8.9012   40.03694    0.05734    1
  -6    5   -2   1.036034   -14.529173     3.492243       14.943   40.03694    0.16160    1
   6   -5    2   1.036034   -14.509670    -3.562239      14.9406   40.03694    0.16155    1
   6    5   -2   1.036034     8.482907    -2.707389      8.90447   40.03694    0.05738    1
  -4   -7    0   1.035932     9.642523    -1.538561       9.7645   40.04108    0.06899    1
  -4    7    0   1.035932   -10.772842    -2.324400      11.0208   40.04108    0.08788    1
   4   -7    0   1.035932   -10.784359     2.275510      11.0218   40.04108    0.08790    1
   4    7    0   1.035932     9.633490     1.579876      9.76218   40.04108    0.06895    1
   0   -1   -9   1.034352     0.842576    -1.238702       1.4981   40.10487    0.00162    1
   0    1    9   1.034352     0.834305     1.244436      1.49823   40.10487    0.00162    1
  -3   -4   -6   1.033762     2.026650    -2.066693      2.89457   40.12872    0.00603    1
   3    4    6   1.033762     2.020302     2.077959      2.89819   40.12872    0.00605    1
  -3    4    6   1.033762    -0.711975     1.042464      1.26239   40.12872    0.00115    1
   3   -4   -6   1.033762    -0.705008    -1.046408      1.26175   40.12872    0.00115    1
  -3   -6    8   1.033519    -1.411048     4.329280      4.55343   40.13859    0.01492    1
  -3    6   -8   1.033519     4.367107    -0.810093      4.44161   40.13859    0.01420    1
   3   -6    8   1.033519     4.362666     0.830384      4.44099   40.13859    0.01419    1
   3    6   -8   1.033519    -1.389849    -4.335772      4.55309   40.13859    0.01492    1
  -7   -1   -2   1.033340    -0.529120    -0.613211     0.809936   40.14583    0.00047    1
   7    1    2   1.033340    -0.532179     0.611638      0.81075   40.14583    0.00047    1
  -7    1    2   1.033340    -0.140333     3.427851      3.43072   40.14583    0.00847    1
   7   -1   -2   1.033340    -0.123698    -3.427759      3.42999   40.14583    0.00846    1
  -4   -5   -4   1.032886    11.872596     1.811301        12.01   40.16424    0.10365    1
  -4    5    4   1.032886   -13.110895     0.564550       13.123   40.16424    0.12376    1
   4   -5   -4   1.032886   -13.106999    -0.627845       13.122   40.16424    0.12374    1
   4    5    4   1.032886    11.881161    -1.752164      12.0097   40.16424    0.10365    1
   0   -3   10   1.032694    -0.291703     0.479031     0.560858   40.17203    0.00023    1
   0    3  -10   1.032694    -0.288557    -0.481075     0.560979   40.17203    0.00023    1
  -1   -8   -1   1.032432     1.464815     1.536931      2.12317   40.18265    0.00324    1
  -1    8    1   1.032432    -1.810735    -0.379076      1.84999   40.18265    0.00246    1
   1   -8   -1   1.032432    -1.812716     0.367966      1.84969   40.18265    0.00246    1
   1    8    1   1.032432     1.473673    -1.529676      2.12406   40.18265    0.00324    1
  -6   -5    1   1.032014    -1.512766     0.772767      1.69871   40.19961    0.00207    1
  -6    5   -1   1.032014     0.121202     0.742319     0.752149   40.19961    0.00041    1
   6   -5    1   1.032014     0.123439    -0.741680     0.751882   40.19961    0.00041    1
   6    5   -1   1.032014    -1.507551    -0.781625      1.69813   40.19961    0.00207    1
  -5   -3   -5   1.031324   -11.418895    -0.392710      11.4256   40.22768    0.09348    1
   5    3    5   1.031324   -11.421266     0.341603      11.4264   40.22768    0.09350    1
  -5    3    5   1.031324    10.790536    -0.192114      10.7922   40.22768    0.08341    1
   5   -3   -5   1.031324    10.788489     0.241335      10.7912   40.22768    0.08339    1
   0   -5   -6   1.030024    -0.619502    -1.211236      1.36047   40.28064    0.00132    1
   0    5    6   1.030024    -0.625809     1.208188      1.36064   40.28064    0.00132    1
  -3   -7    7   1.029805     5.742597    -0.964464      5.82302   40.28962    0.02420    1
  -3    7   -7   1.029805   -10.602048    -1.155756      10.6649   40.28962    0.08117    1
   3   -7    7   1.029805   -10.607533     1.098720      10.6643   40.28962    0.08116    1
   3    7   -7   1.029805     5.737550     0.998823      5.82384   40.28962    0.02421    1
  -3    4   -9   1.029725    -7.678352    -0.454731       7.6918   40.29287    0.04221    1
   3   -4    9   1.029725    -7.679598     0.423364      7.69126   40.29287    0.04221    1
  -3   -4    9   1.029725    -6.845755    -0.336739      6.85403   40.29287    0.03352    1
   3    4   -9   1.029725    -6.845567     0.311175      6.85264   40.29287    0.03351    1
   0   -4   -7   1.028980     0.274704     0.307518     0.412347   40.32329    0.00012    1
   0    4    7   1.028980     0.280117    -0.307178      0.41572   40.32329    0.00012    1
  -7   -2   -1   1.028843   -23.370766    -1.295809      23.4067   40.32891    0.39014    1
   7    2    1   1.028843   -23.377704     1.178686      23.4074   40.32891    0.39017    1
  -7    2    1   1.028843   -22.825914     0.626121      22.8345   40.32891    0.37130    1
   7   -2   -1   1.028843   -22.821601    -0.739172      22.8336   40.32891    0.37127    1
  -6   -5    3   1.028470     1.443060    -0.605453      1.56493   40.34415    0.00174    1
  -6    5   -3   1.028470     1.666531     1.623550      2.32664   40.34415    0.00385    1
   6   -5    3   1.028470     1.673518    -1.615400      2.32598   40.34415    0.00385    1
   6    5   -3   1.028470     1.439370     0.613148      1.56452   40.34415    0.00174    1
  -1   -8    7   1.028144    -3.394579    -0.974262      3.53162   40.35752    0.00887    1
  -1    8   -7   1.028144    -4.924283     1.444494      5.13178   40.35752    0.01872    1
   1   -8    7   1.028144    -4.920226    -1.465611      5.13387   40.35752    0.01874    1
   1    8   -7   1.028144    -3.396697     0.962006       3.5303   40.35752    0.00886    1
  -5   -4   -4   1.028114     0.523616    -0.224377     0.569665   40.35874    0.00023    1
   5    4    4   1.028114     0.523896     0.226448     0.570741   40.35874    0.00023    1
  -5    4    4   1.028114    -1.378270     0.460206      1.45307   40.35874    0.00150    1
   5   -4   -4   1.028114    -1.377797    -0.467246      1.45487   40.35874    0.00150    1
  -3   -5   -5   1.027549    -2.932478    -0.147908      2.93621   40.38189    0.00612    1
  -3    5    5   1.027549     0.105790     1.074882      1.08008   40.38189    0.00083    1
   3   -5   -5   1.027549     0.108173    -1.071676      1.07712   40.38189    0.00082    1
   3    5    5   1.027549    -2.935242     0.131618      2.93819   40.38189    0.00613    1
  -5    6   -5   1.026752   -18.052067     1.302645       18.099   40.41462    0.23217    1
   5   -6    5   1.026752   -18.046273    -1.392736      18.0999   40.41462    0.23219    1
  -5   -6    5   1.026752   -18.462121    -0.185822      18.4631   40.41462    0.24160    1
   5    6   -5   1.026752   -18.462675     0.092887      18.4629   40.41462    0.24160    1
  -4    6   -7   1.026663     0.742095     0.081697     0.746579   40.41829    0.00039    1
   4   -6    7   1.026663     0.742121    -0.077698     0.746177   40.41829    0.00039    1
  -4   -6    7   1.026663     0.864236    -3.332727      3.44296   40.41829    0.00840    1
   4    6   -7   1.026663     0.850320     3.336656       3.4433   40.41829    0.00840    1
   0   -2   10   1.026482    11.958579    -5.677702       13.238   40.42570    0.12413    1
   0    2  -10   1.026482    11.929959     5.730789       13.235   40.42570    0.12407    1
  -7    1   -3   1.025834    -7.312875     5.826528      9.35022   40.45235    0.06183    1
   7   -1    3   1.025834    -7.283250    -5.866895      9.35234   40.45235    0.06186    1
  -7   -1    3   1.025834     5.428841     6.189064      8.23267   40.45235    0.04794    1
   7    1   -3   1.025834     5.457723    -6.158286      8.22868   40.45235    0.04789    1
  -6   -1   -5   1.025490    -0.056550    -0.735936     0.738106   40.46654    0.00039    1
   6    1    5   1.025490    -0.060544     0.735439     0.737927   40.46654    0.00038    1
  -6    1    5   1.025490     0.496362    -2.604615      2.65149   40.46654    0.00497    1
   6   -1   -5   1.025490     0.484500     2.606779      2.65142   40.46654    0.00497    1
  -5   -4    7   1.025197     6.362643    -2.228403      6.74159   40.47860    0.03210    1
  -5    4   -7   1.025197     6.385149     3.266807      7.17232   40.47860    0.03633    1
   5   -4    7   1.025197     6.399334    -3.229056      7.16786   40.47860    0.03629    1
   5    4   -7   1.025197     6.353040     2.266476      6.74522   40.47860    0.03213    1
  -6   -4   -2   1.024826   -21.923419    -1.007876      21.9466   40.49388    0.33988    1
  -6    4    2   1.024826   -22.890679     0.167581      22.8913   40.49388    0.36977    1
   6   -4   -2   1.024826   -22.889123    -0.277722      22.8908   40.49388    0.36976    1
   6    4    2   1.024826   -21.928121     0.902783      21.9467   40.49388    0.33989    1
  -1   -1   -9   1.024713    -8.744412    -3.453898      9.40182   40.49857    0.06236    1
   1    1    9   1.024713    -8.761279     3.416795      9.40396   40.49857    0.06239    1
  -1    1    9   1.024713     7.355995    -3.834213      8.29529   40.49857    0.04855    1
   1   -1   -9   1.024713     7.337134     3.863319      8.29209   40.49857    0.04851    1
   0   -4   10   1.024471    -9.962769     1.515232      10.0773   40.50854    0.07160    1
   0    4  -10   1.024471    -9.957166    -1.564479      10.0793   40.50854    0.07163    1
  -3    1   -9   1.023846    12.379872    -0.696536      12.3995   40.53437    0.10825    1
   3   -1    9   1.023846    12.375064     0.758028      12.3983   40.53437    0.10823    1
  -3   -1    9   1.023846   -13.991329    -1.394985      14.0607   40.53437    0.13920    1
   3    1   -9   1.023846   -13.998326     1.326456       14.061   40.53437    0.13921    1
  -3   -8    1   1.023129     7.135339     0.360490      7.14444   40.56400    0.03588    1
   3    8   -1   1.023129     7.137183    -0.331897       7.1449   40.56400    0.03588    1
  -3    8   -1   1.023129     8.515585    -0.773238      8.55062   40.56400    0.05139    1
   3   -8    1   1.023129     8.511037     0.810855      8.54958   40.56400    0.05138    1
  -1   -3   10   1.023101    -1.850130     0.871578      2.04515   40.56518    0.00294    1
  -1    3  -10   1.023101    -2.654595     0.540752      2.70911   40.56518    0.00516    1
   1   -3   10   1.023101    -2.651038    -0.552891      2.70808   40.56518    0.00515    1
   1    3  -10   1.023101    -1.846854    -0.881977      2.04664   40.56518    0.00294    1
  -4    0   -8   1.023011   -26.772834    -1.126828      26.7965   40.56891    0.50462    1
  -4    0    8   1.023011   -25.289324     0.828182      25.3029   40.56891    0.44993    1
   4    0   -8   1.023011   -25.283747    -0.953103      25.3017   40.56891    0.44989    1
   4    0    8   1.023011   -26.777938     0.995015      26.7964   40.56891    0.50461    1
  -6   -4    5   1.022985     3.950449     4.578300      6.04706   40.56998    0.02570    1
  -6    4   -5   1.022985    -1.404603    -1.494398      2.05089   40.56998    0.00296    1
   6   -4    5   1.022985    -1.409838     1.487368      2.04937   40.56998    0.00295    1
   6    4   -5   1.022985     3.973550    -4.560764      6.04894   40.56998    0.02571    1
  -3   -3   -7   1.022542   -16.462834    -1.417921      16.5238   40.58831    0.19167    1
  -3    3    7   1.022542    16.438669    -0.317704      16.4417   40.58831    0.18977    1
   3   -3   -7   1.022542    16.435640     0.401352      16.4405   40.58831    0.18975    1
   3    3    7   1.022542   -16.469762     1.334770      16.5238   40.58831    0.19167    1
  -5    0   -7   1.022313     8.831168     1.517308      8.96057   40.59783    0.05634    1
   5    0    7   1.022313     8.837591    -1.475916      8.95999   40.59783    0.05633    1
  -5    0    7   1.022313     8.074939    -1.088099      8.14792   40.59783    0.04658    1
   5    0   -7   1.022313     8.071377     1.125933      8.14953   40.59783    0.04660    1
  -2   -7    8   1.021696   -15.148394     2.258462      15.3158   40.62340    0.16436    1
  -2    7   -8   1.021696    13.689256     1.341214      13.7548   40.62340    0.13256    1
   2   -7    8   1.021696    13.696945    -1.271676      13.7559   40.62340    0.13258    1
   2    7   -8   1.021696   -15.137220    -2.334158      15.3161   40.62340    0.16436    1
   0   -9    3   1.021614    -0.819042     1.855276      2.02802   40.62680    0.00288    1
   0    9   -3   1.021614    -0.810635    -1.859877      2.02886   40.62680    0.00288    1
  -3   -7   -2   1.021212    -0.740658     0.384885     0.834692   40.64351    0.00049    1
  -3    7    2   1.021212    -1.508582     1.197146      1.92587   40.64351    0.00260    1
   3   -7   -2   1.021212    -1.505814    -1.205600      1.92898   40.64351    0.00260    1
   3    7    2   1.021212    -0.737943    -0.388529     0.833975   40.64351    0.00049    1
  -3   -8    5   1.021036    10.315481     0.746257      10.3424   40.65084    0.07483    1
  -3    8   -5   1.021036    11.133621     0.306361      11.1378   40.65084    0.08679    1
   3   -8    5   1.021036    11.135516    -0.245378      11.1382   40.65084    0.08679    1
   3    8   -5   1.021036    10.318107    -0.691883      10.3413   40.65084    0.07482    1
  -4   -2   -7   1.020893    -1.987245     0.570089       2.0674   40.65676    0.00299    1
   4    2    7   1.020893    -1.984069    -0.578989      2.06682   40.65676    0.00299    1
  -4    2    7   1.020893     2.032707    -1.360528        2.446   40.65676    0.00418    1
   4   -2   -7   1.020893     2.025249     1.370988      2.44566   40.65676    0.00418    1
  -1   -5   -6   1.020505    -1.436189     1.763162      2.27407   40.67293    0.00361    1
  -1    5    6   1.020505    -3.394362     2.967301       4.5085   40.67293    0.01420    1
   1   -5   -6   1.020505    -3.380447    -2.981945      4.50771   40.67293    0.01420    1
   1    5    6   1.020505    -1.429118    -1.767802      2.27321   40.67293    0.00361    1
  -7    0   -3   1.020458    -9.323015    -1.604956      9.46015   40.67487    0.06253    1
  -7    0    3   1.020458   -10.478978     1.324311      10.5623   40.67487    0.07795    1
   7    0   -3   1.020458   -10.473941    -1.378073      10.5642   40.67487    0.07797    1
   7    0    3   1.020458    -9.329962     1.558240      9.45919   40.67487    0.06252    1
   0   -9    4   1.019631    -1.317108    -0.144888      1.32505   40.70933    0.00122    1
   0    9   -4   1.019631    -1.317984     0.138192      1.32521   40.70933    0.00122    1
  -1   -4   -7   1.019489    11.027151    -0.612545      11.0442   40.71524    0.08503    1
  -1    4    7   1.019489    12.559065     1.316715      12.6279   40.71524    0.11117    1
   1   -4   -7   1.019489    12.563842    -1.256005      12.6265   40.71524    0.11114    1
   1    4    7   1.019489    11.023169     0.669389      11.0435   40.71524    0.08502    1
  -5   -2   -6   1.017291    -0.969311     1.954083      2.18128   40.80712    0.00330    1
   5    2    6   1.017291    -0.959091    -1.958887      2.18108   40.80712    0.00330    1
  -5    2    6   1.017291    -0.383638    -0.280827     0.475438   40.80712    0.00016    1
   5   -2   -6   1.017291    -0.385273     0.278348     0.475303   40.80712    0.00016    1
  -7   -2    3   1.017065     3.278494     1.000036      3.42762   40.81660    0.00815    1
  -7    2   -3   1.017065     2.931955    -1.004237      3.09917   40.81660    0.00666    1
   7   -2    3   1.017065     2.926671     1.016018      3.09801   40.81660    0.00665    1
   7    2   -3   1.017065     3.283198    -0.985394      3.42788   40.81660    0.00815    1
  -1   -2   10   1.017059     1.432669     1.611127      2.15598   40.81683    0.00322    1
  -1    2  -10   1.017059    -3.116366    -1.507529      3.46185   40.81683    0.00831    1
   1   -2   10   1.017059    -3.127168     1.492136      3.46492   40.81683    0.00832    1
   1    2  -10   1.017059     1.440842    -1.603948      2.15608   40.81683    0.00322    1
  -6   -5    0   1.016805    -3.327758    -1.454757      3.63184   40.82749    0.00914    1
  -6    5    0   1.016805     1.187456    -0.748466      1.40366   40.82749    0.00137    1
   6   -5    0   1.016805     1.184460     0.754461      1.40434   40.82749    0.00137    1
   6    5    0   1.016805    -3.334178     1.437700      3.63094   40.82749    0.00913    1
  -1   -4   10   1.015103    -3.464472     4.815453      5.93221   40.89902    0.02429    1
  -1    4  -10   1.015103    -2.241502     0.245324      2.25489   40.89902    0.00351    1
   1   -4   10   1.015103    -2.238228    -0.255405      2.25275   40.89902    0.00350    1
   1    4  -10   1.015103    -3.441374    -4.833868      5.93375   40.89902    0.02430    1
  -7   -3    1   1.014225   -21.039516     0.706916      21.0514   40.93602    0.30524    1
  -7    3   -1   1.014225    19.553676     1.934601      19.6491   40.93602    0.26593    1
   7   -3    1   1.014225    19.562350    -1.839911      19.6487   40.93602    0.26592    1
   7    3   -1   1.014225   -21.036141    -0.809066      21.0517   40.93602    0.30525    1
   0   -6   -5   1.013970    -0.048765    -2.802313      2.80274   40.94677    0.00541    1
   0    6    5   1.013970    -0.061856     2.801521       2.8022   40.94677    0.00541    1
  -6   -2    6   1.013085     5.318823    -1.107885      5.43298   40.98414    0.02028    1
  -6    2   -6   1.013085     6.197132     1.122021      6.29789   40.98414    0.02725    1
   6   -2    6   1.013085     6.200796    -1.093806      6.29653   40.98414    0.02724    1
   6    2   -6   1.013085     5.315244     1.134461      5.43496   40.98414    0.02029    1
   0   -9    2   1.012517    -1.151588    -1.093338      1.58794   41.00818    0.00173    1
   0    9   -2   1.012517    -1.156865     1.087211      1.58757   41.00818    0.00173    1
  -5   -6   -1   1.012377   -14.499020    -0.250357      14.5012   41.01408    0.14423    1
  -5    6    1   1.012377   -14.767587    -0.006490      14.7676   41.01408    0.14957    1
   5   -6   -1   1.012377   -14.765542    -0.064085      14.7657   41.01408    0.14953    1
   5    6    1   1.012377   -14.501744     0.179883      14.5029   41.01408    0.14426    1
  -1   -9    3   1.012324    10.364295    -2.554854      10.6745   41.01635    0.07814    1
  -1    9   -3   1.012324   -10.362523    -1.571050      10.4809   41.01635    0.07533    1
   1   -9    3   1.012324   -10.370875     1.522543       10.482   41.01635    0.07535    1
   1    9   -3   1.012324    10.351080     2.603561      10.6735   41.01635    0.07813    1
  -4    5   -8   1.012102    10.562080    -0.239325      10.5648   41.02573    0.07650    1
   4   -5    8   1.012102    10.563884     0.298215      10.5681   41.02573    0.07655    1
  -4   -5    8   1.012102   -13.402380    -0.560741      13.4141   41.02573    0.12333    1
   4    5   -8   1.012102   -13.402064     0.489162       13.411   41.02573    0.12328    1
  -2   -7   -3   1.011466    -0.379176     0.105144     0.393484   41.05269    0.00011    1
  -2    7    3   1.011466     0.625637    -2.520711      2.59719   41.05269    0.00462    1
   2   -7   -3   1.011466     0.610165     2.521653      2.59442   41.05269    0.00461    1
   2    7    3   1.011466    -0.379513    -0.109225     0.394918   41.05269    0.00011    1
   0   -3   -8   1.010990    -0.074827    -0.567392     0.572304   41.07290    0.00022    1
   0    3    8   1.010990    -0.076611     0.568529     0.573668   41.07290    0.00022    1
  -1   -9    4   1.010394    -0.915620     0.570675       1.0789   41.09823    0.00079    1
  -1    9   -4   1.010394     0.064980     0.322862     0.329336   41.09823    0.00007    1
   1   -9    4   1.010394     0.067114    -0.322138     0.329055   41.09823    0.00007    1
   1    9   -4   1.010394    -0.911402    -0.575513       1.0779   41.09823    0.00079    1
  -2   -6    9   1.010150     2.714023     2.460731      3.66348   41.10858    0.00916    1
  -2    6   -9   1.010150    -6.054688    -2.200683      6.44222   41.10858    0.02832    1
   2   -6    9   1.010150    -6.065331     2.170686      6.44206   41.10858    0.02832    1
   2    6   -9   1.010150     2.725814    -2.446859      3.66295   41.10858    0.00916    1
  -6   -5    4   1.010059    19.014245     0.780613      19.0303   41.11248    0.24706    1
  -6    5   -4   1.010059   -18.967789    -0.457059      18.9733   41.11248    0.24558    1
   6   -5    4   1.010059   -18.970261     0.367446      18.9738   41.11248    0.24560    1
   6    5   -4   1.010059    19.018003    -0.688489      19.0305   41.11248    0.24706    1
  -7   -3    2   1.009947     1.087363    -3.012433      3.20267   41.11723    0.00700    1
  -7    3   -2   1.009947    -1.497830    -4.953489      5.17499   41.11723    0.01826    1
   7   -3    2   1.009947    -1.522713     4.945700      5.17481   41.11723    0.01826    1
   7    3   -2   1.009947     1.074029     3.016832      3.20231   41.11723    0.00699    1
  -6   -1    6   1.009553     1.828996    -1.612260      2.43816   41.13402    0.00405    1
  -6    1   -6   1.009553     3.169150    -0.859341      3.28359   41.13402    0.00735    1
   6   -1    6   1.009553     3.167094     0.872816      3.28516   41.13402    0.00735    1
   6    1   -6   1.009553     1.824457     1.624596      2.44294   41.13402    0.00407    1
  -5   -5   -3   1.008130   -12.389217    -0.995724      12.4292   41.19468    0.10492    1
   5    5    3   1.008130   -12.393412     0.935735      12.4287   41.19468    0.10491    1
  -5    5    3   1.008130    14.429896    -1.558206      14.5138   41.19468    0.14307    1
   5   -5   -3   1.008130    14.423314     1.626549      14.5147   41.19468    0.14308    1
  -4   -7    6   1.007950    -6.449316    -2.493657      6.91462   41.20240    0.03246    1
  -4    7   -6   1.007950     5.207855    -0.903802       5.2857   41.20240    0.01897    1
   4   -7    6   1.007950     5.202987     0.930161      5.28548   41.20240    0.01897    1
   4    7   -6   1.007950    -6.460407     2.462490      6.91381   41.20240    0.03245    1
  -7   -3    0   1.007626     0.228870     2.511401      2.52181   41.21623    0.00431    1
  -7    3    0   1.007626    -1.878632    -0.287213      1.90046   41.21623    0.00245    1
   7   -3    0   1.007626    -1.880891     0.278143      1.90135   41.21623    0.00245    1
   7    3    0   1.007626     0.236445    -2.512007      2.52311   41.21623    0.00432    1
   0   -9    5   1.006757    -4.617956     1.149525      4.75888   41.25346    0.01533    1
   0    9   -5   1.006757    -4.613757    -1.171601      4.76019   41.25346    0.01534    1
   0   -1   10   1.006591     1.164039     0.459795      1.25156   41.26056    0.00106    1
   0    1  -10   1.006591     1.166079    -0.454300      1.25145   41.26056    0.00106    1
  -1   -6   -5   1.004884   -26.215088    -2.087393      26.2981   41.33383    0.46618    1
  -1    6    5   1.004884   -22.526377     2.441299      22.6583   41.33383    0.34606    1
   1   -6   -5   1.004884   -22.514989    -2.559417        22.66   41.33383    0.34612    1
   1    6    5   1.004884   -26.223242     1.951670      26.2958   41.33383    0.46610    1
  -3   -6   -4   1.004812     1.729973     1.955211      2.61068   41.33696    0.00459    1
  -3    6    4   1.004812     1.231966     1.841655      2.21572   41.33696    0.00331    1
   3   -6   -4   1.004812     1.239304    -1.837252      2.21616   41.33696    0.00331    1
   3    6    4   1.004812     1.740075    -1.945264      2.60996   41.33696    0.00459    1
  -2   -8   -1   1.004449     2.204433    -2.291904      3.17999   41.35258    0.00681    1
  -2    8    1   1.004449    -1.013174    -0.812695      1.29884   41.35258    0.00114    1
   2   -8   -1   1.004449    -1.016009     0.809108      1.29882   41.35258    0.00114    1
   2    8    1   1.004449     2.192745     2.300603      3.17819   41.35258    0.00680    1
  -7   -2   -2   1.004135     0.086985    -2.469623      2.47115   41.36611    0.00411    1
  -7    2    2   1.004135     0.688414     1.140091      1.33181   41.36611    0.00119    1
   7   -2   -2   1.004135     0.695017    -1.138333      1.33374   41.36611    0.00120    1
   7    2    2   1.004135     0.075580     2.471246       2.4724   41.36611    0.00411    1
  -3   -5    9   1.003786     6.347850     2.972306      7.00927   41.38115    0.03303    1
  -3    5   -9   1.003786    -8.106970     1.319130      8.21359   41.38115    0.04536    1
   3   -5    9   1.003786    -8.101170    -1.357971       8.2142   41.38115    0.04537    1
   3    5   -9   1.003786     6.361267    -2.940890      7.00818   41.38115    0.03302    1
  -1   -9    2   1.003470     2.121870     4.239371      4.74074   41.39477    0.01510    1
  -1    9   -2   1.003470     0.108671     3.409176      3.41091   41.39477    0.00782    1
   1   -9    2   1.003470     0.127070    -3.409276      3.41164   41.39477    0.00782    1
   1    9   -2   1.003470     2.142139    -4.228505      4.74015   41.39477    0.01510    1
  -4   -6   -3   1.003040    -2.120464     0.429988      2.16362   41.41334    0.00314    1
   4    6    3   1.003040    -2.116872    -0.439479      2.16201   41.41334    0.00314    1
  -4    6    3   1.003040     0.386690     2.194010      2.22783   41.41334    0.00333    1
   4   -6   -3   1.003040     0.394057    -2.190940      2.22609   41.41334    0.00333    1
  -6    3   -6   1.003013    19.664189    -0.064592      19.6643   41.41450    0.25952    1
   6   -3    6   1.003013    19.664465     0.167682      19.6652   41.41450    0.25954    1
  -6   -3    6   1.003013   -17.553591    -1.306217      17.6021   41.41450    0.20794    1
   6    3   -6   1.003013   -17.558740     1.216847      17.6009   41.41450    0.20791    1
   0   -5   10   1.002808     0.067430    -0.210043     0.220601   41.42334    0.00003    1
   0    5  -10   1.002808     0.067907     0.211457     0.222094   41.42334    0.00003    1
  -1   -3   -8   1.001984     1.963897    -0.797749      2.11974   41.45899    0.00301    1
  -1    3    8   1.001984     0.360198    -1.905264      1.93901   41.45899    0.00252    1
   1   -3   -8   1.001984     0.346867     1.907684      1.93896   41.45899    0.00252    1
   1    3    8   1.001984     1.960466     0.806040       2.1197   41.45899    0.00301    1
  -4   -7   -1   1.001663     0.754811     2.412832      2.52814   41.47287    0.00428    1
  -4    7    1   1.001663     2.385913     3.435592      4.18281   41.47287    0.01171    1
   4   -7   -1   1.001663     2.400894    -3.422065      4.18029   41.47287    0.01169    1
   4    7    1   1.001663     0.768150    -2.407912      2.52747   41.47287    0.00427    1
  -7   -1   -3   1.001583    14.262463     1.216238      14.3142   41.47634    0.13706    1
  -7    1    3   1.001583   -17.412656     0.743690      17.4285   41.47634    0.20318    1
   7   -1   -3   1.001583   -17.411987    -0.833038      17.4319   41.47634    0.20326    1
   7    1    3   1.001583    14.264757    -1.141091      14.3103   41.47634    0.13698    1
  -2   -8    7   1.000498     2.953256     0.669246      3.02814   41.52338    0.00612    1
  -2    8   -7   1.000498    -2.765660    -0.158153      2.77018   41.52338    0.00512    1
   2   -8    7   1.000498    -2.766434     0.145115      2.77024   41.52338    0.00512    1
   2    8   -7   1.000498     2.956612    -0.653179       3.0279   41.52338    0.00612    1
  -1   -9    5   0.997862    21.328506    -1.375665      21.3728   41.63817    0.30290    1
  -1    9   -5   0.997862   -22.516117    -0.995338      22.5381   41.63817    0.33683    1
   1   -9    5   0.997862   -22.519109     0.879615      22.5363   41.63817    0.33678    1
   1    9   -5   0.997862    21.322190     1.485072      21.3738   41.63817    0.30293    1
  -1    1  -10   0.997701    -2.592552    -1.471693      2.98114   41.64522    0.00589    1
   1   -1   10   0.997701    -2.598927     1.459535      2.98072   41.64522    0.00589    1
  -1   -1   10   0.997701    -1.887150    -0.939524      2.10809   41.64522    0.00295    1
   1    1  -10   0.997701    -1.891483     0.929933      2.10772   41.64522    0.00294    1
  -2   -1   -9   0.997336     3.355768     2.523091      4.19847   41.66116    0.01167    1
   2    1    9   0.997336     3.370199    -2.506897      4.20033   41.66116    0.01168    1
  -2    1    9   0.997336     2.849478     3.652181      4.63227   41.66116    0.01421    1
   2   -1   -9   0.997336     2.865942    -3.638390      4.63158   41.66116    0.01421    1
  -3   -8    0   0.996575    -0.931073    -4.171869       4.2745   41.69444    0.01208    1
   3    8    0   0.996575    -0.948764     4.167241      4.27388   41.69444    0.01208    1
  -3    8    0   0.996575    -1.579441     2.366799      2.84541   41.69444    0.00535    1
   3   -8    0   0.996575    -1.566686    -2.373622      2.84404   41.69444    0.00535    1
  -2   -3   10   0.995849     3.887609    -2.667717      4.71489   41.72625    0.01467    1
  -2    3  -10   0.995849    -3.380003    -5.277505      6.26709   41.72625    0.02592    1
   2   -3   10   0.995849    -3.404227     5.255156      6.26142   41.72625    0.02587    1
   2    3  -10   0.995849     3.874276     2.692505      4.71801   41.72625    0.01469    1
  -3   -2   -8   0.995510    -2.208185    -0.211151      2.21826   41.74115    0.00324    1
   3    2    8   0.995510    -2.209958     0.200015      2.21899   41.74115    0.00325    1
  -3    2    8   0.995510     1.600812    -1.579797      2.24908   41.74115    0.00334    1
   3   -2   -8   0.995510     1.592605     1.588591      2.24945   41.74115    0.00334    1
  -7   -3    3   0.995196     2.101334    -0.528839      2.16686   41.75493    0.00309    1
  -7    3   -3   0.995196    -4.488123    -1.308626      4.67501   41.75493    0.01440    1
   7   -3    3   0.995196    -4.492777     1.286401      4.67331   41.75493    0.01439    1
   7    3   -3   0.995196     2.100968     0.537846      2.16872   41.75493    0.00310    1
  -3    0   -9   0.994754    -5.320066     3.942027      6.62138   41.77435    0.02886    1
  -3    0    9   0.994754    -6.123956    -2.498717      6.61411   41.77435    0.02880    1
   3    0   -9   0.994754    -6.139399     2.468512      6.61708   41.77435    0.02882    1
   3    0    9   0.994754    -5.298034    -3.970767      6.62089   41.77435    0.02886    1
   0   -7    9   0.994201     0.255801     1.331207      1.35556   41.79868    0.00121    1
   0    7   -9   0.994201     0.261465    -1.328492      1.35398   41.79868    0.00121    1
  -1   -5   10   0.994017    -4.862587     1.414295      5.06409   41.80677    0.01685    1
  -1    5  -10   0.994017    -6.389253    -0.153352      6.39109   41.80677    0.02684    1
   1   -5   10   0.994017    -6.392192     0.120280      6.39332   41.80677    0.02686    1
   1    5  -10   0.994017    -4.858275    -1.440900      5.06745   41.80677    0.01687    1
  -3   -8    6   0.993677     0.715634    -0.188439     0.740027   41.82173    0.00036    1
  -3    8   -6   0.993677     2.782872    -1.020395      2.96405   41.82173    0.00577    1
   3   -8    6   0.993677     2.776394     1.032527      2.96217   41.82173    0.00576    1
   3    8   -6   0.993677     0.716121     0.192441     0.741528   41.82173    0.00036    1
  -2   -5   -6   0.993455   -12.371540    -2.126624       12.553   41.83153    0.10341    1
  -2    5    6   0.993455    14.095178    -1.291577      14.1542   41.83153    0.13148    1
   2   -5   -6   0.993455    14.088686     1.366094      14.1548   41.83153    0.13149    1
   2    5    6   0.993455   -12.382218     2.061236      12.5526   41.83153    0.10341    1
   0   -9    1   0.993195    -3.136421    -0.216748       3.1439   41.84301    0.00648    1
   0    9   -1   0.993195    -3.138413     0.202792      3.14496   41.84301    0.00649    1
   0   -8   -2   0.993008    42.682679     1.512448      42.7095   41.85124    1.19584    1
   0    8    2   0.993008    42.689506    -1.284665      42.7088   41.85124    1.19580    1
  -6    0   -6   0.992832    -8.873217    -0.279407      8.87761   41.85900    0.05165    1
  -6    0    6   0.992832   -10.050319    -0.488443      10.0622   41.85900    0.06635    1
   6    0   -6   0.992832   -10.051557     0.438368      10.0611   41.85900    0.06633    1
   6    0    6   0.992832    -8.875322     0.234842      8.87843   41.85900    0.05166    1
  -2   -4   -7   0.992518    -2.106070    -0.084008      2.10775   41.87288    0.00291    1
   2    4    7   0.992518    -2.107004     0.072856      2.10826   41.87288    0.00291    1
  -2    4    7   0.992518    -0.126177    -1.392526      1.39823   41.87288    0.00128    1
   2   -4   -7   0.992518    -0.129683     1.393689      1.39971   41.87288    0.00128    1
  -7   -1    4   0.992047     3.074853    -1.021643      3.24014   41.89368    0.00687    1
  -7    1   -4   0.992047     1.571156    -0.594838      1.67999   41.89368    0.00185    1
   7   -1    4   0.992047     1.568196     0.602792      1.68006   41.89368    0.00185    1
   7    1   -4   0.992047     3.068027     1.037522      3.23871   41.89368    0.00686    1
  -5   -5    7   0.991926     6.523470    -1.987446       6.8195   41.89903    0.03041    1
  -5    5   -7   0.991926    -8.665974    -0.692406      8.69359   41.89903    0.04942    1
   5   -5    7   0.991926    -8.670270     0.646995      8.69438   41.89903    0.04943    1
   5    5   -7   0.991926     6.513270     2.021941      6.81989   41.89903    0.03041    1
  -6   -5   -1   0.991829     1.530612     1.175160      1.92971   41.90331    0.00243    1
   6    5    1   0.991829     1.534206    -1.168039      1.92824   41.90331    0.00243    1
  -6    5    1   0.991829    -0.299580     3.977129       3.9884   41.90331    0.01040    1
   6   -5   -1   0.991829    -0.281096    -3.976848      3.98677   41.90331    0.01039    1
  -6   -3   -4   0.991798   -21.442147     2.006311      21.5358   41.90471    0.30318    1
   6    3    4   0.991798   -21.431691    -2.112488      21.5356   41.90471    0.30318    1
  -6    3    4   0.991798    17.346259     2.964520      17.5978   41.90471    0.20244    1
   6   -3   -4   0.991798    17.361294    -2.878755      17.5983   41.90471    0.20245    1
  -5   -6    6   0.991295     1.863562     2.006089      2.73811   41.92698    0.00490    1
  -5    6   -6   0.991295    -3.413673    -1.620167      3.77864   41.92698    0.00932    1
   5   -6    6   0.991295    -3.419725     1.602934      3.77676   41.92698    0.00931    1
   5    6   -6   0.991295     1.873226    -1.997190       2.7382   41.92698    0.00490    1
  -7   -3   -1   0.990769    -2.993625    -2.864595      4.14339   41.95028    0.01120    1
  -7    3    1   0.990769     3.975293    -3.388034      5.22319   41.95028    0.01779    1
   7   -3   -1   0.990769     3.955738     3.408686      5.22178   41.95028    0.01778    1
   7    3    1   0.990769    -3.010552     2.849412      4.14519   41.95028    0.01121    1
  -2    2  -10   0.990276   -11.530499    -1.949327      11.6941   41.97217    0.08907    1
   2   -2   10   0.990276   -11.540578     1.887385      11.6939   41.97217    0.08907    1
  -2   -2   10   0.990276   -12.590308     1.025841       12.632   41.97217    0.10394    1
   2    2  -10   0.990276   -12.584183    -1.094070      12.6317   41.97217    0.10393    1
  -5   -7    3   0.988963   -15.416736     2.119116      15.5617   42.03051    0.15725    1
  -5    7   -3   0.988963    18.790161     1.546276      18.8537   42.03051    0.23081    1
   5   -7    3   0.988963    18.796826    -1.451132      18.8528   42.03051    0.23079    1
   5    7   -3   0.988963   -15.406962    -2.194473      15.5625   42.03051    0.15726    1
  -2   -4   10   0.988470    -5.596695    -1.854382      5.89591   42.05250    0.02255    1
  -2    4  -10   0.988470    -5.650620     0.090427      5.65134   42.05250    0.02071    1
   2   -4   10   0.988470    -5.651176    -0.122002      5.65249   42.05250    0.02072    1
   2    4  -10   0.988470    -5.603774     1.824272      5.89324   42.05250    0.02253    1
   0   -8    8   0.988243   -14.219022     0.531493       14.229   42.06258    0.13124    1
   0    8   -8   0.988243   -14.216579    -0.605099      14.2295   42.06258    0.13125    1
  -5   -7    2   0.988108     2.330126     2.126607      3.15467   42.06861    0.00645    1
  -5    7   -2   0.988108    -0.628708    -0.598251     0.867858   42.06861    0.00049    1
   5   -7    2   0.988108    -0.632572     0.594521     0.868103   42.06861    0.00049    1
   5    7   -2   0.988108     2.338239    -2.115690      3.15333   42.06861    0.00644    1
  -5   -1   -7   0.988014     7.464689     2.295849      7.80977   42.07281    0.03952    1
   5    1    7   0.988014     7.474980    -2.260077      7.80918   42.07281    0.03951    1
  -5    1    7   0.988014    -3.940528     0.692773      4.00096   42.07281    0.01037    1
   5   -1   -7   0.988014    -3.938790    -0.709679      4.00221   42.07281    0.01038    1
  -7    2   -4   0.987830     0.515558     1.985240      2.05109   42.08102    0.00272    1
   7   -2    4   0.987830     0.525702    -1.981080      2.04964   42.08102    0.00272    1
  -7   -2    4   0.987830    -0.873786     1.502446      1.73806   42.08102    0.00196    1
   7    2   -4   0.987830    -0.869363    -1.506197      1.73909   42.08102    0.00196    1
  -2   -9    3   0.985903    -0.669850     3.984146      4.04006   42.16719    0.01052    1
  -2    9   -3   0.985903     2.045732     0.327231      2.07174   42.16719    0.00277    1
   2   -9    3   0.985903     2.047432    -0.317422      2.07189   42.16719    0.00277    1
   2    9   -3   0.985903    -0.648167    -3.988750      4.04107   42.16719    0.01053    1
  -1   -7    9   0.985632    -7.794688    -3.561129      8.56964   42.17932    0.04731    1
  -1    7   -9   0.985632     8.062847    -3.889679      8.95204   42.17932    0.05163    1
   1   -7    9   0.985632     8.042402     3.932705      8.95245   42.17932    0.05163    1
   1    7   -9   0.985632    -7.812246     3.520456      8.56883   42.17932    0.04730    1
  -6   -2   -5   0.985587     1.954736     1.811039      2.66474   42.18136    0.00457    1
   6    2    5   0.985587     1.964706    -1.801710      2.66575   42.18136    0.00458    1
  -6    2    5   0.985587    -0.421363    -3.035722      3.06483   42.18136    0.00605    1
   6   -2   -5   0.985587    -0.437889     3.033466      3.06491   42.18136    0.00605    1
  -4   -1   -8   0.984915     6.838218     1.138314      6.93231   42.21152    0.03091    1
   4    1    8   0.984915     6.845952    -1.107046      6.93488   42.21152    0.03093    1
  -4    1    8   0.984915    -6.986742     0.576982      7.01053   42.21152    0.03161    1
   4   -1   -8   0.984915    -6.982047    -0.611230      7.00875   42.21152    0.03159    1
  -1   -9    1   0.984652    28.901324     0.583226      28.9072   42.22333    0.53707    1
  -1    9   -1   0.984652   -29.221821     1.169527      29.2452   42.22333    0.54970    1
   1   -9    1   0.984652   -29.214395    -1.318914      29.2442   42.22333    0.54966    1
   1    9   -1   0.984652    28.904404    -0.435182      28.9077   42.22333    0.53709    1
  -1   -8   -2   0.984470     1.346325     1.140055      1.76418   42.23150    0.00200    1
  -1    8    2   0.984470    -1.999292    -0.241724      2.01385   42.23150    0.00261    1
   1   -8   -2   0.984470    -1.998865     0.233327      2.01244   42.23150    0.00260    1
   1    8    2   0.984470     1.350409    -1.134282      1.76358   42.23150    0.00200    1
   0   -9    6   0.984180    -1.868441    -0.609664      1.96539   42.24453    0.00248    1
   0    9   -6   0.984180    -1.871866     0.598815      1.96531   42.24453    0.00248    1
  -2   -9    4   0.984120    -0.193714     4.415362      4.41961   42.24724    0.01254    1
  -2    9   -4   0.984120     1.401160     5.058276      5.24875   42.24724    0.01768    1
   2   -9    4   0.984120     1.426087    -5.051353       5.2488   42.24724    0.01768    1
   2    9   -4   0.984120    -0.172719    -4.414923       4.4183   42.24724    0.01253    1
  -7    0   -4   0.983470     1.452207     2.674243       3.0431   42.27651    0.00594    1
   7    0    4   0.983470     1.466664    -2.667802      3.04438   42.27651    0.00594    1
  -7    0    4   0.983470     0.733280    -0.772399      1.06504   42.27651    0.00073    1
   7    0   -4   0.983470     0.730959     0.775901      1.06598   42.27651    0.00073    1
   0   -7   -4   0.983081     0.350694    -0.075343     0.358696   42.29404    0.00008    1
   0    7    4   0.983081     0.350275     0.076830     0.358602   42.29404    0.00008    1
  -6   -4   -3   0.982589     1.293457     0.036969      1.29399   42.31622    0.00107    1
   6    4    3   0.982589     1.294041    -0.030198      1.29439   42.31622    0.00107    1
  -6    4    3   0.982589     0.976263     2.678060      2.85046   42.31622    0.00520    1
   6   -4   -3   0.982589     0.989531    -2.672081      2.84942   42.31622    0.00519    1
  -6   -5    5   0.982477    -2.042484     4.051105      4.53687   42.32129    0.01316    1
  -6    5   -5   0.982477    -1.634489     5.091853      5.34776   42.32129    0.01829    1
   6   -5    5   0.982477    -1.610057    -5.100120      5.34822   42.32129    0.01829    1
   6    5   -5   0.982477    -2.024254    -4.060798      4.53737   42.32129    0.01316    1
  -4   -8    3   0.981111    -2.560500     1.616686      3.02817   42.38304    0.00584    1
  -4    8   -3   0.981111     0.963773     0.622577      1.14737   42.38304    0.00084    1
   4   -8    3   0.981111     0.967292    -0.618157      1.14794   42.38304    0.00084    1
   4    8   -3   0.981111    -2.551653    -1.631419      3.02861   42.38304    0.00585    1
  -6   -4    6   0.980503   -16.011035     0.099903      16.0113   42.41058    0.16314    1
  -6    4   -6   0.980503   -15.673487     0.791254      15.6934   42.41058    0.15673    1
   6   -4    6   0.980503   -15.669524    -0.874884      15.6939   42.41058    0.15674    1
   6    4   -6   0.980503   -16.010600    -0.187285      16.0117   42.41058    0.16315    1
  -1   -8    8   0.979826    -0.731252     1.769975      1.91508   42.44130    0.00233    1
  -1    8   -8   0.979826     0.422516    -2.875436      2.90631   42.44130    0.00537    1
   1   -8    8   0.979826     0.408188     2.878470      2.90727   42.44130    0.00537    1
   1    8   -8   0.979826    -0.723201    -1.775095      1.91676   42.44130    0.00233    1
  -5   -7    4   0.979780     0.361627     1.054737      1.11501   42.44341    0.00079    1
  -5    7   -4   0.979780     0.311949    -0.337138     0.459319   42.44341    0.00013    1
   5   -7    4   0.979780     0.311201     0.339253     0.460368   42.44341    0.00013    1
   5    7   -4   0.979780     0.366499    -1.052511       1.1145   42.44341    0.00079    1
  -2   -6   -5   0.979027     0.592053    -0.228605     0.634655   42.47763    0.00026    1
  -2    6    5   0.979027    -1.000196    -1.697343      1.97012   42.47763    0.00246    1
   2   -6   -5   0.979027    -1.007366     1.691250      1.96853   42.47763    0.00246    1
   2    6    5   0.979027     0.587041     0.233632     0.631823   42.47763    0.00025    1
  -5   -2    8   0.979020     0.583965    -0.120601     0.596289   42.47794    0.00023    1
  -5    2   -8   0.979020     1.273657    -2.071877      2.43205   42.47794    0.00375    1
   5   -2    8   0.979020     1.264994     2.080007      2.43447   42.47794    0.00376    1
   5    2   -8   0.979020     0.582352     0.122322      0.59506   42.47794    0.00022    1
  -4   -3    9   0.978750    -4.369010     0.352704      4.38322   42.49023    0.01218    1
   4    3   -9   0.978750    -4.369161    -0.374273      4.38516   42.49023    0.01219    1
  -4    3   -9   0.978750    -1.687968     1.233334      2.09054   42.49023    0.00277    1
   4   -3    9   0.978750    -1.681324    -1.241534      2.09004   42.49023    0.00277    1
   0   -2   -9   0.978566     0.248092    -1.380335      1.40245   42.49862    0.00125    1
   0    2    9   0.978566     0.240616     1.381906       1.4027   42.49862    0.00125    1
  -2   -9    2   0.977719    -3.614886     1.173012      3.80044   42.53723    0.00913    1
  -2    9   -2   0.977719     5.965500     0.492630      5.98581   42.53723    0.02265    1
   2   -9    2   0.977719     5.966593    -0.460321      5.98432   42.53723    0.02264    1
   2    9   -2   0.977719    -3.609654    -1.192163      3.80143   42.53723    0.00913    1
  -3    7   -8   0.977617    -2.542714     2.864549      3.83028   42.54188    0.00927    1
   3   -7    8   0.977617    -2.529341    -2.879033      3.83228   42.54188    0.00928    1
  -3   -7    8   0.977617    -4.489928    -1.688997       4.7971   42.54188    0.01454    1
   3    7   -8   0.977617    -4.499177     1.665816      4.79766   42.54188    0.01455    1
  -5   -7    1   0.977291     5.135417     4.638829      6.92035   42.55673    0.03024    1
  -5    7   -1   0.977291    -5.845732     5.823737      8.25158   42.55673    0.04300    1
   5   -7    1   0.977291    -5.818948    -5.856094      8.25554   42.55673    0.04304    1
   5    7   -1   0.977291     5.157330    -4.610901      6.91798   42.55673    0.03022    1
  -5   -3    8   0.977083    -1.530035     1.026192       1.8423   42.56627    0.00214    1
  -5    3   -8   0.977083     2.687610     2.547580      3.70316   42.56627    0.00866    1
   5   -3    8   0.977083     2.699186    -2.531084      3.70027   42.56627    0.00864    1
   5    3   -8   0.977083    -1.523520    -1.032217      1.84027   42.56627    0.00214    1
  -4   -2    9   0.977057    -0.933953     1.354018      1.64488   42.56743    0.00171    1
  -4    2   -9   0.977057     1.337970    -1.221261      1.81153   42.56743    0.00207    1
   4   -2    9   0.977057     1.330636     1.228897      1.81129   42.56743    0.00207    1
   4    2   -9   0.977057    -0.924295    -1.359301      1.64378   42.56743    0.00171    1
  -4   -8    2   0.976640   -11.973866    -0.300816      11.9776   42.58649    0.09045    1
  -4    8   -2   0.976640   -11.315684    -0.913359      11.3525   42.58649    0.08126    1
   4   -8    2   0.976640   -11.318794     0.848029      11.3505   42.58649    0.08123    1
   4    8   -2   0.976640   -11.975755     0.231197       11.978   42.58649    0.09046    1
  -2   -3   -8   0.976344    12.660744     3.108079      13.0367   42.60005    0.10708    1
  -2    3    8   0.976344   -11.339591     0.910048       11.376   42.60005    0.08154    1
   2   -3   -8   0.976344   -11.332722    -0.969394      11.3741   42.60005    0.08151    1
   2    3    8   0.976344    12.677485    -3.044631       13.038   42.60005    0.10710    1
  -1   -9    6   0.975866     3.534421     3.162685      4.74286   42.62193    0.01416    1
  -1    9   -6   0.975866     2.720945     5.245914      5.90958   42.62193    0.02198    1
   1   -9    6   0.975866     2.750640    -5.231432      5.91049   42.62193    0.02198    1
   1    9   -6   0.975866     3.549956    -3.145431      4.74299   42.62193    0.01416    1
  -4   -8    4   0.975728     5.910891     0.958431      5.98809   42.62823    0.02256    1
  -4    8   -4   0.975728     8.487149    -2.183438      8.76351   42.62823    0.04832    1
   4   -8    4   0.975728     8.475850     2.228325      8.76387   42.62823    0.04832    1
   4    8   -4   0.975728     5.914332    -0.927914      5.98668   42.62823    0.02255    1
   0    0  -10   0.975286   -14.353329    -0.466459      14.3609   42.64852    0.12961    1
   0    0   10   0.975286   -14.355883     0.386365      14.3611   42.64852    0.12961    1
  -1   -7   -4   0.974794     3.459821    -0.158426      3.46345   42.67110    0.00753    1
  -1    7    4   0.974794     1.601692    -0.748219      1.76784   42.67110    0.00196    1
   1   -7   -4   0.974794     1.600077     0.755378      1.76942   42.67110    0.00197    1
   1    7    4   0.974794     3.458098     0.174430      3.46249   42.67110    0.00753    1
  -5   -6   -2   0.974134    -1.305243    -0.619891      1.44497   42.70144    0.00131    1
  -5    6    2   0.974134     0.079332    -0.334796     0.344066   42.70144    0.00007    1
   5   -6   -2   0.974134     0.078719     0.334522     0.343659   42.70144    0.00007    1
   5    6    2   0.974134    -1.311170     0.613012      1.44739   42.70144    0.00131    1
  -7   -4    1   0.972608     4.320913    -1.384985      4.53745   42.77172    0.01286    1
   7    4   -1   0.972608     4.311591     1.405477      4.53489   42.77172    0.01284    1
  -7    4   -1   0.972608     5.888274     4.509475      7.41668   42.77172    0.03435    1
   7   -4    1   0.972608     5.911397    -4.479635      7.41699   42.77172    0.03435    1
  -2   -9    5   0.972529     3.824795     1.827012      4.23875   42.77533    0.01122    1
  -2    9   -5   0.972529     2.399824     0.876379      2.55484   42.77533    0.00407    1
   2   -9    5   0.972529     2.404306    -0.864054      2.55485   42.77533    0.00407    1
   2    9   -5   0.972529     3.833883    -1.806829      4.23831   42.77533    0.01121    1
  -7   -4    2   0.972382    -0.165561    -1.765260      1.77301   42.78213    0.00196    1
   7    4   -2   0.972382    -0.174480     1.762789       1.7714   42.78213    0.00196    1
  -7    4   -2   0.972382    -0.679797     0.309659     0.747002   42.78213    0.00035    1
   7   -4    2   0.972382    -0.678894    -0.311262     0.746847   42.78213    0.00035    1
  -2   -1   10   0.972380    21.134319     1.939403      21.2231   42.78223    0.28108    1
  -2    1  -10   0.972380   -22.495573     0.112683      22.4959   42.78223    0.31581    1
   2   -1   10   0.972380   -22.495880    -0.229517      22.4971   42.78223    0.31584    1
   2    1  -10   0.972380    21.143148    -1.828028       21.222   42.78223    0.28105    1
  -4   -4   -6   0.971553    21.333303    -0.051856      21.3334   42.82044    0.28344    1
   4    4    6   0.971553    21.332179     0.161702      21.3328   42.82044    0.28343    1
  -4    4    6   0.971553    22.017785     0.772828      22.0313   42.82044    0.30229    1
   4   -4   -6   0.971553    22.022775    -0.660126      22.0327   42.82044    0.30233    1
  -4   -6    8   0.971351    16.863064    -3.339452      17.1905   42.82980    0.18395    1
  -4    6   -8   0.971351    13.081409     4.995114      14.0027   42.82980    0.12205    1
   4   -6    8   0.971351    13.107582    -4.927194      14.0031   42.82980    0.12206    1
   4    6   -8   0.971351    16.846193     3.428508      17.1915   42.82980    0.18398    1
  -7   -2   -3   0.971344    23.852402     1.954773      23.9324   42.83011    0.35653    1
  -7    2    3   0.971344    23.729346    -1.591973      23.7827   42.83011    0.35208    1
   7   -2   -3   0.971344    23.721151     1.717176      23.7832   42.83011    0.35210    1
   7    2    3   0.971344    23.862960    -1.830535      23.9331   42.83011    0.35655    1
  -7   -3    4   0.971294    -1.497341    -0.657259      1.63524   42.83244    0.00166    1
  -7    3   -4   0.971294    -2.798109    -1.252041      3.06546   42.83244    0.00585    1
   7   -3    4   0.971294    -2.803717     1.238242      3.06498   42.83244    0.00585    1
   7    3   -4   0.971294    -1.500779     0.650703      1.63577   42.83244    0.00167    1
  -6   -6    2   0.970438    -7.271273     2.064128      7.55857   42.87205    0.03549    1
  -6    6   -2   0.970438    -7.427048    -3.353606      8.14909   42.87205    0.04125    1
   6   -6    2   0.970438    -7.445045     3.316042      8.15014   42.87205    0.04126    1
   6    6   -2   0.970438    -7.259608    -2.099963      7.55723   42.87205    0.03547    1
  -1   -2   -9   0.970392    -4.163377     0.222151       4.1693   42.87422    0.01080    1
  -1    2    9   0.970392    -1.201421    -0.370388      1.25722   42.87422    0.00098    1
   1   -2   -9   0.970392    -1.206159     0.364475      1.26002   42.87422    0.00099    1
   1    2    9   0.970392    -4.159469    -0.241993       4.1665   42.87422    0.01078    1
   0   -6   10   0.970137   -15.190929     4.806017      15.9331   42.88605    0.15756    1
   0    6  -10   0.970137   -15.168587    -4.885746       15.936   42.88605    0.15762    1
  -2   -5   10   0.968969    38.538514    -1.150315      38.5557   42.94030    0.92002    1
  -2    5  -10   0.968969   -34.984221    -2.528615      35.0755   42.94030    0.76142    1
   2   -5   10   0.968969   -34.996582     2.343608       35.075   42.94030    0.76140    1
   2    5  -10   0.968969    38.531926     1.351645      38.5556   42.94030    0.92002    1
  -5   -1    8   0.968697    -2.130008     1.009799      2.35725   42.95293    0.00344    1
  -5    1   -8   0.968697    -0.571752     1.170240      1.30244   42.95293    0.00105    1
   5   -1    8   0.968697    -0.566211    -1.172935      1.30245   42.95293    0.00105    1
   5    1   -8   0.968697    -2.124435    -1.021692      2.35735   42.95293    0.00344    1
  -3   -7   -3   0.968643    11.459987    -0.466674      11.4695   42.95545    0.08135    1
  -3    7    3   0.968643   -12.958609    -0.796830      12.9831   42.95545    0.10424    1
   3   -7   -3   0.968643   -12.960847     0.724810      12.9811   42.95545    0.10421    1
   3    7    3   0.968643    11.458994     0.529649      11.4712   42.95545    0.08138    1
  -4   -7    7   0.968265     2.257651     3.163666      3.88661   42.97304    0.00933    1
  -4    7   -7   0.968265     7.659223     4.744322      9.00957   42.97304    0.05015    1
   4   -7    7   0.968265     7.685443    -4.706196       9.0119   42.97304    0.05018    1
   4    7   -7   0.968265     2.272900    -3.153411      3.88717   42.97304    0.00934    1
  -4   -4    9   0.968199    -3.544050     0.261136      3.55366   42.97612    0.00780    1
  -4    4   -9   0.968199     2.404199     1.631032      2.90524   42.97612    0.00521    1
   4   -4    9   0.968199     2.415448    -1.621134      2.90903   42.97612    0.00523    1
   4    4   -9   0.968199    -3.546117    -0.279274       3.5571   42.97612    0.00782    1
  -6   -6    3   0.967712     1.025191     0.413651       1.1055   42.99884    0.00075    1
  -6    6   -3   0.967712     1.913220     4.338908        4.742   42.99884    0.01387    1
   6   -6    3   0.967712     1.936538    -4.329508      4.74287   42.99884    0.01388    1
   6    6   -3   0.967712     1.030434    -0.409589      1.10885   42.99884    0.00076    1
  -3   -6    9   0.967488   -27.086911     3.780781      27.3495   43.00931    0.46127    1
  -3    6   -9   0.967488   -28.079518    -5.116040      28.5418   43.00931    0.50236    1
   3   -6    9   0.967488   -28.107720     4.967621      28.5433   43.00931    0.50242    1
   3    6   -9   0.967488   -27.065516    -3.925304      27.3487   43.00931    0.46124    1
  -1    0  -10   0.967193     1.719374    -4.594289      4.90548   43.02306    0.01483    1
  -1    0   10   0.967193    -1.113829     1.859100      2.16723   43.02306    0.00289    1
   1    0  -10   0.967193    -1.103188    -1.865627      2.16739   43.02306    0.00289    1
   1    0   10   0.967193     1.695858     4.603426      4.90586   43.02306    0.01483    1
  -4   -5   -5   0.966390    -0.146134    -0.463284     0.485785   43.06059    0.00015    1
  -4    5    5   0.966390     0.652705    -2.605586      2.68609   43.06059    0.00444    1
   4   -5   -5   0.966390     0.639502     2.608670      2.68591   43.06059    0.00444    1
   4    5    5   0.966390    -0.149271     0.461654     0.485187   43.06059    0.00014    1
  -5   -4   -5   0.965958     9.151361    -1.594415      9.28922   43.08082    0.05301    1
  -5    4    5   0.965958    10.085025     1.211686      10.1576   43.08082    0.06339    1
   5   -4   -5   0.965958    10.090991    -1.160829      10.1575   43.08082    0.06339    1
   5    4    5   0.965958     9.143777     1.640740      9.28982   43.08082    0.05302    1
   0   -9    0   0.965339    -1.383866     0.740065      1.56933   43.10979    0.00151    1
   0    9    0   0.965339    -1.379988    -0.748026      1.56968   43.10979    0.00151    1
  -7   -3   -2   0.965138    -0.143280     0.972893     0.983387   43.11925    0.00059    1
  -7    3    2   0.965138    -2.085770     1.101984      2.35898   43.11925    0.00341    1
   7   -3   -2   0.965138    -2.083905    -1.112783       2.3624   43.11925    0.00342    1
   7    3    2   0.965138    -0.138914    -0.972690     0.982559   43.11925    0.00059    1
  -6   -1   -6   0.964794   -27.470420    -3.836014       27.737   43.13540    0.47132    1
  -6    1    6   0.964794    28.523684    -2.110960      28.6017   43.13540    0.50117    1
   6   -1   -6   0.964794    28.513408     2.257447      28.6026   43.13540    0.50120    1
   6    1    6   0.964794   -27.488717     3.694197      27.7358   43.13540    0.47128    1
  -6   -6    1   0.963640    -1.223700    -1.953710       2.3053   43.18962    0.00325    1
  -6    6   -1   0.963640     2.609360     3.044999      4.01008   43.18962    0.00982    1
   6   -6    1   0.963640     2.625708    -3.030395      4.00969   43.18962    0.00982    1
   6    6   -1   0.963640    -1.234938     1.946399      2.30511   43.18962    0.00325    1
  -4   -1    9   0.963307     0.709244     4.727631      4.78054   43.20530    0.01395    1
  -4    1   -9   0.963307     1.037556    -0.947365        1.405   43.20530    0.00120    1
   4   -1    9   0.963307     1.033350     0.953939      1.40635   43.20530    0.00121    1
   4    1   -9   0.963307     0.734234    -4.723975      4.78069   43.20530    0.01395    1
  -7   -4    0   0.963296     1.196999    -0.404018      1.26334   43.20584    0.00097    1
  -7    4    0   0.963296    -0.662318    -2.015414      2.12145   43.20584    0.00275    1
   7   -4    0   0.963296    -0.674207     2.012136      2.12209   43.20584    0.00275    1
   7    4    0   0.963296     1.192437     0.409237      1.26071   43.20584    0.00097    1
  -5    4   -8   0.963099     2.938989    -1.759488      3.42541   43.21511    0.00716    1
   5   -4    8   0.963099     2.927556     1.774943       3.4236   43.21511    0.00715    1
  -5   -4    8   0.963099    -4.412466     0.078379      4.41316   43.21511    0.01188    1
   5    4   -8   0.963099    -4.409557    -0.099087      4.41067   43.21511    0.01187    1
  -7   -1   -4   0.963055     2.374260    -2.365702      3.35166   43.21719    0.00685    1
  -7    1    4   0.963055    -0.541768    -1.902427      1.97806   43.21719    0.00239    1
   7   -1   -4   0.963055    -0.552683     1.896715       1.9756   43.21719    0.00238    1
   7    1    4   0.963055     2.361807     2.377400      3.35114   43.21719    0.00685    1
  -4   -8    1   0.962710     1.727146    -0.679004      1.85582   43.23344    0.00210    1
  -4    8   -1   0.962710     1.201961     2.751500      3.00258   43.23344    0.00550    1
   4   -8    1   0.962710     1.219104    -2.745668      3.00415   43.23344    0.00550    1
   4    8   -1   0.962710     1.721027     0.688800      1.85375   43.23344    0.00209    1
  -5   -3   -6   0.962647     0.480473    -1.615771       1.6857   43.23641    0.00173    1
  -5    3    6   0.962647     0.883140    -0.083583     0.887086   43.23641    0.00048    1
   5   -3   -6   0.962647     0.882821     0.088227     0.887219   43.23641    0.00048    1
   5    3    6   0.962647     0.472894     1.617514      1.68522   43.23641    0.00173    1
  -7   -4    3   0.962639    29.021237     0.711868        29.03   43.23679    0.51357    1
  -7    4   -3   0.962639    26.981066     0.324263       26.983   43.23679    0.44370    1
   7   -4    3   0.962639    26.980604    -0.175824      26.9812   43.23679    0.44364    1
   7    4   -3   0.962639    29.026484    -0.552454      29.0317   43.23679    0.51363    1
  -3   -8   -1   0.962475   -13.585163    -3.730926      14.0882   43.24456    0.12090    1
  -3    8    1   0.962475   -12.612069     5.232834      13.6546   43.24456    0.11358    1
   3   -8   -1   0.962475   -12.587270    -5.301070       13.658   43.24456    0.11363    1
   3    8    1   0.962475   -13.604148     3.658516      14.0875   43.24456    0.12089    1
  -4   -3   -7   0.962222     0.327999     0.692994     0.766697   43.25651    0.00036    1
  -4    3    7   0.962222     0.825495    -2.907474      3.02239   43.25651    0.00556    1
   4   -3   -7   0.962222     0.810788     2.912392      3.02314   43.25651    0.00556    1
   4    3    7   0.962222     0.329663    -0.690259     0.764941   43.25651    0.00036    1
  -1   -6   10   0.962170    -3.030724    -3.298640      4.47954   43.25893    0.01221    1
  -1    6  -10   0.962170     2.269995     2.088816      3.08481   43.25893    0.00579    1
   1   -6   10   0.962170     2.280131    -2.076397       3.0839   43.25893    0.00579    1
   1    6  -10   0.962170    -3.048165     3.281962      4.47913   43.25893    0.01221    1
  -5   -7    5   0.961368    -4.947067     3.282542      5.93705   43.29684    0.02141    1
  -5    7   -5   0.961368     9.906101     4.161658      10.7448   43.29684    0.07014    1
   5   -7    5   0.961368     9.929232    -4.109530      10.7461   43.29684    0.07015    1
   5    7   -5   0.961368    -4.930922    -3.311464      5.93968   43.29684    0.02143    1
  -2   -7    9   0.961197    -2.886728    -0.546936      2.93808   43.30494    0.00524    1
  -2    7   -9   0.961197    -4.626710     0.535042      4.65754   43.30494    0.01317    1
   2   -7    9   0.961197    -4.625734    -0.558358      4.65931   43.30494    0.01318    1
   2    7   -9   0.961197    -2.890391     0.530563      2.93868   43.30494    0.00524    1
  -4   -7   -2   0.961113     4.147293    -1.296558      4.34524   43.30893    0.01146    1
  -4    7    2   0.961113     0.130722    -0.717868     0.729673   43.30893    0.00032    1
   4   -7   -2   0.961113     0.127559     0.718576     0.729811   43.30893    0.00032    1
   4    7    2   0.961113     4.141068     1.316837       4.3454   43.30893    0.01146    1
  -4   -8    5   0.960966     1.968499    -2.233924      2.97748   43.31588    0.00538    1
  -4    8   -5   0.960966     1.363547    -3.243089      3.51808   43.31588    0.00751    1
   4   -8    5   0.960966     1.349358     3.248575      3.51767   43.31588    0.00751    1
   4    8   -5   0.960966     1.956876     2.245009      2.97816   43.31588    0.00538    1
  -2   -9    1   0.960288     2.229817     0.045009      2.23027   43.34802    0.00301    1
  -2    9   -1   0.960288     0.995097     1.254652      1.60136   43.34802    0.00155    1
   2   -9    1   0.960288     1.003041    -1.250004      1.60269   43.34802    0.00156    1
   2    9   -1   0.960288     2.229166    -0.031469      2.22939   43.34802    0.00301    1
  -2   -8   -2   0.960119    -3.656167     0.270120      3.66613   43.35602    0.00814    1
  -2    8    2   0.960119    -5.355250    -1.270422      5.50388   43.35602    0.01835    1
   2   -8   -2   0.960119    -5.360965     1.239877      5.50248   43.35602    0.01834    1
   2    8    2   0.960119    -3.655203    -0.289640      3.66666   43.35602    0.00814    1
  -6   -5   -2   0.959193    13.341289     0.317628      13.3451   43.39998    0.10762    1
   6    5    2   0.959193    13.345093    -0.251117      13.3475   43.39998    0.10765    1
  -6    5    2   0.959193   -12.272687     1.055935       12.318   43.39998    0.09169    1
   6   -5   -2   0.959193   -12.267076    -1.119617      12.3181   43.39998    0.09169    1
  -3   -8    7   0.958998   -32.197799    -3.031809      32.3402   43.40930    0.63170    1
  -3    8   -7   0.958998   -30.742142     2.174508       30.819   43.40930    0.57366    1
   3   -8    7   0.958998   -30.729866    -2.337973      30.8187   43.40930    0.57365    1
   3    8   -7   0.958998   -32.211253     2.860967      32.3381   43.40930    0.63161    1
  -1   -9    0   0.957490    -2.160009    -1.691167       2.7433   43.48113    0.00453    1
  -1    9    0   0.957490    -0.159877     4.304062      4.30703   43.48113    0.01116    1
   1   -9    0   0.957490    -0.136239    -4.302843        4.305   43.48113    0.01115    1
   1    9    0   0.957490    -2.167471     1.681246      2.74309   43.48113    0.00453    1
  -5   -7    0   0.957459    -0.926612     0.703967      1.16369   43.48258    0.00081    1
  -5    7    0   0.957459     2.571413    -2.694636      3.72468   43.48258    0.00835    1
   5   -7    0   0.957459     2.555648     2.708214      3.72368   43.48258    0.00834    1
   5    7    0   0.957459    -0.923964    -0.708472      1.16432   43.48258    0.00082    1
  -3   -1   -9   0.956211    -0.917970    -1.719659      1.94933   43.54223    0.00228    1
  -3    1    9   0.956211     0.556111    -2.190282      2.25978   43.54223    0.00306    1
   3   -1   -9   0.956211     0.546044     2.186515      2.25367   43.54223    0.00305    1
   3    1    9   0.956211    -0.926173     1.721127       1.9545   43.54223    0.00229    1
  -2   -8    8   0.955810   -11.209943    -0.253048      11.2128   43.56144    0.07534    1
  -2    8   -8   0.955810   -13.221911     1.701780       13.331   43.56144    0.10650    1
   2   -8    8   0.955810   -13.212858    -1.770175      13.3309   43.56144    0.10649    1
   2    8   -8   0.955810   -11.211386     0.196678      11.2131   43.56144    0.07535    1
  -6   -6    4   0.955697   -25.166780    -1.071793      25.1896   43.56686    0.38013    1
  -6    6   -4   0.955697   -22.434048     0.115787      22.4343   43.56686    0.30152    1
   6   -6    4   0.955697   -22.435614    -0.236439      22.4369   43.56686    0.30158    1
   6    6   -4   0.955697   -25.170187     0.936261      25.1876   43.56686    0.38006    1
  -6   -2    7   0.955427     2.057057     2.998026      3.63588   43.57982    0.00791    1
  -6    2   -7   0.955427    -2.454866    -1.901806      3.10536   43.57982    0.00577    1
   6   -2    7   0.955427    -2.467820     1.889063      3.10784   43.57982    0.00578    1
   6    2   -7   0.955427     2.074319    -2.987833       3.6373   43.57982    0.00792    1
  -5   -5   -4   0.955053     0.340324    -0.243852      0.41867   43.59775    0.00010    1
  -5    5    4   0.955053    -1.631649     0.126435      1.63654   43.59775    0.00160    1
   5   -5   -4   0.955053    -1.630101    -0.135635      1.63573   43.59775    0.00160    1
   5    5    4   0.955053     0.341231     0.244643     0.419868   43.59775    0.00011    1
  -3   -3   10   0.954901    -3.597770    -0.814209      3.68875   43.60503    0.00814    1
  -3    3  -10   0.954901    -1.109675     0.441617      1.19432   43.60503    0.00085    1
   3   -3   10   0.954901    -1.107624    -0.449472      1.19535   43.60503    0.00085    1
   3    3  -10   0.954901    -3.602795     0.796561       3.6898   43.60503    0.00814    1
   0   -9    7   0.953802    -1.171188    -2.651269      2.89843   43.65786    0.00501    1
   0    9   -7   0.953802    -1.184920     2.642198      2.89573   43.65786    0.00500    1
  -3   -5   -6   0.952789     0.063581    -1.160158       1.1619   43.70665    0.00080    1
  -3    5    6   0.952789    -0.604678    -0.546475     0.815027   43.70665    0.00040    1
   3   -5   -6   0.952789    -0.607476     0.543628     0.815205   43.70665    0.00040    1
   3    5    6   0.952789     0.056598     1.162656      1.16403   43.70665    0.00081    1
  -7    1   -5   0.952185   -16.945650    -1.537614      17.0153   43.73582    0.17194    1
   7   -1    5   0.952185   -16.951881     1.450346      17.0138   43.73582    0.17191    1
  -7   -1    5   0.952185    17.486631     0.025667      17.4866   43.73582    0.18160    1
   7    1   -5   0.952185    17.487967     0.064056      17.4881   43.73582    0.18163    1
  -2   -9    6   0.952133   -27.161007     2.244593      27.2536   43.73834    0.44106    1
  -2    9   -6   0.952133    27.572485     0.540931      27.5778   43.73834    0.45161    1
   2   -9    6   0.952133    27.574269    -0.396482      27.5771   43.73834    0.45159    1
   2    9   -6   0.952133   -27.149139    -2.385596      27.2537   43.73834    0.44106    1
  -3   -4   -7   0.951963    -3.501137     0.092893      3.50237   43.74656    0.00728    1
   3    4    7   0.951963    -3.500070    -0.115480      3.50197   43.74656    0.00728    1
  -3    4    7   0.951963    -3.500579    -1.162796      3.68865   43.74656    0.00808    1
   3   -4   -7   0.951963    -3.507185     1.142814      3.68868   43.74656    0.00808    1
  -7   -2    5   0.951783    -9.205386     1.784617      9.37678   43.75526    0.05216    1
  -7    2   -5   0.951783    -8.156849    -4.017347      9.09248   43.75526    0.04905    1
   7   -2    5   0.951783    -8.178342     3.973866      9.09268   43.75526    0.04905    1
   7    2   -5   0.951783    -9.196643    -1.832967      9.37753   43.75526    0.05217    1
  -2   -7   -4   0.951137   -19.224644     0.221952      19.2259   43.78650    0.21895    1
  -2    7    4   0.951137    17.396957    -0.094065      17.3972   43.78650    0.17928    1
   2   -7   -4   0.951137    17.396344     0.191167      17.3974   43.78650    0.17928    1
   2    7    4   0.951137   -19.223758    -0.326463      19.2265   43.78650    0.21896    1
  -6   -3    7   0.950277    -0.690133     2.021860       2.1364   43.82815    0.00270    1
  -6    3   -7   0.950277    -0.214387     0.642682     0.677497   43.82815    0.00027    1
   6   -3    7   0.950277    -0.211922    -0.644389     0.678343   43.82815    0.00027    1
   6    3   -7   0.950277    -0.675250    -2.025038      2.13465   43.82815    0.00269    1
  -5   -6    7   0.950127    -9.572729    -0.432739       9.5825   43.83547    0.05425    1
  -5    6   -7   0.950127    -8.057945     0.973782      8.11657   43.83547    0.03892    1
   5   -6    7   0.950127    -8.054419    -1.018361      8.11854   43.83547    0.03894    1
   5    6   -7   0.950127    -9.572799     0.381257      9.58039   43.83547    0.05423    1
  -3   -2   10   0.949984    -1.149529     0.090250      1.15307   43.84242    0.00079    1
  -3    2  -10   0.949984     0.007644    -1.514072      1.51409   43.84242    0.00135    1
   3   -2   10   0.949984     0.001569     1.511703       1.5117   43.84242    0.00135    1
   3    2  -10   0.949984    -1.147341    -0.094739      1.15125   43.84242    0.00078    1
  -6   -1    7   0.949126    -0.809843     1.869980      2.03781   43.88408    0.00245    1
  -6    1   -7   0.949126    -2.343166     2.021993      3.09498   43.88408    0.00565    1
   6   -1    7   0.949126    -2.331633    -2.034251       3.0943   43.88408    0.00564    1
   6    1   -7   0.949126    -0.798695    -1.874066      2.03716   43.88408    0.00245    1
  -3    4  -10   0.948389     3.233676     5.324253      6.22931   43.91998    0.02283    1
   3   -4   10   0.948389     3.258854    -5.306256      6.22708   43.91998    0.02281    1
  -3   -4   10   0.948389    -0.678732    -0.799640      1.04886   43.91998    0.00065    1
   3    4  -10   0.948389    -0.684630     0.796007      1.04993   43.91998    0.00065    1
  -6   -5    6   0.947953   -13.742016     2.256689      13.9261   43.94120    0.11397    1
  -6    5   -6   0.947953    13.561217     3.077660      13.9061   43.94120    0.11364    1
   6   -5    6   0.947953    13.579507    -3.006394      13.9083   43.94120    0.11368    1
   6    5   -6   0.947953   -13.730652    -2.330273       13.927   43.94120    0.11398    1
  -6   -6    0   0.947900    -8.049590    -1.345773      8.16131   43.94379    0.03914    1
  -6    6    0   0.947900    -2.845648     1.815754       3.3756   43.94379    0.00670    1
   6   -6    0   0.947900    -2.834466    -1.829609      3.37367   43.94379    0.00669    1
   6    6    0   0.947900    -8.059065     1.304619      8.16398   43.94379    0.03916    1
  -4   -6   -4   0.947403     2.654355     0.368651      2.67983   43.96803    0.00421    1
  -4    6    4   0.947403     0.954551     1.245352       1.5691   43.96803    0.00144    1
   4   -6   -4   0.947403     0.960909    -1.239627      1.56844   43.96803    0.00144    1
   4    6    4   0.947403     2.656162    -0.351139      2.67927   43.96803    0.00421    1
  -5    0   -8   0.947230     1.553077    -1.879552      2.43819   43.97651    0.00349    1
   5    0    8   0.947230     1.541569     1.888889       2.4381   43.97651    0.00349    1
  -5    0    8   0.947230    -1.986699     2.179948      2.94943   43.97651    0.00510    1
   5    0   -8   0.947230    -1.975608    -2.192231      2.95109   43.97651    0.00511    1
  -2   -2   -9   0.947046     0.627834     2.494379      2.57218   43.98547    0.00388    1
  -2    2    9   0.947046     0.499841     1.930601      1.99426   43.98547    0.00233    1
   2   -2   -9   0.947046     0.510243    -1.927129      1.99353   43.98547    0.00233    1
   2    2    9   0.947046     0.640662    -2.491682      2.57273   43.98547    0.00388    1
  -4    5   -9   0.946543     0.539799    -2.174072      2.24008   44.01007    0.00294    1
   4   -5    9   0.946543     0.528105     2.176325      2.23948   44.01007    0.00294    1
  -4   -5    9   0.946543     0.099573    -0.287368      0.30413   44.01007    0.00005    1
   4    5   -9   0.946543     0.096845     0.288364     0.304192   44.01007    0.00005    1
  -1   -9    7   0.946228     9.775508    -3.022942      10.2322   44.02549    0.06126    1
  -1    9   -7   0.946228   -10.831638    -4.285122      11.6485   44.02549    0.07939    1
   1   -9    7   0.946228   -10.854733     4.224491      11.6478   44.02549    0.07939    1
   1    9   -7   0.946228     9.759326     3.077385       10.233   44.02549    0.06127    1
  -3   -9    3   0.946121     4.001513    -0.280149      4.01131   44.03074    0.00941    1
  -3    9   -3   0.946121    -0.141738    -0.403412     0.427587   44.03074    0.00011    1
   3   -9    3   0.946121    -0.145253     0.401767     0.427218   44.03074    0.00011    1
   3    9   -3   0.946121     3.998697     0.302737      4.01014   44.03074    0.00941    1
   0   -5   -7   0.945741    -1.758470    -1.564308      2.35357   44.04936    0.00324    1
   0    5    7   0.945741    -1.764539     1.555152      2.35204   44.04936    0.00323    1
  -5   -2   -7   0.945548   -15.887282    -2.209605      16.0402   44.05881    0.15029    1
   5    2    7   0.945548   -15.897798     2.130781        16.04   44.05881    0.15029    1
  -5    2    7   0.945548   -16.012799     2.290817      16.1758   44.05881    0.15284    1
   5   -2   -7   0.945548   -16.000732    -2.370142      16.1753   44.05881    0.15283    1
  -7   -4   -1   0.945240    11.570576    -0.005804      11.5706   44.07391    0.07814    1
   7    4    1   0.945240    11.570905     0.069290      11.5711   44.07391    0.07815    1
  -7    4    1   0.945240    13.951047     0.399339      13.9568   44.07391    0.11370    1
   7   -4   -1   0.945240    13.953491    -0.325771      13.9573   44.07391    0.11370    1
  -3   -9    4   0.944545     2.706167     0.862524       2.8403   44.10806    0.00470    1
  -3    9   -4   0.944545     0.297119    -3.910200      3.92147   44.10806    0.00896    1
   3   -9    4   0.944545     0.274941     3.911914      3.92156   44.10806    0.00896    1
   3    9   -4   0.944545     2.709703    -0.847440      2.83913   44.10806    0.00470    1
  -7   -4    4   0.944207     2.081143    -3.255600      3.86395   44.12467    0.00869    1
  -7    4   -4   0.944207    -0.676727     2.439867      2.53198   44.12467    0.00373    1
   7   -4    4   0.944207    -0.663535    -2.441781      2.53033   44.12467    0.00373    1
   7    4   -4   0.944207     2.065106     3.266286      3.86436   44.12467    0.00869    1
  -2    0  -10   0.944072   -17.790196     1.416834      17.8465   44.13131    0.18536    1
  -2    0   10   0.944072   -13.116709     0.208316      13.1184   44.13131    0.10015    1
   2    0  -10   0.944072   -13.115489    -0.282429      13.1185   44.13131    0.10016    1
   2    0   10   0.944072   -17.782779    -1.515960      17.8473   44.13131    0.18537    1
  -7    0   -5   0.941338   -21.175612    -2.567246      21.3307   44.26624    0.26298    1
   7    0    5   0.941338   -21.190023     2.455735      21.3318   44.26624    0.26301    1
  -7    0    5   0.941338   -15.968934     0.301494      15.9718   44.26624    0.14744    1
   7    0   -5   0.941338   -15.966279    -0.383973      15.9709   44.26624    0.14743    1
   0   -8   -3   0.941222    -1.378073     4.273868      4.49055   44.27201    0.01165    1
   0    8    3   0.941222    -1.353253    -4.280418      4.48924   44.27201    0.01164    1
  -4   -8    0   0.940490    -0.470687     1.296851      1.37963   44.30828    0.00110    1
  -4    8    0   0.940490     1.059514    -3.278749      3.44569   44.30828    0.00685    1
   4   -8    0   0.940490     1.042305     3.282813      3.44431   44.30828    0.00684    1
   4    8    0   0.940490    -0.463888    -1.299905       1.3802   44.30828    0.00110    1
  -8    0    0   0.940432    -8.514773     0.035434      8.51485   44.31115    0.04181    1
   8    0    0   0.940432    -8.513936    -0.079834      8.51431   44.31115    0.04180    1
  -7   -3    5   0.940174    -4.061391     0.155845      4.06438   44.32398    0.00952    1
  -7    3   -5   0.940174     5.380880    -0.540311      5.40794   44.32398    0.01685    1
   7   -3    5   0.940174     5.377683     0.571168      5.40793   44.32398    0.01685    1
   7    3   -5   0.940174    -4.060005    -0.178728      4.06394   44.32398    0.00952    1
  -3   -6   -5   0.940039    11.245704     1.623573      11.3623   44.33066    0.07437    1
  -3    6    5   0.940039    12.623981    -1.711802      12.7395   44.33066    0.09350    1
   3   -6   -5   0.940039    12.615381     1.784037      12.7409   44.33066    0.09352    1
   3    6    5   0.940039    11.255241    -1.559542      11.3628   44.33066    0.07438    1
  -4   -2   -8   0.939595    18.355881     2.706325      18.5543   44.35276    0.19811    1
   4    2    8   0.939595    18.369882    -2.607858      18.5541   44.35276    0.19810    1
  -4    2    8   0.939595    16.904092    -2.724610      17.1223   44.35276    0.16871    1
   4   -2   -8   0.939595    16.890146     2.816368      17.1233   44.35276    0.16873    1
  -2   -6   10   0.939400    11.640010    -0.932169      11.6773   44.36246    0.07843    1
  -2    6  -10   0.939400    15.653319    -0.116891      15.6538   44.36246    0.14094    1
   2   -6   10   0.939400    15.652211     0.205214      15.6536   44.36246    0.14093    1
   2    6  -10   0.939400    11.634811     0.999534      11.6777   44.36246    0.07843    1
   0   -4   -8   0.939386    12.625770    -0.865751      12.6554   44.36312    0.09211    1
   0    4    8   0.939386    12.618737     0.934930      12.6533   44.36312    0.09208    1
  -4    0   -9   0.938959     2.420513    -2.241329      3.29885   44.38439    0.00625    1
  -4    0    9   0.938959    -1.460261     3.052520      3.38382   44.38439    0.00658    1
   4    0   -9   0.938959    -1.443737    -3.061164      3.38454   44.38439    0.00658    1
   4    0    9   0.938959     2.410638     2.255526       3.3013   44.38439    0.00626    1
  -3   -9    2   0.938881    -0.435563    -1.112859      1.19506   44.38826    0.00082    1
  -3    9   -2   0.938881    -2.523940    -2.194322      3.34445   44.38826    0.00642    1
   3   -9    2   0.938881    -2.535718     2.180961      3.34462   44.38826    0.00643    1
   3    9   -2   0.938881    -0.442808     1.109821       1.1949   44.38826    0.00082    1
  -6   -3   -5   0.938847     0.799923    -0.844693      1.16335   44.38994    0.00078    1
   6    3    5   0.938847     0.794532     0.848964      1.16276   44.38994    0.00078    1
  -6    3    5   0.938847     1.279612    -4.821528      4.98844   44.38994    0.01429    1
   6   -3   -5   0.938847     1.253260     4.827818      4.98783   44.38994    0.01429    1
   0   -6   -6   0.938706   -32.998639    -1.332953      33.0255   44.39696    0.62623    1
   0    6    6   0.938706   -33.003618     1.153935      33.0238   44.39696    0.62616    1
   0   -3   11   0.938574    -1.752063    -2.412293      2.98142   44.40355    0.00510    1
   0    3  -11   0.938574    -1.766452     2.402371       2.9819   44.40355    0.00510    1
  -5    5   -8   0.938551    -1.277395    -1.571924      2.02551   44.40472    0.00235    1
   5   -5    8   0.938551    -1.283313     1.564391      2.02342   44.40472    0.00235    1
  -5   -5    8   0.938551    -0.623390    -2.089888      2.18088   44.40472    0.00273    1
   5    5   -8   0.938551    -0.634715     2.087525      2.18189   44.40472    0.00273    1
  -1   -5   -7   0.938356    24.856088     1.401971      24.8956   44.41441    0.35554    1
  -1    5    7   0.938356   -24.929723     1.375345      24.9676   44.41441    0.35760    1
   1   -5   -7   0.938356   -24.921177    -1.514259      24.9671   44.41441    0.35759    1
   1    5    7   0.938356    24.864323    -1.262894      24.8964   44.41441    0.35556    1
  -4   -8    6   0.938053    -5.623924    -1.861830       5.9241   44.42951    0.02012    1
  -4    8   -6   0.938053    -5.811145     2.360382      6.27222   44.42951    0.02255    1
   4   -8    6   0.938053    -5.796800    -2.393528      6.27151   44.42951    0.02255    1
   4    8   -6   0.938053    -5.635447     1.830356      5.92524   44.42951    0.02012    1
  -3   -3   -8   0.937664    -0.822385    -1.055629      1.33816   44.44897    0.00103    1
  -3    3    8   0.937664    -0.545176     0.105342      0.55526   44.44897    0.00018    1
   3   -3   -8   0.937664    -0.543304    -0.108860     0.554103   44.44897    0.00018    1
   3    3    8   0.937664    -0.825548     1.051587      1.33692   44.44897    0.00102    1
  -6   -4   -4   0.936424     8.185361     2.193190      8.47409   44.51097    0.04099    1
   6    4    4   0.936424     8.196692    -2.151762      8.47442   44.51097    0.04100    1
  -6    4    4   0.936424     6.550089    -2.520237      7.01821   44.51097    0.02812    1
   6   -4   -4   0.936424     6.535974     2.551044      7.01618   44.51097    0.02810    1
   0   -8    9   0.936356    -4.086802     4.255998      5.90046   44.51438    0.01987    1
   0    8   -9   0.936356    -4.062127    -4.278288      5.89954   44.51438    0.01986    1
  -8    0   -1   0.936091     0.672655    -0.088099       0.6784   44.52765    0.00026    1
  -8    0    1   0.936091     0.473650    -0.635442     0.792547   44.52765    0.00036    1
   8    0   -1   0.936091     0.472722     0.637897     0.793964   44.52765    0.00036    1
   8    0    1   0.936091     0.670970     0.090408     0.677033   44.52765    0.00026    1
   0   -1  -10   0.935685     0.031230    -0.648576     0.649327   44.54797    0.00024    1
   0    1   10   0.935685     0.027896     0.647882     0.648482   44.54797    0.00024    1
   0   -4   11   0.935550    -0.680440    -2.582922      2.67105   44.55477    0.00406    1
   0    4  -11   0.935550    -0.692360     2.578473      2.66981   44.55477    0.00406    1
  -6   -6    5   0.935394    -3.368702    -0.864357      3.47783   44.56260    0.00689    1
  -6    6   -5   0.935394     2.246735     1.157789      2.52751   44.56260    0.00364    1
   6   -6    5   0.935394     2.250888    -1.146513      2.52606   44.56260    0.00363    1
   6    6   -5   0.935394    -3.370177     0.848122      3.47526   44.56260    0.00688    1
  -5   -7    6   0.935237     2.273866     4.348429      4.90707   44.57050    0.01370    1
  -5    7   -6   0.935237    -0.611939     0.403411     0.732946   44.57050    0.00031    1
   5   -7    6   0.935237    -0.609593    -0.407188      0.73308   44.57050    0.00031    1
   5    7   -6   0.935237     2.297189    -4.336339      4.90723   44.57050    0.01371    1
  -2   -9    0   0.935042    12.077017     2.728970      12.3815   44.58027    0.08721    1
  -2    9    0   0.935042   -12.092040     2.440446      12.3359   44.58027    0.08656    1
   2   -9    0   0.935042   -12.077486    -2.507506       12.335   44.58027    0.08655    1
   2    9    0   0.935042    12.092382    -2.660141      12.3815   44.58027    0.08721    1
  -8   -1    0   0.934971   -11.141339    -3.154398      11.5793   44.58384    0.07626    1
  -8    1    0   0.934971    10.708387    -4.359338      11.5617   44.58384    0.07603    1
   8   -1    0   0.934971    10.685045     4.419502       11.563   44.58384    0.07604    1
   8    1    0   0.934971   -11.158748     3.093102      11.5795   44.58384    0.07626    1
  -3   -9    5   0.934283    -9.941714    -2.753074      10.3159   44.61843    0.06042    1
  -3    9   -5   0.934283    11.189533    -3.877528      11.8423   44.61843    0.07962    1
   3   -9    5   0.934283    11.168744     3.935541      11.8418   44.61843    0.07962    1
   3    9   -5   0.934283    -9.956905     2.702001       10.317   44.61843    0.06043    1
  -6   -4    7   0.934218    -1.772362     0.320858      1.80117   44.62172    0.00184    1
  -6    4   -7   0.934218     0.549865    -3.133944      3.18182   44.62172    0.00575    1
   6   -4    7   0.934218     0.535049     3.136562      3.18187   44.62172    0.00575    1
   6    4   -7   0.934218    -1.768415    -0.330206      1.79898   44.62172    0.00184    1
  -3    1  -10   0.934151     2.192420     0.629034      2.28087   44.62509    0.00295    1
   3   -1   10   0.934151     2.195790    -0.617829      2.28105   44.62509    0.00295    1
  -3   -1   10   0.934151     1.500832    -1.929033      2.44411   44.62509    0.00339    1
   3    1  -10   0.934151     1.488299     1.937001      2.44275   44.62509    0.00339    1
  -1   -8   -3   0.933942     4.896593     0.333817      4.90796   44.63562    0.01366    1
  -1    8    3   0.933942     2.365335    -0.133327      2.36909   44.63562    0.00318    1
   1   -8   -3   0.933942     2.364448     0.146761        2.369   44.63562    0.00318    1
   1    8    3   0.933942     4.898548    -0.308093      4.90823   44.63562    0.01367    1
  -8   -1    1   0.933849    -0.279445    -0.330865     0.433083   44.64030    0.00011    1
  -8    1   -1   0.933849     0.766425     0.292253     0.820255   44.64030    0.00038    1
   8   -1    1   0.933849     0.768071    -0.290108     0.821033   44.64030    0.00038    1
   8    1   -1   0.933849    -0.280642     0.327209     0.431075   44.64030    0.00011    1
  -7   -2   -4   0.932914     1.652620     0.813889      1.84216   44.68742    0.00192    1
  -7    2    4   0.932914    -0.296005    -1.758022      1.78277   44.68742    0.00180    1
   7   -2   -4   0.932914    -0.306060     1.755562      1.78204   44.68742    0.00180    1
   7    2    4   0.932914     1.656744    -0.804560      1.84177   44.68742    0.00192    1
  -7   -3   -3   0.932748    -2.469571     1.938268      3.13937   44.69583    0.00557    1
   7    3    3   0.932748    -2.462174    -1.951478      3.14175   44.69583    0.00558    1
  -7    3    3   0.932748     2.293483     0.080271      2.29489   44.69583    0.00298    1
   7   -3   -3   0.932748     2.292367    -0.069206      2.29341   44.69583    0.00297    1
  -1   -4   -8   0.932148    -0.110512     3.965202      3.96674   44.72614    0.00889    1
  -1    4    8   0.932148     0.610066    -2.478940      2.55291   44.72614    0.00368    1
   1   -4   -8   0.932148     0.598783     2.483588      2.55475   44.72614    0.00369    1
   1    4    8   0.932148    -0.088952    -3.966702       3.9677   44.72614    0.00889    1
  -6    0   -7   0.932034    -4.949254    -3.008624      5.79197   44.73194    0.01894    1
   6    0    7   0.932034    -4.965716     2.981772      5.79218   44.73194    0.01894    1
  -6    0    7   0.932034     1.668265    -0.983662      1.93667   44.73194    0.00212    1
   6    0   -7   0.932034     1.661471     0.992485      1.93533   44.73194    0.00211    1
  -1   -6   -6   0.931484     0.840820    -0.643947      1.05908   44.75976    0.00063    1
  -1    6    6   0.931484    -0.245852     3.198956      3.20839   44.75976    0.00580    1
   1   -6   -6   0.931484    -0.227642    -3.200681      3.20877   44.75976    0.00580    1
   1    6    6   0.931484     0.840592     0.649559      1.06232   44.75976    0.00064    1
  -1   -3   11   0.931355    -3.929800     1.680519      4.27405   44.76632    0.01029    1
  -1    3  -11   0.931355     7.537966     0.806922      7.58103   44.76632    0.03239    1
   1   -3   11   0.931355     7.542106    -0.766237      7.58093   44.76632    0.03239    1
   1    3  -11   0.931355    -3.919387    -1.702152      4.27305   44.76632    0.01029    1
  -5   -6   -3   0.931310   -14.716143     1.912779      14.8399   44.76856    0.12409    1
  -5    6    3   0.931310   -14.798880    -2.665894      15.0371   44.76856    0.12741    1
   5   -6   -3   0.931310   -14.813220     2.587363      15.0375   44.76856    0.12741    1
   5    6    3   0.931310   -14.705025    -1.990534      14.8391   44.76856    0.12408    1
  -3   -5   10   0.931125     3.976443    -3.527790      5.31577   44.77795    0.01591    1
  -3    5  -10   0.931125     2.118286    -2.180321      3.03989   44.77795    0.00520    1
   3   -5   10   0.931125     2.107886     2.192258      3.04125   44.77795    0.00521    1
   3    5  -10   0.931125     3.956017     3.548171      5.31409   44.77795    0.01590    1
   0   -9   -1   0.931100    -1.103853    -0.441925      1.18903   44.77924    0.00080    1
   0    9    1   0.931100    -1.106203     0.436799      1.18932   44.77924    0.00080    1
   0   -2   11   0.930758    -0.753672    -1.023448      1.27101   44.79657    0.00091    1
   0    2  -11   0.930758    -0.761084     1.019959      1.27262   44.79657    0.00091    1
  -5   -7   -1   0.930208   -46.478455    -2.158402      46.5285   44.82448    1.21642    1
  -5    7    1   0.930208    47.320286    -0.735380       47.326   44.82448    1.25848    1
   5   -7   -1   0.930208    47.315409     0.994472      47.3259   44.82448    1.25847    1
   5    7    1   0.930208   -46.490217     1.904378      46.5292   44.82448    1.21646    1
   0   -7   10   0.929634     2.379934     0.969229      2.56973   44.85369    0.00370    1
   0    7  -10   0.929634     2.384324    -0.957045      2.56923   44.85369    0.00370    1
  -1   -8    9   0.929187     1.585049    -0.970762       1.8587   44.87643    0.00194    1
  -1    8   -9   0.929187    -0.836674     1.463015      1.68536   44.87643    0.00159    1
   1   -8    9   0.929187    -0.829096    -1.468067      1.68601   44.87643    0.00159    1
   1    8   -9   0.929187     1.579531     0.978488      1.85805   44.87643    0.00193    1
  -1   -1  -10   0.928532     4.765655     0.504356      4.79227   44.90981    0.01285    1
  -1    1   10   0.928532     3.507064     0.863356      3.61177   44.90981    0.00730    1
   1   -1  -10   0.928532     3.511669    -0.845007       3.6119   44.90981    0.00730    1
   1    1   10   0.928532     4.767637    -0.479282      4.79167   44.90981    0.01285    1
  -1   -4   11   0.928399    20.240125     1.219843      20.2769   44.91657    0.22995    1
  -1    4  -11   0.928399    21.187504    -0.945047      21.2086   44.91657    0.25157    1
   1   -4   11   0.928399    21.182098     1.059446      21.2086   44.91657    0.25157    1
   1    4  -11   0.928399    20.246797    -1.107855      20.2771   44.91657    0.22996    1
  -6   -2   -6   0.928224    -1.022904     0.058578      1.02458   44.92554    0.00059    1
  -6    2    6   0.928224     0.282857    -2.190034      2.20822   44.92554    0.00273    1
   6   -2   -6   0.928224     0.269214     2.194514      2.21097   44.92554    0.00273    1
   6    2    6   0.928224    -1.021387    -0.059997      1.02315   44.92554    0.00059    1
  -7   -5    2   0.927949     0.127614    -0.471475      0.48844   44.93956    0.00013    1
  -7    5   -2   0.927949     0.909922    -1.762293      1.98334   44.93956    0.00220    1
   7   -5    2   0.927949     0.898699     1.766010      1.98153   44.93956    0.00219    1
   7    5   -2   0.927949     0.123459     0.472042     0.487919   44.93956    0.00013    1
  -8   -1   -1   0.927591    -0.735784     2.014964       2.1451   44.95787    0.00257    1
  -8    1    1   0.927591     0.148478     3.691453      3.69444   44.95787    0.00762    1
   8   -1   -1   0.927591     0.169362    -3.689968      3.69385   44.95787    0.00762    1
   8    1    1   0.927591    -0.725979    -2.018826      2.14539   44.95787    0.00257    1
  -7   -5    1   0.925057     7.109187    -0.645451      7.13843   45.08776    0.02826    1
  -7    5   -1   0.925057    -8.360954    -0.047866      8.36109   45.08776    0.03876    1
   7   -5    1   0.925057    -8.360503     0.000724       8.3605   45.08776    0.03876    1
   7    5   -1   0.925057     7.106183     0.686459      7.13926   45.08776    0.02826    1
  -2   -9    7   0.924546    -2.330346     3.484568      4.19198   45.11408    0.00973    1
  -2    9   -7   0.924546     4.059396     4.417699      5.99956   45.11408    0.01993    1
   2   -9    7   0.924546     4.085356    -4.395429      6.00083   45.11408    0.01994    1
   2    9   -7   0.924546    -2.311091    -3.498193      4.19267   45.11408    0.00973    1
  -4   -7    8   0.924506    20.662753    -1.246812      20.7003   45.11611    0.23727    1
  -4    7   -8   0.924506   -23.205617    -2.754507      23.3685   45.11611    0.30238    1
   4   -7    8   0.924506   -23.218079     2.625232       23.366   45.11611    0.30231    1
   4    7   -8   0.924506    20.658217     1.362203      20.7031   45.11611    0.23733    1
  -6   -6   -1   0.924486    -0.153677     2.154447      2.15992   45.11714    0.00258    1
  -6    6    1   0.924486     0.442771    -0.757020     0.876998   45.11714    0.00043    1
   6   -6   -1   0.924486     0.439745     0.759211     0.877369   45.11714    0.00043    1
   6    6    1   0.924486    -0.140716    -2.156227      2.16081   45.11714    0.00259    1
  -8   -1    2   0.924315    15.728285    -0.486846      15.7358   45.12596    0.13704    1
  -8    1   -2   0.924315   -17.009020    -0.039387      17.0091   45.12596    0.16012    1
   8   -1    2   0.924315   -17.007152    -0.059448      17.0073   45.12596    0.16008    1
   8    1   -2   0.924315    15.726027     0.577554      15.7366   45.12596    0.13706    1
  -3   -7    9   0.924222    18.821670     1.949133      18.9223   45.13073    0.19812    1
  -3    7   -9   0.924222   -17.303952     0.284059      17.3063   45.13073    0.16572    1
   3   -7    9   0.924222   -17.303617    -0.380882      17.3078   45.13073    0.16575    1
   3    7   -9   0.924222    18.828997    -1.845999      18.9193   45.13073    0.19805    1
  -1   -9   -1   0.924050    -1.822682    -1.921557       2.6485   45.13962    0.00388    1
  -1    9    1   0.924050     1.228720    -1.862590      2.23137   45.13962    0.00275    1
   1   -9   -1   0.924050     1.217100     1.869059      2.23041   45.13962    0.00275    1
   1    9    1   0.924050    -1.834032     1.912440      2.64974   45.13962    0.00388    1
  -1   -2   11   0.923716   -16.733526     1.749890      16.8248   45.15684    0.15642    1
  -1    2  -11   0.923716   -14.590828    -2.586953      14.8184   45.15684    0.12134    1
   1   -2   11   0.923716   -14.604106     2.506143      14.8176   45.15684    0.12133    1
   1    2  -11   0.923716   -16.722970    -1.841674      16.8241   45.15684    0.15641    1
  -8    0   -2   0.923417     4.728968     2.159627      5.19876   45.17225    0.01492    1
  -8    0    2   0.923417     0.786949    -0.108774      0.79443   45.17225    0.00035    1
   8    0   -2   0.923417     0.787904     0.110021     0.795548   45.17225    0.00035    1
   8    0    2   0.923417     4.739119    -2.136859       5.1986   45.17225    0.01492    1
  -3   -9    1   0.923414    15.784833     0.221165      15.7864   45.17242    0.13760    1
  -3    9   -1   0.923414   -13.999850    -1.844794      14.1209   45.17242    0.11010    1
   3   -9    1   0.923414   -14.009286     1.765192      14.1201   45.17242    0.11009    1
   3    9   -1   0.923414    15.787019    -0.132402      15.7876   45.17242    0.13763    1
  -3   -8   -2   0.923264     0.555199    -0.386717     0.676606   45.18017    0.00025    1
  -3    8    2   0.923264     1.289689    -1.121181       1.7089   45.18017    0.00161    1
   3   -8   -2   0.923264     1.280360     1.129687      1.70749   45.18017    0.00161    1
   3    8    2   0.923264     0.553267     0.388835     0.676237   45.18017    0.00025    1
  -1   -7   10   0.922617    -2.044666    -4.048460      4.53549   45.21361    0.01134    1
  -1    7  -10   0.922617     0.451078    -2.977042      3.01102   45.21361    0.00500    1
   1   -7   10   0.922617     0.438747     2.978575      3.01072   45.21361    0.00499    1
   1    7  -10   0.922617    -2.065446     4.037377      4.53503   45.21361    0.01133    1
  -7   -5    3   0.922502     9.987568    -0.577200      10.0042   45.21953    0.05513    1
   7    5   -3   0.922502     9.984567     0.633591      10.0046   45.21953    0.05514    1
  -7    5   -3   0.922502   -10.196020    -1.194466      10.2657   45.21953    0.05805    1
   7   -5    3   0.922502   -10.203377     1.138565      10.2667   45.21953    0.05806    1
   0   -5   11   0.921993     2.668927     1.745683      3.18913   45.24591    0.00560    1
   0    5  -11   0.921993     2.678172    -1.732657      3.18978   45.24591    0.00560    1
  -6   -5   -3   0.921249    -1.388646     1.557637      2.08676   45.28447    0.00239    1
  -6    5    3   0.921249    -1.249601     5.583441      5.72157   45.28447    0.01797    1
   6   -5   -3   0.921249    -1.219557    -5.589647      5.72114   45.28447    0.01797    1
   6    5    3   0.921249    -1.381536    -1.564824      2.08742   45.28447    0.00239    1
  -8   -2    1   0.921092     0.592656     0.609518     0.850149   45.29260    0.00040    1
  -8    2   -1   0.921092     0.224541    -2.494707      2.50479   45.29260    0.00344    1
   8   -2    1   0.921092     0.212110     2.495059      2.50406   45.29260    0.00344    1
   8    2   -1   0.921092     0.592790    -0.606768     0.848274   45.29260    0.00039    1
   0   -3   -9   0.920423     3.966174    -0.826998      4.05148   45.32738    0.00899    1
   0    3    9   0.920423     3.962616     0.846413        4.052   45.32738    0.00900    1
  -7   -1   -5   0.920349    -2.572265     1.979900      3.24601   45.33119    0.00577    1
   7    1    5   0.920349    -2.562051    -1.996345        3.248   45.33119    0.00578    1
  -7    1    5   0.920349     0.991155     3.174786      3.32591   45.33119    0.00606    1
   7   -1   -5   0.920349     1.007618    -3.165387      3.32189   45.33119    0.00605    1
  -7   -4   -2   0.919870    -1.550561    -1.283565       2.0129   45.35615    0.00222    1
  -7    4    2   0.919870    -0.930183     0.768778      1.20676   45.35615    0.00080    1
   7   -4   -2   0.919870    -0.926826    -0.773978       1.2075   45.35615    0.00080    1
   7    4    2   0.919870    -1.559265     1.275918      2.01476   45.35615    0.00222    1
   0  -10    4   0.919589    34.633707    -0.967311      34.6472   45.37075    0.65631    1
   0   10   -4   0.919589    34.627980     1.152070      34.6471   45.37075    0.65630    1
  -3    8   -8   0.919431     0.100327     3.683470      3.68484   45.37902    0.00742    1
   3   -8    8   0.919431     0.120313    -3.682303      3.68427   45.37902    0.00742    1
  -3   -8    8   0.919431    -5.069051    -2.548299      5.67354   45.37902    0.01759    1
   3    8   -8   0.919431    -5.082357     2.521240      5.67336   45.37902    0.01759    1
   0   -7   -5   0.919145     2.321668     0.280136      2.33851   45.39389    0.00299    1
   0    7    5   0.919145     2.320043    -0.267907      2.33546   45.39389    0.00298    1
  -8   -2    0   0.919140    -7.033004    -1.374642      7.16609   45.39415    0.02804    1
  -8    2    0   0.919140    -5.401366     0.223006      5.40597   45.39415    0.01596    1
   8   -2    0   0.919140    -5.398984    -0.252331      5.40488   45.39415    0.01595    1
   8    2    0   0.919140    -7.040587     1.336525      7.16632   45.39415    0.02805    1
  -7   -4    5   0.918537   -22.010481    -2.243075      22.1245   45.42561    0.26689    1
  -7    4   -5   0.918537   -22.616931     3.521393      22.8894   45.42561    0.28566    1
   7   -4    5   0.918537   -22.596590    -3.650155      22.8895   45.42561    0.28566    1
   7    4   -5   0.918537   -22.024478     2.116396      22.1259   45.42561    0.26692    1
   0  -10    3   0.918026    -1.558137    -2.351002      2.82046   45.45234    0.00433    1
   0   10   -3   0.918026    -1.571669     2.342382       2.8208   45.45234    0.00433    1
   0   -9    8   0.917835    -0.270141     0.350327     0.442386   45.46230    0.00011    1
   0    9   -8   0.917835    -0.267280    -0.350171     0.440521   45.46230    0.00011    1
  -2   -5   -7   0.917198    -3.132224    -1.491846      3.46936   45.49565    0.00654    1
  -2    5    7   0.917198    -2.448034    -2.244358      3.32115   45.49565    0.00599    1
   2   -5   -7   0.917198    -2.459082     2.232279      3.32117   45.49565    0.00599    1
   2    5    7   0.917198    -3.138381     1.477105      3.46861   45.49565    0.00654    1
  -4   -7   -3   0.916906    -0.193354     0.619285     0.648768   45.51096    0.00023    1
  -4    7    3   0.916906    -0.183491     3.241010       3.2462   45.51096    0.00572    1
   4   -7   -3   0.916906    -0.165874    -3.242469      3.24671   45.51096    0.00572    1
   4    7    3   0.916906    -0.189767    -0.620523     0.648891   45.51096    0.00023    1
  -5   -1   -8   0.916748    -0.725445     0.925596      1.17601   45.51924    0.00075    1
  -5    1    8   0.916748     0.239129     5.198302       5.2038   45.51924    0.01470    1
   5   -1   -8   0.916748     0.266889    -5.196901      5.20375   45.51924    0.01470    1
   5    1    8   0.916748    -0.718787    -0.929315      1.17485   45.51924    0.00075    1
  -3   -9    6   0.916156    -2.427086    -0.466097      2.47144   45.55033    0.00331    1
  -3    9   -6   0.916156    -1.252917     1.201325      1.73579   45.55033    0.00163    1
   3   -9    6   0.916156    -1.248121    -1.208823      1.73754   45.55033    0.00164    1
   3    9   -6   0.916156    -2.431127     0.451582      2.47271   45.55033    0.00331    1
  -4    6   -9   0.915926     2.800428     2.538485      3.77972   45.56241    0.00774    1
   4   -6    9   0.915926     2.812156    -2.523011      3.77807   45.56241    0.00773    1
  -4   -6    9   0.915926    -3.385277    -0.249333      3.39445   45.56241    0.00624    1
   4    6   -9   0.915926    -3.385353     0.231201      3.39324   45.56241    0.00624    1
  -3   -7   -4   0.915269     0.913140     1.760587       1.9833   45.59696    0.00213    1
  -3    7    4   0.915269    -0.511202     1.558434      1.64014   45.59696    0.00145    1
   3   -7   -4   0.915269    -0.500512    -1.562489       1.6407   45.59696    0.00146    1
   3    7    4   0.915269     0.924087    -1.756275      1.98455   45.59696    0.00213    1
  -1   -5   11   0.915146   -10.835233     3.143387       11.282   45.60340    0.06879    1
  -1    5  -11   0.915146    10.230223     5.204273      11.4779   45.60340    0.07120    1
   1   -5   11   0.915146    10.259396    -5.145212      11.4773   45.60340    0.07119    1
   1    5  -11   0.915146   -10.817309    -3.204912      11.2821   45.60340    0.06879    1
  -8   -2    2   0.914898    30.157116    -2.089115      30.2294   45.61649    0.49355    1
  -8    2   -2   0.914898    31.064481     3.296615      31.2389   45.61649    0.52706    1
   8   -2    2   0.914898    31.080128    -3.119724      31.2363   45.61649    0.52697    1
   8    2   -2   0.914898    30.146946     2.261736      30.2317   45.61649    0.49362    1
  -7   -5    0   0.914056     0.592688    -0.316866     0.672074   45.66087    0.00024    1
   7    5    0   0.914056     0.593311     0.320076     0.674141   45.66087    0.00024    1
  -7    5    0   0.914056     1.313892    -1.751806      2.18978   45.66087    0.00258    1
   7   -5    0   0.914056     1.305968     1.759247        2.191   45.66087    0.00259    1
  -5   -8    3   0.913679     5.346136     1.762012      5.62902   45.68080    0.01706    1
  -5    8   -3   0.913679     6.164663    -2.809305       6.7746   45.68080    0.02471    1
   5   -8    3   0.913679     6.148070     2.839370      6.77206   45.68080    0.02469    1
   5    8   -3   0.913679     5.357695    -1.733863      5.63127   45.68080    0.01707    1
  -1   -3   -9   0.913611     3.967424     2.869141      4.89616   45.68436    0.01290    1
  -1    3    9   0.913611    -6.842306     0.666723      6.87471   45.68436    0.02544    1
   1   -3   -9   0.913611    -6.838505    -0.704251      6.87467   45.68436    0.02544    1
   1    3    9   0.913611     3.983028    -2.847836      4.89639   45.68436    0.01291    1
  -2   -8   -3   0.913074    -1.401407    -1.919858      2.37693   45.71274    0.00304    1
  -2    8    3   0.913074     1.935783     0.628950      2.03539   45.71274    0.00223    1
   2   -8   -3   0.913074     1.937903    -0.617447      2.03389   45.71274    0.00222    1
   2    8    3   0.913074    -1.413716     1.911848      2.37776   45.71274    0.00304    1
   0  -10    5   0.913052     3.613602    -3.231899      4.84802   45.71394    0.01263    1
   0   10   -5   0.913052     3.594809     3.252107      4.84756   45.71394    0.01263    1
   0   -1   11   0.912885    -5.512245     0.214977      5.51644   45.72275    0.01635    1
   0    1  -11   0.912885    -5.511634    -0.245452       5.5171   45.72275    0.01635    1
  -1  -10    4   0.912796     3.588656    -3.171539      4.78927   45.72747    0.01232    1
  -1   10   -4   0.912796    -1.695693     1.967534      2.59742   45.72747    0.00362    1
   1  -10    4   0.912796    -1.686150    -1.976250      2.59782   45.72747    0.00362    1
   1   10   -4   0.912796     3.570806     3.191159      4.78896   45.72747    0.01232    1
  -1   -7   -5   0.912362    21.111495     2.300055      21.2364   45.75048    0.24196    1
  -1    7    5   0.912362   -20.634293     2.662498      20.8054   45.75048    0.23224    1
   1   -7   -5   0.912362   -20.619812    -2.780227      20.8064   45.75048    0.23226    1
   1    7    5   0.912362    21.123477    -2.179360      21.2356   45.75048    0.24195    1
  -8   -1   -2   0.912294    23.966091     0.923819      23.9839   45.75407    0.30857    1
  -8    1    2   0.912294   -24.245678    -0.889401       24.262   45.75407    0.31577    1
   8   -1   -2   0.912294   -24.249640     0.750414      24.2612   45.75407    0.31575    1
   8    1    2   0.912294    23.970638    -0.784948      23.9835   45.75407    0.30856    1
  -5   -3    9   0.911771    24.207212    -1.865824       24.279   45.78180    0.31578    1
  -5    3   -9   0.911771   -27.626010    -3.263651      27.8181   45.78180    0.41455    1
   5   -3    9   0.911771   -27.645578     3.107629      27.8197   45.78180    0.41459    1
   5    3   -9   0.911771    24.194875     2.002194      24.2776   45.78180    0.31574    1
  -4   -8   -1   0.911669    -1.928724     1.791253      2.63222   45.78721    0.00371    1
  -4    8    1   0.911669    -0.515809    -3.497466       3.5353   45.78721    0.00669    1
   4   -8   -1   0.911669    -0.534337     3.496920      3.53751   45.78721    0.00670    1
   4    8    1   0.911669    -1.918975    -1.802952      2.63308   45.78721    0.00371    1
  -3   -2   -9   0.911622    11.245269    -0.626112      11.2627   45.78972    0.06793    1
  -3    2    9   0.911622    12.360042     0.375058      12.3657   45.78972    0.08188    1
   3   -2   -9   0.911622    12.360512    -0.305540      12.3643   45.78972    0.08186    1
   3    2    9   0.911622    11.243979     0.689472      11.2651   45.78972    0.06795    1
  -2   -4   -8   0.911398     9.970042     0.625881      9.98967   45.80159    0.05341    1
  -2    4    8   0.911398     6.612638    -0.642252      6.64375   45.80159    0.02362    1
   2   -4   -8   0.911398     6.609045     0.677201      6.64365   45.80159    0.02362    1
   2    4    8   0.911398     9.973080    -0.572159      9.98948   45.80159    0.05340    1
  -7   -2    6   0.911351     0.986648     1.874503      2.11831   45.80412    0.00240    1
  -7    2   -6   0.911351    -2.219763    -0.822971      2.36741   45.80412    0.00300    1
   7   -2    6   0.911351    -2.224653     0.811964       2.3682   45.80412    0.00300    1
   7    2   -6   0.911351     0.997647    -1.869956      2.11944   45.80412    0.00240    1
  -1  -10    3   0.911267    -2.997555     1.704428      3.44825   45.80856    0.00636    1
  -1   10   -3   0.911267    -0.628301    -3.256905      3.31696   45.80856    0.00589    1
   1  -10    3   0.911267    -0.648859     3.254366      3.31842   45.80856    0.00589    1
   1   10   -3   0.911267    -2.985673    -1.720077      3.44571   45.80856    0.00635    1
  -1   -9    8   0.911080    -3.053507    -2.697959      4.07466   45.81847    0.00888    1
  -1    9   -8   0.911080    -0.446768     2.615801      2.65368   45.81847    0.00377    1
   1   -9    8   0.911080    -0.434952    -2.618997      2.65487   45.81847    0.00377    1
   1    9   -8   0.911080    -3.069685     2.679909      4.07491   45.81847    0.00888    1
  -2   -6   -6   0.910777    -3.387871    -1.052168       3.5475   45.83459    0.00672    1
  -2    6    6   0.910777    -2.605616     0.285984      2.62126   45.83459    0.00367    1
   2   -6   -6   0.910777    -2.601785    -0.300353      2.61906   45.83459    0.00367    1
   2    6    6   0.910777    -3.394614     1.032553      3.54818   45.83459    0.00673    1
  -2   -3   11   0.910656    -3.818002    -3.375594      5.09625   45.84103    0.01387    1
  -2    3  -11   0.910656    -2.956042    -4.087697      5.04455   45.84103    0.01359    1
   2   -3   11   0.910656    -2.979660     4.071215      5.04511   45.84103    0.01360    1
   2    3  -11   0.910656    -3.838361     3.353205      5.09676   45.84103    0.01388    1
  -5   -2    9   0.910402     0.741380    -2.493642      2.60152   45.85458    0.00361    1
  -5    2   -9   0.910402    -1.661888     3.842976      4.18692   45.85458    0.00936    1
   5   -2    9   0.910402    -1.638748    -3.851055      4.18523   45.85458    0.00935    1
   5    2   -9   0.910402     0.726087     2.500411       2.6037   45.85458    0.00362    1
  -5   -8    2   0.910064    -1.480339    -0.425384      1.54025   45.87254    0.00127    1
  -5    8   -2   0.910064     2.059832     0.404041      2.09908   45.87254    0.00235    1
   5   -8    2   0.910064     2.059919    -0.393305      2.09713   45.87254    0.00235    1
   5    8   -2   0.910064    -1.480865     0.416486      1.53832   45.87254    0.00126    1
  -5   -8    4   0.909326     1.040038     3.516963      3.66752   45.91190    0.00716    1
  -5    8   -4   0.909326    -2.061703    -3.818734      4.33974   45.91190    0.01002    1
   5   -8    4   0.909326    -2.084657     3.809059       4.3422   45.91190    0.01004    1
   5    8   -4   0.909326     1.061194    -3.510575      3.66746   45.91190    0.00716    1
  -8   -2   -1   0.909195    -1.286677    -0.694849      1.46231   45.91893    0.00114    1
  -8    2    1   0.909195    -0.135004     1.001709      1.01077   45.91893    0.00054    1
   8   -2   -1   0.909195    -0.129082    -1.003630       1.0119   45.91893    0.00054    1
   8    2    1   0.909195    -1.290802     0.688420      1.46291   45.91893    0.00114    1
  -7   -5    4   0.909146     0.566572    -0.970059       1.1234   45.92155    0.00067    1
   7    5   -4   0.909146     0.562838     0.973982      1.12491   45.92155    0.00067    1
  -7    5   -4   0.909146     0.979141     3.158028      3.30634   45.92155    0.00582    1
   7   -5    4   0.909146     0.999715    -3.152536      3.30725   45.92155    0.00582    1
  -3    0  -10   0.908968     2.603623    -0.817709      2.72901   45.93103    0.00396    1
  -3    0   10   0.908968    -4.331347    -1.652970      4.63604   45.93103    0.01143    1
   3    0  -10   0.908968    -4.338828     1.627473      4.63401   45.93103    0.01142    1
   3    0   10   0.908968     2.599997     0.833506      2.73033   45.93103    0.00396    1
  -6   -5    7   0.908834     0.495224     2.855000      2.89763   45.93818    0.00446    1
  -6    5   -7   0.908834     2.235226     0.753457       2.3588   45.93818    0.00296    1
   6   -5    7   0.908834     2.237923    -0.740126      2.35713   45.93818    0.00295    1
   6    5   -7   0.908834     0.510156    -2.852340       2.8976   45.93818    0.00446    1
  -7   -1    6   0.908777    -0.694873     2.102244      2.21411   45.94126    0.00261    1
  -7    1   -6   0.908777    -0.711688     2.883759      2.97028   45.94126    0.00469    1
   7   -1    6   0.908777    -0.696317    -2.888038      2.97079   45.94126    0.00469    1
   7    1   -6   0.908777    -0.680462    -2.106905      2.21406   45.94126    0.00261    1
  -4   -8    7   0.908712    -4.998552     1.559032      5.23604   45.94471    0.01457    1
  -4    8   -7   0.908712     4.743671    -1.847097       5.0906   45.94471    0.01377    1
   4   -8    7   0.908712     4.732596     1.873161      5.08981   45.94471    0.01377    1
   4    8   -7   0.908712    -4.991674    -1.587724       5.2381   45.94471    0.01458    1
  -2   -8    9   0.908630    -1.330307    -1.053790      1.69711   45.94913    0.00153    1
  -2    8   -9   0.908630     0.314784     4.691503      4.70205   45.94913    0.01175    1
   2   -8    9   0.908630     0.342661    -4.689585      4.70209   45.94913    0.01175    1
   2    8   -9   0.908630    -1.335662     1.046787      1.69698   45.94913    0.00153    1
   0  -10    2   0.908483     3.651635    -5.101479      6.27372   45.95695    0.02090    1
   0   10   -2   0.908483     3.623560     5.123016      6.27499   45.95695    0.02091    1
  -6   -6    6   0.908349   -16.234467     0.704833      16.2498   45.96415    0.14019    1
  -6    6   -6   0.908349   -13.233317    -0.978889      13.2695   45.96415    0.09348    1
   6   -6    6   0.908349   -13.240317     0.904730      13.2712   45.96415    0.09350    1
   6    6   -6   0.908349   -16.228599    -0.795464      16.2481   45.96415    0.14016    1
  -2   -1  -10   0.908017    39.081778     2.954253      39.1933   45.98189    0.81481    1
   2    1   10   0.908017    39.096505    -2.731857      39.1918   45.98189    0.81475    1
  -2    1   10   0.908017   -39.665363     2.892807      39.7707   45.98189    0.83900    1
   2   -1  -10   0.908017   -39.647872    -3.117592      39.7703   45.98189    0.83898    1
  -2   -4   11   0.907893     3.602464    -0.716860       3.6731   45.98853    0.00715    1
  -2    4  -11   0.907893    -5.064549     2.498109      5.64714   45.98853    0.01691    1
   2   -4   11   0.907893    -5.049805    -2.525162      5.64597   45.98853    0.01690    1
   2    4  -11   0.907893     3.597073     0.736919      3.67178   45.98853    0.00715    1
  -8   -1    3   0.907116     0.362975    -3.605487      3.62371   46.03017    0.00695    1
  -8    1   -3   0.907116     1.396897    -3.470931      3.74148   46.03017    0.00741    1
   8   -1    3   0.907116     1.376879     3.479450      3.74197   46.03017    0.00741    1
   8    1   -3   0.907116     0.343597     3.609618      3.62593   46.03017    0.00696    1
  -6   -7    3   0.906554    -1.732262    -1.519622      2.30434   46.06040    0.00281    1
  -6    7   -3   0.906554    -1.849586     0.527564      1.92335   46.06040    0.00195    1
   6   -7    3   0.906554    -1.845281    -0.539463      1.92252   46.06040    0.00195    1
   6    7   -3   0.906554    -1.738906     1.509146      2.30246   46.06040    0.00280    1
  -1  -10    5   0.906401   -13.950331     1.939871      14.0846   46.06860    0.10478    1
  -1   10   -5   0.906401   -12.241665    -2.142580      12.4278   46.06860    0.08158    1
   1  -10    5   0.906401   -12.254499     2.073139      12.4286   46.06860    0.08159    1
   1   10   -5   0.906401   -13.938526    -2.019538      14.0841   46.06860    0.10477    1
  -4   -1   -9   0.906341     3.501952     2.621158      4.37426   46.07184    0.01010    1
   4    1    9   0.906341     3.518059    -2.601830      4.37564   46.07184    0.01011    1
  -4    1    9   0.906341     1.955396    -0.180224      1.96368   46.07184    0.00204    1
   4   -1   -9   0.906341     1.954999     0.190531      1.96426   46.07184    0.00204    1
  -1   -1   11   0.906238    18.729291     1.959199      18.8315   46.07735    0.18723    1
  -1    1  -11   0.906238   -16.889595    -0.460403      16.8959   46.07735    0.15072    1
   1   -1   11   0.906238   -16.893576     0.363097      16.8975   46.07735    0.15074    1
   1    1  -11   0.906238    18.737732    -1.851412       18.829   46.07735    0.18718    1
  -5   -4   -6   0.905944    -0.232279     2.434576      2.44563   46.09318    0.00316    1
   5    4    6   0.905944    -0.218216    -2.435800      2.44555   46.09318    0.00316    1
  -5    4    6   0.905944    -0.322825    -2.530442      2.55095   46.09318    0.00343    1
   5   -4   -6   0.905944    -0.337207     2.528684      2.55107   46.09318    0.00343    1
  -6   -7    2   0.905895    14.545110    -0.680403       14.561   46.09583    0.11184    1
  -6    7   -2   0.905895   -14.471718    -3.970747      15.0066   46.09583    0.11879    1
   6   -7    2   0.905895   -14.494371     3.887040      15.0065   46.09583    0.11879    1
   6    7   -2   0.905895    14.539761     0.764756      14.5599   46.09583    0.11182    1
  -6   -1   -7   0.905822    -1.834032     1.789805      2.56263   46.09972    0.00346    1
  -6    1    7   0.905822     0.343952    -0.856716     0.923182   46.09972    0.00045    1
   6   -1   -7   0.905822     0.337612     0.859316     0.923258   46.09972    0.00045    1
   6    1    7   0.905822    -1.825125    -1.799690      2.56319   46.09972    0.00346    1
  -5   -6    8   0.905780     0.917675    -3.601099      3.71619   46.10201    0.00728    1
  -5    6   -8   0.905780    -0.576640     1.337607      1.45661   46.10201    0.00112    1
   5   -6    8   0.905780    -0.567872    -1.341750      1.45697   46.10201    0.00112    1
   5    6   -8   0.905780     0.896739     3.606563      3.71637   46.10201    0.00728    1
  -4   -3   10   0.905225    24.964538     3.784729      25.2498   46.13192    0.33570    1
   4    3  -10   0.905225    24.988221    -3.642010      25.2522   46.13192    0.33576    1
  -4    3  -10   0.905225   -22.953192     2.838043       23.128   46.13192    0.28165    1
   4   -3   10   0.905225   -22.935694    -2.968658       23.127   46.13192    0.28163    1
  -3   -6   10   0.904795    -0.849000     2.471555      2.61331   46.15508    0.00359    1
  -3    6  -10   0.904795    -2.823505     0.034642      2.82372   46.15508    0.00419    1
   3   -6   10   0.904795    -2.822413    -0.049556      2.82285   46.15508    0.00419    1
   3    6  -10   0.904795    -0.835362    -2.477199      2.61426   46.15508    0.00359    1
  -7    3   -6   0.903997    -3.105578     1.859637      3.61979   46.19817    0.00688    1
   7   -3    6   0.903997    -3.096041    -1.878923      3.62158   46.19817    0.00688    1
  -7   -3    6   0.903997     0.329151     2.099815      2.12546   46.19817    0.00237    1
   7    3   -6   0.903997     0.339998    -2.098601      2.12596   46.19817    0.00237    1
  -2   -9   -1   0.903824    -2.274766     1.351910      2.64617   46.20753    0.00367    1
  -2    9    1   0.903824     2.141223     3.116754       3.7814   46.20753    0.00750    1
   2   -9   -1   0.903824     2.158335    -3.104639      3.78116   46.20753    0.00750    1
   2    9    1   0.903824    -2.264172    -1.364232      2.64341   46.20753    0.00367    1
  -2   -2   11   0.903512    -5.213738    -1.391648      5.39627   46.22444    0.01526    1
  -2    2  -11   0.903512     2.998418    -1.015024      3.16556   46.22444    0.00525    1
   2   -2   11   0.903512     2.991910     1.030536      3.16442   46.22444    0.00525    1
   2    2  -11   0.903512    -5.221840     1.363324      5.39688   46.22444    0.01527    1
  -4   -5   -6   0.903425   -15.759141    -1.046926      15.7939   46.22914    0.13072    1
   4    5    6   0.903425   -15.763710     0.958289      15.7928   46.22914    0.13070    1
  -4    5    6   0.903425    13.456546    -1.453053      13.5348   46.22914    0.09600    1
   4   -5   -6   0.903425    13.447686     1.529601      13.5344   46.22914    0.09599    1
  -8    0   -3   0.903393     2.015696    -0.406035      2.05618   46.23089    0.00222    1
  -8    0    3   0.903393     0.354229    -0.946649      1.01075   46.23089    0.00054    1
   8    0   -3   0.903393     0.351804     0.949203       1.0123   46.23089    0.00054    1
   8    0    3   0.903393     2.012890     0.416870       2.0556   46.23089    0.00221    1
  -5   -7    7   0.903277   -31.998500     1.247585      32.0228   46.23717    0.53717    1
  -5    7   -7   0.903277    32.105583     1.487536        32.14   46.23717    0.54111    1
   5   -7    7   0.903277    32.114860    -1.305943      32.1414   46.23717    0.54116    1
   5    7   -7   0.903277   -31.989924    -1.428359      32.0218   46.23717    0.53714    1
  -5   -4    9   0.903223    11.564468     0.844599      11.5953   46.24008    0.07042    1
  -5    4   -9   0.903223    11.680834    -2.339663      11.9128   46.24008    0.07433    1
   5   -4    9   0.903223    11.665808     2.404536       11.911   46.24008    0.07431    1
   5    4   -9   0.903223    11.569189    -0.781729      11.5956   46.24008    0.07042    1
  -4   -4   -7   0.902720    -0.681883     0.560458     0.882654   46.26733    0.00041    1
  -4    4    7   0.902720     0.904823    -4.689709       4.7762   46.26733    0.01193    1
   4   -4   -7   0.902720     0.879074     4.695144      4.77673   46.26733    0.01193    1
   4    4    7   0.902720    -0.678108    -0.565876     0.883202   46.26733    0.00041    1
  -2   -7   10   0.902483    -4.176586     1.322472      4.38096   46.28019    0.01003    1
  -2    7  -10   0.902483     3.553784     3.593789      5.05418   46.28019    0.01335    1
   2   -7   10   0.902483     3.573035    -3.573084      5.05307   46.28019    0.01335    1
   2    7  -10   0.902483    -4.169103    -1.345118      4.38073   46.28019    0.01003    1
  -1  -10    2   0.901931    -2.023604    -0.493765      2.08297   46.31015    0.00226    1
  -1   10   -2   0.901931     0.812285    -0.222389     0.842178   46.31015    0.00037    1
   1  -10    2   0.901931     0.810931     0.226238     0.841898   46.31015    0.00037    1
   1   10   -2   0.901931    -2.027203     0.482465      2.08382   46.31015    0.00227    1
  -5   -5   -5   0.901754     7.315728     2.224865      7.64656   46.31982    0.03050    1
  -5    5    5   0.901754   -10.497675     3.399232      11.0343   46.31982    0.06352    1
   5   -5   -5   0.901754   -10.477965    -3.458098      11.0339   46.31982    0.06352    1
   5    5    5   0.901754     7.327708    -2.183199      7.64602   46.31982    0.03050    1
  -8   -2    3   0.901036    -0.593284    -3.567057      3.61606   46.35886    0.00681    1
  -8    2   -3   0.901036     2.216996    -0.488976      2.27028   46.35886    0.00268    1
   8   -2    3   0.901036     2.212955     0.501332      2.26903   46.35886    0.00268    1
   8    2   -3   0.901036    -0.615290     3.564787       3.6175   46.35886    0.00681    1
  -4   -2   10   0.901032   -27.574589     4.081768      27.8751   46.35907    0.40461    1
  -4    2  -10   0.901032   -29.405924    -4.529347      29.7527   46.35907    0.46095    1
   4   -2   10   0.901032   -29.431095     4.361892      29.7526   46.35907    0.46095    1
   4    2  -10   0.901032   -27.551398    -4.239129      27.8756   46.35907    0.40463    1
  -3   -9    0   0.900900     0.863707    -0.154296     0.877381   46.36628    0.00040    1
   3    9    0   0.900900     0.861099     0.161116     0.876042   46.36628    0.00040    1
  -3    9    0   0.900900     2.374038    -1.622815      2.87569   46.36628    0.00430    1
   3   -9    0   0.900900     2.364422     1.636166      2.87533   46.36628    0.00430    1
  -4   -4   10   0.899671    10.309623     0.593622      10.3267   46.43331    0.05533    1
  -4    4  -10   0.899671    12.466606    -1.672211      12.5783   46.43331    0.08209    1
   4   -4   10   0.899671    12.457855     1.743557      12.5793   46.43331    0.08210    1
   4    4  -10   0.899671    10.311994    -0.535298      10.3259   46.43331    0.05532    1
  -6   -7    4   0.899464     9.619057    -0.760880       9.6491   46.44460    0.04828    1
  -6    7   -4   0.899464    -7.171854    -2.121549      7.47907   46.44460    0.02901    1
   6   -7    4   0.899464    -7.181948     2.078632       7.4767   46.44460    0.02899    1
   6    7   -4   0.899464     9.614574     0.818155      9.64932   46.44460    0.04828    1
  -5   -1    9   0.899247   -16.146825     0.659423      16.1603   46.45647    0.13534    1
  -5    1   -9   0.899247    13.232380     0.831361      13.2585   46.45647    0.09110    1
   5   -1    9   0.899247    13.236350    -0.756340      13.2579   46.45647    0.09109    1
   5    1   -9   0.899247   -16.144183    -0.752212      16.1617   46.45647    0.13537    1
   0   -6   11   0.899218     1.168580    -0.532608      1.28423   46.45808    0.00085    1
   0    6  -11   0.899218     1.163957     0.537473      1.28206   46.45808    0.00085    1
  -8   -3    1   0.899059     0.837921    -0.787692      1.15003   46.46675    0.00069    1
  -8    3   -1   0.899059    -0.277151     0.235926      0.36397   46.46675    0.00007    1
   8   -3    1   0.899059    -0.277022    -0.236805     0.364442   46.46675    0.00007    1
   8    3   -1   0.899059     0.835398     0.791373      1.15072   46.46675    0.00069    1
   0  -10    6   0.898916   -21.360593    -7.448452       22.622   46.47459    0.26498    1
   0   10   -6   0.898916   -21.404996     7.324059      22.6233   46.47459    0.26502    1
  -6   -2    8   0.898877    -6.748486    -1.353736      6.88293   46.47676    0.02453    1
  -6    2   -8   0.898877    -4.318788     3.879881      5.80564   46.47676    0.01745    1
   6   -2    8   0.898877    -4.296571    -3.903886      5.80524   46.47676    0.01745    1
   6    2   -8   0.898877    -6.756232     1.313636      6.88275   46.47676    0.02453    1
  -5   -8    1   0.898762    13.299556     0.713297      13.3187   46.48304    0.09181    1
  -5    8   -1   0.898762    13.323920    -1.083215      13.3679   46.48304    0.09249    1
   5   -8    1   0.898762    13.316339     1.161776      13.3669   46.48304    0.09248    1
   5    8   -1   0.898762    13.304832    -0.633929      13.3199   46.48304    0.09183    1
  -5   -3   -7   0.898364    14.887090     1.574039      14.9701   46.50484    0.11587    1
  -5    3    7   0.898364   -11.099017     1.720069      11.2315   46.50484    0.06522    1
   5   -3   -7   0.898364   -11.089242    -1.783535      11.2318   46.50484    0.06522    1
   5    3    7   0.898364    14.895388    -1.490096      14.9697   46.50484    0.11586    1
  -4   -9    3   0.897734     1.485063    -3.273941      3.59501   46.53937    0.00667    1
  -4    9   -3   0.897734    -2.853390    -2.862831      4.04198   46.53937    0.00843    1
   4   -9    3   0.897734    -2.868902     2.846071      4.04113   46.53937    0.00843    1
   4    9   -3   0.897734     1.466937     3.281655       3.5946   46.53937    0.00667    1
  -6   -7    1   0.897538     1.800141    -3.545585      3.97639   46.55015    0.00816    1
  -6    7   -1   0.897538     0.173044    -3.787957      3.79191   46.55015    0.00742    1
   6   -7    1   0.897538     0.152207     3.789088      3.79214   46.55015    0.00742    1
   6    7   -1   0.897538     1.778768     3.555647      3.97576   46.55015    0.00815    1
  -5   -7   -2   0.897461     2.056597     1.929646      2.82013   46.55436    0.00410    1
   5    7    2   0.897461     2.067922    -1.917622      2.82021   46.55436    0.00410    1
  -5    7    2   0.897461    -0.857066    -0.890764      1.23613   46.55436    0.00079    1
   5   -7   -2   0.897461    -0.860869     0.886007      1.23536   46.55436    0.00079    1
  -6   -3    8   0.897376   -36.941952     1.601392      36.9766   46.55903    0.70506    1
  -6    3   -8   0.897376    36.373174     3.015112      36.4979   46.55903    0.68692    1
   6   -3    8   0.897376    36.390694    -2.805876      36.4987   46.55903    0.68695    1
   6    3   -8   0.897376   -36.931779    -1.814080      36.9763   46.55903    0.70505    1
  -5   -8    5   0.897342     5.707532    -0.308758      5.71588   46.56093    0.01685    1
  -5    8   -5   0.897342     7.996035     1.430354      8.12296   46.56093    0.03402    1
   5   -8    5   0.897342     8.002445    -1.386221      8.12162   46.56093    0.03401    1
   5    8   -5   0.897342     5.707084     0.341589       5.7173   46.56093    0.01685    1
  -7    0   -6   0.896523    -0.807541     1.541162      1.73991   46.60598    0.00156    1
   7    0    6   0.896523    -0.799808    -1.546361      1.74095   46.60598    0.00156    1
  -7    0    6   0.896523     0.701764     3.800175      3.86443   46.60598    0.00768    1
   7    0   -6   0.896523     0.723057    -3.794956      3.86322   46.60598    0.00768    1
  -4   -9    4   0.896388   -18.857506    -2.747582      19.0566   46.61342    0.18677    1
  -4    9   -4   0.896388    20.611398    -1.249704      20.6492   46.61342    0.21930    1
   4   -9    4   0.896388    20.605372     1.365739      20.6506   46.61342    0.21933    1
   4    9   -4   0.896388   -18.870952     2.641055      19.0549   46.61342    0.18674    1
  -8   -3    2   0.896076     0.905320     0.473446      1.02164   46.63060    0.00054    1
  -8    3   -2   0.896076    -3.373361    -0.391770      3.39603   46.63060    0.00593    1
   8   -3    2   0.896076    -3.373047     0.371152      3.39341   46.63060    0.00592    1
   8    3   -2   0.896076     0.909491    -0.465276      1.02159   46.63060    0.00054    1
  -7   -5   -1   0.895784    -2.553506    -3.218650      4.10854   46.64667    0.00867    1
   7    5    1   0.895784    -2.572121     3.201850      4.10702   46.64667    0.00866    1
  -7    5    1   0.895784     5.695197    -2.993836      6.43415   46.64667    0.02126    1
   7   -5   -1   0.895784     5.677840     3.027421      6.43453   46.64667    0.02126    1
  -7   -3   -4   0.895761     0.852356    -1.900752      2.08311   46.64796    0.00223    1
   7    3    4   0.895761     0.841447     1.905040       2.0826   46.64796    0.00223    1
  -7    3    4   0.895761    -0.296897    -3.382376      3.39538   46.64796    0.00592    1
   7   -3   -4   0.895761    -0.316617     3.380154      3.39495   46.64796    0.00592    1
  -2   -5   11   0.895488    -0.288087    -0.641381      0.70311   46.66304    0.00025    1
  -2    5  -11   0.895488    -3.468377    -0.598972      3.51972   46.66304    0.00636    1
   2   -5   11   0.895488    -3.471731     0.578813      3.51965   46.66304    0.00636    1
   2    5  -11   0.895488    -0.288489     0.639719      0.70176   46.66304    0.00025    1
  -6   -6   -2   0.895090   -22.670688    -0.644944      22.6799   46.68500    0.26363    1
   6    6    2   0.895090   -22.675502     0.512933      22.6813   46.68500    0.26366    1
  -6    6    2   0.895090   -20.370649     0.260838      20.3723   46.68500    0.21271    1
   6   -6   -2   0.895090   -20.368195    -0.379774      20.3717   46.68500    0.21270    1
  -8   -3    0   0.894454    22.643691    -0.056761      22.6438   46.72019    0.26234    1
  -8    3    0   0.894454   -20.776133    -0.044632      20.7762   46.72019    0.22085    1
   8   -3    0   0.894454   -20.774398    -0.075373      20.7745   46.72019    0.22082    1
   8    3    0   0.894454    22.643378     0.186414      22.6441   46.72019    0.26235    1
  -2   -3   -9   0.894049     1.420827     0.838480      1.64979   46.74258    0.00139    1
  -2    3    9   0.894049     2.935991     1.113827      3.14017   46.74258    0.00504    1
   2   -3   -9   0.894049     2.941370    -1.097687      3.13952   46.74258    0.00504    1
   2    3    9   0.894049     1.426050    -0.831571       1.6508   46.74258    0.00139    1
  -2  -10    4   0.893285     3.369575     0.385534      3.39156   46.78493    0.00587    1
  -2   10   -4   0.893285     5.075264    -1.431508      5.27328   46.78493    0.01418    1
   2  -10    4   0.893285     5.067189     1.465559      5.27487   46.78493    0.01419    1
   2   10   -4   0.893285     3.372060    -0.361766      3.39141   46.78493    0.00587    1
  -2   -7   -5   0.892878     1.818997    -1.939829      2.65926   46.80753    0.00360    1
  -2    7    5   0.892878     0.188211    -1.445597       1.4578   46.80753    0.00108    1
   2   -7   -5   0.892878     0.179470     1.447616       1.4587   46.80753    0.00108    1
   2    7    5   0.892878     1.806161     1.950268      2.65815   46.80753    0.00360    1
  -1   -6   11   0.892863    12.247961    -2.268412      12.4563   46.80837    0.07905    1
  -1    6  -11   0.892863    11.539673     2.983720      11.9192   46.80837    0.07238    1
   1   -6   11   0.892863    11.555385    -2.915274      11.9175   46.80837    0.07236    1
   1    6  -11   0.892863    12.233215     2.339461      12.4549   46.80837    0.07903    1
   0   -9   -2   0.892688    -1.074461    -0.502192      1.18603   46.81808    0.00072    1
   0    9    2   0.892688    -1.075519     0.497146      1.18486   46.81808    0.00071    1
  -1  -10    6   0.892568    -0.939019    -0.042572     0.939984   46.82478    0.00045    1
  -1   10   -6   0.892568     2.453371    -3.617183       4.3707   46.82478    0.00972    1
   1  -10    6   0.892568     2.432959     3.631398      4.37108   46.82478    0.00973    1
   1   10   -6   0.892568    -0.938390     0.036989     0.939119   46.82478    0.00045    1
  -4   -6   -5   0.892534     2.706405    -1.218678      2.96813   46.82665    0.00448    1
  -4    6    5   0.892534    -1.447009     2.956387      3.29151   46.82665    0.00551    1
   4   -6   -5   0.892534    -1.431456    -2.965579      3.29298   46.82665    0.00552    1
   4    6    5   0.892534     2.702701     1.233854      2.97102   46.82665    0.00449    1
  -8   -2   -2   0.892008     9.825970    -2.079548      10.0436   46.85589    0.05127    1
   8    2    2   0.892008     9.814246     2.137264      10.0443   46.85589    0.05128    1
  -8    2    2   0.892008     3.612377     2.342014      4.30515   46.85589    0.00942    1
   8   -2   -2   0.892008     3.625147    -2.319080      4.30347   46.85589    0.00941    1
  -2  -10    3   0.891852    -3.308648     1.713955      3.72623   46.86461    0.00705    1
  -2   10   -3   0.891852     4.618102    -0.674016      4.66703   46.86461    0.01107    1
   2  -10    3   0.891852     4.612962     0.698836       4.6656   46.86461    0.01106    1
   2   10   -3   0.891852    -3.298589    -1.731880       3.7256   46.86461    0.00705    1
   0  -10    1   0.891684     1.106027    -2.845171      3.05259   46.87396    0.00473    1
   0   10   -1   0.891684     1.089901     2.852054      3.05321   46.87396    0.00473    1
  -2   -9    8   0.891677    12.071766     6.833763      13.8718   46.87434    0.09772    1
  -2    9   -8   0.891677   -10.079422     5.813119      11.6356   46.87434    0.06876    1
   2   -9    8   0.891677   -10.045483    -5.875103      11.6374   46.87434    0.06878    1
   2    9   -8   0.891677    12.110253    -6.762861      13.8706   46.87434    0.09771    1
  -4   -9    2   0.891542    19.666945     2.448436      19.8188   46.88185    0.19940    1
  -4    9   -2   0.891542   -18.620684     1.259888      18.6633   46.88185    0.17683    1
   4   -9    2   0.891542   -18.614134    -1.364474      18.6641   46.88185    0.17684    1
   4    9   -2   0.891542    19.679218    -2.337771      19.8176   46.88185    0.19938    1
  -3   -9    7   0.891500     3.185078    -1.051090      3.35403   46.88418    0.00571    1
  -3    9   -7   0.891500    -1.698361    -2.892682      3.35441   46.88418    0.00571    1
   3   -9    7   0.891500    -1.715797     2.881999      3.35408   46.88418    0.00571    1
   3    9   -7   0.891500     3.177796     1.070043      3.35311   46.88418    0.00571    1
  -7   -2   -5   0.891177     5.737630    -1.703874      5.98528   46.90221    0.01817    1
   7    2    5   0.891177     5.726770     1.735006      5.98382   46.90221    0.01816    1
  -7    2    5   0.891177     9.788661     1.939338      9.97892   46.90221    0.05050    1
   7   -2   -5   0.891177     9.800839    -1.884387      9.98035   46.90221    0.05052    1
   0   -2  -10   0.891025   -18.661688     0.735883      18.6762   46.91069    0.17683    1
   0    2   10   0.891025   -18.658822    -0.843789      18.6779   46.91069    0.17686    1
  -6   -1    8   0.890867     4.948916    -1.751151       5.2496   46.91952    0.01396    1
  -6    1   -8   0.890867    -4.820430    -0.367392      4.83441   46.91952    0.01184    1
   6   -1    8   0.890867    -4.820556     0.338725      4.83244   46.91952    0.01183    1
   6    1   -8   0.890867     4.939422     1.780342      5.25048   46.91952    0.01397    1
  -4   -3   -8   0.890500     4.058186    -2.235115      4.63299   46.94003    0.01087    1
  -4    3    8   0.890500    -2.976042    -4.016065      4.99856   46.94003    0.01265    1
   4   -3   -8   0.890500    -2.999373     4.000629      5.00013   46.94003    0.01266    1
   4    3    8   0.890500     4.046149     2.257600      4.63337   46.94003    0.01087    1
  -8   -1   -3   0.890218    -1.494846    -3.887759      4.16524   46.95575    0.00878    1
   8    1    3   0.890218    -1.516860     3.879008      4.16504   46.95575    0.00878    1
  -8    1    3   0.890218     0.287703    -1.494918      1.52235   46.95575    0.00117    1
   8   -1   -3   0.890218     0.277492     1.495666      1.52119   46.95575    0.00117    1
   0   -8   -4   0.889288    19.559385    -1.626435      19.6269   47.00782    0.19437    1
   0    8    4   0.889288    19.546174     1.737764      19.6233   47.00782    0.19430    1
  -7   -4   -3   0.888959    -4.077351     0.373475      4.09442   47.02627    0.00845    1
  -7    4    3   0.888959    -7.819722     1.843547       8.0341   47.02627    0.03254    1
   7   -4   -3   0.888959    -7.809439    -1.886798      8.03414   47.02627    0.03254    1
   7    4    3   0.888959    -4.073780    -0.395181       4.0929   47.02627    0.00845    1
  -7   -5    5   0.888876    11.926169    -2.249753      12.1365   47.03093    0.07424    1
  -7    5   -5   0.888876    -7.878425    -2.889471      8.39158   47.03093    0.03549    1
   7   -5    5   0.888876    -7.895845     2.841354      8.39152   47.03093    0.03549    1
   7    5   -5   0.888876    11.910999     2.319928      12.1348   47.03093    0.07422    1
  -6   -4   -5   0.888735     2.642232     0.993318      2.82278   47.03885    0.00401    1
  -6    4    5   0.888735    -1.473854    -0.685599      1.62551   47.03885    0.00133    1
   6   -4   -5   0.888735    -1.477068     0.676622      1.62467   47.03885    0.00133    1
   6    4    5   0.888735     2.647265    -0.978055      2.82216   47.03885    0.00401    1
  -4   -9    5   0.887603     2.224283    -0.601105      2.30408   47.10248    0.00267    1
  -4    9   -5   0.887603     3.945091     0.263487      3.95388   47.10248    0.00785    1
   4   -9    5   0.887603     3.946946    -0.241537      3.95433   47.10248    0.00785    1
   4    9   -5   0.887603     2.220996     0.614486      2.30443   47.10248    0.00267    1
  -4    1  -10   0.887489    10.328422    -1.400085      10.4229   47.10887    0.05455    1
   4   -1   10   0.887489    10.320993     1.457139      10.4233   47.10887    0.05455    1
  -4   -1   10   0.887489   -13.128012     0.595578      13.1415   47.10887    0.08672    1
   4    1  -10   0.887489   -13.123511    -0.669676      13.1406   47.10887    0.08671    1
  -7   -4    6   0.887414    -1.062457     1.983843      2.25043   47.11311    0.00254    1
  -7    4   -6   0.887414    -3.559954    -2.300324      4.23849   47.11311    0.00902    1
   7   -4    6   0.887414    -3.571175     2.279489      4.23667   47.11311    0.00901    1
   7    4   -6   0.887414    -1.049262    -1.990110      2.24977   47.11311    0.00254    1
  -2  -10    5   0.887289    -1.473820     0.966297      1.76235   47.12014    0.00156    1
  -2   10   -5   0.887289     2.114716    -4.539938       5.0083   47.12014    0.01259    1
   2  -10    5   0.887289     2.087712     4.552711      5.00857   47.12014    0.01259    1
   2   10   -5   0.887289    -1.467779    -0.974582      1.76187   47.12014    0.00156    1
  -2   -1   11   0.887136    -1.689678    -1.103832      2.01828   47.12874    0.00204    1
  -2    1  -11   0.887136    -0.930784    -0.294101     0.976143   47.12874    0.00048    1
   2   -1   11   0.887136    -0.933894     0.288206     0.977354   47.12874    0.00048    1
   2    1  -11   0.887136    -1.696580     1.093579      2.01849   47.12874    0.00204    1
   0    0  -11   0.886623    -2.091795    -1.643210      2.66003   47.15764    0.00354    1
   0    0   11   0.886623    -2.100636     1.631048      2.65951   47.15764    0.00354    1
  -6    4   -8   0.886507    16.725125    -1.992630      16.8434   47.16422    0.14208    1
   6   -4    8   0.886507    16.711865     2.088586      16.8419   47.16422    0.14205    1
  -6   -4    8   0.886507    19.739981     3.204892      19.9985   47.16422    0.20029    1
   6    4   -8   0.886507    19.760289    -3.089096      20.0003   47.16422    0.20032    1
  -1   -9   -2   0.886470    -0.196485     3.171745      3.17783   47.16631    0.00506    1
  -1    9    2   0.886470    -1.734094     4.365271      4.69709   47.16631    0.01105    1
   1   -9   -2   0.886470    -1.711698    -4.374002        4.697   47.16631    0.01105    1
   1    9    2   0.886470    -0.179343    -3.173691      3.17875   47.16631    0.00506    1
  -5   -6   -4   0.886269    -0.166724    -2.551431      2.55687   47.17765    0.00327    1
  -5    6    4   0.886269    -0.312329     4.234062      4.24557   47.17765    0.00902    1
   5   -6   -4   0.886269    -0.286023    -4.235935      4.24558   47.17765    0.00902    1
   5    6    4   0.886269    -0.182859     2.551372      2.55792   47.17765    0.00327    1
  -6   -3   -6   0.886155   -21.141563    -0.718912      21.1538   47.18411    0.22388    1
   6    3    6   0.886155   -21.145738     0.594067      21.1541   47.18411    0.22389    1
  -6    3    6   0.886155    20.764336     0.567774      20.7721   47.18411    0.21588    1
   6   -3   -6   0.886155    20.767357    -0.444657      20.7721   47.18411    0.21588    1
  -8   -3    3   0.885725    -1.414397    -5.417755      5.59934   47.20840    0.01567    1
  -8    3   -3   0.885725     1.614701    -0.868735      1.83356   47.20840    0.00168    1
   8   -3    3   0.885725     1.610475     0.878860      1.83467   47.20840    0.00168    1
   8    3   -3   0.885725    -1.444567     5.411003      5.60051   47.20840    0.01567    1
  -5    5   -9   0.885565    -4.477101    -2.438616      5.09816   47.21745    0.01298    1
   5   -5    9   0.885565    -4.491582     2.413205      5.09881   47.21745    0.01299    1
  -5   -5    9   0.885565     2.589716    -1.613919      3.05145   47.21745    0.00465    1
   5    5   -9   0.885565     2.579761     1.628351      3.05069   47.21745    0.00465    1
  -1  -10    1   0.885486   -14.577809     1.193499      14.6266   47.22188    0.10684    1
  -1   10   -1   0.885486   -12.561217    -1.781743       12.687   47.22188    0.08038    1
   1  -10    1   0.885486   -12.572378     1.709777      12.6881   47.22188    0.08040    1
   1   10   -1   0.885486   -14.568673    -1.277284      14.6246   47.22188    0.10681    1
  -6   -7    5   0.885157     2.104844    -1.835581       2.7928   47.24054    0.00389    1
  -6    7   -5   0.885157    -0.702611    -0.976970      1.20338   47.24054    0.00072    1
   6   -7    5   0.885157    -0.706601     0.972504       1.2021   47.24054    0.00072    1
   6    7   -5   0.885157     2.096374     1.848657      2.79505   47.24054    0.00390    1
  -3   -5   -7   0.884908    -7.502869     0.890491      7.55553   47.25464    0.02846    1
  -3    5    7   0.884908     9.717607     1.896420      9.90092   47.25464    0.04888    1
   3   -5   -7   0.884908     9.727447    -1.844791      9.90083   47.25464    0.04888    1
   3    5    7   0.884908    -7.498191    -0.930990      7.55577   47.25464    0.02847    1
  -4    5  -10   0.884893     0.247433    -1.081662       1.1096   47.25545    0.00061    1
   4   -5   10   0.884893     0.243590     1.085376      1.11237   47.25545    0.00062    1
  -4   -5   10   0.884893    -1.074068    -0.559674      1.21114   47.25545    0.00073    1
   4    5  -10   0.884893    -1.075888     0.552577      1.20949   47.25545    0.00073    1
  -1   -2  -10   0.884841     2.347264    -0.975064      2.54173   47.25839    0.00322    1
  -1    2   10   0.884841    -0.613335     0.997647       1.1711   47.25839    0.00068    1
   1   -2  -10   0.884841    -0.608201    -1.000755      1.17108   47.25839    0.00068    1
   1    2   10   0.884841     2.340327     0.988819      2.54065   47.25839    0.00322    1
   0   -8   10   0.884501    22.521589     4.566487      22.9799   47.27767    0.26302    1
   0    8  -10   0.884501    22.545747    -4.435951       22.978   47.27767    0.26298    1
  -8   -1    4   0.883503   -13.952510    -0.372968      13.9575   47.33436    0.09677    1
  -8    1   -4   0.883503    11.402779    -1.536709      11.5059   47.33436    0.06576    1
   8   -1    4   0.883503    11.395662     1.599393      11.5074   47.33436    0.06578    1
   8    1   -4   0.883503   -13.953043     0.294397      13.9561   47.33436    0.09675    1
  -1   -8   -4   0.883140    -0.023144     2.861714      2.86181   47.35499    0.00406    1
  -1    8    4   0.883140     0.269429     0.304993     0.406956   47.35499    0.00008    1
   1   -8   -4   0.883140     0.271321    -0.304106     0.407548   47.35499    0.00008    1
   1    8    4   0.883140    -0.006904    -2.861670      2.86168   47.35499    0.00406    1
  -2  -10    2   0.883095    12.865120     2.412807      13.0894   47.35756    0.08501    1
  -2   10   -2   0.883095    15.513620    -2.225927      15.6725   47.35756    0.12187    1
   2  -10    2   0.883095    15.501024     2.315975      15.6731   47.35756    0.12188    1
   2   10   -2   0.883095    12.878133    -2.338861      13.0888   47.35756    0.08500    1
  -8   -3   -1   0.882600    -1.878198     0.713821      2.00927   47.38576    0.00200    1
  -8    3    1   0.882600     0.270842     5.844647      5.85092   47.38576    0.01696    1
   8   -3   -1   0.882600     0.304032    -5.841716      5.84962   47.38576    0.01696    1
   8    3    1   0.882600    -1.874102    -0.723706      2.00898   47.38576    0.00200    1
  -6   -7    0   0.882103     0.583688     0.466556     0.747239   47.41409    0.00028    1
   6    7    0   0.882103     0.586381    -0.463182     0.747249   47.41409    0.00028    1
  -6    7    0   0.882103    -2.912691     1.012126      3.08353   47.41409    0.00470    1
   6   -7    0   0.882103    -2.906803    -1.028131      3.08327   47.41409    0.00470    1
  -3   -8   -3   0.881202    21.089063     1.673298      21.1553   47.46550    0.22092    1
  -3    8    3   0.881202    21.892014    -1.022377      21.9159   47.46550    0.23709    1
   3   -8   -3   0.881202    21.884391     1.152322      21.9147   47.46550    0.23706    1
   3    8    3   0.881202    21.100444    -1.546754      21.1571   47.46550    0.22095    1
  -5   -8    0   0.880602     1.339744     2.075751      2.47056   47.49986    0.00301    1
  -5    8    0   0.880602     0.076542    -4.830436      4.83104   47.49986    0.01150    1
   5   -8    0   0.880602     0.049650     4.830918      4.83117   47.49986    0.01150    1
   5    8    0   0.880602     1.351967    -2.067999      2.47072   47.49986    0.00301    1
  -1    0  -11   0.880530   -14.931086    -2.225016       15.096   47.50397    0.11228    1
  -1    0   11   0.880530   -15.373392     1.038052      15.4084   47.50397    0.11698    1
   1    0  -11   0.880530   -15.367434    -1.124963      15.4086   47.50397    0.11698    1
   1    0   11   0.880530   -14.942921     2.141198      15.0955   47.50397    0.11228    1
  -8   -2    4   0.880520    16.228531     0.109711      16.2289   47.50456    0.12977    1
  -8    2   -4   0.880520     9.585597    -0.348702      9.59194   47.50456    0.04533    1
   8   -2    4   0.880520     9.583204     0.409610      9.59195   47.50456    0.04533    1
   8    2   -4   0.880520    16.228852    -0.012373      16.2289   47.50456    0.12976    1
  -6   -5   -4   0.880220    25.089772     0.665312      25.0986   47.52175    0.31011    1
  -6    5    4   0.880220   -26.920057    -0.788536      26.9316   47.52175    0.35707    1
   6   -5   -4   0.880220   -26.923969     0.634848      26.9315   47.52175    0.35706    1
   6    5    4   0.880220    25.092707    -0.523266      25.0982   47.52175    0.31010    1
  -7   -6    2   0.879931     1.166963    -2.240996      2.52663   47.53829    0.00314    1
  -7    6   -2   0.879931     3.119244    -1.467553      3.44723   47.53829    0.00585    1
   7   -6    2   0.879931     3.112761     1.485554      3.44908   47.53829    0.00585    1
   7    6   -2   0.879931     1.154787     2.247073      2.52643   47.53829    0.00314    1
  -5   -2   -8   0.879866    -4.462503    -0.547692      4.49599   47.54201    0.00994    1
   5    2    8   0.879866    -4.465477     0.521109      4.49578   47.54201    0.00994    1
  -5    2    8   0.879866     3.902224     5.542665      6.77853   47.54201    0.02260    1
   5   -2   -8   0.879866     3.933508    -5.519413      6.77764   47.54201    0.02259    1
  -3   -4   -8   0.879695    -2.536657    -0.299069      2.55423   47.55183    0.00321    1
   3    4    8   0.879695    -2.537489     0.283454      2.55327   47.55183    0.00320    1
  -3    4    8   0.879695     1.821540     2.451278      3.05398   47.55183    0.00458    1
   3   -4   -8   0.879695     1.834260    -2.439925       3.0525   47.55183    0.00458    1
  -5    0   -9   0.879344    12.717216    -0.669459      12.7348   47.57197    0.07965    1
   5    0    9   0.879344    12.714148     0.742535      12.7358   47.57197    0.07966    1
  -5    0    9   0.879344    14.741016     3.169032      15.0778   47.57197    0.11165    1
   5    0   -9   0.879344    14.758671    -3.084906      15.0776   47.57197    0.11165    1
  -3   -6   -6   0.879137     1.750958     1.495974        2.303   47.58389    0.00260    1
  -3    6    6   0.879137    -2.458821     0.194130      2.46647   47.58389    0.00299    1
   3   -6   -6   0.879137    -2.458075    -0.209051      2.46695   47.58389    0.00299    1
   3    6    6   0.879137     1.757714    -1.485365      2.30128   47.58389    0.00260    1
  -3   -3   11   0.879028    13.014644     1.931541      13.1572   47.59014    0.08494    1
  -3    3  -11   0.879028   -15.225214     3.104821      15.5386   47.59014    0.11848    1
   3   -3   11   0.879028   -15.206032    -3.191028      15.5372   47.59014    0.11846    1
   3    3  -11   0.879028    13.025811    -1.856535      13.1574   47.59014    0.08495    1
  -4    7   -9   0.878962    -0.611226    -0.415288      0.73896   47.59393    0.00027    1
   4   -7    9   0.878962    -0.611925     0.412132     0.737771   47.59393    0.00027    1
  -4   -7    9   0.878962    -2.343840    -4.153708      4.76937   47.59393    0.01116    1
   4    7   -9   0.878962    -2.366334     4.140558      4.76904   47.59393    0.01116    1
  -5   -8    6   0.878600    -2.927895     0.609770      2.99072   47.61474    0.00438    1
  -5    8   -6   0.878600     1.201471    -5.919735      6.04043   47.61474    0.01788    1
   5   -8    6   0.878600     1.166146     5.926738      6.04037   47.61474    0.01788    1
   5    8   -6   0.878600    -2.925615    -0.625157      2.99166   47.61474    0.00439    1
  -1   -8   10   0.878451     1.299963    -0.567241      1.41833   47.62334    0.00099    1
  -1    8  -10   0.878451    -2.732249     3.812874      4.69076   47.62334    0.01078    1
   1   -8   10   0.878451    -2.709125    -3.829734      4.69108   47.62334    0.01078    1
   1    8  -10   0.878451     1.297172     0.574440      1.41867   47.62334    0.00099    1
   0   -9    9   0.878438    -8.937785     1.688985      9.09597   47.62407    0.04053    1
   0    9   -9   0.878438    -8.927361    -1.741538      9.09564   47.62407    0.04053    1
  -4   -9    1   0.878267     0.263505    -2.419170      2.43348   47.63395    0.00290    1
  -4    9   -1   0.878267     2.221492    -0.743743      2.34269   47.63395    0.00269    1
   4   -9    1   0.878267     2.218681     0.756237      2.34402   47.63395    0.00269    1
   4    9   -1   0.878267     0.248217     2.420683      2.43338   47.63395    0.00290    1
   0  -10    7   0.878209    -2.995550     0.016316      2.99559   47.63729    0.00439    1
   0   10   -7   0.878209    -2.996528    -0.034206      2.99672   47.63729    0.00440    1
  -4   -8   -2   0.878138   -16.887393    -2.188323      17.0286   47.64139    0.14194    1
  -4    8    2   0.878138   -16.279419     2.185617      16.4255   47.64139    0.13206    1
   4   -8   -2   0.878138   -16.266621    -2.280246      16.4257   47.64139    0.13207    1
   4    8    2   0.878138   -16.899094     2.090162      17.0279   47.64139    0.14193    1
  -7   -6    3   0.877897     1.983518    -1.726903      2.62993   47.65525    0.00338    1
  -7    6   -3   0.877897    -1.102470     2.243915      2.50012   47.65525    0.00306    1
   7   -6    3   0.877897    -1.089639    -2.249871      2.49985   47.65525    0.00306    1
   7    6   -3   0.877897     1.972353     1.740564      2.63054   47.65525    0.00338    1
  -8    0   -4   0.877428    19.495974     1.116718      19.5279   47.68233    0.18630    1
   8    0    4   0.877428    19.501958    -1.004770      19.5278   47.68233    0.18630    1
  -8    0    4   0.877428    21.070705     0.886142      21.0893   47.68233    0.21728    1
   8    0   -4   0.877428    21.074910    -0.764642      21.0888   47.68233    0.21727    1
  -3    8   -9   0.877205     5.486742    -2.841861      6.17904   47.69518    0.01864    1
   3   -8    9   0.877205     5.468898     2.873239      6.17773   47.69518    0.01863    1
  -3   -8    9   0.877205     2.850156     1.144657      3.07142   47.69518    0.00461    1
   3    8   -9   0.877205     2.857799    -1.127584      3.07221   47.69518    0.00461    1
  -3   -1  -10   0.876654    -2.338200     1.340602      2.69525   47.72703    0.00354    1
  -3    1   10   0.876654    -3.638895    -0.268293      3.64877   47.72703    0.00649    1
   3   -1  -10   0.876654    -3.638803     0.245736      3.64709   47.72703    0.00648    1
   3    1   10   0.876654    -2.329756    -1.354283      2.69478   47.72703    0.00354    1
  -3   -4   11   0.876542   -15.092372    -0.694371      15.1083   47.73347    0.11124    1
  -3    4  -11   0.876542   -13.748379    -0.774169      13.7702   47.73347    0.09241    1
   3   -4   11   0.876542   -13.753292     0.694832      13.7708   47.73347    0.09242    1
   3    4  -11   0.876542   -15.095291     0.607782      15.1075   47.73347    0.11123    1
  -6   -6    7   0.876359    -1.446173     2.532968      2.91674   47.74411    0.00414    1
  -6    6   -7   0.876359     2.825973    -0.654737      2.90083   47.74411    0.00410    1
   6   -6    7   0.876359     2.822422     0.671347      2.90117   47.74411    0.00410    1
   6    6   -7   0.876359    -1.431988    -2.539742      2.91563   47.74411    0.00414    1
  -7   -1   -6   0.875717     3.252929     0.661095      3.31943   47.78129    0.00536    1
   7    1    6   0.875717     3.257607    -0.642072      3.32028   47.78129    0.00536    1
  -7    1    6   0.875717     3.025804     2.380375      3.84989   47.78129    0.00721    1
   7   -1   -6   0.875717     3.039807    -2.361950      3.84958   47.78129    0.00721    1
  -7   -6    1   0.874854    45.514418     1.547069      45.5407   47.83135    1.00606    1
   7    6   -1   0.874854    45.521611    -1.278842      45.5396   47.83135    1.00601    1
  -7    6   -1   0.874854    44.919570    -0.831395      44.9273   47.83135    0.97913    1
   7   -6    1   0.874854    44.914846     1.096809      44.9282   47.83135    0.97918    1
  -4    8   -8   0.874837     9.591561    -2.486262      9.90856   47.83231    0.04762    1
   4   -8    8   0.874837     9.577284     2.538873      9.90809   47.83231    0.04762    1
  -4   -8    8   0.874837     8.180820    -0.640057      8.20582   47.83231    0.03266    1
   4    8   -8   0.874837     8.176730     0.684133       8.2053   47.83231    0.03266    1
  -2   -6   11   0.874578    -0.005555    -3.800957      3.80096   47.84741    0.00700    1
  -2    6  -11   0.874578    -1.881349    -0.262986      1.89964   47.84741    0.00175    1
   2   -6   11   0.874578    -1.882925     0.253628      1.89993   47.84741    0.00175    1
   2    6  -11   0.874578    -0.026353     3.801238      3.80133   47.84741    0.00700    1
  -2  -10    6   0.874300    -4.692438     1.270642      4.86143   47.86355    0.01145    1
  -2   10   -6   0.874300    -4.359145    -1.073904      4.48948   47.86355    0.00976    1
   2  -10    6   0.874300    -4.363361     1.048213       4.4875   47.86355    0.00975    1
   2   10   -6   0.874300    -4.686133    -1.296415      4.86215   47.86355    0.01145    1
  -6    0   -8   0.874084    22.313409     3.922864      22.6556   47.87612    0.24846    1
  -6    0    8   0.874084    19.283990    -3.036352      19.5216   47.87612    0.18447    1
   6    0   -8   0.874084    19.265479     3.147885       19.521   47.87612    0.18446    1
   6    0    8   0.874084    22.335808    -3.794967      22.6559   47.87612    0.24846    1
  -3   -9   -1   0.872879   -15.944554    -1.599523      16.0246   47.94635    0.12389    1
   3    9    1   0.872879   -15.953614     1.505786      16.0245   47.94635    0.12389    1
  -3    9    1   0.872879    16.659053    -1.383474      16.7164   47.94635    0.13482    1
   3   -9   -1   0.872879    16.650189     1.479981      16.7158   47.94635    0.13481    1
  -6   -2   -7   0.872762    -1.488315    -0.564858       1.5919   47.95317    0.00122    1
  -6    2    7   0.872762     0.000544     0.592552     0.592552   47.95317    0.00017    1
   6   -2   -7   0.872762     0.003357    -0.592782     0.592792   47.95317    0.00017    1
   6    2    7   0.872762    -1.491252     0.555367      1.59131   47.95317    0.00122    1
  -3   -2   11   0.872597    23.360437    -2.453502      23.4889   47.96279    0.26598    1
  -3    2  -11   0.872597    24.494543     2.031185      24.5786   47.96279    0.29123    1
   3   -2   11   0.872597    24.504716    -1.886223      24.5772   47.96279    0.29119    1
   3    2  -11   0.872597    23.346309     2.590394      23.4896   47.96279    0.26599    1
  -1   -9    9   0.872511    32.635467    -1.446754      32.6675   47.96783    0.51433    1
  -1    9   -9   0.872511   -31.547690    -0.748115      31.5566   47.96783    0.47995    1
   1   -9    9   0.872511   -31.550551     0.560002      31.5555   47.96783    0.47991    1
   1    9   -9   0.872511    32.627057     1.640995      32.6683   47.96783    0.51436    1
  -1  -10    7   0.872286   -29.598026    -0.179360      29.5986   47.98098    0.42197    1
  -1   10   -7   0.872286   -27.447120    -1.994481      27.5195   47.98098    0.36477    1
   1  -10    7   0.872286   -27.458944     1.833893      27.5201   47.98098    0.36479    1
   1   10   -7   0.872286   -29.599027     0.005253       29.599   47.98098    0.42199    1
   0   -5   -8   0.872192    -1.024232     0.251676       1.0547   47.98648    0.00054    1
   0    5    8   0.872192    -1.022842    -0.257539      1.05477   47.98648    0.00054    1
  -4   -9    6   0.872015    -6.393259    -1.759762      6.63103   47.99684    0.02116    1
  -4    9   -6   0.872015     4.475983    -2.805379      5.28248   47.99684    0.01343    1
   4   -9    6   0.872015     4.461194     2.833106      5.28476   47.99684    0.01344    1
   4    9   -6   0.872015    -6.402935     1.720540      6.63007   47.99684    0.02116    1
  -3   -7   10   0.871671    -2.340794     1.327617      2.69107   48.01699    0.00348    1
  -3    7  -10   0.871671    -3.934020    -3.143528       5.0357   48.01699    0.01219    1
   3   -7   10   0.871671    -3.952968     3.121116       5.0366   48.01699    0.01220    1
   3    7  -10   0.871671    -2.332755    -1.341404      2.69093   48.01699    0.00348    1
  -7   -5   -2   0.871522    -0.258694     2.483688      2.49712   48.02569    0.00300    1
  -7    5    2   0.871522    -0.133968     3.682258      3.68469   48.02569    0.00653    1
   7   -5   -2   0.871522    -0.109920    -3.682065       3.6837   48.02569    0.00652    1
   7    5    2   0.871522    -0.242866    -2.485248      2.49709   48.02569    0.00300    1
  -4   -7   -4   0.871250    35.037408     0.947438      35.0502   48.04165    0.59004    1
  -4    7    4   0.871250   -33.095180    -0.399122      33.0976   48.04165    0.52613    1
   4   -7   -4   0.871250   -33.096116     0.204171      33.0967   48.04165    0.52610    1
   4    7    4   0.871250    35.042969    -0.742593      35.0508   48.04165    0.59006    1
   0   -6   -7   0.871015     0.703732    -2.468251      2.56661   48.05543    0.00316    1
   0    6    7   0.871015     0.687132     2.471331      2.56508   48.05543    0.00316    1
  -8   -4    1   0.869688    -1.468129    -0.175352      1.47856   48.13339    0.00105    1
  -8    4   -1   0.869688    -0.656299     2.291830      2.38395   48.13339    0.00272    1
   8   -4    1   0.869688    -0.643593    -2.294376      2.38293   48.13339    0.00272    1
   8    4   -1   0.869688    -1.468120     0.166787      1.47756   48.13339    0.00104    1
  -8   -4    2   0.869527    -2.863587     1.561297      3.26156   48.14287    0.00508    1
  -8    4   -2   0.869527    -3.927862    -1.692362      4.27694   48.14287    0.00874    1
   8   -4    2   0.869527    -3.939946     1.670681      4.27953   48.14287    0.00875    1
   8    4   -2   0.869527    -2.852308    -1.576690      3.25908   48.14287    0.00508    1
   0   -7   11   0.869218    -2.510995     2.679322      3.67204   48.16104    0.00644    1
   0    7  -11   0.869218    -2.493642    -2.695283      3.67189   48.16104    0.00644    1
  -7   -6    4   0.868897    -1.858393    -0.569332      1.94365   48.17996    0.00180    1
  -7    6   -4   0.868897    -0.473559    -2.213574      2.26366   48.17996    0.00245    1
   7   -6    4   0.868897    -0.486419     2.209547      2.26245   48.17996    0.00244    1
   7    6   -4   0.868897    -1.859752     0.559088      1.94197   48.17996    0.00180    1
   0  -10    0   0.868806     6.781652    -0.679665      6.81562   48.18537    0.02216    1
   0   10    0   0.868806     6.777599     0.723350      6.81609   48.18537    0.02216    1
  -8   -2   -3   0.868784    -0.047327    -0.852617     0.853929   48.18663    0.00035    1
  -8    2    3   0.868784     1.158881    -0.987135      1.52231   48.18663    0.00111    1
   8   -2   -3   0.868784     1.152277     0.992545      1.52082   48.18663    0.00110    1
   8    2    3   0.868784    -0.050967     0.852097      0.85362   48.18663    0.00035    1
  -8   -3    4   0.868748    27.806698    -0.526641      27.8117   48.18876    0.36892    1
  -8    3   -4   0.868748   -28.453743    -1.825975      28.5123   48.18876    0.38774    1
   8   -3    4   0.868748   -28.462145     1.662115      28.5106   48.18876    0.38770    1
   8    3   -4   0.868748    27.805958     0.688133      27.8145   48.18876    0.36900    1
  -7    2   -7   0.868694   -19.140504    -0.903473      19.1618   48.19195    0.17510    1
   7   -2    7   0.868694   -19.146852     0.791186      19.1632   48.19195    0.17513    1
  -7   -2    7   0.868694   -22.519195     0.621627      22.5278   48.19195    0.24202    1
   7    2   -7   0.868694   -22.514555    -0.753807      22.5272   48.19195    0.24201    1
  -2   -9   -2   0.868566   -19.542528    -2.306159      19.6781   48.19948    0.18460    1
  -2    9    2   0.868566    21.261478    -2.772257      21.4415   48.19948    0.21916    1
   2   -9   -2   0.868566    21.243547     2.898909      21.4404   48.19948    0.21914    1
   2    9    2   0.868566   -19.558040     2.187668        19.68   48.19948    0.18463    1
  -4   -2   -9   0.868103     0.040222    -1.601816      1.60232   48.22687    0.00122    1
   4    2    9   0.868103     0.029840     1.601641      1.60192   48.22687    0.00122    1
  -4    2    9   0.868103     1.192433    -0.515478      1.29908   48.22687    0.00080    1
   4   -2   -9   0.868103     1.187538     0.522894      1.29756   48.22687    0.00080    1
  -2  -10    1   0.867641    -2.426524     2.279413      3.32923   48.25413    0.00527    1
  -2   10   -1   0.867641     0.289225    -0.302179     0.418286   48.25413    0.00008    1
   2  -10    1   0.867641     0.287967     0.302619     0.417736   48.25413    0.00008    1
   2   10   -1   0.867641    -2.412974    -2.293182      3.32883   48.25413    0.00527    1
  -5   -7    8   0.867440    -0.494105    -0.392082     0.630768   48.26606    0.00019    1
  -5    7   -8   0.867440     2.976259    -1.594440      3.37644   48.26606    0.00542    1
   5   -7    8   0.867440     2.966063     1.610921      3.37529   48.26606    0.00541    1
   5    7   -8   0.867440    -0.494989     0.388411     0.629187   48.26606    0.00019    1
  -6    5   -8   0.867250    -2.706743     2.750176      3.85875   48.27728    0.00707    1
   6   -5    8   0.867250    -2.690259    -2.767214       3.8594   48.27728    0.00707    1
  -6   -5    8   0.867250    -1.570743     2.313904      2.79667   48.27728    0.00371    1
   6    5   -8   0.867250    -1.556676    -2.322506      2.79594   48.27728    0.00371    1
  -2   -2  -10   0.867034    -3.426082    -0.412077      3.45077   48.29006    0.00565    1
   2    2   10   0.867034    -3.427651     0.392174      3.45001   48.29006    0.00565    1
  -2    2   10   0.867034    -3.470405     2.218084      4.11869   48.29006    0.00805    1
   2   -2  -10   0.867034    -3.457272    -2.237146      4.11796   48.29006    0.00805    1
  -1   -5   -8   0.866390    -2.457775     2.609309      3.58457   48.32830    0.00609    1
  -1    5    8   0.866390    -1.642596    -0.196873      1.65435   48.32830    0.00130    1
   1   -5   -8   0.866390    -1.645088     0.187195       1.6557   48.32830    0.00130    1
   1    5    8   0.866390    -2.441233    -2.624171      3.58412   48.32830    0.00609    1
  -4    0  -10   0.865810     3.725668    -0.903701       3.8337   48.36271    0.00695    1
  -4    0   10   0.865810     3.538269     0.656038      3.59857   48.36271    0.00613    1
   4    0  -10   0.865810     3.541192    -0.634063      3.59751   48.36271    0.00612    1
   4    0   10   0.865810     3.720723     0.925693      3.83415   48.36271    0.00695    1
  -2   -8   -4   0.865434     1.454714     2.185754      2.62559   48.38509    0.00326    1
  -2    8    4   0.865434     2.384491    -1.895393      3.04603   48.38509    0.00438    1
   2   -8   -4   0.865434     2.375480     1.908805      3.04737   48.38509    0.00439    1
   2    8    4   0.865434     1.465356    -2.177946      2.62502   48.38509    0.00326    1
  -3   -5   11   0.865363    -4.074922     2.088437      4.57893   48.38932    0.00991    1
  -3    5  -11   0.865363     8.095386     1.389187      8.21371   48.38932    0.03188    1
   3   -5   11   0.865363     8.102797    -1.340805      8.21298   48.38932    0.03187    1
   3    5  -11   0.865363    -4.063075    -2.113930       4.5801   48.38932    0.00991    1
  -1   -6   -7   0.865236     3.699412     1.201367      3.88959   48.39688    0.00715    1
  -1    6    7   0.865236     2.975467     0.278682      2.98849   48.39688    0.00422    1
   1   -6   -7   0.865236     2.973471    -0.257851      2.98463   48.39688    0.00421    1
   1    6    7   0.865236     3.708741    -1.179356      3.89174   48.39688    0.00715    1
  -7    3   -7   0.864818    11.061696    -1.634599      11.1818   48.42173    0.05899    1
   7   -3    7   0.864818    11.050563     1.700780      11.1807   48.42173    0.05897    1
  -7   -3    7   0.864818    -9.148256    -1.508639      9.27182   48.42173    0.04056    1
   7    3   -7   0.864818    -9.158712     1.452996      9.27325   48.42173    0.04057    1
  -6   -7    6   0.864633    -9.748473    -3.264830      10.2807   48.43274    0.04984    1
  -6    7   -6   0.864633    10.828171    -4.645360      11.7826   48.43274    0.06546    1
   6   -7    6   0.864633    10.801023     4.710039      11.7833   48.43274    0.06547    1
   6    7   -6   0.864633    -9.766895     3.205434      10.2794   48.43274    0.04982    1
  -8   -3   -2   0.864335     4.899997    -1.258757      5.05909   48.45054    0.01206    1
  -8    3    2   0.864335    -4.022457    -2.692650      4.84051   48.45054    0.01104    1
   8   -3   -2   0.864335    -4.037656     2.669408      4.84029   48.45054    0.01104    1
   8    3    2   0.864335     4.893413     1.286339      5.05966   48.45054    0.01206    1
  -3   -3   -9   0.864064    19.028015     1.014965      19.0551   48.46670    0.17093    1
  -3    3    9   0.864064   -17.175614     1.135494      17.2131   48.46670    0.13948    1
   3   -3   -9   0.864064   -17.168507    -1.237531      17.2131   48.46670    0.13948    1
   3    3    9   0.864064    19.033783    -0.902451      19.0552   48.46670    0.17094    1
  -7   -1    7   0.863950     3.869695     3.073420      4.94171   48.47351    0.01149    1
  -7    1   -7   0.863950    -0.926787     2.504185      2.67018   48.47351    0.00336    1
   7   -1    7   0.863950    -0.911718    -2.507066       2.6677   48.47351    0.00335    1
   7    1   -7   0.863950     3.887704    -3.051646      4.94235   48.47351    0.01150    1
  -1   -7   11   0.863475     9.103007    -2.603698      9.46805   48.50193    0.04213    1
  -1    7  -11   0.863475    -8.574715    -1.096568      8.64455   48.50193    0.03512    1
   1   -7   11   0.863475    -8.580126     1.043739      8.64338   48.50193    0.03511    1
   1    7  -11   0.863475     9.088638     2.659724      9.46982   48.50193    0.04215    1
  -3  -10    4   0.863374     2.760023     3.475835      4.43837   48.50791    0.00926    1
  -3   10   -4   0.863374    -1.965885    -6.755089      7.03533   48.50791    0.02326    1
   3  -10    4   0.863374    -2.005796     6.742514      7.03454   48.50791    0.02325    1
   3   10   -4   0.863374     2.779139    -3.459010      4.43716   48.50791    0.00925    1
  -1  -10    0   0.863070     1.154867    -2.409274      2.67176   48.52613    0.00335    1
  -1   10    0   0.863070    -2.087291     2.398201      3.17933   48.52613    0.00475    1
   1  -10    0   0.863070    -2.073516    -2.410529      3.17964   48.52613    0.00475    1
   1   10    0   0.863070     1.141019     2.416085      2.67196   48.52613    0.00335    1
  -7   -5    6   0.863065    -1.914175     2.230726      2.93942   48.52640    0.00406    1
  -7    5   -6   0.863065    -2.323050     1.509479      2.77039   48.52640    0.00360    1
   7   -5    6   0.863065    -2.313085    -1.524385      2.77022   48.52640    0.00360    1
   7    5   -6   0.863065    -1.899004    -2.240900      2.93732   48.52640    0.00405    1
  -7   -6    0   0.863025    -1.726879    -0.018250      1.72698   48.52881    0.00140    1
   7    6    0   0.863025    -1.726207     0.008164      1.72623   48.52881    0.00140    1
  -7    6    0   0.863025    -0.524869    -4.888931      4.91702   48.52881    0.01135    1
   7   -6    0   0.863025    -0.552135     4.886210      4.91731   48.52881    0.01135    1
  -8   -4    0   0.863011   -18.730345    -2.745128      18.9304   48.52964    0.16821    1
   8    4    0   0.863011   -18.745900     2.632905      18.9299   48.52964    0.16820    1
  -8    4    0   0.863011   -14.962034     2.480586      15.1663   48.52964    0.10797    1
   8   -4    0   0.863011   -14.949182    -2.571643      15.1688   48.52964    0.10800    1
  -3   -7   -5   0.863007    25.040187     0.626865       25.048   48.52990    0.29449    1
  -3    7    5   0.863007   -27.493464    -0.491853      27.4979   48.52990    0.35491    1
   3   -7   -5   0.863007   -27.495115     0.330467      27.4971   48.52990    0.35489    1
   3    7    5   0.863007    25.044503    -0.478961      25.0491   48.52990    0.29451    1
  -2    0  -11   0.862977     2.128720     2.248705      3.09647   48.53168    0.00450    1
  -2    0   11   0.862977    -2.560777     4.251612      4.96324   48.53168    0.01156    1
   2    0  -11   0.862977    -2.534080    -4.267205      4.96292   48.53168    0.01156    1
   2    0   11   0.862977     2.141295    -2.236160      3.09606   48.53168    0.00450    1
   0   -4   -9   0.862907     0.798610     1.432516      1.64009   48.53588    0.00126    1
   0    4    9   0.862907     0.807479    -1.427869      1.64038   48.53588    0.00126    1
  -8   -1   -4   0.862838    -7.051951     1.685924      7.25068   48.54001    0.02466    1
  -8    1    4   0.862838     5.165905     0.265085       5.1727   48.54001    0.01255    1
   8   -1   -4   0.862838     5.167085    -0.232795      5.17233   48.54001    0.01255    1
   8    1    4   0.862838    -7.040471    -1.729489      7.24978   48.54001    0.02466    1
  -8   -4    3   0.862539     2.084879    -0.703774      2.20046   48.55792    0.00227    1
  -8    4   -3   0.862539    -0.242453     3.250546      3.25958   48.55792    0.00498    1
   8   -4    3   0.862539    -0.223158    -3.250799      3.25845   48.55792    0.00498    1
   8    4   -3   0.862539     2.080799     0.715368      2.20034   48.55792    0.00227    1
  -4   -6   10   0.862202    11.808939    -2.638103         12.1   48.57815    0.06857    1
  -4    6  -10   0.862202    11.064273     2.273166      11.2954   48.57815    0.05975    1
   4   -6   10   0.862202    11.078890    -2.209869      11.2971   48.57815    0.05977    1
   4    6  -10   0.862202    11.791888     2.706020      12.0984   48.57815    0.06855    1
  -3  -10    3   0.862080    34.400368    -0.801449      34.4097   48.58543    0.55431    1
  -3   10   -3   0.862080    32.844939     1.894912      32.8996   48.58543    0.50673    1
   3  -10    3   0.862080    32.854863    -1.700264      32.8988   48.58543    0.50670    1
   3   10   -3   0.862080    34.396324     1.005491       34.411   48.58543    0.55435    1
  -3   -9    8   0.861922     0.153313    -2.219510       2.2248   48.59490    0.00232    1
  -3    9   -8   0.861922    -0.522441    -4.586491      4.61615   48.59490    0.00997    1
   3   -9    8   0.861922    -0.549846     4.583866      4.61673   48.59490    0.00997    1
   3    9   -8   0.861922     0.143133     2.219751      2.22436   48.59490    0.00232    1
  -6   -6   -3   0.861528    -1.352364    -2.310726      2.67738   48.61858    0.00335    1
   6    6    3   0.861528    -1.366249     2.303265        2.678   48.61858    0.00335    1
  -6    6    3   0.861528     1.451210     5.146831      5.34751   48.61858    0.01337    1
   6   -6   -3   0.861528     1.481724    -5.137757      5.34715   48.61858    0.01336    1
  -5   -7   -3   0.861153     7.691603     2.269821      8.01953   48.64115    0.03003    1
  -5    7    3   0.861153    -3.912903     2.587556      4.69108   48.64115    0.01028    1
   5   -7   -3   0.861153    -3.897685    -2.611355       4.6916   48.64115    0.01028    1
   5    7    3   0.861153     7.705835    -2.222805      8.02002   48.64115    0.03003    1
  -2   -8   10   0.861020     4.332052     0.589460      4.37197   48.64914    0.00892    1
  -2    8  -10   0.861020     4.412991    -0.846065      4.49336   48.64914    0.00942    1
   2   -8   10   0.861020     4.409864     0.870825      4.49502   48.64914    0.00943    1
   2    8  -10   0.861020     4.332498    -0.565107       4.3692   48.64914    0.00891    1
  -6   -7   -1   0.860655    -0.612770    -0.441693     0.755368   48.67107    0.00027    1
  -6    7    1   0.860655     0.029994    -1.304463      1.30481   48.67107    0.00079    1
   6   -7   -1   0.860655     0.023770     1.304295      1.30451   48.67107    0.00079    1
   6    7    1   0.860655    -0.615439     0.438626      0.75575   48.67107    0.00027    1
  -5   -6    9   0.860340    -8.634400     0.648505      8.65872   48.69005    0.03493    1
  -5    6   -9   0.860340   -10.394627    -1.589248      10.5154   48.69005    0.05151    1
   5   -6    9   0.860340   -10.403658     1.526464       10.515   48.69005    0.05151    1
   5    6   -9   0.860340    -8.629917    -0.700057      8.65826   48.69005    0.03492    1
   0   -4   12   0.859619    35.255966     1.566053      35.2907   48.73356    0.57904    1
   0    4  -12   0.859619    35.263397    -1.359136      35.2896   48.73356    0.57900    1
   0   -7   -6   0.859500    -0.249143     0.509502     0.567155   48.74074    0.00015    1
   0    7    6   0.859500    -0.246532    -0.510417     0.566837   48.74074    0.00015    1
   0   -3   12   0.859488     0.525611    -0.992883      1.12342   48.74145    0.00059    1
   0    3  -12   0.859488     0.520361     0.996299      1.12401   48.74145    0.00059    1
  -4   -9    0   0.858829   -13.388129    -0.876740      13.4168   48.78132    0.08351    1
  -4    9    0   0.858829    11.973383     0.546462      11.9858   48.78132    0.06664    1
   4   -9    0   0.858829    11.974729    -0.476821      11.9842   48.78132    0.06663    1
   4    9    0   0.858829   -13.393780     0.797658      13.4175   48.78132    0.08352    1
  -3  -10    5   0.857957    12.060555    -3.935227      12.6863   48.83412    0.07448    1
  -3   10   -5   0.857957    10.368544     5.796783      11.8789   48.83412    0.06530    1
   3  -10    5   0.857957    10.403430    -5.735375      11.8796   48.83412    0.06531    1
   3   10   -5   0.857957    12.037212     4.007376      12.6867   48.83412    0.07448    1
  -3   -1   11   0.857819    11.724673    -1.726297      11.8511   48.84250    0.06497    1
  -3    1  -11   0.857819   -10.747074    -2.239774       10.978   48.84250    0.05575    1
   3   -1   11   0.857819   -10.761656     2.173481      10.9789   48.84250    0.05576    1
   3    1  -11   0.857819    11.712689     1.797420      11.8498   48.84250    0.06495    1
  -1   -4   -9   0.857287    31.915137     2.697047      32.0289   48.87481    0.47382    1
  -1    4    9   0.857287    31.293324    -1.817375      31.3461   48.87481    0.45383    1
   1   -4   -9   0.857287    31.281026     2.005699      31.3453   48.87481    0.45381    1
   1    4    9   0.857287    31.930077    -2.503832      32.0281   48.87481    0.47380    1
  -5   -8   -1   0.856810     9.809782    -0.057794      9.80995   48.90380    0.04439    1
  -5    8    1   0.856810    11.436662    -1.105702        11.49   48.90380    0.06090    1
   5   -8   -1   0.856810    11.431128     1.176366      11.4915   48.90380    0.06091    1
   5    8    1   0.856810     9.809081     0.117843      9.80979   48.90380    0.04439    1
  -7   -3   -5   0.856176    -7.886510     0.257009       7.8907   48.94236    0.02867    1
   7    3    5   0.856176    -7.886440    -0.302448      7.89224   48.94236    0.02868    1
  -7    3    5   0.856176     3.481512    -0.355916      3.49966   48.94236    0.00564    1
   7   -3   -5   0.856176     3.477908     0.374568      3.49802   48.94236    0.00563    1
  -2   -9    9   0.855424     2.636646    -0.788241      2.75195   48.98820    0.00348    1
  -2    9   -9   0.855424    -1.037067    -2.017572       2.2685   48.98820    0.00236    1
   2   -9    9   0.855424    -1.049205     2.012679      2.26974   48.98820    0.00237    1
   2    9   -9   0.855424     2.633375     0.805878      2.75393   48.98820    0.00348    1
  -2  -10    7   0.855212    -6.111184     4.278021      7.45976   49.00114    0.02555    1
  -2   10   -7   0.855212     5.385804     0.094825      5.38664   49.00114    0.01332    1
   2  -10    7   0.855212     5.385116    -0.061907      5.38547   49.00114    0.01332    1
   2   10   -7   0.855212    -6.086458    -4.314030      7.46028   49.00114    0.02556    1
  -8    1   -5   0.854994     3.028073     1.603623      3.42649   49.01445    0.00539    1
   8   -1    5   0.854994     3.036924    -1.586176       3.4262   49.01445    0.00539    1
  -8   -1    5   0.854994     0.472580    -1.290782      1.37457   49.01445    0.00087    1
   8    1   -5   0.854994     0.464575     1.293428      1.37433   49.01445    0.00087    1
  -8    2   -5   0.854703     0.926415    -0.726269      1.17716   49.03225    0.00064    1
   8   -2    5   0.854703     0.921184     0.732099      1.17667   49.03225    0.00063    1
  -8   -2    5   0.854703     0.574627    -0.123651     0.587781   49.03225    0.00016    1
   8    2   -5   0.854703     0.573781     0.127191     0.587709   49.03225    0.00016    1
  -5    8   -7   0.854354    10.926944    -2.827709      11.2869   49.05362    0.05835    1
   5   -8    7   0.854354    10.910176     2.891274      11.2868   49.05362    0.05835    1
  -5   -8    7   0.854354    12.770410     3.358368      13.2046   49.05362    0.07987    1
   5    8   -7   0.854354    12.788784    -3.284337      13.2038   49.05362    0.07986    1
  -7   -4   -4   0.854337     1.801668    -1.883832      2.60669   49.05466    0.00311    1
   7    4    4   0.854337     1.790442     1.894193      2.60646   49.05466    0.00311    1
  -7    4    4   0.854337     0.085372    -0.448845     0.456892   49.05466    0.00010    1
   7   -4   -4   0.854337     0.082498     0.449392     0.456901   49.05466    0.00010    1
  -3  -10    2   0.854164    -0.860892    -0.660567      1.08512   49.06527    0.00054    1
  -3   10   -2   0.854164    -1.403405     0.653461      1.54808   49.06527    0.00110    1
   3  -10    2   0.854164    -1.399769    -0.663236      1.54895   49.06527    0.00110    1
   3   10   -2   0.854164    -0.863649     0.656393      1.08478   49.06527    0.00054    1
   0   -1  -11   0.854128    -2.180444     1.215299      2.49625   49.06741    0.00285    1
   0    1   11   0.854128    -2.175676    -1.228160      2.49839   49.06741    0.00286    1
  -1   -4   12   0.854062     5.077340    -2.550420       5.6819   49.07147    0.01478    1
  -1    4  -12   0.854062    -4.197039     2.650277      4.96378   49.07147    0.01128    1
   1   -4   12   0.854062    -4.180068    -2.675330       4.9629   49.07147    0.01127    1
   1    4  -12   0.854062     5.061647     2.579136      5.68086   49.07147    0.01477    1
  -1   -7   -6   0.853946    -1.288250    -2.138380      2.49645   49.07862    0.00285    1
  -1    7    6   0.853946     1.148071     0.149070      1.15771   49.07862    0.00061    1
   1   -7   -6   0.853946     1.148681    -0.142719      1.15751   49.07862    0.00061    1
   1    7    6   0.853946    -1.302051     2.131483      2.49771   49.07862    0.00285    1
  -1   -3   12   0.853934    -1.250734     0.156787      1.26052   49.07932    0.00073    1
  -1    3  -12   0.853934    -4.949315    -4.595206      6.75364   49.07932    0.02087    1
   1   -3   12   0.853934    -4.973870     4.564433      6.75081   49.07932    0.02085    1
   1    3  -12   0.853934    -1.248450    -0.165673      1.25939   49.07932    0.00073    1
  -7   -6    5   0.853555    21.042567    -2.318924        21.17   49.10258    0.20482    1
  -7    6   -5   0.853555    23.789504     2.147633      23.8862   49.10258    0.26076    1
   7   -6    5   0.853555    23.803326    -2.006138      23.8877   49.10258    0.26079    1
   7    6   -5   0.853555    21.028064     2.443296      21.1695   49.10258    0.20481    1
  -7   -4    7   0.852661    12.230969    -1.169861      12.2868   49.15747    0.06882    1
  -7    4   -7   0.852661    16.818854     3.250520      17.1301   49.15747    0.13377    1
   7   -4    7   0.852661    16.837299    -3.148842      17.1292   49.15747    0.13376    1
   7    4   -7   0.852661    12.224694     1.242854      12.2877   49.15747    0.06883    1
  -5   -1   -9   0.852382    34.955666     3.891293      35.1716   49.17461    0.56348    1
   5    1    9   0.852382    34.977536    -3.681803      35.1708   49.17461    0.56345    1
  -5    1    9   0.852382   -35.878198     2.506307      35.9656   49.17461    0.58921    1
   5   -1   -9   0.852382   -35.863246    -2.719832      35.9662   49.17461    0.58923    1
   0  -10    8   0.852286    18.766480    -3.025553      19.0088   49.18054    0.16454    1
   0   10   -8   0.852286    18.746914     3.137087      19.0076   49.18054    0.16452    1
   0   -9   -3   0.852090    -2.008781     2.290156      3.04631   49.19259    0.00422    1
   0    9    3   0.852090    -1.994747    -2.301561      3.04568   49.19259    0.00422    1
  -5   -3   10   0.851453     1.166227    -5.292989      5.41995   49.23179    0.01335    1
  -5    3  -10   0.851453     2.486892    -2.634555      3.62291   49.23179    0.00596    1
   5   -3   10   0.851453     2.472563     2.649669      3.62413   49.23179    0.00597    1
   5    3  -10   0.851453     1.133641     5.299736      5.41963   49.23179    0.01334    1
   0   -5   12   0.851452    -2.073257    -1.204871      2.39794   49.23186    0.00261    1
   0    5  -12   0.851452    -2.080085     1.193205      2.39802   49.23186    0.00261    1
   0   -2   12   0.851071     3.721552    -4.083538      5.52496   49.25536    0.01385    1
   0    2  -12   0.851071     3.697286     4.107560      5.52648   49.25536    0.01386    1
  -7    0   -7   0.850999   -31.476818    -1.853827      31.5314   49.25983    0.45109    1
  -7    0    7   0.850999   -32.523545     0.520595      32.5277   49.25983    0.48005    1
   7    0   -7   0.850999   -32.519266    -0.717918      32.5272   49.25983    0.48004    1
   7    0    7   0.850999   -31.488416     1.662347      31.5323   49.25983    0.45112    1
  -4    9   -7   0.850674     0.376571    -2.395463      2.42488   49.27990    0.00267    1
   4   -9    7   0.850674     0.359981     2.396784      2.42367   49.27990    0.00266    1
  -4   -9    7   0.850674    -0.240882    -3.748793      3.75652   49.27990    0.00640    1
   4    9   -7   0.850674    -0.262261     3.745899      3.75507   49.27990    0.00639    1
  -6   -1   -8   0.849961    13.944981    -3.250195      14.3187   49.32398    0.09275    1
  -6    1    8   0.849961    -9.581258    -2.792670      9.97996   49.32398    0.04506    1
   6   -1   -8   0.849961    -9.596255     2.737460      9.97907   49.32398    0.04505    1
   6    1    8   0.849961    13.926445     3.332694      14.3197   49.32398    0.09276    1
  -8   -4   -1   0.849956    -0.164046     0.862410     0.877873   49.32431    0.00035    1
   8    4    1   0.849956    -0.158118    -0.863341     0.877701   49.32431    0.00035    1
  -8    4    1   0.849956    -1.282500     3.530729      3.75644   49.32431    0.00638    1
   8   -4   -1   0.849956    -1.263095    -3.538386      3.75707   49.32431    0.00639    1
  -5   -5   -6   0.849955    -0.542065    -0.940482      1.08551   49.32435    0.00053    1
  -5    5    6   0.849955     1.051570    -3.340032      3.50166   49.32435    0.00555    1
   5   -5   -6   0.849955     1.032434     3.346685      3.50232   49.32435    0.00555    1
   5    5    6   0.849955    -0.548593     0.937281      1.08602   49.32435    0.00053    1
  -2   -5   -8   0.849653   -10.569845    -1.285288      10.6477   49.34308    0.05124    1
   2    5    8   0.849653   -10.577259     1.221133      10.6475   49.34308    0.05124    1
  -2    5    8   0.849653    12.487154    -0.962117      12.5242   49.34308    0.07089    1
   2   -5   -8   0.849653    12.480610     1.037403      12.5237   49.34308    0.07089    1
  -5   -4   -7   0.849368     2.659399    -2.368784       3.5614   49.36071    0.00573    1
  -5    4    7   0.849368     0.305251     0.827072     0.881604   49.36071    0.00035    1
   5   -4   -7   0.849368     0.308711    -0.824255      0.88017   49.36071    0.00035    1
   5    4    7   0.849368     2.645921     2.386966       3.5635   49.36071    0.00573    1
  -8   -4    4   0.849205   -15.550033    -2.616005      15.7685   49.37087    0.11224    1
  -8    4   -4   0.849205   -18.984319     1.145569      19.0189   49.37087    0.16328    1
   8   -4    4   0.849205   -18.976363    -1.262906      19.0183   49.37087    0.16327    1
   8    4   -4   0.849205   -15.565629     2.521177      15.7685   49.37087    0.11224    1
  -1   -1  -11   0.848677    -1.174501    -3.411781      3.60828   49.40363    0.00587    1
  -1    1   11   0.848677     0.041291    -1.838335       1.8388   49.40363    0.00152    1
   1   -1  -11   0.848677     0.028132     1.837093      1.83731   49.40363    0.00152    1
   1    1   11   0.848677    -1.197416     3.406615      3.61093   49.40363    0.00588    1
  -2   -6   -7   0.848565    -0.320520    -0.758763     0.823683   49.41060    0.00031    1
  -2    6    7   0.848565    -0.088525    -3.774948      3.77599   49.41060    0.00642    1
   2   -6   -7   0.848565    -0.112330     3.774173      3.77584   49.41060    0.00642    1
   2    6    7   0.848565    -0.323322     0.757818     0.823908   49.41060    0.00031    1
  -7   -2   -6   0.848096     1.075971     0.742287      1.30717   49.43972    0.00077    1
   7    2    6   0.848096     1.080776    -0.735245      1.30716   49.43972    0.00077    1
  -7    2    6   0.848096     0.502734    -2.946722       2.9893   49.43972    0.00402    1
   7   -2   -6   0.848096     0.485269     2.950185      2.98983   49.43972    0.00402    1
  -5   -2   10   0.847962    -6.092356    -1.676374      6.31878   49.44808    0.01796    1
  -5    2  -10   0.847962     7.328337     3.315607      8.04349   49.44808    0.02910    1
   5   -2   10   0.847962     7.349964    -3.271777      8.04528   49.44808    0.02911    1
   5    2  -10   0.847962    -6.103326     1.639827      6.31978   49.44808    0.01796    1
  -6   -8    3   0.847513     0.550409    -0.087547     0.557329   49.47601    0.00014    1
  -6    8   -3   0.847513    -0.604793     1.721415      1.82457   49.47601    0.00150    1
   6   -8    3   0.847513    -0.593665    -1.725209       1.8245   49.47601    0.00150    1
   6    8   -3   0.847513     0.548043     0.090759     0.555508   49.47601    0.00014    1
  -8    0   -5   0.847116     2.163915     0.822008      2.31478   49.50078    0.00240    1
  -8    0    5   0.847116    -0.080465    -1.795209      1.79701   49.50078    0.00145    1
   8    0   -5   0.847116    -0.092260     1.796153      1.79852   49.50078    0.00145    1
   8    0    5   0.847116     2.169388    -0.809173      2.31538   49.50078    0.00241    1
  -2   -7   11   0.846903     3.208773    -2.518610      4.07917   49.51405    0.00746    1
  -2    7  -11   0.846903    -2.337849    -4.103043      4.72234   49.51405    0.01000    1
   2   -7   11   0.846903    -2.362812     4.088564      4.72221   49.51405    0.01000    1
   2    7  -11   0.846903     3.192110     2.537364      4.07772   49.51405    0.00746    1
  -1  -10    8   0.846869     1.188761    -1.381102      1.82225   49.51618    0.00149    1
  -1   10   -8   0.846869    -4.215551     2.188724      4.74988   49.51618    0.01012    1
   1  -10    8   0.846869    -4.201023    -2.214179      4.74881   49.51618    0.01011    1
   1   10   -8   0.846869     1.180641     1.388460      1.82256   49.51618    0.00149    1
  -5   -4   10   0.846827     1.219926    -3.807526      3.99818   49.51880    0.00717    1
  -5    4  -10   0.846827    -0.522138     0.239340     0.574379   49.51880    0.00015    1
   5   -4   10   0.846827    -0.521935    -0.242337     0.575451   49.51880    0.00015    1
   5    4  -10   0.846827     1.198669     3.814558      3.99846   49.51880    0.00717    1
  -1   -9   -3   0.846677    12.620654     0.615402      12.6356   49.52818    0.07155    1
  -1    9    3   0.846677   -12.730706     1.966104      12.8816   49.52818    0.07436    1
   1   -9   -3   0.846677   -12.719890    -2.043909      12.8831   49.52818    0.07438    1
   1    9    3   0.846677    12.623326    -0.539559      12.6349   49.52818    0.07154    1
  -2  -10    0   0.846521   -13.474600    -1.691875      13.5804   49.53788    0.08261    1
  -2   10    0   0.846521   -11.340115     0.048266      11.3402   49.53788    0.05761    1
   2  -10    0   0.846521   -11.339097    -0.118919      11.3397   49.53788    0.05760    1
   2   10    0   0.846521   -13.484560     1.607798      13.5801   49.53788    0.08261    1
  -3   -6   11   0.846449    14.776307     4.948107      15.5828   49.54239    0.10875    1
  -3    6  -11   0.846449    14.558422    -5.700152      15.6346   49.54239    0.10947    1
   3   -6   11   0.846449    14.523543     5.786495      15.6338   49.54239    0.10946    1
   3    6  -11   0.846449    14.806865    -4.860041      15.5841   49.54239    0.10877    1
  -8   -3    5   0.846267     0.936363     1.847555      2.07129   49.55378    0.00192    1
  -8    3   -5   0.846267     1.163463     4.671197      4.81391   49.55378    0.01037    1
   8   -3    5   0.846267     1.194179    -4.664488      4.81493   49.55378    0.01038    1
   8    3   -5   0.846267     0.946344    -1.841572       2.0705   49.55378    0.00192    1
  -3  -10    6   0.846197    -1.298358    -0.968985      1.62008   49.55812    0.00117    1
  -3   10   -6   0.846197    -0.993675    -2.154600       2.3727   49.55812    0.00252    1
   3  -10    6   0.846197    -1.006554     2.148436      2.37254   49.55812    0.00252    1
   3   10   -6   0.846197    -1.305763     0.961070      1.62132   49.55812    0.00118    1
  -1   -5   12   0.846051    -0.850273     2.733426      2.86262   49.56725    0.00367    1
  -1    5  -12   0.846051     0.967247     2.893446      3.05083   49.56725    0.00416    1
   1   -5   12   0.846051     0.983339    -2.887564      3.05041   49.56725    0.00416    1
   1    5  -12   0.846051    -0.832837    -2.738960      2.86278   49.56725    0.00367    1
  -6   -3    9   0.845990     1.818951     0.390099      1.86031   49.57109    0.00155    1
  -6    3   -9   0.845990     3.805027    -3.310761      5.04375   49.57109    0.01138    1
   6   -3    9   0.845990     3.786189     3.334727      5.04536   49.57109    0.01139    1
   6    3   -9   0.845990     1.821550    -0.377735       1.8603   49.57109    0.00155    1
  -1   -2   12   0.845678    -0.703713     0.089244      0.70935   49.59063    0.00022    1
  -1    2  -12   0.845678    -0.913147     0.718847      1.16214   49.59063    0.00060    1
   1   -2   12   0.845678    -0.909837    -0.724189      1.16286   49.59063    0.00060    1
   1    2  -12   0.845678    -0.704547    -0.093148     0.710678   49.59063    0.00023    1
  -7   -6   -1   0.845243    -6.891628    -3.075785      7.54685   49.61788    0.02542    1
   7    6    1   0.845243    -6.910918     3.033801       7.5475   49.61788    0.02542    1
  -7    6    1   0.845243    -4.435174     3.259712      5.50422   49.61788    0.01352    1
   7   -6   -1   0.845243    -4.415561    -3.286456      5.50436   49.61788    0.01352    1
  -5   -9    3   0.845211     3.881318     2.678172      4.71564   49.61984    0.00992    1
  -5    9   -3   0.845211    -4.138600     3.010666      5.11782   49.61984    0.01169    1
   5   -9    3   0.845211    -4.120288    -3.036528      5.11833   49.61984    0.01169    1
   5    9   -3   0.845211     3.896915    -2.654350      4.71503   49.61984    0.00992    1
  -4   -5   -7   0.844940    -1.280292    -1.423074      1.91423   49.63682    0.00163    1
   4    5    7   0.844940    -1.287374     1.415115      1.91308   49.63682    0.00163    1
  -4    5    7   0.844940    -1.044040    -4.053871      4.18615   49.63682    0.00781    1
   4   -5   -7   0.844940    -1.068273     4.047643      4.18624   49.63682    0.00781    1
  -6    2   -9   0.844896     1.568709    -0.043465      1.56931   49.63962    0.00110    1
   6   -2    9   0.844896     1.569584     0.053245      1.57049   49.63962    0.00110    1
  -6   -2    9   0.844896    -2.517701    -3.601752      4.39448   49.63962    0.00861    1
   6    2   -9   0.844896    -2.538757     3.586658      4.39425   49.63962    0.00861    1
  -6   -8    2   0.844626    16.444491     0.263401      16.4466   49.65653    0.12051    1
  -6    8   -2   0.844626    14.177142     0.750495       14.197   49.65653    0.08979    1
   6   -8    2   0.844626    14.180346    -0.668122      14.1961   49.65653    0.08978    1
   6    8   -2   0.844626    16.446870    -0.166694      16.4477   49.65653    0.12052    1
   0   -3  -10   0.844121     0.589403    -0.358749     0.689998   49.68824    0.00021    1
   0    3   10   0.844121     0.587482     0.362555     0.690349   49.68824    0.00021    1
  -5   -9    4   0.844087     0.378723     2.802801      2.82827   49.69040    0.00356    1
  -5    9   -4   0.844087    -2.732357     1.210746      2.98859   49.69040    0.00397    1
   5   -9    4   0.844087    -2.724694    -1.226572      2.98805   49.69040    0.00397    1
   5    9   -4   0.844087     0.396832    -2.800871      2.82884   49.69040    0.00356    1
  -6   -8    4   0.844036   -10.174688    -2.433318      10.4616   49.69360    0.04868    1
  -6    8   -4   0.844036   -10.209576     2.754009      10.5745   49.69360    0.04973    1
   6   -8    4   0.844036   -10.193364    -2.815573      10.5751   49.69360    0.04974    1
   6    8   -4   0.844036   -10.187322     2.372274      10.4599   49.69360    0.04866    1
  -7   -5   -3   0.842766    18.547437    -1.060967      18.5778   49.77358    0.15294    1
   7    5    3   0.842766    18.540186     1.172036      18.5772   49.77358    0.15293    1
  -7    5    3   0.842766   -16.688665    -2.264056      16.8415   49.77358    0.12569    1
   7   -5   -3   0.842766   -16.702388     2.164595      16.8421   49.77358    0.12570    1
  -4   -8   -3   0.841713    -1.043141    -0.405613      1.11923   49.84010    0.00055    1
  -4    8    3   0.841713     2.413849     1.163015      2.67942   49.84010    0.00317    1
   4   -8   -3   0.841713     2.420799    -1.149015      2.67965   49.84010    0.00317    1
   4    8    3   0.841713    -1.046352     0.399132      1.11989   49.84010    0.00055    1
  -6   -4   -6   0.841329    -5.061570    -3.753586       6.3015   49.86439    0.01752    1
  -6    4    6   0.841329    -2.613372     2.697516      3.75584   49.86439    0.00623    1
   6   -4   -6   0.841329    -2.597446    -2.713519      3.75632   49.86439    0.00623    1
   6    4    6   0.841329    -5.083554     3.722019      6.30047   49.86439    0.01752    1
   0  -10   -1   0.841272    -0.958854    -1.868559      2.10022   49.86801    0.00195    1
   0   10    1   0.841272    -0.969713     1.861775      2.09918   49.86801    0.00194    1
  -6   -6    8   0.841198    -5.198450     1.355661      5.37231   49.87271    0.01273    1
  -6    6   -8   0.841198    -4.898503    -1.560336      5.14101   49.87271    0.01166    1
   6   -6    8   0.841198    -4.909915     1.530141      5.14282   49.87271    0.01167    1
   6    6   -8   0.841198    -5.189036    -1.388441      5.37158   49.87271    0.01273    1
  -2   -4   -9   0.841062    -3.673551    -0.332524      3.68857   49.88130    0.00600    1
  -2    4    9   0.841062     3.606999    -0.693779      3.67311   49.88130    0.00595    1
   2   -4   -9   0.841062     3.601194     0.716742      3.67183   49.88130    0.00595    1
   2    4    9   0.841062    -3.675701     0.309783      3.68873   49.88130    0.00600    1
  -3   -9   -2   0.840996    -0.545040    -0.109200     0.555872   49.88550    0.00014    1
  -3    9    2   0.840996    -0.909872    -3.324491      3.44675   49.88550    0.00524    1
   3   -9   -2   0.840996    -0.929443     3.318819      3.44651   49.88550    0.00524    1
   3    9    2   0.840996    -0.544430     0.105196       0.5545   49.88550    0.00014    1
  -8   -2   -4   0.840961    17.885831     0.105735      17.8861   49.88772    0.14103    1
   8    2    4   0.840961    17.885581     0.002409      17.8856   49.88772    0.14102    1
  -8    2    4   0.840961    16.770355     0.864975      16.7926   49.88772    0.12431    1
   8   -2   -4   0.840961    16.775760    -0.763325      16.7931   49.88772    0.12432    1
  -5   -6   -5   0.840867    -4.008155     2.018599      4.48777   49.89367    0.00888    1
  -5    6    5   0.840867    -5.149685    -1.923285      5.49712   49.89367    0.01332    1
   5   -6   -5   0.840867    -5.160980     1.890639      5.49638   49.89367    0.01331    1
   5    6    5   0.840867    -3.996827    -2.044102      4.48921   49.89367    0.00888    1
  -8   -3   -3   0.840839    -1.544255    -1.047155      1.86581   49.89546    0.00153    1
  -8    3    3   0.840839    -0.817776     2.414316      2.54905   49.89546    0.00286    1
   8   -3   -3   0.840839    -0.803074    -2.420081      2.54985   49.89546    0.00287    1
   8    3    3   0.840839    -1.548932     1.037567      1.86433   49.89546    0.00153    1
  -4   -4   -8   0.840399    12.470802     1.166999      12.5253   49.92333    0.06905    1
   4    4    8   0.840399    12.477361    -1.090683      12.5249   49.92333    0.06904    1
  -4    4    8   0.840399    13.285776    -1.128762      13.3336   49.92333    0.07825    1
   4   -4   -8   0.840399    13.278878     1.208746      13.3338   49.92333    0.07825    1
  -3  -10    1   0.840156    13.465379    -2.435314      13.6838   49.93878    0.08235    1
  -3   10   -1   0.840156    12.388606     2.708084      12.6811   49.93878    0.07072    1
   3  -10    1   0.840156    12.405099    -2.633528      12.6816   49.93878    0.07073    1
   3   10   -1   0.840156    13.450403     2.515839      13.6837   49.93878    0.08235    1
  -5   -9    2   0.840038    -1.584260    -2.831700      3.24475   49.94630    0.00463    1
  -5    9   -2   0.840038    -0.562716    -1.827928      1.91258   49.94630    0.00161    1
   5   -9    2   0.840038    -0.573882     1.823653      1.91182   49.94630    0.00161    1
   5    9   -2   0.840038    -1.601246     2.820264      3.24313   49.94630    0.00462    1
  -4   -6   -6   0.839913     5.015156     0.552350      5.04548   49.95425    0.01119    1
  -4    6    6   0.839913     3.548443    -0.527330      3.58741   49.95425    0.00566    1
   4   -6   -6   0.839913     3.545937     0.547805        3.588   49.95425    0.00566    1
   4    6    6   0.839913     5.017400    -0.523726      5.04466   49.95425    0.01118    1
  -4   -3   11   0.839818     1.359860     1.402755       1.9537   49.96028    0.00168    1
  -4    3  -11   0.839818    -2.618823    -2.782791      3.82128   49.96028    0.00642    1
   4   -3   11   0.839818    -2.636602     2.766673       3.8218   49.96028    0.00642    1
   4    3  -11   0.839818     1.367887    -1.394710      1.95354   49.96028    0.00168    1
  -3   -2  -10   0.839605     1.788335    -1.407455      2.27576   49.97381    0.00227    1
  -3    2   10   0.839605    -1.686432     2.512779      3.02624   49.97381    0.00402    1
   3   -2  -10   0.839605    -1.673014    -2.523923      3.02806   49.97381    0.00403    1
   3    2   10   0.839605     1.780020     1.418607      2.27616   49.97381    0.00227    1
  -6   -7    7   0.839192    -3.927267     0.131124      3.92946   50.00011    0.00677    1
  -6    7   -7   0.839192    -0.996896    -2.681969      2.86125   50.00011    0.00359    1
   6   -7    7   0.839192    -1.013000     2.675067      2.86045   50.00011    0.00359    1
   6    7   -7   0.839192    -3.926228    -0.155200      3.92929   50.00011    0.00677    1
  -5   -3   -8   0.839165    -2.241470     0.640834      2.33128   50.00179    0.00238    1
  -5    3    8   0.839165     0.520749     2.386577      2.44273   50.00179    0.00262    1
   5   -3   -8   0.839165     0.533534    -2.382807      2.44181   50.00179    0.00261    1
   5    3    8   0.839165    -2.238652    -0.654768      2.33244   50.00179    0.00239    1
  -6   -4    9   0.839149     1.964416     1.603676      2.53588   50.00286    0.00282    1
  -6    4   -9   0.839149     2.335526     2.027377      3.09272   50.00286    0.00419    1
   6   -4    9   0.839149     2.347569    -2.013358      3.09268   50.00286    0.00419    1
   6    4   -9   0.839149     1.974091    -1.591671      2.53583   50.00286    0.00282    1
  -1   -3  -10   0.838858     3.013590     1.695241      3.45768   50.02137    0.00524    1
  -1    3   10   0.838858     1.992487    -1.914468      2.76318   50.02137    0.00335    1
   1   -3  -10   0.838858     1.980826     1.926111      2.76289   50.02137    0.00334    1
   1    3   10   0.838858     3.022564    -1.678095      3.45715   50.02137    0.00524    1
   0   -8   -5   0.838825     0.983254     1.946628      2.18086   50.02348    0.00208    1
   0    8    5   0.838825     0.994291    -1.940542      2.18044   50.02348    0.00208    1
  -4   -8    9   0.838227     1.634348    -3.192395      3.58643   50.06159    0.00563    1
  -4    8   -9   0.838227     1.189278     3.585996      3.77806   50.06159    0.00624    1
   4   -8    9   0.838227     1.211759    -3.578100      3.77772   50.06159    0.00624    1
   4    8   -9   0.838227     1.615346     3.202041      3.58642   50.06159    0.00563    1
  -3   -8   -4   0.838151    -2.169590    -2.085331      3.00927   50.06646    0.00396    1
  -3    8    4   0.838151     0.125441     3.710180       3.7123   50.06646    0.00603    1
   3   -8   -4   0.838151     0.147935    -3.709050        3.712   50.06646    0.00602    1
   3    8    4   0.838151    -2.182139     2.071536      3.00882   50.06646    0.00396    1
  -2   -4   12   0.838017     0.536882    -1.800868      1.87919   50.07504    0.00154    1
  -2    4  -12   0.838017     3.023330     0.972197       3.1758   50.07504    0.00441    1
   2   -4   12   0.838017     3.027737    -0.954462      3.17462   50.07504    0.00440    1
   2    4  -12   0.838017     0.525788     1.802939      1.87804   50.07504    0.00154    1
  -6   -5   -5   0.837970     1.272100    -0.971104       1.6004   50.07804    0.00112    1
  -6    5    5   0.837970    -0.783110     1.862257      2.02021   50.07804    0.00178    1
   6   -5   -5   0.837970    -0.772010    -1.867024      2.02034   50.07804    0.00178    1
   6    5    5   0.837970     1.265478     0.978235      1.59949   50.07804    0.00112    1
  -2   -7   -6   0.837907   -11.883983     0.690443       11.904   50.08208    0.06192    1
  -2    7    6   0.837907    10.421424     2.258115      10.6633   50.08208    0.04968    1
   2   -7   -6   0.837907    10.434482    -2.193740      10.6626   50.08208    0.04968    1
   2    7    6   0.837907   -11.878730    -0.765548      11.9034   50.08208    0.06191    1
  -2   -3   12   0.837896    21.575551    -3.822878      21.9116   50.08277    0.20978    1
  -2    3  -12   0.837896   -21.887652    -3.021717      22.0952   50.08277    0.21331    1
   2   -3   12   0.837896   -21.904672     2.890393      22.0945   50.08277    0.21329    1
   2    3  -12   0.837896    21.552616     3.952187       21.912   50.08277    0.20978    1
  -4   -1  -10   0.837747   -17.029056    -1.750908      17.1188   50.09231    0.12799    1
   4    1   10   0.837747   -17.038046     1.649490      17.1177   50.09231    0.12797    1
  -4    1   10   0.837747    14.599563    -1.298327      14.6572   50.09231    0.09383    1
   4   -1  -10   0.837747    14.592211     1.384596      14.6578   50.09231    0.09383    1
  -4    4  -11   0.837649    -0.666868     0.298221     0.730512   50.09853    0.00023    1
   4   -4   11   0.837649    -0.664811    -0.302506       0.7304   50.09853    0.00023    1
  -4   -4   11   0.837649    -0.645418     0.490456     0.810624   50.09853    0.00029    1
   4    4  -11   0.837649    -0.641697    -0.494579     0.810175   50.09853    0.00029    1
   0   -9   10   0.837471    -1.405296    -2.133318      2.55458   50.10995    0.00285    1
   0    9  -10   0.837471    -1.417800     2.125903      2.55531   50.10995    0.00285    1
  -8   -5    2   0.837318     4.526519     3.526815      5.73828   50.11969    0.01436    1
  -8    5   -2   0.837318    -1.507396     3.618128      3.91958   50.11969    0.00670    1
   8   -5    2   0.837318    -1.485122    -3.627235      3.91949   50.11969    0.00670    1
   8    5   -2   0.837318     4.548021    -3.501396      5.73971   50.11969    0.01437    1
  -5   -9    5   0.836740   -39.350379    -1.391124       39.375   50.15675    0.67513    1
  -5    9   -5   0.836740    35.586450     0.695680      35.5932   50.15675    0.55168    1
   5   -9    5   0.836740    35.591366    -0.478550      35.5946   50.15675    0.55172    1
   5    9   -5   0.836740   -39.355790     1.151541      39.3726   50.15675    0.67505    1
  -5   -1   10   0.836645    -1.667215     0.518413      1.74595   50.16285    0.00133    1
  -5    1  -10   0.836645     1.569080     0.290591      1.59576   50.16285    0.00111    1
   5   -1   10   0.836645     1.570471    -0.281811      1.59556   50.16285    0.00111    1
   5    1  -10   0.836645    -1.662799    -0.528719      1.74483   50.16285    0.00133    1
   0  -11    4   0.836332     0.787994     0.186555     0.809777   50.18288    0.00029    1
   0   11   -4   0.836332     0.788950    -0.181922     0.809653   50.18288    0.00029    1
  -1  -10   -1   0.836061   -27.588406    -1.104478      27.6105   50.20026    0.33131    1
  -1   10    1   0.836061   -25.836157    -0.755049      25.8472   50.20026    0.29035    1
   1  -10   -1   0.836061   -25.841830     0.597973      25.8487   50.20026    0.29038    1
   1   10    1   0.836061   -27.593896     0.937633      27.6098   50.20026    0.33130    1
  -6    1   -9   0.835958    -1.494217     1.009861      1.80347   50.20693    0.00141    1
   6   -1    9   0.835958    -1.487703    -1.019740      1.80364   50.20693    0.00141    1
  -6   -1    9   0.835958    -1.801212    -2.824060      3.34958   50.20693    0.00487    1
   6    1   -9   0.835958    -1.818648     2.812880      3.34959   50.20693    0.00487    1
  -9    0    0   0.835940    -0.673284     0.772498      1.02473   50.20806    0.00046    1
   9    0    0   0.835940    -0.667405    -0.777063      1.02433   50.20806    0.00046    1
  -3    0  -11   0.835919     0.515083     1.543501      1.62718   50.20939    0.00115    1
  -3    0   11   0.835919    -0.219115    -1.893623      1.90626   50.20939    0.00158    1
   3    0  -11   0.835919    -0.230786     1.892089      1.90611   50.20939    0.00158    1
   3    0   11   0.835919     0.524149    -1.540256        1.627   50.20939    0.00115    1
   0   -6   12   0.835674   -13.601564     3.551406      14.0576   50.22518    0.08579    1
   0    6  -12   0.835674   -13.580658    -3.635332      14.0588   50.22518    0.08580    1
  -6   -8    1   0.835567     1.445795     1.091242      1.81139   50.23200    0.00142    1
  -6    8   -1   0.835567    -2.293139     0.193908      2.30132   50.23200    0.00230    1
   6   -8    1   0.835567    -2.290640    -0.208960      2.30015   50.23200    0.00230    1
   6    8   -1   0.835567     1.453196    -1.081994      1.81176   50.23200    0.00142    1
  -6   -3   -7   0.835248    -0.126917    -1.130577      1.13768   50.25256    0.00056    1
  -6    3    7   0.835248     0.212964    -0.121778     0.245323   50.25256    0.00003    1
   6   -3   -7   0.835248     0.211480     0.123142     0.244719   50.25256    0.00003    1
   6    3    7   0.835248    -0.132167     1.130298        1.138   50.25256    0.00056    1
  -8   -5    1   0.835192     0.051863    -2.982529      2.98298   50.25615    0.00386    1
  -8    5   -1   0.835192     0.359722    -4.419486       4.4341   50.25615    0.00852    1
   8   -5    1   0.835192     0.333372     4.421105      4.43366   50.25615    0.00852    1
   8    5   -1   0.835192     0.031313     2.983829      2.98399   50.25615    0.00386    1
   0   -1   12   0.835074    -0.676094    -0.590954     0.897959   50.26377    0.00035    1
   0    1  -12   0.835074    -0.679291     0.586159     0.897228   50.26377    0.00035    1
  -6   -7   -2   0.834522    -2.994217    -2.803716      4.10197   50.29929    0.00728    1
  -6    7    2   0.834522     5.517401    -4.324509      7.01021   50.29929    0.02126    1
   6   -7   -2   0.834522     5.490428     4.358072      7.00982   50.29929    0.02126    1
   6    7    2   0.834522    -3.010490     2.787556      4.10287   50.29929    0.00728    1
  -5    5  -10   0.834469    -0.248916    -0.838254     0.874431   50.30274    0.00033    1
   5   -5   10   0.834469    -0.254083     0.835931     0.873693   50.30274    0.00033    1
  -5   -5   10   0.834469    -0.579468    -3.255195      3.30637   50.30274    0.00473    1
   5    5  -10   0.834469    -0.600032     3.251803       3.3067   50.30274    0.00473    1
  -4   -9   -1   0.834450    -0.395300    -2.744766      2.77308   50.30392    0.00333    1
  -4    9    1   0.834450    -0.959536    -1.813661      2.05185   50.30392    0.00182    1
   4   -9   -1   0.834450    -0.969816     1.808878      2.05246   50.30392    0.00182    1
   4    9    1   0.834450    -0.412502     2.743232      2.77407   50.30392    0.00333    1
  -6   -8    5   0.834426     0.479821     3.263940      3.29902   50.30549    0.00471    1
  -6    8   -5   0.834426    -5.070094    -4.884181      7.03996   50.30549    0.02144    1
   6   -8    5   0.834426    -5.100259     4.853427      7.04048   50.30549    0.02144    1
   6    8   -5   0.834426     0.498968    -3.260085      3.29805   50.30549    0.00470    1
   0   -8   11   0.834234     0.966817    -1.828795      2.06863   50.31786    0.00185    1
   0    8  -11   0.834234     0.955247     1.835073      2.06881   50.31786    0.00185    1
  -4    2  -11   0.834204    -3.061741     2.585267      4.00723   50.31978    0.00694    1
   4   -2   11   0.834204    -3.046896    -2.605099      4.00876   50.31978    0.00695    1
  -4   -2   11   0.834204     1.557922     1.651801      2.27059   50.31978    0.00223    1
   4    2  -11   0.834204     1.568369    -1.641077         2.27   50.31978    0.00223    1
  -3   -8   10   0.834140     1.976562     0.054250      1.97731   50.32395    0.00169    1
  -3    8  -10   0.834140    -0.524055     2.832928      2.88099   50.32395    0.00359    1
   3   -8   10   0.834140    -0.507338    -2.836438      2.88145   50.32395    0.00359    1
   3    8  -10   0.834140     1.977030    -0.041064      1.97746   50.32395    0.00169    1
  -1   -8   -5   0.833659    -1.674883     1.416484      2.19355   50.35498    0.00208    1
  -1    8    5   0.833659    -4.468228    -0.284432      4.47727   50.35498    0.00865    1
   1   -8   -5   0.833659    -4.470376     0.253964      4.47758   50.35498    0.00865    1
   1    8    5   0.833659    -1.666402    -1.430903      2.19645   50.35498    0.00208    1
   0  -11    5   0.833645     4.060610    -1.732606       4.4148   50.35592    0.00841    1
   0   11   -5   0.833645     4.050708     1.757160      4.41541   50.35592    0.00841    1
  -4   -7   10   0.833395    21.082035     0.538352      21.0889   50.37209    0.19179    1
  -4    7  -10   0.833395   -19.449466     1.374518       19.498   50.37209    0.16394    1
   4   -7   10   0.833395   -19.440469    -1.490156      19.4975   50.37209    0.16393    1
   4    7  -10   0.833395    21.084913    -0.415182       21.089   50.37209    0.19179    1
  -8   -5    3   0.833310     2.207731     1.149499      2.48906   50.37755    0.00267    1
  -8    5   -3   0.833310     1.171453     0.841225      1.44221   50.37755    0.00090    1
   8   -5    3   0.833310     1.175388    -0.833239      1.44077   50.37755    0.00089    1
   8    5   -3   0.833310     2.214880    -1.136731      2.48955   50.37755    0.00267    1
  -7   -5    7   0.833231    -4.949566    -0.364269      4.96295   50.38270    0.01062    1
  -7    5   -7   0.833231     4.856133     1.013733      4.96081   50.38270    0.01061    1
   7   -5    7   0.833231     4.861220    -0.984457       4.9599   50.38270    0.01060    1
   7    5   -7   0.833231    -4.953198     0.333963      4.96444   50.38270    0.01062    1
  -2   -1  -11   0.832928    -1.153541     1.120238      1.60798   50.40231    0.00111    1
  -2    1   11   0.832928    -1.576313     2.287101       2.7777   50.40231    0.00332    1
   2   -1  -11   0.832928    -1.561458    -2.297511       2.7779   50.40231    0.00332    1
   2    1   11   0.832928    -1.146602    -1.127081       1.6078   50.40231    0.00111    1
   0  -11    3   0.832904     2.101844     3.394577      3.99261   50.40384    0.00686    1
   0   11   -3   0.832904     2.122297    -3.383362      3.99391   50.40384    0.00687    1
  -9    0   -1   0.832886    -4.563133     1.974526      4.97201   50.40499    0.01064    1
  -9    0    1   0.832886    -9.779959    -2.379294      10.0652   50.40499    0.04362    1
   9    0   -1   0.832886    -9.793327     2.321235      10.0647   50.40499    0.04362    1
   9    0    1   0.832886    -4.552066    -2.003137      4.97332   50.40499    0.01065    1
  -7   -6    6   0.832856    -0.819725    -0.735743      1.10148   50.40693    0.00052    1
  -7    6   -6   0.832856     0.751764    -4.362173      4.42648   50.40693    0.00844    1
   7   -6    6   0.832856     0.723841     4.366461      4.42605   50.40693    0.00843    1
   7    6   -6   0.832856    -0.824731     0.732447      1.10302   50.40693    0.00052    1
  -1   -9   10   0.832330     3.148136     3.908645      5.01879   50.44104    0.01083    1
  -1    9  -10   0.832330     1.007070     0.367535      1.07204   50.44104    0.00049    1
   1   -9   10   0.832330     1.009617    -0.361243       1.0723   50.44104    0.00049    1
   1    9  -10   0.832330     3.171458    -3.888344       5.0177   50.44104    0.01082    1
  -9   -1    0   0.832097    -0.680583     5.576367      5.61775   50.45613    0.01356    1
  -9    1    0   0.832097    -0.054488     0.880490     0.882174   50.45613    0.00033    1
   9   -1    0   0.832097    -0.050508    -0.881863     0.883308   50.45613    0.00034    1
   9    1    0   0.832097    -0.647536    -5.581869       5.6193   50.45613    0.01357    1
  -8   -1   -5   0.831722     1.107539    -0.976011      1.47622   50.48047    0.00094    1
  -8    1    5   0.831722     1.135507    -0.938028      1.47284   50.48047    0.00093    1
   8   -1   -5   0.831722     1.131336     0.944458      1.47374   50.48047    0.00093    1
   8    1    5   0.831722     1.100701     0.982542      1.47544   50.48047    0.00093    1
  -7   -7    3   0.831472     3.997840     0.242677       4.0052   50.49673    0.00688    1
  -7    7   -3   0.831472    -3.882700    -0.658278      3.93811   50.49673    0.00665    1
   7   -7    3   0.831472    -3.886808     0.633899      3.93816   50.49673    0.00665    1
   7    7   -3   0.831472     3.998667    -0.217434      4.00457   50.49673    0.00688    1
  -8   -4   -2   0.831368   -31.724165     0.227295       31.725   50.50347    0.43146    1
  -8    4    2   0.831368   -33.190258    -2.182378      33.2619   50.50347    0.47428    1
   8   -4   -2   0.831368   -33.204316     1.979966      33.2633   50.50347    0.47432    1
   8    4    2   0.831368   -31.720025    -0.420554      31.7228   50.50347    0.43140    1
  -9   -1    1   0.831306    -9.124232     0.305875      9.12936   50.50753    0.03572    1
  -9    1   -1   0.831306     9.841037     1.615934      9.97283   50.50753    0.04263    1
   9   -1    1   0.831306     9.850198    -1.554719      9.97214   50.50753    0.04262    1
   9    1   -1   0.831306    -9.123257    -0.362151      9.13044   50.50753    0.03573    1
  -2  -10    8   0.831218    -2.322396     0.222609      2.33304   50.51323    0.00233    1
  -2   10   -8   0.831218     0.198037    -3.005468      3.01199   50.51323    0.00389    1
   2  -10    8   0.831218     0.179461     3.004523      3.00988   50.51323    0.00388    1
   2   10   -8   0.831218    -2.320977    -0.238623      2.33321   50.51323    0.00233    1
  -1  -11    4   0.831212     2.425061     0.972494      2.61279   50.51362    0.00293    1
  -1   11   -4   0.831212     0.919484    -1.244990      1.54772   50.51362    0.00103    1
   1  -11    4   0.831212     0.910770     1.249670      1.54634   50.51362    0.00102    1
   1   11   -4   0.831212     2.430889    -0.958238      2.61294   50.51362    0.00293    1
  -2   -9   -3   0.831036     1.965683     0.916172      2.16871   50.52505    0.00201    1
  -2    9    3   0.831036    -1.382905    -0.889163      1.64409   50.52505    0.00116    1
   2   -9   -3   0.831036    -1.388022     0.880720      1.64386   50.52505    0.00116    1
   2    9    3   0.831036     1.972292    -0.904042      2.16961   50.52505    0.00202    1
  -7   -7    2   0.830964    -1.176155    -3.668706      3.85263   50.52980    0.00636    1
  -7    7   -2   0.830964     1.731693    -2.619942      3.14052   50.52980    0.00422    1
   7   -7    2   0.830964     1.716237     2.630618      3.14096   50.52980    0.00422    1
   7    7   -2   0.830964    -1.197510     3.661535      3.85238   50.52980    0.00635    1
  -7   -1   -7   0.830908     8.888535    -3.374929      9.50769   50.53344    0.03870    1
   7    1    7   0.830908     8.867928     3.427585      9.50729   50.53344    0.03870    1
  -7    1    7   0.830908    -8.261977    -2.873356      8.74737   50.53344    0.03276    1
   7   -1   -7   0.830908    -8.279054     2.823462      8.74727   50.53344    0.03276    1
  -1   -6   12   0.830566    -2.820442    -1.129383      3.03816   50.55572    0.00395    1
  -1    6  -12   0.830566     3.576905     4.196972      5.51442   50.55572    0.01301    1
   1   -6   12   0.830566     3.602185    -4.174826      5.51406   50.55572    0.01300    1
   1    6  -12   0.830566    -2.825064     1.112361      3.03617   50.55572    0.00394    1
  -2    5  -12   0.830445    -5.075941    -2.607526      5.70652   50.56356    0.01392    1
   2   -5   12   0.830445    -5.090402     2.576836      5.70546   50.56356    0.01392    1
  -2   -5   12   0.830445     6.755697    -3.662076      7.68442   50.56356    0.02525    1
   2    5  -12   0.830445     6.733439     3.702324      7.68417   50.56356    0.02524    1
  -8   -4    5   0.830384    -1.550943     0.560408      1.64908   50.56753    0.00116    1
  -8    4   -5   0.830384    -0.439571     1.434495      1.50033   50.56753    0.00096    1
   8   -4    5   0.830384    -0.431391    -1.436816      1.50018   50.56753    0.00096    1
   8    4   -5   0.830384    -1.545794    -0.570683      1.64777   50.56753    0.00116    1
  -2   -2   12   0.830092    16.433615     1.098993      16.4703   50.58661    0.11586    1
  -2    2  -12   0.830092    15.225315    -2.051661      15.3629   50.58661    0.10080    1
   2   -2   12   0.830092    15.210365     2.145181      15.3609   50.58661    0.10077    1
   2    2  -12   0.830092    16.442336    -0.996882      16.4725   50.58661    0.11589    1
  -1   -1   12   0.829976    -0.065146     0.313133     0.319838   50.59412    0.00004    1
  -1    1  -12   0.829976    -1.841428    -1.182139      2.18822   50.59412    0.00204    1
   1   -1   12   0.829976    -1.848987     1.171723      2.18899   50.59412    0.00205    1
   1    1  -12   0.829976    -0.064912    -0.313209     0.319865   50.59412    0.00004    1
  -5   -7    9   0.829489    23.679214     4.321988      24.0704   50.62593    0.24701    1
  -5    7   -9   0.829489   -21.714375     3.876490      22.0577   50.62593    0.20743    1
   5   -7    9   0.829489   -21.689149    -4.006839      22.0562   50.62593    0.20740    1
   5    7   -9   0.829489    23.706354    -4.178063      24.0717   50.62593    0.24703    1
  -1   -8   11   0.829152    26.912827     0.141524      26.9132   50.64796    0.30849    1
  -1    8  -11   0.829152    26.398846     0.368258      26.4014   50.64796    0.29687    1
   1   -8   11   0.829152    26.399968    -0.204828      26.4008   50.64796    0.29686    1
   1    8  -11   0.829152    26.913665     0.024364      26.9137   50.64796    0.30850    1
  -3    9   -9   0.829049   -16.132159    -1.976721      16.2528   50.65471    0.11247    1
   3   -9    9   0.829049   -16.143918     1.877794      16.2528   50.65471    0.11247    1
  -3   -9    9   0.829049    19.031721    -0.972711      19.0566   50.65471    0.15462    1
   3    9   -9   0.829049    19.025972     1.090212      19.0572   50.65471    0.15463    1
  -5   -9    1   0.828905    -8.547086     0.552920      8.56495   50.66416    0.03122    1
  -5    9   -1   0.828905     3.114478     0.441668      3.14564   50.66416    0.00421    1
   5   -9    1   0.828905     3.116522    -0.422078      3.14497   50.66416    0.00421    1
   5    9   -1   0.828905    -8.544379    -0.603954       8.5657   50.66416    0.03123    1
  -3   10   -7   0.828856    19.218178     2.000155       19.322   50.66734    0.15887    1
   3  -10    7   0.828856    19.229422    -1.880926      19.3212   50.66734    0.15886    1
  -3  -10    7   0.828856    20.856780    -2.061622      20.9584   50.66734    0.18692    1
   3   10   -7   0.828856    20.844486     2.192139      20.9594   50.66734    0.18694    1
  -5   -8   -2   0.828796    -1.957138     0.954170      2.17734   50.67126    0.00202    1
  -5    8    2   0.828796     1.439517    -5.618865      5.80033   50.67126    0.01431    1
   5   -8   -2   0.828796     1.403554     5.627492      5.79988   50.67126    0.01431    1
   5    8    2   0.828796    -1.951728    -0.967078      2.17818   50.67126    0.00202    1
  -1  -11    5   0.828574   -18.774194     0.838358      18.7929   50.68583    0.15016    1
  -1   11   -5   0.828574    18.817094    -0.701178      18.8302   50.68583    0.15076    1
   1  -11    5   0.828574    18.812783     0.816143      18.8305   50.68583    0.15076    1
   1   11   -5   0.828574   -18.768262    -0.953504      18.7925   50.68583    0.15016    1
  -4    5  -11   0.827876    -5.956650    -3.406015      6.86168   50.73156    0.01998    1
   4   -5   11   0.827876    -5.976013     3.368527      6.86001   50.73156    0.01997    1
  -4   -5   11   0.827876    -3.282862    -3.904192      5.10097   50.73156    0.01104    1
   4    5  -11   0.827876    -3.307034     3.882976      5.10039   50.73156    0.01104    1
  -1  -11    3   0.827846   -13.779415     1.148836      13.8272   50.73353    0.08112    1
  -1   11   -3   0.827846    14.679292     2.501269      14.8909   50.73353    0.09408    1
   1  -11    3   0.827846    14.694896    -2.412021      14.8915   50.73353    0.09409    1
   1   11   -3   0.827846   -13.772057    -1.232419      13.8271   50.73353    0.08112    1
  -8   -5    0   0.827069    -7.672587     0.114412      7.67344   50.78460    0.02492    1
  -8    5    0   0.827069     8.996487     1.348138      9.09694   50.78460    0.03503    1
   8   -5    0   0.827069     9.004809    -1.292982      9.09716   50.78460    0.03503    1
   8    5    0   0.827069    -7.671178    -0.161834      7.67289   50.78460    0.02492    1
  -9   -1   -1   0.826882   -22.358934    -3.464415      22.6257   50.79689    0.21658    1
  -9    1    1   0.826882    24.438143    -3.094061      24.6332   50.79689    0.25672    1
   9   -1   -1   0.826882    24.419142     3.245063      24.6338   50.79689    0.25673    1
   9    1    1   0.826882   -22.379859     3.326624      22.6257   50.79689    0.21658    1
  -4   -3   -9   0.826739     0.419433     2.705323      2.73764   50.80629    0.00317    1
  -4    3    9   0.826739    -1.318836     1.920846      2.33002   50.80629    0.00230    1
   4   -3   -9   0.826739    -1.307988    -1.929303      2.33089   50.80629    0.00230    1
   4    3    9   0.826739     0.435210    -2.703108      2.73792   50.80629    0.00317    1
  -4  -10    4   0.826135   -23.654495     1.278401       23.689   50.84609    0.23689    1
  -4   10   -4   0.826135   -25.872831     0.704991      25.8824   50.84609    0.28279    1
   4  -10    4   0.826135   -25.867026    -0.863443      25.8814   50.84609    0.28277    1
   4   10   -4   0.826135   -23.647326    -1.422555      23.6901   50.84609    0.23691    1
  -5    8   -8   0.826020    -0.010112     1.675267       1.6753   50.85368    0.00118    1
   5   -8    8   0.826020    -0.001102    -1.674415      1.67442   50.85368    0.00118    1
  -5   -8    8   0.826020     0.891229     2.964317      3.09539   50.85368    0.00404    1
   5    8   -8   0.826020     0.909818    -2.959894      3.09657   50.85368    0.00405    1
  -7   -7    4   0.825992     1.484821     1.550300      2.14665   50.85552    0.00194    1
   7    7   -4   0.825992     1.493484    -1.540904       2.1459   50.85552    0.00194    1
  -7    7   -4   0.825992     0.911461     2.098988      2.28834   50.85552    0.00221    1
   7   -7    4   0.825992     0.921801    -2.093964      2.28788   50.85552    0.00221    1
  -4   -7   -5   0.825813    -0.243958     2.789970      2.80062   50.86733    0.00331    1
   4    7    5   0.825813    -0.227437    -2.791790      2.80104   50.86733    0.00331    1
  -4    7    5   0.825813     0.699017     4.592037      4.64494   50.86733    0.00910    1
   4   -7   -5   0.825813     0.727269    -4.587031      4.64433   50.86733    0.00910    1
  -7    2   -8   0.825537    -0.294697    -1.877483      1.90047   50.88557    0.00152    1
   7   -2    8   0.825537    -0.307287     1.876407       1.9014   50.88557    0.00152    1
  -7   -2    8   0.825537    -1.977363     3.655359      4.15591   50.88557    0.00728    1
   7    2   -8   0.825537    -1.953937    -3.667220      4.15528   50.88557    0.00728    1
  -6   -6   -4   0.825500    -4.881352     0.708567      4.93251   50.88797    0.01025    1
  -6    6    4   0.825500    -3.413193     0.737426      3.49195   50.88797    0.00514    1
   6   -6   -4   0.825500    -3.408491    -0.758150      3.49179   50.88797    0.00514    1
   6    6    4   0.825500    -4.877170    -0.739715      4.93295   50.88797    0.01025    1
  -8    2   -6   0.825063     4.284725     2.167152      4.80161   50.91687    0.00970    1
   8   -2    6   0.825063     4.297094    -2.140010      4.80049   50.91687    0.00970    1
  -8   -2    6   0.825063     4.437082    -2.888321      5.29435   50.91687    0.01180    1
   8    2   -6   0.825063     4.419375     2.915849      5.29463   50.91687    0.01180    1
   0  -11    6   0.825015     1.266526     1.754551      2.16392   50.92003    0.00197    1
   0   11   -6   0.825015     1.277592    -1.746165      2.16364   50.92003    0.00197    1
  -4  -10    3   0.825001     3.984547    -0.074808      3.98525   50.92098    0.00668    1
  -4   10   -3   0.825001    -1.725187     1.373533      2.20519   50.92098    0.00205    1
   4  -10    3   0.825001    -1.716412    -1.384190      2.20501   50.92098    0.00205    1
   4   10   -3   0.825001     3.982035     0.099559      3.98328   50.92098    0.00668    1
  -6   -5    9   0.824931    -1.527888     0.705976      1.68311   50.92559    0.00119    1
  -6    5   -9   0.824931     1.409455     0.484154      1.49029   50.92559    0.00093    1
   6   -5    9   0.824931     1.413102    -0.474520      1.49065   50.92559    0.00093    1
   6    5   -9   0.824931    -1.524033    -0.715004      1.68342   50.92559    0.00119    1
  -4   -9    8   0.824863     5.941156    -1.080274      6.03857   50.93013    0.01534    1
  -4    9   -8   0.824863    -7.122315    -1.013097      7.19401   50.93013    0.02177    1
   4   -9    8   0.824863    -7.128494     0.970558      7.19426   50.93013    0.02177    1
   4    9   -8   0.824863     5.934564     1.116571      6.03869   50.93013    0.01534    1
  -9   -1    2   0.824559     0.758551    -1.684350      1.84728   50.95022    0.00143    1
  -9    1   -2   0.824559    -1.200262    -3.914871      4.09473   50.95022    0.00704    1
   9   -1    2   0.824559    -1.226124     3.908198      4.09602   50.95022    0.00705    1
   9    1   -2   0.824559     0.749989     1.688932      1.84796   50.95022    0.00143    1
  -7   -7    1   0.824499   -10.830104    -0.230273      10.8326   50.95417    0.04930    1
  -7    7   -1   0.824499     8.021867    -0.385466      8.03112   50.95417    0.02710    1
   7   -7    1   0.824499     8.020871     0.433372      8.03257   50.95417    0.02711    1
   7    7   -1   0.824499   -10.830454     0.164744      10.8317   50.95417    0.04929    1
  -7    3   -8   0.824374    -5.677438    -3.471969      6.65491   50.96247    0.01860    1
   7   -3    8   0.824374    -5.699759     3.438026      6.65637   50.96247    0.01861    1
  -7   -3    8   0.824374    -4.888814     0.843693      4.96108   50.96247    0.01034    1
   7    3   -8   0.824374    -4.884335    -0.872570      4.96166   50.96247    0.01034    1
  -9    0   -2   0.823922    -1.905493    -0.257347      1.92279   50.99247    0.00155    1
  -9    0    2   0.823922    -1.454746    -2.119559      2.57076   50.99247    0.00277    1
   9    0   -2   0.823922    -1.467136     2.110336      2.57022   50.99247    0.00277    1
   9    0    2   0.823922    -1.906788     0.245627      1.92254   50.99247    0.00155    1
  -3   -5   -8   0.823792    -0.074441    -2.675468       2.6765   51.00105    0.00300    1
   3    5    8   0.823792    -0.091303     2.674386      2.67594   51.00105    0.00300    1
  -3    5    8   0.823792     0.434225     0.451213     0.626215   51.00105    0.00016    1
   3   -5   -8   0.823792     0.435886    -0.448638     0.625518   51.00105    0.00016    1
  -5   -9    6   0.823643    -3.702189    -0.778400      3.78313   51.01096    0.00600    1
  -5    9   -6   0.823643     0.949517    -2.504350      2.67831   51.01096    0.00301    1
   5   -9    6   0.823643     0.935674     2.509833      2.67857   51.01096    0.00301    1
   5    9   -6   0.823643    -3.705544     0.755754      3.78183   51.01096    0.00599    1
  -2   -3  -10   0.823639     0.032225     0.312529     0.314186   51.01119    0.00004    1
  -2    3   10   0.823639    -1.655545    -0.523813      1.73644   51.01119    0.00126    1
   2   -3  -10   0.823639    -1.657315     0.511774      1.73453   51.01119    0.00126    1
   2    3   10   0.823639     0.034866    -0.310891      0.31284   51.01119    0.00004    1
   0  -11    2   0.823581     1.561787     0.594324      1.67105   51.01507    0.00117    1
   0   11   -2   0.823581     1.565290    -0.584164      1.67074   51.01507    0.00117    1
  -8   -5    4   0.823426    -0.369201    -0.810338     0.890481   51.02537    0.00033    1
   8    5   -4   0.823426    -0.374988     0.806620     0.889523   51.02537    0.00033    1
  -8    5   -4   0.823426     2.534060    -2.382950      3.47849   51.02537    0.00507    1
   8   -5    4   0.823426     2.518654     2.398561      3.47803   51.02537    0.00507    1
  -8   -1    6   0.823152    14.115081    -3.522429       14.548   51.04358    0.08856    1
  -8    1   -6   0.823152   -14.314589    -4.029645       14.871   51.04358    0.09253    1
   8   -1    6   0.823152   -14.337663     3.941723      14.8696   51.04358    0.09252    1
   8    1   -6   0.823152    14.094416     3.609056      14.5492   51.04358    0.08857    1
  -5   -7   -4   0.822998    -1.053038     0.320621      1.10077   51.05380    0.00051    1
  -5    7    4   0.822998     0.331091    -0.348762     0.480891   51.05380    0.00010    1
   5   -7   -4   0.822998     0.328666     0.351233     0.481026   51.05380    0.00010    1
   5    7    4   0.822998    -1.051254    -0.326731      1.10086   51.05380    0.00051    1
  -3   -6   -7   0.822800   -10.170718    -3.898174      10.8922   51.06697    0.04959    1
  -3    6    7   0.822800   -10.812172     3.997088      11.5273   51.06697    0.05554    1
   3   -6   -7   0.822800   -10.787400    -4.064612      11.5278   51.06697    0.05555    1
   3    6    7   0.822800   -10.193369     3.835545      10.8911   51.06697    0.04958    1
   0  -10    9   0.822615     1.149103    -5.696515      5.81126   51.07930    0.01411    1
   0   10   -9   0.822615     1.114915     5.703033      5.81099   51.07930    0.01411    1
  -7   -6   -2   0.822601    -0.252363     0.336741     0.420811   51.08024    0.00007    1
   7    6    2   0.822601    -0.250004    -0.339531     0.421644   51.08024    0.00007    1
  -7    6    2   0.822601     0.967664    -2.224453      2.42581   51.08024    0.00246    1
   7   -6   -2   0.822601     0.953504     2.231839      2.42699   51.08024    0.00246    1
  -9   -2    1   0.822269    -3.532774     3.798960      5.18773   51.10234    0.01123    1
  -9    2   -1   0.822269    -0.697930    -3.355463      3.42728   51.10234    0.00490    1
   9   -2    1   0.822269    -0.718872     3.352337      3.42855   51.10234    0.00491    1
   9    2   -1   0.822269    -3.510450    -3.820651      5.18851   51.10234    0.01123    1
  -4  -10    5   0.821385    -0.194544     1.785132       1.7957   51.16128    0.00134    1
  -4   10   -5   0.821385    -2.691042    -2.206521      3.48001   51.16128    0.00504    1
   4  -10    5   0.821385    -2.705189     2.189864      3.48045   51.16128    0.00504    1
   4   10   -5   0.821385    -0.183288    -1.786654      1.79603   51.16128    0.00134    1
  -3   -7   11   0.821285     7.544305     0.086055       7.5448   51.16796    0.02369    1
  -3    7  -11   0.821285    -8.582590     1.855194      8.78081   51.16796    0.03208    1
   3   -7   11   0.821285    -8.572974    -1.912441       8.7837   51.16796    0.03210    1
   3    7  -11   0.821285     7.542439    -0.035783      7.54252   51.16796    0.02367    1
  -4   -1   11   0.821264     0.281283    -3.152682      3.16521   51.16938    0.00417    1
  -4    1  -11   0.821264     0.364981    -2.084125      2.11584   51.16938    0.00186    1
   4   -1   11   0.821264     0.353048     2.086110      2.11577   51.16938    0.00186    1
   4    1  -11   0.821264     0.263185     3.154918      3.16588   51.16938    0.00417    1
  -2  -10   -1   0.820992    -0.639885     1.505891       1.6362   51.18757    0.00111    1
  -2   10    1   0.820992     2.379607    -2.140567      3.20071   51.18757    0.00426    1
   2  -10   -1   0.820992     2.367723     2.154950      3.20155   51.18757    0.00426    1
   2   10    1   0.820992    -0.630076    -1.508948      1.63521   51.18757    0.00111    1
  -3  -10    0   0.820937     2.044657     4.090946      4.57345   51.19124    0.00869    1
  -3   10    0   0.820937    -1.801208    -3.761358      4.17039   51.19124    0.00723    1
   3  -10    0   0.820937    -1.822988     3.749461      4.16914   51.19124    0.00723    1
   3   10    0   0.820937     2.070824    -4.077401      4.57313   51.19124    0.00869    1
  -6   -8    0   0.820915    10.518654    -1.372528      10.6078   51.19268    0.04677    1
   6    8    0   0.820915    10.510619     1.439085      10.6087   51.19268    0.04678    1
  -6    8    0   0.820915     8.541445     2.454014      8.88698   51.19268    0.03283    1
   6   -8    0   0.820915     8.555544    -2.398199      8.88531   51.19268    0.03282    1
  -9   -2    0   0.820879    -0.982110     0.575643      1.13838   51.19509    0.00054    1
   9    2    0   0.820879    -0.979022    -0.580684      1.13828   51.19509    0.00054    1
  -9    2    0   0.820879    -1.589277    -0.269728        1.612   51.19509    0.00108    1
   9   -2    0   0.820879    -1.591989     0.259104      1.61294   51.19509    0.00108    1
  -5   -2   -9   0.820344    -8.966005     2.843840       9.4062   51.23093    0.03671    1
  -5    2    9   0.820344   -11.418558    -0.948711      11.4579   51.23093    0.05448    1
   5   -2   -9   0.820344   -11.423792     0.879954      11.4576   51.23093    0.05447    1
   5    2    9   0.820344    -8.948988    -2.898030      9.40654   51.23093    0.03672    1
  -6   -2   -8   0.820319   -24.417181    -0.374270        24.42   51.23256    0.24743    1
  -6    2    8   0.820319   -25.981816    -0.163612      25.9823   51.23256    0.28010    1
   6   -2   -8   0.820319   -25.982412     0.002634      25.9824   51.23256    0.28010    1
   6    2    8   0.820319   -24.419017     0.223601        24.42   51.23256    0.24743    1
  -1  -11    6   0.820099    -1.367874    -6.062370      6.21477   51.24732    0.01602    1
  -1   11   -6   0.820099    -2.152958    -2.029985      2.95907   51.24732    0.00363    1
   1  -11    6   0.820099    -2.165915     2.016848      2.95954   51.24732    0.00363    1
   1   11   -6   0.820099    -1.405818     6.054421      6.21549   51.24732    0.01602    1
  -6    0   -9   0.819896    -0.920398    -1.174709      1.49234   51.26092    0.00092    1
   6    0    9   0.819896    -0.928526     1.168944      1.49285   51.26092    0.00092    1
  -6    0    9   0.819896    -0.866947    -0.911750      1.25813   51.26092    0.00066    1
   6    0   -9   0.819896    -0.871551     0.906107      1.25723   51.26092    0.00066    1
  -8    3   -6   0.819595    -1.663541    -4.670845      4.95824   51.28112    0.01018    1
   8   -3    6   0.819595    -1.693079     4.661761      4.95969   51.28112    0.01018    1
  -8   -3    6   0.819595     1.146197    -3.213005      3.41133   51.28112    0.00482    1
   8    3   -6   0.819595     1.125942     3.217830      3.40913   51.28112    0.00481    1
  -7   -1    8   0.819319     1.108188     2.729946       2.9463   51.29964    0.00359    1
  -7    1   -8   0.819319    -0.200264     0.457737     0.499628   51.29964    0.00010    1
   7   -1    8   0.819319    -0.196919    -0.459164     0.499609   51.29964    0.00010    1
   7    1   -8   0.819319     1.126035    -2.722063      2.94577   51.29964    0.00359    1
  -6   -8    6   0.819293    14.408135    -0.506567       14.417   51.30139    0.08598    1
  -6    8   -6   0.819293    15.046741     2.750365       15.296   51.30139    0.09678    1
   6   -8    6   0.819293    15.063019    -2.658813      15.2959   51.30139    0.09678    1
   6    8   -6   0.819293    14.405193     0.593461      14.4174   51.30139    0.08598    1
  -2   -8   -5   0.818717     0.936469    -1.595381      1.84992   51.34013    0.00141    1
  -2    8    5   0.818717    -1.283191     3.283843      3.52565   51.34013    0.00513    1
   2   -8   -5   0.818717    -1.263992    -3.291042      3.52543   51.34013    0.00513    1
   2    8    5   0.818717     0.927755     1.600535      1.84998   51.34013    0.00141    1
  -1  -11    2   0.818690    -0.537135    -3.407779      3.44985   51.34191    0.00491    1
  -1   11   -2   0.818690    -2.817808    -6.481844      7.06784   51.34191    0.02063    1
   1  -11    2   0.818690    -2.856129     6.463945      7.06683   51.34191    0.02062    1
   1   11   -2   0.818690    -0.557959     3.403421      3.44885   51.34191    0.00491    1
  -5    0  -10   0.818408     3.237683     1.541748      3.58603   51.36088    0.00531    1
  -5    0   10   0.818408    -1.017549     0.252318      1.04837   51.36088    0.00045    1
   5    0  -10   0.818408    -1.015000    -0.257959      1.04727   51.36088    0.00045    1
   5    0   10   0.818408     3.247436    -1.521934      3.58638   51.36088    0.00531    1
  -4  -10    2   0.818054    -2.303464     5.068619      5.56748   51.38473    0.01277    1
  -4   10   -2   0.818054    -3.456024    -5.996510      6.92114   51.38473    0.01974    1
   4  -10    2   0.818054    -3.490867     5.974472      6.91957   51.38473    0.01973    1
   4   10   -2   0.818054    -2.273430    -5.082023      5.56736   51.38473    0.01277    1
  -9   -2    2   0.817853     1.514164    -0.679940      1.65982   51.39832    0.00113    1
   9    2   -2   0.817853     1.511173     0.689883       1.6612   51.39832    0.00114    1
  -9    2   -2   0.817853    -0.907549    -0.608966      1.09292   51.39832    0.00049    1
   9   -2    2   0.817853    -0.911933     0.603034      1.09328   51.39832    0.00049    1
  -1  -10    9   0.817741     3.966363     2.605149       4.7454   51.40585    0.00927    1
  -1   10   -9   0.817741     7.744029    -3.888696      8.66556   51.40585    0.03092    1
   1  -10    9   0.817741     7.718703     3.934197       8.6635   51.40585    0.03090    1
   1   10   -9   0.817741     3.982787    -2.581852      4.74642   51.40585    0.00928    1
  -7   -4   -5   0.817660    37.660537     3.346073      37.8089   51.41135    0.58844    1
   7    4    5   0.817660    37.680589    -3.115320      37.8092   51.41135    0.58845    1
  -7    4    5   0.817660    37.426132    -1.719249      37.4656   51.41135    0.57780    1
   7   -4   -5   0.817660    37.415448     1.947911      37.4661   51.41135    0.57782    1
   0   -2  -11   0.817624    -0.849052    -3.479079      3.58118   51.41375    0.00528    1
   0    2   11   0.817624    -0.871547     3.473987      3.58164   51.41375    0.00528    1
  -2   -9   10   0.817457   -15.215562     4.325836      15.8185   51.42499    0.10294    1
  -2    9  -10   0.817457    18.184542     4.642137      18.7677   51.42499    0.14490    1
   2   -9   10   0.817457    18.214155    -4.529886       18.769   51.42499    0.14492    1
   2    9  -10   0.817457   -15.187983    -4.421333      15.8184   51.42499    0.10294    1
  -2  -11    4   0.816399   -21.617620    -5.437995      22.2911   51.49656    0.20377    1
  -2   11   -4   0.816399    19.297389    -5.084211      19.9559   51.49656    0.16331    1
   2  -11    4   0.816399    19.265699     5.202989      19.9559   51.49656    0.16331    1
   2   11   -4   0.816399   -21.650955     5.303989      22.2912   51.49656    0.20377    1
  -9   -1   -2   0.815991    -1.439100     0.378759      1.48811   51.52418    0.00091    1
  -9    1    2   0.815991    -0.690337    -1.784041      1.91295   51.52418    0.00150    1
   9   -1   -2   0.815991    -0.701870     1.780005      1.91338   51.52418    0.00150    1
   9    1    2   0.815991    -1.435613    -0.387531        1.487   51.52418    0.00091    1
  -3   -4   -9   0.815955   -29.109599    -2.008122      29.1788   51.52661    0.34869    1
  -3    4    9   0.815955   -28.252182     1.970353      28.3208   51.52661    0.32848    1
   3   -4   -9   0.815955   -28.240337    -2.145625      28.3217   51.52661    0.32850    1
   3    4    9   0.815955   -29.120202     1.827322      29.1775   51.52661    0.34865    1
  -7   -4    8   0.815924     0.341657    -3.154668      3.17312   51.52875    0.00412    1
  -7    4   -8   0.815924     0.082556     1.116821      1.11987   51.52875    0.00051    1
   7   -4    8   0.815924     0.091152    -1.116659      1.12037   51.52875    0.00051    1
   7    4   -8   0.815924     0.322060     3.157022      3.17341   51.52875    0.00412    1
  -2   -6   12   0.815786    16.492571     0.071495      16.4927   51.53808    0.11134    1
  -2    6  -12   0.815786    18.579499    -1.037203      18.6084   51.53808    0.14174    1
   2   -6   12   0.815786    18.573439     1.150003       18.609   51.53808    0.14175    1
   2    6  -12   0.815786    16.492537     0.028575      16.4926   51.53808    0.11134    1
  -7   -3   -6   0.815649     2.569661     0.542668      2.62634   51.54738    0.00282    1
   7    3    6   0.815649     2.571408    -0.525831      2.62462   51.54738    0.00282    1
  -7    3    6   0.815649     0.735249    -5.123977      5.17646   51.54738    0.01096    1
   7   -3   -6   0.815649     0.703542     5.128224      5.17626   51.54738    0.01096    1
  -5   -6   10   0.815359     3.277387     0.800269      3.37368   51.56707    0.00465    1
  -5    6  -10   0.815359    -3.396394     4.451219        5.599   51.56707    0.01282    1
   5   -6   10   0.815359    -3.369663    -4.472146      5.59953   51.56707    0.01282    1
   5    6  -10   0.815359     3.281215    -0.779586      3.37255   51.56707    0.00465    1
  -2   -1   12   0.815228    -6.757705     4.021313      7.86368   51.57596    0.02527    1
  -2    1  -12   0.815228     8.594078     3.629873      9.32921   51.57596    0.03557    1
   2   -1   12   0.815228     8.616601    -3.578805      9.33026   51.57596    0.03557    1
   2    1  -12   0.815228    -6.732728    -4.060172      7.86223   51.57596    0.02526    1
  -7   -7    5   0.814870   -16.676511    -3.411865       17.022   51.60024    0.11828    1
  -7    7   -5   0.814870    16.224965    -2.659555      16.4415   51.60024    0.11035    1
   7   -7    5   0.814870    16.207609     2.760697       16.441   51.60024    0.11034    1
   7    7   -5   0.814870   -16.697738     3.308462      17.0223   51.60024    0.11828    1
  -2   -8   11   0.814447     8.182611    -2.083987      8.44382   51.62906    0.02907    1
  -2    8  -11   0.814447    -5.810231     1.693772      6.05208   51.62906    0.01493    1
   2   -8   11   0.814447    -5.800040    -1.730454      6.05268   51.62906    0.01494    1
   2    8  -11   0.814447     8.169464     2.135439      8.44395   51.62906    0.02907    1
  -8    0   -6   0.814012   -16.300746     0.762604      16.3186   51.65864    0.10843    1
   8    0    6   0.814012   -16.296417    -0.865655      16.3194   51.65864    0.10844    1
  -8    0    6   0.814012   -13.059455    -0.639386      13.0751   51.65864    0.06961    1
   8    0   -6   0.814012   -13.062799     0.556933      13.0747   51.65864    0.06960    1
  -2  -11    5   0.813898    -3.778018    -1.291424      3.99264   51.66642    0.00649    1
  -2   11   -5   0.813898     2.074042     1.015826      2.30945   51.66642    0.00217    1
   2  -11    5   0.813898     2.078936    -1.002274      2.30793   51.66642    0.00217    1
   2   11   -5   0.813898    -3.785658     1.267496      3.99221   51.66642    0.00649    1
  -9   -2   -1   0.813771    -7.204188    -0.342531      7.21233   51.67508    0.02116    1
  -9    2    1   0.813771    -8.097482    -1.261829      8.19521   51.67508    0.02733    1
   9   -2   -1   0.813771    -8.103375     1.209717      8.19317   51.67508    0.02731    1
   9    2    1   0.813771    -7.207253     0.296863      7.21336   51.67508    0.02117    1
   0   -7   12   0.813513     0.508873    -0.315503     0.598743   51.69271    0.00015    1
   0    7  -12   0.813513     0.506659     0.319363     0.598913   51.69271    0.00015    1
  -8   -5   -1   0.813459     1.401243     3.514554      3.78359   51.69635    0.00582    1
   8    5    1   0.813459     1.422522    -3.506152      3.78374   51.69635    0.00582    1
  -8    5    1   0.813459     0.095940     2.186130      2.18823   51.69635    0.00195    1
   8   -5   -1   0.813459     0.109807    -2.185691      2.18845   51.69635    0.00195    1
  -8   -3   -4   0.813442    19.908610     4.252849      20.3578   51.69754    0.16846    1
  -8    3    4   0.813442   -19.205918     3.446444      19.5127   51.69754    0.15476    1
   8   -3   -4   0.813442   -19.183166    -3.564620      19.5115   51.69754    0.15474    1
   8    3    4   0.813442    19.935093    -4.128746      20.3582   51.69754    0.16846    1
  -2  -11    3   0.813209     1.616902    -1.226627      2.02953   51.71346    0.00167    1
  -2   11   -3   0.813209    -3.423524    -2.587359      4.29126   51.71346    0.00748    1
   2  -11    3   0.813209    -3.439984     2.565204      4.29113   51.71346    0.00748    1
   2   11   -3   0.813209     1.608712     1.235905      2.02865   51.71346    0.00167    1
  -3   -4   12   0.813174     3.414463    -0.702584        3.486   51.71587    0.00494    1
  -3    4  -12   0.813174    -2.816016     1.105487      3.02524   51.71587    0.00372    1
   3   -4   12   0.813174    -2.810745    -1.122436      3.02657   51.71587    0.00372    1
   3    4  -12   0.813174     3.411438     0.724901      3.48761   51.71587    0.00494    1
  -3   -7   -6   0.813073     0.181126     0.736753     0.758691   51.72274    0.00023    1
  -3    7    6   0.813073    -0.136625     2.439958      2.44378   51.72274    0.00242    1
   3   -7   -6   0.813073    -0.119984    -2.439608      2.44256   51.72274    0.00242    1
   3    7    6   0.813073     0.186082    -0.735661      0.75883   51.72274    0.00023    1
  -3   -3   12   0.813063     3.875389    -3.177263      5.01135   51.72343    0.01020    1
  -3    3  -12   0.813063     0.722051     0.525127     0.892814   51.72343    0.00032    1
   3   -3   12   0.813063     0.725739    -0.520526     0.893109   51.72343    0.00032    1
   3    3  -12   0.813063     3.855969     3.201740      5.01195   51.72343    0.01020    1
  -1   -2  -11   0.812838    -2.614756     2.092904      3.34921   51.73879    0.00455    1
  -1    2   11   0.812838    -2.607139    -2.558892      3.65309   51.73879    0.00541    1
   1   -2  -11   0.812838    -2.622529     2.539641      3.65068   51.73879    0.00541    1
   1    2   11   0.812838    -2.601464    -2.111834      3.35074   51.73879    0.00456    1
   0    0  -12   0.812738    31.552680     1.236356      31.5769   51.74562    0.40443    1
   0    0   12   0.812738    31.559691    -1.039546      31.5768   51.74562    0.40443    1
  -5   -9    0   0.812504    -0.531550     1.564945      1.65275   51.76160    0.00111    1
  -5    9    0   0.812504    -0.531451    -1.105756      1.22684   51.76160    0.00061    1
   5   -9    0   0.812504    -0.537320     1.102735      1.22668   51.76160    0.00061    1
   5    9    0   0.812504    -0.522008    -1.568551      1.65313   51.76160    0.00111    1
  -7   -7    0   0.812486     1.135446    -0.458330      1.22446   51.76288    0.00061    1
  -7    7    0   0.812486     1.547719    -4.203825      4.47969   51.76288    0.00813    1
   7   -7    0   0.812486     1.521037     4.213473      4.47961   51.76288    0.00813    1
   7    7    0   0.812486     1.132367     0.465721       1.2244   51.76288    0.00061    1
  -9   -1    3   0.812280   -13.983558     0.309228       13.987   51.77697    0.07924    1
  -9    1   -3   0.812280    17.431461     1.183691      17.4716   51.77697    0.12364    1
   9   -1    3   0.812280    17.438519    -1.075630      17.4717   51.77697    0.12364    1
   9    1   -3   0.812280   -13.981455    -0.396113      13.9871   51.77697    0.07924    1
  -4    6  -11   0.811270    -4.598894     3.307759       5.6649   51.84622    0.01296    1
   4   -6   11   0.811270    -4.578838    -3.336035      5.66524   51.84622    0.01296    1
  -4   -6   11   0.811270     4.326687    -2.324304      4.91148   51.84622    0.00974    1
   4    6  -11   0.811270     4.312214     2.350821      4.91137   51.84622    0.00974    1
  -4  -10    6   0.811048    -3.432412     4.685077      5.80787   51.86144    0.01361    1
  -4   10   -6   0.811048    -5.956366    -4.968201      7.75637   51.86144    0.02428    1
   4  -10    6   0.811048    -5.986436     4.932455      7.75671   51.86144    0.02428    1
   4   10   -6   0.811048    -3.405242    -4.706612      5.80929   51.86144    0.01362    1
  -7   -5   -4   0.811014    -1.925762    -0.013139      1.92581   51.86381    0.00150    1
   7    5    4   0.811014    -1.924978     0.001369      1.92498   51.86381    0.00150    1
  -7    5    4   0.811014    -0.593368    -1.143611      1.28838   51.86381    0.00067    1
   7   -5   -4   0.811014    -0.600226     1.139616      1.28802   51.86381    0.00067    1
   0  -11    7   0.810982     0.063524     0.509836     0.513778   51.86600    0.00011    1
   0   11   -7   0.810982     0.065642    -0.509315     0.513528   51.86600    0.00011    1
   0   -9   -4   0.810905    -1.645489     0.784565      1.82296   51.87127    0.00134    1
   0    9    4   0.810905    -1.640887    -0.794612      1.82316   51.87127    0.00134    1
   0  -10   -2   0.810544    -8.631536    -3.944553      9.49015   51.89614    0.03629    1
   0   10    2   0.810544    -8.658303     3.890840      9.49236   51.89614    0.03631    1
   0   -6   -8   0.810474     5.962987     1.868367      6.24884   51.90090    0.01573    1
   0    6    8   0.810474     5.974072    -1.829664      6.24798   51.90090    0.01573    1
  -6   -7    8   0.810221     7.386343     0.520881      7.40469   51.91835    0.02207    1
  -6    7   -8   0.810221   -10.077853    -0.455885      10.0882   51.91835    0.04097    1
   6   -7    8   0.810221   -10.079420     0.394328      10.0871   51.91835    0.04096    1
   6    7   -8   0.810221     7.390338    -0.475809      7.40564   51.91835    0.02208    1
  -8   -2   -5   0.810005     0.267142     1.340024      1.36639   51.93324    0.00075    1
  -8    2    5   0.810005    -0.188099    -0.431405     0.470629   51.93324    0.00009    1
   8   -2   -5   0.810005    -0.189317     0.430110     0.469932   51.93324    0.00009    1
   8    2    5   0.810005     0.274998    -1.338761      1.36671   51.93324    0.00075    1
  -9    0   -3   0.809603    16.423054    -0.621536      16.4348   51.96092    0.10852    1
  -9    0    3   0.809603    15.092323     2.100670      15.2378   51.96092    0.09329    1
   9    0   -3   0.809603    15.104583    -2.005794      15.2372   51.96092    0.09328    1
   9    0    3   0.809603    16.419540     0.723892      16.4355   51.96092    0.10853    1
   0  -11    1   0.808941     3.276220     0.783264      3.36855   52.00665    0.00455    1
   0   11   -1   0.808941     3.279843    -0.763453      3.36753   52.00665    0.00455    1
  -1   -7   12   0.808798     4.241133     0.753490      4.30755   52.01650    0.00744    1
  -1    7  -12   0.808798     2.920344    -1.797748      3.42933   52.01650    0.00471    1
   1   -7   12   0.808798     2.907569     1.815274      3.42771   52.01650    0.00471    1
   1    7  -12   0.808798     4.245479    -0.725592      4.30704   52.01650    0.00744    1
  -3   -1  -11   0.808521   -13.294439    -0.980115      13.3305   52.03567    0.07117    1
  -3    1   11   0.808521    15.083451     1.286848      15.1382   52.03567    0.09178    1
   3   -1  -11   0.808521    15.090412    -1.191960      15.1374   52.03567    0.09176    1
   3    1   11   0.808521   -13.300950     0.896904      13.3312   52.03567    0.07117    1
  -8   -4   -3   0.808338    -1.862199    -0.250373      1.87896   52.04832    0.00141    1
   8    4    3   0.808338    -1.863325     0.239176      1.87861   52.04832    0.00141    1
  -8    4    3   0.808338    -0.492283     4.472648      4.49966   52.04832    0.00810    1
   8   -4   -3   0.808338    -0.464859    -4.476431       4.5005   52.04832    0.00811    1
  -8   -5    5   0.808276    -0.183297    -0.268391     0.325009   52.05265    0.00004    1
  -8    5   -5   0.808276    -0.168684     2.885255      2.89018   52.05265    0.00334    1
   8   -5    5   0.808276    -0.150040    -2.886189      2.89009   52.05265    0.00334    1
   8    5   -5   0.808276    -0.184326     0.266937     0.324394   52.05265    0.00004    1
  -1    0  -12   0.808037    -3.861095    -0.106419      3.86256   52.06918    0.00597    1
  -1    0   12   0.808037     2.929486    -1.617832      3.34653   52.06918    0.00448    1
   1    0  -12   0.808037     2.919111     1.635847      3.34622   52.06918    0.00448    1
   1    0   12   0.808037    -3.861187     0.082835      3.86207   52.06918    0.00596    1
  -7   -6    7   0.807991    12.830782    -2.415489      13.0562   52.07239    0.06816    1
  -7    6   -7   0.807991    14.071780     4.613733      14.8088   52.07239    0.08768    1
   7   -6    7   0.807991    14.101295    -4.524591      14.8094   52.07239    0.08769    1
   7    6   -7   0.807991    12.815177     2.496841      13.0561   52.07239    0.06816    1
  -9   -2    3   0.807906    20.497897     0.745789      20.5115   52.07829    0.16817    1
  -9    2   -3   0.807906    18.447761     0.882775      18.4689   52.07829    0.13635    1
   9   -2    3   0.807906    18.452163    -0.767964      18.4681   52.07829    0.13634    1
   9    2   -3   0.807906    20.502086    -0.618845      20.5114   52.07829    0.16817    1
   0   -5   -9   0.807902     1.344943    -0.393345      1.40128   52.07850    0.00078    1
   0    5    9   0.807902     1.342568     0.401718      1.40138   52.07850    0.00079    1
  -8   -4    6   0.807176   -26.986074    -0.777821      26.9973   52.12891    0.29070    1
  -8    4   -6   0.807176   -24.694379    -0.661936      24.7032   52.12891    0.24339    1
   8   -4    6   0.807176   -24.697409     0.509576      24.7027   52.12891    0.24338    1
   8    4   -6   0.807176   -26.990436     0.609976      26.9973   52.12891    0.29070    1
  -3  -10    8   0.806957     1.516315     4.356342      4.61269   52.14408    0.00848    1
  -3   10   -8   0.806957    -3.609953    -0.949711      3.73279   52.14408    0.00555    1
   3  -10    8   0.806957    -3.618035     0.928219      3.73521   52.14408    0.00556    1
   3   10   -8   0.806957     1.542884    -4.347468      4.61313   52.14408    0.00848    1
  -3   -9   -3   0.806791    -2.564180     0.069609      2.56512   52.15564    0.00262    1
  -3    9    3   0.806791     5.953220    -2.015716      6.28522   52.15564    0.01574    1
   3   -9   -3   0.806791     5.941450     2.056590      6.28732   52.15564    0.01575    1
   3    9    3   0.806791    -2.562789    -0.087720      2.56429   52.15564    0.00262    1
  -9   -3    1   0.806480   -11.969729    -0.094091      11.9701   52.17729    0.05703    1
  -9    3   -1   0.806480    12.594887     1.755542      12.7166   52.17729    0.06436    1
   9   -3    1   0.806480    12.605443    -1.676281      12.7164   52.17729    0.06436    1
   9    3   -1   0.806480   -11.971120     0.017545      11.9711   52.17729    0.05704    1
  -4   -9   -2   0.806465   -12.750657     0.658267      12.7676   52.17831    0.06488    1
  -4    9    2   0.806465    12.577963     1.461742      12.6626   52.17831    0.06381    1
   4   -9   -2   0.806465    12.585049    -1.381165      12.6606   52.17831    0.06379    1
   4    9    2   0.806465   -12.748074    -0.739598      12.7695   52.17831    0.06490    1
  -1  -11    7   0.806311    -1.164197     1.530599      1.92304   52.18903    0.00147    1
  -1   11   -7   0.806311     3.140253     1.058850      3.31396   52.18903    0.00437    1
   1  -11    7   0.806311     3.147220    -1.038765      3.31422   52.18903    0.00437    1
   1   11   -7   0.806311    -1.153710    -1.538576      1.92309   52.18903    0.00147    1
  -3    5  -12   0.806250     2.124773    -1.463825       2.5802   52.19328    0.00265    1
   3   -5   12   0.806250     2.114881     1.476606      2.57936   52.19328    0.00265    1
  -3   -5   12   0.806250     3.021310     3.538206      4.65266   52.19328    0.00861    1
   3    5  -12   0.806250     3.043538    -3.519231      4.65275   52.19328    0.00861    1
  -1   -9   -4   0.806236    -0.350507     1.425454      1.46792   52.19428    0.00086    1
  -1    9    4   0.806236     0.570051     1.235269      1.36046   52.19428    0.00074    1
   1   -9   -4   0.806236     0.575122    -1.231498      1.35917   52.19428    0.00073    1
   1    9    4   0.806236    -0.343282    -1.426334      1.46706   52.19428    0.00086    1
  -7    0   -8   0.806207    -1.545955    -1.315782      2.03009   52.19628    0.00164    1
   7    0    8   0.806207    -1.553883     1.306422       2.0301   52.19628    0.00164    1
  -7    0    8   0.806207     1.250054     2.865898      3.12666   52.19628    0.00389    1
   7    0   -8   0.806207     1.268339    -2.858342      3.12711   52.19628    0.00389    1
  -3    2  -12   0.805927    -3.477368     2.804250       4.4672   52.21581    0.00793    1
   3   -2   12   0.805927    -3.459639    -2.826323      4.46735   52.21581    0.00793    1
  -3   -2   12   0.805927     2.385190    -3.907920      4.57831   52.21581    0.00833    1
   3    2  -12   0.805927     2.359979     3.923676      4.57873   52.21581    0.00833    1
  -1  -10   -2   0.805880    -0.530206    -1.489570      1.58112   52.21904    0.00099    1
  -1   10    2   0.805880     1.839166    -1.338410      2.27462   52.21904    0.00206    1
   1  -10   -2   0.805880     1.830902     1.349187      2.27432   52.21904    0.00205    1
   1   10    2   0.805880    -0.539217     1.486075      1.58088   52.21904    0.00099    1
  -2  -11    6   0.805862    12.988603     0.106512       12.989   52.22032    0.06702    1
  -2   11   -6   0.805862   -16.140041    -0.023292      16.1401   52.22032    0.10349    1
   2  -11    6   0.805862   -16.139660    -0.077847      16.1398   52.22032    0.10348    1
   2   11   -6   0.805862    12.988844    -0.026483      12.9889   52.22032    0.06702    1
  -1   -6   -8   0.805812    -1.907016     0.279097      1.92733   52.22378    0.00148    1
  -1    6    8   0.805812     0.146382    -0.266526     0.304079   52.22378    0.00004    1
   1   -6   -8   0.805812     0.144237     0.266411     0.302951   52.22378    0.00004    1
   1    6    8   0.805812    -1.903591    -0.290926      1.92569   52.22378    0.00147    1
  -4  -10    1   0.805725    -0.409936     1.318169      1.38044   52.22989    0.00076    1
  -4   10   -1   0.805725    -2.775113     4.359697        5.168   52.22989    0.01061    1
   4  -10    1   0.805725    -2.746825    -4.377060      5.16756   52.22989    0.01060    1
   4   10   -1   0.805725    -0.401020    -1.320617      1.38016   52.22989    0.00076    1
  -5   -9    7   0.805589    -1.884266     3.908495      4.33899   52.23933    0.00747    1
  -5    9   -7   0.805589    -2.916097     5.135079      5.90531   52.23933    0.01384    1
   5   -9    7   0.805589    -2.882815    -5.154850      5.90619   52.23933    0.01385    1
   5    9   -7   0.805589    -1.858862    -3.919492      4.33795   52.23933    0.00747    1
  -4   -2  -10   0.805238    -3.293087     2.532266      4.15413   52.26380    0.00684    1
   4    2   10   0.805238    -3.277993    -2.552447      4.15454   52.26380    0.00684    1
  -4    2   10   0.805238    -0.074455    -1.398161      1.40014   52.26380    0.00078    1
   4   -2  -10   0.805238    -0.082412     1.397154      1.39958   52.26380    0.00078    1
  -7   -2   -7   0.805169     6.850830     0.411324      6.86317   52.26862    0.01867    1
  -7    2    7   0.805169     9.615063    -1.395086      9.71574   52.26862    0.03742    1
   7   -2   -7   0.805169     9.605923     1.456784      9.71576   52.26862    0.03742    1
   7    2    7   0.805169     6.852828    -0.367247      6.86266   52.26862    0.01867    1
  -6   -7   -3   0.805091     1.266928    -1.652155        2.082   52.27412    0.00172    1
  -6    7    3   0.805091    -1.167600     1.156221      1.64321   52.27412    0.00107    1
   6   -7   -3   0.805091    -1.159262    -1.163435       1.6424   52.27412    0.00107    1
   6    7    3   0.805091     1.257027     1.659952       2.0822   52.27412    0.00172    1
   0   -7   -7   0.804605    -1.514573     0.472913      1.58669   52.30803    0.00100    1
   0    7    7   0.804605    -1.510979    -0.483051      1.58631   52.30803    0.00100    1
  -2  -11    2   0.804525    24.476624     0.764017      24.4885   52.31367    0.23726    1
  -2   11   -2   0.804525   -25.761912     1.688676      25.8172   52.31367    0.26371    1
   2  -11    2   0.804525   -25.750534    -1.846979      25.8167   52.31367    0.26370    1
   2   11   -2   0.804525    24.480829    -0.613952      24.4885   52.31367    0.23726    1
  -6   -6    9   0.804427    -3.988640    -2.859475      4.90773   52.32054    0.00953    1
  -6    6   -9   0.804427     7.046577     5.870662      9.17164   52.32054    0.03327    1
   6   -6    9   0.804427     7.082298    -5.827129      9.17139   52.32054    0.03327    1
   6    6   -9   0.804427    -4.006624     2.835239      4.90832   52.32054    0.00953    1
  -9   -3    2   0.804324    -0.704572     0.400224     0.810309   52.32772    0.00026    1
  -9    3   -2   0.804324     0.792762    -3.521128      3.60927   52.32772    0.00515    1
   9   -3    2   0.804324     0.768360     3.525380      3.60814   52.32772    0.00515    1
   9    3   -2   0.804324    -0.703064    -0.403370     0.810559   52.32772    0.00026    1
  -1  -11    1   0.804305   -10.596066     2.067194      10.7958   52.32906    0.04608    1
  -1   11   -1   0.804305    11.508156     1.586099      11.6169   52.32906    0.05336    1
   1  -11    1   0.804305    11.519030    -1.514793      11.6182   52.32906    0.05337    1
   1   11   -1   0.804305   -10.582268    -2.132938      10.7951   52.32906    0.04607    1
  -4   -8   -4   0.803956    -1.457630     2.510701      2.90315   52.35352    0.00333    1
  -4    8    4   0.803956    -0.680268    -3.369747      3.43773   52.35352    0.00467    1
   4   -8   -4   0.803956    -0.702628     3.367199      3.43973   52.35352    0.00467    1
   4    8    4   0.803956    -1.441717    -2.519458      2.90279   52.35352    0.00333    1
  -2  -10    9   0.803624    -1.430265     1.162306      1.84299   52.37676    0.00134    1
  -2   10   -9   0.803624    -0.989878    -0.647496      1.18284   52.37676    0.00055    1
   2  -10    9   0.803624    -0.993325     0.642492        1.183   52.37676    0.00055    1
   2   10   -9   0.803624    -1.423810    -1.171419      1.84376   52.37676    0.00134    1
  -1   -5   -9   0.803284     6.921708    -0.671948      6.95425   52.40061    0.01906    1
  -1    5    9   0.803284    -6.209972    -2.467516      6.68224   52.40061    0.01760    1
   1   -5   -9   0.803284    -6.225132     2.427984      6.68187   52.40061    0.01760    1
   1    5    9   0.803284     6.918255     0.715657      6.95517   52.40061    0.01907    1
  -9   -3    0   0.803150     1.075309     2.285927      2.52621   52.41001    0.00251    1
  -9    3    0   0.803150    -0.236605     0.837905      0.87067   52.41001    0.00030    1
   9   -3    0   0.803150    -0.229858    -0.839330     0.870236   52.41001    0.00030    1
   9    3    0   0.803150     1.090646    -2.278381      2.52597   52.41001    0.00251    1
  -4    0  -11   0.801985     2.978776    -0.195871      2.98521   52.49196    0.00350    1
  -4    0   11   0.801985    -1.449442    -2.132168      2.57818   52.49196    0.00261    1
   4    0  -11   0.801985    -1.463754     2.123613      2.57921   52.49196    0.00261    1
   4    0   11   0.801985     2.978912     0.214373      2.98662   52.49196    0.00350    1
  -6   -8   -1   0.801538     0.681507     0.652051     0.943198   52.52346    0.00035    1
   6    8    1   0.801538     0.686055    -0.648563      0.94409   52.52346    0.00035    1
  -6    8    1   0.801538    -0.952732    -3.105387      3.24825   52.52346    0.00414    1
   6   -8   -1   0.801538    -0.972611     3.098593      3.24765   52.52346    0.00414    1
  -8   -6    2   0.801533    10.686999     0.866049       10.722   52.52386    0.04507    1
   8    6   -2   0.801533    10.692741    -0.799506      10.7226   52.52386    0.04507    1
  -8    6   -2   0.801533     7.220674    -0.328613      7.22815   52.52386    0.02048    1
   8   -6    2   0.801533     7.218067     0.373662      7.22773   52.52386    0.02048    1
  -9   -2   -2   0.801379    -0.342370     0.829702     0.897565   52.53472    0.00032    1
  -9    2    2   0.801379     0.173698    -0.747320      0.76724   52.53472    0.00023    1
   9   -2   -2   0.801379     0.168963     0.748858     0.767683   52.53472    0.00023    1
   9    2    2   0.801379    -0.336253    -0.831102     0.896547   52.53472    0.00031    1
  -7   -5    8   0.800835    -0.794816    -2.868617      2.97669   52.57309    0.00347    1
  -7    5   -8   0.800835     0.595862    -1.013565      1.17574   52.57309    0.00054    1
   7   -5    8   0.800835     0.589038     1.018000      1.17613   52.57309    0.00054    1
   7    5   -8   0.800835    -0.811781     2.863938      2.97676   52.57309    0.00347    1
  -5   -5   -7   0.800715   -41.536977    -3.396914      41.6756   52.58163    0.67922    1
   5    5    7   0.800715   -41.557761     3.136877       41.676   52.58163    0.67923    1
  -5    5    7   0.800715    40.655430    -2.214277      40.7157   52.58163    0.64829    1
   5   -5   -7   0.800715    40.640951     2.469438      40.7159   52.58163    0.64830    1
  -4    8  -10   0.800413     2.933265     1.581032      3.33222   52.60293    0.00434    1
   4   -8   10   0.800413     2.943245    -1.562191      3.33214   52.60293    0.00434    1
  -4   -8   10   0.800413     1.439175    -2.874022      3.21422   52.60293    0.00404    1
   4    8  -10   0.800413     1.420668     2.882789      3.21384   52.60293    0.00404    1
  -9   -1   -3   0.800080   -16.113133     2.491595      16.3046   52.62654    0.10376    1
  -9    1    3   0.800080    17.245695     3.088048        17.52   52.62654    0.11980    1
   9   -1   -3   0.800080    17.264315    -2.977850      17.5193   52.62654    0.11979    1
   9    1    3   0.800080   -16.096941    -2.595398      16.3048   52.62654    0.10376    1
  -1   -7   -7   0.800043    -9.760206    -1.667149      9.90157   52.62914    0.03826    1
  -1    7    7   0.800043    12.683393    -1.037044      12.7257   52.62914    0.06320    1
   1   -7   -7   0.800043    12.677821     1.117495       12.727   52.62914    0.06321    1
   1    7    7   0.800043    -9.770356     1.604330       9.9012   52.62914    0.03826    1
  -3   -3  -10   0.800018     2.881446    -0.203560      2.88863   52.63096    0.00326    1
  -3    3   10   0.800018     1.972888     5.262496      5.62016   52.63096    0.01233    1
   3   -3  -10   0.800018     2.007090    -5.250862      5.62138   52.63096    0.01233    1
   3    3   10   0.800018     2.881192     0.220357      2.88961   52.63096    0.00326    1
  -8   -6    3   0.799994    -1.117601     2.154060      2.42673   52.63261    0.00230    1
  -8    6   -3   0.799994    -0.578634    -1.356563      1.47482   52.63261    0.00085    1
   8   -6    3   0.799994    -0.584788     1.352872      1.47385   52.63261    0.00085    1
   8    6   -3   0.799994    -1.104543    -2.160828      2.42677   52.63261    0.00230    1
  -6    8   -7   0.799527     2.173207     1.665480        2.738   52.66576    0.00292    1
   6   -8    7   0.799527     2.182575    -1.651653      2.73708   52.66576    0.00292    1
  -6   -8    7   0.799527    -1.773862    -2.041558      2.70454   52.66576    0.00285    1
   6    8   -7   0.799527    -1.786605     2.030316      2.70447   52.66576    0.00285    1
  -2   -2  -11   0.798969    -0.197538    -1.288054      1.30311   52.70533    0.00066    1
  -2    2   11   0.798969     0.342247     1.045799      1.10038   52.70533    0.00047    1
   2   -2  -11   0.798969     0.348097    -1.045334      1.10177   52.70533    0.00047    1
   2    2   11   0.798969    -0.205711     1.288075       1.3044   52.70533    0.00066    1
  -7   -7    6   0.798774    -1.686738    -2.435060       2.9622   52.71924    0.00341    1
   7    7   -6   0.798774    -1.703656     2.423946      2.96276   52.71924    0.00341    1
  -7    7   -6   0.798774     0.491727    -1.666299      1.73734   52.71924    0.00117    1
   7   -7    6   0.798774     0.481391     1.670296      1.73828   52.71924    0.00117    1
  -8   -1   -6   0.798343    19.420695     0.498844      19.4271   52.74985    0.14652    1
  -8    1    6   0.798343   -18.921675     0.394790      18.9258   52.74985    0.13906    1
   8   -1   -6   0.798343   -18.917323    -0.514090      18.9243   52.74985    0.13904    1
   8    1    6   0.798343    19.425205    -0.376167      19.4288   52.74985    0.14655    1
  -5   -8   -3   0.797966     6.092078    -0.716548      6.13407   52.77668    0.01459    1
  -5    8    3   0.797966     6.376994     0.887726      6.43849   52.77668    0.01608    1
   5   -8   -3   0.797966     6.382695    -0.849992      6.43904   52.77668    0.01608    1
   5    8    3   0.797966     6.087346     0.752055      6.13363   52.77668    0.01459    1
  -6   -1   -9   0.797910    -2.897115     0.044101      2.89745   52.78070    0.00325    1
  -6    1    9   0.797910    -3.095597     1.969957      3.66926   52.78070    0.00522    1
   6   -1   -9   0.797910    -3.083560    -1.990165      3.67003   52.78070    0.00522    1
   6    1    9   0.797910    -2.897199    -0.062840      2.89788   52.78070    0.00326    1
  -8   -6    1   0.797689     2.237626     0.596969      2.31589   52.79643    0.00208    1
  -8    6   -1   0.797689    -1.395589    -2.051185      2.48093   52.79643    0.00238    1
   8   -6    1   0.797689    -1.408114     2.042224      2.48062   52.79643    0.00238    1
   8    6   -1   0.797689     2.241538    -0.582373      2.31596   52.79643    0.00208    1
  -3  -10   -1   0.797591    19.024930    -1.547842      19.0878   52.80348    0.14112    1
  -3   10    1   0.797591    16.143647     1.628094      16.2255   52.80348    0.10197    1
   3  -10   -1   0.797591    16.152570    -1.525582      16.2245   52.80348    0.10196    1
   3   10    1   0.797591    19.015711     1.666935      19.0886   52.80348    0.14113    1
  -6    3  -10   0.797148    -1.883555     1.099586      2.18102   52.83505    0.00184    1
   6   -3   10   0.797148    -1.875880    -1.110506      2.17994   52.83505    0.00184    1
  -6   -3   10   0.797148    -1.311171     0.227279      1.33072   52.83505    0.00068    1
   6    3  -10   0.797148    -1.308976    -0.235183      1.32994   52.83505    0.00068    1
   0   -4  -10   0.797126   -10.645118    -2.330709      10.8973   52.83666    0.04593    1
   0    4   10   0.797126   -10.662752     2.265762      10.9008   52.83666    0.04596    1
  -5   -4   -8   0.796847    -3.903318    -0.715511      3.96836   52.85658    0.00609    1
  -5    4    8   0.796847     2.234385    -2.650883      3.46694   52.85658    0.00464    1
   5   -4   -8   0.796847     2.217909     2.665599      3.46764   52.85658    0.00465    1
   5    4    8   0.796847    -3.907807     0.689671       3.9682   52.85658    0.00609    1
  -9   -3    3   0.796813    -1.768636     3.288567        3.734   52.85900    0.00539    1
  -9    3   -3   0.796813     0.354163     5.499567      5.51096   52.85900    0.01174    1
   9   -3    3   0.796813     0.388193    -5.498945      5.51263   52.85900    0.01174    1
   9    3   -3   0.796813    -1.748168    -3.297742      3.73245   52.85900    0.00538    1
  -5   -6   -6   0.796432     2.243141    -1.435029      2.66289   52.88626    0.00274    1
  -5    6    6   0.796432    -1.954167    -2.306187      3.02279   52.88626    0.00353    1
   5   -6   -6   0.796432    -1.966340     2.293694      3.02118   52.88626    0.00352    1
   5    6    6   0.796432     2.234190     1.448858      2.66285   52.88626    0.00274    1
   0   -9   11   0.796383     0.381699     1.173592       1.2341   52.88972    0.00059    1
   0    9  -11   0.796383     0.387594    -1.171574      1.23402   52.88972    0.00059    1
  -5   -3   11   0.796351    19.252993    -1.282507      19.2957   52.89205    0.14366    1
  -5    3  -11   0.796351   -17.734683    -2.916835      17.9729   52.89205    0.12464    1
   5   -3   11   0.796351   -17.752204     2.806252      17.9726   52.89205    0.12464    1
   5    3  -11   0.796351    19.243673     1.402360      19.2947   52.89205    0.14365    1
  -7   -6   -3   0.796323    17.398955     1.506026       17.464   52.89403    0.11767    1
  -7    6    3   0.796323    14.681669    -1.708280      14.7807   52.89403    0.08429    1
   7   -6   -3   0.796323    14.670769     1.798611      14.7806   52.89403    0.08429    1
   7    6    3   0.796323    17.408414    -1.397410      17.4644   52.89403    0.11768    1
  -6   -5   -6   0.795919     4.082252     1.390631      4.31261   52.92302    0.00717    1
  -6    5    6   0.795919    -8.398652     2.486222      8.75892   52.92302    0.02956    1
   6   -5   -6   0.795919    -8.382402    -2.538282      8.75828   52.92302    0.02956    1
   6    5    6   0.795919     4.091243    -1.366230      4.31333   52.92302    0.00717    1
  -4   -9    9   0.795912     4.322904    -4.170898      6.00699   52.92346    0.01390    1
  -4    9   -9   0.795912     2.822117    -1.264417      3.09243   52.92346    0.00368    1
   4   -9    9   0.795912     2.812813     1.282439      3.09137   52.92346    0.00368    1
   4    9   -9   0.795912     4.296957     4.198602      6.00767   52.92346    0.01391    1
  -4  -10    7   0.795742     3.810361    -0.743237      3.88217   52.93570    0.00580    1
  -4   10   -7   0.795742    -0.292676     3.448317      3.46072   52.93570    0.00461    1
   4  -10    7   0.795742    -0.270852    -3.450480      3.46109   52.93570    0.00461    1
   4   10   -7   0.795742     3.806023     0.768230      3.88278   52.93570    0.00581    1
  -7   -7   -1   0.795634   -10.631317     0.095294      10.6317   52.94342    0.04352    1
   7    7    1   0.795634   -10.630054    -0.160755      10.6313   52.94342    0.04351    1
  -7    7    1   0.795634     9.905406     1.558779      10.0273   52.94342    0.03871    1
   7   -7   -1   0.795634     9.915420    -1.497923      10.0279   52.94342    0.03872    1
  -3   -8   -5   0.795504    -7.915999    -0.786426      7.95497   52.95272    0.02435    1
  -3    8    5   0.795504    -5.988345     1.911947      6.28616   52.95272    0.01521    1
   3   -8   -5   0.795504    -5.976419    -1.949179      6.28625   52.95272    0.01521    1
   3    8    5   0.795504    -7.921190     0.737992      7.95549   52.95272    0.02436    1
  -6   -4   -7   0.795436     0.267405     1.895886      1.91465   52.95759    0.00141    1
   6    4    7   0.795436     0.279958    -1.894008      1.91459   52.95759    0.00141    1
  -6    4    7   0.795436     1.546316    -1.056239      1.87263   52.95759    0.00135    1
   6   -4   -7   0.795436     1.540336     1.066126       1.8733   52.95759    0.00135    1
  -9   -1    4   0.795194    -0.248892    -0.031583     0.250888   52.97499    0.00002    1
  -9    1   -4   0.795194     0.771604    -2.996646      3.09439   52.97499    0.00368    1
   9   -1    4   0.795194     0.753669     3.002378      3.09553   52.97499    0.00368    1
   9    1   -4   0.795194    -0.249113     0.030608     0.250987   52.97499    0.00002    1
  -8   -5   -2   0.795161    -1.163079    -0.104163      1.16773   52.97733    0.00052    1
  -8    5    2   0.795161     5.351934     0.552510      5.38038   52.97733    0.01113    1
   8   -5   -2   0.795161     5.355629    -0.515392      5.38037   52.97733    0.01113    1
   8    5    2   0.795161    -1.163740     0.094739      1.16759   52.97733    0.00052    1
  -2   -7   12   0.795132   -19.933892    -1.209219      19.9705   52.97946    0.15331    1
  -2    7  -12   0.795132    18.309099     1.137367      18.3444   52.97946    0.12936    1
   2   -7   12   0.795132    18.316851    -1.023599      18.3454   52.97946    0.12937    1
   2    7  -12   0.795132   -19.940289     1.084040      19.9697   52.97946    0.15330    1
  -5    8   -9   0.794995     5.233865    -3.328179      6.20243   52.98932    0.01478    1
   5   -8    9   0.794995     5.213369     3.364146      6.20457   52.98932    0.01479    1
  -5   -8    9   0.794995     4.281047     1.719950      4.61363   52.98932    0.00818    1
   5    8   -9   0.794995     4.290826    -1.690323      4.61176   52.98932    0.00817    1
  -5   -1  -10   0.794584     0.748062     0.366675     0.833095   53.01881    0.00027    1
   5    1   10   0.794584     0.750829    -0.362580     0.833792   53.01881    0.00027    1
  -5    1   10   0.794584    -0.411859     1.700659      1.74982   53.01881    0.00118    1
   5   -1  -10   0.794584    -0.401275    -1.703738      1.75036   53.01881    0.00118    1
  -9   -3   -1   0.794535     3.161135    -1.452247      3.47876   53.02233    0.00464    1
  -9    3    1   0.794535    -5.230219     0.667891      5.27269   53.02233    0.01067    1
   9   -3   -1   0.794535    -5.225570    -0.700200      5.27227   53.02233    0.01067    1
   9    3    1   0.794535     3.152355     1.471870      3.47904   53.02233    0.00464    1
  -5    4  -11   0.794501     3.881521    -0.976179      4.00239   53.02479    0.00615    1
   5   -4   11   0.794501     3.875087     1.000664       4.0022   53.02479    0.00615    1
  -5   -4   11   0.794501     3.900978    -1.440281      4.15837   53.02479    0.00663    1
   5    4  -11   0.794501     3.891926     1.464976      4.15851   53.02479    0.00663    1
  -2    0  -12   0.794408    -8.354828    -0.289910      8.35986   53.03147    0.02681    1
  -2    0   12   0.794408    -9.644595     0.506785       9.6579   53.03147    0.03578    1
   2    0  -12   0.794408    -9.639291    -0.566626      9.65593   53.03147    0.03576    1
   2    0   12   0.794408    -8.357879     0.238761      8.36129   53.03147    0.02681    1
  -3    9  -10   0.794349    -5.823980    -2.465945      6.32453   53.03576    0.01534    1
   3   -9   10   0.794349    -5.839129     2.429707      6.32447   53.03576    0.01534    1
  -3   -9   10   0.794349    -1.408807    -1.572428      2.11122   53.03576    0.00171    1
   3    9  -10   0.794349    -1.418867     1.564174      2.11183   53.03576    0.00171    1
   0   -4   13   0.794286     2.740765    -0.519789      2.78962   53.04028    0.00298    1
   0    4  -13   0.794286     2.738526     0.537221      2.79072   53.04028    0.00299    1
  -6    2  -10   0.794281    21.499849     1.119051       21.529   53.04066    0.17770    1
   6   -2   10   0.794281    21.506012    -0.983622      21.5285   53.04066    0.17770    1
  -6   -2   10   0.794281    23.265895    -0.866874       23.282   53.04066    0.20782    1
   6    2  -10   0.794281    23.260232     1.013815      23.2823   53.04066    0.20783    1
  -3  -11    4   0.793377    -2.186483     1.758165      2.80568   53.10579    0.00301    1
  -3   11   -4   0.793377    -1.652404     2.758727      3.21574   53.10579    0.00395    1
   3  -11    4   0.793377    -1.635920    -2.768849      3.21602   53.10579    0.00395    1
   3   11   -4   0.793377    -2.174211    -1.773148      2.80557   53.10579    0.00301    1
  -6   -4   10   0.793348    -1.009813     1.757564      2.02701   53.10791    0.00157    1
  -6    4  -10   0.793348    -4.216538    -2.518499      4.91142   53.10791    0.00922    1
   6   -4   10   0.793348    -4.231546     2.492105      4.91086   53.10791    0.00922    1
   6    4  -10   0.793348    -0.999006    -1.763880      2.02714   53.10791    0.00157    1
  -8   -6    4   0.793166   -14.188239     2.367171      14.3844   53.12102    0.07906    1
   8    6   -4   0.793166   -14.173413    -2.457680      14.3849   53.12102    0.07906    1
  -8    6   -4   0.793166   -15.060752    -4.751720      15.7926   53.12102    0.09529    1
   8   -6    4   0.793166   -15.090918     4.656592       15.793   53.12102    0.09530    1
  -9   -2    4   0.793017    -0.342671     0.136433     0.368832   53.13180    0.00005    1
  -9    2   -4   0.793017    -0.399847    -0.942799      1.02408   53.13180    0.00040    1
   9   -2    4   0.793017    -0.406450     0.940451      1.02452   53.13180    0.00040    1
   9    2   -4   0.793017    -0.340721    -0.138619      0.36784   53.13180    0.00005    1
  -8   -2    7   0.793012    -1.753350    -1.692099      2.43669   53.13219    0.00227    1
  -8    2   -7   0.793012     0.597931    -3.032612        3.091   53.13219    0.00365    1
   8   -2    7   0.793012     0.579735     3.036398      3.09125   53.13219    0.00365    1
   8    2   -7   0.793012    -1.764253     1.680662      2.43664   53.13219    0.00227    1
  -3   -6   12   0.792815     3.651600     2.156658      4.24091   53.14642    0.00686    1
  -3    6  -12   0.792815     0.628666    -0.634408     0.893137   53.14642    0.00030    1
   3   -6   12   0.792815     0.625594     0.638800      0.89411   53.14642    0.00031    1
   3    6  -12   0.792815     3.665441    -2.133674      4.24123   53.14642    0.00687    1
  -2  -11    7   0.792768    -0.306663    -4.337674       4.3485   53.14979    0.00722    1
  -2   11   -7   0.792768    -2.834347    -0.874529       2.9662   53.14979    0.00336    1
   2  -11    7   0.792768    -2.839925     0.856360      2.96623   53.14979    0.00336    1
   2   11   -7   0.792768    -0.333487     4.334993       4.3478   53.14979    0.00721    1
  -2   -9   -4   0.792696    22.880852     2.890210      23.0627   53.15497    0.20293    1
  -2    9    4   0.792696   -21.144739     2.589309      21.3027   53.15497    0.17314    1
   2   -9   -4   0.792696   -21.127290    -2.726768      21.3025   53.15497    0.17313    1
   2    9    4   0.792696    22.899198    -2.742586      23.0629   53.15497    0.20293    1
  -1   -4  -10   0.792689     1.324312     0.724987      1.50977   53.15553    0.00087    1
  -1    4   10   0.792689    -1.170379    -1.159469      1.64747   53.15553    0.00104    1
   1   -4  -10   0.792689    -1.177123     1.152687      1.64752   53.15553    0.00104    1
   1    4   10   0.792689     1.329325    -0.716763      1.51025   53.15553    0.00087    1
   0  -11    8   0.792359     1.112449    -0.243133      1.13871   53.17940    0.00049    1
   0   11   -8   0.792359     1.110683     0.250123       1.1385   53.17940    0.00049    1
  -2  -10   -2   0.792359     5.074278     0.606582      5.11041   53.17942    0.00995    1
  -2   10    2   0.792359     7.254523     0.185632       7.2569   53.17942    0.02007    1
   2  -10   -2   0.792359     7.254615    -0.139280      7.25595   53.17942    0.02007    1
   2   10    2   0.792359     5.078266    -0.574143      5.11062   53.17942    0.00995    1
  -3   -1   12   0.792302    -3.468678    -3.446678      4.88992   53.18349    0.00911    1
  -3    1  -12   0.792302    -5.234266    -1.600054      5.47336   53.18349    0.01142    1
   3   -1   12   0.792302    -5.245659     1.566922      5.47469   53.18349    0.01142    1
   3    1  -12   0.792302    -3.490934     3.424849      4.89042   53.18349    0.00911    1
  -2   -6   -8   0.792294    11.365787    -0.919991       11.403   53.18410    0.04955    1
  -2    6    8   0.792294     9.765865    -1.106043       9.8283   53.18410    0.03681    1
   2   -6   -8   0.792294     9.758599     1.168815      9.82835   53.18410    0.03681    1
   2    6    8   0.792294    11.358940     0.993267      11.4023   53.18410    0.04954    1
   0   -3   13   0.792246     6.457935     0.951017      6.52758   53.18758    0.01623    1
   0    3  -13   0.792246     6.464281    -0.911237      6.52819   53.18758    0.01624    1
  -6   -9    3   0.792019     1.584990    -0.522660      1.66894   53.20401    0.00106    1
  -6    9   -3   0.792019    -2.391455     4.490026      5.08718   53.20401    0.00985    1
   6   -9    3   0.792019    -2.364993    -4.504560      5.08766   53.20401    0.00985    1
   6    9   -3   0.792019     1.581529     0.532876      1.66889   53.20401    0.00106    1
  -1   -9   11   0.791959     2.294099    -5.070596      5.56541   53.20837    0.01179    1
  -1    9  -11   0.791959    -5.028060    -3.072406      5.89246   53.20837    0.01322    1
   1   -9   11   0.791959    -5.046715     3.038681      5.89092   53.20837    0.01321    1
   1    9  -11   0.791959     2.262683     5.086956      5.56748   53.20837    0.01180    1
  -5   -9   -1   0.791770   -10.711916     0.534999      10.7253   53.22205    0.04376    1
  -5    9    1   0.791770     6.385839     1.532554      6.56717   53.22205    0.01641    1
   5   -9   -1   0.791770     6.394824    -1.492229      6.56662   53.22205    0.01640    1
   5    9    1   0.791770   -10.709511    -0.603439      10.7265   53.22205    0.04377    1
  -3    8  -11   0.791585   -17.453255    -0.021493      17.4533   53.23545    0.11582    1
   3   -8   11   0.791585   -17.453169    -0.091071      17.4534   53.23545    0.11582    1
  -3   -8   11   0.791585   -20.282366    -0.263192      20.2841   53.23545    0.15644    1
   3    8  -11   0.791585   -20.283421     0.132970      20.2839   53.23545    0.15643    1
  -5    2  -11   0.791560    -4.327075    -1.145379       4.4761   53.23729    0.00762    1
   5   -2   11   0.791560    -4.334032     1.117801      4.47586   53.23729    0.00762    1
  -5   -2   11   0.791560    -3.213333    -0.437693      3.24301   53.23729    0.00400    1
   5    2  -11   0.791560    -3.215822     0.417572      3.24282   53.23729    0.00400    1
  -4   -5   -8   0.791257    -9.339104     1.671416      9.48749   53.25926    0.03419    1
   4    5    8   0.791257    -9.329555    -1.730454      9.48868   53.25926    0.03420    1
  -4    5    8   0.791257    11.995434     0.786672      12.0212   53.25926    0.05489    1
   4   -5   -8   0.791257    11.999709    -0.711136      12.0208   53.25926    0.05488    1
  -6   -9    4   0.791094     2.762302    -4.059155      4.90989   53.27114    0.00915    1
  -6    9   -4   0.791094     0.064594    -4.711539      4.71198   53.27114    0.00843    1
   6   -9    4   0.791094     0.035178     4.713649      4.71378   53.27114    0.00844    1
   6    9   -4   0.791094     2.736311     4.074617      4.90815   53.27114    0.00915    1
  -3  -11    5   0.791082   -13.533101    -1.212508      13.5873   53.27201    0.07008    1
  -3   11   -5   0.791082    10.117471     0.805845      10.1495   53.27201    0.03911    1
   3  -11    5   0.791082    10.123456    -0.745392      10.1509   53.27201    0.03912    1
   3   11   -5   0.791082   -13.540218     1.129913      13.5873   53.27201    0.07008    1
  -5   -7   10   0.790868     4.818347     0.111850      4.81964   53.28754    0.00881    1
  -5    7  -10   0.790868    -2.180297    -1.316505      2.54694   53.28754    0.00246    1
   5   -7   10   0.790868    -2.187009     1.301939       2.5452   53.28754    0.00246    1
   5    7  -10   0.790868     4.819608    -0.081810       4.8203   53.28754    0.00881    1
  -2  -11    1   0.790861    -2.620317    -2.094127      3.35431   53.28805    0.00427    1
  -2   11   -1   0.790861     0.705856    -1.251165      1.43654   53.28805    0.00078    1
   2  -11    1   0.790861     0.698591     1.255480      1.43675   53.28805    0.00078    1
   2   11   -1   0.790861    -2.633334     2.077797      3.35435   53.28805    0.00427    1
   0   -8   -6   0.790829    17.234516     0.650608      17.2468   53.29042    0.11283    1
   0    8    6   0.790829    17.239041    -0.540390      17.2475   53.29042    0.11284    1
  -9    0   -4   0.790756    -0.656265    -0.171957      0.67842   53.29569    0.00017    1
   9    0    4   0.790756    -0.657903     0.167708     0.678942   53.29569    0.00017    1
  -9    0    4   0.790756     1.090250    -0.809017      1.35763   53.29569    0.00070    1
   9    0   -4   0.790756     1.083502     0.817607      1.35737   53.29569    0.00070    1
   0  -10   10   0.790595     7.106150    -4.416611      8.36683   53.30743    0.02653    1
   0   10  -10   0.790595     7.077036     4.458892      8.36458   53.30743    0.02652    1
  -3  -11    3   0.790449    -4.845448    -0.175492      4.84862   53.31805    0.00891    1
  -3   11   -3   0.790449     4.633479     0.024705      4.63355   53.31805    0.00813    1
   3  -11    3   0.790449     4.633012     0.005279      4.63302   53.31805    0.00813    1
   3   11   -3   0.790449    -4.847042     0.143961      4.84918   53.31805    0.00891    1
  -4   -6   -7   0.790378    -0.081355     1.566729      1.56884   53.32319    0.00093    1
   4    6    7   0.790378    -0.071218    -1.567131      1.56875   53.32319    0.00093    1
  -4    6    7   0.790378    -1.653981    -1.827541      2.46486   53.32319    0.00230    1
   4   -6   -7   0.790378    -1.664078     1.816860      2.46376   53.32319    0.00230    1
  -8   -3    7   0.790060    -3.334798    -2.547217      4.19633   53.34636    0.00666    1
  -8    3   -7   0.790060    -1.063063     1.782685      2.07559   53.34636    0.00163    1
   8   -3    7   0.790060    -1.052248    -1.789691      2.07611   53.34636    0.00163    1
   8    3   -7   0.790060    -3.350390     2.526105      4.19599   53.34636    0.00666    1
  -1   -4   13   0.789896     3.694966     2.449997      4.43342   53.35830    0.00743    1
  -1    4  -13   0.789896     0.831768    -0.613981      1.03383   53.35830    0.00040    1
   1   -4   13   0.789896     0.828665     0.621526      1.03585   53.35830    0.00041    1
   1    4  -13   0.789896     3.709882    -2.423569      4.43136   53.35830    0.00743    1
  -2   -5   -9   0.789891     0.198239     0.820674     0.844277   53.35869    0.00027    1
   2    5    9   0.789891     0.204606    -0.819809     0.844956   53.35869    0.00027    1
  -2    5    9   0.789891     1.076898    -1.229163      1.63418   53.35869    0.00101    1
   2   -5   -9   0.789891     1.069703     1.235799      1.63446   53.35869    0.00101    1
   0  -11    0   0.789823     1.582829     0.383799       1.6287   53.36361    0.00100    1
   0   11    0   0.789823     1.585773    -0.372825      1.62901   53.36361    0.00100    1
   0   -5   13   0.789735     2.079811    -1.171418      2.38701   53.37007    0.00215    1
   0    5  -13   0.789735     2.072517     1.184899      2.38732   53.37007    0.00215    1
  -8    1   -7   0.789398    -0.647701     1.907277      2.01426   53.39465    0.00153    1
   8   -1    7   0.789398    -0.636091    -1.910784      2.01388   53.39465    0.00153    1
  -8   -1    7   0.789398    -0.653766     2.395908       2.4835   53.39465    0.00233    1
   8    1   -7   0.789398    -0.637525    -2.399256      2.48251   53.39465    0.00233    1
  -4   -7   11   0.789035     4.117769     1.879188       4.5263   53.42115    0.00773    1
  -4    7  -11   0.789035     3.322735     3.714546      4.98382   53.42115    0.00937    1
   4   -7   11   0.789035     3.345124    -3.693550      4.98319   53.42115    0.00937    1
   4    7  -11   0.789035     4.130112    -1.853712      4.52704   53.42115    0.00773    1
  -4  -10    0   0.788726   -24.712311     0.187831       24.713   53.44373    0.23015    1
  -4   10    0   0.788726   -26.911844    -0.226782      26.9128   53.44373    0.27295    1
   4  -10    0   0.788726   -26.911527     0.055244      26.9116   53.44373    0.27292    1
   4   10    0   0.788726   -24.711524    -0.346006      24.7139   53.44373    0.23017    1
  -8   -5    6   0.788723     7.475635     0.217235      7.47879   53.44398    0.02108    1
  -8    5   -6   0.788723    -2.993864     0.177835      2.99914   53.44398    0.00339    1
   8   -5    6   0.788723    -2.993402    -0.196692      2.99986   53.44398    0.00339    1
   8    5   -6   0.788723     7.477390    -0.168702      7.47929   53.44398    0.02108    1
  -8   -6    0   0.788692     6.094979     2.399576      6.55032   53.44622    0.01617    1
  -8    6    0   0.788692     9.544856    -3.632804      10.2128   53.44622    0.03930    1
   8   -6    0   0.788692     9.519766     3.693290      10.2111   53.44622    0.03929    1
   8    6    0   0.788692     6.112012    -2.362297      6.55264   53.44622    0.01618    1
  -6   -6   -5   0.788441     1.727152     0.806395      1.90613   53.46459    0.00137    1
  -6    6    5   0.788441    -0.095923     3.323336      3.32472   53.46459    0.00416    1
   6   -6   -5   0.788441    -0.075507    -3.323931      3.32479   53.46459    0.00416    1
   6    6    5   0.788441     1.732661    -0.794394      1.90609   53.46459    0.00137    1
  -1  -11    8   0.788001     2.016473     0.306649      2.03966   53.49685    0.00156    1
  -1   11   -8   0.788001    -1.202516    -2.543721      2.81364   53.49685    0.00298    1
   1  -11    8   0.788001    -1.218498     2.535723      2.81329   53.49685    0.00298    1
   1   11   -8   0.788001     2.019223    -0.293959      2.04051   53.49685    0.00157    1
  -1   -3   13   0.787889   -23.080510     0.462201      23.0851   53.50500    0.20031    1
  -1    3  -13   0.787889    22.934430     2.324656      23.0519   53.50500    0.19973    1
   1   -3   13   0.787889    22.949499    -2.178366      23.0527   53.50500    0.19974    1
   1    3  -13   0.787889   -23.076224    -0.608238      23.0842   53.50500    0.20029    1
  -6   -9    2   0.787757    29.640952     0.905801      29.6548   53.51469    0.33040    1
  -6    9   -2   0.787757   -29.250537     0.689943      29.2587   53.51469    0.32163    1
   6   -9    2   0.787757   -29.245055    -0.876358      29.2582   53.51469    0.32162    1
   6    9   -2   0.787757    29.645573    -0.716372      29.6542   53.51469    0.33039    1
  -7   -1   -8   0.787162    -0.861099     1.582269      1.80141   53.55837    0.00122    1
   7    1    8   0.787162    -0.850446    -1.587674       1.8011   53.55837    0.00122    1
  -7    1    8   0.787162    -2.670820     2.527251      3.67699   53.55837    0.00507    1
   7   -1   -8   0.787162    -2.654857    -2.544511      3.67734   53.55837    0.00507    1
  -6   -3   -8   0.787038   -13.199091    -0.008899      13.1991   53.56753    0.06531    1
   6    3    8   0.787038   -13.198617    -0.075955      13.1988   53.56753    0.06530    1
  -6    3    8   0.787038    14.803178     0.920879      14.8318   53.56753    0.08246    1
   6   -3   -8   0.787038    14.809544    -0.826540      14.8326   53.56753    0.08247    1
  -2   -7   -7   0.786809    -2.405364    -2.275854      3.31139   53.58437    0.00411    1
  -2    7    7   0.786809    -1.142950    -1.732267      2.07535   53.58437    0.00161    1
   2   -7   -7   0.786809    -1.154627     1.724841      2.07563   53.58437    0.00161    1
   2    7    7   0.786809    -2.420265     2.260598      3.31179   53.58437    0.00411    1
   0   -8   12   0.786501    -3.331789     3.824699      5.07239   53.60702    0.00963    1
   0    8  -12   0.786501    -3.306696    -3.846498      5.07245   53.60702    0.00963    1
  -1   -8   -6   0.786495     0.623628    -0.480799     0.787451   53.60741    0.00023    1
  -1    8    6   0.786495    -1.588211     2.412630      2.88846   53.60741    0.00312    1
   1   -8   -6   0.786495    -1.573355    -2.423155      2.88914   53.60741    0.00312    1
   1    8    6   0.786495     0.618254     0.485451     0.786067   53.60741    0.00023    1
  -1  -10   10   0.786265     0.932222    -3.611232      3.72962   53.62435    0.00520    1
  -1   10  -10   0.786265     2.590913    -1.336386      2.91526   53.62435    0.00318    1
   1  -10   10   0.786265     2.582819     1.353031      2.91576   53.62435    0.00318    1
   1   10  -10   0.786265     0.908948     3.616109       3.7286   53.62435    0.00520    1
  -5    5  -11   0.786147   -27.788094    -2.793707      27.9282   53.63303    0.29158    1
   5   -5   11   0.786147   -27.805696     2.614892      27.9284   53.63303    0.29158    1
  -5   -5   11   0.786147    28.830189    -3.042151      28.9902   53.63303    0.31417    1
   5    5  -11   0.786147    28.810404     3.227421      28.9906   53.63303    0.31418    1
   0   -1  -12   0.785601     2.543793    -0.913468      2.70283   53.67333    0.00273    1
   0    1   12   0.785601     2.538047     0.929892      2.70303   53.67333    0.00273    1
  -1  -11    0   0.785507     1.222847    -1.596037      2.01064   53.68030    0.00151    1
  -1   11    0   0.785507     1.190290     0.350416       1.2408   53.68030    0.00057    1
   1  -11    0   0.785507     1.191899    -0.342482      1.24013   53.68030    0.00057    1
   1   11    0   0.785507     1.211454     1.603432      2.00963   53.68030    0.00151    1
  -1   -5   13   0.785419     2.203647     2.954891      3.68611   53.68674    0.00507    1
  -1    5  -13   0.785419    -2.802252     4.362651      5.18511   53.68674    0.01003    1
   1   -5   13   0.785419    -2.773105    -4.379775      5.18387   53.68674    0.01002    1
   1    5  -13   0.785419     2.222667    -2.942058      3.68727   53.68674    0.00507    1
  -7   -8    3   0.785216    -3.455195     1.185805      3.65301   53.70173    0.00497    1
   7    8   -3   0.785216    -3.448658    -1.210432      3.65491   53.70173    0.00498    1
  -7    8   -3   0.785216    -8.220461    -2.099242      8.48427   53.70173    0.02683    1
   7   -8    3   0.785216    -8.233348     2.047095      8.48402   53.70173    0.02683    1
  -5   -3   -9   0.785174     6.939840    -0.314644      6.94697   53.70489    0.01799    1
  -5    3    9   0.785174    -3.395864    -1.139819      3.58205   53.70489    0.00478    1
   5   -3   -9   0.785174    -3.403735     1.116971      3.58232   53.70489    0.00478    1
   5    3    9   0.785174     6.936960     0.360013       6.9463   53.70489    0.01798    1
  -9   -4    1   0.785077    12.359932     1.528776      12.4541   53.71206    0.05779    1
  -9    4   -1   0.785077    16.566505    -1.281681       16.616   53.71206    0.10286    1
   9   -4    1   0.785077    16.557818     1.388206      16.6159   53.71206    0.10286    1
   9    4   -1   0.785077    12.370191    -1.449749      12.4549   53.71206    0.05779    1
  -6   -9    5   0.785035    -4.288983     2.828756      5.13782   53.71510    0.00983    1
  -6    9   -5   0.785035    -2.574450     2.937519        3.906   53.71510    0.00568    1
   6   -9    5   0.785035    -2.555692    -2.953713      3.90589   53.71510    0.00568    1
   6    9   -5   0.785035    -4.271002    -2.856422      5.13815   53.71510    0.00983    1
  -9   -4    2   0.784958    -0.037358     0.131072     0.136292   53.72083    0.00001    1
  -9    4   -2   0.784958     3.161595    -0.860174      3.27652   53.72083    0.00400    1
   9   -4    2   0.784958     3.157074     0.880509      3.27756   53.72083    0.00400    1
   9    4   -2   0.784958    -0.038600    -0.130766     0.136344   53.72083    0.00001    1
  -6    1  -10   0.784957    -3.710750     0.764523      3.78869   53.72091    0.00535    1
   6   -1   10   0.784957    -3.705036    -0.787379      3.78778   53.72091    0.00534    1
  -6   -1   10   0.784957     3.344207     0.229359      3.35206   53.72091    0.00418    1
   6    1  -10   0.784957     3.347238    -0.209575      3.35379   53.72091    0.00419    1
  -5  -10    4   0.784656    -3.277330    -2.468621      4.10305   53.74316    0.00626    1
  -5   10   -4   0.784656     3.106455    -0.463106      3.14078   53.74316    0.00367    1
   5  -10    4   0.784656     3.103399     0.483937       3.1409   53.74316    0.00367    1
   5   10   -4   0.784656    -3.292704     2.446640      4.10219   53.74316    0.00626    1
  -9   -2   -3   0.784412     5.026903     3.288909      6.00722   53.76126    0.01342    1
  -9    2    3   0.784412    -0.471739    -2.576101      2.61894   53.76126    0.00255    1
   9   -2   -3   0.784412    -0.488213     2.573239      2.61914   53.76126    0.00255    1
   9    2    3   0.784412     5.047556    -3.255526      6.00635   53.76126    0.01341    1
  -9   -3    4   0.784385     1.646762     1.308616       2.1034   53.76323    0.00164    1
  -9    3   -4   0.784385     2.024057     0.870517      2.20332   53.76323    0.00180    1
   9   -3    4   0.784385     2.030328    -0.856754      2.20369   53.76323    0.00181    1
   9    3   -4   0.784385     1.653238    -1.297285      2.10146   53.76323    0.00164    1
  -5   -7   -5   0.784380   -13.945824    -1.414915      14.0174   53.76359    0.07305    1
  -5    7    5   0.784380    12.944925    -1.272622      13.0073   53.76359    0.06290    1
   5   -7   -5   0.784380    12.937600     1.355697      13.0084   53.76359    0.06291    1
   5    7    5   0.784380   -13.954272     1.324868       14.017   53.76359    0.07304    1
  -4   -4   -9   0.784305    -0.960619     0.618871      1.14271   53.76915    0.00049    1
  -4    4    9   0.784305     0.689094    -0.143156     0.703807   53.76915    0.00018    1
   4   -4   -9   0.784305     0.688785     0.147855     0.704476   53.76915    0.00018    1
   4    4    9   0.784305    -0.958191    -0.625841      1.14447   53.76915    0.00049    1
  -7   -3    9   0.784005    -8.244204     2.750119       8.6908   53.79142    0.02805    1
  -7    3   -9   0.784005     6.339831     3.123818      7.06765   53.79142    0.01855    1
   7   -3    9   0.784005     6.358020    -3.082862      7.06601   53.79142    0.01854    1
   7    3   -9   0.784005    -8.227536    -2.804792      8.69248   53.79142    0.02806    1
   0   -2   13   0.783764     0.192320    -4.177077       4.1815   53.80926    0.00649    1
   0    2  -13   0.783764     0.163521     4.177231      4.18043   53.80926    0.00648    1
  -3  -11    6   0.783696     1.060299    -0.058448      1.06191   53.81427    0.00042    1
  -3   11   -6   0.783696     3.459304     1.761223      3.88184   53.81427    0.00559    1
   3  -11    6   0.783696     3.470868    -1.737948      3.88167   53.81427    0.00559    1
   3   11   -6   0.783696     1.060169     0.065871      1.06221   53.81427    0.00042    1
  -5  -10    3   0.783684    -7.395110    -1.789454      7.60853   53.81519    0.02147    1
  -5   10   -3   0.783684    -6.716109     3.570598      7.60627   53.81519    0.02146    1
   5  -10    3   0.783684    -6.694224    -3.613317      7.60715   53.81519    0.02147    1
   5   10   -3   0.783684    -7.406326     1.742050      7.60844   53.81519    0.02147    1
  -5   -9    8   0.783566    -0.348296     0.813027     0.884491   53.82399    0.00029    1
  -5    9   -8   0.783566    -1.960058    -0.599941      2.04982   53.82399    0.00156    1
   5   -9    8   0.783566    -1.964442     0.587669      2.05046   53.82399    0.00156    1
   5    9   -8   0.783566    -0.342814    -0.814454     0.883661   53.82399    0.00029    1
  -8   -3   -5   0.783454     0.250791    -3.131081      3.14111   53.83223    0.00366    1
  -8    3    5   0.783454     1.573876    -1.111460      1.92677   53.83223    0.00138    1
   8   -3   -5   0.783454     1.567850     1.121681      1.92778   53.83223    0.00138    1
   8    3    5   0.783454     0.231030     3.132189       3.1407   53.83223    0.00366    1
  -6   -5   10   0.783159     4.578853     4.303353      6.28369   53.85418    0.01462    1
  -6    5  -10   0.783159    -5.954757     4.403080      7.40583   53.85418    0.02031    1
   6   -5   10   0.783159    -5.924997    -4.443271      7.40596   53.85418    0.02031    1
   6    5  -10   0.783159     4.607050    -4.273322       6.2838   53.85418    0.01462    1
  -7    2   -9   0.783134     8.599245    -3.664745      9.34759   53.85607    0.03236    1
   7   -2    9   0.783134     8.576871     3.721177      9.34932   53.85607    0.03237    1
  -7   -2    9   0.783134     6.318893     3.449799      7.19927   53.85607    0.01919    1
   7    2   -9   0.783134     6.340380    -3.408840      7.19865   53.85607    0.01919    1
  -7   -8    2   0.782919     0.639592    -1.958519      2.06031   53.87203    0.00157    1
   7    8   -2   0.782919     0.626213     1.963746      2.06118   53.87203    0.00157    1
  -7    8   -2   0.782919    -0.171891     4.780311       4.7834   53.87203    0.00847    1
   7   -8    2   0.782919    -0.141018    -4.781704      4.78378   53.87203    0.00847    1
  -3  -11    2   0.782467     3.010563     0.929010      3.15064   53.90569    0.00367    1
  -3   11   -2   0.782467     1.093227    -0.918741      1.42802   53.90569    0.00075    1
   3  -11    2   0.782467     1.087677     0.925161      1.42792   53.90569    0.00075    1
   3   11   -2   0.782467     3.015250    -0.909977      3.14957   53.90569    0.00367    1
  -7   -8    4   0.782449     1.643206     1.771338      2.41615   53.90701    0.00216    1
  -7    8   -4   0.782449    -0.074071     0.075771     0.105961   53.90701    0.00000    1
   7   -8    4   0.782449    -0.073488    -0.077018     0.106453   53.90701    0.00000    1
   7    8   -4   0.782449     1.654466    -1.760201      2.41569   53.90701    0.00216    1
  -1   -8   12   0.782238     1.687036    -1.692148      2.38945   53.92272    0.00211    1
  -1    8  -12   0.782238     3.739498    -1.845109      4.16992   53.92272    0.00642    1
   1   -8   12   0.782238     3.728532     1.868646      4.17059   53.92272    0.00642    1
   1    8  -12   0.782238     1.675996     1.703812      2.38997   53.92272    0.00211    1
  -8   -4   -4   0.782044    -3.173932    -0.439855      3.20427   53.93715    0.00379    1
  -8    4    4   0.782044    -6.960698     1.484870      7.11731   53.93715    0.01869    1
   8   -4   -4   0.782044    -6.950752    -1.528875      7.11691   53.93715    0.01869    1
   8    4    4   0.782044    -3.177242     0.418798      3.20472   53.93715    0.00379    1
  -4    4  -12   0.781834    -5.386728    -1.173179        5.513   53.95286    0.01121    1
   4   -4   12   0.781834    -5.394922     1.137794       5.5136   53.95286    0.01121    1
  -4   -4   12   0.781834    -7.884008     0.724831      7.91726   53.95286    0.02312    1
   4    4  -12   0.781834    -7.878603    -0.775303      7.91666   53.95286    0.02311    1
  -4   -7   -6   0.781744     7.691468    -0.861723      7.73959   53.95953    0.02209    1
  -4    7    6   0.781744    -7.342173     0.386095      7.35232   53.95953    0.01993    1
   4   -7   -6   0.781744    -7.338764    -0.433322      7.35155   53.95953    0.01993    1
   4    7    6   0.781744     7.685724     0.912767      7.73974   53.95953    0.02209    1
  -4   -3   12   0.781735     1.244852     2.409033      2.71166   53.96020    0.00271    1
   4    3  -12   0.781735     1.260839    -2.402852      2.71356   53.96020    0.00271    1
  -4    3  -12   0.781735     1.309055     2.606259      2.91654   53.96020    0.00314    1
   4   -3   12   0.781735     1.326800    -2.596530      2.91588   53.96020    0.00313    1
  -3  -10    9   0.781638    13.471449    -3.380191       13.889   53.96748    0.07110    1
  -3   10   -9   0.781638    14.229668     3.796824      14.7275   53.96748    0.07994    1
   3  -10    9   0.781638    14.252673    -3.704262      14.7262   53.96748    0.07993    1
   3   10   -9   0.781638    13.450804     3.467409      13.8905   53.96748    0.07111    1
  -8   -6    5   0.781444     2.731630     3.567261      4.49301   53.98193    0.00744    1
  -8    6   -5   0.781444    -4.876364    -2.435819      5.45088   53.98193    0.01094    1
   8   -6    5   0.781444    -4.890438     2.402499       5.4487   53.98193    0.01094    1
   8    6   -5   0.781444     2.753551    -3.549099      4.49201   53.98193    0.00743    1
  -1   -1  -12   0.781353    -2.760697    -0.652131      2.83667   53.98877    0.00296    1
  -1    1   12   0.781353    -3.395047    -3.210584      4.67271   53.98877    0.00804    1
   1   -1  -12   0.781353    -3.415429     3.188685      4.67257   53.98877    0.00804    1
   1    1   12   0.781353    -2.766997     0.635455      2.83903   53.98877    0.00297    1
  -9   -3   -2   0.781132    -1.930292     3.262849      3.79107   54.00525    0.00529    1
  -9    3    2   0.781132     0.248623     2.761680      2.77285   54.00525    0.00283    1
   9   -3   -2   0.781132     0.266411    -2.759432      2.77226   54.00525    0.00283    1
   9    3    2   0.781132    -1.908608    -3.274597      3.79022   54.00525    0.00529    1
  -8   -4    7   0.780758     1.193658     0.038797      1.19429   54.03323    0.00052    1
  -8    4   -7   0.780758    -1.948883     1.138638      2.25713   54.03323    0.00187    1
   8   -4    7   0.780758    -1.942373    -1.151611       2.2581   54.03323    0.00187    1
   8    4   -7   0.780758     1.194400    -0.030583      1.19479   54.03323    0.00052    1
  -5  -10    5   0.780583    -2.199777    -0.357172      2.22858   54.04636    0.00182    1
  -5   10   -5   0.780583    -2.198883     1.183408      2.49711   54.04636    0.00229    1
   5  -10    5   0.780583    -2.191704    -1.195228      2.49643   54.04636    0.00229    1
   5   10   -5   0.780583    -2.202268     0.344818       2.2291   54.04636    0.00183    1
  -5    1  -11   0.780479    -7.765486     1.048666      7.83597   54.05415    0.02255    1
   5   -1   11   0.780479    -7.760353    -1.096177      7.83739   54.05415    0.02256    1
  -5   -1   11   0.780479     4.226351     1.111474      4.37006   54.05415    0.00701    1
   5    1  -11   0.780479     4.232650    -1.085128      4.36953   54.05415    0.00701    1
  -7   -4   -6   0.780291     0.251879     0.867157     0.902997   54.06823    0.00030    1
  -7    4    6   0.780291    -1.058858    -3.401524      3.56252   54.06823    0.00466    1
   7   -4   -6   0.780291    -1.081107     3.393946      3.56197   54.06823    0.00466    1
   7    4    6   0.780291     0.257579    -0.865193     0.902721   54.06823    0.00030    1
  -7   -6    8   0.780186    -3.171146    -3.095673      4.43163   54.07609    0.00721    1
  -7    6   -8   0.780186     2.066900    -0.433016      2.11177   54.07609    0.00164    1
   7   -6    8   0.780186     2.063763     0.445867      2.11138   54.07609    0.00164    1
   7    6   -8   0.780186    -3.191660     3.075812      4.43253   54.07609    0.00721    1
  -9   -4    0   0.780155     0.243252    -0.130621     0.276104   54.07843    0.00003    1
  -9    4    0   0.780155     0.767392     1.070031      1.31676   54.07843    0.00064    1
   9   -4    0   0.780155     0.774691    -1.064423      1.31649   54.07843    0.00064    1
   9    4    0   0.780155     0.242789     0.132264     0.276479   54.07843    0.00003    1
  -9   -1   -4   0.780027     0.073623    -0.937821     0.940707   54.08803    0.00032    1
   9    1    4   0.780027     0.067400     0.937023     0.939444   54.08803    0.00032    1
  -9    1    4   0.780027     0.837563    -6.767841      6.81947   54.08803    0.01705    1
   9   -1   -4   0.780027     0.794540     6.772939      6.81938   54.08803    0.01705    1
  -2   -4  -10   0.779810    -2.506401     1.842237      3.11061   54.10429    0.00355    1
  -2    4   10   0.779810    -3.331269    -2.605164      4.22898   54.10429    0.00655    1
   2   -4  -10   0.779810    -3.347661     2.582288      4.22789   54.10429    0.00655    1
   2    4   10   0.779810    -2.494592    -1.858756      3.11094   54.10429    0.00355    1
  -9   -4    3   0.779806    -0.746710     2.167556      2.29257   54.10460    0.00193    1
  -9    4   -3   0.779806    -4.181222    -2.070060      4.66559   54.10460    0.00798    1
   9   -4    3   0.779806    -4.194652     2.041130       4.6649   54.10460    0.00797    1
   9    4   -3   0.779806    -0.732075    -2.173619      2.29359   54.10460    0.00193    1
  -1   -2   13   0.779545     1.559200     1.688192      2.29806   54.12415    0.00193    1
  -1    2  -13   0.779545     4.226712    -2.270808      4.79809   54.12415    0.00843    1
   1   -2   13   0.779545     4.210575     2.298398      4.79704   54.12415    0.00843    1
   1    2  -13   0.779545     1.570296    -1.677261      2.29761   54.12415    0.00193    1
  -8    0   -7   0.779482     0.220944    -0.266879     0.346469   54.12892    0.00004    1
  -8    0    7   0.779482    -0.954656     3.779708      3.89841   54.12892    0.00556    1
   8    0   -7   0.779482    -0.930206    -3.785649      3.89826   54.12892    0.00556    1
   8    0    7   0.779482     0.218179     0.268431     0.345915   54.12892    0.00004    1
  -2   -9   11   0.779115     1.247414     6.639412      6.75558   54.15650    0.01669    1
  -2    9  -11   0.779115     3.743837     3.194379      4.92142   54.15650    0.00886    1
   2   -9   11   0.779115     3.764273    -3.170540      4.92159   54.15650    0.00886    1
   2    9  -11   0.779115     1.290263    -6.631165      6.75553   54.15650    0.01669    1
   0   -3  -11   0.779091    -1.024580    -2.564819      2.76189   54.15829    0.00279    1
   0    3   11   0.779091    -1.042053     2.558545      2.76261   54.15829    0.00279    1
  -6    7   -9   0.779039     2.267176    -3.686462      4.32783   54.16224    0.00685    1
   6   -7    9   0.779039     2.242024     3.701065      4.32719   54.16224    0.00684    1
  -6   -7    9   0.779039     3.888553    -3.717711       5.3798   54.16224    0.01058    1
   6    7   -9   0.779039     3.864512     3.742308      5.37953   54.16224    0.01058    1
   0   -6   13   0.778923     2.675302    -2.133075      3.42159   54.17091    0.00428    1
   0    6  -13   0.778923     2.661256     2.150157      3.42132   54.17091    0.00428    1
  -7   -7    7   0.778585    -6.845901    -0.242499       6.8502   54.19640    0.01713    1
  -7    7   -7   0.778585     4.626536     1.218255      4.78424   54.19640    0.00836    1
   7   -7    7   0.778585     4.633274    -1.190886      4.78387   54.19640    0.00835    1
   7    7   -7   0.778585    -6.847593     0.200115      6.85052   54.19640    0.01713    1
  -6   -9    1   0.778554    -2.963768     1.277825       3.2275   54.19869    0.00380    1
  -6    9   -1   0.778554    -0.741657     1.847330      1.99065   54.19869    0.00145    1
   6   -9    1   0.778554    -0.730492    -1.853513      1.99227   54.19869    0.00145    1
   6    9   -1   0.778554    -2.955639    -1.297903      3.22806   54.19869    0.00380    1
  -7    4   -9   0.778550    -1.551084     1.321985      2.03802   54.19900    0.00152    1
   7   -4    9   0.778550    -1.541900    -1.332752      2.03806   54.19900    0.00152    1
  -7   -4    9   0.778550     0.661576     0.335878     0.741955   54.19900    0.00020    1
   7    4   -9   0.778550     0.662909    -0.331624      0.74123   54.19900    0.00020    1
  -6   -8   -2   0.778464    11.934910    -1.300910      12.0056   54.20546    0.05259    1
  -6    8    2   0.778464    12.457877     2.441031      12.6948   54.20546    0.05881    1
   6   -8   -2   0.778464    12.474311    -2.361592      12.6959   54.20546    0.05882    1
   6    8    2   0.778464    11.924922     1.376462      12.0041   54.20546    0.05258    1
   0  -10   -3   0.777956     2.010300    -1.050195      2.26809   54.24380    0.00187    1
   0   10    3   0.777956     2.002277     1.063023      2.26697   54.24380    0.00187    1
  -5  -10    2   0.777723     1.522156    -0.751823       1.6977   54.26141    0.00105    1
  -5   10   -2   0.777723     0.962249     5.454393      5.53862   54.26141    0.01117    1
   5  -10    2   0.777723     0.997723    -5.448470      5.53907   54.26141    0.01117    1
   5   10   -2   0.777723     1.516076     0.762098      1.69684   54.26141    0.00105    1
  -4   -1  -11   0.777696     2.247453    -1.232759      2.56335   54.26340    0.00239    1
   4    1   11   0.777696     2.238367     1.247029       2.5623   54.26340    0.00239    1
  -4    1   11   0.777696    -0.250991    -2.151877      2.16647   54.26340    0.00171    1
   4   -1  -11   0.777696    -0.264555     2.150511      2.16672   54.26340    0.00171    1
  -7   -5   -5   0.777609     2.962413     0.022430       2.9625   54.27001    0.00319    1
   7    5    5   0.777609     2.961243    -0.003764      2.96125   54.27001    0.00319    1
  -7    5    5   0.777609    -2.876698    -0.867650       3.0047   54.27001    0.00329    1
   7   -5   -5   0.777609    -2.883002     0.850220      3.00576   54.27001    0.00329    1
  -3   -2  -11   0.777353   -19.288345    -3.740635      19.6477   54.28934    0.14037    1
  -3    2   11   0.777353   -19.323162     3.525592      19.6422   54.28934    0.14029    1
   3   -2  -11   0.777353   -19.300698    -3.647587      19.6423   54.28934    0.14029    1
   3    2   11   0.777353   -19.311359     3.618083      19.6474   54.28934    0.14036    1
  -8   -2   -6   0.777249     4.760147    -3.542627      5.93373   54.29717    0.01280    1
  -8    2    6   0.777249     6.095582     2.698264      6.66609   54.29717    0.01615    1
   8   -2   -6   0.777249     6.113370    -2.660028      6.66701   54.29717    0.01616    1
   8    2    6   0.777249     4.736538     3.571941      5.93242   54.29717    0.01279    1
  -2   -4   13   0.777151    -0.242360    -4.445651      4.45225   54.30462    0.00720    1
  -2    4  -13   0.777151     1.520824    -0.706532      1.67693   54.30462    0.00102    1
   2   -4   13   0.777151     1.516096     0.716211      1.67675   54.30462    0.00102    1
   2    4  -13   0.777151    -0.271072     4.444362      4.45262   54.30462    0.00720    1
  -4  -10    8   0.776304   -20.591962     2.437585      20.7357   54.36871    0.15583    1
  -4   10   -8   0.776304   -23.418529    -2.586608      23.5609   54.36871    0.20118    1
   4  -10    8   0.776304   -23.434783     2.435506       23.561   54.36871    0.20118    1
   4   10   -8   0.776304   -20.575949    -2.570138      20.7358   54.36871    0.15583    1
  -6   -8    8   0.776162     4.485986     1.398181      4.69883   54.37947    0.00800    1
  -6    8   -8   0.776162     1.325254    -2.096221      2.48001   54.37947    0.00223    1
   6   -8    8   0.776162     1.312580     2.103990      2.47985   54.37947    0.00223    1
   6    8   -8   0.776162     4.494630    -1.370302      4.69887   54.37947    0.00800    1
  -4   -9   -3   0.776156    -0.041280    -2.351506      2.35187   54.37994    0.00200    1
  -4    9    3   0.776156     0.542745    -1.245884      1.35897   54.37994    0.00067    1
   4   -9   -3   0.776156     0.533662     1.248022      1.35733   54.37994    0.00067    1
   4    9    3   0.776156    -0.057222     2.350400       2.3511   54.37994    0.00200    1
  -7   -1    9   0.776000     0.932779     1.612952      1.86325   54.39180    0.00126    1
  -7    1   -9   0.776000    -2.128972     1.408702      2.55283   54.39180    0.00236    1
   7   -1    9   0.776000    -2.120351    -1.423033      2.55361   54.39180    0.00236    1
   7    1   -9   0.776000     0.942944    -1.606049       1.8624   54.39180    0.00126    1
  -7   -8    1   0.775688    -8.962617     0.965837      9.01451   54.41550    0.02939    1
   7    8   -1   0.775688    -8.956158    -1.024976      9.01462   54.41550    0.02939    1
  -7    8   -1   0.775688   -12.910602    -1.072535      12.9551   54.41550    0.06071    1
   7   -8    1   0.775688   -12.917219     0.986875      12.9549   54.41550    0.06070    1
  -4    5  -12   0.775674    14.189768     1.639090      14.2841   54.41650    0.07380    1
   4   -5   12   0.775674    14.200152    -1.544999       14.284   54.41650    0.07380    1
  -4   -5   12   0.775674   -11.619074    -0.096881      11.6195   54.41650    0.04883    1
   4    5  -12   0.775674   -11.618565     0.019858      11.6186   54.41650    0.04882    1
  -7   -3   -7   0.775432   -14.506119    -1.126250      14.5498   54.43493    0.07651    1
   7    3    7   0.775432   -14.512958     1.036673      14.5499   54.43493    0.07651    1
  -7    3    7   0.775432    15.519894    -1.681965      15.6108   54.43493    0.08807    1
   7   -3   -7   0.775432    15.508385     1.778873      15.6101   54.43493    0.08807    1
  -4    2  -12   0.775386     0.211948    -3.931905      3.93761   54.43839    0.00560    1
   4   -2   12   0.775386     0.186712     3.932922      3.93735   54.43839    0.00560    1
  -4   -2   12   0.775386    -2.752690     1.557512      3.16277   54.43839    0.00361    1
   4    2  -12   0.775386    -2.742295    -1.575442      3.16263   54.43839    0.00361    1
  -2  -11    8   0.775345    -5.071523    -2.194904      5.52612   54.44151    0.01103    1
  -2   11   -8   0.775345     4.629851    -1.600180      4.89858   54.44151    0.00867    1
   2  -11    8   0.775345     4.618642     1.632422      4.89864   54.44151    0.00867    1
   2   11   -8   0.775345    -5.084906     2.160231      5.52475   54.44151    0.01103    1
  -2   -3   13   0.775239     0.339622     0.465435     0.576171   54.44956    0.00012    1
  -2    3  -13   0.775239    -0.464275     0.002628     0.464282   54.44956    0.00008    1
   2   -3   13   0.775239    -0.465278    -0.005730     0.465313   54.44956    0.00008    1
   2    3  -13   0.775239     0.342025    -0.463193     0.575785   54.44956    0.00012    1
  -8   -6   -1   0.775051    -1.630185     2.230749      2.76292   54.46390    0.00276    1
   8    6    1   0.775051    -1.615954    -2.241560      2.76331   54.46390    0.00276    1
  -8    6    1   0.775051    -1.741212    -2.385313      2.95322   54.46390    0.00315    1
   8   -6   -1   0.775051    -1.756407     2.374024      2.95313   54.46390    0.00315    1
  -1   -3  -11   0.774947   -17.882722    -0.813979      17.9012   54.47180    0.11564    1
  -1    3   11   0.774947    18.403924    -0.517536      18.4112   54.47180    0.12232    1
   1   -3  -11   0.774947    18.400185     0.636891      18.4112   54.47180    0.12232    1
   1    3   11   0.774947   -17.887834     0.697999      17.9014   54.47180    0.11564    1
  -7   -7   -2   0.774851    -0.999480    -0.491148      1.11364   54.47910    0.00045    1
  -7    7    2   0.774851     1.172627     0.122975      1.17906   54.47910    0.00050    1
   7   -7   -2   0.774851     1.172551    -0.114638      1.17814   54.47910    0.00050    1
   7    7    2   0.774851    -1.003538     0.484512      1.11438   54.47910    0.00045    1
  -1   -6   13   0.774782    10.964547    -2.832532      11.3245   54.48437    0.04625    1
  -1    6  -13   0.774782    11.949157     2.822804      12.2781   54.48437    0.05437    1
   1   -6   13   0.774782    11.966902    -2.742475      12.2771   54.48437    0.05436    1
   1    6  -13   0.774782    10.945393     2.905828      11.3246   54.48437    0.04625    1
  -7   -8    5   0.774774   -21.748640    -1.874713      21.8293   54.48496    0.17186    1
  -7    8   -5   0.774774   -21.459088     2.403688      21.5933   54.48496    0.16816    1
   7   -8    5   0.774774   -21.442863    -2.541511       21.593   54.48496    0.16816    1
   7    8   -5   0.774774   -21.760437     1.734927      21.8295   54.48496    0.17186    1
  -9   -1    5   0.774217   -11.144063     0.035081      11.1441   54.52740    0.04471    1
  -9    1   -5   0.774217    11.323753     0.000432      11.3238   54.52740    0.04616    1
   9   -1    5   0.774217    11.322578     0.072361      11.3228   54.52740    0.04616    1
   9    1   -5   0.774217   -11.143755    -0.106591      11.1443   54.52740    0.04471    1
  -6   -9    6   0.774189    12.480316    -1.513057      12.5717   54.52955    0.05689    1
  -6    9   -6   0.774189   -15.122709     0.639787      15.1362   54.52955    0.08247    1
   6   -9    6   0.774189   -15.118311    -0.736327      15.1362   54.52955    0.08247    1
   6    9   -6   0.774189    12.470763     1.591947       12.572   54.52955    0.05690    1
  -9   -2    5   0.774001    -7.007445     2.111488      7.31865   54.54391    0.01927    1
  -9    2   -5   0.774001   -11.424722    -2.926909      11.7937   54.54391    0.05004    1
   9   -2    5   0.774001   -11.442381     2.851831      11.7924   54.54391    0.05003    1
   9    2   -5   0.774001    -6.994131    -2.157078      7.31921   54.54391    0.01927    1
  -2   -8   -6   0.773911   -21.313158    -0.647526       21.323   54.55076    0.16353    1
  -2    8    6   0.773911   -21.383154    -0.412012      21.3871   54.55076    0.16451    1
   2   -8   -6   0.773911   -21.384641     0.272882      21.3864   54.55076    0.16450    1
   2    8    6   0.773911   -21.317229     0.509156      21.3233   54.55076    0.16353    1
  -1  -10   -3   0.773830     2.053053     1.729008      2.68412   54.55698    0.00259    1
  -1   10    3   0.773830     2.985384    -1.502419      3.34212   54.55698    0.00402    1
   1  -10   -3   0.773830     2.975412     1.521255      3.34175   54.55698    0.00402    1
   1   10    3   0.773830     2.064387    -1.714385      2.68343   54.55698    0.00259    1
  -3    7  -12   0.773817    -0.885373     3.022420      3.14943   54.55796    0.00357    1
   3   -7   12   0.773817    -0.865920    -3.028064      3.14944   54.55796    0.00357    1
  -3   -7   12   0.773817    -0.368436     1.578443      1.62087   54.55796    0.00094    1
   3    7  -12   0.773817    -0.356530    -1.580911      1.62061   54.55796    0.00094    1
  -2  -10   10   0.773692    16.299500     3.301450      16.6305   54.56750    0.09940    1
  -2   10  -10   0.773692    16.180008    -2.107950      16.3167   54.56750    0.09569    1
   2  -10   10   0.773692    16.167024     2.213634      16.3179   54.56750    0.09570    1
   2   10  -10   0.773692    16.318705    -3.195909      16.6287   54.56750    0.09938    1
  -6   -7   -4   0.773654    21.166143     2.363698      21.2977   54.57043    0.16301    1
  -6    7    4   0.773654   -19.432840     1.054207      19.4614   54.57043    0.13611    1
   6   -7   -4   0.773654   -19.425623    -1.178660      19.4613   54.57043    0.13611    1
   6    7    4   0.773654    21.181260    -2.228542      21.2982   54.57043    0.16302    1
  -3    0  -12   0.773150    -2.725524     0.178445      2.73136   54.60893    0.00268    1
  -3    0   12   0.773150     0.059894    -0.717185     0.719682   54.60893    0.00019    1
   3    0  -12   0.773150     0.054569     0.717845     0.719916   54.60893    0.00019    1
   3    0   12   0.773150    -2.723987    -0.196203      2.73104   54.60893    0.00268    1
  -8   -5   -3   0.773140    -1.656731    -0.466490      1.72115   54.60968    0.00106    1
   8    5    3   0.773140    -1.660492     0.455771      1.72191   54.60968    0.00106    1
  -8    5    3   0.773140    -0.482436     2.141144      2.19482   54.60968    0.00173    1
   8   -5   -3   0.773140    -0.470155    -2.144393      2.19533   54.60968    0.00173    1
  -2  -11    0   0.772969    -1.289204    -4.126145      4.32286   54.62279    0.00670    1
  -2   11    0   0.772969    -1.015059    -4.508014      4.62088   54.62279    0.00766    1
   2  -11    0   0.772969    -1.042767     4.500067       4.6193   54.62279    0.00765    1
   2   11    0   0.772969    -1.315642     4.117632      4.32271   54.62279    0.00670    1
  -2    5  -13   0.772886     3.850849    -0.725100      3.91852   54.62914    0.00550    1
   2   -5   13   0.772886     3.845695     0.749934      3.91813   54.62914    0.00550    1
  -2   -5   13   0.772886     2.977353    -0.164360      2.98189   54.62914    0.00319    1
   2    5  -13   0.772886     2.978018     0.184535      2.98373   54.62914    0.00319    1
  -5    6  -11   0.771886   -12.195195    -0.469834      12.2042   54.70584    0.05323    1
   5   -6   11   0.771886   -12.197944     0.389908      12.2042   54.70584    0.05322    1
  -5   -6   11   0.771886   -16.192535    -1.470783      16.2592   54.70584    0.09447    1
   5    6  -11   0.771886   -16.202073     1.364860      16.2595   54.70584    0.09447    1
  -5  -10    6   0.771695     0.598032    -1.169005      1.31309   54.72050    0.00062    1
  -5   10   -6   0.771695     2.126846     3.168367      3.81602   54.72050    0.00520    1
   5  -10    6   0.771695     2.146679    -3.154218      3.81541   54.72050    0.00520    1
   5   10   -6   0.771695     0.592384     1.173332      1.31439   54.72050    0.00062    1
  -3   11   -7   0.771638   -14.142887     0.623249      14.1566   54.72490    0.07156    1
   3  -11    7   0.771638   -14.139778    -0.714169      14.1578   54.72490    0.07157    1
  -3  -11    7   0.771638    12.043163     0.917776      12.0781   54.72490    0.05209    1
   3   11   -7   0.771638    12.047721    -0.840392       12.077   54.72490    0.05208    1
  -3   -9   -4   0.771572     1.824887     0.332105      1.85486   54.72998    0.00123    1
   3    9    4   0.771572     1.827578    -0.320866      1.85553   54.72998    0.00123    1
  -3    9    4   0.771572     1.104278    -3.147454      3.33555   54.72998    0.00397    1
   3   -9   -4   0.771572     1.083822     3.154206      3.33522   54.72998    0.00397    1
  -6   -2   -9   0.771447    -0.089468    -2.807619      2.80904   54.73954    0.00282    1
  -6    2    9   0.771447    -0.126838     1.863137      1.86745   54.73954    0.00124    1
   6   -2   -9   0.771447    -0.114537    -1.864100      1.86762   54.73954    0.00124    1
   6    2    9   0.771447    -0.107494     2.806844       2.8089   54.73954    0.00282    1
  -3  -10   -2   0.771260     0.049619    -0.592958      0.59503   54.75394    0.00013    1
   3   10    2   0.771260     0.046177     0.593878      0.59567   54.75394    0.00013    1
  -3   10    2   0.771260    -0.532263    -4.688771      4.71888   54.75394    0.00794    1
   3  -10   -2   0.771260    -0.561662     4.684689      4.71824   54.75394    0.00794    1
  -3   -6   -8   0.771201    -0.462437     2.307858      2.35373   54.75853    0.00198    1
  -3    6    8   0.771201     2.598738    -3.361457      4.24886   54.75853    0.00644    1
   3   -6   -8   0.771201     2.578441     3.378110       4.2497   54.75853    0.00644    1
   3    6    8   0.771201    -0.448151    -2.310517      2.35358   54.75853    0.00198    1
  -9   -4   -1   0.770470   -24.110257     0.079017      24.1104   54.81478    0.20679    1
  -9    4    1   0.770470   -21.320987    -1.672023      21.3864   54.81478    0.16271    1
   9   -4   -1   0.770470   -21.331116     1.533639      21.3862   54.81478    0.16270    1
   9    4    1   0.770470   -24.109735    -0.235774      24.1109   54.81478    0.20680    1
   0   -9   -5   0.770317     1.791121     1.421859      2.28688   54.82661    0.00186    1
   0    9    5   0.770317     1.802427    -1.409757      2.28827   54.82661    0.00186    1
  -4   -3  -10   0.770120    21.066968     0.100625      21.0672   54.84184    0.15771    1
  -4    3   10   0.770120   -23.444901    -0.772562      23.4576   54.84184    0.19553    1
   4   -3  -10   0.770120   -23.448909     0.620993      23.4571   54.84184    0.19552    1
   4    3   10   0.770120    21.067300     0.036054      21.0673   54.84184    0.15771    1
   0  -11    9   0.770115     2.254410     0.679511      2.35459   54.84217    0.00197    1
   0   11   -9   0.770115     2.259856    -0.665531      2.35582   54.84217    0.00197    1
  -9   -4    4   0.769911     0.312983     1.600050      1.63037   54.85799    0.00094    1
  -9    4   -4   0.769911     2.181712    -0.777329      2.31605   54.85799    0.00190    1
   9   -4    4   0.769911     2.177187     0.791580      2.31662   54.85799    0.00191    1
   9    4   -4   0.769911     0.322852    -1.598912      1.63118   54.85799    0.00094    1
  -3  -11    1   0.769879     9.688009     1.520774      9.80664   54.86042    0.03415    1
  -3   11   -1   0.769879   -10.992412     3.216634      11.4534   54.86042    0.04658    1
   3  -11    1   0.769879   -10.971214    -3.289506      11.4537   54.86042    0.04658    1
   3   11   -1   0.769879     9.698392    -1.455239      9.80696   54.86042    0.03415    1
  -2   -8   12   0.769854     0.375927    -0.061349       0.3809   54.86236    0.00005    1
  -2    8  -12   0.769854    -2.269502     3.087150       3.8316   54.86236    0.00521    1
   2   -8   12   0.769854    -2.249080    -3.101467      3.83112   54.86236    0.00521    1
   2    8  -12   0.769854     0.374729     0.063804     0.380122   54.86236    0.00005    1
  -6    0  -10   0.769837     6.880066     0.546221      6.90171   54.86364    0.01691    1
  -6    0   10   0.769837     5.810570     0.345826      5.82085   54.86364    0.01203    1
   6    0  -10   0.769837     5.812867    -0.308473      5.82105   54.86364    0.01203    1
   6    0   10   0.769837     6.882845    -0.501488      6.90109   54.86364    0.01691    1
   0   -1   13   0.769442    -2.902001    -2.331982      3.72287   54.89422    0.00491    1
   0    1  -13   0.769442    -2.918363     2.313740      3.72428   54.89422    0.00492    1
  -2   -1  -12   0.769010    -2.108354     0.540964      2.17665   54.92764    0.00168    1
  -2    1   12   0.769010     2.091539     1.478328      2.56125   54.92764    0.00232    1
   2   -1  -12   0.769010     2.100057    -1.462283      2.55901   54.92764    0.00232    1
   2    1   12   0.769010    -2.105266    -0.556591       2.1776   54.92764    0.00168    1
  -3   -5   -9   0.768984     1.978890     1.365246      2.40414   54.92968    0.00205    1
   3    5    9   0.768984     1.985761    -1.353432      2.40313   54.92968    0.00204    1
  -3    5    9   0.768984    -2.987714     0.775965      3.08684   54.92968    0.00337    1
   3   -5   -9   0.768984    -2.984142    -0.794008      3.08797   54.92968    0.00338    1
  -9    0   -5   0.768353    -0.417338     2.806201      2.83706   54.97859    0.00284    1
   9    0    5   0.768353    -0.398541    -2.810271      2.83839   54.97859    0.00285    1
  -9    0    5   0.768353     2.301091    -3.369952      4.08064   54.97859    0.00588    1
   9    0   -5   0.768353     2.278808     3.382819      4.07878   54.97859    0.00588    1
  -4  -10   -1   0.767954     3.628147    -0.444212      3.65524   55.00956    0.00471    1
  -4   10    1   0.767954    -1.124876     0.542064      1.24867   55.00956    0.00055    1
   4  -10   -1   0.767954    -1.121718    -0.550006       1.2493   55.00956    0.00055    1
   4   10    1   0.767954     3.625458     0.468586      3.65561   55.00956    0.00472    1
  -5   -9   -2   0.767744    -0.654383    -2.132008      2.23017   55.02588    0.00175    1
  -5    9    2   0.767744     0.333196    -2.371813       2.3951   55.02588    0.00202    1
   5   -9   -2   0.767744     0.316211     2.374202      2.39517   55.02588    0.00202    1
   5    9    2   0.767744    -0.667955     2.127374      2.22977   55.02588    0.00175    1
  -9    3   -5   0.767719    15.712866    -0.068408       15.713   55.02781    0.08706    1
   9   -3    5   0.767719    15.710191     0.172458      15.7111   55.02781    0.08704    1
  -9   -3    5   0.767719   -15.221295    -0.691264       15.237   55.02781    0.08187    1
   9    3   -5   0.767719   -15.227003     0.589803      15.2384   55.02781    0.08188    1
  -7   -6   -4   0.767613    -1.334743    -1.155640      1.76551   55.03603    0.00110    1
   7    6    4   0.767613    -1.341750     1.147546      1.76555   55.03603    0.00110    1
  -7    6    4   0.767613    -0.092183    -0.312843     0.326142   55.03603    0.00004    1
   7   -6   -4   0.767613    -0.095957     0.312117     0.326534   55.03603    0.00004    1
  -6    6  -10   0.767297   -14.106327    -5.422468      15.1126   55.06062    0.08043    1
   6   -6   10   0.767297   -14.140636     5.328601      15.1113   55.06062    0.08041    1
  -6   -6   10   0.767297   -13.013158     2.460672      13.2438   55.06062    0.06176    1
   6    6  -10   0.767297   -12.997478    -2.547607      13.2448   55.06062    0.06177    1
  -2    2  -13   0.767287     0.912796     3.122484      3.25317   55.06145    0.00373    1
   2   -2   13   0.767287     0.932384    -3.115614      3.25214   55.06145    0.00372    1
  -2   -2   13   0.767287     0.691136     0.842803      1.08995   55.06145    0.00042    1
   2    2  -13   0.767287     0.696586    -0.838159      1.08984   55.06145    0.00042    1
   0  -11   -1   0.767208     1.708766    -0.770012      1.87425   55.06760    0.00124    1
   0   11    1   0.767208     1.703817     0.780739      1.87418   55.06760    0.00124    1
  -7   -5    9   0.767156    14.058543     0.304648      14.0618   55.07165    0.06960    1
  -7    5   -9   0.767156   -14.137255     0.200622      14.1387   55.07165    0.07036    1
   7   -5    9   0.767156   -14.136917    -0.294372        14.14   55.07165    0.07037    1
   7    5   -9   0.767156    14.058704    -0.210715      14.0603   55.07165    0.06958    1
  -5  -10    1   0.767105    -1.561167     1.085168      1.90127   55.07561    0.00127    1
  -5   10   -1   0.767105    -1.961556    -2.109045      2.88024   55.07561    0.00292    1
   5  -10    1   0.767105    -1.974547     2.093416      2.87771   55.07561    0.00291    1
   5   10   -1   0.767105    -1.554069    -1.098007      1.90283   55.07561    0.00127    1
  -5   -2  -10   0.766685     1.258757    -0.515287      1.36014   55.10831    0.00065    1
   5    2   10   0.766685     1.253963     0.524319      1.35917   55.10831    0.00065    1
  -5    2   10   0.766685    -2.319877     2.229149      3.21729   55.10831    0.00364    1
   5   -2  -10   0.766685    -2.304771    -2.244786       3.2173   55.10831    0.00364    1
  -1   -9   -5   0.766311     4.874335    -0.816217       4.9422   55.13754    0.00857    1
  -1    9    5   0.766311    -5.551948    -0.863585      5.61871   55.13754    0.01108    1
   1   -9   -5   0.766311    -5.557788     0.827526      5.61906   55.13754    0.01108    1
   1    9    5   0.766311     4.868439     0.847724      4.94169   55.13754    0.00857    1
   0  -12    4   0.766211    -3.822228    -3.409668      5.12204   55.14535    0.00921    1
   0   12   -4   0.766211    -3.845048     3.386157      5.12352   55.14535    0.00921    1
  -3   -7   -7   0.766139    -7.565954    -1.583261      7.72984   55.15095    0.02096    1
   3    7    7   0.766139    -7.576191     1.535647      7.73026   55.15095    0.02096    1
  -3    7    7   0.766139     3.602594    -0.850083      3.70153   55.15095    0.00481    1
   3   -7   -7   0.766139     3.596307     0.872610      3.70066   55.15095    0.00480    1
  -1  -11    9   0.766112    -8.541162    -0.714581        8.571   55.15305    0.02577    1
  -1   11   -9   0.766112    10.250984    -0.244043      10.2539   55.15305    0.03688    1
   1  -11    9   0.766112    10.249397     0.309824      10.2541   55.15305    0.03689    1
   1   11   -9   0.766112    -8.545198     0.660482      8.57069   55.15305    0.02577    1
  -4   -8   -5   0.766091    -1.066094     0.772929       1.3168   55.15468    0.00061    1
  -4    8    5   0.766091    -0.806518     3.047406      3.15233   55.15468    0.00349    1
   4   -8   -5   0.766091    -0.785427    -3.052188      3.15163   55.15468    0.00348    1
   4    8    5   0.766091    -1.061863    -0.780064      1.31759   55.15468    0.00061    1
   0  -12    5   0.765880    -1.365316     2.838986      3.15023   55.17118    0.00348    1
   0   12   -5   0.765880    -1.346390    -2.847688      3.14994   55.17118    0.00348    1
  -8   -5    7   0.765758     1.653654     1.343509      2.13063   55.18069    0.00159    1
  -8    5   -7   0.765758    -0.240592    -1.220836      1.24432   55.18069    0.00054    1
   8   -5    7   0.765758    -0.250035     1.218940      1.24432   55.18069    0.00054    1
   8    5   -7   0.765758     1.661405    -1.333550       2.1304   55.18069    0.00159    1
  -5   -8   -4   0.765578    -0.203014     0.269241     0.337202   55.19482    0.00004    1
  -5    8    4   0.765578     1.533239    -1.526670      2.16369   55.19482    0.00164    1
   5   -8   -4   0.765578     1.522335     1.536745      2.16312   55.19482    0.00164    1
   5    8    4   0.765578    -0.200294    -0.269663      0.33591   55.19482    0.00004    1
  -8   -6    6   0.765468    -5.414033     0.354332      5.42562   55.20343    0.01031    1
  -8    6   -6   0.765468    -1.899022    -0.151715      1.90507   55.20343    0.00127    1
   8   -6    6   0.765468    -1.897905     0.138403      1.90294   55.20343    0.00127    1
   8    6   -6   0.765468    -5.412577    -0.391500      5.42672   55.20343    0.01031    1
  -1   -1   13   0.765449    11.556213    -1.116438        11.61   55.20489    0.04718    1
  -1    1  -13   0.765449   -12.092730    -0.117588      12.0933   55.20489    0.05119    1
   1   -1   13   0.765449   -12.093315     0.039473      12.0934   55.20489    0.05119    1
   1    1  -13   0.765449    11.548936     1.191111      11.6102   55.20489    0.04719    1
  -4    9  -10   0.765059    -3.531483    -2.524280      4.34089   55.23544    0.00659    1
   4   -9   10   0.765059    -3.548470     2.499733      4.34054   55.23544    0.00659    1
  -4   -9   10   0.765059     5.068702    -2.145797       5.5042   55.23544    0.01059    1
   4    9  -10   0.765059     5.054231     2.181508      5.50493   55.23544    0.01059    1
  -6   -9    0   0.764917     2.245946    -2.001015      3.00804   55.24655    0.00316    1
  -6    9    0   0.764917    -4.388092    -2.240988      4.92721   55.24655    0.00848    1
   6   -9    0   0.764917    -4.401983     2.213251      4.92706   55.24655    0.00848    1
   6    9    0   0.764917     2.233643     2.015114       3.0083   55.24655    0.00316    1
  -8   -7    3   0.764393    -1.244526     0.073714      1.24671   55.28771    0.00054    1
   8    7   -3   0.764393    -1.243985    -0.081085      1.24662   55.28771    0.00054    1
  -8    7   -3   0.764393    -2.524859     1.526808       2.9506   55.28771    0.00304    1
   8   -7    3   0.764393    -2.514398    -1.543451      2.95033   55.28771    0.00304    1
  -4  -11    4   0.764191    -1.746655     1.476055      2.28682   55.30356    0.00182    1
  -4   11   -4   0.764191     2.469010     1.873216      3.09918   55.30356    0.00335    1
   4  -11    4   0.764191     2.482356    -1.856512      3.09979   55.30356    0.00335    1
   4   11   -4   0.764191    -1.735880    -1.486848      2.28561   55.30356    0.00182    1
  -8   -7    2   0.763998    -3.358992     2.036099      3.92792   55.31875    0.00538    1
  -8    7   -2   0.763998     0.075467     3.007990      3.00894   55.31875    0.00315    1
   8   -7    2   0.763998     0.094873    -3.005792      3.00729   55.31875    0.00315    1
   8    7   -2   0.763998    -3.345013    -2.058753       3.9278   55.31875    0.00538    1
  -8   -1   -7   0.763954    -1.762972     2.139430      2.77222   55.32217    0.00268    1
   8    1    7   0.763954    -1.748276    -2.150564      2.77153   55.32217    0.00268    1
  -8    1    7   0.763954    -0.034061     3.814325      3.81448   55.32217    0.00507    1
   8   -1   -7   0.763954    -0.008466    -3.813898      3.81391   55.32217    0.00507    1
  -7   -8    0   0.763923     1.547876     0.802262      1.74343   55.32465    0.00106    1
   7    8    0   0.763923     1.553359    -0.791840      1.74354   55.32465    0.00106    1
  -7    8    0   0.763923     0.722510     0.969837      1.20938   55.32465    0.00051    1
   7   -8    0   0.763923     0.728845    -0.964226       1.2087   55.32465    0.00051    1
  -5    0  -11   0.763876    10.925703    -0.977285      10.9693   55.32833    0.04191    1
  -5    0   11   0.763876    12.455276     1.474523      12.5423   55.32833    0.05479    1
   5    0  -11   0.763876    12.465131    -1.394830      12.5429   55.32833    0.05479    1
   5    0   11   0.763876    10.918235     1.047806      10.9684   55.32833    0.04190    1
  -9   -2   -4   0.763751     0.133757    -0.285686     0.315448   55.33812    0.00003    1
  -9    2    4   0.763751    -0.357037    -4.057780      4.07346   55.33812    0.00578    1
   9   -2   -4   0.763751    -0.382667     4.055306      4.07332   55.33812    0.00578    1
   9    2    4   0.763751     0.132999     0.286120     0.315521   55.33812    0.00003    1
  -4   -6   12   0.763688    14.986438    -3.514883      15.3931   55.34308    0.08247    1
  -4    6  -12   0.763688    13.514971     5.959487      14.7706   55.34308    0.07594    1
   4   -6   12   0.763688    13.553783    -5.870983      14.7707   55.34308    0.07594    1
   4    6  -12   0.763688    14.963076     3.612070      15.3929   55.34308    0.08247    1
  -9   -3   -3   0.763660   -16.738605    -1.542636      16.8095   55.34532    0.09834    1
  -9    3    3   0.763660    15.934895    -0.993900      15.9659   55.34532    0.08872    1
   9   -3   -3   0.763660    15.927766     1.095755      15.9654   55.34532    0.08871    1
   9    3    3   0.763660   -16.748716     1.435943      16.8102   55.34532    0.09835    1
  -7   -2   -8   0.763442    -0.995783    -1.816298      2.07136   55.36244    0.00149    1
   7    2    8   0.763442    -1.008095     1.810192      2.07197   55.36244    0.00149    1
  -7    2    8   0.763442     0.222449     0.648025     0.685142   55.36244    0.00016    1
   7   -2   -8   0.763442     0.227323    -0.646373     0.685182   55.36244    0.00016    1
  -1  -11   -1   0.763250   -16.431552     1.041915      16.4646   55.37762    0.09422    1
  -1   11    1   0.763250    16.454150     1.599532      16.5317   55.37762    0.09499    1
   1  -11   -1   0.763250    16.464755    -1.490649      16.5321   55.37762    0.09500    1
   1   11    1   0.763250   -16.424355    -1.150427      16.4646   55.37762    0.09422    1
  -4    1  -12   0.763230   -13.932897    -2.158746      14.0991   55.37914    0.06909    1
   4   -1   12   0.763230   -13.945673     2.068711      14.0983   55.37914    0.06908    1
  -4   -1   12   0.763230    16.932142    -1.072861      16.9661   55.37914    0.10004    1
   4    1  -12   0.763230    16.925467     1.183064      16.9668   55.37914    0.10005    1
  -7    0   -9   0.763101    -4.135516     0.531372      4.16951   55.38931    0.00604    1
  -7    0    9   0.763101    -4.097986     0.231313      4.10451   55.38931    0.00585    1
   7    0   -9   0.763101    -4.096555    -0.257103      4.10461   55.38931    0.00585    1
   7    0    9   0.763101    -4.132359    -0.557770      4.16983   55.38931    0.00604    1
  -2   -3  -11   0.762901     0.936783     0.834340      1.25447   55.40511    0.00055    1
  -2    3   11   0.762901     1.429460    -0.488836      1.51073   55.40511    0.00079    1
   2   -3  -11   0.762901     1.427088     0.498135      1.51153   55.40511    0.00079    1
   2    3   11   0.762901     0.940954    -0.828288      1.25358   55.40511    0.00055    1
  -2   -6   13   0.762743     5.050794     0.303838      5.05992   55.41754    0.00888    1
  -2    6  -13   0.762743    -3.684302    -3.977104      5.42139   55.41754    0.01020    1
   2   -6   13   0.762743    -3.709003     3.952432      5.42019   55.41754    0.01019    1
   2    6  -13   0.762743     5.051997    -0.269796       5.0592   55.41754    0.00888    1
  -7   -8    6   0.762615    -0.386792    -2.001381      2.03841   55.42767    0.00144    1
   7    8   -6   0.762615    -0.399856     1.998738      2.03834   55.42767    0.00144    1
  -7    8   -6   0.762615    -1.206315     1.139750      1.65959   55.42767    0.00096    1
   7   -8    6   0.762615    -1.199828    -1.147516      1.66023   55.42767    0.00096    1
   0   -7   13   0.762600     7.278497     1.389121      7.40987   55.42886    0.01904    1
   0    7  -13   0.762600     7.287949    -1.340816      7.41026   55.42886    0.01905    1
  -4    8  -11   0.762589     1.177733    -3.312105      3.51527   55.42969    0.00429    1
   4   -8   11   0.762589     1.156880     3.320036      3.51582   55.42969    0.00429    1
  -4   -8   11   0.762589    -1.945824     0.794306       2.1017   55.42969    0.00153    1
   4    8  -11   0.762589    -1.940926    -0.807070      2.10204   55.42969    0.00153    1
  -5   -8   10   0.762517     1.190382     0.822853       1.4471   55.43538    0.00073    1
  -5    8  -10   0.762517    -2.930407    -2.895267      4.11945   55.43538    0.00588    1
   5   -8   10   0.762517    -2.949274     2.876005      4.11942   55.43538    0.00588    1
   5    8  -10   0.762517     1.196033    -0.815353      1.44751   55.43538    0.00073    1
  -1  -12    4   0.762268    -0.106967     1.726738      1.73005   55.45509    0.00104    1
  -1   12   -4   0.762268     0.635247    -3.535883      3.59249   55.45509    0.00447    1
   1  -12    4   0.762268     0.612118     3.540330      3.59286   55.45509    0.00447    1
   1   12   -4   0.762268    -0.095778    -1.727692      1.73034   55.45509    0.00104    1
  -4  -11    5   0.762139    -1.034112     4.115268      4.24321   55.46526    0.00624    1
  -4   11   -5   0.762139    -1.208217     2.596299      2.86366   55.46526    0.00284    1
   4  -11    5   0.762139    -1.191032    -2.604501      2.86391   55.46526    0.00284    1
   4   11   -5   0.762139    -1.006517    -4.120721      4.24187   55.46526    0.00623    1
  -1  -12    5   0.761942   -10.862835     0.310666      10.8673   55.48081    0.04087    1
  -1   12   -5   0.761942   -13.215004    -0.493084      13.2242   55.48081    0.06053    1
   1  -12    5   0.761942   -13.218682     0.405609      13.2249   55.48081    0.06053    1
   1   12   -5   0.761942   -10.859915    -0.381859      10.8666   55.48081    0.04087    1
   0  -12    3   0.761850     2.888965     2.697253      3.95238   55.48814    0.00541    1
   0   12   -3   0.761850     2.907078    -2.677934      3.95252   55.48814    0.00541    1
  -2  -10   -3   0.761835    -1.557371     1.655357       2.2728   55.48932    0.00179    1
  -2   10    3   0.761835     1.198944    -2.567054      2.83324   55.48932    0.00278    1
   2  -10   -3   0.761835     1.182483     2.575561      2.83404   55.48932    0.00278    1
   2   10    3   0.761835    -1.545191    -1.665819      2.27213   55.48932    0.00179    1
  -4  -11    3   0.761573    -0.375518     1.712676      1.75336   55.51005    0.00106    1
  -4   11   -3   0.761573    -0.599085     2.916743      2.97763   55.51005    0.00307    1
   4  -11    3   0.761573    -0.579665    -2.920693      2.97766   55.51005    0.00307    1
   4   11   -3   0.761573    -0.362960    -1.716047      1.75401   55.51005    0.00106    1
  -9   -5    2   0.761020     1.444332    -3.168116      3.48182   55.55390    0.00418    1
  -9    5   -2   0.761020     0.449976    -5.458600      5.47712   55.55390    0.01035    1
   9   -5    2   0.761020     0.415920     5.460712      5.47653   55.55390    0.01035    1
   9    5   -2   0.761020     1.424596     3.177411      3.48216   55.55390    0.00418    1
   0  -12    6   0.760876    13.931771    -0.200798      13.9332   55.56526    0.06696    1
   0   12   -6   0.760876    13.928619     0.291878      13.9317   55.56526    0.06695    1
  -8   -7    4   0.760128   -10.102594     0.505737      10.1152   55.62467    0.03521    1
   8    7   -4   0.760128   -10.099167    -0.573186      10.1154   55.62467    0.03521    1
  -8    7   -4   0.760128    10.874306     1.409078      10.9652   55.62467    0.04137    1
   8   -7    4   0.760128    10.883461    -1.336091      10.9652   55.62467    0.04137    1
  -8   -2    8   0.759774    14.139302     0.097058      14.1396   55.65291    0.06871    1
  -8    2   -8   0.759774    14.925765     1.538268      15.0048   55.65291    0.07738    1
   8   -2    8   0.759774    14.936043    -1.438774      15.0052   55.65291    0.07738    1
   8    2   -8   0.759774    14.139697    -0.003185      14.1397   55.65291    0.06871    1
  -3   -4  -10   0.759673     2.222317    -1.652778      2.76954   55.66091    0.00264    1
  -3    4   10   0.759673     0.101355     3.991211       3.9925   55.66091    0.00548    1
   3   -4  -10   0.759673     0.126952    -3.990450      3.99247   55.66091    0.00548    1
   3    4   10   0.759673     2.210519     1.667304      2.76881   55.66091    0.00263    1
  -9   -5    1   0.759422     4.881242     2.866951      5.66091   55.68091    0.01100    1
  -9    5   -1   0.759422    -6.811537     3.085024      7.47759   55.68091    0.01919    1
   9   -5    1   0.759422    -6.790963    -3.132421      7.47859   55.68091    0.01920    1
   9    5   -1   0.759422     4.900465    -2.832173      5.66001   55.68091    0.01100    1
  -6   -9    7   0.759139     0.091399    -2.318733      2.32053   55.70348    0.00185    1
  -6    9   -7   0.759139    -0.453847    -0.436866     0.629944   55.70348    0.00014    1
   6   -9    7   0.759139    -0.456538     0.433919     0.629851   55.70348    0.00014    1
   6    9   -7   0.759139     0.076224     2.319485      2.32074   55.70348    0.00185    1
  -3   -9   11   0.759031    -8.184409    -2.671093      8.60926   55.71213    0.02541    1
  -3    9  -11   0.759031    11.876855    -2.932697      12.2336   55.71213    0.05131    1
   3   -9   11   0.759031    11.856440     3.011197      12.2328   55.71213    0.05131    1
   3    9  -11   0.759031    -8.202528     2.616241      8.60966   55.71213    0.02541    1
  -8   -7    1   0.758965    -0.331115     0.832364     0.895805   55.71738    0.00028    1
   8    7   -1   0.758965    -0.323915    -0.834719     0.895364   55.71738    0.00027    1
  -8    7   -1   0.758965    -0.983186    -3.423207       3.5616   55.71738    0.00435    1
   8   -7    1   0.758965    -1.005690     3.416259      3.56121   55.71738    0.00435    1
  -8   -3    8   0.758867    20.271176    -0.610212      20.2804   55.72518    0.14094    1
  -8    3   -8   0.758867   -21.298213    -0.164659      21.2988   55.72518    0.15545    1
   8   -3    8   0.758867   -21.298450     0.025280      21.2985   55.72518    0.15544    1
   8    3   -8   0.758867    20.266979     0.743309      20.2806   55.72518    0.14094    1
  -1   -7   13   0.758712   -20.824531    -3.043477      21.0458   55.73754    0.15170    1
  -1    7  -13   0.758712    17.982583    -2.356417      18.1363   55.73754    0.11266    1
   1   -7   13   0.758712    17.966808     2.474272      18.1364   55.73754    0.11266    1
   1    7  -13   0.758712   -20.843950     2.906723      21.0456   55.73754    0.15170    1
  -5   -9    9   0.758623   -13.670851     2.733238      13.9414   55.74469    0.06655    1
  -5    9   -9   0.758623    12.440636     3.657997      12.9673   55.74469    0.05757    1
   5   -9    9   0.758623    12.464537    -3.576520      12.9675   55.74469    0.05758    1
   5    9   -9   0.758623   -13.652493    -2.823961      13.9415   55.74469    0.06655    1
  -5   10   -7   0.758475    -0.186144     1.118995      1.13437   55.75650    0.00044    1
   5  -10    7   0.758475    -0.178462    -1.122236      1.13634   55.75650    0.00044    1
  -5  -10    7   0.758475     1.388581    -0.637881      1.52809   55.75650    0.00080    1
   5   10   -7   0.758475     1.384124     0.644657      1.52689   55.75650    0.00080    1
  -9   -5    3   0.758007   -23.547096    -0.071724      23.5472   55.79395    0.18947    1
  -9    5   -3   0.758007    21.583894    -1.523324      21.6376   55.79395    0.15999    1
   9   -5    3   0.758007    21.572462     1.668337      21.6369   55.79395    0.15998    1
   9    5   -3   0.758007   -23.548251    -0.086356      23.5484   55.79395    0.18949    1
  -1  -12    3   0.757973    10.905663     2.168806      11.1192   55.79660    0.04224    1
  -1   12   -3   0.757973     8.275557     0.173149      8.27737   55.79660    0.02341    1
   1  -12    3   0.757973     8.276604    -0.121499       8.2775   55.79660    0.02341    1
   1   12   -3   0.757973    10.919971    -2.099258      11.1199   55.79660    0.04225    1
  -8   -6   -2   0.757483   -13.131095    -2.343941      13.3387   55.83590    0.06069    1
   8    6    2   0.757483   -13.144940     2.259443      13.3377   55.83590    0.06069    1
  -8    6    2   0.757483   -11.774683     1.143985      11.8301   55.83590    0.04774    1
   8   -6   -2   0.757483   -11.767911    -1.220449       11.831   55.83590    0.04775    1
   0  -10   11   0.757434    -0.206469    -1.780433      1.79236   55.83981    0.00110    1
   0   10  -11   0.757434    -0.217541     1.779264      1.79251   55.83981    0.00110    1
  -3   -4   13   0.757214     8.420786    -2.237277      8.71292   55.85746    0.02587    1
  -3    4  -13   0.757214     7.811672     3.055067      8.38783   55.85746    0.02398    1
   3   -4   13   0.757214     7.831145    -3.003251      8.38727   55.85746    0.02398    1
   3    4  -13   0.757214     8.406703     2.292095      8.71357   55.85746    0.02588    1
  -1  -12    6   0.757015     3.477885     1.411360      3.75335   55.87344    0.00480    1
  -1   12   -6   0.757015    -5.129412     0.158322      5.13185   55.87344    0.00897    1
   1  -12    6   0.757015    -5.128238    -0.191603      5.13182   55.87344    0.00897    1
   1   12   -6   0.757015     3.487205    -1.388646      3.75352   55.87344    0.00480    1
  -9   -1   -5   0.756811   -20.701508    -1.813227      20.7808   55.88983    0.14699    1
  -9    1    5   0.756811    21.930085    -0.797348      21.9446   55.88983    0.16392    1
   9   -1   -5   0.756811    21.923744     0.942706       21.944   55.88983    0.16391    1
   9    1    5   0.756811   -20.713178     1.675171      20.7808   55.88983    0.14699    1
  -9   -4   -2   0.756544     0.599569     0.903631      1.08445   55.91126    0.00040    1
  -9    4    2   0.756544     0.958321     0.222205     0.983745   55.91126    0.00033    1
   9   -4   -2   0.756544     0.959692    -0.216182      0.98374   55.91126    0.00033    1
   9    4    2   0.756544     0.604695    -0.899924      1.08421   55.91126    0.00040    1
   0   -6   -9   0.756432     0.064175     1.065770       1.0677   55.92027    0.00039    1
   0    6    9   0.756432     0.069519    -1.065615      1.06788   55.92027    0.00039    1
   0   -9   12   0.756217    -0.634566     0.124201     0.646607   55.93755    0.00014    1
   0    9  -12   0.756217    -0.634446    -0.129158     0.647459   55.93755    0.00014    1
  -9   -4    5   0.755802    -7.317248     0.088667      7.31778   55.97095    0.01817    1
  -9    4   -5   0.755802    -7.673687    -1.451925      7.80984   55.97095    0.02069    1
   9   -4    5   0.755802    -7.682515     1.398883      7.80884   55.97095    0.02069    1
   9    4   -5   0.755802    -7.317473    -0.140319      7.31882   55.97095    0.01817    1
  -3  -11    8   0.755544    -3.674048    -1.503912      3.96993   55.99179    0.00534    1
  -3   11   -8   0.755544    -4.988447     1.386612      5.17758   55.99179    0.00909    1
   3  -11    8   0.755544    -4.979701    -1.419430      5.17805   55.99179    0.00909    1
   3   11   -8   0.755544    -3.684689     1.478795      3.97036   55.99179    0.00534    1
  -4  -11    6   0.755528    -3.056459     0.093274      3.05788   55.99304    0.00317    1
  -4   11   -6   0.755528     1.631713     0.707530      1.77851   55.99304    0.00107    1
   4  -11    6   0.755528     1.637180    -0.693549      1.77802   55.99304    0.00107    1
   4   11   -6   0.755528    -3.054576    -0.115956      3.05678   55.99304    0.00317    1
  -3   -3   13   0.755446   -10.401194    -0.362897      10.4075   55.99970    0.03671    1
  -3    3  -13   0.755446     9.784027     2.177762      10.0235   55.99970    0.03405    1
   3   -3   13   0.755446     9.797590    -2.111098      10.0224   55.99970    0.03404    1
   3    3  -13   0.755446   -10.404611     0.291171      10.4087   55.99970    0.03671    1
  -7   -7    8   0.755282     1.503986    -1.157265      1.89769   56.01289    0.00122    1
  -7    7   -8   0.755282     2.314006    -4.220326      4.81308   56.01289    0.00785    1
   7   -7    8   0.755282     2.285918     4.235317      4.81283   56.01289    0.00785    1
   7    7   -8   0.755282     1.495447     1.166990       1.8969   56.01289    0.00122    1
   0   -2  -12   0.755240   -32.651988    -2.588020      32.7544   56.01630    0.36331    1
   0    2   12   0.755240   -32.668827     2.371262      32.7548   56.01630    0.36332    1
  -6   -5   -7   0.755056     2.279014     0.231529      2.29074   56.03117    0.00178    1
  -6    5    7   0.755056     2.202161     1.896035      2.90594   56.03117    0.00286    1
   6   -5   -7   0.755056     2.213742    -1.881546      2.90532   56.03117    0.00286    1
   6    5    7   0.755056     2.279405    -0.215801       2.2896   56.03117    0.00177    1
  -8   -1    8   0.754918   -18.786289    -0.594101      18.7957   56.04227    0.11951    1
  -8    1   -8   0.754918    18.374661    -0.335570      18.3777   56.04227    0.11425    1
   8   -1    8   0.754918    18.371904     0.455760      18.3776   56.04227    0.11425    1
   8    1   -8   0.754918   -18.789739     0.470548      18.7956   56.04227    0.11951    1
  -2   -9   -5   0.754657     0.814743     2.243294      2.38667   56.06341    0.00193    1
  -2    9    5   0.754657     2.851048     2.540350      3.81862   56.06341    0.00493    1
   2   -9   -5   0.754657     2.869190    -2.521745      3.81988   56.06341    0.00493    1
   2    9    5   0.754657     0.829539    -2.237939      2.38674   56.06341    0.00193    1
  -5   -5   -8   0.754589     0.512619    -1.219923      1.32325   56.06892    0.00059    1
   5    5    8   0.754589     0.505884     1.223169      1.32365   56.06892    0.00059    1
  -5    5    8   0.754589     0.092211    -1.789374      1.79175   56.06892    0.00108    1
   5   -5   -8   0.754589     0.080295     1.789634      1.79143   56.06892    0.00108    1
   0   -7   -8   0.754486     0.712393     0.022191     0.712739   56.07719    0.00017    1
   0    7    8   0.754486     0.711864    -0.016733     0.712061   56.07719    0.00017    1
  -2  -11    9   0.754467    -3.346308    -0.082085      3.34731   56.07874    0.00378    1
  -2   11   -9   0.754467    -0.864558    -2.699076      2.83416   56.07874    0.00271    1
   2  -11    9   0.754467    -0.883033     2.693222      2.83429   56.07874    0.00271    1
   2   11   -9   0.754467    -3.346353     0.060800       3.3469   56.07874    0.00378    1
  -4  -11    2   0.754426     3.418604     0.572405      3.46619   56.08204    0.00406    1
   4   11   -2   0.754426     3.422399    -0.549517      3.46624   56.08204    0.00406    1
  -4   11   -2   0.754426    -1.194652     1.180853      1.67976   56.08204    0.00095    1
   4  -11    2   0.754426    -1.187033    -1.188417       1.6797   56.08204    0.00095    1
  -3   -8   -6   0.754217     2.806724    -0.337294      2.82692   56.09901    0.00270    1
  -3    8    6   0.754217    -1.208274     1.558118      1.97171   56.09901    0.00131    1
   3   -8   -6   0.754217    -1.198355    -1.565304      1.97135   56.09901    0.00131    1
   3    8    6   0.754217     2.804572     0.354465      2.82688   56.09901    0.00270    1
  -3  -10   10   0.754014     0.881001    -2.813412      2.94813   56.11545    0.00293    1
  -3   10  -10   0.754014    -4.269470    -0.787950      4.34157   56.11545    0.00636    1
   3  -10   10   0.754014    -4.274990     0.759869        4.342   56.11545    0.00636    1
   3   10  -10   0.754014     0.863341     2.819489      2.94871   56.11545    0.00293    1
  -2   -1   13   0.753834     0.575284     1.694427      1.78942   56.13002    0.00108    1
  -2    1  -13   0.753834     0.938092    -0.777145      1.21818   56.13002    0.00050    1
   2   -1   13   0.753834     0.933381     0.784253      1.21912   56.13002    0.00050    1
   2    1  -13   0.753834     0.586698    -1.690485       1.7894   56.13002    0.00108    1
  -5   -6   -7   0.753826    -6.877492    -0.180550      6.87986   56.13067    0.01595    1
  -5    6    7   0.753826    -5.590225    -1.774139        5.865   56.13067    0.01159    1
   5   -6   -7   0.753826    -5.602143     1.735455      5.86479   56.13067    0.01159    1
   5    6    7   0.753826    -6.878542     0.132288      6.87981   56.13067    0.01595    1
  -4  -10    9   0.753683     1.517175     2.628067      3.03456   56.14222    0.00310    1
  -4   10   -9   0.753683    -4.087322     1.936619      4.52291   56.14222    0.00689    1
   4  -10    9   0.753683    -4.074249    -1.963365      4.52264   56.14222    0.00689    1
   4   10   -9   0.753683     1.535258    -2.618509      3.03539   56.14222    0.00310    1
  -1  -10   11   0.753624   -10.102566     1.014132      10.1533   56.14699    0.03473    1
  -1   10  -11   0.753624    -8.037945    -2.441500      8.40056   56.14699    0.02377    1
   1  -10   11   0.753624    -8.053721     2.389154      8.40062   56.14699    0.02377    1
   1   10  -11   0.753624   -10.095513    -1.079509      10.1531   56.14699    0.03473    1
  -8   -4   -5   0.753620    -0.142107     0.523999     0.542927   56.14739    0.00010    1
  -8    4    5   0.753620     0.814653     0.995817      1.28659   56.14739    0.00056    1
   8   -4   -5   0.753620     0.820496    -0.990904      1.28651   56.14739    0.00056    1
   8    4    5   0.753620    -0.138206    -0.524756      0.54265   56.14739    0.00010    1
  -3  -11    0   0.753344    -2.411281     0.944395      2.58963   56.16971    0.00226    1
  -3   11    0   0.753344    -0.139860     2.470873      2.47483   56.16971    0.00206    1
   3  -11    0   0.753344    -0.122795    -2.471722      2.47477   56.16971    0.00206    1
   3   11    0   0.753344    -2.404954    -0.959747      2.58939   56.16971    0.00226    1
  -9   -5    0   0.753300     0.175488    -0.169905     0.244262   56.17333    0.00002    1
   9    5    0   0.753300     0.173870     0.171381     0.244135   56.17333    0.00002    1
  -9    5    0   0.753300     0.600332    -2.515308      2.58596   56.17333    0.00225    1
   9   -5    0   0.753300     0.584313     2.519191      2.58607   56.17333    0.00225    1
  -3    5  -13   0.753268    15.412603     1.911924      15.5307   56.17595    0.08116    1
   3   -5   13   0.753268    15.423251    -1.809215       15.529   56.17595    0.08114    1
  -3   -5   13   0.753268   -17.615948     0.521596      17.6237   56.17595    0.10450    1
   3    5  -13   0.753268   -17.613142    -0.638701      17.6247   56.17595    0.10452    1
   0  -12    2   0.753033    36.209605     4.146991      36.4463   56.19503    0.44659    1
   0   12   -2   0.753033    36.234600    -3.908185      36.4448   56.19503    0.44656    1
  -6   -8   -3   0.752750    -1.286115     1.724421      2.15121   56.21800    0.00155    1
  -6    8    3   0.752750    -1.285929    -0.870092      1.55263   56.21800    0.00081    1
   6   -8   -3   0.752750    -1.291154     0.861033      1.55192   56.21800    0.00081    1
   6    8    3   0.752750    -1.275755    -1.732964      2.15191   56.21800    0.00156    1
  -5   -7   11   0.752660   -17.118965     0.902359      17.1427   56.22530    0.09868    1
  -5    7  -11   0.752660    22.398187     0.980740      22.4196   56.22530    0.16878    1
   5   -7   11   0.752660    22.403748    -0.833327      22.4192   56.22530    0.16878    1
   5    7  -11   0.752660   -17.112555    -1.014899      17.1426   56.22530    0.09868    1
  -1   -6   -9   0.752637     1.089435    -0.384617      1.15534   56.22716    0.00045    1
  -1    6    9   0.752637     3.151064     1.038552       3.3178   56.22716    0.00370    1
   1   -6   -9   0.752637     3.157776    -1.017696      3.31772   56.22716    0.00370    1
   1    6    9   0.752637     1.086784     0.391479      1.15514   56.22716    0.00045    1
  -1   -9   12   0.752426     0.841214    -1.501285       1.7209   56.24438    0.00099    1
  -1    9  -12   0.752426     5.071306     2.948888      5.86635   56.24438    0.01155    1
   1   -9   12   0.752426     5.091771    -2.916530       5.8679   56.24438    0.01155    1
   1    9  -12   0.752426     0.832297     1.507086      1.72163   56.24438    0.00099    1
  -5  -10    0   0.752392    -1.050355    -2.287708      2.51731   56.24711    0.00213    1
   5   10    0   0.752392    -1.066281     2.280100       2.5171   56.24711    0.00213    1
  -5   10    0   0.752392     2.525472     4.244711      4.93919   56.24711    0.00818    1
   5  -10    0   0.752392     2.553823    -4.227827      4.93928   56.24711    0.00819    1
 -10    0    0   0.752346   -30.651944    -1.522988      30.6898   56.25087    0.31595    1
  10    0    0   0.752346   -30.660852     1.316217      30.6891   56.25087    0.31593    1
  -8   -4    8   0.752260     3.207769    -2.136948      3.85439   56.25791    0.00498    1
  -8    4   -8   0.752260     5.113985     2.558006      5.71806   56.25791    0.01096    1
   8   -4    8   0.752260     5.131578    -2.523153      5.71834   56.25791    0.01097    1
   8    4   -8   0.752260     3.193814     2.159344      3.85528   56.25791    0.00498    1
  -8   -3   -6   0.752044    -1.495802    -0.166557      1.50505   56.27544    0.00076    1
   8    3    6   0.752044    -1.495785     0.155789      1.50388   56.27544    0.00076    1
  -8    3    6   0.752044     1.019270     0.045559      1.02029   56.27544    0.00035    1
   8   -3   -6   0.752044     1.019773    -0.037639      1.02047   56.27544    0.00035    1
  -6   -4   -8   0.751810   -10.153968    -1.368962      10.2458   56.29455    0.03515    1
   6    4    8   0.751810   -10.162265     1.303389      10.2455   56.29455    0.03515    1
  -6    4    8   0.751810   -10.564040    -0.256718      10.5672   56.29455    0.03739    1
   6   -4   -8   0.751810   -10.566450     0.189699      10.5682   56.29455    0.03740    1
  -9   -2    6   0.751783     1.861627     2.769638      3.33715   56.29672    0.00373    1
  -9    2   -6   0.751783    -3.205440    -1.116979      3.39448   56.29672    0.00386    1
   9   -2    6   0.751783    -3.212831     1.096166      3.39468   56.29672    0.00386    1
   9    2   -6   0.751783     1.879982    -2.757548      3.33742   56.29672    0.00373    1
  -2  -11   -1   0.751733     0.242184    -2.478241      2.49005   56.30086    0.00208    1
  -2   11    1   0.751733    -1.958154     1.239802      2.31764   56.30086    0.00180    1
   2  -11   -1   0.751733    -1.948868    -1.252878      2.31685   56.30086    0.00180    1
   2   11    1   0.751733     0.225748     2.480482      2.49073   56.30086    0.00208    1
   0   -5  -10   0.751509    -1.568351     0.102407      1.57169   56.31911    0.00083    1
   0    5   10   0.751509    -1.567480    -0.112583      1.57152   56.31911    0.00083    1
   0  -12    7   0.751468     0.540862     2.668163      2.72243   56.32246    0.00248    1
   0   12   -7   0.751468     0.558778    -2.665036      2.72299   56.32246    0.00248    1
  -1   -2  -12   0.751463     2.735608    -2.210095      3.51683   56.32285    0.00414    1
  -1    2   12   0.751463    -4.052546    -1.058490       4.1885   56.32285    0.00587    1
   1   -2  -12   0.751463    -4.059418     1.030962      4.18829   56.32285    0.00587    1
   1    2   12   0.751463     2.720347     2.228461      3.51658   56.32285    0.00414    1
  -6   -6   -6   0.751461    -2.218053    -0.106539      2.22061   56.32299    0.00165    1
  -6    6    6   0.751461     0.227551     0.787451      0.81967   56.32299    0.00022    1
   6   -6   -6   0.751461     0.233028    -0.784601     0.818474   56.32299    0.00022    1
   6    6    6   0.751461    -2.218640     0.093785      2.22062   56.32299    0.00165    1
  -8   -7    5   0.751434    -1.023636     4.738289       4.8476   56.32523    0.00786    1
  -8    7   -5   0.751434    -2.709508     3.213322       4.2032   56.32523    0.00591    1
   8   -7    5   0.751434    -2.688815    -3.230601      4.20315   56.32523    0.00591    1
   8    7   -5   0.751434    -0.992342    -4.744809      4.84747   56.32523    0.00786    1
  -6   -3   11   0.751393     2.902122    -2.120475      3.59426   56.32854    0.00432    1
  -6    3  -11   0.751393     1.487767    -0.262165      1.51069   56.32854    0.00076    1
   6   -3   11   0.751393     1.486461     0.270824      1.51093   56.32854    0.00076    1
   6    3  -11   0.751393     2.889280     2.139337      3.59509   56.32854    0.00432    1
  -7   -7   -3   0.751121    -6.266875    -1.519135      6.44837   56.35078    0.01389    1
   7    7    3   0.751121    -6.277246     1.476898      6.44865   56.35078    0.01389    1
  -7    7    3   0.751121     8.793648    -2.209111      9.06689   56.35078    0.02747    1
   7   -7   -3   0.751121     8.777809     2.266238      9.06564   56.35078    0.02746    1
  -2  -12    4   0.750794    -1.841465     1.320793      2.26616   56.37749    0.00171    1
  -2   12   -4   0.750794    -3.738557     0.866948      3.83776   56.37749    0.00492    1
   2  -12    4   0.750794    -3.732074    -0.890660      3.83688   56.37749    0.00491    1
   2   12   -4   0.750794    -1.833409    -1.331258      2.26575   56.37749    0.00171    1
  -1   -7   -8   0.750721    -2.579712    -1.948760      3.23304   56.38352    0.00349    1
  -1    7    8   0.750721    -2.730649    -0.486159      2.77359   56.38352    0.00257    1
   1   -7   -8   0.750721    -2.732551     0.466899      2.77215   56.38352    0.00256    1
   1    7    8   0.750721    -2.591840     1.931287      3.23226   56.38352    0.00349    1
  -7   -6    9   0.750582    36.688312    -1.368192      36.7138   56.39489    0.44954    1
  -7    6   -9   0.750582    35.365213     0.766913      35.3735   56.39489    0.41732    1
   7   -6    9   0.750582    35.369975    -0.532237       35.374   56.39489    0.41733    1
   7    6   -9   0.750582    36.678050     1.611295      36.7134   56.39489    0.44953    1
  -9   -5    4   0.750544    -0.933531     2.795341       2.9471   56.39797    0.00290    1
  -9    5   -4   0.750544     2.091018     1.481147      2.56245   56.39797    0.00219    1
   9   -5    4   0.750544     2.100742    -1.467317      2.56245   56.39797    0.00219    1
   9    5   -4   0.750544    -0.914489    -2.801750      2.94722   56.39797    0.00290    1
  -2  -12    5   0.750484     0.998941     0.730761       1.2377   56.40293    0.00051    1
  -2   12   -5   0.750484     1.462998     2.423563       2.8309   56.40293    0.00267    1
   2  -12    5   0.750484     1.479587    -2.412546      2.83012   56.40293    0.00267    1
   2   12   -5   0.750484     1.002631    -0.724228      1.23684   56.40293    0.00051    1
  -3    8  -12   0.750460     0.603347    -0.875601      1.06335   56.40489    0.00038    1
   3   -8   12   0.750460     0.596491     0.879651      1.06282   56.40489    0.00038    1
  -3   -8   12   0.750460    -2.046840    -2.360251      3.12415   56.40489    0.00325    1
   3    8  -12   0.750460    -2.062949     2.346473      3.12437   56.40489    0.00325    1
  -9    1   -6   0.750337     0.026978     2.513932      2.51408   56.41497    0.00211    1
   9   -1    6   0.750337     0.043768    -2.513529      2.51391   56.41497    0.00211    1
  -9   -1    6   0.750337     1.235630     1.966445      2.32243   56.41497    0.00180    1
   9    1   -6   0.750337     1.249261    -1.958331      2.32287   56.41497    0.00180    1
  -6    8   -9   0.750254    -2.910136     0.351854      2.93133   56.42176    0.00286    1
   6   -8    9   0.750254    -2.906691    -0.371112      2.93029   56.42176    0.00286    1
  -6   -8    9   0.750254     2.050400     2.457239      3.20034   56.42176    0.00341    1
   6    8   -9   0.750254     2.066089    -2.444112      3.20038   56.42176    0.00341    1
   0    0  -13   0.750220    -0.832102     3.106239      3.21576   56.42453    0.00344    1
   0    0   13   0.750220    -0.810770    -3.111867      3.21575   56.42453    0.00344    1
 -10    0   -1   0.750117     0.165334     2.710523      2.71556   56.43293    0.00246    1
 -10    0    1   0.750117     0.356520     0.438883     0.565442   56.43293    0.00011    1
  10    0   -1   0.750117     0.358275    -0.436888     0.565006   56.43293    0.00011    1
  10    0    1   0.750117     0.184400    -2.708718      2.71499   56.43293    0.00245    1
  -6   -1  -10   0.749909    -9.020028    -2.358073      9.32317   56.45003    0.02893    1
   6    1   10   0.749909    -9.035339     2.295699      9.32242   56.45003    0.02892    1
  -6    1   10   0.749909     6.093505    -1.202136      6.21095   56.45003    0.01284    1
   6   -1  -10   0.749909     6.085324     1.245349      6.21145   56.45003    0.01284    1
  -4   -2  -11   0.749839     4.519372     0.696826      4.57278   56.45572    0.00696    1
   4    2   11   0.749839     4.523765    -0.665715      4.57249   56.45572    0.00696    1
  -4    2   11   0.749839    -3.657611    -0.703527      3.72466   56.45572    0.00462    1
   4   -2  -11   0.749839    -3.662008     0.678361      3.72431   56.45572    0.00461    1
  -6   -4   11   0.749839     1.197365    -0.371750      1.25375   56.45575    0.00052    1
  -6    4  -11   0.749839    -0.803632     1.245815      1.48252   56.45575    0.00073    1
   6   -4   11   0.749839    -0.795575    -1.251763      1.48319   56.45575    0.00073    1
   6    4  -11   0.749839     1.194277     0.380144      1.25332   56.45575    0.00052    1
  -3   -1  -12   0.749678    -2.863067    -3.602230      4.60144   56.46898    0.00704    1
  -3    1   12   0.749678    -1.809607    -2.361095       2.9748   56.46898    0.00294    1
   3   -1  -12   0.749678    -1.825047     2.349911      2.97538   56.46898    0.00294    1
   3    1   12   0.749678    -2.887079     3.583122      4.60152   56.46898    0.00704    1
  -8   -7    0   0.749563   -15.945506     1.410971      16.0078   56.47842    0.08518    1
   8    7    0   0.749563   -15.935243    -1.515963      16.0072   56.47842    0.08517    1
  -8    7    0   0.749563    14.400629     3.550941       14.832   56.47842    0.07312    1
   8   -7    0   0.749563    14.424711    -3.456211       14.833   56.47842    0.07313    1
 -10   -1    0   0.749541     2.302604     0.235947      2.31466   56.48022    0.00178    1
 -10    1    0   0.749541    -5.324748     0.013587      5.32477   56.48022    0.00942    1
  10   -1    0   0.749541    -5.324854    -0.047047      5.32506   56.48022    0.00942    1
  10    1    0   0.749541     2.304570    -0.222748      2.31531   56.48022    0.00178    1
  -1  -12    2   0.749289     2.815169    -0.545405      2.86752   56.50094    0.00273    1
  -1   12   -2   0.749289    -2.891042     0.823758      3.00611   56.50094    0.00300    1
   1  -12    2   0.749289    -2.886232    -0.842628      3.00672   56.50094    0.00300    1
   1   12   -2   0.749289     2.811659     0.564120      2.86769   56.50094    0.00273    1
 -10   -1    1   0.748962     1.420194     1.831695      2.31777   56.52777    0.00178    1
 -10    1   -1   0.748962    -1.642369     1.890424      2.50421   56.52777    0.00208    1
  10   -1    1   0.748962    -1.631458    -1.901468      2.50544   56.52777    0.00208    1
  10    1   -1   0.748962     1.433780    -1.822756      2.31909   56.52777    0.00178    1
  -5   -4   -9   0.748551     1.213804    -0.576266      1.34365   56.56159    0.00060    1
  -5    4    9   0.748551     0.809486    -0.123699     0.818883   56.56159    0.00022    1
   5   -4   -9   0.748551     0.808822     0.125474     0.818497   56.56159    0.00022    1
   5    4    9   0.748551     1.209999     0.581709      1.34257   56.56159    0.00060    1
  -8   -5   -4   0.748407    -5.476814     1.062238      5.57887   56.57353    0.01031    1
   8    5    4   0.748407    -5.469455    -1.099501      5.57887   56.57353    0.01031    1
  -8    5    4   0.748407     6.215285     1.166423      6.32379   56.57353    0.01324    1
   8   -5   -4   0.748407     6.223556    -1.124569      6.32434   56.57353    0.01324    1
  -7   -8   -1   0.748234     1.279738     1.219298       1.7676   56.58776    0.00103    1
   7    8    1   0.748234     1.287417    -1.209303      1.76631   56.58776    0.00103    1
  -7    8    1   0.748234     0.971615    -1.850101      2.08972   56.58776    0.00145    1
   7   -8   -1   0.748234     0.959189     1.857965      2.09095   56.58776    0.00145    1
  -3    2  -13   0.748081    21.081750     1.934717      21.1703   56.60037    0.14825    1
   3   -2   13   0.748081    21.093716    -1.791597      21.1697   56.60037    0.14824    1
  -3   -2   13   0.748081    20.162304    -1.932918      20.2547   56.60037    0.13570    1
   3    2  -13   0.748081    20.148871     2.070143      20.2549   56.60037    0.13570    1
  -1   -5  -10   0.747788     2.930861     2.471616      3.83391   56.62458    0.00486    1
  -1    5   10   0.747788     1.395411     3.056200      3.35969   56.62458    0.00373    1
   1   -5  -10   0.747788     1.415981    -3.046282      3.35929   56.62458    0.00373    1
   1    5   10   0.747788     2.947398    -2.451813      3.83387   56.62458    0.00486    1
  -1  -12    7   0.747747    -4.556303     2.209054      5.06358   56.62793    0.00847    1
  -1   12   -7   0.747747    -6.766492    -0.444148      6.78105   56.62793    0.01519    1
   1  -12    7   0.747747    -6.768741     0.396219      6.78033   56.62793    0.01519    1
   1   12   -7   0.747747    -4.541842    -2.241440      5.06482   56.62793    0.00848    1
  -9    3   -6   0.747640    -0.070270     3.410946      3.41167   56.63679    0.00384    1
   9   -3    6   0.747640    -0.046834    -3.412377       3.4127   56.63679    0.00385    1
  -9   -3    6   0.747640    -1.359843     5.653533      5.81478   56.63679    0.01117    1
   9    3   -6   0.747640    -1.321943    -5.663492      5.81573   56.63679    0.01117    1
  -6   -9   -1   0.747542     1.472434     0.574541      1.58056   56.64487    0.00082    1
  -6    9    1   0.747542    -0.154242    -0.488412     0.512189   56.64487    0.00009    1
   6   -9   -1   0.747542    -0.158581     0.487221     0.512379   56.64487    0.00009    1
   6    9    1   0.747542     1.476385    -0.564625      1.58067   56.64487    0.00082    1
  -2   -7   13   0.747396     0.012153     2.308884      2.30892   56.65690    0.00176    1
  -2    7  -13   0.747396     0.239656     3.586883      3.59488   56.65690    0.00426    1
   2   -7   13   0.747396     0.263465    -3.584282      3.59395   56.65690    0.00426    1
   2    7  -13   0.747396     0.027967    -2.307407      2.30758   56.65690    0.00176    1
  -6    2  -11   0.747365    -0.163614     2.845942      2.85064   56.65949    0.00268    1
   6   -2   11   0.747365    -0.144529    -2.848349      2.85201   56.65949    0.00268    1
  -6   -2   11   0.747365     1.914824    -1.281990      2.30435   56.65949    0.00175    1
   6    2  -11   0.747365     1.907878     1.295220      2.30599   56.65949    0.00175    1
  -6   -7   10   0.746783     7.609054    -1.610107      7.77754   56.70768    0.01992    1
  -6    7  -10   0.746783    -5.026848    -4.289031      6.60795   56.70768    0.01438    1
   6   -7   10   0.746783    -5.055487     4.254324      6.60736   56.70768    0.01438    1
   6    7  -10   0.746783     7.598875     1.662558      7.77862   56.70768    0.01993    1
  -2  -12    3   0.746690     0.592652    -2.755000      2.81802   56.71533    0.00261    1
  -2   12   -3   0.746690    -0.290498     1.775767      1.79937   56.71533    0.00107    1
   2  -12    3   0.746690    -0.278746    -1.777600      1.79932   56.71533    0.00107    1
   2   12   -3   0.746690     0.573204     2.758438      2.81736   56.71533    0.00261    1
  -4   -7   12   0.746664    -3.816618    -2.209714      4.41015   56.71746    0.00640    1
  -4    7  -12   0.746664     3.035747    -1.448986      3.36383   56.71746    0.00373    1
   4   -7   12   0.746664     3.026263     1.467890      3.36348   56.71746    0.00372    1
   4    7  -12   0.746664    -3.830660     2.185906      4.41046   56.71746    0.00640    1
  -7   -8    7   0.746597    22.708951     1.397488      22.7519   56.72307    0.17039    1
  -7    8   -7   0.746597    19.426153    -0.828410      19.4438   56.72307    0.12444    1
   7   -8    7   0.746597    19.420872     0.956120      19.4444   56.72307    0.12445    1
   7    8   -7   0.746597    22.717787    -1.246971       22.752   56.72307    0.17039    1
  -1    0  -13   0.746518    14.523841    -1.532522      14.6045   56.72963    0.07019    1
  -1    0   13   0.746518    12.218122    -0.167879      12.2193   56.72963    0.04913    1
   1    0  -13   0.746518    12.216545     0.252016      12.2191   56.72963    0.04913    1
   1    0   13   0.746518    14.514013     1.631853      14.6055   56.72963    0.07020    1
  -5    4  -12   0.746402    -1.362173    -1.961089      2.38776   56.73920    0.00188    1
   5   -4   12   0.746402    -1.374878     1.952499        2.388   56.73920    0.00188    1
  -5   -4   12   0.746402    -0.441125     1.265902      1.34056   56.73920    0.00059    1
   5    4  -12   0.746402    -0.432573    -1.268416      1.34015   56.73920    0.00059    1
  -5   -7   -6   0.746324     1.506571     1.120515      1.87758   56.74565    0.00116    1
   5    7    6   0.746324     1.514274    -1.109549      1.87727   56.74565    0.00116    1
  -5    7    6   0.746324    -0.610084    -2.004662      2.09544   56.74565    0.00144    1
   5   -7   -6   0.746324    -0.624250     2.001005      2.09612   56.74565    0.00144    1
  -5   -3   12   0.746317     1.178727    -0.595920       1.3208   56.74629    0.00057    1
  -5    3  -12   0.746317     1.351189     0.998487      1.68009   56.74629    0.00093    1
   5   -3   12   0.746317     1.357798    -0.988775      1.67967   56.74629    0.00093    1
   5    3  -12   0.746317     1.176137     0.604045      1.32218   56.74629    0.00057    1
  -4    0  -12   0.746065   -15.120037    -3.583732      15.5389   56.76713    0.07934    1
  -4    0   12   0.746065   -14.733706     1.146105      14.7782   56.76713    0.07176    1
   4    0  -12   0.746065   -14.725056    -1.247165      14.7778   56.76713    0.07176    1
   4    0   12   0.746065   -15.144261     3.480898      15.5392   56.76713    0.07934    1
  -8   -6    7   0.746029    -1.829557     0.989353      2.07993   56.77016    0.00142    1
  -8    6   -7   0.746029    -1.370891    -1.998425      2.42344   56.77016    0.00193    1
   8   -6    7   0.746029    -1.383947     1.988521      2.42271   56.77016    0.00193    1
   8    6   -7   0.746029    -1.823493    -1.002058      2.08068   56.77016    0.00142    1
   0   -8   -7   0.745828    -0.789295     1.928849      2.08409   56.78684    0.00143    1
   0    8    7   0.745828    -0.775165    -1.933794      2.08337   56.78684    0.00143    1
  -2  -12    6   0.745774   -19.364928    -1.672922      19.4371   56.79136    0.12402    1
  -2   12   -6   0.745774   -20.323149     1.277784      20.3633   56.79136    0.13612    1
   2  -12    6   0.745774   -20.312593    -1.413708      20.3617   56.79136    0.13610    1
   2   12   -6   0.745774   -19.377602     1.543194       19.439   56.79136    0.12404    1
 -10   -1   -1   0.745722    -0.080915     1.653298      1.65528   56.79561    0.00090    1
 -10    1    1   0.745722    -0.171087     2.619830      2.62541   56.79561    0.00226    1
  10   -1   -1   0.745722    -0.152913    -2.621463      2.62592   56.79561    0.00226    1
  10    1    1   0.745722    -0.069417    -1.653697      1.65515   56.79561    0.00090    1
  -7   -1   -9   0.745280    10.815787     1.357247      10.9006   56.83241    0.03894    1
  -7    1    9   0.745280   -10.481585     1.162634      10.5459   56.83241    0.03645    1
   7   -1   -9   0.745280   -10.474158    -1.233890      10.5466   56.83241    0.03645    1
   7    1    9   0.745280    10.824569    -1.284377      10.9005   56.83241    0.03894    1
   0  -11   10   0.745256     1.063439     0.540418      1.19288   56.83442    0.00047    1
   0   11  -10   0.745256     1.066640    -0.533239       1.1925   56.83442    0.00047    1
  -4  -11    7   0.744706    -1.536489     0.169838      1.54585   56.88017    0.00078    1
  -4   11   -7   0.744706     1.639816     2.551780      3.03325   56.88017    0.00301    1
   4  -11    7   0.744706     1.657945    -2.540752      3.03384   56.88017    0.00301    1
   4   11   -7   0.744706    -1.535579    -0.179678      1.54606   56.88017    0.00078    1
  -7   -3   10   0.744659     2.421973    -1.126623      2.67119   56.88411    0.00233    1
  -7    3  -10   0.744659     0.595229    -2.334327      2.40902   56.88411    0.00190    1
   7   -3   10   0.744659     0.578849     2.337921      2.40851   56.88411    0.00190    1
   7    3  -10   0.744659     2.412485     1.141983      2.66912   56.88411    0.00233    1
  -4   -9   -4   0.744647    -4.549262     0.158897      4.55204   56.88511    0.00678    1
  -4    9    4   0.744647     6.877621     0.702817      6.91344   56.88511    0.01563    1
   4   -9   -4   0.744647     6.882909    -0.654261      6.91394   56.88511    0.01563    1
   4    9    4   0.744647    -4.547304    -0.190526      4.55129   56.88511    0.00677    1
   0  -10   -4   0.744628    31.096266     3.644904      31.3092   56.88668    0.32056    1
   0   10    4   0.744628    31.118828    -3.433696      31.3077   56.88668    0.32053    1
  -8    0   -8   0.744624     1.711298     2.011297      2.64081   56.88700    0.00228    1
   8    0    8   0.744624     1.725788    -1.997463      2.63974   56.88700    0.00228    1
  -8    0    8   0.744624    -3.021105     0.203246      3.02793   56.88700    0.00300    1
   8    0   -8   0.744624    -3.020956    -0.222858      3.02916   56.88700    0.00300    1
  -4  -10   -2   0.744367    -0.552751     2.540098      2.59954   56.90848    0.00221    1
   4   10    2   0.744367    -0.536153    -2.544076      2.59996   56.90848    0.00221    1
  -4   10    2   0.744367    -2.640769    -2.866433      3.89745   56.90848    0.00496    1
   4  -10   -2   0.744367    -2.659685     2.847692      3.89657   56.90848    0.00496    1
  -4   -6   -8   0.744313    -1.705666    -1.889211      2.54527   56.91295    0.00212    1
  -4    6    8   0.744313    -4.590470     2.027775      5.01839   56.91295    0.00823    1
   4   -6   -8   0.744313    -4.576526    -2.060188      5.01886   56.91295    0.00823    1
   4    6    8   0.744313    -1.719016     1.875971      2.54446   56.91295    0.00211    1
 -10   -1    2   0.744017     6.368413     2.243324      6.75198   56.93766    0.01488    1
 -10    1   -2   0.744017    -6.424574     1.670564      6.63822   56.93766    0.01438    1
  10   -1    2   0.744017    -6.412393    -1.711996        6.637   56.93766    0.01438    1
  10    1   -2   0.744017     6.383396    -2.201825      6.75246   56.93766    0.01488    1
  -3   -3  -11   0.744015    -0.779866    -2.020308       2.1656   56.93787    0.00153    1
  -3    3   11   0.744015    -2.033938    -0.122696      2.03764   56.93787    0.00135    1
   3   -3  -11   0.744015    -2.033467     0.109644      2.03642   56.93787    0.00135    1
   3    3   11   0.744015    -0.792404     2.015063      2.16527   56.93787    0.00153    1
  -3   -6   13   0.743868   -16.533029     4.519598      17.1397   56.95008    0.09582    1
  -3    6  -13   0.743868   -18.854535    -3.228096      19.1289   56.95008    0.11936    1
   3   -6   13   0.743868   -18.875948     3.101313       19.129   56.95008    0.11936    1
   3    6  -13   0.743868   -16.502242    -4.630640      17.1396   56.95008    0.09582    1
  -8   -2   -7   0.743806    -1.839002    -0.492152      1.90372   56.95525    0.00118    1
  -8    2    7   0.743806     1.141789     1.069561      1.56449   56.95525    0.00080    1
   8   -2   -7   0.743806     1.149492    -1.061398      1.56458   56.95525    0.00080    1
   8    2    7   0.743806    -1.842073     0.479469      1.90345   56.95525    0.00118    1
  -7   -5   -6   0.743656     1.175615    -0.143565      1.18435   56.96782    0.00046    1
   7    5    6   0.743656     1.175326     0.151012      1.18499   56.96782    0.00046    1
  -7    5    6   0.743656     1.106465    -1.795756      2.10927   56.96782    0.00145    1
   7   -5   -6   0.743656     1.094419     1.802711      2.10891   56.96782    0.00145    1
 -10    0   -2   0.743549    13.448944    -2.397299      13.6609   56.97681    0.06081    1
 -10    0    2   0.743549     9.703198     0.950718      9.74966   56.97681    0.03097    1
  10    0   -2   0.743549     9.708608    -0.884548      9.74882   56.97681    0.03097    1
  10    0    2   0.743549    13.433108     2.488540      13.6617   56.97681    0.06082    1
  -9    0   -6   0.743395    -0.721134    -1.048606      1.27264   56.98968    0.00053    1
  -9    0    6   0.743395    -2.557262     0.060773      2.55798   56.98968    0.00213    1
   9    0   -6   0.743395    -2.557356    -0.077989      2.55855   56.98968    0.00213    1
   9    0    6   0.743395    -0.728161     1.043659      1.27257   56.98968    0.00053    1
  -7   -4   -7   0.743263    -9.263102    -1.184880      9.33858   57.00072    0.02839    1
   7    4    7   0.743263    -9.270337     1.124582       9.3383   57.00072    0.02839    1
  -7    4    7   0.743263    -7.761513     1.205333      7.85455   57.00072    0.02008    1
   7   -4   -7   0.743263    -7.752970    -1.255119      7.85391   57.00072    0.02008    1
  -4  -11    1   0.743125     0.142484     2.382074      2.38633   57.01228    0.00185    1
  -4   11   -1   0.743125    -2.916705     2.710567      3.98175   57.01228    0.00516    1
   4  -11    1   0.743125    -2.898435    -2.729296       3.9812   57.01228    0.00516    1
   4   11   -1   0.743125     0.157500    -2.380998       2.3862   57.01228    0.00185    1
  -3  -10   -3   0.743026    19.133215    -1.458638      19.1887   57.02058    0.11977    1
   3   10    3   0.743026    19.123267     1.585561      19.1889   57.02058    0.11977    1
  -3   10    3   0.743026    16.669859     2.303477      16.8283   57.02058    0.09212    1
   3  -10   -3   0.743026    16.684839    -2.192592      16.8283   57.02058    0.09212    1
  -9   -5   -1   0.742974   -14.048674    -2.002219      14.1906   57.02495    0.06549    1
   9    5    1   0.742974   -14.062467     1.908376      14.1914   57.02495    0.06550    1
  -9    5    1   0.742974    11.856866    -2.720065      12.1649   57.02495    0.04813    1
   9   -5   -1   0.742974    11.838039     2.798645      12.1644   57.02495    0.04812    1
  -9   -3   -4   0.742960     0.150401    -2.273452      2.27842   57.02606    0.00169    1
   9    3    4   0.742960     0.134908     2.274061      2.27806   57.02606    0.00169    1
  -9    3    4   0.742960    -0.656267    -3.096028      3.16482   57.02606    0.00326    1
   9   -3   -4   0.742960    -0.677903     3.091027      3.16449   57.02606    0.00326    1
  -6    5  -11   0.742804     2.995787     1.443387      3.32537   57.03913    0.00359    1
   6   -5   11   0.742804     3.004549    -1.423585      3.32474   57.03913    0.00359    1
  -6   -5   11   0.742804     4.209211     1.674158      4.52993   57.03913    0.00667    1
   6    5  -11   0.742804     4.219155    -1.646707      4.52912   57.03913    0.00667    1
  -5   -1  -11   0.742799    -2.827375     2.799186      3.97863   57.03955    0.00515    1
   5    1   11   0.742799    -2.809769    -2.819600      3.98057   57.03955    0.00515    1
  -5    1   11   0.742799     1.565750     2.349348       2.8233   57.03955    0.00259    1
   5   -1  -11   0.742799     1.580678    -2.338010       2.8222   57.03955    0.00259    1
  -2  -10   11   0.742531    -2.696162     1.785524      3.23379   57.06202    0.00340    1
  -2   10  -11   0.742531     6.350634    -0.580870      6.37714   57.06202    0.01321    1
   2  -10   11   0.742531     6.347994     0.622564      6.37845   57.06202    0.01321    1
   2   10  -11   0.742531    -2.684824    -1.803250      3.23419   57.06202    0.00340    1
 -10   -2    1   0.742333     0.970636    -0.565989       1.1236   57.07865    0.00041    1
 -10    2   -1   0.742333    -0.514411     4.142887       4.1747   57.07865    0.00566    1
  10   -2    1   0.742333    -0.487640    -4.146339      4.17492   57.07865    0.00566    1
  10    2   -1   0.742333     0.968260     0.572927      1.12507   57.07865    0.00041    1
  -7    2  -10   0.742320     2.079106     2.423916      3.19344   57.07978    0.00331    1
   7   -2   10   0.742320     2.095833    -2.408980      3.19307   57.07978    0.00331    1
  -7   -2   10   0.742320     0.230978    -1.955025      1.96862   57.07978    0.00126    1
   7    2  -10   0.742320     0.218265     1.955847      1.96799   57.07978    0.00126    1
  -4   -5   -9   0.742320    -0.835244    -0.067129     0.837937   57.07980    0.00023    1
   4    5    9   0.742320    -0.836218     0.060862      0.83843   57.07980    0.00023    1
  -4    5    9   0.742320     0.776024    -1.063207      1.31629   57.07980    0.00056    1
   4   -5   -9   0.742320     0.768497     1.067666      1.31548   57.07980    0.00056    1
  -1   -8   -7   0.742190   -20.854108    -2.605645      21.0163   57.09069    0.14327    1
  -1    8    7   0.742190   -22.672378     1.872059      22.7495   57.09069    0.16788    1
   1   -8   -7   0.742190   -22.660756    -2.025079      22.7511   57.09069    0.16790    1
   1    8    7   0.742190   -20.868649     2.464966      21.0137   57.09069    0.14324    1
   0  -11   -2   0.742096     1.291235     0.697714      1.46768   57.09859    0.00070    1
   0   11    2   0.742096     1.295685    -0.689011      1.46749   57.09859    0.00070    1
  -6   -3   -9   0.741983    -1.363112     0.608067      1.49259   57.10810    0.00072    1
   6    3    9   0.741983    -1.358208    -0.616750      1.49168   57.10810    0.00072    1
  -6    3    9   0.741983    -0.677889     0.861364      1.09612   57.10810    0.00039    1
   6   -3   -9   0.741983    -0.671536    -0.866006      1.09587   57.10810    0.00039    1
   0   -8   13   0.741794    -1.124128     6.570400      6.66587   57.12397    0.01439    1
   0    8  -13   0.741794    -1.079849    -6.577523      6.66557   57.12397    0.01439    1
  -1  -11   10   0.741626     1.002491    -2.732799      2.91087   57.13810    0.00274    1
  -1   11  -10   0.741626    -1.912244    -5.341927      5.67388   57.13810    0.01042    1
   1  -11   10   0.741626    -1.949394     5.329447      5.67478   57.13810    0.01043    1
   1   11  -10   0.741626     0.983667     2.740796      2.91197   57.13810    0.00275    1
  -2   -6   -9   0.741587    -1.299365     0.135055      1.30636   57.14135    0.00055    1
  -2    6    9   0.741587     1.102162    -4.697585      4.82515   57.14135    0.00754    1
   2   -6   -9   0.741587     1.070964     4.704864      4.82522   57.14135    0.00754    1
   2    6    9   0.741587    -1.297331    -0.143741      1.30527   57.14135    0.00055    1
  -5  -10    8   0.741586    -3.382537    -2.541060      4.23067   57.14144    0.00579    1
  -5   10   -8   0.741586     5.425232     5.604174      7.79999   57.14144    0.01970    1
   5  -10    8   0.741586     5.464111    -5.567217      7.80067   57.14144    0.01970    1
   5   10   -8   0.741586    -3.400016     2.517871      4.23081   57.14144    0.00579    1
  -7   -4   10   0.741558    -0.476940     0.095023     0.486314   57.14381    0.00008    1
  -7    4  -10   0.741558    -0.169793     2.415719      2.42168   57.14381    0.00190    1
   7   -4   10   0.741558    -0.152975    -2.418027      2.42286   57.14381    0.00190    1
   7    4  -10   0.741558    -0.476397    -0.098006     0.486374   57.14381    0.00008    1
  -6  -10    4   0.741546     7.217654    -1.994175      7.48808   57.14484    0.01815    1
  -6   10   -4   0.741546    10.842426     2.822880      11.2039   57.14484    0.04063    1
   6  -10    4   0.741546    10.860300    -2.748232      11.2026   57.14484    0.04062    1
   6   10   -4   0.741546     7.204392     2.044247      7.48881   57.14484    0.01815    1
  -5   -9   -3   0.741457   -14.896850    -1.721789       14.996   57.15230    0.07277    1
  -5    9    3   0.741457    13.539793    -2.036154       13.692   57.15230    0.06066    1
   5   -9   -3   0.741457    13.525386     2.127696      13.6917   57.15230    0.06066    1
   5    9    3   0.741457   -14.909017     1.620352      14.9968   57.15230    0.07278    1
  -2   -9   12   0.741385   -10.240297     4.532010      11.1983   57.15839    0.04057    1
  -2    9  -12   0.741385     9.201385     5.075435      10.5084   57.15839    0.03572    1
   2   -9   12   0.741385     9.234971    -5.012377      10.5076   57.15839    0.03572    1
   2    9  -12   0.741385   -10.208329    -4.600683      11.1972   57.15839    0.04056    1
  -6   -7   -5   0.741313    -1.282271    -0.642282      1.43414   57.16445    0.00067    1
  -6    7    5   0.741313    -0.324652    -0.411259     0.523959   57.16445    0.00009    1
   6   -7   -5   0.741313    -0.327215     0.409050     0.523824   57.16445    0.00009    1
   6    7    5   0.741313    -1.285931     0.634385       1.4339   57.16445    0.00066    1
 -10   -2    0   0.741310    -8.400637    -0.620871      8.42355   57.16467    0.02295    1
 -10    2    0   0.741310    -4.486900    -0.772841      4.55297   57.16467    0.00670    1
  10   -2    0   0.741310    -4.491435     0.745210      4.55284   57.16467    0.00670    1
  10    2    0   0.741310    -8.405717     0.566480      8.42478   57.16467    0.02296    1
  -5    5  -12   0.741037    -3.723326    -0.128064      3.72553   57.18768    0.00448    1
   5   -5   12   0.741037    -3.723596     0.102708      3.72501   57.18768    0.00448    1
  -5   -5   12   0.741037     1.094048    -1.921582       2.2112   57.18768    0.00158    1
   5    5  -12   0.741037     1.081416     1.928694      2.21118   57.18768    0.00158    1
  -1  -10   -4   0.741008    -0.668965    -2.167358      2.26825   57.19018    0.00166    1
  -1   10    4   0.741008     0.132026     0.406979     0.427858   57.19018    0.00006    1
   1  -10   -4   0.741008     0.134823    -0.405601     0.427422   57.19018    0.00006    1
   1   10    4   0.741008    -0.683108     2.163396      2.26868   57.19018    0.00166    1
  -5   -2   12   0.740786     3.312353    -0.555180      3.35856   57.20886    0.00364    1
  -5    2  -12   0.740786    -1.694308     1.705511      2.40405   57.20886    0.00187    1
   5   -2   12   0.740786    -1.683677    -1.717674      2.40524   57.20886    0.00187    1
   5    2  -12   0.740786     3.307896     0.577617      3.35795   57.20886    0.00364    1
  -6  -10    3   0.740725    -0.866082    -1.416288      1.66011   57.21398    0.00089    1
  -6   10   -3   0.740725    -3.318881    -0.970072      3.45775   57.21398    0.00386    1
   6  -10    3   0.740725    -3.326867     0.948164      3.45934   57.21398    0.00386    1
   6   10   -3   0.740725    -0.874550     1.411050      1.66009   57.21398    0.00089    1
  -6    9   -8   0.740625   -19.567373    -3.675413      19.9096   57.22243    0.12791    1
   6   -9    8   0.740625   -19.591469     3.542960      19.9092   57.22243    0.12791    1
  -6   -9    8   0.740625    19.700330    -2.177804      19.8203   57.22243    0.12677    1
   6    9   -8   0.740625    19.685944     2.310264       19.821   57.22243    0.12678    1
  -7   -9    3   0.740472     6.277585    -0.772237      6.32491   57.23532    0.01290    1
  -7    9   -3   0.740472    -3.371188    -2.377776      4.12538   57.23532    0.00549    1
   7   -9    3   0.740472    -3.386057     2.353825      4.12382   57.23532    0.00548    1
   7    9   -3   0.740472     6.272521     0.815748      6.32534   57.23532    0.01290    1
  -2   -2  -12   0.740464     6.175303    -0.123662      6.17654   57.23605    0.01230    1
   2    2   12   0.740464     6.173949     0.161731      6.17607   57.23605    0.01230    1
  -2    2   12   0.740464     5.980285     0.270203      5.98639   57.23605    0.01156    1
   2   -2  -12   0.740464     5.982672    -0.232827       5.9872   57.23605    0.01156    1
  -8   -5    8   0.740386    -1.042465     0.137703      1.05152   57.24264    0.00036    1
  -8    5   -8   0.740386     1.523825     0.020418      1.52396   57.24264    0.00075    1
   8   -5    8   0.740386     1.523782    -0.008715      1.52381   57.24264    0.00075    1
   8    5   -8   0.740386    -1.041503    -0.146739      1.05179   57.24264    0.00036    1
  -9   -2   -5   0.740339    12.789816     0.864808       12.819   57.24663    0.05298    1
   9    2    5   0.740339    12.794096    -0.781240      12.8179   57.24663    0.05297    1
  -9    2    5   0.740339    16.124352    -1.307981      16.1773   57.24663    0.08437    1
   9   -2   -5   0.740339    16.116153     1.414413      16.1781   57.24663    0.08438    1
   0  -12    1   0.740214    -2.601709     1.714417      3.11578   57.25718    0.00313    1
   0   12   -1   0.740214    -2.589634    -1.732184      3.11555   57.25718    0.00313    1
   0   -4  -11   0.740108     0.814969    -2.049992      2.20605   57.26608    0.00157    1
   0    4   11   0.740108     0.800793     2.056068      2.20651   57.26608    0.00157    1
  -4   -7   -7   0.739760    -0.507531    -0.416091     0.656292   57.29557    0.00014    1
  -4    7    7   0.739760     0.102207     2.346743      2.34897   57.29557    0.00178    1
   4   -7   -7   0.739760     0.116914    -2.345608      2.34852   57.29557    0.00177    1
   4    7    7   0.739760    -0.511118     0.413171      0.65723   57.29557    0.00014    1
  -2   -7   -8   0.739754   -32.023756    -2.145926      32.0956   57.29609    0.33145    1
  -2    7    8   0.739754    31.609868    -1.456485      31.6434   57.29609    0.32217    1
   2   -7   -8   0.739754    31.599289     1.669261      31.6433   57.29609    0.32217    1
   2    7    8   0.739754   -32.037213     1.929766      32.0953   57.29609    0.33144    1
  -7   -9    4   0.739716    -0.967494     0.710125      1.20013   57.29925    0.00046    1
   7    9   -4   0.739716    -0.963016    -0.715677      1.19983   57.29925    0.00046    1
  -7    9   -4   0.739716     0.902322     4.949278      5.03086   57.29925    0.00814    1
   7   -9    4   0.739716     0.935801    -4.942782      5.03059   57.29925    0.00814    1
 -10   -2    2   0.739079   -16.861346     0.233510       16.863   57.35322    0.09129    1
 -10    2   -2   0.739079   -12.309807     1.251674      12.3733   57.35322    0.04915    1
  10   -2    2   0.739079   -12.301495    -1.334018      12.3736   57.35322    0.04915    1
  10    2   -2   0.739079   -16.859468    -0.346246       16.863   57.35322    0.09129    1
  -9   -4   -3   0.739066     3.309956     0.253145      3.31962   57.35438    0.00354    1
   9    4    3   0.739066     3.310564    -0.229183      3.31849   57.35438    0.00354    1
  -9    4    3   0.739066     1.157958    -0.450927      1.24266   57.35438    0.00050    1
   9   -4   -3   0.739066     1.155697     0.461267      1.24435   57.35438    0.00050    1
  -9   -5    5   0.739018    -1.563541    -0.217058      1.57854   57.35843    0.00080    1
  -9    5   -5   0.739018    -1.786173    -0.677867      1.91048   57.35843    0.00117    1
   9   -5    5   0.739018    -1.791473     0.666043      1.91128   57.35843    0.00117    1
   9    5   -5   0.739018    -1.565352     0.206790      1.57895   57.35843    0.00080    1
  -8   -7    6   0.738756    -5.607567     1.713794      5.86361   57.38067    0.01103    1
  -8    7   -6   0.738756     4.521916     3.864844      5.94851   57.38067    0.01135    1
   8   -7    6   0.738756     4.549086    -3.833530      5.94896   57.38067    0.01135    1
   8    7   -6   0.738756    -5.595582    -1.752696      5.86366   57.38067    0.01103    1
  -1  -11   -2   0.738512    -1.825933    -4.898560       5.2278   57.40137    0.00876    1
  -1   11    2   0.738512    -2.266280    -3.469529      4.14411   57.40137    0.00550    1
   1  -11   -2   0.738512    -2.288957     3.453849      4.14348   57.40137    0.00550    1
   1   11    2   0.738512    -1.859560     4.886136      5.22803   57.40137    0.00876    1
  -2  -12    2   0.738383     1.193170     0.378093      1.25164   57.41229    0.00050    1
  -2   12   -2   0.738383     0.110872     0.762964     0.770978   57.41229    0.00019    1
   2  -12    2   0.738383     0.117469    -0.762099     0.771099   57.41229    0.00019    1
   2   12   -2   0.738383     1.194673    -0.370192      1.25071   57.41229    0.00050    1
  -1   -8   13   0.738214    -7.163624    -1.995646       7.4364   57.42666    0.01770    1
  -1    8  -13   0.738214   -11.130899     3.753408      11.7467   57.42666    0.04417    1
   1   -8   13   0.738214   -11.106987    -3.828887      11.7484   57.42666    0.04418    1
   1    8  -13   0.738214    -7.175908     1.946057      7.43511   57.42666    0.01770    1
  -9   -4    6   0.738177    -1.758699     2.601596      3.14027   57.42986    0.00316    1
  -9    4   -6   0.738177     1.975726     0.386344      2.01315   57.42986    0.00130    1
   9   -4    6   0.738177     1.978969    -0.373472       2.0139   57.42986    0.00130    1
   9    4   -6   0.738177    -1.741609    -2.613691      3.14079   57.42986    0.00316    1
   0  -12    8   0.738135    10.229577    -3.417117      10.7852   57.43339    0.03722    1
   0   12   -8   0.738135    10.205090     3.487149      10.7844   57.43339    0.03722    1
  -6  -10    5   0.738105    -0.143220    -2.278948      2.28344   57.43597    0.00167    1
  -6   10   -5   0.738105     0.467477    -1.984241      2.03856   57.43597    0.00133    1
   6  -10    5   0.738105     0.455205     1.988205      2.03965   57.43597    0.00133    1
   6   10   -5   0.738105    -0.159100     2.277847       2.2834   57.43597    0.00167    1
  -6    1  -11   0.738017     0.257709    -1.209165      1.23632   57.44345    0.00049    1
   6   -1   11   0.738017     0.248527     1.210961       1.2362   57.44345    0.00049    1
  -6   -1   11   0.738017     0.662840    -2.810948      2.88804   57.44345    0.00267    1
   6    1  -11   0.738017     0.643668     2.815137      2.88779   57.44345    0.00267    1
 -10   -1   -2   0.737704    -5.809012     0.704549      5.85158   57.47006    0.01094    1
 -10    1    2   0.737704     5.081678    -0.139625       5.0836   57.47006    0.00826    1
  10   -1   -2   0.737704     5.081240     0.172835      5.08418   57.47006    0.00826    1
  10    1    2   0.737704    -5.803148    -0.742743      5.85049   57.47006    0.01094    1
   0   -4   14   0.737637    -4.640351    -0.291917      4.64952   57.47580    0.00691    1
   0    4  -14   0.737637    -4.642692     0.259617      4.64995   57.47580    0.00691    1
  -7   -6   -5   0.737546     5.872507    -0.340698      5.88238   57.48354    0.01105    1
   7    6    5   0.737546     5.869993     0.381564      5.88238   57.48354    0.01105    1
  -7    6    5   0.737546     4.258683     1.473255      4.50631   57.48354    0.00649    1
   7   -6   -5   0.737546     4.268490    -1.442925      4.50578   57.48354    0.00648    1
  -7   -9    2   0.736986     2.472590     2.449756      3.48066   57.53128    0.00386    1
   7    9   -2   0.736986     2.489981    -2.432521      3.48097   57.53128    0.00386    1
  -7    9   -2   0.736986     2.239524     4.612778      5.12769   57.53128    0.00838    1
   7   -9    2   0.736986     2.271225    -4.598241      5.12858   57.53128    0.00838    1
  -2   -5  -10   0.736947     0.897925    -1.427181      1.68615   57.53466    0.00091    1
   2    5   10   0.736947     0.888028     1.431596      1.68465   57.53466    0.00090    1
  -2    5   10   0.736947    -0.395647    -2.384562      2.41716   57.53466    0.00186    1
   2   -5  -10   0.736947    -0.411809     2.383500      2.41881   57.53466    0.00186    1
  -2  -12    7   0.736908    -1.988256    -1.176543      2.31028   57.53798    0.00170    1
  -2   12   -7   0.736908    -0.963825     3.440191      3.57266   57.53798    0.00407    1
   2  -12    7   0.736908    -0.939402    -3.445945       3.5717   57.53798    0.00407    1
   2   12   -7   0.736908    -1.996006     1.162504      2.30986   57.53798    0.00170    1
  -8   -6   -3   0.736816     0.718047     0.374974      0.81006   57.54584    0.00021    1
   8    6    3   0.736816     0.719133    -0.370574     0.808997   57.54584    0.00021    1
  -8    6    3   0.736816    -0.382863    -0.820481     0.905413   57.54584    0.00026    1
   8   -6   -3   0.736816    -0.388634     0.817764     0.905414   57.54584    0.00026    1
  -1  -12    1   0.736657     9.181929     0.856625       9.2218   57.55942    0.02708    1
  -1   12   -1   0.736657     7.682083    -1.602386      7.84742   57.55942    0.01961    1
   1  -12    1   0.736657     7.669635     1.652975      7.84574   57.55942    0.01960    1
   1   12   -1   0.736657     9.188646    -0.794932      9.22297   57.55942    0.02709    1
  -1   -4  -11   0.736553   -10.393550    -0.321452      10.3985   57.56830    0.03442    1
  -1    4   11   0.736553    -7.364500     1.194858       7.4608   57.56830    0.01772    1
   1   -4  -11   0.736553    -7.356357    -1.244807      7.46093   57.56830    0.01772    1
   1    4   11   0.736553   -10.395450     0.251015      10.3985   57.56830    0.03442    1
  -7   -3   -8   0.736397     0.331842     1.611492       1.6453   57.58163    0.00086    1
   7    3    8   0.736397     0.343081    -1.609205      1.64537   57.58163    0.00086    1
  -7    3    8   0.736397     0.573334     1.171824      1.30456   57.58163    0.00054    1
   7   -3   -8   0.736397     0.581479    -1.167967      1.30471   57.58163    0.00054    1
  -3   -9   -5   0.736362     6.958939     0.903206      7.01731   57.58465    0.01567    1
   3    9    5   0.736362     6.965923    -0.855072      7.01821   57.58465    0.01567    1
  -3    9    5   0.736362    -5.671010     0.183150      5.67397   57.58465    0.01024    1
   3   -9   -5   0.736362    -5.668175    -0.222721      5.67255   57.58465    0.01024    1
  -8   -7   -1   0.736270     0.756930    -0.059620     0.759274   57.59252    0.00018    1
   8    7    1   0.736270     0.757323     0.064789     0.760089   57.59252    0.00018    1
  -8    7    1   0.736270    -1.528643    -1.726250       2.3058   57.59252    0.00169    1
   8   -7   -1   0.736270    -1.540172     1.715618      2.30553   57.59252    0.00169    1
  -5   -3  -10   0.736189    -0.989626     1.323981      1.65296   57.59940    0.00087    1
  -5    3   10   0.736189    -0.843760     3.127714      3.23953   57.59940    0.00334    1
   5   -3  -10   0.736189    -0.822474    -3.133454       3.2396   57.59940    0.00334    1
   5    3   10   0.736189    -0.981921    -1.330492       1.6536   57.59940    0.00087    1
  -3  -11    9   0.736185     4.033833    -0.258400       4.0421   57.59972    0.00519    1
  -3   11   -9   0.736185    -4.497947     2.731022      5.26213   57.59972    0.00880    1
   3  -11    9   0.736185    -4.479432    -2.763168      5.26312   57.59972    0.00881    1
   3   11   -9   0.736185     4.031836     0.286980      4.04204   57.59972    0.00519    1
 -10   -2   -1   0.736063    -0.233920     0.784793     0.818913   57.61022    0.00021    1
 -10    2    1   0.736063    -0.825729     2.425762      2.56245   57.61022    0.00209    1
  10   -2   -1   0.736063    -0.808978    -2.431294      2.56235   57.61022    0.00209    1
  10    2    1   0.736063    -0.228941    -0.786601     0.819241   57.61022    0.00021    1
  -2    0  -13   0.735731    -2.799324     1.744324      3.29832   57.63864    0.00345    1
  -2    0   13   0.735731     2.887105    -1.228625      3.13766   57.63864    0.00313    1
   2    0  -13   0.735731     2.878823     1.248560      3.13792   57.63864    0.00313    1
   2    0   13   0.735731    -2.786956    -1.763264      3.29791   57.63864    0.00345    1
  -6  -10    2   0.735685   -10.459532    -2.984459       10.877   57.64256    0.03755    1
  -6   10   -2   0.735685   -10.640444     2.403026      10.9084   57.64256    0.03777    1
   6  -10    2   0.735685   -10.624955    -2.476025      10.9096   57.64256    0.03778    1
   6   10   -2   0.735685   -10.478848     2.912062       10.876   57.64256    0.03754    1
  -3   -1   13   0.735597     0.693824    -1.767600      1.89889   57.65012    0.00114    1
  -3    1  -13   0.735597     1.289890    -0.205376      1.30614   57.65012    0.00054    1
   3   -1   13   0.735597     1.288759     0.211120      1.30594   57.65012    0.00054    1
   3    1  -13   0.735597     0.681216     1.775089      1.90131   57.65012    0.00115    1
   0   -5   14   0.735527    -1.051262    -0.175257      1.06577   57.65614    0.00036    1
   0    5  -14   0.735527    -1.052396     0.168010      1.06572   57.65614    0.00036    1
 -10   -1    3   0.734959    -0.038815    -3.206568       3.2068   57.70489    0.00326    1
 -10    1   -3   0.734959    -0.860694    -3.186633      3.30082   57.70489    0.00345    1
  10   -1    3   0.734959    -0.882470     3.181900      3.30201   57.70489    0.00345    1
  10    1   -3   0.734959    -0.059832     3.207275      3.20783   57.70489    0.00326    1
  -7   -9    5   0.734756     2.133405     1.938972      2.88289   57.72231    0.00263    1
   7    9   -5   0.734756     2.145820    -1.924962      2.88271   57.72231    0.00263    1
  -7    9   -5   0.734756     0.270236     3.009057      3.02117   57.72231    0.00289    1
   7   -9    5   0.734756     0.289972    -3.007372      3.02132   57.72231    0.00289    1
  -7   -1   10   0.734692    -0.810996    -1.319361      1.54869   57.72784    0.00076    1
  -7    1  -10   0.734692     1.297279    -2.449979      2.77224   57.72784    0.00243    1
   7   -1   10   0.734692     1.281611     2.458595      2.77258   57.72784    0.00243    1
   7    1  -10   0.734692    -0.819764     1.313701      1.54849   57.72784    0.00076    1
  -1  -12    8   0.734608    -1.492564     2.007819      2.50182   57.73504    0.00198    1
  -1   12   -8   0.734608    -2.236753    -1.238568      2.55678   57.73504    0.00207    1
   1  -12    8   0.734608    -2.245750     1.222491      2.55693   57.73504    0.00207    1
   1   12   -8   0.734608    -1.478751    -2.017990       2.5018   57.73504    0.00198    1
   0   -3   14   0.734459    -2.343217    -1.149449      2.60996   57.74782    0.00215    1
   0    3  -14   0.734459    -2.351437     1.133373      2.61032   57.74782    0.00215    1
  -5  -10   -1   0.734297     0.278021    -1.403061      1.43034   57.76182    0.00065    1
   5   10    1   0.734297     0.269838     1.404610      1.43029   57.76182    0.00065    1
  -5   10    1   0.734297     0.789439     2.956881      3.06045   57.76182    0.00296    1
   5  -10   -1   0.734297     0.808482    -2.952792      3.06147   57.76182    0.00296    1
  -1   -4   14   0.734117    -0.038407     4.291402      4.29157   57.77731    0.00581    1
  -1    4  -14   0.734117     0.308107    -0.593098     0.668352   57.77731    0.00014    1
   1   -4   14   0.734117     0.304447     0.595501     0.668812   57.77731    0.00014    1
   1    4  -14   0.734117    -0.009976    -4.292085       4.2921   57.77731    0.00582    1
  -4   -4  -10   0.733934    13.874048     3.143044      14.2256   57.79307    0.06385    1
  -4    4   10   0.733934    15.002300    -0.687748      15.0181   57.79307    0.07117    1
   4   -4  -10   0.733934    14.998136     0.790349      15.0189   57.79307    0.07117    1
   4    4   10   0.733934    13.894153    -3.048600      14.2247   57.79307    0.06385    1
  -9   -6    2   0.733853     0.066490    -1.531651      1.53309   57.80004    0.00074    1
  -9    6   -2   0.733853     1.186199     0.747155      1.40189   57.80004    0.00062    1
   9   -6    2   0.733853     1.189460    -0.738335      1.39998   57.80004    0.00062    1
   9    6   -2   0.733853     0.056877     1.531694      1.53275   57.80004    0.00074    1
  -3  -11   -1   0.733644    -6.472479    -0.446368      6.48785   57.81804    0.01327    1
   3   11    1   0.733644    -6.474865     0.405666      6.48756   57.81804    0.01327    1
  -3   11    1   0.733644     4.257897    -0.937179      4.35982   57.81804    0.00599    1
   3  -11   -1   0.733644     4.251675     0.962852      4.35934   57.81804    0.00599    1
  -4   -9   11   0.733354     1.578988    -1.471529      2.15838   57.84306    0.00147    1
  -4    9  -11   0.733354    -1.212764    -1.606578      2.01293   57.84306    0.00128    1
   4   -9   11   0.733354    -1.223035     1.598748      2.01291   57.84306    0.00128    1
   4    9  -11   0.733354     1.568706     1.482994      2.15873   57.84306    0.00147    1
  -7   -5   10   0.733217     0.128840     0.136974     0.188047   57.85492    0.00001    1
  -7    5  -10   0.733217    -0.526519    -0.580635      0.78381   57.85492    0.00019    1
   7   -5   10   0.733217    -0.528884     0.576732     0.782521   57.85492    0.00019    1
   7    5  -10   0.733217     0.129558    -0.136319     0.188064   57.85492    0.00001    1
 -10    0   -3   0.732974     0.562722     0.614226     0.833024   57.87591    0.00022    1
 -10    0    3   0.732974     1.275011    -0.549693      1.38846   57.87591    0.00061    1
  10    0   -3   0.732974     1.271232     0.558778      1.38862   57.87591    0.00061    1
  10    0    3   0.732974     0.567120    -0.611217     0.833794   57.87591    0.00022    1
  -3  -12    4   0.732772     0.737660    -5.986405      6.03168   57.89336    0.01143    1
  -3   12   -4   0.732772     2.986229     0.939667      3.13058   57.89336    0.00308    1
   3  -12    4   0.732772     2.991390    -0.918965      3.12936   57.89336    0.00308    1
   3   12   -4   0.732772     0.696554     5.990981      6.03134   57.89336    0.01143    1
  -9   -6    3   0.732672     6.821677    -0.120586      6.82274   57.90204    0.01463    1
  -9    6   -3   0.732672     1.492515    -0.236691      1.51117   57.90204    0.00072    1
   9   -6    3   0.732672     1.491861     0.247018      1.51217   57.90204    0.00072    1
   9    6   -3   0.732672     6.820258     0.166423      6.82229   57.90204    0.01462    1
  -5   -8   -5   0.732668     9.405213     1.618848      9.54352   57.90241    0.02862    1
  -5    8    5   0.732668    10.889114    -2.163102      11.1019   57.90241    0.03872    1
   5   -8   -5   0.732668    10.873460     2.240043      11.1018   57.90241    0.03872    1
   5    8    5   0.732668     9.416206    -1.552599      9.54335   57.90241    0.02862    1
  -3  -12    5   0.732483    -6.332716    -2.806352      6.92668   57.91838    0.01507    1
  -3   12   -5   0.732483    -6.876996     1.816822      7.11294   57.91838    0.01589    1
   3  -12    5   0.732483    -6.865664    -1.862366      7.11377   57.91838    0.01589    1
   3   12   -5   0.732483    -6.350466     2.764148      6.92596   57.91838    0.01506    1
  -1   -5   14   0.732037    -0.527831     2.633069      2.68545   57.95705    0.00226    1
  -1    5  -14   0.732037    -0.516790     1.301280      1.40014   57.95705    0.00061    1
   1   -5   14   0.732037    -0.507803    -1.304600      1.39994   57.95705    0.00061    1
   1    5  -14   0.732037    -0.509533    -2.635984      2.68478   57.95705    0.00226    1
  -5   -9   10   0.731765    -1.353021    -0.921931      1.63726   57.98064    0.00084    1
  -5    9  -10   0.731765    -2.592749    -0.693829      2.68398   57.98064    0.00226    1
   5   -9   10   0.731765    -2.598049     0.677203      2.68486   57.98064    0.00226    1
   5    9  -10   0.731765    -1.359013     0.913720      1.63762   57.98064    0.00084    1
  -4    4  -13   0.731716    -3.365928    -0.924186       3.4905   57.98491    0.00382    1
   4   -4   13   0.731716    -3.371906     0.901845      3.49043   57.98491    0.00382    1
  -4   -4   13   0.731716     1.530304     1.648891      2.24959   57.98491    0.00158    1
   4    4  -13   0.731716     1.539810    -1.639024      2.24887   57.98491    0.00158    1
 -10   -2    3   0.731714     0.143375    -0.480401      0.50134   57.98508    0.00008    1
 -10    2   -3   0.731714    -0.139389     0.826284     0.837959   57.98508    0.00022    1
  10   -2    3   0.731714    -0.133206    -0.826696     0.837359   57.98508    0.00022    1
  10    2   -3   0.731714     0.139508     0.481514     0.501317   57.98508    0.00008    1
  -2   -8   -7   0.731587     2.270147    -3.066360      3.81525   57.99606    0.00456    1
  -2    8    7   0.731587    -1.644839     1.293257      2.09237   57.99606    0.00137    1
   2   -8   -7   0.731587    -1.636838    -1.304545       2.0931   57.99606    0.00137    1
   2    8    7   0.731587     2.247625     3.081978       3.8145   57.99606    0.00455    1
  -9   -1   -6   0.731403     0.883064     3.321041      3.43644   58.01205    0.00369    1
   9    1    6   0.731403     0.905069    -3.314703      3.43605   58.01205    0.00369    1
  -9    1    6   0.731403    -0.105197    -1.383754      1.38775   58.01205    0.00060    1
   9   -1   -6   0.731403    -0.113488     1.383591      1.38824   58.01205    0.00060    1
   0   -9   -6   0.731127    -0.307715     0.298102     0.428431   58.03605    0.00006    1
   0    9    6   0.731127    -0.305970    -0.300951     0.429173   58.03605    0.00006    1
  -2  -11   10   0.731047     1.150046    -0.541933      1.27134   58.04300    0.00051    1
  -2   11  -10   0.731047    -3.845441     1.973365      4.32222   58.04300    0.00584    1
   2  -11   10   0.731047    -3.830692    -1.998206      4.32054   58.04300    0.00583    1
   2   11  -10   0.731047     1.147710     0.549083      1.27229   58.04300    0.00051    1
  -5  -11    4   0.731005     0.824205    -0.964877      1.26898   58.04665    0.00050    1
  -5   11   -4   0.731005     1.906019    -0.746023      2.04682   58.04665    0.00131    1
   5  -11    4   0.731005     1.900119     0.758961      2.04609   58.04665    0.00131    1
   5   11   -4   0.731005     0.817565     0.971345      1.26961   58.04665    0.00050    1
  -1   -3   14   0.730985     4.812600     3.025474      5.68459   58.04843    0.01010    1
  -1    3  -14   0.730985     4.287594     1.256762      4.46799   58.04843    0.00624    1
   1   -3   14   0.730985     4.296026    -1.228891      4.46833   58.04843    0.00624    1
   1    3  -14   0.730985     4.834231    -2.992234      5.68535   58.04843    0.01010    1
  -9   -6    1   0.730900     4.765425    -0.454030      4.78701   58.05577    0.00716    1
  -9    6   -1   0.730900     4.121483     2.080125      4.61666   58.05577    0.00666    1
   9   -6    1   0.730900     4.136234    -2.056032      4.61906   58.05577    0.00666    1
   9    6   -1   0.730900     4.762349     0.482938      4.78677   58.05577    0.00716    1
  -6   -6   11   0.730739     2.207925     5.145795      5.59948   58.06980    0.00979    1
  -6    6  -11   0.730739    -0.554995    -0.459423     0.720478   58.06980    0.00016    1
   6   -6   11   0.730739    -0.557450     0.456604     0.720582   58.06980    0.00016    1
   6    6  -11   0.730739     2.241894    -5.131203      5.59958   58.06980    0.00979    1
 -10   -3    1   0.730654     0.077114    -2.757111      2.75819   58.07720    0.00237    1
 -10    3   -1   0.730654    -1.716250    -1.158869      2.07087   58.07720    0.00134    1
  10   -3    1   0.730654    -1.723380     1.146814      2.07008   58.07720    0.00134    1
  10    3   -1   0.730654     0.057596     2.757930      2.75853   58.07720    0.00237    1
  -6  -10    6   0.730577     1.718632    -2.909338      3.37904   58.08390    0.00356    1
  -6   10   -6   0.730577     3.204331     2.720472      4.20342   58.08390    0.00551    1
   6  -10    6   0.730577     3.224214    -2.699025      4.20479   58.08390    0.00552    1
   6   10   -6   0.730577     1.698128     2.921599      3.37926   58.08390    0.00356    1
  -5   -6   12   0.730565     4.836627    -1.946220      5.21351   58.08494    0.00848    1
  -5    6  -12   0.730565    -6.174222    -3.496137      7.09535   58.08494    0.01571    1
   5   -6   12   0.730565    -6.197268     3.454402        7.095   58.08494    0.01570    1
   5    6  -12   0.730565     4.822846     1.978597      5.21293   58.08494    0.00848    1
  -2  -10   -4   0.730455     7.714657    -0.050461      7.71482   58.09455    0.01856    1
  -2   10    4   0.730455     9.082233     0.220675      9.08491   58.09455    0.02574    1
   2  -10   -4   0.730455     9.084255    -0.159116      9.08565   58.09455    0.02574    1
   2   10    4   0.730455     7.713940     0.102908      7.71463   58.09455    0.01856    1
  -4  -11    8   0.730208    26.999618     4.530935      27.3772   58.11604    0.23354    1
  -4   11   -8   0.730208   -24.091430     3.088504      24.2886   58.11604    0.18382    1
   4  -11    8   0.730208   -24.069904    -3.252224      24.2886   58.11604    0.18382    1
   4   11   -8   0.730208    27.028792    -4.348010      27.3763   58.11604    0.23353    1
  -5    1  -12   0.730164    -0.593467    -1.651248      1.75466   58.11989    0.00096    1
   5   -1   12   0.730164    -0.605372     1.646152      1.75394   58.11989    0.00096    1
  -5   -1   12   0.730164    -0.007216    -2.556711      2.55672   58.11989    0.00204    1
   5    1  -12   0.730164    -0.024527     2.556053      2.55617   58.11989    0.00204    1
  -4   -3   13   0.730120    -1.325117     1.627685      2.09888   58.12376    0.00137    1
  -4    3  -13   0.730120    -3.158616     1.314341      3.42116   58.12376    0.00365    1
   4   -3   13   0.730120    -3.149115    -1.335283      3.42051   58.12376    0.00364    1
   4    3  -13   0.730120    -1.313307    -1.636454      2.09827   58.12376    0.00137    1
  -7   -7    9   0.729832    -5.509546    -2.273898      5.96034   58.14883    0.01106    1
  -7    7   -9   0.729832     1.803766    -1.662415        2.453   58.14883    0.00187    1
   7   -7    9   0.729832     1.792268     1.672959      2.45174   58.14883    0.00187    1
   7    7   -9   0.729832    -5.525115     2.236881      5.96075   58.14883    0.01106    1
  -3   -7   13   0.729612   -10.014263     0.168692      10.0157   58.16808    0.03119    1
  -3    7  -13   0.729612     9.905172    -0.513728      9.91849   58.16808    0.03059    1
   3   -7   13   0.729612     9.900610     0.581099      9.91765   58.16808    0.03059    1
   3    7  -13   0.729612   -10.013651    -0.236248      10.0164   58.16808    0.03120    1
  -5    8  -11   0.729603     1.703434    -1.295939      2.14036   58.16888    0.00142    1
   5   -8   11   0.729603     1.695634     1.309090      2.14217   58.16888    0.00143    1
  -5   -8   11   0.729603     1.414704     2.200311      2.61587   58.16888    0.00213    1
   5    8  -11   0.729603     1.428443    -2.189681      2.61441   58.16888    0.00213    1
  -8   -1   -8   0.729541    -1.043134    -0.170163      1.05692   58.17428    0.00035    1
  -8    1    8   0.729541     2.734142    -1.140231      2.96237   58.17428    0.00273    1
   8   -1   -8   0.729541     2.726384     1.158532      2.96232   58.17428    0.00273    1
   8    1    8   0.729541    -1.043764     0.162813      1.05639   58.17428    0.00035    1
  -7   -9    1   0.729434    13.220292     3.683415      13.7238   58.18363    0.05853    1
   7    9   -1   0.729434    13.245484    -3.593163      13.7242   58.18363    0.05854    1
  -7    9   -1   0.729434   -12.667251     3.972524      13.2755   58.18363    0.05477    1
   7   -9    1   0.729434   -12.639907    -4.058717      13.2756   58.18363    0.05477    1
  -7   -8   -2   0.729360    -1.008335    -0.748805      1.25597   58.19009    0.00049    1
  -7    8    2   0.729360    -1.569379     1.841120      2.41923   58.19009    0.00182    1
   7   -8   -2   0.729360    -1.555748    -1.851943      2.41869   58.19009    0.00182    1
   7    8    2   0.729360    -1.013181     0.741865      1.25575   58.19009    0.00049    1
  -5  -11    5   0.729208    -0.086901    -1.851444      1.85348   58.20336    0.00107    1
  -5   11   -5   0.729208     0.595521    -2.921471      2.98155   58.20336    0.00276    1
   5  -11    5   0.729208     0.576523     2.924341      2.98063   58.20336    0.00276    1
   5   11   -5   0.729208    -0.098023     1.852226      1.85482   58.20336    0.00107    1
 -10   -3    2   0.729050    12.583720     2.832253      12.8985   58.21724    0.05164    1
 -10    3   -2   0.729050    -8.908172     2.893543      9.36633   58.21724    0.02723    1
  10   -3    2   0.729050    -8.888678    -2.956727      9.36754   58.21724    0.02724    1
  10    3   -2   0.729050    12.603206    -2.746076      12.8989   58.21724    0.05164    1
  -4   -8   -6   0.729010   -20.717995    -1.727197      20.7899   58.22072    0.13413    1
   4    8    6   0.729010   -20.729393     1.587988      20.7901   58.22072    0.13413    1
  -4    8    6   0.729010   -18.653577     1.831971      18.7433   58.22072    0.10902    1
   4   -8   -6   0.729010   -18.640852    -1.957947      18.7434   58.22072    0.10902    1
  -3  -12    3   0.728955     2.985460    -0.040244      2.98573   58.22553    0.00277    1
  -3   12   -3   0.728955     3.875020     0.541129      3.91262   58.22553    0.00475    1
   3  -12    3   0.728955     3.878392    -0.513317      3.91221   58.22553    0.00475    1
   3   12   -3   0.728955     2.984962     0.061735       2.9856   58.22553    0.00277    1
  -9   -5   -2   0.728954     0.591286     1.327668      1.45338   58.22561    0.00066    1
  -9    5    2   0.728954    -0.350278     2.699667       2.7223   58.22561    0.00230    1
   9   -5   -2   0.728954    -0.333246    -2.702355      2.72282   58.22561    0.00230    1
   9    5    2   0.728954     0.598814    -1.323846      1.45298   58.22561    0.00066    1
  -4  -10   10   0.728827    -0.973091     3.309543      3.44964   58.23676    0.00369    1
  -4   10  -10   0.728827    -0.451740    -3.656692      3.68449   58.23676    0.00421    1
   4  -10   10   0.728827    -0.476682     3.653427      3.68439   58.23676    0.00421    1
   4   10  -10   0.728827    -0.950144    -3.315273      3.44874   58.23676    0.00369    1
  -5  -11    3   0.728712     4.267707    -2.285466      4.84114   58.24678    0.00727    1
  -5   11   -3   0.728712    -1.205290    -3.866882      4.05037   58.24678    0.00509    1
   5  -11    3   0.728712    -1.230773     3.858190      4.04974   58.24678    0.00508    1
   5   11   -3   0.728712     4.252887     2.315053      4.84216   58.24678    0.00727    1
   0   -6   14   0.728263   -26.098556     2.210186       26.192   58.28615    0.21235    1
   0    6  -14   0.728263   -26.082191    -2.385132       26.191   58.28615    0.21234    1
  -4  -11    0   0.728222    17.310916     3.417540       17.645   58.28975    0.09636    1
   4   11    0   0.728222    17.334114    -3.296726      17.6448   58.28975    0.09636    1
  -4   11    0   0.728222   -18.893480     3.630377      19.2391   58.28975    0.11456    1
   4  -11    0   0.728222   -18.868842    -3.761314      19.2401   58.28975    0.11457    1
 -10   -3    0   0.728175    15.999309    -3.035410      16.2847   58.29387    0.08206    1
 -10    3    0   0.728175   -16.010563    -3.915906      16.4825   58.29387    0.08407    1
  10   -3    0   0.728175   -16.036389     3.808660      16.4825   58.29387    0.08407    1
  10    3    0   0.728175    15.978689     3.143211      16.2849   58.29387    0.08207    1
  -4    5  -13   0.728153    -0.554738     0.795385     0.969728   58.29584    0.00029    1
   4   -5   13   0.728153    -0.549331    -0.798872     0.969516   58.29584    0.00029    1
  -4   -5   13   0.728153     0.924038     4.846012      4.93332   58.29584    0.00753    1
   4    5  -13   0.728153     0.956870    -4.839776      4.93346   58.29584    0.00753    1
  -3  -12    6   0.728102     0.086895     0.419096      0.42801   58.30029    0.00006    1
  -3   12   -6   0.728102     0.144569     0.416790     0.441151   58.30029    0.00006    1
   3  -12    6   0.728102     0.147118    -0.415233     0.440525   58.30029    0.00006    1
   3   12   -6   0.728102     0.089964    -0.418781     0.428336   58.30029    0.00006    1
  -2  -11   -2   0.728064    10.887932     0.276525      10.8914   58.30365    0.03669    1
  -2   11    2   0.728064   -13.156580     0.623752      13.1714   58.30365    0.05367    1
   2  -11   -2   0.728064   -13.152292    -0.714003      13.1717   58.30365    0.05367    1
   2   11    2   0.728064    10.889650    -0.200695      10.8915   58.30365    0.03669    1
  -8   -8    3   0.727991     2.161354    -1.377727      2.56312   58.31004    0.00203    1
   8    8   -3   0.727991     2.153500     1.392831      2.56467   58.31004    0.00203    1
  -8    8   -3   0.727991     0.062566     2.253681      2.25455   58.31004    0.00157    1
   8   -8    3   0.727991     0.076240    -2.254180      2.25547   58.31004    0.00157    1
  -2   -8   13   0.727779    -0.460029    -0.639695     0.787932   58.32869    0.00019    1
  -2    8  -13   0.727779     2.886546     0.353672      2.90813   58.32869    0.00261    1
   2   -8   13   0.727779     2.889130    -0.333862      2.90836   58.32869    0.00261    1
   2    8  -13   0.727779    -0.463918     0.637066     0.788082   58.32869    0.00019    1
  -1   -9   -6   0.727699     1.672536     1.130980      2.01903   58.33571    0.00126    1
  -1    9    6   0.727699     1.210197     5.335593      5.47112   58.33571    0.00925    1
   1   -9   -6   0.727699     1.247223    -5.327606      5.47165   58.33571    0.00925    1
   1    9    6   0.727699     1.680835    -1.119919      2.01976   58.33571    0.00126    1
  -7   -8    8   0.727466     2.726175    -1.990994      3.37581   58.35621    0.00352    1
  -7    8   -8   0.727466     3.453981     3.314752      4.78723   58.35621    0.00707    1
   7   -8    8   0.727466     3.476113    -3.290076      4.78623   58.35621    0.00707    1
   7    8   -8   0.727466     2.711423     2.008816      3.37449   58.35621    0.00352    1
  -9   -6    4   0.727416     0.702285     2.826999      2.91292   58.36060    0.00262    1
  -9    6   -4   0.727416     1.502396     0.766619      1.68668   58.36060    0.00088    1
   9   -6    4   0.727416     1.508012    -0.756251      1.68701   58.36060    0.00088    1
   9    6   -4   0.727416     0.722443    -2.821693      2.91271   58.36060    0.00262    1
  -9    2   -7   0.727297    -0.149741     1.366304      1.37449   58.37109    0.00058    1
   9   -2    7   0.727297    -0.140989    -1.368253       1.3755   58.37109    0.00058    1
  -9   -2    7   0.727297    -3.687244    -0.790264      3.77098   58.37109    0.00439    1
   9    2   -7   0.727297    -3.692007     0.763672      3.77016   58.37109    0.00439    1
  -6   -9   -2   0.727222     4.559150    -0.604752      4.59908   58.37768    0.00652    1
  -6    9    2   0.727222    -3.859956     0.708493      3.92444   58.37768    0.00475    1
   6   -9   -2   0.727222    -3.854604    -0.733286      3.92373   58.37768    0.00475    1
   6    9    2   0.727222     4.554520     0.634089      4.59845   58.37768    0.00652    1
   0   -1  -13   0.727221    -5.135748    -2.427542      5.68057   58.37776    0.00995    1
   0    1   13   0.727221    -5.151887     2.393613      5.68078   58.37776    0.00995    1
  -8    3   -9   0.727025     1.311960    -1.961463      2.35978   58.39500    0.00172    1
   8   -3    9   0.727025     1.300063     1.971389      2.36147   58.39500    0.00172    1
  -8   -3    9   0.727025     0.566181    -2.555838       2.6178   58.39500    0.00211    1
   8    3   -9   0.727025     0.548322     2.559480      2.61756   58.39500    0.00211    1
 -10   -2   -2   0.726854   -22.089061    -2.360896      22.2149   58.41005    0.15203    1
 -10    2    2   0.726854   -23.179652     2.560693      23.3207   58.41005    0.16754    1
  10   -2   -2   0.726854   -23.161019    -2.718506        23.32   58.41005    0.16753    1
  10    2    2   0.726854   -22.104701     2.210255      22.2149   58.41005    0.15203    1
  -6  -10    1   0.726679     1.275180    -2.385410      2.70486   58.42554    0.00225    1
  -6   10   -1   0.726679     1.929107     3.030803      3.59266   58.42554    0.00397    1
   6  -10    1   0.726679     1.948837    -3.017802      3.59237   58.42554    0.00397    1
   6   10   -1   0.726679     1.259284     2.394407      2.70536   58.42554    0.00225    1
  -8   -2    9   0.726330    -0.199140    -2.576677      2.58436   58.45626    0.00205    1
  -8    2   -9   0.726330     2.225168     0.634539      2.31387   58.45626    0.00165    1
   8   -2    9   0.726330     2.229463    -0.619400      2.31391   58.45626    0.00165    1
   8    2   -9   0.726330    -0.217696     2.574436      2.58362   58.45626    0.00205    1
  -6   -2  -10   0.726322     4.754024     2.657425      5.44634   58.45700    0.00912    1
   6    2   10   0.726322     4.771982    -2.626512      5.44705   58.45700    0.00912    1
  -6    2   10   0.726322     4.412904    -1.987714      4.83991   58.45700    0.00720    1
   6   -2  -10   0.726322     4.399139     2.016977      4.83949   58.45700    0.00720    1
  -2  -12    1   0.726286     0.663384     0.902320      1.11994   58.46016    0.00039    1
  -2   12   -1   0.726286    -0.812865     5.198491      5.26166   58.46016    0.00851    1
   2  -12    1   0.726286    -0.777329    -5.202910      5.26066   58.46016    0.00851    1
   2   12   -1   0.726286     0.668548    -0.897460       1.1191   58.46016    0.00039    1
   0   -2   14   0.726195    24.012322    -5.529405      24.6407   58.46817    0.18663    1
   0    2  -14   0.726195    23.973370     5.691959      24.6398   58.46817    0.18662    1
  -2   -4  -11   0.726187     1.636151    -2.279743       2.8061   58.46894    0.00242    1
  -2    4   11   0.726187    -2.269305     1.876414       2.9446   58.46894    0.00267    1
   2   -4  -11   0.726187    -2.257069    -1.891524      2.94486   58.46894    0.00267    1
   2    4   11   0.726187     1.620857     2.289948      2.80554   58.46894    0.00242    1
  -8   -8    2   0.726159     0.570761     2.520565      2.58438   58.47138    0.00205    1
   8    8   -2   0.726159     0.587107    -2.517051      2.58462   58.47138    0.00205    1
  -8    8   -2   0.726159    -0.904290    -2.832713      2.97355   58.47138    0.00272    1
   8   -8    2   0.726159    -0.923207     2.826021        2.973   58.47138    0.00272    1
 -10   -1   -3   0.725885     0.925512    -2.464084      2.63216   58.49562    0.00213    1
 -10    1    3   0.725885    -0.327853    -0.497516     0.595827   58.49562    0.00011    1
  10   -1   -3   0.725885    -0.330976     0.494722     0.595227   58.49562    0.00011    1
  10    1    3   0.725885     0.909130     2.469870      2.63188   58.49562    0.00213    1
  -7   -9    6   0.725841     3.225242     3.306464      4.61897   58.49953    0.00655    1
   7    9   -6   0.725841     3.247302    -3.284789      4.61896   58.49953    0.00655    1
  -7    9   -6   0.725841     3.966208    -0.219600      3.97228   58.49953    0.00484    1
   7   -9    6   0.725841     3.964636     0.246868      3.97231   58.49953    0.00484    1
  -8   -8    4   0.725784   -21.010517    -1.881995      21.0946   58.50453    0.13659    1
   8    8   -4   0.725784   -21.023019     1.739029      21.0948   58.50453    0.13659    1
  -8    8   -4   0.725784   -18.386782     2.474439      18.5525   58.50453    0.10565    1
   8   -8    4   0.725784   -18.368951    -2.598707      18.5519   58.50453    0.10564    1
  -4   -8   12   0.725616    10.243524    -2.738432      10.6032   58.51942    0.03449    1
  -4    8  -12   0.725616    11.978259     2.528113      12.2421   58.51942    0.04598    1
   4   -8   12   0.725616    11.995723    -2.448200       12.243   58.51942    0.04598    1
   4    8  -12   0.725616    10.224488     2.806517      10.6027   58.51942    0.03449    1
  -7   -7   -4   0.725399    -1.659812    -0.231926      1.67594   58.53858    0.00086    1
   7    7    4   0.725399    -1.662261     0.220239      1.67679   58.53858    0.00086    1
  -7    7    4   0.725399    -0.988271     1.637219      1.91237   58.53858    0.00112    1
   7   -7   -4   0.725399    -0.977709    -1.643902      1.91268   58.53858    0.00112    1
  -6   -8   -4   0.725380    -0.553446    -0.813568     0.983969   58.54027    0.00030    1
  -6    8    4   0.725380    -4.204260     1.863677      4.59881   58.54027    0.00648    1
   6   -8   -4   0.725380    -4.190993    -1.893080      4.59871   58.54027    0.00648    1
   6    8    4   0.725380    -0.558860     0.810354     0.984377   58.54027    0.00030    1
  -3  -10   11   0.725084    24.220096    -0.807108      24.2335   58.56649    0.17983    1
  -3   10  -11   0.725084    23.022441     2.937520      23.2091   58.56649    0.16495    1
   3  -10   11   0.725084    23.041275    -2.780124      23.2084   58.56649    0.16494    1
   3   10  -11   0.725084    24.214163     0.971603      24.2336   58.56649    0.17983    1
  -9   -3    7   0.725018     3.155750     2.588778      4.08173   58.57239    0.00510    1
  -9    3   -7   0.725018    -3.578167     4.806350      5.99202   58.57239    0.01099    1
   9   -3    7   0.725018    -3.546566    -4.831680       5.9936   58.57239    0.01100    1
   9    3   -7   0.725018     3.172700    -2.565293      4.08004   58.57239    0.00510    1
  -4   -1  -12   0.724909   -19.516080     0.509777      19.5227   58.58202    0.11664    1
   4    1   12   0.724909   -19.512296    -0.646514       19.523   58.58202    0.11664    1
  -4    1   12   0.724909    16.828858     1.102845       16.865   58.58202    0.08704    1
   4   -1  -12   0.724909    16.836200    -0.984412       16.865   58.58202    0.08704    1
  -1   -6   14   0.724875    -2.648747    -0.193002      2.65577   58.58502    0.00216    1
  -1    6  -14   0.724875     4.408630    -1.719586      4.73212   58.58502    0.00685    1
   1   -6   14   0.724875     4.397598     1.749633      4.73287   58.58502    0.00685    1
   1    6  -14   0.724875    -2.650036     0.175530      2.65584   58.58502    0.00216    1
  -9    1   -7   0.724506     7.984238    -3.470293       8.7058   58.61779    0.02316    1
   9   -1    7   0.724506     7.959592     3.523806      8.70473   58.61779    0.02316    1
  -9   -1    7   0.724506    -4.893399    -2.951913      5.71482   58.61779    0.00998    1
   9    1   -7   0.724506    -4.914002     2.919048      5.71562   58.61779    0.00998    1
  -2  -12    8   0.724322     4.215012     2.140745      4.72749   58.63407    0.00683    1
  -2   12   -8   0.724322     3.165548    -0.725008      3.24751   58.63407    0.00322    1
   2  -12    8   0.724322     3.161156     0.746211      3.24804   58.63407    0.00322    1
   2   12   -8   0.724322     4.228612    -2.111791      4.72661   58.63407    0.00682    1
  -3   -6   -9   0.724205    25.315035     1.711247      25.3728   58.64452    0.19655    1
  -3    6    9   0.724205    24.923663    -1.780762      24.9872   58.64452    0.19062    1
   3   -6   -9   0.724205    24.911311     1.949468      24.9875   58.64452    0.19062    1
   3    6    9   0.724205    25.326195    -1.539012      25.3729   58.64452    0.19655    1
   0  -10   12   0.724099     5.038092    -3.826712      6.32662   58.65390    0.01222    1
   0   10  -12   0.724099     5.012828     3.861650      6.32778   58.65390    0.01222    1
  -8   -4   -6   0.724061   -12.880851     0.681812      12.8989   58.65735    0.05077    1
   8    4    6   0.724061   -12.875958    -0.768236      12.8989   58.65735    0.05077    1
  -8    4    6   0.724061    -9.449437    -2.340048      9.73487   58.65735    0.02892    1
   8   -4   -6   0.724061    -9.465293     2.276817      9.73528   58.65735    0.02892    1
  -3   -9   12   0.724016     0.895572     3.603560      3.71318   58.66129    0.00421    1
  -3    9  -12   0.724016     2.079931    -2.087632      2.94692   58.66129    0.00265    1
   3   -9   12   0.724016     2.065252     2.102490      2.94716   58.66129    0.00265    1
   3    9  -12   0.724016     0.919541    -3.597263      3.71293   58.66129    0.00421    1
   0  -12    0   0.724005   -14.192386    -3.155360      14.5389   58.66232    0.06449    1
   0   12    0   0.724005   -14.213636     3.060013      14.5393   58.66232    0.06449    1
  -9   -5    6   0.723984     0.633470     0.741615     0.975334   58.66418    0.00029    1
  -9    5   -6   0.723984    -1.019773    -1.109306      1.50682   58.66418    0.00069    1
   9   -5    6   0.723984    -1.028000     1.101308      1.50654   58.66418    0.00069    1
   9    5   -6   0.723984     0.637172    -0.738368     0.975283   58.66418    0.00029    1
  -8   -6    8   0.723977    10.070701     4.688230      11.1085   58.66480    0.03764    1
   8    6   -8   0.723977    10.103017    -4.616575      11.1078   58.66480    0.03764    1
  -8    6   -8   0.723977     9.346153    -5.365566      10.7768   58.66480    0.03543    1
   8   -6    8   0.723977     9.308448     5.430868      10.7769   58.66480    0.03543    1
  -9   -6    0   0.723960     1.362419     0.528218      1.46123   58.66628    0.00065    1
   9    6    0   0.723960     1.365928    -0.518852      1.46115   58.66628    0.00065    1
  -9    6    0   0.723960     0.615950     1.077782      1.24137   58.66628    0.00047    1
   9   -6    0   0.723960     0.622771    -1.073097      1.24072   58.66628    0.00047    1
  -6    0  -11   0.723932    -0.137431     0.739966      0.75262   58.66880    0.00017    1
  -6    0   11   0.723932    -0.777058    -5.053118      5.11252   58.66880    0.00797    1
   6    0  -11   0.723932    -0.811804     5.047852      5.11271   58.66880    0.00797    1
   6    0   11   0.723932    -0.133109    -0.740503     0.752372   58.66880    0.00017    1
  -2   -4   14   0.723852    -4.818046    -0.589750      4.85401   58.67593    0.00718    1
  -2    4  -14   0.723852    -7.651628     1.278292      7.75767   58.67593    0.01835    1
   2   -4   14   0.723852    -7.642218    -1.329019      7.75692   58.67593    0.01835    1
   2    4  -14   0.723852    -4.822521     0.557903      4.85468   58.67593    0.00719    1
  -1   -1  -13   0.723847   -12.881923    -3.271768      13.2909   58.67633    0.05387    1
  -1    1   13   0.723847    13.298653    -3.465140      13.7427   58.67633    0.05759    1
   1   -1  -13   0.723847    13.273503     3.556584      13.7417   58.67633    0.05758    1
   1    1   13   0.723847   -12.904787     3.182593      13.2914   58.67633    0.05387    1
  -7   -2   -9   0.723580     1.516860     1.297726      1.99624   58.70016    0.00121    1
   7    2    9   0.723580     1.524938    -1.289163      1.99684   58.70016    0.00121    1
  -7    2    9   0.723580     0.297194     0.718341     0.777392   58.70016    0.00018    1
   7   -2   -9   0.723580     0.303131    -0.718297      0.77964   58.70016    0.00019    1
  -4    2  -13   0.723465    -4.926441    -1.779100      5.23784   58.71037    0.00835    1
   4   -2   13   0.723465    -4.938759     1.745315      5.23808   58.71037    0.00836    1
  -4   -2   13   0.723465     5.377884     1.178679      5.50554   58.71037    0.00923    1
   4    2  -13   0.723465     5.385865    -1.141576      5.50552   58.71037    0.00923    1
 -10   -3    3   0.723442     1.769484    -1.729017      2.47398   58.71238    0.00186    1
 -10    3   -3   0.723442    -0.526186    -0.940849      1.07799   58.71238    0.00035    1
  10   -3    3   0.723442    -0.532600     0.938541      1.07913   58.71238    0.00035    1
  10    3   -3   0.723442     1.757218     1.742086       2.4744   58.71238    0.00186    1
  -5  -11    6   0.723412    -0.397900     3.252229      3.27648   58.71511    0.00327    1
  -5   11   -6   0.723412     3.758512     1.132851      3.92553   58.71511    0.00469    1
   5  -11    6   0.723412     3.766832    -1.107336      3.92622   58.71511    0.00469    1
   5   11   -6   0.723412    -0.375787    -3.254437      3.27606   58.71511    0.00327    1
  -3   -2  -12   0.723158     1.571985    -0.622976      1.69093   58.73767    0.00087    1
   3    2   12   0.723158     1.568438     0.634196       1.6918   58.73767    0.00087    1
  -3    2   12   0.723158    -2.512484    -1.044395      2.72091   58.73767    0.00225    1
   3   -2  -12   0.723158    -2.518994     1.026265      2.72003   58.73767    0.00225    1
   0   -3  -12   0.723086     1.027785    -1.900237      2.16038   58.74418    0.00142    1
   0    3   12   0.723086     1.014863     1.907344      2.16053   58.74418    0.00142    1
  -1   -2   14   0.722836     5.360340    -2.215983      5.80033   58.76646    0.01022    1
  -1    2  -14   0.722836    -2.020559     0.012684       2.0206   58.76646    0.00124    1
   1   -2   14   0.722836    -2.021226    -0.026924      2.02141   58.76646    0.00124    1
   1    2  -14   0.722836     5.346299     2.252843      5.80157   58.76646    0.01023    1
  -6   -8   10   0.722775    -3.230001    -0.347110       3.2486   58.77188    0.00321    1
  -6    8  -10   0.722775    -2.909433     0.152621      2.91343   58.77188    0.00258    1
   6   -8   10   0.722775    -2.907797    -0.171113      2.91283   58.77188    0.00258    1
   6    8  -10   0.722775    -3.232968     0.326782      3.24944   58.77188    0.00321    1
  -8   -7    7   0.722697    -1.869810    -2.013932      2.74811   58.77888    0.00229    1
  -8    7   -7   0.722697    -4.111656    -4.793436      6.31528   58.77888    0.01211    1
   8   -7    7   0.722697    -4.143400     4.765726      6.31505   58.77888    0.01211    1
   8    7   -7   0.722697    -1.883109     2.000797       2.7476   58.77888    0.00229    1
  -8    4   -9   0.722669     3.361771     2.166566      3.99944   58.78134    0.00486    1
   8   -4    9   0.722669     3.376586    -2.143587      3.99954   58.78134    0.00486    1
  -8   -4    9   0.722669    -1.661339    -4.299223      4.60905   58.78134    0.00645    1
   8    4   -9   0.722669    -1.690072     4.287856      4.60891   58.78134    0.00645    1
  -3   -7   -8   0.722497    -0.591931     0.746075     0.952371   58.79674    0.00028    1
  -3    7    8   0.722497    -0.998348    -1.963463       2.2027   58.79674    0.00147    1
   3   -7   -8   0.722497    -1.011288     1.956723       2.2026   58.79674    0.00147    1
   3    7    8   0.722497    -0.585941    -0.749874      0.95165   58.79674    0.00027    1
  -5  -11    2   0.722444     1.377648     2.304740       2.6851   58.80145    0.00219    1
  -5   11   -2   0.722444     0.774375     3.302812      3.39238   58.80145    0.00349    1
   5  -11    2   0.722444     0.797037    -3.296989      3.39196   58.80145    0.00349    1
   5   11   -2   0.722444     1.394393    -2.295269      2.68563   58.80145    0.00219    1
  -7    0  -10   0.722250     2.387560     1.665818      2.91125   58.81877    0.00257    1
  -7    0   10   0.722250    -0.475579     0.591850     0.759251   58.81877    0.00017    1
   7    0  -10   0.722250    -0.471632    -0.594448     0.758818   58.81877    0.00017    1
   7    0   10   0.722250     2.399112    -1.649211      2.91129   58.81877    0.00257    1
 -10   -1    4   0.722230    -6.649998     2.683884      7.17117   58.82059    0.01559    1
 -10    1   -4   0.722230     6.997509     2.495666      7.42923   58.82059    0.01674    1
  10   -1    4   0.722230     7.014630    -2.445651      7.42874   58.82059    0.01674    1
  10    1   -4   0.722230    -6.631019    -2.731535      7.17159   58.82059    0.01560    1
  -8   -5   -5   0.721916     0.330703    -0.899091     0.957982   58.84870    0.00028    1
   8    5    5   0.721916     0.324346     0.901177     0.957768   58.84870    0.00028    1
  -8    5    5   0.721916    -0.484668    -3.649615      3.68166   58.84870    0.00411    1
   8   -5   -5   0.721916    -0.510687     3.646041      3.68163   58.84870    0.00411    1
  -2   -5   14   0.721857    15.555450    -3.393420      15.9213   58.85394    0.07677    1
  -2    5  -14   0.721857   -15.553229    -4.208473      16.1125   58.85394    0.07863    1
   2   -5   14   0.721857   -15.581839     4.100703      16.1124   58.85394    0.07863    1
   2    5  -14   0.721857    15.532151     3.500716      15.9218   58.85394    0.07678    1
  -5  -10    9   0.721792    -6.311849    -0.171228      6.31417   58.85983    0.01207    1
  -5   10   -9   0.721792    -6.968444    -0.382663      6.97894   58.85983    0.01475    1
   5  -10    9   0.721792    -6.971533     0.336027      6.97963   58.85983    0.01475    1
   5   10   -9   0.721792    -6.312795     0.128936      6.31411   58.85983    0.01207    1
 -10   -3   -1   0.721736     1.388998     2.371789      2.74858   58.86478    0.00229    1
  10    3    1   0.721736     1.404497    -2.362408      2.74838   58.86478    0.00229    1
 -10    3    1   0.721736    -1.287243     4.662250      4.83669   58.86478    0.00708    1
  10   -3   -1   0.721736    -1.255407    -4.669994      4.83579   58.86478    0.00708    1
   0  -12    9   0.721506    -1.726334     0.308392      1.75366   58.88539    0.00093    1
   0   12   -9   0.721506    -1.725856    -0.320389      1.75534   58.88539    0.00093    1
  -3  -12    2   0.721220    -0.217609    -0.308691     0.377682   58.91107    0.00004    1
  -3   12   -2   0.721220     0.015271     0.251213     0.251677   58.91107    0.00002    1
   3  -12    2   0.721220     0.016725    -0.251354      0.25191   58.91107    0.00002    1
   3   12   -2   0.721220    -0.220563     0.306570     0.377668   58.91107    0.00004    1
  -2   -3   14   0.720848   -17.418683    -3.227806      17.7152   58.94444    0.09472    1
  -2    3  -14   0.720848    16.253239    -2.487645      16.4425   58.94444    0.08160    1
   2   -3   14   0.720848    16.236614     2.598675      16.4433   58.94444    0.08161    1
   2    3  -14   0.720848   -17.440014     3.108431      17.7149   58.94444    0.09472    1
  -1  -10   12   0.720769     3.204720    -1.043356      3.37028   58.95160    0.00343    1
  -1   10  -12   0.720769    -0.323066    -0.286007     0.431476   58.95160    0.00006    1
   1  -10   12   0.720769    -0.325650     0.283745     0.431925   58.95160    0.00006    1
   1   10  -12   0.720769     3.196361     1.065696      3.36934   58.95160    0.00343    1
  -1  -12    0   0.720675    -2.019011     2.009496      2.84859   58.95999    0.00245    1
  -1   12    0   0.720675    -0.985828    -1.606957      1.88525   58.95999    0.00107    1
   1  -12    0   0.720675    -0.996854     1.600361      1.88544   58.95999    0.00107    1
   1   12    0   0.720675    -2.005008    -2.023375      2.84853   58.95999    0.00245    1
  -8   -1    9   0.720628    -1.994441    -2.366231      3.09465   58.96424    0.00289    1
  -8    1   -9   0.720628    -0.000745    -2.151896       2.1519   58.96424    0.00140    1
   8   -1    9   0.720628    -0.016038     2.151953      2.15201   58.96424    0.00140    1
   8    1   -9   0.720628    -2.012702     2.352657      3.09612   58.96424    0.00289    1
 -10   -2    4   0.720598     3.693585    -1.417172      3.95613   58.96696    0.00472    1
 -10    2   -4   0.720598     0.864658     0.811614       1.1859   58.96696    0.00042    1
  10   -2    4   0.720598     0.870917    -0.807133      1.18742   58.96696    0.00043    1
  10    2   -4   0.720598     3.683176     1.441575      3.95524   58.96696    0.00472    1
  -8   -8    1   0.720378    -1.387764    -1.594472      2.11382   58.98672    0.00135    1
   8    8   -1   0.720378    -1.398618     1.584960      2.11382   58.98672    0.00135    1
  -8    8   -1   0.720378     2.267994     0.947223      2.45785   58.98672    0.00182    1
   8   -8    1   0.720378     2.274113    -0.931247       2.4574   58.98672    0.00182    1
  -8   -3   -7   0.720173     0.762431     1.604921      1.77682   59.00517    0.00095    1
  -8    3    7   0.720173     1.070494     3.735502      3.88586   59.00517    0.00455    1
   8   -3   -7   0.720173     1.096520    -3.727753      3.88568   59.00517    0.00455    1
   8    3    7   0.720173     0.774164    -1.599805      1.77727   59.00517    0.00095    1
  -7   -6   10   0.720152     0.972593    -1.922313      2.15435   59.00710    0.00140    1
  -7    6  -10   0.720152     1.774084    -0.204159      1.78579   59.00710    0.00096    1
   7   -6   10   0.720152     1.771498     0.216308      1.78466   59.00710    0.00096    1
   7    6  -10   0.720152     0.958298     1.928584      2.15355   59.00710    0.00140    1
  -9   -3   -5   0.719903     8.036689     1.918702      8.26255   59.02952    0.02054    1
  -9    3    5   0.719903    -9.450734     3.099553      9.94603   59.02952    0.02976    1
   9   -3   -5   0.719903    -9.429613    -3.164136      9.94632   59.02952    0.02976    1
   9    3    5   0.719903     8.049509    -1.863370      8.26237   59.02952    0.02054    1
  -3   -5  -10   0.719881     2.682637     2.050598      3.37661   59.03147    0.00343    1
   3    5   10   0.719881     2.694917    -2.031857      3.37506   59.03147    0.00343    1
  -3    5   10   0.719881     1.915457     1.319437      2.32592   59.03147    0.00163    1
   3   -5  -10   0.719881     1.923643    -1.306668      2.32546   59.03147    0.00163    1
  -3  -12    7   0.719845    -0.204922    -2.752989      2.76061   59.03473    0.00229    1
  -3   12   -7   0.719845     0.883164     1.386495      1.64388   59.03473    0.00081    1
   3  -12    7   0.719845     0.891925    -1.382309      1.64509   59.03473    0.00081    1
   3   12   -7   0.719845    -0.223570     2.749337      2.75841   59.03473    0.00229    1
  -4   -3  -11   0.719785     2.144418     2.973883       3.6664   59.04016    0.00404    1
   4    3   11   0.719785     2.164535    -2.958584      3.66585   59.04016    0.00404    1
  -4    3   11   0.719785     0.134492    -0.407558     0.429176   59.04016    0.00006    1
   4   -3  -11   0.719785     0.131098     0.408668     0.429181   59.04016    0.00006    1
  -1   -3  -12   0.719769    -1.196306    -0.670219      1.37126   59.04159    0.00057    1
  -1    3   12   0.719769    -2.712670    -1.299546      3.00789   59.04159    0.00272    1
   1   -3  -12   0.719769    -2.721018     1.280959      3.00746   59.04159    0.00272    1
   1    3   12   0.719769    -1.201035     0.662356      1.37157   59.04159    0.00057    1
  -8   -7   -2   0.719708    -5.255317    -1.132631      5.37598   59.04708    0.00869    1
  -8    7    2   0.719708     3.010750     0.389911      3.03589   59.04708    0.00277    1
   8   -7   -2   0.719708     3.012825    -0.370426      3.03551   59.04708    0.00277    1
   8    7    2   0.719708    -5.264048     1.096470      5.37703   59.04708    0.00869    1
  -4   -6   13   0.719652    -2.342802     0.568658      2.41083   59.05209    0.00175    1
  -4    6  -13   0.719652     1.709177    -2.379221       2.9295   59.05209    0.00258    1
   4   -6   13   0.719652     1.691958     2.390562      2.92874   59.05209    0.00258    1
   4    6  -13   0.719652    -2.336975    -0.584434      2.40894   59.05209    0.00174    1
  -8   -8    5   0.719646    -3.254465     1.029996      3.41357   59.05265    0.00350    1
   8    8   -5   0.719646    -3.247559    -1.052185      3.41376   59.05265    0.00350    1
  -8    8   -5   0.719646    -0.114545     0.526322     0.538642   59.05265    0.00009    1
   8   -8    5   0.719646    -0.111622    -0.526900     0.538593   59.05265    0.00009    1
  -6   -9    9   0.719456    -3.620577     0.294147      3.63251   59.06984    0.00396    1
  -6    9   -9   0.719456    -3.394912     2.735313      4.35974   59.06984    0.00571    1
   6   -9    9   0.719456    -3.376405    -2.758304      4.35986   59.06984    0.00571    1
   6    9   -9   0.719456    -3.618391    -0.318860      3.63241   59.06984    0.00396    1
  -6  -10    7   0.719330    -0.333157    -3.260213      3.27719   59.08122    0.00322    1
  -6   10   -7   0.719330    -1.178064     1.382783      1.81657   59.08122    0.00099    1
   6  -10    7   0.719330    -1.168886    -1.390682      1.81667   59.08122    0.00099    1
   6   10   -7   0.719330    -0.356397     3.257130      3.27657   59.08122    0.00322    1
 -10    0   -4   0.718900   -11.019935    -1.591088      11.1342   59.12002    0.03717    1
  10    0    4   0.718900   -11.029337     1.515549       11.133   59.12002    0.03716    1
 -10    0    4   0.718900    -7.537327     1.347894       7.6569   59.12002    0.01758    1
  10    0   -4   0.718900    -7.528666    -1.399798      7.65769   59.12002    0.01758    1
  -4  -10   -3   0.718889    -2.079175    -0.174999      2.08653   59.12100    0.00131    1
   4   10    3   0.718889    -2.080281     0.160789      2.08649   59.12100    0.00131    1
  -4   10    3   0.718889    -1.197420    -0.930798      1.51664   59.12100    0.00069    1
   4  -10   -3   0.718889    -1.204004     0.922394      1.51672   59.12100    0.00069    1
  -9   -4   -4   0.718808     0.558417     0.424389     0.701382   59.12832    0.00015    1
   9    4    4   0.718808     0.560986    -0.419871     0.700711   59.12832    0.00015    1
  -9    4    4   0.718808     1.749172    -0.573372      1.84075   59.12832    0.00102    1
   9   -4   -4   0.718808     1.745885     0.585030       1.8413   59.12832    0.00102    1
  -3    0  -13   0.718748     0.700254     1.039088      1.25302   59.13379    0.00047    1
  -3    0   13   0.718748    -2.819749    -2.580062        3.822   59.13379    0.00438    1
   3    0  -13   0.718748    -2.837618     2.559792       3.8216   59.13379    0.00438    1
   3    0   13   0.718748     0.707669    -1.035048      1.25384   59.13379    0.00047    1
   0  -11   11   0.718722     1.914629     1.858704      2.66844   59.13610    0.00213    1
   0   11  -11   0.718722     1.927977    -1.845171      2.66866   59.13610    0.00213    1
  -5   -2  -11   0.718413    -6.075241    -0.504342      6.09614   59.16407    0.01112    1
   5    2   11   0.718413    -6.078705     0.462560      6.09628   59.16407    0.01112    1
  -5    2   11   0.718413    -4.211678     1.958883      4.64494   59.16407    0.00646    1
   5   -2  -11   0.718413    -4.198090    -1.987242      4.64468   59.16407    0.00646    1
  -9   -6    5   0.718342   -20.931257    -1.277694      20.9702   59.17049    0.13159    1
   9    6   -5   0.718342   -20.940772     1.131686      20.9713   59.17049    0.13160    1
  -9    6   -5   0.718342   -19.687299     0.596878      19.6963   59.17049    0.11609    1
   9   -6    5   0.718342   -19.681490    -0.733818      19.6952   59.17049    0.11607    1
  -1  -12    9   0.718211     9.176853     3.786696      9.92742   59.18236    0.02948    1
  -1   12   -9   0.718211     7.296804    -3.101586      7.92863   59.18236    0.01880    1
   1  -12    9   0.718211     7.273070     3.154781      7.92781   59.18236    0.01880    1
   1   12   -9   0.718211     9.203862    -3.722674      9.92821   59.18236    0.02948    1
  -7   -9    0   0.718183    -1.166021    -0.950020      1.50404   59.18494    0.00068    1
  -7    9    0   0.718183     1.107720    -0.822206      1.37952   59.18494    0.00057    1
   7   -9    0   0.718183     1.102885     0.829704      1.38013   59.18494    0.00057    1
   7    9    0   0.718183    -1.172903     0.942189      1.50447   59.18494    0.00068    1
  -9   -4    7   0.717809    -8.554323     3.038679        9.078   59.21882    0.02461    1
  -9    4   -7   0.717809    -4.226944    -2.619590      4.97286   59.21882    0.00739    1
   9   -4    7   0.717809    -4.244576     2.590486      4.97263   59.21882    0.00739    1
   9    4   -7   0.717809    -8.532102    -3.097779      9.07706   59.21882    0.02461    1
  -2   -9   -6   0.717697     1.085175    -2.359623       2.5972   59.22901    0.00201    1
  -2    9    6   0.717697    -1.180579    -2.367124      2.64519   59.22901    0.00209    1
   2   -9   -6   0.717697    -1.198317     2.359900      2.64671   59.22901    0.00209    1
   2    9    6   0.717697     1.068233     2.367671       2.5975   59.22901    0.00201    1
   0   -9   13   0.717656    -6.199145    -0.099141      6.19994   59.23275    0.01148    1
   0    9  -13   0.717656    -6.198768     0.056799      6.19903   59.23275    0.01147    1
  -9    0   -7   0.716817    -8.894128    -0.959559      8.94574   59.30898    0.02382    1
   9    0    7   0.716817    -8.900040     0.897401      8.94517   59.30898    0.02382    1
  -9    0    7   0.716817   -10.157354    -0.157403      10.1586   59.30898    0.03072    1
   9    0   -7   0.716817   -10.159080     0.086185      10.1594   59.30898    0.03072    1
   0   -7   14   0.716292     1.361829     1.992258      2.41323   59.35684    0.00173    1
   0    7  -14   0.716292     1.375370    -1.982418       2.4128   59.35684    0.00173    1
  -6   -5   -8   0.716012     8.793548    -1.237881      8.88025   59.38234    0.02341    1
   6    5    8   0.716012     8.784966     1.298696      8.88044   59.38234    0.02341    1
  -6    5    8   0.716012    -8.107585    -1.957788      8.34062   59.38234    0.02065    1
   6   -5   -8   0.716012    -8.121072     1.901787      8.34078   59.38234    0.02065    1
  -5    7  -12   0.715620     0.627181     1.734279       1.8442   59.41818    0.00101    1
   5   -7   12   0.715620     0.638208    -1.730627      1.84455   59.41818    0.00101    1
  -5   -7   12   0.715620     0.198083     3.015091      3.02159   59.41818    0.00271    1
   5    7  -12   0.715620     0.218763    -3.013849      3.02178   59.41818    0.00271    1
  -1  -11   11   0.715465    -5.803962    -0.875506      5.86962   59.43230    0.01021    1
  -1   11  -11   0.715465     5.967546    -0.760157      6.01577   59.43230    0.01072    1
   1  -11   11   0.715465     5.961761     0.802825      6.01557   59.43230    0.01072    1
   1   11  -11   0.715465    -5.810756     0.833543      5.87024   59.43230    0.01021    1
   0  -11   -3   0.715418     0.098742     1.658257      1.66119   59.43663    0.00082    1
   0   11    3   0.715418     0.109888    -1.657017      1.66066   59.43663    0.00082    1
  -6   -6   -7   0.715360     1.151527     0.657016      1.32578   59.44188    0.00052    1
  -6    6    7   0.715360    -0.473847     0.195172     0.512467   59.44188    0.00008    1
   6   -6   -7   0.715360    -0.473585    -0.197980     0.513302   59.44188    0.00008    1
   6    6    7   0.715360     1.155972    -0.649408       1.3259   59.44188    0.00052    1
  -5    0  -12   0.715092     1.952633     2.344275      3.05097   59.46641    0.00275    1
  -5    0   12   0.715092    -1.980811    -0.907166      2.17866   59.46641    0.00140    1
   5    0  -12   0.715092    -1.985780     0.893082      2.17736   59.46641    0.00140    1
   5    0   12   0.715092     1.968579    -2.330702      3.05082   59.46641    0.00275    1
  -9   -2   -6   0.715079     0.534892    -0.132607     0.551085   59.46756    0.00009    1
   9    2    6   0.715079     0.534033     0.136342     0.551162   59.46756    0.00009    1
  -9    2    6   0.715079     0.531381     0.586259     0.791243   59.46756    0.00019    1
   9   -2   -6   0.715079     0.535882    -0.581656     0.790881   59.46756    0.00019    1
  -2   -6   14   0.714988    -2.931382    -0.870671      3.05795   59.47598    0.00277    1
  -2    6  -14   0.714988    -1.125807     1.094086      1.56986   59.47598    0.00073    1
   2   -6   14   0.714988    -1.117178    -1.102370      1.56949   59.47598    0.00073    1
   2    6  -14   0.714988    -2.938480     0.849271      3.05875   59.47598    0.00277    1
  -3   -8   -7   0.714883     8.756623     1.653055      8.91129   59.48556    0.02348    1
  -3    8    7   0.714883     9.131320    -1.234616      9.21441   59.48556    0.02511    1
   3   -8   -7   0.714883     9.122107     1.298880      9.21412   59.48556    0.02510    1
   3    8    7   0.714883     8.768358    -1.591293      8.91158   59.48556    0.02348    1
 -10   -4    1   0.714625    -0.695206    -4.292082      4.34802   59.50924    0.00559    1
  10    4   -1   0.714625    -0.725046     4.287629       4.3485   59.50924    0.00559    1
 -10    4   -1   0.714625    -0.977453    -1.565254      1.84538   59.50924    0.00101    1
  10   -4    1   0.714625    -0.989113     1.557917      1.84539   59.50924    0.00101    1
 -10   -4    2   0.714535    32.285853     0.129158      32.2861   59.51744    0.30785    1
 -10    4   -2   0.714535    31.816353     2.201891      31.8925   59.51744    0.30039    1
  10   -4    2   0.714535    31.829593    -1.980648      31.8912   59.51744    0.30037    1
  10    4   -2   0.714535    32.287517     0.095362      32.2877   59.51744    0.30788    1
  -1   -9   13   0.714413    21.991155    -1.892547      22.0724   59.52866    0.14382    1
  -1    9  -13   0.714413   -23.164276    -3.058773      23.3654   59.52866    0.16117    1
   1   -9   13   0.714413   -23.184360     2.899835       23.365   59.52866    0.16116    1
   1    9  -13   0.714413    21.978090     2.043545      22.0729   59.52866    0.14383    1
  -3   11  -10   0.714379     0.922868     0.037711     0.923638   59.53177    0.00025    1
   3  -11   10   0.714379     0.923456    -0.031118      0.92398   59.53177    0.00025    1
  -3  -11   10   0.714379     2.981675     1.669488      3.41725   59.53177    0.00345    1
   3   11  -10   0.714379     2.993102    -1.647774       3.4167   59.53177    0.00345    1
  -6    7  -11   0.714364    -2.994333     0.570333      3.04817   59.53313    0.00274    1
   6   -7   11   0.714364    -2.989305    -0.590766      3.04712   59.53313    0.00274    1
  -6   -7   11   0.714364    -2.077035     1.719996      2.69675   59.53313    0.00215    1
   6    7  -11   0.714364    -2.065156    -1.734356      2.69682   59.53313    0.00215    1
  -6  -10    0   0.714135    21.503994     1.842696      21.5828   59.55417    0.13738    1
  -6   10    0   0.714135    21.857128    -1.723453       21.925   59.55417    0.14177    1
   6  -10    0   0.714135    21.844599     1.876116       21.925   59.55417    0.14177    1
   6   10    0   0.714135    21.516274    -1.691971      21.5827   59.55417    0.13738    1
 -10   -2   -3   0.714123     0.154496     1.793595      1.80024   59.55526    0.00096    1
 -10    2    3   0.714123     0.774667    -0.696655      1.04184   59.55526    0.00032    1
  10   -2   -3   0.714123     0.770968     0.702164       1.0428   59.55526    0.00032    1
  10    2    3   0.714123     0.165753    -1.792536      1.80018   59.55526    0.00096    1
 -10   -3    4   0.714103     2.474460    -2.112214      3.25337   59.55710    0.00312    1
 -10    3   -4   0.714103    -2.559948    -3.389152      4.24732   59.55710    0.00532    1
  10   -3    4   0.714103    -2.583070     3.371519      4.24728   59.55710    0.00532    1
  10    3   -4   0.714103     2.459845     2.128791      3.25309   59.55710    0.00312    1
  -2   -1  -13   0.714001    -2.872024    -0.412699      2.90152   59.56645    0.00248    1
  -2    1   13   0.714001    -0.533906    -1.095286      1.21849   59.56645    0.00044    1
   2   -1  -13   0.714001    -0.541585     1.092347      1.21924   59.56645    0.00044    1
   2    1   13   0.714001    -2.874877     0.393688      2.90171   59.56645    0.00248    1
  -8   -6   -4   0.713897     6.211044     2.369431      6.64765   59.57601    0.01302    1
   8    6    4   0.713897     6.228846    -2.326668       6.6492   59.57601    0.01303    1
  -8    6    4   0.713897     3.075911    -3.201824      4.43992   59.57601    0.00581    1
   8   -6   -4   0.713897     3.052872     3.222415      4.43892   59.57601    0.00581    1
  -5  -11    7   0.713895    11.978303     0.378324      11.9843   59.57619    0.04232    1
  -5   11   -7   0.713895   -12.316849    -1.902814       12.463   59.57619    0.04577    1
   5  -11    7   0.713895   -12.330087     1.818275      12.4634   59.57619    0.04577    1
   5   11   -7   0.713895    11.980673    -0.296285      11.9843   59.57619    0.04232    1
  -5   -9   -4   0.713843     0.033757     1.479529      1.47991   59.58100    0.00065    1
  -5    9    4   0.713843    -1.599934     1.487670      2.18471   59.58100    0.00141    1
   5   -9   -4   0.713843    -1.588322    -1.499879      2.18458   59.58100    0.00141    1
   5    9    4   0.713843     0.042986    -1.479441      1.48007   59.58100    0.00065    1
  -3  -10   -4   0.713826    -0.951344     3.635667      3.75808   59.58252    0.00416    1
   3   10    4   0.713826    -0.925833    -3.642988      3.75879   59.58252    0.00416    1
  -3   10    4   0.713826     0.708822    -4.742544      4.79522   59.58252    0.00677    1
   3  -10   -4   0.713826     0.676116     4.747880      4.79578   59.58252    0.00678    1
  -5  -10   -2   0.713596     1.232202    -0.872344      1.50974   59.60369    0.00067    1
  -5   10    2   0.713596    -0.120530    -0.225313     0.255526   59.60369    0.00002    1
   5  -10   -2   0.713596    -0.122309     0.224309     0.255488   59.60369    0.00002    1
   5   10    2   0.713596     1.226010     0.881128       1.5098   59.60369    0.00067    1
  -5   -6   -8   0.713549    -1.832415    -1.359091      2.28142   59.60803    0.00153    1
  -5    6    8   0.713549     0.758464    -0.521409       0.9204   59.60803    0.00025    1
   5   -6   -8   0.713549     0.754955     0.526631     0.920488   59.60803    0.00025    1
   5    6    8   0.713549    -1.841585     1.346861      2.28155   59.60803    0.00153    1
  -8   -5    9   0.713529     1.550108    -4.398240      4.66341   59.60986    0.00640    1
  -8    5   -9   0.713529     2.583424    -2.883501      3.87152   59.60986    0.00441    1
   8   -5    9   0.713529     2.562704     2.902439       3.8719   59.60986    0.00441    1
   8    5   -9   0.713529     1.519356     4.408832      4.66329   59.60986    0.00640    1
  -7   -9    7   0.713394     2.977775     1.018329      3.14708   59.62228    0.00291    1
   7    9   -7   0.713394     2.983847    -0.997594      3.14619   59.62228    0.00291    1
  -7    9   -7   0.713394    -4.278335     0.837085      4.35946   59.62228    0.00559    1
   7   -9    7   0.713394    -4.273922    -0.866563      4.36089   59.62228    0.00559    1
  -9   -6   -1   0.713367    -0.028735    -0.506696      0.50751   59.62479    0.00008    1
  -9    6    1   0.713367     3.603713    -0.189774      3.60871   59.62479    0.00383    1
   9   -6   -1   0.713367     3.602053     0.213970       3.6084   59.62479    0.00383    1
   9    6    1   0.713367    -0.032415     0.506916     0.507952   59.62479    0.00008    1
   0   -1   14   0.713346     0.086531    -1.520418      1.52288   59.62669    0.00068    1
   0    1  -14   0.713346     0.076440     1.521573      1.52349   59.62669    0.00068    1
  -1   -7   14   0.713067    -1.210768    -3.189133      3.41124   59.65237    0.00342    1
  -1    7  -14   0.713067     3.297437     2.296759      4.01848   59.65237    0.00474    1
   1   -7   14   0.713067     3.314290    -2.272965      4.01882   59.65237    0.00475    1
   1    7  -14   0.713067    -1.233277     3.181906      3.41255   59.65237    0.00342    1
  -2    2  -14   0.713030     1.793256    -1.258724      2.19093   59.65574    0.00141    1
   2   -2   14   0.713030     1.783616     1.270211      2.18969   59.65574    0.00141    1
  -2   -2   14   0.713030     1.711907     1.712945      2.42174   59.65574    0.00172    1
   2    2  -14   0.713030     1.724167    -1.702233      2.42288   59.65574    0.00172    1
  -4   -9   -5   0.712849     0.309426    -2.378203      2.39825   59.67250    0.00169    1
   4    9    5   0.712849     0.293131     2.380666      2.39865   59.67250    0.00169    1
  -4    9    5   0.712849    -0.779856     0.909009      1.19769   59.67250    0.00042    1
   4   -9   -5   0.712849    -0.773809    -0.914816      1.19819   59.67250    0.00042    1
  -4  -11    9   0.712689     1.601250     2.527876      2.99235   59.68724    0.00263    1
  -4   11   -9   0.712689    -4.085050     0.196224      4.08976   59.68724    0.00491    1
   4  -11    9   0.712689    -4.084189    -0.224064      4.09033   59.68724    0.00491    1
   4   11   -9   0.712689     1.618729    -2.516529      2.99219   59.68724    0.00263    1
  -5  -11    1   0.712501    26.656674     0.247770      26.6578   59.70452    0.20840    1
  -5   11   -1   0.712501   -23.523655    -2.501252      23.6563   59.70452    0.16412    1
   5  -11    1   0.712501   -23.539170     2.336446      23.6548   59.70452    0.16410    1
   5   11   -1   0.712501    26.658336    -0.062115      26.6584   59.70452    0.20841    1
  -1  -11   -3   0.712205   -19.904959     1.326274      19.9491   59.73191    0.11659    1
  -1   11    3   0.712205    19.945932     1.009478      19.9715   59.73191    0.11685    1
   1  -11   -3   0.712205    19.951855    -0.870130      19.9708   59.73191    0.11684    1
   1   11    3   0.712205   -19.895215    -1.464613      19.9491   59.73191    0.11659    1
  -4   -1   13   0.712155     2.574650     1.807182      3.14559   59.73653    0.00290    1
  -4    1  -13   0.712155    -0.770150    -3.094780      3.18917   59.73653    0.00298    1
   4   -1   13   0.712155    -0.791561     3.089776      3.18956   59.73653    0.00298    1
   4    1  -13   0.712155     2.587580    -1.788758      3.14567   59.73653    0.00290    1
  -9   -5   -3   0.711876     6.434180     0.946479      6.50342   59.76232    0.01238    1
  -9    5    3   0.711876    -7.996508     0.028777      7.99656   59.76232    0.01871    1
   9   -5   -3   0.711876    -7.996076    -0.083682      7.99651   59.76232    0.01871    1
   9    5    3   0.711876     6.441143    -0.902232      6.50403   59.76232    0.01238    1
  -5   -5   -9   0.711792     6.863681     1.050992      6.94368   59.77012    0.01410    1
   5    5    9   0.711792     6.870278    -1.003877      6.94323   59.77012    0.01410    1
  -5    5    9   0.711792    -4.899480     1.146709      5.03188   59.77012    0.00741    1
   5   -5   -9   0.711792    -4.891451    -1.180897      5.03198   59.77012    0.00741    1
 -10   -3   -2   0.711646     2.556483    -0.520064      2.60885   59.78362    0.00199    1
 -10    3    2   0.711646    -3.257589    -0.698346       3.3316   59.78362    0.00325    1
  10   -3   -2   0.711646    -3.262301     0.676266      3.33166   59.78362    0.00325    1
  10    3    2   0.711646     2.553103     0.538341      2.60924   59.78362    0.00199    1
  -3  -11   -2   0.711594     0.522446     0.252773     0.580383   59.78837    0.00010    1
  -3   11    2   0.711594     1.208016     0.136608      1.21572   59.78837    0.00043    1
   3  -11   -2   0.711594     1.209214    -0.127922      1.21596   59.78837    0.00043    1
   3   11    2   0.711594     0.524982    -0.248746     0.580931   59.78837    0.00010    1
   0  -10   -5   0.711431    -2.005862    -1.117184      2.29599   59.80355    0.00154    1
   0   10    5   0.711431    -2.013376     1.103788      2.29609   59.80355    0.00154    1
  -3    8  -13   0.711328    -4.939861    -1.615784       5.1974   59.81303    0.00789    1
   3   -8   13   0.711328    -4.950635     1.580318      5.19675   59.81303    0.00789    1
  -3   -8   13   0.711328    -4.508560     2.282406      5.05336   59.81303    0.00746    1
   3    8  -13   0.711328    -4.492178    -2.314293      5.05328   59.81303    0.00746    1
  -2  -10   12   0.711046    -5.188028     0.812443      5.25126   59.83918    0.00805    1
  -2   10  -12   0.711046    -5.110928    -1.689965      5.38308   59.83918    0.00846    1
   2  -10   12   0.711046    -5.121160     1.654079      5.38166   59.83918    0.00845    1
   2   10  -12   0.711046    -5.183313    -0.849213      5.25242   59.83918    0.00805    1
  -2  -12    0   0.710956    -5.706894     0.635758       5.7422   59.84751    0.00962    1
  -2   12    0   0.710956    -6.247997     0.080860      6.24852   59.84751    0.01139    1
   2  -12    0   0.710956    -6.247966    -0.121989      6.24916   59.84751    0.01139    1
   2   12    0   0.710956    -5.701410    -0.673274      5.74103   59.84751    0.00961    1
  -8   -8    0   0.710925     6.392018     0.353268      6.40177   59.85040    0.01195    1
   8    8    0   0.710925     6.394382    -0.305084      6.40166   59.85040    0.01195    1
  -8    8    0   0.710925     8.852040     1.608984      8.99708   59.85040    0.02361    1
   8   -8    0   0.710925     8.863592    -1.544437      8.99714   59.85040    0.02361    1
 -10   -4    0   0.710906     5.344412    -0.247547      5.35014   59.85214    0.00835    1
 -10    4    0   0.710906    11.349032     1.017643      11.3946   59.85214    0.03787    1
  10   -4    0   0.710906    11.355916    -0.938229      11.3946   59.85214    0.03787    1
  10    4    0   0.710906     5.342285     0.285508      5.34991   59.85214    0.00835    1
  -6   -4   -9   0.710848    -0.512332    -1.113882      1.22606   59.85755    0.00044    1
  -6    4    9   0.710848     0.478269     3.339284      3.37336   59.85755    0.00332    1
   6   -4   -9   0.710848     0.500949    -3.336019      3.37342   59.85755    0.00332    1
   6    4    9   0.710848    -0.521351     1.110483      1.22678   59.85755    0.00044    1
 -10   -1   -4   0.710810     4.385686     4.467362      6.26032   59.86113    0.01143    1
 -10    1    4   0.710810    -4.161617     3.361665      5.34975   59.86113    0.00834    1
  10   -1   -4   0.710810    -4.138570    -3.390354      5.34998   59.86113    0.00834    1
  10    1    4   0.710810     4.415864    -4.437246      6.26011   59.86113    0.01143    1
 -10   -4    3   0.710642     0.359720     0.703077     0.789757   59.87665    0.00018    1
 -10    4   -3   0.710642     0.220954    -4.335523      4.34115   59.87665    0.00549    1
  10   -4    3   0.710642     0.189894     4.337086      4.34124   59.87665    0.00549    1
  10    4   -3   0.710642     0.365010    -0.700974     0.790315   59.87665    0.00018    1
  -8   -2   -8   0.710538   -10.941892    -1.384829      11.0292   59.88634    0.03543    1
   8    2    8   0.710538   -10.950715     1.309626      11.0287   59.88634    0.03543    1
  -8    2    8   0.710538   -13.026914     0.854685      13.0549   59.88634    0.04964    1
   8   -2   -8   0.710538   -13.021116    -0.943918      13.0553   59.88634    0.04964    1
  -4  -11   -1   0.710383    -1.973811     1.355485      2.39442   59.90079    0.00167    1
  -4   11    1   0.710383     0.979248     2.547249      2.72899   59.90079    0.00217    1
   4  -11   -1   0.710383     0.995927    -2.539985      2.72826   59.90079    0.00217    1
   4   11    1   0.710383    -1.964446    -1.369257      2.39456   59.90079    0.00167    1
  -8    0   -9   0.710263     0.839397     0.163871     0.855243   59.91190    0.00021    1
  -8    0    9   0.710263    -0.596899    -1.613583      1.72045   59.91190    0.00086    1
   8    0   -9   0.710263    -0.608862     1.609603      1.72091   59.91190    0.00086    1
   8    0    9   0.710263     0.841160    -0.158006     0.855872   59.91190    0.00021    1
  -1   -1   14   0.710161     2.458003    -0.377441      2.48681   59.92140    0.00180    1
  -1    1  -14   0.710161     1.338995    -1.821046      2.26034   59.92140    0.00149    1
   1   -1   14   0.710161     1.327163     1.830484      2.26098   59.92140    0.00149    1
   1    1  -14   0.710161     2.454124     0.394212      2.48558   59.92140    0.00180    1
  -2   -3  -12   0.710086    -4.241259     0.405600      4.26061   59.92836    0.00528    1
  -2    3   12   0.710086     5.089301     1.351202      5.26562   59.92836    0.00806    1
   2   -3  -12   0.710086     5.099130    -1.315632      5.26612   59.92836    0.00806    1
   2    3   12   0.710086    -4.238139    -0.434965       4.2604   59.92836    0.00528    1
  -7   -5   -7   0.710002     2.546273    -1.396245      2.90396   59.93618    0.00245    1
   7    5    7   0.710002     2.536479     1.413330      2.90366   59.93618    0.00245    1
  -7    5    7   0.710002    -2.826819    -0.997191      2.99755   59.93618    0.00261    1
   7   -5   -7   0.710002    -2.834161     0.978373      2.99828   59.93618    0.00261    1
  -3  -12    1   0.709934    -4.975830    -0.201234       4.9799   59.94247    0.00721    1
  -3   12   -1   0.709934    -4.222260    -1.364045      4.43713   59.94247    0.00572    1
   3  -12    1   0.709934    -4.230621     1.335472       4.4364   59.94247    0.00572    1
   3   12   -1   0.709934    -4.977764     0.166722      4.98056   59.94247    0.00721    1
  -8   -8    6   0.709871    -0.256997     2.646411      2.65886   59.94839    0.00205    1
  -8    8   -6   0.709871     4.963458    -2.187821      5.42425   59.94839    0.00855    1
   8   -8    6   0.709871     4.948189     2.221827      5.42412   59.94839    0.00855    1
   8    8   -6   0.709871    -0.238575    -2.647167       2.6579   59.94839    0.00205    1
  -3   -4  -11   0.709841   -10.238491     1.587929      10.3609   59.95113    0.03119    1
  -3    4   11   0.709841    -6.743150    -0.602878      6.77005   59.95113    0.01332    1
   3   -4  -11   0.709841    -6.747708     0.555984      6.77057   59.95113    0.01332    1
   3    4   11   0.709841   -10.226970    -1.659544      10.3607   59.95113    0.03119    1
  -4  -12    4   0.709591     5.632745     1.984474       5.9721   59.97448    0.01035    1
  -4   12   -4   0.709591     8.754815    -2.542123      9.11642   59.97448    0.02413    1
   4  -12    4   0.709591     8.736335     2.603257      9.11595   59.97448    0.02413    1
   4   12   -4   0.709591     5.646704    -1.944920      5.97227   59.97448    0.01036    1
  -5   -7   -7   0.709534    -9.419756     0.316464      9.42507   59.97978    0.02578    1
  -5    7    7   0.709534     8.566459     1.777712      8.74897   59.97978    0.02222    1
   5   -7   -7   0.709534     8.578606    -1.719881      8.74931   59.97978    0.02222    1
   5    7    7   0.709534    -9.416691    -0.380969      9.42439   59.97978    0.02578    1
  -4  -12    5   0.709328     0.116485    -0.601500     0.612675   59.99895    0.00011    1
  -4   12   -5   0.709328     2.057885    -3.173888      3.78265   59.99895    0.00415    1
   4  -12    5   0.709328     2.035135     3.188979      3.78304   59.99895    0.00415    1
   4   12   -5   0.709328     0.112771     0.601863     0.612337   59.99895    0.00011    1
  -6   -4   12   0.709007     4.606898     0.882378      4.69064   60.02896    0.00637    1
  -6    4  -12   0.709007     2.689256    -1.200801      2.94517   60.02896    0.00251    1
   6   -4   12   0.709007     2.680644     1.221593      2.94587   60.02896    0.00251    1
   6    4  -12   0.709007     4.613689    -0.848680       4.6911   60.02896    0.00638    1
  -6   -7   -6   0.708940    -0.796085     0.057337     0.798147   60.03519    0.00018    1
   6    7    6   0.708940    -0.795940    -0.063411     0.798462   60.03519    0.00018    1
  -6    7    6   0.708940    -1.360818    -1.290177       1.8752   60.03519    0.00102    1
   6   -7   -6   0.708940    -1.370375     1.281644      1.87631   60.03519    0.00102    1
  -6   -3   12   0.708933   -15.262315     0.182667      15.2634   60.03581    0.06748    1
  -6    3  -12   0.708933    18.632553     0.898273      18.6542   60.03581    0.10079    1
   6   -3   12   0.708933    18.639183    -0.765821      18.6549   60.03581    0.10080    1
   6    3  -12   0.708933   -15.260002    -0.290811      15.2628   60.03581    0.06748    1
   0   -7   -9   0.708924     0.128486     1.807017      1.81158   60.03670    0.00095    1
   0    7    9   0.708924     0.140613    -1.806252      1.81172   60.03670    0.00095    1
  -2  -12    9   0.708590     1.042736    -0.471018      1.14418   60.06786    0.00038    1
  -2   12   -9   0.708590     1.649709     5.362224      5.61026   60.06786    0.00911    1
   2  -12    9   0.708590     1.686776    -5.350604      5.61018   60.06786    0.00911    1
   2   12   -9   0.708590     1.040634     0.478062      1.14519   60.06786    0.00038    1
  -1  -10   -5   0.708271    -6.441169     0.095965      6.44188   60.09774    0.01199    1
  -1   10    5   0.708271    -4.781601    -2.107701      5.22553   60.09774    0.00789    1
   1  -10   -5   0.708271    -4.795621     2.075536       5.2255   60.09774    0.00789    1
   1   10    5   0.708271    -6.440021    -0.140289      6.44155   60.09774    0.01199    1
   0   -6  -10   0.708170    -1.982705     1.044836      2.24116   60.10719    0.00145    1
   0    6   10   0.708170    -1.977188    -1.059114      2.24299   60.10719    0.00145    1
  -3  -12    8   0.708100     0.517903    -5.564081      5.58813   60.11374    0.00902    1
  -3   12   -8   0.708100     1.234288     5.822236      5.95163   60.11374    0.01023    1
   3  -12    8   0.708100     1.276276    -5.813409      5.95186   60.11374    0.01023    1
   3   12   -8   0.708100     0.479040     5.567213      5.58778   60.11374    0.00902    1
  -7   -8   -3   0.708084   -33.815550    -1.707725      33.8586   60.11525    0.33108    1
   7    8    3   0.708084   -33.826838     1.470767      33.8588   60.11525    0.33108    1
  -7    8    3   0.708084   -34.656068     0.257281       34.657   60.11525    0.34688    1
   7   -8   -3   0.708084   -34.653628    -0.500841      34.6572   60.11525    0.34688    1
  -3   -4   14   0.707660     0.326251    -1.290759      1.33135   60.15496    0.00051    1
  -3    4  -14   0.707660     4.159215     1.483606       4.4159   60.15496    0.00562    1
   3   -4   14   0.707660     4.168576    -1.453702      4.41478   60.15496    0.00562    1
   3    4  -14   0.707660     0.317018     1.292822      1.33112   60.15496    0.00051    1
   0  -13    5   0.707600     1.887984    -2.401985      3.05516   60.16057    0.00269    1
   0   13   -5   0.707600     1.871667     2.415365      3.05567   60.16057    0.00269    1
  -7   -4   -8   0.707301    -1.157833    -1.486011      1.88383   60.18864    0.00102    1
  -7    4    8   0.707301     0.680172     0.294107     0.741035   60.18864    0.00016    1
   7   -4   -8   0.707301     0.681999    -0.288908     0.740669   60.18864    0.00016    1
   7    4    8   0.707301    -1.167684     1.477160      1.88295   60.18864    0.00102    1
  -7   -6   -6   0.707011     1.623538     1.835047      2.45016   60.21591    0.00173    1
   7    6    6   0.707011     1.636928    -1.824208      2.45097   60.21591    0.00173    1
  -7    6    6   0.707011     0.192833    -3.254019      3.25973   60.21591    0.00306    1
   7   -6   -6   0.707011     0.169166     3.255271      3.25966   60.21591    0.00306    1
  -7   -3   11   0.706954     3.739410    -0.962044      3.86118   60.22122    0.00429    1
  -7    3  -11   0.706954    -2.711249    -2.073990      3.41355   60.22122    0.00335    1
   7   -3   11   0.706954    -2.727689     2.054203      3.41468   60.22122    0.00335    1
   7    3  -11   0.706954     3.731263     0.989432      3.86022   60.22122    0.00429    1
  -4    7  -13   0.706720     0.686735     3.875637      3.93601   60.24328    0.00445    1
   4   -7   13   0.706720     0.712485    -3.870351      3.93538   60.24328    0.00445    1
  -4   -7   13   0.706720    -3.865443     0.775978      3.94256   60.24328    0.00447    1
   4    7  -13   0.706720    -3.859600    -0.803272       3.9423   60.24328    0.00447    1
   0  -13    4   0.706488    -1.346013    -0.263319      1.37153   60.26507    0.00054    1
   0   13   -4   0.706488    -1.347808     0.253915      1.37152   60.26507    0.00054    1
 -10   -1    5   0.706405     0.820683     3.815473      3.90274   60.27290    0.00437    1
 -10    1   -5   0.706405     1.306926     1.603433      2.06859   60.27290    0.00123    1
  10   -1    5   0.706405     1.318851    -1.594361      2.06914   60.27290    0.00123    1
  10    1   -5   0.706405     0.847381    -3.810076      3.90317   60.27290    0.00437    1
 -10   -2    5   0.706241     0.357250     4.434522      4.44889   60.28838    0.00568    1
 -10    2   -5   0.706241     0.859742     0.797385      1.17259   60.28838    0.00039    1
  10   -2    5   0.706241     0.865784    -0.791275       1.1729   60.28838    0.00039    1
  10    2   -5   0.706241     0.387154    -4.432749      4.44962   60.28838    0.00568    1
  -4  -12    3   0.706123    -2.634451    -0.487630       2.6792   60.29951    0.00206    1
  -4   12   -3   0.706123    -1.352936    -2.895912      3.19636   60.29951    0.00293    1
   4  -12    3   0.706123    -1.373449     2.886721       3.1968   60.29951    0.00293    1
   4   12   -3   0.706123    -2.636909     0.468887      2.67827   60.29951    0.00206    1
  -9   -5    7   0.706101   -20.360455     1.340549      20.4045   60.30156    0.11941    1
  -9    5   -7   0.706101    20.469430     1.407562      20.5178   60.30156    0.12074    1
   9   -5    7   0.706101    20.478680    -1.264238      20.5177   60.30156    0.12074    1
   9    5   -7   0.706101   -20.351303    -1.482386      20.4052   60.30156    0.11942    1
  -7   -8    9   0.706005   -11.306972    -1.991326       11.481   60.31062    0.03779    1
   7    8   -9   0.706005   -11.320287     1.913085      11.4808   60.31062    0.03779    1
  -7    8   -9   0.706005   -16.487938     1.353709      16.5434   60.31062    0.07847    1
   7   -8    9   0.706005   -16.478424    -1.468480      16.5437   60.31062    0.07847    1
  -2  -11   11   0.705953     2.203692    -0.594717      2.28253   60.31555    0.00149    1
  -2   11  -11   0.705953     0.236109    -0.147483     0.278386   60.31555    0.00002    1
   2  -11   11   0.705953     0.236814     0.149169     0.279879   60.31555    0.00002    1
   2   11  -11   0.705953     2.198958     0.611473      2.28239   60.31555    0.00149    1
  -6   -1  -11   0.705917     0.872158    -1.423548      1.66948   60.31895    0.00080    1
   6    1   11   0.705917     0.862408     1.430049      1.66997   60.31895    0.00080    1
  -6    1   11   0.705917     0.338879    -4.374556      4.38766   60.31895    0.00552    1
   6   -1  -11   0.705917     0.308433     4.377443       4.3883   60.31895    0.00552    1
  -9   -6    6   0.705873    -1.237013    -1.065733      1.63279   60.32305    0.00076    1
  -9    6   -6   0.705873    -0.324948     1.199236      1.24248   60.32305    0.00044    1
   9   -6    6   0.705873    -0.317350    -1.202183      1.24336   60.32305    0.00044    1
   9    6   -6   0.705873    -1.243445     1.056929      1.63195   60.32305    0.00076    1
  -1   -7   -9   0.705797     9.433524     2.584257      9.78109   60.33020    0.02741    1
  -1    7    9   0.705797    -8.621644     2.954805      9.11392   60.33020    0.02380    1
   1   -7   -9   0.705797    -8.599957    -3.013987      9.11281   60.33020    0.02379    1
   1    7    9   0.705797     9.452252    -2.518391      9.78199   60.33020    0.02741    1
  -3    5  -14   0.705796     7.317530     3.652184      8.17831   60.33029    0.01916    1
   3   -5   14   0.705796     7.341648    -3.600169      8.17686   60.33029    0.01916    1
  -3   -5   14   0.705796     5.496324     0.918318      5.57251   60.33029    0.00890    1
   3    5  -14   0.705796     5.501498    -0.880045      5.57144   60.33029    0.00889    1
  -7   -1  -10   0.705718     2.609992    -1.277346       2.9058   60.33773    0.00242    1
  -7    1   10   0.705718     1.237799     0.155343      1.24751   60.33773    0.00045    1
   7   -1  -10   0.705718     1.239809    -0.146148      1.24839   60.33773    0.00045    1
   7    1   10   0.705718     2.600166     1.295806      2.90516   60.33773    0.00242    1
  -7   -4   11   0.705659    -1.623125    -0.838352      1.82685   60.34322    0.00096    1
  -7    4  -11   0.705659    -1.114454    -0.391025      1.18106   60.34322    0.00040    1
   7   -4   11   0.705659    -1.116879     0.384014      1.18105   60.34322    0.00040    1
   7    4  -11   0.705659    -1.629321     0.827279      1.82731   60.34322    0.00096    1
  -4  -12    6   0.705347   -17.125051    -0.080048      17.1252   60.37268    0.08389    1
  -4   12   -6   0.705347   -15.397067    -1.426627       15.463   60.37268    0.06840    1
   4  -12    6   0.705347   -15.406838     1.317466      15.4631   60.37268    0.06840    1
   4   12   -6   0.705347   -17.124445    -0.040787      17.1245   60.37268    0.08389    1
   0  -12   -1   0.705101     1.643111     3.149974      3.55277   60.39596    0.00361    1
   0   12    1   0.705101     1.664023    -3.138931      3.55273   60.39596    0.00361    1
  -1   -6  -10   0.705053    -0.470071     2.621682      2.66349   60.40048    0.00203    1
  -1    6   10   0.705053     1.009683     2.025644      2.26334   60.40048    0.00146    1
   1   -6  -10   0.705053     1.023343    -2.018108      2.26274   60.40048    0.00146    1
   1    6   10   0.705053    -0.451181    -2.624936      2.66343   60.40048    0.00203    1
  -9   -7    3   0.705030    25.900260    -1.142792      25.9255   60.40272    0.19205    1
   9    7   -3   0.705030    25.890668     1.324839      25.9245   60.40272    0.19204    1
  -9    7   -3   0.705030   -26.726791    -2.953976      26.8895   60.40272    0.20660    1
   9   -7    3   0.705030   -26.748080     2.765410      26.8907   60.40272    0.20662    1
   0  -13    6   0.705005    -1.015491    -0.583624      1.17126   60.40511    0.00039    1
   0   13   -6   0.705005    -1.019561     0.576006      1.17102   60.40511    0.00039    1
  -2   -9   13   0.704942     3.636614     0.476479       3.6677   60.41105    0.00384    1
  -2    9  -13   0.704942     3.927821     2.232086      4.51774   60.41105    0.00583    1
   2   -9   13   0.704942     3.943609    -2.204833      4.51811   60.41105    0.00583    1
   2    9  -13   0.704942     3.639837    -0.450839      3.66765   60.41105    0.00384    1
  -6  -10    8   0.704875    11.292920    -1.466040      11.3877   60.41736    0.03703    1
  -6   10   -8   0.704875    11.865135     0.401690      11.8719   60.41736    0.04025    1
   6  -10    8   0.704875    11.868245    -0.315991      11.8725   60.41736    0.04025    1
   6   10   -8   0.704875    11.281500     1.547383      11.3871   60.41736    0.03703    1
  -3   -3   14   0.704853    -1.152580     2.820355      3.04678   60.41944    0.00265    1
  -3    3  -14   0.704853     0.321880     3.870022      3.88339   60.41944    0.00431    1
   3   -3   14   0.704853     0.349534    -3.867518      3.88328   60.41944    0.00431    1
   3    3  -14   0.704853    -1.132693    -2.827854      3.04627   60.41944    0.00265    1
  -6   -9   -3   0.704764    -1.310537     2.270985        2.622   60.42785    0.00196    1
  -6    9    3   0.704764     0.013670     3.427573       3.4276   60.42785    0.00335    1
   6   -9   -3   0.704764     0.038485    -3.428028      3.42824   60.42785    0.00336    1
   6    9    3   0.704764    -1.294213    -2.280700      2.62232   60.42785    0.00196    1
  -9   -7    2   0.704720    -0.919045    -1.375544      1.65432   60.43206    0.00078    1
  -9    7   -2   0.704720     1.082180     2.718220      2.92572   60.43206    0.00244    1
   9   -7    2   0.704720     1.100962    -2.710130      2.92522   60.43206    0.00244    1
   9    7   -2   0.704720    -0.928896     1.368701      1.65414   60.43206    0.00078    1
  -9   -1   -7   0.704686   -14.782931    -2.533213      14.9984   60.43529    0.06420    1
   9    1    7   0.704686   -14.800369     2.432111      14.9989   60.43529    0.06420    1
  -9    1    7   0.704686    14.678626    -0.328242      14.6823   60.43529    0.06152    1
   9   -1   -7   0.704686    14.676220     0.428673      14.6825   60.43529    0.06152    1
  -1  -13    5   0.704491    -9.858563     1.862718       10.033   60.45371    0.02871    1
  -1   13   -5   0.704491     8.121127     2.315076      8.44466   60.45371    0.02034    1
   1  -13    5   0.704491     8.136990    -2.260304      8.44509   60.45371    0.02034    1
   1   13   -5   0.704491    -9.845048    -1.929996      10.0324   60.45371    0.02871    1
  -6    5  -12   0.704403     3.284421     2.224826      3.96702   60.46203    0.00449    1
   6   -5   12   0.704403     3.301350    -2.202348      3.96853   60.46203    0.00449    1
  -6   -5   12   0.704403    -2.668509     1.691640      3.15952   60.46203    0.00285    1
   6    5  -12   0.704403    -2.655251    -1.710227      3.15836   60.46203    0.00284    1
  -5   -4  -10   0.704389    -1.428578    -0.568205      1.53743   60.46344    0.00067    1
   5    4   10   0.704389    -1.432146     0.558760      1.53729   60.46344    0.00067    1
  -5    4   10   0.704389     1.004151     1.881638      2.13281   60.46344    0.00130    1
   5   -4  -10   0.704389     1.016143    -1.874625      2.13231   60.46344    0.00130    1
  -6    2  -12   0.704188   -11.644823     1.362256      11.7242   60.48249    0.03916    1
   6   -2   12   0.704188   -11.635579    -1.444774      11.7249   60.48249    0.03917    1
  -6   -2   12   0.704188   -13.988643    -2.608812      14.2298   60.48249    0.05769    1
   6    2  -12   0.704188   -14.006536     2.508780      14.2294   60.48249    0.05769    1
   0   -8   -8   0.704030     8.805290    -2.624794      9.18818   60.49748    0.02404    1
   0    8    8   0.704030     8.787451     2.687151      9.18913   60.49748    0.02404    1
  -8   -7    8   0.703945    -6.042248     3.314031      6.89141   60.50550    0.01352    1
  -8    7   -8   0.703945     5.490106     5.452774      7.73783   60.50550    0.01704    1
   8   -7    8   0.703945     5.528394    -5.414564      7.73826   60.50550    0.01705    1
   8    7   -8   0.703945    -6.018081    -3.355684      6.89042   60.50550    0.01351    1
  -5   -9   11   0.703876   -12.721551     3.207167      13.1196   60.51206    0.04898    1
  -5    9  -11   0.703876    12.109310     5.531695       13.313   60.51206    0.05044    1
   5   -9   11   0.703876    12.146579    -5.446958       13.312   60.51206    0.05043    1
   5    9  -11   0.703876   -12.699799    -3.295858      13.1205   60.51206    0.04899    1
  -7   -9   -1   0.703744    -2.718433    -0.511081      2.76606   60.52464    0.00218    1
   7    9    1   0.703744    -2.720616     0.496067      2.76547   60.52464    0.00218    1
  -7    9    1   0.703744     2.802823     0.208991       2.8106   60.52464    0.00225    1
   7   -9   -1   0.703744     2.805244    -0.192657      2.81185   60.52464    0.00225    1
  -2   -7   14   0.703649    -8.101514    -0.946033      8.15656   60.53367    0.01892    1
  -2    7  -14   0.703649     6.176885    -1.108321      6.27553   60.53367    0.01120    1
   2   -7   14   0.703649     6.169370     1.153821      6.27634   60.53367    0.01120    1
   2    7  -14   0.703649    -8.107529     0.886193      8.15582   60.53367    0.01891    1
  -7    2  -11   0.703596   -12.570318    -5.391328      13.6777   60.53866    0.05319    1
   7   -2   11   0.703596   -12.608734     5.300908      13.6777   60.53866    0.05319    1
  -7   -2   11   0.703596    -9.985159     2.677112      10.3378   60.53866    0.03038    1
   7    2  -11   0.703596    -9.965578    -2.749198      10.3378   60.53866    0.03038    1
 -10   -4   -1   0.703556     0.246469     0.111216       0.2704   60.54252    0.00002    1
  10    4    1   0.703556     0.247630    -0.109695     0.270839   60.54252    0.00002    1
 -10    4    1   0.703556    -1.035634    -0.901633      1.37313   60.54252    0.00054    1
  10   -4   -1   0.703556    -1.042325     0.894198      1.37333   60.54252    0.00054    1
  -1  -13    4   0.703394    -2.480704     0.285624      2.49709   60.55790    0.00177    1
  -1   13   -4   0.703394    -3.013387     1.674055      3.44717   60.55790    0.00338    1
   1  -13    4   0.703394    -3.001666    -1.694612      3.44699   60.55790    0.00338    1
   1   13   -4   0.703394    -2.477225    -0.302844      2.49567   60.55790    0.00177    1
 -10   -4    4   0.703129     2.392781    -2.645146      3.56682   60.58308    0.00361    1
 -10    4   -4   0.703129     1.277802     2.994148      3.25541   60.58308    0.00301    1
  10   -4    4   0.703129     1.298204    -2.984993      3.25508   60.58308    0.00301    1
  10    4   -4   0.703129     2.374218     2.661836      3.56683   60.58308    0.00361    1
  -7   -7   10   0.703110     0.653032    -3.865370      3.92015   60.58490    0.00436    1
  -7    7  -10   0.703110     1.351298     2.265535      2.63793   60.58490    0.00198    1
   7   -7   10   0.703110     1.365872    -2.255321      2.63668   60.58490    0.00197    1
   7    7  -10   0.703110     0.625187     3.870098      3.92027   60.58490    0.00436    1
  -2  -11   -3   0.702820    -2.966171    -1.694453      3.41604   60.61252    0.00331    1
  -2   11    3   0.702820    -0.442204    -1.755068      1.80992   60.61252    0.00093    1
   2  -11   -3   0.702820    -0.453904     1.751798      1.80965   60.61252    0.00093    1
   2   11    3   0.702820    -2.978314     1.673294      3.41618   60.61252    0.00331    1
  -4  -10   11   0.702603     6.330792    -1.761891      6.57139   60.63327    0.01223    1
  -4   10  -11   0.702603    -2.295681    -1.419809      2.69926   60.63327    0.00206    1
   4  -10   11   0.702603    -2.306838     1.403503      2.70024   60.63327    0.00207    1
   4   10  -11   0.702603     6.318677     1.806663      6.57189   60.63327    0.01224    1
  -5    4  -13   0.702427     5.849048     0.043868      5.84921   60.65003    0.00969    1
   5   -4   13   0.702427     5.848878     0.000026      5.84888   60.65003    0.00969    1
  -5   -4   13   0.702427     2.939806    -0.632059      3.00698   60.65003    0.00256    1
   5    4  -13   0.702427     2.935375     0.656130      3.00781   60.65003    0.00256    1
   0  -12   10   0.702283    34.692302    -0.246684      34.6932   60.66375    0.34063    1
   0   12  -10   0.702283    34.689405     0.495401      34.6929   60.66375    0.34062    1
  -1  -12   -1   0.702025    -9.749858    -1.570341      9.87551   60.68842    0.02757    1
  -1   12    1   0.702025   -11.810714     2.677059      12.1103   60.68842    0.04147    1
   1  -12   -1   0.702025   -11.793316    -2.760324       12.112   60.68842    0.04148    1
   1   12    1   0.702025    -9.759727     1.500575      9.87441   60.68842    0.02757    1
 -10    0   -5   0.701942     1.795045    -0.926110      2.01987   60.69632    0.00115    1
  10    0    5   0.701942     1.787469     0.938654      2.01894   60.69632    0.00115    1
 -10    0    5   0.701942     0.194556     2.949478      2.95589   60.69632    0.00247    1
  10    0   -5   0.701942     0.215369    -2.948431      2.95629   60.69632    0.00247    1
  -1  -13    6   0.701929    -2.492403     3.156199      4.02165   60.69754    0.00457    1
  -1   13   -6   0.701929     1.016329     5.289928      5.38667   60.69754    0.00820    1
   1  -13    6   0.701929     1.053926    -5.282081       5.3862   60.69754    0.00820    1
   1   13   -6   0.701929    -2.469675    -3.172690       4.0206   60.69754    0.00457    1
  -3   -9   -6   0.701906     0.498325     1.525517      1.60485   60.69978    0.00073    1
  -3    9    6   0.701906     1.006228    -1.235058      1.59307   60.69978    0.00072    1
   3   -9   -6   0.701906     0.995842     1.242512      1.59234   60.69978    0.00072    1
   3    9    6   0.701906     0.508555    -1.522761      1.60544   60.69978    0.00073    1
   0   -5  -11   0.701822     5.110193    -0.976043      5.20257   60.70784    0.00765    1
   0    5   11   0.701822     5.103282     1.012815      5.20281   60.70784    0.00765    1
  -4   -6   -9   0.701802    -3.574961    -0.019928      3.57502   60.70967    0.00361    1
  -4    6    9   0.701802     3.106161     1.257752      3.35115   60.70967    0.00317    1
   4   -6   -9   0.701802     3.114657    -1.236425      3.35109   60.70967    0.00317    1
   4    6    9   0.701802    -3.574818    -0.004514      3.57482   60.70967    0.00361    1
   0  -13    3   0.701720    -0.228471    -1.186214      1.20802   60.71752    0.00041    1
   0   13   -3   0.701720    -0.236763     1.184676       1.2081   60.71752    0.00041    1
  -9   -7    4   0.701680    -0.403518     1.136120      1.20565   60.72141    0.00041    1
  -9    7   -4   0.701680    -0.781707     7.504652      7.54525   60.72141    0.01608    1
   9   -7    4   0.701680    -0.728793    -7.509935      7.54521   60.72141    0.01608    1
   9    7   -4   0.701680    -0.394911    -1.138918      1.20544   60.72141    0.00041    1
  -4   -9   12   0.701631   -19.068636    -4.149072      19.5148   60.72608    0.10753    1
  -4    9  -12   0.701631    16.690737    -2.885480      16.9383   60.72608    0.08101    1
   4   -9   12   0.701631    16.670036     3.002623      16.9383   60.72608    0.08101    1
   4    9  -12   0.701631   -19.097801     4.014677      19.5152   60.72608    0.10753    1
   0   -2  -13   0.701595    -1.066868    -1.355264       1.7248   60.72957    0.00084    1
   0    2   13   0.701595    -1.076685     1.347682      1.72496   60.72957    0.00084    1
 -10   -3    5   0.701459    -1.390285     0.261043      1.41458   60.74255    0.00056    1
 -10    3   -5   0.701459    -0.721625     3.932709      3.99837   60.74255    0.00451    1
  10   -3    5   0.701459    -0.693037    -3.937511      3.99804   60.74255    0.00451    1
  10    3   -5   0.701459    -1.388682    -0.271489      1.41497   60.74255    0.00056    1
  -9   -2    8   0.701401    -0.531853    -1.414249      1.51095   60.74814    0.00064    1
  -9    2   -8   0.701401    -2.584043     0.437426      2.62081   60.74814    0.00194    1
   9   -2    8   0.701401    -2.580742    -0.455814      2.62069   60.74814    0.00194    1
   9    2   -8   0.701401    -0.541392     1.410181      1.51054   60.74814    0.00064    1
  -5  -11    8   0.701093     1.273325    -3.589221      3.80839   60.77760    0.00409    1
  -5   11   -8   0.701093     1.672398    -2.428179      2.94838   60.77760    0.00245    1
   5  -11    8   0.701093     1.655311     2.439647      2.94821   60.77760    0.00245    1
   5   11   -8   0.701093     1.249186     3.598104      3.80878   60.77760    0.00409    1
  -5   -3   13   0.701015     9.334468    -2.886437      9.77056   60.78511    0.02690    1
  -5    3  -13   0.701015    -8.169791    -3.177323      8.76589   60.78511    0.02165    1
   5   -3   13   0.701015    -8.192286     3.119111      8.76598   60.78511    0.02165    1
   5    3  -13   0.701015     9.313378     2.952102      9.77005   60.78511    0.02689    1
  -1   -8   -8   0.700967     0.101005     1.099095      1.10373   60.78964    0.00034    1
  -1    8    8   0.700967     0.344745     0.357873     0.496912   60.78964    0.00007    1
   1   -8   -8   0.700967     0.347229    -0.355863     0.497198   60.78964    0.00007    1
   1    8    8   0.700967     0.108249    -1.098413      1.10373   60.78964    0.00034    1
  -2   -1   14   0.700856     1.835330     1.125532      2.15297   60.80035    0.00131    1
  -2    1  -14   0.700856    -3.482621     2.939254      4.55718   60.80035    0.00585    1
   2    1  -14   0.700856     1.843578    -1.111591      2.15277   60.80035    0.00130    1
   2   -1   14   0.700856    -3.460814    -2.964712      4.55706   60.80035    0.00585    1
  -4   -2  -12   0.700850    14.258426     1.741908      14.3644   60.80088    0.05810    1
   4    2   12   0.700850    14.269662    -1.639160      14.3635   60.80088    0.05809    1
  -4    2   12   0.700850    13.743294    -1.979305      13.8851   60.80088    0.05429    1
   4   -2  -12   0.700850    13.728915     2.078230      13.8853   60.80088    0.05429    1
  -9   -7    1   0.700764     8.451620     0.362508      8.45939   60.80915    0.02014    1
   9    7   -1   0.700764     8.453074    -0.302315      8.45848   60.80915    0.02014    1
  -9    7   -1   0.700764    -8.276405    -0.823830      8.31731   60.80915    0.01947    1
   9   -7    1   0.700764    -8.283205     0.765516       8.3185   60.80915    0.01948    1
  -9   -3    8   0.700687     0.999407    -1.328914      1.66278   60.81654    0.00078    1
  -9    3   -8   0.700687    -1.015150    -2.512213      2.70957   60.81654    0.00207    1
   9   -3    8   0.700687    -1.033355     2.504555      2.70936   60.81654    0.00207    1
   9    3   -8   0.700687     0.989710     1.335777      1.66248   60.81654    0.00078    1
  -8   -7   -3   0.700573    -1.094936     3.315030      3.49118   60.82751    0.00343    1
   8    7    3   0.700573    -1.071221    -3.322781      3.49119   60.82751    0.00343    1
  -8    7    3   0.700573    -1.278043     2.869599      3.14134   60.82751    0.00278    1
   8   -7   -3   0.700573    -1.257327    -2.878204      3.14085   60.82751    0.00278    1
   0   -8   14   0.700297   -10.490005     3.555315      11.0761   60.85401    0.03448    1
   0    8  -14   0.700297   -10.464571    -3.631585      11.0768   60.85401    0.03448    1
  -4   -7   -8   0.700248     3.886381    -0.621920      3.93583   60.85873    0.00435    1
  -4    7    8   0.700248    -2.496342    -0.018946      2.49641   60.85873    0.00175    1
   4   -7   -8   0.700248    -2.497144     0.002542      2.49715   60.85873    0.00175    1
   4    7    8   0.700248     3.881197     0.648169      3.93495   60.85873    0.00435    1
  -6   -3  -10   0.700236     4.753453     0.978938      4.85321   60.85989    0.00662    1
   6    3   10   0.700236     4.760529    -0.946615      4.85373   60.85989    0.00662    1
  -6    3   10   0.700236    -4.511299     1.375473      4.71633   60.85989    0.00625    1
   6   -3  -10   0.700236    -4.501398    -1.406986      4.71616   60.85989    0.00625    1
  -8    6   -9   0.700135    -2.843139     0.068865      2.84397   60.86956    0.00227    1
  -8   -6    9   0.700135     5.022767     0.440827      5.04207   60.86956    0.00714    1
   8    6   -9   0.700135     5.024939    -0.405563      5.04128   60.86956    0.00714    1
   8   -6    9   0.700135    -2.842455    -0.088956      2.84385   60.86956    0.00227    1
  -5   -8   -6   0.700032     2.367515     1.099635      2.61043   60.87946    0.00191    1
   5    8    6   0.700032     2.375933    -1.082524      2.61092   60.87946    0.00191    1
  -5    8    6   0.700032    -1.284096    -1.688217      2.12108   60.87946    0.00126    1
   5   -8   -6   0.700032    -1.297408     1.679303       2.1221   60.87946    0.00126    1
