   h    k    l      d (Å)      F(real)      F(imag)          |F|         2θ          I    M
   0    0   -1   9.036520     0.077237     0.192319     0.207249    4.49856    0.00340    1
   0    0    1   9.036520     0.077465    -0.192221     0.207244    4.49856    0.00340    1
   0   -1    0   7.822840    -0.196079     0.004483      0.19613    5.19694    0.00228    1
   0    1    0   7.822840    -0.196071    -0.004710     0.196128    5.19694    0.00228    1
  -1    0    0   7.353570     0.034358    -0.010911    0.0360487    5.52883    0.00007    1
   1    0    0   7.353570     0.034336     0.010965     0.036044    5.52883    0.00007    1
   0   -1   -1   5.914488    -0.079827     0.171531     0.189196    6.87553    0.00121    1
   0    1    1   5.914488    -0.079625    -0.171651      0.18922    6.87553    0.00121    1
   0   -1    1   5.914488     0.084986    -0.097053     0.129004    6.87553    0.00056    1
   0    1   -1   5.914488     0.084891     0.097197      0.12905    6.87553    0.00056    1
  -1    0   -1   5.703686     0.121444    -0.057898     0.134539    7.12997    0.00057    1
   1    0    1   5.703686     0.121403     0.057970     0.134533    7.12997    0.00057    1
  -1    0    1   5.703686     0.005260     0.002375   0.00577144    7.12997    0.00000    1
   1    0   -1   5.703686     0.005260    -0.002323   0.00575008    7.12997    0.00000    1
  -1   -1    0   5.357980     0.126554     0.179929     0.219978    7.59066    0.00134    1
  -1    1    0   5.357980    -0.117897    -0.114295     0.164204    7.59066    0.00075    1
   1   -1    0   5.357980    -0.118098     0.114162     0.164257    7.59066    0.00075    1
   1    1    0   5.357980     0.126695    -0.179842     0.219988    7.59066    0.00134    1
  -1   -1   -1   4.608753    -0.430558    -0.175718     0.465035    8.82692    0.00443    1
  -1   -1    1   4.608753    -0.194736    -0.258841     0.323915    8.82692    0.00215    1
  -1    1   -1   4.608753     0.227225    -0.233612     0.325892    8.82692    0.00218    1
  -1    1    1   4.608753     0.202279     0.139158     0.245523    8.82692    0.00123    1
   1   -1   -1   4.608753     0.202491    -0.138960     0.245586    8.82692    0.00124    1
   1   -1    1   4.608753     0.227166     0.233842     0.326016    8.82692    0.00218    1
   1    1   -1   4.608753    -0.194926     0.258747     0.323954    8.82692    0.00215    1
   1    1    1   4.608753    -0.430735     0.175390     0.465075    8.82692    0.00443    1
   0    0   -2   4.518260    -0.164286    -0.061271     0.175339    9.00407    0.00060    1
   0    0    2   4.518260    -0.164276     0.061017     0.175241    9.00407    0.00060    1
   0   -1   -2   3.912551    -1.171997   -63.950512      63.9613   10.40159   60.18063    1
   0   -1    2   3.912551    -3.806851    63.667577      63.7813   10.40159   59.84245    1
   0    1   -2   3.912551    -3.711202   -63.673333      63.7814   10.40159   59.84266    1
   0    1    2   3.912551    -1.268116    63.948677      63.9612   10.40159   60.18063    1
   0   -2    0   3.911420   -63.541491    -2.589536      63.5942   10.40460   59.45717    1
   0    2    0   3.911420   -63.545416     2.493990      63.5943   10.40460   59.45736    1
  -1    0   -2   3.849652    -0.071613     0.085864     0.111808   10.57202    0.00018    1
  -1    0    2   3.849652     0.741433    -0.298528     0.799276   10.57202    0.00909    1
   1    0   -2   3.849652     0.741208     0.299121     0.799288   10.57202    0.00909    1
   1    0    2   3.849652    -0.071671    -0.085621     0.111659   10.57202    0.00018    1
  -2    0    0   3.676785   -55.379363    68.142120      87.8079   11.07058  100.00000    1
   2    0    0   3.676785   -55.273885   -68.227708      87.8079   11.07058  100.00000    1
   0   -2   -1   3.589584    -0.163373     0.190107     0.250662   11.34039    0.00078    1
   0   -2    1   3.589584    -0.036092     0.075176    0.0833912   11.34039    0.00009    1
   0    2   -1   3.589584    -0.036057    -0.075349    0.0835317   11.34039    0.00009    1
   0    2    1   3.589584    -0.163133    -0.190452     0.250768   11.34039    0.00078    1
  -1   -1   -2   3.454073   -36.127708    16.478750      39.7084   11.78684   18.01447    1
   1    1    2   3.454073   -36.100258   -16.535874      39.7072   11.78684   18.01337    1
  -1   -1    2   3.454073    36.845705   -14.788787      39.7028   11.78684   18.00937    1
  -1    1   -2   3.454073    34.679704   -19.329519      39.7028   11.78684   18.00935    1
  -1    1    2   3.454073   -36.666201    15.095183      39.6519   11.78684   17.96322    1
   1   -1   -2   3.454073   -36.640930   -15.153212      39.6507   11.78684   17.96211    1
   1   -1    2   3.454073    34.648947    19.384954       39.703   11.78684   18.00951    1
   1    1   -2   3.454073    36.821882    14.847546      39.7027   11.78684   18.00922    1
  -1   -2    0   3.453295   -16.707026   -36.122886      39.7993   11.78951   18.08876    1
  -1    2    0   3.453295    19.760980    34.487849      39.7481   11.78951   18.04217    1
   1   -2    0   3.453295    19.816649   -34.457504      39.7495   11.78951   18.04344    1
   1    2    0   3.453295   -16.765063    36.097130      39.8004   11.78951   18.08970    1
  -2    0   -1   3.405669     0.096213    -0.775473     0.781419   11.95497    0.00678    1
  -2    0    1   3.405669    -0.475894     0.509581     0.697243   11.95497    0.00540    1
   2    0   -1   3.405669    -0.475583    -0.509541     0.697002   11.95497    0.00539    1
   2    0    1   3.405669     0.095604     0.775345     0.781217   11.95497    0.00678    1
  -2   -1    0   3.327569     0.557699    -1.238686      1.35844   12.23662    0.01954    1
  -2    1    0   3.327569    -1.051761     0.708486      1.26813   12.23662    0.01703    1
   2   -1    0   3.327569    -1.051352    -0.709021      1.26809   12.23662    0.01703    1
   2    1    0   3.327569     0.557198     1.238928      1.35846   12.23662    0.01954    1
  -1   -2   -1   3.225776     0.682246    -0.524511     0.860565   12.62431    0.00736    1
   1    2    1   3.225776     0.681886     0.524684     0.860385   12.62431    0.00736    1
  -1   -2    1   3.225776     0.122520     0.110547      0.16502   12.62431    0.00027    1
  -1    2   -1   3.225776    -0.013422     0.186322     0.186805   12.62431    0.00035    1
  -1    2    1   3.225776    -0.664097     0.214532     0.697889   12.62431    0.00484    1
   1   -2   -1   3.225776    -0.663955    -0.214878      0.69786   12.62431    0.00484    1
   1   -2    1   3.225776    -0.013210    -0.186346     0.186814   12.62431    0.00035    1
   1    2   -1   3.225776     0.122605    -0.110513     0.165061   12.62431    0.00027    1
  -2   -1   -1   3.122590     1.585553    -0.198892      1.59798   13.04326    0.02376    1
  -2   -1    1   3.122590     1.123401     0.924124      1.45466   13.04326    0.01969    1
  -2    1   -1   3.122590     0.930465     0.749170      1.19458   13.04326    0.01328    1
   2   -1    1   3.122590     0.930631    -0.748655      1.19439   13.04326    0.01327    1
   2    1   -1   3.122590     1.123837    -0.923443      1.45456   13.04326    0.01969    1
   2    1    1   3.122590     1.585374     0.199525      1.59788   13.04326    0.02376    1
  -2    1    1   3.122590     0.452498     1.769852      1.82678   13.04326    0.03105    1
   2   -1   -1   3.122590     0.453413    -1.769497      1.82666   13.04326    0.03105    1
   0    0   -3   3.012173     0.142148    -0.313192     0.343941   13.52358    0.00102    1
   0    0    3   3.012173     0.141447     0.313425     0.343864   13.52358    0.00102    1
   0   -2   -2   2.957244     0.028817    -0.242639     0.244344   13.77598    0.00050    1
   0    2    2   2.957244     0.028283     0.242730     0.244372   13.77598    0.00050    1
   0   -2    2   2.957244     0.131389    -0.736733     0.748358   13.77598    0.00466    1
   0    2   -2   2.957244     0.129969     0.736998      0.74837   13.77598    0.00466    1
  -2    0   -2   2.851843     0.149942     1.607842      1.61482   14.28773    0.02016    1
   2    0    2   2.851843     0.150935    -1.607275      1.61435   14.28773    0.02015    1
  -2    0    2   2.851843     1.329706    -0.683475      1.49508   14.28773    0.01728    1
   2    0   -2   2.851843     1.329204     0.684138      1.49493   14.28773    0.01728    1
   0   -1   -3   2.810991     0.338694    -0.102644     0.353906   14.49648    0.00094    1
   0   -1    3   2.810991     0.143067     0.108161     0.179352   14.49648    0.00024    1
   0    1   -3   2.810991     0.143125    -0.108054     0.179333   14.49648    0.00024    1
   0    1    3   2.810991     0.338631     0.103431     0.354075   14.49648    0.00094    1
  -1    0   -3   2.787390    -1.145408     0.649919      1.31695   14.61989    0.01280    1
  -1    0    3   2.787390     0.991357    -0.410313      1.07291   14.61989    0.00849    1
   1    0   -3   2.787390     0.991295     0.410542      1.07295   14.61989    0.00849    1
   1    0    3   2.787390    -1.144978    -0.650575       1.3169   14.61989    0.01279    1
  -1   -2   -2   2.743693     1.129952    -1.429176       1.8219   14.85404    0.02371    1
   1    2    2   2.743693     1.129182     1.429956      1.82204   14.85404    0.02371    1
  -1   -2    2   2.743693     0.302168     0.801074     0.856168   14.85404    0.00524    1
  -1    2   -2   2.743693    -0.161915     0.960143       0.9737   14.85404    0.00677    1
  -1    2    2   2.743693    -1.895566    -0.066177      1.89672   14.85404    0.02570    1
   1   -2   -2   2.743693    -1.895671     0.065264      1.89679   14.85404    0.02570    1
   1   -2    2   2.743693    -0.161169    -0.960912     0.974334   14.85404    0.00678    1
   1    2   -2   2.743693     0.302649    -0.800994     0.856264   14.85404    0.00524    1
  -2   -1   -2   2.679353    27.383262    23.413411      36.0282   15.21281    8.83112    1
   2    1    2   2.679353    27.426219   -23.360555      36.0266   15.21281    8.83032    1
  -2   -1    2   2.679353   -26.540836   -24.173528      35.8995   15.21281    8.76815    1
  -2    1   -2   2.679353    29.164918    20.932565      35.8994   15.21281    8.76808    1
  -2    1    2   2.679353   -26.523178   -24.378199      36.0247   15.21281    8.82938    1
   2   -1   -2   2.679353   -26.568010    24.326914       36.023   15.21281    8.82858    1
   2   -1    2   2.679353    29.204287   -20.877277      35.8992   15.21281    8.76799    1
   2    1   -2   2.679353   -26.586670    24.123451      35.8997   15.21281    8.76827    1
  -2   -2    0   2.678990    22.554075   -27.957014      35.9205   15.21489    8.77595    1
  -2    2    0   2.678990    20.435115   -29.569091      35.9434   15.21489    8.78714    1
   2   -2    0   2.678990    20.380128    29.608732      35.9448   15.21489    8.78783    1
   2    2    0   2.678990    22.502463    28.000870      35.9223   15.21489    8.77683    1
  -1   -1   -3   2.625691     2.142077    -0.676180      2.24627   15.52562    0.03293    1
  -1   -1    3   2.625691     1.392950    -2.481909      2.84608   15.52562    0.05287    1
  -1    1   -3   2.625691    -2.730211    -0.343976      2.75179   15.52562    0.04942    1
  -1    1    3   2.625691    -1.815963     1.505903      2.35912   15.52562    0.03632    1
   1   -1   -3   2.625691    -1.815104    -1.506871      2.35908   15.52562    0.03632    1
   1   -1    3   2.625691    -2.730376     0.342999      2.75184   15.52562    0.04942    1
   1    1   -3   2.625691     1.391733     2.482626      2.84611   15.52562    0.05287    1
   1    1    3   2.625691     2.141967     0.676972       2.2464   15.52562    0.03294    1
   0   -3    0   2.607613     0.138394    -0.026105     0.140835   15.63392    0.00013    1
   0    3    0   2.607613     0.138321     0.026113     0.140764   15.63392    0.00013    1
  -2   -2   -1   2.568494     0.510651    -0.898513      1.03348   15.87355    0.00666    1
  -2   -2    1   2.568494     0.614673     1.768995      1.87274   15.87355    0.02188    1
  -2    2   -1   2.568494     2.354131     0.561810      2.42024   15.87355    0.03654    1
  -2    2    1   2.568494    -0.450840     0.724218     0.853082   15.87355    0.00454    1
   2   -2   -1   2.568494    -0.450448    -0.724260      0.85291   15.87355    0.00454    1
   2   -2    1   2.568494     2.354509    -0.560489       2.4203   15.87355    0.03654    1
   2    2   -1   2.568494     0.615424    -1.768720      1.87273   15.87355    0.02188    1
   2    2    1   2.568494     0.509997     0.898733      1.03335   15.87355    0.00666    1
   0   -3   -1   2.505388    -0.218767    -0.136869     0.258054   16.27606    0.00039    1
   0    3    1   2.505388    -0.219058     0.136704     0.258214   16.27606    0.00040    1
   0   -3    1   2.505388    -0.193418    -0.103157     0.219207   16.27606    0.00028    1
   0    3   -1   2.505388    -0.193560     0.102852     0.219189   16.27606    0.00028    1
  -1   -3    0   2.457668     1.846421    -0.390441      1.88725   16.59429    0.02029    1
  -1    3    0   2.457668    -1.485454     1.112781      1.85603   16.59429    0.01962    1
   1   -3    0   2.457668    -1.485190    -1.113454      1.85622   16.59429    0.01963    1
   1    3    0   2.457668     1.846589     0.391323       1.8876   16.59429    0.02030    1
  -3    0    0   2.451190    -0.017593     0.024969    0.0305447   16.63846    0.00001    1
   3    0    0   2.451190    -0.017528    -0.025008    0.0305391   16.63846    0.00001    1
   0   -2   -3   2.386521     0.137981     0.518557     0.536601   17.09265    0.00154    1
   0   -2    3   2.386521     0.144840    -0.042956     0.151076   17.09265    0.00012    1
   0    2   -3   2.386521     0.144630     0.043069     0.150907   17.09265    0.00012    1
   0    2    3   2.386521     0.138876    -0.518469     0.536747   17.09265    0.00154    1
  -1   -3   -1   2.371524     1.783518    -2.039900      2.70964   17.20155    0.03885    1
  -1    3    1   2.371524    -2.766630    -0.317797      2.78482   17.20155    0.04104    1
   1   -3   -1   2.371524    -2.766981     0.316193      2.78499   17.20155    0.04104    1
   1    3    1   2.371524     1.782521     2.041140      2.70991   17.20155    0.03886    1
  -1   -3    1   2.371524     2.962593     1.416402      3.28377   17.20155    0.05706    1
  -1    3   -1   2.371524    -1.014530     3.089031      3.25137   17.20155    0.05594    1
   1   -3    1   2.371524    -1.012702    -3.089689      3.25142   17.20155    0.05594    1
   1    3   -1   2.371524     2.963295    -1.414848      3.28373   17.20155    0.05706    1
  -3    0   -1   2.365702     0.415368    -1.728894      1.77809   17.24421    0.01665    1
   3    0    1   2.365702     0.414661     1.729136      1.77816   17.24421    0.01665    1
  -3    0    1   2.365702    -0.435551     1.764932      1.81788   17.24421    0.01740    1
   3    0   -1   2.365702    -0.434789    -1.765102      1.81786   17.24421    0.01740    1
  -3   -1    0   2.339053     0.550441     2.503297       2.5631   17.44220    0.03379    1
   3    1    0   2.339053     0.551562    -2.503090      2.56314   17.44220    0.03379    1
  -3    1    0   2.339053     1.903920    -1.920699      2.70444   17.44220    0.03762    1
   3   -1    0   2.339053     1.903112     1.921777      2.70464   17.44220    0.03762    1
  -2    0   -3   2.330083     0.489466    -1.988759      2.04811   17.50987    0.02140    1
  -2    0    3   2.330083    -2.264719     1.272760      2.59786   17.50987    0.03443    1
   2    0   -3   2.330083    -2.264110    -1.274163      2.59802   17.50987    0.03444    1
   2    0    3   2.330083     0.488900     1.989110      2.04831   17.50987    0.02141    1
  -2   -2   -2   2.304376    -0.632206    -2.023398      2.11986   17.70676    0.02241    1
  -2   -2    2   2.304376     0.092850     1.740636      1.74311   17.70676    0.01515    1
  -2    2   -2   2.304376     0.733836    -0.808034      1.09153   17.70676    0.00594    1
  -2    2    2   2.304376    -1.970171    -0.085198      1.97201   17.70676    0.01939    1
   2   -2   -2   2.304376    -1.970323     0.083876      1.97211   17.70676    0.01939    1
   2   -2    2   2.304376     0.732947     0.807596      1.09061   17.70676    0.00593    1
   2    2   -2   2.304376     0.094513    -1.739983      1.74255   17.70676    0.01514    1
   2    2    2   2.304376    -0.633228     2.023162      2.11994   17.70676    0.02241    1
  -1   -2   -3   2.269970    -1.421939    -1.724609      2.23522   17.97735    0.02415    1
  -1   -2    3   2.269970    -1.338862     2.887073      3.18241   17.97735    0.04895    1
  -1    2   -3   2.269970     3.257289     0.564043      3.30576   17.97735    0.05282    1
  -1    2    3   2.269970    -0.687936    -2.089624      2.19995   17.97735    0.02339    1
   1   -2   -3   2.269970    -0.688793     2.089410      2.20002   17.97735    0.02339    1
   1   -2    3   2.269970     3.257276    -0.562214      3.30544   17.97735    0.05281    1
   1    2   -3   2.269970    -1.337726    -2.887402      3.18223   17.97735    0.04895    1
   1    2    3   2.269970    -1.422675     1.723740      2.23501   17.97735    0.02414    1
  -3   -1   -1   2.264424     1.524570    -1.392167      2.06457   18.02175    0.02050    1
   3    1    1   2.264424     1.523886     1.393265       2.0648   18.02175    0.02050    1
  -3   -1    1   2.264424     1.484789    -1.170942      1.89095   18.02175    0.01720    1
  -3    1   -1   2.264424     0.487469     1.851765      1.91485   18.02175    0.01763    1
  -3    1    1   2.264424     0.238706     1.680131        1.697   18.02175    0.01385    1
   3   -1   -1   2.264424     0.239478    -1.680410      1.69739   18.02175    0.01386    1
   3   -1    1   2.264424     0.488439    -1.851813      1.91515   18.02175    0.01764    1
   3    1   -1   2.264424     1.484343     1.171764      1.89111   18.02175    0.01720    1
   0    0   -4   2.259130   -86.564395     6.773415       86.829   18.06434   36.08118    1
   0    0    4   2.259130   -86.549225    -6.964497       86.829   18.06434   36.08118    1
   0   -3   -2   2.258477    -1.995509    86.664164      86.6871   18.06960   35.94184    1
   0   -3    2   2.258477     8.891774   -86.246337      86.7035   18.06960   35.95540    1
   0    3   -2   2.258477     8.701066    86.265708      86.7034   18.06960   35.95533    1
   0    3    2   2.258477    -1.803890   -86.668381      86.6872   18.06960   35.94185    1
  -2   -1   -3   2.233128    -1.237549     0.552162      1.35514   18.27646    0.00858    1
  -2   -1    3   2.233128    -1.465748     0.487944      1.54483   18.27646    0.01115    1
   2    1   -3   2.233128    -1.465398    -0.488494      1.54467   18.27646    0.01115    1
   2    1    3   2.233128    -1.236704    -0.553287      1.35483   18.27646    0.00858    1
  -2    1   -3   2.233128     0.320250    -1.482541      1.51674   18.27646    0.01075    1
  -2    1    3   2.233128    -0.174498    -1.003898      1.01895   18.27646    0.00485    1
   2   -1   -3   2.233128    -0.174498     1.003506      1.01856   18.27646    0.00485    1
   2   -1    3   2.233128     0.319608     1.482675      1.51673   18.27646    0.01075    1
   0   -1   -4   2.170438    -0.782837     0.197248     0.807305   18.80908    0.00287    1
   0   -1    4   2.170438     0.902821    -0.012357     0.902906   18.80908    0.00359    1
   0    1   -4   2.170438     0.902786     0.014573     0.902904   18.80908    0.00359    1
   0    1    4   2.170438    -0.782466    -0.198979     0.807369   18.80908    0.00287    1
  -1    0   -4   2.159518    -1.939564     1.055850      2.20833   18.90506    0.02125    1
  -1    0    4   2.159518     1.975791    -0.664917      2.08467   18.90506    0.01894    1
   1    0   -4   2.159518     1.975211     0.666862      2.08475   18.90506    0.01894    1
   1    0    4   2.159518    -1.938598    -1.057777      2.20841   18.90506    0.02125    1
  -1   -3   -2   2.158948     1.501429     3.713176      4.00524   18.91010    0.06987    1
  -1   -3    2   2.158948    -0.550369    -1.851432       1.9315   18.91010    0.01625    1
  -1    3   -2   2.158948    -0.902871    -1.652119      1.88273   18.91010    0.01544    1
  -1    3    2   2.158948     1.656344     3.668429      4.02503   18.91010    0.07056    1
   1   -3   -2   2.158948     1.659693    -3.667004      4.02511   18.91010    0.07057    1
   1   -3    2   2.158948    -0.904234     1.651394      1.88275   18.91010    0.01544    1
   1    3   -2   2.158948    -0.551962     1.850960      1.93151   18.91010    0.01625    1
   1    3    2   2.158948     1.504936    -3.711846      4.00533   18.91010    0.06987    1
  -3    0   -2   2.154553     0.394632    -2.062287      2.09971   18.94903    0.01912    1
   3    0    2   2.154553     0.394276     2.062325      2.09968   18.94903    0.01912    1
  -3    0    2   2.154553    -0.830306     2.950862      3.06545   18.94903    0.04076    1
   3    0   -2   2.154553    -0.827931    -2.951527      3.06545   18.94903    0.04076    1
  -2   -3    0   2.126996     1.364742     0.657542      1.51489   19.19683    0.00969    1
  -2    3    0   2.126996     1.004224     0.997751      1.41562   19.19683    0.00846    1
   2   -3    0   2.126996     1.004339    -0.997116      1.41525   19.19683    0.00846    1
   2    3    0   2.126996     1.364774    -0.656619      1.51452   19.19683    0.00969    1
  -1   -1   -4   2.081658    -1.081125    -2.053536      2.32074   19.61903    0.02174    1
  -1   -1    4   2.081658     0.382447     1.440928      1.49082   19.61903    0.00897    1
  -1    1   -4   2.081658     0.602656     1.023224      1.18751   19.61903    0.00569    1
  -1    1    4   2.081658    -0.581268    -1.688228      1.78549   19.61903    0.01287    1
   1   -1   -4   2.081658    -0.581972     1.688131      1.78563   19.61903    0.01287    1
   1   -1    4   2.081658     0.603701    -1.022693      1.18758   19.61903    0.00569    1
   1    1   -4   2.081658     0.384074    -1.440612      1.49093   19.61903    0.00897    1
   1    1    4   2.081658    -1.082924     2.052728      2.32087   19.61903    0.02175    1
  -3   -1   -2   2.077209    14.304946   -61.377372      63.0223   19.66146   15.96304    1
  -3   -1    2   2.077209   -18.608367    60.258623      63.0664   19.66146   15.98539    1
  -3    1   -2   2.077209   -11.113062    62.111342      63.0977   19.66146   16.00125    1
   3   -1    2   2.077209   -10.962215   -62.138237      63.0978   19.66146   16.00129    1
   3    1   -2   2.077209   -18.461890   -60.303500      63.0663   19.66146   15.98531    1
   3    1    2   2.077209    14.155618    61.410895      63.0213   19.66146   15.96251    1
  -3    1    2   2.077209    16.592723   -60.786395      63.0104   19.66146   15.95698    1
   3   -1   -2   2.077209    16.444779    60.825512      63.0093   19.66146   15.95645    1
  -3   -2    0   2.077040    60.801583    16.898246      63.1061   19.66308   16.00280    1
  -3    2    0   2.077040   -61.997591   -11.756073      63.1024   19.66308   16.00089    1
   3   -2    0   2.077040   -62.027108    11.605655      63.1035   19.66308   16.00148    1
   3    2    0   2.077040    60.843300   -16.750690       63.107   19.66308   16.00324    1
  -2   -3   -1   2.070416    -0.105745    -0.656477     0.664939   19.72661    0.00176    1
  -2   -3    1   2.070416    -0.308043    -0.797288     0.854727   19.72661    0.00292    1
  -2    3   -1   2.070416    -0.633259    -0.287768     0.695577   19.72661    0.00193    1
  -2    3    1   2.070416    -1.004057    -0.083168       1.0075   19.72661    0.00405    1
   2   -3   -1   2.070416    -1.004527     0.082248      1.00789   19.72661    0.00405    1
   2   -3    1   2.070416    -0.633375     0.287114     0.695412   19.72661    0.00193    1
   2    3   -1   2.070416    -0.308825     0.796973     0.854716   19.72661    0.00292    1
   2    3    1   2.070416    -0.105947     0.656285     0.664781   19.72661    0.00176    1
  -3   -2   -1   2.024256    -1.471864     0.793389      1.67208   20.18110    0.01065    1
  -3   -2    1   2.024256     1.401143    -0.354548       1.4453   20.18110    0.00795    1
  -3    2   -1   2.024256     1.099051     0.844771       1.3862   20.18110    0.00732    1
  -3    2    1   2.024256    -1.094187    -1.315031      1.71072   20.18110    0.01114    1
   3   -2   -1   2.024256    -1.094817     1.314216      1.71049   20.18110    0.01114    1
   3   -2    1   2.024256     1.099300    -0.844109      1.38599   20.18110    0.00732    1
   3    2   -1   2.024256     1.400824     0.355353      1.44519   20.18110    0.00795    1
   3    2    1   2.024256    -1.471381    -0.794116        1.672   20.18110    0.01065    1
  -2   -2   -3   2.001806    -0.892584    -0.062738     0.894786   20.40984    0.00298    1
   2    2    3   2.001806    -0.893183     0.062166     0.895343   20.40984    0.00298    1
  -2    2   -3   2.001806     0.137879     0.702838     0.716235   20.40984    0.00191    1
  -2    2    3   2.001806    -0.054252    -0.647977     0.650244   20.40984    0.00157    1
   2   -2   -3   2.001806    -0.054243     0.647878     0.650145   20.40984    0.00157    1
   2   -2    3   2.001806     0.137625    -0.703028     0.716372   20.40984    0.00191    1
  -2   -2    3   2.001806     0.660895    -0.028734     0.661519   20.40984    0.00163    1
   2    2   -3   2.001806     0.661008     0.028788     0.661634   20.40984    0.00163    1
   0   -3   -3   1.971496    -0.173844     0.197543     0.263145   20.72706    0.00025    1
   0   -3    3   1.971496    -0.332330    -0.059298     0.337578   20.72706    0.00041    1
   0    3   -3   1.971496    -0.332506     0.058546     0.337621   20.72706    0.00041    1
   0    3    3   1.971496    -0.173350    -0.198123     0.263255   20.72706    0.00025    1
   0   -2   -4   1.956275    33.362680    -1.228842      33.3853   20.89013    3.95138    1
   0   -2    4   1.956275    33.395489     4.208812      33.6597   20.89013    4.01659    1
   0    2   -4   1.956275    33.407014    -4.113589      33.6593   20.89013    4.01651    1
   0    2    4   1.956275    33.359053     1.324039      33.3853   20.89013    3.95139    1
   0   -4    0   1.955710   -33.617144    -2.930544      33.7446   20.89624    4.03445    1
   0    4    0   1.955710   -33.625055     2.834578      33.7443   20.89624    4.03438    1
  -2    0   -4   1.924826    28.925305   -40.921981      50.1127   21.23538    8.60522    1
  -2    0    4   1.924826    34.905274   -35.960957      50.1156   21.23538    8.60620    1
   2    0   -4   1.924826    34.806910    36.054608      50.1144   21.23538    8.60581    1
   2    0    4   1.924826    28.813446    40.998917      50.1111   21.23538    8.60468    1
  -2   -3   -2   1.924422   -38.121480   -32.340533      49.9916   21.23989    8.55990    1
   2    3    2   1.924422   -38.209263    32.237050      49.9918   21.23989    8.55996    1
  -2   -3    2   1.924422    35.836139    34.887654      50.0138   21.23989    8.56750    1
  -2    3   -2   1.924422   -42.029114   -27.204021       50.065   21.23989    8.58506    1
  -2    3    2   1.924422    39.473514    30.797786      50.0666   21.23989    8.58560    1
   2   -3   -2   1.924422    39.556766   -30.690429      50.0664   21.23989    8.58553    1
   2   -3    2   1.924422   -42.103612    27.090427       50.066   21.23989    8.58541    1
   2    3   -2   1.924422    35.931867   -34.791414      50.0154   21.23989    8.56806    1
   0   -4   -1   1.911457     0.077614    -0.234824     0.247318   21.38565    0.00021    1
   0   -4    1   1.911457     0.135846     0.058566     0.147933   21.38565    0.00007    1
   0    4   -1   1.911457     0.136348    -0.058141     0.148226   21.38565    0.00007    1
   0    4    1   1.911457     0.077042     0.235105     0.247406   21.38565    0.00021    1
  -1   -3   -3   1.904247    -2.841724     0.164406      2.84648   21.46758    0.02714    1
  -1    3   -3   1.904247     3.616419     0.860570       3.7174   21.46758    0.04630    1
  -1    3    3   1.904247     2.035043    -1.973574      2.83485   21.46758    0.02692    1
   1   -3   -3   1.904247     2.033897     1.974784      2.83487   21.46758    0.02692    1
   1   -3    3   1.904247     3.616912    -0.858811      3.71747   21.46758    0.04630    1
   1    3    3   1.904247    -2.841977    -0.165931      2.84682   21.46758    0.02715    1
  -1   -3    3   1.904247    -1.674841     3.188418      3.60154   21.46758    0.04345    1
   1    3   -3   1.904247    -1.673299    -3.189421      3.60171   21.46758    0.04346    1
  -3    0   -3   1.901229     0.341146    -2.120049      2.14732   21.50206    0.01540    1
  -3    0    3   1.901229    -0.489937     1.652311      1.72342   21.50206    0.00992    1
   3    0   -3   1.901229    -0.489496    -1.652471      1.72345   21.50206    0.00992    1
   3    0    3   1.901229     0.339633     2.120202      2.14723   21.50206    0.01539    1
  -1   -2   -4   1.890521    14.453451    22.372504      26.6351   21.62532    2.34077    1
  -1   -2    4   1.890521     8.286036    25.132813      26.4635   21.62532    2.31070    1
  -1    2   -4   1.890521   -14.113781   -22.368980      26.4494   21.62532    2.30824    1
  -1    2    4   1.890521   -12.670755   -23.399062      26.6095   21.62532    2.33626    1
   1   -2   -4   1.890521   -12.728262    23.372259      26.6134   21.62532    2.33694    1
   1   -2    4   1.890521   -14.167396    22.335224      26.4495   21.62532    2.30826    1
   1    2   -4   1.890521     8.346143   -25.112754      26.4633   21.62532    2.31067    1
   1    2    4   1.890521    14.508849   -22.341276      26.6391   21.62532    2.34146    1
  -1   -4    0   1.890010     7.036826    25.531782      26.4837   21.63122    2.31292    1
  -1    4    0   1.890010   -11.211223   -23.910734      26.4086   21.63122    2.29982    1
   1   -4    0   1.890010   -11.266716    23.880491      26.4049   21.63122    2.29916    1
   1    4    0   1.890010     7.096710   -25.511026      26.4797   21.63122    2.31222    1
  -3   -2   -2   1.887186     1.536661     2.109267      2.60966   21.66399    0.02239    1
  -3   -2    2   1.887186    -1.625362    -1.910221      2.50814   21.66399    0.02068    1
  -3    2   -2   1.887186    -1.988816     0.116549      1.99223   21.66399    0.01305    1
  -3    2    2   1.887186     2.481890    -1.275159      2.79031   21.66399    0.02559    1
   3   -2   -2   1.887186     2.481222     1.276702      2.79042   21.66399    0.02560    1
   3   -2    2   1.887186    -1.989564    -0.117352      1.99302   21.66399    0.01306    1
   3    2   -2   1.887186    -1.627282     1.909357      2.50872   21.66399    0.02069    1
   3    2    2   1.887186     1.537928    -2.108525      2.60981   21.66399    0.02239    1
  -2   -1   -4   1.869079    -0.093779     0.236979      0.25486   21.87644    0.00021    1
  -2   -1    4   1.869079    -1.004090     1.394445      1.71833   21.87644    0.00951    1
  -2    1   -4   1.869079     0.625544    -0.658662     0.908372   21.87644    0.00266    1
  -2    1    4   1.869079     0.991459    -0.679402      1.20191   21.87644    0.00465    1
   2   -1   -4   1.869079     0.990599     0.680584      1.20187   21.87644    0.00465    1
   2   -1    4   1.869079     0.625684     0.658639     0.908453   21.87644    0.00266    1
   2    1   -4   1.869079    -1.002025    -1.395976      1.71837   21.87644    0.00951    1
   2    1    4   1.869079    -0.095051    -0.236233     0.254639   21.87644    0.00021    1
  -1   -4   -1   1.849980     0.363646    -2.473391      2.49998   22.10512    0.01970    1
  -1   -4    1   1.849980     2.673923     1.468925      3.05084   22.10512    0.02934    1
  -1    4   -1   1.849980    -0.793866     3.103367       3.2033   22.10512    0.03235    1
  -1    4    1   1.849980    -2.154480    -1.513155      2.63276   22.10512    0.02185    1
   1   -4   -1   1.849980    -2.155676     1.512108      2.63314   22.10512    0.02186    1
   1   -4    1   1.849980    -0.792276    -3.103837      3.20336   22.10512    0.03235    1
   1    4   -1   1.849980     2.674888    -1.467576      3.05103   22.10512    0.02934    1
   1    4    1   1.849980     0.362556     2.473614      2.50004   22.10512    0.01970    1
  -3   -1   -3   1.847450    -1.136824     1.933578      2.24301   22.13576    0.01581    1
  -3    1   -3   1.847450     0.329040    -2.144051      2.16915   22.13576    0.01479    1
  -3    1    3   1.847450    -0.343834    -2.544768      2.56789   22.13576    0.02073    1
   3   -1   -3   1.847450    -0.345604     2.544518      2.56788   22.13576    0.02073    1
   3   -1    3   1.847450     0.328073     2.143614      2.16857   22.13576    0.01478    1
   3    1    3   1.847450    -1.136202    -1.933993      2.24305   22.13576    0.01581    1
  -3   -1    3   1.847450    -0.289202     2.330585      2.34846   22.13576    0.01734    1
   3    1   -3   1.847450    -0.287641    -2.330665      2.34835   22.13576    0.01733    1
  -4    0    0   1.838392    -1.543696    -7.298072      7.45955   22.24622    0.17310    1
   4    0    0   1.838392    -1.544430     7.297937      7.45957   22.24622    0.17310    1
   0    0   -5   1.807304    -0.225233    -0.454904      0.50761   22.63390    0.00077    1
   0    0    5   1.807304    -0.226333     0.454320     0.507575   22.63390    0.00077    1
  -4    0   -1   1.801490     0.066150    -1.316928      1.31859   22.70791    0.00518    1
  -4    0    1   1.801490     0.285052     1.486192      1.51328   22.70791    0.00683    1
   4    0   -1   1.801490     0.285825    -1.486447      1.51368   22.70791    0.00683    1
   4    0    1   1.801490     0.066192     1.317644      1.31931   22.70791    0.00519    1
   0   -4   -2   1.794792     0.046685     0.027564    0.0542145   22.79379    0.00001    1
   0   -4    2   1.794792    -0.029593     0.735532     0.736127   22.79379    0.00160    1
   0    4   -2   1.794792    -0.027686    -0.735578     0.736099   22.79379    0.00160    1
   0    4    2   1.794792     0.046771    -0.027467    0.0542403   22.79379    0.00001    1
  -4   -1    0   1.789639    -1.330119    -1.268270      1.83786   22.86031    0.00993    1
  -4    1    0   1.789639    -0.719765     1.361312      1.53988   22.86031    0.00697    1
   4   -1    0   1.789639    -0.720289    -1.361585      1.54037   22.86031    0.00697    1
   4    1    0   1.789639    -1.330709     1.267862        1.838   22.86031    0.00993    1
  -3   -3    0   1.785993    -2.296192     0.269329      2.31193   22.90760    0.01564    1
  -3    3    0   1.785993    -1.556627    -1.199399      1.96511   22.90760    0.01130    1
   3   -3    0   1.785993    -1.557011     1.198757      1.96502   22.90760    0.01130    1
   3    3    0   1.785993    -2.296514    -0.271451       2.3125   22.90760    0.01565    1
   0   -1   -5   1.760921     0.080111    -0.216269      0.23063   23.23828    0.00015    1
   0   -1    5   1.760921    -0.371723     0.075222     0.379258   23.23828    0.00041    1
   0    1   -5   1.760921    -0.371652    -0.076309     0.379406   23.23828    0.00041    1
   0    1    5   1.760921     0.079630     0.216372      0.23056   23.23828    0.00015    1
  -4   -1   -1   1.755542    -0.205679    -0.660030     0.691335   23.31047    0.00135    1
  -4   -1    1   1.755542    -0.497129    -1.323890      1.41415   23.31047    0.00564    1
  -4    1   -1   1.755542     0.340871     1.726618      1.75994   23.31047    0.00874    1
  -4    1    1   1.755542    -0.157561     0.647400     0.666298   23.31047    0.00125    1
   4   -1   -1   1.755542    -0.157775    -0.648296     0.667218   23.31047    0.00126    1
   4   -1    1   1.755542     0.342180    -1.726641      1.76022   23.31047    0.00874    1
   4    1   -1   1.755542    -0.496870     1.323171      1.41339   23.31047    0.00564    1
   4    1    1   1.755542    -0.205560     0.659753     0.691034   23.31047    0.00135    1
  -1    0   -5   1.755074    -1.236813     0.672513      1.40783   23.31677    0.00559    1
  -1    0    5   1.755074     1.310565    -0.555912      1.42359   23.31677    0.00572    1
   1    0   -5   1.755074     1.310215     0.556497       1.4235   23.31677    0.00571    1
   1    0    5   1.755074    -1.236673    -0.672883      1.40788   23.31677    0.00559    1
  -3   -3   -1   1.752101    -1.026477     1.106463      1.50928   23.35690    0.00640    1
  -3   -3    1   1.752101    -2.614277     0.180510       2.6205   23.35690    0.01930    1
  -3    3   -1   1.752101    -1.977495    -1.633110      2.56467   23.35690    0.01848    1
  -3    3    1   1.752101    -0.056377    -1.079823      1.08129   23.35690    0.00329    1
   3   -3   -1   1.752101    -0.056640     1.080040      1.08152   23.35690    0.00329    1
   3   -3    1   1.752101    -1.978518     1.632036      2.56478   23.35690    0.01848    1
   3    3   -1   1.752101    -2.614542    -0.181870      2.62086   23.35690    0.01930    1
   3    3    1   1.752101    -1.025825    -1.107762      1.50979   23.35690    0.00641    1
  -1   -4   -2   1.743609    -2.019533    -0.718359      2.14349   23.47227    0.01278    1
  -1   -4    2   1.743609     0.248966     1.365074      1.38759   23.47227    0.00535    1
  -1    4   -2   1.743609     0.923773     1.123543      1.45455   23.47227    0.00588    1
  -1    4    2   1.743609     0.489129    -1.850602      1.91415   23.47227    0.01019    1
   1   -4   -2   1.743609     0.488617     1.850946      1.91435   23.47227    0.01019    1
   1   -4    2   1.743609     0.923938    -1.122992      1.45423   23.47227    0.00588    1
   1    4   -2   1.743609     0.249407    -1.365656      1.38824   23.47227    0.00536    1
   1    4    2   1.743609    -2.019487     0.717188      2.14306   23.47227    0.01277    1
  -2   -3   -3   1.737482     0.322419    -0.328913     0.460584   23.55623    0.00059    1
   2    3    3   1.737482     0.321669     0.329189     0.460257   23.55623    0.00058    1
  -2   -3    3   1.737482     0.155979     0.078143     0.174459   23.55623    0.00008    1
  -2    3   -3   1.737482     0.409616    -0.398135     0.571224   23.55623    0.00090    1
  -2    3    3   1.737482     0.024027     0.426819     0.427495   23.55623    0.00050    1
   2   -3   -3   1.737482     0.023781    -0.426444     0.427107   23.55623    0.00050    1
   2   -3    3   1.737482     0.408555     0.398850     0.570963   23.55623    0.00090    1
   2    3   -3   1.737482     0.155732    -0.078110     0.174223   23.55623    0.00008    1
  -2   -2   -4   1.727037   -10.385108    15.594599      18.7361   23.70076    0.95672    1
   2    2    4   1.727037   -10.329584   -15.632955      18.7374   23.70076    0.95685    1
  -2   -2    4   1.727037   -13.655568    13.027812      18.8732   23.70076    0.97077    1
  -2    2   -4   1.727037   -10.172006    15.927235      18.8983   23.70076    0.97335    1
  -2    2    4   1.727037   -11.615967    14.755593      18.7792   23.70076    0.96112    1
   2   -2   -4   1.727037   -11.563540   -14.798256      18.7804   23.70076    0.96124    1
   2   -2    4   1.727037   -10.114622   -15.963677      18.8983   23.70076    0.97335    1
   2    2   -4   1.727037   -13.608450   -13.076741       18.873   23.70076    0.97075    1
  -2   -4    0   1.726648    13.770521   -12.862562      18.8434   23.70618    0.96724    1
  -2    4    0   1.726648    11.419715   -15.031854      18.8777   23.70618    0.97076    1
   2   -4    0   1.726648    11.364639    15.072202      18.8766   23.70618    0.97065    1
   2    4    0   1.726648    13.722940    12.911439      18.8421   23.70618    0.96711    1
  -1   -1   -5   1.712505    -1.331832     2.549933      2.87679   23.90483    0.02215    1
  -1   -1    5   1.712505    -2.804942    -0.347022      2.82633   23.90483    0.02138    1
  -1    1   -5   1.712505     1.298097    -2.563732      2.87363   23.90483    0.02210    1
  -1    1    5   1.712505     2.687282     0.006707      2.68729   23.90483    0.01933    1
   1   -1   -5   1.712505     2.687136    -0.006108      2.68714   23.90483    0.01933    1
   1   -1    5   1.712505     1.297280     2.564091      2.87359   23.90483    0.02210    1
   1    1   -5   1.712505    -2.804566     0.346409      2.82588   23.90483    0.02138    1
   1    1    5   1.712505    -1.330217    -2.549771       2.8759   23.90483    0.02214    1
  -3   -2   -3   1.709931     0.196863     0.324851     0.379846   23.94135    0.00038    1
   3    2    3   1.709931     0.196816    -0.324854     0.379825   23.94135    0.00038    1
  -3   -2    3   1.709931     0.432207    -1.480063      1.54188   23.94135    0.00634    1
  -3    2   -3   1.709931    -0.444730     1.969480      2.01907   23.94135    0.01088    1
  -3    2    3   1.709931     0.140488    -0.475779     0.496087   23.94135    0.00066    1
   3   -2   -3   1.709931     0.139799     0.475256      0.49539   23.94135    0.00065    1
   3   -2    3   1.709931    -0.442953    -1.969384      2.01858   23.94135    0.01087    1
   3    2   -3   1.709931     0.432362     1.480536      1.54238   23.94135    0.00635    1
   0   -3   -4   1.707460     0.063364    -0.165968     0.177653   23.97651    0.00008    1
   0   -3    4   1.707460     0.005280     0.189968     0.190042   23.97651    0.00010    1
   0    3   -4   1.707460     0.005856    -0.190063     0.190153   23.97651    0.00010    1
   0    3    4   1.707460     0.062929     0.165966     0.177496   23.97651    0.00008    1
  -4    0   -2   1.702834    -0.772014     1.606562      1.78243   24.04261    0.00840    1
  -4    0    2   1.702834    -0.518891    -1.292281      1.39257   24.04261    0.00513    1
   4    0   -2   1.702834    -0.518946     1.292672      1.39295   24.04261    0.00513    1
   4    0    2   1.702834    -0.771515    -1.608610      1.78406   24.04261    0.00842    1
  -2   -4   -1   1.695966    -0.611306     0.917695      1.10266   24.14145    0.00319    1
  -2   -4    1   1.695966     0.008931    -1.203176      1.20321   24.14145    0.00380    1
  -2    4   -1   1.695966    -1.386729     0.397189      1.44249   24.14145    0.00546    1
  -2    4    1   1.695966     0.487523    -0.824952      0.95824   24.14145    0.00241    1
   2   -4   -1   1.695966     0.485923     0.824707     0.957216   24.14145    0.00240    1
   2   -4    1   1.695966    -1.385745    -0.398860      1.44201   24.14145    0.00545    1
   2    4   -1   1.695966     0.007335     1.202834      1.20286   24.14145    0.00379    1
   2    4    1   1.695966    -0.609975    -0.918682      1.10274   24.14145    0.00319    1
  -4   -1   -2   1.663872    -2.584294    -0.922513      2.74401   24.61433    0.01896    1
  -4   -1    2   1.663872     2.292349    -0.361260      2.32064   24.61433    0.01356    1
  -4    1   -2   1.663872    -2.207451     0.692227      2.31344   24.61433    0.01347    1
  -4    1    2   1.663872     2.532352     0.875242      2.67934   24.61433    0.01807    1
   4   -1   -2   1.663872     2.533845    -0.874557      2.68053   24.61433    0.01809    1
   4   -1    2   1.663872    -2.207011    -0.692490       2.3131   24.61433    0.01347    1
   4    1   -2   1.663872     2.292361     0.361626      2.32071   24.61433    0.01356    1
   4    1    2   1.663872    -2.586195     0.921722      2.74554   24.61433    0.01898    1
  -4   -2    0   1.663785     1.845420     2.091682      2.78939   24.61564    0.01959    1
  -4    2    0   1.663785     1.796623     2.003798      2.69129   24.61564    0.01823    1
   4   -2    0   1.663785     1.796669    -2.002325      2.69023   24.61564    0.01822    1
   4    2    0   1.663785     1.845463    -2.089775      2.78799   24.61564    0.01957    1
  -1   -3   -4   1.663213    -0.314049     1.714666      1.74319   24.62423    0.00764    1
  -1   -3    4   1.663213    -1.092933    -0.215623        1.114   24.62423    0.00312    1
  -1    3   -4   1.663213     0.976582    -0.273390      1.01413   24.62423    0.00259    1
  -1    3    4   1.663213     1.311940     0.335442      1.35414   24.62423    0.00461    1
   1   -3   -4   1.663213     1.310869    -0.335024        1.353   24.62423    0.00460    1
   1   -3    4   1.663213     0.977063     0.274462      1.01488   24.62423    0.00259    1
   1    3   -4   1.663213    -1.094011     0.214583      1.11486   24.62423    0.00313    1
   1    3    4   1.663213    -0.313354    -1.715241      1.74363   24.62423    0.00765    1
  -3    0   -4   1.661201     0.284166    -1.051757      1.08947   24.65453    0.00298    1
  -3    0    4   1.661201    -0.389459     0.824954     0.912265   24.65453    0.00209    1
   3    0   -4   1.661201    -0.388831    -0.825499      0.91249   24.65453    0.00209    1
   3    0    4   1.661201     0.283296     1.052255      1.08972   24.65453    0.00298    1
  -3   -3   -2   1.660941    -1.773147    -0.670484      1.89568   24.65844    0.00901    1
  -3   -3    2   1.660941     0.885388     0.410727     0.976017   24.65844    0.00239    1
  -3    3   -2   1.660941     0.909667     0.201560      0.93173   24.65844    0.00218    1
  -3    3    2   1.660941    -1.871877    -0.605060      1.96724   24.65844    0.00971    1
   3   -3   -2   1.660941    -1.872710     0.603736      1.96762   24.65844    0.00971    1
   3   -3    2   1.660941     0.909938    -0.200980     0.931869   24.65844    0.00218    1
   3    3   -2   1.660941     0.885860    -0.410088     0.976177   24.65844    0.00239    1
   3    3    2   1.660941    -1.774108     0.669078      1.89608   24.65844    0.00902    1
   0   -2   -5   1.640634     0.110424    -0.063598     0.127429   24.96854    0.00004    1
   0   -2    5   1.640634     0.071341    -0.307271     0.315444   24.96854    0.00024    1
   0    2   -5   1.640634     0.070408     0.307708      0.31566   24.96854    0.00024    1
   0    2    5   1.640634     0.110130     0.064150     0.127451   24.96854    0.00004    1
   0   -4   -3   1.640300    -0.237243    -0.161563     0.287031   24.97370    0.00020    1
   0    4    3   1.640300    -0.237718     0.160829     0.287012   24.97370    0.00020    1
   0   -4    3   1.640300    -0.098030    -0.126908      0.16036   24.97370    0.00006    1
   0    4   -3   1.640300    -0.098408     0.126581     0.160334   24.97370    0.00006    1
  -4   -2   -1   1.636281    -0.995648     1.824909      2.07885   25.03604    0.01050    1
  -4   -2    1   1.636281    -0.327329    -1.696689      1.72798   25.03604    0.00725    1
  -4    2   -1   1.636281    -0.227327     1.718694      1.73366   25.03604    0.00730    1
  -4    2    1   1.636281    -1.776784    -1.372009      2.24485   25.03604    0.01224    1
   4   -2   -1   1.636281    -1.777862     1.371114      2.24516   25.03604    0.01225    1
   4   -2    1   1.636281    -0.226161    -1.720068      1.73487   25.03604    0.00731    1
   4    2   -1   1.636281    -0.328469     1.696350      1.72786   25.03604    0.00725    1
   4    2    1   1.636281    -0.994849    -1.825074      2.07861   25.03604    0.01050    1
  -3   -1   -4   1.624967     0.805797    -1.035444      1.31204   25.21322    0.00412    1
  -3   -1    4   1.624967    -1.138620    -1.913040      2.22625   25.21322    0.01186    1
  -3    1   -4   1.624967    -1.201984     0.999109      1.56301   25.21322    0.00585    1
  -3    1    4   1.624967    -0.457493     1.339228      1.41521   25.21322    0.00479    1
   3   -1   -4   1.624967    -0.456540    -1.340953      1.41654   25.21322    0.00480    1
   3   -1    4   1.624967    -1.201419    -0.999575      1.56287   25.21322    0.00585    1
   3    1   -4   1.624967    -1.140696     1.911544      2.22603   25.21322    0.01186    1
   3    1    4   1.624967     0.805371     1.036663      1.31274   25.21322    0.00412    1
  -2    0   -5   1.621950    -0.011819     0.504242      0.50438   25.26089    0.00061    1
  -2    0    5   1.621950     0.264607    -0.743387     0.789076   25.26089    0.00148    1
   2    0   -5   1.621950     0.264481     0.742925     0.788598   25.26089    0.00148    1
   2    0    5   1.621950    -0.011454    -0.502584     0.502715   25.26089    0.00060    1
  -2   -4   -2   1.612888     0.588875     0.322098     0.671208   25.40518    0.00106    1
   2    4    2   1.612888     0.589186    -0.322455     0.671653   25.40518    0.00106    1
  -2   -4    2   1.612888    -0.846636    -0.519598     0.993365   25.40518    0.00232    1
  -2    4   -2   1.612888    -0.012967    -0.226968     0.227338   25.40518    0.00012    1
  -2    4    2   1.612888     0.391712     0.564930     0.687448   25.40518    0.00111    1
   2   -4   -2   1.612888     0.391757    -0.564389     0.687029   25.40518    0.00111    1
   2   -4    2   1.612888    -0.012455     0.227011     0.227352   25.40518    0.00012    1
   2    4   -2   1.612888    -0.848183     0.518375     0.994045   25.40518    0.00233    1
  -1   -2   -5   1.601265     0.595246     0.307970     0.670197   25.59271    0.00104    1
  -1   -2    5   1.601265    -1.113767    -0.083232      1.11687   25.59271    0.00289    1
  -1    2   -5   1.601265     0.846218    -1.115281      1.39998   25.59271    0.00455    1
  -1    2    5   1.601265    -0.474520     0.693906     0.840639   25.59271    0.00164    1
   1   -2   -5   1.601265    -0.475022    -0.695001     0.841827   25.59271    0.00164    1
   1   -2    5   1.601265     0.846633     1.115649      1.40052   25.59271    0.00455    1
   1    2   -5   1.601265    -1.113060     0.083945      1.11622   25.59271    0.00289    1
   1    2    5   1.601265     0.594838    -0.308100     0.669894   25.59271    0.00104    1
  -1   -4   -3   1.600955    -0.533619     0.424029     0.681579   25.59775    0.00108    1
  -1    4   -3   1.600955    -0.454573     0.090805     0.463554   25.59775    0.00050    1
  -1    4    3   1.600955     1.158215    -0.320069      1.20163   25.59775    0.00335    1
   1   -4   -3   1.600955     1.157414     0.320680      1.20102   25.59775    0.00334    1
   1   -4    3   1.600955    -0.454054    -0.090606     0.463006   25.59775    0.00050    1
   1    4    3   1.600955    -0.534164    -0.424035      0.68201   25.59775    0.00108    1
  -1   -4    3   1.600955     0.075403    -0.404372     0.411343   25.59775    0.00039    1
   1    4   -3   1.600955     0.075726     0.403908     0.410946   25.59775    0.00039    1
  -2   -1   -5   1.588173    -0.900364     0.342824     0.963423   25.80730    0.00212    1
  -2   -1    5   1.588173    -0.515081    -0.743140     0.904194   25.80730    0.00186    1
  -2    1   -5   1.588173    -0.411743    -0.468779     0.623928   25.80730    0.00089    1
  -2    1    5   1.588173    -0.276890    -1.119544      1.15328   25.80730    0.00303    1
   2   -1   -5   1.588173    -0.278130     1.118746       1.1528   25.80730    0.00303    1
   2   -1    5   1.588173    -0.412077     0.468075      0.62362   25.80730    0.00089    1
   2    1   -5   1.588173    -0.516721     0.743101     0.905096   25.80730    0.00187    1
   2    1    5   1.588173    -0.900320    -0.343532     0.963634   25.80730    0.00212    1
  -4    0   -3   1.569218     0.992619     0.067208     0.994891   26.12451    0.00220    1
   4    0    3   1.569218     0.992610    -0.066122      0.99481   26.12451    0.00220    1
  -4    0    3   1.569218     0.428249    -0.816110     0.921647   26.12451    0.00189    1
   4    0   -3   1.569218     0.427014     0.815865     0.920856   26.12451    0.00188    1
   0   -5    0   1.564568     0.261602     0.051491     0.266621   26.20354    0.00016    1
   0    5    0   1.564568     0.261781    -0.050379     0.266585   26.20354    0.00016    1
  -4   -2   -2   1.561295     0.019617     0.070098    0.0727912   26.25946    0.00001    1
  -4   -2    2   1.561295     0.952563    -0.161839     0.966213   26.25946    0.00205    1
  -4    2   -2   1.561295     1.360892    -0.416841       1.4233   26.25946    0.00445    1
   4   -2    2   1.561295     1.360947     0.417893      1.42366   26.25946    0.00445    1
   4    2   -2   1.561295     0.952093     0.161485     0.965691   26.25946    0.00205    1
   4    2    2   1.561295     0.019961    -0.068857    0.0716918   26.25946    0.00001    1
  -4    2    2   1.561295    -0.538487     0.104116      0.54846   26.25946    0.00066    1
   4   -2   -2   1.561295    -0.538869    -0.104362     0.548882   26.25946    0.00066    1
  -2   -3   -4   1.548620    -0.970550     0.077189     0.973614   26.47827    0.00205    1
  -2    3   -4   1.548620    -0.937628     0.194012      0.95749   26.47827    0.00198    1
  -2    3    4   1.548620    -0.526941    -0.797470     0.955838   26.47827    0.00197    1
   2   -3   -4   1.548620    -0.528238     0.797376     0.956475   26.47827    0.00197    1
   2   -3    4   1.548620    -0.936471    -0.194967     0.956551   26.47827    0.00198    1
   2    3    4   1.548620    -0.969305    -0.078556     0.972483   26.47827    0.00204    1
  -2   -3    4   1.548620    -0.424573    -0.892450     0.988296   26.47827    0.00211    1
   2    3   -4   1.548620    -0.425769     0.892185     0.988572   26.47827    0.00211    1
   0   -5   -1   1.541632     0.263909    -0.042530     0.267314   26.60049    0.00015    1
   0   -5    1   1.541632     0.212076     0.210401     0.298739   26.60049    0.00019    1
   0    5   -1   1.541632     0.212797    -0.209876     0.298882   26.60049    0.00019    1
   0    5    1   1.541632     0.263633     0.043279     0.267161   26.60049    0.00015    1
  -4   -1   -3   1.538569     0.027415     0.176063     0.178185   26.65442    0.00007    1
  -4   -1    3   1.538569    -0.108830    -0.016368     0.110054   26.65442    0.00003    1
  -4    1   -3   1.538569     0.016540     0.192675     0.193383   26.65442    0.00008    1
  -4    1    3   1.538569    -0.158349    -0.539231     0.562001   26.65442    0.00067    1
   4   -1   -3   1.538569    -0.158774     0.539057     0.561954   26.65442    0.00067    1
   4   -1    3   1.538569     0.017022    -0.192296     0.193048   26.65442    0.00008    1
   4    1   -3   1.538569    -0.109003     0.016096     0.110185   26.65442    0.00003    1
   4    1    3   1.538569     0.026417    -0.176000     0.177971   26.65442    0.00007    1
  -3   -3   -3   1.536251     1.857537    -0.954051      2.08822   26.69539    0.00925    1
  -3   -3    3   1.536251     0.022819    -1.566164      1.56633   26.69539    0.00521    1
  -3    3   -3   1.536251    -0.685573     1.358943      1.52208   26.69539    0.00492    1
  -3    3    3   1.536251     0.896129     1.753336      1.96907   26.69539    0.00823    1
   3   -3   -3   1.536251     0.897131    -1.753078       1.9693   26.69539    0.00823    1
   3   -3    3   1.536251    -0.685204    -1.358868      1.52185   26.69539    0.00491    1
   3    3   -3   1.536251     0.022104     1.566799      1.56695   26.69539    0.00521    1
   3    3    3   1.536251     1.857774     0.955682      2.08917   26.69539    0.00926    1
  -1   -5    0   1.530314     0.487755    -0.910856      1.03323   26.80088    0.00225    1
  -1    5    0   1.530314    -0.881980     0.074263     0.885101   26.80088    0.00165    1
   1   -5    0   1.530314    -0.882263    -0.073607     0.885328   26.80088    0.00165    1
   1    5    0   1.530314     0.487180     0.909807      1.03203   26.80088    0.00224    1
  -3   -2   -4   1.529016   -46.732526    -8.191935      47.4451   26.82405    4.72748    1
  -3   -2    4   1.529016   -44.309471   -16.607251      47.3194   26.82405    4.70248    1
  -3    2   -4   1.529016    46.997577     5.646222      47.3355   26.82405    4.70567    1
  -3    2    4   1.529016    45.956739    11.746275      47.4341   26.82405    4.72530    1
   3   -2   -4   1.529016    45.997692   -11.598458      47.4375   26.82405    4.72596    1
   3   -2    4   1.529016    47.015502    -5.494165      47.3354   26.82405    4.70565    1
   3    2   -4   1.529016   -44.363049    16.463815      47.3195   26.82405    4.70249    1
   3    2    4   1.529016   -46.762036     8.041326      47.4484   26.82405    4.72814    1
  -3   -4    0   1.528746   -44.378695   -16.071389      47.1991   26.82887    4.67681    1
  -3    4    0   1.528746    46.410613     8.615879      47.2036   26.82887    4.67769    1
   3   -4    0   1.528746    46.434898    -8.464955      47.2002   26.82887    4.67702    1
   3    4    0   1.528746   -44.427431    15.926458      47.1959   26.82887    4.67616    1
  -1   -5   -1   1.508831    -0.552753    -0.492575     0.740383   27.18974    0.00112    1
  -1   -5    1   1.508831    -0.469924    -0.365891     0.595571   27.18974    0.00072    1
  -1    5   -1   1.508831    -0.027292    -0.576106     0.576752   27.18974    0.00068    1
  -1    5    1   1.508831    -0.142850    -0.731518     0.745335   27.18974    0.00113    1
   1   -5   -1   1.508831    -0.142967     0.732682       0.7465   27.18974    0.00114    1
   1   -5    1   1.508831    -0.029313     0.576209     0.576954   27.18974    0.00068    1
   1    5   -1   1.508831    -0.470709     0.364264     0.595193   27.18974    0.00072    1
   1    5    1   1.508831    -0.551885     0.491444     0.738982   27.18974    0.00111    1
  -3   -4   -1   1.507329     1.405851     1.772706       2.2625   27.21737    0.01042    1
  -3   -4    1   1.507329    -2.222576    -0.010398       2.2226   27.21737    0.01006    1
  -3    4   -1   1.507329    -1.877498    -1.080879       2.1664   27.21737    0.00956    1
  -3    4    1   1.507329     2.387975    -0.569519      2.45495   27.21737    0.01227    1
   3   -4   -1   1.507329     2.388026     0.571475      2.45545   27.21737    0.01228    1
   3   -4    1   1.507329    -1.877837     1.079793      2.16615   27.21737    0.00955    1
   3    4   -1   1.507329    -2.223154     0.009001      2.22317   27.21737    0.01006    1
   3    4    1   1.507329     1.406852    -1.772354      2.26285   27.21737    0.01043    1
   0    0   -6   1.506087     0.251970    -0.040750     0.255243   27.24025    0.00013    1
   0    0    6   1.506087     0.251880     0.041509     0.255277   27.24025    0.00013    1
  -4   -3    0   1.502525     0.642882     0.575983     0.863165   27.30606    0.00151    1
  -4    3    0   1.502525     0.550076    -0.107279      0.56044   27.30606    0.00064    1
   4   -3    0   1.502525     0.551066     0.107545     0.561462   27.30606    0.00064    1
   4    3    0   1.502525     0.644349    -0.575811     0.864144   27.30606    0.00151    1
  -2   -2   -5   1.498245     0.233706     0.416577     0.477656   27.38560    0.00046    1
  -2   -2    5   1.498245    -0.348639    -0.424007     0.548937   27.38560    0.00061    1
  -2    2   -5   1.498245    -1.058403    -0.553102      1.19421   27.38560    0.00287    1
  -2    2    5   1.498245     0.217711     0.130086     0.253615   27.38560    0.00013    1
   2   -2   -5   1.498245     0.217183    -0.129769     0.252999   27.38560    0.00013    1
   2   -2    5   1.498245    -1.058969     0.550514      1.19352   27.38560    0.00286    1
   2    2   -5   1.498245    -0.349463     0.424017     0.549468   27.38560    0.00061    1
   2    2    5   1.498245     0.234942    -0.417010     0.478639   27.38560    0.00046    1
  -2   -4   -3   1.497991     0.207577     0.469298     0.513155   27.39033    0.00053    1
  -2    4   -3   1.497991    -0.282661     0.218187     0.357075   27.39033    0.00026    1
  -2    4    3   1.497991     0.601810    -0.323429     0.683214   27.39033    0.00094    1
   2   -4   -3   1.497991     0.600430     0.325434     0.682952   27.39033    0.00094    1
   2   -4    3   1.497991    -0.280917    -0.217985     0.355572   27.39033    0.00025    1
   2    4    3   1.497991     0.209205    -0.469023     0.513566   27.39033    0.00053    1
  -2   -4    3   1.497991     0.434310    -0.349921     0.557736   27.39033    0.00062    1
   2    4   -3   1.497991     0.433684     0.352161     0.558659   27.39033    0.00063    1
   0   -3   -5   1.485409     0.382322     0.115856     0.399491   27.62691    0.00031    1
   0   -3    5   1.485409     0.308144     0.030572     0.309657   27.62691    0.00019    1
   0    3   -5   1.485409     0.308092    -0.029344     0.309486   27.62691    0.00019    1
   0    3    5   1.485409     0.382918    -0.114721     0.399734   27.62691    0.00032    1
  -4   -3   -1   1.482176    -0.774229     0.434932     0.888029   27.68837    0.00155    1
   4    3    1   1.482176    -0.774634    -0.435249     0.888538   27.68837    0.00155    1
  -4   -3    1   1.482176    -0.518226     0.176910      0.54759   27.68837    0.00059    1
  -4    3   -1   1.482176    -0.870435    -0.092985     0.875387   27.68837    0.00150    1
  -4    3    1   1.482176    -0.680007    -0.514137     0.852494   27.68837    0.00143    1
   4   -3   -1   1.482176    -0.680843     0.514665      0.85348   27.68837    0.00143    1
   4   -3    1   1.482176    -0.871331     0.092519     0.876229   27.68837    0.00151    1
   4    3   -1   1.482176    -0.518385    -0.176187     0.547508   27.68837    0.00059    1
   0   -1   -6   1.478927     2.969934    30.919563      31.0619   27.75041    1.88550    1
   0   -1    6   1.478927     4.311597   -30.429701      30.7336   27.75041    1.84587    1
   0    1   -6   1.478927     4.217064    30.442932      30.7336   27.75041    1.84586    1
   0    1    6   1.478927     3.065865   -30.910080      31.0618   27.75041    1.88549    1
   0   -4   -4   1.478622    31.067377     0.103323      31.0675   27.75625    1.88535    1
   0    4    4   1.478622    31.067666    -0.006749      31.0677   27.75625    1.88536    1
   0   -4    4   1.478622    30.470918     4.994809      30.8776   27.75625    1.86236    1
   0    4   -4   1.478622    30.486327    -4.900084      30.8776   27.75625    1.86237    1
   0   -5   -2   1.478439     1.974611   -30.523998      30.5878   27.75976    1.82708    1
   0   -5    2   1.478439    -4.386384    30.375168      30.6902   27.75976    1.83934    1
   0    5   -2   1.478439    -4.291964   -30.388690      30.6903   27.75976    1.83934    1
   0    5    2   1.478439     1.879751    30.529974      30.5878   27.75976    1.82708    1
  -1    0   -6   1.475459    -1.173459     0.719437      1.37644   27.81695    0.00368    1
  -1    0    6   1.475459     0.473730    -0.182898     0.507811   27.81695    0.00050    1
   1    0   -6   1.475459     0.474090     0.181426     0.507619   27.81695    0.00050    1
   1    0    6   1.475459    -1.172975    -0.720451      1.37656   27.81695    0.00368    1
  -5    0    0   1.470714     0.032314     0.021285    0.0386942   27.90851    0.00000    1
   5    0    0   1.470714     0.032390    -0.021185    0.0387034   27.90851    0.00000    1
  -4   -2   -3   1.456385    -0.661633     0.374546     0.760292   28.18875    0.00109    1
  -4   -2    3   1.456385     0.635993    -0.127721     0.648691   28.18875    0.00080    1
  -4    2   -3   1.456385     0.658116     0.017561      0.65835   28.18875    0.00082    1
  -4    2    3   1.456385    -0.321930    -0.036583     0.324002   28.18875    0.00020    1
   4   -2   -3   1.456385    -0.322382     0.037349     0.324538   28.18875    0.00020    1
   4   -2    3   1.456385     0.658548    -0.016600     0.658758   28.18875    0.00082    1
   4    2   -3   1.456385     0.635797     0.128196     0.648592   28.18875    0.00080    1
   4    2    3   1.456385    -0.660789    -0.374994     0.759778   28.18875    0.00109    1
  -1   -3   -5   1.456001     0.257073    -0.091677     0.272931   28.19633    0.00014    1
  -1   -3    5   1.456001     0.410461    -0.107865     0.424397   28.19633    0.00034    1
  -1    3   -5   1.456001    -0.305887     0.148216     0.339905   28.19633    0.00022    1
  -1    3    5   1.456001    -0.209715     0.501766     0.543829   28.19633    0.00056    1
   1   -3   -5   1.456001    -0.209515    -0.500335     0.542431   28.19633    0.00056    1
   1   -3    5   1.456001    -0.308340    -0.148194     0.342104   28.19633    0.00022    1
   1    3   -5   1.456001     0.409313     0.106296      0.42289   28.19633    0.00034    1
   1    3    5   1.456001     0.257547     0.090128     0.272861   28.19633    0.00014    1
  -3    0   -5   1.454651    -0.023334     0.085233    0.0883699   28.22305    0.00001    1
  -3    0    5   1.454651    -0.017210     0.135471      0.13656   28.22305    0.00004    1
   3    0   -5   1.454651    -0.017248    -0.135410     0.136504   28.22305    0.00004    1
   3    0    5   1.454651    -0.022344    -0.085471    0.0883434   28.22305    0.00001    1
  -5    0   -1   1.451614     0.076375     0.145288     0.164139   28.28331    0.00005    1
  -5    0    1   1.451614    -0.019347     0.034783    0.0398019   28.28331    0.00000    1
   5    0   -1   1.451614    -0.020124    -0.035484    0.0407933   28.28331    0.00000    1
   5    0    1   1.451614     0.077851    -0.144276     0.163941   28.28331    0.00005    1
  -1   -1   -6   1.449895    16.731889   -10.409389      19.7056   28.31754    0.72688    1
  -1   -1    6   1.449895   -18.517393     7.081800      19.8254   28.31754    0.73574    1
  -1    1   -6   1.449895   -15.761858    11.979187      19.7974   28.31754    0.73367    1
  -1    1    6   1.449895    18.430321    -6.943047      19.6947   28.31754    0.72608    1
   1   -1   -6   1.449895    18.410756     7.003096      19.6977   28.31754    0.72630    1
   1   -1    6   1.449895   -15.725897   -12.031481      19.8005   28.31754    0.73390    1
   1    1   -6   1.449895   -18.497300    -7.141965      19.8282   28.31754    0.73595    1
   1    1    6   1.449895    16.700927    10.464655      19.7086   28.31754    0.72710    1
  -1   -4   -4   1.449608    -7.607760   -18.189658      19.7165   28.32328    0.72737    1
   1    4    4   1.449608    -7.666218    18.165197      19.7166   28.32328    0.72738    1
  -1   -4    4   1.449608    -4.317878   -19.290447      19.7678   28.32328    0.73116    1
  -1    4   -4   1.449608    10.295258    16.827905      19.7274   28.32328    0.72818    1
  -1    4    4   1.449608     7.702420    18.069181      19.6424   28.32328    0.72191    1
   1   -4   -4   1.449608     7.760457   -18.044438      19.6425   28.32328    0.72192    1
   1   -4    4   1.449608    10.347656   -16.792440      19.7246   28.32328    0.72797    1
   1    4   -4   1.449608    -4.378955    19.273482      19.7647   28.32328    0.73093    1
  -1   -5   -2   1.449435    18.119360    -8.077246      19.8382   28.32672    0.73619    1
  -1   -5    2   1.449435   -19.046002     5.423795      19.8032   28.32672    0.73359    1
  -1    5   -2   1.449435   -16.662612    10.595568      19.7461   28.32672    0.72937    1
  -1    5    2   1.449435    16.860324   -10.317968      19.7669   28.32672    0.73091    1
   1   -5   -2   1.449435    16.827187    10.372067       19.767   28.32672    0.73091    1
   1   -5    2   1.449435   -16.626170   -10.647423      19.7433   28.32672    0.72916    1
   1    5   -2   1.449435   -19.025497    -5.483971      19.8001   28.32672    0.73336    1
   1    5    2   1.449435    18.093167     8.135308       19.838   28.32672    0.73617    1
  -3   -4   -2   1.448103    -0.043518    -0.329838     0.332697   28.35333    0.00021    1
  -3   -4    2   1.448103     0.519575    -0.663551     0.842768   28.35333    0.00133    1
  -3    4   -2   1.448103     0.038220     0.547113     0.548446   28.35333    0.00056    1
  -3    4    2   1.448103    -0.215429     0.043809     0.219838   28.35333    0.00009    1
   3   -4   -2   1.448103    -0.216315    -0.044665     0.220878   28.35333    0.00009    1
   3   -4    2   1.448103     0.038503    -0.546521     0.547875   28.35333    0.00056    1
   3    4   -2   1.448103     0.518508     0.665169     0.843386   28.35333    0.00133    1
   3    4    2   1.448103    -0.043754     0.329131     0.332026   28.35333    0.00021    1
  -5   -1    0   1.445392    -0.284018     0.004088     0.284047   28.40762    0.00015    1
   5    1    0   1.445392    -0.284472    -0.006690     0.284551   28.40762    0.00015    1
  -5    1    0   1.445392     0.116856     0.093549     0.149689   28.40762    0.00004    1
   5   -1    0   1.445392     0.118636    -0.092859     0.150656   28.40762    0.00004    1
  -2   -5    0   1.439648    -1.116824     0.250964      1.14467   28.52337    0.00242    1
  -2    5    0   1.439648    -0.249298    -0.649053     0.695283   28.52337    0.00089    1
   2   -5    0   1.439648    -0.249653     0.648004     0.694432   28.52337    0.00089    1
   2    5    0   1.439648    -1.116419    -0.253098      1.14475   28.52337    0.00242    1
  -3   -1   -5   1.430136    -1.391517    -1.058467      1.74833   28.71713    0.00555    1
  -3   -1    5   1.430136     0.522046    -0.593910     0.790735   28.71713    0.00114    1
  -3    1   -5   1.430136     0.474573     0.913701       1.0296   28.71713    0.00193    1
  -3    1    5   1.430136    -0.883486     0.475469       1.0033   28.71713    0.00183    1
   3   -1   -5   1.430136    -0.883928    -0.474522      1.00324   28.71713    0.00183    1
   3   -1    5   1.430136     0.474333    -0.913248      1.02908   28.71713    0.00192    1
   3    1   -5   1.430136     0.522271     0.592710     0.789983   28.71713    0.00113    1
   3    1    5   1.430136    -1.391514     1.056217      1.74697   28.71713    0.00554    1
  -5   -1   -1   1.427250     0.006810     0.143432     0.143593   28.77645    0.00004    1
  -5   -1    1   1.427250    -0.008449     0.185813     0.186005   28.77645    0.00006    1
  -5    1   -1   1.427250    -0.085912    -0.067130     0.109028   28.77645    0.00002    1
  -5    1    1   1.427250    -0.121451    -0.142370     0.187135   28.77645    0.00006    1
   5   -1   -1   1.427250    -0.122293     0.140741      0.18645   28.77645    0.00006    1
   5   -1    1   1.427250    -0.086449     0.065951     0.108734   28.77645    0.00002    1
   5    1   -1   1.427250    -0.006788    -0.185574     0.185698   28.77645    0.00006    1
   5    1    1   1.427250     0.008136    -0.143249      0.14348   28.77645    0.00004    1
  -4    0   -4   1.425922    -0.470993     0.349712     0.586628   28.80384    0.00062    1
   4    0    4   1.425922    -0.470316    -0.349549     0.585988   28.80384    0.00062    1
  -4    0    4   1.425922    -0.457241     0.297179      0.54533   28.80384    0.00054    1
   4    0   -4   1.425922    -0.456464    -0.297084     0.544627   28.80384    0.00054    1
  -4   -3   -2   1.425757     0.169510    -0.066377     0.182043   28.80723    0.00006    1
  -4   -3    2   1.425757    -0.142374     0.585797      0.60285   28.80723    0.00066    1
  -4    3   -2   1.425757     0.066206    -0.521725     0.525909   28.80723    0.00050    1
  -4    3    2   1.425757    -0.249196     0.025470     0.250494   28.80723    0.00011    1
   4   -3   -2   1.425757    -0.249021    -0.026298     0.250406   28.80723    0.00011    1
   4   -3    2   1.425757     0.066002     0.522502     0.526654   28.80723    0.00050    1
   4    3   -2   1.425757    -0.142271    -0.586464     0.603474   28.80723    0.00066    1
   4    3    2   1.425757     0.169368     0.066992     0.182136   28.80723    0.00006    1
  -2   -5   -1   1.421718    -0.692339     0.433252     0.816726   28.89084    0.00120    1
  -2   -5    1   1.421718    -0.431113     0.014336     0.431352   28.89084    0.00033    1
  -2    5   -1   1.421718    -0.085297    -0.100587     0.131883   28.89084    0.00003    1
  -2    5    1   1.421718     0.261175    -0.787815     0.829978   28.89084    0.00124    1
   2   -5   -1   1.421718     0.259403     0.787409     0.829037   28.89084    0.00123    1
   2   -5    1   1.421718    -0.084828     0.099349     0.130637   28.89084    0.00003    1
   2    5   -1   1.421718    -0.432287    -0.015338     0.432559   28.89084    0.00034    1
   2    5    1   1.421718    -0.691797    -0.435171     0.817286   28.89084    0.00120    1
   0   -2   -6   1.405495    -0.027073     0.763997     0.764477   29.23170    0.00102    1
   0   -2    6   1.405495    -0.271667     0.922896      0.96205   29.23170    0.00162    1
   0    2   -6   1.405495    -0.268370    -0.923860      0.96205   29.23170    0.00162    1
   0    2    6   1.405495    -0.024554    -0.764092     0.764487   29.23170    0.00102    1
  -4   -1   -4   1.402808     0.900655     0.638978       1.1043   29.28895    0.00212    1
  -4   -1    4   1.402808     0.686780     0.284974     0.743557   29.28895    0.00096    1
  -4    1   -4   1.402808     0.589843    -0.149679     0.608539   29.28895    0.00065    1
  -4    1    4   1.402808     0.543015    -0.688569     0.876922   29.28895    0.00134    1
   4   -1   -4   1.402808     0.542679     0.688774     0.876875   29.28895    0.00134    1
   4   -1    4   1.402808     0.591199     0.150183     0.609976   29.28895    0.00065    1
   4    1   -4   1.402808     0.686562    -0.284776      0.74328   29.28895    0.00096    1
   4    1    4   1.402808     0.902009    -0.638206      1.10496   29.28895    0.00213    1
  -3   -3   -4   1.401050     0.136605    -0.553940     0.570535   29.32652    0.00057    1
   3    3    4   1.401050     0.136321     0.554026     0.570551   29.32652    0.00057    1
  -3   -3    4   1.401050     2.070308     0.209160      2.08085   29.32652    0.00752    1
  -3    3   -4   1.401050     0.337315     0.587413     0.677374   29.32652    0.00080    1
  -3    3    4   1.401050     0.595865     0.774020     0.976812   29.32652    0.00166    1
   3   -3   -4   1.401050     0.596900    -0.771379     0.975354   29.32652    0.00165    1
   3   -3    4   1.401050     0.337415    -0.588850      0.67867   29.32652    0.00080    1
   3    3   -4   1.401050     2.071590    -0.205125      2.08172   29.32652    0.00753    1
  -5    0   -2   1.398492    -0.047258    -0.029356    0.0556331   29.38138    0.00001    1
   5    0    2   1.398492    -0.046216     0.030127    0.0551678   29.38138    0.00001    1
  -5    0    2   1.398492    -0.350559    -0.504676     0.614483   29.38138    0.00065    1
   5    0   -2   1.398492    -0.353345     0.502735     0.614487   29.38138    0.00065    1
  -2    0   -6   1.393695    -0.383472    -0.537091     0.659937   29.48478    0.00075    1
  -2    0    6   1.393695    -0.694773     0.115778     0.704353   29.48478    0.00085    1
   2    0   -6   1.393695    -0.694972    -0.117553     0.704844   29.48478    0.00085    1
   2    0    6   1.393695    -0.384731     0.535210     0.659141   29.48478    0.00075    1
   0   -5   -3   1.388443    -0.177276    -0.265786     0.319483   29.59885    0.00017    1
   0   -5    3   1.388443     0.026529     0.140258     0.142745   29.59885    0.00003    1
   0    5   -3   1.388443     0.026996    -0.140103      0.14268   29.59885    0.00003    1
   0    5    3   1.388443    -0.178181     0.265184     0.319485   29.59885    0.00017    1
  -1   -2   -6   1.380506     0.309081     0.081903     0.319749   29.77296    0.00017    1
  -1   -2    6   1.380506    -0.991097    -0.075202     0.993946   29.77296    0.00166    1
  -1    2   -6   1.380506     1.121396    -1.012139      1.51061   29.77296    0.00384    1
  -1    2    6   1.380506     0.152891     0.341795     0.374433   29.77296    0.00024    1
   1   -2   -6   1.380506     0.152679    -0.339100     0.371887   29.77296    0.00023    1
   1   -2    6   1.380506     1.119710     1.014441      1.51091   29.77296    0.00384    1
   1    2   -6   1.380506    -0.991464     0.074220     0.994238   29.77296    0.00166    1
   1    2    6   1.380506     0.310302    -0.083472     0.321333   29.77296    0.00017    1
  -2   -3   -5   1.377261     0.409123     0.300401     0.507565   29.84472    0.00043    1
  -2   -3    5   1.377261     0.318483     0.818740     0.878502   29.84472    0.00129    1
  -2    3   -5   1.377261     0.543788     0.262217     0.603708   29.84472    0.00061    1
  -2    3    5   1.377261     0.496045     0.743045     0.893407   29.84472    0.00134    1
   2   -3   -5   1.377261     0.498039    -0.742163     0.893784   29.84472    0.00134    1
   2   -3    5   1.377261     0.544222    -0.261226     0.603669   29.84472    0.00061    1
   2    3   -5   1.377261     0.320766    -0.818630      0.87923   29.84472    0.00129    1
   2    3    5   1.377261     0.409746    -0.299978     0.507817   29.84472    0.00043    1
  -5   -1   -2   1.376666    27.071084    34.313774      43.7067   29.85793    3.19341    1
  -5   -1    2   1.376666   -24.319761   -36.383032      43.7627   29.85793    3.20159    1
  -5    1   -2   1.376666   -28.562107   -33.172481      43.7745   29.85793    3.20332    1
  -5    1    2   1.376666    25.738095    35.358538      43.7341   29.85793    3.19741    1
   5   -1   -2   1.376666    25.861679   -35.267452      43.7335   29.85793    3.19732    1
   5   -1    2   1.376666   -28.678519    33.072127      43.7747   29.85793    3.20334    1
   5    1   -2   1.376666   -24.447256    36.297297      43.7626   29.85793    3.20157    1
   5    1    2   1.376666    27.190979   -34.217985      43.7061   29.85793    3.19331    1
  -5   -2    0   1.376617   -35.897748    25.066020       43.783   29.85902    3.20431    1
   5    2    0   1.376617   -35.809882   -25.192194      43.7835   29.85902    3.20438    1
  -5    2    0   1.376617    33.640449   -28.032916      43.7895   29.85902    3.20527    1
   5   -2    0   1.376617    33.542431    28.151398      43.7904   29.85902    3.20539    1
  -2   -1   -6   1.372090   -15.667230   -11.531138      19.4533   29.95983    0.62802    1
  -2   -1    6   1.372090    13.254715    13.928667      19.2275   29.95983    0.61352    1
  -2    1   -6   1.372090   -16.552668    -9.757624      19.2146   29.95983    0.61270    1
  -2    1    6   1.372090    13.207368    14.257463      19.4348   29.95983    0.62682    1
   2   -1   -6   1.372090    13.257237   -14.210746      19.4345   29.95983    0.62681    1
   2   -1    6   1.372090   -16.586215     9.698941      19.2138   29.95983    0.61266    1
   2    1   -6   1.372090    13.303242   -13.881498      19.2269   29.95983    0.61349    1
   2    1    6   1.372090   -15.707124    11.475641      19.4526   29.95983    0.62798    1
  -2   -4   -4   1.371846   -13.015844    14.403690      19.4134   29.96529    0.62520    1
   2    4    4   1.371846   -12.965260   -14.449851      19.4138   29.96529    0.62523    1
  -2   -4    4   1.371846   -14.423288    12.789242      19.2768   29.96529    0.61644    1
  -2    4   -4   1.371846    -9.702793    16.676623      19.2939   29.96529    0.61753    1
  -2    4    4   1.371846   -12.988782    14.458161      19.4357   29.96529    0.62664    1
   2   -4   -4   1.371846   -12.937784   -14.503943      19.4358   29.96529    0.62665    1
   2   -4    4   1.371846    -9.644229   -16.711176      19.2944   29.96529    0.61756    1
   2    4   -4   1.371846   -14.378815   -12.840643      19.2778   29.96529    0.61650    1
  -2   -5   -2   1.371700    14.740446    12.288927      19.1911   29.96856    0.61082    1
  -2   -5    2   1.371700   -13.652518   -13.573326      19.2517   29.96856    0.61469    1
  -2    5   -2   1.371700    16.850440     9.352220      19.2718   29.96856    0.61597    1
  -2    5    2   1.371700   -16.147222   -10.441817      19.2293   29.96856    0.61326    1
   2   -5   -2   1.371700   -16.183447    10.384849      19.2289   29.96856    0.61323    1
   2   -5    2   1.371700    16.883347    -9.293090       19.272   29.96856    0.61598    1
   2    5   -2   1.371700   -13.700500    13.525756      19.2523   29.96856    0.61472    1
   2    5    2   1.371700    14.783308   -12.236950      19.1909   29.96856    0.61081    1
  -1   -5   -3   1.364337     0.304328    -0.446902     0.540682   30.13411    0.00048    1
  -1    5    3   1.364337    -0.529450    -0.241001      0.58172   30.13411    0.00055    1
   1   -5   -3   1.364337    -0.528952     0.240992     0.581263   30.13411    0.00055    1
   1    5    3   1.364337     0.304870     0.447773     0.541707   30.13411    0.00048    1
  -1   -5    3   1.364337     0.297203    -0.353348     0.461719   30.13411    0.00035    1
  -1    5   -3   1.364337    -0.516851    -0.108219     0.528059   30.13411    0.00046    1
   1   -5    3   1.364337    -0.517011     0.107636     0.528097   30.13411    0.00046    1
   1    5   -3   1.364337     0.297126     0.353770     0.461992   30.13411    0.00035    1
  -3   -2   -5   1.363417     0.171745    -0.307819     0.352489   30.15493    0.00020    1
  -3   -2    5   1.363417    -0.256047    -0.354993     0.437698   30.15493    0.00031    1
  -3    2   -5   1.363417    -0.218649     0.679617     0.713924   30.15493    0.00083    1
  -3    2    5   1.363417     0.445246    -0.101369      0.45664   30.15493    0.00034    1
   3   -2   -5   1.363417     0.444864     0.103099     0.456654   30.15493    0.00034    1
   3   -2    5   1.363417    -0.218440    -0.680363      0.71457   30.15493    0.00084    1
   3    2   -5   1.363417    -0.255480     0.353322     0.436012   30.15493    0.00031    1
   3    2    5   1.363417     0.170580     0.308671     0.352669   30.15493    0.00020    1
  -3   -4   -3   1.363226     0.419278     0.223872     0.475303   30.15926    0.00037    1
   3    4    3   1.363226     0.420881    -0.223311     0.476454   30.15926    0.00037    1
  -3   -4    3   1.363226    -0.189381    -0.451351     0.489472   30.15926    0.00039    1
  -3    4   -3   1.363226    -0.538753    -0.112117     0.550296   30.15926    0.00050    1
  -3    4    3   1.363226     0.354184     0.596350     0.693599   30.15926    0.00079    1
   3   -4   -3   1.363226     0.355275    -0.595533     0.693455   30.15926    0.00079    1
   3   -4    3   1.363226    -0.539140     0.110893     0.550426   30.15926    0.00050    1
   3    4   -3   1.363226    -0.190720     0.451255     0.489904   30.15926    0.00039    1
  -5   -2   -1   1.360916    -0.048930    -0.362756     0.366041   30.21166    0.00022    1
  -5   -2    1   1.360916     0.042939     0.107680     0.115925   30.21166    0.00002    1
  -5    2   -1   1.360916    -0.113279     0.155434     0.192333   30.21166    0.00006    1
  -5    2    1   1.360916     0.064988    -0.102070     0.121003   30.21166    0.00002    1
   5   -2   -1   1.360916     0.064051     0.103163     0.121429   30.21166    0.00002    1
   5   -2    1   1.360916    -0.112399    -0.156957     0.193052   30.21166    0.00006    1
   5    2   -1   1.360916     0.044429    -0.107989     0.116771   30.21166    0.00002    1
   5    2    1   1.360916    -0.050906     0.363368     0.366917   30.21166    0.00022    1
  -4   -3   -3   1.344535     0.912345     0.346836     0.976047   30.58869    0.00151    1
   4    3    3   1.344535     0.912982    -0.346342     0.976467   30.58869    0.00151    1
  -4   -3    3   1.344535     1.002745    -0.158223      1.01515   30.58869    0.00164    1
  -4    3   -3   1.344535     0.883427     0.111695      0.89046   30.58869    0.00126    1
  -4    3    3   1.344535     0.922544    -0.518463      1.05825   30.58869    0.00178    1
   4   -3   -3   1.344535     0.922595     0.519716      1.05891   30.58869    0.00178    1
   4   -3    3   1.344535     0.884548    -0.110984     0.891484   30.58869    0.00126    1
   4    3   -3   1.344535     1.002456     0.159412      1.01505   30.58869    0.00164    1
  -4   -2   -4   1.339677    -0.608554     2.265457      2.34577   30.70234    0.00866    1
   4    2    4   1.339677    -0.607921    -2.269243      2.34926   30.70234    0.00869    1
  -4   -2    4   1.339677     0.214167     2.012769      2.02413   30.70234    0.00645    1
  -4    2   -4   1.339677     0.767531     1.875344      2.02633   30.70234    0.00647    1
  -4    2    4   1.339677    -0.666182     2.144541      2.24563   30.70234    0.00794    1
   4   -2   -4   1.339677    -0.666045    -2.147950      2.24885   30.70234    0.00796    1
   4   -2    4   1.339677     0.766981    -1.874947      2.02576   30.70234    0.00646    1
   4    2   -4   1.339677     0.213797    -2.012720      2.02404   30.70234    0.00645    1
  -4   -4    0   1.339495    -1.328304    -1.951361      2.36055   30.70661    0.00877    1
  -4    4    0   1.339495    -1.483735    -1.714143       2.2671   30.70661    0.00809    1
   4   -4    0   1.339495    -1.482465     1.711294      2.26412   30.70661    0.00807    1
   4    4    0   1.339495    -1.327587     1.947932      2.35731   30.70661    0.00875    1
   0   -4   -5   1.327325    -0.014946     0.389504     0.389791   30.99519    0.00023    1
   0   -4    5   1.327325    -0.041741    -0.209025     0.213152   30.99519    0.00007    1
   0    4   -5   1.327325    -0.042237     0.208891     0.213118   30.99519    0.00007    1
   0    4    5   1.327325    -0.013445    -0.389557     0.389789   30.99519    0.00023    1
  -4   -4   -1   1.325017     0.591655    -0.658448     0.885217   31.05054    0.00120    1
  -4   -4    1   1.325017    -0.012124     0.450749     0.450912   31.05054    0.00031    1
  -4    4   -1   1.325017    -0.035830    -0.587972     0.589062   31.05054    0.00053    1
  -4    4    1   1.325017     1.068855     0.190506       1.0857   31.05054    0.00181    1
   4   -4   -1   1.325017     1.069711    -0.188328      1.08616   31.05054    0.00181    1
   4   -4    1   1.325017    -0.037954     0.588636     0.589858   31.05054    0.00053    1
   4    4   -1   1.325017    -0.010917    -0.449716     0.449848   31.05054    0.00031    1
   4    4    1   1.325017     0.589793     0.658720     0.884177   31.05054    0.00120    1
  -5    0   -3   1.321596     0.231684     0.201351     0.306952   31.13295    0.00014    1
   5    0    3   1.321596     0.232613    -0.200346     0.306997   31.13295    0.00014    1
  -5    0    3   1.321596    -0.119557    -0.164120      0.20305   31.13295    0.00006    1
   5    0   -3   1.321596    -0.120455     0.163520     0.203097   31.13295    0.00006    1
  -3   -5    0   1.318814     1.115742     0.128443      1.12311   31.20029    0.00192    1
  -3    5    0   1.318814     0.531757     0.261076      0.59239   31.20029    0.00053    1
   3   -5    0   1.318814     0.532942    -0.261333     0.593568   31.20029    0.00054    1
   3    5    0   1.318814     1.114987    -0.126334      1.12212   31.20029    0.00192    1
  -5   -2   -2   1.316852    -0.188323     0.079184     0.204293   31.24796    0.00006    1
  -5   -2    2   1.316852     0.403424     0.045412     0.405972   31.24796    0.00025    1
  -5    2   -2   1.316852     0.119187    -0.159458     0.199079   31.24796    0.00006    1
   5   -2    2   1.316852     0.117348     0.159798     0.198257   31.24796    0.00006    1
   5    2   -2   1.316852     0.403783    -0.042872     0.406052   31.24796    0.00025    1
   5    2    2   1.316852    -0.187446    -0.080397      0.20396   31.24796    0.00006    1
  -5    2    2   1.316852     0.105757     0.627030     0.635886   31.24796    0.00061    1
   5   -2   -2   1.316852     0.108170    -0.627528     0.636782   31.24796    0.00061    1
  -2   -2   -6   1.312845     0.073488     0.526051     0.531159   31.34578    0.00042    1
  -2   -2    6   1.312845    -0.277351    -1.026240      1.06306   31.34578    0.00170    1
  -2    2   -6   1.312845     0.117924     0.426181     0.442195   31.34578    0.00029    1
  -2    2    6   1.312845     1.123233     0.396820      1.19127   31.34578    0.00214    1
   2   -2   -6   1.312845     1.124723    -0.393951      1.19172   31.34578    0.00214    1
   2   -2    6   1.312845     0.119531    -0.423813     0.440346   31.34578    0.00029    1
   2    2   -6   1.312845    -0.279729     1.025281      1.06276   31.34578    0.00170    1
   2    2    6   1.312845     0.073954    -0.526333     0.531503   31.34578    0.00043    1
  -1   -4   -5   1.306217    -0.481894     0.749285      0.89087   31.50896    0.00118    1
  -1   -4    5   1.306217    -0.583779    -0.427395     0.723508   31.50896    0.00078    1
  -1    4   -5   1.306217    -0.032831    -0.596967     0.597869   31.50896    0.00053    1
  -1    4    5   1.306217     1.028920     0.230723      1.05447   31.50896    0.00166    1
   1   -4   -5   1.306217     1.030941    -0.228913      1.05605   31.50896    0.00166    1
   1   -4    5   1.306217    -0.035164     0.597189     0.598223   31.50896    0.00053    1
   1    4   -5   1.306217    -0.585370     0.424782     0.723255   31.50896    0.00078    1
   1    4    5   1.306217    -0.480051    -0.749147     0.889759   31.50896    0.00118    1
  -3   -5   -1   1.304990     0.703524     0.627441     0.942671   31.53937    0.00132    1
  -3   -5    1   1.304990     0.201492     0.674692     0.704136   31.53937    0.00074    1
  -3    5   -1   1.304990     0.653378    -0.471706      0.80586   31.53937    0.00097    1
  -3    5    1   1.304990     0.910179    -0.530318      1.05341   31.53937    0.00165    1
   3   -5   -1   1.304990     0.909487     0.530452      1.05288   31.53937    0.00165    1
   3   -5    1   1.304990     0.653178     0.473043     0.806481   31.53937    0.00097    1
   3    5   -1   1.304990     0.201992    -0.674104     0.703717   31.53937    0.00074    1
   3    5    1   1.304990     0.703383    -0.627056      0.94231   31.53937    0.00132    1
   0   -3   -6   1.304184    -2.770074   -49.959033      50.0358   31.55937    3.71534    1
   0   -3    6   1.304184    -9.164157    49.190079      50.0364   31.55937    3.71544    1
   0    3   -6   1.304184    -8.975663   -49.224468      50.0361   31.55937    3.71539    1
   0    3    6   1.304184    -2.961298    49.948080      50.0358   31.55937    3.71534    1
   0   -6    0   1.303807    49.587363     6.324595      49.9891   31.56873    3.70604    1
   0    6    0   1.303807    49.610909    -6.134494      49.9887   31.56873    3.70599    1
  -5   -1   -3   1.303130    -0.325203    -0.300787     0.442978   31.58554    0.00029    1
  -5   -1    3   1.303130    -0.655104    -0.093795     0.661785   31.58554    0.00065    1
  -5    1   -3   1.303130     0.405379     0.309602     0.510084   31.58554    0.00039    1
   5   -1    3   1.303130     0.404783    -0.307335     0.508236   31.58554    0.00038    1
   5    1   -3   1.303130    -0.656038     0.093168      0.66262   31.58554    0.00065    1
   5    1    3   1.303130    -0.325910     0.300412     0.443244   31.58554    0.00029    1
  -5    1    3   1.303130     0.454732     0.217911     0.504248   31.58554    0.00038    1
   5   -1   -3   1.303130     0.455148    -0.216509      0.50402   31.58554    0.00038    1
  -2   -5   -3   1.298916     0.504061     0.327111     0.600898   31.69072    0.00053    1
  -2    5   -3   1.298916    -0.024865     1.015328      1.01563   31.69072    0.00152    1
  -2    5    3   1.298916     0.311788     0.003738      0.31181   31.69072    0.00014    1
   2   -5   -3   1.298916     0.311648    -0.002296     0.311656   31.69072    0.00014    1
   2   -5    3   1.298916    -0.021894    -1.015060       1.0153   31.69072    0.00152    1
   2    5    3   1.298916     0.505458    -0.325468      0.60118   31.69072    0.00053    1
  -2   -5    3   1.298916     0.611972    -0.156204     0.631593   31.69072    0.00059    1
   2    5   -3   1.298916     0.611849     0.158211     0.631973   31.69072    0.00059    1
   0    0   -7   1.290931    -0.102370     0.483866     0.494576   31.89193    0.00035    1
   0    0    7   1.290931    -0.100706    -0.484266     0.494626   31.89193    0.00035    1
   0   -6   -1   1.290444     0.138513     0.047529     0.146441   31.90430    0.00003    1
   0   -6    1   1.290444    -0.066527     0.010141    0.0672959   31.90430    0.00001    1
   0    6   -1   1.290444    -0.066888    -0.010371    0.0676869   31.90430    0.00001    1
   0    6    1   1.290444     0.138566    -0.047000      0.14632   31.90430    0.00003    1
  -4    0   -5   1.288808     0.032344     0.219035      0.22141   31.94589    0.00007    1
  -4    0    5   1.288808     0.159187    -0.407464     0.437456   31.94589    0.00028    1
   4    0   -5   1.288808     0.157518     0.407012      0.43643   31.94589    0.00028    1
   4    0    5   1.288808     0.033566    -0.220039     0.222585   31.94589    0.00007    1
   0   -5   -4   1.286228     0.232726     0.049671     0.237968   32.01169    0.00008    1
   0   -5    4   1.286228    -0.847637    -0.233259     0.879147   32.01169    0.00111    1
   0    5   -4   1.286228    -0.848491     0.230273     0.879183   32.01169    0.00111    1
   0    5    4   1.286228     0.232878    -0.048834     0.237943   32.01169    0.00008    1
  -4   -4   -2   1.284247     0.512937    -0.555391     0.756019   32.06238    0.00082    1
  -4   -4    2   1.284247    -0.730460     0.498299     0.884236   32.06238    0.00112    1
  -4    4   -2   1.284247    -0.596693    -0.209899     0.632535   32.06238    0.00057    1
  -4    4    2   1.284247     0.453441     0.324780     0.557755   32.06238    0.00045    1
   4   -4   -2   1.284247     0.454308    -0.324537     0.558319   32.06238    0.00045    1
   4   -4    2   1.284247    -0.597730     0.210467     0.633702   32.06238    0.00058    1
   4    4   -2   1.284247    -0.729513    -0.498517     0.883577   32.06238    0.00112    1
   4    4    2   1.284247     0.511738     0.556380     0.755933   32.06238    0.00082    1
  -1   -3   -6   1.284144    -0.267394    -1.368379      1.39426   32.06503    0.00279    1
  -1   -3    6   1.284144    -0.309421    -0.035014     0.311396   32.06503    0.00014    1
  -1    3   -6   1.284144    -0.349459     0.060411     0.354642   32.06503    0.00018    1
  -1    3    6   1.284144    -0.092566    -1.362052      1.36519   32.06503    0.00267    1
   1   -3   -6   1.284144    -0.098004     1.360280      1.36381   32.06503    0.00267    1
   1   -3    6   1.284144    -0.349927    -0.060718     0.355156   32.06503    0.00018    1
   1    3   -6   1.284144    -0.309841     0.034977     0.311809   32.06503    0.00014    1
   1    3    6   1.284144    -0.272665     1.365859      1.39281   32.06503    0.00278    1
  -1   -6    0   1.283784     1.071150    -0.552070      1.20505   32.07426    0.00208    1
  -1    6    0   1.283784    -0.882198     0.787166      1.18233   32.07426    0.00200    1
   1   -6    0   1.283784    -0.879651    -0.791748      1.18349   32.07426    0.00201    1
   1    6    0   1.283784     1.069770     0.557230       1.2062   32.07426    0.00209    1
  -3    0   -6   1.283217     0.042514    -0.465891     0.467826   32.08881    0.00031    1
  -3    0    6   1.283217     0.374908    -0.999290       1.0673   32.08881    0.00163    1
   3    0   -6   1.283217     0.370640     1.000937      1.06736   32.08881    0.00163    1
   3    0    6   1.283217     0.040775     0.466114     0.467894   32.08881    0.00031    1
  -5   -3    0   1.281012     0.175107    -0.444365     0.477622   32.14554    0.00033    1
   5    3    0   1.281012     0.173694     0.447132     0.479684   32.14554    0.00033    1
  -5    3    0   1.281012     0.291117     0.130132     0.318878   32.14554    0.00015    1
   5   -3    0   1.281012     0.289847    -0.129110     0.317302   32.14554    0.00014    1
   0   -1   -7   1.273705    -0.485345     0.127643     0.501849   32.33499    0.00035    1
   0   -1    7   1.273705    -0.000997    -0.088212    0.0882178   32.33499    0.00001    1
   0    1   -7   1.273705    -0.001292     0.088145    0.0881547   32.33499    0.00001    1
   0    1    7   1.273705    -0.484948    -0.129319     0.501894   32.33499    0.00035    1
  -4   -1   -5   1.271665     0.237660     0.001732     0.237666   32.38829    0.00008    1
  -4   -1    5   1.271665     0.435962     0.562144     0.711385   32.38829    0.00071    1
  -4    1   -5   1.271665    -0.098070    -0.976025      0.98094   32.38829    0.00135    1
  -4    1    5   1.271665     0.423975    -0.066738     0.429195   32.38829    0.00026    1
   4   -1   -5   1.271665     0.423996     0.068146     0.429437   32.38829    0.00026    1
   4   -1    5   1.271665    -0.100307     0.976129     0.981269   32.38829    0.00135    1
   4    1   -5   1.271665     0.436538    -0.560855     0.710721   32.38829    0.00071    1
   4    1    5   1.271665     0.237536    -0.000936     0.237538   32.38829    0.00008    1
  -1    0   -7   1.271488    -0.265585     0.112131     0.288286   32.39294    0.00012    1
  -1    0    7   1.271488     0.505212    -0.185258     0.538108   32.39294    0.00041    1
   1    0   -7   1.271488     0.505379     0.184721      0.53808   32.39294    0.00041    1
   1    0    7   1.271488    -0.266524    -0.110916     0.288682   32.39294    0.00012    1
  -1   -6   -1   1.271022    -0.013399     1.131988      1.13207   32.40514    0.00180    1
  -1   -6    1   1.271022    -0.934121    -0.943637      1.32779   32.40514    0.00247    1
  -1    6   -1   1.271022     0.124992    -1.357070      1.36281   32.40514    0.00260    1
  -1    6    1   1.271022     0.798508     0.920468      1.21856   32.40514    0.00208    1
   1   -6   -1   1.271022     0.800218    -0.917432      1.21739   32.40514    0.00208    1
   1   -6    1   1.271022     0.121627     1.357640      1.36308   32.40514    0.00260    1
   1    6   -1   1.271022    -0.936499     0.941190      1.32773   32.40514    0.00247    1
   1    6    1   1.271022    -0.010360    -1.133202      1.13325   32.40514    0.00180    1
  -3   -3   -5   1.270355     0.733461     0.410051     0.840302   32.42260    0.00099    1
  -3   -3    5   1.270355     0.104141     0.607127     0.615994   32.42260    0.00053    1
  -3    3   -5   1.270355     0.589737    -0.296088     0.659893   32.42260    0.00061    1
  -3    3    5   1.270355     0.362325    -0.439011     0.569219   32.42260    0.00045    1
   3   -3   -5   1.270355     0.362394     0.438532     0.568893   32.42260    0.00045    1
   3   -3    5   1.270355     0.590646     0.297989     0.661559   32.42260    0.00061    1
   3    3   -5   1.270355     0.104352    -0.606019     0.614938   32.42260    0.00053    1
   3    3    5   1.270355     0.732756    -0.408065     0.838718   32.42260    0.00098    1
  -5   -3   -1   1.268332    -0.303082    -0.345714     0.459757   32.47577    0.00029    1
  -5   -3    1   1.268332     0.395763    -0.477771     0.620398   32.47577    0.00054    1
   5    3   -1   1.268332     0.395826     0.479447      0.62173   32.47577    0.00054    1
   5    3    1   1.268332    -0.304103     0.347331     0.461646   32.47577    0.00030    1
  -5    3   -1   1.268332     0.442078     0.139328     0.463514   32.47577    0.00030    1
  -5    3    1   1.268332     0.017561     0.295291     0.295812   32.47577    0.00012    1
   5   -3   -1   1.268332     0.015974    -0.294665     0.295097   32.47577    0.00012    1
   5   -3    1   1.268332     0.441503    -0.139189     0.462924   32.47577    0.00030    1
  -1   -5   -4   1.266992    -0.531885     0.080362     0.537922   32.51105    0.00040    1
  -1    5    4   1.266992     0.322717    -0.333926     0.464384   32.51105    0.00030    1
   1   -5   -4   1.266992     0.324704     0.333827     0.465696   32.51105    0.00030    1
   1    5    4   1.266992    -0.530499    -0.078966     0.536344   32.51105    0.00040    1
  -1   -5    4   1.266992    -0.456137     0.121119     0.471944   32.51105    0.00031    1
  -1    5   -4   1.266992     0.168782    -0.757500     0.776076   32.51105    0.00084    1
   1   -5    4   1.266992     0.167501     0.755982     0.774316   32.51105    0.00083    1
   1    5   -4   1.266992    -0.456424    -0.120248     0.471999   32.51105    0.00031    1
  -3   -1   -6   1.266294    -4.954124    37.612603      37.9375   32.52948    2.00066    1
  -3   -1    6   1.266294    13.389290   -35.645457      38.0772   32.52948    2.01542    1
  -3    1   -6   1.266294     3.039895   -37.957602      38.0791   32.52948    2.01563    1
  -3    1    6   1.266294   -12.116854    35.954236      37.9411   32.52948    2.00104    1
   3   -1   -6   1.266294   -11.972879   -36.005237      37.9437   32.52948    2.00132    1
   3   -1    6   1.266294     2.887244    37.972041      38.0817   32.52948    2.01589    1
   3    1   -6   1.266294    13.246602    35.701432      38.0797   32.52948    2.01569    1
   3    1    6   1.266294    -4.802900   -37.634600      37.9398   32.52948    2.00091    1
  -3   -4   -4   1.266102    36.729419     9.338569       37.898   32.53454    1.99582    1
  -3   -4    4   1.266102    34.698771    15.450035       37.983   32.53454    2.00479    1
  -3    4   -4   1.266102   -37.820475    -3.686194      37.9997   32.53454    2.00655    1
  -3    4    4   1.266102   -36.755122    -9.166052      37.8808   32.53454    1.99401    1
   3   -4   -4   1.266102   -36.791633     9.017879      37.8807   32.53454    1.99400    1
   3   -4    4   1.266102   -37.832309     3.533617       37.997   32.53454    2.00626    1
   3    4   -4   1.266102    34.758493   -15.309134      37.9806   32.53454    2.00453    1
   3    4    4   1.266102    36.766897    -9.190540      37.8982   32.53454    1.99584    1
  -3   -5   -2   1.265987   -11.059253    36.429965      38.0716   32.53758    2.01375    1
  -3   -5    2   1.265987    14.540686   -35.142830      38.0322   32.53758    2.00958    1
  -3    5   -2   1.265987     4.158384   -37.804549      38.0326   32.53758    2.00962    1
  -3    5    2   1.265987    -6.396750    37.508257      38.0498   32.53758    2.01144    1
   3   -5   -2   1.265987    -6.245457   -37.533728      38.0498   32.53758    2.01144    1
   3   -5    2   1.265987     4.005708    37.818376      38.0299   32.53758    2.00934    1
   3    5   -2   1.265987    14.397948    35.198963      38.0298   32.53758    2.00933    1
   3    5    2   1.265987   -10.912246   -36.474271      38.0716   32.53758    2.01375    1
  -1   -1   -7   1.255018     1.070225     0.100635      1.07495   32.82997    0.00157    1
  -1   -1    7   1.255018     0.733623    -0.237443     0.771091   32.82997    0.00081    1
  -1    1   -7   1.255018    -0.898182     0.253451     0.933257   32.82997    0.00119    1
  -1    1    7   1.255018    -0.517242     0.663350     0.841173   32.82997    0.00096    1
   1   -1   -7   1.255018    -0.518802    -0.661506     0.840682   32.82997    0.00096    1
   1   -1    7   1.255018    -0.898174    -0.251732     0.932784   32.82997    0.00119    1
   1    1   -7   1.255018     0.736158     0.236123     0.773099   32.82997    0.00081    1
   1    1    7   1.255018     1.070747    -0.102099       1.0756   32.82997    0.00158    1
   0   -6   -2   1.252694    -0.039427     0.045630    0.0603044   32.89260    0.00000    1
   0    6    2   1.252694    -0.039429    -0.045737    0.0603864   32.89260    0.00000    1
   0   -6    2   1.252694    -0.096686    -0.021042     0.098949   32.89260    0.00001    1
   0    6   -2   1.252694    -0.096775     0.020649     0.098954   32.89260    0.00001    1
  -5   -2   -3   1.252057    -0.292366     0.299643     0.418645   32.90981    0.00024    1
  -5   -2    3   1.252057     0.320181     0.250415     0.406477   32.90981    0.00022    1
  -5    2   -3   1.252057    -0.070470    -0.556782     0.561224   32.90981    0.00043    1
  -5    2    3   1.252057    -0.046570     0.097164     0.107748   32.90981    0.00002    1
   5   -2   -3   1.252057    -0.047256    -0.094656     0.105797   32.90981    0.00002    1
   5   -2    3   1.252057    -0.069889     0.555286     0.559667   32.90981    0.00042    1
   5    2   -3   1.252057     0.321315    -0.252365     0.408573   32.90981    0.00023    1
   5    2    3   1.252057    -0.293586    -0.299230     0.419203   32.90981    0.00024    1
  -4   -3   -4   1.251086    -0.551348    -0.679749     0.875239   32.93608    0.00104    1
  -4   -3    4   1.251086    -0.372874     0.200883     0.423544   32.93608    0.00024    1
  -4    3   -4   1.251086    -0.648286    -0.675559     0.936298   32.93608    0.00119    1
  -4    3    4   1.251086    -0.363799     0.189394     0.410146   32.93608    0.00023    1
   4   -3   -4   1.251086    -0.363117    -0.189313     0.409504   32.93608    0.00023    1
   4   -3    4   1.251086    -0.650862     0.674634     0.937418   32.93608    0.00119    1
   4    3   -4   1.251086    -0.372642    -0.200834     0.423316   32.93608    0.00024    1
   4    3    4   1.251086    -0.554454     0.679039     0.876649   32.93608    0.00104    1
  -2   -4   -5   1.248465    -0.276990    -0.597853     0.658902   33.00722    0.00058    1
  -2   -4    5   1.248465     0.227202     0.514858     0.562761   33.00722    0.00043    1
  -2    4   -5   1.248465     0.461202    -0.063809     0.465595   33.00722    0.00029    1
  -2    4    5   1.248465    -0.214609     0.160565     0.268026   33.00722    0.00010    1
   2   -4   -5   1.248465    -0.213099    -0.160282     0.266649   33.00722    0.00010    1
   2   -4    5   1.248465     0.460660     0.065194      0.46525   33.00722    0.00029    1
   2    4   -5   1.248465     0.228751    -0.514415     0.562983   33.00722    0.00043    1
   2    4    5   1.248465    -0.278820     0.597503     0.659356   33.00722    0.00059    1
  -1   -6   -2   1.234904     0.544283    -0.323816     0.633325   33.38022    0.00053    1
  -1    6    2   1.234904    -0.615893     0.231657     0.658019   33.38022    0.00057    1
   1   -6   -2   1.234904    -0.614627    -0.230835     0.656545   33.38022    0.00057    1
   1    6    2   1.234904     0.545831     0.324016     0.634758   33.38022    0.00053    1
  -1   -6    2   1.234904     0.383482     0.038149     0.385375   33.38022    0.00020    1
  -1    6   -2   1.234904     0.186270     0.058670     0.195291   33.38022    0.00005    1
   1   -6    2   1.234904     0.184637    -0.058772     0.193765   33.38022    0.00005    1
   1    6   -2   1.234904     0.381756    -0.037410     0.383585   33.38022    0.00019    1
  -5    0   -4   1.232542     0.029292     0.175174     0.177606   33.44606    0.00004    1
   5    0    4   1.232542     0.028807    -0.176122     0.178462   33.44606    0.00004    1
  -5    0    4   1.232542     0.004914    -0.131890     0.131982   33.44606    0.00002    1
   5    0   -4   1.232542     0.005405     0.132565     0.132675   33.44606    0.00002    1
  -5   -3   -2   1.232436     0.271406    -0.007562     0.271512   33.44903    0.00010    1
  -5   -3    2   1.232436    -0.165009     0.014406     0.165636   33.44903    0.00004    1
  -5    3   -2   1.232436    -0.193850     0.098710     0.217535   33.44903    0.00006    1
  -5    3    2   1.232436     0.378408    -0.122129     0.397628   33.44903    0.00021    1
   5   -3   -2   1.232436     0.379661     0.121363     0.398587   33.44903    0.00021    1
   5   -3    2   1.232436    -0.194311    -0.098456     0.217832   33.44903    0.00006    1
   5    3   -2   1.232436    -0.165591    -0.013896     0.166173   33.44903    0.00004    1
   5    3    2   1.232436     0.272831     0.006580      0.27291   33.44903    0.00010    1
  -2   -3   -6   1.229150    25.385213    18.280213      31.2822   33.54110    1.27289    1
  -2   -3    6   1.229150   -20.315151   -23.797862      31.2897   33.54110    1.27350    1
  -2    3   -6   1.229150    27.428074    15.113301      31.3163   33.54110    1.27567    1
  -2    3    6   1.229150   -23.168209   -21.092540      31.3315   33.54110    1.27691    1
   2   -3   -6   1.229150   -23.259643    20.992146      31.3318   33.54110    1.27693    1
   2   -3    6   1.229150    27.493318   -14.994249      31.3163   33.54110    1.27567    1
   2    3   -6   1.229150   -20.418171    23.709522      31.2897   33.54110    1.27350    1
   2    3    6   1.229150    25.464460   -18.170203      31.2825   33.54110    1.27292    1
  -2   -6    0   1.228834   -22.602766    21.558783      31.2357   33.54997    1.26838    1
  -2    6    0   1.228834   -16.707748    26.473109      31.3045   33.54997    1.27398    1
   2   -6    0   1.228834   -16.592542   -26.545051      31.3042   33.54997    1.27395    1
   2    6    0   1.228834   -22.508740   -21.656446      31.2353   33.54997    1.26835    1
   0   -2   -7   1.225890    -0.105593    -0.510510     0.521316   33.63293    0.00035    1
   0   -2    7   1.225890    -0.026766     0.099285      0.10283   33.63293    0.00001    1
   0    2   -7   1.225890    -0.026553    -0.099145     0.102639   33.63293    0.00001    1
   0    2    7   1.225890    -0.107424     0.510326      0.52151   33.63293    0.00035    1
  -6    0    0   1.225595   -27.047595   -13.958421       30.437   33.64127    1.19725    1
   6    0    0   1.225595   -27.109073    13.838556      30.4369   33.64127    1.19725    1
  -4   -2   -5   1.224071     0.175906    -0.506706     0.536371   33.68440    0.00037    1
  -4   -2    5   1.224071     0.049796     0.537926     0.540226   33.68440    0.00038    1
  -4    2   -5   1.224071     0.223847    -0.496517     0.544643   33.68440    0.00038    1
  -4    2    5   1.224071     0.471202     0.532453     0.711012   33.68440    0.00065    1
   4   -2   -5   1.224071     0.472949    -0.531697     0.711606   33.68440    0.00065    1
   4   -2    5   1.224071     0.221909     0.498390      0.54556   33.68440    0.00038    1
   4    2   -5   1.224071     0.051325    -0.536868     0.539316   33.68440    0.00037    1
   4    2    5   1.224071     0.174514     0.506474     0.535697   33.68440    0.00037    1
  -4   -4   -3   1.223933     0.410561     0.010569     0.410697   33.68833    0.00022    1
  -4   -4    3   1.223933    -0.516183     0.030595     0.517089   33.68833    0.00034    1
  -4    4   -3   1.223933    -0.700910     0.323301      0.77188   33.68833    0.00077    1
  -4    4    3   1.223933     0.336630    -0.054550     0.341021   33.68833    0.00015    1
   4   -4   -3   1.223933     0.339196     0.054024     0.343472   33.68833    0.00015    1
   4   -4    3   1.223933    -0.701739    -0.326490     0.773973   33.68833    0.00077    1
   4    4   -3   1.223933    -0.513826    -0.031824     0.514811   33.68833    0.00034    1
   4    4    3   1.223933     0.408923    -0.011635     0.409089   33.68833    0.00022    1
  -3   -2   -6   1.219279    -0.741193     0.047944     0.742742   33.82078    0.00070    1
  -3   -2    6   1.219279     0.856944     0.634247      1.06612   33.82078    0.00145    1
  -3    2   -6   1.219279     0.663257     0.758815      1.00782   33.82078    0.00130    1
  -3    2    6   1.219279    -1.086564     0.020582      1.08676   33.82078    0.00151    1
   3   -2   -6   1.219279    -1.084625    -0.023123      1.08487   33.82078    0.00150    1
   3   -2    6   1.219279     0.665525    -0.758478      1.00906   33.82078    0.00130    1
   3    2   -6   1.219279     0.859535    -0.633364      1.06768   33.82078    0.00146    1
   3    2    6   1.219279    -0.741840    -0.048464     0.743422   33.82078    0.00071    1
  -2    0   -7   1.218037    -0.228387     0.475306     0.527329   33.85630    0.00035    1
  -2    0    7   1.218037     1.039783    -0.268083      1.07379   33.85630    0.00147    1
   2    0   -7   1.218037     1.039415     0.270981      1.07416   33.85630    0.00147    1
   2    0    7   1.218037    -0.227506    -0.476007     0.527581   33.85630    0.00035    1
  -2   -6   -1   1.217627     0.329812    -0.162787     0.367798   33.86802    0.00017    1
  -2   -6    1   1.217627    -0.234266     0.217239      0.31949   33.86802    0.00013    1
  -2    6   -1   1.217627     0.120935    -0.463507     0.479024   33.86802    0.00029    1
  -2    6    1   1.217627    -0.133524     0.468857       0.4875   33.86802    0.00030    1
   2   -6   -1   1.217627    -0.132829    -0.468779     0.487234   33.86802    0.00030    1
   2   -6    1   1.217627     0.119895     0.463025     0.478295   33.86802    0.00029    1
   2    6   -1   1.217627    -0.234383    -0.217236     0.319573   33.86802    0.00013    1
   2    6    1   1.217627     0.329811     0.162920     0.367856   33.86802    0.00017    1
  -5   -1   -4   1.217523    -0.124847     0.185686     0.223754   33.87102    0.00006    1
  -5   -1    4   1.217523     0.663633    -0.129596     0.676169   33.87102    0.00058    1
  -5    1   -4   1.217523    -0.187113     0.145081     0.236769   33.87102    0.00007    1
  -5    1    4   1.217523    -0.209159    -0.128052     0.245244   33.87102    0.00008    1
   5   -1   -4   1.217523    -0.212233     0.128624     0.248167   33.87102    0.00008    1
   5   -1    4   1.217523    -0.187395    -0.146792     0.238043   33.87102    0.00007    1
   5    1   -4   1.217523     0.664365     0.132752     0.677499   33.87102    0.00058    1
   5    1    4   1.217523    -0.124576    -0.183657     0.221921   33.87102    0.00006    1
  -6    0   -1   1.214476     0.177060     0.298993     0.347486   33.95857    0.00015    1
  -6    0    1   1.214476    -0.451791    -0.237139     0.510245   33.95857    0.00033    1
   6    0   -1   1.214476    -0.453148     0.235375     0.510631   33.95857    0.00033    1
   6    0    1   1.214476     0.177965    -0.298232     0.347295   33.95857    0.00015    1
  -2   -5   -4   1.214083     0.682647    -0.163567     0.701969   33.96989    0.00062    1
  -2   -5    4   1.214083     0.935419    -0.192028     0.954926   33.96989    0.00115    1
  -2    5   -4   1.214083     0.527923    -0.235423     0.578037   33.96989    0.00042    1
  -2    5    4   1.214083    -0.027500     0.784397     0.784879   33.96989    0.00078    1
   2   -5   -4   1.214083    -0.025398    -0.784440     0.784851   33.96989    0.00078    1
   2   -5    4   1.214083     0.526357     0.237242     0.577352   33.96989    0.00042    1
   2    5   -4   1.214083     0.934742     0.194866     0.954837   33.96989    0.00115    1
   2    5    4   1.214083     0.682627     0.165068     0.702301   33.96989    0.00062    1
  -6   -1    0   1.210825     0.564518    -0.064469     0.568187   34.06408    0.00041    1
  -6    1    0   1.210825     0.004536    -0.302761     0.302795   34.06408    0.00012    1
   6   -1    0   1.210825     0.003163     0.302230     0.302246   34.06408    0.00011    1
   6    1    0   1.210825     0.564768     0.067418     0.568778   34.06408    0.00041    1
  -1   -2   -7   1.209203     1.227796     0.133452      1.23503   34.11118    0.00191    1
  -1   -2    7   1.209203    -0.287505    -0.630760     0.693194   34.11118    0.00060    1
  -1    2   -7   1.209203    -0.632280    -0.385998     0.740792   34.11118    0.00069    1
  -1    2    7   1.209203    -0.486711     0.907990      1.03021   34.11118    0.00133    1
   1   -2   -7   1.209203    -0.485206    -0.907641      1.02919   34.11118    0.00133    1
   1   -2    7   1.209203    -0.632162     0.382680     0.738967   34.11118    0.00068    1
   1    2   -7   1.209203    -0.289407     0.631360      0.69453   34.11118    0.00060    1
   1    2    7   1.209203     1.229032    -0.131681      1.23607   34.11118    0.00192    1
  -3   -5   -3   1.208096     0.008696    -0.188121     0.188322   34.14340    0.00004    1
  -3    5   -3   1.208096     0.050390     0.285439     0.289853   34.14340    0.00011    1
  -3    5    3   1.208096     0.059404     0.413520     0.417765   34.14340    0.00022    1
   3   -5   -3   1.208096     0.060360    -0.413714     0.418094   34.14340    0.00022    1
   3   -5    3   1.208096     0.051127    -0.285087     0.289635   34.14340    0.00010    1
   3    5    3   1.208096     0.008013     0.186925     0.187096   34.14340    0.00004    1
  -3   -5    3   1.208096    -0.092521    -0.323338     0.336314   34.14340    0.00014    1
   3    5   -3   1.208096    -0.093252     0.322638     0.335844   34.14340    0.00014    1
  -2   -1   -7   1.203535     0.531969    -0.534756     0.754291   34.27677    0.00071    1
  -2   -1    7   1.203535     0.414272    -0.085956     0.423096   34.27677    0.00022    1
  -2    1   -7   1.203535    -0.177279     0.451641     0.485188   34.27677    0.00029    1
  -2    1    7   1.203535     0.213122     0.174539     0.275472   34.27677    0.00009    1
   2   -1   -7   1.203535     0.212968    -0.174203      0.27514   34.27677    0.00009    1
   2   -1    7   1.203535    -0.176853    -0.452305     0.485651   34.27677    0.00029    1
   2    1   -7   1.203535     0.413711     0.086421     0.422641   34.27677    0.00022    1
   2    1    7   1.203535     0.529792     0.536118     0.753725   34.27677    0.00070    1
  -6   -1   -1   1.200100     0.166986    -0.223585      0.27906   34.37794    0.00010    1
  -6   -1    1   1.200100     0.496629    -0.097679     0.506144   34.37794    0.00032    1
  -6    1   -1   1.200100    -0.543689    -0.518932     0.751591   34.37794    0.00070    1
  -6    1    1   1.200100     0.220102    -0.297253      0.36987   34.37794    0.00017    1
   6   -1   -1   1.200100     0.219893     0.296638     0.369252   34.37794    0.00017    1
   6   -1    1   1.200100    -0.544167     0.516563     0.750303   34.37794    0.00069    1
   6    1   -1   1.200100     0.497197     0.098126     0.506787   34.37794    0.00032    1
   6    1    1   1.200100     0.167868     0.224431     0.280266   34.37794    0.00010    1
   0   -6   -3   1.196528     0.188598    -0.093959     0.210707   34.48378    0.00005    1
   0   -6    3   1.196528    -0.049398     0.179642      0.18631   34.48378    0.00004    1
   0    6   -3   1.196528    -0.048572    -0.179954     0.186393   34.48378    0.00004    1
   0    6    3   1.196528     0.188001     0.094632     0.210474   34.48378    0.00005    1
   0   -4   -6   1.193261    -0.111991    -0.567735     0.578675   34.58117    0.00041    1
   0   -4    6   1.193261     0.089768    -0.929260     0.933586   34.58117    0.00106    1
   0    4   -6   1.193261     0.085883     0.929610     0.933569   34.58117    0.00106    1
   0    4    6   1.193261    -0.114036     0.567236     0.578585   34.58117    0.00041    1
  -4   -5    0   1.191487     0.076812     0.109869     0.134057   34.63427    0.00002    1
  -4    5    0   1.191487    -0.094481    -0.369037      0.38094   34.63427    0.00018    1
   4   -5    0   1.191487    -0.095283     0.369912     0.381987   34.63427    0.00018    1
   4    5    0   1.191487     0.075820    -0.108709     0.132538   34.63427    0.00002    1
  -2   -6   -2   1.185762    -0.099929     0.477967     0.488301   34.80681    0.00029    1
  -2    6    2   1.185762     0.364304    -0.298230     0.470806   34.80681    0.00027    1
   2   -6   -2   1.185762     0.364014     0.299029     0.471088   34.80681    0.00027    1
   2    6    2   1.185762    -0.098572    -0.477373     0.487444   34.80681    0.00029    1
  -2   -6    2   1.185762     0.305392    -0.427833     0.525648   34.80681    0.00033    1
  -2    6   -2   1.185762    -0.103999     0.372226     0.386482   34.80681    0.00018    1
   2   -6    2   1.185762    -0.103334    -0.371796     0.385889   34.80681    0.00018    1
   2    6   -2   1.185762     0.304651     0.428454     0.525723   34.80681    0.00033    1
   0   -5   -5   1.182898    -0.362365     0.052911     0.366208   34.89380    0.00016    1
   0   -5    5   1.182898    -0.078673    -0.100095     0.127313   34.89380    0.00002    1
   0    5   -5   1.182898    -0.079183     0.099620     0.127256   34.89380    0.00002    1
   0    5    5   1.182898    -0.362101    -0.054591     0.366193   34.89380    0.00016    1
  -6    0   -2   1.182851     0.113068    -0.758190     0.766574   34.89522    0.00070    1
   6    0    2   1.182851     0.110599     0.757473     0.765505   34.89522    0.00070    1
  -6    0    2   1.182851     0.308760     0.055128     0.313643   34.89522    0.00012    1
   6    0   -2   1.182851     0.310415    -0.053701     0.315026   34.89522    0.00012    1
  -4   -5   -1   1.181263     0.674687    -0.088414     0.680456   34.94364    0.00055    1
  -4   -5    1   1.181263     0.553069     0.359995     0.659911   34.94364    0.00052    1
  -4    5   -1   1.181263     0.483774    -0.683583      0.83745   34.94364    0.00083    1
  -4    5    1   1.181263     0.623512     0.221158     0.661572   34.94364    0.00052    1
   4   -5   -1   1.181263     0.625234    -0.218742     0.662393   34.94364    0.00052    1
   4   -5    1   1.181263     0.481665     0.685228     0.837579   34.94364    0.00083    1
   4    5   -1   1.181263     0.554106    -0.358181     0.659794   34.94364    0.00052    1
   4    5    1   1.181263     0.673602     0.090549      0.67966   34.94364    0.00055    1
  -1   -6   -3   1.180996    -0.125482    -0.073828      0.14559   34.95179    0.00003    1
  -1    6    3   1.180996    -0.315592    -0.119395     0.337422   34.95179    0.00014    1
   1   -6   -3   1.180996    -0.312435     0.118808     0.334261   34.95179    0.00013    1
   1    6    3   1.180996    -0.122978     0.075824     0.144474   34.95179    0.00002    1
  -1   -6    3   1.180996    -0.157276     0.343946     0.378199   34.95179    0.00017    1
  -1    6   -3   1.180996     0.330344    -0.047912     0.333801   34.95179    0.00013    1
   1   -6    3   1.180996     0.329399     0.044189      0.33235   34.95179    0.00013    1
   1    6   -3   1.180996    -0.160240    -0.342147     0.377812   34.95179    0.00017    1
  -5   -3   -3   1.178837    -0.094978     0.591726       0.5993   35.01788    0.00043    1
  -5   -3    3   1.178837     0.687980     0.203852     0.717546   35.01788    0.00061    1
   5    3   -3   1.178837     0.688666    -0.205287     0.718612   35.01788    0.00061    1
   5    3    3   1.178837    -0.094568    -0.594024     0.601505   35.01788    0.00043    1
  -5    3   -3   1.178837    -0.111450    -0.586120     0.596622   35.01788    0.00042    1
  -5    3    3   1.178837    -0.334108    -0.367281     0.496511   35.01788    0.00029    1
   5   -3   -3   1.178837    -0.333741     0.367340     0.496308   35.01788    0.00029    1
   5   -3    3   1.178837    -0.109428     0.585036     0.595182   35.01788    0.00042    1
  -1   -4   -6   1.177854     0.601760     0.472943     0.765369   35.04804    0.00069    1
  -1   -4    6   1.177854     0.633159    -0.722092     0.960368   35.04804    0.00109    1
  -1    4   -6   1.177854    -0.793226    -0.249896     0.831658   35.04804    0.00082    1
  -1    4    6   1.177854     0.303078     0.513214     0.596024   35.04804    0.00042    1
   1   -4   -6   1.177854     0.303762    -0.514506     0.597485   35.04804    0.00042    1
   1   -4    6   1.177854    -0.792882     0.248532     0.830921   35.04804    0.00082    1
   1    4   -6   1.177854     0.632560     0.724499     0.961785   35.04804    0.00109    1
   1    4    6   1.177854     0.600916    -0.470141     0.762976   35.04804    0.00069    1
  -5   -2   -4   1.175559    27.725090   -23.185244      36.1419   35.11870    1.53717    1
   5    2    4   1.175559    27.627779    23.304441       36.144   35.11870    1.53736    1
  -5   -2    4   1.175559    31.131603   -18.235964      36.0795   35.11870    1.53187    1
  -5    2   -4   1.175559   -25.878937    25.130237      36.0728   35.11870    1.53131    1
  -5    2    4   1.175559   -29.412444    21.036832      36.1613   35.11870    1.53883    1
   5   -2   -4   1.175559   -29.324403   -21.163045      36.1634   35.11870    1.53901    1
   5   -2    4   1.175559   -25.771689   -25.240145      36.0728   35.11870    1.53130    1
   5    2   -4   1.175559    31.053704    18.368297      36.0795   35.11870    1.53187    1
  -5   -4    0   1.175436    30.475839   -19.069660      35.9504   35.12249    1.52057    1
  -5    4    0   1.175436   -26.992399    23.784665      35.9764   35.12249    1.52277    1
   5   -4    0   1.175436   -26.889144   -23.898129      35.9742   35.12249    1.52259    1
   5    4    0   1.175436    30.392467    19.198286      35.9482   35.12249    1.52039    1
  -6   -1   -2   1.169557    -5.784016    13.729755      14.8984   35.30483    0.25820    1
  -6   -1    2   1.169557     7.570654   -12.744182      14.8233   35.30483    0.25561    1
  -6    1   -2   1.169557    -6.047259    13.518949      14.8098   35.30483    0.25514    1
  -6    1    2   1.169557     6.390433   -13.430741      14.8735   35.30483    0.25734    1
   6   -1   -2   1.169557     6.330479    13.461767       14.876   35.30483    0.25743    1
   6   -1    2   1.169557    -5.985767   -13.546298      14.8098   35.30483    0.25514    1
   6    1   -2   1.169557     7.512606    12.778358      14.8231   35.30483    0.25560    1
   6    1    2   1.169557    -5.722627   -13.758100      14.9008   35.30483    0.25829    1
  -6   -2    0   1.169527    12.370446     8.036135      14.7515   35.30577    0.25312    1
   6    2    0   1.169527    12.404762    -7.978394       14.749   35.30577    0.25304    1
  -6    2    0   1.169527    13.053765     6.863060       14.748   35.30577    0.25300    1
   6   -2    0   1.169527    13.082805    -6.802462      14.7456   35.30577    0.25292    1
  -1   -5   -5   1.167884    -0.168645     0.307931     0.351088   35.35707    0.00014    1
  -1   -5    5   1.167884    -0.406345    -0.294439     0.501808   35.35707    0.00029    1
  -1    5   -5   1.167884     0.189496    -0.306945     0.360727   35.35707    0.00015    1
  -1    5    5   1.167884     0.495077     0.133154     0.512671   35.35707    0.00030    1
   1   -5   -5   1.167884     0.495373    -0.134911     0.513415   35.35707    0.00031    1
   1   -5    5   1.167884     0.193044     0.306988      0.36264   35.35707    0.00015    1
   1    5   -5   1.167884    -0.405204     0.296801     0.502275   35.35707    0.00029    1
   1    5    5   1.167884    -0.170382    -0.306235     0.350442   35.35707    0.00014    1
  -3   -4   -5   1.167187    -0.232416    -0.804836     0.837722   35.37889    0.00081    1
  -3    4   -5   1.167187     0.556463    -0.397047     0.683591   35.37889    0.00054    1
  -3    4    5   1.167187    -1.016193     0.529449      1.14585   35.37889    0.00152    1
   3   -4   -5   1.167187    -1.016016    -0.532201      1.14696   35.37889    0.00152    1
   3   -4    5   1.167187     0.556011     0.398253     0.683925   35.37889    0.00054    1
   3    4    5   1.167187    -0.233046     0.804271     0.837354   35.37889    0.00081    1
  -3   -4    5   1.167187     0.698831     0.256973      0.74458   35.37889    0.00064    1
   3    4   -5   1.167187     0.698537    -0.254565     0.743477   35.37889    0.00064    1
  -5   -4   -1   1.165616    -0.602813    -0.040220     0.604153   35.42813    0.00042    1
  -5   -4    1   1.165616     0.216637    -0.679702     0.713391   35.42813    0.00059    1
  -5    4   -1   1.165616     0.664334    -0.188505      0.69056   35.42813    0.00055    1
  -5    4    1   1.165616    -0.335003     0.578706     0.668676   35.42813    0.00052    1
   5   -4   -1   1.165616    -0.333902    -0.579399     0.668725   35.42813    0.00052    1
   5   -4    1   1.165616     0.662436     0.188180     0.688646   35.42813    0.00055    1
   5    4   -1   1.165616     0.216801     0.680803     0.714489   35.42813    0.00059    1
   5    4    1   1.165616    -0.603032     0.039426     0.604319   35.42813    0.00042    1
  -4    0   -6   1.165042     0.531934    -0.850202      1.00289   35.44619    0.00116    1
  -4    0    6   1.165042     0.330041     0.598753      0.68369   35.44619    0.00054    1
   4    0   -6   1.165042     0.329971    -0.597438     0.682505   35.44619    0.00054    1
   4    0    6   1.165042     0.530685     0.853808      1.00529   35.44619    0.00117    1
  -2   -2   -7   1.162954     0.446916     0.209531     0.493596   35.51195    0.00028    1
  -2   -2    7   1.162954    -0.170433    -0.017179     0.171297   35.51195    0.00003    1
  -2    2   -7   1.162954     0.011834    -0.054546    0.0558148   35.51195    0.00000    1
  -2    2    7   1.162954    -0.072845     0.003737    0.0729404   35.51195    0.00001    1
   2   -2   -7   1.162954    -0.073433    -0.004787    0.0735889   35.51195    0.00001    1
   2   -2    7   1.162954     0.011960     0.054928    0.0562153   35.51195    0.00000    1
   2    2   -7   1.162954    -0.170051     0.016795     0.170878   35.51195    0.00003    1
   2    2    7   1.162954     0.447281    -0.208664      0.49356   35.51195    0.00028    1
  -6   -2   -1   1.159853    -0.408067    -0.799006     0.897178   35.61005    0.00092    1
   6    2    1   1.159853    -0.409714     0.798923     0.897855   35.61005    0.00092    1
  -6   -2    1   1.159853     0.986482     0.180633      1.00288   35.61005    0.00115    1
  -6    2   -1   1.159853    -0.423994    -1.038330      1.12156   35.61005    0.00144    1
  -6    2    1   1.159853     1.061507    -0.028344      1.06189   35.61005    0.00129    1
   6   -2   -1   1.159853     1.061085     0.030645      1.06153   35.61005    0.00129    1
   6   -2    1   1.159853    -0.424731     1.037389      1.12097   35.61005    0.00143    1
   6    2   -1   1.159853     0.988448    -0.179660      1.00464   35.61005    0.00115    1
   0   -3   -7   1.156920     0.391332    -0.177730     0.429801   35.70336    0.00021    1
   0   -3    7   1.156920     0.386714     0.121344     0.405305   35.70336    0.00019    1
   0    3   -7   1.156920     0.387513    -0.119754     0.405595   35.70336    0.00019    1
   0    3    7   1.156920     0.390334     0.179137     0.429477   35.70336    0.00021    1
  -4   -3   -5   1.155391     0.170004     0.225405     0.282327   35.75222    0.00009    1
   4    3    5   1.155391     0.171222    -0.225828     0.283399   35.75222    0.00009    1
  -4   -3    5   1.155391    -0.101179    -0.001294     0.101187   35.75222    0.00001    1
  -4    3   -5   1.155391     0.206099     0.258966     0.330969   35.75222    0.00012    1
  -4    3    5   1.155391    -0.088354     0.020060    0.0906026   35.75222    0.00001    1
   4   -3   -5   1.155391    -0.087981    -0.021760    0.0906322   35.75222    0.00001    1
   4   -3    5   1.155391     0.207946    -0.259135     0.332254   35.75222    0.00012    1
   4    3   -5   1.155391    -0.101670    -0.000548     0.101672   35.75222    0.00001    1
  -4   -1   -6   1.152333     0.994006     0.804240      1.27861   35.85031    0.00184    1
  -4   -1    6   1.152333    -0.692258     0.208228     0.722897   35.85031    0.00059    1
  -4    1   -6   1.152333     0.552900    -0.477831     0.730768   35.85031    0.00060    1
  -4    1    6   1.152333    -0.803988    -0.814537      1.14449   35.85031    0.00147    1
   4   -1   -6   1.152333    -0.807466     0.813770       1.1464   35.85031    0.00148    1
   4   -1    6   1.152333     0.550628     0.477346     0.728732   35.85031    0.00060    1
   4    1   -6   1.152333    -0.690337    -0.208506     0.721138   35.85031    0.00058    1
   4    1    6   1.152333     0.997704    -0.802699      1.28052   35.85031    0.00184    1
  -4   -4   -4   1.152188     0.909155    -0.884734      1.26859   35.85496    0.00181    1
  -4   -4    4   1.152188     0.040411    -0.694762     0.695936   35.85496    0.00054    1
  -4    4   -4   1.152188    -0.233433    -0.659129     0.699244   35.85496    0.00055    1
  -4    4    4   1.152188     0.868385    -0.912182      1.25943   35.85496    0.00178    1
   4   -4   -4   1.152188     0.866931     0.917019      1.26194   35.85496    0.00179    1
   4   -4    4   1.152188    -0.234199     0.660064     0.700381   35.85496    0.00055    1
   4    4   -4   1.152188     0.040026     0.696277     0.697427   35.85496    0.00055    1
   4    4    4   1.152188     0.907761     0.890008      1.27128   35.85496    0.00182    1
  -4   -5   -2   1.152102    -0.540845     1.167415      1.28661   35.85775    0.00186    1
  -4   -5    2   1.152102     0.651612    -0.971896      1.17012   35.85775    0.00154    1
  -4    5   -2   1.152102    -0.411011     0.982034      1.06458   35.85775    0.00127    1
  -4    5    2   1.152102     0.451123    -1.140414       1.2264   35.85775    0.00169    1
   4   -5   -2   1.152102     0.446290     1.139576      1.22385   35.85775    0.00168    1
   4   -5    2   1.152102    -0.408122    -0.981464      1.06294   35.85775    0.00127    1
   4    5   -2   1.152102     0.648194     0.972017      1.16832   35.85775    0.00153    1
   4    5    2   1.152102    -0.535496    -1.166950      1.28395   35.85775    0.00185    1
  -3   -3   -6   1.151358     0.225634     0.938245     0.964994   35.88170    0.00105    1
  -3   -3    6   1.151358     0.265281    -0.582342     0.639919   35.88170    0.00046    1
  -3    3   -6   1.151358     0.092390    -0.644205     0.650796   35.88170    0.00048    1
  -3    3    6   1.151358     0.084807     0.934105     0.937947   35.88170    0.00099    1
   3   -3   -6   1.151358     0.086323    -0.932160     0.936149   35.88170    0.00098    1
   3   -3    6   1.151358     0.092542     0.644470     0.651081   35.88170    0.00048    1
   3    3   -6   1.151358     0.265410     0.582351     0.639981   35.88170    0.00046    1
   3    3    6   1.151358     0.226955    -0.935972     0.963095   35.88170    0.00104    1
  -3   -6    0   1.151098     0.351432     0.507790      0.61754   35.89006    0.00043    1
  -3    6    0   1.151098    -0.477921    -0.384144     0.613169   35.89006    0.00042    1
   3   -6    0   1.151098    -0.479991     0.385123     0.615395   35.89006    0.00042    1
   3    6    0   1.151098     0.353282    -0.509320     0.619851   35.89006    0.00043    1
  -1   -3   -7   1.142862    -0.278311     0.032636     0.280218   36.15760    0.00009    1
  -1   -3    7   1.142862    -0.325781    -0.209556     0.387359   36.15760    0.00017    1
  -1    3   -7   1.142862     0.071773    -0.427049     0.433039   36.15760    0.00021    1
  -1    3    7   1.142862     0.058633    -0.350860     0.355725   36.15760    0.00014    1
   1   -3   -7   1.142862     0.059049     0.349189     0.354147   36.15760    0.00014    1
   1   -3    7   1.142862     0.071142     0.425158      0.43107   36.15760    0.00021    1
   1    3   -7   1.142862    -0.327878     0.210389     0.389573   36.15760    0.00017    1
   1    3    7   1.142862    -0.278512    -0.031156     0.280249   36.15760    0.00009    1
  -3    0   -7   1.142209     0.024675     0.381963     0.382759   36.17900    0.00016    1
  -3    0    7   1.142209    -0.063324     0.144225     0.157514   36.17900    0.00003    1
   3    0   -7   1.142209    -0.063531    -0.144229     0.157601   36.17900    0.00003    1
   3    0    7   1.142209     0.026949    -0.381971      0.38292   36.17900    0.00016    1
  -3   -6   -1   1.141871    -0.124657    -0.751433     0.761703   36.19007    0.00064    1
  -3   -6    1   1.141871     0.521230     0.535453     0.747256   36.19007    0.00062    1
  -3    6   -1   1.141871     0.410796     0.007487     0.410864   36.19007    0.00019    1
  -3    6    1   1.141871    -0.723636     0.275473     0.774296   36.19007    0.00066    1
   3   -6   -1   1.141871    -0.722971    -0.277372     0.774353   36.19007    0.00066    1
   3   -6    1   1.141871     0.411631    -0.006975      0.41169   36.19007    0.00019    1
   3    6   -1   1.141871     0.522493    -0.533981     0.747084   36.19007    0.00061    1
   3    6    1   1.141871    -0.126928     0.751820     0.762459   36.19007    0.00064    1
  -5    0   -5   1.140737     0.084277     0.032602    0.0903632   36.22730    0.00001    1
  -5    0    5   1.140737    -0.202155    -0.347747     0.402237   36.22730    0.00018    1
   5    0   -5   1.140737    -0.201594     0.348213     0.402359   36.22730    0.00018    1
   5    0    5   1.140737     0.082305    -0.034115    0.0890956   36.22730    0.00001    1
  -3   -5   -4   1.138947    -0.106075     0.090484     0.139424   36.28623    0.00002    1
  -3   -5    4   1.138947    -0.809386    -0.040402     0.810394   36.28623    0.00072    1
  -3    5   -4   1.138947     0.200139    -0.048980     0.206046   36.28623    0.00005    1
  -3    5    4   1.138947    -0.016684    -0.283524     0.284015   36.28623    0.00009    1
   3   -5   -4   1.138947    -0.018653     0.282380     0.282996   36.28623    0.00009    1
   3   -5    4   1.138947     0.199463     0.050750     0.205818   36.28623    0.00005    1
   3    5   -4   1.138947    -0.808635     0.037621      0.80951   36.28623    0.00072    1
   3    5    4   1.138947    -0.105418    -0.091937     0.139876   36.28623    0.00002    1
  -2   -6   -3   1.137796     0.131052    -0.037297     0.136256   36.32423    0.00002    1
  -2    6    3   1.137796    -0.140394     0.485244     0.505146   36.32423    0.00028    1
   2   -6   -3   1.137796    -0.139188    -0.486287     0.505814   36.32423    0.00028    1
   2    6    3   1.137796     0.131035     0.037770      0.13637   36.32423    0.00002    1
  -2   -6    3   1.137796    -0.470754     0.039808     0.472434   36.32423    0.00024    1
  -2    6   -3   1.137796     0.084982    -0.273250      0.28616   36.32423    0.00009    1
   2   -6    3   1.137796     0.083926     0.273457     0.286046   36.32423    0.00009    1
   2    6   -3   1.137796    -0.470919    -0.041444      0.47274   36.32423    0.00024    1
  -5   -4   -2   1.137571    -0.136920     0.205049     0.246561   36.33164    0.00007    1
  -5   -4    2   1.137571     0.292835     0.213982     0.362686   36.33164    0.00014    1
  -5    4   -2   1.137571     0.350542    -0.042447     0.353103   36.33164    0.00014    1
  -5    4    2   1.137571    -0.321003    -0.073875     0.329394   36.33164    0.00012    1
   5   -4   -2   1.137571    -0.321517     0.076202     0.330424   36.33164    0.00012    1
   5   -4    2   1.137571     0.352108     0.041586     0.354555   36.33164    0.00014    1
   5    4   -2   1.137571     0.296178    -0.214712     0.365818   36.33164    0.00015    1
   5    4    2   1.137571    -0.139715    -0.204621      0.24777   36.33164    0.00007    1
  -6    0   -3   1.135223    -0.795381     0.451995     0.914839   36.40943    0.00091    1
  -6    0    3   1.135223     0.557569     0.592019     0.813247   36.40943    0.00072    1
   6    0   -3   1.135223     0.556679    -0.592166     0.812743   36.40943    0.00072    1
   6    0    3   1.135223    -0.793535    -0.451444     0.912962   36.40943    0.00091    1
  -2   -4   -6   1.134985     0.218288     0.159987     0.270639   36.41732    0.00008    1
  -2   -4    6   1.134985     0.850875     0.769976      1.14754   36.41732    0.00143    1
  -2    4   -6   1.134985     0.017277     0.060708    0.0631189   36.41732    0.00000    1
  -2    4    6   1.134985    -0.291617    -0.413385     0.505893   36.41732    0.00028    1
   2   -4   -6   1.134985    -0.292309     0.412360     0.505456   36.41732    0.00028    1
   2   -4    6   1.134985     0.016310    -0.061420     0.063549   36.41732    0.00000    1
   2    4   -6   1.134985     0.853929    -0.767416      1.14809   36.41732    0.00143    1
   2    4    6   1.134985     0.218911    -0.157844     0.269882   36.41732    0.00008    1
  -6   -2   -2   1.132212    -0.486661     0.294177     0.568665   36.50966    0.00035    1
   6    2    2   1.132212    -0.486856    -0.293572     0.568519   36.50966    0.00035    1
  -6   -2    2   1.132212    -0.015604     0.495252     0.495498   36.50966    0.00027    1
  -6    2   -2   1.132212    -0.366733     0.226045     0.430801   36.50966    0.00020    1
  -6    2    2   1.132212     0.253846     0.004465     0.253885   36.50966    0.00007    1
   6   -2   -2   1.132212     0.251182    -0.003955     0.251213   36.50966    0.00007    1
   6   -2    2   1.132212    -0.364843    -0.226155     0.429251   36.50966    0.00020    1
   6    2   -2   1.132212    -0.013874    -0.497099     0.497292   36.50966    0.00027    1
  -3   -1   -7   1.130225    -0.425223     0.481045     0.642043   36.57612    0.00044    1
  -3   -1    7   1.130225     0.121808     0.214053     0.246284   36.57612    0.00007    1
  -3    1   -7   1.130225     0.879147    -0.421077     0.974784   36.57612    0.00102    1
  -3    1    7   1.130225    -0.044014    -0.130901     0.138103   36.57612    0.00002    1
   3   -1   -7   1.130225    -0.041387     0.131329     0.137696   36.57612    0.00002    1
   3   -1    7   1.130225     0.880165     0.422262     0.976215   36.57612    0.00103    1
   3    1   -7   1.130225     0.119196    -0.214834     0.245685   36.57612    0.00006    1
   3    1    7   1.130225    -0.425967    -0.481061     0.642548   36.57612    0.00044    1
   0    0   -8   1.129565    43.663360    -6.878298      44.2018   36.59825    2.10041    1
   0    0    8   1.129565    43.633140     7.067430      44.2018   36.59825    2.10041    1
   0   -6   -4   1.129238   -44.190734    -2.038893      44.2377   36.60921    2.10244    1
   0   -6    4   1.129238   -43.330487    -9.004071      44.2561   36.60921    2.10419    1
   0    6   -4   1.129238   -43.369003     8.816430      44.2561   36.60921    2.10418    1
   0    6    4   1.129238   -44.199159     1.847616      44.2378   36.60921    2.10244    1
  -5   -1   -5   1.128799     0.807904     0.104986     0.814697   36.62396    0.00071    1
  -5   -1    5   1.128799     0.004200     0.501406     0.501423   36.62396    0.00027    1
  -5    1   -5   1.128799    -0.747731    -0.171632     0.767176   36.62396    0.00063    1
  -5    1    5   1.128799    -0.155195    -0.412961      0.44116   36.62396    0.00021    1
   5   -1   -5   1.128799    -0.153049     0.413734     0.441135   36.62396    0.00021    1
   5   -1    5   1.128799    -0.747049     0.172606      0.76673   36.62396    0.00063    1
   5    1   -5   1.128799     0.001626    -0.501371     0.501374   36.62396    0.00027    1
   5    1    5   1.128799     0.806094    -0.104815      0.81288   36.62396    0.00071    1
  -2   -5   -5   1.126056     0.263050    -0.306771     0.404109   36.71634    0.00017    1
   2    5    5   1.126056     0.262081     0.308508       0.4048   36.71634    0.00017    1
  -2   -5    5   1.126056     0.038931    -0.027244    0.0475174   36.71634    0.00000    1
  -2    5   -5   1.126056    -0.010867    -0.021649    0.0242229   36.71634    0.00000    1
  -2    5    5   1.126056    -0.083115     0.132625     0.156516   36.71634    0.00003    1
   2   -5   -5   1.126056    -0.082501    -0.131888     0.155567   36.71634    0.00003    1
   2   -5    5   1.126056    -0.011615     0.022681    0.0254826   36.71634    0.00000    1
   2    5   -5   1.126056     0.039815     0.027648    0.0484736   36.71634    0.00000    1
  -6   -1   -3   1.123455     0.032129     0.167264     0.170322   36.80440    0.00003    1
  -6   -1    3   1.123455     0.200166     0.206900     0.287879   36.80440    0.00009    1
  -6    1   -3   1.123455    -0.499333    -0.025095     0.499963   36.80440    0.00027    1
  -6    1    3   1.123455    -0.046012     0.049730    0.0677515   36.80440    0.00000    1
   6   -1   -3   1.123455    -0.046325    -0.048288    0.0669155   36.80440    0.00000    1
   6   -1    3   1.123455    -0.499460     0.025688      0.50012   36.80440    0.00027    1
   6    1   -3   1.123455     0.198829    -0.207282     0.287226   36.80440    0.00009    1
   6    1    3   1.123455     0.031358    -0.167711     0.170618   36.80440    0.00003    1
   0   -1   -8   1.117971     0.816426    -0.237404     0.850242   36.99148    0.00076    1
   0   -1    8   1.117971    -0.944867    -0.049982     0.946188   36.99148    0.00094    1
   0    1   -8   1.117971    -0.945158     0.045791     0.946266   36.99148    0.00094    1
   0    1    8   1.117971     0.815330     0.241012     0.850206   36.99148    0.00076    1
   0   -7    0   1.117549    -0.293774    -0.029405     0.295241   37.00596    0.00009    1
   0    7    0   1.117549    -0.293921     0.027817     0.295235   37.00596    0.00009    1
  -4   -2   -6   1.116564    -0.089565    -0.006546    0.0898038   37.03977    0.00001    1
  -4   -2    6   1.116564    -0.361260     0.000042      0.36126   37.03977    0.00014    1
   4    2   -6   1.116564    -0.360829    -0.000583     0.360829   37.03977    0.00014    1
   4    2    6   1.116564    -0.089622     0.004455    0.0897325   37.03977    0.00001    1
  -4    2   -6   1.116564    -0.532303     0.252698     0.589239   37.03977    0.00036    1
  -4    2    6   1.116564     0.192748    -0.030277     0.195111   37.03977    0.00004    1
   4   -2   -6   1.116564     0.193302     0.029678     0.195567   37.03977    0.00004    1
   4   -2    6   1.116564    -0.531884    -0.254493     0.589633   37.03977    0.00036    1
  -1    0   -8   1.116470     0.536749    -0.293046     0.611535   37.04301    0.00039    1
  -1    0    8   1.116470    -0.566128     0.088267     0.572968   37.04301    0.00034    1
   1    0   -8   1.116470    -0.565302    -0.092287     0.572786   37.04301    0.00034    1
   1    0    8   1.116470     0.534518     0.296669     0.611329   37.04301    0.00039    1
  -1   -6   -4   1.116155    -0.918740     0.261834     0.955322   37.05385    0.00095    1
  -1    6    4   1.116155     0.879003    -0.330527     0.939093   37.05385    0.00092    1
   1   -6   -4   1.116155     0.875998     0.337215     0.938662   37.05385    0.00092    1
   1    6    4   1.116155    -0.916246    -0.268828     0.954869   37.05385    0.00095    1
  -1   -6    4   1.116155    -0.376038     0.046983     0.378962   37.05385    0.00015    1
  -1    6   -4   1.116155     0.314491    -0.164976     0.355136   37.05385    0.00013    1
   1   -6    4   1.116155     0.312746     0.167587     0.354818   37.05385    0.00013    1
   1    6   -4   1.116155    -0.375430    -0.050187     0.378769   37.05385    0.00015    1
  -3   -6   -2   1.115467     0.360735    -0.266518      0.44851   37.07752    0.00021    1
  -3   -6    2   1.115467    -0.764410     1.131996      1.36592   37.07752    0.00195    1
  -3    6   -2   1.115467    -0.263229    -0.260189     0.370118   37.07752    0.00014    1
  -3    6    2   1.115467     0.230960     0.155227     0.278276   37.07752    0.00008    1
   3   -6   -2   1.115467     0.231903    -0.155981      0.27948   37.07752    0.00008    1
   3   -6    2   1.115467    -0.262114     0.260634      0.36964   37.07752    0.00014    1
   3    6   -2   1.115467    -0.760600    -1.132944      1.36458   37.07752    0.00195    1
   3    6    2   1.115467     0.358854     0.266526     0.447004   37.07752    0.00021    1
  -5   -3   -4   1.114332     0.474762    -0.151520     0.498355   37.11669    0.00026    1
   5    3    4   1.114332     0.474998     0.150465      0.49826   37.11669    0.00026    1
  -5   -3    4   1.114332    -0.659472     0.611236     0.899173   37.11669    0.00084    1
  -5    3   -4   1.114332     0.112666    -0.437295     0.451576   37.11669    0.00021    1
  -5    3    4   1.114332    -0.250852    -0.099423     0.269836   37.11669    0.00008    1
   5   -3   -4   1.114332    -0.248419     0.096629     0.266551   37.11669    0.00007    1
   5   -3    4   1.114332     0.112484     0.437807     0.452026   37.11669    0.00021    1
   5    3   -4   1.114332    -0.657196    -0.615915     0.900699   37.11669    0.00085    1
  -6   -3    0   1.109190    -0.414786    -0.330185      0.53016   37.29508    0.00029    1
   6    3    0   1.109190    -0.413916     0.327934     0.528078   37.29508    0.00029    1
  -6    3    0   1.109190    -0.051801    -0.122451     0.132957   37.29508    0.00002    1
   6   -3    0   1.109190    -0.050601     0.120625     0.130808   37.29508    0.00002    1
   0   -7   -1   1.109099    -0.222354     0.186215      0.29003   37.29823    0.00009    1
   0   -7    1   1.109099    -0.142061    -0.141557     0.200549   37.29823    0.00004    1
   0    7   -1   1.109099    -0.142643     0.141262     0.200753   37.29823    0.00004    1
   0    7    1   1.109099    -0.221459    -0.187103     0.289917   37.29823    0.00009    1
  -4   -5   -3   1.107957    -0.849090    -0.464141     0.967668   37.33810    0.00096    1
  -4   -5    3   1.107957    -0.783488     0.107652     0.790849   37.33810    0.00064    1
  -4    5   -3   1.107957    -0.825674    -0.091810     0.830763   37.33810    0.00071    1
  -4    5    3   1.107957    -0.639191     0.838299      1.05419   37.33810    0.00114    1
   4   -5   -3   1.107957    -0.637218    -0.840718      1.05492   37.33810    0.00114    1
   4   -5    3   1.107957    -0.827756     0.088580     0.832482   37.33810    0.00071    1
   4    5   -3   1.107957    -0.781792    -0.110262     0.789529   37.33810    0.00064    1
   4    5    3   1.107957    -0.849699     0.461634     0.967003   37.33810    0.00096    1
  -1   -1   -8   1.105270     0.254706     0.509285     0.569427   37.43223    0.00033    1
  -1   -1    8   1.105270     0.017852    -0.361560     0.362001   37.43223    0.00013    1
  -1    1   -8   1.105270     0.022828    -0.049681     0.054675   37.43223    0.00000    1
  -1    1    8   1.105270    -0.056745     0.087820     0.104557   37.43223    0.00001    1
   1   -1   -8   1.105270    -0.055103    -0.087671     0.103549   37.43223    0.00001    1
   1   -1    8   1.105270     0.021029     0.048595    0.0529499   37.43223    0.00000    1
   1    1   -8   1.105270     0.014395     0.361172     0.361459   37.43223    0.00013    1
   1    1    8   1.105270     0.258005    -0.507461     0.569283   37.43223    0.00033    1
  -1   -7    0   1.104862     0.231254     0.389897     0.453319   37.44656    0.00021    1
  -1    7    0   1.104862     0.186047     0.435238     0.473334   37.44656    0.00023    1
   1   -7    0   1.104862     0.185960    -0.434377     0.472508   37.44656    0.00023    1
   1    7    0   1.104862     0.231688    -0.390479     0.454041   37.44656    0.00021    1
  -2   -3   -7   1.103578    -0.141440     0.388973     0.413891   37.49178    0.00017    1
  -2   -3    7   1.103578    -0.058873     0.019019    0.0618692   37.49178    0.00000    1
  -2    3   -7   1.103578    -0.229504     0.499007     0.549254   37.49178    0.00031    1
  -2    3    7   1.103578    -0.155885     0.037928     0.160432   37.49178    0.00003    1
   2   -3   -7   1.103578    -0.155237    -0.038089     0.159842   37.49178    0.00003    1
   2   -3    7   1.103578    -0.226940    -0.499273      0.54843   37.49178    0.00031    1
   2    3   -7   1.103578    -0.058160    -0.018967    0.0611748   37.49178    0.00000    1
   2    3    7   1.103578    -0.139162    -0.388963     0.413108   37.49178    0.00017    1
  -6   -3   -1   1.100927     0.024003    -0.290315     0.291306   37.58542    0.00009    1
  -6   -3    1   1.100927     0.022777    -0.033791    0.0407506   37.58542    0.00000    1
  -6    3   -1   1.100927     0.398452    -0.162307     0.430241   37.58542    0.00019    1
  -6    3    1   1.100927     0.511817     0.121407     0.526019   37.58542    0.00028    1
   6   -3   -1   1.100927     0.511275    -0.120308     0.525239   37.58542    0.00028    1
   6   -3    1   1.100927     0.397171     0.164091     0.429733   37.58542    0.00019    1
   6    3   -1   1.100927     0.022406     0.034523    0.0411565   37.58542    0.00000    1
   6    3    1   1.100927     0.022961     0.291703     0.292605   37.58542    0.00009    1
  -1   -7   -1   1.096696     0.147749     0.193242     0.243253   37.73592    0.00006    1
  -1   -7    1   1.096696     0.325684     0.393847     0.511063   37.73592    0.00026    1
  -1    7   -1   1.096696     0.310184     0.502919     0.590882   37.73592    0.00035    1
  -1    7    1   1.096696     0.171327     0.470861     0.501062   37.73592    0.00025    1
   1   -7   -1   1.096696     0.172109    -0.468617     0.499223   37.73592    0.00025    1
   1   -7    1   1.096696     0.308915    -0.501529     0.589033   37.73592    0.00035    1
   1    7   -1   1.096696     0.325072    -0.395139      0.51167   37.73592    0.00026    1
   1    7    1   1.096696     0.149235    -0.194485     0.245144   37.73592    0.00006    1
  -3   -2   -7   1.096417    -0.151587     0.485987     0.509079   37.74588    0.00026    1
  -3   -2    7   1.096417    -0.071851    -0.345618     0.353008   37.74588    0.00013    1
  -3    2   -7   1.096417     0.003264    -0.486054     0.486065   37.74588    0.00024    1
  -3    2    7   1.096417     0.288082    -0.118616     0.311547   37.74588    0.00010    1
   3   -2   -7   1.096417     0.289188     0.118953     0.312697   37.74588    0.00010    1
   3   -2    7   1.096417     0.000234     0.486464     0.486464   37.74588    0.00024    1
   3    2   -7   1.096417    -0.072587     0.345521     0.353063   37.74588    0.00013    1
   3    2    7   1.096417    -0.151067    -0.486704      0.50961   37.74588    0.00026    1
  -5   -2   -5   1.095115     0.315576     0.103093     0.331989   37.79245    0.00011    1
   5    2    5   1.095115     0.318171    -0.102238     0.334194   37.79245    0.00011    1
  -5   -2    5   1.095115    -0.024337     0.218184     0.219537   37.79245    0.00005    1
  -5    2   -5   1.095115    -0.559605    -0.322526     0.645895   37.79245    0.00042    1
  -5    2    5   1.095115     0.285978     0.281212     0.401078   37.79245    0.00016    1
   5   -2   -5   1.095115     0.287351    -0.281991     0.402604   37.79245    0.00016    1
   5   -2    5   1.095115    -0.560534     0.323033     0.646953   37.79245    0.00042    1
   5    2   -5   1.095115    -0.026111    -0.217948     0.219506   37.79245    0.00005    1
  -5   -4   -3   1.095016     0.090346    -0.013845    0.0914004   37.79600    0.00001    1
  -5   -4    3   1.095016    -0.028157     0.059951    0.0662341   37.79600    0.00000    1
  -5    4   -3   1.095016     0.141411     0.160732     0.214084   37.79600    0.00005    1
  -5    4    3   1.095016    -0.237536    -0.221351     0.324684   37.79600    0.00011    1
   5   -4   -3   1.095016    -0.236293     0.220274      0.32304   37.79600    0.00010    1
   5   -4    3   1.095016     0.140464    -0.159883     0.212821   37.79600    0.00005    1
   5    4   -3   1.095016    -0.027727    -0.058272    0.0645324   37.79600    0.00000    1
   5    4    3   1.095016     0.089732     0.012271     0.090567   37.79600    0.00001    1
  -6   -2   -3   1.090233     0.140143    -0.388719     0.413209   37.96813    0.00017    1
   6    2    3   1.090233     0.137321     0.388502     0.412057   37.96813    0.00017    1
  -6   -2    3   1.090233    -0.239113     0.050028     0.244291   37.96813    0.00006    1
  -6    2   -3   1.090233    -0.053480     0.087348      0.10242   37.96813    0.00001    1
  -6    2    3   1.090233    -0.205313     0.155471     0.257536   37.96813    0.00007    1
   6   -2   -3   1.090233    -0.204556    -0.154870     0.256569   37.96813    0.00007    1
   6   -2    3   1.090233    -0.052544    -0.089156     0.103488   37.96813    0.00001    1
   6    2   -3   1.090233    -0.237489    -0.050366     0.242771   37.96813    0.00006    1
   0   -2   -8   1.085219   -19.674161     2.294861      19.8075   38.15033    0.38488    1
   0   -2    8   1.085219   -19.681822    -4.068829       20.098   38.15033    0.39625    1
   0    2   -8   1.085219   -19.700937     3.974578      20.0979   38.15033    0.39625    1
   0    2    8   1.085219   -19.663090    -2.389079      19.8077   38.15033    0.38489    1
   0   -5   -6   1.085050     0.247015    19.825322      19.8269   38.15650    0.38550    1
   0   -5    6   1.085050     4.500342   -19.525618      20.0375   38.15650    0.39373    1
   0    5   -6   1.085050     4.407022    19.546667      20.0373   38.15650    0.39372    1
   0    5    6   1.085050     0.341658   -19.823792      19.8267   38.15650    0.38549    1
   0   -7   -2   1.084857     2.188064   -20.165494      20.2839   38.16355    0.40331    1
   0   -7    2   1.084857    -3.783178    19.866172      20.2232   38.16355    0.40090    1
   0    7   -2   1.084857    -3.688387   -19.883769       20.223   38.16355    0.40089    1
   0    7    2   1.084857     2.091891    20.175579      20.2837   38.16355    0.40330    1
  -2    0   -8   1.079759   -14.551046    24.806346      28.7591   38.35075    0.80203    1
  -2    0    8   1.079759   -21.509585    19.103895      28.7684   38.35075    0.80254    1
   2    0   -8   1.079759   -21.418989   -19.204973      28.7681   38.35075    0.80253    1
   2    0    8   1.079759   -14.433568   -24.874126      28.7585   38.35075    0.80199    1
  -2   -6   -4   1.079474    19.111745   -21.510516      28.7743   38.36128    0.80239    1
  -2   -6    4   1.079474    22.203178   -18.332418      28.7934   38.36128    0.80345    1
  -2    6   -4   1.079474    13.321060   -25.580304       28.841   38.36128    0.80611    1
  -2    6    4   1.079474    17.244677   -23.114940      28.8389   38.36128    0.80599    1
   2   -6   -4   1.079474    17.135542    23.195737      28.8387   38.36128    0.80598    1
   2   -6    4   1.079474    13.200553    25.642907      28.8412   38.36128    0.80612    1
   2    6   -4   1.079474    22.117164    18.437242      28.7941   38.36128    0.80349    1
   2    6    4   1.079474    19.010346    21.600366      28.7745   38.36128    0.80239    1
   0   -4   -7   1.077382     0.192324     0.059015     0.201175   38.43868    0.00004    1
   0   -4    7   1.077382     0.020233     0.222516     0.223434   38.43868    0.00005    1
   0    4   -7   1.077382     0.021555    -0.222324     0.223367   38.43868    0.00005    1
   0    4    7   1.077382     0.192737    -0.057956     0.201262   38.43868    0.00004    1
  -6    0   -4   1.077276    26.459944    10.688221      28.5371   38.44261    0.78552    1
   6    0    4   1.077276    26.511733   -10.563847      28.5389   38.44261    0.78562    1
  -6    0    4   1.077276    24.413629    14.755481      28.5263   38.44261    0.78493    1
   6    0   -4   1.077276    24.484376   -14.640927      28.5279   38.44261    0.78502    1
  -6   -3   -2   1.077205    13.655216   -25.042541      28.5236   38.44524    0.78466    1
   6    3    2   1.077205    13.536724    25.106691      28.5235   38.44524    0.78465    1
  -6   -3    2   1.077205   -15.904445    23.675442      28.5215   38.44524    0.78455    1
  -6    3   -2   1.077205    10.750665   -26.398616      28.5037   38.44524    0.78357    1
  -6    3    2   1.077205   -12.483312    25.602869       28.484   38.44524    0.78249    1
   6   -3   -2   1.077205   -12.362223   -25.661640      28.4841   38.44524    0.78249    1
   6   -3    2   1.077205    10.625241    26.447620      28.5021   38.44524    0.78348    1
   6    3   -2   1.077205   -15.791429   -23.748763      28.5197   38.44524    0.78445    1
  -4   -4   -5   1.076147    -0.004284     0.004957   0.00655146   38.48454    0.00000    1
   4    4    5   1.076147    -0.003022    -0.004363   0.00530777   38.48454    0.00000    1
  -4    4   -5   1.076147    -0.005043    -0.012785    0.0137439   38.48454    0.00000    1
  -4    4    5   1.076147    -0.240981     0.120946     0.269629   38.48454    0.00007    1
   4   -4   -5   1.076147    -0.241737    -0.122148     0.270845   38.48454    0.00007    1
   4   -4    5   1.076147    -0.003371     0.011913     0.012381   38.48454    0.00000    1
  -4   -4    5   1.076147     0.017296     0.123859     0.125061   38.48454    0.00002    1
   4    4   -5   1.076147     0.016557    -0.124912     0.126005   38.48454    0.00002    1
  -3   -6   -3   1.075259     0.442205    -0.669836     0.802637   38.51758    0.00062    1
  -3   -6    3   1.075259    -0.529941    -0.217457     0.572822   38.51758    0.00032    1
  -3    6   -3   1.075259    -0.275342    -0.032843     0.277294   38.51758    0.00007    1
  -3    6    3   1.075259     0.488704     0.381987     0.620279   38.51758    0.00037    1
   3   -6   -3   1.075259     0.487567    -0.382283     0.619566   38.51758    0.00037    1
   3   -6    3   1.075259    -0.276903     0.034658     0.279063   38.51758    0.00007    1
   3    6   -3   1.075259    -0.527940     0.217016     0.570803   38.51758    0.00031    1
   3    6    3   1.075259     0.440338     0.668383     0.800396   38.51758    0.00062    1
  -1   -2   -8   1.073591    -7.882094   -11.658264      14.0728   38.57979    0.18953    1
  -1   -2    8   1.073591    -3.626064   -13.508708      13.9869   38.57979    0.18722    1
  -1    2   -8   1.073591     8.625987    11.012454      13.9886   38.57979    0.18727    1
  -1    2    8   1.073591     4.922428    13.142820      14.0344   38.57979    0.18850    1
   1   -2   -8   1.073591     4.981550   -13.119682      14.0336   38.57979    0.18848    1
   1   -2    8   1.073591     8.677341   -10.975429      13.9913   38.57979    0.18734    1
   1    2   -8   1.073591    -3.687651    13.494511      13.9893   38.57979    0.18729    1
   1    2    8   1.073591    -7.934311    11.621855       14.072   38.57979    0.18951    1
  -1   -5   -6   1.073427   -12.586481     6.328737       14.088   38.58590    0.18987    1
  -1   -5    6   1.073427    13.770642    -2.629715      14.0195   38.58590    0.18803    1
  -1    5   -6   1.073427    11.276756    -8.315828      14.0114   38.58590    0.18781    1
  -1    5    6   1.073427   -12.718985     5.877050      14.0111   38.58590    0.18781    1
   1   -5   -6   1.073427   -12.689303    -5.933185      14.0079   38.58590    0.18772    1
   1   -5    6   1.073427    11.237167     8.365241       14.009   38.58590    0.18775    1
   1    5   -6   1.073427    13.755995     2.691418      14.0168   38.58590    0.18796    1
   1    5    6   1.073427   -12.554834    -6.384120      14.0848   38.58590    0.18979    1
  -1   -7   -2   1.073240   -13.220517     4.520803      13.9721   38.59288    0.18669    1
  -1   -7    2   1.073240    13.634723    -3.150681       13.994   38.59288    0.18727    1
  -1    7   -2   1.073240    11.501497    -7.854554      13.9276   38.59288    0.18550    1
  -1    7    2   1.073240   -11.898294     7.174764      13.8941   38.59288    0.18461    1
   1   -7   -2   1.073240   -11.868600    -7.230336      13.8975   38.59288    0.18470    1
   1   -7    2   1.073240    11.466561     7.907082      13.9285   38.59288    0.18552    1
   1    7   -2   1.073240    13.620954     3.212531      13.9947   38.59288    0.18729    1
   1    7    2   1.073240   -13.202903    -4.581679      13.9753   38.59288    0.18677    1
  -3   -4   -6   1.072886     0.036726    -0.164208     0.168265   38.60614    0.00003    1
   3    4    6   1.072886     0.038395     0.164265     0.168693   38.60614    0.00003    1
  -3    4   -6   1.072886     0.025731    -0.256467     0.257754   38.60614    0.00006    1
  -3    4    6   1.072886     0.001078     0.798667     0.798668   38.60614    0.00061    1
   3   -4   -6   1.072886     0.002608    -0.797646      0.79765   38.60614    0.00061    1
   3   -4    6   1.072886     0.026002     0.256231     0.257547   38.60614    0.00006    1
  -3   -4    6   1.072886    -0.667980     0.802288      1.04397   38.60614    0.00104    1
   3    4   -6   1.072886    -0.665779    -0.805054      1.04469   38.60614    0.00104    1
  -5   -5    0   1.071596    -0.395102    -0.045060     0.397663   38.65446    0.00015    1
  -5    5    0   1.071596     0.039988     0.358620     0.360842   38.65446    0.00012    1
   5   -5    0   1.071596     0.039563    -0.360272     0.362438   38.65446    0.00013    1
   5    5    0   1.071596    -0.393116     0.044929     0.395675   38.65446    0.00015    1
  -2   -1   -8   1.069618    -0.217066     0.454510     0.503683   38.72877    0.00024    1
  -2   -1    8   1.069618     0.743100    -0.861334      1.13758   38.72877    0.00123    1
  -2    1   -8   1.069618    -0.025008     0.021666    0.0330885   38.72877    0.00000    1
  -2    1    8   1.069618    -0.531849     0.330437      0.62614   38.72877    0.00037    1
   2   -1   -8   1.069618    -0.530650    -0.332340      0.62613   38.72877    0.00037    1
   2   -1    8   1.069618    -0.025788    -0.021186    0.0333744   38.72877    0.00000    1
   2    1   -8   1.069618     0.739719     0.864420      1.13772   38.72877    0.00123    1
   2    1    8   1.069618    -0.213856    -0.455918     0.503582   38.72877    0.00024    1
  -2   -7    0   1.069249     0.388342    -0.280577     0.479096   38.74270    0.00022    1
  -2    7    0   1.069249    -0.000895     0.139584     0.139587   38.74270    0.00002    1
   2   -7    0   1.069249    -0.000879    -0.138581     0.138584   38.74270    0.00002    1
   2    7    0   1.069249     0.387996     0.282116     0.479719   38.74270    0.00022    1
  -6   -1   -4   1.067205    -0.132908     0.212979     0.251047   38.81988    0.00006    1
  -6   -1    4   1.067205    -0.445532     0.077185     0.452168   38.81988    0.00019    1
  -6    1   -4   1.067205    -0.644675    -0.039074     0.645858   38.81988    0.00039    1
  -6    1    4   1.067205     0.156161     0.429822     0.457311   38.81988    0.00020    1
   6   -1   -4   1.067205     0.158816    -0.427800     0.456328   38.81988    0.00020    1
   6   -1    4   1.067205    -0.644280     0.037918     0.645394   38.81988    0.00039    1
   6    1   -4   1.067205    -0.446334    -0.080856     0.453599   38.81988    0.00019    1
   6    1    4   1.067205    -0.132736    -0.215142     0.252794   38.81988    0.00006    1
  -1   -4   -7   1.066002    -0.235780     0.270952     0.359176   38.86544    0.00012    1
  -1   -4    7   1.066002     0.588619    -0.204764     0.623218   38.86544    0.00037    1
  -1    4   -7   1.066002    -0.368588     0.121755     0.388177   38.86544    0.00014    1
  -1    4    7   1.066002    -0.074518     0.151272      0.16863   38.86544    0.00003    1
   1   -4   -7   1.066002    -0.074531    -0.151908     0.169207   38.86544    0.00003    1
   1   -4    7   1.066002    -0.368586    -0.121047     0.387953   38.86544    0.00014    1
   1    4   -7   1.066002     0.589053     0.205356     0.623822   38.86544    0.00037    1
   1    4    7   1.066002    -0.235433    -0.272333     0.359992   38.86544    0.00012    1
  -3   -5   -5   1.065334    -0.248427    -0.724558     0.765964   38.89076    0.00055    1
  -3    5   -5   1.065334    -0.129613     0.792759     0.803284   38.89076    0.00061    1
  -3    5    5   1.065334    -0.752793     0.856552      1.14034   38.89076    0.00122    1
   3   -5   -5   1.065334    -0.752204    -0.857158      1.14041   38.89076    0.00122    1
   3   -5    5   1.065334    -0.129953    -0.795346     0.805893   38.89076    0.00061    1
   3    5    5   1.065334    -0.247489     0.724606     0.765706   38.89076    0.00055    1
  -3   -5    5   1.065334     0.821172    -0.617169      1.02724   38.89076    0.00099    1
   3    5   -5   1.065334     0.820970     0.617142      1.02706   38.89076    0.00099    1
  -5   -5   -1   1.064140    -0.386974     0.185127     0.428977   38.93618    0.00017    1
  -5   -5    1   1.064140    -0.196377    -0.259949     0.325788   38.93618    0.00010    1
  -5    5   -1   1.064140     0.184599     0.099690     0.209797   38.93618    0.00004    1
  -5    5    1   1.064140     0.023874     0.535569     0.536101   38.93618    0.00027    1
   5   -5   -1   1.064140     0.026195    -0.534197     0.534839   38.93618    0.00027    1
   5   -5    1   1.064140     0.185802    -0.098395     0.210247   38.93618    0.00004    1
   5    5   -1   1.064140    -0.198133     0.258494     0.325693   38.93618    0.00010    1
   5    5    1   1.064140    -0.387205    -0.186664      0.42985   38.93618    0.00017    1
  -4   -3   -6   1.063703     0.580738    -0.046937     0.582632   38.95283    0.00032    1
   4    3    6   1.063703     0.580912     0.046378      0.58276   38.95283    0.00032    1
  -4   -3    6   1.063703    -0.546599     0.037809     0.547905   38.95283    0.00028    1
  -4    3   -6   1.063703     0.513592    -0.190921      0.54793   38.95283    0.00028    1
  -4    3    6   1.063703    -0.513453    -0.025183      0.51407   38.95283    0.00025    1
   4   -3   -6   1.063703    -0.513594     0.026060     0.514255   38.95283    0.00025    1
   4   -3    6   1.063703     0.513816     0.190196     0.547889   38.95283    0.00028    1
   4    3   -6   1.063703    -0.546655    -0.037096     0.547912   38.95283    0.00028    1
  -4   -6    0   1.063498     0.159218     0.581314     0.602724   38.96063    0.00034    1
  -4    6    0   1.063498     0.245504     0.478665     0.537952   38.96063    0.00027    1
   4   -6    0   1.063498     0.244647    -0.478954     0.537818   38.96063    0.00027    1
   4    6    0   1.063498     0.158666    -0.581473     0.602732   38.96063    0.00034    1
  -2   -7   -1   1.061841     0.718714    -0.117878     0.728316   39.02388    0.00049    1
  -2    7    1   1.061841     0.427329     0.716764     0.834482   39.02388    0.00065    1
   2   -7   -1   1.061841     0.429984    -0.714650     0.834033   39.02388    0.00065    1
   2    7    1   1.061841     0.718419     0.120485     0.728452   39.02388    0.00050    1
  -2   -7    1   1.061841     0.427721     0.547106     0.694457   39.02388    0.00045    1
  -2    7   -1   1.061841     0.563839     0.013270     0.563995   39.02388    0.00030    1
   2   -7    1   1.061841     0.563097    -0.010513     0.563195   39.02388    0.00030    1
   2    7   -1   1.061841     0.430573    -0.545936     0.695298   39.02388    0.00045    1
   0   -6   -5   1.057377    -0.168744    -0.248302     0.300214   39.19538    0.00008    1
   0   -6    5   1.057377    -0.060163     0.292669     0.298788   39.19538    0.00008    1
   0    6   -5   1.057377    -0.058918    -0.293043     0.298907   39.19538    0.00008    1
   0    6    5   1.057377    -0.169637     0.247402     0.299974   39.19538    0.00008    1
  -4    0   -7   1.056476    -0.419572     0.029897     0.420636   39.23017    0.00016    1
  -4    0    7   1.056476    -0.212550     0.357212     0.415666   39.23017    0.00016    1
   4    0   -7   1.056476    -0.210216    -0.357609      0.41482   39.23017    0.00016    1
   4    0    7   1.056476    -0.420177    -0.031913     0.421387   39.23017    0.00016    1
  -4   -6   -1   1.056209    -0.051865    -0.019728    0.0554901   39.24050    0.00000    1
  -4   -6    1   1.056209    -0.005290     0.202005     0.202074   39.24050    0.00004    1
  -4    6   -1   1.056209     0.111338    -0.056544     0.124873   39.24050    0.00001    1
  -4    6    1   1.056209    -0.190315     0.280617     0.339066   39.24050    0.00011    1
   4   -6   -1   1.056209    -0.189375    -0.281271     0.339081   39.24050    0.00011    1
   4   -6    1   1.056209     0.111089     0.057814     0.125233   39.24050    0.00001    1
   4    6   -1   1.056209    -0.004554    -0.201832     0.201883   39.24050    0.00004    1
   4    6    1   1.056209    -0.051696     0.019847    0.0553747   39.24050    0.00000    1
  -4   -5   -4   1.053893    -0.061470     0.096744     0.114621   39.33027    0.00001    1
  -4   -5    4   1.053893    -0.057467    -0.363682     0.368194   39.33027    0.00012    1
  -4    5   -4   1.053893     0.255689     0.663924     0.711458   39.33027    0.00046    1
  -4    5    4   1.053893    -0.003758     0.199041     0.199076   39.33027    0.00004    1
   4   -5   -4   1.053893    -0.003802    -0.200208     0.200245   39.33027    0.00004    1
   4   -5    4   1.053893     0.257279    -0.664357     0.712434   39.33027    0.00047    1
   4    5   -4   1.053893    -0.057403     0.362507     0.367024   39.33027    0.00012    1
   4    5    4   1.053893    -0.059567    -0.097724     0.114447   39.33027    0.00001    1
  -5    0   -6   1.052235     0.550962     0.506241     0.748224   39.39480    0.00051    1
  -5    0    6   1.052235     0.254515     0.427921     0.497889   39.39480    0.00023    1
   5    0   -6   1.052235     0.259241    -0.425126     0.497934   39.39480    0.00023    1
   5    0    6   1.052235     0.551425    -0.505555     0.748101   39.39480    0.00051    1
  -7    0    0   1.050510    -0.086293     0.001870    0.0863135   39.46217    0.00001    1
   7    0    0   1.050510    -0.086298    -0.002278    0.0863286   39.46217    0.00001    1
   0   -7   -3   1.047761     0.335258     0.131059     0.359964   39.57002    0.00012    1
   0    7    3   1.047761     0.335725    -0.129807     0.359946   39.57002    0.00012    1
   0   -7    3   1.047761     0.203845    -0.140933     0.247821   39.57002    0.00006    1
   0    7   -3   1.047761     0.203293     0.141849      0.24789   39.57002    0.00006    1
  -4   -1   -7   1.046971     0.019590     0.055868    0.0592034   39.60112    0.00000    1
  -4   -1    7   1.046971     0.110681    -0.047692     0.120519   39.60112    0.00001    1
  -4    1   -7   1.046971     0.022669    -0.101035     0.103547   39.60112    0.00001    1
  -4    1    7   1.046971     0.075407     0.258705     0.269471   39.60112    0.00007    1
   4   -1   -7   1.046971     0.075007    -0.258227       0.2689   39.60112    0.00007    1
   4   -1    7   1.046971     0.021842     0.101169       0.1035   39.60112    0.00001    1
   4    1   -7   1.046971     0.110972     0.048540     0.121124   39.60112    0.00001    1
   4    1    7   1.046971     0.021221    -0.055200     0.059139   39.60112    0.00000    1
  -1   -6   -5   1.046612     0.115461    -0.193404     0.225248   39.61527    0.00005    1
  -1   -6    5   1.046612     0.110066     0.182816     0.213392   39.61527    0.00004    1
  -1    6   -5   1.046612    -0.056090     0.184031     0.192389   39.61527    0.00003    1
  -1    6    5   1.046612    -0.100708    -0.225730     0.247176   39.61527    0.00006    1
   1   -6   -5   1.046612    -0.103089     0.223452     0.246085   39.61527    0.00005    1
   1   -6    5   1.046612    -0.052556    -0.184576     0.191913   39.61527    0.00003    1
   1    6   -5   1.046612     0.112376    -0.179921     0.212132   39.61527    0.00004    1
   1    6    5   1.046612     0.112379     0.194024     0.224219   39.61527    0.00005    1
  -3   -3   -7   1.046240    -0.398137    -0.493266     0.633896   39.62996    0.00036    1
  -3   -3    7   1.046240    -0.136150    -0.353638     0.378941   39.62996    0.00013    1
  -3    3   -7   1.046240    -0.437168     0.355681     0.563582   39.62996    0.00029    1
  -3    3    7   1.046240    -0.071462     0.226956      0.23794   39.62996    0.00005    1
   3   -3   -7   1.046240    -0.072309    -0.226430     0.237696   39.62996    0.00005    1
   3   -3    7   1.046240    -0.437549    -0.356065      0.56412   39.62996    0.00029    1
   3    3   -7   1.046240    -0.135265     0.353626     0.378613   39.62996    0.00013    1
   3    3    7   1.046240    -0.398264     0.491360     0.632494   39.62996    0.00036    1
  -5   -3   -5   1.045109    -0.354280    -0.053429     0.358286   39.67466    0.00012    1
   5    3    5   1.045109    -0.352860     0.051702     0.356628   39.67466    0.00011    1
  -5   -3    5   1.045109    -0.038683    -0.526708     0.528126   39.67466    0.00025    1
  -5    3   -5   1.045109     0.382464     0.106549     0.397028   39.67466    0.00014    1
  -5    3    5   1.045109     0.341186     0.363536     0.498564   39.67466    0.00022    1
   5   -3   -5   1.045109     0.342424    -0.363628     0.499479   39.67466    0.00022    1
   5   -3    5   1.045109     0.383310    -0.106817     0.397915   39.67466    0.00014    1
   5    3   -5   1.045109    -0.039115     0.525730     0.527183   39.67466    0.00025    1
  -7    0   -1   1.043483    -0.619164    -0.014383     0.619331   39.73908    0.00034    1
  -7    0    1   1.043483     0.270873    -0.013359     0.271202   39.73908    0.00007    1
   7    0   -1   1.043483     0.270756     0.013416     0.271088   39.73908    0.00007    1
   7    0    1   1.043483    -0.619240     0.012582     0.619368   39.73908    0.00034    1
  -5   -1   -6   1.042844   -21.310175   -22.286666      30.8354   39.76446    0.85090    1
  -5   -1    6   1.042844    15.332717    26.903884      30.9663   39.76446    0.85814    1
  -5    1   -6   1.042844    22.138240    21.643057        30.96   39.76446    0.85780    1
  -5    1    6   1.042844   -16.595921   -26.036217      30.8757   39.76446    0.85313    1
   5   -1   -6   1.042844   -16.725867    25.954935      30.8774   39.76446    0.85322    1
   5   -1    6   1.042844    22.246721   -21.534043      30.9618   39.76446    0.85789    1
   5    1   -6   1.042844    15.466894   -26.828858      30.9679   39.76446    0.85823    1
   5    1    6   1.042844   -21.421622    22.181563      30.8368   39.76446    0.85098    1
  -5   -4   -4   1.042736   -24.422590    18.762441      30.7976   39.76872    0.84862    1
  -5    4   -4   1.042736    21.506488   -22.188103      30.9005   39.76872    0.85430    1
  -5    4    4   1.042736    24.386135   -18.862206      30.8296   39.76872    0.85038    1
   5   -4   -4   1.042736    24.291960    18.983026      30.8294   39.76872    0.85037    1
   5   -4    4   1.042736    21.394772    22.293464      30.8988   39.76872    0.85420    1
   5    4    4   1.042736   -24.329098   -18.883604      30.7977   39.76872    0.84862    1
  -5   -4    4   1.042736   -27.395531    14.259125      30.8843   39.76872    0.85340    1
   5    4   -4   1.042736   -27.322928   -14.394293      30.8827   39.76872    0.85331    1
  -5   -5   -2   1.042672   -16.937473   -25.902660      30.9488   39.77127    0.85685    1
  -5   -5    2   1.042672    14.625279    27.250183      30.9269   39.77127    0.85563    1
  -5    5   -2   1.042672    21.696993    22.057587      30.9402   39.77127    0.85637    1
  -5    5    2   1.042672   -20.101548   -23.550203      30.9626   39.77127    0.85761    1
   5   -5   -2   1.042672   -20.218473    23.450034      30.9627   39.77127    0.85762    1
   5   -5    2   1.042672    21.805223   -21.948281      30.9386   39.77127    0.85628    1
   5    5   -2   1.042672    14.759808   -27.175776      30.9253   39.77127    0.85555    1
   5    5    2   1.042672   -17.066056    25.818136      30.9488   39.77127    0.85685    1
  -7   -1    0   1.041164     0.620425    -0.647482      0.89675   39.83131    0.00072    1
  -7    1    0   1.041164    -0.555571     0.020429     0.555947   39.83131    0.00028    1
   7   -1    0   1.041164    -0.554517    -0.021576     0.554937   39.83131    0.00027    1
   7    1    0   1.041164     0.617953     0.648916     0.896079   39.83131    0.00072    1
  -6   -3   -3   1.040863    -0.409547     0.095880     0.420621   39.84332    0.00016    1
  -6   -3    3   1.040863    -0.196835     0.505275      0.54226   39.84332    0.00026    1
   6    3   -3   1.040863    -0.194510    -0.506338     0.542413   39.84332    0.00026    1
   6    3    3   1.040863    -0.408580    -0.096658     0.419857   39.84332    0.00016    1
  -6    3   -3   1.040863    -0.254339     0.248177     0.355359   39.84332    0.00011    1
  -6    3    3   1.040863    -0.031927     0.635667     0.636469   39.84332    0.00036    1
   6   -3   -3   1.040863    -0.029412    -0.637001      0.63768   39.84332    0.00036    1
   6   -3    3   1.040863    -0.253176    -0.249164      0.35522   39.84332    0.00011    1
  -2   -2   -8   1.040829     6.099148   -11.217996      12.7688   39.84469    0.14526    1
  -2   -2    8   1.040829    10.170098    -7.996738      12.9375   39.84469    0.14912    1
  -2    2   -8   1.040829     6.296490   -11.327905      12.9602   39.84469    0.14964    1
  -2    2    8   1.040829     8.611805    -9.476601       12.805   39.84469    0.14608    1
   2   -2   -8   1.040829     8.562067     9.522124      12.8055   39.84469    0.14609    1
   2   -2    8   1.040829     6.236860    11.360991      12.9603   39.84469    0.14965    1
   2    2   -8   1.040829    10.127989     8.050269      12.9377   39.84469    0.14912    1
   2    2    8   1.040829     6.040315    11.250507      12.7695   39.84469    0.14527    1
  -2   -5   -6   1.040680   -10.648386    -7.129000      12.8145   39.85064    0.14625    1
   2    5    6   1.040680   -10.685716     7.073195      12.8146   39.85064    0.14625    1
  -2    5   -6   1.040680   -11.627496    -5.689795       12.945   39.85064    0.14924    1
  -2    5    6   1.040680    10.449949     7.493001      12.8587   39.85064    0.14726    1
   2   -5   -6   1.040680    10.489340    -7.438356      12.8591   39.85064    0.14727    1
   2   -5    6   1.040680   -11.656940     5.628677      12.9447   39.85064    0.14924    1
  -2   -5    6   1.040680     8.055381    10.096822      12.9165   39.85064    0.14859    1
   2    5   -6   1.040680     8.108010   -10.054191      12.9161   39.85064    0.14858    1
  -2   -7   -2   1.040510     8.505065     9.920716      13.0674   39.85743    0.15202    1
  -2   -7    2   1.040510    -7.830783   -10.393195      13.0131   39.85743    0.15076    1
  -2    7   -2   1.040510    11.086793     6.863734      13.0395   39.85743    0.15137    1
  -2    7    2   1.040510   -10.410252    -7.935403      13.0898   39.85743    0.15254    1
   2   -7   -2   1.040510   -10.451555     7.880496      13.0896   39.85743    0.15254    1
   2   -7    2   1.040510    11.122320    -6.805262      13.0391   39.85743    0.15136    1
   2    7   -2   1.040510    -7.884923    10.351543      13.0126   39.85743    0.15075    1
   2    7    2   1.040510     8.556868    -9.875753      13.0672   39.85743    0.15202    1
  -6   -2   -4   1.038604   -12.890793    -6.793591      14.5714   39.93365    0.18823    1
  -6   -2    4   1.038604   -12.102914    -8.229365      14.6357   39.93365    0.18989    1
  -6    2   -4   1.038604   -13.759608    -5.010969      14.6437   39.93365    0.19010    1
   6   -2    4   1.038604   -13.782537     4.947567      14.6437   39.93365    0.19010    1
   6    2   -4   1.038604   -12.140687     8.173596      14.6357   39.93365    0.18989    1
   6    2    4   1.038604   -12.921583     6.734076       14.571   39.93365    0.18822    1
  -6    2    4   1.038604   -12.373998    -7.660846      14.5535   39.93365    0.18777    1
   6   -2   -4   1.038604   -12.408803     7.603648      14.5531   39.93365    0.18776    1
  -6   -4    0   1.038520    12.835912     7.280491      14.7569   39.93704    0.19301    1
  -6    4    0   1.038520    13.789652     5.144477       14.718   39.93704    0.19200    1
   6   -4    0   1.038520    13.813488    -5.081158      14.7184   39.93704    0.19201    1
   6    4    0   1.038520    12.869509    -7.221591      14.7572   39.93704    0.19302    1
  -1   -7   -3   1.037285    -0.020446     0.100862     0.102913   39.98662    0.00001    1
  -1   -7    3   1.037285     0.084791     0.007267    0.0851015   39.98662    0.00001    1
  -1    7   -3   1.037285    -0.019606    -0.006787    0.0207474   39.98662    0.00000    1
  -1    7    3   1.037285    -0.119179     0.110671      0.16264   39.98662    0.00002    1
   1   -7   -3   1.037285    -0.117090    -0.112828     0.162604   39.98662    0.00002    1
   1   -7    3   1.037285    -0.020046     0.003801    0.0204035   39.98662    0.00000    1
   1    7   -3   1.037285     0.082097    -0.005374    0.0822728   39.98662    0.00001    1
   1    7    3   1.037285    -0.020129    -0.098741     0.100772   39.98662    0.00001    1
   0   -3   -8   1.036497     0.013063     0.179297     0.179773   40.01832    0.00003    1
   0   -3    8   1.036497     0.073043    -0.218331     0.230225   40.01832    0.00005    1
   0    3   -8   1.036497     0.071981     0.218589     0.230136   40.01832    0.00005    1
   0    3    8   1.036497     0.014003    -0.179222     0.179769   40.01832    0.00003    1
  -4   -6   -2   1.035208    -0.374448     0.330889     0.499699   40.07027    0.00022    1
  -4   -6    2   1.035208     0.253651    -0.280823     0.378418   40.07027    0.00013    1
  -4    6   -2   1.035208    -0.126760     0.346202     0.368678   40.07027    0.00012    1
  -4    6    2   1.035208    -0.062789    -0.285069     0.291902   40.07027    0.00007    1
   4   -6   -2   1.035208    -0.062806     0.285006     0.291844   40.07027    0.00007    1
   4   -6    2   1.035208    -0.126178    -0.347749     0.369933   40.07027    0.00012    1
   4    6   -2   1.035208     0.253698     0.281672      0.37908   40.07027    0.00013    1
   4    6    2   1.035208    -0.374178    -0.333431     0.501184   40.07027    0.00022    1
  -7   -1   -1   1.034322    -0.267748    -0.023255     0.268756   40.10609    0.00006    1
  -7   -1    1   1.034322    -0.492458    -0.209008     0.534975   40.10609    0.00025    1
  -7    1   -1   1.034322     0.256762    -0.272202     0.374193   40.10609    0.00012    1
  -7    1    1   1.034322     0.515446    -0.388255     0.645311   40.10609    0.00037    1
   7   -1   -1   1.034322     0.513993     0.389761      0.64506   40.10609    0.00037    1
   7   -1    1   1.034322     0.256089     0.272294     0.373799   40.10609    0.00012    1
   7    1   -1   1.034322    -0.492686     0.207586     0.534632   40.10609    0.00025    1
   7    1    1   1.034322    -0.267112     0.023095     0.268109   40.10609    0.00006    1
  -2   -4   -7   1.033909    -0.108733    -0.463653     0.476232   40.12277    0.00020    1
  -2   -4    7   1.033909    -0.619684     0.113061     0.629914   40.12277    0.00035    1
  -2    4   -7   1.033909     0.117458    -0.395995     0.413047   40.12277    0.00015    1
  -2    4    7   1.033909    -0.627695     0.293943     0.693112   40.12277    0.00042    1
   2   -4   -7   1.033909    -0.625968    -0.296325     0.692564   40.12277    0.00042    1
   2   -4    7   1.033909     0.115510     0.395826     0.412336   40.12277    0.00015    1
   2    4   -7   1.033909    -0.619956    -0.116445     0.630797   40.12277    0.00035    1
   2    4    7   1.033909    -0.110377     0.463419     0.476382   40.12277    0.00020    1
  -6   -4   -1   1.031729     0.211162     0.484045       0.5281   40.21122    0.00024    1
  -6   -4    1   1.031729    -0.420762    -0.165217     0.452036   40.21122    0.00018    1
  -6    4   -1   1.031729     0.287006     0.469940     0.550651   40.21122    0.00026    1
  -6    4    1   1.031729    -0.533233     0.216973     0.575687   40.21122    0.00029    1
   6   -4   -1   1.031729    -0.531276    -0.218145     0.574318   40.21122    0.00029    1
   6   -4    1   1.031729     0.287404    -0.469629     0.550593   40.21122    0.00026    1
   6    4   -1   1.031729    -0.421709     0.165184     0.452907   40.21122    0.00018    1
   6    4    1   1.031729     0.212789    -0.484595     0.529255   40.21122    0.00024    1
  -1   -3   -8   1.026352     0.291486    -0.317298     0.430862   40.43107    0.00016    1
  -1   -3    8   1.026352     0.355067    -0.033881      0.35668   40.43107    0.00011    1
  -1    3   -8   1.026352    -0.773835    -0.416429     0.878768   40.43107    0.00067    1
  -1    3    8   1.026352    -0.215565     0.659768     0.694091   40.43107    0.00042    1
   1   -3   -8   1.026352    -0.213638    -0.660077     0.693789   40.43107    0.00042    1
   1   -3    8   1.026352    -0.774978     0.414829     0.879019   40.43107    0.00067    1
   1    3   -8   1.026352     0.357079     0.034922     0.358783   40.43107    0.00011    1
   1    3    8   1.026352     0.289998     0.317427     0.429951   40.43107    0.00016    1
  -3    0   -8   1.025878    -0.149447     0.082246     0.170583   40.45054    0.00003    1
  -3    0    8   1.025878     0.136345     0.014513     0.137115   40.45054    0.00002    1
   3    0   -8   1.025878     0.135152    -0.013276     0.135803   40.45054    0.00002    1
   3    0    8   1.025878    -0.147680    -0.083061     0.169436   40.45054    0.00002    1
  -3   -6   -4   1.025634     0.207327    -0.020057     0.208295   40.46061    0.00004    1
   3    6    4   1.025634     0.204637     0.021985     0.205815   40.46061    0.00004    1
  -3   -6    4   1.025634     0.058326    -0.000124    0.0583262   40.46061    0.00000    1
  -3    6   -4   1.025634    -0.055746    -0.005562    0.0560231   40.46061    0.00000    1
  -3    6    4   1.025634    -0.191361     0.024136     0.192878   40.46061    0.00003    1
   3   -6   -4   1.025634    -0.188608    -0.025783     0.190362   40.46061    0.00003    1
   3   -6    4   1.025634    -0.054472     0.005115    0.0547115   40.46061    0.00000    1
   3    6   -4   1.025634     0.057206     0.001140    0.0572175   40.46061    0.00000    1
  -7    0   -2   1.023218    -0.518876    -0.032738     0.519907   40.56034    0.00023    1
  -7    0    2   1.023218     0.731518     0.066964     0.734576   40.56034    0.00046    1
   7    0   -2   1.023218     0.731729    -0.065195     0.734627   40.56034    0.00046    1
   7    0    2   1.023218    -0.519055     0.031811     0.520029   40.56034    0.00023    1
  -4   -2   -7   1.019927     0.217655    -0.312876     0.381136   40.69699    0.00012    1
  -4   -2    7   1.019927    -0.332272     0.173685     0.374929   40.69699    0.00012    1
  -4    2   -7   1.019927    -0.498188    -0.043102     0.500049   40.69699    0.00021    1
  -4    2    7   1.019927     0.090640     0.202517     0.221875   40.69699    0.00004    1
   4   -2   -7   1.019927     0.090454    -0.202572      0.22185   40.69699    0.00004    1
   4   -2    7   1.019927    -0.498008     0.042136     0.499788   40.69699    0.00021    1
   4    2   -7   1.019927    -0.332673    -0.174393     0.375612   40.69699    0.00012    1
   4    2    7   1.019927     0.216997     0.314166     0.381822   40.69699    0.00012    1
  -3   -1   -8   1.017169    -0.166040     0.326683     0.366457   40.81223    0.00011    1
  -3   -1    8   1.017169     0.237727     0.840013     0.873004   40.81223    0.00064    1
  -3    1   -8   1.017169    -0.153906    -0.335590     0.369199   40.81223    0.00012    1
  -3    1    8   1.017169     0.937407    -0.332418     0.994603   40.81223    0.00084    1
   3   -1   -8   1.017169     0.936414     0.334817     0.994471   40.81223    0.00084    1
   3   -1    8   1.017169    -0.154134     0.335491     0.369204   40.81223    0.00012    1
   3    1   -8   1.017169     0.240994    -0.837405     0.871393   40.81223    0.00064    1
   3    1    8   1.017169    -0.166036    -0.329425     0.368902   40.81223    0.00011    1
  -3   -7    0   1.016851    -0.144509     0.657582     0.673273   40.82556    0.00038    1
  -3    7    0   1.016851    -0.069559    -0.620313     0.624201   40.82556    0.00033    1
   3   -7    0   1.016851    -0.070164     0.620414     0.624369   40.82556    0.00033    1
   3    7    0   1.016851    -0.143336    -0.656929     0.672385   40.82556    0.00038    1
  -2   -6   -5   1.016190     0.293210     0.088277      0.30621   40.85331    0.00008    1
   2    6    5   1.016190     0.293131    -0.086880     0.305735   40.85331    0.00008    1
  -2    6   -5   1.016190     0.399040     0.198445     0.445661   40.85331    0.00017    1
  -2    6    5   1.016190     0.016118    -0.102088     0.103353   40.85331    0.00001    1
   2   -6   -5   1.016190     0.015731     0.101672     0.102882   40.85331    0.00001    1
   2   -6    5   1.016190     0.399673    -0.196457     0.445347   40.85331    0.00017    1
  -2   -6    5   1.016190    -0.066961    -0.044146    0.0802042   40.85331    0.00001    1
   2    6   -5   1.016190    -0.066787     0.043653    0.0797881   40.85331    0.00001    1
  -5   -2   -6   1.016110    -0.429480    -0.592937     0.732139   40.85669    0.00045    1
   5    2    6   1.016110    -0.431349     0.592621     0.732981   40.85669    0.00045    1
  -5    2   -6   1.016110    -0.250653    -0.091581     0.266859   40.85669    0.00006    1
  -5    2    6   1.016110     0.263992    -0.197965     0.329973   40.85669    0.00009    1
   5   -2   -6   1.016110     0.261025     0.198718     0.328059   40.85669    0.00009    1
   5   -2    6   1.016110    -0.249393     0.091303      0.26558   40.85669    0.00006    1
  -5   -2    6   1.016110    -0.415476    -0.037546     0.417169   40.85669    0.00015    1
   5    2   -6   1.016110    -0.417282     0.033910     0.418658   40.85669    0.00015    1
  -7   -1   -2   1.014576   -13.592535    -0.008485      13.5925   40.92123    0.15511    1
  -7   -1    2   1.014576    13.555621     1.258687      13.6139   40.92123    0.15560    1
  -7    1   -2   1.014576    13.620669    -0.343652       13.625   40.92123    0.15586    1
  -7    1    2   1.014576   -13.604125    -0.608060      13.6177   40.92123    0.15569    1
   7   -1   -2   1.014576   -13.606552     0.543588      13.6174   40.92123    0.15568    1
   7   -1    2   1.014576    13.619057     0.408192      13.6252   40.92123    0.15586    1
   7    1   -2   1.014576    13.561310    -1.194410      13.6138   40.92123    0.15560    1
   7    1    2   1.014576   -13.592086    -0.055947      13.5922   40.92123    0.15511    1
  -7   -2    0   1.014556     1.175129   -13.559881      13.6107   40.92206    0.15552    1
   7    2    0   1.014556     1.110844    13.565525      13.6109   40.92206    0.15553    1
  -7    2    0   1.014556     0.075375    13.633895      13.6341   40.92206    0.15606    1
   7   -2    0   1.014556     0.139993   -13.633888      13.6346   40.92206    0.15607    1
  -6    0   -5   1.014356     0.072292     0.203166     0.215644   40.93048    0.00004    1
  -6    0    5   1.014356     0.113876     0.107464     0.156577   40.93048    0.00002    1
   6    0   -5   1.014356     0.114949    -0.104398     0.155282   40.93048    0.00002    1
   6    0    5   1.014356     0.071466    -0.204532     0.216659   40.93048    0.00004    1
  -6   -4   -2   1.012128     0.015050     0.273642     0.274056   41.02463    0.00006    1
  -6   -4    2   1.012128     0.235725    -0.657765     0.698728   41.02463    0.00041    1
  -6    4   -2   1.012128     0.044577     0.136546     0.143638   41.02463    0.00002    1
  -6    4    2   1.012128    -0.149141    -0.035483     0.153304   41.02463    0.00002    1
   6   -4   -2   1.012128    -0.148242     0.033320     0.151941   41.02463    0.00002    1
   6   -4    2   1.012128     0.045324    -0.135404     0.142788   41.02463    0.00002    1
   6    4   -2   1.012128     0.231747     0.658366     0.697963   41.02463    0.00041    1
   6    4    2   1.012128     0.018298    -0.273666     0.274277   41.02463    0.00006    1
  -3   -7   -1   1.010474     0.232125    -0.075841       0.2442   41.09482    0.00005    1
  -3   -7    1   1.010474    -0.119554    -0.032975     0.124018   41.09482    0.00001    1
  -3    7   -1   1.010474    -0.415741     0.267777     0.494515   41.09482    0.00020    1
  -3    7    1   1.010474    -0.106615     0.118916     0.159712   41.09482    0.00002    1
   3   -7   -1   1.010474    -0.105406    -0.120077     0.159778   41.09482    0.00002    1
   3   -7    1   1.010474    -0.413517    -0.268097     0.492821   41.09482    0.00020    1
   3    7   -1   1.010474    -0.119497     0.034492     0.124375   41.09482    0.00001    1
   3    7    1   1.010474     0.230895     0.076953     0.243381   41.09482    0.00005    1
  -5   -5   -3   1.009610     0.021247     0.041902    0.0469807   41.13158    0.00000    1
  -5   -5    3   1.009610     0.100297    -0.060730     0.117251   41.13158    0.00001    1
  -5    5   -3   1.009610    -0.210262     0.034632     0.213095   41.13158    0.00004    1
  -5    5    3   1.009610    -0.356950     0.148352     0.386551   41.13158    0.00012    1
   5   -5   -3   1.009610    -0.357828    -0.150001     0.387996   41.13158    0.00012    1
   5   -5    3   1.009610    -0.211533    -0.036107     0.214592   41.13158    0.00004    1
   5    5   -3   1.009610     0.100476     0.062593     0.118377   41.13158    0.00001    1
   5    5    3   1.009610     0.021636    -0.039621    0.0451432   41.13158    0.00000    1
  -7   -2   -1   1.008221     0.412428     0.545528     0.683884   41.19080    0.00039    1
  -7   -2    1   1.008221    -0.265989    -0.262706     0.373851   41.19080    0.00012    1
  -7    2   -1   1.008221     0.115233    -0.525517     0.538003   41.19080    0.00024    1
  -7    2    1   1.008221     0.083338     0.290089     0.301822   41.19080    0.00008    1
   7   -2   -1   1.008221     0.083876    -0.288937     0.300865   41.19080    0.00007    1
   7   -2    1   1.008221     0.113514     0.525533     0.537653   41.19080    0.00024    1
   7    2   -1   1.008221    -0.266362     0.261755     0.373449   41.19080    0.00012    1
   7    2    1   1.008221     0.414182    -0.544247     0.683924   41.19080    0.00039    1
  -2   -7   -3   1.007646    -0.545888    -0.353542     0.650374   41.21538    0.00035    1
  -2   -7    3   1.007646    -0.651324     0.043618     0.652783   41.21538    0.00035    1
  -2    7   -3   1.007646    -0.416662    -0.632364     0.757292   41.21538    0.00047    1
  -2    7    3   1.007646    -0.583958     0.038952     0.585256   41.21538    0.00028    1
   2   -7   -3   1.007646    -0.583297    -0.041611     0.584779   41.21538    0.00028    1
   2   -7    3   1.007646    -0.418961     0.630605     0.757094   41.21538    0.00047    1
   2    7   -3   1.007646    -0.651037    -0.046215     0.652675   41.21538    0.00035    1
   2    7    3   1.007646    -0.547440     0.351605     0.650628   41.21538    0.00035    1
  -6   -1   -5   1.005935    -0.023124     0.321520      0.32235   41.28870    0.00009    1
   6    1    5   1.005935    -0.023509    -0.322770     0.323626   41.28870    0.00009    1
  -6   -1    5   1.005935    -0.208637     0.220545     0.303594   41.28870    0.00008    1
  -6    1   -5   1.005935     0.526719     0.450972     0.693404   41.28870    0.00040    1
  -6    1    5   1.005935    -0.364439     0.160186      0.39809   41.28870    0.00013    1
   6   -1   -5   1.005935    -0.363929    -0.159574     0.397376   41.28870    0.00013    1
   6   -1    5   1.005935     0.527834    -0.447540     0.692027   41.28870    0.00039    1
   6    1   -5   1.005935    -0.208970    -0.221053     0.304192   41.28870    0.00008    1
   0    0   -9   1.004058     0.243987     0.359304     0.434314   41.36942    0.00015    1
   0    0    9   1.004058     0.245881    -0.358081     0.434373   41.36942    0.00015    1
  -4   -6   -3   1.002829    -0.042197    -0.297108      0.30009   41.42244    0.00007    1
  -4   -6    3   1.002829     0.081123     0.069163     0.106605   41.42244    0.00001    1
  -4    6   -3   1.002829     0.155954    -0.362057     0.394217   41.42244    0.00013    1
  -4    6    3   1.002829    -0.275194     0.158096     0.317373   41.42244    0.00008    1
   4   -6   -3   1.002829    -0.276160    -0.159088     0.318705   41.42244    0.00008    1
   4   -6    3   1.002829     0.155670     0.363678     0.395594   41.42244    0.00013    1
   4    6   -3   1.002829     0.079815    -0.068624     0.105261   41.42244    0.00001    1
   4    6    3   1.002829    -0.042087     0.297613     0.300574   41.42244    0.00007    1
   0   -7   -4   1.001688    -0.068741     0.041332    0.0802104   41.47179    0.00001    1
   0   -7    4   1.001688     0.696865     0.085502     0.702091   41.47179    0.00040    1
   0    7   -4   1.001688     0.697295    -0.081933     0.702092   41.47179    0.00040    1
   0    7    4   1.001688    -0.068521    -0.041737    0.0802318   41.47179    0.00001    1
  -4   -4   -6   1.000903    -0.563779     0.421291     0.703799   41.50581    0.00040    1
   4    4    6   1.000903    -0.562176    -0.423003     0.703543   41.50581    0.00040    1
  -4    4   -6   1.000903    -0.093818     0.258393     0.274898   41.50581    0.00006    1
  -4    4    6   1.000903    -0.390122    -0.201512     0.439092   41.50581    0.00016    1
   4   -4   -6   1.000903    -0.390979     0.200433     0.439361   41.50581    0.00016    1
   4   -4    6   1.000903    -0.092455    -0.259726     0.275691   41.50581    0.00006    1
  -4   -4    6   1.000903     0.069136    -0.229392     0.239584   41.50581    0.00005    1
   4    4   -6   1.000903     0.068285     0.228813     0.238785   41.50581    0.00005    1
  -2   -3   -8   0.997615     0.477825    -0.371977     0.605544   41.64898    0.00030    1
  -2   -3    8   0.997615     0.011410     0.596630     0.596739   41.64898    0.00029    1
  -2    3   -8   0.997615     0.366994    -0.368145     0.519822   41.64898    0.00022    1
  -2    3    8   0.997615     0.024388     0.574909     0.575427   41.64898    0.00027    1
   2   -3   -8   0.997615     0.026747    -0.575561     0.576182   41.64898    0.00027    1
   2   -3    8   0.997615     0.364507     0.369188     0.518812   41.64898    0.00022    1
   2    3   -8   0.997615     0.013630    -0.597219     0.597374   41.64898    0.00029    1
   2    3    8   0.997615     0.475224     0.373556     0.604469   41.64898    0.00029    1
   0   -1   -9   0.995888     0.030244     0.158313     0.161176   41.72454    0.00002    1
   0   -1    9   0.995888     0.374277     0.010166     0.374415   41.72454    0.00011    1
   0    1   -9   0.995888     0.374411    -0.008150       0.3745   41.72454    0.00011    1
   0    1    9   0.995888     0.031020    -0.158362     0.161372   41.72454    0.00002    1
   0   -5   -7   0.995739     0.060714     0.179686     0.189666   41.73109    0.00003    1
   0   -5    7   0.995739    -0.166478    -0.128327     0.210197   41.73109    0.00004    1
   0    5   -7   0.995739    -0.167310     0.127317     0.210243   41.73109    0.00004    1
   0    5    7   0.995739     0.061773    -0.178986     0.189346   41.73109    0.00003    1
  -6   -3   -4   0.995655     0.471815     0.277979     0.547614   41.73476    0.00024    1
  -6   -3    4   0.995655     0.030317    -0.100290     0.104773   41.73476    0.00001    1
  -6    3   -4   0.995655     0.570129     0.259569     0.626437   41.73476    0.00032    1
  -6    3    4   0.995655     0.049428    -0.073181    0.0883095   41.73476    0.00001    1
   6   -3   -4   0.995655     0.047455     0.074226    0.0880999   41.73476    0.00001    1
   6   -3    4   0.995655     0.569528    -0.256827     0.624758   41.73476    0.00031    1
   6    3   -4   0.995655     0.028639     0.101843     0.105793   41.73476    0.00001    1
   6    3    4   0.995655     0.471592    -0.274884     0.545857   41.73476    0.00024    1
  -1    0   -9   0.994827     0.012058     0.027355    0.0298942   41.77113    0.00000    1
  -1    0    9   0.994827    -0.109396     0.071257     0.130557   41.77113    0.00001    1
   1    0   -9   0.994827    -0.108777    -0.072504     0.130726   41.77113    0.00001    1
   1    0    9   0.994827     0.011820    -0.026685     0.029186   41.77113    0.00000    1
  -4   -5   -5   0.994764    -0.353446    -0.223722     0.418301   41.77392    0.00014    1
  -4    5   -5   0.994764    -0.116907     0.483349     0.497287   41.77392    0.00020    1
  -4    5    5   0.994764    -0.203027    -0.007775     0.203176   41.77392    0.00003    1
   4   -5   -5   0.994764    -0.204274     0.006126     0.204365   41.77392    0.00003    1
   4   -5    5   0.994764    -0.114738    -0.484249     0.497657   41.77392    0.00020    1
   4    5    5   0.994764    -0.353047     0.221978     0.417033   41.77392    0.00014    1
  -4   -5    5   0.994764    -0.157850    -0.417415     0.446265   41.77392    0.00016    1
   4    5   -5   0.994764    -0.159226     0.416300     0.445712   41.77392    0.00016    1
  -1   -7   -4   0.992522    -0.066067    -0.221542     0.231183   41.87270    0.00004    1
  -1   -7    4   0.992522     0.027624     0.317208     0.318408   41.87270    0.00008    1
  -1    7   -4   0.992522     0.040812     0.110664      0.11795   41.87270    0.00001    1
  -1    7    4   0.992522    -0.012571    -0.081523     0.082487   41.87270    0.00001    1
   1   -7   -4   0.992522    -0.013427     0.080367    0.0814809   41.87270    0.00001    1
   1   -7    4   0.992522     0.041769    -0.111061     0.118656   41.87270    0.00001    1
   1    7   -4   0.992522     0.029007    -0.316382     0.317709   41.87270    0.00008    1
   1    7    4   0.992522    -0.068235     0.221558     0.231827   41.87270    0.00004    1
  -3   -2   -8   0.992315    29.419152     3.517563      29.6287   41.88183    0.69977    1
  -3   -2    8   0.992315    26.832731    12.230631      29.4887   41.88183    0.69318    1
  -3    2   -8   0.992315   -29.482902    -0.869707      29.4957   41.88183    0.69351    1
  -3    2    8   0.992315   -27.774003   -10.232283      29.5989   41.88183    0.69837    1
   3   -2   -8   0.992315   -27.826158    10.088010      29.5984   41.88183    0.69834    1
   3   -2    8   0.992315   -29.489168     0.716975      29.4979   41.88183    0.69361    1
   3    2   -8   0.992315    26.897728   -12.092338      29.4909   41.88183    0.69328    1
   3    2    8   0.992315    29.436220    -3.364993      29.6279   41.88183    0.69974    1
  -3   -5   -6   0.992186     6.772992   -28.847583       29.632   41.88754    0.69972    1
  -3   -5    6   0.992186   -13.437115    26.284456        29.52   41.88754    0.69444    1
  -3    5   -6   0.992186    -0.926286    29.525108      29.5396   41.88754    0.69536    1
  -3    5    6   0.992186     7.741758   -28.560771      29.5914   41.88754    0.69780    1
   3   -5   -6   0.992186     7.592811    28.597752      29.5885   41.88754    0.69767    1
   3   -5    6   0.992186    -0.773196   -29.527242      29.5374   41.88754    0.69525    1
   3    5   -6   0.992186   -13.299667   -26.351965      29.5179   41.88754    0.69434    1
   3    5    6   0.992186     6.622777    28.879715      29.6294   41.88754    0.69959    1
  -3   -7   -2   0.992039     9.700492   -27.783421      29.4282   41.89406    0.68988    1
  -3   -7    2   0.992039   -12.171823    26.834481       29.466   41.89406    0.69166    1
  -3    7   -2   0.992039    -1.761901    29.406901      29.4596   41.89406    0.69136    1
  -3    7    2   0.992039     3.732353   -29.173487      29.4113   41.89406    0.68909    1
   3   -7   -2   0.992039     3.581504    29.195172       29.414   41.89406    0.68922    1
   3   -7    2   0.992039    -1.609550   -29.416149      29.4602   41.89406    0.69138    1
   3    7   -2   0.992039   -12.032901   -26.897858      29.4667   41.89406    0.69169    1
   3    7    2   0.992039     9.557306    27.835938       29.431   41.89406    0.69001    1
  -7    0   -3   0.991917    -0.234299     0.028742     0.236055   41.89944    0.00004    1
  -7    0    3   0.991917     0.486897     0.024940     0.487535   41.89944    0.00019    1
   7    0   -3   0.991917     0.486929    -0.023868     0.487513   41.89944    0.00019    1
   7    0    3   0.991917    -0.234192    -0.028505      0.23592   41.89944    0.00004    1
  -7   -2   -2   0.989907    -0.167192    -0.436651     0.467565   41.98855    0.00017    1
   7    2    2   0.989907    -0.167948     0.434698     0.466014   41.98855    0.00017    1
  -7   -2    2   0.989907    -0.168129     0.459826     0.489599   41.98855    0.00019    1
  -7    2   -2   0.989907     0.659489     0.426486     0.785377   41.98855    0.00049    1
  -7    2    2   0.989907    -0.592904    -0.494639     0.772141   41.98855    0.00047    1
   7   -2   -2   0.989907    -0.593880     0.492969     0.771823   41.98855    0.00047    1
   7   -2    2   0.989907     0.660181    -0.423796     0.784501   41.98855    0.00049    1
   7    2   -2   0.989907    -0.167196    -0.459765     0.489222   41.98855    0.00019    1
  -1   -1   -9   0.986879    -0.230351    -0.244307     0.335779   42.12348    0.00009    1
  -1   -1    9   0.986879    -0.098557    -0.149848     0.179354   42.12348    0.00003    1
  -1    1   -9   0.986879     0.053895     0.030874     0.062112   42.12348    0.00000    1
  -1    1    9   0.986879     0.105049     0.107565     0.150351   42.12348    0.00002    1
   1   -1   -9   0.986879     0.105012    -0.108957     0.151325   42.12348    0.00002    1
   1   -1    9   0.986879     0.055635    -0.031665     0.064015   42.12348    0.00000    1
   1    1   -9   0.986879    -0.099015     0.151152     0.180696   42.12348    0.00003    1
   1    1    9   0.986879    -0.233413     0.244079     0.337722   42.12348    0.00009    1
  -1   -5   -7   0.986734     0.654687     0.011265     0.654784   42.12998    0.00034    1
  -1   -5    7   0.986734     0.514208    -0.593390     0.785189   42.12998    0.00048    1
  -1    5   -7   0.986734    -0.655741     0.185140     0.681376   42.12998    0.00037    1
  -1    5    7   0.986734    -0.363487     0.807984      0.88598   42.12998    0.00062    1
   1   -5   -7   0.986734    -0.362498    -0.808311     0.885873   42.12998    0.00062    1
   1   -5    7   0.986734    -0.655206    -0.185120     0.680856   42.12998    0.00036    1
   1    5   -7   0.986734     0.513586     0.593816     0.785104   42.12998    0.00048    1
   1    5    7   0.986734     0.654272    -0.011373     0.654371   42.12998    0.00034    1
  -3   -4   -7   0.986313    -0.281750    -0.686323     0.741905   42.14880    0.00043    1
  -3    4   -7   0.986313     0.462352    -0.322805     0.563891   42.14880    0.00025    1
  -3    4    7   0.986313    -0.439058    -0.302522      0.53319   42.14880    0.00022    1
   3   -4   -7   0.986313    -0.440847     0.302108      0.53443   42.14880    0.00022    1
   3   -4    7   0.986313     0.463168     0.323378     0.564887   42.14880    0.00025    1
   3    4    7   0.986313    -0.284505     0.686398     0.743025   42.14880    0.00043    1
  -3   -4    7   0.986313     0.060990     0.929875     0.931873   42.14880    0.00068    1
   3    4   -7   0.986313     0.062641    -0.930069     0.932176   42.14880    0.00068    1
   0   -6   -6   0.985748     0.114938     0.009698     0.115346   42.17413    0.00001    1
   0   -6    6   0.985748     0.182547    -0.009247     0.182781   42.17413    0.00003    1
   0    6   -6   0.985748     0.182806     0.010121     0.183086   42.17413    0.00003    1
   0    6    6   0.985748     0.114953    -0.009085     0.115312   42.17413    0.00001    1
  -5   -4   -5   0.985365    -0.001600     0.254090     0.254095   42.19129    0.00005    1
  -5   -4    5   0.985365    -0.008013     0.059736     0.060271   42.19129    0.00000    1
  -5    4   -5   0.985365     0.415403     0.360762      0.55019   42.19129    0.00024    1
  -5    4    5   0.985365    -0.103776    -0.298286     0.315823   42.19129    0.00008    1
   5   -4   -5   0.985365    -0.105051     0.298836     0.316763   42.19129    0.00008    1
   5   -4    5   0.985365     0.417725    -0.358925     0.550746   42.19129    0.00024    1
   5    4   -5   0.985365    -0.007647    -0.060470    0.0609513   42.19129    0.00000    1
   5    4    5   0.985365    -0.001455    -0.254217     0.254222   42.19129    0.00005    1
  -7   -1   -3   0.984038     0.422493     0.025153     0.423241   42.25092    0.00014    1
  -7   -1    3   0.984038     0.198620    -0.063418     0.208499   42.25092    0.00003    1
  -7    1   -3   0.984038    -0.423291     0.539793     0.685968   42.25092    0.00037    1
   7   -1    3   0.984038    -0.420608    -0.540208     0.684643   42.25092    0.00037    1
   7    1   -3   0.984038     0.198290     0.062962     0.208046   42.25092    0.00003    1
   7    1    3   0.984038     0.422172    -0.024790     0.422899   42.25092    0.00014    1
  -7    1    3   0.984038    -0.193767     0.259996     0.324258   42.25092    0.00008    1
   7   -1   -3   0.984038    -0.193157    -0.259460     0.323464   42.25092    0.00008    1
  -6   -2   -5   0.981876     0.073143     0.120927     0.141327   42.34842    0.00002    1
  -6   -2    5   0.981876    -0.413678    -0.014114     0.413918   42.34842    0.00013    1
  -6    2   -5   0.981876     0.055929     0.316773     0.321672   42.34842    0.00008    1
  -6    2    5   0.981876    -0.377883    -0.118758     0.396105   42.34842    0.00012    1
   6   -2   -5   0.981876    -0.378034     0.116019     0.395437   42.34842    0.00012    1
   6   -2    5   0.981876     0.056574    -0.315540     0.320571   42.34842    0.00008    1
   6    2   -5   0.981876    -0.414937     0.012262     0.415118   42.34842    0.00013    1
   6    2    5   0.981876     0.074774    -0.120389     0.141721   42.34842    0.00002    1
  -6   -4   -3   0.981805    -0.067819     0.230099     0.239885   42.35166    0.00004    1
   6    4    3   0.981805    -0.066517    -0.229595     0.239037   42.35166    0.00004    1
  -6   -4    3   0.981805     0.112339    -0.043598     0.120503   42.35166    0.00001    1
  -6    4   -3   0.981805     0.133353    -0.401993     0.423534   42.35166    0.00014    1
  -6    4    3   0.981805     0.029358     0.083408    0.0884242   42.35166    0.00001    1
   6   -4   -3   0.981805     0.028987    -0.083935    0.0887997   42.35166    0.00001    1
   6   -4    3   0.981805     0.130262     0.403825     0.424314   42.35166    0.00014    1
   6    4   -3   0.981805     0.110647     0.044050     0.119093   42.35166    0.00001    1
  -4   -3   -7   0.979165    -0.439558    -0.145136       0.4629   42.47138    0.00017    1
  -4   -3    7   0.979165    -0.570990     0.169537     0.595628   42.47138    0.00027    1
  -4    3   -7   0.979165    -0.477362    -0.215614     0.523797   42.47138    0.00021    1
  -4    3    7   0.979165    -0.573277     0.101565     0.582204   42.47138    0.00026    1
   4   -3   -7   0.979165    -0.572610    -0.103746     0.581933   42.47138    0.00026    1
   4   -3    7   0.979165    -0.478582     0.213617     0.524093   42.47138    0.00021    1
   4    3   -7   0.979165    -0.570143    -0.171712     0.595439   42.47138    0.00027    1
   4    3    7   0.979165    -0.440482     0.143353     0.463222   42.47138    0.00017    1
   0   -4   -8   0.978138   -18.688643     1.384655      18.7399   42.51813    0.27064    1
   0   -4    8   0.978138   -17.951033    -4.478097      18.5012   42.51813    0.26379    1
   0    4   -8   0.978138   -17.973755     4.385249       18.501   42.51813    0.26379    1
   0    4    8   0.978138   -18.681244    -1.481170      18.7399   42.51813    0.27064    1
   0   -8    0   0.977855   -17.998727    -3.058011      18.2567   42.53101    0.25669    1
   0    8    0   0.977855   -18.014195     2.964508      18.2565   42.53101    0.25669    1
  -1   -6   -6   0.977009    -0.019769    -0.069880    0.0726228   42.56964    0.00000    1
  -1   -6    6   0.977009    -0.423817     0.109158     0.437648   42.56964    0.00015    1
  -1    6   -6   0.977009    -0.241959     0.214205     0.323153   42.56964    0.00008    1
  -1    6    6   0.977009    -0.338357     0.069929     0.345507   42.56964    0.00009    1
   1   -6   -6   0.977009    -0.339396    -0.071537     0.346853   42.56964    0.00009    1
   1   -6    6   0.977009    -0.239828    -0.214742     0.321918   42.56964    0.00008    1
   1    6   -6   0.977009    -0.422071    -0.110863     0.436388   42.56964    0.00015    1
   1    6    6   0.977009    -0.020993     0.068794    0.0719257   42.56964    0.00000    1
  -5   -3   -6   0.975785    -0.157791    -0.999171      1.01155   42.62562    0.00078    1
   5    3    6   0.975785    -0.160129     1.000461       1.0132   42.62562    0.00079    1
  -5   -3    6   0.975785     0.324482     0.572411     0.657984   42.62562    0.00033    1
  -5    3   -6   0.975785     0.518534     0.394720     0.651676   42.62562    0.00033    1
  -5    3    6   0.975785    -0.062578    -0.967389     0.969411   42.62562    0.00072    1
   5   -3   -6   0.975785    -0.064546     0.968819     0.970967   42.62562    0.00072    1
   5   -3    6   0.975785     0.518148    -0.394621     0.651309   42.62562    0.00033    1
   5    3   -6   0.975785     0.324314    -0.572295       0.6578   42.62562    0.00033    1
  -5   -6    0   0.975628    -0.208744     0.698173     0.728711   42.63285    0.00041    1
  -5    6    0   0.975628     0.079553    -0.698774     0.703288   42.63285    0.00038    1
   5   -6    0   0.975628     0.078622     0.696886     0.701307   42.63285    0.00038    1
   5    6    0   0.975628    -0.207168    -0.696370     0.726533   42.63285    0.00040    1
  -7   -3    0   0.974409    -0.101776     0.564228     0.573334   42.68877    0.00025    1
  -7    3    0   0.974409     0.015572     0.510785     0.511023   42.68877    0.00020    1
   7   -3    0   0.974409     0.016543    -0.510139     0.510407   42.68877    0.00020    1
   7    3    0   0.974409    -0.100151    -0.565267     0.574071   42.68877    0.00025    1
   0   -2   -9   0.972527    -0.108071     0.090707     0.141093   42.77545    0.00002    1
   0   -2    9   0.972527    -0.133574     0.329452     0.355501   42.77545    0.00010    1
   0    2   -9   0.972527    -0.131802    -0.330325     0.355649   42.77545    0.00010    1
   0    2    9   0.972527    -0.107702    -0.091442     0.141284   42.77545    0.00002    1
   0   -8   -1   0.972180    -0.284570     0.211452     0.354531   42.79148    0.00010    1
   0   -8    1   0.972180    -0.097576    -0.226365       0.2465   42.79148    0.00005    1
   0    8   -1   0.972180    -0.098231     0.225879     0.246314   42.79148    0.00005    1
   0    8    1   0.972180    -0.283728    -0.212795     0.354659   42.79148    0.00010    1
  -3   -6   -5   0.970895    -0.375733     0.418683     0.562557   42.85090    0.00024    1
  -3   -6    5   0.970895     0.195720    -0.429662      0.47214   42.85090    0.00017    1
  -3    6   -5   0.970895     0.195569     0.471477     0.510429   42.85090    0.00020    1
  -3    6    5   0.970895     0.043015    -0.090519     0.100219   42.85090    0.00001    1
   3   -6   -5   0.970895     0.043228     0.092357     0.101973   42.85090    0.00001    1
   3   -6    5   0.970895     0.195065    -0.472109     0.510821   42.85090    0.00020    1
   3    6   -5   0.970895     0.195025     0.428070     0.470403   42.85090    0.00017    1
   3    6    5   0.970895    -0.373186    -0.418934     0.561047   42.85090    0.00024    1
  -5    0   -7   0.970198    -0.000278     0.079790    0.0797902   42.88322    0.00000    1
  -5    0    7   0.970198    -0.166008    -0.325611     0.365487   42.88322    0.00010    1
   5    0   -7   0.970198    -0.165758     0.325900     0.365631   42.88322    0.00010    1
   5    0    7   0.970198    -0.001282    -0.081154    0.0811645   42.88322    0.00000    1
  -5   -6   -1   0.969991    -0.072068     0.176768     0.190895   42.89282    0.00003    1
  -5   -6    1   0.969991    -0.215466    -0.130742      0.25203   42.89282    0.00005    1
  -5    6   -1   0.969991     0.163398     0.015965     0.164176   42.89282    0.00002    1
  -5    6    1   0.969991     0.263990     0.139756     0.298701   42.89282    0.00007    1
   5   -6   -1   0.969991     0.264635    -0.139890     0.299334   42.89282    0.00007    1
   5   -6    1   0.969991     0.163571    -0.013461     0.164123   42.89282    0.00002    1
   5    6   -1   0.969991    -0.217780     0.129852     0.253554   42.89282    0.00005    1
   5    6    1   0.969991    -0.069646    -0.177520     0.190694   42.89282    0.00003    1
  -1   -4   -8   0.969598     5.113012    11.277940      12.3828   42.91106    0.11576    1
  -1   -4    8   0.969598     2.496655    12.106159      12.3609   42.91106    0.11535    1
  -1    4   -8   0.969598    -7.858251    -9.510770      12.3372   42.91106    0.11490    1
  -1    4    8   0.969598    -3.318261   -11.839868      12.2961   42.91106    0.11414    1
   1   -4   -8   0.969598    -3.378268    11.820846      12.2941   42.91106    0.11410    1
   1   -4    8   0.969598    -7.907037     9.470415      12.3373   42.91106    0.11491    1
   1    4   -8   0.969598     2.558685   -12.093059      12.3608   42.91106    0.11534    1
   1    4    8   0.969598     5.169820   -11.249880      12.3809   42.91106    0.11572    1
  -1   -8    0   0.969322    -4.399254   -11.676001      12.4773   42.92386    0.11745    1
  -1    8    0   0.969322     7.926556     9.541307      12.4043   42.92386    0.11608    1
   1   -8    0   0.969322     7.976547    -9.502288      12.4064   42.92386    0.11612    1
   1    8    0   0.969322    -4.459506    11.655093      12.4791   42.92386    0.11748    1
  -7   -3   -1   0.968793    -0.051945     0.264237     0.269295   42.94846    0.00005    1
  -7   -3    1   0.968793    -0.183350     0.480789     0.514563   42.94846    0.00020    1
  -7    3   -1   0.968793     0.074712     0.075842     0.106461   42.94846    0.00001    1
  -7    3    1   0.968793     0.129413     0.512447     0.528535   42.94846    0.00021    1
   7   -3   -1   0.968793     0.131710    -0.510918     0.527621   42.94846    0.00021    1
   7   -3    1   0.968793     0.073490    -0.074577     0.104702   42.94846    0.00001    1
   7    3   -1   0.968793    -0.182953    -0.482332     0.515864   42.94846    0.00020    1
   7    3    1   0.968793    -0.051048    -0.265413     0.270277   42.94846    0.00006    1
  -2    0   -9   0.968592    -0.437094    -0.058645     0.441011   42.95784    0.00015    1
  -2    0    9   0.968592     0.009912     0.166116     0.166411   42.95784    0.00002    1
   2    0   -9   0.968592     0.009922    -0.165207     0.165505   42.95784    0.00002    1
   2    0    9   0.968592    -0.436967     0.055487     0.440476   42.95784    0.00015    1
  -5   -5   -4   0.968196    -0.187908     0.408947     0.450052   42.97627    0.00015    1
  -5   -5    4   0.968196     0.430247    -0.163542      0.46028   42.97627    0.00016    1
  -5    5   -4   0.968196    -0.209958    -0.117067      0.24039   42.97627    0.00004    1
  -5    5    4   0.968196    -0.129159    -0.003656      0.12921   42.97627    0.00001    1
   5   -5   -4   0.968196    -0.128600     0.005879     0.128735   42.97627    0.00001    1
   5   -5    4   0.968196    -0.209571     0.118145     0.240579   42.97627    0.00004    1
   5    5   -4   0.968196     0.427132     0.165097     0.457928   42.97627    0.00016    1
   5    5    4   0.968196    -0.188535    -0.410023     0.451292   42.97627    0.00015    1
  -2   -7   -4   0.966464    -0.131962    -0.017191     0.133077   43.05714    0.00001    1
  -2   -7    4   0.966464    -0.568296     0.450415     0.725144   43.05714    0.00039    1
  -2    7   -4   0.966464    -0.149192     0.098863     0.178975   43.05714    0.00002    1
  -2    7    4   0.966464     0.054142    -0.154585     0.163792   43.05714    0.00002    1
   2   -7   -4   0.966464     0.053511     0.154135     0.163159   43.05714    0.00002    1
   2   -7    4   0.966464    -0.148505    -0.100315     0.179212   43.05714    0.00002    1
   2    7   -4   0.966464    -0.566593    -0.453410     0.725677   43.05714    0.00039    1
   2    7    4   0.966464    -0.133214     0.016833     0.134273   43.05714    0.00001    1
  -6   -5    0   0.964818    -0.113445     0.055710     0.126385   43.13427    0.00001    1
  -6    5    0   0.964818    -0.009985     0.095448    0.0959689   43.13427    0.00001    1
   6   -5    0   0.964818    -0.009562    -0.093810    0.0942962   43.13427    0.00001    1
   6    5    0   0.964818    -0.114511    -0.057176     0.127992   43.13427    0.00001    1
  -1   -2   -9   0.964132     0.216993    -0.102895     0.240152   43.16650    0.00004    1
  -1   -2    9   0.964132    -0.270003    -0.079298     0.281407   43.16650    0.00006    1
  -1    2   -9   0.964132     0.001724    -0.070032    0.0700533   43.16650    0.00000    1
  -1    2    9   0.964132     0.137298     0.104282     0.172411   43.16650    0.00002    1
   1   -2   -9   0.964132     0.138387    -0.101817     0.171807   43.16650    0.00002    1
   1   -2    9   0.964132     0.000711     0.069217    0.0692203   43.16650    0.00000    1
   1    2   -9   0.964132    -0.271637     0.077940     0.282598   43.16650    0.00006    1
   1    2    9   0.964132     0.218149     0.103096     0.241284   43.16650    0.00004    1
  -1   -8   -1   0.963793     0.359988    -1.087594      1.14562   43.18241    0.00098    1
  -1   -8    1   0.963793     0.697048     0.784743      1.04962   43.18241    0.00082    1
  -1    8   -1   0.963793     0.061181     1.017979      1.01982   43.18241    0.00077    1
  -1    8    1   0.963793    -0.974171    -0.412421      1.05787   43.18241    0.00083    1
   1   -8   -1   0.963793    -0.974361     0.410223       1.0572   43.18241    0.00083    1
   1   -8    1   0.963793     0.062707    -1.017884      1.01981   43.18241    0.00077    1
   1    8   -1   0.963793     0.698589    -0.783929      1.05003   43.18241    0.00082    1
   1    8    1   0.963793     0.357910     1.088816      1.14613   43.18241    0.00098    1
  -3   -7   -3   0.963435    -0.192711    -0.147565      0.24272   43.19928    0.00004    1
  -3   -7    3   0.963435    -0.372973     0.092756     0.384334   43.19928    0.00011    1
  -3    7   -3   0.963435    -0.422159    -0.087719     0.431176   43.19928    0.00014    1
  -3    7    3   0.963435     0.000103    -0.401194     0.401194   43.19928    0.00012    1
   3   -7   -3   0.963435    -0.002854     0.401249     0.401259   43.19928    0.00012    1
   3   -7    3   0.963435    -0.423558     0.088046     0.432613   43.19928    0.00014    1
   3    7   -3   0.963435    -0.370776    -0.092988     0.382258   43.19928    0.00011    1
   3    7    3   0.963435    -0.192477     0.146344     0.241793   43.19928    0.00004    1
  -5   -1   -7   0.962821    -0.131987    -0.736807     0.748536   43.22822    0.00042    1
  -5   -1    7   0.962821    -0.205400    -0.318959     0.379373   43.22822    0.00011    1
  -5    1   -7   0.962821    -0.135987     0.940285     0.950068   43.22822    0.00067    1
  -5    1    7   0.962821     0.290745     0.266442     0.394365   43.22822    0.00012    1
   5   -1   -7   0.962821     0.290428    -0.268084     0.395243   43.22822    0.00012    1
   5   -1    7   0.962821    -0.133847    -0.942954     0.952406   43.22822    0.00067    1
   5    1   -7   0.962821    -0.204754     0.320101     0.379986   43.22822    0.00011    1
   5    1    7   0.962821    -0.132259     0.737171     0.748942   43.22822    0.00042    1
  -4    0   -8   0.962413    -0.044283    -0.537483     0.539304   43.24747    0.00022    1
  -4    0    8   0.962413     0.099319    -0.556280     0.565077   43.24747    0.00024    1
   4    0   -8   0.962413     0.098491     0.556228     0.564881   43.24747    0.00024    1
   4    0    8   0.962413    -0.044911     0.537295     0.539169   43.24747    0.00022    1
  -4   -6   -4   0.962211     0.111808     0.533922     0.545503   43.25701    0.00022    1
   4    6    4   0.962211     0.112308    -0.533721     0.545409   43.25701    0.00022    1
  -4   -6    4   0.962211     0.162209     0.563249     0.586141   43.25701    0.00025    1
  -4    6   -4   0.962211     0.352733     0.495854     0.608516   43.25701    0.00027    1
  -4    6    4   0.962211     0.150243     0.600136     0.618656   43.25701    0.00028    1
   4   -6   -4   0.962211     0.151161    -0.599869     0.618621   43.25701    0.00028    1
   4   -6    4   0.962211     0.353543    -0.495544     0.608733   43.25701    0.00027    1
   4    6   -4   0.962211     0.162819    -0.563136     0.586202   43.25701    0.00025    1
  -7   -2   -3   0.961482     0.236669     0.164163     0.288031   43.29145    0.00006    1
  -7   -2    3   0.961482    -0.264897    -0.513054     0.577403   43.29145    0.00025    1
  -7    2   -3   0.961482    -0.082329    -0.203533     0.219554   43.29145    0.00004    1
  -7    2    3   0.961482    -0.190929     0.484146     0.520434   43.29145    0.00020    1
   7   -2   -3   0.961482    -0.188214    -0.484780     0.520035   43.29145    0.00020    1
   7   -2    3   0.961482    -0.083400     0.201902     0.218449   43.29145    0.00004    1
   7    2   -3   0.961482    -0.267524     0.513206     0.578748   43.29145    0.00025    1
   7    2    3   0.961482     0.237597    -0.163116     0.288199   43.29145    0.00006    1
  -2   -1   -9   0.961252     0.274703    -0.077279     0.285366   43.30236    0.00006    1
  -2   -1    9   0.961252     0.001742     0.549411     0.549414   43.30236    0.00022    1
  -2    1   -9   0.961252     0.209684     0.176414     0.274024   43.30236    0.00006    1
  -2    1    9   0.961252     0.181722     0.512774     0.544022   43.30236    0.00022    1
   2   -1   -9   0.961252     0.183334    -0.511581     0.543439   43.30236    0.00022    1
   2   -1    9   0.961252     0.210171    -0.175449     0.273778   43.30236    0.00006    1
   2    1   -9   0.961252     0.004482    -0.550202     0.550221   43.30236    0.00022    1
   2    1    9   0.961252     0.274765     0.078044     0.285633   43.30236    0.00006    1
  -2   -5   -7   0.961117    -0.378505    -0.157348     0.409908   43.30871    0.00012    1
  -2    5   -7   0.961117     0.075734    -0.784528     0.788175   43.30871    0.00046    1
  -2    5    7   0.961117    -0.108995    -0.112965     0.156975   43.30871    0.00002    1
   2   -5   -7   0.961117    -0.109238     0.111330     0.155972   43.30871    0.00002    1
   2   -5    7   0.961117     0.071547     0.784202     0.787459   43.30871    0.00046    1
   2    5    7   0.961117    -0.380054     0.155026     0.410456   43.30871    0.00012    1
  -2   -5    7   0.961117    -0.359216     0.074344     0.366828   43.30871    0.00010    1
   2    5   -7   0.961117    -0.359487    -0.076352     0.367506   43.30871    0.00010    1
  -6   -5   -1   0.959365    -0.259371     0.377402     0.457936   43.39182    0.00015    1
  -6   -5    1   0.959365    -0.259374     0.025406     0.260615   43.39182    0.00005    1
  -6    5   -1   0.959365    -0.065790     0.482124     0.486593   43.39182    0.00017    1
  -6    5    1   0.959365    -0.567179     0.042202     0.568747   43.39182    0.00024    1
   6   -5   -1   0.959365    -0.566050    -0.044140     0.567768   43.39182    0.00024    1
   6   -5    1   0.959365    -0.062532    -0.481468     0.485512   43.39182    0.00017    1
   6    5   -1   0.959365    -0.259572    -0.028078     0.261086   43.39182    0.00005    1
   6    5    1   0.959365    -0.257746    -0.379931     0.459108   43.39182    0.00016    1
   0   -8   -2   0.955729    -0.012991     0.107230     0.108014   43.56535    0.00001    1
   0   -8    2   0.955729     0.138296    -0.466322     0.486397   43.56535    0.00017    1
   0    8   -2   0.955729     0.135622     0.467086     0.486377   43.56535    0.00017    1
   0    8    2   0.955729    -0.012186    -0.107346     0.108035   43.56535    0.00001    1
  -4   -1   -8   0.955211    -0.475768    -0.461192     0.662611   43.59015    0.00032    1
  -4   -1    8   0.955211    -0.228075     0.016119     0.228643   43.59015    0.00004    1
  -4    1   -8   0.955211    -0.286867    -0.123460     0.312306   43.59015    0.00007    1
  -4    1    8   0.955211    -0.249573     0.409219     0.479319   43.59015    0.00017    1
   4   -1   -8   0.955211    -0.248370    -0.409518      0.47895   43.59015    0.00017    1
   4   -1    8   0.955211    -0.289000     0.122572     0.313918   43.59015    0.00007    1
   4    1   -8   0.955211    -0.227027    -0.016263     0.227609   43.59015    0.00004    1
   4    1    8   0.955211    -0.477822     0.459911     0.663198   43.59015    0.00032    1
  -4   -7    0   0.954948    -0.401216    -0.295215     0.498123   43.60278    0.00018    1
  -4    7    0   0.954948    -0.311303     0.193241     0.366404   43.60278    0.00010    1
   4   -7    0   0.954948    -0.311037    -0.194784     0.366995   43.60278    0.00010    1
   4    7    0   0.954948    -0.401923     0.293522     0.497692   43.60278    0.00018    1
  -3   -3   -8   0.954656    -0.041752     0.216819     0.220802   43.61681    0.00004    1
  -3   -3    8   0.954656    -1.097877    -0.292735      1.13623   43.61681    0.00094    1
  -3    3   -8   0.954656     0.682589    -0.213175     0.715103   43.61681    0.00037    1
  -3    3    8   0.954656    -1.156924    -0.674279      1.33908   43.61681    0.00130    1
   3   -3   -8   0.954656    -1.158965     0.669762      1.33857   43.61681    0.00130    1
   3   -3    8   0.954656     0.682399     0.216717     0.715985   43.61681    0.00037    1
   3    3   -8   0.954656    -1.100455     0.286960      1.13725   43.61681    0.00094    1
   3    3    8   0.954656    -0.041231    -0.214801     0.218723   43.61681    0.00003    1
  -5   -6   -2   0.953649    -0.250514     0.251336     0.354862   43.66525    0.00009    1
  -5   -6    2   0.953649    -0.059223    -0.822059      0.82419   43.66525    0.00049    1
  -5    6   -2   0.953649     0.090737    -0.360401     0.371648   43.66525    0.00010    1
  -5    6    2   0.953649    -0.142910     0.312715     0.343822   43.66525    0.00009    1
   5   -6   -2   0.953649    -0.143903    -0.314449     0.345812   43.66525    0.00009    1
   5   -6    2   0.953649     0.090170     0.360690     0.371791   43.66525    0.00010    1
   5    6   -2   0.953649    -0.063841     0.820340      0.82282   43.66525    0.00049    1
   5    6    2   0.953649    -0.247775    -0.250489     0.352331   43.66525    0.00009    1
  -7    0   -4   0.952560     0.315034    -0.050368     0.319035   43.71773    0.00007    1
   7    0    4   0.952560     0.314741     0.052859     0.319149   43.71773    0.00007    1
  -7    0    4   0.952560    -0.220558    -0.002207     0.220569   43.71773    0.00004    1
   7    0   -4   0.952560    -0.220621     0.000506     0.220621   43.71773    0.00004    1
  -7   -3   -2   0.952511    -0.022939    -0.540967     0.541454   43.72010    0.00021    1
  -7   -3    2   0.952511    -0.008518     0.243408     0.243557   43.72010    0.00004    1
  -7    3   -2   0.952511     0.030294     0.085278    0.0904988   43.72010    0.00001    1
  -7    3    2   0.952511    -0.043521    -0.334992     0.337807   43.72010    0.00008    1
   7   -3   -2   0.952511    -0.046782     0.334832     0.338085   43.72010    0.00008    1
   7   -3    2   0.952511     0.031450    -0.085150    0.0907726   43.72010    0.00001    1
   7    3   -2   0.952511    -0.006548    -0.243606     0.243694   43.72010    0.00004    1
   7    3    2   0.952511    -0.027026     0.540966      0.54164   43.72010    0.00021    1
  -2   -6   -6   0.952123    -0.242058    -0.461137     0.520807   43.73879    0.00020    1
  -2    6   -6   0.952123    -0.341742    -0.347733      0.48755   43.73879    0.00017    1
  -2    6    6   0.952123    -0.448290     0.084099      0.45611   43.73879    0.00015    1
   2   -6   -6   0.952123    -0.448590    -0.086032     0.456766   43.73879    0.00015    1
   2   -6    6   0.952123    -0.342555     0.346009     0.486895   43.73879    0.00017    1
   2    6    6   0.952123    -0.243812     0.459220      0.51993   43.73879    0.00020    1
  -2   -6    6   0.952123    -0.443675     0.094032      0.45353   43.73879    0.00015    1
   2    6   -6   0.952123    -0.443750    -0.095731     0.453959   43.73879    0.00015    1
  -6    0   -6   0.950614     0.002655     0.563585     0.563591   43.81182    0.00023    1
  -6    0    6   0.950614    -0.380393    -0.144761     0.407007   43.81182    0.00012    1
   6    0   -6   0.950614    -0.381390     0.142466      0.40713   43.81182    0.00012    1
   6    0    6   0.950614     0.006063    -0.563401     0.563434   43.81182    0.00023    1
   0   -7   -5   0.950509     0.163120    -0.224891     0.277821   43.81694    0.00006    1
   0   -7    5   0.950509    -0.137193     0.074521     0.156125   43.81694    0.00002    1
   0    7   -5   0.950509    -0.136678    -0.075183     0.155992   43.81694    0.00002    1
   0    7    5   0.950509     0.161868     0.225715     0.277756   43.81694    0.00006    1
  -4   -7   -1   0.949660    -0.404859     0.214521     0.458181   43.85812    0.00015    1
  -4   -7    1   0.949660    -0.508337    -0.378256     0.633628   43.85812    0.00029    1
  -4    7   -1   0.949660    -0.144711     0.801124     0.814089   43.85812    0.00048    1
  -4    7    1   0.949660    -0.558802    -0.068978     0.563043   43.85812    0.00023    1
   4   -7   -1   0.949660    -0.559586     0.065137     0.563364   43.85812    0.00023    1
   4   -7    1   0.949660    -0.140563    -0.802644      0.81486   43.85812    0.00048    1
   4    7   -1   0.949660    -0.510238     0.374863      0.63314   43.85812    0.00029    1
   4    7    1   0.949660    -0.403031    -0.217205     0.457834   43.85812    0.00015    1
  -1   -8   -2   0.947757    -0.071202    -0.303423     0.311665   43.95075    0.00007    1
  -1   -8    2   0.947757    -0.171101     0.368707     0.406473   43.95075    0.00012    1
  -1    8   -2   0.947757     0.124191     0.233014     0.264043   43.95075    0.00005    1
  -1    8    2   0.947757    -0.085933    -0.331484     0.342442   43.95075    0.00008    1
   1   -8   -2   0.947757    -0.086478     0.330128     0.341267   43.95075    0.00008    1
   1   -8    2   0.947757     0.125518    -0.233253      0.26488   43.95075    0.00005    1
   1    8   -2   0.947757    -0.169736    -0.369141     0.406295   43.95075    0.00012    1
   1    8    2   0.947757    -0.072810     0.304677     0.313257   43.95075    0.00007    1
  -7   -1   -4   0.945575    -0.386605     0.654085     0.759796   44.05748    0.00041    1
  -7   -1    4   0.945575    -0.506725     0.456284     0.681884   44.05748    0.00033    1
  -7    1   -4   0.945575     0.329424    -0.378388     0.501695   44.05748    0.00018    1
  -7    1    4   0.945575     0.418530     0.111267     0.433068   44.05748    0.00013    1
   7   -1   -4   0.945575     0.419375    -0.110021     0.433566   44.05748    0.00013    1
   7   -1    4   0.945575     0.326504     0.379096     0.500319   44.05748    0.00018    1
   7    1   -4   0.945575    -0.505325    -0.457882     0.681916   44.05748    0.00033    1
   7    1    4   0.945575    -0.383087    -0.655160      0.75894   44.05748    0.00041    1
  -6   -3   -5   0.945350    -0.299539    -0.202857     0.361766   44.06854    0.00009    1
  -6   -3    5   0.945350    -0.071990    -0.226469     0.237636   44.06854    0.00004    1
  -6    3   -5   0.945350    -0.357336    -0.132651     0.381163   44.06854    0.00010    1
  -6    3    5   0.945350    -0.106126    -0.157060     0.189553   44.06854    0.00003    1
   6   -3   -5   0.945350    -0.106215     0.155943     0.188679   44.06854    0.00003    1
   6   -3    5   0.945350    -0.357173     0.130226     0.380173   44.06854    0.00010    1
   6    3   -5   0.945350    -0.072204     0.225871      0.23713   44.06854    0.00004    1
   6    3    5   0.945350    -0.299684     0.200944     0.360817   44.06854    0.00009    1
  -2   -4   -8   0.945260     7.827397    -9.678530      12.4476   44.07293    0.11015    1
  -2   -4    8   0.945260     9.747229    -7.443358      12.2643   44.07293    0.10693    1
  -2    4   -8   0.945260     5.174662   -11.113008      12.2587   44.07293    0.10683    1
  -2    4    8   0.945260     9.194540    -8.396361      12.4514   44.07293    0.11022    1
   2   -4   -8   0.945260     9.148189     8.447143      12.4516   44.07293    0.11022    1
   2   -4    8   0.945260     5.113254    11.141463      12.2588   44.07293    0.10683    1
   2    4   -8   0.945260     9.705972     7.497075      12.2643   44.07293    0.10693    1
   2    4    8   0.945260     7.773945     9.721770      12.4478   44.07293    0.11015    1
  -2   -8    0   0.945005     8.535875    -8.617438      12.1294   44.08546    0.10452    1
  -2    8    0   0.945005     5.347000   -10.928301      12.1663   44.08546    0.10516    1
   2   -8    0   0.945005     5.286290    10.957588      12.1661   44.08546    0.10516    1
   2    8    0   0.945005     8.487818     8.664455      12.1291   44.08546    0.10452    1
  -6   -1   -6   0.943672     3.848644   -11.536310      12.1614   44.15099    0.10472    1
   6    1    6   0.943672     3.784525    11.558486      12.1623   44.15099    0.10474    1
  -6   -1    6   0.943672    -6.964145     9.801944       12.024   44.15099    0.10237    1
  -6    1   -6   0.943672     4.100811   -11.301582      12.0226   44.15099    0.10235    1
  -6    1    6   0.943672    -6.141412    10.476691      12.1441   44.15099    0.10443    1
   6   -1   -6   0.943672    -6.083220   -10.511339      12.1447   44.15099    0.10444    1
   6   -1    6   0.943672     4.038002    11.325206      12.0236   44.15099    0.10237    1
   6    1   -6   0.943672    -6.910006    -9.841543      12.0251   44.15099    0.10239    1
  -6   -4   -4   0.943593   -11.081052    -5.060700       12.182   44.15490    0.10506    1
  -6   -4    4   0.943593    -9.710659    -7.193785       12.085   44.15490    0.10339    1
  -6    4   -4   0.943593   -11.453768    -3.797874       12.067   44.15490    0.10309    1
  -6    4    4   0.943593   -11.069046    -5.015355      12.1523   44.15490    0.10455    1
   6   -4   -4   0.943593   -11.096698     4.953348      12.1521   44.15490    0.10454    1
   6   -4    4   0.943593   -11.473758     3.733488      12.0659   44.15490    0.10307    1
   6    4   -4   0.943593    -9.749749     7.138745      12.0838   44.15490    0.10337    1
   6    4    4   0.943593   -11.108753     4.998526      12.1815   44.15490    0.10505    1
  -6   -5   -2   0.943546    -6.681222     9.929899      11.9684   44.15724    0.10140    1
  -6   -5    2   0.943546     7.444340    -9.418033      12.0049   44.15724    0.10202    1
  -6    5   -2   0.943546    -4.398586    11.170140       12.005   44.15724    0.10202    1
  -6    5    2   0.943546     5.309717   -10.709727      11.9537   44.15724    0.10115    1
   6   -5   -2   0.943546     5.249909    10.739502       11.954   44.15724    0.10115    1
   6   -5    2   0.943546    -4.335908   -11.193864      12.0043   44.15724    0.10200    1
   6    5   -2   0.943546     7.391148     9.458819      12.0041   44.15724    0.10200    1
   6    5    2   0.943546    -6.625840    -9.967406      11.9687   44.15724    0.10140    1
  -1   -7   -5   0.942666     0.213185     0.044811     0.217844   44.20059    0.00003    1
  -1   -7    5   0.942666     0.116290     0.170944      0.20675   44.20059    0.00003    1
  -1    7   -5   0.942666    -0.153425     0.115701     0.192161   44.20059    0.00003    1
  -1    7    5   0.942666    -0.256777    -0.120790     0.283769   44.20059    0.00006    1
   1   -7   -5   0.942666    -0.257793     0.119341     0.284076   44.20059    0.00006    1
   1   -7    5   0.942666    -0.153043    -0.116479     0.192327   44.20059    0.00003    1
   1    7   -5   0.942666     0.117076    -0.170476     0.206807   44.20059    0.00003    1
   1    7    5   0.942666     0.212985    -0.044013     0.217485   44.20059    0.00003    1
  -5   -2   -7   0.941662    -0.187546    -0.263622     0.323527   44.25023    0.00007    1
  -5    2   -7   0.941662     0.039967    -0.042147    0.0580839   44.25023    0.00000    1
  -5    2    7   0.941662    -0.227728     0.273927     0.356225   44.25023    0.00009    1
   5   -2   -7   0.941662    -0.227374    -0.277375     0.358658   44.25023    0.00009    1
   5   -2    7   0.941662     0.039641     0.044123    0.0593151   44.25023    0.00000    1
   5    2    7   0.941662    -0.186575     0.263071     0.322516   44.25023    0.00007    1
  -5   -2    7   0.941662     0.483246     0.270638      0.55387   44.25023    0.00022    1
   5    2   -7   0.941662     0.483157    -0.267505     0.552267   44.25023    0.00021    1
  -2   -2   -9   0.940194    -0.019290    -0.349174     0.349706   44.32300    0.00009    1
  -2   -2    9   0.940194     0.037945     0.198872     0.202459   44.32300    0.00003    1
  -2    2   -9   0.940194     0.766801     0.200597     0.792605   44.32300    0.00044    1
  -2    2    9   0.940194    -0.105698     0.072174     0.127989   44.32300    0.00001    1
   2   -2   -9   0.940194    -0.105042    -0.072816     0.127812   44.32300    0.00001    1
   2   -2    9   0.940194     0.767349    -0.196721     0.792164   44.32300    0.00044    1
   2    2   -9   0.940194     0.038770    -0.199142     0.202881   44.32300    0.00003    1
   2    2    9   0.940194    -0.021147     0.349751      0.35039   44.32300    0.00009    1
  -2   -8   -1   0.939880     0.268001    -0.412841     0.492201   44.33859    0.00017    1
  -2   -8    1   0.939880     0.203724     0.575541     0.610533   44.33859    0.00026    1
  -2    8   -1   0.939880     0.586897    -0.134896       0.6022   44.33859    0.00025    1
  -2    8    1   0.939880     0.126264     0.251736     0.281627   44.33859    0.00006    1
   2   -8   -1   0.939880     0.128504    -0.250944     0.281933   44.33859    0.00006    1
   2   -8    1   0.939880     0.585761     0.138223     0.601848   44.33859    0.00025    1
   2    8   -1   0.939880     0.206934    -0.575298     0.611383   44.33859    0.00026    1
   2    8    1   0.939880     0.266136     0.415282     0.493241   44.33859    0.00017    1
   0   -3   -9   0.936997    -0.467776    -0.080465     0.474646   44.48229    0.00016    1
   0   -3    9   0.936997    -0.390925    -0.029770     0.392057   44.48229    0.00011    1
   0    3   -9   0.936997    -0.390838     0.027605     0.391812   44.48229    0.00011    1
   0    3    9   0.936997    -0.468509     0.078328     0.475012   44.48229    0.00016    1
  -4   -2   -8   0.934539     0.909448    -0.722854      1.16173   44.60554    0.00093    1
  -4   -2    8   0.934539    -0.284557    -0.370738     0.467354   44.60554    0.00015    1
  -4    2   -8   0.934539    -0.464663    -0.196223     0.504396   44.60554    0.00018    1
  -4    2    8   0.934539     0.935876    -0.430247      1.03004   44.60554    0.00073    1
   4   -2   -8   0.934539     0.935903     0.435620      1.03232   44.60554    0.00074    1
   4   -2    8   0.934539    -0.463283     0.194076     0.502291   44.60554    0.00017    1
   4    2   -8   0.934539    -0.284193     0.368709     0.465523   44.60554    0.00015    1
   4    2    8   0.934539     0.907827     0.728402      1.16392   44.60554    0.00094    1
  -4   -5   -6   0.934431    -0.618950    -1.124331      1.28344   44.61097    0.00114    1
  -4    5   -6   0.934431    -0.343520     0.037284     0.345537   44.61097    0.00008    1
  -4    5    6   0.934431     0.526211     1.112278      1.23047   44.61097    0.00105    1
   4   -5   -6   0.934431     0.533040    -1.111506      1.23271   44.61097    0.00105    1
   4   -5    6   0.934431    -0.344560    -0.037262     0.346569   44.61097    0.00008    1
   4    5    6   0.934431    -0.626134     1.122942      1.28571   44.61097    0.00114    1
  -4   -5    6   0.934431     0.342888     0.151768     0.374975   44.61097    0.00010    1
   4    5   -6   0.934431     0.344327    -0.152130     0.376437   44.61097    0.00010    1
  -4   -7   -2   0.934308     0.236583    -1.227171      1.24977   44.61717    0.00108    1
  -4    7   -2   0.934308    -0.014764    -0.900352     0.900473   44.61717    0.00056    1
  -4    7    2   0.934308     0.023563     1.157116      1.15736   44.61717    0.00093    1
   4   -7   -2   0.934308     0.029629    -1.154708      1.15509   44.61717    0.00092    1
   4   -7    2   0.934308    -0.018835     0.898220     0.898417   44.61717    0.00056    1
   4    7    2   0.934308     0.229754     1.226234      1.24757   44.61717    0.00108    1
  -4   -7    2   0.934308    -0.336355     0.964645       1.0216   44.61717    0.00072    1
   4    7   -2   0.934308    -0.331424    -0.964293      1.01966   44.61717    0.00072    1
   0   -8   -3   0.930073     0.042177     0.285412     0.288512   44.83133    0.00006    1
   0   -8    3   0.930073     0.194213    -0.143730     0.241613   44.83133    0.00004    1
   0    8   -3   0.930073     0.193477     0.144906     0.241725   44.83133    0.00004    1
   0    8    3   0.930073     0.043744    -0.285042     0.288379   44.83133    0.00006    1
  -4   -4   -7   0.929521     0.056982     0.293561      0.29904   44.85943    0.00006    1
  -4    4   -7   0.929521     0.778259    -0.006977      0.77829   44.85943    0.00041    1
  -4    4    7   0.929521    -0.005775    -0.399645     0.399686   44.85943    0.00011    1
   4   -4   -7   0.929521    -0.008771     0.400094      0.40019   44.85943    0.00011    1
   4   -4    7   0.929521     0.778930     0.011201     0.779011   44.85943    0.00041    1
   4    4    7   0.929521     0.059016    -0.292418     0.298314   44.85943    0.00006    1
  -4   -4    7   0.929521     0.419274    -0.361844     0.553824   44.85943    0.00021    1
   4    4   -7   0.929521     0.416532     0.364112     0.553242   44.85943    0.00021    1
  -1   -3   -9   0.929482     0.541758    -0.591729     0.802275   44.86142    0.00044    1
  -1   -3    9   0.929482     0.803680     0.406910      0.90082   44.86142    0.00055    1
  -1    3   -9   0.929482    -0.131361     0.991261     0.999927   44.86142    0.00068    1
  -1    3    9   0.929482    -0.814942    -0.230925     0.847028   44.86142    0.00049    1
   1   -3   -9   0.929482    -0.814972     0.229679     0.846719   44.86142    0.00049    1
   1   -3    9   0.929482    -0.128339    -0.990566     0.998845   44.86142    0.00068    1
   1    3   -9   0.929482     0.805283    -0.405326     0.901538   44.86142    0.00056    1
   1    3    9   0.929482     0.541774     0.593666     0.803715   44.86142    0.00044    1
  -3    0   -9   0.929130     0.057905    -0.550085     0.553125   44.87932    0.00021    1
  -3    0    9   0.929130    -0.068840     0.136569     0.152938   44.87932    0.00002    1
   3    0   -9   0.929130    -0.069480    -0.136407     0.153082   44.87932    0.00002    1
   3    0    9   0.929130     0.056626     0.550232     0.553138   44.87932    0.00021    1
  -5   -6   -3   0.928156    -0.041196     0.622389     0.623751   44.92899    0.00026    1
  -5   -6    3   0.928156     0.746603    -0.021997     0.746927   44.92899    0.00038    1
  -5    6   -3   0.928156    -0.038037    -0.624439     0.625596   44.92899    0.00027    1
  -5    6    3   0.928156    -0.645333     0.265863     0.697952   44.92899    0.00033    1
   5   -6   -3   0.928156    -0.645084    -0.268000      0.69854   44.92899    0.00033    1
   5   -6    3   0.928156    -0.038496     0.624753     0.625938   44.92899    0.00027    1
   5    6   -3   0.928156     0.744930     0.023174      0.74529   44.92899    0.00038    1
   5    6    3   0.928156    -0.038731    -0.621065     0.622271   44.92899    0.00026    1
  -3   -7   -4   0.927251    -0.061485    -0.467432     0.471458   44.97523    0.00015    1
  -3    7    4   0.927251    -0.436923     0.456780     0.632099   44.97523    0.00027    1
   3   -7   -4   0.927251    -0.436036    -0.457478     0.631991   44.97523    0.00027    1
   3    7    4   0.927251    -0.061794     0.468092     0.472153   44.97523    0.00015    1
  -3   -7    4   0.927251    -0.311866    -0.785695     0.845326   44.97523    0.00049    1
  -3    7   -4   0.927251    -0.053390     0.380773     0.384498   44.97523    0.00010    1
   3   -7    4   0.927251    -0.053159    -0.380332     0.384029   44.97523    0.00010    1
   3    7   -4   0.927251    -0.314143     0.783889     0.844493   44.97523    0.00048    1
  -7   -3   -3   0.927107     0.046956    -0.446438       0.4489   44.98261    0.00014    1
   7    3    3   0.927107     0.045707     0.448107     0.450432   44.98261    0.00014    1
  -7   -3    3   0.927107     0.017065    -0.123678      0.12485   44.98261    0.00001    1
  -7    3   -3   0.927107    -0.025339    -0.456280     0.456983   44.98261    0.00014    1
  -7    3    3   0.927107    -0.041645    -0.077618    0.0880843   44.98261    0.00001    1
   7   -3   -3   0.927107    -0.040822     0.076222    0.0864654   44.98261    0.00001    1
   7   -3    3   0.927107    -0.028227     0.454641     0.455517   44.98261    0.00014    1
   7    3   -3   0.927107     0.016001     0.124946     0.125966   44.98261    0.00001    1
  -5   -4   -6   0.926629     0.311638     0.201744      0.37124   45.00711    0.00009    1
  -5    4   -6   0.926629    -0.389209    -0.128054     0.409733   45.00711    0.00011    1
  -5    4    6   0.926629    -0.381164    -0.454535     0.593201   45.00711    0.00024    1
   5   -4   -6   0.926629    -0.381939     0.450944     0.590955   45.00711    0.00024    1
   5   -4    6   0.926629    -0.391564     0.127278      0.41173   45.00711    0.00011    1
   5    4    6   0.926629     0.313866    -0.201963     0.373231   45.00711    0.00009    1
  -5   -4    6   0.926629    -0.162710    -0.550273     0.573825   45.00711    0.00022    1
   5    4   -6   0.926629    -0.166567     0.551395     0.576005   45.00711    0.00022    1
  -7   -2   -4   0.925510    -0.121259    11.968667      11.9693   45.06451    0.09687    1
   7    2    4   0.925510    -0.056688   -11.970268      11.9704   45.06451    0.09688    1
  -7   -2    4   0.925510    -1.820792    11.812179      11.9517   45.06451    0.09658    1
  -7    2   -4   0.925510    -1.111247   -11.908797      11.9605   45.06451    0.09672    1
  -7    2    4   0.925510     0.964146   -11.958005      11.9968   45.06451    0.09731    1
   7   -2   -4   0.925510     0.899732    11.964138      11.9979   45.06451    0.09733    1
   7   -2    4   0.925510    -1.175449    11.902670      11.9606   45.06451    0.09672    1
   7    2   -4   0.925510    -1.757048   -11.821827      11.9517   45.06451    0.09658    1
  -7   -4    0   0.925450    -1.197653    11.824602      11.8851   45.06758    0.09549    1
  -7    4    0   0.925450    -0.671107   -11.905191      11.9241   45.06758    0.09612    1
   7   -4    0   0.925450    -0.735463    11.900337       11.923   45.06758    0.09610    1
   7    4    0   0.925450    -1.133513   -11.829799       11.884   45.06758    0.09547    1
  -2   -8   -2   0.924990    -0.071777    -0.575849     0.580305   45.09122    0.00023    1
  -2   -8    2   0.924990     0.115791     0.724308     0.733505   45.09122    0.00036    1
  -2    8   -2   0.924990     0.018592    -0.331682     0.332203   45.09122    0.00007    1
  -2    8    2   0.924990    -0.336232     0.187070     0.384769   45.09122    0.00010    1
   2   -8   -2   0.924990    -0.335009    -0.188178     0.384242   45.09122    0.00010    1
   2   -8    2   0.924990     0.016548     0.330878     0.331292   45.09122    0.00007    1
   2    8   -2   0.924990     0.119075    -0.723953      0.73368   45.09122    0.00036    1
   2    8    2   0.924990    -0.074371     0.575735     0.580518   45.09122    0.00023    1
  -6   -2   -6   0.923725     0.287377    -0.361180     0.461559   45.15636    0.00014    1
  -6    2   -6   0.923725     0.062903     0.112875     0.129218   45.15636    0.00001    1
  -6    2    6   0.923725    -0.249254     0.365136     0.442099   45.15636    0.00013    1
   6   -2   -6   0.923725    -0.245876    -0.366177     0.441068   45.15636    0.00013    1
   6   -2    6   0.923725     0.061831    -0.113028     0.128835   45.15636    0.00001    1
   6    2    6   0.923725     0.285850     0.361511     0.460869   45.15636    0.00014    1
  -6   -2    6   0.923725     0.318376    -0.451601     0.552546   45.15636    0.00021    1
   6    2   -6   0.923725     0.315342     0.454965     0.553565   45.15636    0.00021    1
  -1   -8   -3   0.922722    -0.287545    -0.247244     0.379225   45.20816    0.00010    1
  -1   -8    3   0.922722    -0.253858     0.343659     0.427253   45.20816    0.00012    1
  -1    8   -3   0.922722     0.491183    -0.037183     0.492589   45.20816    0.00016    1
  -1    8    3   0.922722     0.042291    -0.267758     0.271077   45.20816    0.00005    1
   1   -8   -3   0.922722     0.040228     0.267451      0.27046   45.20816    0.00005    1
   1   -8    3   0.922722     0.491187     0.040942      0.49289   45.20816    0.00016    1
   1    8   -3   0.922722    -0.251076    -0.345320     0.426949   45.20816    0.00012    1
   1    8    3   0.922722    -0.289712     0.245596     0.379803   45.20816    0.00010    1
  -3   -1   -9   0.922645     0.588361    -0.329487     0.674337   45.21215    0.00031    1
  -3   -1    9   0.922645     0.642466    -0.331476     0.722937   45.21215    0.00035    1
  -3    1   -9   0.922645     0.029033     0.345595     0.346813   45.21215    0.00008    1
  -3    1    9   0.922645    -0.526066     0.386839     0.652985   45.21215    0.00029    1
   3   -1   -9   0.922645    -0.526074    -0.388390     0.653911   45.21215    0.00029    1
   3   -1    9   0.922645     0.028635    -0.346547     0.347728   45.21215    0.00008    1
   3    1   -9   0.922645     0.642499     0.333032     0.723682   45.21215    0.00035    1
   3    1    9   0.922645     0.588822     0.332988     0.676456   45.21215    0.00031    1
  -3   -5   -7   0.922526    -0.025844     0.648271     0.648785   45.21828    0.00028    1
  -3    5   -7   0.922526     0.212521    -0.700535     0.732062   45.21828    0.00036    1
  -3    5    7   0.922526    -0.215303    -0.937937     0.962331   45.21828    0.00062    1
   3   -5   -7   0.922526    -0.217213     0.937131     0.961975   45.21828    0.00062    1
   3   -5    7   0.922526     0.211794     0.699694     0.731046   45.21828    0.00036    1
   3    5    7   0.922526    -0.025100    -0.646431     0.646918   45.21828    0.00028    1
  -3   -5    7   0.922526     0.230266     0.952126     0.979574   45.21828    0.00064    1
   3    5   -7   0.922526     0.231933    -0.951236     0.979103   45.21828    0.00064    1
  -5   -5   -5   0.921751     0.456589     0.170467     0.487373   45.25846    0.00016    1
   5    5    5   0.921751     0.456912    -0.169239     0.487248   45.25846    0.00016    1
  -5   -5    5   0.921751    -0.193285     0.925003     0.944981   45.25846    0.00060    1
  -5    5   -5   0.921751    -0.597978    -0.171307     0.622032   45.25846    0.00026    1
  -5    5    5   0.921751    -0.257132    -0.856802     0.894553   45.25846    0.00054    1
   5   -5   -5   0.921751    -0.260469     0.855680     0.894445   45.25846    0.00054    1
   5   -5    5   0.921751    -0.599581     0.170277     0.623291   45.25846    0.00026    1
   5    5   -5   0.921751    -0.190316    -0.924581     0.943965   45.25846    0.00060    1
  -7   -4   -1   0.920634     0.193024    -0.349309     0.399092   45.31637    0.00011    1
  -7   -4    1   0.920634     0.061674     0.180116     0.190382   45.31637    0.00002    1
  -7    4   -1   0.920634     0.358490     0.385745     0.526606   45.31637    0.00019    1
  -7    4    1   0.920634    -0.206771    -0.197215     0.285741   45.31637    0.00005    1
   7   -4   -1   0.920634    -0.206012     0.196985     0.285033   45.31637    0.00005    1
   7   -4    1   0.920634     0.358604    -0.382951     0.524641   45.31637    0.00018    1
   7    4   -1   0.920634     0.060766    -0.180249     0.190217   45.31637    0.00002    1
   7    4    1   0.920634     0.192922     0.349076      0.39884   45.31637    0.00011    1
  -2   -7   -5   0.920255    -0.477741     0.105771      0.48931   45.33608    0.00016    1
   2    7    5   0.920255    -0.477414    -0.108365     0.489558   45.33608    0.00016    1
  -2   -7    5   0.920255    -0.066296    -0.671162     0.674429   45.33608    0.00030    1
  -2    7   -5   0.920255    -0.438643     0.004329     0.438665   45.33608    0.00013    1
  -2    7    5   0.920255    -0.407725    -0.552182       0.6864   45.33608    0.00031    1
   2   -7   -5   0.920255    -0.410774     0.549763     0.686276   45.33608    0.00031    1
   2   -7    5   0.920255    -0.437818    -0.007230     0.437877   45.33608    0.00013    1
   2    7   -5   0.920255    -0.070332     0.670957     0.674633   45.33608    0.00030    1
  -8    0    0   0.919196    31.045299   -13.575306      33.8836   45.39123    0.76370    1
   8    0    0   0.919196    30.968067    13.750591      33.8836   45.39123    0.76371    1
  -6   -5   -3   0.918834     0.534044    -0.100463     0.543412   45.41012    0.00020    1
  -6   -5    3   0.918834     0.261163    -0.531780     0.592449   45.41012    0.00023    1
  -6    5   -3   0.918834     0.422397    -0.312217      0.52526   45.41012    0.00018    1
  -6    5    3   0.918834    -0.002719    -0.703635      0.70364   45.41012    0.00033    1
   6   -5   -3   0.918834    -0.006463     0.703603     0.703632   45.41012    0.00033    1
   6   -5    3   0.918834     0.420842     0.314026      0.52509   45.41012    0.00018    1
   6    5   -3   0.918834     0.258704     0.533670     0.593069   45.41012    0.00023    1
   6    5    3   0.918834     0.533705     0.103180     0.543587   45.41012    0.00020    1
   0   -6   -7   0.917345    -0.153522     0.286408     0.324959   45.48798    0.00007    1
   0   -6    7   0.917345     0.061670    -0.283765     0.290389   45.48798    0.00006    1
   0    6   -7   0.917345     0.059946     0.284013     0.290271   45.48798    0.00006    1
   0    6    7   0.917345    -0.151915    -0.287358     0.325043   45.48798    0.00007    1
  -4   -6   -5   0.916582    -0.201203     0.408596     0.455449   45.52797    0.00014    1
  -4   -6    5   0.916582    -0.082991    -0.505659     0.512424   45.52797    0.00017    1
  -4    6   -5   0.916582    -0.157429     0.437280     0.464756   45.52797    0.00014    1
  -4    6    5   0.916582    -0.147834    -0.499039     0.520476   45.52797    0.00018    1
   4   -6   -5   0.916582    -0.149591     0.498834     0.520781   45.52797    0.00018    1
   4   -6    5   0.916582    -0.155920    -0.438649     0.465536   45.52797    0.00014    1
   4    6   -5   0.916582    -0.084684     0.504938      0.51199   45.52797    0.00017    1
   4    6    5   0.916582    -0.200129    -0.409193     0.455511   45.52797    0.00014    1
   0   -5   -8   0.915826    -0.562159    -0.017914     0.562444   45.56764    0.00021    1
   0   -5    8   0.915826     0.873933     0.348412     0.940824   45.56764    0.00058    1
   0    5   -8   0.915826     0.875791    -0.343674     0.940809   45.56764    0.00058    1
   0    5    8   0.915826    -0.562291     0.015100     0.562494   45.56764    0.00021    1
  -3   -6   -6   0.914564    -0.169597     0.284604     0.331304   45.63407    0.00007    1
  -3    6   -6   0.914564     0.108209    -0.332411      0.34958   45.63407    0.00008    1
  -3    6    6   0.914564     0.138244    -0.863657     0.874651   45.63407    0.00050    1
   3   -6   -6   0.914564     0.135318     0.865086     0.875606   45.63407    0.00050    1
   3   -6    6   0.914564     0.105007     0.331902     0.348117   45.63407    0.00008    1
   3    6    6   0.914564    -0.169760    -0.284029     0.330894   45.63407    0.00007    1
  -3   -6    6   0.914564     0.710485    -1.163978      1.36368   45.63407    0.00122    1
   3    6   -6   0.914564     0.704915     1.166203      1.36269   45.63407    0.00122    1
  -8    0   -1   0.914477    -0.671020     0.335438     0.750191   45.63864    0.00037    1
  -8    0    1   0.914477     0.654419    -0.361078     0.747423   45.63864    0.00037    1
   8    0   -1   0.914477     0.653172     0.363667     0.747588   45.63864    0.00037    1
   8    0    1   0.914477    -0.669661    -0.337722     0.750001   45.63864    0.00037    1
  -8   -1    0   0.912916    -0.601855     0.811005      1.00993   45.72113    0.00067    1
  -8    1    0   0.912916     0.968490     0.107092     0.974393   45.72113    0.00062    1
   8   -1    0   0.912916     0.968705    -0.103377     0.974205   45.72113    0.00062    1
   8    1    0   0.912916    -0.598742    -0.813781      1.01031   45.72113    0.00067    1
  -4   -7   -3   0.910297     0.549254     0.273910     0.613764   45.86014    0.00024    1
  -4   -7    3   0.910297     0.383324    -0.181913     0.424299   45.86014    0.00012    1
  -4    7   -3   0.910297     0.568353     0.021395     0.568756   45.86014    0.00021    1
  -4    7    3   0.910297     0.200901    -0.722711     0.750115   45.86014    0.00037    1
   4   -7   -3   0.910297     0.197844     0.724365     0.750897   45.86014    0.00037    1
   4   -7    3   0.910297     0.569207    -0.017945      0.56949   45.86014    0.00021    1
   4    7   -3   0.910297     0.381576     0.184239     0.423727   45.86014    0.00012    1
   4    7    3   0.910297     0.550081    -0.270940     0.613186   45.86014    0.00024    1
  -1   -6   -7   0.910289    -0.003675    -0.458609     0.458623   45.86058    0.00014    1
  -1   -6    7   0.910289    -0.418910     0.385563     0.569336   45.86058    0.00021    1
  -1    6   -7   0.910289     0.644338    -0.041764     0.645691   45.86058    0.00027    1
  -1    6    7   0.910289    -0.048948    -0.301755     0.305699   45.86058    0.00006    1
   1   -6   -7   0.910289    -0.051869     0.302338     0.306755   45.86058    0.00006    1
   1   -6    7   0.910289     0.644434     0.046104     0.646081   45.86058    0.00027    1
   1    6   -7   0.910289    -0.416037    -0.387943     0.568846   45.86058    0.00021    1
   1    6    7   0.910289    -0.006376     0.457051     0.457095   45.86058    0.00014    1
  -5   -3   -7   0.909299     0.524099     0.161171     0.548321   45.91336    0.00019    1
   5    3    7   0.909299     0.523125    -0.158335     0.546562   45.91336    0.00019    1
  -5   -3    7   0.909299     0.269306     0.171799     0.319438   45.91336    0.00007    1
  -5    3   -7   0.909299     0.003448    -0.554570     0.554581   45.91336    0.00020    1
  -5    3    7   0.909299    -0.383879    -0.120369     0.402308   45.91336    0.00010    1
   5   -3   -7   0.909299    -0.384116     0.120056     0.402441   45.91336    0.00010    1
   5   -3    7   0.909299     0.000910     0.556025     0.556026   45.91336    0.00020    1
   5    3   -7   0.909299     0.268881    -0.170602     0.318437   45.91336    0.00007    1
  -1   -5   -8   0.908805    -0.131303    -0.552136     0.567534   45.93973    0.00021    1
  -1   -5    8   0.908805     0.133191     0.348345      0.37294   45.93973    0.00009    1
  -1    5   -8   0.908805     0.407279     0.793725     0.892119   45.93973    0.00052    1
  -1    5    8   0.908805    -0.295096    -0.640004      0.70476   45.93973    0.00032    1
   1   -5   -8   0.908805    -0.298886     0.639868     0.706232   45.93973    0.00032    1
   1   -5    8   0.908805     0.409943    -0.791061     0.890972   45.93973    0.00051    1
   1    5   -8   0.908805     0.134365    -0.349214     0.374171   45.93973    0.00009    1
   1    5    8   0.908805    -0.133430     0.550229     0.566176   45.93973    0.00021    1
  -3   -4   -8   0.908477   -26.198871    -4.926818      26.6581   45.95731    0.45966    1
  -3    4   -8   0.908477    26.769514    -0.037226      26.7695   45.95731    0.46351    1
  -3    4    8   0.908477    25.114304     8.822504      26.6189   45.95731    0.45831    1
   3   -4   -8   0.908477    25.162718    -8.678147      26.6171   45.95731    0.45825    1
   3   -4    8   0.908477    26.768777     0.190342      26.7695   45.95731    0.46351    1
   3    4    8   0.908477   -26.224910     4.776639      26.6564   45.95731    0.45960    1
  -3   -4    8   0.908477   -23.733965   -12.361883      26.7604   45.95731    0.46319    1
   3    4   -8   0.908477   -23.804318    12.225913      26.7604   45.95731    0.46319    1
  -8   -1   -1   0.908292    -0.463726     0.085221     0.471492   45.96716    0.00014    1
  -8   -1    1   0.908292    -0.723954     0.069093     0.727243   45.96716    0.00034    1
  -8    1   -1   0.908292     0.530351    -0.449841     0.695435   45.96716    0.00031    1
  -8    1    1   0.908292     0.336813    -0.326377     0.469005   45.96716    0.00014    1
   8   -1   -1   0.908292     0.334769     0.327564     0.468368   45.96716    0.00014    1
   8   -1    1   0.908292     0.528094     0.451223     0.694611   45.96716    0.00031    1
   8    1   -1   0.908292    -0.724759    -0.071505     0.728277   45.96716    0.00034    1
   8    1    1   0.908292    -0.463821    -0.087582     0.472017   45.96716    0.00014    1
  -3   -8    0   0.908250    24.911698    10.039505      26.8586   45.96942    0.46632    1
  -3    8    0   0.908250   -26.792665    -1.479767      26.8335   45.96942    0.46545    1
   3   -8    0   0.908250   -26.802375     1.326687      26.8352   45.96942    0.46551    1
   3    8    0   0.908250    24.970352    -9.897618      26.8604   45.96942    0.46638    1
  -7    0   -5   0.908228     0.399478     0.004395     0.399502   45.97063    0.00010    1
  -7    0    5   0.908228    -0.054663     0.020325     0.058319   45.97063    0.00000    1
   7    0   -5   0.908228    -0.054530    -0.020667    0.0583152   45.97063    0.00000    1
   7    0    5   0.908228     0.399512    -0.001870     0.399516   45.97063    0.00010    1
  -2   -3   -9   0.907977    -0.141985    -0.248671     0.286352   45.98406    0.00005    1
  -2   -3    9   0.907977    -0.006455    -0.648786     0.648819   45.98406    0.00027    1
  -2    3   -9   0.907977    -0.269283    -0.187096       0.3279   45.98406    0.00007    1
  -2    3    9   0.907977    -0.108478    -0.654679     0.663605   45.98406    0.00028    1
   2   -3   -9   0.907977    -0.111960     0.654072     0.663585   45.98406    0.00028    1
   2   -3    9   0.907977    -0.269981     0.185715     0.327689   45.98406    0.00007    1
   2    3   -9   0.907977    -0.010179     0.649115     0.649195   45.98406    0.00027    1
   2    3    9   0.907977    -0.142995     0.247951     0.286229   45.98406    0.00005    1
  -7   -4   -2   0.906627     0.506813     0.333442     0.606665   46.05644    0.00024    1
  -7   -4    2   0.906627    -0.427494    -0.387274     0.576829   46.05644    0.00021    1
  -7    4   -2   0.906627    -0.243844    -0.222938     0.330396   46.05644    0.00007    1
  -7    4    2   0.906627     0.078977     0.269134     0.280483   46.05644    0.00005    1
   7   -4   -2   0.906627     0.080525    -0.268948     0.280744   46.05644    0.00005    1
   7   -4    2   0.906627    -0.245030     0.220873     0.329885   46.05644    0.00007    1
   7    4   -2   0.906627    -0.429637     0.385136      0.57699   46.05644    0.00021    1
   7    4    2   0.906627     0.508722    -0.330198     0.606488   46.05644    0.00024    1
  -3   -2   -9   0.903976    -0.160331     0.663939     0.683024   46.19934    0.00030    1
  -3   -2    9   0.903976     0.482194    -0.215292     0.528074   46.19934    0.00018    1
  -3    2   -9   0.903976     0.086231     0.026040    0.0900769   46.19934    0.00001    1
  -3    2    9   0.903976    -0.383353    -0.080224     0.391657   46.19934    0.00010    1
   3   -2   -9   0.903976    -0.382125     0.077402     0.389885   46.19934    0.00010    1
   3   -2    9   0.903976     0.085554    -0.025265    0.0892068   46.19934    0.00001    1
   3    2   -9   0.903976     0.481505     0.217885     0.528508   46.19934    0.00018    1
   3    2    9   0.903976    -0.158462    -0.664782     0.683407   46.19934    0.00030    1
  -3   -8   -1   0.903697     0.105829     0.630394     0.639216   46.21442    0.00026    1
   3    8    1   0.903697     0.107115    -0.630913     0.639941   46.21442    0.00026    1
  -3   -8    1   0.903697    -0.419915    -0.087456     0.428926   46.21442    0.00012    1
  -3    8   -1   0.903697    -0.199449    -0.332929       0.3881   46.21442    0.00010    1
  -3    8    1   0.903697     0.298232    -0.422704     0.517321   46.21442    0.00017    1
   3   -8   -1   0.903697     0.297301     0.422387     0.516526   46.21442    0.00017    1
   3   -8    1   0.903697    -0.199895     0.333650     0.388947   46.21442    0.00010    1
   3    8   -1   0.903697    -0.420739     0.087260     0.429693   46.21442    0.00012    1
   0    0  -10   0.903652    -0.220446     0.056118     0.227476   46.21686    0.00003    1
   0    0   10   0.903652    -0.220198    -0.057366     0.227548   46.21686    0.00003    1
  -4   -3   -8   0.902881     0.383351     0.708350      0.80543   46.25862    0.00041    1
   4    3    8   0.902881     0.387991    -0.706797     0.806287   46.25862    0.00041    1
  -4   -3    8   0.902881     0.153630    -0.307567     0.343802   46.25862    0.00008    1
  -4    3   -8   0.902881     0.439418     0.589589     0.735325   46.25862    0.00034    1
  -4    3    8   0.902881     0.146250    -0.357288     0.386061   46.25862    0.00009    1
   4   -3   -8   0.902881     0.143855     0.357177     0.385058   46.25862    0.00009    1
   4   -3    8   0.902881     0.443446    -0.587713     0.736241   46.25862    0.00035    1
   4    3   -8   0.902881     0.151686     0.307618     0.342983   46.25862    0.00007    1
  -7   -1   -5   0.902168    -0.034820     0.039274    0.0524866   46.29732    0.00000    1
  -7    1   -5   0.902168     0.051518     0.055673    0.0758519   46.29732    0.00000    1
  -7    1    5   0.902168    -0.240638     0.232112     0.334339   46.29732    0.00007    1
   7   -1   -5   0.902168    -0.240560    -0.234513     0.335955   46.29732    0.00007    1
   7   -1    5   0.902168     0.052341    -0.056345    0.0769048   46.29732    0.00000    1
   7    1    5   0.902168    -0.035860    -0.038534    0.0526385   46.29732    0.00000    1
  -7   -1    5   0.902168     0.238214     0.014825     0.238675   46.29732    0.00004    1
   7    1   -5   0.902168     0.239129    -0.012462     0.239454   46.29732    0.00004    1
  -2   -8   -3   0.901673    -0.190405    -0.585945     0.616105   46.32422    0.00024    1
  -2    8    3   0.901673    -0.480117     0.091724       0.4888   46.32422    0.00015    1
   2   -8   -3   0.901673    -0.478892    -0.093924     0.488015   46.32422    0.00015    1
   2    8    3   0.901673    -0.193514     0.585149     0.616317   46.32422    0.00024    1
  -2   -8    3   0.901673    -0.280356     0.243506     0.371342   46.32422    0.00009    1
  -2    8   -3   0.901673    -0.101356    -0.280051     0.297828   46.32422    0.00006    1
   2   -8    3   0.901673    -0.103313     0.278891     0.297412   46.32422    0.00006    1
   2    8   -3   0.901673    -0.279192    -0.245699     0.371908   46.32422    0.00009    1
  -8    0   -2   0.900745     0.800726    -0.233751     0.834148   46.37470    0.00044    1
  -8    0    2   0.900745    -0.787069     0.476305     0.919969   46.37470    0.00054    1
   8    0   -2   0.900745    -0.785699    -0.479900     0.920666   46.37470    0.00054    1
   8    0    2   0.900745     0.799278     0.236758     0.833607   46.37470    0.00044    1
  -6   -4   -5   0.900446     0.053025    -0.038082    0.0652828   46.39103    0.00000    1
   6    4    5   0.900446     0.051420     0.038703    0.0643577   46.39103    0.00000    1
  -6   -4    5   0.900446    -0.072934    -0.027317    0.0778815   46.39103    0.00000    1
  -6    4   -5   0.900446     0.056828    -0.103200     0.117812   46.39103    0.00001    1
  -6    4    5   0.900446    -0.099242     0.006007    0.0994236   46.39103    0.00001    1
   6   -4   -5   0.900446    -0.100204    -0.005660     0.100363   46.39103    0.00001    1
   6   -4    5   0.900446     0.056387     0.103138     0.117546   46.39103    0.00001    1
   6    4   -5   0.900446    -0.072398     0.026909    0.0772375   46.39103    0.00000    1
   0   -1  -10   0.897683    -3.047440   -17.318086      17.5842   46.54221    0.19435    1
   0   -1   10   0.897683    -3.794535    16.894050      17.3149   46.54221    0.18845    1
   0    1  -10   0.897683    -3.701742   -16.914580      17.3149   46.54221    0.18845    1
   0    1   10   0.897683    -3.142521    17.300959       17.584   46.54221    0.19435    1
   0   -7   -6   0.897464    -0.471397    17.650154      17.6564   46.55421    0.19584    1
   0   -7    6   0.897464     4.580635   -16.893551      17.5036   46.55421    0.19246    1
   0    7   -6   0.897464     4.487848    16.918470      17.5036   46.55421    0.19246    1
   0    7    6   0.897464    -0.374484   -17.652595      17.6566   46.55421    0.19584    1
   0   -8   -4   0.897396    17.118666     1.507919       17.185   46.55796    0.18549    1
   0   -8    4   0.897396    16.787967     4.211892      17.3083   46.55796    0.18816    1
   0    8   -4   0.897396    16.810893    -4.119599      17.3083   46.55796    0.18816    1
   0    8    4   0.897396    17.126649    -1.413851      17.1849   46.55796    0.18548    1
  -1    0  -10   0.896905     0.247166    -0.136883     0.282539   46.58493    0.00005    1
  -1    0   10   0.896905     0.522683    -0.080869     0.528902   46.58493    0.00018    1
   1    0  -10   0.896905     0.522345     0.083251     0.528937   46.58493    0.00018    1
   1    0   10   0.896905     0.246129     0.138580      0.28246   46.58493    0.00005    1
  -5    0   -8   0.895836     0.420754     0.214786     0.472405   46.64381    0.00014    1
  -5    0    8   0.895836    -0.298445    -0.332531     0.446818   46.64381    0.00012    1
   5    0   -8   0.895836    -0.299652     0.331176      0.44662   46.64381    0.00012    1
   5    0    8   0.895836     0.421484    -0.212938      0.47222   46.64381    0.00014    1
  -5   -6   -4   0.895673    -0.619043    -0.589547     0.854857   46.65279    0.00046    1
  -5   -6    4   0.895673    -0.209345    -0.325485     0.386996   46.65279    0.00009    1
  -5    6   -4   0.895673     0.286072     0.193067     0.345126   46.65279    0.00007    1
  -5    6    4   0.895673     0.620156     0.505676     0.800189   46.65279    0.00040    1
   5   -6   -4   0.895673     0.621703    -0.503046     0.799731   46.65279    0.00040    1
   5   -6    4   0.895673     0.286543    -0.191981     0.344911   46.65279    0.00007    1
   5    6   -4   0.895673    -0.210382     0.324510      0.38674   46.65279    0.00009    1
   5    6    4   0.895673    -0.620999     0.586827     0.854404   46.65279    0.00046    1
  -8   -1   -2   0.894833    -7.234090   -15.034364      16.6842   46.69920    0.17364    1
  -8   -1    2   0.894833     5.725889    15.610033      16.6271   46.69920    0.17245    1
  -8    1   -2   0.894833    -7.571986   -14.785421      16.6116   46.69920    0.17213    1
  -8    1    2   0.894833     6.648727    15.280788      16.6646   46.69920    0.17323    1
   8   -1   -2   0.894833     6.737285   -15.243771      16.6662   46.69920    0.17326    1
   8   -1    2   0.894833    -7.657054    14.741624      16.6116   46.69920    0.17213    1
   8    1   -2   0.894833     5.815681   -15.576725       16.627   46.69920    0.17245    1
   8    1    2   0.894833    -7.321273    14.993947      16.6859   46.69920    0.17367    1
  -8   -2    0   0.894819   -15.511924     5.712141      16.5302   46.69995    0.17044    1
  -8    2    0   0.894819   -15.001704     6.994133       16.552   46.69995    0.17089    1
   8   -2    0   0.894819   -14.959633    -7.079963      16.5504   46.69995    0.17086    1
   8    2    0   0.894819   -15.477076    -5.801024      16.5285   46.69995    0.17041    1
  -7   -3   -4   0.894730     0.052937    -0.148725     0.157865   46.70487    0.00002    1
  -7   -3    4   0.894730     0.119115    -0.633774      0.64487   46.70487    0.00026    1
  -7    3   -4   0.894730     0.014618    -0.211323     0.211828   46.70487    0.00003    1
  -7    3    4   0.894730     0.029651    -0.347110     0.348374   46.70487    0.00008    1
   7   -3   -4   0.894730     0.027802     0.346499     0.347613   46.70487    0.00008    1
   7   -3    4   0.894730     0.014517     0.210793     0.211292   46.70487    0.00003    1
   7    3   -4   0.894730     0.116697     0.634985     0.645619   46.70487    0.00026    1
   7    3    4   0.894730     0.052115     0.149741     0.158551   46.70487    0.00002    1
   0   -4   -9   0.893219    -0.046147    -0.439148     0.441566   46.78863    0.00012    1
   0   -4    9   0.893219    -0.012835     0.119472      0.12016   46.78863    0.00001    1
   0    4   -9   0.893219    -0.012373    -0.119611     0.120249   46.78863    0.00001    1
   0    4    9   0.893219    -0.048529     0.438797     0.441473   46.78863    0.00012    1
  -6   -3   -6   0.893118    -9.760419    21.659566      23.7572   46.79422    0.35045    1
  -6   -3    6   0.893118    14.503210   -18.810511      23.7524   46.79422    0.35031    1
  -6    3   -6   0.893118    -6.945478    22.708690      23.7471   46.79422    0.35015    1
  -6    3    6   0.893118    12.146807   -20.371174      23.7177   46.79422    0.34928    1
   6   -3   -6   0.893118    12.030875    20.439297      23.7172   46.79422    0.34927    1
   6   -3    6   0.893118    -6.816574   -22.747588       23.747   46.79422    0.35015    1
   6    3   -6   0.893118    14.396433    18.892495      23.7526   46.79422    0.35031    1
   6    3    6   0.893118    -9.637259   -21.714113      23.7567   46.79422    0.35043    1
  -6   -6    0   0.892997   -19.668430   -13.352142      23.7724   46.80094    0.35078    1
  -6    6    0   0.892997   -22.289784    -8.151182      23.7334   46.80094    0.34963    1
   6   -6    0   0.892997   -22.335977     8.024869      23.7338   46.80094    0.34965    1
   6    6    0   0.892997   -19.744261    13.240816       23.773   46.80094    0.35080    1
  -1   -1  -10   0.891068    -9.644350     6.096110      11.4095   46.90831    0.08038    1
  -1   -1   10   0.891068    11.074640    -2.788435      11.4203   46.90831    0.08054    1
  -1    1  -10   0.891068     8.835071    -7.265444      11.4388   46.90831    0.08080    1
  -1    1   10   0.891068   -11.100124     2.345917      11.3453   46.90831    0.07948    1
   1   -1  -10   0.891068   -11.086430    -2.407396      11.3448   46.90831    0.07948    1
   1   -1   10   0.891068     8.794248     7.314087      11.4383   46.90831    0.08079    1
   1    1  -10   0.891068    11.058370     2.849771      11.4197   46.90831    0.08053    1
   1    1   10   0.891068    -9.610009    -6.149311       11.409   46.90831    0.08038    1
  -1   -7   -6   0.890854    10.749224    -3.835803      11.4131   46.92024    0.08039    1
   1    7    6   0.890854    10.727841     3.895471      11.4132   46.92024    0.08039    1
  -1   -7    6   0.890854   -11.260951     1.821116      11.4073   46.92024    0.08031    1
  -1    7   -6   0.890854    -8.759459     7.238586      11.3633   46.92024    0.07969    1
  -1    7    6   0.890854    10.455353    -4.346146      11.3227   46.92024    0.07912    1
   1   -7   -6   0.890854    10.431180     4.404212      11.3228   46.92024    0.07912    1
   1   -7    6   0.890854    -8.719608    -7.287548       11.364   46.92024    0.07970    1
   1    7   -6   0.890854   -11.251084    -1.883699      11.4077   46.92024    0.08031    1
  -1   -8   -4   0.890787     4.736345    10.490902      11.5105   46.92397    0.08175    1
  -1    8    4   0.890787    -6.428811    -9.461043      11.4386   46.92397    0.08073    1
   1   -8   -4   0.890787    -6.481231     9.425220      11.4386   46.92397    0.08073    1
   1    8    4   0.890787     4.794444   -10.464319      11.5104   46.92397    0.08175    1
  -1   -8    4   0.890787     2.749003    11.131993      11.4664   46.92397    0.08113    1
  -1    8   -4   0.890787    -7.635565    -8.487578      11.4167   46.92397    0.08042    1
   1   -8    4   0.890787    -7.682940     8.445537      11.4173   46.92397    0.08043    1
   1    8   -4   0.890787     2.810826   -11.116939      11.4668   46.92397    0.08113    1
  -8   -2   -1   0.890464     0.805016     0.428471     0.911942   46.94201    0.00051    1
  -8   -2    1   0.890464    -0.718869     0.048134     0.720478   46.94201    0.00032    1
  -8    2   -1   0.890464     0.516660    -0.445711     0.682346   46.94201    0.00029    1
   8   -2    1   0.890464     0.514175     0.445980     0.680642   46.94201    0.00029    1
   8    2   -1   0.890464    -0.720152    -0.050432     0.721916   46.94201    0.00032    1
   8    2    1   0.890464     0.806795    -0.426779     0.912721   46.94201    0.00051    1
  -8    2    1   0.890464    -0.359556     0.821470     0.896713   46.94201    0.00050    1
   8   -2   -1   0.890464    -0.357273    -0.822182     0.896453   46.94201    0.00050    1
  -3   -8   -2   0.890438     0.399077     0.381087     0.551806   46.94349    0.00019    1
  -3   -8    2   0.890438    -0.258956    -0.791565     0.832847   46.94349    0.00043    1
  -3    8   -2   0.890438    -0.439505    -0.001763     0.439509   46.94349    0.00012    1
  -3    8    2   0.890438     0.525428     0.103008      0.53543   46.94349    0.00018    1
   3   -8   -2   0.890438     0.525180    -0.101430     0.534885   46.94349    0.00018    1
   3   -8    2   0.890438    -0.440759     0.000737      0.44076   46.94349    0.00012    1
   3    8   -2   0.890438    -0.261922     0.790961       0.8332   46.94349    0.00043    1
   3    8    2   0.890438     0.401371    -0.380453     0.553031   46.94349    0.00019    1
  -2   -6   -7   0.890060    -0.156502     0.146534     0.214394   46.96459    0.00003    1
  -2    6   -7   0.890060    -0.124437     0.323452     0.346563   46.96459    0.00007    1
  -2    6    7   0.890060     0.497342    -0.274118     0.567881   46.96459    0.00020    1
   2   -6   -7   0.890060     0.496208     0.276678     0.568131   46.96459    0.00020    1
   2   -6    7   0.890060    -0.122972    -0.323888     0.346447   46.96459    0.00007    1
   2    6    7   0.890060    -0.156274    -0.147463     0.214865   46.96459    0.00003    1
  -2   -6    7   0.890060     0.583596     0.009125     0.583667   46.96459    0.00021    1
   2    6   -7   0.890060     0.584165    -0.006042     0.584196   46.96459    0.00021    1
  -5   -1   -8   0.890019    -0.194576     0.088816     0.213888   46.96688    0.00003    1
  -5   -1    8   0.890019    -0.351467    -0.200343     0.404557   46.96688    0.00010    1
  -5    1   -8   0.890019     0.489000    -0.493084     0.694444   46.96688    0.00030    1
  -5    1    8   0.890019    -0.448202     0.631661      0.77452   46.96688    0.00037    1
   5   -1   -8   0.890019    -0.444063    -0.633706     0.773806   46.96688    0.00037    1
   5   -1    8   0.890019     0.487616     0.495551     0.695227   46.96688    0.00030    1
   5    1   -8   0.890019    -0.352570     0.196669     0.403713   46.96688    0.00010    1
   5    1    8   0.890019    -0.194758    -0.090268      0.21466   46.96688    0.00003    1
  -5   -7    0   0.889806    -0.385210    -0.244104     0.456041   46.97879    0.00013    1
  -5    7    0   0.889806     0.424743     0.042043     0.426818   46.97879    0.00011    1
   5   -7    0   0.889806     0.426165    -0.040609     0.428096   46.97879    0.00011    1
   5    7    0   0.889806    -0.385959     0.240570     0.454795   46.97879    0.00013    1
  -6    0   -7   0.888827     0.337546    -0.422348     0.540662   47.03367    0.00018    1
  -6    0    7   0.888827    -0.196899    -0.091946     0.217309   47.03367    0.00003    1
   6    0   -7   0.888827    -0.196110     0.091489     0.216401   47.03367    0.00003    1
   6    0    7   0.888827     0.335024     0.422888     0.539514   47.03367    0.00018    1
  -2   -5   -8   0.888673    -0.249769    -0.074737     0.260711   47.04231    0.00004    1
  -2   -5    8   0.888673    -0.767855     0.166456      0.78569   47.04231    0.00038    1
  -2    5   -8   0.888673    -0.397873     0.503608     0.641813   47.04231    0.00025    1
  -2    5    8   0.888673     0.258684    -0.726296     0.770989   47.04231    0.00036    1
   2   -5   -8   0.888673     0.255052     0.727723     0.771124   47.04231    0.00036    1
   2   -5    8   0.888673    -0.394258    -0.505855     0.641349   47.04231    0.00025    1
   2    5   -8   0.888673    -0.767025    -0.170054     0.785649   47.04231    0.00038    1
   2    5    8   0.888673    -0.250235     0.073786     0.260887   47.04231    0.00004    1
  -6   -6   -1   0.888668    -0.095425    -0.092085     0.132611   47.04260    0.00001    1
  -6    6   -1   0.888668    -0.054799     0.038877    0.0671884   47.04260    0.00000    1
  -6    6    1   0.888668    -0.081428    -0.281230     0.292781   47.04260    0.00005    1
   6   -6   -1   0.888668    -0.083154     0.279193     0.291313   47.04260    0.00005    1
   6   -6    1   0.888668    -0.053585    -0.037924    0.0656473   47.04260    0.00000    1
   6    6    1   0.888668    -0.094791     0.092660     0.132556   47.04260    0.00001    1
  -6   -6    1   0.888668    -0.044884    -0.065877    0.0797143   47.04260    0.00000    1
   6    6   -1   0.888668    -0.045948     0.064274    0.0790086   47.04260    0.00000    1
  -6   -5   -4   0.887288    -0.128552    -0.175520     0.217561   47.12021    0.00003    1
   6    5    4   0.887288    -0.128687     0.175413     0.217555   47.12021    0.00003    1
  -6   -5    4   0.887288     0.487449     0.345474      0.59746   47.12021    0.00022    1
  -6    5   -4   0.887288    -0.105842    -0.100406      0.14589   47.12021    0.00001    1
  -6    5    4   0.887288    -0.207355    -0.136082     0.248021   47.12021    0.00004    1
   6   -5   -4   0.887288    -0.208158     0.133683     0.247388   47.12021    0.00004    1
   6   -5    4   0.887288    -0.106022     0.099570     0.145447   47.12021    0.00001    1
   6    5   -4   0.887288     0.489998    -0.342658     0.597923   47.12021    0.00022    1
  -1   -4   -9   0.886701    -0.188683    -0.393033     0.435978   47.15326    0.00012    1
  -1   -4    9   0.886701     0.842885     0.339876      0.90883   47.15326    0.00050    1
  -1    4   -9   0.886701    -0.159509     0.658411     0.677457   47.15326    0.00028    1
  -1    4    9   0.886701    -0.356473    -0.510733     0.622833   47.15326    0.00024    1
   1   -4   -9   0.886701    -0.359463     0.508268     0.622536   47.15326    0.00024    1
   1   -4    9   0.886701    -0.156481    -0.658288     0.676631   47.15326    0.00028    1
   1    4   -9   0.886701     0.845305    -0.336093     0.909669   47.15326    0.00050    1
   1    4    9   0.886701    -0.191254     0.392408     0.436534   47.15326    0.00012    1
  -3   -7   -5   0.886212    -0.514632     0.179433     0.545016   47.18087    0.00018    1
  -3   -7    5   0.886212    -0.481017     0.045025      0.48312   47.18087    0.00014    1
  -3    7   -5   0.886212     0.004491    -0.422317     0.422341   47.18087    0.00011    1
  -3    7    5   0.886212     0.187943    -0.347491      0.39506   47.18087    0.00010    1
   3   -7   -5   0.886212     0.187074     0.349440     0.396365   47.18087    0.00010    1
   3   -7    5   0.886212     0.002925     0.422996     0.423006   47.18087    0.00011    1
   3    7   -5   0.886212    -0.481394    -0.046807     0.483665   47.18087    0.00014    1
   3    7    5   0.886212    -0.514189    -0.181577     0.545308   47.18087    0.00018    1
  -5   -7   -1   0.885524    -0.240425    -0.063577     0.248689   47.21975    0.00004    1
  -5   -7    1   0.885524     0.061648    -0.281445     0.288118   47.21975    0.00005    1
  -5    7   -1   0.885524     0.282079    -0.227159     0.362174   47.21975    0.00008    1
  -5    7    1   0.885524    -0.012837     0.132850     0.133469   47.21975    0.00001    1
   5   -7   -1   0.885524    -0.012790    -0.134341     0.134948   47.21975    0.00001    1
   5   -7    1   0.885524     0.281028     0.226274       0.3608   47.21975    0.00008    1
   5    7   -1   0.885524     0.062405     0.280612     0.287467   47.21975    0.00005    1
   5    7    1   0.885524    -0.239148     0.062574     0.247199   47.21975    0.00004    1
  -7   -2   -5   0.884691    -0.437271    -0.129575     0.456065   47.26691    0.00013    1
   7    2    5   0.884691    -0.437946     0.127007     0.455991   47.26691    0.00013    1
  -7   -2    5   0.884691     0.049594    -0.043438    0.0659274   47.26691    0.00000    1
  -7    2   -5   0.884691     0.250666     0.101020     0.270257   47.26691    0.00004    1
  -7    2    5   0.884691    -0.148111    -0.001650      0.14812   47.26691    0.00001    1
   7   -2   -5   0.884691    -0.148071     0.000881     0.148073   47.26691    0.00001    1
   7   -2    5   0.884691     0.251282    -0.100565     0.270659   47.26691    0.00004    1
   7    2   -5   0.884691     0.049376     0.044380    0.0663893   47.26691    0.00000    1
  -7   -4   -3   0.884639    -0.048883    -0.013523    0.0507187   47.26987    0.00000    1
  -7   -4    3   0.884639    -0.083597     0.225474     0.240473   47.26987    0.00004    1
   7    4   -3   0.884639    -0.082488    -0.225867     0.240458   47.26987    0.00004    1
   7    4    3   0.884639    -0.048629     0.013432    0.0504503   47.26987    0.00000    1
  -7    4   -3   0.884639     0.077054     0.040722     0.087153   47.26987    0.00000    1
  -7    4    3   0.884639    -0.216173    -0.250565     0.330928   47.26987    0.00007    1
   7   -4   -3   0.884639    -0.217391     0.248940     0.330499   47.26987    0.00007    1
   7   -4    3   0.884639     0.076954    -0.040364    0.0868976   47.26987    0.00000    1
  -6   -1   -7   0.883145     0.132194    -0.007928     0.132432   47.35470    0.00001    1
  -6   -1    7   0.883145    -0.059890     0.049291    0.0775658   47.35470    0.00000    1
  -6    1   -7   0.883145     0.162891    -0.013148     0.163421   47.35470    0.00002    1
  -6    1    7   0.883145    -0.013678     0.057026    0.0586433   47.35470    0.00000    1
   6   -1   -7   0.883145    -0.012443    -0.057697    0.0590234   47.35470    0.00000    1
   6   -1    7   0.883145     0.163386     0.012609     0.163872   47.35470    0.00002    1
   6    1   -7   0.883145    -0.058141    -0.049429    0.0763128   47.35470    0.00000    1
   6    1    7   0.883145     0.133127     0.008430     0.133394   47.35470    0.00001    1
  -4    0   -9   0.881196     0.082760    -0.375023     0.384046   47.46586    0.00009    1
  -4    0    9   0.881196     0.085361     0.431613     0.439973   47.46586    0.00012    1
   4    0   -9   0.881196     0.088049    -0.430594     0.439504   47.46586    0.00012    1
   4    0    9   0.881196     0.080225     0.376123     0.384583   47.46586    0.00009    1
   0   -2  -10   0.880460    -0.050248    -0.799854     0.801431   47.50796    0.00039    1
   0   -2   10   0.880460     0.340348    -0.869023     0.933294   47.50796    0.00052    1
   0    2  -10   0.880460     0.335300     0.871018     0.933327   47.50796    0.00052    1
   0    2   10   0.880460    -0.054734     0.799602     0.801473   47.50796    0.00039    1
  -4   -7   -4   0.879593     0.388017     0.333270     0.511494   47.55770    0.00016    1
  -4    7   -4   0.879593     0.246781    -0.133140     0.280406   47.55770    0.00005    1
  -4    7    4   0.879593     0.253412    -0.302180     0.394374   47.55770    0.00009    1
   4   -7   -4   0.879593     0.252352     0.303616     0.394796   47.55770    0.00009    1
   4   -7    4   0.879593     0.247267     0.134946     0.281694   47.55770    0.00005    1
   4    7    4   0.879593     0.389458    -0.331279     0.511296   47.55770    0.00016    1
  -4   -7    4   0.879593     0.297058     0.221197     0.370367   47.55770    0.00008    1
   4    7   -4   0.879593     0.297001    -0.219646     0.369397   47.55770    0.00008    1
  -8    0   -3   0.879172    -0.331305    -0.236140     0.406848   47.58189    0.00010    1
  -8    0    3   0.879172     0.155743    -0.174315     0.233756   47.58189    0.00003    1
   8    0   -3   0.879172     0.155311     0.177360      0.23575   47.58189    0.00003    1
   8    0    3   0.879172    -0.330831     0.233574     0.404976   47.58189    0.00010    1
  -8   -2   -2   0.877771    -0.030279     0.488987     0.489923   47.66252    0.00014    1
  -8   -2    2   0.877771    -0.098137    -1.074112      1.07859   47.66252    0.00069    1
  -8    2   -2   0.877771    -0.474777    -0.429496     0.640219   47.66252    0.00024    1
  -8    2    2   0.877771     0.520873     0.548461     0.756385   47.66252    0.00034    1
   8   -2   -2   0.877771     0.523826    -0.545040     0.755951   47.66252    0.00034    1
   8   -2    2   0.877771    -0.475835     0.427033     0.639356   47.66252    0.00024    1
   8    2   -2   0.877771    -0.103442     1.074325      1.07929   47.66252    0.00069    1
   8    2    2   0.877771    -0.026852    -0.489377     0.490113   47.66252    0.00014    1
  -2    0  -10   0.877537     0.498860     0.288740     0.576396   47.67601    0.00020    1
  -2    0   10   0.877537     0.540993     0.137069     0.558087   47.67601    0.00019    1
   2    0  -10   0.877537     0.542084    -0.134324     0.558478   47.67601    0.00019    1
   2    0   10   0.877537     0.500149    -0.285492     0.575895   47.67601    0.00020    1
  -6   -6   -2   0.876050     0.072981    -0.343982     0.351639   47.76195    0.00007    1
  -6   -6    2   0.876050    -0.026780     0.329400     0.330487   47.76195    0.00006    1
  -6    6   -2   0.876050    -0.017866    -0.218880     0.219608   47.76195    0.00003    1
  -6    6    2   0.876050     0.109866     0.144202     0.181287   47.76195    0.00002    1
   6   -6   -2   0.876050     0.111039    -0.142528     0.180677   47.76195    0.00002    1
   6   -6    2   0.876050    -0.019930     0.217869     0.218778   47.76195    0.00003    1
   6    6   -2   0.876050    -0.024685    -0.328345     0.329271   47.76195    0.00006    1
   6    6    2   0.876050     0.070151     0.343673     0.350759   47.76195    0.00007    1
  -4   -1   -9   0.875658    -0.202367    -0.025869     0.204013   47.78468    0.00002    1
  -4   -1    9   0.875658    -0.287202    -0.355400      0.45694   47.78468    0.00012    1
  -4    1   -9   0.875658     0.067122     0.640814      0.64432   47.78468    0.00025    1
  -4    1    9   0.875658    -0.315257     0.014608     0.315595   47.78468    0.00006    1
   4   -1   -9   0.875658    -0.315151    -0.016519     0.315583   47.78468    0.00006    1
   4   -1    9   0.875658     0.070323    -0.640876     0.644722   47.78468    0.00025    1
   4    1   -9   0.875658    -0.288705     0.353643     0.456524   47.78468    0.00012    1
   4    1    9   0.875658    -0.202191     0.024590      0.20368   47.78468    0.00002    1
  -4   -5   -7   0.875557     0.481408     0.122975     0.496867   47.79056    0.00015    1
  -4    5   -7   0.875557     0.532027     0.249394      0.58758   47.79056    0.00020    1
  -4    5    7   0.875557     0.499374    -0.288814     0.576878   47.79056    0.00020    1
   4   -5   -7   0.875557     0.497625     0.292028     0.576985   47.79056    0.00020    1
   4   -5    7   0.875557     0.534355    -0.245319     0.587977   47.79056    0.00020    1
   4    5    7   0.875557     0.481492    -0.119793      0.49617   47.79056    0.00015    1
  -4   -5    7   0.875557     0.481430    -0.211601      0.52588   47.79056    0.00016    1
   4    5   -7   0.875557     0.479205     0.214760     0.525128   47.79056    0.00016    1
  -3   -3   -9   0.875230    -0.332173     0.528245     0.624005   47.80950    0.00023    1
  -3   -3    9   0.875230    -0.595348     0.181723     0.622465   47.80950    0.00023    1
  -3    3   -9   0.875230    -0.751784    -0.479090     0.891463   47.80950    0.00047    1
  -3    3    9   0.875230     0.402440    -0.262033     0.480229   47.80950    0.00014    1
   3   -3   -9   0.875230     0.402637     0.262734     0.480776   47.80950    0.00014    1
   3   -3    9   0.875230    -0.752446     0.476361     0.890559   47.80950    0.00047    1
   3    3   -9   0.875230    -0.595425    -0.182624     0.622802   47.80950    0.00023    1
   3    3    9   0.875230    -0.331287    -0.530925     0.625805   47.80950    0.00023    1
  -1   -2  -10   0.874216     0.418331    -0.406864     0.583558   47.86841    0.00020    1
  -1   -2   10   0.874216     0.205666     0.149914     0.254505   47.86841    0.00004    1
  -1    2  -10   0.874216    -0.508430     0.460618     0.686054   47.86841    0.00028    1
  -1    2   10   0.874216    -0.896435     0.002674     0.896439   47.86841    0.00047    1
   1   -2  -10   0.874216    -0.896236    -0.007212     0.896265   47.86841    0.00047    1
   1   -2   10   0.874216    -0.505528    -0.464261     0.686365   47.86841    0.00028    1
   1    2  -10   0.874216     0.206099    -0.148018     0.253744   47.86841    0.00004    1
   1    2   10   0.874216     0.416502     0.409134     0.583836   47.86841    0.00020    1
  -8   -1   -3   0.873672     0.570544    -0.027967     0.571229   47.90012    0.00019    1
  -8   -1    3   0.873672     0.291385     0.065731     0.298707   47.90012    0.00005    1
  -8    1   -3   0.873672    -0.056579     0.208823     0.216352   47.90012    0.00003    1
  -8    1    3   0.873672    -0.154284     0.285598     0.324607   47.90012    0.00006    1
   8   -1   -3   0.873672    -0.152350    -0.286206     0.324229   47.90012    0.00006    1
   8   -1    3   0.873672    -0.054703    -0.209942     0.216952   47.90012    0.00003    1
   8    1   -3   0.873672     0.291899    -0.063359     0.298696   47.90012    0.00005    1
   8    1    3   0.873672     0.570665     0.031192     0.571517   47.90012    0.00019    1
  -5   -2   -8   0.873226   -19.146538    18.026233      26.2971   47.92608    0.40673    1
   5    2    8   0.873226   -19.040380   -18.137687      26.2966   47.92608    0.40672    1
  -5   -2    8   0.873226   -23.451181    11.674047      26.1962   47.92608    0.40362    1
  -5    2   -8   0.873226    17.046823   -19.870959      26.1811   47.92608    0.40315    1
  -5    2    8   0.873226    22.789440   -13.125417       26.299   47.92608    0.40679    1
   5   -2   -8   0.873226    22.712039    13.258457      26.2987   47.92608    0.40678    1
   5   -2    8   0.873226    16.931162    19.971528      26.1826   47.92608    0.40319    1
   5    2   -8   0.873226   -23.383693   -11.811681      26.1976   47.92608    0.40366    1
  -5   -5   -6   0.873138    15.794641    21.025609      26.2973   47.93122    0.40664    1
   5    5    6   0.873138    15.916456   -20.931478      26.2956   47.93122    0.40659    1
  -5   -5    6   0.873138   -10.610952   -23.970802      26.2143   47.93122    0.40408    1
  -5    5   -6   0.873138   -19.867264   -17.122010      26.2273   47.93122    0.40448    1
  -5    5    6   0.873138    15.094153    21.541944      26.3038   47.93122    0.40684    1
   5   -5   -6   0.873138    15.218945   -21.451664      26.3019   47.93122    0.40678    1
   5   -5    6   0.873138   -19.966041    17.004391      26.2258   47.93122    0.40443    1
   5    5   -6   0.873138   -10.750562    23.906945      26.2129   47.93122    0.40403    1
  -5   -7   -2   0.873038    14.020677    22.032418      26.1153   47.93709    0.40092    1
  -5   -7    2   0.873038   -11.980019   -23.246736      26.1521   47.93709    0.40205    1
  -5    7   -2   0.873038   -19.508076   -17.457277      26.1786   47.93709    0.40286    1
  -5    7    2   0.873038    18.284103    18.690966      26.1469   47.93709    0.40189    1
   5   -7   -2   0.873038    18.394461   -18.584950      26.1487   47.93709    0.40194    1
   5   -7    2   0.873038   -19.610169    17.343010       26.179   47.93709    0.40287    1
   5    7   -2   0.873038   -12.116029    23.176591      26.1525   47.93709    0.40206    1
   5    7    2   0.873038    14.150288   -21.951454       26.117   47.93709    0.40097    1
  -7   -5    0   0.872152    -0.047292     0.000080    0.0472918   47.98883    0.00000    1
  -7    5    0   0.872152     0.003589    -0.472031     0.472045   47.98883    0.00013    1
   7   -5    0   0.872152     0.001756     0.472359     0.472362   47.98883    0.00013    1
   7    5    0   0.872152    -0.046295    -0.000710    0.0463007   47.98883    0.00000    1
  -2   -1  -10   0.872067    10.056821     6.448015      11.9464   47.99377    0.08367    1
  -2   -1   10   0.872067    -7.629462    -8.951197      11.7615   47.99377    0.08110    1
  -2    1  -10   0.872067    10.671808     4.876551      11.7332   47.99377    0.08071    1
  -2    1   10   0.872067    -7.233697    -9.483127      11.9271   47.99377    0.08340    1
   2   -1  -10   0.872067    -7.288122     9.441494      11.9272   47.99377    0.08340    1
   2   -1   10   0.872067    10.699243    -4.815110      11.7328   47.99377    0.08071    1
   2    1  -10   0.872067    -7.680496     8.907047      11.7612   47.99377    0.08110    1
   2    1   10   0.872067    10.093473    -6.390029      11.9462   47.99377    0.08367    1
  -2   -7   -6   0.871867    -8.411747    -8.541080      11.9878   48.00549    0.08420    1
  -2    7   -6   0.871867   -10.695473    -5.130003      11.8621   48.00549    0.08245    1
  -2    7    6   0.871867     8.823118     8.143134      12.0066   48.00549    0.08447    1
   2   -7   -6   0.871867     8.869828    -8.092386      12.0067   48.00549    0.08447    1
   2   -7    6   0.871867   -10.724920     5.068592      11.8623   48.00549    0.08245    1
   2    7    6   0.871867    -8.460998     8.492905      11.9882   48.00549    0.08421    1
  -2   -7    6   0.871867     6.708830     9.767550      11.8496   48.00549    0.08227    1
   2    7   -6   0.871867     6.765096    -9.729293      11.8501   48.00549    0.08228    1
  -2   -8   -4   0.871805    -7.364160     9.088481      11.6975   48.00916    0.08016    1
  -2   -8    4   0.871805    -9.020575     7.541174      11.7576   48.00916    0.08099    1
  -2    8   -4   0.871805    -4.538290    10.874825      11.7838   48.00916    0.08135    1
  -2    8    4   0.871805    -5.785882    10.213775      11.7387   48.00916    0.08073    1
   2   -8   -4   0.871805    -5.727082   -10.246494      11.7384   48.00916    0.08072    1
   2   -8    4   0.871805    -4.475841   -10.900556      11.7837   48.00916    0.08135    1
   2    8   -4   0.871805    -8.977373    -7.592893      11.7578   48.00916    0.08099    1
   2    8    4   0.871805    -7.311776    -9.130337      11.6972   48.00916    0.08016    1
  -3   -8   -3   0.869580    -0.064492     0.066010    0.0922851   48.13976    0.00000    1
  -3    8   -3   0.869580     0.202204     0.362276     0.414886   48.13976    0.00010    1
  -3    8    3   0.869580    -0.376380    -0.074976     0.383775   48.13976    0.00009    1
   3   -8   -3   0.869580    -0.376445     0.074263     0.383701   48.13976    0.00009    1
   3   -8    3   0.869580     0.204384    -0.362533     0.416177   48.13976    0.00010    1
   3    8    3   0.869580    -0.064050    -0.064942    0.0912134   48.13976    0.00000    1
  -3   -8    3   0.869580     0.281501     0.025704     0.282672   48.13976    0.00005    1
   3    8   -3   0.869580     0.280752    -0.025409       0.2819   48.13976    0.00005    1
   0   -9    0   0.869204     0.006432    -0.035407    0.0359863   48.16185    0.00000    1
   0    9    0   0.869204     0.006220     0.035483    0.0360236   48.16185    0.00000    1
  -5   -4   -7   0.869128     0.336824     0.140443     0.364931   48.16636    0.00008    1
  -5   -4    7   0.869128    -0.503666    -0.313633     0.593334   48.16636    0.00020    1
  -5    4   -7   0.869128    -0.046236     0.244901     0.249228   48.16636    0.00004    1
  -5    4    7   0.869128     0.401570    -0.037315       0.4033   48.16636    0.00009    1
   5   -4   -7   0.869128     0.401194     0.039665      0.40315   48.16636    0.00009    1
   5   -4    7   0.869128    -0.045416    -0.245922     0.250081   48.16636    0.00004    1
   5    4   -7   0.869128    -0.504440     0.311115     0.592665   48.16636    0.00020    1
   5    4    7   0.869128     0.337786    -0.138299     0.365002   48.16636    0.00008    1
  -4   -6   -6   0.868741     0.633328    -0.276393     0.691012   48.18917    0.00028    1
   4    6    6   0.868741     0.632425     0.280559     0.691863   48.18917    0.00028    1
  -4   -6    6   0.868741     0.163284     0.138550     0.214144   48.18917    0.00003    1
  -4    6   -6   0.868741     0.542301    -0.417077     0.684138   48.18917    0.00027    1
  -4    6    6   0.868741     0.267652     0.114180     0.290989   48.18917    0.00005    1
   4   -6   -6   0.868741     0.267416    -0.112428     0.290089   48.18917    0.00005    1
   4   -6    6   0.868741     0.540857     0.420115     0.684852   48.18917    0.00027    1
   4    6   -6   0.868741     0.163241    -0.137683     0.213551   48.18917    0.00003    1
  -7   -5   -1   0.868118     0.326917    -0.374163     0.496863   48.22595    0.00014    1
  -7   -5    1   0.868118     0.603669    -0.012799     0.603805   48.22595    0.00021    1
   7    5   -1   0.868118     0.604048     0.015611      0.60425   48.22595    0.00021    1
   7    5    1   0.868118     0.325690     0.375422     0.497006   48.22595    0.00014    1
  -7    5   -1   0.868118    -0.337360     0.314561     0.461259   48.22595    0.00012    1
  -7    5    1   0.868118    -0.637921    -0.260850     0.689192   48.22595    0.00028    1
   7   -5   -1   0.868118    -0.638224     0.257807     0.688327   48.22595    0.00027    1
   7   -5    1   0.868118    -0.335170    -0.315931     0.460599   48.22595    0.00012    1
  -2   -4   -9   0.867973     0.353491     0.399977     0.533796   48.23452    0.00017    1
  -2   -4    9   0.867973    -0.121779    -0.269907     0.296108   48.23452    0.00005    1
  -2    4   -9   0.867973    -0.209084     0.003819     0.209119   48.23452    0.00003    1
  -2    4    9   0.867973    -0.003880    -0.193224     0.193263   48.23452    0.00002    1
   2   -4   -9   0.867973    -0.005350     0.192917     0.192992   48.23452    0.00002    1
   2   -4    9   0.867973    -0.209026    -0.004974     0.209085   48.23452    0.00003    1
   2    4   -9   0.867973    -0.123279     0.269323     0.296197   48.23452    0.00005    1
   2    4    9   0.867973     0.355608    -0.398233     0.533897   48.23452    0.00017    1
  -8   -3    0   0.866912    -0.101417    -0.628166     0.636301   48.29733    0.00023    1
  -8    3    0   0.866912    -0.346860    -0.490919     0.601093   48.29733    0.00021    1
   8   -3    0   0.866912    -0.350009     0.489355     0.601643   48.29733    0.00021    1
   8    3    0   0.866912    -0.104861     0.626913     0.635623   48.29733    0.00023    1
  -6   -2   -7   0.866731     0.027376     0.447750     0.448586   48.30805    0.00012    1
  -6    2   -7   0.866731     0.214580    -0.199346     0.292889   48.30805    0.00005    1
  -6    2    7   0.866731     0.016147    -0.317592     0.318002   48.30805    0.00006    1
   6   -2   -7   0.866731     0.015441     0.317360     0.317735   48.30805    0.00006    1
   6   -2    7   0.866731     0.213190     0.200622     0.292744   48.30805    0.00005    1
   6    2    7   0.866731     0.031185    -0.448140     0.449224   48.30805    0.00012    1
  -6   -2    7   0.866731     0.032199    -0.236350     0.238533   48.30805    0.00003    1
   6    2   -7   0.866731     0.030619     0.237068     0.239037   48.30805    0.00003    1
   0   -9   -1   0.865211    -0.045443    -0.107054       0.1163   48.39833    0.00001    1
   0   -9    1   0.865211    -0.052999    -0.113173     0.124968   48.39833    0.00001    1
   0    9   -1   0.865211    -0.053692     0.112713     0.124848   48.39833    0.00001    1
   0    9    1   0.865211    -0.046078     0.106983     0.116484   48.39833    0.00001    1
  -4   -4   -8   0.863518    -1.058730     0.386059      1.12692   48.49931    0.00073    1
   4    4    8   0.863518    -1.056345    -0.393071      1.12711   48.49931    0.00073    1
  -4   -4    8   0.863518     0.054063     0.091941     0.106658   48.49931    0.00001    1
  -4    4   -8   0.863518     0.157334     0.008838     0.157582   48.49931    0.00001    1
  -4    4    8   0.863518    -1.032477     0.229544      1.05769   48.49931    0.00064    1
   4   -4   -8   0.863518    -1.031186    -0.236406      1.05794   48.49931    0.00064    1
   4   -4    8   0.863518     0.157273    -0.007987     0.157476   48.49931    0.00001    1
   4    4   -8   0.863518     0.054447    -0.091527     0.106497   48.49931    0.00001    1
  -4   -8    0   0.863324     1.043353    -0.013133      1.04344   48.51094    0.00062    1
  -4    8    0   0.863324     0.931657    -0.288473     0.975295   48.51094    0.00054    1
   4   -8    0   0.863324     0.929823     0.294616     0.975382   48.51094    0.00054    1
   4    8    0   0.863324     1.043354     0.020044      1.04355   48.51094    0.00062    1
  -1   -9    0   0.863195     0.404188    -0.170744     0.438773   48.51863    0.00011    1
  -1    9    0   0.863195    -0.538609    -0.006153     0.538644   48.51863    0.00017    1
   1   -9    0   0.863195    -0.537869     0.003980     0.537884   48.51863    0.00017    1
   1    9    0   0.863195     0.404644     0.173165      0.44014   48.51863    0.00011    1
  -8   -3   -1   0.862950     0.302065     0.498258      0.58267   48.53331    0.00019    1
  -8   -3    1   0.862950     0.207797     0.555314     0.592919   48.53331    0.00020    1
  -8    3   -1   0.862950     0.229004     0.611952     0.653397   48.53331    0.00024    1
  -8    3    1   0.862950     0.064245     0.691926     0.694902   48.53331    0.00028    1
   8   -3   -1   0.862950     0.066983    -0.690735     0.693975   48.53331    0.00028    1
   8   -3    1   0.862950     0.231762    -0.610894      0.65338   48.53331    0.00024    1
   8    3   -1   0.862950     0.210397    -0.554712     0.593272   48.53331    0.00020    1
   8    3    1   0.862950     0.304443    -0.497593     0.583339   48.53331    0.00019    1
  -7    0   -6   0.861618     0.023446     0.054453    0.0592856   48.61317    0.00000    1
   7    0    6   0.861618     0.023744    -0.054359    0.0593183   48.61317    0.00000    1
  -7    0    6   0.861618    -0.421648    -0.062970     0.426325   48.61317    0.00010    1
   7    0   -6   0.861618    -0.422040     0.060373     0.426336   48.61317    0.00010    1
   0   -8   -5   0.860039     0.258821    -0.165553      0.30724   48.70819    0.00005    1
   0    8    5   0.860039     0.257854     0.167029     0.307225   48.70819    0.00005    1
   0   -8    5   0.860039     0.135970    -0.034351     0.140242   48.70819    0.00001    1
   0    8   -5   0.860039     0.135755     0.035129     0.140227   48.70819    0.00001    1
  -4   -2   -9   0.859651     0.022228     0.377661     0.378315   48.73166    0.00008    1
  -4   -2    9   0.859651    -0.170171    -0.390639     0.426095   48.73166    0.00010    1
  -4    2   -9   0.859651    -0.269836     0.427422     0.505471   48.73166    0.00014    1
  -4    2    9   0.859651    -0.226586    -0.446588     0.500782   48.73166    0.00014    1
   4   -2   -9   0.859651    -0.229024     0.446050     0.501411   48.73166    0.00014    1
   4   -2    9   0.859651    -0.267077    -0.429682     0.505921   48.73166    0.00014    1
   4    2   -9   0.859651    -0.172176     0.388935     0.425342   48.73166    0.00010    1
   4    2    9   0.859651     0.024199    -0.376945     0.377721   48.73166    0.00008    1
  -4   -8   -1   0.859411    -0.259888     0.530087     0.590368   48.74615    0.00020    1
  -4   -8    1   0.859411    -0.256548    -0.553471     0.610039   48.74615    0.00021    1
  -4    8   -1   0.859411    -0.186050     0.632186     0.658994   48.74615    0.00025    1
  -4    8    1   0.859411    -0.575511    -0.395030     0.698042   48.74615    0.00028    1
   4   -8   -1   0.859411    -0.578350     0.391711     0.698517   48.74615    0.00028    1
   4   -8    1   0.859411    -0.181510    -0.634444     0.659898   48.74615    0.00025    1
   4    8   -1   0.859411    -0.260266     0.551157     0.609518   48.74615    0.00021    1
   4    8    1   0.859411    -0.256450    -0.531753     0.590363   48.74615    0.00020    1
  -1   -9   -1   0.859284     0.597334    -0.764312     0.970042   48.75381    0.00053    1
  -1   -9    1   0.859284     0.718341     0.268564     0.766904   48.75381    0.00033    1
  -1    9   -1   0.859284    -0.436901     0.711413      0.83486   48.75381    0.00039    1
  -1    9    1   0.859284    -1.001699    -0.299937      1.04564   48.75381    0.00062    1
   1   -9   -1   0.859284    -1.002305     0.294975      1.04481   48.75381    0.00062    1
   1   -9    1   0.859284    -0.431870    -0.713242     0.833802   48.75381    0.00039    1
   1    9   -1   0.859284     0.720832    -0.264213     0.767729   48.75381    0.00033    1
   1    9    1   0.859284     0.594031     0.768087     0.970995   48.75381    0.00053    1
  -3   -6   -7   0.859150     0.063588     0.694715     0.697619   48.76192    0.00028    1
   3    6    7   0.859150     0.066079    -0.693164     0.696306   48.76192    0.00027    1
  -3   -6    7   0.859150     0.198487    -0.316831      0.37387   48.76192    0.00008    1
  -3    6   -7   0.859150    -0.145606     0.517104     0.537213   48.76192    0.00016    1
  -3    6    7   0.859150    -0.026494    -0.133178     0.135787   48.76192    0.00001    1
   3   -6   -7   0.859150    -0.025095     0.133177     0.135521   48.76192    0.00001    1
   3   -6    7   0.859150    -0.143148    -0.518695     0.538086   48.76192    0.00016    1
   3    6   -7   0.859150     0.196724     0.317245     0.373289   48.76192    0.00008    1
  -5   -6   -5   0.858523     0.290212    -0.467208     0.550006   48.79984    0.00017    1
  -5   -6    5   0.858523    -0.037666     0.479867     0.481343   48.79984    0.00013    1
  -5    6   -5   0.858523    -0.694061    -0.027382     0.694601   48.79984    0.00027    1
  -5    6    5   0.858523     0.042743    -0.374966     0.377394   48.79984    0.00008    1
   5   -6   -5   0.858523     0.041850     0.374991     0.377319   48.79984    0.00008    1
   5   -6    5   0.858523    -0.694574     0.024432     0.695003   48.79984    0.00027    1
   5    6   -5   0.858523    -0.035569    -0.479342      0.48066   48.79984    0.00013    1
   5    6    5   0.858523     0.287120     0.467430      0.54857   48.79984    0.00017    1
  -3   -5   -8   0.857902     0.274074    -0.009516     0.274239   48.83746    0.00004    1
  -3    5   -8   0.857902    -0.610367     0.037919     0.611544   48.83746    0.00021    1
  -3    5    8   0.857902     0.523945     0.491382     0.718314   48.83746    0.00029    1
   3   -5   -8   0.857902     0.526957    -0.488980     0.718878   48.83746    0.00029    1
   3   -5    8   0.857902    -0.609912    -0.041271     0.611307   48.83746    0.00021    1
   3    5    8   0.857902     0.273617     0.010349     0.273813   48.83746    0.00004    1
  -3   -5    8   0.857902     0.515716    -0.095941     0.524564   48.83746    0.00016    1
   3    5   -8   0.857902     0.515075     0.099400     0.524579   48.83746    0.00016    1
  -8   -2   -3   0.857771     0.451526     0.473018     0.653928   48.84542    0.00024    1
  -8   -2    3   0.857771    -0.240186    -0.418680     0.482683   48.84542    0.00013    1
  -8    2   -3   0.857771    -0.008166    -0.377323     0.377411   48.84542    0.00008    1
  -8    2    3   0.857771    -0.030759     0.311496     0.313011   48.84542    0.00006    1
   8   -2   -3   0.857771    -0.029115    -0.312379     0.313733   48.84542    0.00006    1
   8   -2    3   0.857771    -0.010443     0.377620     0.377765   48.84542    0.00008    1
   8    2   -3   0.857771    -0.242025     0.416877      0.48204   48.84542    0.00013    1
   8    2    3   0.857771     0.453558    -0.470330     0.653395   48.84542    0.00024    1
  -7   -3   -5   0.857692     0.320570    -0.212204     0.384442   48.85018    0.00008    1
  -7   -3    5   0.857692     0.389430     0.079915     0.397545   48.85018    0.00009    1
  -7    3   -5   0.857692    -0.330696     0.281701     0.434413   48.85018    0.00011    1
  -7    3    5   0.857692    -0.406875    -0.382858     0.558684   48.85018    0.00018    1
   7   -3   -5   0.857692    -0.408565     0.381363     0.558895   48.85018    0.00018    1
   7   -3    5   0.857692    -0.329071    -0.282830     0.433913   48.85018    0.00011    1
   7    3   -5   0.857692     0.389877    -0.078596      0.39772   48.85018    0.00009    1
   7    3    5   0.857692     0.319862     0.213272     0.384443   48.85018    0.00008    1
  -7   -1   -6   0.856439    10.504500    -1.190399      10.5717   48.92635    0.06272    1
   7    1    6   0.856439    10.497939     1.254364      10.5726   48.92635    0.06273    1
  -7   -1    6   0.856439   -10.458174    -1.839411      10.6187   48.92635    0.06328    1
  -7    1   -6   0.856439   -10.568004     1.055068      10.6205   48.92635    0.06330    1
  -7    1    6   0.856439    10.568032     0.924373      10.6084   48.92635    0.06315    1
   7   -1   -6   0.856439    10.574473    -0.860225      10.6094   48.92635    0.06317    1
   7   -1    6   0.856439   -10.562346    -1.119419      10.6215   48.92635    0.06331    1
   7    1   -6   0.856439   -10.469962     1.775912      10.6195   48.92635    0.06329    1
  -7   -4   -4   0.856380    -0.149179   -10.552420      10.5535   48.92996    0.06249    1
   7    4    4   0.856380    -0.213420    10.551481      10.5536   48.92996    0.06249    1
  -7   -4    4   0.856380     2.032921   -10.381464      10.5786   48.92996    0.06279    1
  -7    4   -4   0.856380     1.281375    10.528623      10.6063   48.92996    0.06312    1
  -7    4    4   0.856380     0.101833    10.597989      10.5985   48.92996    0.06303    1
   7   -4   -4   0.856380     0.166340   -10.597159      10.5985   48.92996    0.06303    1
   7   -4    4   0.856380     1.345324   -10.519753      10.6054   48.92996    0.06311    1
   7    4   -4   0.856380     1.969508    10.392763      10.5777   48.92996    0.06278    1
  -7   -5   -2   0.856344    10.489091     1.500548      10.5959   48.93212    0.06299    1
  -7   -5    2   0.856344   -10.337658    -2.284906      10.5872   48.93212    0.06289    1
  -7    5   -2   0.856344   -10.597686     0.764446      10.6252   48.93212    0.06334    1
  -7    5    2   0.856344    10.634665     0.093009      10.6351   48.93212    0.06346    1
   7   -5   -2   0.856344    10.635052    -0.028215      10.6351   48.93212    0.06346    1
   7   -5    2   0.856344   -10.591948    -0.828870      10.6243   48.93212    0.06333    1
   7    5   -2   0.856344   -10.350453     2.221713      10.5862   48.93212    0.06287    1
   7    5    2   0.856344    10.497903    -1.436600      10.5957   48.93212    0.06299    1
  -2   -2  -10   0.856252     0.127916    -0.123026     0.177476   48.93771    0.00002    1
  -2   -2   10   0.856252     0.171941     0.642934     0.665529   48.93771    0.00025    1
  -2    2  -10   0.856252    -0.581705    -0.365122       0.6868   48.93771    0.00026    1
  -2    2   10   0.856252    -0.798085    -0.503732     0.943762   48.93771    0.00050    1
   2   -2  -10   0.856252    -0.801176     0.499568     0.944167   48.93771    0.00050    1
   2   -2   10   0.856252    -0.583684     0.360701     0.686143   48.93771    0.00026    1
   2    2  -10   0.856252     0.175089    -0.641791     0.665245   48.93771    0.00025    1
   2    2   10   0.856252     0.127907     0.123915     0.178087   48.93771    0.00002    1
  -6   -6   -3   0.856165     0.108693     0.153656     0.188214   48.94305    0.00002    1
  -6   -6    3   0.856165     0.013088    -0.084461    0.0854693   48.94305    0.00000    1
  -6    6   -3   0.856165     0.148005     0.378478     0.406388   48.94305    0.00009    1
  -6    6    3   0.856165     0.004803    -0.355228     0.355261   48.94305    0.00007    1
   6   -6   -3   0.856165     0.003444     0.354911     0.354927   48.94305    0.00007    1
   6   -6    3   0.856165     0.150336    -0.377581      0.40641   48.94305    0.00009    1
   6    6   -3   0.856165     0.012618     0.084451    0.0853889   48.94305    0.00000    1
   6    6    3   0.856165     0.110122    -0.153309      0.18876   48.94305    0.00002    1
  -6   -4   -6   0.854965     0.007341    -0.254067     0.254173   49.01622    0.00004    1
   6    4    6   0.854965     0.004885     0.253646     0.253693   49.01622    0.00004    1
  -6   -4    6   0.854965    -0.205500     0.545155     0.582601   49.01622    0.00019    1
  -6    4   -6   0.854965     0.111378    -0.602055      0.61227   49.01622    0.00021    1
  -6    4    6   0.854965     0.383679    -0.294260     0.483527   49.01622    0.00013    1
   6   -4   -6   0.854965     0.381332     0.297744     0.483804   49.01622    0.00013    1
   6   -4    6   0.854965     0.108828     0.601611     0.611375   49.01622    0.00021    1
   6    4   -6   0.854965    -0.200875    -0.546452     0.582203   49.01622    0.00019    1
  -1   -8   -5   0.854217    -0.232829     0.240929     0.335046   49.06199    0.00006    1
  -1   -8    5   0.854217     0.002732    -0.127510     0.127539   49.06199    0.00001    1
  -1    8   -5   0.854217     0.037062    -0.147161     0.151756   49.06199    0.00001    1
  -1    8    5   0.854217     0.137540    -0.005318     0.137643   49.06199    0.00001    1
   1   -8   -5   0.854217     0.137665     0.005953     0.137793   49.06199    0.00001    1
   1   -8    5   0.854217     0.036062     0.147368     0.151717   49.06199    0.00001    1
   1    8   -5   0.854217     0.001959     0.127447     0.127462   49.06199    0.00001    1
   1    8    5   0.854217    -0.231491    -0.241824     0.334764   49.06199    0.00006    1
   0   -3  -10   0.853836     4.298697    31.963396      32.2512   49.08536    0.57942    1
   0   -3   10   0.853836     8.418532   -31.163848      32.2809   49.08536    0.58049    1
   0    3  -10   0.853836     8.233525    31.212999      32.2807   49.08536    0.58048    1
   0    3   10   0.853836     4.488232   -31.937378      32.2512   49.08536    0.57942    1
   0   -6   -8   0.853730    32.265595    -1.035391      32.2822   49.09184    0.58036    1
   0   -6    8   0.853730    30.997115     9.111775      32.3086   49.09184    0.58131    1
   0    6   -8   0.853730    31.050331    -8.927878      32.3084   49.09184    0.58130    1
   0    6    8   0.853730    32.258866     1.226534      32.2822   49.09184    0.58036    1
   0   -9   -2   0.853554    -4.797822    31.888882      32.2478   49.10265    0.57884    1
   0   -9    2   0.853554     7.311694   -31.423754      32.2632   49.10265    0.57939    1
   0    9   -2   0.853554     7.125138    31.466346       32.263   49.10265    0.57938    1
   0    9    2   0.853554    -4.608548   -31.916567      32.2476   49.10265    0.57883    1
  -5   -7   -3   0.853352     0.199980     0.297963     0.358852   49.11501    0.00007    1
  -5   -7    3   0.853352     0.309533     0.011375     0.309742   49.11501    0.00005    1
  -5    7   -3   0.853352     0.222173    -0.551676     0.594733   49.11501    0.00020    1
  -5    7    3   0.853352    -0.080524     0.035647    0.0880613   49.11501    0.00000    1
   5   -7   -3   0.853352    -0.079646    -0.034661    0.0868609   49.11501    0.00000    1
   5   -7    3   0.853352     0.220650     0.553613     0.595965   49.11501    0.00020    1
   5    7   -3   0.853352     0.308705    -0.010915     0.308898   49.11501    0.00005    1
   5    7    3   0.853352     0.200079    -0.297276     0.358336   49.11501    0.00007    1
  -8    0   -4   0.851417   -28.308216    15.415832      32.2336   49.23403    0.57482    1
  -8    0    4   0.851417   -30.390342    10.722672      32.2265   49.23403    0.57457    1
   8    0   -4   0.851417   -30.327247   -10.903454      32.2277   49.23403    0.57462    1
   8    0    4   0.851417   -28.217363   -15.584434       32.235   49.23403    0.57487    1
  -8   -3   -2   0.851382    12.231658    29.786875      32.2005   49.23618    0.57359    1
  -8   -3    2   0.851382    -9.612044   -30.732900       32.201   49.23618    0.57360    1
  -8    3   -2   0.851382    15.655255    28.153674      32.2136   49.23618    0.57405    1
  -8    3    2   0.851382   -13.560613   -29.204568      32.1993   49.23618    0.57355    1
   8   -3   -2   0.851382   -13.734105    29.123523      32.1995   49.23618    0.57355    1
   8   -3    2   0.851382    15.821828   -28.059130      32.2125   49.23618    0.57402    1
   8    3   -2   0.851382    -9.794171    30.673800      32.1995   49.23618    0.57355    1
   8    3    2   0.851382    12.408537   -29.713545      32.2004   49.23618    0.57358    1
  -6   -5   -5   0.851129     0.477173    -0.001202     0.477175   49.25179    0.00013    1
  -6    5   -5   0.851129    -0.102712    -0.257798     0.277506   49.25179    0.00004    1
  -6    5    5   0.851129     0.258116     0.055016     0.263914   49.25179    0.00004    1
   6   -5   -5   0.851129     0.257460    -0.053032     0.262865   49.25179    0.00004    1
   6   -5    5   0.851129    -0.105430     0.256579     0.277395   49.25179    0.00004    1
   6    5    5   0.851129     0.476265     0.004515     0.476286   49.25179    0.00013    1
  -6   -5    5   0.851129     0.231002     0.190621     0.299496   49.25179    0.00005    1
   6    5   -5   0.851129     0.231697    -0.188029     0.298393   49.25179    0.00005    1
  -1   -3  -10   0.848137     0.791609     1.291746      1.51501   49.43715    0.00126    1
  -1   -3   10   0.848137    -0.035971     0.130338     0.135211   49.43715    0.00001    1
  -1    3  -10   0.848137     0.060936     0.144893     0.157185   49.43715    0.00001    1
  -1    3   10   0.848137     0.360830     1.452440      1.49659   49.43715    0.00123    1
   1   -3  -10   0.848137     0.368421    -1.450679      1.49673   49.43715    0.00123    1
   1   -3   10   0.848137     0.063036    -0.143249     0.156505   49.43715    0.00001    1
   1    3  -10   0.848137    -0.033491    -0.130154     0.134393   49.43715    0.00001    1
   1    3   10   0.848137     0.798455    -1.287722      1.51518   49.43715    0.00126    1
  -1   -6   -8   0.848034     1.359015    -0.625651      1.49612   49.44360    0.00123    1
  -1   -6    8   0.848034    -0.097950    -0.009239    0.0983843   49.44360    0.00001    1
  -1    6   -8   0.848034     0.092206    -0.079859     0.121981   49.44360    0.00001    1
  -1    6    8   0.848034    -1.388539     0.492003      1.47313   49.44360    0.00119    1
   1   -6   -8   0.848034    -1.385432    -0.500886       1.4732   49.44360    0.00119    1
   1   -6    8   0.848034     0.092829     0.079040      0.12192   49.44360    0.00001    1
   1    6   -8   0.848034    -0.098142     0.010414    0.0986931   49.44360    0.00001    1
   1    6    8   0.848034     1.355078     0.634317      1.49619   49.44360    0.00123    1
  -4   -8   -2   0.847983     0.081987     0.174409     0.192718   49.44677    0.00002    1
  -4   -8    2   0.847983     0.011283    -0.175974     0.176335   49.44677    0.00002    1
  -4    8   -2   0.847983     0.248844     0.048832      0.25359   49.44677    0.00004    1
  -4    8    2   0.847983    -0.156295    -0.106416     0.189083   49.44677    0.00002    1
   4   -8   -2   0.847983    -0.157981     0.105810     0.190141   49.44677    0.00002    1
   4   -8    2   0.847983     0.250116    -0.047395     0.254567   49.44677    0.00004    1
   4    8   -2   0.847983     0.009354     0.175359     0.175608   49.44677    0.00002    1
   4    8    2   0.847983     0.083852    -0.172835     0.192102   49.44677    0.00002    1
  -3    0  -10   0.847870    -0.014343     0.360630     0.360915   49.45377    0.00007    1
  -3    0   10   0.847870    -0.598507     1.216719      1.35596   49.45377    0.00101    1
   3    0  -10   0.847870    -0.592516    -1.219684      1.35599   49.45377    0.00101    1
   3    0   10   0.847870    -0.010491    -0.360740     0.360892   49.45377    0.00007    1
  -1   -9   -2   0.847861     0.283309     1.389107       1.4177   49.45435    0.00110    1
  -1   -9    2   0.847861    -0.180684    -1.345927        1.358   49.45435    0.00101    1
  -1    9   -2   0.847861    -0.741904    -1.118502      1.34219   49.45435    0.00099    1
  -1    9    2   0.847861     0.658565     1.238097      1.40235   49.45435    0.00108    1
   1   -9   -2   0.847861     0.666294    -1.233600      1.40204   49.45435    0.00108    1
   1   -9    2   0.847861    -0.747516     1.114580      1.34204   49.45435    0.00099    1
   1    9   -2   0.847861    -0.187531     1.344819      1.35783   49.45435    0.00101    1
   1    9    2   0.847861     0.292062    -1.386964      1.41738   49.45435    0.00110    1
  -5   -3   -8   0.847233    -0.201264     0.156202     0.254767   49.49345    0.00004    1
  -5    3   -8   0.847233    -0.395307     0.621939     0.736937   49.49345    0.00030    1
  -5    3    8   0.847233     0.823969    -0.420107     0.924886   49.49345    0.00047    1
   5   -3   -8   0.847233     0.820690     0.424872     0.924147   49.49345    0.00047    1
   5   -3    8   0.847233    -0.393422    -0.623709     0.737424   49.49345    0.00030    1
   5    3    8   0.847233    -0.200042    -0.156615     0.254057   49.49345    0.00004    1
  -5   -3    8   0.847233     0.766686    -0.433730     0.880869   49.49345    0.00042    1
   5    3   -8   0.847233     0.763888     0.440476     0.881784   49.49345    0.00043    1
  -8   -1   -4   0.846419     0.067305    -0.483303     0.487967   49.54428    0.00013    1
  -8   -1    4   0.846419     0.742848    -0.764747      1.06614   49.54428    0.00062    1
  -8    1   -4   0.846419    -0.382889    -0.260190     0.462928   49.54428    0.00012    1
  -8    1    4   0.846419    -1.049277    -0.129928      1.05729   49.54428    0.00061    1
   8   -1   -4   0.846419    -1.049336     0.124317      1.05667   49.54428    0.00061    1
   8   -1    4   0.846419    -0.383591     0.258285     0.462442   49.54428    0.00012    1
   8    1   -4   0.846419     0.739088     0.769565        1.067   49.54428    0.00062    1
   8    1    4   0.846419     0.065168     0.484196     0.488562   49.54428    0.00013    1
  -2   -9    0   0.845889     0.249221     0.053970     0.254998   49.57741    0.00004    1
  -2    9    0   0.845889     0.122811     0.076456     0.144665   49.57741    0.00001    1
   2   -9    0   0.845889     0.123106    -0.076066     0.144711   49.57741    0.00001    1
   2    9    0   0.845889     0.249273    -0.052740     0.254791   49.57741    0.00004    1
   0   -5   -9   0.845018     0.454029    -0.080957      0.46119   49.63196    0.00012    1
   0   -5    9   0.845018     0.106319     0.066059      0.12517   49.63196    0.00001    1
   0    5   -9   0.845018     0.106595    -0.065603     0.125165   49.63196    0.00001    1
   0    5    9   0.845018     0.453595     0.083565     0.461229   49.63196    0.00012    1
   0   -7   -7   0.844927    -0.366852    -0.032720     0.368308   49.63768    0.00007    1
   0   -7    7   0.844927    -0.179779     0.034697     0.183097   49.63768    0.00002    1
   0    7   -7   0.844927    -0.179554    -0.035607     0.183051   49.63768    0.00002    1
   0    7    7   0.844927    -0.367023     0.030542     0.368291   49.63768    0.00007    1
  -4   -7   -5   0.844331     0.343298    -0.115042     0.362061   49.67511    0.00007    1
  -4   -7    5   0.844331     0.404604     0.539134     0.674069   49.67511    0.00025    1
  -4    7   -5   0.844331     0.044585    -0.786035     0.787299   49.67511    0.00034    1
  -4    7    5   0.844331     0.458432    -0.012439     0.458601   49.67511    0.00011    1
   4   -7   -5   0.844331     0.459203     0.016653     0.459505   49.67511    0.00011    1
   4   -7    5   0.844331     0.039336     0.787281     0.788263   49.67511    0.00034    1
   4    7   -5   0.844331     0.407655    -0.535442     0.672964   49.67511    0.00025    1
   4    7    5   0.844331     0.341351     0.118044     0.361186   49.67511    0.00007    1
  -3   -1  -10   0.842934     1.876712   -25.114765      25.1848   49.76301    0.34248    1
  -3   -1   10   0.842934   -11.144524    22.706960      25.2944   49.76301    0.34547    1
  -3    1  -10   0.842934    -0.467875    25.319457      25.3238   49.76301    0.34627    1
  -3    1   10   0.842934    10.434316   -22.882580      25.1493   49.76301    0.34152    1
   3   -1  -10   0.842934    10.295334    22.945036      25.1489   49.76301    0.34151    1
   3   -1   10   0.842934    -0.314530   -25.321318      25.3233   49.76301    0.34626    1
   3    1  -10   0.842934   -11.006537   -22.773700       25.294   49.76301    0.34546    1
   3    1   10   0.842934     1.724551    25.125159      25.1843   49.76301    0.34247    1
  -3   -7   -6   0.842753    -6.892361    24.188661      25.1515   49.77442    0.34140    1
  -3   -7    6   0.842753    12.186718   -22.095862      25.2338   49.77442    0.34363    1
  -3    7   -6   0.842753    -0.518378   -25.229459      25.2348   49.77442    0.34366    1
  -3    7    6   0.842753    -5.680358    24.468837      25.1195   49.77442    0.34053    1
   3   -7   -6   0.842753    -5.532105   -24.502746      25.1195   49.77442    0.34053    1
   3   -7    6   0.842753    -0.671118    25.226159      25.2351   49.77442    0.34367    1
   3    7   -6   0.842753    12.052953    22.169731      25.2343   49.77442    0.34365    1
   3    7    6   0.842753    -6.745832   -24.230037      25.1516   49.77442    0.34140    1
  -3   -8   -4   0.842696   -24.126784    -7.804026      25.3575   49.77799    0.34696    1
  -3   -8    4   0.842696   -22.528377   -11.530349      25.3076   49.77799    0.34559    1
  -3    8   -4   0.842696    25.297275    -0.313391      25.2992   49.77799    0.34536    1
  -3    8    4   0.842696    25.068945     3.613780      25.3281   49.77799    0.34615    1
   3   -8   -4   0.842696    25.090339    -3.461821       25.328   49.77799    0.34615    1
   3   -8    4   0.842696    25.295271     0.466625      25.2996   49.77799    0.34537    1
   3    8   -4   0.842696   -22.598354    11.393897      25.3082   49.77799    0.34561    1
   3    8    4   0.842696   -24.173662     7.657722      25.3576   49.77799    0.34696    1
  -2   -9   -1   0.842207    -0.042354    -0.103377     0.111716   49.80888    0.00001    1
  -2   -9    1   0.842207     0.029661    -0.262535     0.264205   49.80888    0.00004    1
  -2    9   -1   0.842207    -0.280556    -0.032952     0.282485   49.80888    0.00004    1
  -2    9    1   0.842207    -0.288561    -0.088758     0.301904   49.80888    0.00005    1
   2   -9   -1   0.842207    -0.288638     0.087417     0.301585   49.80888    0.00005    1
   2   -9    1   0.842207    -0.280582     0.031876     0.282387   49.80888    0.00004    1
   2    9   -1   0.842207     0.028704     0.262993     0.264554   49.80888    0.00004    1
   2    9    1   0.842207    -0.042619     0.103702     0.112118   49.80888    0.00001    1
  -7   -2   -6   0.841445     0.739259     0.194196     0.764341   49.85708    0.00031    1
  -7   -2    6   0.841445     0.248667    -0.302806     0.391825   49.85708    0.00008    1
  -7    2   -6   0.841445    -0.581779    -0.208544     0.618027   49.85708    0.00021    1
  -7    2    6   0.841445     0.014760     0.332951     0.333278   49.85708    0.00006    1
   7   -2   -6   0.841445     0.015829    -0.332323       0.3327   49.85708    0.00006    1
   7   -2    6   0.841445    -0.581999     0.204881     0.617009   49.85708    0.00020    1
   7    2   -6   0.841445     0.247900     0.304629     0.392751   49.85708    0.00008    1
   7    2    6   0.841445     0.739496    -0.190390     0.763611   49.85708    0.00031    1
  -6   -3   -7   0.841297     0.070952    -0.118124     0.137795   49.86643    0.00001    1
   6    3    7   0.841297     0.069386     0.118858     0.137628   49.86643    0.00001    1
  -6   -3    7   0.841297     0.081277    -0.534309     0.540456   49.86643    0.00016    1
  -6    3   -7   0.841297     0.130328    -0.134150     0.187034   49.86643    0.00002    1
  -6    3    7   0.841297     0.145737    -0.523067     0.542991   49.86643    0.00016    1
   6   -3   -7   0.841297     0.141900     0.524162      0.54303   49.86643    0.00016    1
   6   -3    7   0.841297     0.128568     0.134937      0.18638   49.86643    0.00002    1
   6    3   -7   0.841297     0.077602     0.535262     0.540858   49.86643    0.00016    1
  -1   -5   -9   0.839493    -0.401542     0.552097     0.682676   49.98091    0.00025    1
  -1   -5    9   0.839493    -0.623977    -0.170615     0.646882   49.98091    0.00022    1
  -1    5   -9   0.839493     0.063127    -0.837172     0.839549   49.98091    0.00038    1
  -1    5    9   0.839493     0.526416    -0.073032     0.531458   49.98091    0.00015    1
   1   -5   -9   0.839493     0.526033     0.075387     0.531407   49.98091    0.00015    1
   1   -5    9   0.839493     0.058069     0.836744     0.838757   49.98091    0.00038    1
   1    5   -9   0.839493    -0.625594     0.167545     0.647641   49.98091    0.00022    1
   1    5    9   0.839493    -0.398877    -0.554215      0.68283   49.98091    0.00025    1
  -1   -7   -7   0.839404    -0.532021     0.082521     0.538383   49.98659    0.00015    1
  -1    7   -7   0.839404     0.678455    -0.024020      0.67888   49.98659    0.00025    1
  -1    7    7   0.839404     0.554355    -0.481001     0.733942   49.98659    0.00029    1
   1   -7   -7   0.839404     0.551540     0.484077     0.733844   49.98659    0.00029    1
   1   -7    7   0.839404     0.678459     0.027691     0.679023   49.98659    0.00025    1
   1    7    7   0.839404    -0.531910    -0.085459     0.538731   49.98659    0.00016    1
  -1   -7    7   0.839404    -0.496518     0.650062     0.817991   49.98659    0.00036    1
   1    7   -7   0.839404    -0.492712    -0.652798      0.81787   49.98659    0.00036    1
  -3   -4   -9   0.839234     0.193582     0.046817     0.199163   49.99740    0.00002    1
   3    4    9   0.839234     0.193813    -0.046079     0.199215   49.99740    0.00002    1
  -3   -4    9   0.839234    -0.685724     0.191318     0.711913   49.99740    0.00027    1
  -3    4   -9   0.839234    -0.259438     0.097028     0.276988   49.99740    0.00004    1
  -3    4    9   0.839234     0.664966    -0.007077     0.665003   49.99740    0.00024    1
   3   -4   -9   0.839234     0.664683     0.010681     0.664768   49.99740    0.00024    1
   3   -4    9   0.839234    -0.258186    -0.098206     0.276233   49.99740    0.00004    1
   3    4   -9   0.839234    -0.684735    -0.194897     0.711932   49.99740    0.00027    1
  -7   -5   -3   0.837743    -0.343304     0.113724      0.36165   50.09256    0.00007    1
   7    5    3   0.837743    -0.342198    -0.115684     0.361223   50.09256    0.00007    1
  -7   -5    3   0.837743    -0.169040     0.178298     0.245692   50.09256    0.00003    1
  -7    5   -3   0.837743     0.360386    -0.025193     0.361266   50.09256    0.00007    1
  -7    5    3   0.837743     0.194672    -0.294656     0.353156   50.09256    0.00007    1
   7   -5   -3   0.837743     0.193034     0.295539     0.352995   50.09256    0.00007    1
   7   -5    3   0.837743     0.360143     0.027188     0.361168   50.09256    0.00007    1
   7    5   -3   0.837743    -0.167864    -0.179034     0.245421   50.09256    0.00003    1
  -2   -8   -5   0.837435    -0.391032     0.451414     0.597227   50.11225    0.00019    1
  -2   -8    5   0.837435     0.009963    -0.512330     0.512427   50.11225    0.00014    1
  -2    8   -5   0.837435    -0.797055     0.163454     0.813643   50.11225    0.00035    1
  -2    8    5   0.837435    -0.051002    -0.353948     0.357604   50.11225    0.00007    1
   2   -8   -5   0.837435    -0.053517     0.353584     0.357612   50.11225    0.00007    1
   2   -8    5   0.837435    -0.795819    -0.167922     0.813342   50.11225    0.00035    1
   2    8   -5   0.837435     0.006751     0.512617     0.512661   50.11225    0.00014    1
   2    8    5   0.837435    -0.388424    -0.454029     0.597508   50.11225    0.00019    1
   0   -9   -3   0.835129    -0.082741     0.150084     0.171381   50.26018    0.00002    1
   0   -9    3   0.835129    -0.109043     0.018100     0.110535   50.26018    0.00001    1
   0    9   -3   0.835129    -0.108989    -0.018955     0.110625   50.26018    0.00001    1
   0    9    3   0.835129    -0.081809    -0.150458     0.171261   50.26018    0.00002    1
  -4   -3   -9   0.834817     0.014383    -0.213380     0.213864   50.28028    0.00002    1
  -4   -3    9   0.834817     0.228245     0.103852     0.250761   50.28028    0.00003    1
  -4    3   -9   0.834817    -0.023322    -0.293974     0.294897   50.28028    0.00005    1
  -4    3    9   0.834817     0.222199     0.072102     0.233605   50.28028    0.00003    1
   4   -3   -9   0.834817     0.222455    -0.069321     0.233006   50.28028    0.00003    1
   4   -3    9   0.834817    -0.026203     0.294613     0.295776   50.28028    0.00005    1
   4    3   -9   0.834817     0.229548    -0.101010     0.250789   50.28028    0.00003    1
   4    3    9   0.834817     0.012256     0.214402     0.214752   50.28028    0.00002    1
  -8   -3   -3   0.833095    -0.176479    -0.549761     0.577392   50.39145    0.00017    1
  -8   -3    3   0.833095    -0.301707    -0.571612     0.646349   50.39145    0.00022    1
  -8    3   -3   0.833095    -0.424315    -0.479130     0.640007   50.39145    0.00021    1
   8   -3    3   0.833095    -0.426147     0.477091     0.639701   50.39145    0.00021    1
   8    3   -3   0.833095    -0.304214     0.570141     0.646225   50.39145    0.00022    1
   8    3    3   0.833095    -0.178316     0.548279     0.576547   50.39145    0.00017    1
  -8    3    3   0.833095    -0.518197    -0.546297     0.752972   50.39145    0.00030    1
   8   -3   -3   0.833095    -0.521017     0.544498     0.753616   50.39145    0.00030    1
  -8   -2   -4   0.831936    14.460243    -6.927857      16.0341   50.46660    0.13445    1
  -8   -2    4   0.831936    15.459949    -4.619512      16.1354   50.46660    0.13616    1
  -8    2   -4   0.831936    13.920101    -8.208247        16.16   50.46660    0.13657    1
  -8    2    4   0.831936    14.957574    -5.812934      16.0474   50.46660    0.13468    1
   8   -2   -4   0.831936    14.922520     5.901478      16.0471   50.46660    0.13467    1
   8   -2    4   0.831936    13.871219     8.290759      16.1601   50.46660    0.13657    1
   8    2   -4   0.831936    15.432206     4.711168      16.1353   50.46660    0.13615    1
   8    2    4   0.831936    14.418593     7.013389      16.0338   50.46660    0.13445    1
  -8   -4    0   0.831892   -15.347305     5.310416      16.2401   50.46943    0.13791    1
  -8    4    0   0.831892   -14.242141     7.768650      16.2231   50.46943    0.13762    1
   8   -4    0   0.831892   -14.196216    -7.853144      16.2236   50.46943    0.13763    1
   8    4    0   0.831892   -15.315810    -5.401367      16.2403   50.46943    0.13792    1
  -2   -3  -10   0.831704   -18.628409   -11.315137      21.7956   50.48165    0.24827    1
  -2   -3   10   0.831704    12.813483    17.682291      21.8369   50.48165    0.24921    1
  -2    3  -10   0.831704   -19.901312    -8.999747      21.8417   50.48165    0.24932    1
  -2    3   10   0.831704    14.923294    15.944812       21.839   50.48165    0.24926    1
   2   -3  -10   0.831704    15.022281   -15.852047      21.8393   50.48165    0.24927    1
   2   -3   10   0.831704   -19.956878     8.876050      21.8417   50.48165    0.24932    1
   2    3  -10   0.831704    12.923090   -17.602441      21.8369   50.48165    0.24921    1
   2    3   10   0.831704   -18.698605    11.199360       21.796   50.48165    0.24828    1
  -2   -6   -8   0.831606   -13.157084    17.404408      21.8179   50.48800    0.24871    1
  -2   -6    8   0.831606   -17.980773    12.413196      21.8494   50.48800    0.24942    1
  -2    6   -8   0.831606    -8.601381    20.117376       21.879   50.48800    0.25010    1
  -2    6    8   0.831606   -14.391047    16.478450      21.8779   50.48800    0.25007    1
   2   -6   -8   0.831606   -14.288720   -16.567538      21.8781   50.48800    0.25008    1
   2   -6    8   0.831606    -8.476401   -20.170222      21.8789   50.48800    0.25010    1
   2    6   -8   0.831606   -17.903363   -12.524460      21.8493   50.48800    0.24942    1
   2    6    8   0.831606   -13.049024   -17.485844      21.8182   50.48800    0.24871    1
  -2   -9   -2   0.831443   -14.692042   -16.081261      21.7822   50.49859    0.24777    1
  -2   -9    2   0.831443    13.371472    17.211857      21.7955   50.49859    0.24808    1
  -2    9   -2   0.831443   -19.565442    -9.750626      21.8605   50.49859    0.24956    1
  -2    9    2   0.831443    18.737971    11.241544      21.8514   50.49859    0.24935    1
   2   -9   -2   0.831443    18.807245   -11.124843      21.8512   50.49859    0.24935    1
   2   -9    2   0.831443   -19.625296     9.628802      21.8601   50.49859    0.24955    1
   2    9   -2   0.831443    13.477947   -17.128245      21.7952   50.49859    0.24807    1
   2    9    2   0.831443   -14.791501    15.989523       21.782   50.49859    0.24777    1
  -6    0   -8   0.830600   -20.585559    -6.656241      21.6349   50.55345    0.24383    1
  -6    0    8   0.830600   -17.468447   -12.736637      21.6187   50.55345    0.24347    1
   6    0   -8   0.830600   -17.547959    12.628177      21.6195   50.55345    0.24348    1
   6    0    8   0.830600   -20.627308     6.528220      21.6357   50.55345    0.24385    1
  -6   -6   -4   0.830470    18.731021    10.766092      21.6046   50.56191    0.24306    1
  -6   -6    4   0.830470    16.721068    13.681313      21.6049   50.56191    0.24306    1
  -6    6   -4   0.830470    20.741324     5.973287      21.5843   50.56191    0.24260    1
  -6    6    4   0.830470    19.568415     9.048827      21.5593   50.56191    0.24204    1
   6   -6   -4   0.830470    19.624438    -8.926685      21.5593   50.56191    0.24204    1
   6   -6    4   0.830470    20.777357    -5.843674      21.5835   50.56191    0.24258    1
   6    6   -4   0.830470    16.805444   -13.576379      21.6042   50.56191    0.24305    1
   6    6    4   0.830470    18.797789   -10.649141      21.6047   50.56191    0.24306    1
  -4   -8   -3   0.829910     0.221234     0.577351     0.618287   50.59849    0.00020    1
  -4   -8    3   0.829910     0.369379    -0.458797     0.589012   50.59849    0.00018    1
  -4    8   -3   0.829910     0.611829     0.356175     0.707951   50.59849    0.00026    1
  -4    8    3   0.829910     0.268163    -0.608023     0.664532   50.59849    0.00023    1
   4   -8   -3   0.829910     0.264473     0.610061     0.664921   50.59849    0.00023    1
   4   -8    3   0.829910     0.613787    -0.352743     0.707928   50.59849    0.00026    1
   4    8   -3   0.829910     0.366743     0.460908     0.589013   50.59849    0.00018    1
   4    8    3   0.829910     0.224394    -0.575535     0.617733   50.59849    0.00020    1
  -1   -9   -3   0.829795    -0.801268    -0.413178     0.901525   50.60595    0.00042    1
  -1   -9    3   0.829795    -0.664350     0.544559     0.859014   50.60595    0.00038    1
  -1    9   -3   0.829795     0.850788     0.035882     0.851544   50.60595    0.00038    1
  -1    9    3   0.829795     0.415347    -0.793439     0.895577   50.60595    0.00042    1
   1   -9   -3   0.829795     0.411063     0.796159     0.896015   50.60595    0.00042    1
   1   -9    3   0.829795     0.851205    -0.030719     0.851759   50.60595    0.00038    1
   1    9   -3   0.829795    -0.660707    -0.548367     0.858626   50.60595    0.00038    1
   1    9    3   0.829795    -0.803041     0.408662     0.901043   50.60595    0.00042    1
  -5    0   -9   0.829239     0.345594     0.397514     0.526738   50.64229    0.00014    1
  -5    0    9   0.829239    -0.041361    -0.022198    0.0469409   50.64229    0.00000    1
   5    0   -9   0.829239    -0.041658     0.021885    0.0470574   50.64229    0.00000    1
   5    0    9   0.829239     0.347972    -0.395418     0.526726   50.64229    0.00014    1
  -3   -2  -10   0.828626     0.223599     0.176141     0.284644   50.68242    0.00004    1
  -3   -2   10   0.828626    -0.208777    -0.797383     0.824262   50.68242    0.00035    1
  -3    2  -10   0.828626    -0.211895    -0.426344     0.476097   50.68242    0.00012    1
  -3    2   10   0.828626     0.855515    -0.550733      1.01745   50.68242    0.00054    1
   3   -2  -10   0.828626     0.852480     0.554511      1.01696   50.68242    0.00054    1
   3   -2   10   0.828626    -0.215743     0.426185     0.477681   50.68242    0.00012    1
   3    2  -10   0.828626    -0.212051     0.796588     0.824329   50.68242    0.00035    1
   3    2   10   0.828626     0.223678    -0.175937      0.28458   50.68242    0.00004    1
  -8   -4   -1   0.828390    -0.048332    -0.602095     0.604032   50.69790    0.00019    1
  -8   -4    1   0.828390     0.112741     0.370932     0.387687   50.69790    0.00008    1
   8    4   -1   0.828390     0.115247    -0.370869     0.388363   50.69790    0.00008    1
   8    4    1   0.828390    -0.051475     0.602840     0.605034   50.69790    0.00019    1
  -8    4   -1   0.828390     0.233325     0.140048     0.272128   50.69790    0.00004    1
  -8    4    1   0.828390    -0.246379    -0.271613      0.36671   50.69790    0.00007    1
   8   -4   -1   0.828390    -0.247139     0.269776     0.365864   50.69790    0.00007    1
   8   -4    1   0.828390     0.233848    -0.137895     0.271477   50.69790    0.00004    1
  -5   -7   -4   0.827903     0.496095     0.029811      0.49699   50.72983    0.00013    1
  -5    7   -4   0.827903    -0.380654     0.083790     0.389767   50.72983    0.00008    1
  -5    7    4   0.827903    -0.034558    -0.455134     0.456445   50.72983    0.00011    1
   5   -7   -4   0.827903    -0.037417     0.454784      0.45632   50.72983    0.00011    1
   5   -7    4   0.827903    -0.380470    -0.086046     0.390079   50.72983    0.00008    1
   5    7    4   0.827903     0.496518    -0.026814     0.497241   50.72983    0.00013    1
  -5   -7    4   0.827903     0.612856     0.182142      0.63935   50.72983    0.00021    1
   5    7   -4   0.827903     0.614019    -0.178104     0.639328   50.72983    0.00021    1
  -6   -1   -8   0.825958     0.080661    -0.131342     0.154133   50.85779    0.00001    1
   6    1    8   0.825958     0.080203     0.132675     0.155033   50.85779    0.00001    1
  -6   -1    8   0.825958     0.574603     0.138447     0.591047   50.85779    0.00018    1
  -6    1   -8   0.825958     0.609242     0.061583     0.612347   50.85779    0.00019    1
  -6    1    8   0.825958    -0.402426    -0.611836     0.732319   50.85779    0.00028    1
   6   -1   -8   0.825958    -0.406635     0.608557     0.731911   50.85779    0.00028    1
   6   -1    8   0.825958     0.609500    -0.058592      0.61231   50.85779    0.00019    1
   6    1   -8   0.825958     0.576080    -0.134134      0.59149   50.85779    0.00018    1
  -6   -7    0   0.825787     0.518601     0.057104     0.521735   50.86902    0.00014    1
  -6    7    0   0.825787     0.187990    -0.164111     0.249545   50.86902    0.00003    1
   6   -7    0   0.825787     0.186080     0.164416     0.248311   50.86902    0.00003    1
   6    7    0   0.825787     0.519032    -0.052806     0.521711   50.86902    0.00014    1
  -5   -1   -9   0.824619     0.064754     0.356383     0.362218   50.94624    0.00007    1
  -5   -1    9   0.824619    -0.040796     0.657093     0.658358   50.94624    0.00022    1
  -5    1   -9   0.824619    -0.203293    -0.163487     0.260876   50.94624    0.00003    1
  -5    1    9   0.824619     0.117846    -0.690303      0.70029   50.94624    0.00025    1
   5   -1   -9   0.824619     0.114546     0.690582     0.700017   50.94624    0.00025    1
   5   -1    9   0.824619    -0.204144     0.162689     0.261041   50.94624    0.00003    1
   5    1   -9   0.824619    -0.037359    -0.657532     0.658593   50.94624    0.00022    1
   5    1    9   0.824619     0.067128    -0.356797     0.363057   50.94624    0.00007    1
  -5   -5   -7   0.824534    -0.410454    -0.137848     0.432983   50.95185    0.00010    1
   5    5    7   0.824534    -0.409351     0.134964     0.431026   50.95185    0.00010    1
  -5   -5    7   0.824534    -0.554593    -0.136054     0.571038   50.95185    0.00017    1
  -5    5   -7   0.824534     0.313429     0.271174     0.414455   50.95185    0.00009    1
  -5    5    7   0.824534     0.636404     0.107065     0.645347   50.95185    0.00021    1
   5   -5   -7   0.824534     0.637048    -0.104986     0.645641   50.95185    0.00021    1
   5   -5    7   0.824534     0.313640    -0.269749     0.413684   50.95185    0.00009    1
   5    5   -7   0.824534    -0.554761     0.133849      0.57068   50.95185    0.00017    1
  -7   -4   -5   0.823735    -0.052220    -0.093934     0.107474   51.00483    0.00001    1
   7    4    5   0.823735    -0.053242     0.094645     0.108593   51.00483    0.00001    1
  -7   -4    5   0.823735     0.128526     0.220207      0.25497   51.00483    0.00003    1
  -7    4   -5   0.823735    -0.730397     0.124062     0.740859   51.00483    0.00028    1
  -7    4    5   0.823735     0.197305    -0.180502     0.267414   51.00483    0.00004    1
   7   -4   -5   0.823735     0.195838     0.180703      0.26647   51.00483    0.00004    1
   7   -4    5   0.823735    -0.729235    -0.127858     0.740359   51.00483    0.00028    1
   7    4   -5   0.823735     0.130104    -0.219949     0.255547   51.00483    0.00003    1
  -2   -5   -9   0.823548    -0.273371     0.270977     0.384915   51.01725    0.00008    1
  -2    5   -9   0.823548    -0.131835     0.145265     0.196169   51.01725    0.00002    1
  -2    5    9   0.823548    -0.162454     0.033603     0.165893   51.01725    0.00001    1
   2   -5   -9   0.823548    -0.161976    -0.034857     0.165684   51.01725    0.00001    1
   2   -5    9   0.823548    -0.130848    -0.146102      0.19613   51.01725    0.00002    1
   2    5    9   0.823548    -0.271979    -0.272437     0.384961   51.01725    0.00008    1
  -2   -5    9   0.823548    -0.006478    -0.065339    0.0656593   51.01725    0.00000    1
   2    5   -9   0.823548    -0.007014     0.065485    0.0658593   51.01725    0.00000    1
  -2   -7   -7   0.823464     0.427802    -0.051447     0.430884   51.02285    0.00009    1
  -2    7   -7   0.823464     0.178918     0.327690     0.373353   51.02285    0.00007    1
  -2    7    7   0.823464     0.325128    -0.014439     0.325448   51.02285    0.00005    1
   2   -7   -7   0.823464     0.324555     0.017038     0.325002   51.02285    0.00005    1
   2   -7    7   0.823464     0.180907    -0.326335     0.373124   51.02285    0.00007    1
   2    7    7   0.823464     0.427963     0.053938     0.431349   51.02285    0.00009    1
  -2   -7    7   0.823464     0.425055    -0.090302     0.434541   51.02285    0.00010    1
   2    7   -7   0.823464     0.424741     0.092874     0.434777   51.02285    0.00010    1
  -6   -7   -1   0.822361     0.186932    -0.330378     0.379596   51.09621    0.00007    1
  -6   -7    1   0.822361     0.351413    -0.043304     0.354071   51.09621    0.00006    1
  -6    7   -1   0.822361    -0.321565    -0.425062     0.532993   51.09621    0.00014    1
  -6    7    1   0.822361     0.349045    -0.121304     0.369522   51.09621    0.00007    1
   6   -7   -1   0.822361     0.348272     0.122645     0.369236   51.09621    0.00007    1
   6   -7    1   0.822361    -0.324111     0.422270     0.532316   51.09621    0.00014    1
   6    7   -1   0.822361     0.351997     0.046157      0.35501   51.09621    0.00006    1
   6    7    1   0.822361     0.185564     0.331918     0.380268   51.09621    0.00007    1
   0    0  -11   0.821502     0.071014    -0.435041     0.440799   51.15349    0.00010    1
   0    0   11   0.821502     0.068374     0.435445      0.44078   51.15349    0.00010    1
  -4   -6   -7   0.820828    -0.228829    -0.017424     0.229492   51.19849    0.00003    1
  -4    6   -7   0.820828    -0.330535     0.050261     0.334335   51.19849    0.00006    1
  -4    6    7   0.820828     0.033620     0.231505     0.233933   51.19849    0.00003    1
   4   -6   -7   0.820828     0.035738    -0.230965     0.233713   51.19849    0.00003    1
   4   -6    7   0.820828    -0.330738    -0.052935     0.334948   51.19849    0.00006    1
   4    6    7   0.820828    -0.229662     0.016127     0.230227   51.19849    0.00003    1
  -4   -6    7   0.820828    -0.126380     0.247660     0.278042   51.19849    0.00004    1
   4    6   -7   0.820828    -0.124053    -0.249022     0.278211   51.19849    0.00004    1
   0   -4  -10   0.820317     0.202351     0.677545     0.707116   51.23272    0.00025    1
   0   -4   10   0.820317    -0.172000     0.965567     0.980767   51.23272    0.00049    1
   0    4  -10   0.820317    -0.166198    -0.966569     0.980754   51.23272    0.00049    1
   0    4   10   0.820317     0.206270    -0.676299     0.707056   51.23272    0.00025    1
   0   -8   -6   0.820150    -0.028856     0.180203     0.182499   51.24389    0.00002    1
   0    8    6   0.820150    -0.027721    -0.180393      0.18251   51.24389    0.00002    1
   0   -8    6   0.820150    -0.291016     0.733465     0.789089   51.24389    0.00031    1
   0    8   -6   0.820150    -0.286592    -0.735206      0.78909   51.24389    0.00031    1
  -4   -5   -8   0.819740     0.083410    -0.211547     0.227397   51.27139    0.00003    1
  -4   -5    8   0.819740     0.080185     0.212253     0.226894   51.27139    0.00003    1
  -4    5   -8   0.819740    -0.144878    -0.419291     0.443615   51.27139    0.00010    1
  -4    5    8   0.819740     0.098540    -0.004055    0.0986236   51.27139    0.00000    1
   4   -5   -8   0.819740     0.099465     0.005360    0.0996092   51.27139    0.00001    1
   4   -5    8   0.819740    -0.147177     0.419140     0.444229   51.27139    0.00010    1
   4    5   -8   0.819740     0.081040    -0.211229     0.226241   51.27139    0.00003    1
   4    5    8   0.819740     0.080635     0.212189     0.226993   51.27139    0.00003    1
  -8    0   -5   0.819316     0.037625    -0.431786     0.433422   51.29985    0.00009    1
  -8    0    5   0.819316    -0.334413     0.173367      0.37668   51.29985    0.00007    1
   8    0   -5   0.819316    -0.332393    -0.176123     0.376171   51.29985    0.00007    1
   8    0    5   0.819316     0.035463     0.433162     0.434612   51.29985    0.00010    1
  -3   -9    0   0.819223    -0.573943    -0.064509     0.577557   51.30612    0.00017    1
  -3    9    0   0.819223     0.136097    -0.166899     0.215355   51.30612    0.00002    1
   3   -9    0   0.819223     0.135280     0.167671     0.215439   51.30612    0.00002    1
   3    9    0   0.819223    -0.574581     0.060914     0.577801   51.30612    0.00017    1
  -5   -6   -6   0.818835     0.147103    -0.212115     0.258131   51.33220    0.00003    1
  -5    6   -6   0.818835     0.251016     0.454172     0.518923   51.33220    0.00014    1
  -5    6    6   0.818835     0.507558     0.337886     0.609739   51.33220    0.00019    1
   5   -6   -6   0.818835     0.510351    -0.334994     0.610474   51.33220    0.00019    1
   5   -6    6   0.818835     0.252869    -0.452761      0.51859   51.33220    0.00014    1
   5    6    6   0.818835     0.146038     0.212448     0.257801   51.33220    0.00003    1
  -5   -6    6   0.818835     0.239458     1.063769      1.09039   51.33220    0.00060    1
   5    6   -6   0.818835     0.246112    -1.061515      1.08967   51.33220    0.00060    1
  -8   -4   -2   0.818141    -0.442112    -0.403077     0.598276   51.37892    0.00018    1
  -8   -4    2   0.818141     0.606517     0.921572      1.10325   51.37892    0.00061    1
  -8    4   -2   0.818141     0.009417     0.506003      0.50609   51.37892    0.00013    1
  -8    4    2   0.818141     0.004971    -0.665855     0.665874   51.37892    0.00022    1
   8   -4   -2   0.818141     0.000965     0.665911     0.665912   51.37892    0.00022    1
   8   -4    2   0.818141     0.011596    -0.506528      0.50666   51.37892    0.00013    1
   8    4   -2   0.818141     0.611144    -0.918129      1.10293   51.37892    0.00061    1
   8    4    2   0.818141    -0.444710     0.400300     0.598337   51.37892    0.00018    1
  -7   -3   -6   0.818114     0.615964     1.021671      1.19299   51.38071    0.00071    1
  -7   -3    6   0.818114    -0.504986    -0.079962     0.511277   51.38071    0.00013    1
  -7    3   -6   0.818114    -0.475892     0.223382     0.525711   51.38071    0.00014    1
  -7    3    6   0.818114     0.486730     0.953290      1.07036   51.38071    0.00058    1
   7   -3   -6   0.818114     0.492103    -0.953462      1.07297   51.38071    0.00058    1
   7   -3    6   0.818114    -0.474998    -0.223121     0.524791   51.38071    0.00014    1
   7    3   -6   0.818114    -0.504842     0.079985     0.511139   51.38071    0.00013    1
   7    3    6   0.818114     0.622123    -1.021099      1.19569   51.38071    0.00072    1
  -7   -6    0   0.818021    -0.874379    -0.610774      1.06658   51.38699    0.00057    1
   7    6    0   0.818021    -0.874990     0.605143      1.06386   51.38699    0.00057    1
  -7    6    0   0.818021     0.860356     0.395638     0.946964   51.38699    0.00045    1
   7   -6    0   0.818021     0.859667    -0.390857      0.94435   51.38699    0.00045    1
  -9    0    0   0.817063     0.060685    -0.059045    0.0846702   51.45161    0.00000    1
   9    0    0   0.817063     0.060320     0.059425    0.0846749   51.45161    0.00000    1
   0   -1  -11   0.817009     0.400901    -0.153569     0.429308   51.45527    0.00009    1
   0   -1   11   0.817009     0.000514     0.094402    0.0944032   51.45527    0.00000    1
   0    1  -11   0.817009     0.001025    -0.094396     0.094402   51.45527    0.00000    1
   0    1   11   0.817009     0.399998     0.156068     0.429367   51.45527    0.00009    1
  -1    0  -11   0.816423    -0.347361     0.290142     0.452595   51.49492    0.00010    1
  -1    0   11   0.816423     0.225449    -0.071106     0.236397   51.49492    0.00003    1
   1    0  -11   0.816423     0.225173     0.071973     0.236396   51.49492    0.00003    1
   1    0   11   0.816423    -0.345834    -0.291873     0.452538   51.49492    0.00010    1
  -3   -9   -1   0.815877    -0.261906     0.370028     0.453338   51.53192    0.00010    1
  -3   -9    1   0.815877    -0.424638    -0.094939     0.435122   51.53192    0.00009    1
  -3    9   -1   0.815877    -0.179031    -0.432308     0.467913   51.53192    0.00011    1
  -3    9    1   0.815877     0.348096    -0.099610     0.362067   51.53192    0.00007    1
   3   -9   -1   0.815877     0.347423     0.101354     0.361906   51.53192    0.00007    1
   3   -9    1   0.815877    -0.181760     0.431052     0.467805   51.53192    0.00011    1
   3    9   -1   0.815877    -0.425323     0.092049      0.43517   51.53192    0.00009    1
   3    9    1   0.815877    -0.259693    -0.371945     0.453634   51.53192    0.00010    1
  -1   -4  -10   0.815260    -0.835947     0.207483     0.861311   51.57377    0.00037    1
  -1   -4   10   0.815260    -0.483305     0.208408     0.526325   51.57377    0.00014    1
  -1    4  -10   0.815260     0.317450     0.087649     0.329328   51.57377    0.00005    1
  -1    4   10   0.815260     0.351651    -0.278815     0.448771   51.57377    0.00010    1
   1   -4  -10   0.815260     0.350972     0.281088     0.449658   51.57377    0.00010    1
   1   -4   10   0.815260     0.316450    -0.085577     0.327817   51.57377    0.00005    1
   1    4  -10   0.815260    -0.482884    -0.212662     0.527639   51.57377    0.00014    1
   1    4   10   0.815260    -0.834011    -0.211758     0.860474   51.57377    0.00037    1
  -1   -8   -6   0.815096    -0.370891     0.416591     0.557771   51.58489    0.00015    1
  -1   -8    6   0.815096    -0.090125    -0.273119     0.287605   51.58489    0.00004    1
  -1    8   -6   0.815096     0.232737    -0.445303     0.502455   51.58489    0.00013    1
  -1    8    6   0.815096     0.613438     0.029128     0.614129   51.58489    0.00019    1
   1   -8   -6   0.815096     0.613507    -0.026040      0.61406   51.58489    0.00019    1
   1   -8    6   0.815096     0.230339     0.446963     0.502824   51.58489    0.00013    1
   1    8   -6   0.815096    -0.091420     0.272700     0.287616   51.58489    0.00004    1
   1    8    6   0.815096    -0.368870    -0.418616     0.557947   51.58489    0.00015    1
  -8   -1   -5   0.814859     0.255997    -0.086643     0.270262   51.60101    0.00004    1
  -8    1   -5   0.814859    -0.454169     0.419909     0.618541   51.60101    0.00019    1
   8   -1    5   0.814859    -0.451426    -0.421994     0.617952   51.60101    0.00019    1
   8    1    5   0.814859     0.255658     0.088937     0.270686   51.60101    0.00004    1
  -8   -1    5   0.814859     0.308219     0.090514     0.321235   51.60101    0.00005    1
  -8    1    5   0.814859    -0.142322     0.228463     0.269167   51.60101    0.00004    1
   8   -1   -5   0.814859    -0.140098    -0.229730     0.269078   51.60101    0.00004    1
   8    1   -5   0.814859     0.309548    -0.089014     0.322092   51.60101    0.00005    1
  -7    0   -7   0.814812    -0.108065    -0.016338     0.109293   51.60419    0.00001    1
   7    0    7   0.814812    -0.108165     0.015789     0.109312   51.60419    0.00001    1
  -7    0    7   0.814812    -0.005042     0.022851    0.0234005   51.60419    0.00000    1
   7    0   -7   0.814812    -0.004942    -0.023190     0.023711   51.60419    0.00000    1
  -7   -6   -1   0.814690    -0.021067    -0.402793     0.403344   51.61253    0.00008    1
  -7   -6    1   0.814690     0.347262     0.357147     0.498141   51.61253    0.00012    1
   7    6   -1   0.814690     0.349940    -0.355404     0.498768   51.61253    0.00012    1
   7    6    1   0.814690    -0.024103     0.403125     0.403845   51.61253    0.00008    1
  -7    6   -1   0.814690    -0.577423     0.444676     0.728803   51.61253    0.00026    1
  -7    6    1   0.814690    -0.316545    -0.301361     0.437058   51.61253    0.00009    1
   7   -6   -1   0.814690    -0.318949     0.299117     0.437264   51.61253    0.00010    1
   7   -6    1   0.814690    -0.574104    -0.447870     0.728136   51.61253    0.00026    1
  -5   -4   -8   0.814457    18.077841   -16.108139      24.2132   51.62837    0.29112    1
   5    4    8   0.814457    17.974960    16.220995       24.212   51.62837    0.29109    1
  -5   -4    8   0.814457    22.347384    -9.644426      24.3397   51.62837    0.29417    1
  -5    4   -8   0.814457   -15.364521    18.895531      24.3538   51.62837    0.29451    1
  -5    4    8   0.814457   -20.345960    13.171737      24.2374   51.62837    0.29170    1
   5   -4   -8   0.814457   -20.261414   -13.299124      24.2362   51.62837    0.29167    1
   5   -4    8   0.814457   -15.245024   -18.992102      24.3539   51.62837    0.29451    1
   5    4   -8   0.814457    22.286106     9.785162      24.3397   51.62837    0.29417    1
  -2   -9   -3   0.814386    -0.014096     0.041758    0.0440732   51.63318    0.00000    1
  -2   -9    3   0.814386     0.036394     0.048142    0.0603501   51.63318    0.00000    1
  -2    9   -3   0.814386     0.242347    -0.145099     0.282464   51.63318    0.00004    1
  -2    9    3   0.814386     0.240765    -0.003012     0.240784   51.63318    0.00003    1
   2   -9   -3   0.814386     0.240533     0.003700     0.240562   51.63318    0.00003    1
   2   -9    3   0.814386     0.240921     0.146073     0.281745   51.63318    0.00004    1
   2    9   -3   0.814386     0.036144    -0.048499    0.0604859   51.63318    0.00000    1
   2    9    3   0.814386    -0.014641    -0.042090     0.044564   51.63318    0.00000    1
  -5   -8    0   0.814294   -21.615514    11.345742      24.4122   51.63948    0.29578    1
  -5    8    0   0.814294    16.796377   -17.740107      24.4301   51.63948    0.29621    1
   5   -8    0   0.814294    16.685098    17.846526      24.4314   51.63948    0.29624    1
   5    8    0   0.814294   -21.544695   -11.482279      24.4135   51.63948    0.29581    1
  -9    0   -1   0.813744     0.009802    -0.044137    0.0452123   51.67695    0.00000    1
  -9    0    1   0.813744     0.186448    -0.198824     0.272569   51.67695    0.00004    1
   9    0   -1   0.813744     0.185073     0.200088     0.272556   51.67695    0.00004    1
   9    0    1   0.813744     0.009626     0.044131    0.0451683   51.67695    0.00000    1
  -7   -5   -4   0.813626     0.046159    -0.509405     0.511492   51.68501    0.00013    1
   7    5    4   0.813626     0.043275     0.509778     0.511611   51.68501    0.00013    1
  -7   -5    4   0.813626     0.052325     0.214210     0.220508   51.68501    0.00002    1
  -7    5   -4   0.813626     0.030485     0.488670      0.48962   51.68501    0.00012    1
  -7    5    4   0.813626    -0.073484     0.062855     0.096699   51.68501    0.00000    1
   7   -5   -4   0.813626    -0.072649    -0.063391    0.0964175   51.68501    0.00000    1
   7   -5    4   0.813626     0.033272    -0.488604     0.489735   51.68501    0.00012    1
   7    5   -4   0.813626     0.053214    -0.213667     0.220194   51.68501    0.00002    1
  -9   -1    0   0.812643     0.253127     0.054326     0.258891   51.75214    0.00003    1
  -9    1    0   0.812643    -0.460400    -0.177230     0.493334   51.75214    0.00012    1
   9   -1    0   0.812643    -0.461402     0.174099     0.493155   51.75214    0.00012    1
   9    1    0   0.812643     0.253296    -0.052593     0.258698   51.75214    0.00003    1
  -6   -2   -8   0.812483     9.908242     4.505090      10.8844   51.76305    0.05848    1
  -6   -2    8   0.812483     8.654373     6.776765      10.9919   51.76305    0.05964    1
  -6    2   -8   0.812483    10.632458     2.806127      10.9965   51.76305    0.05969    1
  -6    2    8   0.812483     8.637184     6.576500      10.8559   51.76305    0.05817    1
   6   -2   -8   0.812483     8.677339    -6.523272      10.8558   51.76305    0.05817    1
   6   -2    8   0.812483    10.648992    -2.740570       10.996   51.76305    0.05968    1
   6    2   -8   0.812483     8.695512    -6.723191      10.9915   51.76305    0.05964    1
   6    2    8   0.812483     9.935440    -4.444021       10.884   51.76305    0.05847    1
  -6   -5   -6   0.812412     5.514367    -9.339808      10.8462   51.76790    0.05806    1
  -6    5   -6   0.812412     2.798918   -10.556490      10.9212   51.76790    0.05886    1
  -6    5    6   0.812412    -5.765924     9.159444      10.8232   51.76790    0.05781    1
   6   -5   -6   0.812412    -5.709586    -9.194917      10.8234   51.76790    0.05781    1
   6   -5    6   0.812412     2.734005    10.573871      10.9216   51.76790    0.05887    1
   6    5    6   0.812412     5.456992     9.373949      10.8466   51.76790    0.05806    1
  -6   -5    6   0.812412    -7.091026     8.309461      10.9238   51.76790    0.05889    1
   6    5   -6   0.812412    -7.040219    -8.353425      10.9245   51.76790    0.05890    1
  -6   -7   -2   0.812331    -5.431886     9.659942      11.0824   51.77345    0.06060    1
  -6   -7    2   0.812331     6.255967    -9.098355      11.0416   51.77345    0.06015    1
  -6    7   -2   0.812331    -2.668403    10.678075      11.0064   51.77345    0.05977    1
  -6    7    2   0.812331     3.375209   -10.522317      11.0504   51.77345    0.06025    1
   6   -7   -2   0.812331     3.310238    10.542568        11.05   51.77345    0.06024    1
   6   -7    2   0.812331    -2.602604   -10.694368      11.0065   51.77345    0.05977    1
   6    7   -2   0.812331     6.200034     9.136977       11.042   51.77345    0.06016    1
   6    7    2   0.812331    -5.372155    -9.692999      11.0822   51.77345    0.06060    1
  -1   -1  -11   0.812013     0.493292    -0.227161     0.543083   51.79527    0.00015    1
  -1   -1   11   0.812013     0.459459    -0.716533     0.851189   51.79527    0.00036    1
  -1    1  -11   0.812013    -0.564546     0.076645     0.569726   51.79527    0.00016    1
  -1    1   11   0.812013    -0.573837     0.441761     0.724183   51.79527    0.00026    1
   1   -1  -11   0.812013    -0.571687    -0.444620     0.724233   51.79527    0.00026    1
   1   -1   11   0.812013    -0.564295    -0.079075     0.569808   51.79527    0.00016    1
   1    1  -11   0.812013     0.455698     0.718672      0.85097   51.79527    0.00036    1
   1    1   11   0.812013     0.492242     0.229270     0.543016   51.79527    0.00015    1
  -3   -8   -5   0.811536     0.236081    -0.350030     0.422203   51.82796    0.00009    1
  -3   -8    5   0.811536    -0.252010     0.175954     0.307358   51.82796    0.00005    1
  -3    8   -5   0.811536    -0.213836     0.083323     0.229496   51.82796    0.00003    1
  -3    8    5   0.811536     0.276956     0.102984     0.295483   51.82796    0.00004    1
   3   -8   -5   0.811536     0.276754    -0.101874     0.294909   51.82796    0.00004    1
   3   -8    5   0.811536    -0.212881    -0.083995     0.228852   51.82796    0.00003    1
   3    8   -5   0.811536    -0.250929    -0.176703     0.306903   51.82796    0.00005    1
   3    8    5   0.811536     0.234219     0.350664     0.421692   51.82796    0.00009    1
   0   -9   -4   0.811231    -0.013815    -0.046914     0.048906   51.84889    0.00000    1
   0   -9    4   0.811231    -0.047228     0.109417     0.119175   51.84889    0.00001    1
   0    9   -4   0.811231    -0.046541    -0.109668     0.119135   51.84889    0.00001    1
   0    9    4   0.811231    -0.014098     0.046937    0.0490081   51.84889    0.00000    1
  -5   -2   -9   0.811209    -0.576943    -0.453585     0.733896   51.85039    0.00026    1
  -5   -2    9   0.811209     0.089602     0.248100     0.263784   51.85039    0.00003    1
  -5    2   -9   0.811209     0.174544    -0.002562     0.174563   51.85039    0.00001    1
  -5    2    9   0.811209     0.018048    -0.149957     0.151039   51.85039    0.00001    1
   5   -2   -9   0.811209     0.016174     0.150529     0.151395   51.85039    0.00001    1
   5   -2    9   0.811209     0.175366     0.003077     0.175393   51.85039    0.00002    1
   5    2   -9   0.811209     0.091679    -0.248297     0.264682   51.85039    0.00003    1
   5    2    9   0.811209    -0.579921     0.451160     0.734748   51.85039    0.00027    1
  -5   -8   -1   0.811008    -0.149007    -0.201102      0.25029   51.86424    0.00003    1
  -5   -8    1   0.811008     0.201371    -0.058422     0.209674   51.86424    0.00002    1
  -5    8   -1   0.811008     0.108882     0.200673     0.228309   51.86424    0.00003    1
  -5    8    1   0.811008    -0.046380     0.020055    0.0505299   51.86424    0.00000    1
   5   -8   -1   0.811008    -0.048343    -0.019123    0.0519879   51.86424    0.00000    1
   5   -8    1   0.811008     0.110888    -0.202689     0.231039   51.86424    0.00003    1
   5    8   -1   0.811008     0.203274     0.058280     0.211463   51.86424    0.00002    1
   5    8    1   0.811008    -0.150743     0.202656     0.252573   51.86424    0.00003    1
  -4    0  -10   0.810975    -0.681809     0.507803     0.850134   51.86647    0.00036    1
  -4    0   10   0.810975    -0.454148    -0.201105     0.496683   51.86647    0.00012    1
   4    0  -10   0.810975    -0.454276     0.198081     0.495583   51.86647    0.00012    1
   4    0   10   0.810975    -0.679518    -0.512828     0.851315   51.86647    0.00036    1
  -7   -1   -7   0.810428     0.314054     0.185954     0.364977   51.90409    0.00007    1
   7    1    7   0.810428     0.314769    -0.185156     0.365188   51.90409    0.00007    1
  -7   -1    7   0.810428     0.366723    -0.115254     0.384408   51.90409    0.00007    1
  -7    1   -7   0.810428    -0.337119    -0.735710      0.80927   51.90409    0.00032    1
  -7    1    7   0.810428    -0.366100    -0.040508     0.368335   51.90409    0.00007    1
   7   -1   -7   0.810428    -0.366744     0.039305     0.368844   51.90409    0.00007    1
   7   -1    7   0.810428    -0.340864     0.734852     0.810059   51.90409    0.00032    1
   7    1   -7   0.810428     0.366846     0.116351     0.384855   51.90409    0.00007    1
  -9   -1   -1   0.809377    -0.431545    -0.014974     0.431805   51.97655    0.00009    1
  -9   -1    1   0.809377    -0.098030    -0.093637     0.135564   51.97655    0.00001    1
  -9    1   -1   0.809377     0.200737    -0.195799     0.280415   51.97655    0.00004    1
  -9    1    1   0.809377     0.151828     0.090418     0.176712   51.97655    0.00002    1
   9   -1   -1   0.809377     0.152350    -0.089385     0.176636   51.97655    0.00002    1
   9   -1    1   0.809377     0.199303     0.197064     0.280278   51.97655    0.00004    1
   9    1   -1   0.809377    -0.098644     0.092837      0.13546   51.97655    0.00001    1
   9    1    1   0.809377    -0.431548     0.012093     0.431718   51.97655    0.00009    1
  -8   -3   -4   0.809366     0.225207     0.455697     0.508309   51.97726    0.00013    1
   8    3    4   0.809366     0.228062    -0.454356     0.508382   51.97726    0.00013    1
  -8   -3    4   0.809366     0.232195     0.633020     0.674261   51.97726    0.00022    1
  -8    3   -4   0.809366     0.168888     0.469791     0.499226   51.97726    0.00012    1
  -8    3    4   0.809366     0.224697     0.607861     0.648061   51.97726    0.00021    1
   8   -3   -4   0.809366     0.228435    -0.606369     0.647971   51.97726    0.00021    1
   8   -3    4   0.809366     0.171461    -0.468239     0.498645   51.97726    0.00012    1
   8    3   -4   0.809366     0.236225    -0.631938     0.674646   51.97726    0.00022    1
  -6   -4   -7   0.809179    -0.231141    -0.172381     0.288343   51.99019    0.00004    1
   6    4    7   0.809179    -0.232740     0.171374     0.289027   51.99019    0.00004    1
  -6   -4    7   0.809179     0.077502     0.173969     0.190451   51.99019    0.00002    1
  -6    4   -7   0.809179    -0.370679     0.566450     0.676955   51.99019    0.00022    1
  -6    4    7   0.809179     0.088569     0.165525     0.187731   51.99019    0.00002    1
   6   -4   -7   0.809179     0.088926    -0.164809      0.18727   51.99019    0.00002    1
   6   -4    7   0.809179    -0.366334    -0.568768     0.676533   51.99019    0.00022    1
   6    4   -7   0.809179     0.079319    -0.174303     0.191502   51.99019    0.00002    1
  -4   -1  -10   0.806652    -0.728775    -0.750323      1.04599   52.16530    0.00053    1
  -4   -1   10   0.806652     0.425537    -0.512071     0.665807   52.16530    0.00021    1
  -4    1  -10   0.806652    -0.108276     0.682592     0.691127   52.16530    0.00023    1
  -4    1   10   0.806652     0.414049     0.851974     0.947258   52.16530    0.00044    1
   4   -1  -10   0.806652     0.419519    -0.851463     0.949203   52.16530    0.00044    1
   4   -1   10   0.806652    -0.104313    -0.681050     0.688992   52.16530    0.00023    1
   4    1  -10   0.806652     0.421684     0.512602     0.663761   52.16530    0.00021    1
   4    1   10   0.806652    -0.734136     0.747717      1.04787   52.16530    0.00053    1
  -4   -7   -6   0.806494     0.616577     1.220544      1.36744   52.17633    0.00091    1
  -4   -7    6   0.806494    -0.374467    -0.397994     0.546465   52.17633    0.00014    1
  -4    7   -6   0.806494     0.515385     0.123120     0.529887   52.17633    0.00014    1
  -4    7    6   0.806494    -0.695127    -1.152047      1.34552   52.17633    0.00088    1
   4   -7   -6   0.806494    -0.703248     1.149694      1.34772   52.17633    0.00088    1
   4   -7    6   0.806494     0.517563    -0.121582     0.531652   52.17633    0.00014    1
   4    7   -6   0.806494    -0.377460     0.397886     0.548442   52.17633    0.00015    1
   4    7    6   0.806494     0.625219    -1.218686      1.36971   52.17633    0.00091    1
  -4   -8   -4   0.806444    -1.368768    -0.218877      1.38616   52.17977    0.00093    1
   4    8    4   0.806444    -1.367930     0.210049      1.38396   52.17977    0.00093    1
  -4   -8    4   0.806444    -0.801668    -0.425143     0.907424   52.17977    0.00040    1
  -4    8   -4   0.806444    -0.823580    -0.069561     0.826512   52.17977    0.00033    1
  -4    8    4   0.806444    -1.325852    -0.055408      1.32701   52.17977    0.00085    1
   4   -8   -4   0.806444    -1.323993     0.047233      1.32484   52.17977    0.00085    1
   4   -8    4   0.806444    -0.822112     0.065367     0.824706   52.17977    0.00033    1
   4    8   -4   0.806444    -0.802172     0.420214     0.905572   52.17977    0.00040    1
  -1   -9   -4   0.806339    -0.445453     0.067182     0.450491   52.18706    0.00010    1
  -1   -9    4   0.806339    -0.473524    -0.231347     0.527016   52.18706    0.00013    1
  -1    9   -4   0.806339     0.463132    -0.093742     0.472523   52.18706    0.00011    1
  -1    9    4   0.806339     0.323410    -0.333795     0.464772   52.18706    0.00010    1
   1   -9   -4   0.806339     0.321969     0.335633     0.465095   52.18706    0.00010    1
   1   -9    4   0.806339     0.463009     0.096377     0.472933   52.18706    0.00011    1
   1    9   -4   0.806339    -0.474976     0.228890      0.52725   52.18706    0.00013    1
   1    9    4   0.806339    -0.444946    -0.069413     0.450328   52.18706    0.00010    1
  -3   -3  -10   0.806318    -0.648425    -0.190856     0.675929   52.18858    0.00022    1
  -3   -3   10   0.806318     0.150501    -0.065023     0.163947   52.18858    0.00001    1
  -3    3  -10   0.806318     0.060424    -0.139210     0.151758   52.18858    0.00001    1
  -3    3   10   0.806318    -0.544625    -0.365627     0.655972   52.18858    0.00021    1
   3   -3  -10   0.806318    -0.546924     0.363191     0.656531   52.18858    0.00021    1
   3   -3   10   0.806318     0.059995     0.138020     0.150495   52.18858    0.00001    1
   3    3  -10   0.806318     0.149674     0.064504     0.162981   52.18858    0.00001    1
   3    3   10   0.806318    -0.649957     0.187626     0.676496   52.18858    0.00022    1
  -3   -6   -8   0.806228    -0.257352     0.507241     0.568791   52.19478    0.00016    1
  -3    6   -8   0.806228    -0.049635     0.170855     0.177919   52.19478    0.00002    1
  -3    6    8   0.806228     0.286110    -0.448855     0.532287   52.19478    0.00014    1
   3   -6   -8   0.806228     0.282798     0.451283      0.53257   52.19478    0.00014    1
   3   -6    8   0.806228    -0.050022    -0.170794     0.177969   52.19478    0.00002    1
   3    6    8   0.806228    -0.253723    -0.509429     0.569117   52.19478    0.00016    1
  -3   -6    8   0.806228     0.120793    -0.083040     0.146584   52.19478    0.00001    1
   3    6   -8   0.806228     0.121310     0.082643     0.146785   52.19478    0.00001    1
  -3   -9   -2   0.806080    -0.376937    -0.453312     0.589553   52.20512    0.00017    1
  -3   -9    2   0.806080     0.452852     0.479085      0.65924   52.20512    0.00021    1
  -3    9   -2   0.806080     0.598985     0.224930     0.639825   52.20512    0.00020    1
  -3    9    2   0.806080    -0.470819    -0.318155     0.568237   52.20512    0.00016    1
   3   -9   -2   0.806080    -0.472448     0.314556     0.567585   52.20512    0.00016    1
   3   -9    2   0.806080     0.599970    -0.222077     0.639752   52.20512    0.00020    1
   3    9   -2   0.806080     0.455052    -0.476892     0.659164   52.20512    0.00021    1
   3    9    2   0.806080    -0.379568     0.450306     0.588938   52.20512    0.00017    1
  -7   -6   -2   0.804935    -0.216487    -0.419839     0.472368   52.28499    0.00011    1
  -7   -6    2   0.804935     0.455978     0.472676     0.656764   52.28499    0.00021    1
   7    6   -2   0.804935     0.458013    -0.470501     0.656618   52.28499    0.00021    1
   7    6    2   0.804935    -0.218362     0.418419     0.471971   52.28499    0.00011    1
  -7    6   -2   0.804935    -0.142761     0.356961      0.38445   52.28499    0.00007    1
  -7    6    2   0.804935     0.131857    -0.350360     0.374351   52.28499    0.00007    1
   7   -6   -2   0.804935     0.130396     0.351315     0.374734   52.28499    0.00007    1
   7   -6    2   0.804935    -0.141417    -0.357010     0.383998   52.28499    0.00007    1
  -9    0   -2   0.804023    -0.089569     0.167151     0.189636   52.34882    0.00002    1
  -9    0    2   0.804023     0.202717    -0.248077     0.320369   52.34882    0.00005    1
   9    0   -2   0.804023     0.200998     0.249481     0.320376   52.34882    0.00005    1
   9    0    2   0.804023    -0.088400    -0.167799     0.189661   52.34882    0.00002    1
   0   -2  -11   0.803961     0.093900     0.444390     0.454202   52.35312    0.00010    1
   0   -2   11   0.803961    -0.042040    -0.046548    0.0627224   52.35312    0.00000    1
   0    2  -11   0.803961    -0.042291     0.046135     0.062586   52.35312    0.00000    1
   0    2   11   0.803961     0.096645    -0.443930     0.454329   52.35312    0.00010    1
  -4   -4   -9   0.803408    -0.111444    -0.005619     0.111586   52.39189    0.00001    1
  -4    4   -9   0.803408     0.071597    -0.022111    0.0749338   52.39189    0.00000    1
  -4    4    9   0.803408     0.106842    -0.041645     0.114671   52.39189    0.00001    1
   4   -4   -9   0.803408     0.107380     0.041920     0.115272   52.39189    0.00001    1
   4   -4    9   0.803408     0.070372     0.023265    0.0741177   52.39189    0.00000    1
   4    4    9   0.803408    -0.112019     0.004260       0.1121   52.39189    0.00001    1
  -4   -4    9   0.803408     0.045293    -0.082821    0.0943963   52.39189    0.00000    1
   4    4   -9   0.803408     0.045538     0.083956    0.0955104   52.39189    0.00000    1
  -8   -2   -5   0.801912    -0.265438    -0.289842     0.393022   52.49709    0.00007    1
   8    2    5   0.801912    -0.267168     0.288255     0.393027   52.49709    0.00007    1
  -8   -2    5   0.801912     0.332666     0.087415      0.34396   52.49709    0.00006    1
  -8    2   -5   0.801912     0.069572     0.503040     0.507829   52.49709    0.00012    1
  -8    2    5   0.801912     0.162951    -0.392499     0.424981   52.49709    0.00009    1
   8   -2   -5   0.801912     0.160715     0.393600     0.425148   52.49709    0.00009    1
   8   -2    5   0.801912     0.072785    -0.502537      0.50778   52.49709    0.00012    1
   8    2   -5   0.801912     0.333156    -0.085342     0.343913   52.49709    0.00006    1
  -8   -4   -3   0.801873     0.032147    -0.624852     0.625678   52.49984    0.00019    1
   8    4    3   0.801873     0.029707     0.624345     0.625051   52.49984    0.00019    1
  -8   -4    3   0.801873    -0.421629     0.416818     0.592882   52.49984    0.00017    1
  -8    4   -3   0.801873     0.489664     0.094152     0.498634   52.49984    0.00012    1
  -8    4    3   0.801873    -0.660514    -0.186942     0.686459   52.49984    0.00023    1
   8   -4   -3   0.801873    -0.661117     0.184554     0.686394   52.49984    0.00023    1
   8   -4    3   0.801873     0.491160    -0.091892     0.499682   52.49984    0.00012    1
   8    4   -3   0.801873    -0.419379    -0.418157     0.592228   52.49984    0.00017    1
  -2    0  -11   0.801734     0.154217    -0.230172      0.27706   52.50966    0.00004    1
  -2    0   11   0.801734    -0.751591     0.039518     0.752629   52.50966    0.00027    1
   2    0  -11   0.801734    -0.751694    -0.043850     0.752972   52.50966    0.00027    1
   2    0   11   0.801734     0.152964     0.231175       0.2772   52.50966    0.00004    1
  -5   -8   -2   0.801383    -0.104408     0.157372     0.188857   52.53441    0.00002    1
  -5   -8    2   0.801383     0.371144     0.215193     0.429017   52.53441    0.00009    1
  -5    8   -2   0.801383     0.028270    -0.137364     0.140243   52.53441    0.00001    1
  -5    8    2   0.801383    -0.186660     0.084638     0.204952   52.53441    0.00002    1
   5   -8   -2   0.801383    -0.185186    -0.085167     0.203831   52.53441    0.00002    1
   5   -8    2   0.801383     0.027363     0.137879     0.140568   52.53441    0.00001    1
   5    8   -2   0.801383     0.372431    -0.212612     0.428846   52.53441    0.00009    1
   5    8    2   0.801383    -0.104295    -0.158792     0.189979   52.53441    0.00002    1
  -2   -4  -10   0.800633    -0.591207    -0.213588     0.628606   52.58744    0.00019    1
  -2   -4   10   0.800633    -0.654271    -0.803513       1.0362   52.58744    0.00051    1
  -2    4  -10   0.800633     0.187367     0.144569     0.236657   52.58744    0.00003    1
  -2    4   10   0.800633     0.228190     0.287792      0.36728   52.58744    0.00006    1
   2   -4  -10   0.800633     0.229606    -0.286394      0.36707   52.58744    0.00006    1
   2   -4   10   0.800633     0.188676    -0.143114     0.236812   52.58744    0.00003    1
   2    4  -10   0.800633    -0.659065     0.799898      1.03644   52.58744    0.00051    1
   2    4   10   0.800633    -0.592433     0.209497     0.628383   52.58744    0.00019    1
  -6   -6   -5   0.800600    -0.093095    -0.208729     0.228548   52.58976    0.00002    1
  -6   -6    5   0.800600     0.440149     0.148313     0.464466   52.58976    0.00010    1
  -6    6   -5   0.800600    -0.218846    -0.147589     0.263962   52.58976    0.00003    1
  -6    6    5   0.800600     0.527230     0.142460     0.546138   52.58976    0.00014    1
   6   -6   -5   0.800600     0.528550    -0.139167     0.546564   52.58976    0.00014    1
   6   -6    5   0.800600    -0.219827     0.146027     0.263908   52.58976    0.00003    1
   6    6   -5   0.800600     0.441060    -0.145378     0.464402   52.58976    0.00010    1
   6    6    5   0.800600    -0.093811     0.207568     0.227783   52.58976    0.00002    1
  -2   -8   -6   0.800477     0.007744     0.401923     0.401997   52.59840    0.00008    1
  -2    8   -6   0.800477     0.409290     0.418275     0.585211   52.59840    0.00016    1
  -2    8    6   0.800477     0.492312    -0.020913     0.492756   52.59840    0.00012    1
   2   -8   -6   0.800477     0.492228     0.023754       0.4928   52.59840    0.00012    1
   2   -8    6   0.800477     0.411814    -0.415427     0.584954   52.59840    0.00016    1
   2    8    6   0.800477     0.009716    -0.402161     0.402279   52.59840    0.00008    1
  -2   -8    6   0.800477    -0.084268    -0.712384      0.71735   52.59840    0.00024    1
   2    8   -6   0.800477    -0.088297     0.711907     0.717362   52.59840    0.00024    1
  -9   -1   -2   0.799809    -6.360585     7.381872      9.74418   52.64571    0.04510    1
  -9   -1    2   0.799809     6.824828    -6.955858      9.74486   52.64571    0.04510    1
  -9    1   -2   0.799809     5.882565    -7.778956      9.75278   52.64571    0.04518    1
  -9    1    2   0.799809    -6.569169     7.179590      9.73142   52.64571    0.04498    1
   9   -1   -2   0.799809    -6.523360    -7.221439      9.73157   52.64571    0.04498    1
   9   -1    2   0.799809     5.832851     7.816269      9.75275   52.64571    0.04518    1
   9    1   -2   0.799809     6.780396     6.999257      9.74492   52.64571    0.04510    1
   9    1    2   0.799809    -6.313522    -7.422379      9.74435   52.64571    0.04510    1
  -9   -2    0   0.799800    -7.236005    -6.576466      9.77802   52.64640    0.04541    1
   9    2    0   0.799800    -7.277684     6.530197      9.77794   52.64640    0.04541    1
  -9    2    0   0.799800     7.676822     6.013143      9.75149   52.64640    0.04516    1
   9   -2    0   0.799800     7.714838    -5.963995      9.75131   52.64640    0.04516    1
  -1   -2  -11   0.799199    -0.420488    -0.283819      0.50731   52.68900    0.00012    1
  -1   -2   11   0.799199    -0.255276     0.492566     0.554786   52.68900    0.00015    1
  -1    2  -11   0.799199     0.860154    -0.112473     0.867476   52.68900    0.00036    1
  -1    2   11   0.799199    -0.124711    -0.365385     0.386082   52.68900    0.00007    1
   1   -2  -11   0.799199    -0.126853     0.364995      0.38641   52.68900    0.00007    1
   1   -2   11   0.799199     0.859694     0.117267     0.867655   52.68900    0.00036    1
   1    2  -11   0.799199    -0.252628    -0.493559     0.554456   52.68900    0.00015    1
   1    2   11   0.799199    -0.422077     0.281106     0.507119   52.68900    0.00012    1
  -3   -5   -9   0.798879    -0.078367    -0.237797     0.250377   52.71173    0.00003    1
   3    5    9   0.798879    -0.080022     0.237211     0.250345   52.71173    0.00003    1
  -3   -5    9   0.798879    -0.103165    -0.038321     0.110053   52.71173    0.00001    1
  -3    5   -9   0.798879     0.597177     0.084036     0.603061   52.71173    0.00017    1
  -3    5    9   0.798879     0.184587    -0.068070     0.196738   52.71173    0.00002    1
   3   -5   -9   0.798879     0.184161     0.069127     0.196707   52.71173    0.00002    1
   3   -5    9   0.798879     0.597839    -0.080112     0.603183   52.71173    0.00017    1
   3    5   -9   0.798879    -0.103372     0.037865     0.110089   52.71173    0.00001    1
  -3   -7   -7   0.798802     0.197392    -0.198882      0.28021   52.71720    0.00004    1
  -3   -7    7   0.798802     0.017602    -0.619180      0.61943   52.71720    0.00018    1
  -3    7   -7   0.798802     0.153343     0.350424     0.382506   52.71720    0.00007    1
  -3    7    7   0.798802     0.024332     0.727161     0.727568   52.71720    0.00025    1
   3   -7   -7   0.798802     0.028085    -0.727062     0.727605   52.71720    0.00025    1
   3   -7    7   0.798802     0.154781    -0.349902     0.382607   52.71720    0.00007    1
   3    7   -7   0.798802     0.014275     0.618701     0.618865   52.71720    0.00018    1
   3    7    7   0.798802     0.196896     0.199771     0.280494   52.71720    0.00004    1
  -5   -7   -5   0.798298     0.240736    -0.238632     0.338968   52.75304    0.00005    1
  -5   -7    5   0.798298     0.169762    -0.210070      0.27009   52.75304    0.00003    1
  -5    7   -5   0.798298     0.082447     0.172204     0.190923   52.75304    0.00002    1
  -5    7    5   0.798298     0.134545     0.167320     0.214705   52.75304    0.00002    1
   5   -7   -5   0.798298     0.135867    -0.166498     0.214899   52.75304    0.00002    1
   5   -7    5   0.798298     0.083677    -0.171391     0.190726   52.75304    0.00002    1
   5    7   -5   0.798298     0.168190     0.211183     0.269974   52.75304    0.00003    1
   5    7    5   0.798298     0.238898     0.240087     0.338695   52.75304    0.00005    1
  -7   -2   -7   0.797688    -0.075334    -0.272301      0.28253   52.79653    0.00004    1
   7    2    7   0.797688    -0.076771     0.271082     0.281743   52.79653    0.00004    1
  -7   -2    7   0.797688    -0.319326     0.550690     0.636576   52.79653    0.00019    1
  -7    2   -7   0.797688     0.411380     0.275452     0.495083   52.79653    0.00012    1
  -7    2    7   0.797688     0.111177    -0.610770     0.620806   52.79653    0.00018    1
   7   -2   -7   0.797688     0.107582     0.612149     0.621531   52.79653    0.00018    1
   7   -2    7   0.797688     0.412927    -0.273246     0.495149   52.79653    0.00012    1
   7    2   -7   0.797688    -0.316044    -0.552397     0.636417   52.79653    0.00019    1
  -2   -1  -11   0.797556    -0.248624     0.559715     0.612449   52.80592    0.00018    1
  -2   -1   11   0.797556    -0.130490     0.096971     0.162576   52.80592    0.00001    1
  -2    1  -11   0.797556     0.207489    -0.116178       0.2378   52.80592    0.00003    1
  -2    1   11   0.797556    -0.072743    -0.020355    0.0755371   52.80592    0.00000    1
   2   -1  -11   0.797556    -0.072462     0.020018    0.0751759   52.80592    0.00000    1
   2   -1   11   0.797556     0.207213     0.117409     0.238164   52.80592    0.00003    1
   2    1  -11   0.797556    -0.129672    -0.097359     0.162153   52.80592    0.00001    1
   2    1   11   0.797556    -0.245088    -0.561101     0.612293   52.80592    0.00018    1
  -9   -2   -1   0.796685    -0.067416     0.060531    0.0906034   52.86812    0.00000    1
  -9   -2    1   0.796685    -0.159990    -0.171040     0.234204   52.86812    0.00003    1
  -9    2   -1   0.796685     0.064542    -0.058094    0.0868364   52.86812    0.00000    1
  -9    2    1   0.796685    -0.017770     0.399724     0.400119   52.86812    0.00008    1
   9   -2   -1   0.796685    -0.015051    -0.399884     0.400167   52.86812    0.00008    1
   9   -2    1   0.796685     0.064081     0.058552    0.0868029   52.86812    0.00000    1
   9    2   -1   0.796685    -0.161103     0.169963     0.234183   52.86812    0.00003    1
   9    2    1   0.796685    -0.067075    -0.060866    0.0905745   52.86812    0.00000    1
  -6   -7   -3   0.796402    -0.465631     0.060547     0.469551   52.88843    0.00010    1
  -6   -7    3   0.796402    -0.188948     0.273826     0.332689   52.88843    0.00005    1
  -6    7   -3   0.796402    -0.321170     0.213466      0.38564   52.88843    0.00007    1
  -6    7    3   0.796402     0.215485     0.388946     0.444649   52.88843    0.00009    1
   6   -7   -3   0.796402     0.217345    -0.387359     0.444169   52.88843    0.00009    1
   6   -7    3   0.796402    -0.320527    -0.214840     0.385867   52.88843    0.00007    1
   6    7   -3   0.796402    -0.188046    -0.275062     0.333197   52.88843    0.00005    1
   6    7    3   0.796402    -0.466180    -0.063327     0.470462   52.88843    0.00010    1
   0   -6   -9   0.795507     0.198981     0.318256      0.37534   52.95252    0.00007    1
   0   -6    9   0.795507     0.154345    -0.327208     0.361783   52.95252    0.00006    1
   0    6   -9   0.795507     0.152313     0.328336     0.361945   52.95252    0.00006    1
   0    6    9   0.795507     0.200652    -0.316838      0.37503   52.95252    0.00007    1
   0   -7   -8   0.794441     0.398461    -0.102367       0.4114   53.02915    0.00008    1
   0   -7    8   0.794441    -0.851009    -0.170570     0.867935   53.02915    0.00035    1
   0    7   -8   0.794441    -0.852070     0.165080     0.867914   53.02915    0.00035    1
   0    7    8   0.794441     0.397815     0.104728      0.41137   53.02915    0.00008    1
  -4   -2  -10   0.794087     0.292815    -0.007837     0.292919   53.05463    0.00004    1
  -4   -2   10   0.794087     0.300285    -0.017738     0.300808   53.05463    0.00004    1
  -4    2  -10   0.794087     0.451681    -0.199851     0.493919   53.05463    0.00011    1
  -4    2   10   0.794087     0.071303    -0.064091    0.0958739   53.05463    0.00000    1
   4   -2  -10   0.794087     0.070734     0.065551    0.0964378   53.05463    0.00000    1
   4   -2   10   0.794087     0.450649     0.202308     0.493977   53.05463    0.00011    1
   4    2  -10   0.794087     0.300056     0.019164     0.300667   53.05463    0.00004    1
   4    2   10   0.794087     0.292432     0.010721     0.292629   53.05463    0.00004    1
  -8   -5    0   0.792538     0.793079     0.100517     0.799424   53.16640    0.00030    1
   8    5    0   0.792538     0.793471    -0.095513     0.799199   53.16640    0.00030    1
  -8    5    0   0.792538    -0.182478     0.467249     0.501617   53.16640    0.00012    1
   8   -5    0   0.792538    -0.179711    -0.468470     0.501757   53.16640    0.00012    1
  -2   -9   -4   0.792178    -0.309603     0.126417     0.334418   53.19246    0.00005    1
  -2   -9    4   0.792178    -0.126864    -0.224884       0.2582   53.19246    0.00003    1
  -2    9   -4   0.792178    -0.136439     0.093933     0.165648   53.19246    0.00001    1
  -2    9    4   0.792178    -0.040365    -0.269060     0.272071   53.19246    0.00003    1
   2   -9   -4   0.792178    -0.041847     0.269102     0.272336   53.19246    0.00003    1
   2   -9    4   0.792178    -0.135480    -0.094531       0.1652   53.19246    0.00001    1
   2    9   -4   0.792178    -0.128048     0.224435     0.258393   53.19246    0.00003    1
   2    9    4   0.792178    -0.308390    -0.128223     0.333984   53.19246    0.00005    1
  -6   -3   -8   0.791421    -0.543722    -0.191202     0.576361   53.24738    0.00015    1
  -6    3   -8   0.791421    -0.515021    -0.124949     0.529961   53.24738    0.00013    1
  -6    3    8   0.791421    -0.026791     0.283434     0.284697   53.24738    0.00004    1
   6   -3   -8   0.791421    -0.023892    -0.283857     0.284861   53.24738    0.00004    1
   6   -3    8   0.791421    -0.514826     0.121185     0.528897   53.24738    0.00013    1
   6    3    8   0.791421    -0.543968     0.187144     0.575259   53.24738    0.00015    1
  -6   -3    8   0.791421    -0.067140     0.263342     0.271766   53.24738    0.00003    1
   6    3   -8   0.791421    -0.064519    -0.264366     0.272125   53.24738    0.00003    1
  -1   -6   -9   0.790893     0.117955     0.225303     0.254312   53.28575    0.00003    1
  -1   -6    9   0.790893    -0.445215    -0.195368     0.486195   53.28575    0.00011    1
  -1    6   -9   0.790893     0.189573    -0.428927     0.468952   53.28575    0.00010    1
  -1    6    9   0.790893    -0.052520     0.395414     0.398887   53.28575    0.00007    1
   1   -6   -9   0.790893    -0.049560    -0.393953     0.397058   53.28575    0.00007    1
   1   -6    9   0.790893     0.185898     0.429450     0.467959   53.28575    0.00010    1
   1    6   -9   0.790893    -0.447521     0.192022     0.486978   53.28575    0.00011    1
   1    6    9   0.790893     0.121057    -0.225313     0.255774   53.28575    0.00003    1
  -3   -9   -3   0.790508     0.680990     0.160899      0.69974   53.31373    0.00023    1
  -3   -9    3   0.790508     0.358024    -0.302483     0.468697   53.31373    0.00010    1
  -3    9   -3   0.790508    -0.065299     0.136912     0.151687   53.31373    0.00001    1
  -3    9    3   0.790508     0.224000     0.464294     0.515505   53.31373    0.00012    1
   3   -9   -3   0.790508     0.226781    -0.463999     0.516454   53.31373    0.00012    1
   3   -9    3   0.790508    -0.064398    -0.138302      0.15256   53.31373    0.00001    1
   3    9   -3   0.790508     0.355741     0.303889     0.467868   53.31373    0.00010    1
   3    9    3   0.790508     0.681515    -0.157720     0.699527   53.31373    0.00023    1
  -5   -3   -9   0.790243    -0.087406    -0.272256     0.285942   53.33300    0.00004    1
   5    3    9   0.790243    -0.089278     0.274000     0.288178   53.33300    0.00004    1
  -5   -3    9   0.790243    -0.021161    -0.141031      0.14261   53.33300    0.00001    1
  -5    3   -9   0.790243     0.247806    -0.047939       0.2524   53.33300    0.00003    1
  -5    3    9   0.790243    -0.178925     0.201259     0.269294   53.33300    0.00003    1
   5   -3   -9   0.790243    -0.179907    -0.201763     0.270324   53.33300    0.00003    1
   5   -3    9   0.790243     0.246640     0.048265     0.251318   53.33300    0.00003    1
   5    3   -9   0.790243    -0.020483     0.141252      0.14273   53.33300    0.00001    1
  -1   -7   -8   0.789845     0.232174     0.626069     0.667733   53.36205    0.00021    1
   1    7    8   0.789845     0.235954    -0.625207      0.66825   53.36205    0.00021    1
  -1   -7    8   0.789845    -0.044184    -0.596700     0.598333   53.36205    0.00016    1
  -1    7   -8   0.789845    -0.138345    -0.265143     0.299065   53.36205    0.00004    1
  -1    7    8   0.789845     0.157253     0.375025      0.40666   53.36205    0.00008    1
   1   -7   -8   0.789845     0.159106    -0.373748     0.406205   53.36205    0.00008    1
   1   -7    8   0.789845    -0.140073     0.264922     0.299673   53.36205    0.00004    1
   1    7   -8   0.789845    -0.047417     0.595967      0.59785   53.36205    0.00016    1
  -8   -5   -1   0.789508     0.305476    -0.442377     0.537599   53.38662    0.00013    1
  -8   -5    1   0.789508     0.347762    -0.218061     0.410474   53.38662    0.00008    1
   8    5   -1   0.789508     0.346395     0.220476     0.410608   53.38662    0.00008    1
   8    5    1   0.789508     0.302812     0.444372     0.537737   53.38662    0.00013    1
  -8    5   -1   0.789508    -0.341978    -0.191829     0.392106   53.38662    0.00007    1
  -8    5    1   0.789508    -0.241449    -0.099763     0.261247   53.38662    0.00003    1
   8   -5   -1   0.789508    -0.241880     0.098048     0.260997   53.38662    0.00003    1
   8   -5    1   0.789508    -0.342925     0.189570     0.391834   53.38662    0.00007    1
  -7   -6   -3   0.789428    -0.396440    -0.575659     0.698962   53.39244    0.00022    1
   7    6    3   0.789428    -0.398922     0.573962     0.698979   53.39244    0.00022    1
  -7   -6    3   0.789428    -0.338876     0.579430      0.67125   53.39244    0.00021    1
  -7    6   -3   0.789428     0.529366     0.496517     0.725781   53.39244    0.00024    1
  -7    6    3   0.789428     0.576488    -0.673653      0.88665   53.39244    0.00036    1
   7   -6   -3   0.789428     0.573343     0.676390     0.886694   53.39244    0.00036    1
   7   -6    3   0.789428     0.531502    -0.493782     0.725476   53.39244    0.00024    1
   7    6   -3   0.789428    -0.336160    -0.580717     0.670996   53.39244    0.00021    1
  -9    0   -3   0.788567    -0.220732     0.290507     0.364852   53.45534    0.00006    1
  -9    0    3   0.788567     0.022697     0.015917    0.0277216   53.45534    0.00000    1
   9    0   -3   0.788567     0.022656    -0.015651    0.0275363   53.45534    0.00000    1
   9    0    3   0.788567    -0.218653    -0.292068     0.364846   53.45534    0.00006    1
  -7   -4   -6   0.788488    -0.828350    -0.206855     0.853787   53.46118    0.00033    1
  -7   -4    6   0.788488     0.290727     0.347164     0.452818   53.46118    0.00009    1
  -7    4   -6   0.788488     0.499757     0.075672     0.505454   53.46118    0.00012    1
  -7    4    6   0.788488     0.448249    -0.207805     0.494075   53.46118    0.00011    1
   7   -4   -6   0.788488     0.446681     0.209528     0.493382   53.46118    0.00011    1
   7   -4    6   0.788488     0.500246    -0.071801     0.505372   53.46118    0.00012    1
   7    4   -6   0.788488     0.292907    -0.346138     0.453439   53.46118    0.00009    1
   7    4    6   0.788488    -0.829829     0.202536     0.854188   53.46118    0.00033    1
  -9   -2   -2   0.787556     0.213280    -0.556472     0.595945   53.52945    0.00016    1
  -9   -2    2   0.787556    -0.155905     0.467520      0.49283   53.52945    0.00011    1
  -9    2   -2   0.787556    -0.064779     0.373423        0.379   53.52945    0.00007    1
  -9    2    2   0.787556    -0.079200    -0.223693       0.2373   53.52945    0.00003    1
   9   -2   -2   0.787556    -0.080518     0.222819     0.236921   53.52945    0.00003    1
   9   -2    2   0.787556    -0.062205    -0.373706     0.378848   53.52945    0.00007    1
   9    2   -2   0.787556    -0.152713    -0.468412     0.492678   53.52945    0.00011    1
   9    2    2   0.787556     0.209424     0.557811     0.595828   53.52945    0.00016    1
  -5   -8   -3   0.786077     0.045857    -0.210348     0.215288   53.63825    0.00002    1
  -5   -8    3   0.786077    -0.485162     0.046387     0.487375   53.63825    0.00011    1
  -5    8   -3   0.786077    -0.142803     0.305410     0.337147   53.63825    0.00005    1
  -5    8    3   0.786077     0.451464    -0.348865     0.570549   53.63825    0.00015    1
   5   -8   -3   0.786077     0.449614     0.351964     0.570992   53.63825    0.00015    1
   5   -8    3   0.786077    -0.141110    -0.306666     0.337573   53.63825    0.00005    1
   5    8   -3   0.786077    -0.484447    -0.049183     0.486937   53.63825    0.00011    1
   5    8    3   0.786077     0.044315     0.210526      0.21514   53.63825    0.00002    1
  -4   -9    0   0.785800     0.173016     0.274907      0.32482   53.65868    0.00005    1
  -4    9    0   0.785800     0.206436     0.020818     0.207483   53.65868    0.00002    1
   4   -9    0   0.785800     0.206963    -0.020596     0.207986   53.65868    0.00002    1
   4    9    0   0.785800     0.174943    -0.274970     0.325904   53.65868    0.00005    1
  -7   -5   -5   0.785476    -0.531273     0.329114     0.624954   53.68258    0.00018    1
  -7   -5    5   0.785476    -0.749860    -0.508957     0.906271   53.68258    0.00037    1
  -7    5   -5   0.785476     0.515954    -0.606189     0.796037   53.68258    0.00029    1
  -7    5    5   0.785476     0.869725     0.290085     0.916826   53.68258    0.00038    1
   7   -5   -5   0.785476     0.870710    -0.286101      0.91651   53.68258    0.00038    1
   7   -5    5   0.785476     0.513123     0.607980     0.795572   53.68258    0.00029    1
   7    5   -5   0.785476    -0.751845     0.505518     0.905991   53.68258    0.00037    1
   7    5    5   0.785476    -0.529919    -0.330861     0.624726   53.68258    0.00018    1
  -2   -2  -11   0.785405    -0.237902    -0.065882     0.246856   53.68781    0.00003    1
  -2   -2   11   0.785405     0.090665    -0.109697     0.142315   53.68781    0.00001    1
  -2    2  -11   0.785405    -0.065803    -0.015361    0.0675718   53.68781    0.00000    1
  -2    2   11   0.785405     0.248667     0.174563     0.303821   53.68781    0.00004    1
   2   -2  -11   0.785405     0.250018    -0.172459     0.303729   53.68781    0.00004    1
   2   -2   11   0.785405    -0.065814     0.014817    0.0674618   53.68781    0.00000    1
   2    2  -11   0.785405     0.089835     0.110461      0.14238   53.68781    0.00001    1
   2    2   11   0.785405    -0.237949     0.064740     0.246599   53.68781    0.00003    1
  -8    0   -6   0.784609    -0.494693     0.363881     0.614109   53.74663    0.00017    1
   8    0    6   0.784609    -0.493247    -0.366309      0.61439   53.74663    0.00017    1
  -8    0    6   0.784609     0.810323    -0.239719     0.845038   53.74663    0.00032    1
   8    0   -6   0.784609     0.809118     0.243904     0.845081   53.74663    0.00032    1
  -9   -1   -3   0.784591     0.163293     0.039736     0.168058   53.74796    0.00001    1
  -9   -1    3   0.784591     0.406002    -0.118116     0.422835   53.74796    0.00008    1
  -9    1   -3   0.784591    -0.210509    -0.043444     0.214945   53.74796    0.00002    1
  -9    1    3   0.784591    -0.242601     0.304625     0.389425   53.74796    0.00007    1
   9   -1   -3   0.784591    -0.240270    -0.306278     0.389276   53.74796    0.00007    1
   9   -1    3   0.784591    -0.210573     0.041673     0.214657   53.74796    0.00002    1
   9    1   -3   0.784591     0.404787     0.120750     0.422414   53.74796    0.00008    1
   9    1    3   0.784591     0.163228    -0.038374     0.167678   53.74796    0.00001    1
   0   -3  -11   0.783538    -0.334427     0.233779     0.408037   53.82600    0.00008    1
   0   -3   11   0.783538    -0.374385    -0.225346     0.436973   53.82600    0.00009    1
   0    3  -11   0.783538    -0.375953     0.223014     0.437122   53.82600    0.00009    1
   0    3   11   0.783538    -0.332779    -0.235932     0.407929   53.82600    0.00008    1
   0   -9   -5   0.783320     0.185617     0.165306     0.248556   53.84219    0.00003    1
   0   -9    5   0.783320     0.217387     0.104665     0.241271   53.84219    0.00003    1
   0    9   -5   0.783320     0.217991    -0.103351      0.24125   53.84219    0.00003    1
   0    9    5   0.783320     0.186669    -0.164237     0.248634   53.84219    0.00003    1
  -4   -9   -1   0.782845    -0.075939    -0.020051    0.0785416   53.87751    0.00000    1
  -4   -9    1   0.782845     0.072750     0.108549     0.130673   53.87751    0.00001    1
  -4    9   -1   0.782845    -0.161136    -0.221721      0.27409   53.87751    0.00003    1
  -4    9    1   0.782845     0.017250    -0.139799     0.140859   53.87751    0.00001    1
   4   -9   -1   0.782845     0.015800     0.139960     0.140849   53.87751    0.00001    1
   4   -9    1   0.782845    -0.162474     0.220970     0.274272   53.87751    0.00003    1
   4    9   -1   0.782845     0.073288    -0.107813     0.130364   53.87751    0.00001    1
   4    9    1   0.782845    -0.075834     0.019735    0.0783604   53.87751    0.00000    1
   0   -5  -10   0.782510    -1.372685   -14.902972      14.9661   53.90245    0.10082    1
   0   -5   10   0.782510    -4.582238    14.529040      15.2345   53.90245    0.10447    1
   0    5  -10   0.782510    -4.490664   -14.557536      15.2344   53.90245    0.10447    1
   0    5   10   0.782510    -1.466484    14.894038      14.9661   53.90245    0.10082    1
   0  -10    0   0.782284   -15.067618    -3.207742      15.4053   53.91929    0.10675    1
   0   10    0   0.782284   -15.087412     3.112997      15.4052   53.91929    0.10675    1
  -8   -3   -5   0.781641     0.028843    -0.422175     0.423159   53.96723    0.00008    1
   8    3    5   0.781641     0.026441     0.422309     0.423136   53.96723    0.00008    1
  -8   -3    5   0.781641     0.109008    -0.546768     0.557528   53.96723    0.00014    1
  -8    3   -5   0.781641    -0.108227    -0.456790     0.469436   53.96723    0.00010    1
  -8    3    5   0.781641    -0.049690    -0.569393     0.571557   53.96723    0.00015    1
   8   -3   -5   0.781641    -0.053188     0.569172     0.571651   53.96723    0.00015    1
   8   -3    5   0.781641    -0.111060     0.456450     0.469767   53.96723    0.00010    1
   8    3   -5   0.781641     0.105792     0.547153     0.557286   53.96723    0.00014    1
  -8   -1   -6   0.780692     7.335285    12.922639      14.8594   54.03816    0.09882    1
  -8   -1    6   0.780692    -4.113826   -14.124946      14.7118   54.03816    0.09687    1
  -8    1   -6   0.780692     7.816446    12.447654      14.6983   54.03816    0.09669    1
  -8    1    6   0.780692    -4.621729   -14.101656      14.8397   54.03816    0.09856    1
   8   -1   -6   0.780692    -4.713195    14.071739      14.8401   54.03816    0.09856    1
   8   -1    6   0.780692     7.897474   -12.397442      14.6992   54.03816    0.09670    1
   8    1   -6   0.780692    -4.205593    14.098892      14.7128   54.03816    0.09688    1
   8    1    6   0.780692     7.419243   -12.875324        14.86   54.03816    0.09883    1
  -8   -4   -4   0.780647    13.679789    -5.838774      14.8737   54.04152    0.09900    1
  -8   -4    4   0.780647    14.347387    -3.531184      14.7755   54.04152    0.09770    1
  -8    4   -4   0.780647    12.470628    -7.909010      14.7672   54.04152    0.09758    1
   8   -4    4   0.780647    12.418327     7.989328      14.7663   54.04152    0.09757    1
   8    4   -4   0.780647    14.323225     3.623997      14.7746   54.04152    0.09768    1
   8    4    4   0.780647    13.641109     5.927219      14.8732   54.04152    0.09899    1
  -8    4    4   0.780647    13.614181    -5.944698      14.8555   54.04152    0.09875    1
   8   -4   -4   0.780647    13.575016     6.032815      14.8552   54.04152    0.09875    1
  -8   -5   -2   0.780620    -5.058109   -13.706625      14.6101   54.04354    0.09551    1
  -8   -5    2   0.780620     3.810481    14.157211       14.661   54.04354    0.09618    1
   8    5   -2   0.780620     3.902198   -14.131645      14.6605   54.04354    0.09617    1
   8    5    2   0.780620    -5.147195    13.673950      14.6106   54.04354    0.09552    1
  -8    5   -2   0.780620    -7.661026   -12.533847      14.6897   54.04354    0.09656    1
  -8    5    2   0.780620     6.736351    12.987400      14.6305   54.04354    0.09578    1
   8   -5   -2   0.780620     6.820742   -12.943748      14.6309   54.04354    0.09578    1
   8   -5    2   0.780620    -7.742005    12.483489      14.6893   54.04354    0.09655    1
  -9   -3    0   0.779684     0.291319     0.146659     0.326152   54.11371    0.00005    1
  -9    3    0   0.779684     0.147575     0.168346     0.223872   54.11371    0.00002    1
   9   -3    0   0.779684     0.148937    -0.167437     0.224092   54.11371    0.00002    1
   9    3    0   0.779684     0.292058    -0.144607     0.325897   54.11371    0.00005    1
   0   -8   -7   0.779476    -0.071704    -0.410774     0.416985   54.12933    0.00008    1
   0    8    7   0.779476    -0.074201     0.410341     0.416996   54.12933    0.00008    1
   0   -8    7   0.779476    -0.156656     0.094229     0.182812   54.12933    0.00001    1
   0    8   -7   0.779476    -0.155998    -0.095209     0.182757   54.12933    0.00001    1
   0  -10   -1   0.779369     0.145605    -0.187726     0.237574   54.13739    0.00003    1
   0  -10    1   0.779369     0.149310     0.237844     0.280826   54.13739    0.00004    1
   0   10   -1   0.779369     0.150636    -0.236884     0.280723   54.13739    0.00004    1
   0   10    1   0.779369     0.144672     0.188558     0.237664   54.13739    0.00003    1
  -1   -3  -11   0.779128    -0.488564     0.096309     0.497966   54.15551    0.00011    1
  -1   -3   11   0.779128    -0.311944     0.563849     0.644387   54.15551    0.00018    1
  -1    3  -11   0.779128     0.569330     0.076470     0.574443   54.15551    0.00015    1
  -1    3   11   0.779128     0.475233    -0.154053     0.499579   54.15551    0.00011    1
   1   -3  -11   0.779128     0.475579     0.156101     0.500542   54.15551    0.00011    1
   1   -3   11   0.779128     0.570103    -0.074452     0.574944   54.15551    0.00015    1
   1    3  -11   0.779128    -0.309277    -0.564591     0.643751   54.15551    0.00018    1
   1    3   11   0.779128    -0.487899    -0.097737     0.497592   54.15551    0.00011    1
  -4   -8   -5   0.779008     0.254619    -0.694783     0.739969   54.16452    0.00024    1
   4    8    5   0.779008     0.250392     0.695903     0.739579   54.16452    0.00024    1
  -4   -8    5   0.779008     0.283728     0.681204      0.73793   54.16452    0.00024    1
  -4    8   -5   0.779008     0.243679    -0.804519     0.840614   54.16452    0.00031    1
  -4    8    5   0.779008     0.565424     0.568449     0.801772   54.16452    0.00029    1
   4   -8   -5   0.779008     0.569169    -0.565335     0.802221   54.16452    0.00029    1
   4   -8    5   0.779008     0.238270     0.806881     0.841326   54.16452    0.00032    1
   4    8   -5   0.779008     0.288067    -0.678481     0.737102   54.16452    0.00024    1
  -3    0  -11   0.778921    -0.030349    -0.641071     0.641789   54.17109    0.00018    1
  -3    0   11   0.778921    -0.029268     0.157541     0.160236   54.17109    0.00001    1
   3    0  -11   0.778921    -0.029243    -0.157301     0.159996   54.17109    0.00001    1
   3    0   11   0.778921    -0.033382     0.640804     0.641673   54.17109    0.00018    1
  -1   -9   -5   0.778914    -0.687158     0.548350     0.879132   54.17163    0.00034    1
  -1   -9    5   0.778914    -0.792423    -0.612900      1.00179   54.17163    0.00045    1
  -1    9   -5   0.778914     0.155537    -1.049850      1.06131   54.17163    0.00050    1
  -1    9    5   0.778914     0.872332     0.116546     0.880083   54.17163    0.00034    1
   1   -9   -5   0.778914     0.873109    -0.111835     0.880242   54.17163    0.00034    1
   1   -9    5   0.778914     0.149842     1.050696      1.06133   54.17163    0.00050    1
   1    9   -5   0.778914    -0.795620     0.608745      1.00179   54.17163    0.00045    1
   1    9    5   0.778914    -0.684206    -0.552148     0.879207   54.17163    0.00034    1
  -5   -6   -7   0.778347    -0.249490    -0.462373      0.52539   54.21432    0.00012    1
   5    6    7   0.778347    -0.252019     0.460552     0.524997   54.21432    0.00012    1
  -5   -6    7   0.778347    -0.301927     0.069314     0.309782   54.21432    0.00004    1
  -5    6   -7   0.778347    -0.071430     0.144878      0.16153   54.21432    0.00001    1
  -5    6    7   0.778347     0.367170    -0.089310     0.377876   54.21432    0.00006    1
   5   -6   -7   0.778347     0.366434     0.091160     0.377603   54.21432    0.00006    1
   5   -6    7   0.778347    -0.071095    -0.145431     0.161878   54.21432    0.00001    1
   5    6   -7   0.778347    -0.301067    -0.070789     0.309277   54.21432    0.00004    1
  -1   -5  -10   0.778117     8.198998    -5.639644      9.95134   54.23164    0.04396    1
  -1   -5   10   0.778117    -9.778307     1.306973      9.86527   54.23164    0.04320    1
  -1    5  -10   0.778117    -7.302078     6.628086      9.86164   54.23164    0.04317    1
  -1    5   10   0.778117     9.083054    -3.957967      9.90795   54.23164    0.04358    1
   1   -5  -10   0.778117     9.056957     4.015915      9.90737   54.23164    0.04357    1
   1   -5   10   0.778117    -7.259509    -6.674868      9.86176   54.23164    0.04317    1
   1    5  -10   0.778117    -9.769624    -1.369601      9.86516   54.23164    0.04320    1
   1    5   10   0.778117     8.162185     5.691806      9.95077   54.23164    0.04396    1
  -3   -4  -10   0.777911     0.052795    -0.463094     0.466094   54.24720    0.00010    1
  -3   -4   10   0.777911     0.575637    -0.403837     0.703166   54.24720    0.00022    1
  -3    4  -10   0.777911    -0.050621    -0.184285     0.191111   54.24720    0.00002    1
  -3    4   10   0.777911    -0.140919    -0.374559     0.400191   54.24720    0.00007    1
   3   -4  -10   0.777911    -0.143116     0.373475     0.399957   54.24720    0.00007    1
   3   -4   10   0.777911    -0.051385     0.184079     0.191117   54.24720    0.00002    1
   3    4  -10   0.777911     0.572507     0.407964     0.702993   54.24720    0.00022    1
   3    4   10   0.777911     0.049595     0.463414      0.46606   54.24720    0.00010    1
  -1  -10    0   0.777895     1.670629     9.726127      9.86856   54.24841    0.04320    1
  -1   10    0   0.777895    -5.408043    -8.164781      9.79339   54.24841    0.04255    1
   1  -10    0   0.777895    -5.460729     8.130412      9.79404   54.24841    0.04255    1
   1   10    0   0.777895     1.733111    -9.715621      9.86899   54.24841    0.04321    1
  -3   -8   -6   0.777768    -0.219358    -0.433069     0.485455   54.25794    0.00010    1
  -3    8   -6   0.777768     0.290181     0.367687       0.4684   54.25794    0.00010    1
  -3    8    6   0.777768    -0.569021     0.340297     0.663014   54.25794    0.00019    1
   3   -8   -6   0.777768    -0.567381    -0.342702     0.662847   54.25794    0.00019    1
   3   -8    6   0.777768     0.293013    -0.366926     0.469565   54.25794    0.00010    1
   3    8    6   0.777768    -0.221000     0.432510     0.485702   54.25794    0.00010    1
  -3   -8    6   0.777768     0.194378     0.703808     0.730157   54.25794    0.00024    1
   3    8   -6   0.777768     0.198018    -0.703339     0.730682   54.25794    0.00024    1
  -7   -3   -7   0.777728    -0.410064     0.367006     0.550314   54.26102    0.00013    1
  -7   -3    7   0.777728    -0.368834     0.276747     0.461115   54.26102    0.00009    1
  -7    3   -7   0.777728     0.438192     0.600488     0.743369   54.26102    0.00025    1
  -7    3    7   0.777728     0.372468    -0.036847     0.374286   54.26102    0.00006    1
   7   -3   -7   0.777728     0.372049     0.038372     0.374023   54.26102    0.00006    1
   7   -3    7   0.777728     0.441652    -0.598664     0.743945   54.26102    0.00025    1
   7    3   -7   0.777728    -0.367614    -0.278092      0.46095   54.26102    0.00009    1
   7    3    7   0.777728    -0.407959    -0.368707     0.549887   54.26102    0.00013    1
  -2   -6   -9   0.777517    -0.444800     0.021205     0.445306   54.27694    0.00009    1
   2    6    9   0.777517    -0.444391    -0.024124     0.445045   54.27694    0.00009    1
  -2   -6    9   0.777517     0.113494    -0.030315     0.117473   54.27694    0.00001    1
  -2    6   -9   0.777517    -0.543267    -0.039101     0.544673   54.27694    0.00013    1
  -2    6    9   0.777517     0.121260     0.052875     0.132286   54.27694    0.00001    1
   2   -6   -9   0.777517     0.121400    -0.052077     0.132098   54.27694    0.00001    1
   2   -6    9   0.777517    -0.543253     0.035662     0.544422   54.27694    0.00013    1
   2    6   -9   0.777517     0.113340     0.031299     0.117582   54.27694    0.00001    1
  -5   -5   -8   0.777419     0.171546    -0.297019     0.342999   54.28436    0.00005    1
   5    5    8   0.777419     0.170618     0.299053     0.344301   54.28436    0.00005    1
  -5   -5    8   0.777419    -0.433277     0.358908     0.562622   54.28436    0.00014    1
  -5    5   -8   0.777419     0.180603    -0.061059     0.190646   54.28436    0.00002    1
  -5    5    8   0.777419    -0.288806     0.048174     0.292796   54.28436    0.00004    1
   5   -5   -8   0.777419    -0.289591    -0.050956      0.29404   54.28436    0.00004    1
   5   -5    8   0.777419     0.180159     0.060546     0.190061   54.28436    0.00002    1
   5    5   -8   0.777419    -0.429290    -0.362070     0.561591   54.28436    0.00014    1
  -9   -3   -1   0.776798     0.301522     0.064582      0.30836   54.33128    0.00004    1
   9    3    1   0.776798     0.301389    -0.062502     0.307802   54.33128    0.00004    1
  -9   -3    1   0.776798     0.155762     0.005863     0.155872   54.33128    0.00001    1
  -9    3   -1   0.776798     0.238763     0.374275     0.443947   54.33128    0.00009    1
  -9    3    1   0.776798    -0.201848     0.027644     0.203732   54.33128    0.00002    1
   9   -3   -1   0.776798    -0.201484    -0.029409     0.203619   54.33128    0.00002    1
   9   -3    1   0.776798     0.241772    -0.372720     0.444268   54.33128    0.00009    1
   9    3   -1   0.776798     0.155881    -0.004225     0.155938   54.33128    0.00001    1
  -6    0   -9   0.776694     0.134001    -0.044466     0.141186   54.33914    0.00001    1
  -6    0    9   0.776694    -0.476921    -0.099227     0.487134   54.33914    0.00010    1
   6    0   -9   0.776694    -0.477930     0.094792      0.48724   54.33914    0.00010    1
   6    0    9   0.776694     0.134660     0.046425     0.142438   54.33914    0.00001    1
  -2   -7   -8   0.776521    -0.092303     0.409309     0.419588   54.35228    0.00008    1
  -2    7   -8   0.776521     0.191554    -0.144411      0.23989   54.35228    0.00003    1
  -2    7    8   0.776521    -0.086487     0.170563     0.191237   54.35228    0.00002    1
   2   -7   -8   0.776521    -0.085338    -0.170757     0.190895   54.35228    0.00002    1
   2   -7    8   0.776521     0.190095     0.146195     0.239811   54.35228    0.00003    1
   2    7    8   0.776521    -0.089251    -0.409827     0.419433   54.35228    0.00008    1
  -2   -7    8   0.776521     0.760525    -0.502455     0.911515   54.35228    0.00037    1
   2    7   -8   0.776521     0.757743     0.507141     0.911793   54.35228    0.00037    1
  -6   -7   -4   0.775596    -0.385039     0.014882     0.385327   54.42246    0.00007    1
  -6   -7    4   0.775596    -0.679974    -0.234827      0.71938   54.42246    0.00023    1
  -6    7   -4   0.775596    -0.330917     0.076801     0.339712   54.42246    0.00005    1
  -6    7    4   0.775596     0.104095     0.319532      0.33606   54.42246    0.00005    1
   6   -7   -4   0.775596     0.107070    -0.318231      0.33576   54.42246    0.00005    1
   6   -7    4   0.775596    -0.329751    -0.078868     0.339051   54.42246    0.00005    1
   6    7   -4   0.775596    -0.681126     0.229879     0.718872   54.42246    0.00023    1
   6    7    4   0.775596    -0.384871    -0.018448     0.385312   54.42246    0.00007    1
  -1   -8   -7   0.775134     0.468194     0.487514     0.675926   54.45759    0.00020    1
   1    8    7   0.775134     0.470850    -0.484962     0.675935   54.45759    0.00020    1
  -1   -8    7   0.775134     0.455309    -0.670861     0.810778   54.45759    0.00029    1
  -1    8   -7   0.775134    -0.969438     0.057845     0.971162   54.45759    0.00041    1
  -1    8    7   0.775134     0.099353     0.513664     0.523185   54.45759    0.00012    1
   1   -8   -7   0.775134     0.101968    -0.513232     0.523263   54.45759    0.00012    1
   1   -8    7   0.775134    -0.969011    -0.063143     0.971066   54.45759    0.00041    1
   1    8   -7   0.775134     0.451859     0.673080     0.810687   54.45759    0.00029    1
  -3   -1  -11   0.775088    -0.040601     0.309652     0.312303   54.46106    0.00004    1
  -3   -1   11   0.775088     0.136174     0.771429     0.783356   54.46106    0.00027    1
  -3    1  -11   0.775088    -0.282622    -0.332921     0.436706   54.46106    0.00008    1
  -3    1   11   0.775088    -0.060460    -0.758989     0.761394   54.46106    0.00025    1
   3   -1  -11   0.775088    -0.064000     0.758509     0.761205   54.46106    0.00025    1
   3   -1   11   0.775088    -0.283556     0.330986     0.435839   54.46106    0.00008    1
   3    1  -11   0.775088     0.140001    -0.769971     0.782595   54.46106    0.00027    1
   3    1   11   0.775088    -0.039777    -0.309194     0.311742   54.46106    0.00004    1
  -1  -10   -1   0.775028     0.083102    -0.097268     0.127934   54.46561    0.00001    1
  -1   10    1   0.775028    -0.152210    -0.214468     0.262991   54.46561    0.00003    1
   1  -10   -1   0.775028    -0.154459     0.212070     0.262357   54.46561    0.00003    1
   1   10    1   0.775028     0.080808     0.098095     0.127093   54.46561    0.00001    1
  -1  -10    1   0.775028     0.271860     0.142591     0.306985   54.46561    0.00004    1
  -1   10   -1   0.775028    -0.193097     0.345528     0.395823   54.46561    0.00007    1
   1  -10    1   0.775028    -0.189410    -0.346190     0.394619   54.46561    0.00007    1
   1   10   -1   0.775028     0.274089    -0.139811     0.307688   54.46561    0.00004    1
  -4   -3  -10   0.774389     0.106231    -0.135037     0.171814   54.51432    0.00001    1
  -4   -3   10   0.774389    -0.193389     0.005469     0.193466   54.51432    0.00002    1
  -4    3  -10   0.774389     0.150910    -0.099460     0.180737   54.51432    0.00001    1
  -4    3   10   0.774389    -0.207561     0.096086     0.228722   54.51432    0.00002    1
   4   -3  -10   0.774389    -0.207459    -0.097020     0.229025   54.51432    0.00002    1
   4   -3   10   0.774389     0.150667     0.100140      0.18091   54.51432    0.00001    1
   4    3  -10   0.774389    -0.193384    -0.006231     0.193485   54.51432    0.00002    1
   4    3   10   0.774389     0.106031     0.135542     0.172088   54.51432    0.00001    1
  -4   -6   -8   0.774310    -0.105786    -0.143900       0.1786   54.52034    0.00001    1
  -4    6   -8   0.774310    -0.083652    -0.195718     0.212845   54.52034    0.00002    1
  -4    6    8   0.774310    -0.111796    -0.231719     0.257278   54.52034    0.00003    1
   4   -6   -8   0.774310    -0.112772     0.231481      0.25749   54.52034    0.00003    1
   4   -6    8   0.774310    -0.084412     0.195395     0.212849   54.52034    0.00002    1
   4    6    8   0.774310    -0.106222     0.143665      0.17867   54.52034    0.00001    1
  -4   -6    8   0.774310     0.038159    -0.191724     0.195484   54.52034    0.00002    1
   4    6   -8   0.774310     0.037502     0.191668     0.195302   54.52034    0.00002    1
  -4   -9   -2   0.774178     0.141426     0.021315     0.143024   54.53037    0.00001    1
  -4   -9    2   0.774178    -0.147117    -0.062328     0.159775   54.53037    0.00001    1
  -4    9   -2   0.774178     0.222469    -0.037438     0.225597   54.53037    0.00002    1
  -4    9    2   0.774178    -0.217418     0.047936      0.22264   54.53037    0.00002    1
   4   -9   -2   0.774178    -0.216994    -0.048860     0.222427   54.53037    0.00002    1
   4   -9    2   0.774178     0.222031     0.038304     0.225311   54.53037    0.00002    1
   4    9   -2   0.774178    -0.146900     0.061823     0.159379   54.53037    0.00001    1
   4    9    2   0.774178     0.141159    -0.020870     0.142693   54.53037    0.00001    1
  -9   -2   -3   0.773014     0.089414     0.157318     0.180953   54.61933    0.00001    1
  -9   -2    3   0.773014     0.100315    -0.018070     0.101929   54.61933    0.00000    1
  -9    2   -3   0.773014     0.126648    -0.492962     0.508971   54.61933    0.00011    1
  -9    2    3   0.773014    -0.122860     0.039797     0.129144   54.61933    0.00001    1
   9   -2   -3   0.773014    -0.122938    -0.040857     0.129549   54.61933    0.00001    1
   9   -2    3   0.773014     0.123432     0.494316     0.509494   54.61933    0.00011    1
   9    2   -3   0.773014     0.100799     0.018668     0.102513   54.61933    0.00000    1
   9    2    3   0.773014     0.090236    -0.157132     0.181198   54.61933    0.00001    1
  -6   -1   -9   0.772894     0.144298    -0.148598     0.207131   54.62851    0.00002    1
   6    1    9   0.772894     0.144154     0.150194      0.20818   54.62851    0.00002    1
  -6   -1    9   0.772894     0.108429    -0.102388     0.149131   54.62851    0.00001    1
  -6    1   -9   0.772894    -0.635044    -0.313378     0.708158   54.62851    0.00022    1
  -6    1    9   0.772894     0.112405    -0.097453     0.148769   54.62851    0.00001    1
   6   -1   -9   0.772894     0.111625     0.096855     0.147787   54.62851    0.00001    1
   6   -1    9   0.772894    -0.636626     0.308768     0.707552   54.62851    0.00022    1
   6    1   -9   0.772894     0.108510     0.103028      0.14963   54.62851    0.00001    1
  -6   -5   -7   0.772825    -0.265366     0.040928     0.268504   54.63385    0.00003    1
  -6   -5    7   0.772825    -0.112606     0.441564     0.455696   54.63385    0.00009    1
  -6    5   -7   0.772825    -0.218625     0.144897     0.262282   54.63385    0.00003    1
  -6    5    7   0.772825    -0.170257     0.457967     0.488591   54.63385    0.00010    1
   6   -5   -7   0.772825    -0.166090    -0.458621     0.487769   54.63385    0.00010    1
   6   -5    7   0.772825    -0.216707    -0.146507     0.261584   54.63385    0.00003    1
   6    5   -7   0.772825    -0.109216    -0.442973     0.456238   54.63385    0.00009    1
   6    5    7   0.772825    -0.264448    -0.043639     0.268025   54.63385    0.00003    1
   0  -10   -2   0.770816     0.036952    -0.170352     0.174314   54.78814    0.00001    1
   0  -10    2   0.770816    -0.078017     0.477439     0.483771   54.78814    0.00010    1
   0   10   -2   0.770816    -0.074775    -0.477968     0.483781   54.78814    0.00010    1
   0   10    2   0.770816     0.035691     0.170621     0.174314   54.78814    0.00001    1
  -3   -9   -4   0.770149     0.456504    -0.028980     0.457423   54.83955    0.00009    1
  -3   -9    4   0.770149     0.979671     0.314353      1.02887   54.83955    0.00046    1
  -3    9   -4   0.770149    -0.272550     0.179167     0.326166   54.83955    0.00005    1
  -3    9    4   0.770149     0.360117     0.251521     0.439258   54.83955    0.00008    1
   3   -9   -4   0.770149     0.361270    -0.250253      0.43948   54.83955    0.00008    1
   3   -9    4   0.770149    -0.271695    -0.182007     0.327024   54.83955    0.00005    1
   3    9   -4   0.770149     0.981565    -0.308981      1.02905   54.83955    0.00046    1
   3    9    4   0.770149     0.456225     0.030639     0.457253   54.83955    0.00009    1
  -5    0  -10   0.769930    -0.379898    -0.280655     0.472324   54.85646    0.00010    1
  -5    0   10   0.769930    -0.484200    -1.007339      1.11767   54.85646    0.00054    1
   5    0  -10   0.769930    -0.491025     1.004031      1.11767   54.85646    0.00054    1
   5    0   10   0.769930    -0.381584     0.278267      0.47227   54.85646    0.00010    1
  -8   -2   -6   0.769285     0.088770    -0.291603     0.304815   54.90639    0.00004    1
  -8   -2    6   0.769285    -0.034904     1.101746       1.1023   54.90639    0.00052    1
  -8    2   -6   0.769285     0.151103    -0.096146     0.179098   54.90639    0.00001    1
  -8    2    6   0.769285    -0.615225    -0.839772      1.04102   54.90639    0.00047    1
   8   -2   -6   0.769285    -0.620234     0.835721      1.04073   54.90639    0.00047    1
   8   -2    6   0.769285     0.150464     0.097345     0.179208   54.90639    0.00001    1
   8    2   -6   0.769285    -0.027678    -1.102123      1.10247   54.90639    0.00052    1
   8    2    6   0.769285     0.087127     0.292496     0.305197   54.90639    0.00004    1
  -7    0   -8   0.769254    -0.764827     0.158034     0.780984   54.90877    0.00026    1
  -7    0    8   0.769254     0.656170     0.094024     0.662872   54.90877    0.00019    1
   7    0   -8   0.769254     0.656668    -0.090236     0.662839   54.90877    0.00019    1
   7    0    8   0.769254    -0.763876    -0.162534     0.780976   54.90877    0.00026    1
  -7   -6   -4   0.769151     1.342755     0.046977      1.34358   54.91675    0.00078    1
   7    6    4   0.769151     1.342894    -0.039208      1.34347   54.91675    0.00078    1
  -7   -6    4   0.769151     0.602684     0.140493     0.618843   54.91675    0.00017    1
  -7    6   -4   0.769151    -0.485180     0.087346      0.49298   54.91675    0.00010    1
  -7    6    4   0.769151    -1.213740     0.054605      1.21497   54.91675    0.00064    1
   7   -6   -4   0.769151    -1.213282    -0.061523      1.21484   54.91675    0.00064    1
   7   -6    4   0.769151    -0.484617    -0.090026     0.492908   54.91675    0.00010    1
   7    6   -4   0.769151     0.603386    -0.137014     0.618747   54.91675    0.00017    1
  -9    0   -4   0.768354    -0.218279     0.254754     0.335477   54.97847    0.00005    1
  -9    0    4   0.768354     0.153944    -0.128710     0.200662   54.97847    0.00002    1
   9    0   -4   0.768354     0.152932     0.129876     0.200639   54.97847    0.00002    1
   9    0    4   0.768354    -0.216279    -0.256425     0.335456   54.97847    0.00005    1
  -9   -3   -2   0.768329     0.381383     0.411084     0.560752   54.98046    0.00014    1
  -9   -3    2   0.768329    -0.170141    -0.222887     0.280404   54.98046    0.00003    1
  -9    3   -2   0.768329    -0.091727    -0.075074     0.118532   54.98046    0.00001    1
  -9    3    2   0.768329     0.267407     0.265845     0.377067   54.98046    0.00006    1
   9   -3   -2   0.768329     0.269592    -0.263538     0.377005   54.98046    0.00006    1
   9   -3    2   0.768329    -0.092421     0.074221     0.118534   54.98046    0.00001    1
   9    3   -2   0.768329    -0.171820     0.221538     0.280359   54.98046    0.00003    1
   9    3    2   0.768329     0.384429    -0.408155     0.560693   54.98046    0.00014    1
  -6   -6   -6   0.768125    -0.166497     0.486454     0.514158   54.99624    0.00011    1
  -6   -6    6   0.768125    -0.212079    -0.114958     0.241232   54.99624    0.00003    1
  -6    6   -6   0.768125    -0.074907     0.526787     0.532087   54.99624    0.00012    1
  -6    6    6   0.768125    -0.239012    -0.035998     0.241708   54.99624    0.00003    1
   6   -6   -6   0.768125    -0.239434     0.033489     0.241764   54.99624    0.00003    1
   6   -6    6   0.768125    -0.071838    -0.526248     0.531129   54.99624    0.00012    1
   6    6   -6   0.768125    -0.213599     0.113015     0.241654   54.99624    0.00003    1
   6    6    6   0.768125    -0.162790    -0.486729     0.513231   54.99624    0.00011    1
  -4   -5   -9   0.767793     0.313213     0.081052      0.32353   55.02210    0.00004    1
  -4    5   -9   0.767793     0.046347    -0.484496     0.486707   55.02210    0.00010    1
  -4    5    9   0.767793     0.225791     0.008739      0.22596   55.02210    0.00002    1
   4   -5   -9   0.767793     0.226453    -0.007795     0.226587   55.02210    0.00002    1
   4   -5    9   0.767793     0.044185     0.484683     0.486693   55.02210    0.00010    1
   4    5    9   0.767793     0.313567    -0.079601     0.323513   55.02210    0.00004    1
  -4   -5    9   0.767793     0.157355     0.353572     0.387006   55.02210    0.00006    1
   4    5   -9   0.767793     0.158987    -0.353151     0.387288   55.02210    0.00006    1
  -4   -7   -7   0.767724    -0.219407    -0.007568     0.219537   55.02741    0.00002    1
   4    7    7   0.767724    -0.219244     0.005137     0.219305   55.02741    0.00002    1
  -4   -7    7   0.767724    -0.142363     0.156494      0.21156   55.02741    0.00002    1
  -4    7   -7   0.767724    -0.266319    -0.098216     0.283852   55.02741    0.00003    1
  -4    7    7   0.767724    -0.107932     0.265706     0.286791   55.02741    0.00004    1
   4   -7   -7   0.767724    -0.105942    -0.267357     0.287583   55.02741    0.00004    1
   4   -7    7   0.767724    -0.267311     0.095169     0.283747   55.02741    0.00003    1
   4    7   -7   0.767724    -0.140646    -0.158424     0.211847   55.02741    0.00002    1
  -1  -10   -2   0.766616    -0.145415    -0.189816     0.239114   55.11373    0.00002    1
  -1  -10    2   0.766616     0.076982     0.198291      0.21271   55.11373    0.00002    1
  -1   10   -2   0.766616     0.035148     0.298089     0.300154   55.11373    0.00004    1
  -1   10    2   0.766616    -0.062937    -0.220308     0.229122   55.11373    0.00002    1
   1  -10   -2   0.766616    -0.064496     0.220646     0.229879   55.11373    0.00002    1
   1  -10    2   0.766616     0.036288    -0.297504     0.299709   55.11373    0.00004    1
   1   10   -2   0.766616     0.078054    -0.198678     0.213461   55.11373    0.00002    1
   1   10    2   0.766616    -0.146163     0.188398     0.238448   55.11373    0.00002    1
  -8   -5   -3   0.766452    -0.447012     0.341602     0.562594   55.12647    0.00014    1
  -8   -5    3   0.766452    -0.220953     0.438186     0.490742   55.12647    0.00010    1
  -8    5   -3   0.766452     0.496966     0.004864      0.49699   55.12647    0.00011    1
  -8    5    3   0.766452     0.472214     0.217254     0.519794   55.12647    0.00012    1
   8   -5   -3   0.766452     0.473550    -0.215052     0.520093   55.12647    0.00012    1
   8   -5    3   0.766452     0.496692    -0.002387     0.496698   55.12647    0.00011    1
   8    5   -3   0.766452    -0.218583    -0.439407     0.490772   55.12647    0.00010    1
   8    5    3   0.766452    -0.445693    -0.343983     0.562998   55.12647    0.00014    1
  -2   -3  -11   0.766331    -0.079236    -0.548092      0.55379   55.13598    0.00013    1
  -2   -3   11   0.766331    -0.029640    -0.141255     0.144331   55.13598    0.00001    1
  -2    3  -11   0.766331    -0.034473    -0.636672     0.637605   55.13598    0.00017    1
  -2    3   11   0.766331    -0.009298    -0.127692      0.12803   55.13598    0.00001    1
   2   -3  -11   0.766331    -0.010375     0.127704     0.128125   55.13598    0.00001    1
   2   -3   11   0.766331    -0.038484     0.636247      0.63741   55.13598    0.00017    1
   2    3  -11   0.766331    -0.030827     0.141192     0.144518   55.13598    0.00001    1
   2    3   11   0.766331    -0.083006     0.547546     0.553801   55.13598    0.00013    1
  -5   -1  -10   0.766228    17.303418    15.764659       23.408   55.14398    0.23419    1
  -5   -1   10   0.766228    -9.659592   -21.469656      23.5426   55.14398    0.23689    1
  -5    1  -10   0.766228   -17.846169   -15.380234      23.5592   55.14398    0.23723    1
  -5    1   10   0.766228    10.763037    20.806253      23.4253   55.14398    0.23454    1
   5   -1  -10   0.766228    10.898508   -20.735233      23.4249   55.14398    0.23453    1
   5   -1   10   0.766228   -17.946025    15.263230       23.559   55.14398    0.23722    1
   5    1  -10   0.766228    -9.799486    21.405903      23.5424   55.14398    0.23689    1
   5    1   10   0.766228    17.405657   -15.651052      23.4075   55.14398    0.23418    1
  -2   -9   -5   0.766127    -0.013879     0.132363     0.133089   55.15190    0.00001    1
  -2   -9    5   0.766127    -0.129740     0.416973     0.436691   55.15190    0.00008    1
  -2    9   -5   0.766127     0.248018     0.068731     0.257366   55.15190    0.00003    1
  -2    9    5   0.766127     0.265644     0.249616      0.36452   55.15190    0.00006    1
   2   -9   -5   0.766127     0.267239    -0.248146     0.364682   55.15190    0.00006    1
   2   -9    5   0.766127     0.248240    -0.067225     0.257181   55.15190    0.00003    1
   2    9   -5   0.766127    -0.127334    -0.417797      0.43677   55.15190    0.00008    1
   2    9    5   0.766127    -0.013104    -0.132577     0.133223   55.15190    0.00001    1
  -5   -7   -6   0.766092   -13.902445   -18.794315      23.3774   55.15460    0.23348    1
  -5   -7    6   0.766092     8.984594    21.685578      23.4731   55.15460    0.23539    1
  -5    7   -6   0.766092    18.638265    14.308900      23.4974   55.15460    0.23588    1
  -5    7    6   0.766092   -14.809156   -18.129571      23.4092   55.15460    0.23411    1
   5   -7   -6   0.766092   -14.927054    18.032438      23.4091   55.15460    0.23411    1
   5   -7    6   0.766092    18.731421   -14.187072      23.4976   55.15460    0.23588    1
   5    7   -6   0.766092     9.126026   -21.626799      23.4734   55.15460    0.23540    1
   5    7    6   0.766092   -14.024739    18.703175      23.3774   55.15460    0.23348    1
  -5   -8   -4   0.766050    20.068502   -12.368331      23.5737   55.15792    0.23738    1
  -5    8   -4   0.766050   -14.856662    18.279790      23.5557   55.15792    0.23702    1
  -5    8    4   0.766050   -17.687796    15.612278      23.5924   55.15792    0.23776    1
   5   -8   -4   0.766050   -17.585550   -15.727516      23.5925   55.15792    0.23776    1
   5   -8    4   0.766050   -14.737179   -18.376646       23.556   55.15792    0.23702    1
   5    8    4   0.766050    19.987429    12.499148      23.5738   55.15792    0.23738    1
  -5   -8    4   0.766050    21.661428    -9.202775      23.5353   55.15792    0.23661    1
   5    8   -4   0.766050    21.601280     9.344164      23.5357   55.15792    0.23662    1
  -7   -1   -8   0.765561     0.165354    -0.827674      0.84403   55.19611    0.00030    1
  -7   -1    8   0.765561     0.327688     0.011291     0.327882   55.19611    0.00005    1
  -7    1   -8   0.765561    -0.083104     0.759440     0.763973   55.19611    0.00025    1
  -7    1    8   0.765561    -0.231089    -0.559056     0.604935   55.19611    0.00016    1
   7   -1   -8   0.765561    -0.233821     0.558055     0.605059   55.19611    0.00016    1
   7   -1    8   0.765561    -0.078399    -0.759372     0.763409   55.19611    0.00025    1
   7    1   -8   0.765561     0.327362    -0.009722     0.327506   55.19611    0.00005    1
   7    1    8   0.765561     0.160842     0.828203     0.843677   55.19611    0.00030    1
  -7   -7    0   0.765426     0.566345    -0.366725      0.67471   55.20672    0.00019    1
   7    7    0   0.765426     0.563504     0.369430     0.673806   55.20672    0.00019    1
  -7    7    0   0.765426    -0.407239     0.252093     0.478952   55.20672    0.00010    1
   7   -7    0   0.765426    -0.405996    -0.253765     0.478779   55.20672    0.00010    1
  -2   -5  -10   0.765369     9.096947     4.880575      10.3235   55.21119    0.04542    1
  -2   -5   10   0.765369    -5.718875    -8.773460      10.4728   55.21119    0.04675    1
  -2    5  -10   0.765369     9.696054     4.027821      10.4994   55.21119    0.04699    1
  -2    5   10   0.765369    -8.036124    -6.565765      10.3773   55.21119    0.04590    1
   2   -5  -10   0.765369    -8.078534     6.513584      10.3774   55.21119    0.04590    1
   2   -5   10   0.765369     9.721900    -3.964885      10.4993   55.21119    0.04699    1
   2    5  -10   0.765369    -5.775631     8.736238      10.4728   55.21119    0.04675    1
   2    5   10   0.765369     9.128407    -4.821548      10.3235   55.21119    0.04542    1
  -2  -10    0   0.765157     8.778421    -5.950937      10.6054   55.22776    0.04791    1
  -2   10    0   0.765157     5.670405    -8.997115      10.6349   55.22776    0.04817    1
   2  -10    0   0.765157     5.611984     9.033589      10.6349   55.22776    0.04817    1
   2   10    0   0.765157     8.739696     6.007684      10.6054   55.22776    0.04791    1
  -9   -1   -4   0.764675    -0.439860    -0.160103     0.468091   55.26557    0.00009    1
  -9   -1    4   0.764675    -0.134037     0.158791     0.207799   55.26557    0.00002    1
  -9    1   -4   0.764675     0.571034     0.185119     0.600291   55.26557    0.00015    1
  -9    1    4   0.764675     0.445014     0.119706     0.460833   55.26557    0.00009    1
   9   -1   -4   0.764675     0.445511    -0.117199     0.460669   55.26557    0.00009    1
   9   -1    4   0.764675     0.572415    -0.181251     0.600425   55.26557    0.00015    1
   9    1   -4   0.764675    -0.132873    -0.159432     0.207543   55.26557    0.00002    1
   9    1    4   0.764675    -0.441130     0.157045     0.468251   55.26557    0.00009    1
  -6   -4   -8   0.764508     9.743592     3.351039      10.3037   55.27864    0.04513    1
  -6   -4    8   0.764508     7.624168     6.687189      10.1413   55.27864    0.04371    1
  -6    4   -8   0.764508     9.835011     2.472734      10.1411   55.27864    0.04371    1
  -6    4    8   0.764508     9.063896     4.843366      10.2768   55.27864    0.04489    1
   6   -4   -8   0.764508     9.095325    -4.782898      10.2762   55.27864    0.04489    1
   6   -4    8   0.764508     9.851138    -2.407499      10.1411   55.27864    0.04371    1
   6    4   -8   0.764508     7.668297    -6.636527      10.1413   55.27864    0.04371    1
   6    4    8   0.764508     9.765065    -3.286202      10.3032   55.27864    0.04512    1
  -6   -8    0   0.764373     7.675721     6.573883      10.1061   55.28924    0.04339    1
  -6    8    0   0.764373     9.394158     3.669346      10.0854   55.28924    0.04321    1
   6   -8    0   0.764373     9.418722    -3.607381      10.0859   55.28924    0.04322    1
   6    8    0   0.764373     7.719411    -6.523398      10.1066   55.28924    0.04340    1
  -3   -2  -11   0.763921     0.137665    -0.083292     0.160901   55.32479    0.00001    1
  -3   -2   11   0.763921     0.066281     0.100433     0.120333   55.32479    0.00001    1
  -3    2  -11   0.763921    -0.053455     0.773536      0.77538   55.32479    0.00026    1
  -3    2   11   0.763921    -0.049788    -0.341330     0.344942   55.32479    0.00005    1
   3   -2  -11   0.763921    -0.051289     0.341230     0.345063   55.32479    0.00005    1
   3   -2   11   0.763921    -0.049093    -0.774228     0.775783   55.32479    0.00026    1
   3    2  -11   0.763921     0.067517    -0.100819     0.121339   55.32479    0.00001    1
   3    2   11   0.763921     0.136582     0.084641     0.160682   55.32479    0.00001    1
  -5   -4   -9   0.763446     0.251118    -0.013632     0.251488   55.36211    0.00003    1
   5    4    9   0.763446     0.250906     0.014697     0.251336   55.36211    0.00003    1
  -5   -4    9   0.763446    -0.033189    -0.237866      0.24017   55.36211    0.00002    1
  -5    4   -9   0.763446    -0.414982    -0.227029     0.473024   55.36211    0.00009    1
  -5    4    9   0.763446    -0.052552     0.134152     0.144078   55.36211    0.00001    1
   5   -4   -9   0.763446    -0.051081    -0.134580     0.143948   55.36211    0.00001    1
   5   -4    9   0.763446    -0.417482     0.223611     0.473596   55.36211    0.00010    1
   5    4   -9   0.763446    -0.034155     0.238353     0.240787   55.36211    0.00002    1
  -7   -7   -1   0.762695     0.257295    -0.120103     0.283946   55.42138    0.00003    1
  -7   -7    1   0.762695     0.019232     0.169296     0.170385   55.42138    0.00001    1
   7    7   -1   0.762695     0.019423    -0.169130     0.170242   55.42138    0.00001    1
   7    7    1   0.762695     0.256672     0.121502     0.283978   55.42138    0.00003    1
  -7    7   -1   0.762695    -0.155554     0.134330     0.205528   55.42138    0.00002    1
  -7    7    1   0.762695    -0.059337    -0.454725      0.45858   55.42138    0.00009    1
   7   -7   -1   0.762695    -0.062235     0.454497     0.458739   55.42138    0.00009    1
   7   -7    1   0.762695    -0.155374    -0.135215     0.205971   55.42138    0.00002    1
  -2   -8   -7   0.762529     0.234677     0.419908     0.481037   55.43443    0.00010    1
  -2   -8    7   0.762529     0.248596    -0.064526     0.256833   55.43443    0.00003    1
  -2    8   -7   0.762529     0.187271     0.203170     0.276313   55.43443    0.00003    1
  -2    8    7   0.762529     0.158691    -0.191563     0.248755   55.43443    0.00003    1
   2   -8   -7   0.762529     0.157191     0.192671     0.248659   55.43443    0.00003    1
   2   -8    7   0.762529     0.188944    -0.201695      0.27637   55.43443    0.00003    1
   2    8   -7   0.762529     0.248087     0.066400     0.256819   55.43443    0.00003    1
   2    8    7   0.762529     0.237577    -0.418551     0.481277   55.43443    0.00010    1
  -2  -10   -1   0.762429    -0.543806     0.314393     0.628146   55.44236    0.00017    1
  -2  -10    1   0.762429    -0.035567    -0.629985     0.630988   55.44236    0.00017    1
  -2   10   -1   0.762429    -0.539182     0.478526     0.720906   55.44236    0.00022    1
  -2   10    1   0.762429    -0.162157    -0.592069     0.613874   55.44236    0.00016    1
   2  -10   -1   0.762429    -0.165899     0.590788     0.613639   55.44236    0.00016    1
   2  -10    1   0.762429    -0.536201    -0.481692     0.720791   55.44236    0.00022    1
   2   10   -1   0.762429    -0.039170     0.629890     0.631106   55.44236    0.00017    1
   2   10    1   0.762429    -0.542136    -0.317863     0.628449   55.44236    0.00017    1
  -6   -2   -9   0.761820    -0.109743    -0.174473     0.206117   55.49047    0.00002    1
   6    2    9   0.761820    -0.111315     0.173444     0.206092   55.49047    0.00002    1
  -6   -2    9   0.761820     0.446928     0.043386     0.449029   55.49047    0.00008    1
  -6    2   -9   0.761820    -0.139828    -0.135759     0.194891   55.49047    0.00002    1
  -6    2    9   0.761820     0.422929     0.136476     0.444404   55.49047    0.00008    1
   6   -2   -9   0.761820     0.423712    -0.133352     0.444201   55.49047    0.00008    1
   6   -2    9   0.761820    -0.140328     0.134287     0.194229   55.49047    0.00002    1
   6    2   -9   0.761820     0.447646    -0.040549     0.449478   55.49047    0.00009    1
  -6   -8   -1   0.761653     0.016435    -0.360546      0.36092   55.50369    0.00005    1
  -6   -8    1   0.761653     0.385222     0.273360     0.472358   55.50369    0.00009    1
  -6    8   -1   0.761653    -0.177799    -0.405312     0.442595   55.50369    0.00008    1
  -6    8    1   0.761653     0.552084     0.004876     0.552106   55.50369    0.00013    1
   6   -8   -1   0.761653     0.551670    -0.000147      0.55167   55.50369    0.00013    1
   6   -8    1   0.761653    -0.180788     0.403414     0.442072   55.50369    0.00008    1
   6    8   -1   0.761653     0.387780    -0.270306     0.472693   55.50369    0.00009    1
   6    8    1   0.761653     0.012680     0.360641     0.360864   55.50369    0.00005    1
  -4   -9   -3   0.760352     0.038251    -0.049549    0.0625958   55.60688    0.00000    1
  -4   -9    3   0.760352     0.165007    -0.054001     0.173618   55.60688    0.00001    1
  -4    9   -3   0.760352     0.106442     0.180273     0.209352   55.60688    0.00002    1
  -4    9    3   0.760352     0.224642     0.133265     0.261196   55.60688    0.00003    1
   4   -9   -3   0.760352     0.224998    -0.131831     0.260775   55.60688    0.00003    1
   4   -9    3   0.760352     0.107986    -0.179200     0.209222   55.60688    0.00002    1
   4    9   -3   0.760352     0.164368     0.055246     0.173404   55.60688    0.00001    1
   4    9    3   0.760352     0.038374     0.049977    0.0630097   55.60688    0.00000    1
   0   -4  -11   0.757396    -0.189342    -0.020208     0.190418   55.84289    0.00002    1
   0   -4   11   0.757396     0.029674    -0.319124       0.3205   55.84289    0.00004    1
   0    4  -11   0.757396     0.027442     0.319247     0.320424   55.84289    0.00004    1
   0    4   11   0.757396    -0.189652     0.018814     0.190583   55.84289    0.00002    1
   0  -10   -3   0.757166    -0.190154    -0.162671      0.25024   55.86131    0.00003    1
   0  -10    3   0.757166    -0.111695     0.002197     0.111716   55.86131    0.00001    1
   0   10   -3   0.757166    -0.111732    -0.003028     0.111773   55.86131    0.00001    1
   0   10    3   0.757166    -0.191420     0.161318      0.25033   55.86131    0.00003    1
  -3   -6   -9   0.756657     0.138591    -0.287519     0.319178   55.90220    0.00004    1
  -3    6   -9   0.756657    -0.066390    -0.089863     0.111728   55.90220    0.00001    1
  -3    6    9   0.756657    -0.084635    -0.209436     0.225891   55.90220    0.00002    1
   3   -6   -9   0.756657    -0.085692     0.207792     0.224768   55.90220    0.00002    1
   3   -6    9   0.756657    -0.066220     0.090526     0.112161   55.90220    0.00001    1
   3    6    9   0.756657     0.135774     0.287547      0.31799   55.90220    0.00004    1
  -3   -6    9   0.756657     0.083014     0.064817     0.105322   55.90220    0.00000    1
   3    6   -9   0.756657     0.083188    -0.063004     0.104354   55.90220    0.00000    1
  -3   -7   -8   0.755739    -0.325915     0.136037     0.353167   55.97606    0.00005    1
  -3    7   -8   0.755739    -0.041390    -0.155225     0.160648   55.97606    0.00001    1
  -3    7    8   0.755739     0.256334    -0.328041     0.416315   55.97606    0.00007    1
   3   -7   -8   0.755739     0.255262     0.329372     0.416707   55.97606    0.00007    1
   3   -7    8   0.755739    -0.041163     0.154304       0.1597   55.97606    0.00001    1
   3    7    8   0.755739    -0.326212    -0.138142     0.354256   55.97606    0.00005    1
  -3   -7    8   0.755739     0.432393     0.767449     0.880876   55.97606    0.00032    1
   3    7   -8   0.755739     0.435989    -0.764688     0.880247   55.97606    0.00032    1
  -8   -4   -5   0.755682    -0.128947     0.590484       0.6044   55.98067    0.00015    1
  -8   -4    5   0.755682     0.159662    -0.460879     0.487751   55.98067    0.00010    1
  -8    4   -5   0.755682    -0.428336    -0.071444     0.434253   55.98067    0.00008    1
  -8    4    5   0.755682     0.320694    -0.099509     0.335778   55.98067    0.00005    1
   8   -4   -5   0.755682     0.320654     0.101091     0.336212   55.98067    0.00005    1
   8   -4    5   0.755682    -0.428800     0.069508     0.434397   55.98067    0.00008    1
   8    4   -5   0.755682     0.157136     0.461249     0.487281   55.98067    0.00010    1
   8    4    5   0.755682    -0.125017    -0.590485     0.603574   55.98067    0.00015    1
  -5   -2  -10   0.755434     0.308993     0.355658     0.471136   56.00063    0.00009    1
  -5   -2   10   0.755434     0.647015     0.558388     0.854649   56.00063    0.00030    1
   5    2  -10   0.755434     0.650451    -0.553912     0.854345   56.00063    0.00030    1
   5    2   10   0.755434     0.311581    -0.353651     0.471329   56.00063    0.00009    1
  -5    2  -10   0.755434     0.010914    -0.076777    0.0775492   56.00063    0.00000    1
  -5    2   10   0.755434    -0.124390     0.529041     0.543468   56.00063    0.00012    1
   5   -2  -10   0.755434    -0.120895    -0.530138     0.543749   56.00063    0.00012    1
   5   -2   10   0.755434     0.010223     0.077085    0.0777598   56.00063    0.00000    1
  -9   -3   -3   0.754808    -0.142886    -0.025899     0.145214   56.05117    0.00001    1
  -9   -3    3   0.754808    -0.257355    -0.061128     0.264515   56.05117    0.00003    1
  -9    3   -3   0.754808     0.163111    -0.006544     0.163242   56.05117    0.00001    1
  -9    3    3   0.754808    -0.129426    -0.328843     0.353396   56.05117    0.00005    1
   9   -3   -3   0.754808    -0.132113     0.328130     0.353727   56.05117    0.00005    1
   9   -3    3   0.754808     0.162836     0.008515     0.163058   56.05117    0.00001    1
   9    3   -3   0.754808    -0.256901     0.059559     0.263714   56.05117    0.00003    1
   9    3    3   0.754808    -0.142577     0.024469     0.144662   56.05117    0.00001    1
  -7   -2   -8   0.754795    -0.305489    -9.892544      9.89726   56.05222    0.04034    1
  -7    2   -8   0.754795     1.965562     9.651109      9.84923   56.05222    0.03995    1
  -7    2    8   0.754795    -1.919652     9.722517      9.91022   56.05222    0.04045    1
   7   -2   -8   0.754795    -1.856057    -9.734751      9.91011   56.05222    0.04045    1
   7   -2    8   0.754795     2.028739    -9.638948      9.85013   56.05222    0.03996    1
   7    2    8   0.754795    -0.370093     9.890082        9.897   56.05222    0.04034    1
  -7   -2    8   0.754795     2.002973    -9.651938      9.85758   56.05222    0.04002    1
   7    2   -8   0.754795     1.940014     9.665535      9.85831   56.05222    0.04003    1
  -7   -5   -6   0.754738    -9.855989    -0.899973      9.89699   56.05682    0.04033    1
   7    5    6   0.754738    -9.860768     0.835518       9.8961   56.05682    0.04033    1
  -7   -5    6   0.754738     9.466315     2.707906      9.84601   56.05682    0.03992    1
  -7    5   -6   0.754738     9.732403    -1.652408      9.87168   56.05682    0.04013    1
  -7    5    6   0.754738    -9.858518    -1.195197       9.9307   56.05682    0.04061    1
   7   -5   -6   0.754738    -9.865052     1.130644      9.92963   56.05682    0.04060    1
   7   -5    6   0.754738     9.720620     1.715856       9.8709   56.05682    0.04012    1
   7    5   -6   0.754738     9.483026    -2.645710      9.84518   56.05682    0.03991    1
  -7   -7   -2   0.754673    -9.810793    -0.605111      9.82944   56.06207    0.03978    1
  -7   -7    2   0.754673     9.693385     1.651044      9.83299   56.06207    0.03980    1
   7    7   -2   0.754673     9.704144    -1.587703      9.83317   56.06207    0.03981    1
   7    7    2   0.754673    -9.815447     0.541099      9.83035   56.06207    0.03978    1
  -7    7   -2   0.754673     9.704014    -1.855396       9.8798   56.06207    0.04018    1
  -7    7    2   0.754673    -9.788025     1.377760      9.88452   56.06207    0.04022    1
   7   -7   -2   0.754673    -9.779902    -1.441782      9.88561   56.06207    0.04023    1
   7   -7    2   0.754673     9.691915     1.918794      9.88003   56.06207    0.04019    1
  -2  -10   -2   0.754416    -0.037203     0.263465     0.266079   56.08289    0.00003    1
  -2  -10    2   0.754416    -0.164576    -0.478862     0.506353   56.08289    0.00011    1
  -2   10   -2   0.754416     0.044747     0.254556     0.258459   56.08289    0.00003    1
  -2   10    2   0.754416     0.057593    -0.186793      0.19547   56.08289    0.00002    1
   2  -10   -2   0.754416     0.056100     0.186824     0.195066   56.08289    0.00002    1
   2  -10    2   0.754416     0.046678    -0.253855     0.258111   56.08289    0.00003    1
   2   10   -2   0.754416    -0.167483     0.478049     0.506539   56.08289    0.00011    1
   2   10    2   0.754416    -0.035697    -0.264031     0.266433   56.08289    0.00003    1
  -9   -2   -4   0.753945     7.568336     5.735524       9.4961   56.12097    0.03704    1
  -9   -2    4   0.753945     6.360940     7.002516      9.46027   56.12097    0.03676    1
  -9    2   -4   0.753945    -7.816009    -5.317974      9.45362   56.12097    0.03670    1
  -9    2    4   0.753945    -7.031138    -6.328559      9.45979   56.12097    0.03675    1
   9   -2   -4   0.753945    -7.072200     6.281883      9.45928   56.12097    0.03675    1
   9   -2    4   0.753945    -7.850835     5.266556      9.45369   56.12097    0.03671    1
   9    2   -4   0.753945     6.406768    -6.960555      9.46023   56.12097    0.03676    1
   9    2    4   0.753945     7.605444    -5.685382       9.4956   56.12097    0.03703    1
  -9   -4    0   0.753913     6.444110     6.929715      9.46295   56.12360    0.03677    1
  -9    4    0   0.753913    -7.544544    -5.681841      9.44476   56.12360    0.03663    1
   9   -4    0   0.753913    -7.582102     5.632585      9.44533   56.12360    0.03664    1
   9    4    0   0.753913     6.489766    -6.887655      9.46345   56.12360    0.03678    1
  -6   -8   -2   0.753664    -0.000174    -0.124150      0.12415   56.14375    0.00001    1
  -6   -8    2   0.753664    -0.178561     0.298494     0.347826   56.14375    0.00005    1
  -6    8   -2   0.753664    -0.050517    -0.052422    0.0728016   56.14375    0.00000    1
  -6    8    2   0.753664     0.080354    -0.091348     0.121661   56.14375    0.00001    1
   6   -8   -2   0.753664     0.078945     0.092115     0.121315   56.14375    0.00001    1
   6   -8    2   0.753664    -0.049894     0.051881    0.0719793   56.14375    0.00000    1
   6    8   -2   0.753664    -0.175936    -0.300255     0.348004   56.14375    0.00005    1
   6    8    2   0.753664    -0.001408     0.124465     0.124473   56.14375    0.00001    1
  -1   -4  -11   0.753410     0.179984    -0.079276      0.19667   56.16439    0.00002    1
  -1   -4   11   0.753410    -0.111029    -0.050958     0.122165   56.16439    0.00001    1
  -1    4  -11   0.753410    -0.136839     0.036185     0.141543   56.16439    0.00001    1
  -1    4   11   0.753410     0.244196    -0.063794     0.252391   56.16439    0.00003    1
   1   -4  -11   0.753410     0.245036     0.064341     0.253342   56.16439    0.00003    1
   1   -4   11   0.753410    -0.137206    -0.037843     0.142329   56.16439    0.00001    1
   1    4  -11   0.753410    -0.112203     0.050352     0.122983   56.16439    0.00001    1
   1    4   11   0.753410     0.179619     0.082060     0.197476   56.16439    0.00002    1
  -1  -10   -3   0.753184    -0.384228    -0.373436     0.535804   56.18274    0.00012    1
  -1  -10    3   0.753184    -0.224933     0.401340     0.460075   56.18274    0.00009    1
  -1   10   -3   0.753184     0.420879     0.302322     0.518206   56.18274    0.00011    1
  -1   10    3   0.753184     0.175762    -0.658753     0.681797   56.18274    0.00019    1
   1  -10   -3   0.753184     0.172812     0.659851     0.682105   56.18274    0.00019    1
   1  -10    3   0.753184     0.422425    -0.300791     0.518573   56.18274    0.00011    1
   1   10   -3   0.753184    -0.223531    -0.402387     0.460306   56.18274    0.00009    1
   1   10    3   0.753184    -0.385789     0.371802     0.535789   56.18274    0.00012    1
   0    0  -12   0.753043   -28.658095     6.843054      29.4638   56.19416    0.35548    1
   0    0   12   0.753043   -28.613066    -7.028957      29.4638   56.19416    0.35548    1
   0   -9   -6   0.752826     2.036283   -29.346162      29.4167   56.21185    0.35409    1
   0    9    6   0.752826     1.845575    29.358773      29.4167   56.21185    0.35409    1
   0   -9    6   0.752826    -8.897747    28.072648       29.449   56.21185    0.35487    1
   0    9   -6   0.752826    -8.715174   -28.129862       29.449   56.21185    0.35487    1
  -7   -4   -7   0.752144     0.014755     0.168067     0.168714   56.26736    0.00001    1
  -7   -4    7   0.752144     0.367407    -0.355474     0.511224   56.26736    0.00011    1
  -7    4   -7   0.752144    -0.252398    -0.162445     0.300155   56.26736    0.00004    1
  -7    4    7   0.752144     0.087066     0.420012     0.428941   56.26736    0.00008    1
   7   -4   -7   0.752144     0.089203    -0.419703     0.429078   56.26736    0.00008    1
   7   -4    7   0.752144    -0.252902     0.161870     0.300269   56.26736    0.00004    1
   7    4   -7   0.752144     0.365416     0.356623     0.510597   56.26736    0.00011    1
   7    4    7   0.752144     0.015135    -0.167648      0.16833   56.26736    0.00001    1
  -8   -3   -6   0.751335   -13.045689   -25.875998      28.9786   56.33334    0.34195    1
  -8   -3    6   0.751335     6.643580    28.207503      28.9793   56.33334    0.34196    1
  -8    3   -6   0.751335   -16.186472   -24.056347       28.995   56.33334    0.34233    1
  -8    3    6   0.751335    10.002365    27.191329      28.9727   56.33334    0.34181    1
   8   -3   -6   0.751335    10.181590   -27.124321      28.9723   56.33334    0.34180    1
   8   -3    6   0.751335   -16.344993    23.948947       28.995   56.33334    0.34233    1
   8    3   -6   0.751335     6.829714   -28.163025      28.9793   56.33334    0.34196    1
   8    3    6   0.751335   -13.216120    25.788946      28.9782   56.33334    0.34194    1
  -9   -4   -1   0.751303     0.052935    -0.168487     0.176607   56.33593    0.00001    1
  -9   -4    1   0.751303     0.077887     0.438492     0.445356   56.33593    0.00008    1
   9    4   -1   0.751303     0.080746    -0.437137     0.444532   56.33593    0.00008    1
   9    4    1   0.751303     0.051192     0.168692     0.176289   56.33593    0.00001    1
  -9    4   -1   0.751303    -0.033139     0.241481     0.243745   56.33593    0.00002    1
  -9    4    1   0.751303    -0.336849    -0.217171     0.400788   56.33593    0.00007    1
   9   -4   -1   0.751303    -0.338534     0.214439     0.400736   56.33593    0.00007    1
   9   -4    1   0.751303    -0.030653    -0.241631     0.243568   56.33593    0.00002    1
  -8   -6    0   0.751263    27.764551    -8.305700      28.9803   56.33922    0.34191    1
  -8    6    0   0.751263    24.908683   -14.837124      28.9928   56.33922    0.34220    1
   8   -6    0   0.751263    24.810559    15.001469      28.9932   56.33922    0.34221    1
   8    6    0   0.751263    27.709507     8.488952      28.9807   56.33922    0.34191    1
  -6   -7   -5   0.751097    -0.242889     0.217692     0.326167   56.35277    0.00004    1
  -6   -7    5   0.751097    -0.312759    -0.076669     0.322019   56.35277    0.00004    1
  -6    7   -5   0.751097     0.512095     0.370642     0.632152   56.35277    0.00016    1
  -6    7    5   0.751097    -0.147498     0.072654     0.164421   56.35277    0.00001    1
   6   -7   -5   0.751097    -0.146623    -0.073966     0.164223   56.35277    0.00001    1
   6   -7    5   0.751097     0.515139    -0.366524     0.632224   56.35277    0.00016    1
   6    7   -5   0.751097    -0.313361     0.073702     0.321912   56.35277    0.00004    1
   6    7    5   0.751097    -0.241032    -0.219479     0.325987   56.35277    0.00004    1
  -4    0  -11   0.750024     0.397723     0.056911     0.401775   56.44056    0.00007    1
  -4    0   11   0.750024     0.176037    -0.400312     0.437308   56.44056    0.00008    1
   4    0  -11   0.750024     0.172717     0.401506     0.437079   56.44056    0.00008    1
   4    0   11   0.750024     0.398786    -0.053882      0.40241   56.44056    0.00007    1
   0   -1  -12   0.749578    -0.822823     0.329790     0.886453   56.47715    0.00032    1
   0   -1   12   0.749578     0.931678     0.153694      0.94427   56.47715    0.00036    1
   0    1  -12   0.749578     0.932642    -0.147594     0.944248   56.47715    0.00036    1
   0    1   12   0.749578    -0.820671    -0.335147     0.886468   56.47715    0.00032    1
  -1    0  -12   0.749126    -0.829781     0.616821      1.03393   56.51435    0.00043    1
  -1    0   12   0.749126     0.995289    -0.116956      1.00214   56.51435    0.00041    1
   1    0  -12   0.749126     0.994579     0.123085      1.00217   56.51435    0.00041    1
   1    0   12   0.749126    -0.825988    -0.621929      1.03395   56.51435    0.00043    1
  -4   -4  -10   0.749122     0.475507    -0.405788     0.625117   56.51462    0.00016    1
  -4   -4   10   0.749122     0.126821     0.173384     0.214815   56.51462    0.00002    1
  -4    4  -10   0.749122     0.179974    -0.257694      0.31432   56.51462    0.00004    1
  -4    4   10   0.749122     0.390895     0.187102     0.433366   56.51462    0.00008    1
   4   -4  -10   0.749122     0.391907    -0.185185     0.433456   56.51462    0.00008    1
   4   -4   10   0.749122     0.178140     0.259721     0.314943   56.51462    0.00004    1
   4    4  -10   0.749122     0.127733    -0.172006     0.214247   56.51462    0.00002    1
   4    4   10   0.749122     0.473355     0.408154     0.625024   56.51462    0.00016    1
  -4   -8   -6   0.748995    -0.253044    -0.184362     0.313082   56.52507    0.00004    1
  -4    8   -6   0.748995    -0.410780     0.033004     0.412104   56.52507    0.00007    1
  -4    8    6   0.748995     0.061353     0.177361     0.187673   56.52507    0.00001    1
   4   -8   -6   0.748995     0.063301    -0.177640     0.188582   56.52507    0.00001    1
   4   -8    6   0.748995    -0.411494    -0.035198     0.412997   56.52507    0.00007    1
   4    8    6   0.748995    -0.254680     0.181850      0.31294   56.52507    0.00004    1
  -4   -8    6   0.748995    -0.157313     0.182977     0.241305   56.52507    0.00002    1
   4    8   -6   0.748995    -0.155485    -0.183319     0.240378   56.52507    0.00002    1
  -1   -9   -6   0.748911    -0.572696    -1.728713      1.82111   56.53197    0.00134    1
  -1    9    6   0.748911    -0.772405    -1.642601      1.81514   56.53197    0.00133    1
   1   -9   -6   0.748911    -0.782371     1.637879      1.81515   56.53197    0.00133    1
   1    9    6   0.748911    -0.583219     1.725193      1.82111   56.53197    0.00134    1
  -1   -9    6   0.748911     0.062878     0.809027     0.811467   56.53197    0.00027    1
  -1    9   -6   0.748911     0.500043     0.614898     0.792554   56.53197    0.00025    1
   1   -9    6   0.748911     0.503698    -0.611885     0.792537   56.53197    0.00025    1
   1    9   -6   0.748911     0.067723    -0.808603     0.811434   56.53197    0.00027    1
  -8    0   -7   0.748775     0.407315     0.088547     0.416829   56.54320    0.00007    1
   8    0    7   0.748775     0.407584    -0.085857     0.416528   56.54320    0.00007    1
  -8    0    7   0.748775    -0.504860    -0.022201     0.505348   56.54320    0.00010    1
   8    0   -7   0.748775    -0.505458     0.018542     0.505798   56.54320    0.00010    1
  -8   -6   -1   0.748680    -0.242306     0.141934     0.280815   56.55103    0.00003    1
  -8   -6    1   0.748680     0.290487    -0.073661     0.299681   56.55103    0.00004    1
  -8    6   -1   0.748680    -0.259013     0.296094     0.393394   56.55103    0.00006    1
  -8    6    1   0.748680     0.419583    -0.170397     0.452863   56.55103    0.00008    1
   8   -6   -1   0.748680     0.417975     0.173365     0.452502   56.55103    0.00008    1
   8   -6    1   0.748680    -0.257140    -0.298389       0.3939   56.55103    0.00006    1
   8    6   -1   0.748680     0.289603     0.075930     0.299391   56.55103    0.00004    1
   8    6    1   0.748680    -0.241577    -0.144086     0.281283   56.55103    0.00003    1
  -5   -9    0   0.748289     0.464329    -0.107633      0.47664   56.58325    0.00009    1
  -5    9    0   0.748289    -0.186049     0.064501     0.196912   56.58325    0.00002    1
   5   -9    0   0.748289    -0.186769    -0.065122     0.197797   56.58325    0.00002    1
   5    9    0   0.748289     0.463196     0.112172     0.476585   56.58325    0.00009    1
  -8   -5   -4   0.747854    -0.523225    -0.109352      0.53453   56.61913    0.00012    1
   8    5    4   0.747854    -0.523812     0.106201     0.534469   56.61913    0.00011    1
  -8   -5    4   0.747854    -1.159242    -0.094221      1.16306   56.61913    0.00054    1
  -8    5   -4   0.747854     0.019313    -0.340389     0.340937   56.61913    0.00005    1
  -8    5    4   0.747854     0.486245    -0.599699     0.772057   56.61913    0.00024    1
   8   -5   -4   0.747854     0.482537     0.602829     0.772169   56.61913    0.00024    1
   8   -5    4   0.747854     0.017790     0.339902     0.340367   56.61913    0.00005    1
   8    5   -4   0.747854    -1.159775     0.087317      1.16306   56.61913    0.00054    1
   0   -7   -9   0.746887    -0.132122     0.239828     0.273813   56.69904    0.00003    1
   0   -7    9   0.746887     0.211255    -0.044634     0.215918   56.69904    0.00002    1
   0    7   -9   0.746887     0.210988     0.046226     0.215993   56.69904    0.00002    1
   0    7    9   0.746887    -0.130501    -0.240547     0.273666   56.69904    0.00003    1
  -4   -1  -11   0.746601    -0.186551    -0.200270     0.273696   56.72274    0.00003    1
  -4   -1   11   0.746601    -0.206350    -0.009907     0.206588   56.72274    0.00002    1
  -4    1  -11   0.746601    -0.131789     0.143394     0.194757   56.72274    0.00002    1
  -4    1   11   0.746601    -0.132796     0.059438     0.145491   56.72274    0.00001    1
   4   -1  -11   0.746601    -0.131637    -0.060319     0.144799   56.72274    0.00001    1
   4   -1   11   0.746601    -0.130532    -0.144025     0.194375   56.72274    0.00002    1
   4    1  -11   0.746601    -0.206837     0.008461      0.20701   56.72274    0.00002    1
   4    1   11   0.746601    -0.188707     0.198808     0.274108   56.72274    0.00003    1
  -3   -3  -11   0.746335     0.557408    -0.163843     0.580989   56.74474    0.00014    1
  -3   -3   11   0.746335    -0.010300    -0.332983     0.333142   56.74474    0.00004    1
  -3    3  -11   0.746335     0.100880     0.228947     0.250187   56.74474    0.00003    1
  -3    3   11   0.746335    -0.060797     0.318007     0.323766   56.74474    0.00004    1
   3   -3  -11   0.746335    -0.060220    -0.319265     0.324895   56.74474    0.00004    1
   3   -3   11   0.746335     0.101191    -0.228261     0.249686   56.74474    0.00002    1
   3    3  -11   0.746335    -0.011467     0.332425     0.332623   56.74474    0.00004    1
   3    3   11   0.746335     0.557331     0.166018     0.581533   56.74474    0.00014    1
  -3   -9   -5   0.746147     0.433184    -0.406767     0.594228   56.76036    0.00014    1
  -3    9   -5   0.746147     0.524075     0.462545     0.699001   56.76036    0.00020    1
  -3    9    5   0.746147    -0.266569     0.149328     0.305545   56.76036    0.00004    1
   3   -9   -5   0.746147    -0.266215    -0.151386     0.306248   56.76036    0.00004    1
   3   -9    5   0.746147     0.526603    -0.460320     0.699432   56.76036    0.00020    1
   3    9    5   0.746147     0.430938     0.409230     0.594287   56.76036    0.00014    1
  -3   -9    5   0.746147     0.589347     0.119394     0.601319   56.76036    0.00014    1
   3    9   -5   0.746147     0.590111    -0.116773     0.601553   56.76036    0.00014    1
  -5   -9   -1   0.745736     0.319947    -0.094728     0.333676   56.79446    0.00004    1
  -5   -9    1   0.745736     0.206703     0.332730     0.391708   56.79446    0.00006    1
  -5    9   -1   0.745736    -0.252443     0.147175     0.292213   56.79446    0.00003    1
  -5    9    1   0.745736    -0.239363    -0.274448     0.364165   56.79446    0.00005    1
   5   -9   -1   0.745736    -0.242317     0.273688     0.365544   56.79446    0.00005    1
   5   -9    1   0.745736    -0.252215    -0.148347     0.292608   56.79446    0.00003    1
   5    9   -1   0.745736     0.208640    -0.330394     0.390757   56.79446    0.00006    1
   5    9    1   0.745736     0.318869     0.097920     0.333565   56.79446    0.00004    1
  -1   -1  -12   0.745714    -0.511482    -0.746640     0.905033   56.79629    0.00033    1
  -1   -1   12   0.745714     0.025932     0.858447     0.858839   56.79629    0.00029    1
  -1    1  -12   0.745714     0.304039     0.407961     0.508795   56.79629    0.00010    1
  -1    1   12   0.745714    -0.013803    -0.450961     0.451172   56.79629    0.00008    1
   1   -1  -12   0.745714    -0.016397     0.450940     0.451238   56.79629    0.00008    1
   1   -1   12   0.745714     0.306487    -0.406173     0.508833   56.79629    0.00010    1
   1    1  -12   0.745714     0.031241    -0.858324     0.858892   56.79629    0.00029    1
   1    1   12   0.745714    -0.516089     0.743526     0.905084   56.79629    0.00033    1
  -3   -5  -10   0.745447    -3.038706    22.330933      22.5367   56.81854    0.20284    1
  -3   -5   10   0.745447    11.558044   -19.209734      22.4188   56.81854    0.20072    1
  -3    5  -10   0.745447    -1.323416   -22.386057      22.4251   56.81854    0.20083    1
  -3    5   10   0.745447    -7.221149    21.322617      22.5122   56.81854    0.20240    1
   3   -5  -10   0.745447    -7.075499   -21.370880      22.5117   56.81854    0.20239    1
   3   -5   10   0.745447    -1.475949    22.376533      22.4252   56.81854    0.20083    1
   3    5  -10   0.745447    11.426860    19.288072      22.4188   56.81854    0.20072    1
   3    5   10   0.745447    -2.886380   -22.350639      22.5362   56.81854    0.20283    1
  -8   -1   -7   0.745368    -0.650109     0.212635        0.684   56.82505    0.00019    1
  -8    1   -7   0.745368     0.151441    -0.177791     0.233546   56.82505    0.00002    1
   8   -1    7   0.745368     0.149720     0.178861     0.233253   56.82505    0.00002    1
   8    1    7   0.745368    -0.649399    -0.216555     0.684555   56.82505    0.00019    1
  -8   -1    7   0.745368    -0.316711    -0.069146     0.324171   56.82505    0.00004    1
  -8    1    7   0.745368     0.091283    -0.226250     0.243971   56.82505    0.00002    1
   8   -1   -7   0.745368     0.089503     0.226043     0.243118   56.82505    0.00002    1
   8    1   -7   0.745368    -0.317623     0.066808     0.324573   56.82505    0.00004    1
  -3  -10    0   0.745251   -20.057726    -9.832084      22.3379   56.83480    0.19914    1
  -3   10    0   0.745251    22.298079     0.994277      22.3202   56.83480    0.19883    1
   3  -10    0   0.745251    22.304775    -0.842308      22.3207   56.83480    0.19884    1
   3   10    0   0.745251   -20.124663     9.695336      22.3383   56.83480    0.19915    1
  -7   -6   -5   0.745239     0.109457     0.587821     0.597925   56.83583    0.00014    1
   7    6    5   0.745239     0.112707    -0.587180     0.597899   56.83583    0.00014    1
  -7   -6    5   0.745239    -0.397987    -0.558893     0.686116   56.83583    0.00019    1
  -7    6   -5   0.745239     0.711450    -0.664419     0.973454   56.83583    0.00038    1
  -7    6    5   0.745239     0.218512     0.497672      0.54353   56.83583    0.00012    1
   7   -6   -5   0.745239     0.221173    -0.495930     0.543014   56.83583    0.00012    1
   7   -6    5   0.745239     0.707894     0.668044     0.973343   56.83583    0.00038    1
   7    6   -5   0.745239    -0.400834     0.557127     0.686337   56.83583    0.00019    1
  -9    0   -5   0.744514     0.012061    -0.007364    0.0141315   56.89616    0.00000    1
  -9    0    5   0.744514    -0.180073     0.154780     0.237451   56.89616    0.00002    1
   9    0   -5   0.744514    -0.179344    -0.155681     0.237489   56.89616    0.00002    1
   9    0    5   0.744514     0.012456     0.007112    0.0143432   56.89616    0.00000    1
  -6   -3   -9   0.744376     0.340558     0.170758      0.38097   56.90769    0.00006    1
   6    3    9   0.744376     0.341767    -0.168137     0.380887   56.90769    0.00006    1
  -6   -3    9   0.744376     0.136070     0.152960     0.204724   56.90769    0.00002    1
  -6    3   -9   0.744376     0.399529     0.112861     0.415164   56.90769    0.00007    1
  -6    3    9   0.744376     0.166445     0.087993     0.188273   56.90769    0.00001    1
   6   -3   -9   0.744376     0.167164    -0.086949     0.188425   56.90769    0.00001    1
   6   -3    9   0.744376     0.400345    -0.109621     0.415082   56.90769    0.00007    1
   6    3   -9   0.744376     0.136843    -0.152580     0.204955   56.90769    0.00002    1
  -9   -4   -2   0.743632    -0.072931     0.307967     0.316485   56.96984    0.00004    1
  -9   -4    2   0.743632    -0.088423    -0.170786     0.192318   56.96984    0.00001    1
  -9    4   -2   0.743632     0.107796    -0.499334     0.510837   56.96984    0.00010    1
  -9    4    2   0.743632    -0.089125     0.460557     0.469101   56.96984    0.00009    1
   9   -4   -2   0.743632    -0.086712    -0.461251      0.46933   56.96984    0.00009    1
   9   -4    2   0.743632     0.104680     0.500468     0.511298   56.96984    0.00010    1
   9    4   -2   0.743632    -0.089371     0.170698     0.192679   56.96984    0.00001    1
   9    4    2   0.743632    -0.070818    -0.309163      0.31717   56.96984    0.00004    1
  -1   -7   -9   0.743064     0.007995    -0.398287     0.398367   57.01738    0.00006    1
  -1   -7    9   0.743064     0.263778    -0.055791     0.269614   57.01738    0.00003    1
  -1    7   -9   0.743064    -0.016655     0.284322     0.284809   57.01738    0.00003    1
  -1    7    9   0.743064    -0.147701     0.126583     0.194522   57.01738    0.00001    1
   1   -7   -9   0.743064    -0.146562    -0.125970     0.193259   57.01738    0.00001    1
   1   -7    9   0.743064    -0.016094    -0.283998     0.284453   57.01738    0.00003    1
   1    7   -9   0.743064     0.262942     0.056133     0.268867   57.01738    0.00003    1
   1    7    9   0.743064     0.006859     0.397729     0.397788   57.01738    0.00006    1
  -3   -8   -7   0.742822    -0.274414    -0.027290     0.275767   57.03762    0.00003    1
   3    8    7   0.742822    -0.274360     0.025424     0.275535   57.03762    0.00003    1
  -3   -8    7   0.742822    -0.057114     0.150400     0.160879   57.03762    0.00001    1
  -3    8   -7   0.742822     0.090817    -0.654599     0.660869   57.03762    0.00017    1
  -3    8    7   0.742822     0.091753     0.099027        0.135   57.03762    0.00001    1
   3   -8   -7   0.742822     0.092319    -0.098391     0.134921   57.03762    0.00001    1
   3   -8    7   0.742822     0.087300     0.655211     0.661001   57.03762    0.00017    1
   3    8   -7   0.742822    -0.056834    -0.150363     0.160745   57.03762    0.00001    1
  -3  -10   -1   0.742729    -0.136550     0.164333     0.213661   57.04541    0.00002    1
  -3   10   -1   0.742729    -0.104150    -0.046602     0.114101   57.04541    0.00001    1
  -3   10    1   0.742729     0.356966     0.071595     0.364075   57.04541    0.00005    1
   3  -10   -1   0.742729     0.357214    -0.068349     0.363694   57.04541    0.00005    1
   3  -10    1   0.742729    -0.105305     0.044994     0.114515   57.04541    0.00001    1
   3   10    1   0.742729    -0.134811    -0.164567     0.212735   57.04541    0.00002    1
  -3  -10    1   0.742729    -0.131718    -0.174490     0.218624   57.04541    0.00002    1
   3   10   -1   0.742729    -0.132510     0.172504     0.217524   57.04541    0.00002    1
   0   -6  -10   0.742704    -0.165172     0.009013     0.165418   57.04750    0.00001    1
   0   -6   10   0.742704    -0.197888    -0.077014     0.212346   57.04750    0.00002    1
   0    6  -10   0.742704    -0.198392     0.075686     0.212339   57.04750    0.00002    1
   0    6   10   0.742704    -0.165122    -0.010131     0.165432   57.04750    0.00001    1
  -5   -8   -5   0.742417     0.011608     0.358488     0.358676   57.07162    0.00005    1
   5    8    5   0.742417     0.014156    -0.358655     0.358934   57.07162    0.00005    1
  -5   -8    5   0.742417     0.002334    -0.309375     0.309384   57.07162    0.00004    1
  -5    8   -5   0.742417     0.104305    -0.275652     0.294726   57.07162    0.00003    1
  -5    8    5   0.742417    -0.087539     0.310512     0.322616   57.07162    0.00004    1
   5   -8   -5   0.742417    -0.085222    -0.311199     0.322657   57.07162    0.00004    1
   5   -8    5   0.742417     0.102298     0.276571     0.294883   57.07162    0.00003    1
   5    8   -5   0.742417     0.000054     0.309530      0.30953   57.07162    0.00004    1
  -4   -9   -4   0.742184    -0.178846    -0.471617     0.504389   57.09122    0.00010    1
  -4    9    4   0.742184    -0.100007     0.184713     0.210048   57.09122    0.00002    1
   4   -9   -4   0.742184    -0.098896    -0.184463     0.209301   57.09122    0.00002    1
   4    9    4   0.742184    -0.182460     0.471267     0.505355   57.09122    0.00010    1
  -4   -9    4   0.742184    -0.106080    -0.070944     0.127617   57.09122    0.00001    1
  -4    9   -4   0.742184    -0.243619    -0.201458     0.316126   57.09122    0.00004    1
   4   -9    4   0.742184    -0.245671     0.200464      0.31708   57.09122    0.00004    1
   4    9   -4   0.742184    -0.106288     0.071099     0.127876   57.09122    0.00001    1
  -7   -7   -3   0.741849    -0.236558    -0.102436     0.257784   57.11934    0.00003    1
  -7   -7    3   0.741849    -0.372030     0.235230     0.440158   57.11934    0.00008    1
   7    7   -3   0.741849    -0.371368    -0.237327     0.440725   57.11934    0.00008    1
   7    7    3   0.741849    -0.237310     0.101190     0.257983   57.11934    0.00003    1
  -7    7   -3   0.741849     0.295311     0.707044     0.766237   57.11934    0.00023    1
  -7    7    3   0.741849     0.269164    -0.040072     0.272131   57.11934    0.00003    1
   7   -7   -3   0.741849     0.268882     0.041698     0.272096   57.11934    0.00003    1
   7   -7    3   0.741849     0.299147    -0.705537     0.766336   57.11934    0.00023    1
  -2   -4  -11   0.741820     0.026349     0.298120     0.299282   57.12176    0.00004    1
  -2   -4   11   0.741820     0.674368     0.160548     0.693216   57.12176    0.00019    1
  -2    4  -11   0.741820    -0.012378     0.367018     0.367226   57.12176    0.00005    1
  -2    4   11   0.741820     0.483324    -0.282593     0.559876   57.12176    0.00012    1
   2   -4  -11   0.741820     0.481300     0.285388     0.559549   57.12176    0.00012    1
   2   -4   11   0.741820    -0.010169    -0.366860     0.367001   57.12176    0.00005    1
   2    4  -11   0.741820     0.675718    -0.156152     0.693526   57.12176    0.00019    1
   2    4   11   0.741820     0.027983    -0.297907     0.299218   57.12176    0.00004    1
  -2  -10   -3   0.741604     0.015916     0.610307     0.610515   57.13991    0.00015    1
  -2  -10    3   0.741604     0.727939    -0.121301     0.737976   57.13991    0.00021    1
  -2   10   -3   0.741604     0.144957     0.603994     0.621146   57.13991    0.00015    1
  -2   10    3   0.741604     0.643045    -0.461155     0.791309   57.13991    0.00025    1
   2  -10   -3   0.741604     0.639794     0.464747     0.790776   57.13991    0.00025    1
   2  -10    3   0.741604     0.148784    -0.602514     0.620612   57.13991    0.00015    1
   2   10   -3   0.741604     0.727299     0.125993     0.738132   57.13991    0.00021    1
   2   10    3   0.741604     0.019498    -0.610100     0.610411   57.13991    0.00015    1
  -9   -1   -5   0.741165     0.527437     0.035954     0.528661   57.17688    0.00011    1
  -9   -1    5   0.741165     0.176666     0.147410     0.230088   57.17688    0.00002    1
  -9    1   -5   0.741165    -0.190084     0.214461     0.286575   57.17688    0.00003    1
  -9    1    5   0.741165    -0.165362    -0.072848     0.180697   57.17688    0.00001    1
   9   -1   -5   0.741165    -0.166238     0.072626      0.18141   57.17688    0.00001    1
   9   -1    5   0.741165    -0.189551    -0.215490     0.286994   57.17688    0.00003    1
   9    1   -5   0.741165     0.177855    -0.147237     0.230892   57.17688    0.00002    1
   9    1    5   0.741165     0.528600    -0.032619     0.529605   57.17688    0.00011    1
  -8   -6   -2   0.741088     0.512699    -0.228971     0.561505   57.18338    0.00012    1
   8    6    2   0.741088     0.511551     0.232260     0.561809   57.18338    0.00012    1
  -8   -6    2   0.741088    -0.631266     0.087612     0.637317   57.18338    0.00016    1
  -8    6   -2   0.741088     0.402332    -0.316209     0.511722   57.18338    0.00010    1
  -8    6    2   0.741088    -0.531518     0.254583     0.589342   57.18338    0.00014    1
   8   -6   -2   0.741088    -0.529831    -0.257871     0.589252   57.18338    0.00014    1
   8   -6    2   0.741088     0.400662     0.318922     0.512095   57.18338    0.00010    1
   8    6   -2   0.741088    -0.630300    -0.091485     0.636904   57.18338    0.00016    1
  -6   -8   -3   0.740891    -0.369134    -0.379789     0.529622   57.20004    0.00011    1
  -6   -8    3   0.740891    -0.053827     0.423073     0.426484   57.20004    0.00007    1
  -6    8   -3   0.740891    -0.571985     0.068436     0.576064   57.20004    0.00013    1
  -6    8    3   0.740891     0.131447     0.554531     0.569897   57.20004    0.00013    1
   6   -8   -3   0.740891     0.134605    -0.553190     0.569331   57.20004    0.00013    1
   6   -8    3   0.740891    -0.570899    -0.072621     0.575499   57.20004    0.00013    1
   6    8   -3   0.740891    -0.050190    -0.423780     0.426742   57.20004    0.00007    1
   6    8    3   0.740891    -0.372264     0.377519     0.530189   57.20004    0.00011    1
   0   -2  -12   0.739464    13.946815    -2.728382      14.2112   57.32063    0.07906    1
   0   -2   12   0.739464    13.919311     4.067701      14.5015   57.32063    0.08233    1
   0    2  -12   0.739464    13.945942    -3.975081      14.5014   57.32063    0.08233    1
   0    2   12   0.739464    13.928468     2.820999      14.2113   57.32063    0.07907    1
   0   -8   -8   0.739311   -14.133606    -0.139143      14.1343   57.33357    0.07817    1
   0    8    8   0.739311   -14.134138     0.045161      14.1342   57.33357    0.07817    1
   0   -8    8   0.739311   -13.575635    -4.618042      14.3396   57.33357    0.08046    1
   0    8   -8   0.739311   -13.605930     4.527615      14.3395   57.33357    0.08046    1
   0  -10   -4   0.739219    14.460904     1.906974      14.5861   57.34133    0.08322    1
   0  -10    4   0.739219    13.901848     4.139480      14.5051   57.34133    0.08230    1
   0   10   -4   0.739219    13.928960    -4.046880      14.5049   57.34133    0.08230    1
   0   10    4   0.739219    14.473179    -1.810714       14.586   57.34133    0.08322    1
  -1   -6  -10   0.738945     0.288957    -0.015961     0.289397   57.36459    0.00003    1
  -1   -6   10   0.738945     0.297626    -0.120649     0.321151   57.36459    0.00004    1
  -1    6  -10   0.738945     0.318779    -0.418343     0.525957   57.36459    0.00011    1
  -1    6   10   0.738945     0.287206     0.056361     0.292684   57.36459    0.00003    1
   1   -6  -10   0.738945     0.288168    -0.053927     0.293171   57.36459    0.00003    1
   1   -6   10   0.738945     0.316032     0.419421     0.525158   57.36459    0.00011    1
   1    6  -10   0.738945     0.296020     0.123325     0.320682   57.36459    0.00004    1
   1    6   10   0.738945     0.289713     0.017868     0.290264   57.36459    0.00003    1
  -5   -3  -10   0.738415    -0.190367     0.354391     0.402284   57.40957    0.00006    1
  -5   -3   10   0.738415    -0.234747     0.233770     0.331292   57.40957    0.00004    1
  -5    3  -10   0.738415    -0.078801     0.354736     0.363383   57.40957    0.00005    1
  -5    3   10   0.738415    -0.254023     0.256876     0.361265   57.40957    0.00005    1
   5   -3  -10   0.738415    -0.251452    -0.259113     0.361065   57.40957    0.00005    1
   5   -3   10   0.738415    -0.077525    -0.355017     0.363383   57.40957    0.00005    1
   5    3  -10   0.738415    -0.233931    -0.234651     0.331338   57.40957    0.00004    1
   5    3   10   0.738415    -0.187082    -0.355822     0.402006   57.40957    0.00006    1
  -5   -6   -8   0.738347     0.492644     0.393039      0.63022   57.41539    0.00015    1
  -5   -6    8   0.738347     0.012853     0.229080     0.229441   57.41539    0.00002    1
  -5    6   -8   0.738347    -0.109505    -0.182201     0.212576   57.41539    0.00002    1
  -5    6    8   0.738347    -0.438335    -0.424585     0.610254   57.41539    0.00015    1
   5   -6   -8   0.738347    -0.440645     0.421307     0.609646   57.41539    0.00014    1
   5   -6    8   0.738347    -0.109681     0.181964     0.212464   57.41539    0.00002    1
   5    6   -8   0.738347     0.013207    -0.228834     0.229215   57.41539    0.00002    1
   5    6    8   0.738347     0.494810    -0.389347     0.629625   57.41539    0.00015    1
  -5   -9   -2   0.738233    -0.377704     0.530001     0.650816   57.42508    0.00017    1
  -5   -9    2   0.738233     0.189094    -0.337340     0.386724   57.42508    0.00006    1
  -5    9   -2   0.738233     0.006719    -0.347483     0.347548   57.42508    0.00005    1
  -5    9    2   0.738233    -0.194516     0.581914     0.613563   57.42508    0.00015    1
   5   -9   -2   0.738233    -0.191183    -0.583451     0.613976   57.42508    0.00015    1
   5   -9    2   0.738233     0.004152     0.348451     0.348476   57.42508    0.00005    1
   5    9   -2   0.738233     0.187019     0.339583     0.387676   57.42508    0.00006    1
   5    9    2   0.738233    -0.374716    -0.532699     0.651291   57.42508    0.00017    1
  -7   -3   -8   0.737818    -0.097746     0.114752     0.150739   57.46034    0.00001    1
  -7    3   -8   0.737818    -0.022144    -0.092289    0.0949082   57.46034    0.00000    1
  -7    3    8   0.737818    -0.018831     0.550678        0.551   57.46034    0.00012    1
   7   -3   -8   0.737818    -0.016113    -0.550254      0.55049   57.46034    0.00012    1
   7   -3    8   0.737818    -0.022884     0.092554    0.0953407   57.46034    0.00000    1
   7    3    8   0.737818    -0.097715    -0.115895     0.151591   57.46034    0.00001    1
  -7   -3    8   0.737818    -0.163314     0.478385     0.505494   57.46034    0.00010    1
   7    3   -8   0.737818    -0.160136    -0.479915     0.505927   57.46034    0.00010    1
  -2    0  -12   0.737729     8.818968   -18.327965      20.3393   57.46792    0.16102    1
  -2    0   12   0.737729    16.221292   -12.306394      20.3612   57.46792    0.16136    1
   2    0  -12   0.737729    16.139062    12.414201      20.3613   57.46792    0.16137    1
   2    0   12   0.737729     8.696682    18.386153      20.3392   57.46792    0.16102    1
  -2   -9   -6   0.737525    14.852537    13.809228      20.2804   57.48536    0.15998    1
   2    9    6   0.737525    14.944317   -13.710002      20.2805   57.48536    0.15998    1
  -2   -9    6   0.737525   -11.212980   -16.937766       20.313   57.48536    0.16049    1
  -2    9   -6   0.737525    18.890615     7.598584      20.3616   57.48536    0.16126    1
  -2    9    6   0.737525   -16.577254   -11.804313      20.3506   57.48536    0.16109    1
   2   -9   -6   0.737525   -16.655475    11.693514      20.3505   57.48536    0.16108    1
   2   -9    6   0.737525    18.940647    -7.472455      20.3614   57.48536    0.16126    1
   2    9   -6   0.737525   -11.325751    16.862850      20.3133   57.48536    0.16050    1
  -9   -3   -4   0.737025    -0.232724    -0.093019     0.250625   57.52799    0.00002    1
   9    3    4   0.737025    -0.232701     0.091550     0.250062   57.52799    0.00002    1
  -9   -3    4   0.737025    -0.330618    -0.292180     0.441223   57.52799    0.00008    1
  -9    3   -4   0.737025    -0.089540    -0.062016      0.10892   57.52799    0.00000    1
  -9    3    4   0.737025    -0.318637    -0.318873     0.450787   57.52799    0.00008    1
   9   -3   -4   0.737025    -0.320749     0.317448     0.451279   57.52799    0.00008    1
   9   -3    4   0.737025    -0.090267     0.061735     0.109359   57.52799    0.00000    1
   9    3   -4   0.737025    -0.332222     0.289672     0.440774   57.52799    0.00008    1
  -4   -2  -11   0.736604    -0.276750     0.193173     0.337501   57.56390    0.00004    1
  -4   -2   11   0.736604     0.264453     0.010035     0.264643   57.56390    0.00003    1
  -4    2  -11   0.736604     0.305476    -0.061819     0.311668   57.56390    0.00004    1
  -4    2   11   0.736604    -0.124133    -0.029932     0.127691   57.56390    0.00001    1
   4   -2  -11   0.736604    -0.123396     0.029177     0.126798   57.56390    0.00001    1
   4   -2   11   0.736604     0.304717     0.062738     0.311109   57.56390    0.00004    1
   4    2  -11   0.736604     0.265441    -0.009164     0.265599   57.56390    0.00003    1
   4    2   11   0.736604    -0.276166    -0.195353     0.338276   57.56390    0.00004    1
  -1   -2  -12   0.735753     6.221717     7.252931      9.55588   57.63675    0.03531    1
  -1   -2   12   0.735753     1.185482     9.376293      9.45094   57.63675    0.03454    1
  -1    2  -12   0.735753    -6.000112    -7.353916      9.49112   57.63675    0.03483    1
  -1    2   12   0.735753    -2.940958    -9.070876      9.53572   57.63675    0.03516    1
   1   -2  -12   0.735753    -3.001460     9.051505      9.53617   57.63675    0.03516    1
   1   -2   12   0.735753    -6.049014     7.313781      9.49115   57.63675    0.03483    1
   1    2  -12   0.735753     1.247946    -9.368064      9.45082   57.63675    0.03454    1
   1    2   12   0.735753     6.270243    -7.211681      9.55637   57.63675    0.03531    1
  -1   -8   -8   0.735603    -4.855874    -8.287864      9.60563   57.64964    0.03566    1
   1    8    8   0.735603    -4.911255     8.255839      9.60621   57.64964    0.03566    1
  -1   -8    8   0.735603    -1.331530    -9.427435        9.521   57.64964    0.03503    1
  -1    8   -8   0.735603     6.730540     6.691936      9.49116   57.64964    0.03481    1
  -1    8    8   0.735603     4.929199     8.175449      9.54646   57.64964    0.03522    1
   1   -8   -8   0.735603     4.983841    -8.142978      9.54708   57.64964    0.03522    1
   1   -8    8   0.735603     6.775119    -6.647057      9.49134   57.64964    0.03481    1
   1    8   -8   0.735603    -1.394324     9.418347        9.521   57.64964    0.03503    1
  -1  -10   -4   0.735512    -2.030644    -9.288634      9.50801   57.65737    0.03493    1
  -1  -10    4   0.735512    -0.865059    -9.453898      9.49339   57.65737    0.03482    1
  -1   10   -4   0.735512     5.820702     7.430577      9.43896   57.65737    0.03442    1
  -1   10    4   0.735512     4.264276     8.401079      9.42137   57.65737    0.03429    1
   1  -10   -4   0.735512     4.319957    -8.371980      9.42083   57.65737    0.03429    1
   1  -10    4   0.735512     5.869872    -7.391267      9.43855   57.65737    0.03442    1
   1   10   -4   0.735512    -0.928049     9.447321      9.49279   57.65737    0.03481    1
   1   10    4   0.735512    -2.092379     9.274243      9.50735   57.65737    0.03492    1
  -8   -2   -7   0.735421    -0.517266    -0.320954      0.60875   57.66524    0.00014    1
  -8   -2    7   0.735421     0.390978     0.311668          0.5   57.66524    0.00010    1
  -8    2   -7   0.735421    -0.003726     0.425581     0.425598   57.66524    0.00007    1
  -8    2    7   0.735421     0.304724    -0.093612     0.318779   57.66524    0.00004    1
   8   -2   -7   0.735421     0.304010     0.094953     0.318494   57.66524    0.00004    1
   8   -2    7   0.735421    -0.001506    -0.425451     0.425454   57.66524    0.00007    1
   8    2   -7   0.735421     0.392890    -0.309732     0.500296   57.66524    0.00010    1
   8    2    7   0.735421    -0.519965     0.317715      0.60935   57.66524    0.00014    1
 -10    0    0   0.735357    -5.243878    18.874443      19.5894   57.67071    0.14818    1
  10    0    0   0.735357    -5.112060   -18.910535      19.5893   57.67071    0.14818    1
  -3  -10   -2   0.735316    -0.223704     0.147541     0.267978   57.67425    0.00003    1
  -3   10    2   0.735316    -0.141022    -0.137850     0.197205   57.67425    0.00002    1
   3  -10   -2   0.735316    -0.140946     0.137256     0.196735   57.67425    0.00001    1
   3   10    2   0.735316    -0.223445    -0.148281     0.268169   57.67425    0.00003    1
  -3  -10    2   0.735316     0.299041    -0.153442      0.33611   57.67425    0.00004    1
  -3   10   -2   0.735316     0.085169    -0.132942     0.157884   57.67425    0.00001    1
   3  -10    2   0.735316     0.084561     0.133146     0.157729   57.67425    0.00001    1
   3   10   -2   0.735316     0.297615     0.155238     0.335669   57.67425    0.00004    1
  -2   -1  -12   0.734471     0.245545    -0.740591     0.780235   57.74686    0.00023    1
  -2   -1   12   0.734471    -0.748928     0.683988      1.01426   57.74686    0.00040    1
  -2    1  -12   0.734471    -0.090018     0.182002     0.203047   57.74686    0.00002    1
  -2    1   12   0.734471     0.425265    -0.211588     0.474994   57.74686    0.00009    1
   2   -1  -12   0.734471     0.423847     0.214270     0.474929   57.74686    0.00009    1
   2   -1   12   0.734471    -0.088527    -0.182828     0.203133   57.74686    0.00002    1
   2    1  -12   0.734471    -0.744516    -0.688858      1.01431   57.74686    0.00040    1
   2    1   12   0.734471     0.240276     0.742313     0.780231   57.74686    0.00023    1
  -6   -6   -7   0.734408     0.200961    -0.299858     0.360971   57.75226    0.00005    1
  -6   -6    7   0.734408    -0.174049     0.041194     0.178857   57.75226    0.00001    1
  -6    6   -7   0.734408     0.075949    -0.411248     0.418202   57.75226    0.00007    1
  -6    6    7   0.734408    -0.091964     0.139938     0.167452   57.75226    0.00001    1
   6   -6   -7   0.734408    -0.090558    -0.140275     0.166966   57.75226    0.00001    1
   6   -6    7   0.734408     0.072835     0.411357     0.417756   57.75226    0.00007    1
   6    6   -7   0.734408    -0.173829    -0.041721     0.178765   57.75226    0.00001    1
   6    6    7   0.734408     0.198972     0.300671     0.360545   57.75226    0.00005    1
  -6   -5   -8   0.733628     0.264918     0.202023     0.333159   57.81944    0.00004    1
  -6    5   -8   0.733628    -0.112186     0.031876     0.116626   57.81944    0.00001    1
  -6    5    8   0.733628     0.394418     0.212011     0.447788   57.81944    0.00008    1
   6   -5   -8   0.733628     0.395731    -0.208910     0.447489   57.81944    0.00008    1
   6   -5    8   0.733628    -0.112109    -0.031867      0.11655   57.81944    0.00001    1
   6    5    8   0.733628     0.265949    -0.200158     0.332855   57.81944    0.00004    1
  -6   -5    8   0.733628    -0.515287    -0.515346     0.728767   57.81944    0.00020    1
   6    5   -8   0.733628    -0.519561     0.511446     0.729055   57.81944    0.00020    1
 -10    0   -1   0.732934    -0.013904    -0.583253     0.583419   57.87936    0.00013    1
 -10    0    1   0.732934     0.080671     0.363205     0.372056   57.87936    0.00005    1
  10    0   -1   0.732934     0.082437    -0.362687     0.371937   57.87936    0.00005    1
  10    0    1   0.732934    -0.017092     0.582816     0.583067   57.87936    0.00013    1
  -5   -5   -9   0.732690    -0.016600    -0.030707    0.0349068   57.90051    0.00000    1
  -5    5   -9   0.732690     0.070093     0.194635     0.206871   57.90051    0.00002    1
  -5    5    9   0.732690     0.071948     0.490077      0.49533   57.90051    0.00009    1
   5   -5   -9   0.732690     0.076246    -0.489349     0.495253   57.90051    0.00009    1
   5   -5    9   0.732690     0.072158    -0.193775     0.206774   57.90051    0.00002    1
   5    5    9   0.732690    -0.017048     0.029773    0.0343081   57.90051    0.00000    1
  -5   -5    9   0.732690     0.229118    -0.481619     0.533341   57.90051    0.00011    1
   5    5   -9   0.732690     0.225122     0.482412     0.532354   57.90051    0.00011    1
  -5   -7   -7   0.732630    -0.057421    -0.167956       0.1775   57.90565    0.00001    1
  -5   -7    7   0.732630     0.077062     0.051519    0.0926974   57.90565    0.00000    1
  -5    7   -7   0.732630    -0.300845     0.418327     0.515272   57.90565    0.00010    1
  -5    7    7   0.732630    -0.148112    -0.113225     0.186432   57.90565    0.00001    1
   5   -7   -7   0.732630    -0.148828     0.112115     0.186332   57.90565    0.00001    1
   5   -7    7   0.732630    -0.297775    -0.420468     0.515231   57.90565    0.00010    1
   5    7   -7   0.732630     0.077566    -0.051356    0.0930265   57.90565    0.00000    1
   5    7    7   0.732630    -0.058402     0.167282     0.177183   57.90565    0.00001    1
 -10   -1    0   0.732129    -0.168063    -0.453254     0.483409   57.94902    0.00009    1
 -10    1    0   0.732129    -0.475006     0.583034     0.752037   57.94902    0.00022    1
  10   -1    0   0.732129    -0.471530    -0.585526     0.751785   57.94902    0.00022    1
  10    1    0   0.732129    -0.170519     0.452565     0.483623   57.94902    0.00009    1
  -2   -7   -9   0.731938     0.455328    -0.084843     0.463166   57.96561    0.00008    1
  -2   -7    9   0.731938    -0.089083     0.781953     0.787011   57.96561    0.00024    1
  -2    7   -9   0.731938     0.494762    -0.109651     0.506767   57.96561    0.00010    1
  -2    7    9   0.731938     0.423754     0.561487     0.703445   57.96561    0.00019    1
   2   -7   -9   0.731938     0.427232    -0.558814      0.70342   57.96561    0.00019    1
   2   -7    9   0.731938     0.493836     0.112743     0.506542   57.96561    0.00010    1
   2    7   -9   0.731938    -0.084002    -0.782895     0.787389   57.96561    0.00024    1
   2    7    9   0.731938     0.454948     0.087397     0.463266   57.96561    0.00008    1
  -9   -2   -5   0.731383    -0.074626    -0.147343     0.165163   58.01380    0.00001    1
  -9    2   -5   0.731383     0.019591     0.244927     0.245709   58.01380    0.00002    1
   9   -2    5   0.731383     0.020520    -0.244690     0.245549   58.01380    0.00002    1
   9    2    5   0.731383    -0.075731     0.147307     0.165634   58.01380    0.00001    1
  -9   -2    5   0.731383     0.364216     0.199227     0.415144   58.01380    0.00007    1
  -9    2    5   0.731383    -0.157858    -0.407713     0.437206   58.01380    0.00007    1
   9   -2   -5   0.731383    -0.160292     0.406617     0.437071   58.01380    0.00007    1
   9    2   -5   0.731383     0.365771    -0.197276      0.41558   58.01380    0.00007    1
  -9   -4   -3   0.731353    -0.011403    -0.512385     0.512512   58.01637    0.00010    1
  -9   -4    3   0.731353    -0.119642     0.203749     0.236279   58.01637    0.00002    1
   9    4   -3   0.731353    -0.118558    -0.204604     0.236471   58.01637    0.00002    1
   9    4    3   0.731353    -0.014471     0.512207     0.512411   58.01637    0.00010    1
  -9    4   -3   0.731353     0.305664     0.200294     0.365442   58.01637    0.00005    1
  -9    4    3   0.731353     0.047085    -0.245717     0.250187   58.01637    0.00002    1
   9   -4   -3   0.731353     0.045312     0.246416     0.250547   58.01637    0.00002    1
   9   -4    3   0.731353     0.307019    -0.198478     0.365588   58.01637    0.00005    1
  -4   -6   -9   0.730086     0.128352    -0.431216     0.449913   58.12673    0.00008    1
  -4   -6    9   0.730086     0.183714     0.495257     0.528234   58.12673    0.00011    1
  -4    6   -9   0.730086     0.178208    -0.487398     0.518955   58.12673    0.00010    1
  -4    6    9   0.730086     0.118823     0.500016     0.513941   58.12673    0.00010    1
   4   -6   -9   0.730086     0.121541    -0.499085     0.513671   58.12673    0.00010    1
   4   -6    9   0.730086     0.175417     0.488678     0.519208   58.12673    0.00010    1
   4    6   -9   0.730086     0.186459    -0.494133     0.528143   58.12673    0.00011    1
   4    6    9   0.730086     0.125959     0.432095      0.45008   58.12673    0.00008    1
 -10   -1   -1   0.729738     0.140671    -0.250347     0.287162   58.15704    0.00003    1
 -10   -1    1   0.729738     0.410045    -0.441027     0.602198   58.15704    0.00014    1
 -10    1   -1   0.729738     0.089784     0.196471     0.216014   58.15704    0.00002    1
 -10    1    1   0.729738     0.136200     0.406202     0.428428   58.15704    0.00007    1
  10   -1   -1   0.729738     0.138868    -0.404800     0.427958   58.15704    0.00007    1
  10   -1    1   0.729738     0.090372    -0.195261      0.21516   58.15704    0.00002    1
  10    1   -1   0.729738     0.408257     0.443890     0.603085   58.15704    0.00014    1
  10    1    1   0.729738     0.139212     0.251656     0.287594   58.15704    0.00003    1
  -4   -7   -8   0.729261    -0.405456    -0.430182     0.591144   58.19877    0.00013    1
  -4   -7    8   0.729261    -0.250370     0.061869     0.257901   58.19877    0.00003    1
  -4    7   -8   0.729261    -0.323664    -0.127495      0.34787   58.19877    0.00005    1
  -4    7    8   0.729261    -0.217943     0.381407     0.439284   58.19877    0.00007    1
   4   -7   -8   0.729261    -0.216068    -0.382897     0.439654   58.19877    0.00007    1
   4   -7    8   0.729261    -0.324837     0.125276     0.348157   58.19877    0.00005    1
   4    7   -8   0.729261    -0.249542    -0.063434     0.257478   58.19877    0.00003    1
   4    7    8   0.729261    -0.407579     0.427744     0.590835   58.19877    0.00013    1
  -8   -6   -3   0.728933    -0.405012     0.108494     0.419292   58.22745    0.00007    1
   8    6    3   0.728933    -0.404964    -0.110680     0.419816   58.22745    0.00007    1
  -8   -6    3   0.728933     0.524564     0.009150     0.524644   58.22745    0.00010    1
  -8    6   -3   0.728933    -0.527398     0.218245     0.570772   58.22745    0.00012    1
  -8    6    3   0.728933     0.623891    -0.108136     0.633193   58.22745    0.00015    1
   8   -6   -3   0.728933     0.622909     0.111338      0.63278   58.22745    0.00015    1
   8   -6    3   0.728933    -0.526477    -0.221248     0.571077   58.22745    0.00012    1
   8    6   -3   0.728933     0.524776    -0.006379     0.524814   58.22745    0.00010    1
  -8   -4   -6   0.728192     0.259164     0.156565     0.302785   58.29237    0.00003    1
  -8   -4    6   0.728192    -0.530213    -1.008369      1.13927   58.29237    0.00049    1
  -8    4   -6   0.728192     0.188776    -0.045364      0.19415   58.29237    0.00001    1
  -8    4    6   0.728192     0.030092     0.874081     0.874599   58.29237    0.00029    1
   8   -4   -6   0.728192     0.036015    -0.873999     0.874741   58.29237    0.00029    1
   8   -4    6   0.728192     0.188295     0.046675     0.193994   58.29237    0.00001    1
   8    4   -6   0.728192    -0.536982     1.004611      1.13912   58.29237    0.00049    1
   8    4    6   0.728192     0.259898    -0.154781     0.302496   58.29237    0.00003    1
  -2   -6  -10   0.728001     0.463905     0.342128      0.57642   58.30921    0.00013    1
  -2   -6   10   0.728001     0.434855     0.128471     0.453436   58.30921    0.00008    1
  -2    6  -10   0.728001     0.424202     0.162119     0.454126   58.30921    0.00008    1
  -2    6   10   0.728001     0.486976     0.134807      0.50529   58.30921    0.00010    1
   2   -6  -10   0.728001     0.488067    -0.131864     0.505567   58.30921    0.00010    1
   2   -6   10   0.728001     0.424927    -0.159073     0.453726   58.30921    0.00008    1
   2    6  -10   0.728001     0.435928    -0.125858     0.453733   58.30921    0.00008    1
   2    6   10   0.728001     0.465821    -0.338811     0.576005   58.30921    0.00012    1
   0   -5  -11   0.727336    -0.110074    -0.168139     0.200965   58.36761    0.00002    1
   0   -5   11   0.727336     0.246251     0.191423     0.311901   58.36761    0.00004    1
   0    5  -11   0.727336     0.247612    -0.189636     0.311887   58.36761    0.00004    1
   0    5   11   0.727336    -0.111259     0.167327      0.20094   58.36761    0.00002    1
  -6    0  -10   0.727325     0.065029    -0.613966       0.6174   58.36856    0.00014    1
  -6    0   10   0.727325     0.434068     0.055889     0.437651   58.36856    0.00007    1
   6    0  -10   0.727325     0.434579    -0.052595      0.43775   58.36856    0.00007    1
   6    0   10   0.727325     0.060582     0.614123     0.617104   58.36856    0.00014    1
  -5   -9   -3   0.726216    -0.482305    -0.183139     0.515905   58.46640    0.00010    1
  -5   -9    3   0.726216    -0.396963     0.107919     0.411371   58.46640    0.00006    1
  -5    9   -3   0.726216     0.077973     0.442809     0.449622   58.46640    0.00008    1
  -5    9    3   0.726216     0.181696    -0.064787     0.192901   58.46640    0.00001    1
   5   -9   -3   0.726216     0.181379     0.066207     0.193084   58.46640    0.00001    1
   5   -9    3   0.726216     0.081300    -0.442360     0.449769   58.46640    0.00008    1
   5    9   -3   0.726216    -0.396351    -0.110913     0.411577   58.46640    0.00006    1
   5    9    3   0.726216    -0.483766     0.180001     0.516168   58.46640    0.00010    1
  -7    0   -9   0.725843    -0.599492     0.027637     0.600128   58.49935    0.00013    1
   7    0    9   0.725843    -0.599400    -0.030875     0.600194   58.49935    0.00013    1
  -7    0    9   0.725843     0.188577    -0.005851     0.188668   58.49935    0.00001    1
   7    0   -9   0.725843     0.188422     0.006482     0.188534   58.49935    0.00001    1
  -8   -5   -5   0.725818    -0.521374     0.431839     0.676991   58.50153    0.00017    1
  -8   -5    5   0.725818    -0.395784     0.133609     0.417727   58.50153    0.00007    1
  -8    5   -5   0.725818     0.281661     0.038276      0.28425   58.50153    0.00003    1
  -8    5    5   0.725818     0.180751     0.029196     0.183094   58.50153    0.00001    1
   8   -5   -5   0.725818     0.181733    -0.028348     0.183931   58.50153    0.00001    1
   8   -5    5   0.725818     0.282194    -0.036012     0.284482   58.50153    0.00003    1
   8    5   -5   0.725818    -0.394350    -0.136068     0.417165   58.50153    0.00007    1
   8    5    5   0.725818    -0.518248    -0.434553     0.676327   58.50153    0.00017    1
 -10    0   -2   0.725807     0.197012     0.606380     0.637581   58.50248    0.00015    1
 -10    0    2   0.725807    -0.124857    -0.661607     0.673285   58.50248    0.00017    1
  10    0   -2   0.725807    -0.128610     0.661158     0.673551   58.50248    0.00017    1
  10    0    2   0.725807     0.200654    -0.604359     0.636798   58.50248    0.00015    1
  -2   -2  -12   0.724948    -3.854900     9.031017      9.81934   58.57858    0.03594    1
  -2   -2   12   0.724948    -8.445277     5.365676      10.0057   58.57858    0.03732    1
  -2    2  -12   0.724948    -4.334950     9.043004      10.0283   58.57858    0.03749    1
  -2    2   12   0.724948    -7.071877     6.888158      9.87209   58.57858    0.03633    1
   2   -2  -12   0.724948    -7.024953    -6.936373      9.87235   58.57858    0.03633    1
   2   -2   12   0.724948    -4.273246    -9.072578      10.0286   58.57858    0.03749    1
   2    2  -12   0.724948    -8.408648    -5.423280      10.0059   58.57858    0.03732    1
   2    2   12   0.724948    -3.793398    -9.057401      9.81969   58.57858    0.03595    1
  -7   -7   -4   0.724946    -0.491989     0.675065     0.835324   58.57875    0.00026    1
  -7   -7    4   0.724946    -0.555267     0.278903     0.621376   58.57875    0.00014    1
   7    7   -4   0.724946    -0.553579    -0.281710     0.621136   58.57875    0.00014    1
   7    7    4   0.724946    -0.488004    -0.677469     0.834933   58.57875    0.00026    1
  -7    7   -4   0.724946     0.294802    -0.422735     0.515376   58.57875    0.00010    1
  -7    7    4   0.724946     0.424432     0.187162     0.463866   58.57875    0.00008    1
   7   -7   -4   0.724946     0.425085    -0.185204     0.463678   58.57875    0.00008    1
   7   -7    4   0.724946     0.291731     0.423786     0.514492   58.57875    0.00010    1
  -2   -8   -8   0.724804     5.345978    -8.213073       9.7997   58.59134    0.03578    1
   2    8    8   0.724804     5.289850     8.249362      9.79972   58.59134    0.03578    1
  -2   -8    8   0.724804     8.229614    -5.489246      9.89234   58.59134    0.03646    1
  -2    8   -8   0.724804     3.297112    -9.358322      9.92215   58.59134    0.03668    1
  -2    8    8   0.724804     5.295238    -8.310317      9.85398   58.59134    0.03618    1
   2   -8   -8   0.724804     5.238517     8.346335       9.8541   58.59134    0.03618    1
   2   -8    8   0.724804     3.233114     9.380377      9.92192   58.59134    0.03668    1
   2    8   -8   0.724804     8.191754     5.545146      9.89209   58.59134    0.03646    1
  -2  -10   -4   0.724718    -8.009667     6.134272      10.0888   58.59900    0.03791    1
  -2  -10    4   0.724718    -8.618169     5.071463      9.99963   58.59900    0.03725    1
  -2   10   -4   0.724718    -4.516289     8.951540      10.0263   58.59900    0.03744    1
  -2   10    4   0.724718    -6.208748     7.979654      10.1106   58.59900    0.03808    1
   2  -10   -4   0.724718    -6.153975    -8.021883      10.1105   58.59900    0.03808    1
   2  -10    4   0.724718    -4.454851    -8.981943       10.026   58.59900    0.03744    1
   2   10   -4   0.724718    -8.583020    -5.130129      9.99932   58.59900    0.03724    1
   2   10    4   0.724718    -7.967444    -6.188869      10.0887   58.59900    0.03791    1
  -9   -5    0   0.724250    -0.593559    -0.095766     0.601235   58.64048    0.00013    1
   9    5    0   0.724250    -0.594872     0.091887     0.601927   58.64048    0.00013    1
  -9    5    0   0.724250     0.375967    -0.161084     0.409022   58.64048    0.00006    1
   9   -5    0   0.724250     0.375250     0.163139     0.409179   58.64048    0.00006    1
  -6   -1  -10   0.724202    -2.214246     9.410559      9.66755   58.64478    0.03475    1
  -6   -1   10   0.724202     6.298950    -7.078100      9.47503   58.64478    0.03338    1
  -6    1  -10   0.724202    -2.786000     9.075383      9.49339   58.64478    0.03351    1
  -6    1   10   0.724202     5.424685    -7.987269      9.65524   58.64478    0.03466    1
   6   -1  -10   0.724202     5.368484     8.025464       9.6555   58.64478    0.03467    1
   6   -1   10   0.724202    -2.722095    -9.095250      9.49386   58.64478    0.03351    1
   6    1  -10   0.724202     6.249242     7.122659      9.47551   58.64478    0.03338    1
   6    1   10   0.724202    -2.148046    -9.426288      9.66794   58.64478    0.03475    1
  -6   -7   -6   0.724087     3.901437    -8.899827      9.71741   58.65498    0.03510    1
  -6   -7    6   0.724087    -6.284606     7.240141      9.58728   58.65498    0.03416    1
  -6    7   -6   0.724087     1.851353    -9.393545      9.57425   58.65498    0.03407    1
  -6    7    6   0.724087    -3.477936     9.042314      9.68811   58.65498    0.03489    1
   6   -7   -6   0.724087    -3.414038    -9.066509      9.68799   58.65498    0.03489    1
   6   -7    6   0.724087     1.784968     9.405884      9.57375   58.65498    0.03407    1
   6    7   -6   0.724087    -6.233011    -7.283877      9.58672   58.65498    0.03416    1
   6    7    6   0.724087     3.838491     8.926925       9.7172   58.65498    0.03510    1
  -6   -8   -4   0.724051    -7.495466    -5.767749      9.45774   58.65817    0.03324    1
  -6   -8    4   0.724051    -6.742531    -6.685927      9.49544   58.65817    0.03351    1
  -6    8   -4   0.724051    -9.102184    -2.661252      9.48325   58.65817    0.03342    1
  -6    8    4   0.724051    -8.367712    -4.340788      9.42661   58.65817    0.03302    1
   6   -8   -4   0.724051    -8.398267     4.281770      9.42679   58.65817    0.03303    1
   6   -8    4   0.724051    -9.120457     2.596979      9.48299   58.65817    0.03342    1
   6    8   -4   0.724051    -6.789197     6.638024      9.49508   58.65817    0.03351    1
   6    8    4   0.724051    -7.536061     5.714874      9.45791   58.65817    0.03324    1
  -1   -5  -11   0.723804    -0.029101     0.055496     0.062663   58.68015    0.00000    1
  -1   -5   11   0.723804    -0.120526     0.207166     0.239676   58.68015    0.00002    1
  -1    5  -11   0.723804     0.053342    -0.080759    0.0967853   58.68015    0.00000    1
  -1    5   11   0.723804     0.066094    -0.316905     0.323724   58.68015    0.00004    1
   1   -5  -11   0.723804     0.063690     0.317797     0.324116   58.68015    0.00004    1
   1   -5   11   0.723804     0.052336     0.081254    0.0966503   58.68015    0.00000    1
   1    5  -11   0.723804    -0.119327    -0.208560     0.240284   58.68015    0.00002    1
   1    5   11   0.723804    -0.028701    -0.056135    0.0630462   58.68015    0.00000    1
  -3   -4  -11   0.723638     0.125377     0.469538     0.485989   58.69493    0.00009    1
  -3   -4   11   0.723638    -0.050019    -0.434759     0.437627   58.69493    0.00007    1
  -3    4  -11   0.723638    -0.181165    -0.118978     0.216741   58.69493    0.00002    1
  -3    4   11   0.723638     0.113526     0.542132     0.553891   58.69493    0.00011    1
   3   -4  -11   0.723638     0.115938    -0.542251     0.554507   58.69493    0.00011    1
   3   -4   11   0.723638    -0.182498     0.118969     0.217851   58.69493    0.00002    1
   3    4  -11   0.723638    -0.051943     0.435274     0.438362   58.69493    0.00007    1
   3    4   11   0.723638     0.129379    -0.470038     0.487519   58.69493    0.00009    1
   0   -3  -12   0.723479    -0.013385    -0.211771     0.212193   58.70909    0.00002    1
   0   -3   12   0.723479    -0.095286     0.209319     0.229987   58.70909    0.00002    1
   0    3  -12   0.723479    -0.093764    -0.209818     0.229815   58.70909    0.00002    1
   0    3   12   0.723479    -0.014817     0.211545     0.212063   58.70909    0.00002    1
  -3  -10   -3   0.723438     0.358592     0.269847     0.448782   58.71277    0.00007    1
  -3  -10    3   0.723438    -0.044396    -0.498927     0.500898   58.71277    0.00009    1
  -3   10   -3   0.723438    -0.576589     0.045180     0.578356   58.71277    0.00012    1
  -3   10    3   0.723438     0.397936     0.352732     0.531764   58.71277    0.00010    1
   3  -10   -3   0.723438     0.399967    -0.351383     0.532394   58.71277    0.00011    1
   3  -10    3   0.723438    -0.577124    -0.047762     0.579097   58.71277    0.00012    1
   3   10   -3   0.723438    -0.046351     0.499514      0.50166   58.71277    0.00009    1
   3   10    3   0.723438     0.360274    -0.268777     0.449487   58.71277    0.00007    1
  -7   -1   -9   0.722738    -0.333736     0.244657     0.413808   58.77518    0.00006    1
   7    1    9   0.722738    -0.332192    -0.245934     0.413322   58.77518    0.00006    1
  -7   -1    9   0.722738    -0.605767    -0.359320     0.704318   58.77518    0.00018    1
  -7    1   -9   0.722738     0.310113    -0.249780     0.398197   58.77518    0.00006    1
  -7    1    9   0.722738     0.601042     0.264396     0.656625   58.77518    0.00016    1
   7   -1   -9   0.722738     0.602464    -0.261307     0.656692   58.77518    0.00016    1
   7   -1    9   0.722738     0.309060     0.250984     0.398134   58.77518    0.00006    1
   7    1   -9   0.722738    -0.607492     0.356141     0.704189   58.77518    0.00018    1
 -10   -1   -2   0.722703     9.422796     2.506662      9.75051   58.77830    0.03517    1
 -10   -1    2   0.722703    -9.180154    -3.196435      9.72072   58.77830    0.03496    1
 -10    1   -2   0.722703     9.516987     1.959168      9.71655   58.77830    0.03493    1
 -10    1    2   0.722703    -9.349440    -2.755814      9.74713   58.77830    0.03515    1
  10   -1   -2   0.722703    -9.369639     2.690353      9.74824   58.77830    0.03515    1
  10   -1    2   0.722703     9.530529    -1.892253      9.71656   58.77830    0.03493    1
  10    1   -2   0.722703    -9.202341     3.131828      9.72067   58.77830    0.03496    1
  10    1    2   0.722703     9.441236    -2.440634       9.7516   58.77830    0.03518    1
 -10   -2    0   0.722696     2.911018    -9.219568      9.66822   58.77894    0.03458    1
  10    2    0   0.722696     2.845635     9.238769      9.66708   58.77894    0.03457    1
 -10    2    0   0.722696     2.256446    -9.416213       9.6828   58.77894    0.03468    1
  10   -2    0   0.722696     2.189786     9.430799      9.68169   58.77894    0.03467    1
  -7   -5   -7   0.722681     0.341389    -0.293472     0.450192   58.78027    0.00007    1
  -7   -5    7   0.722681     0.226076    -0.252215     0.338708   58.78027    0.00004    1
   7    5   -7   0.722681     0.224863     0.252405     0.338041   58.78027    0.00004    1
   7    5    7   0.722681     0.338943     0.294371     0.448928   58.78027    0.00007    1
  -7    5   -7   0.722681    -0.353019     0.025306     0.353925   58.78027    0.00005    1
  -7    5    7   0.722681    -0.230716     0.244302     0.336026   58.78027    0.00004    1
   7   -5   -7   0.722681    -0.229537    -0.244647     0.335469   58.78027    0.00004    1
   7   -5    7   0.722681    -0.352389    -0.026166     0.353359   58.78027    0.00005    1
  -9   -5   -1   0.721935     0.132577     0.038782     0.138133   58.84696    0.00001    1
  -9   -5    1   0.721935    -0.149383     0.044977     0.156007   58.84696    0.00001    1
  -9    5   -1   0.721935    -0.447219    -0.191417     0.486462   58.84696    0.00009    1
  -9    5    1   0.721935     0.096798    -0.099635     0.138914   58.84696    0.00001    1
   9   -5   -1   0.721935     0.095786     0.100005     0.138477   58.84696    0.00001    1
   9   -5    1   0.721935    -0.448734     0.188302     0.486642   58.84696    0.00009    1
   9    5   -1   0.721935    -0.149069    -0.046116     0.156039   58.84696    0.00001    1
   9    5    1   0.721935     0.132703    -0.038226     0.138099   58.84696    0.00001    1
  -6   -4   -9   0.721852    -0.101809     0.164567     0.193513   58.85443    0.00001    1
  -6    4   -9   0.721852    -0.053389     0.038192    0.0656429   58.85443    0.00000    1
  -6    4    9   0.721852     0.148854    -0.018275     0.149972   58.85443    0.00001    1
   6   -4   -9   0.721852     0.148980     0.018892     0.150173   58.85443    0.00001    1
   6   -4    9   0.721852    -0.052877    -0.038408    0.0653541   58.85443    0.00000    1
   6    4    9   0.721852    -0.100184    -0.165222     0.193223   58.85443    0.00001    1
  -6   -4    9   0.721852     0.143004     0.010947     0.143423   58.85443    0.00001    1
   6    4   -9   0.721852     0.142937    -0.010141     0.143296   58.85443    0.00001    1
   0   -9   -7   0.721002     0.162486    -0.197936     0.256087   58.93068    0.00002    1
   0    9    7   0.721002     0.161167     0.199101     0.256156   58.93068    0.00002    1
   0   -9    7   0.721002     0.249594     0.105071     0.270809   58.93068    0.00003    1
   0    9   -7   0.721002     0.250278    -0.103384      0.27079   58.93068    0.00003    1
  -4   -3  -11   0.720801     0.533953     0.106043     0.544381   58.94873    0.00011    1
  -4   -3   11   0.720801     0.576266    -0.212163     0.614081   58.94873    0.00014    1
  -4    3  -11   0.720801     0.579173     0.171812     0.604119   58.94873    0.00013    1
  -4    3   11   0.720801     0.573025    -0.193245     0.604732   58.94873    0.00013    1
   4   -3  -11   0.720801     0.571784     0.196480     0.604601   58.94873    0.00013    1
   4   -3   11   0.720801     0.580298    -0.168504     0.604268   58.94873    0.00013    1
   4    3  -11   0.720801     0.575009     0.215423     0.614038   58.94873    0.00014    1
   4    3   11   0.720801     0.534964    -0.102916     0.544774   58.94873    0.00011    1
  -4   -9   -5   0.720631     0.024217     0.049745    0.0553266   58.96398    0.00000    1
  -4   -9    5   0.720631    -0.147476    -0.200512     0.248906   58.96398    0.00002    1
  -4    9   -5   0.720631     0.112011     0.278073     0.299785   58.96398    0.00003    1
  -4    9    5   0.720631    -0.099930     0.147793     0.178406   58.96398    0.00001    1
   4   -9   -5   0.720631    -0.098749    -0.149146     0.178874   58.96398    0.00001    1
   4   -9    5   0.720631     0.114419    -0.277828     0.300467   58.96398    0.00003    1
   4    9   -5   0.720631    -0.148845     0.198739     0.248298   58.96398    0.00002    1
   4    9    5   0.720631     0.024771    -0.050253    0.0560266   58.96398    0.00000    1
 -10   -2   -1   0.720396    -0.505140     0.170636     0.533182   58.98512    0.00010    1
 -10   -2    1   0.720396     0.132415    -0.242063     0.275914   58.98512    0.00003    1
 -10    2   -1   0.720396     0.319785     0.439658     0.543656   58.98512    0.00011    1
 -10    2    1   0.720396    -0.218612    -0.298707     0.370158   58.98512    0.00005    1
  10   -2   -1   0.720396    -0.219071     0.297762     0.369668   58.98512    0.00005    1
  10   -2    1   0.720396     0.321481    -0.436182     0.541853   58.98512    0.00011    1
  10    2   -1   0.720396     0.132349     0.243250     0.276924   58.98512    0.00003    1
  10    2    1   0.720396    -0.505165    -0.172686     0.533866   58.98512    0.00010    1
  -1   -3   12   0.720003    -0.204996    -0.473126     0.515627   59.02050    0.00010    1
  -1   -3  -12   0.720003     0.031546     0.402668     0.403902   59.02050    0.00006    1
  -1    3  -12   0.720003     0.351962     0.172698     0.392049   59.02050    0.00006    1
  -1    3   12   0.720003     0.130810    -0.413721     0.433909   59.02050    0.00007    1
   1   -3   12   0.720003     0.353664    -0.170454     0.392598   59.02050    0.00006    1
   1   -3  -12   0.720003     0.128005     0.414078     0.433412   59.02050    0.00007    1
   1    3   12   0.720003     0.033743    -0.402218     0.403631   59.02050    0.00006    1
   1    3  -12   0.720003    -0.207952     0.472242     0.516001   59.02050    0.00010    1
  -4   -5  -10   0.720000     0.161355     1.362351      1.37187   59.02077    0.00069    1
  -4   -5   10   0.720000     0.270662     0.100183     0.288608   59.02077    0.00003    1
  -4    5  -10   0.720000    -0.331224     0.021298     0.331908   59.02077    0.00004    1
  -4    5   10   0.720000     0.178297    -1.312406      1.32446   59.02077    0.00064    1
   4   -5  -10   0.720000     0.169465     1.312055      1.32295   59.02077    0.00064    1
   4   -5   10   0.720000    -0.331887    -0.022230     0.332631   59.02077    0.00004    1
   4    5  -10   0.720000     0.271201    -0.099913      0.28902   59.02077    0.00003    1
   4    5   10   0.720000     0.170240    -1.359730      1.37035   59.02077    0.00069    1
  -3    0  -12   0.719839     0.140170    -0.453725     0.474883   59.03523    0.00008    1
  -3    0   12   0.719839    -0.315954     0.281872     0.423414   59.03523    0.00007    1
   3    0  -12   0.719839    -0.314334    -0.283890     0.423556   59.03523    0.00007    1
   3    0   12   0.719839     0.137430     0.454705     0.475019   59.03523    0.00008    1
  -4  -10    0   0.719824    -1.217696     0.271726      1.24765   59.03664    0.00057    1
  -4   10    0   0.719824    -0.940327     0.749191      1.20229   59.03664    0.00053    1
   4  -10    0   0.719824    -0.936707    -0.756312      1.20392   59.03664    0.00053    1
   4   10    0   0.719824    -1.217503    -0.280040      1.24929   59.03664    0.00057    1
  -8   -3   -7   0.719691     0.337255     0.132751     0.362442   59.04857    0.00005    1
   8    3    7   0.719691     0.338193    -0.130510     0.362501   59.04857    0.00005    1
  -8   -3    7   0.719691     0.331183     0.415145     0.531063   59.04857    0.00010    1
  -8    3   -7   0.719691     0.381833     0.127105     0.402432   59.04857    0.00006    1
  -8    3    7   0.719691     0.358890     0.451159     0.576495   59.04857    0.00012    1
   8   -3   -7   0.719691     0.361918    -0.448623     0.576409   59.04857    0.00012    1
   8   -3    7   0.719691     0.382629    -0.124365     0.402333   59.04857    0.00006    1
   8    3   -7   0.719691     0.333969    -0.412879     0.531041   59.04857    0.00010    1
  -3   -9   -6   0.719649     0.682301     0.456144     0.820732   59.05237    0.00025    1
  -3    9   -6   0.719649    -0.355830    -0.062789     0.361327   59.05237    0.00005    1
  -3    9    6   0.719649     0.733996     0.365777     0.820087   59.05237    0.00025    1
   3   -9   -6   0.719649     0.736398    -0.361544     0.820363   59.05237    0.00025    1
   3   -9    6   0.719649    -0.356315     0.060785     0.361463   59.05237    0.00005    1
   3    9    6   0.719649     0.685239    -0.452216     0.821006   59.05237    0.00025    1
  -3   -9    6   0.719649    -0.274062    -0.272683     0.386608   59.05237    0.00005    1
   3    9   -6   0.719649    -0.275721     0.271185     0.386734   59.05237    0.00005    1
  -7   -6   -6   0.718834     0.231548     0.334941     0.407186   59.12598    0.00006    1
  -7   -6    6   0.718834    -0.532909    -0.438055     0.689843   59.12598    0.00017    1
   7    6   -6   0.718834    -0.535248     0.435156     0.689819   59.12598    0.00017    1
   7    6    6   0.718834     0.233413    -0.334282     0.407708   59.12598    0.00006    1
  -7    6   -6   0.718834    -0.049600    -0.235172     0.240346   59.12598    0.00002    1
  -7    6    6   0.718834    -0.401188     0.265513     0.481091   59.12598    0.00008    1
   7   -6   -6   0.718834    -0.399764    -0.267384     0.480942   59.12598    0.00008    1
   7   -6    6   0.718834    -0.050678     0.234343      0.23976   59.12598    0.00002    1
  -9    0   -6   0.718184     0.037216    -0.128434     0.133718   59.18482    0.00001    1
   9    0    6   0.718184     0.036708     0.128445     0.133587   59.18482    0.00001    1
  -9    0    6   0.718184    -0.404053     0.378195     0.553435   59.18482    0.00011    1
   9    0   -6   0.718184    -0.401909    -0.380456     0.553424   59.18482    0.00011    1
   0  -10   -5   0.717917    -0.091804     0.274114     0.289079   59.20906    0.00003    1
   0  -10    5   0.717917    -0.083120    -0.180309     0.198545   59.20906    0.00001    1
   0   10   -5   0.717917    -0.084465     0.179729     0.198587   59.20906    0.00001    1
   0   10    5   0.717917    -0.089911    -0.274764     0.289101   59.20906    0.00003    1
  -4   -8   -7   0.717635    -0.078492    -0.406464     0.413973   59.23466    0.00006    1
  -4   -8    7   0.717635    -0.435885     0.267657     0.511503   59.23466    0.00010    1
  -4    8    7   0.717635    -0.122431     0.389957     0.408725   59.23466    0.00006    1
  -4    8   -7   0.717635    -0.555417    -0.139520     0.572672   59.23466    0.00012    1
   4   -8   -7   0.717635    -0.119559    -0.391655     0.409498   59.23466    0.00006    1
   4   -8    7   0.717635    -0.556525     0.136056     0.572915   59.23466    0.00012    1
   4    8   -7   0.717635    -0.434055    -0.270116      0.51124   59.23466    0.00010    1
   4    8    7   0.717635    -0.081167     0.405233     0.413282   59.23466    0.00006    1
  -1   -9   -7   0.717561     0.778343     0.154193     0.793469   59.24137    0.00023    1
  -1    9    7   0.717561    -0.574629     0.571300     0.810298   59.24137    0.00024    1
   1   -9   -7   0.717561    -0.571175    -0.574819     0.810344   59.24137    0.00024    1
   1    9    7   0.717561     0.779374    -0.149550     0.793592   59.24137    0.00023    1
  -1   -9    7   0.717561     0.644364    -0.667432     0.927724   59.24137    0.00031    1
  -1    9   -7   0.717561    -0.911300    -0.043240     0.912325   59.24137    0.00030    1
   1   -9    7   0.717561    -0.911527     0.037919     0.912315   59.24137    0.00030    1
   1    9   -7   0.717561     0.640388     0.671325     0.927779   59.24137    0.00031    1
  -4  -10   -1   0.717551     0.421279    -0.613947     0.744585   59.24227    0.00020    1
  -4  -10    1   0.717551     0.319128     0.535523       0.6234   59.24227    0.00014    1
  -4   10   -1   0.717551     0.068349    -0.709533     0.712817   59.24227    0.00018    1
  -4   10    1   0.717551     0.803212     0.255265     0.842799   59.24227    0.00026    1
   4  -10   -1   0.717551     0.805386    -0.250156     0.843341   59.24227    0.00026    1
   4  -10    1   0.717551     0.063159     0.710308      0.71311   59.24227    0.00018    1
   4   10   -1   0.717551     0.323030    -0.533148     0.623374   59.24227    0.00014    1
   4   10    1   0.717551     0.416885     0.616540     0.744254   59.24227    0.00020    1
  -5    0  -11   0.717201     0.262690     0.152711     0.303853   59.27405    0.00003    1
  -5    0   11   0.717201    -0.019045     0.062919    0.0657381   59.27405    0.00000    1
   5    0  -11   0.717201    -0.018596    -0.063011    0.0656978   59.27405    0.00000    1
   5    0   11   0.717201     0.263684    -0.150941     0.303829   59.27405    0.00003    1
  -3   -1  -12   0.716811     0.613761    -0.077503     0.618635   59.30951    0.00014    1
  -3   -1   12   0.716811    -0.538214    -0.802735     0.966467   59.30951    0.00034    1
  -3    1  -12   0.716811    -0.015548     0.071526    0.0731961   59.30951    0.00000    1
  -3    1   12   0.716811    -0.486335     0.220276     0.533894   59.30951    0.00010    1
   3   -1  -12   0.716811    -0.485405    -0.223354     0.534327   59.30951    0.00010    1
   3   -1   12   0.716811    -0.015743    -0.070926     0.072652   59.30951    0.00000    1
   3    1  -12   0.716811    -0.542888     0.799218     0.966166   59.30951    0.00034    1
   3    1   12   0.716811     0.613893     0.081830     0.619323   59.30951    0.00014    1
  -5   -4  -10   0.716412    -0.023038    -0.065784    0.0697018   59.34584    0.00000    1
  -5   -4   10   0.716412    -0.142573     0.431078     0.454044   59.34584    0.00007    1
  -5    4  -10   0.716412     0.549835     0.356917     0.655522   59.34584    0.00016    1
  -5    4   10   0.716412     0.500022     0.352278     0.611655   59.34584    0.00014    1
   5   -4  -10   0.716412     0.502290    -0.347658     0.610869   59.34584    0.00014    1
   5   -4   10   0.716412     0.552696    -0.354372     0.656546   59.34584    0.00016    1
   5    4  -10   0.716412    -0.138251    -0.432682     0.454233   59.34584    0.00007    1
   5    4   10   0.716412    -0.024688     0.065891    0.0703642   59.34584    0.00000    1
  -5   -8   -6   0.716301     0.014456    -0.157440     0.158102   59.35597    0.00001    1
   5    8    6   0.716301     0.013166     0.157471     0.158021   59.35597    0.00001    1
  -5   -8    6   0.716301    -0.480683    -0.388493     0.618048   59.35597    0.00014    1
  -5    8   -6   0.716301    -0.114978     0.016587     0.116169   59.35597    0.00000    1
  -5    8    6   0.716301     0.071463    -0.304754      0.31302   59.35597    0.00004    1
   5   -8   -6   0.716301     0.069420     0.305388     0.313179   59.35597    0.00004    1
   5   -8    6   0.716301    -0.114627    -0.017185     0.115908   59.35597    0.00000    1
   5    8   -6   0.716301    -0.483557     0.385006     0.618107   59.35597    0.00014    1
  -9   -3   -5   0.715906    -0.434081     0.015171     0.434346   59.39202    0.00007    1
  -9   -3    5   0.715906    -0.355658    -0.069002     0.362289   59.39202    0.00005    1
  -9    3   -5   0.715906    -0.354608    -0.544606     0.649878   59.39202    0.00015    1
  -9    3    5   0.715906     0.258499    -0.132779     0.290606   59.39202    0.00003    1
   9   -3   -5   0.715906     0.258042     0.134321     0.290909   59.39202    0.00003    1
   9   -3    5   0.715906    -0.357853     0.542156     0.649609   59.39202    0.00015    1
   9    3   -5   0.715906    -0.356209     0.067168     0.362486   59.39202    0.00005    1
   9    3    5   0.715906    -0.434217    -0.017819     0.434582   59.39202    0.00007    1
  -7   -4   -8   0.715867     0.885231     9.139785      9.18255   59.39557    0.03047    1
   7    4    8   0.715867     0.948959    -9.132747      9.18192   59.39557    0.03046    1
  -7   -4    8   0.715867    -2.520898     8.880252      9.23113   59.39557    0.03079    1
  -7    4   -8   0.715867    -1.819503    -9.073784      9.25441   59.39557    0.03095    1
  -7    4    8   0.715867     0.582928    -9.214410      9.23283   59.39557    0.03080    1
   7   -4   -8   0.715867     0.518515     9.217600      9.23217   59.39557    0.03080    1
   7   -4    8   0.715867    -1.882799     9.060920      9.25447   59.39557    0.03095    1
   7    4   -8   0.715867    -2.458821    -8.897554      9.23105   59.39557    0.03079    1
  -7   -8    0   0.715756     2.224697    -8.988750      9.25996   59.40569    0.03097    1
  -7    8    0   0.715756     0.850207     9.273207       9.3121   59.40569    0.03132    1
   7   -8    0   0.715756     0.914846    -9.267805      9.31285   59.40569    0.03133    1
   7    8    0   0.715756     2.162187     9.004627      9.26058   59.40569    0.03098    1
  -9   -1   -6   0.715177     5.684671    -7.413177      9.34188   59.45868    0.03146    1
  -9   -1    6   0.715177    -7.000635     6.188421      9.34374   59.45868    0.03147    1
  -9    1   -6   0.715177    -4.955355     7.941372      9.36061   59.45868    0.03159    1
  -9    1    6   0.715177     6.970252    -6.175443      9.31238   59.45868    0.03126    1
   9   -1   -6   0.715177     6.928778     6.221404      9.31203   59.45868    0.03126    1
   9   -1    6   0.715177    -4.902208    -7.973772      9.36016   59.45868    0.03158    1
   9    1   -6   0.715177    -6.959014    -6.234548      9.34331   59.45868    0.03147    1
   9    1    6   0.715177     5.635167     7.450642      9.34169   59.45868    0.03146    1
  -9   -4   -4   0.715142    -6.733854    -6.468099      9.33708   59.46184    0.03142    1
  -9   -4    4   0.715142    -5.903231    -7.232346      9.33568   59.46184    0.03141    1
   9    4   -4   0.715142    -5.951440     7.193239      9.33608   59.46184    0.03142    1
   9    4    4   0.715142    -6.776784     6.423253      9.33718   59.46184    0.03142    1
  -9    4   -4   0.715142     7.956311     4.879943      9.33363   59.46184    0.03140    1
  -9    4    4   0.715142     6.817771     6.325004      9.29988   59.46184    0.03117    1
   9   -4   -4   0.715142     6.859828    -6.279685      9.30009   59.46184    0.03118    1
   9   -4    4   0.715142     7.988988    -4.827218      9.33413   59.46184    0.03140    1
  -9   -5   -2   0.715121     6.293564    -6.996560      9.41067   59.46373    0.03192    1
  -9   -5    2   0.715121    -6.883015     6.392158      9.39338   59.46373    0.03180    1
  -9    5   -2   0.715121    -4.817369     8.025980      9.36074   59.46373    0.03158    1
  -9    5    2   0.715121     5.379081    -7.670280      9.36844   59.46373    0.03163    1
   9   -5   -2   0.715121     5.327982     7.705740      9.36834   59.46373    0.03163    1
   9   -5    2   0.715121    -4.764173    -8.058116      9.36112   59.46373    0.03158    1
   9    5   -2   0.715121    -6.840603    -6.437889      9.39363   59.46373    0.03180    1
   9    5    2   0.715121     6.246870     7.038105      9.41054   59.46373    0.03192    1
  -6   -2  -10   0.715068    -0.246322     0.494852     0.552768   59.46862    0.00011    1
  -6   -2   10   0.715068    -0.594829     0.563006     0.819022   59.46862    0.00024    1
  -6    2  -10   0.715068    -0.037556    -0.077611    0.0862203   59.46862    0.00000    1
  -6    2   10   0.715068     0.303649    -0.491809     0.577995   59.46862    0.00012    1
   6   -2  -10   0.715068     0.299636     0.493504     0.577346   59.46862    0.00012    1
   6   -2   10   0.715068    -0.037327     0.077887     0.086369   59.46862    0.00000    1
   6    2  -10   0.715068    -0.590761    -0.568130     0.819615   59.46862    0.00024    1
   6    2   10   0.715068    -0.242928    -0.495792     0.552109   59.46862    0.00011    1
  -1  -10   -5   0.714520    -0.068817     0.553197     0.557461   59.51885    0.00011    1
  -1   10    5   0.714520     0.532743     0.501063     0.731355   59.51885    0.00019    1
   1  -10   -5   0.714520     0.535858    -0.497872     0.731451   59.51885    0.00019    1
   1   10    5   0.714520    -0.065622    -0.553669     0.557544   59.51885    0.00011    1
  -1  -10    5   0.714520    -0.628633    -0.517719     0.814379   59.51885    0.00024    1
  -1   10   -5   0.714520     0.027964    -0.758535     0.759051   59.51885    0.00021    1
   1  -10    5   0.714520     0.023605     0.758666     0.759034   59.51885    0.00021    1
   1   10   -5   0.714520    -0.631721     0.513889     0.814342   59.51885    0.00024    1
  -3   -7   -9   0.714456     0.600041     0.146034     0.617555   59.52466    0.00014    1
  -3   -7    9   0.714456     0.205267     0.155961     0.257795   59.52466    0.00002    1
  -3    7   -9   0.714456    -0.205300     0.053279     0.212101   59.52466    0.00002    1
  -3    7    9   0.714456    -0.198863     0.010062     0.199118   59.52466    0.00001    1
   3   -7   -9   0.714456    -0.198480    -0.012735     0.198888   59.52466    0.00001    1
   3   -7    9   0.714456    -0.204316    -0.054408     0.211436   59.52466    0.00002    1
   3    7   -9   0.714456     0.205993    -0.153956     0.257168   59.52466    0.00002    1
   3    7    9   0.714456     0.600193    -0.142739     0.616933   59.52466    0.00014    1
 -10    0   -3   0.714377     0.026637    -0.106554     0.109833   59.53193    0.00000    1
  10    0    3   0.714377     0.024560     0.106138     0.108942   59.53193    0.00000    1
 -10    0    3   0.714377     0.016159     0.399083      0.39941   59.53193    0.00006    1
  10    0   -3   0.714377     0.020003    -0.400259     0.400759   59.53193    0.00006    1
  -5   -1  -11   0.714206    -0.055547     0.131307     0.142573   59.54765    0.00001    1
  -5   -1   11   0.714206    -0.335748    -0.090326     0.347686   59.54765    0.00004    1
  -5    1  -11   0.714206     0.398190    -0.446741     0.598442   59.54765    0.00013    1
  -5    1   11   0.714206     0.305017     0.083754     0.316307   59.54765    0.00004    1
   5   -1  -11   0.714206     0.305268    -0.081847      0.31605   59.54765    0.00004    1
   5   -1   11   0.714206     0.394444     0.449566     0.598076   59.54765    0.00013    1
   5    1  -11   0.714206    -0.336226     0.088605     0.347705   59.54765    0.00004    1
   5    1   11   0.714206    -0.054298    -0.131513     0.142281   59.54765    0.00001    1
  -7   -2   -9   0.713659     0.663023    -0.089149      0.66899   59.59791    0.00016    1
  -7   -2    9   0.713659    -0.182669     0.110781     0.213636   59.59791    0.00002    1
  -7    2   -9   0.713659    -0.054633     0.072612      0.09087   59.59791    0.00000    1
  -7    2    9   0.713659    -0.027878    -0.101441     0.105202   59.59791    0.00000    1
   7   -2   -9   0.713659    -0.028527     0.101922     0.105839   59.59791    0.00000    1
   7   -2    9   0.713659    -0.054061    -0.073371    0.0911371   59.59791    0.00000    1
   7    2   -9   0.713659    -0.181835    -0.111812     0.213462   59.59791    0.00002    1
   7    2    9   0.713659     0.662435     0.092835     0.668908   59.59791    0.00016    1
 -10   -2   -2   0.713625    -0.443128    -0.370590     0.577668   59.60101    0.00012    1
 -10   -2    2   0.713625     0.653944     0.503277     0.825185   59.60101    0.00024    1
 -10    2   -2   0.713625     0.239903    -0.142383     0.278974   59.60101    0.00003    1
 -10    2    2   0.713625    -0.398041     0.114514     0.414186   59.60101    0.00006    1
  10   -2   -2   0.713625    -0.396868    -0.117634     0.413935   59.60101    0.00006    1
  10   -2    2   0.713625     0.238361     0.143409     0.278176   59.60101    0.00003    1
  10    2   -2   0.713625     0.657685    -0.499329      0.82576   59.60101    0.00024    1
  10    2    2   0.713625    -0.446262     0.367081     0.577839   59.60101    0.00012    1
  -7   -8   -1   0.713521     0.057283     0.341692      0.34646   59.61053    0.00004    1
  -7   -8    1   0.713521    -0.150135    -0.125100     0.195424   59.61053    0.00001    1
  -7    8   -1   0.713521    -0.069721    -0.361202      0.36787   59.61053    0.00005    1
  -7    8    1   0.713521     0.300979     0.143597     0.333479   59.61053    0.00004    1
   7   -8   -1   0.713521     0.302615    -0.140885     0.333804   59.61053    0.00004    1
   7   -8    1   0.713521    -0.073057     0.361121     0.368437   59.61053    0.00005    1
   7    8   -1   0.713521    -0.151792     0.123757     0.195848   59.61053    0.00001    1
   7    8    1   0.713521     0.060235    -0.342289     0.347548   59.61053    0.00004    1
  -2   -5  -11   0.713510     0.458593     0.209442     0.504156   59.61163    0.00009    1
  -2   -5   11   0.713510     0.316956     0.055286     0.321742   59.61163    0.00004    1
  -2    5  -11   0.713510     0.069630     0.822002     0.824945   59.61163    0.00024    1
  -2    5   11   0.713510     0.237213     0.115572     0.263869   59.61163    0.00002    1
   2   -5   11   0.713510     0.075025    -0.821418     0.824837   59.61163    0.00024    1
   2   -5  -11   0.713510     0.237895    -0.113762     0.263697   59.61163    0.00002    1
   2    5  -11   0.713510     0.317583    -0.053354     0.322033   59.61163    0.00004    1
   2    5   11   0.713510     0.460218    -0.206407     0.504385   59.61163    0.00009    1
  -8    0   -8   0.712961    23.155737   -14.955702      27.5656   59.66216    0.27183    1
   8    0    8   0.712961    23.051899    15.116475      27.5662   59.66216    0.27185    1
  -8    0    8   0.712961    26.655694    -6.986171       27.556   59.66216    0.27164    1
   8    0   -8   0.712961    26.607150     7.171207      27.5566   59.66216    0.27166    1
  -8   -6   -4   0.712879   -25.683098     9.892289      27.5223   59.66973    0.27090    1
  -8   -6    4   0.712879   -26.948005     5.624693      27.5288   59.66973    0.27103    1
  -8    6   -4   0.712879   -22.568103    15.802665      27.5507   59.66973    0.27146    1
  -8    6    4   0.712879   -24.718335    12.116926      27.5285   59.66973    0.27102    1
   8   -6   -4   0.712879   -24.633580   -12.288410      27.5285   59.66973    0.27103    1
   8   -6    4   0.712879   -22.457273   -15.958740      27.5501   59.66973    0.27145    1
   8    6   -4   0.712879   -26.907646    -5.811695      27.5281   59.66973    0.27102    1
   8    6    4   0.712879   -25.613754   -10.070538      27.5224   59.66973    0.27090    1
 -10   -1   -3   0.711417    -0.336681     0.465462     0.574464   59.80481    0.00012    1
 -10   -1    3   0.711417    -0.111755     0.148898     0.186172   59.80481    0.00001    1
 -10    1   -3   0.711417    -0.121774    -0.235016     0.264691   59.80481    0.00002    1
 -10    1    3   0.711417    -0.103828    -0.056452     0.118182   59.80481    0.00000    1
  10   -1   -3   0.711417    -0.104347     0.055446     0.118163   59.80481    0.00000    1
  10   -1    3   0.711417    -0.124303     0.234072      0.26503   59.80481    0.00002    1
  10    1   -3   0.711417    -0.110297    -0.150150     0.186308   59.80481    0.00001    1
  10    1    3   0.711417    -0.333411    -0.468065     0.574672   59.80481    0.00012    1
   0  -11    0   0.711167     0.330360     0.098055     0.344605   59.82794    0.00004    1
   0   11    0   0.711167     0.331055    -0.095693     0.344608   59.82794    0.00004    1
  -4  -10   -2   0.710859     0.247610    -0.417951     0.485792   59.85653    0.00008    1
  -4  -10    2   0.710859    -0.142181     0.387136      0.41242   59.85653    0.00006    1
  -4   10   -2   0.710859    -0.140096    -0.355783     0.382372   59.85653    0.00005    1
  -4   10    2   0.710859     0.238515     0.335331     0.411505   59.85653    0.00006    1
   4  -10   -2   0.710859     0.240536    -0.334183     0.411747   59.85653    0.00006    1
   4  -10    2   0.710859    -0.142316     0.355375     0.382813   59.85653    0.00005    1
   4   10   -2   0.710859    -0.139939    -0.387653     0.412138   59.85653    0.00006    1
   4   10    2   0.710859     0.245176     0.419199     0.485633   59.85653    0.00008    1
  -3   -6  -10   0.710793    -0.007042     0.278164     0.278253   59.86268    0.00003    1
  -3   -6   10   0.710793    -0.628624     0.967524      1.15381   59.86268    0.00047    1
  -3    6  -10   0.710793     0.042174     0.753889     0.755068   59.86268    0.00020    1
  -3    6   10   0.710793    -0.276121     0.761579      0.81009   59.86268    0.00023    1
   3   -6  -10   0.710793    -0.271346    -0.764036     0.810789   59.86268    0.00023    1
   3   -6   10   0.710793     0.047441    -0.752942     0.754435   59.86268    0.00020    1
   3    6  -10   0.710793    -0.621509    -0.971335      1.15315   59.86268    0.00047    1
   3    6   10   0.710793    -0.004763    -0.278954     0.278995   59.86268    0.00003    1
  -5   -9   -4   0.710336    -0.336541     0.068391      0.34342   59.90510    0.00004    1
  -5   -9    4   0.710336    -0.868047     0.267446     0.908314   59.90510    0.00029    1
  -5    9   -4   0.710336     0.262193    -0.203362     0.331815   59.90510    0.00004    1
  -5    9    4   0.710336    -0.151227     0.250585     0.292681   59.90510    0.00003    1
   5   -9   -4   0.710336    -0.149064    -0.251551       0.2924   59.90510    0.00003    1
   5   -9    4   0.710336     0.261219     0.205294     0.332236   59.90510    0.00004    1
   5    9   -4   0.710336    -0.866369    -0.273987      0.90866   59.90510    0.00029    1
   5    9    4   0.710336    -0.336288    -0.071090      0.34372   59.90510    0.00004    1
  -8   -1   -8   0.710018     0.150215     0.194851     0.246031   59.93468    0.00002    1
  -8   -1    8   0.710018    -1.001083     0.661935      1.20013   59.93468    0.00051    1
  -8    1   -8   0.710018     0.117688     0.262679     0.287838   59.93468    0.00003    1
  -8    1    8   0.710018     1.133977     0.111104      1.13941   59.93468    0.00046    1
   8   -1   -8   0.710018     1.134219    -0.103553      1.13894   59.93468    0.00046    1
   8   -1    8   0.710018     0.119189    -0.262446     0.288243   59.93468    0.00003    1
   8    1   -8   0.710018    -0.997024    -0.668909      1.20062   59.93468    0.00051    1
   8    1    8   0.710018     0.151071    -0.194066     0.245935   59.93468    0.00002    1
  -8   -7    0   0.709910    -0.639157     0.437250     0.774408   59.94475    0.00021    1
  -8    7    0   0.709910     0.356777     0.044537     0.359546   59.94475    0.00005    1
   8   -7    0   0.709910     0.357146    -0.042076     0.359616   59.94475    0.00005    1
   8    7    0   0.709910    -0.636056    -0.441678     0.774368   59.94475    0.00021    1
  -2   -3  -12   0.709867    -0.302431     0.577145     0.651584   59.94872    0.00015    1
  -2   -3   12   0.709867     0.211776    -0.502172     0.545001   59.94872    0.00011    1
  -2    3  -12   0.709867    -0.186679     0.497239     0.531126   59.94872    0.00010    1
  -2    3   12   0.709867     0.191182    -0.522469     0.556349   59.94872    0.00011    1
   2   -3  -12   0.709867     0.187909     0.524050     0.556721   59.94872    0.00011    1
   2   -3   12   0.709867    -0.182838    -0.498130     0.530626   59.94872    0.00010    1
   2    3  -12   0.709867     0.208699     0.503790     0.545307   59.94872    0.00011    1
   2    3   12   0.709867    -0.298425    -0.578698     0.651113   59.94872    0.00015    1
  -6   -9    0   0.708999    -0.350127     0.044773     0.352978   60.02970    0.00004    1
  -6    9    0   0.708999    -0.185670     0.175460     0.255459   60.02970    0.00002    1
   6   -9    0   0.708999    -0.184259    -0.176835     0.255386   60.02970    0.00002    1
   6    9    0   0.708999    -0.349698    -0.047393     0.352895   60.02970    0.00004    1
   0  -11   -1   0.708975     0.232045    -0.065732     0.241175   60.03190    0.00002    1
   0  -11    1   0.708975     0.142877     0.264222     0.300378   60.03190    0.00003    1
   0   11   -1   0.708975     0.144732    -0.263227     0.300393   60.03190    0.00003    1
   0   11    1   0.708975     0.231553     0.067227     0.241115   60.03190    0.00002    1
  -3   -2  -12   0.707950   -21.878011    -0.664093      21.8881   60.12775    0.16843    1
  -3   -2   12   0.707950   -18.808027   -10.890495      21.7335   60.12775    0.16606    1
  -3    2   12   0.707950    19.934054     8.997251      21.8705   60.12775    0.16816    1
  -3    2  -12   0.707950    21.749344    -0.679408        21.76   60.12775    0.16647    1
   3   -2   12   0.707950    21.743974     0.831849      21.7599   60.12775    0.16647    1
   3   -2  -12   0.707950    19.997085    -8.857443      21.8709   60.12775    0.16817    1
   3    2  -12   0.707950   -18.883908    10.758322      21.7335   60.12775    0.16606    1
   3    2   12   0.707950   -21.882498     0.510676      21.8885   60.12775    0.16844    1
  -1  -11    0   0.707865    -0.209650    -0.071677     0.221564   60.13578    0.00002    1
  -1   11    0   0.707865     0.195951    -0.023241     0.197324   60.13578    0.00001    1
   1  -11    0   0.707865     0.195133     0.024348     0.196646   60.13578    0.00001    1
   1   11    0   0.707865    -0.210831     0.069835     0.222096   60.13578    0.00002    1
  -3   -8   -8   0.707816    21.347117     4.946878      21.9128   60.14030    0.16874    1
   3    8    8   0.707816    21.381858    -4.797218      21.9134   60.14030    0.16874    1
  -3   -8    8   0.707816    18.517922    11.559991        21.83   60.14030    0.16746    1
  -3    8   -8   0.707816   -21.746239     1.877264      21.8271   60.14030    0.16742    1
  -3    8    8   0.707816   -21.374638    -4.703846      21.8861   60.14030    0.16832    1
   3   -8   -8   0.707816   -21.407593     4.553978      21.8866   60.14030    0.16833    1
   3   -8    8   0.707816   -21.732572    -2.029680      21.8271   60.14030    0.16742    1
   3    8   -8   0.707816    18.598667   -11.429944      21.8301   60.14030    0.16746    1
 -10   -3    0   0.707753     0.505037    -0.098609     0.514574   60.14627    0.00009    1
  10    3    0   0.707753     0.503898     0.102545     0.514227   60.14627    0.00009    1
 -10    3    0   0.707753     0.477762    -0.242837     0.535935   60.14627    0.00010    1
  10   -3    0   0.707753     0.476459     0.246364     0.536384   60.14627    0.00010    1
  -3  -10   -4   0.707736    20.079256     8.158071      21.6733   60.14784    0.16502    1
  -3  -10    4   0.707736    18.657050    11.130344      21.7249   60.14784    0.16581    1
  -3   10   -4   0.707736   -21.710137     0.677246      21.7207   60.14784    0.16574    1
  -3   10    4   0.707736   -21.454033    -2.882390      21.6468   60.14784    0.16462    1
   3  -10   -4   0.707736   -21.473144     2.731770      21.6462   60.14784    0.16461    1
   3  -10    4   0.707736   -21.704319    -0.829459      21.7202   60.14784    0.16574    1
   3   10   -4   0.707736    18.734325   -10.998972      21.7245   60.14784    0.16580    1
   3   10    4   0.707736    20.135479    -8.016828      21.6727   60.14784    0.16501    1
  -8   -7   -1   0.707729    -0.399515     0.074241     0.406355   60.14847    0.00006    1
  -8   -7    1   0.707729    -0.403872    -0.232443     0.465986   60.14847    0.00008    1
   8    7   -1   0.707729    -0.405231     0.229478     0.465695   60.14847    0.00008    1
   8    7    1   0.707729    -0.398889    -0.076876      0.40623   60.14847    0.00006    1
  -8    7   -1   0.707729     0.102277    -0.264843     0.283906   60.14847    0.00003    1
  -8    7    1   0.707729    -0.027387    -0.371267     0.372276   60.14847    0.00005    1
   8   -7   -1   0.707729    -0.029807     0.371205     0.372399   60.14847    0.00005    1
   8   -7    1   0.707729     0.100488     0.265782     0.284144   60.14847    0.00003    1
  -2   -9   -7   0.707526     0.083586     0.282534     0.294638   60.16750    0.00003    1
  -2   -9    7   0.707526     0.030164     0.088556    0.0935519   60.16750    0.00000    1
  -2    9   -7   0.707526    -0.056288     0.437951     0.441554   60.16750    0.00007    1
  -2    9    7   0.707526    -0.049890     0.032548    0.0595684   60.16750    0.00000    1
   2   -9   -7   0.707526    -0.049344    -0.032896     0.059304   60.16750    0.00000    1
   2   -9    7   0.707526    -0.053408    -0.438321     0.441563   60.16750    0.00007    1
   2    9   -7   0.707526     0.030925    -0.088247    0.0935087   60.16750    0.00000    1
   2    9    7   0.707526     0.085656    -0.282077     0.294796   60.16750    0.00003    1
  -7   -8   -2   0.706941    -0.304029    -0.154116      0.34086   60.22250    0.00004    1
  -7   -8    2   0.706941    -0.065225     0.130574     0.145959   60.22250    0.00001    1
  -7    8   -2   0.706941     0.381216     0.031882     0.382547   60.22250    0.00005    1
  -7    8    2   0.706941    -0.119017    -0.102382     0.156994   60.22250    0.00001    1
   7   -8   -2   0.706941    -0.119006     0.101436      0.15637   60.22250    0.00001    1
   7   -8    2   0.706941     0.380890    -0.029995     0.382069   60.22250    0.00005    1
   7    8   -2   0.706941    -0.064889    -0.130500     0.145743   60.22250    0.00001    1
   7    8    2   0.706941    -0.304373     0.152155     0.340285   60.22250    0.00004    1
  -6   -9   -1   0.706827     0.113413    -0.016551     0.114614   60.23325    0.00000    1
  -6    9   -1   0.706827     0.323935    -0.112837     0.343025   60.23325    0.00004    1
  -6    9    1   0.706827     0.119091    -0.025289     0.121746   60.23325    0.00001    1
   6   -9   -1   0.706827     0.118346     0.026796     0.121342   60.23325    0.00001    1
   6   -9    1   0.706827     0.322274     0.115074     0.342203   60.23325    0.00004    1
   6    9    1   0.706827     0.112504     0.017630     0.113877   60.23325    0.00000    1
  -6   -9    1   0.706827    -0.041031     0.035050    0.0539631   60.23325    0.00000    1
   6    9   -1   0.706827    -0.041239    -0.034650    0.0538633   60.23325    0.00000    1
  -9   -2   -6   0.706376    -0.293357     0.718943      0.77649   60.27567    0.00021    1
  -9    2   -6   0.706376     0.147182    -0.514059     0.534714   60.27567    0.00010    1
   9   -2    6   0.706376     0.143147     0.515243     0.534758   60.27567    0.00010    1
   9    2    6   0.706376    -0.288729    -0.720598      0.77629   60.27567    0.00021    1
  -9   -2    6   0.706376     0.125389    -0.428181     0.446163   60.27567    0.00007    1
  -9    2    6   0.706376     0.369861    -0.020286     0.370417   60.27567    0.00005    1
   9   -2   -6   0.706376     0.370162     0.022544     0.370848   60.27567    0.00005    1
   9    2   -6   0.706376     0.122739     0.428515     0.445747   60.27567    0.00007    1
  -1  -11   -1   0.705703    -0.350904     0.297347     0.459944   60.33912    0.00007    1
  -1  -11    1   0.705703    -0.429798    -0.214835       0.4805   60.33912    0.00008    1
  -1   11   -1   0.705703     0.077792    -0.465436     0.471892   60.33912    0.00008    1
  -1   11    1   0.705703     0.390215     0.010492     0.390356   60.33912    0.00005    1
   1  -11   -1   0.705703     0.389820    -0.008088     0.389904   60.33912    0.00005    1
   1  -11    1   0.705703     0.073853     0.465457      0.47128   60.33912    0.00008    1
   1   11   -1   0.705703    -0.431952     0.211677      0.48103   60.33912    0.00008    1
   1   11    1   0.705703    -0.349412    -0.299987     0.460522   60.33912    0.00007    1
 -10   -3   -1   0.705592    -0.330345     0.102325      0.34583   60.34958    0.00004    1
 -10   -3    1   0.705592    -0.531764    -0.107493      0.54252   60.34958    0.00010    1
 -10    3   -1   0.705592    -0.353772     0.063737     0.359468   60.34958    0.00005    1
 -10    3    1   0.705592    -0.554369    -0.129543     0.569304   60.34958    0.00011    1
  10   -3   -1   0.705592    -0.554267     0.125817     0.568368   60.34958    0.00011    1
  10   -3    1   0.705592    -0.353123    -0.065848      0.35921   60.34958    0.00004    1
  10    3   -1   0.705592    -0.532581     0.104189     0.542676   60.34958    0.00010    1
  10    3    1   0.705592    -0.330073    -0.104040     0.346081   60.34958    0.00004    1
  -5   -2  -11   0.705440     0.066032    -0.049321     0.082418   60.36392    0.00000    1
  -5   -2   11   0.705440    -0.505900    -0.138177     0.524431   60.36392    0.00010    1
  -5    2   11   0.705440     0.566876     0.055020      0.56954   60.36392    0.00011    1
  -5    2  -11   0.705440    -0.343254    -0.056928     0.347943   60.36392    0.00004    1
   5   -2  -11   0.705440     0.566991    -0.050691     0.569252   60.36392    0.00011    1
   5   -2   11   0.705440    -0.343080     0.054410     0.347368   60.36392    0.00004    1
   5    2   11   0.705440     0.065285     0.050033    0.0822522   60.36392    0.00000    1
   5    2  -11   0.705440    -0.507029     0.134043     0.524448   60.36392    0.00010    1
  -7   -7   -5   0.704820    -0.041489     0.117017     0.124155   60.42253    0.00001    1
   7    7    5   0.704820    -0.041008    -0.117717     0.124655   60.42253    0.00001    1
  -7   -7    5   0.704820     0.176412     0.136113     0.222818   60.42253    0.00002    1
  -7    7   -5   0.704820    -0.027686     0.066828     0.072336   60.42253    0.00000    1
  -7    7    5   0.704820    -0.202674     0.329978      0.38725   60.42253    0.00005    1
   7   -7   -5   0.704820    -0.200880    -0.330870     0.387076   60.42253    0.00005    1
   7   -7    5   0.704820    -0.027661    -0.066628    0.0721419   60.42253    0.00000    1
   7    7   -5   0.704820     0.176924    -0.135324     0.222743   60.42253    0.00002    1
  -2  -10   -5   0.704611     0.352031    -0.364669     0.506862   60.44240    0.00009    1
  -2  -10    5   0.704611    -0.032871     0.553425       0.5544   60.44240    0.00011    1
  -2   10    5   0.704611     0.107718     0.554951     0.565309   60.44240    0.00011    1
  -2   10   -5   0.704611     0.468203    -0.388924     0.608667   60.44240    0.00013    1
   2  -10   -5   0.704611     0.111407    -0.553873     0.564966   60.44240    0.00011    1
   2  -10    5   0.704611     0.465545     0.391703     0.608411   60.44240    0.00013    1
   2   10   -5   0.704611    -0.029271    -0.553416     0.554189   60.44240    0.00011    1
   2   10    5   0.704611     0.349535     0.366797      0.50667   60.44240    0.00009    1
  -9   -5   -3   0.704181     0.064288     0.057595    0.0863139   60.48310    0.00000    1
  -9   -5    3   0.704181    -0.127207     0.139617     0.188877   60.48310    0.00001    1
  -9    5   -3   0.704181     0.041992     0.029954    0.0515805   60.48310    0.00000    1
  -9    5    3   0.704181     0.396456     0.036337     0.398117   60.48310    0.00005    1
   9   -5   -3   0.704181     0.396747    -0.033760     0.398181   60.48310    0.00006    1
   9   -5    3   0.704181     0.042389    -0.029869    0.0518556   60.48310    0.00000    1
   9    5   -3   0.704181    -0.126455    -0.140519     0.189041   60.48310    0.00001    1
   9    5    3   0.704181     0.064147    -0.057296     0.086009   60.48310    0.00000    1
  -6   -8   -5   0.703998     0.076479     0.513503     0.519167   60.50046    0.00009    1
  -6   -8    5   0.703998    -0.552131    -0.280925      0.61949   60.50046    0.00013    1
  -6    8   -5   0.703998     0.317941     0.405137     0.514998   60.50046    0.00009    1
  -6    8    5   0.703998    -0.705846    -0.060695     0.708451   60.50046    0.00017    1
   6   -8   -5   0.703998    -0.706169     0.055483     0.708345   60.50046    0.00017    1
   6   -8    5   0.703998     0.320679    -0.402748     0.514821   60.50046    0.00009    1
   6    8   -5   0.703998    -0.554272     0.276994     0.619632   60.50046    0.00013    1
   6    8    5   0.703998     0.080304    -0.512939     0.519187   60.50046    0.00009    1
 -10   -2   -3   0.702752    -0.224540    -0.004543     0.224585   60.61898    0.00002    1
 -10   -2    3   0.702752     0.303489     0.010855     0.303683   60.61898    0.00003    1
 -10    2    3   0.702752    -0.334427    -0.218826     0.399657   60.61898    0.00006    1
 -10    2   -3   0.702752     0.132158     0.035138      0.13675   60.61898    0.00001    1
  10    2    3   0.702752    -0.224196     0.003181     0.224219   60.61898    0.00002    1
  10    2   -3   0.702752     0.303021    -0.008697     0.303146   60.61898    0.00003    1
  10   -2   -3   0.702752    -0.336413     0.216752     0.400194   60.61898    0.00006    1
  10   -2    3   0.702752     0.132728    -0.034235     0.137072   60.61898    0.00001    1
   0   -4  -12   0.702748    13.370101    -2.059042      13.5277   60.61944    0.06318    1
   0   -4   12   0.702748    12.585829     4.210195      13.2714   60.61944    0.06081    1
   0    4  -12   0.702748    12.615623    -4.119832      13.2713   60.61944    0.06081    1
   0    4   12   0.702748    13.355013     2.154828      13.5277   60.61944    0.06318    1
   0   -7  -10   0.702676    -0.688554   -13.562881      13.5803   60.62631    0.06365    1
   0   -7   10   0.702676    -4.526324    12.578248      13.3679   60.62631    0.06168    1
   0    7  -10   0.702676    -4.436158   -12.610237      13.3678   60.62631    0.06168    1
   0    7   10   0.702676    -0.785534    13.557605      13.5803   60.62631    0.06365    1
   0  -11   -2   0.702518     2.474269   -12.878287      13.1138   60.64130    0.05932    1
   0  -11    2   0.702518    -3.505262    12.691915      13.1671   60.64130    0.05981    1
   0   11    2   0.702518     2.381786    12.895644      13.1138   60.64130    0.05932    1
   0   11   -2   0.702518    -3.414107   -12.716653       13.167   60.64130    0.05981    1
  -8   -2   -8   0.701404   -11.794195     6.855642       13.642   60.74780    0.06395    1
  -8   -2    8   0.701404   -13.529617     2.827894       13.822   60.74780    0.06565    1
  -8    2   -8   0.701404   -11.379498     7.889752      13.8471   60.74780    0.06588    1
  -8    2    8   0.701404   -13.067083     3.960896      13.6542   60.74780    0.06406    1
   8   -2   -8   0.701404   -13.039204    -4.051521      13.6541   60.74780    0.06406    1
   8   -2    8   0.701404   -11.324084    -7.968346      13.8466   60.74780    0.06588    1
   8    2    8   0.701404   -11.746107    -6.937271      13.6417   60.74780    0.06394    1
   8    2   -8   0.701404   -13.509238    -2.921703      13.8216   60.74780    0.06564    1
  -8   -5   -6   0.701358     5.691379    12.356220       13.604   60.75217    0.06358    1
  -8   -5    6   0.701358    -2.647824   -13.488874      13.7463   60.75217    0.06492    1
   8    5   -6   0.701358    -2.741560    13.470659      13.7468   60.75217    0.06492    1
   8    5    6   0.701358     5.777253   -12.316735      13.6044   60.75217    0.06358    1
  -8    5    6   0.701358    -5.271823   -12.560833      13.6223   60.75217    0.06375    1
  -8    5   -6   0.701358     8.176881    11.079830      13.7704   60.75217    0.06515    1
   8   -5   -6   0.701358    -5.359021    12.524107      13.6225   60.75217    0.06375    1
   8   -5    6   0.701358     8.253860   -11.023039      13.7708   60.75217    0.06515    1
  -8   -7    2   0.701306     3.187755    13.498644      13.8699   60.75716    0.06608    1
  -8   -7   -2   0.701306    -4.182074   -13.269962      13.9134   60.75716    0.06649    1
   8    7    2   0.701306    -4.274078    13.240349      13.9131   60.75716    0.06649    1
   8    7   -2   0.701306     3.281510   -13.476426      13.8702   60.75716    0.06608    1
  -8    7    2   0.701306     6.838662    12.107666      13.9055   60.75716    0.06642    1
  -8    7   -2   0.701306    -7.797493   -11.461484      13.8624   60.75716    0.06601    1
   8   -7   -2   0.701306     6.922458   -12.059647      13.9052   60.75716    0.06642    1
   8   -7    2   0.701306    -7.876985    11.407126      13.8625   60.75716    0.06601    1
  -6   -3  -10   0.700584     6.444489   -17.879183      19.0052   60.82647    0.12375    1
  -6   -3   10   0.700584   -12.777752    14.038238      18.9827   60.82647    0.12346    1
  -6    3  -10   0.700584     4.121353   -18.541322      18.9938   60.82647    0.12361    1
  -6    3   10   0.700584   -10.985312    15.450138      18.9574   60.82647    0.12313    1
   6   -3  -10   0.700584   -10.875319   -15.527120      18.9569   60.82647    0.12313    1
   6   -3   10   0.700584     3.989859    18.569858      18.9936   60.82647    0.12360    1
   6    3  -10   0.700584   -12.677936   -14.128305      18.9826   60.82647    0.12346    1
   6    3   10   0.700584     6.317512    17.923768      19.0045   60.82647    0.12375    1
   0   -8   -9   0.700528    -0.219275     0.147838     0.264457   60.83178    0.00002    1
   0   -8    9   0.700528    -0.166686     0.135019      0.21451   60.83178    0.00002    1
   0    8    9   0.700528    -0.218165    -0.149414     0.264425   60.83178    0.00002    1
   0    8   -9   0.700528    -0.165671    -0.136256     0.214506   60.83178    0.00002    1
  -6   -6   -8   0.700525   -17.133708    -8.183821      18.9879   60.83208    0.12350    1
   6    6    8   0.700525   -17.190971     8.062041      18.9875   60.83208    0.12350    1
  -6   -6    8   0.700525   -13.784986   -13.053192      18.9845   60.83208    0.12346    1
  -6    6   -8   0.700525   -18.616513    -3.672342      18.9753   60.83208    0.12334    1
  -6    6    8   0.700525   -16.464470    -9.346928      18.9326   60.83208    0.12279    1
   6   -6   -8   0.700525   -16.529918     9.229780      18.9322   60.83208    0.12278    1
   6   -6    8   0.700525   -18.642139     3.540311      18.9753   60.83208    0.12334    1
   6    6   -8   0.700525   -13.877324    12.955352      18.9848   60.83208    0.12346    1
  -6   -9    2   0.700428   -12.226568    14.553799      19.0079   60.84143    0.12372    1
  -6   -9   -2   0.700428    11.060741   -15.456794      19.0066   60.84143    0.12371    1
  -6    9    2   0.700428    -6.142957    17.931671      18.9547   60.84143    0.12303    1
  -6    9   -2   0.700428     4.683134   -18.375621       18.963   60.84143    0.12314    1
   6   -9   -2   0.700428    -6.015925   -17.975035       18.955   60.84143    0.12303    1
   6   -9    2   0.700428     4.552970    18.408783      18.9635   60.84143    0.12314    1
   6    9    2   0.700428    10.951265    15.535066      19.0071   60.84143    0.12371    1
   6    9   -2   0.700428   -12.123621   -14.640490      19.0086   60.84143    0.12373    1
  -4   -4   11   0.700292    -0.542422     0.401605     0.674914   60.85447    0.00016    1
  -4   -4  -11   0.700292    -0.109611    -0.358549     0.374929   60.85447    0.00005    1
  -4    4  -11   0.700292    -0.805720    -0.020925     0.805992   60.85447    0.00022    1
  -4    4   11   0.700292    -0.026210     0.458717     0.459465   60.85447    0.00007    1
   4   -4   11   0.700292    -0.806097     0.015654     0.806248   60.85447    0.00022    1
   4   -4  -11   0.700292    -0.022803    -0.459145     0.459711   60.85447    0.00007    1
   4    4  -11   0.700292    -0.539418    -0.404988     0.674527   60.85447    0.00016    1
   4    4   11   0.700292    -0.112004     0.357296      0.37444   60.85447    0.00005    1
  -4  -10   -3   0.700111    -0.336871    -0.598796      0.68705   60.87192    0.00016    1
  -4  -10    3   0.700111    -0.601964     0.631912     0.872739   60.87192    0.00026    1
  -4   10   -3   0.700111    -0.927772    -0.239224     0.958118   60.87192    0.00031    1
  -4   10    3   0.700111    -0.144600     0.776726     0.790071   60.87192    0.00021    1
   4   10   -3   0.700111    -0.597358    -0.635761      0.87237   60.87192    0.00026    1
   4   10    3   0.700111    -0.341029     0.596241      0.68688   60.87192    0.00016    1
   4  -10   -3   0.700111    -0.139073    -0.777566     0.789905   60.87192    0.00021    1
   4  -10    3   0.700111    -0.929558     0.232949     0.958302   60.87192    0.00031    1
