XLabel;Wavenumber;;;;;;;;;;;;;;;;;;;
YLabel;Absorbance;;;;;;;;;;;;;;;;;;;Name
FileType;Absorbance;;;;;;;;;;;;;;;;;;;
DisplayDirection;20300;;;;;;;;;;;;;;;;;;;
PeakDirection;IceV_270K;IceV_235K;IceV_225K;IceV_210K;IveV_185K;IceV_177K;IceV_160K;IceV_125k;IceV_100K;IceV_3;IceV_2;IceV_1;;;;;;;;
399.263973;0.154016;0.094427;0.107495;0.107630;0.148903;0.097280;0.074325;0.107781;0.040618;0.052185;0.123197;0.157937;;;;;;;;
400.228378;0.139297;0.043651;0.080994;0.093389;0.115735;0.117044;0.061717;0.090860;0.041744;0.032865;0.085828;0.106782;;;;;;;;
401.192784;0.060668;-0.039863;-0.005257;0.065390;0.024866;0.056629;0.027313;0.002353;0.004179;-0.002410;-0.019246;0.027966;;;;;;;;
402.157190;0.034788;-0.030090;-0.015338;0.024193;-0.005065;0.009020;-0.004351;-0.057710;0.009489;-0.033277;-0.059401;-0.030444;;;;;;;;
403.121596;0.056123;-0.002602;0.007724;-0.034212;-0.037986;-0.033478;-0.036242;-0.087455;-0.032636;-0.021114;-0.004224;-0.066062;;;;;;;;
404.086001;0.046147;-0.006510;0.015762;-0.044245;-0.060444;-0.050914;-0.056660;-0.076236;-0.076901;-0.005279;0.019959;-0.045985;;;;;;;;
405.050407;0.037405;0.011774;0.029559;-0.007805;-0.019722;0.006986;-0.039156;-0.032074;-0.033356;-0.007313;0.005267;-0.015269;;;;;;;;
406.014813;0.029552;0.024095;0.001561;-0.010434;-0.014707;0.034289;-0.029331;-0.038789;-0.031611;-0.019539;0.006149;-0.027460;;;;;;;;
406.979219;-0.023445;-0.028210;-0.061306;-0.069324;-0.073412;0.015687;-0.073959;-0.083698;-0.078136;-0.069506;-0.027318;-0.044580;;;;;;;;
407.943624;-0.042526;-0.058751;-0.079973;-0.082864;-0.092412;0.008723;-0.074861;-0.066326;-0.055843;-0.091887;-0.042034;-0.012847;;;;;;;;
408.908030;-0.047977;-0.037311;-0.060353;-0.035852;-0.053445;-0.044628;-0.049576;-0.035035;-0.021279;-0.061676;-0.041639;0.013764;;;;;;;;
409.872436;-0.083649;-0.043091;-0.031597;-0.048669;-0.045772;-0.104051;-0.107563;-0.073163;-0.055645;-0.067941;-0.084329;-0.047035;;;;;;;;
410.836841;-0.055200;-0.026372;0.036941;-0.082783;-0.061914;-0.078035;-0.123383;-0.062810;-0.104651;-0.065635;-0.074857;-0.081068;;;;;;;;
411.801247;0.030561;0.042705;0.092314;-0.055640;-0.048129;-0.014448;-0.033639;0.012871;-0.076641;-0.012722;0.000846;-0.032260;;;;;;;;
412.765653;0.076751;0.092283;0.070377;-0.028445;-0.041310;0.006741;0.018862;0.026922;-0.002387;0.013455;0.022366;-0.007472;;;;;;;;
413.730059;0.067801;0.099816;0.023605;-0.020217;-0.027270;0.015786;-0.003832;0.018523;0.029498;0.001901;0.012141;0.012506;;;;;;;;
414.694464;0.023372;0.060248;-0.004957;-0.024809;-0.016343;0.016732;-0.025090;0.035286;0.009984;-0.020159;0.003864;0.027185;;;;;;;;
415.658870;-0.010448;0.024975;-0.022307;-0.030066;-0.028882;0.008154;0.010665;0.041567;-0.004214;0.003136;-0.021494;-0.003232;;;;;;;;
416.623276;-0.005360;0.025507;-0.006724;-0.011539;-0.018575;0.000423;0.045699;0.022375;-0.009701;0.028820;-0.028190;-0.017516;;;;;;;;
417.587682;0.035661;0.034320;0.036076;0.021604;-0.005674;0.000138;0.013468;-0.000668;-0.011428;-0.015103;-0.013066;-0.006365;;;;;;;;
418.552087;0.094786;0.053082;0.085485;0.035267;0.002992;0.022843;0.002271;0.007440;0.004058;-0.018681;-0.004143;0.015465;;;;;;;;
419.516493;0.109472;0.059301;0.100979;0.003966;0.010286;0.025832;0.025602;0.037663;0.033266;0.024487;0.021052;0.027969;;;;;;;;
420.480899;0.066220;0.036949;0.062125;-0.012436;0.003856;0.016447;0.014552;0.041835;0.040530;0.006939;0.065796;0.037597;;;;;;;;
421.445305;0.032995;0.022892;0.046672;-0.002156;0.027158;0.027130;0.016059;0.032640;0.043512;0.000749;0.070547;0.059253;;;;;;;;
422.409710;0.017273;-0.001772;0.028152;-0.015446;0.035781;-0.000246;0.005406;0.003969;0.035869;-0.001333;0.037434;0.030326;;;;;;;;
423.374116;0.021357;-0.003677;-0.001585;-0.014175;0.011705;-0.024882;0.006580;-0.021573;0.000850;-0.006424;0.025409;-0.000758;;;;;;;;
424.338522;0.034150;0.028123;0.009089;0.013178;0.015958;0.000689;0.060113;-0.007644;0.007948;0.008897;0.030410;0.012428;;;;;;;;
425.302927;0.002393;0.005473;-0.002215;-0.002240;0.009382;-0.004058;0.053345;-0.014917;0.023603;-0.018102;0.010491;-0.015412;;;;;;;;
426.267333;-0.012731;-0.028292;-0.011240;-0.012296;-0.014433;-0.035838;-0.002024;-0.039692;-0.004774;-0.052207;-0.003878;-0.031157;;;;;;;;
427.231739;0.045401;0.004024;0.023246;0.009143;-0.015256;-0.038804;-0.019719;-0.019924;-0.009586;-0.025809;-0.004649;0.013367;;;;;;;;
428.196145;0.058442;0.036707;0.025684;-0.001272;-0.021375;-0.028073;-0.029634;0.008397;-0.001325;-0.001273;-0.008898;0.026170;;;;;;;;
429.160550;0.011505;0.029324;-0.006968;-0.016653;-0.048406;-0.032037;-0.026797;-0.006477;-0.030786;-0.005574;-0.002424;-0.003469;;;;;;;;
430.124956;0.000623;0.025456;-0.031142;-0.010366;-0.040498;-0.039786;-0.013224;-0.043553;-0.048123;0.007655;-0.004606;-0.013844;;;;;;;;
431.089362;-0.004927;0.018330;-0.025954;-0.003878;0.003815;-0.022936;-0.005742;-0.055855;-0.029959;0.012589;-0.012859;0.002872;;;;;;;;
432.053768;-0.022834;-0.005116;-0.011615;0.006492;0.007555;-0.007309;0.010159;-0.038357;-0.010734;-0.020173;-0.028290;-0.005376;;;;;;;;
433.018173;-0.001419;0.002010;-0.002891;0.024039;0.000569;-0.000087;0.012321;-0.012465;-0.007672;-0.028326;-0.040847;-0.023608;;;;;;;;
433.982579;0.046142;0.030910;0.028744;0.027720;0.006485;0.013169;0.003577;0.007106;0.002803;-0.004676;-0.006093;-0.010254;;;;;;;;
434.946985;0.057497;0.034007;0.051165;0.013165;-0.018501;0.011514;0.006429;0.013069;0.021273;0.005416;0.040502;-0.007351;;;;;;;;
435.911391;0.029847;0.026867;0.033488;-0.005893;-0.032419;-0.001841;0.001131;0.012271;0.003347;0.012541;0.046507;-0.014355;;;;;;;;
436.875796;0.020095;0.036560;0.025156;-0.022074;-0.010361;-0.009517;-0.011764;0.014326;-0.018239;0.017367;0.027301;0.000556;;;;;;;;
437.840202;0.059693;0.066827;0.051787;-0.000403;0.009874;0.004250;0.009135;0.014312;0.008046;0.027393;0.027230;0.021575;;;;;;;;
438.804608;0.074020;0.079090;0.054577;0.033448;0.023403;0.022291;0.024290;0.012112;0.024423;0.043122;0.036049;0.031623;;;;;;;;
439.769013;0.034385;0.052189;0.015797;0.020947;0.018445;0.016288;-0.007976;0.013668;0.003784;0.019360;0.010608;0.014029;;;;;;;;
440.733419;0.014536;0.022660;0.001452;-0.006423;-0.004516;0.020982;-0.017506;0.013212;-0.002350;-0.003121;-0.007424;-0.003594;;;;;;;;
441.697825;0.025261;0.016476;0.021755;-0.012889;-0.007952;0.049209;0.014443;0.017329;0.011361;0.007303;0.006859;0.003839;;;;;;;;
442.662231;0.034492;0.035027;0.034644;0.003660;-0.001680;0.046252;0.018019;0.024273;0.011131;0.005155;0.013780;0.012830;;;;;;;;
443.626636;0.033603;0.049667;0.036264;0.019370;-0.026419;0.005495;-0.000133;0.001486;0.006364;0.000736;0.009504;0.008277;;;;;;;;
444.591042;0.023648;0.032671;0.032412;0.008723;-0.052738;-0.017478;-0.002690;-0.018841;0.000981;0.008776;0.009303;-0.002156;;;;;;;;
445.555448;0.022975;0.016975;0.026825;0.009173;-0.035801;-0.002490;0.002164;-0.005682;-0.000677;0.017867;0.028115;0.012065;;;;;;;;
446.519854;0.019606;0.020638;0.016292;0.012400;-0.010024;0.004409;-0.001385;-0.003463;0.005681;0.017767;0.029871;0.023653;;;;;;;;
447.484259;0.009475;0.019297;0.009596;-0.000407;-0.002858;-0.007616;-0.006875;-0.003442;0.000083;0.000184;-0.004299;0.011449;;;;;;;;
448.448665;0.016702;0.010784;0.026596;0.012698;0.023486;0.005453;0.010499;0.018018;0.011630;0.003896;-0.012181;0.027734;;;;;;;;
449.413071;0.035388;0.025134;0.055080;0.043431;0.053938;0.036821;0.038466;0.033351;0.048685;0.021313;0.015250;0.053865;;;;;;;;
450.377476;0.040983;0.042858;0.055159;0.044055;0.031756;0.034479;0.033073;0.033027;0.051444;0.009418;0.031149;0.042357;;;;;;;;
451.341882;0.019430;0.036053;0.028473;0.014450;-0.006726;0.006716;0.003342;0.010795;0.013359;-0.006378;0.014373;0.008257;;;;;;;;
452.306288;0.005571;0.041739;0.028636;-0.004497;-0.013580;0.003648;-0.008761;-0.019849;-0.011692;0.010060;0.013038;0.002669;;;;;;;;
453.270694;0.019553;0.051648;0.038967;0.000434;-0.021680;0.002272;-0.009094;-0.016822;-0.014184;0.033840;0.038972;0.039887;;;;;;;;
454.235099;0.017224;0.038089;0.032563;0.001680;-0.029996;-0.008854;-0.003048;0.006168;-0.011968;0.025880;0.038995;0.051260;;;;;;;;
455.199505;0.012829;0.037954;0.041247;-0.002447;-0.010291;0.002380;0.021044;0.012818;0.003528;0.011629;0.038891;0.028984;;;;;;;;
456.163911;0.020709;0.045764;0.037940;0.003390;-0.001294;0.011049;0.026389;-0.003577;0.009217;0.012767;0.046293;0.025204;;;;;;;;
457.128317;0.003759;0.036096;0.010948;0.007207;-0.014628;-0.000004;0.003079;-0.023588;-0.015012;0.002469;0.023911;0.024432;;;;;;;;
458.092722;-0.009779;0.019591;-0.006056;-0.008273;-0.011341;-0.022591;-0.009009;-0.019404;-0.036944;-0.011889;0.002826;0.007134;;;;;;;;
459.057128;0.010438;0.018765;-0.009330;-0.018687;-0.008122;-0.032875;-0.003100;-0.004567;-0.024772;-0.004586;0.007065;0.003655;;;;;;;;
460.021534;0.025587;0.031464;0.000673;-0.003627;-0.011267;-0.013046;0.009333;-0.001071;0.012976;0.014449;0.014997;0.019603;;;;;;;;
460.985940;0.029269;0.037135;0.022622;0.011514;0.000494;-0.002787;0.020469;-0.000517;0.039618;0.035878;0.037459;0.039056;;;;;;;;
461.950345;0.026729;0.042194;0.047079;0.004162;0.009436;-0.012437;0.018459;0.002655;0.035656;0.046219;0.058430;0.049471;;;;;;;;
462.914751;0.038668;0.068187;0.072234;0.021766;0.025192;0.012901;0.026690;0.024185;0.035717;0.047960;0.053612;0.051690;;;;;;;;
463.879157;0.062017;0.080075;0.074092;0.057953;0.046722;0.050240;0.044164;0.064358;0.042723;0.052314;0.049494;0.046080;;;;;;;;
464.843562;0.060050;0.061581;0.057201;0.053474;0.044113;0.056753;0.050906;0.089068;0.039892;0.064427;0.056195;0.033231;;;;;;;;
465.807968;0.047368;0.044014;0.046141;0.036223;0.026882;0.048722;0.047674;0.068671;0.031770;0.058347;0.052931;0.021947;;;;;;;;
466.772374;0.036091;0.029160;0.031752;0.023598;0.001491;0.030336;0.023813;0.024971;0.027099;0.023520;0.025648;0.015921;;;;;;;;
467.736780;0.015433;0.007888;0.015177;-0.006467;-0.026244;0.003861;-0.006594;0.009250;0.012052;0.009375;-0.002012;0.019964;;;;;;;;
468.701185;0.006283;0.000530;0.025391;-0.020937;-0.033303;-0.002828;-0.008751;0.023720;-0.007809;0.017746;0.003315;0.028891;;;;;;;;
469.665591;0.016194;0.018790;0.057222;-0.005208;-0.008088;0.013466;0.005010;0.029872;0.004576;0.022550;0.029374;0.033854;;;;;;;;
470.629997;0.034794;0.046913;0.077454;0.020191;0.030157;0.032569;0.015425;0.034509;0.038370;0.032121;0.052265;0.050900;;;;;;;;
471.594403;0.056380;0.063198;0.073311;0.042035;0.043813;0.041128;0.027979;0.043335;0.050810;0.034377;0.062253;0.061645;;;;;;;;
472.558808;0.055613;0.049962;0.048598;0.038401;0.037722;0.035041;0.045296;0.041324;0.037875;0.029789;0.049773;0.035302;;;;;;;;
473.523214;0.030292;0.030433;0.031208;0.017975;0.025043;0.024025;0.050912;0.035733;0.025261;0.023579;0.029326;0.007012;;;;;;;;
474.487620;0.025898;0.035327;0.036178;0.015011;0.007478;0.014527;0.038400;0.020104;0.024426;0.010623;0.015496;0.006964;;;;;;;;
475.452025;0.027302;0.032459;0.033125;0.011226;-0.006664;-0.001673;0.022462;-0.007665;0.035129;-0.002354;-0.002812;0.009722;;;;;;;;
476.416431;0.004696;0.013006;0.015198;-0.018567;-0.025647;-0.023737;-0.001269;-0.019412;0.033705;-0.016564;-0.020395;-0.007368;;;;;;;;
477.380837;0.000585;0.021318;0.011685;-0.031272;-0.037172;-0.031253;-0.020494;-0.018318;0.016286;-0.008763;-0.010778;-0.010447;;;;;;;;
478.345243;0.020747;0.041203;0.023309;-0.005257;-0.026912;-0.010803;-0.001583;-0.014493;0.016376;0.024506;0.015091;0.017559;;;;;;;;
479.309648;0.030904;0.037302;0.032851;0.014568;-0.011452;0.011314;0.020284;-0.002644;0.010651;0.033794;0.017457;0.037024;;;;;;;;
480.274054;0.031378;0.030240;0.025689;0.017368;0.011964;0.020748;0.009561;-0.000585;-0.000050;0.028753;0.002750;0.032703;;;;;;;;
481.238460;0.026575;0.031186;0.004009;0.012736;0.029102;0.026119;-0.005643;-0.004090;-0.000780;0.021266;-0.008544;0.009515;;;;;;;;
482.202866;0.021949;0.027470;-0.001076;0.000778;0.022758;0.013496;-0.012552;0.013421;-0.007015;0.004203;-0.008457;-0.004536;;;;;;;;
483.167271;0.028694;0.029482;0.026723;-0.001709;0.022108;-0.002655;-0.008714;0.037865;0.008483;0.011584;0.010505;0.025682;;;;;;;;
484.131677;0.030681;0.030366;0.040724;-0.010085;0.013375;-0.005922;-0.004714;0.040038;0.021555;0.026058;0.012529;0.052364;;;;;;;;
485.096083;0.016540;0.012995;0.016298;-0.033673;-0.021076;-0.015104;-0.022229;0.022226;-0.002366;0.017325;-0.013694;0.031185;;;;;;;;
486.060489;0.028509;0.020041;0.017308;-0.019722;-0.026180;-0.008085;-0.023406;0.007330;0.002281;0.022812;-0.001314;0.028413;;;;;;;;
487.024894;0.043721;0.050539;0.038145;0.025887;-0.006739;0.013944;0.001959;0.014874;0.031828;0.039497;0.042438;0.052135;;;;;;;;
487.989300;0.023140;0.058414;0.032843;0.039372;0.005963;0.017918;0.016570;0.028112;0.042319;0.038348;0.057804;0.044595;;;;;;;;
488.953706;0.018975;0.052600;0.022129;0.032527;0.030762;0.020974;0.031447;0.030331;0.048113;0.033843;0.053777;0.023355;;;;;;;;
489.918111;0.032833;0.045933;0.013950;0.039740;0.043133;0.024867;0.046590;0.033540;0.052525;0.036559;0.045300;0.019981;;;;;;;;
490.882517;0.027070;0.041395;0.014497;0.037805;0.029072;0.012313;0.042774;0.035676;0.046755;0.034845;0.031943;0.018908;;;;;;;;
491.846923;0.010412;0.043275;0.027289;0.017349;0.011021;-0.000405;0.023585;0.021218;0.026670;0.028982;0.020149;0.010614;;;;;;;;
492.811329;0.006800;0.047571;0.032765;0.007699;-0.004115;-0.001380;0.003827;0.007651;0.012979;0.022597;0.014749;0.019282;;;;;;;;
493.775734;0.028157;0.054542;0.045512;0.017362;-0.001605;-0.000644;0.009622;0.014601;0.027508;0.025322;0.021550;0.046363;;;;;;;;
494.740140;0.050289;0.064365;0.065632;0.030626;0.012291;0.011460;0.027045;0.034576;0.047611;0.051570;0.038302;0.054606;;;;;;;;
495.704546;0.046772;0.065512;0.059803;0.027838;0.026852;0.031595;0.022507;0.049511;0.049777;0.058623;0.052998;0.051045;;;;;;;;
496.668952;0.031714;0.052816;0.041296;0.016830;0.038375;0.029572;0.015686;0.047984;0.037516;0.038484;0.049759;0.057448;;;;;;;;
497.633357;0.028960;0.042348;0.039923;0.014434;0.029796;0.017888;0.017821;0.040259;0.026890;0.033564;0.030811;0.058776;;;;;;;;
498.597763;0.026850;0.029235;0.034400;0.008490;0.011621;0.015007;0.013354;0.026377;0.018617;0.018313;0.017105;0.047203;;;;;;;;
499.562169;0.015565;0.013906;0.020649;-0.002548;0.001125;0.009247;0.011669;0.010037;0.007501;-0.000417;0.014648;0.034206;;;;;;;;
500.526574;0.019024;0.019408;0.031506;-0.004238;-0.002946;0.005901;0.013143;0.012408;0.007058;0.008040;0.023087;0.028182;;;;;;;;
501.490980;0.033052;0.031051;0.045778;0.002989;-0.005444;0.006599;0.011266;0.022371;0.009549;0.013521;0.037380;0.030910;;;;;;;;
502.455386;0.043112;0.042910;0.051473;0.012949;0.001395;0.013452;0.016905;0.032341;0.016525;0.021020;0.046981;0.049359;;;;;;;;
503.419792;0.046663;0.051287;0.053281;0.010717;0.011527;0.027214;0.017249;0.032918;0.028456;0.035299;0.045676;0.061755;;;;;;;;
504.384197;0.048916;0.040339;0.038761;0.001942;0.017820;0.029395;0.017384;0.020634;0.024979;0.039900;0.042567;0.046822;;;;;;;;
505.348603;0.052027;0.035629;0.036369;0.010995;0.037663;0.024908;0.023421;0.022519;0.030586;0.039994;0.038245;0.039076;;;;;;;;
506.313009;0.038341;0.040681;0.036771;0.023230;0.043139;0.018791;0.012558;0.021500;0.036543;0.022124;0.014012;0.036434;;;;;;;;
507.277415;0.026086;0.037056;0.022384;0.018220;0.013670;0.006923;0.004801;0.014164;0.022671;0.003062;0.002347;0.020503;;;;;;;;
508.241820;0.035138;0.034970;0.028688;0.011668;-0.006965;0.002325;0.012888;0.024838;0.025076;0.009674;0.030487;0.024372;;;;;;;;
509.206226;0.040163;0.038387;0.040252;-0.000296;-0.019354;-0.002768;0.006899;0.026248;0.024584;0.011116;0.040632;0.040908;;;;;;;;
510.170632;0.038089;0.040641;0.039659;-0.013694;-0.028131;-0.005961;-0.011418;0.020393;0.012021;0.009504;0.033585;0.046938;;;;;;;;
511.135038;0.032200;0.046113;0.042260;-0.006688;-0.015490;0.003748;-0.018019;0.021871;0.016488;0.030585;0.041982;0.047339;;;;;;;;
512.099443;0.021992;0.059963;0.039825;0.009959;0.005047;0.003906;0.000162;0.024910;0.021815;0.043626;0.045861;0.042966;;;;;;;;
513.063849;0.030106;0.066923;0.045153;0.032615;0.032700;0.008943;0.025543;0.041248;0.034812;0.044545;0.054316;0.046625;;;;;;;;
514.028255;0.049273;0.053821;0.054513;0.046628;0.053122;0.030161;0.036650;0.055148;0.054537;0.057004;0.054785;0.057945;;;;;;;;
514.992660;0.044919;0.037042;0.043112;0.036007;0.038480;0.035778;0.040802;0.054829;0.049520;0.066298;0.038370;0.057985;;;;;;;;
515.957066;0.026430;0.032206;0.026177;0.024013;0.016521;0.029699;0.034872;0.045809;0.033314;0.065238;0.037687;0.044047;;;;;;;;
516.921472;0.022933;0.036957;0.019927;0.017486;0.009472;0.024166;0.019278;0.027471;0.033750;0.058172;0.039846;0.036595;;;;;;;;
517.885878;0.033528;0.039309;0.027271;0.008811;0.005267;0.008603;0.010449;0.020484;0.041586;0.051023;0.034192;0.045443;;;;;;;;
518.850283;0.042288;0.039520;0.035906;0.002755;0.004083;-0.006609;0.008598;0.023692;0.040373;0.048798;0.038443;0.045340;;;;;;;;
519.814689;0.044625;0.049154;0.035970;0.006817;0.005777;-0.004418;0.010822;0.023315;0.034179;0.046790;0.041161;0.039114;;;;;;;;
520.779095;0.054761;0.060083;0.048665;0.026175;0.017164;0.020930;0.023149;0.037182;0.034831;0.055856;0.050116;0.048086;;;;;;;;
521.743501;0.060103;0.055628;0.052932;0.043220;0.036082;0.046627;0.035802;0.053830;0.047583;0.060634;0.063427;0.052170;;;;;;;;
522.707906;0.044705;0.045104;0.036398;0.048363;0.045667;0.053371;0.038062;0.053415;0.060407;0.047092;0.061071;0.040353;;;;;;;;
523.672312;0.030739;0.036669;0.034286;0.043295;0.043128;0.051925;0.036028;0.053671;0.053153;0.038305;0.049735;0.029181;;;;;;;;
524.636718;0.028851;0.023907;0.038007;0.030502;0.024685;0.037256;0.025498;0.049415;0.030211;0.039568;0.036772;0.023569;;;;;;;;
525.601124;0.030557;0.017705;0.030158;0.018206;0.000001;0.012150;0.010443;0.025532;0.014549;0.043303;0.033691;0.020934;;;;;;;;
526.565529;0.025418;0.032326;0.030950;0.000623;-0.008758;0.002653;0.004175;0.009897;0.010595;0.036352;0.041696;0.026308;;;;;;;;
527.529935;0.026677;0.052321;0.042780;-0.005746;-0.008384;-0.000794;-0.000566;0.011948;0.009538;0.023506;0.042451;0.038332;;;;;;;;
528.494341;0.044344;0.058217;0.050809;0.015538;-0.000426;0.005627;0.008289;0.025294;0.019468;0.031000;0.051287;0.045529;;;;;;;;
529.458746;0.048706;0.054076;0.049703;0.034930;0.020075;0.024935;0.028835;0.046764;0.031027;0.046611;0.062554;0.047051;;;;;;;;
530.423152;0.046495;0.056636;0.048648;0.048823;0.044789;0.037024;0.046178;0.063965;0.041479;0.054411;0.054848;0.057100;;;;;;;;
531.387558;0.046429;0.059678;0.046320;0.061512;0.060012;0.049949;0.063326;0.075669;0.056897;0.061387;0.044793;0.064141;;;;;;;;
532.351964;0.031532;0.049591;0.034608;0.046111;0.052885;0.055742;0.056391;0.069781;0.053729;0.058691;0.040151;0.052968;;;;;;;;
533.316369;0.020179;0.035675;0.028184;0.017385;0.028568;0.038413;0.033556;0.042362;0.037711;0.038804;0.035210;0.045789;;;;;;;;
534.280775;0.016745;0.032505;0.034735;0.004040;0.002893;0.017744;0.032657;0.020517;0.025308;0.023371;0.032287;0.044083;;;;;;;;
535.245181;0.014042;0.039132;0.041811;0.003999;-0.015343;0.009315;0.028947;0.012405;0.016109;0.033446;0.034909;0.038754;;;;;;;;
536.209587;0.026651;0.052251;0.055894;0.020908;-0.006051;0.017848;0.026112;0.022561;0.030926;0.053281;0.044579;0.052769;;;;;;;;
537.173992;0.036786;0.064702;0.065197;0.040416;0.026216;0.029232;0.044564;0.041422;0.053096;0.053921;0.049559;0.069800;;;;;;;;
538.138398;0.034787;0.062398;0.056882;0.044254;0.045942;0.034483;0.048959;0.046663;0.057023;0.050520;0.044695;0.067931;;;;;;;;
539.102804;0.033143;0.052342;0.056495;0.038126;0.055915;0.043547;0.041723;0.044653;0.054324;0.056246;0.039956;0.057953;;;;;;;;
540.067209;0.024166;0.046408;0.050378;0.022132;0.059497;0.047325;0.042415;0.040804;0.049102;0.046037;0.039123;0.039817;;;;;;;;
541.031615;0.007938;0.034723;0.023899;0.005366;0.032552;0.033702;0.032042;0.035257;0.037091;0.024287;0.037337;0.017771;;;;;;;;
541.996021;0.009054;0.024251;0.016515;0.000530;0.000705;0.021392;0.010815;0.030988;0.027421;0.020134;0.031328;0.007591;;;;;;;;
542.960427;0.024190;0.025569;0.020799;-0.001665;-0.007993;0.019805;-0.005935;0.022852;0.027246;0.022228;0.028750;0.016687;;;;;;;;
543.924832;0.026440;0.027513;0.021833;0.001645;-0.004700;0.003613;-0.009110;0.014430;0.027220;0.015491;0.034891;0.032979;;;;;;;;
544.889238;0.032712;0.035010;0.041866;0.017668;0.012997;-0.004174;0.006153;0.018794;0.036352;0.023250;0.040403;0.040411;;;;;;;;
545.853644;0.053612;0.051018;0.059700;0.039234;0.041198;0.028781;0.028416;0.043156;0.059195;0.053053;0.047957;0.053145;;;;;;;;
546.818050;0.058923;0.060810;0.060133;0.061107;0.059586;0.066190;0.053795;0.064335;0.072612;0.070514;0.062476;0.071514;;;;;;;;
547.782455;0.044195;0.061173;0.045953;0.068749;0.060741;0.076698;0.073368;0.064497;0.075819;0.064456;0.066178;0.068964;;;;;;;;
548.746861;0.032161;0.057286;0.025112;0.055617;0.050768;0.060503;0.070721;0.056911;0.068503;0.058447;0.055323;0.048984;;;;;;;;
549.711267;0.027308;0.044546;0.022249;0.033020;0.035937;0.031381;0.049376;0.040781;0.043680;0.051697;0.043780;0.029945;;;;;;;;
550.675673;0.020927;0.026216;0.025439;0.010580;0.011423;0.013752;0.019723;0.018460;0.024427;0.035275;0.030169;0.023082;;;;;;;;
551.640078;0.025760;0.028509;0.027330;0.005570;-0.005226;0.013579;0.004738;0.009745;0.020985;0.026625;0.027353;0.038262;;;;;;;;
552.604484;0.033004;0.046487;0.041366;0.018548;0.007296;0.011174;0.012387;0.014416;0.021590;0.031252;0.044034;0.053152;;;;;;;;
553.568890;0.027440;0.053054;0.051698;0.033069;0.028149;0.003527;0.027959;0.025748;0.040237;0.041717;0.057244;0.057495;;;;;;;;
554.533295;0.035416;0.051445;0.054276;0.043963;0.044362;0.020894;0.046236;0.038544;0.068013;0.048694;0.060510;0.066038;;;;;;;;
555.497701;0.047195;0.052685;0.046282;0.046155;0.060347;0.056167;0.051207;0.049028;0.069104;0.051460;0.059393;0.066607;;;;;;;;
556.462107;0.041320;0.060390;0.039546;0.048178;0.068481;0.071852;0.045122;0.058266;0.061980;0.061627;0.057156;0.057497;;;;;;;;
557.426513;0.035968;0.062544;0.048396;0.050978;0.061061;0.071583;0.049967;0.060143;0.064996;0.058662;0.057325;0.047323;;;;;;;;
558.390918;0.036318;0.056561;0.044671;0.035178;0.035762;0.059531;0.059526;0.050457;0.058475;0.038405;0.056899;0.038118;;;;;;;;
559.355324;0.040364;0.060935;0.032503;0.016895;0.011823;0.037118;0.051676;0.037816;0.046363;0.039105;0.057087;0.038622;;;;;;;;
560.319730;0.044108;0.061861;0.037914;0.017543;0.005766;0.029231;0.027308;0.032838;0.042155;0.051635;0.059070;0.040037;;;;;;;;
561.284136;0.042106;0.052085;0.048308;0.024174;0.012114;0.029691;0.013628;0.037992;0.040394;0.052372;0.061606;0.044394;;;;;;;;
562.248541;0.047136;0.055747;0.054980;0.034058;0.038057;0.036456;0.023127;0.054917;0.043742;0.050219;0.066097;0.058458;;;;;;;;
563.212947;0.047463;0.067790;0.060237;0.048282;0.068039;0.054372;0.044114;0.071855;0.057850;0.050612;0.069907;0.066087;;;;;;;;
564.177353;0.036505;0.070098;0.061593;0.054519;0.074001;0.062693;0.059294;0.076644;0.072801;0.054446;0.068043;0.071820;;;;;;;;
565.141758;0.032052;0.061667;0.052093;0.053529;0.063808;0.059988;0.052998;0.076592;0.074017;0.054708;0.058727;0.069822;;;;;;;;
566.106164;0.030357;0.051757;0.040769;0.048447;0.045130;0.051483;0.032997;0.066066;0.064798;0.050787;0.049406;0.055740;;;;;;;;
567.070570;0.029494;0.046434;0.038374;0.031370;0.023421;0.033269;0.019865;0.047481;0.057798;0.048439;0.047909;0.050991;;;;;;;;
568.034976;0.035086;0.040702;0.039300;0.012113;0.010574;0.019377;0.015358;0.037960;0.047571;0.041141;0.045764;0.039954;;;;;;;;
568.999381;0.035650;0.032602;0.046152;0.004855;0.006381;0.013594;0.012438;0.022373;0.026939;0.028116;0.035962;0.027669;;;;;;;;
569.963787;0.040367;0.043123;0.057690;0.018463;0.021920;0.015483;0.029262;0.017956;0.025985;0.027142;0.039391;0.054259;;;;;;;;
570.928193;0.052476;0.068428;0.067109;0.045309;0.057737;0.035042;0.064472;0.043979;0.050397;0.045769;0.056419;0.082301;;;;;;;;
571.892599;0.055997;0.072223;0.072812;0.062424;0.083313;0.063799;0.080639;0.062978;0.061916;0.064150;0.063991;0.077104;;;;;;;;
572.857004;0.058816;0.065093;0.076787;0.075430;0.090028;0.081765;0.080467;0.072108;0.063467;0.072491;0.068251;0.072986;;;;;;;;
573.821410;0.054324;0.061380;0.070003;0.074463;0.090165;0.078215;0.074641;0.077516;0.066557;0.073920;0.066584;0.071882;;;;;;;;
574.785816;0.030035;0.046495;0.040740;0.042100;0.072239;0.056698;0.051802;0.059054;0.056725;0.062176;0.048847;0.055617;;;;;;;;
575.750222;0.017695;0.036529;0.021741;0.012681;0.031401;0.025624;0.019837;0.036444;0.040873;0.042480;0.035738;0.041228;;;;;;;;
576.714627;0.026337;0.038256;0.026711;0.002109;0.000583;0.000759;-0.007260;0.024145;0.023900;0.033327;0.033731;0.037429;;;;;;;;
577.679033;0.030334;0.041266;0.033513;0.002524;-0.000187;0.001411;-0.010108;0.017083;0.017829;0.037480;0.038269;0.042429;;;;;;;;
578.643439;0.040144;0.049865;0.052124;0.022613;0.022520;0.021879;0.013626;0.029103;0.039300;0.046815;0.057175;0.057663;;;;;;;;
579.607844;0.050608;0.054247;0.068875;0.045140;0.053700;0.038845;0.041048;0.046454;0.055508;0.053098;0.077817;0.065562;;;;;;;;
580.572250;0.053236;0.058848;0.071240;0.055070;0.078686;0.061919;0.068538;0.062402;0.064034;0.061378;0.085874;0.065849;;;;;;;;
581.536656;0.053669;0.059440;0.062709;0.056561;0.085362;0.084389;0.077963;0.076221;0.080843;0.072636;0.076483;0.061325;;;;;;;;
582.501062;0.044528;0.049905;0.045304;0.050657;0.072930;0.079544;0.062628;0.066817;0.080010;0.070433;0.062423;0.052373;;;;;;;;
583.465467;0.042239;0.047307;0.040686;0.036349;0.050398;0.065531;0.053449;0.050159;0.072486;0.060954;0.060600;0.055511;;;;;;;;
584.429873;0.051303;0.048713;0.042722;0.020038;0.030806;0.050735;0.050472;0.048822;0.073879;0.060941;0.058905;0.057462;;;;;;;;
585.394279;0.043606;0.044711;0.039290;0.008036;0.015098;0.029311;0.033303;0.037930;0.053000;0.054858;0.048751;0.045207;;;;;;;;
586.358685;0.036699;0.041983;0.043272;0.004268;0.008142;0.021163;0.017831;0.023740;0.033160;0.043690;0.043141;0.048713;;;;;;;;
587.323090;0.047651;0.048770;0.044477;0.016128;0.028428;0.032523;0.024973;0.034335;0.041806;0.046773;0.045533;0.061662;;;;;;;;
588.287496;0.051718;0.062325;0.043294;0.037811;0.063334;0.054925;0.042849;0.050885;0.057230;0.057025;0.054823;0.059653;;;;;;;;
589.251902;0.042402;0.061463;0.046421;0.054671;0.078876;0.073322;0.055267;0.057748;0.067475;0.063477;0.062059;0.053559;;;;;;;;
590.216307;0.039079;0.044847;0.047926;0.061653;0.074634;0.078569;0.063044;0.065445;0.067298;0.065769;0.061103;0.054042;;;;;;;;
591.180713;0.040671;0.038922;0.044491;0.057204;0.065983;0.068111;0.061047;0.070002;0.060841;0.064330;0.062626;0.056003;;;;;;;;
592.145119;0.032028;0.045326;0.039699;0.042176;0.049824;0.044859;0.042262;0.058143;0.059801;0.061329;0.065046;0.047313;;;;;;;;
593.109525;0.024265;0.036952;0.039603;0.025153;0.024997;0.025637;0.020278;0.036786;0.055840;0.054292;0.056411;0.037152;;;;;;;;
594.073930;0.024629;0.027328;0.036170;0.015064;0.011906;0.010601;0.013168;0.020730;0.044090;0.040201;0.044639;0.045092;;;;;;;;
595.038336;0.029411;0.042120;0.043669;0.020641;0.024743;0.009720;0.022400;0.027151;0.043455;0.041208;0.042645;0.062224;;;;;;;;
596.002742;0.041862;0.056639;0.065582;0.039961;0.046931;0.029641;0.034717;0.053475;0.055854;0.054921;0.046207;0.073698;;;;;;;;
596.967148;0.052287;0.055412;0.067589;0.060063;0.072362;0.051541;0.050615;0.070373;0.066195;0.061202;0.051457;0.078816;;;;;;;;
597.931553;0.053920;0.053834;0.060811;0.072617;0.098767;0.071439;0.067853;0.080160;0.075816;0.072058;0.063744;0.080374;;;;;;;;
598.895959;0.055350;0.060295;0.060901;0.072091;0.100654;0.081108;0.071128;0.092736;0.083995;0.079650;0.076805;0.079504;;;;;;;;
599.860365;0.056723;0.060665;0.056374;0.055165;0.074936;0.070936;0.068419;0.089140;0.083860;0.073845;0.077082;0.075079;;;;;;;;
600.824771;0.045594;0.049894;0.047123;0.031361;0.043494;0.047146;0.059208;0.066830;0.068546;0.062228;0.065496;0.065202;;;;;;;;
601.789176;0.028210;0.044085;0.031944;0.018591;0.020330;0.017414;0.026284;0.036791;0.035802;0.040435;0.052468;0.048287;;;;;;;;
602.753582;0.029200;0.043034;0.028039;0.022623;0.013441;0.002988;0.003662;0.017444;0.017643;0.034476;0.047266;0.040918;;;;;;;;
603.717988;0.045509;0.048208;0.040149;0.031817;0.028879;0.017584;0.016148;0.027540;0.028214;0.049739;0.052934;0.048953;;;;;;;;
604.682393;0.052475;0.054001;0.045803;0.041939;0.056909;0.048941;0.033616;0.049811;0.043071;0.053113;0.060116;0.055395;;;;;;;;
605.646799;0.051050;0.055394;0.055521;0.058542;0.083131;0.081797;0.054793;0.068842;0.061277;0.059336;0.071354;0.059990;;;;;;;;
606.611205;0.049965;0.064239;0.066972;0.070969;0.102152;0.100722;0.081985;0.086694;0.080666;0.074321;0.085006;0.066547;;;;;;;;
607.575611;0.042788;0.070015;0.063114;0.067980;0.100377;0.104202;0.083584;0.095278;0.085028;0.072888;0.080175;0.071319;;;;;;;;
608.540016;0.032133;0.067984;0.050350;0.056977;0.073830;0.090118;0.062769;0.080104;0.076099;0.061514;0.065997;0.068801;;;;;;;;
609.504422;0.022345;0.058269;0.037658;0.039340;0.040992;0.053368;0.045199;0.047234;0.061081;0.054199;0.058144;0.060615;;;;;;;;
610.468828;0.013822;0.034776;0.031972;0.015630;0.011859;0.023679;0.026360;0.023985;0.042001;0.042195;0.043611;0.048046;;;;;;;;
611.433234;0.022779;0.032322;0.036432;0.011603;0.008895;0.028379;0.017152;0.033512;0.037340;0.042548;0.040167;0.039388;;;;;;;;
612.397639;0.041732;0.051740;0.045512;0.028509;0.036930;0.046636;0.033122;0.057084;0.046796;0.058547;0.053075;0.051396;;;;;;;;
613.362045;0.050040;0.058614;0.056023;0.046406;0.066541;0.061670;0.059145;0.064484;0.049009;0.058575;0.057028;0.065585;;;;;;;;
614.326451;0.053258;0.064942;0.064431;0.067400;0.092886;0.080296;0.090355;0.072839;0.060442;0.060499;0.059766;0.072288;;;;;;;;
615.290857;0.053455;0.067410;0.062124;0.078836;0.108372;0.087407;0.107767;0.084619;0.078306;0.076531;0.060878;0.077128;;;;;;;;
616.255262;0.047220;0.053832;0.050052;0.069464;0.097436;0.077338;0.084200;0.083708;0.073233;0.076185;0.058827;0.071018;;;;;;;;
617.219668;0.040518;0.046917;0.041872;0.055103;0.073129;0.063657;0.052925;0.072848;0.061065;0.063668;0.066576;0.061771;;;;;;;;
618.184074;0.032552;0.038459;0.034246;0.038076;0.048587;0.041569;0.039678;0.050461;0.050769;0.055284;0.067188;0.049718;;;;;;;;
619.148479;0.020641;0.018227;0.021198;0.014505;0.025190;0.015120;0.019925;0.026437;0.029875;0.038963;0.050827;0.028397;;;;;;;;
620.112885;0.021283;0.030612;0.024478;0.011323;0.027810;0.009893;0.009131;0.023732;0.027761;0.034836;0.041911;0.024130;;;;;;;;
621.077291;0.037172;0.062523;0.042762;0.039637;0.058840;0.032076;0.029572;0.043693;0.049069;0.053996;0.050689;0.045738;;;;;;;;
622.041697;0.055243;0.069064;0.059043;0.067516;0.088890;0.065106;0.062099;0.070702;0.072712;0.067727;0.064163;0.068745;;;;;;;;
623.006102;0.061604;0.068952;0.070656;0.076583;0.110112;0.088520;0.086541;0.085726;0.095304;0.072118;0.068872;0.076262;;;;;;;;
623.970508;0.047114;0.070776;0.067547;0.076850;0.112173;0.091684;0.092519;0.085334;0.096301;0.072255;0.068152;0.071518;;;;;;;;
624.934914;0.032723;0.061297;0.054654;0.066799;0.090500;0.074892;0.081125;0.078389;0.075049;0.065021;0.063253;0.062028;;;;;;;;
625.899320;0.029077;0.049105;0.046570;0.043173;0.061278;0.051798;0.059806;0.062897;0.057762;0.056569;0.052490;0.055963;;;;;;;;
626.863725;0.020477;0.047774;0.038193;0.028112;0.034777;0.041004;0.038682;0.044524;0.045754;0.050855;0.050790;0.058925;;;;;;;;
627.828131;0.014687;0.052416;0.035558;0.027111;0.026125;0.037763;0.025799;0.036641;0.039984;0.048419;0.054062;0.058685;;;;;;;;
628.792537;0.020722;0.052221;0.042399;0.025495;0.039342;0.035011;0.023313;0.038282;0.044681;0.052138;0.047733;0.054163;;;;;;;;
629.756942;0.030536;0.050833;0.047120;0.033080;0.065872;0.043087;0.032100;0.050880;0.056049;0.060358;0.047881;0.059946;;;;;;;;
630.721348;0.043241;0.060537;0.057983;0.058293;0.103807;0.070065;0.054660;0.073041;0.076035;0.073346;0.069571;0.076710;;;;;;;;
631.685754;0.052864;0.072710;0.070230;0.080748;0.128860;0.097422;0.080525;0.091530;0.094257;0.082952;0.091707;0.088520;;;;;;;;
632.650160;0.053517;0.074422;0.074282;0.085009;0.122058;0.104188;0.093452;0.101503;0.104918;0.081871;0.092996;0.085533;;;;;;;;
633.614565;0.051568;0.072340;0.071933;0.072331;0.099816;0.096421;0.094701;0.100400;0.105790;0.075720;0.088671;0.076902;;;;;;;;
634.578971;0.048200;0.066662;0.056186;0.049234;0.076991;0.072139;0.081604;0.082424;0.083992;0.066669;0.080763;0.068072;;;;;;;;
635.543377;0.042727;0.052521;0.042544;0.031039;0.052385;0.040777;0.053143;0.053675;0.052751;0.057997;0.063242;0.063206;;;;;;;;
636.507783;0.037499;0.044102;0.042615;0.029515;0.035294;0.037375;0.032300;0.037878;0.039020;0.052436;0.058227;0.064488;;;;;;;;
637.472188;0.028921;0.047196;0.041320;0.042514;0.042161;0.051957;0.028158;0.041480;0.044002;0.051914;0.058698;0.062613;;;;;;;;
638.436594;0.033898;0.056869;0.050976;0.065056;0.071997;0.066515;0.043572;0.053595;0.059965;0.064673;0.060242;0.068672;;;;;;;;
639.401000;0.054443;0.067144;0.064225;0.081374;0.106136;0.086957;0.072069;0.073573;0.075292;0.078906;0.072110;0.079604;;;;;;;;
640.365406;0.059511;0.069908;0.062410;0.089921;0.124189;0.105436;0.094716;0.093897;0.084811;0.086052;0.079397;0.079640;;;;;;;;
641.329811;0.047445;0.065740;0.057637;0.095968;0.118464;0.107043;0.105719;0.102899;0.090593;0.087589;0.077502;0.079007;;;;;;;;
642.294217;0.039144;0.059468;0.053661;0.086613;0.101221;0.089751;0.100063;0.100613;0.086171;0.080002;0.072900;0.079964;;;;;;;;
643.258623;0.035062;0.051258;0.044618;0.060555;0.077967;0.064123;0.071120;0.081507;0.066563;0.069209;0.062124;0.073019;;;;;;;;
644.223028;0.028508;0.042565;0.033712;0.033881;0.050190;0.041188;0.037021;0.048419;0.037933;0.056104;0.046816;0.061607;;;;;;;;
645.187434;0.026314;0.042137;0.031413;0.024783;0.045691;0.034506;0.027030;0.032749;0.022017;0.043327;0.042715;0.052329;;;;;;;;
646.151840;0.033570;0.046207;0.042208;0.037072;0.069548;0.049671;0.035799;0.044870;0.036171;0.043050;0.048474;0.052478;;;;;;;;
647.116246;0.041101;0.047574;0.056482;0.055006;0.093806;0.072507;0.051021;0.065744;0.064806;0.054312;0.057819;0.063329;;;;;;;;
648.080651;0.046209;0.055259;0.067056;0.072946;0.117289;0.094853;0.077721;0.087431;0.088480;0.072123;0.076160;0.075838;;;;;;;;
649.045057;0.049682;0.063552;0.067866;0.086508;0.134386;0.111823;0.095288;0.098493;0.098152;0.086582;0.088728;0.080867;;;;;;;;
650.009463;0.046847;0.063827;0.062419;0.088356;0.127288;0.112751;0.092625;0.096842;0.094380;0.091380;0.087210;0.079222;;;;;;;;
650.973869;0.041862;0.059642;0.056425;0.077761;0.105980;0.098129;0.084333;0.091672;0.087472;0.083147;0.076396;0.073830;;;;;;;;
651.938274;0.033929;0.047859;0.041103;0.055967;0.079744;0.073761;0.062450;0.073172;0.071348;0.060251;0.059940;0.060569;;;;;;;;
652.902680;0.020334;0.038500;0.025915;0.034441;0.055660;0.046386;0.032571;0.051357;0.048158;0.044182;0.052719;0.049603;;;;;;;;
653.867086;0.020665;0.039696;0.026343;0.027958;0.055874;0.039127;0.023644;0.045849;0.040213;0.046460;0.049337;0.053791;;;;;;;;
654.831491;0.029546;0.043082;0.034352;0.036774;0.074984;0.054708;0.032817;0.049236;0.044623;0.050823;0.042845;0.063779;;;;;;;;
655.795897;0.036337;0.057398;0.051576;0.059084;0.100828;0.077920;0.057442;0.067025;0.065469;0.060335;0.055363;0.075651;;;;;;;;
656.760303;0.054047;0.073989;0.070248;0.090423;0.132634;0.104619;0.091832;0.095148;0.098918;0.076834;0.082850;0.084593;;;;;;;;
657.724709;0.069411;0.080888;0.076043;0.112028;0.151291;0.122845;0.111353;0.113529;0.116216;0.089597;0.098578;0.087143;;;;;;;;
658.689114;0.067273;0.081167;0.070728;0.102115;0.137960;0.120707;0.109768;0.113560;0.112277;0.094053;0.096018;0.085999;;;;;;;;
659.653520;0.056817;0.068865;0.059594;0.073973;0.109436;0.102020;0.093148;0.097447;0.097860;0.083813;0.084735;0.082525;;;;;;;;
660.617926;0.041882;0.052942;0.050582;0.056001;0.086802;0.074458;0.068408;0.072201;0.079168;0.064275;0.070914;0.082716;;;;;;;;
661.582332;0.027346;0.045226;0.041839;0.043492;0.066962;0.048570;0.045883;0.046121;0.060242;0.050753;0.058724;0.079509;;;;;;;;
662.546737;0.028125;0.044612;0.038542;0.038943;0.064005;0.042612;0.032983;0.040990;0.051270;0.048651;0.052781;0.073348;;;;;;;;
663.511143;0.041775;0.054859;0.050753;0.057768;0.087783;0.065120;0.040860;0.059086;0.055948;0.058582;0.055225;0.077745;;;;;;;;
664.475549;0.052756;0.063583;0.058555;0.085912;0.116563;0.096679;0.068769;0.076596;0.063896;0.071568;0.063831;0.083550;;;;;;;;
665.439955;0.057260;0.065333;0.059142;0.106897;0.142097;0.118636;0.098201;0.090562;0.078001;0.081808;0.076857;0.089560;;;;;;;;
666.404360;0.061911;0.071555;0.066482;0.115448;0.155608;0.129217;0.111900;0.103056;0.091966;0.091022;0.091399;0.098414;;;;;;;;
667.368766;0.067739;0.077977;0.073222;0.110044;0.142332;0.124898;0.107419;0.109340;0.093914;0.096296;0.097968;0.100513;;;;;;;;
668.333172;0.056110;0.070736;0.062996;0.088861;0.111304;0.101142;0.090723;0.099518;0.087670;0.089857;0.089699;0.087734;;;;;;;;
669.297577;0.029967;0.056151;0.046741;0.065611;0.087935;0.075374;0.071203;0.077982;0.074938;0.074156;0.070831;0.069130;;;;;;;;
670.261983;0.019697;0.049714;0.049427;0.058784;0.079151;0.065082;0.053190;0.060901;0.058366;0.060893;0.055091;0.062089;;;;;;;;
671.226389;0.025142;0.052630;0.055877;0.062613;0.087462;0.064300;0.045458;0.051654;0.047569;0.053461;0.055923;0.066527;;;;;;;;
672.190795;0.035844;0.058535;0.051111;0.074322;0.114156;0.073133;0.058501;0.062949;0.053225;0.057725;0.066795;0.074261;;;;;;;;
673.155200;0.049736;0.067103;0.056882;0.096926;0.138734;0.100911;0.085159;0.090375;0.076344;0.076962;0.080439;0.080744;;;;;;;;
674.119606;0.059182;0.078175;0.069578;0.118056;0.156194;0.131529;0.109195;0.112855;0.101533;0.093832;0.093758;0.086149;;;;;;;;
675.084012;0.062814;0.083719;0.074324;0.127070;0.168236;0.143138;0.121054;0.131090;0.118193;0.098843;0.101025;0.092607;;;;;;;;
676.048418;0.062072;0.078683;0.074428;0.114132;0.156474;0.129362;0.116843;0.132825;0.116653;0.096801;0.104687;0.091448;;;;;;;;
677.012823;0.055231;0.063413;0.069175;0.083240;0.126617;0.099579;0.094852;0.107917;0.094419;0.082385;0.099057;0.079113;;;;;;;;
677.977229;0.041907;0.049309;0.056871;0.056508;0.102316;0.075898;0.065801;0.081138;0.073802;0.061122;0.076801;0.068164;;;;;;;;
678.941635;0.033706;0.052464;0.043621;0.047675;0.095493;0.066019;0.050981;0.070491;0.066713;0.056452;0.057399;0.065181;;;;;;;;
679.906040;0.035471;0.056779;0.037743;0.053533;0.100265;0.063695;0.052256;0.068386;0.061724;0.058922;0.053935;0.062668;;;;;;;;
680.870446;0.036662;0.053729;0.045446;0.066029;0.113544;0.074406;0.064152;0.070280;0.062730;0.055609;0.057283;0.061701;;;;;;;;
681.834852;0.042688;0.059610;0.054836;0.087509;0.143929;0.099943;0.083696;0.084673;0.081085;0.064662;0.066696;0.068841;;;;;;;;
682.799258;0.057941;0.071842;0.061539;0.115834;0.175223;0.129503;0.105651;0.109205;0.110384;0.087636;0.084744;0.082473;;;;;;;;
683.763663;0.067640;0.079081;0.070929;0.126721;0.181799;0.146066;0.122516;0.128582;0.129113;0.102817;0.098522;0.093768;;;;;;;;
684.728069;0.063523;0.077360;0.074058;0.109195;0.165093;0.140544;0.124727;0.130545;0.125086;0.100697;0.096994;0.093163;;;;;;;;
685.692475;0.054169;0.071356;0.072492;0.085677;0.140635;0.122139;0.114167;0.110689;0.109915;0.093719;0.085688;0.087344;;;;;;;;
686.656881;0.041810;0.061384;0.066284;0.070704;0.116628;0.097976;0.089354;0.084717;0.091031;0.084482;0.068087;0.078503;;;;;;;;
687.621286;0.028589;0.052532;0.051754;0.063703;0.101900;0.079363;0.064231;0.074362;0.073733;0.069590;0.053024;0.064639;;;;;;;;
688.585692;0.030071;0.052494;0.045953;0.070486;0.110357;0.081427;0.066524;0.075763;0.070480;0.061134;0.057070;0.066013;;;;;;;;
689.550098;0.040624;0.050516;0.049504;0.085244;0.138888;0.096924;0.082835;0.085347;0.078477;0.062348;0.068734;0.075858;;;;;;;;
690.514504;0.050764;0.058030;0.061277;0.104574;0.174439;0.121940;0.103229;0.110360;0.098204;0.077789;0.078875;0.081251;;;;;;;;
691.478909;0.061069;0.075889;0.074895;0.127487;0.195262;0.147301;0.127475;0.133172;0.121631;0.103030;0.092871;0.087847;;;;;;;;
692.443315;0.063729;0.080146;0.078505;0.137496;0.190504;0.155616;0.140420;0.140026;0.135358;0.116281;0.103811;0.090443;;;;;;;;
693.407721;0.056184;0.074398;0.077003;0.126519;0.169895;0.144940;0.135456;0.133062;0.136582;0.113092;0.104247;0.086500;;;;;;;;
694.372126;0.046152;0.070408;0.066398;0.104243;0.144030;0.122505;0.115607;0.113466;0.117513;0.104175;0.095126;0.078473;;;;;;;;
695.336532;0.036937;0.062466;0.049518;0.078731;0.120788;0.102102;0.087980;0.088710;0.088564;0.088546;0.081395;0.067292;;;;;;;;
696.300938;0.025381;0.050623;0.041690;0.060695;0.105812;0.088640;0.064682;0.067202;0.068110;0.067581;0.064739;0.056116;;;;;;;;
697.265344;0.022707;0.049666;0.046465;0.069684;0.118116;0.088841;0.064485;0.067400;0.064733;0.063333;0.055740;0.052959;;;;;;;;
698.229749;0.038933;0.062075;0.062196;0.100219;0.157628;0.119825;0.089829;0.093579;0.085079;0.076515;0.071444;0.066002;;;;;;;;
699.194155;0.056039;0.075766;0.075153;0.127690;0.190804;0.161780;0.122596;0.123627;0.114056;0.088903;0.095686;0.086179;;;;;;;;
700.158561;0.062345;0.086689;0.079637;0.144129;0.209195;0.179916;0.149092;0.145418;0.137393;0.101192;0.106539;0.096234;;;;;;;;
701.122967;0.060748;0.088875;0.077904;0.143265;0.210407;0.169501;0.155625;0.153898;0.145969;0.108846;0.106507;0.092527;;;;;;;;
702.087372;0.056262;0.079019;0.071402;0.126829;0.187699;0.145022;0.143220;0.146743;0.135178;0.104946;0.101966;0.089986;;;;;;;;
703.051778;0.053784;0.068143;0.066806;0.109566;0.158413;0.122774;0.122499;0.123240;0.117859;0.099167;0.093450;0.090676;;;;;;;;
704.016184;0.043660;0.062515;0.056108;0.093770;0.136667;0.105113;0.094752;0.094336;0.096232;0.087685;0.077852;0.080002;;;;;;;;
704.980590;0.029231;0.056911;0.040299;0.081514;0.125018;0.088156;0.077906;0.080501;0.075612;0.065837;0.061697;0.067359;;;;;;;;
705.944995;0.031851;0.053426;0.041531;0.083380;0.134123;0.088829;0.085997;0.084718;0.075042;0.060196;0.059045;0.062178;;;;;;;;
706.909401;0.040992;0.058483;0.051462;0.100646;0.163961;0.112024;0.105304;0.102696;0.091878;0.077299;0.069878;0.064785;;;;;;;;
707.873807;0.048577;0.069583;0.060626;0.125382;0.196803;0.140364;0.130341;0.131046;0.117333;0.098463;0.088868;0.083173;;;;;;;;
708.838212;0.057554;0.080417;0.075893;0.144335;0.215665;0.167725;0.155574;0.156334;0.140544;0.113167;0.105166;0.103093;;;;;;;;
709.802618;0.055927;0.083574;0.083899;0.145327;0.210296;0.175357;0.163267;0.165532;0.146199;0.115696;0.109128;0.105417;;;;;;;;
710.767024;0.048115;0.076972;0.073511;0.127201;0.184110;0.146008;0.143435;0.155623;0.131946;0.107434;0.104024;0.093584;;;;;;;;
711.731430;0.044535;0.066066;0.059347;0.105819;0.158110;0.114140;0.109765;0.132160;0.107582;0.096929;0.091250;0.079768;;;;;;;;
712.695835;0.032157;0.052690;0.050422;0.090307;0.143093;0.096640;0.088871;0.104805;0.084493;0.086468;0.074092;0.068397;;;;;;;;
713.660241;0.015460;0.042305;0.042639;0.081873;0.137648;0.083628;0.086437;0.090090;0.075298;0.073484;0.064713;0.056540;;;;;;;;
714.624647;0.017355;0.045072;0.039829;0.093801;0.149088;0.095640;0.091524;0.096607;0.085431;0.066061;0.062672;0.055371;;;;;;;;
715.589053;0.034626;0.060811;0.049164;0.119841;0.181746;0.128183;0.106984;0.114531;0.106636;0.075998;0.069487;0.072629;;;;;;;;
716.553458;0.049227;0.077628;0.065839;0.140688;0.217612;0.157608;0.134550;0.137270;0.132875;0.095447;0.087211;0.090018;;;;;;;;
717.517864;0.056421;0.085346;0.078611;0.153067;0.235148;0.179864;0.157442;0.159820;0.156525;0.109315;0.101587;0.099050;;;;;;;;
718.482270;0.057855;0.084221;0.082437;0.152469;0.232880;0.185489;0.163223;0.169924;0.164476;0.113613;0.107775;0.104805;;;;;;;;
719.446675;0.048828;0.075097;0.073222;0.133600;0.210991;0.168761;0.151398;0.161596;0.151548;0.110331;0.105677;0.102156;;;;;;;;
720.411081;0.037451;0.064550;0.057185;0.110119;0.181630;0.143180;0.123397;0.140808;0.128156;0.102842;0.092893;0.090762;;;;;;;;
721.375487;0.035727;0.061314;0.049426;0.099640;0.167104;0.125320;0.096448;0.118649;0.110973;0.091214;0.079706;0.079965;;;;;;;;
722.339893;0.032182;0.057653;0.047320;0.097108;0.166487;0.117495;0.090132;0.105022;0.101011;0.073950;0.071409;0.070047;;;;;;;;
723.304298;0.029090;0.052359;0.049855;0.102507;0.182381;0.120396;0.099713;0.105797;0.099313;0.065021;0.071617;0.065984;;;;;;;;
724.268704;0.039266;0.056955;0.059826;0.126665;0.210512;0.141701;0.119193;0.126463;0.116936;0.078649;0.079853;0.075960;;;;;;;;
725.233110;0.052835;0.069915;0.073251;0.152558;0.234067;0.170706;0.150653;0.154581;0.145666;0.101479;0.091188;0.091879;;;;;;;;
726.197516;0.059993;0.078160;0.086557;0.161556;0.247361;0.188748;0.177484;0.167328;0.165817;0.115858;0.106920;0.102768;;;;;;;;
727.161921;0.060006;0.077377;0.087019;0.157818;0.239249;0.192367;0.178803;0.168694;0.168989;0.120909;0.117293;0.104969;;;;;;;;
728.126327;0.055904;0.072189;0.077389;0.144638;0.218799;0.179529;0.163698;0.165586;0.155754;0.118918;0.116586;0.101782;;;;;;;;
729.090733;0.048395;0.063119;0.068666;0.125782;0.200579;0.151251;0.141145;0.145176;0.132668;0.107288;0.105937;0.092722;;;;;;;;
730.055139;0.036361;0.054638;0.052258;0.116583;0.181263;0.130199;0.113206;0.118726;0.113074;0.089985;0.088010;0.075041;;;;;;;;
731.019544;0.029657;0.049115;0.043348;0.120264;0.180102;0.132466;0.101593;0.110794;0.104472;0.081043;0.078976;0.065398;;;;;;;;
731.983950;0.032216;0.048498;0.053467;0.127359;0.204871;0.149276;0.110347;0.120534;0.111175;0.081681;0.079068;0.069001;;;;;;;;
732.948356;0.036987;0.058655;0.059628;0.143473;0.228985;0.166989;0.127347;0.140016;0.128650;0.083050;0.081818;0.075076;;;;;;;;
733.912761;0.044940;0.073148;0.065052;0.166696;0.244510;0.183681;0.154531;0.165976;0.147495;0.094976;0.094676;0.090364;;;;;;;;
734.877167;0.053897;0.086323;0.076793;0.175726;0.256198;0.201402;0.180911;0.188243;0.165535;0.118325;0.115837;0.106829;;;;;;;;
735.841573;0.059032;0.091789;0.082140;0.165213;0.256297;0.204125;0.186286;0.187964;0.170587;0.129364;0.127086;0.107799;;;;;;;;
736.805979;0.059633;0.083098;0.076321;0.147083;0.237815;0.185128;0.168548;0.165850;0.158378;0.120598;0.115463;0.097846;;;;;;;;
737.770384;0.049802;0.067674;0.063755;0.129860;0.214019;0.163343;0.137541;0.147051;0.141009;0.104793;0.094711;0.083080;;;;;;;;
738.734790;0.032100;0.055503;0.052106;0.118236;0.202478;0.148118;0.112869;0.134161;0.125433;0.087946;0.080918;0.069480;;;;;;;;
739.699196;0.022737;0.050767;0.048571;0.114835;0.207560;0.146821;0.109666;0.120395;0.119158;0.072608;0.073746;0.060687;;;;;;;;
740.663602;0.023059;0.049803;0.050824;0.123841;0.229205;0.160888;0.121636;0.121610;0.122087;0.066613;0.074384;0.054545;;;;;;;;
741.628007;0.030424;0.056957;0.057952;0.150027;0.262496;0.183616;0.148862;0.145785;0.137440;0.083057;0.085855;0.066748;;;;;;;;
742.592413;0.047024;0.076295;0.072040;0.179292;0.292020;0.211770;0.180334;0.180227;0.161290;0.113917;0.103898;0.095545;;;;;;;;
743.556819;0.062582;0.090172;0.084585;0.191059;0.300674;0.227018;0.193617;0.201397;0.174461;0.135787;0.120003;0.114694;;;;;;;;
744.521224;0.067733;0.088716;0.086726;0.184759;0.285605;0.222293;0.194560;0.200925;0.177104;0.140838;0.124731;0.120650;;;;;;;;
745.485630;0.062119;0.079921;0.081333;0.167868;0.260783;0.210137;0.183076;0.188590;0.173348;0.129868;0.116262;0.120710;;;;;;;;
746.450036;0.045479;0.068663;0.069856;0.147154;0.238129;0.190583;0.156140;0.166809;0.155661;0.110318;0.104737;0.109463;;;;;;;;
747.414442;0.029368;0.058392;0.053697;0.132297;0.224060;0.166790;0.137952;0.141749;0.132316;0.093197;0.089537;0.088483;;;;;;;;
748.378847;0.028659;0.057254;0.047371;0.131564;0.232025;0.162953;0.139903;0.134303;0.127287;0.088724;0.076649;0.075486;;;;;;;;
749.343253;0.033752;0.060871;0.052020;0.146828;0.260657;0.182488;0.155222;0.149217;0.137801;0.095024;0.079216;0.079251;;;;;;;;
750.307659;0.039035;0.066101;0.060570;0.169215;0.291620;0.206349;0.176931;0.170725;0.152335;0.104385;0.090494;0.088825;;;;;;;;
751.272065;0.050481;0.075462;0.072385;0.187446;0.311586;0.228361;0.195937;0.190307;0.175790;0.119930;0.106948;0.096660;;;;;;;;
752.236470;0.063919;0.082730;0.081016;0.196187;0.310498;0.244335;0.208931;0.206999;0.196698;0.135352;0.120626;0.105915;;;;;;;;
753.200876;0.068841;0.087231;0.081193;0.191740;0.294797;0.241911;0.209603;0.208977;0.200039;0.142146;0.123623;0.112262;;;;;;;;
754.165282;0.060007;0.084123;0.073790;0.178269;0.281892;0.222561;0.191528;0.192608;0.188441;0.136470;0.123436;0.108223;;;;;;;;
755.129688;0.048013;0.065510;0.064056;0.160359;0.266681;0.203275;0.165538;0.167941;0.165178;0.117336;0.117500;0.098146;;;;;;;;
756.094093;0.041217;0.047217;0.054622;0.142127;0.245633;0.194201;0.147497;0.145270;0.137640;0.097319;0.098832;0.090090;;;;;;;;
757.058499;0.035731;0.044277;0.045568;0.144041;0.245575;0.192730;0.143400;0.137819;0.122910;0.087792;0.082046;0.082086;;;;;;;;
758.022905;0.036478;0.051129;0.048366;0.168127;0.275687;0.199342;0.155564;0.146449;0.129859;0.094504;0.081696;0.075206;;;;;;;;
758.987310;0.043193;0.059552;0.061368;0.185971;0.309290;0.219006;0.181208;0.167743;0.150227;0.106607;0.092409;0.080737;;;;;;;;
759.951716;0.051658;0.072470;0.072370;0.193776;0.330894;0.245669;0.210347;0.193471;0.172709;0.118128;0.111740;0.094846;;;;;;;;
760.916122;0.060034;0.085609;0.081427;0.201180;0.340516;0.262610;0.225813;0.207578;0.188637;0.133836;0.133868;0.103591;;;;;;;;
761.880528;0.059848;0.085124;0.084448;0.198981;0.327364;0.258202;0.216023;0.208179;0.192997;0.138002;0.136386;0.106343;;;;;;;;
762.844933;0.050002;0.073550;0.076334;0.180786;0.293819;0.233365;0.192109;0.193443;0.181757;0.126994;0.118069;0.105755;;;;;;;;
763.809339;0.038627;0.063367;0.063171;0.162329;0.272278;0.205530;0.174279;0.172736;0.161088;0.116072;0.100232;0.100114;;;;;;;;
764.773745;0.028752;0.055873;0.052459;0.156321;0.278403;0.196447;0.167404;0.160295;0.147719;0.103918;0.087276;0.089237;;;;;;;;
765.738151;0.021192;0.048934;0.050713;0.155992;0.296878;0.205337;0.168433;0.151479;0.142898;0.094012;0.078477;0.074558;;;;;;;;
766.702556;0.022169;0.052645;0.053340;0.164472;0.315523;0.222511;0.183390;0.162627;0.151543;0.098293;0.082131;0.072338;;;;;;;;
767.666962;0.035024;0.064279;0.056197;0.183459;0.330744;0.247769;0.209439;0.189417;0.169219;0.110534;0.094201;0.086770;;;;;;;;
768.631368;0.052423;0.071886;0.069109;0.200107;0.345239;0.271815;0.233017;0.207328;0.181619;0.123619;0.109867;0.101200;;;;;;;;
769.595773;0.065052;0.081504;0.084832;0.211275;0.350890;0.278363;0.245563;0.221539;0.191443;0.141273;0.128236;0.114979;;;;;;;;
770.560179;0.068061;0.090877;0.089142;0.209857;0.333018;0.267693;0.242665;0.225317;0.192608;0.152882;0.131994;0.125627;;;;;;;;
771.524585;0.059377;0.086660;0.084975;0.192229;0.312497;0.247214;0.227169;0.207938;0.184554;0.142597;0.116402;0.121498;;;;;;;;
772.488991;0.042847;0.068658;0.073270;0.174499;0.306848;0.227184;0.203250;0.185246;0.170176;0.123107;0.101519;0.110848;;;;;;;;
773.453396;0.030373;0.049990;0.057201;0.166411;0.301002;0.220437;0.178814;0.169644;0.144765;0.108538;0.092144;0.097419;;;;;;;;
774.417802;0.028133;0.046921;0.051124;0.172920;0.307912;0.222395;0.175780;0.167422;0.136349;0.095867;0.087635;0.079170;;;;;;;;
775.382208;0.033311;0.059031;0.056925;0.188395;0.331583;0.235458;0.194341;0.181107;0.156794;0.098840;0.094413;0.074246;;;;;;;;
776.346614;0.044107;0.069381;0.063841;0.201364;0.350141;0.263494;0.215591;0.200276;0.181849;0.118012;0.109025;0.086436;;;;;;;;
777.311019;0.055992;0.074107;0.068916;0.211311;0.363823;0.284538;0.236703;0.213633;0.199867;0.130554;0.123336;0.104560;;;;;;;;
778.275425;0.064191;0.082807;0.075694;0.213682;0.364815;0.289775;0.253196;0.218891;0.209664;0.138190;0.131738;0.116884;;;;;;;;
779.239831;0.065359;0.087368;0.079590;0.207732;0.349554;0.280018;0.249958;0.217151;0.206723;0.144367;0.132206;0.115836;;;;;;;;
780.204237;0.058019;0.076886;0.075390;0.197222;0.332155;0.253653;0.227022;0.203784;0.189746;0.138004;0.126108;0.106985;;;;;;;;
781.168642;0.048715;0.068607;0.067505;0.187150;0.325839;0.236056;0.208930;0.185523;0.174310;0.128417;0.119343;0.098288;;;;;;;;
782.133048;0.039437;0.066325;0.058172;0.180775;0.333268;0.237954;0.203284;0.175793;0.164256;0.116789;0.107677;0.089873;;;;;;;;
783.097454;0.032672;0.061146;0.050578;0.183218;0.344573;0.238915;0.202693;0.172749;0.153635;0.104181;0.090338;0.084048;;;;;;;;
784.061859;0.033982;0.059171;0.052695;0.195169;0.356934;0.245539;0.216824;0.177899;0.155868;0.109614;0.085722;0.085232;;;;;;;;
785.026265;0.040405;0.060820;0.061620;0.201920;0.367404;0.269014;0.239888;0.194948;0.170727;0.118558;0.095562;0.089353;;;;;;;;
785.990671;0.052040;0.068632;0.071420;0.212171;0.377990;0.298444;0.259280;0.221340;0.191722;0.126815;0.112830;0.098354;;;;;;;;
786.955077;0.061332;0.079485;0.080682;0.225254;0.384628;0.308137;0.264721;0.239251;0.208571;0.144028;0.128756;0.113544;;;;;;;;
787.919482;0.061532;0.083337;0.085844;0.221212;0.369000;0.290766;0.252952;0.232835;0.207846;0.150404;0.132034;0.120158;;;;;;;;
788.883888;0.054671;0.077046;0.082779;0.206243;0.348220;0.275318;0.240842;0.216469;0.196717;0.140965;0.125287;0.114226;;;;;;;;
789.848294;0.041494;0.065105;0.070847;0.189900;0.348616;0.267566;0.228238;0.195741;0.181476;0.133416;0.113529;0.103257;;;;;;;;
790.812700;0.031105;0.054387;0.058308;0.183556;0.353776;0.256665;0.210466;0.169361;0.164633;0.123384;0.100608;0.084179;;;;;;;;
791.777105;0.029493;0.047610;0.057803;0.196116;0.358547;0.258092;0.209409;0.164973;0.159336;0.111787;0.092294;0.075003;;;;;;;;
792.741511;0.032392;0.048141;0.061264;0.204827;0.374718;0.266295;0.222962;0.183166;0.166441;0.109719;0.089916;0.081901;;;;;;;;
793.705917;0.038494;0.058403;0.064416;0.211261;0.393743;0.280284;0.241531;0.207034;0.187797;0.117681;0.103381;0.083885;;;;;;;;
794.670323;0.047672;0.073110;0.077513;0.226037;0.407210;0.305176;0.268990;0.229401;0.213274;0.134296;0.130152;0.091610;;;;;;;;
795.634728;0.058943;0.083647;0.091449;0.232866;0.410911;0.321851;0.289878;0.239013;0.221564;0.153565;0.149553;0.111558;;;;;;;;
796.599134;0.066652;0.087703;0.094854;0.230802;0.403245;0.315058;0.287313;0.240152;0.223340;0.162115;0.149591;0.125483;;;;;;;;
797.563540;0.060673;0.084311;0.087259;0.227142;0.389798;0.291800;0.268122;0.228539;0.223368;0.147858;0.129674;0.120886;;;;;;;;
798.527945;0.042304;0.070891;0.069997;0.215087;0.380777;0.280808;0.248619;0.200801;0.202569;0.124906;0.106305;0.098465;;;;;;;;
799.492351;0.032219;0.059061;0.054059;0.207014;0.382186;0.281656;0.237534;0.191271;0.173622;0.113758;0.097471;0.079067;;;;;;;;
800.456757;0.033603;0.057460;0.048914;0.211390;0.389319;0.274489;0.237953;0.197757;0.167571;0.112819;0.095007;0.072554;;;;;;;;
801.421163;0.034359;0.055978;0.049486;0.215764;0.397993;0.278467;0.252806;0.195749;0.183087;0.118378;0.092958;0.070157;;;;;;;;
802.385568;0.040127;0.056207;0.054221;0.225275;0.403556;0.299240;0.271039;0.209332;0.198935;0.125004;0.098825;0.082366;;;;;;;;
803.349974;0.050218;0.066931;0.070732;0.236467;0.407049;0.319919;0.284285;0.237011;0.210025;0.134840;0.114582;0.107224;;;;;;;;
804.314380;0.057517;0.082866;0.089516;0.242764;0.415508;0.329961;0.292700;0.245101;0.215848;0.151710;0.135458;0.125213;;;;;;;;
805.278786;0.058331;0.091039;0.090259;0.241624;0.417399;0.328518;0.285747;0.239758;0.212970;0.156721;0.146042;0.127068;;;;;;;;
806.243191;0.051314;0.084253;0.078995;0.223289;0.400317;0.315850;0.274272;0.232963;0.206167;0.142630;0.134978;0.114813;;;;;;;;
807.207597;0.043116;0.068534;0.067478;0.202418;0.384096;0.296287;0.266106;0.214232;0.194264;0.134194;0.117994;0.104314;;;;;;;;
808.172003;0.034331;0.055634;0.052301;0.196199;0.381667;0.289233;0.243092;0.201683;0.179881;0.129353;0.105909;0.098222;;;;;;;;
809.136408;0.024678;0.050653;0.041771;0.198193;0.379330;0.292892;0.230553;0.202400;0.170143;0.114374;0.092355;0.085389;;;;;;;;
810.100814;0.025110;0.055280;0.046953;0.209233;0.385732;0.302017;0.247234;0.205236;0.174553;0.111779;0.092002;0.083198;;;;;;;;
811.065220;0.039379;0.065352;0.062652;0.229905;0.408721;0.324989;0.271423;0.226158;0.195725;0.127380;0.108895;0.096249;;;;;;;;
812.029626;0.057951;0.074895;0.078445;0.248962;0.429831;0.341718;0.287572;0.249041;0.215567;0.149312;0.126187;0.111930;;;;;;;;
812.994031;0.067053;0.080080;0.088753;0.254196;0.438385;0.342482;0.288077;0.247341;0.224146;0.164746;0.138162;0.126136;;;;;;;;
813.958437;0.062911;0.078620;0.093305;0.243905;0.433293;0.339670;0.282323;0.237049;0.218864;0.161809;0.138733;0.128157;;;;;;;;
814.922843;0.052146;0.072647;0.086931;0.222631;0.414991;0.324999;0.279398;0.224223;0.208152;0.150467;0.128087;0.116003;;;;;;;;
815.887249;0.039850;0.064087;0.066487;0.209333;0.399209;0.307062;0.271681;0.206569;0.203577;0.139758;0.123515;0.100247;;;;;;;;
816.851654;0.030748;0.056416;0.051559;0.218572;0.403195;0.305927;0.261938;0.202215;0.193377;0.126568;0.122236;0.087692;;;;;;;;
817.816060;0.027918;0.050692;0.051254;0.224164;0.417197;0.306957;0.259748;0.202739;0.183994;0.115190;0.109888;0.082371;;;;;;;;
818.780466;0.027296;0.045863;0.055607;0.223288;0.427513;0.317131;0.266885;0.201142;0.190959;0.113671;0.099174;0.079879;;;;;;;;
819.744872;0.031971;0.048470;0.062179;0.230373;0.430675;0.338985;0.280950;0.213489;0.205932;0.122917;0.104475;0.085716;;;;;;;;
820.709277;0.047341;0.059739;0.068863;0.238638;0.430971;0.351319;0.297150;0.231646;0.219261;0.135967;0.121107;0.104862;;;;;;;;
821.673683;0.061709;0.073975;0.076866;0.248007;0.441040;0.353312;0.309701;0.245706;0.226730;0.149993;0.135876;0.120320;;;;;;;;
822.638089;0.063968;0.083002;0.082958;0.247340;0.447976;0.346114;0.307665;0.252444;0.224008;0.157486;0.139997;0.118798;;;;;;;;
823.602494;0.056666;0.080420;0.080787;0.231375;0.434187;0.335005;0.288820;0.238713;0.215160;0.149661;0.132811;0.108849;;;;;;;;
824.566900;0.044539;0.070674;0.074577;0.219723;0.418966;0.325043;0.273321;0.216154;0.205674;0.138435;0.117254;0.101153;;;;;;;;
825.531306;0.034215;0.059287;0.061368;0.217213;0.409140;0.313558;0.268854;0.208415;0.185281;0.129963;0.101711;0.089830;;;;;;;;
826.495712;0.024647;0.046824;0.048129;0.210944;0.403002;0.306764;0.269586;0.203814;0.169426;0.113060;0.097084;0.072930;;;;;;;;
827.460117;0.019719;0.042924;0.046867;0.207720;0.420297;0.311782;0.281011;0.197311;0.178197;0.106451;0.101705;0.071052;;;;;;;;
828.424523;0.027906;0.049002;0.048474;0.221800;0.442635;0.327519;0.289646;0.207192;0.192060;0.124437;0.104031;0.086761;;;;;;;;
829.388929;0.042153;0.059095;0.057275;0.237494;0.444553;0.336762;0.293756;0.232609;0.205376;0.143403;0.112594;0.100251;;;;;;;;
830.353335;0.057765;0.076740;0.075713;0.245657;0.446230;0.337313;0.306100;0.251148;0.219829;0.152738;0.135711;0.111953;;;;;;;;
831.317740;0.065433;0.090078;0.088129;0.251093;0.449565;0.340213;0.311537;0.246310;0.223515;0.157451;0.151978;0.126936;;;;;;;;
832.282146;0.056058;0.085242;0.085442;0.242222;0.441009;0.333819;0.299354;0.228358;0.214237;0.153978;0.144721;0.129016;;;;;;;;
833.246552;0.045433;0.069902;0.065409;0.223130;0.436423;0.317143;0.282407;0.217011;0.197657;0.138913;0.126374;0.109627;;;;;;;;
834.210957;0.037472;0.049013;0.044757;0.212371;0.431400;0.308768;0.270507;0.212286;0.181510;0.118229;0.109324;0.082119;;;;;;;;
835.175363;0.028137;0.037853;0.045625;0.212558;0.420458;0.312519;0.269123;0.205819;0.173940;0.111200;0.099229;0.067060;;;;;;;;
836.139769;0.032317;0.044987;0.055489;0.221043;0.430022;0.328029;0.278354;0.208706;0.185928;0.122172;0.103664;0.078653;;;;;;;;
837.104175;0.042437;0.057003;0.061869;0.233443;0.444965;0.344461;0.293189;0.226307;0.209245;0.138000;0.117540;0.099819;;;;;;;;
838.068580;0.049658;0.067960;0.070628;0.246913;0.446162;0.350124;0.307977;0.242209;0.219022;0.154370;0.128878;0.112177;;;;;;;;
839.032986;0.056344;0.071944;0.078019;0.250777;0.443357;0.350367;0.312110;0.244037;0.218944;0.161781;0.137414;0.119653;;;;;;;;
839.997392;0.059287;0.072154;0.079389;0.241358;0.433614;0.350209;0.304932;0.238362;0.223166;0.155401;0.144328;0.125566;;;;;;;;
840.961798;0.056854;0.072166;0.078222;0.231201;0.420270;0.346254;0.294609;0.226860;0.219823;0.145562;0.140753;0.121295;;;;;;;;
841.926203;0.046770;0.064561;0.069839;0.222523;0.422247;0.333238;0.281177;0.208224;0.202339;0.135742;0.124519;0.105952;;;;;;;;
842.890609;0.035439;0.055907;0.056200;0.215319;0.428798;0.315828;0.272171;0.204691;0.190762;0.125825;0.108205;0.096338;;;;;;;;
843.855015;0.028773;0.051190;0.050001;0.216692;0.427363;0.308942;0.279500;0.214607;0.194620;0.118627;0.101810;0.092027;;;;;;;;
844.819421;0.022715;0.048993;0.045977;0.225583;0.422576;0.314637;0.299593;0.213796;0.203066;0.116715;0.103232;0.086125;;;;;;;;
845.783826;0.028084;0.054715;0.049292;0.235625;0.425050;0.335276;0.315335;0.216824;0.212541;0.125614;0.113019;0.089078;;;;;;;;
846.748232;0.042912;0.064223;0.064391;0.241728;0.440999;0.360456;0.313767;0.228929;0.221118;0.139978;0.127200;0.099017;;;;;;;;
847.712638;0.051661;0.067345;0.072055;0.245079;0.437826;0.361159;0.306543;0.231697;0.220349;0.146225;0.132244;0.107290;;;;;;;;
848.677043;0.053780;0.067663;0.070068;0.241319;0.418158;0.345069;0.298992;0.224231;0.213333;0.144557;0.128906;0.112193;;;;;;;;
849.641449;0.052352;0.071433;0.069947;0.227703;0.416096;0.329008;0.289992;0.219766;0.203950;0.143730;0.125627;0.110585;;;;;;;;
850.605855;0.047045;0.064780;0.067823;0.220452;0.414335;0.310811;0.286066;0.218363;0.194213;0.136838;0.120623;0.101913;;;;;;;;
851.570261;0.035726;0.047383;0.058862;0.216800;0.406131;0.303771;0.275472;0.209634;0.191274;0.117877;0.110134;0.090656;;;;;;;;
852.534666;0.024343;0.041551;0.048341;0.205422;0.405658;0.311522;0.265726;0.202854;0.187099;0.105773;0.099300;0.079952;;;;;;;;
853.499072;0.025649;0.045282;0.045356;0.208954;0.413159;0.325753;0.277333;0.208856;0.186961;0.110500;0.100170;0.076943;;;;;;;;
854.463478;0.033205;0.048649;0.049349;0.228938;0.424969;0.336686;0.291346;0.221118;0.197967;0.122229;0.110551;0.085430;;;;;;;;
855.427884;0.042562;0.058224;0.060090;0.241862;0.431743;0.337908;0.298185;0.234634;0.211563;0.135504;0.120055;0.098000;;;;;;;;
856.392289;0.056699;0.072386;0.077435;0.244332;0.442302;0.340283;0.306383;0.245769;0.229094;0.148628;0.129467;0.112531;;;;;;;;
857.356695;0.061942;0.077216;0.086904;0.239877;0.450931;0.342280;0.310212;0.248291;0.233896;0.156261;0.138186;0.125622;;;;;;;;
858.321101;0.053455;0.072165;0.080128;0.229040;0.442517;0.336497;0.300953;0.237182;0.214928;0.153769;0.135672;0.124731;;;;;;;;
859.285507;0.044167;0.065038;0.062649;0.219455;0.427395;0.328411;0.285477;0.222398;0.199105;0.140357;0.119663;0.110803;;;;;;;;
860.249912;0.033290;0.056146;0.047568;0.212653;0.417841;0.325463;0.281066;0.216212;0.192359;0.123281;0.103350;0.094801;;;;;;;;
861.214318;0.023035;0.044447;0.044290;0.207357;0.419734;0.330142;0.282548;0.205646;0.184274;0.112545;0.093256;0.081609;;;;;;;;
862.178724;0.020704;0.035055;0.042647;0.209100;0.420272;0.332497;0.279853;0.196900;0.182791;0.107400;0.089319;0.075201;;;;;;;;
863.143129;0.027418;0.042882;0.045050;0.218354;0.423525;0.333556;0.287919;0.211097;0.189591;0.110081;0.098363;0.082655;;;;;;;;
864.107535;0.041463;0.062386;0.058857;0.229427;0.437128;0.337768;0.300153;0.228306;0.197649;0.123441;0.117881;0.102233;;;;;;;;
865.071941;0.052518;0.072048;0.072119;0.234915;0.436690;0.340181;0.301867;0.232250;0.207166;0.139456;0.131283;0.117777;;;;;;;;
866.036347;0.056670;0.071891;0.076953;0.235519;0.426102;0.342408;0.298814;0.236420;0.216978;0.147098;0.131548;0.122854;;;;;;;;
867.000752;0.050841;0.066849;0.072859;0.234933;0.420080;0.339961;0.290701;0.230780;0.216820;0.137747;0.125006;0.119203;;;;;;;;
867.965158;0.036138;0.056853;0.062272;0.229350;0.414828;0.329524;0.282851;0.209896;0.205774;0.123439;0.117871;0.106272;;;;;;;;
868.929564;0.029675;0.051310;0.051982;0.217825;0.417174;0.322361;0.280630;0.204820;0.187853;0.117785;0.113847;0.094005;;;;;;;;
869.893970;0.022732;0.044975;0.042062;0.203205;0.417929;0.320454;0.276027;0.208990;0.170852;0.107696;0.104384;0.083292;;;;;;;;
870.858375;0.014663;0.036944;0.039406;0.202973;0.414321;0.322384;0.277545;0.206014;0.171134;0.101479;0.093397;0.074723;;;;;;;;
871.822781;0.027160;0.045279;0.052232;0.225147;0.417040;0.331943;0.286533;0.212479;0.185246;0.119657;0.100443;0.082369;;;;;;;;
872.787187;0.046486;0.062563;0.068850;0.238859;0.421366;0.339845;0.298254;0.227719;0.201604;0.144208;0.118019;0.100767;;;;;;;;
873.751592;0.056480;0.070824;0.076198;0.235267;0.423046;0.336571;0.309304;0.235951;0.212124;0.150542;0.131264;0.112807;;;;;;;;
874.715998;0.060837;0.072734;0.075847;0.233987;0.420727;0.331452;0.310324;0.231174;0.206488;0.147800;0.134880;0.114674;;;;;;;;
875.680404;0.057151;0.072108;0.073446;0.230791;0.421032;0.331341;0.304054;0.220360;0.199036;0.147062;0.126569;0.111030;;;;;;;;
876.644810;0.045547;0.062521;0.066471;0.216995;0.421165;0.330034;0.295117;0.212531;0.200379;0.134657;0.117598;0.100461;;;;;;;;
877.609215;0.037674;0.049942;0.056772;0.205482;0.412692;0.324638;0.287049;0.210334;0.191766;0.117282;0.112575;0.088476;;;;;;;;
878.573621;0.031009;0.040605;0.048251;0.203542;0.411236;0.315651;0.287051;0.207402;0.178389;0.110228;0.098378;0.080226;;;;;;;;
879.538027;0.024169;0.035199;0.044199;0.212613;0.416015;0.311943;0.292185;0.203010;0.176676;0.110496;0.090340;0.074787;;;;;;;;
880.502433;0.027378;0.040308;0.051144;0.223483;0.414542;0.316993;0.296836;0.207217;0.183472;0.117194;0.101875;0.080533;;;;;;;;
881.466838;0.039648;0.053005;0.062570;0.226063;0.414404;0.324866;0.297896;0.215368;0.195140;0.126419;0.113346;0.094045;;;;;;;;
882.431244;0.053259;0.067559;0.071508;0.226083;0.417956;0.331604;0.293482;0.216848;0.205781;0.137717;0.120139;0.107540;;;;;;;;
883.395650;0.058948;0.076859;0.076904;0.223273;0.414881;0.332720;0.288288;0.213951;0.208783;0.145841;0.123415;0.117827;;;;;;;;
884.360056;0.055150;0.069805;0.072351;0.217640;0.403347;0.330345;0.288511;0.212352;0.205604;0.140272;0.111711;0.113858;;;;;;;;
885.324461;0.046927;0.053741;0.059280;0.213720;0.389520;0.326492;0.282779;0.207773;0.190812;0.127850;0.099659;0.096602;;;;;;;;
886.288867;0.037284;0.043849;0.048109;0.204816;0.381303;0.321921;0.267658;0.193550;0.172013;0.114989;0.098326;0.081942;;;;;;;;
887.253273;0.029949;0.037005;0.036663;0.194422;0.384145;0.317628;0.257189;0.179983;0.169434;0.102510;0.090142;0.072022;;;;;;;;
888.217678;0.022007;0.030926;0.027752;0.194191;0.388444;0.312307;0.252221;0.175986;0.167430;0.097405;0.082033;0.064131;;;;;;;;
889.182084;0.023847;0.035373;0.034899;0.203127;0.393200;0.316430;0.265841;0.181382;0.167183;0.103821;0.090778;0.068475;;;;;;;;
890.146490;0.040366;0.050738;0.050894;0.213344;0.402623;0.325676;0.290595;0.194671;0.186090;0.120460;0.110018;0.088385;;;;;;;;
891.110896;0.051263;0.060681;0.059633;0.216317;0.404100;0.323354;0.293376;0.204555;0.200513;0.134366;0.122082;0.105120;;;;;;;;
892.075301;0.053277;0.060947;0.064130;0.213209;0.395612;0.314468;0.282304;0.206898;0.196637;0.137106;0.122240;0.111677;;;;;;;;
893.039707;0.054952;0.063848;0.068103;0.213619;0.391694;0.311093;0.279810;0.207102;0.190560;0.134072;0.119273;0.115043;;;;;;;;
894.004113;0.049319;0.063536;0.060180;0.212516;0.391821;0.308972;0.279988;0.199716;0.182294;0.126595;0.112464;0.103638;;;;;;;;
894.968519;0.034552;0.049297;0.044815;0.203285;0.391156;0.302629;0.275405;0.186157;0.165483;0.115237;0.098903;0.079996;;;;;;;;
895.932924;0.022607;0.036091;0.041935;0.197322;0.391150;0.299961;0.269190;0.178938;0.151904;0.104921;0.086306;0.067928;;;;;;;;
896.897330;0.020102;0.031089;0.042414;0.191916;0.375813;0.302247;0.264999;0.177109;0.150192;0.097506;0.078819;0.066416;;;;;;;;
897.861736;0.027490;0.035003;0.038740;0.187168;0.360209;0.302521;0.266101;0.181630;0.158122;0.098016;0.083509;0.070218;;;;;;;;
898.826141;0.042982;0.052971;0.046695;0.196176;0.369653;0.302694;0.273108;0.195692;0.174135;0.111846;0.102637;0.082711;;;;;;;;
899.790547;0.055428;0.070162;0.062746;0.209185;0.380560;0.307066;0.281284;0.207187;0.188578;0.132166;0.120641;0.098455;;;;;;;;
900.754953;0.054893;0.070490;0.069719;0.209807;0.377128;0.311380;0.285697;0.206152;0.189214;0.141567;0.123634;0.105500;;;;;;;;
901.719359;0.046879;0.063921;0.067021;0.203627;0.377192;0.310720;0.283777;0.199973;0.179993;0.134010;0.117915;0.101647;;;;;;;;
902.683764;0.041349;0.059112;0.061702;0.196300;0.382248;0.305774;0.271866;0.194653;0.170679;0.120839;0.112495;0.095706;;;;;;;;
903.648170;0.035356;0.049835;0.051325;0.185850;0.377812;0.299586;0.258260;0.185070;0.165403;0.110594;0.099798;0.089092;;;;;;;;
904.612576;0.022435;0.039857;0.038913;0.182575;0.361946;0.299581;0.253700;0.173224;0.160397;0.100925;0.083169;0.079070;;;;;;;;
905.576982;0.014685;0.036726;0.035604;0.186661;0.349529;0.300017;0.251703;0.171418;0.152697;0.093036;0.077504;0.072048;;;;;;;;
906.541387;0.026165;0.042750;0.042898;0.191737;0.354619;0.292527;0.256716;0.179671;0.154590;0.100064;0.086309;0.077529;;;;;;;;
907.505793;0.045950;0.054472;0.056329;0.198481;0.369872;0.288748;0.268981;0.185964;0.165570;0.118262;0.103099;0.090550;;;;;;;;
908.470199;0.055763;0.063357;0.069882;0.204177;0.376559;0.291181;0.272210;0.191213;0.171212;0.130788;0.116642;0.101615;;;;;;;;
909.434605;0.054487;0.066811;0.075662;0.205780;0.371165;0.294138;0.268258;0.196242;0.169626;0.132995;0.120900;0.109818;;;;;;;;
910.399010;0.050221;0.067995;0.071690;0.199683;0.367410;0.298677;0.263394;0.192571;0.169927;0.127867;0.116201;0.110465;;;;;;;;
911.363416;0.042266;0.062013;0.059990;0.190049;0.366131;0.295246;0.253914;0.182439;0.173017;0.118383;0.104173;0.097874;;;;;;;;
912.327822;0.025542;0.041822;0.042061;0.179081;0.350603;0.277417;0.242780;0.167241;0.160606;0.103148;0.085078;0.072484;;;;;;;;
913.292227;0.018229;0.026561;0.031565;0.170726;0.330170;0.270162;0.238534;0.156073;0.141856;0.092573;0.072932;0.055560;;;;;;;;
914.256633;0.030831;0.030570;0.035930;0.178340;0.325347;0.282627;0.243207;0.160425;0.142665;0.096461;0.081260;0.064247;;;;;;;;
915.221039;0.038993;0.036442;0.041397;0.182954;0.327080;0.286985;0.243468;0.164649;0.145695;0.100029;0.089855;0.074418;;;;;;;;
916.185445;0.045002;0.044854;0.049763;0.179472;0.333402;0.280659;0.240929;0.169710;0.150266;0.103740;0.094745;0.081179;;;;;;;;
917.149850;0.059562;0.062335;0.064159;0.185703;0.344464;0.282323;0.245478;0.182312;0.165885;0.116927;0.106907;0.093202;;;;;;;;
918.114256;0.063348;0.070105;0.067432;0.190263;0.345006;0.285972;0.250018;0.186036;0.169105;0.127649;0.113759;0.097129;;;;;;;;
919.078662;0.052056;0.060739;0.058070;0.185013;0.336731;0.277557;0.250524;0.178504;0.156029;0.121690;0.108556;0.091525;;;;;;;;
920.043068;0.039968;0.050089;0.051029;0.177555;0.329478;0.260421;0.247040;0.168226;0.144420;0.107898;0.096865;0.084173;;;;;;;;
921.007473;0.029707;0.039322;0.043508;0.163764;0.318423;0.244620;0.236363;0.151166;0.133548;0.095803;0.080638;0.071317;;;;;;;;
921.971879;0.026598;0.028881;0.036105;0.153814;0.304673;0.243500;0.226638;0.136680;0.127891;0.084187;0.071420;0.057961;;;;;;;;
922.936285;0.028596;0.029665;0.036927;0.153406;0.298825;0.250246;0.224895;0.132508;0.131013;0.082646;0.072642;0.053948;;;;;;;;
923.900690;0.027008;0.035404;0.038654;0.152091;0.301958;0.245927;0.225540;0.133612;0.134061;0.087787;0.076939;0.056729;;;;;;;;
924.865096;0.031017;0.043982;0.042336;0.156533;0.304927;0.243282;0.225737;0.142365;0.138229;0.096295;0.088014;0.065700;;;;;;;;
925.829502;0.045270;0.057466;0.055136;0.167494;0.305382;0.247762;0.228461;0.155171;0.147932;0.113926;0.104012;0.082912;;;;;;;;
926.793908;0.052770;0.064232;0.065657;0.172867;0.304384;0.245601;0.231385;0.163175;0.155255;0.123263;0.110013;0.096022;;;;;;;;
927.758313;0.046879;0.061633;0.062380;0.172360;0.298103;0.242349;0.230863;0.164434;0.153948;0.113962;0.103305;0.095165;;;;;;;;
928.722719;0.038819;0.053961;0.051429;0.164320;0.289428;0.241149;0.224889;0.155610;0.146273;0.103801;0.092828;0.086142;;;;;;;;
929.687125;0.030368;0.041681;0.040854;0.149091;0.281283;0.233068;0.212823;0.139310;0.132012;0.094251;0.080349;0.073772;;;;;;;;
930.651531;0.022547;0.033914;0.035515;0.141543;0.271991;0.225289;0.203503;0.127385;0.118699;0.079126;0.067052;0.062271;;;;;;;;
931.615936;0.020783;0.033160;0.037148;0.141410;0.266507;0.220752;0.200490;0.124462;0.113423;0.071164;0.060828;0.055623;;;;;;;;
932.580342;0.025585;0.038359;0.042619;0.140266;0.264716;0.217146;0.200517;0.127977;0.114302;0.076019;0.066213;0.057597;;;;;;;;
933.544748;0.036390;0.050260;0.049090;0.143095;0.262413;0.219200;0.205154;0.134766;0.121966;0.086257;0.078097;0.069676;;;;;;;;
934.509154;0.050588;0.060838;0.055683;0.153534;0.264894;0.226723;0.209409;0.144329;0.133287;0.099876;0.090775;0.084268;;;;;;;;
935.473559;0.062592;0.066087;0.062836;0.162276;0.273114;0.234288;0.209466;0.153426;0.142278;0.114040;0.101217;0.094446;;;;;;;;
936.437965;0.064938;0.067353;0.066066;0.160495;0.273431;0.235414;0.211967;0.155209;0.143799;0.118637;0.104530;0.097595;;;;;;;;
937.402371;0.052723;0.057629;0.059668;0.149480;0.260657;0.224528;0.208945;0.148577;0.134172;0.107378;0.096740;0.090607;;;;;;;;
938.366776;0.032363;0.038563;0.046178;0.130720;0.244145;0.205955;0.190002;0.130429;0.116094;0.081772;0.078706;0.072842;;;;;;;;
939.331182;0.020711;0.025980;0.033638;0.113499;0.230000;0.191780;0.175195;0.108195;0.099262;0.061939;0.062390;0.053933;;;;;;;;
940.295588;0.021153;0.023622;0.030693;0.110210;0.222105;0.185483;0.173444;0.100440;0.095081;0.058749;0.056629;0.047585;;;;;;;;
941.259994;0.026360;0.030031;0.037392;0.116032;0.219645;0.185721;0.174553;0.105728;0.102221;0.064927;0.061202;0.054241;;;;;;;;
942.224399;0.035404;0.042270;0.045812;0.122727;0.220234;0.193510;0.177633;0.116618;0.112363;0.081318;0.075293;0.064313;;;;;;;;
943.188805;0.044207;0.051205;0.052529;0.128855;0.225300;0.202615;0.179363;0.124924;0.121224;0.094572;0.088326;0.071637;;;;;;;;
944.153211;0.050013;0.054973;0.059252;0.132724;0.228121;0.205518;0.176212;0.126956;0.125684;0.095764;0.091811;0.077315;;;;;;;;
945.117617;0.051335;0.056485;0.061952;0.132238;0.221255;0.201931;0.175145;0.129590;0.124558;0.098331;0.089401;0.080609;;;;;;;;
946.082022;0.046038;0.054551;0.056128;0.127855;0.212750;0.193254;0.177587;0.125900;0.115685;0.092760;0.083365;0.077524;;;;;;;;
947.046428;0.038818;0.044348;0.046647;0.120197;0.206286;0.183275;0.169951;0.112908;0.100945;0.073926;0.073443;0.068751;;;;;;;;
948.010834;0.028521;0.030860;0.037041;0.111209;0.197537;0.168961;0.150535;0.100173;0.090441;0.063433;0.061936;0.057170;;;;;;;;
948.975240;0.022750;0.028738;0.030617;0.103622;0.189757;0.154946;0.140583;0.090929;0.086430;0.061381;0.055826;0.049993;;;;;;;;
949.939645;0.030324;0.037133;0.032461;0.101860;0.189763;0.156826;0.147475;0.095387;0.089457;0.064034;0.059049;0.053358;;;;;;;;
950.904051;0.039987;0.047183;0.042306;0.108813;0.194025;0.164403;0.155106;0.109256;0.100258;0.075285;0.067030;0.063297;;;;;;;;
951.868457;0.047055;0.054148;0.054763;0.118292;0.192777;0.167423;0.156105;0.118205;0.110998;0.088184;0.077020;0.074756;;;;;;;;
952.832862;0.051913;0.055970;0.060647;0.124058;0.192055;0.170974;0.156726;0.121551;0.113636;0.094577;0.087310;0.083957;;;;;;;;
953.797268;0.052213;0.055480;0.058660;0.122932;0.195188;0.170730;0.157371;0.120744;0.110564;0.095356;0.089816;0.086298;;;;;;;;
954.761674;0.049554;0.050857;0.053184;0.110606;0.188019;0.162250;0.150702;0.112694;0.104223;0.088966;0.078397;0.076995;;;;;;;;
955.726080;0.039037;0.041254;0.042174;0.095947;0.170171;0.148187;0.135972;0.095687;0.089667;0.073916;0.062129;0.058673;;;;;;;;
956.690485;0.025376;0.033819;0.028976;0.088448;0.152367;0.136383;0.126798;0.080520;0.074699;0.057616;0.050933;0.045138;;;;;;;;
957.654891;0.018483;0.027410;0.020423;0.083378;0.142130;0.127334;0.123515;0.075480;0.066516;0.045905;0.044550;0.037115;;;;;;;;
958.619297;0.017516;0.024245;0.021966;0.081638;0.143527;0.119886;0.117315;0.076868;0.066146;0.047264;0.047244;0.034331;;;;;;;;
959.583703;0.027181;0.034056;0.036724;0.086222;0.154046;0.126020;0.118423;0.086885;0.079408;0.062557;0.060681;0.047802;;;;;;;;
960.548108;0.043980;0.050437;0.054965;0.095955;0.165321;0.140013;0.129201;0.101445;0.095335;0.077837;0.075683;0.069350;;;;;;;;
961.512514;0.054290;0.059491;0.064726;0.107432;0.168924;0.147674;0.138457;0.111637;0.101945;0.089045;0.084931;0.083501;;;;;;;;
962.476920;0.056130;0.060502;0.065080;0.111746;0.167648;0.148667;0.142699;0.113002;0.102834;0.096560;0.085322;0.087187;;;;;;;;
963.441325;0.052607;0.056111;0.058525;0.107763;0.164439;0.142175;0.139200;0.100184;0.097671;0.091713;0.076976;0.078775;;;;;;;;
964.405731;0.042219;0.047677;0.045063;0.098888;0.152481;0.130649;0.125391;0.083816;0.085114;0.073298;0.063380;0.064979;;;;;;;;
965.370137;0.032552;0.039770;0.032402;0.084770;0.137182;0.120966;0.110674;0.076316;0.071560;0.054400;0.050194;0.054011;;;;;;;;
966.334543;0.028804;0.033122;0.026622;0.074464;0.129828;0.111457;0.102223;0.069979;0.063226;0.045010;0.043528;0.044232;;;;;;;;
967.298948;0.028368;0.033592;0.028078;0.074027;0.130230;0.106727;0.101052;0.068550;0.063578;0.046064;0.047505;0.042102;;;;;;;;
968.263354;0.035661;0.042283;0.039172;0.081725;0.135923;0.115948;0.109322;0.079391;0.073115;0.058778;0.060471;0.053148;;;;;;;;
969.227760;0.047090;0.049525;0.052109;0.092022;0.142354;0.127319;0.119012;0.091228;0.083614;0.074739;0.071912;0.068805;;;;;;;;
970.192166;0.053557;0.054087;0.059188;0.096728;0.144765;0.127805;0.120935;0.095148;0.089605;0.081673;0.077484;0.078244;;;;;;;;
971.156571;0.056974;0.055272;0.063532;0.097297;0.145015;0.126329;0.119817;0.092753;0.092778;0.080960;0.079635;0.079362;;;;;;;;
972.120977;0.052571;0.049604;0.061259;0.095559;0.138575;0.124065;0.115699;0.086553;0.086139;0.073589;0.072419;0.075534;;;;;;;;
973.085383;0.036806;0.042241;0.049767;0.084296;0.124335;0.114321;0.100837;0.078283;0.072757;0.061293;0.058230;0.065854;;;;;;;;
974.049789;0.024181;0.031320;0.035660;0.069850;0.113265;0.099892;0.081406;0.066319;0.059252;0.049666;0.045950;0.047390;;;;;;;;
975.014194;0.018621;0.020411;0.023606;0.065423;0.105586;0.085867;0.073826;0.055652;0.044910;0.039162;0.037225;0.029380;;;;;;;;
975.978600;0.020833;0.023571;0.022440;0.069162;0.105080;0.084832;0.081628;0.056774;0.045144;0.038930;0.039622;0.030608;;;;;;;;
976.943006;0.033362;0.037519;0.034347;0.072453;0.111653;0.096333;0.091431;0.068708;0.060839;0.052032;0.050968;0.048720;;;;;;;;
977.907411;0.047170;0.051974;0.049459;0.077555;0.117457;0.107702;0.099316;0.083039;0.077055;0.068070;0.062518;0.064572;;;;;;;;
978.871817;0.055040;0.059470;0.058769;0.084785;0.122284;0.115374;0.107867;0.090352;0.086132;0.077349;0.072582;0.072859;;;;;;;;
979.836223;0.055219;0.056660;0.060119;0.083819;0.121164;0.116777;0.110754;0.086519;0.083638;0.076849;0.073628;0.074363;;;;;;;;
980.800629;0.050028;0.050988;0.054676;0.077394;0.116327;0.111487;0.105031;0.077566;0.073796;0.071711;0.066968;0.067487;;;;;;;;
981.765034;0.045854;0.044288;0.044926;0.071777;0.113683;0.102779;0.094416;0.069372;0.064896;0.062448;0.063227;0.056260;;;;;;;;
982.729440;0.037269;0.035343;0.035492;0.064150;0.104800;0.090618;0.082705;0.060984;0.057076;0.049134;0.053765;0.043220;;;;;;;;
983.693846;0.027539;0.031304;0.029671;0.060120;0.095987;0.082265;0.073790;0.051742;0.050228;0.041206;0.039999;0.032521;;;;;;;;
984.658252;0.030004;0.032791;0.031628;0.061258;0.094960;0.080861;0.073683;0.048945;0.050249;0.040615;0.037763;0.031040;;;;;;;;
985.622657;0.038617;0.036793;0.039690;0.066979;0.098558;0.082408;0.082493;0.057182;0.059725;0.047569;0.047339;0.040486;;;;;;;;
986.587063;0.044700;0.045292;0.047268;0.077084;0.104943;0.087312;0.090017;0.070156;0.074414;0.062931;0.060345;0.054138;;;;;;;;
987.551469;0.048625;0.055248;0.053998;0.082131;0.108971;0.093298;0.093862;0.079730;0.085237;0.073652;0.067624;0.064982;;;;;;;;
988.515874;0.050787;0.055907;0.057155;0.078841;0.109355;0.095273;0.095232;0.081399;0.082623;0.071056;0.065382;0.072254;;;;;;;;
989.480280;0.048022;0.047522;0.051387;0.071245;0.105654;0.090255;0.087143;0.070931;0.068913;0.061490;0.056962;0.067958;;;;;;;;
990.444686;0.039647;0.040649;0.042502;0.058723;0.096505;0.082836;0.075923;0.052601;0.052786;0.048802;0.044552;0.052884;;;;;;;;
991.409092;0.035392;0.035747;0.038231;0.049368;0.090544;0.078299;0.072360;0.043429;0.043106;0.039657;0.034677;0.042714;;;;;;;;
992.373497;0.032116;0.029634;0.034058;0.049669;0.086459;0.073027;0.071222;0.044415;0.041005;0.035649;0.032523;0.036149;;;;;;;;
993.337903;0.026594;0.028865;0.030522;0.054967;0.084049;0.073002;0.070509;0.048485;0.044026;0.038426;0.038186;0.035617;;;;;;;;
994.302309;0.032865;0.039103;0.038214;0.064829;0.092106;0.082441;0.074940;0.060093;0.058144;0.053168;0.052280;0.047047;;;;;;;;
995.266715;0.044700;0.050561;0.049130;0.072848;0.101586;0.089530;0.081849;0.072068;0.073806;0.065992;0.065445;0.059701;;;;;;;;
996.231120;0.048195;0.054516;0.052241;0.071375;0.103573;0.088976;0.084741;0.075902;0.077150;0.068032;0.067576;0.067703;;;;;;;;
997.195526;0.050176;0.054903;0.054636;0.068400;0.102346;0.088713;0.085147;0.076890;0.073989;0.068094;0.065484;0.070576;;;;;;;;
998.159932;0.049462;0.051080;0.052238;0.066566;0.097368;0.089327;0.083827;0.071961;0.068066;0.063302;0.064279;0.064520;;;;;;;;
999.124338;0.040099;0.042973;0.042478;0.058692;0.089513;0.083048;0.074641;0.059744;0.058317;0.051215;0.056163;0.054563;;;;;;;;
1000.088743;0.032246;0.035770;0.037214;0.048384;0.081892;0.074557;0.063507;0.051876;0.048469;0.042703;0.043138;0.044833;;;;;;;;
1001.053149;0.028876;0.029733;0.032331;0.044875;0.076739;0.070175;0.059731;0.050098;0.041734;0.040019;0.034606;0.037369;;;;;;;;
1002.017555;0.030482;0.028893;0.030859;0.051373;0.078926;0.070720;0.062336;0.050223;0.042229;0.041489;0.036810;0.038242;;;;;;;;
1002.981960;0.037745;0.034711;0.038650;0.060680;0.084762;0.076094;0.068953;0.054779;0.050761;0.047623;0.048347;0.047119;;;;;;;;
1003.946366;0.044860;0.042985;0.047775;0.066725;0.089738;0.082320;0.075987;0.066031;0.062631;0.057096;0.058529;0.059329;;;;;;;;
1004.910772;0.049033;0.050712;0.057659;0.068832;0.094374;0.087966;0.080234;0.076021;0.071315;0.067406;0.065832;0.068092;;;;;;;;
1005.875178;0.050098;0.054361;0.063638;0.065865;0.095991;0.089336;0.080971;0.075652;0.074244;0.070996;0.073735;0.069056;;;;;;;;
1006.839583;0.049403;0.052468;0.055075;0.061700;0.094258;0.085080;0.076356;0.067568;0.070318;0.064546;0.073158;0.063992;;;;;;;;
1007.803989;0.044808;0.045414;0.042381;0.058325;0.091331;0.079267;0.068619;0.057354;0.057090;0.054175;0.061047;0.053687;;;;;;;;
1008.768395;0.032909;0.032912;0.033439;0.051157;0.083886;0.068155;0.059890;0.046849;0.041814;0.041822;0.043537;0.040699;;;;;;;;
1009.732801;0.023473;0.021419;0.024983;0.042787;0.074103;0.057942;0.051937;0.038738;0.034146;0.031308;0.028224;0.028255;;;;;;;;
1010.697206;0.025804;0.021772;0.023014;0.042522;0.072917;0.060139;0.054526;0.041036;0.035785;0.030038;0.028437;0.024494;;;;;;;;
1011.661612;0.035706;0.033472;0.030760;0.051768;0.079423;0.069816;0.064537;0.054336;0.047756;0.041317;0.041569;0.037446;;;;;;;;
1012.626018;0.044402;0.044737;0.042071;0.060810;0.083302;0.076351;0.070639;0.065809;0.064670;0.059969;0.055857;0.056843;;;;;;;;
1013.590423;0.048901;0.049717;0.049739;0.065899;0.086123;0.078396;0.073032;0.069518;0.073027;0.072000;0.068088;0.067946;;;;;;;;
1014.554829;0.049053;0.051654;0.050115;0.068892;0.088885;0.078998;0.070786;0.069865;0.070604;0.071406;0.071425;0.068274;;;;;;;;
1015.519235;0.046968;0.052797;0.047560;0.065409;0.085350;0.076146;0.066004;0.069886;0.066441;0.064580;0.065216;0.062845;;;;;;;;
1016.483641;0.044952;0.050901;0.045474;0.057048;0.078747;0.069509;0.064104;0.064832;0.058110;0.053020;0.056622;0.054825;;;;;;;;
1017.448046;0.035396;0.041742;0.037027;0.046842;0.069456;0.061228;0.056458;0.051021;0.043508;0.037052;0.043093;0.041615;;;;;;;;
1018.412452;0.024513;0.029227;0.026200;0.038646;0.061380;0.056273;0.048009;0.040591;0.037676;0.028140;0.032026;0.030394;;;;;;;;
1019.376858;0.025145;0.024649;0.022584;0.040149;0.062525;0.057775;0.052656;0.039876;0.043510;0.032736;0.032310;0.030708;;;;;;;;
1020.341264;0.031500;0.030435;0.025244;0.045563;0.067669;0.061881;0.059565;0.046096;0.050602;0.041943;0.040169;0.038979;;;;;;;;
1021.305669;0.039614;0.040883;0.036401;0.053758;0.074533;0.070517;0.061708;0.059417;0.060042;0.051917;0.052856;0.053316;;;;;;;;
1022.270075;0.048057;0.049655;0.051619;0.065712;0.083209;0.080737;0.069182;0.070705;0.070862;0.064262;0.066875;0.068871;;;;;;;;
1023.234481;0.053513;0.052395;0.057232;0.069382;0.089093;0.082436;0.075818;0.070698;0.073617;0.069823;0.076587;0.073330;;;;;;;;
1024.198887;0.054805;0.048966;0.053547;0.065187;0.090586;0.078538;0.070020;0.066155;0.066936;0.064002;0.075737;0.069016;;;;;;;;
1025.163292;0.048613;0.040668;0.048339;0.060568;0.088966;0.076180;0.061911;0.064251;0.057397;0.057142;0.063214;0.063674;;;;;;;;
1026.127698;0.038313;0.030757;0.040575;0.051889;0.080680;0.070514;0.057631;0.058352;0.048384;0.047813;0.047681;0.050927;;;;;;;;
1027.092104;0.030630;0.025940;0.031457;0.043722;0.068586;0.062022;0.055948;0.050594;0.042803;0.038267;0.039266;0.037592;;;;;;;;
1028.056509;0.030021;0.026286;0.030925;0.047779;0.066968;0.063348;0.058787;0.052520;0.044488;0.041174;0.040555;0.038216;;;;;;;;
1029.020915;0.037953;0.031666;0.040061;0.060567;0.074343;0.071329;0.063743;0.059875;0.051535;0.050273;0.045796;0.047350;;;;;;;;
1029.985321;0.049396;0.044249;0.050253;0.066853;0.083265;0.072549;0.070335;0.067256;0.061372;0.059255;0.055930;0.057487;;;;;;;;
1030.949727;0.057256;0.054271;0.057201;0.066651;0.089890;0.069377;0.075679;0.072171;0.071190;0.065946;0.066644;0.066182;;;;;;;;
1031.914132;0.057958;0.055215;0.058860;0.066766;0.086977;0.070564;0.074945;0.069447;0.076164;0.065661;0.065498;0.067095;;;;;;;;
1032.878538;0.053845;0.050964;0.055342;0.061450;0.082421;0.074716;0.070736;0.062197;0.071048;0.060812;0.059207;0.059347;;;;;;;;
1033.842944;0.047447;0.041216;0.048877;0.050840;0.082687;0.073801;0.064647;0.055482;0.058750;0.047545;0.053322;0.051281;;;;;;;;
1034.807350;0.039477;0.033473;0.035939;0.043676;0.079743;0.066192;0.057491;0.053909;0.049912;0.033822;0.045530;0.046520;;;;;;;;
1035.771755;0.031299;0.030554;0.021720;0.043211;0.073723;0.059428;0.050263;0.052481;0.042298;0.032430;0.038403;0.038997;;;;;;;;
1036.736161;0.025785;0.029121;0.020302;0.044227;0.067350;0.058808;0.045909;0.046850;0.037836;0.035398;0.031060;0.034413;;;;;;;;
1037.700567;0.028164;0.033785;0.029752;0.043136;0.065175;0.059494;0.051274;0.051047;0.042224;0.042195;0.035093;0.040730;;;;;;;;
1038.664973;0.038097;0.039532;0.039211;0.047858;0.072286;0.060388;0.061018;0.063149;0.051750;0.055792;0.053757;0.050401;;;;;;;;
1039.629378;0.047303;0.043833;0.046592;0.057006;0.082232;0.066320;0.066837;0.069786;0.064724;0.065658;0.067615;0.060625;;;;;;;;
1040.593784;0.048291;0.049688;0.049197;0.058434;0.082319;0.070735;0.069519;0.070874;0.069939;0.064141;0.068480;0.068350;;;;;;;;
1041.558190;0.046632;0.051269;0.048206;0.056791;0.078964;0.072228;0.069858;0.068082;0.063639;0.061322;0.065096;0.065682;;;;;;;;
1042.522595;0.047580;0.049619;0.048821;0.056932;0.083844;0.072197;0.066802;0.064613;0.057799;0.060441;0.058684;0.056708;;;;;;;;
1043.487001;0.041764;0.043412;0.041602;0.049611;0.082169;0.064137;0.057391;0.057899;0.051059;0.048675;0.046540;0.045717;;;;;;;;
1044.451407;0.032180;0.031817;0.031061;0.042158;0.071280;0.060295;0.048916;0.047761;0.046630;0.035235;0.037567;0.037213;;;;;;;;
1045.415813;0.031227;0.028114;0.034232;0.046515;0.069487;0.065428;0.051460;0.046259;0.050408;0.037109;0.038451;0.035884;;;;;;;;
1046.380218;0.037068;0.034299;0.041940;0.054292;0.076048;0.070591;0.059321;0.052433;0.060976;0.049594;0.045497;0.040344;;;;;;;;
1047.344624;0.043723;0.042461;0.046204;0.057593;0.081639;0.073949;0.065286;0.059746;0.071263;0.061936;0.055910;0.051288;;;;;;;;
1048.309030;0.050040;0.049024;0.053532;0.060357;0.084130;0.073528;0.067270;0.067136;0.071256;0.070632;0.065836;0.066784;;;;;;;;
1049.273436;0.054125;0.056879;0.059315;0.064899;0.084865;0.074624;0.069195;0.075580;0.068330;0.074446;0.071608;0.076571;;;;;;;;
1050.237841;0.053471;0.061426;0.059674;0.069135;0.088739;0.079054;0.073590;0.079344;0.070448;0.070608;0.073372;0.075147;;;;;;;;
1051.202247;0.049215;0.051114;0.054106;0.067149;0.093571;0.076502;0.071764;0.069643;0.068707;0.061493;0.068520;0.067325;;;;;;;;
1052.166653;0.042105;0.037333;0.041516;0.056341;0.088777;0.069972;0.064173;0.058852;0.060554;0.051094;0.054016;0.054477;;;;;;;;
1053.131058;0.035837;0.031933;0.035570;0.048672;0.079246;0.068542;0.059439;0.055181;0.052181;0.043780;0.040837;0.043704;;;;;;;;
1054.095464;0.030880;0.028575;0.035652;0.048485;0.073273;0.066838;0.056760;0.054771;0.046698;0.041071;0.040764;0.042894;;;;;;;;
1055.059870;0.028060;0.028088;0.033219;0.050407;0.070430;0.062204;0.055434;0.059257;0.047497;0.040735;0.046514;0.047973;;;;;;;;
1056.024276;0.036382;0.034100;0.037018;0.056945;0.073785;0.063982;0.058510;0.065897;0.057084;0.047083;0.052291;0.056717;;;;;;;;
1056.988681;0.048472;0.040728;0.047838;0.064505;0.081381;0.072071;0.064439;0.072486;0.066965;0.059723;0.060791;0.066800;;;;;;;;
1057.953087;0.050606;0.043111;0.053691;0.064858;0.086852;0.076825;0.068764;0.073576;0.066326;0.066602;0.065603;0.071774;;;;;;;;
1058.917493;0.047904;0.044691;0.050052;0.061497;0.088703;0.076339;0.069512;0.066284;0.062419;0.062663;0.062138;0.068663;;;;;;;;
1059.881899;0.043035;0.045294;0.042412;0.057040;0.085245;0.073641;0.064975;0.062067;0.061296;0.054095;0.056345;0.057855;;;;;;;;
1060.846304;0.035011;0.037999;0.035561;0.052287;0.080285;0.070960;0.057047;0.058632;0.053349;0.044155;0.048652;0.043189;;;;;;;;
1061.810710;0.028577;0.029019;0.028368;0.051439;0.081737;0.068756;0.052812;0.050025;0.044858;0.036330;0.040873;0.034483;;;;;;;;
1062.775116;0.025447;0.027664;0.023685;0.051074;0.085758;0.067192;0.055074;0.046748;0.045371;0.036079;0.038442;0.034569;;;;;;;;
1063.739522;0.028275;0.032232;0.029105;0.051851;0.086870;0.070748;0.061810;0.055431;0.051200;0.045384;0.041565;0.039419;;;;;;;;
1064.703927;0.038277;0.041409;0.041303;0.056459;0.087938;0.079366;0.067917;0.070616;0.061766;0.060671;0.051522;0.050854;;;;;;;;
1065.668333;0.047385;0.050243;0.048916;0.060736;0.090261;0.083565;0.069019;0.080525;0.072951;0.070144;0.063974;0.064328;;;;;;;;
1066.632739;0.048871;0.055006;0.053380;0.064726;0.094765;0.081060;0.070482;0.078429;0.074642;0.070555;0.072041;0.071434;;;;;;;;
1067.597144;0.048134;0.056373;0.058527;0.066134;0.100672;0.077641;0.075003;0.072489;0.065596;0.070122;0.074796;0.070787;;;;;;;;
1068.561550;0.045574;0.047986;0.054660;0.063379;0.102924;0.074028;0.072737;0.069593;0.058341;0.065472;0.066368;0.061726;;;;;;;;
1069.525956;0.035964;0.036413;0.042531;0.058405;0.100619;0.069892;0.063095;0.062694;0.054331;0.052653;0.049715;0.048466;;;;;;;;
1070.490362;0.027186;0.029883;0.033458;0.048796;0.094643;0.065365;0.056094;0.054821;0.047328;0.041584;0.036466;0.037987;;;;;;;;
1071.454767;0.023985;0.025208;0.027218;0.044917;0.087696;0.063706;0.055843;0.053990;0.046822;0.039462;0.031242;0.036356;;;;;;;;
1072.419173;0.025532;0.026038;0.024812;0.049795;0.083477;0.065870;0.060821;0.057033;0.051335;0.045249;0.036748;0.041991;;;;;;;;
1073.383579;0.034870;0.032069;0.033251;0.055131;0.086266;0.068940;0.067929;0.063221;0.058509;0.055364;0.049273;0.049586;;;;;;;;
1074.347985;0.046230;0.043369;0.049046;0.063575;0.097463;0.077750;0.075390;0.073196;0.070415;0.065718;0.064060;0.062272;;;;;;;;
1075.312390;0.052180;0.057210;0.061058;0.070469;0.108555;0.090512;0.081783;0.082302;0.074286;0.072964;0.076352;0.075598;;;;;;;;
1076.276796;0.054174;0.060847;0.063752;0.070156;0.113841;0.096930;0.086211;0.083981;0.073617;0.073249;0.078601;0.077289;;;;;;;;
1077.241202;0.050678;0.054366;0.054164;0.068696;0.110107;0.096705;0.083549;0.074967;0.071403;0.065224;0.071177;0.066272;;;;;;;;
1078.205607;0.044029;0.045831;0.039188;0.063665;0.099412;0.092304;0.074653;0.060746;0.060435;0.054232;0.058788;0.050302;;;;;;;;
1079.170013;0.039410;0.037734;0.032094;0.055869;0.094588;0.085739;0.074231;0.054023;0.054285;0.046524;0.045701;0.039549;;;;;;;;
1080.134419;0.035941;0.031494;0.032023;0.053119;0.094160;0.080857;0.077353;0.057706;0.055002;0.045740;0.037953;0.040924;;;;;;;;
1081.098825;0.034867;0.032561;0.033392;0.055562;0.090886;0.079200;0.074999;0.060741;0.058516;0.049174;0.040736;0.047413;;;;;;;;
1082.063230;0.035962;0.039632;0.035797;0.059084;0.087232;0.081159;0.076841;0.061944;0.064785;0.055360;0.051220;0.050568;;;;;;;;
1083.027636;0.039415;0.043648;0.041311;0.064077;0.091201;0.086095;0.081582;0.066535;0.069918;0.066315;0.063440;0.057829;;;;;;;;
1083.992042;0.048354;0.048572;0.049548;0.071188;0.104479;0.090938;0.082173;0.072649;0.075292;0.074064;0.074452;0.068901;;;;;;;;
1084.956448;0.055703;0.050601;0.050635;0.071549;0.110289;0.091437;0.079994;0.079065;0.075167;0.070228;0.074763;0.071605;;;;;;;;
1085.920853;0.050080;0.041812;0.043852;0.068934;0.105888;0.089911;0.075306;0.080910;0.069965;0.060122;0.065828;0.067815;;;;;;;;
1086.885259;0.037109;0.036010;0.038956;0.068364;0.104490;0.085415;0.068913;0.070682;0.064904;0.052636;0.056704;0.057590;;;;;;;;
1087.849665;0.030925;0.034938;0.035676;0.059439;0.101441;0.077757;0.067028;0.058068;0.055424;0.048702;0.048182;0.046175;;;;;;;;
1088.814071;0.032193;0.031583;0.033490;0.052958;0.096538;0.076904;0.071706;0.055285;0.052390;0.047167;0.046366;0.044639;;;;;;;;
1089.778476;0.035191;0.029663;0.034782;0.056161;0.096344;0.079574;0.072138;0.059702;0.059891;0.052505;0.049439;0.046859;;;;;;;;
1090.742882;0.039715;0.035033;0.039753;0.059813;0.098751;0.081659;0.072539;0.066998;0.067875;0.062335;0.055955;0.053135;;;;;;;;
1091.707288;0.046229;0.046072;0.044396;0.064746;0.102808;0.085866;0.081591;0.072107;0.073380;0.070655;0.066843;0.065249;;;;;;;;
1092.671693;0.052599;0.051508;0.047040;0.070935;0.107978;0.088696;0.084625;0.072429;0.076550;0.076436;0.072572;0.071615;;;;;;;;
1093.636099;0.053400;0.050502;0.052421;0.075166;0.108961;0.092803;0.081186;0.075873;0.079413;0.073360;0.072424;0.073403;;;;;;;;
1094.600505;0.050577;0.049322;0.056151;0.078011;0.105932;0.098871;0.083745;0.081727;0.079537;0.065330;0.068612;0.072483;;;;;;;;
1095.564911;0.048596;0.043799;0.051294;0.075675;0.101311;0.097183;0.082781;0.080043;0.073891;0.062344;0.059057;0.062192;;;;;;;;
1096.529316;0.038289;0.033073;0.039949;0.065753;0.094130;0.086284;0.073468;0.068107;0.065841;0.055042;0.049162;0.049744;;;;;;;;
1097.493722;0.028260;0.027551;0.030757;0.058559;0.093024;0.079878;0.070497;0.056934;0.060269;0.047356;0.045897;0.043026;;;;;;;;
1098.458128;0.033744;0.032578;0.031317;0.059458;0.098911;0.082672;0.077993;0.058319;0.063212;0.051249;0.049775;0.045078;;;;;;;;
1099.422534;0.043554;0.038888;0.036121;0.060004;0.101588;0.082643;0.081074;0.065700;0.069184;0.059157;0.055720;0.054186;;;;;;;;
1100.386939;0.050194;0.044014;0.042362;0.063473;0.104118;0.087202;0.080115;0.071464;0.072059;0.068087;0.065393;0.066054;;;;;;;;
1101.351345;0.057078;0.054607;0.052297;0.072899;0.111297;0.100984;0.086365;0.076431;0.075774;0.076651;0.076797;0.077264;;;;;;;;
1102.315751;0.060073;0.061711;0.056491;0.076037;0.117896;0.102856;0.092002;0.079461;0.078359;0.078239;0.079435;0.081250;;;;;;;;
1103.280156;0.055514;0.055209;0.048935;0.071044;0.117981;0.094906;0.090035;0.078031;0.074165;0.071280;0.073101;0.077148;;;;;;;;
1104.244562;0.046191;0.044125;0.039631;0.064948;0.112370;0.091016;0.085016;0.073070;0.065769;0.056771;0.062867;0.068280;;;;;;;;
1105.208968;0.037855;0.037777;0.035909;0.062541;0.105311;0.089914;0.079104;0.068661;0.061570;0.050338;0.052255;0.058300;;;;;;;;
1106.173374;0.035000;0.036699;0.037549;0.064518;0.099108;0.091099;0.075888;0.068778;0.062540;0.056329;0.046878;0.052900;;;;;;;;
1107.137779;0.037059;0.036567;0.042117;0.066322;0.099541;0.091354;0.075500;0.070582;0.062737;0.058365;0.048616;0.051530;;;;;;;;
1108.102185;0.040874;0.037411;0.045205;0.067697;0.104368;0.090094;0.077112;0.069080;0.062551;0.058305;0.054562;0.056037;;;;;;;;
1109.066591;0.045648;0.044544;0.048363;0.070057;0.105292;0.092358;0.084139;0.072253;0.064710;0.065562;0.063139;0.067616;;;;;;;;
1110.030997;0.049588;0.051594;0.053646;0.073332;0.107572;0.097270;0.089136;0.079928;0.069725;0.075211;0.069805;0.077539;;;;;;;;
1110.995402;0.050640;0.049377;0.053644;0.076447;0.113796;0.098636;0.084583;0.079471;0.074744;0.077139;0.069972;0.078774;;;;;;;;
1111.959808;0.050368;0.046002;0.048956;0.073611;0.114320;0.093984;0.079548;0.076385;0.073005;0.069645;0.068210;0.070060;;;;;;;;
1112.924214;0.045571;0.045055;0.046808;0.064916;0.109034;0.086577;0.077812;0.073315;0.065862;0.061415;0.063139;0.057592;;;;;;;;
1113.888620;0.038074;0.039744;0.041492;0.060023;0.106283;0.081706;0.078312;0.067164;0.060187;0.054983;0.055095;0.050413;;;;;;;;
1114.853025;0.035211;0.034962;0.034543;0.061890;0.106567;0.082569;0.081033;0.063713;0.058093;0.052151;0.053827;0.049935;;;;;;;;
1115.817431;0.034393;0.033789;0.034492;0.064009;0.102655;0.085788;0.080631;0.062682;0.059541;0.056053;0.056747;0.052726;;;;;;;;
1116.781837;0.034784;0.033985;0.036882;0.062267;0.096287;0.087935;0.079527;0.065357;0.062505;0.060131;0.059711;0.055691;;;;;;;;
1117.746242;0.039994;0.037714;0.041085;0.062037;0.099859;0.091181;0.084446;0.073905;0.068406;0.064078;0.067693;0.063644;;;;;;;;
1118.710648;0.046867;0.044058;0.049013;0.068075;0.112651;0.094405;0.091067;0.081957;0.077967;0.071964;0.077441;0.076527;;;;;;;;
1119.675054;0.049418;0.050693;0.053850;0.073981;0.120460;0.096290;0.089915;0.082548;0.079720;0.075568;0.078311;0.079102;;;;;;;;
1120.639460;0.049020;0.053188;0.054606;0.074010;0.120652;0.098152;0.086005;0.079729;0.074298;0.071023;0.072466;0.072418;;;;;;;;
1121.603865;0.048417;0.047411;0.049956;0.071070;0.116050;0.094372;0.086268;0.076328;0.074498;0.064535;0.065749;0.066992;;;;;;;;
1122.568271;0.043443;0.039241;0.042276;0.067312;0.106666;0.090662;0.085727;0.068760;0.071460;0.059819;0.056437;0.059500;;;;;;;;
1123.532677;0.036251;0.035792;0.040055;0.062275;0.099673;0.093878;0.086129;0.065482;0.061063;0.058050;0.050386;0.053943;;;;;;;;
1124.497083;0.035383;0.038415;0.039541;0.058390;0.098161;0.093079;0.083850;0.068621;0.058503;0.057605;0.054909;0.055515;;;;;;;;
1125.461488;0.040260;0.040794;0.039529;0.060194;0.101323;0.090241;0.077732;0.070764;0.067582;0.059128;0.064818;0.061554;;;;;;;;
1126.425894;0.042632;0.041470;0.044733;0.067048;0.108918;0.091565;0.082275;0.073770;0.077321;0.065489;0.070432;0.068304;;;;;;;;
1127.390300;0.043041;0.046920;0.051674;0.072286;0.116608;0.093418;0.091757;0.078307;0.081568;0.073489;0.072359;0.073093;;;;;;;;
1128.354706;0.048878;0.053532;0.055119;0.074162;0.124845;0.099067;0.093460;0.081572;0.084353;0.075882;0.074309;0.076130;;;;;;;;
1129.319111;0.052098;0.054775;0.053718;0.076493;0.128761;0.105003;0.094263;0.082221;0.083302;0.072529;0.072992;0.072629;;;;;;;;
1130.283517;0.046750;0.049918;0.047805;0.075765;0.120400;0.103855;0.092624;0.077296;0.075218;0.067875;0.068549;0.062862;;;;;;;;
1131.247923;0.041872;0.040469;0.040260;0.069910;0.108557;0.098078;0.086248;0.069080;0.066176;0.059674;0.061626;0.055226;;;;;;;;
1132.212328;0.036106;0.034501;0.035936;0.065570;0.100242;0.090961;0.082792;0.066545;0.061511;0.051552;0.054323;0.051273;;;;;;;;
1133.176734;0.031665;0.035705;0.036671;0.063612;0.096826;0.086778;0.082029;0.069463;0.062497;0.051674;0.053369;0.053425;;;;;;;;
1134.141140;0.038024;0.041386;0.041355;0.065104;0.100536;0.087191;0.080138;0.071074;0.064934;0.057471;0.058071;0.062095;;;;;;;;
1135.105546;0.048955;0.047837;0.049840;0.071202;0.108810;0.091217;0.081606;0.076910;0.068457;0.066891;0.063049;0.071818;;;;;;;;
1136.069951;0.053653;0.049058;0.057981;0.074511;0.113685;0.097815;0.089787;0.084504;0.076894;0.077077;0.067950;0.079367;;;;;;;;
1137.034357;0.052838;0.048078;0.058379;0.074573;0.113415;0.103243;0.095404;0.079854;0.082418;0.078215;0.073301;0.080634;;;;;;;;
1137.998763;0.050280;0.049858;0.055064;0.074739;0.116354;0.101355;0.093109;0.073225;0.077866;0.071549;0.071857;0.075036;;;;;;;;
1138.963169;0.047820;0.048661;0.054511;0.072386;0.119806;0.096287;0.090213;0.075374;0.071117;0.065001;0.064478;0.069111;;;;;;;;
1139.927574;0.044624;0.044033;0.049823;0.067892;0.114904;0.096251;0.087736;0.076724;0.066362;0.060622;0.060140;0.063411;;;;;;;;
1140.891980;0.037848;0.037764;0.040547;0.062517;0.103628;0.093427;0.081075;0.073298;0.063142;0.058181;0.053794;0.057483;;;;;;;;
1141.856386;0.033937;0.033417;0.036594;0.061059;0.097162;0.088925;0.078064;0.069080;0.066465;0.058093;0.049410;0.056807;;;;;;;;
1142.820791;0.039489;0.035917;0.039745;0.063868;0.103288;0.090777;0.083676;0.069027;0.072641;0.062882;0.057371;0.059659;;;;;;;;
1143.785197;0.045358;0.039758;0.044841;0.064945;0.111753;0.092484;0.086931;0.071202;0.074820;0.068892;0.067334;0.061987;;;;;;;;
1144.749603;0.047129;0.044173;0.049244;0.069196;0.114090;0.095951;0.088194;0.073341;0.077990;0.071503;0.072090;0.068462;;;;;;;;
1145.714009;0.051893;0.049656;0.053558;0.077842;0.113977;0.103340;0.093419;0.081833;0.082020;0.073995;0.077328;0.076295;;;;;;;;
1146.678414;0.055436;0.049519;0.055820;0.080674;0.113203;0.103591;0.096504;0.089041;0.080217;0.073940;0.078903;0.075667;;;;;;;;
1147.642820;0.053503;0.048657;0.053996;0.079494;0.115421;0.099880;0.097935;0.084167;0.074968;0.069075;0.074384;0.070940;;;;;;;;
1148.607226;0.050689;0.048423;0.050988;0.077559;0.118344;0.097345;0.097458;0.077433;0.072653;0.065816;0.068716;0.068115;;;;;;;;
1149.571632;0.043570;0.042260;0.045573;0.070633;0.112784;0.092036;0.089476;0.073245;0.071786;0.063093;0.061841;0.062130;;;;;;;;
1150.536037;0.035182;0.038422;0.039112;0.065200;0.105126;0.090239;0.081107;0.071633;0.068431;0.061829;0.058559;0.056697;;;;;;;;
1151.500443;0.037680;0.042148;0.039688;0.065663;0.105001;0.093722;0.082441;0.074070;0.067110;0.066870;0.062533;0.059538;;;;;;;;
1152.464849;0.046842;0.045353;0.045950;0.066156;0.107547;0.094288;0.086767;0.075571;0.069767;0.071077;0.067481;0.063911;;;;;;;;
1153.429255;0.052359;0.048168;0.051323;0.066982;0.110613;0.094843;0.086855;0.077811;0.072859;0.071234;0.070697;0.067618;;;;;;;;
1154.393660;0.054794;0.052163;0.053242;0.068552;0.116193;0.098921;0.090366;0.080559;0.074401;0.071694;0.073588;0.073348;;;;;;;;
1155.358066;0.052380;0.051906;0.051448;0.070456;0.121366;0.102642;0.094418;0.078918;0.075216;0.069497;0.075521;0.073098;;;;;;;;
1156.322472;0.045577;0.047337;0.047466;0.072092;0.121086;0.104020;0.091551;0.076026;0.075574;0.065153;0.071936;0.066588;;;;;;;;
1157.286877;0.042624;0.040049;0.042082;0.067757;0.111799;0.100571;0.089780;0.074123;0.072087;0.062268;0.063551;0.059198;;;;;;;;
1158.251283;0.041021;0.034573;0.038750;0.062846;0.103673;0.096088;0.089671;0.072983;0.070779;0.060340;0.058612;0.054803;;;;;;;;
1159.215689;0.034544;0.032323;0.036574;0.060543;0.099663;0.090803;0.084162;0.069895;0.068977;0.056116;0.053824;0.053710;;;;;;;;
1160.180095;0.030555;0.032070;0.034226;0.059230;0.096532;0.084379;0.079097;0.068631;0.061109;0.052696;0.052637;0.053793;;;;;;;;
1161.144500;0.036569;0.038780;0.041833;0.063911;0.104235;0.088487;0.083356;0.075132;0.064589;0.061118;0.064798;0.062872;;;;;;;;
1162.108906;0.045626;0.048009;0.054521;0.070515;0.116121;0.100125;0.090071;0.080849;0.077106;0.073735;0.075257;0.075838;;;;;;;;
1163.073312;0.052110;0.052978;0.058392;0.074962;0.120951;0.106280;0.092411;0.083296;0.081663;0.076918;0.075900;0.080282;;;;;;;;
1164.037718;0.057045;0.055595;0.060314;0.080133;0.127505;0.110312;0.095385;0.087084;0.083329;0.075018;0.078210;0.080949;;;;;;;;
1165.002123;0.055824;0.053388;0.058933;0.080342;0.129898;0.112559;0.096252;0.085652;0.082287;0.070380;0.076549;0.074965;;;;;;;;
1165.966529;0.049610;0.046365;0.047531;0.073814;0.120769;0.106437;0.092432;0.078512;0.077251;0.066222;0.065396;0.065304;;;;;;;;
1166.930935;0.045314;0.040437;0.038014;0.068901;0.111800;0.099468;0.090700;0.074520;0.074199;0.065663;0.057101;0.063691;;;;;;;;
1167.895340;0.040199;0.037608;0.034534;0.067205;0.106793;0.096462;0.088579;0.074526;0.072812;0.063209;0.056932;0.063702;;;;;;;;
1168.859746;0.035322;0.037626;0.034706;0.066038;0.104709;0.092045;0.084699;0.073728;0.069882;0.061578;0.058864;0.063607;;;;;;;;
1169.824152;0.036521;0.041850;0.039245;0.066409;0.106004;0.088845;0.083394;0.072264;0.066105;0.065068;0.062525;0.067459;;;;;;;;
1170.788558;0.040521;0.047828;0.042971;0.068945;0.109136;0.090347;0.083436;0.075336;0.068740;0.069707;0.068608;0.072626;;;;;;;;
1171.752963;0.044332;0.049570;0.045396;0.073979;0.115636;0.096657;0.089908;0.083441;0.077061;0.073852;0.071915;0.077588;;;;;;;;
1172.717369;0.047962;0.048981;0.050358;0.079978;0.121482;0.105962;0.100094;0.087460;0.081259;0.076001;0.072376;0.077111;;;;;;;;
1173.681775;0.049748;0.047650;0.051521;0.082163;0.120561;0.107230;0.099252;0.084570;0.078828;0.072383;0.071330;0.070665;;;;;;;;
1174.646181;0.049181;0.044302;0.047551;0.079619;0.117573;0.103092;0.094035;0.081817;0.074523;0.068359;0.068875;0.066261;;;;;;;;
1175.610586;0.045115;0.041944;0.044779;0.074854;0.115129;0.102020;0.092941;0.079761;0.072690;0.066889;0.066768;0.064429;;;;;;;;
1176.574992;0.039627;0.039626;0.042096;0.069167;0.111725;0.097187;0.091646;0.076194;0.072404;0.063888;0.065776;0.062527;;;;;;;;
1177.539398;0.036258;0.038606;0.040024;0.065487;0.108327;0.091184;0.087534;0.073035;0.069208;0.062800;0.066176;0.062735;;;;;;;;
1178.503804;0.037591;0.040882;0.043466;0.067105;0.107777;0.091444;0.081968;0.073729;0.064776;0.065385;0.065947;0.066946;;;;;;;;
1179.468209;0.044409;0.043965;0.050123;0.070144;0.114504;0.095585;0.082097;0.079072;0.069683;0.069316;0.067676;0.072321;;;;;;;;
1180.432615;0.051562;0.047896;0.051825;0.070694;0.121081;0.100443;0.087583;0.084583;0.078601;0.073061;0.072304;0.074417;;;;;;;;
1181.397021;0.053872;0.049555;0.049102;0.072053;0.117592;0.102854;0.090759;0.086675;0.076097;0.071728;0.071896;0.071666;;;;;;;;
1182.361426;0.052295;0.047909;0.048722;0.076557;0.115880;0.104514;0.093913;0.086130;0.072909;0.068756;0.068291;0.068411;;;;;;;;
1183.325832;0.050824;0.046648;0.048233;0.079225;0.119172;0.107389;0.097185;0.084088;0.076433;0.068368;0.065372;0.068707;;;;;;;;
1184.290238;0.047620;0.045834;0.045377;0.074953;0.116461;0.106490;0.095755;0.080903;0.077853;0.066820;0.062260;0.067709;;;;;;;;
1185.254644;0.042237;0.044356;0.043001;0.071148;0.111526;0.103512;0.093089;0.078980;0.076780;0.065171;0.063178;0.064369;;;;;;;;
1186.219049;0.040633;0.041224;0.041283;0.071378;0.108240;0.100903;0.090785;0.079496;0.073119;0.064564;0.065299;0.063557;;;;;;;;
1187.183455;0.040395;0.040483;0.040925;0.069727;0.106515;0.096932;0.087581;0.079215;0.068443;0.065625;0.063996;0.065611;;;;;;;;
1188.147861;0.040868;0.043131;0.043764;0.070472;0.112192;0.097931;0.089606;0.078681;0.070655;0.070226;0.065124;0.070991;;;;;;;;
1189.112267;0.046388;0.046478;0.050003;0.077158;0.122019;0.105650;0.095860;0.081502;0.078995;0.075236;0.069889;0.077916;;;;;;;;
1190.076672;0.051838;0.053049;0.056646;0.083361;0.127595;0.109625;0.097829;0.085193;0.084116;0.078291;0.072356;0.079680;;;;;;;;
1191.041078;0.055073;0.057747;0.059023;0.084884;0.129337;0.108663;0.097321;0.086334;0.084234;0.078664;0.072071;0.074665;;;;;;;;
1192.005484;0.053453;0.054216;0.052623;0.080869;0.124540;0.105351;0.095189;0.085228;0.080870;0.074842;0.067875;0.066523;;;;;;;;
1192.969889;0.046477;0.046547;0.042132;0.073466;0.115512;0.098492;0.090104;0.082388;0.073737;0.069737;0.060799;0.059646;;;;;;;;
1193.934295;0.043491;0.040768;0.039550;0.067694;0.111723;0.095208;0.086716;0.078984;0.069228;0.066038;0.060118;0.056869;;;;;;;;
1194.898701;0.042480;0.037701;0.040576;0.065111;0.109081;0.095980;0.085464;0.075595;0.068841;0.063908;0.063980;0.057326;;;;;;;;
1195.863107;0.040101;0.035803;0.039146;0.064130;0.105804;0.094334;0.084161;0.072035;0.067790;0.063810;0.063145;0.059451;;;;;;;;
1196.827512;0.042096;0.039538;0.042168;0.068217;0.110744;0.094985;0.084685;0.071336;0.069643;0.065288;0.063280;0.064504;;;;;;;;
1197.791918;0.049298;0.048832;0.047216;0.076189;0.121741;0.100808;0.090144;0.076655;0.075328;0.067620;0.068956;0.070783;;;;;;;;
1198.756324;0.056085;0.054111;0.051415;0.081377;0.130604;0.107495;0.099155;0.084017;0.079365;0.070301;0.072663;0.072770;;;;;;;;
1199.720730;0.056493;0.052441;0.056363;0.085044;0.134769;0.111668;0.103749;0.087413;0.083287;0.073453;0.073928;0.073783;;;;;;;;
1200.685135;0.051627;0.048549;0.053606;0.083147;0.131906;0.109056;0.101096;0.087186;0.084743;0.072856;0.072844;0.075005;;;;;;;;
1201.649541;0.044927;0.044782;0.044744;0.076086;0.122066;0.104176;0.095772;0.084525;0.079115;0.067228;0.066959;0.068854;;;;;;;;
1202.613947;0.039644;0.041831;0.041559;0.073625;0.112528;0.103299;0.091130;0.080743;0.072607;0.066099;0.063162;0.061271;;;;;;;;
1203.578353;0.036534;0.038634;0.042055;0.070611;0.107861;0.101794;0.089084;0.077319;0.068722;0.066166;0.063154;0.060523;;;;;;;;
1204.542758;0.034301;0.035330;0.040103;0.065373;0.106820;0.097678;0.087474;0.073187;0.067146;0.062882;0.062826;0.062498;;;;;;;;
1205.507164;0.039766;0.039530;0.041427;0.068573;0.110200;0.096627;0.086723;0.072423;0.069230;0.065713;0.066220;0.064793;;;;;;;;
1206.471570;0.051416;0.048032;0.048696;0.076342;0.116666;0.101342;0.092702;0.077829;0.072681;0.070962;0.072720;0.069253;;;;;;;;
1207.435975;0.058747;0.050632;0.056444;0.081279;0.126217;0.111470;0.101204;0.085218;0.079132;0.075107;0.076537;0.077174;;;;;;;;
1208.400381;0.061372;0.053209;0.061246;0.086233;0.135260;0.121072;0.103823;0.092312;0.086450;0.080183;0.078124;0.083181;;;;;;;;
1209.364787;0.059378;0.054887;0.058824;0.087170;0.131747;0.120855;0.102968;0.093769;0.086052;0.078020;0.075120;0.080225;;;;;;;;
1210.329193;0.051683;0.048775;0.051290;0.079700;0.120107;0.113074;0.099277;0.086883;0.081712;0.070402;0.068444;0.073281;;;;;;;;
1211.293598;0.042631;0.041449;0.046843;0.071485;0.114022;0.104893;0.091493;0.080779;0.078935;0.065656;0.065780;0.067334;;;;;;;;
1212.258004;0.039013;0.039109;0.044529;0.068710;0.113159;0.100215;0.087242;0.078506;0.077281;0.066191;0.066918;0.063609;;;;;;;;
1213.222410;0.038807;0.038520;0.039934;0.065638;0.109715;0.096245;0.085745;0.073602;0.073812;0.065296;0.064734;0.064046;;;;;;;;
1214.186816;0.039267;0.039024;0.040071;0.063929;0.108659;0.093388;0.083186;0.072183;0.069843;0.062519;0.062547;0.068697;;;;;;;;
1215.151221;0.045835;0.046670;0.050217;0.073757;0.118932;0.102850;0.089572;0.081362;0.074751;0.068333;0.069884;0.075204;;;;;;;;
1216.115627;0.052105;0.055004;0.057631;0.084099;0.129379;0.113900;0.099584;0.088146;0.082148;0.074414;0.077866;0.076389;;;;;;;;
1217.080033;0.053690;0.056162;0.056747;0.085188;0.132891;0.113668;0.101407;0.088294;0.082865;0.073551;0.077965;0.073931;;;;;;;;
1218.044439;0.055404;0.055122;0.056352;0.085451;0.133766;0.112170;0.103159;0.089644;0.083285;0.072106;0.076616;0.073677;;;;;;;;
1219.008844;0.052144;0.050232;0.055577;0.082994;0.129226;0.108211;0.104937;0.089657;0.081457;0.069424;0.073003;0.069699;;;;;;;;
1219.973250;0.044759;0.042676;0.051061;0.076850;0.122078;0.105789;0.101441;0.085875;0.077455;0.067162;0.067868;0.064174;;;;;;;;
1220.937656;0.039996;0.040078;0.046937;0.071917;0.117044;0.107486;0.095776;0.080508;0.076930;0.065829;0.065016;0.063911;;;;;;;;
1221.902061;0.039272;0.041645;0.046063;0.068390;0.115717;0.104014;0.088956;0.077038;0.077002;0.065957;0.063839;0.064689;;;;;;;;
1222.866467;0.042470;0.044363;0.046445;0.069457;0.118780;0.102569;0.083914;0.076558;0.076555;0.069605;0.066370;0.063889;;;;;;;;
1223.830873;0.047098;0.047313;0.047349;0.074716;0.121857;0.106364;0.086820;0.077109;0.076348;0.072669;0.070817;0.065230;;;;;;;;
1224.795279;0.051940;0.051714;0.051559;0.079441;0.125109;0.111949;0.096584;0.081301;0.077579;0.076081;0.074083;0.070119;;;;;;;;
1225.759684;0.055878;0.057660;0.056081;0.085119;0.130597;0.118666;0.105461;0.089706;0.083115;0.079109;0.077256;0.074362;;;;;;;;
1226.724090;0.054967;0.058408;0.056670;0.090929;0.134567;0.117819;0.108672;0.095240;0.088185;0.077463;0.078363;0.074462;;;;;;;;
1227.688496;0.049868;0.052239;0.053971;0.089543;0.131674;0.110883;0.104385;0.092986;0.087257;0.074735;0.075284;0.071133;;;;;;;;
1228.652902;0.044583;0.045293;0.047626;0.080030;0.121247;0.104519;0.096989;0.086727;0.082090;0.072213;0.071784;0.066826;;;;;;;;
1229.617307;0.040855;0.039703;0.041339;0.071077;0.113246;0.101225;0.093234;0.081477;0.076359;0.069711;0.070140;0.063897;;;;;;;;
1230.581713;0.038761;0.036156;0.040050;0.068284;0.113128;0.099220;0.091070;0.077078;0.071320;0.069062;0.066229;0.060720;;;;;;;;
1231.546119;0.041067;0.038500;0.042081;0.070879;0.115155;0.097120;0.090772;0.075842;0.068682;0.069890;0.064219;0.059087;;;;;;;;
1232.510524;0.049392;0.047297;0.047102;0.077482;0.119737;0.102712;0.096400;0.081881;0.073654;0.071933;0.069755;0.067334;;;;;;;;
1233.474930;0.056178;0.054626;0.055463;0.084357;0.129172;0.112504;0.103205;0.089561;0.082198;0.075603;0.074311;0.080186;;;;;;;;
1234.439336;0.057884;0.054232;0.060409;0.088923;0.136234;0.117388;0.106997;0.091449;0.085066;0.080595;0.075639;0.082331;;;;;;;;
1235.403742;0.058657;0.051490;0.058513;0.091978;0.137516;0.120454;0.108962;0.091548;0.085262;0.082380;0.077219;0.075794;;;;;;;;
1236.368147;0.055125;0.049112;0.051923;0.088064;0.132863;0.118957;0.105851;0.090558;0.082958;0.076924;0.074512;0.069299;;;;;;;;
1237.332553;0.046700;0.044031;0.044435;0.077215;0.123357;0.110599;0.098073;0.084709;0.078021;0.069762;0.068347;0.065063;;;;;;;;
1238.296959;0.040171;0.037627;0.041583;0.069922;0.115079;0.102662;0.091841;0.079371;0.076356;0.065097;0.063221;0.065016;;;;;;;;
1239.261365;0.036974;0.033583;0.040337;0.067481;0.110355;0.099442;0.087250;0.076180;0.074513;0.063041;0.060252;0.065312;;;;;;;;
1240.225770;0.039516;0.037905;0.040940;0.069491;0.113868;0.103645;0.088419;0.074307;0.073724;0.066461;0.061634;0.065238;;;;;;;;
1241.190176;0.048358;0.048444;0.048824;0.078128;0.124077;0.114388;0.096941;0.077511;0.079479;0.070587;0.067534;0.069187;;;;;;;;
1242.154582;0.053774;0.054428;0.055934;0.086389;0.131706;0.120733;0.103381;0.083213;0.085944;0.071275;0.074134;0.073237;;;;;;;;
1243.118988;0.055940;0.055956;0.058619;0.091368;0.138149;0.120128;0.110663;0.088491;0.090859;0.075213;0.077817;0.076502;;;;;;;;
1244.083393;0.059203;0.056838;0.059095;0.094145;0.138632;0.119458;0.116652;0.093346;0.093486;0.078818;0.079632;0.080792;;;;;;;;
1245.047799;0.056798;0.054809;0.055063;0.091356;0.133935;0.117219;0.111886;0.096123;0.091279;0.076613;0.079577;0.081668;;;;;;;;
1246.012205;0.048411;0.046956;0.048448;0.083207;0.129463;0.111727;0.102809;0.093611;0.086176;0.072268;0.073348;0.076304;;;;;;;;
1246.976610;0.040495;0.038352;0.042517;0.075181;0.120228;0.104833;0.094522;0.085992;0.078374;0.067210;0.066782;0.068827;;;;;;;;
1247.941016;0.037275;0.036446;0.041060;0.070670;0.113316;0.098441;0.088841;0.081137;0.070127;0.064533;0.065849;0.065349;;;;;;;;
1248.905422;0.040031;0.039181;0.043375;0.069869;0.114165;0.097871;0.088412;0.082142;0.068000;0.065955;0.068455;0.065489;;;;;;;;
1249.869828;0.046401;0.045373;0.047682;0.076555;0.120662;0.105976;0.092776;0.086207;0.074404;0.069645;0.074073;0.068421;;;;;;;;
1250.834233;0.051882;0.052183;0.053850;0.085974;0.132949;0.116428;0.100286;0.092366;0.084330;0.075151;0.077117;0.075186;;;;;;;;
1251.798639;0.055256;0.054409;0.057760;0.090210;0.142840;0.123531;0.108238;0.097996;0.093070;0.079756;0.078937;0.081234;;;;;;;;
1252.763045;0.060080;0.057867;0.060928;0.094951;0.144453;0.128769;0.115080;0.102310;0.099664;0.083780;0.083514;0.081632;;;;;;;;
1253.727451;0.059249;0.058594;0.060835;0.095787;0.137844;0.127997;0.113456;0.102088;0.097897;0.084867;0.081853;0.077381;;;;;;;;
1254.691856;0.049578;0.050037;0.054061;0.088463;0.130130;0.119326;0.103405;0.094139;0.088611;0.079697;0.076103;0.072616;;;;;;;;
1255.656262;0.042561;0.042865;0.047708;0.082122;0.127239;0.110610;0.096763;0.087591;0.082138;0.074769;0.073204;0.068649;;;;;;;;
1256.620668;0.038193;0.039246;0.041889;0.075994;0.123428;0.103710;0.091398;0.083914;0.076361;0.070264;0.069907;0.064797;;;;;;;;
1257.585073;0.036314;0.036404;0.037895;0.071099;0.121179;0.099938;0.087267;0.077268;0.071719;0.064998;0.065991;0.062108;;;;;;;;
1258.549479;0.043430;0.041796;0.043701;0.075694;0.125241;0.103257;0.093916;0.077428;0.076108;0.066310;0.065128;0.063927;;;;;;;;
1259.513885;0.054029;0.050687;0.053118;0.085111;0.131655;0.110627;0.104089;0.086610;0.081917;0.072898;0.068752;0.070670;;;;;;;;
1260.478291;0.059520;0.054834;0.057230;0.092005;0.138526;0.117239;0.111438;0.095084;0.085615;0.078161;0.074054;0.075568;;;;;;;;
1261.442696;0.056701;0.056435;0.057586;0.094975;0.140133;0.119367;0.116667;0.100318;0.090715;0.078650;0.075472;0.075916;;;;;;;;
1262.407102;0.053505;0.054897;0.057247;0.094623;0.137807;0.119437;0.117220;0.099996;0.094243;0.078709;0.075753;0.076011;;;;;;;;
1263.371508;0.053917;0.051344;0.055385;0.090690;0.135993;0.119201;0.114395;0.094846;0.095557;0.080994;0.077888;0.076158;;;;;;;;
1264.335914;0.049183;0.046484;0.048802;0.082266;0.129456;0.113799;0.105943;0.087202;0.090981;0.077376;0.074172;0.073089;;;;;;;;
1265.300319;0.041113;0.040434;0.042498;0.074145;0.121599;0.106082;0.094839;0.079924;0.079728;0.070267;0.065261;0.068563;;;;;;;;
1266.264725;0.037242;0.039050;0.044219;0.071368;0.120485;0.103946;0.090750;0.077628;0.072130;0.067096;0.062859;0.067916;;;;;;;;
1267.229131;0.038661;0.043207;0.049943;0.075831;0.126239;0.107733;0.094150;0.080445;0.074368;0.066484;0.068329;0.070845;;;;;;;;
1268.193537;0.046630;0.049959;0.054542;0.085174;0.134137;0.115189;0.100950;0.088136;0.081547;0.069484;0.074471;0.075879;;;;;;;;
1269.157942;0.058040;0.057720;0.059262;0.090494;0.139757;0.124499;0.108109;0.096145;0.089188;0.076719;0.078329;0.080030;;;;;;;;
1270.122348;0.063775;0.061158;0.062525;0.091947;0.144096;0.130295;0.115369;0.100845;0.095782;0.083790;0.080996;0.080454;;;;;;;;
1271.086754;0.060985;0.059511;0.061379;0.094025;0.142848;0.130930;0.120446;0.103458;0.097456;0.084892;0.080467;0.081339;;;;;;;;
1272.051159;0.054904;0.055832;0.056932;0.092834;0.135414;0.128176;0.116773;0.099730;0.094536;0.080685;0.076688;0.080283;;;;;;;;
1273.015565;0.047386;0.049726;0.050695;0.085937;0.129384;0.120942;0.105526;0.091203;0.088947;0.074775;0.074432;0.074875;;;;;;;;
1273.979971;0.039700;0.043835;0.045034;0.078235;0.124416;0.112741;0.097042;0.084626;0.081272;0.067998;0.072538;0.070949;;;;;;;;
1274.944377;0.036867;0.040424;0.042636;0.075393;0.120670;0.107731;0.096451;0.080270;0.074931;0.064917;0.068348;0.068139;;;;;;;;
1275.908782;0.038240;0.040074;0.041454;0.075731;0.121548;0.105459;0.097376;0.079199;0.072928;0.065696;0.064550;0.065613;;;;;;;;
1276.873188;0.042390;0.045653;0.043803;0.078671;0.127287;0.110013;0.099502;0.084938;0.077926;0.068889;0.065140;0.067840;;;;;;;;
1277.837594;0.052619;0.054312;0.054038;0.086970;0.135849;0.122211;0.108372;0.095007;0.087093;0.076946;0.073159;0.075096;;;;;;;;
1278.802000;0.063466;0.061579;0.064381;0.096648;0.141605;0.131315;0.118696;0.103464;0.094630;0.085283;0.083152;0.083972;;;;;;;;
1279.766405;0.065174;0.063782;0.066360;0.101251;0.142418;0.130508;0.121904;0.106442;0.099175;0.088552;0.085516;0.088631;;;;;;;;
1280.730811;0.058641;0.057805;0.061585;0.096254;0.140440;0.123931;0.116167;0.101683;0.097159;0.085258;0.081111;0.085789;;;;;;;;
1281.695217;0.050083;0.048828;0.054717;0.086830;0.135060;0.116559;0.107152;0.091756;0.088492;0.079404;0.075047;0.080014;;;;;;;;
1282.659622;0.044035;0.042780;0.047717;0.081288;0.127100;0.109740;0.099690;0.084182;0.079307;0.075934;0.069245;0.074502;;;;;;;;
1283.624028;0.041833;0.041445;0.042985;0.077898;0.123394;0.106041;0.095324;0.083002;0.075012;0.072501;0.067236;0.069239;;;;;;;;
1284.588434;0.043796;0.044174;0.044839;0.078387;0.126907;0.109696;0.098192;0.086528;0.076826;0.071189;0.069189;0.068706;;;;;;;;
1285.552840;0.051410;0.048583;0.052639;0.085838;0.133673;0.119644;0.106178;0.090982;0.080762;0.076056;0.071235;0.073741;;;;;;;;
1286.517245;0.059778;0.055444;0.060318;0.094291;0.141359;0.128824;0.113139;0.096148;0.088543;0.081751;0.075982;0.079541;;;;;;;;
1287.481651;0.062151;0.062275;0.063719;0.100117;0.147137;0.133010;0.119400;0.103424;0.099909;0.084602;0.083363;0.083488;;;;;;;;
1288.446057;0.060137;0.062413;0.064195;0.102723;0.148711;0.133795;0.122319;0.106746;0.104140;0.086807;0.085854;0.083427;;;;;;;;
1289.410463;0.056926;0.056557;0.061571;0.100571;0.146417;0.131113;0.119404;0.103488;0.100555;0.086866;0.083173;0.081119;;;;;;;;
1290.374868;0.053639;0.049458;0.054719;0.093030;0.138430;0.124362;0.113759;0.097749;0.093931;0.082627;0.080080;0.078065;;;;;;;;
1291.339274;0.048780;0.043879;0.048615;0.083765;0.128421;0.116302;0.105624;0.090612;0.085111;0.076724;0.075544;0.072883;;;;;;;;
1292.303680;0.041698;0.040404;0.044187;0.079568;0.124572;0.107868;0.097303;0.084900;0.077032;0.070795;0.068504;0.067262;;;;;;;;
1293.268086;0.040008;0.040233;0.043121;0.082225;0.127068;0.104422;0.095870;0.083561;0.073342;0.068927;0.067269;0.064702;;;;;;;;
1294.232491;0.048547;0.048370;0.052770;0.089370;0.135246;0.113576;0.104711;0.089699;0.079656;0.076199;0.075885;0.070671;;;;;;;;
1295.196897;0.058412;0.059675;0.062908;0.097605;0.146684;0.127270;0.118275;0.101552;0.091984;0.085213;0.083883;0.081023;;;;;;;;
1296.161303;0.061569;0.063775;0.063739;0.102508;0.152360;0.134904;0.125580;0.107938;0.099304;0.089138;0.087594;0.084902;;;;;;;;
1297.125708;0.059415;0.062618;0.061740;0.101203;0.150836;0.136544;0.124214;0.107395;0.102318;0.089721;0.088488;0.084667;;;;;;;;
1298.090114;0.056676;0.058609;0.059223;0.097305;0.146374;0.134600;0.120963;0.104698;0.102453;0.087979;0.084459;0.085397;;;;;;;;
1299.054520;0.053841;0.052498;0.055912;0.093566;0.141181;0.128536;0.116746;0.099282;0.095839;0.083748;0.079005;0.083262;;;;;;;;
1300.018926;0.046523;0.045601;0.048861;0.085974;0.134174;0.118806;0.108603;0.091602;0.084277;0.075741;0.073023;0.074642;;;;;;;;
1300.983331;0.038432;0.039661;0.040543;0.078744;0.127480;0.112069;0.101227;0.084834;0.076476;0.067407;0.066859;0.065185;;;;;;;;
1301.947737;0.038065;0.041384;0.042220;0.079519;0.128917;0.112204;0.101164;0.083982;0.079119;0.066492;0.065129;0.063260;;;;;;;;
1302.912143;0.044496;0.049334;0.050883;0.086618;0.136410;0.119257;0.107932;0.091056;0.089154;0.073425;0.068795;0.070086;;;;;;;;
1303.876549;0.055564;0.058851;0.059018;0.096270;0.145350;0.131627;0.118145;0.101719;0.098545;0.082663;0.077500;0.079985;;;;;;;;
1304.840954;0.064880;0.068037;0.065746;0.101697;0.152910;0.138341;0.124291;0.108574;0.103654;0.088881;0.085188;0.085308;;;;;;;;
1305.805360;0.063609;0.068544;0.066991;0.101852;0.152735;0.135227;0.124359;0.111430;0.105564;0.090851;0.087398;0.087044;;;;;;;;
1306.769766;0.059413;0.060905;0.063039;0.100684;0.146935;0.131592;0.123608;0.112444;0.103483;0.089733;0.087049;0.086722;;;;;;;;
1307.734172;0.056960;0.053637;0.058763;0.095299;0.140642;0.129375;0.116987;0.105884;0.098533;0.084991;0.082993;0.081770;;;;;;;;
1308.698577;0.048693;0.046940;0.054058;0.085825;0.134854;0.121805;0.103085;0.094049;0.090856;0.077874;0.074620;0.074766;;;;;;;;
1309.662983;0.039979;0.039742;0.046764;0.079433;0.129003;0.110801;0.093825;0.086726;0.079577;0.071117;0.066327;0.067501;;;;;;;;
1310.627389;0.040303;0.038560;0.042926;0.082261;0.127190;0.106949;0.095233;0.085252;0.075545;0.067643;0.064436;0.062527;;;;;;;;
1311.591794;0.046045;0.045476;0.048183;0.090279;0.134368;0.112854;0.104606;0.087573;0.083228;0.070195;0.069317;0.065458;;;;;;;;
1312.556200;0.052394;0.051897;0.055531;0.095883;0.142683;0.121362;0.115251;0.092219;0.093019;0.075448;0.075332;0.075082;;;;;;;;
1313.520606;0.058853;0.057676;0.060759;0.101956;0.148822;0.128889;0.122378;0.099317;0.102889;0.080661;0.082771;0.083647;;;;;;;;
1314.485012;0.064374;0.064913;0.066705;0.107919;0.156391;0.135480;0.128672;0.108928;0.110748;0.087314;0.089518;0.087815;;;;;;;;
1315.449417;0.063263;0.064356;0.068449;0.105724;0.155808;0.136966;0.130443;0.111987;0.109707;0.089710;0.089941;0.089533;;;;;;;;
1316.413823;0.055280;0.056624;0.062000;0.097926;0.145651;0.132065;0.123526;0.105704;0.101809;0.085318;0.085695;0.087337;;;;;;;;
1317.378229;0.049169;0.050763;0.054001;0.091753;0.139152;0.124680;0.115686;0.100279;0.093792;0.081503;0.080577;0.082225;;;;;;;;
1318.342635;0.044262;0.047514;0.047883;0.084618;0.135645;0.117073;0.108696;0.094921;0.086954;0.077833;0.076034;0.075823;;;;;;;;
1319.307040;0.039239;0.046859;0.042689;0.078643;0.131144;0.113144;0.101249;0.087277;0.082086;0.071230;0.072116;0.067685;;;;;;;;
1320.271446;0.042755;0.049249;0.044603;0.083669;0.135152;0.118068;0.103163;0.088611;0.084346;0.070469;0.070986;0.066545;;;;;;;;
1321.235852;0.051781;0.052997;0.054636;0.095159;0.146470;0.128673;0.115887;0.098899;0.094526;0.078710;0.074964;0.074007;;;;;;;;
1322.200257;0.057167;0.058131;0.062169;0.103447;0.155029;0.137672;0.127248;0.108366;0.104879;0.087124;0.080943;0.080282;;;;;;;;
1323.164663;0.060939;0.063922;0.064495;0.108043;0.157427;0.142460;0.130956;0.113514;0.110379;0.091555;0.087032;0.084395;;;;;;;;
1324.129069;0.062556;0.066819;0.065243;0.109249;0.154043;0.140966;0.129832;0.112675;0.112042;0.092048;0.092472;0.087629;;;;;;;;
1325.093475;0.056667;0.060019;0.061168;0.102292;0.148095;0.133622;0.123606;0.106479;0.104457;0.089005;0.090750;0.086380;;;;;;;;
1326.057880;0.047741;0.047564;0.054189;0.087821;0.140652;0.126350;0.112688;0.098289;0.089614;0.084450;0.079436;0.079761;;;;;;;;
1327.022286;0.041522;0.041866;0.047791;0.078224;0.132801;0.120536;0.103533;0.090485;0.081058;0.076593;0.067831;0.070830;;;;;;;;
1327.986692;0.039406;0.042016;0.041852;0.078005;0.129229;0.116172;0.100266;0.085728;0.079391;0.067789;0.064795;0.064681;;;;;;;;
1328.951098;0.045017;0.044800;0.045804;0.083638;0.133282;0.119097;0.106417;0.088758;0.082658;0.067229;0.069036;0.067982;;;;;;;;
1329.915503;0.055387;0.053247;0.056941;0.094526;0.144109;0.128190;0.119255;0.099188;0.092554;0.075019;0.075338;0.077498;;;;;;;;
1330.879909;0.064239;0.063415;0.063746;0.104789;0.156156;0.136912;0.128571;0.109565;0.104040;0.085627;0.082533;0.084554;;;;;;;;
1331.844315;0.069427;0.068929;0.070451;0.111451;0.163044;0.145073;0.133543;0.115649;0.113799;0.095456;0.090924;0.092143;;;;;;;;
1332.808721;0.069268;0.068437;0.072501;0.113841;0.161466;0.148853;0.134349;0.118322;0.116030;0.099290;0.096475;0.096694;;;;;;;;
1333.773126;0.062571;0.062227;0.064043;0.107060;0.153760;0.141264;0.128678;0.115018;0.108164;0.093660;0.092870;0.090795;;;;;;;;
1334.737532;0.050922;0.052884;0.055398;0.094270;0.145821;0.127396;0.120274;0.104964;0.097766;0.082997;0.080694;0.081461;;;;;;;;
1335.701938;0.039497;0.045045;0.048663;0.082830;0.138416;0.115810;0.109908;0.096255;0.088302;0.073754;0.067881;0.071873;;;;;;;;
1336.666343;0.033792;0.039363;0.040255;0.077370;0.132379;0.109756;0.101230;0.090575;0.080763;0.067204;0.061338;0.063921;;;;;;;;
1337.630749;0.038141;0.037853;0.038190;0.081581;0.133716;0.111763;0.103840;0.086520;0.079247;0.066565;0.062967;0.063857;;;;;;;;
1338.595155;0.045962;0.044166;0.044928;0.092297;0.140767;0.120946;0.114793;0.091446;0.084078;0.072911;0.070278;0.068841;;;;;;;;
1339.559561;0.050879;0.055601;0.055614;0.103159;0.150450;0.135332;0.127911;0.104451;0.094917;0.082415;0.081148;0.079128;;;;;;;;
1340.523966;0.059758;0.064917;0.067642;0.110982;0.163138;0.147193;0.137812;0.117001;0.109019;0.092917;0.092201;0.091863;;;;;;;;
1341.488372;0.066733;0.066615;0.073878;0.113719;0.169653;0.149013;0.137779;0.122622;0.116731;0.098831;0.098641;0.098215;;;;;;;;
1342.452778;0.062699;0.061880;0.069902;0.109352;0.162695;0.143649;0.130312;0.116630;0.111430;0.096873;0.096257;0.096749;;;;;;;;
1343.417184;0.051952;0.052775;0.059333;0.099461;0.149942;0.132061;0.118516;0.104431;0.098134;0.089321;0.084696;0.086755;;;;;;;;
1344.381589;0.042813;0.044151;0.049142;0.091299;0.143231;0.120305;0.108241;0.095479;0.088252;0.078961;0.075108;0.073789;;;;;;;;
1345.345995;0.041426;0.043005;0.046184;0.089015;0.144104;0.117975;0.106314;0.092406;0.084527;0.071468;0.072206;0.067244;;;;;;;;
1346.310401;0.044291;0.046520;0.049161;0.090583;0.146272;0.121895;0.109587;0.094676;0.085061;0.071261;0.069432;0.067451;;;;;;;;
1347.274806;0.050087;0.053759;0.053805;0.096990;0.149487;0.129906;0.117400;0.102290;0.093625;0.077782;0.073424;0.073129;;;;;;;;
1348.239212;0.059574;0.063498;0.061057;0.107425;0.157130;0.140195;0.127895;0.112473;0.105473;0.087955;0.084123;0.082385;;;;;;;;
1349.203618;0.064685;0.066804;0.067542;0.113827;0.163887;0.146512;0.133492;0.118620;0.110893;0.095350;0.089622;0.089230;;;;;;;;
1350.168024;0.064461;0.065235;0.068740;0.113677;0.163554;0.148333;0.134656;0.118890;0.112655;0.096137;0.093214;0.091169;;;;;;;;
1351.132429;0.060214;0.061776;0.064980;0.109271;0.158896;0.143839;0.132614;0.114861;0.111751;0.093201;0.094129;0.088454;;;;;;;;
1352.096835;0.053398;0.054923;0.057478;0.101132;0.153149;0.135982;0.126259;0.107863;0.104351;0.089385;0.088390;0.083763;;;;;;;;
1353.061241;0.048713;0.048772;0.050458;0.093229;0.146643;0.129167;0.117098;0.099862;0.094924;0.083191;0.081868;0.080432;;;;;;;;
1354.025647;0.042113;0.044330;0.046255;0.086611;0.141180;0.119847;0.107293;0.090225;0.085800;0.072650;0.071582;0.073184;;;;;;;;
1354.990052;0.039236;0.042760;0.046345;0.085245;0.142178;0.118834;0.106849;0.087638;0.081389;0.065996;0.065653;0.066432;;;;;;;;
1355.954458;0.049021;0.050337;0.054589;0.098532;0.152756;0.133615;0.118855;0.099366;0.090989;0.073372;0.075801;0.073629;;;;;;;;
1356.918864;0.058089;0.061522;0.064507;0.112462;0.162995;0.145528;0.127604;0.110904;0.105392;0.085548;0.085520;0.084717;;;;;;;;
1357.883270;0.061625;0.066694;0.069547;0.113863;0.165111;0.149952;0.131487;0.115648;0.113392;0.091746;0.090251;0.089333;;;;;;;;
1358.847675;0.063558;0.067685;0.071426;0.115259;0.164265;0.153762;0.136942;0.120133;0.115035;0.095735;0.096370;0.092814;;;;;;;;
1359.812081;0.057957;0.064198;0.066627;0.113974;0.160519;0.150755;0.136742;0.119919;0.109279;0.095867;0.095550;0.093374;;;;;;;;
1360.776487;0.045946;0.051519;0.053067;0.099268;0.149930;0.139226;0.126392;0.108130;0.098163;0.085353;0.084923;0.085425;;;;;;;;
1361.740892;0.038679;0.041779;0.043297;0.086506;0.141251;0.129010;0.114679;0.096328;0.089244;0.075470;0.076784;0.076534;;;;;;;;
1362.705298;0.038282;0.041947;0.041948;0.083524;0.140890;0.123665;0.109883;0.092605;0.083946;0.073757;0.074866;0.070818;;;;;;;;
1363.669704;0.040180;0.040517;0.042251;0.085310;0.144210;0.124254;0.112099;0.091050;0.081486;0.071812;0.069163;0.064167;;;;;;;;
1364.634110;0.047920;0.044967;0.051215;0.097312;0.150568;0.135460;0.121518;0.099303;0.087267;0.075090;0.069510;0.068390;;;;;;;;
1365.598515;0.061258;0.059308;0.067566;0.112183;0.159372;0.149508;0.134899;0.115561;0.101903;0.086465;0.083419;0.083038;;;;;;;;
1366.562921;0.069779;0.067886;0.074599;0.117240;0.165778;0.154008;0.142652;0.123646;0.114651;0.096664;0.093887;0.091216;;;;;;;;
1367.527327;0.070481;0.071071;0.072452;0.116873;0.167571;0.153578;0.144047;0.125413;0.117617;0.103449;0.097507;0.095734;;;;;;;;
1368.491733;0.066046;0.069874;0.067907;0.114787;0.163963;0.151368;0.141221;0.123499;0.114668;0.102805;0.098599;0.097698;;;;;;;;
1369.456138;0.058460;0.058873;0.061370;0.108730;0.157343;0.141461;0.132817;0.113691;0.108686;0.092964;0.091927;0.089088;;;;;;;;
1370.420544;0.051401;0.048603;0.055093;0.100669;0.153062;0.129651;0.122800;0.101344;0.098073;0.083734;0.082495;0.077628;;;;;;;;
1371.384950;0.046068;0.045434;0.048323;0.094305;0.151105;0.123567;0.115800;0.094846;0.087622;0.076966;0.075781;0.071274;;;;;;;;
1372.349355;0.041048;0.044151;0.041306;0.092618;0.147452;0.122004;0.111996;0.092491;0.083129;0.068705;0.069928;0.068304;;;;;;;;
1373.313761;0.042007;0.047547;0.044321;0.098653;0.148259;0.128207;0.115160;0.093984;0.089015;0.069028;0.071321;0.071038;;;;;;;;
1374.278167;0.054873;0.059724;0.061322;0.110391;0.160095;0.144082;0.129620;0.110052;0.105274;0.084516;0.084574;0.084379;;;;;;;;
1375.242573;0.066947;0.071508;0.074994;0.122177;0.171644;0.159331;0.144372;0.128180;0.119051;0.099806;0.097094;0.098187;;;;;;;;
1376.206978;0.068432;0.073380;0.075318;0.127775;0.174688;0.163200;0.148565;0.129622;0.124152;0.104884;0.099331;0.101538;;;;;;;;
1377.171384;0.064162;0.066582;0.071101;0.123090;0.172171;0.155269;0.145101;0.122434;0.121000;0.102128;0.094412;0.097553;;;;;;;;
1378.135790;0.057884;0.059222;0.065624;0.113355;0.167474;0.146383;0.138107;0.114954;0.111275;0.096632;0.089179;0.090283;;;;;;;;
1379.100196;0.050220;0.053559;0.055783;0.102911;0.161154;0.140508;0.127720;0.105406;0.099126;0.089131;0.084094;0.081122;;;;;;;;
1380.064601;0.044311;0.047042;0.050864;0.095290;0.156709;0.135286;0.119688;0.098606;0.090685;0.078335;0.078194;0.072604;;;;;;;;
1381.029007;0.042506;0.044002;0.051764;0.093963;0.156624;0.134014;0.118351;0.098038;0.091691;0.069633;0.075462;0.066663;;;;;;;;
1381.993413;0.048036;0.050377;0.052958;0.099407;0.159009;0.139302;0.124270;0.101385;0.098055;0.071980;0.078680;0.069932;;;;;;;;
1382.957819;0.061641;0.062749;0.061469;0.112101;0.165700;0.152087;0.138934;0.112663;0.106381;0.086836;0.087265;0.082903;;;;;;;;
1383.922224;0.071210;0.071634;0.072449;0.120179;0.173312;0.164757;0.148777;0.128047;0.114721;0.100227;0.095149;0.093800;;;;;;;;
1384.886630;0.070961;0.074271;0.078282;0.121660;0.177920;0.167546;0.146451;0.134868;0.119503;0.104986;0.100674;0.100150;;;;;;;;
1385.851036;0.067271;0.071200;0.075774;0.123281;0.176824;0.162650;0.142398;0.131844;0.120876;0.105535;0.105016;0.102492;;;;;;;;
1386.815441;0.061023;0.061201;0.063362;0.116291;0.164330;0.152379;0.135108;0.120916;0.112587;0.098050;0.099585;0.095934;;;;;;;;
1387.779847;0.053854;0.051501;0.054086;0.104797;0.153205;0.139858;0.123631;0.106721;0.098883;0.086022;0.084798;0.083127;;;;;;;;
1388.744253;0.047223;0.048094;0.048513;0.097896;0.152825;0.131177;0.115569;0.098085;0.091908;0.077865;0.074525;0.071990;;;;;;;;
1389.708659;0.040746;0.048218;0.044411;0.092114;0.152727;0.129505;0.113661;0.095082;0.088836;0.071671;0.070780;0.067042;;;;;;;;
1390.673064;0.043575;0.053391;0.053179;0.096722;0.154907;0.137076;0.122615;0.099639;0.093926;0.075832;0.074071;0.071116;;;;;;;;
1391.637470;0.056206;0.062025;0.067133;0.110695;0.164235;0.148117;0.137550;0.111674;0.106156;0.090255;0.083245;0.079730;;;;;;;;
1392.601876;0.064579;0.068590;0.075254;0.119926;0.172770;0.157654;0.148698;0.124118;0.116583;0.100647;0.092440;0.090166;;;;;;;;
1393.566282;0.066365;0.071235;0.077190;0.122204;0.173875;0.161453;0.151837;0.130656;0.123040;0.105849;0.098079;0.101320;;;;;;;;
1394.530687;0.067766;0.070732;0.072569;0.119083;0.173248;0.158055;0.148015;0.129249;0.122595;0.105971;0.100635;0.105216;;;;;;;;
1395.495093;0.064346;0.065753;0.067478;0.113455;0.173332;0.153433;0.144744;0.123966;0.118062;0.098841;0.100047;0.097638;;;;;;;;
1396.459499;0.055353;0.056766;0.062280;0.107852;0.168661;0.145393;0.139473;0.115185;0.111232;0.091407;0.092988;0.086979;;;;;;;;
1397.423905;0.046413;0.048394;0.054102;0.100974;0.160869;0.136063;0.129390;0.102591;0.100221;0.084073;0.081542;0.081018;;;;;;;;
1398.388310;0.040861;0.043485;0.049970;0.095853;0.154332;0.133943;0.122708;0.096370;0.092337;0.075854;0.074893;0.079640;;;;;;;;
1399.352716;0.046761;0.047312;0.056212;0.100697;0.159019;0.141285;0.128200;0.103099;0.097542;0.077454;0.077774;0.080309;;;;;;;;
1400.317122;0.058674;0.058395;0.066181;0.113124;0.169987;0.152930;0.142362;0.114880;0.111624;0.088522;0.084406;0.086043;;;;;;;;
1401.281527;0.066188;0.068663;0.073422;0.124562;0.175381;0.160741;0.151975;0.127796;0.123936;0.098945;0.093222;0.095238;;;;;;;;
1402.245933;0.071701;0.075248;0.077123;0.131111;0.182981;0.164352;0.152855;0.136938;0.129428;0.107728;0.103846;0.101088;;;;;;;;
1403.210339;0.072097;0.072817;0.076947;0.129988;0.188838;0.164694;0.151997;0.135488;0.125667;0.112344;0.107655;0.101918;;;;;;;;
1404.174745;0.063228;0.061577;0.070506;0.120535;0.181053;0.156168;0.149075;0.124283;0.114395;0.106270;0.100840;0.097501;;;;;;;;
1405.139150;0.052510;0.052516;0.060607;0.110184;0.168737;0.142248;0.140765;0.110247;0.103506;0.091340;0.088583;0.087899;;;;;;;;
1406.103556;0.043770;0.047588;0.052322;0.103670;0.160696;0.132544;0.128343;0.101288;0.096984;0.076823;0.075988;0.077941;;;;;;;;
1407.067962;0.036981;0.040433;0.045920;0.097560;0.156060;0.130086;0.116478;0.096330;0.093124;0.067208;0.065674;0.067284;;;;;;;;
1408.032368;0.040492;0.040470;0.048383;0.099113;0.157716;0.136678;0.118893;0.099697;0.095126;0.070383;0.065808;0.064922;;;;;;;;
1408.996773;0.051753;0.054843;0.058711;0.111206;0.165275;0.147925;0.133580;0.113999;0.105023;0.085245;0.077749;0.078230;;;;;;;;
1409.961179;0.062902;0.067568;0.068314;0.123831;0.177793;0.160879;0.145553;0.129589;0.119184;0.098990;0.091597;0.092276;;;;;;;;
1410.925585;0.072109;0.070525;0.074065;0.129603;0.188738;0.170015;0.152892;0.138201;0.129339;0.107678;0.101763;0.099579;;;;;;;;
1411.889990;0.074191;0.072519;0.074037;0.127528;0.190483;0.169602;0.154604;0.137697;0.130263;0.111772;0.106999;0.104063;;;;;;;;
1412.854396;0.067798;0.069814;0.069428;0.120346;0.183793;0.164634;0.149603;0.131063;0.124207;0.107794;0.103761;0.100766;;;;;;;;
1413.818802;0.057011;0.057505;0.060970;0.110795;0.171965;0.155840;0.141247;0.119416;0.114289;0.096521;0.091624;0.089622;;;;;;;;
1414.783208;0.045938;0.046378;0.051523;0.102585;0.162069;0.143969;0.130732;0.104526;0.102936;0.082538;0.076990;0.079980;;;;;;;;
1415.747613;0.038635;0.041966;0.044193;0.095353;0.156954;0.136282;0.122892;0.094347;0.092981;0.069332;0.066520;0.072236;;;;;;;;
1416.712019;0.040322;0.043176;0.043264;0.092983;0.157908;0.136637;0.125912;0.095613;0.091715;0.067051;0.065558;0.068673;;;;;;;;
1417.676425;0.049558;0.050258;0.052916;0.102810;0.166046;0.144587;0.136939;0.106280;0.101912;0.079782;0.076023;0.079551;;;;;;;;
1418.640831;0.058355;0.059893;0.062716;0.117073;0.172444;0.155967;0.148792;0.119507;0.113361;0.094041;0.093230;0.099091;;;;;;;;
1419.605236;0.068628;0.071844;0.069974;0.128793;0.180372;0.168802;0.159377;0.133858;0.124607;0.104456;0.109961;0.111475;;;;;;;;
1420.569642;0.076445;0.080426;0.078078;0.134899;0.191256;0.176986;0.163736;0.143212;0.135830;0.113928;0.118072;0.113296;;;;;;;;
1421.534048;0.072231;0.077082;0.077514;0.130065;0.190377;0.173290;0.158058;0.139727;0.133876;0.113237;0.112961;0.105076;;;;;;;;
1422.498454;0.058114;0.062517;0.066177;0.116250;0.175475;0.158203;0.143489;0.121672;0.115683;0.098216;0.095299;0.089177;;;;;;;;
1423.462859;0.046240;0.047476;0.051618;0.104824;0.161219;0.142586;0.130721;0.103133;0.097172;0.081724;0.078570;0.077038;;;;;;;;
1424.427265;0.042739;0.040334;0.045172;0.101935;0.158054;0.137341;0.126044;0.100227;0.089921;0.073116;0.069995;0.071433;;;;;;;;
1425.391671;0.045495;0.043003;0.051740;0.105360;0.163679;0.143554;0.126529;0.106623;0.093309;0.073624;0.070010;0.072073;;;;;;;;
1426.356076;0.053058;0.051794;0.059727;0.112392;0.173543;0.153017;0.133294;0.113993;0.100966;0.080711;0.078039;0.077813;;;;;;;;
1427.320482;0.063321;0.064031;0.066110;0.122587;0.185583;0.162065;0.147977;0.126424;0.112781;0.091766;0.091184;0.086813;;;;;;;;
1428.284888;0.070229;0.074562;0.074396;0.132745;0.194618;0.170379;0.160058;0.137124;0.126300;0.104471;0.104023;0.099599;;;;;;;;
1429.249294;0.072535;0.077624;0.079429;0.137862;0.196458;0.175298;0.162668;0.141380;0.131486;0.113586;0.112073;0.109974;;;;;;;;
1430.213699;0.068414;0.072267;0.075435;0.132095;0.191064;0.173249;0.160233;0.139461;0.127239;0.111621;0.111640;0.107290;;;;;;;;
1431.178105;0.057808;0.062755;0.064387;0.120031;0.182864;0.165515;0.152926;0.127918;0.118035;0.099227;0.099410;0.095636;;;;;;;;
1432.142511;0.046993;0.052541;0.053856;0.109714;0.174173;0.154497;0.138431;0.114330;0.103955;0.085341;0.081285;0.084691;;;;;;;;
1433.106917;0.039300;0.042536;0.047678;0.102023;0.164988;0.143462;0.127183;0.105541;0.091753;0.075592;0.070252;0.075137;;;;;;;;
1434.071322;0.040583;0.042219;0.048784;0.102046;0.162352;0.143383;0.130260;0.103696;0.092487;0.075172;0.072054;0.068703;;;;;;;;
1435.035728;0.052585;0.055157;0.058168;0.111654;0.170830;0.154205;0.141354;0.113205;0.105422;0.087844;0.084515;0.077133;;;;;;;;
1436.000134;0.064904;0.067647;0.070337;0.123040;0.185989;0.166549;0.151803;0.128459;0.121928;0.104840;0.103414;0.102687;;;;;;;;
1436.964539;0.070308;0.071855;0.081027;0.128503;0.196169;0.175921;0.160075;0.137601;0.132089;0.112455;0.114287;0.115898;;;;;;;;
1437.928945;0.072692;0.074573;0.084659;0.130070;0.195980;0.179217;0.166814;0.140952;0.135701;0.115653;0.112985;0.111469;;;;;;;;
1438.893351;0.070425;0.073611;0.079650;0.129921;0.191735;0.174941;0.166849;0.138285;0.134923;0.114645;0.107463;0.106998;;;;;;;;
1439.857757;0.061845;0.063792;0.069659;0.123421;0.184398;0.163146;0.155226;0.126268;0.123902;0.102893;0.098007;0.096772;;;;;;;;
1440.822162;0.049698;0.049480;0.055812;0.110824;0.175587;0.150494;0.139088;0.110862;0.105178;0.086228;0.084286;0.081075;;;;;;;;
1441.786568;0.038592;0.042336;0.042497;0.101134;0.167844;0.142048;0.127545;0.099930;0.092944;0.073262;0.069495;0.067850;;;;;;;;
1442.750974;0.038718;0.045637;0.042491;0.101171;0.164039;0.141570;0.127581;0.098546;0.094195;0.071474;0.064431;0.063766;;;;;;;;
1443.715380;0.049308;0.052112;0.053585;0.110334;0.171642;0.152469;0.138466;0.107613;0.104049;0.081426;0.073565;0.071258;;;;;;;;
1444.679785;0.061337;0.061161;0.065563;0.124838;0.189765;0.169159;0.153778;0.125141;0.119130;0.096307;0.090325;0.087598;;;;;;;;
1445.644191;0.070928;0.072052;0.074517;0.136279;0.201934;0.181245;0.166918;0.139783;0.130072;0.110238;0.105780;0.104331;;;;;;;;
1446.608597;0.073881;0.079540;0.079550;0.139633;0.202696;0.184769;0.170286;0.144653;0.132885;0.117943;0.114708;0.112423;;;;;;;;
1447.573003;0.068490;0.077739;0.078021;0.136089;0.197267;0.180228;0.163727;0.143832;0.132517;0.116083;0.112836;0.111302;;;;;;;;
1448.537408;0.059217;0.066409;0.068859;0.125722;0.189076;0.169595;0.154246;0.134749;0.125030;0.106985;0.099468;0.101030;;;;;;;;
1449.501814;0.050167;0.055385;0.059204;0.113710;0.180636;0.156849;0.144723;0.120495;0.111212;0.094225;0.083679;0.085404;;;;;;;;
1450.466220;0.043559;0.047368;0.052433;0.108301;0.170808;0.149413;0.136039;0.108690;0.099215;0.079296;0.072014;0.073189;;;;;;;;
1451.430625;0.041408;0.043950;0.049360;0.107743;0.165719;0.150437;0.132276;0.101674;0.094454;0.070597;0.068446;0.066987;;;;;;;;
1452.395031;0.048500;0.051150;0.055244;0.111260;0.173272;0.155584;0.138925;0.108737;0.100419;0.079725;0.075877;0.071244;;;;;;;;
1453.359437;0.062475;0.063765;0.066639;0.123734;0.187200;0.165103;0.152900;0.126630;0.114204;0.099197;0.090392;0.086583;;;;;;;;
1454.323843;0.071700;0.073555;0.074254;0.134174;0.201158;0.178011;0.165207;0.140434;0.126850;0.112455;0.104270;0.103020;;;;;;;;
1455.288248;0.074269;0.079207;0.075737;0.132850;0.208073;0.185702;0.171702;0.148672;0.132460;0.117743;0.113877;0.116936;;;;;;;;
1456.252654;0.069107;0.074594;0.071054;0.125767;0.198671;0.178412;0.166556;0.144734;0.130053;0.116159;0.116406;0.124244;;;;;;;;
1457.217060;0.054339;0.059210;0.064310;0.119738;0.183816;0.165123;0.149598;0.125817;0.118447;0.104770;0.104182;0.113112;;;;;;;;
1458.181466;0.042776;0.049806;0.056309;0.111242;0.174133;0.158061;0.137555;0.113497;0.107122;0.090966;0.087072;0.093976;;;;;;;;
1459.145871;0.038653;0.047759;0.048531;0.104352;0.166600;0.150711;0.134624;0.107390;0.101034;0.078538;0.076270;0.077506;;;;;;;;
1460.110277;0.042067;0.050077;0.049350;0.107899;0.168418;0.147830;0.137517;0.106848;0.097843;0.073225;0.074075;0.070018;;;;;;;;
1461.074683;0.048211;0.053990;0.054270;0.114245;0.177116;0.151936;0.140722;0.111945;0.100936;0.076408;0.077043;0.071673;;;;;;;;
1462.039089;0.059020;0.062097;0.063102;0.121012;0.187724;0.164534;0.150283;0.122944;0.114382;0.088709;0.087125;0.084963;;;;;;;;
1463.003494;0.072498;0.072861;0.074823;0.129572;0.196097;0.179260;0.162772;0.135032;0.127012;0.105932;0.103089;0.103269;;;;;;;;
1463.967900;0.079208;0.080349;0.082950;0.135154;0.202909;0.186428;0.168885;0.143187;0.133703;0.118076;0.118432;0.115425;;;;;;;;
1464.932306;0.076139;0.079766;0.084577;0.140099;0.206177;0.185266;0.172723;0.145848;0.136031;0.118223;0.123403;0.117646;;;;;;;;
1465.896711;0.068597;0.071204;0.074417;0.138088;0.198376;0.176365;0.171459;0.138710;0.130405;0.111900;0.113938;0.108989;;;;;;;;
1466.861117;0.057333;0.059097;0.057779;0.122685;0.184996;0.161637;0.158273;0.124455;0.117120;0.099892;0.094783;0.093711;;;;;;;;
1467.825523;0.043495;0.049730;0.046674;0.108208;0.174883;0.149792;0.142927;0.111444;0.102601;0.083071;0.075525;0.078998;;;;;;;;
1468.789929;0.038972;0.047488;0.045614;0.106310;0.173643;0.149029;0.138792;0.106181;0.096542;0.076373;0.069933;0.072448;;;;;;;;
1469.754334;0.047403;0.049839;0.053568;0.113527;0.180518;0.156335;0.144160;0.110326;0.102556;0.082789;0.077533;0.076894;;;;;;;;
1470.718740;0.058587;0.058686;0.065745;0.126103;0.191306;0.167604;0.154433;0.121711;0.116634;0.096697;0.093846;0.091807;;;;;;;;
1471.683146;0.067159;0.071200;0.074327;0.137150;0.201624;0.178573;0.168165;0.134244;0.130908;0.112983;0.110983;0.112588;;;;;;;;
1472.647552;0.070825;0.074280;0.077694;0.140553;0.205322;0.180649;0.176878;0.143246;0.140270;0.119122;0.115465;0.122861;;;;;;;;
1473.611957;0.070327;0.071907;0.078063;0.139515;0.203376;0.180322;0.176060;0.147621;0.142938;0.118614;0.114213;0.118522;;;;;;;;
1474.576363;0.065215;0.066632;0.073197;0.133054;0.198681;0.179428;0.169616;0.141307;0.135207;0.114585;0.111309;0.109330;;;;;;;;
1475.540769;0.052026;0.052874;0.061007;0.116372;0.188774;0.168675;0.155847;0.122412;0.117221;0.096945;0.097697;0.092986;;;;;;;;
1476.505174;0.040325;0.040289;0.049057;0.099326;0.177741;0.153481;0.139553;0.104677;0.099190;0.075412;0.078873;0.075893;;;;;;;;
1477.469580;0.039733;0.041849;0.048201;0.099006;0.174664;0.149339;0.133972;0.101857;0.095495;0.072331;0.073151;0.071390;;;;;;;;
1478.433986;0.046386;0.053529;0.056104;0.111042;0.180333;0.158407;0.140640;0.110229;0.103844;0.081551;0.079046;0.075517;;;;;;;;
1479.398392;0.057508;0.064934;0.066705;0.125859;0.193198;0.173436;0.154499;0.126047;0.117444;0.091833;0.089579;0.087065;;;;;;;;
1480.362797;0.067725;0.071641;0.076303;0.138144;0.206000;0.184433;0.166422;0.141007;0.131999;0.102852;0.101915;0.103246;;;;;;;;
1481.327203;0.074995;0.077247;0.084229;0.145678;0.213138;0.189727;0.174204;0.148801;0.143159;0.115613;0.112463;0.113794;;;;;;;;
1482.291609;0.076380;0.078489;0.085141;0.144957;0.213828;0.190095;0.176124;0.149295;0.144990;0.121054;0.114339;0.114133;;;;;;;;
1483.256015;0.068516;0.073653;0.079098;0.138200;0.205740;0.184451;0.168593;0.141522;0.137197;0.114068;0.107409;0.107955;;;;;;;;
1484.220420;0.055738;0.064479;0.069864;0.127996;0.192518;0.171931;0.156248;0.128879;0.122207;0.098511;0.096109;0.094688;;;;;;;;
1485.184826;0.047229;0.053842;0.059009;0.116444;0.183428;0.161627;0.146468;0.120242;0.108605;0.084944;0.084389;0.081662;;;;;;;;
1486.149232;0.042651;0.044886;0.050495;0.107775;0.176578;0.154961;0.138809;0.113761;0.101547;0.078855;0.073920;0.076140;;;;;;;;
1487.113638;0.042149;0.044700;0.049478;0.106932;0.175759;0.150410;0.138446;0.112224;0.101022;0.079552;0.072086;0.074849;;;;;;;;
1488.078043;0.052924;0.057272;0.059497;0.117587;0.186875;0.161550;0.150510;0.122364;0.110529;0.090270;0.086275;0.083504;;;;;;;;
1489.042449;0.067699;0.069837;0.074408;0.133252;0.199722;0.182201;0.165866;0.137160;0.126634;0.107344;0.107043;0.103041;;;;;;;;
1490.006855;0.075165;0.075502;0.083262;0.144890;0.209328;0.196093;0.176418;0.149542;0.140559;0.119470;0.119817;0.118948;;;;;;;;
1490.971260;0.073772;0.077099;0.085805;0.147669;0.213549;0.197405;0.177536;0.151241;0.144510;0.121701;0.118276;0.118855;;;;;;;;
1491.935666;0.068046;0.072985;0.081302;0.141256;0.209233;0.189095;0.172353;0.144798;0.138521;0.116396;0.109905;0.108805;;;;;;;;
1492.900072;0.059251;0.063759;0.065535;0.129261;0.198291;0.175914;0.163251;0.134179;0.125033;0.101724;0.096997;0.094885;;;;;;;;
1493.864478;0.050489;0.055987;0.054219;0.119095;0.189450;0.166714;0.153312;0.122480;0.110283;0.087380;0.084370;0.081813;;;;;;;;
1494.828883;0.044914;0.049894;0.053694;0.112585;0.185562;0.162675;0.146624;0.115090;0.099695;0.082751;0.076948;0.074490;;;;;;;;
1495.793289;0.044986;0.048854;0.054453;0.113469;0.183535;0.159340;0.144297;0.113991;0.099357;0.083811;0.074400;0.075453;;;;;;;;
1496.757695;0.056010;0.061080;0.063290;0.125429;0.191360;0.166885;0.153716;0.125651;0.114362;0.094146;0.085352;0.085716;;;;;;;;
1497.722101;0.069394;0.074333;0.077580;0.139366;0.205722;0.182831;0.170977;0.142998;0.130761;0.112233;0.104320;0.101420;;;;;;;;
1498.686506;0.077511;0.082622;0.086741;0.150428;0.216746;0.197859;0.185209;0.157655;0.142845;0.128117;0.118866;0.117042;;;;;;;;
1499.650912;0.079163;0.082810;0.087921;0.150288;0.220415;0.204780;0.185930;0.161182;0.147071;0.130379;0.121136;0.119873;;;;;;;;
1500.615318;0.073608;0.075450;0.083576;0.142593;0.216964;0.197407;0.177000;0.150081;0.142812;0.120880;0.112726;0.110596;;;;;;;;
1501.579723;0.060798;0.065555;0.072559;0.131647;0.203969;0.179216;0.163302;0.132872;0.129320;0.105777;0.097654;0.096270;;;;;;;;
1502.544129;0.050486;0.056678;0.060656;0.120173;0.189543;0.167225;0.150628;0.121124;0.113774;0.092390;0.084202;0.084244;;;;;;;;
1503.508535;0.046443;0.052447;0.055067;0.116021;0.181813;0.164683;0.145556;0.114387;0.106233;0.083746;0.075484;0.077025;;;;;;;;
1504.472941;0.042279;0.051054;0.054000;0.116380;0.177816;0.163281;0.143398;0.111293;0.103875;0.079293;0.074360;0.077231;;;;;;;;
1505.437346;0.039250;0.045089;0.056492;0.113058;0.179070;0.160334;0.140325;0.110007;0.104537;0.080837;0.086245;0.090825;;;;;;;;
1506.401752;0.055321;0.054280;0.068222;0.122331;0.195261;0.165432;0.153648;0.125433;0.118882;0.099803;0.110619;0.114676;;;;;;;;
1507.366158;0.071827;0.073246;0.079766;0.141000;0.210378;0.182195;0.171934;0.150806;0.136820;0.120119;0.123147;0.125537;;;;;;;;
1508.330564;0.070361;0.073735;0.080741;0.142733;0.210756;0.193619;0.176679;0.152539;0.139423;0.121935;0.117536;0.120978;;;;;;;;
1509.294969;0.065136;0.068000;0.073818;0.133782;0.204635;0.188971;0.172242;0.142073;0.130669;0.113939;0.108260;0.110393;;;;;;;;
1510.259375;0.056457;0.061725;0.063943;0.125963;0.194594;0.176035;0.160792;0.134311;0.122336;0.101798;0.098115;0.098249;;;;;;;;
1511.223781;0.043858;0.049598;0.054722;0.116388;0.181976;0.166432;0.146901;0.121098;0.112626;0.086626;0.084319;0.086014;;;;;;;;
1512.188187;0.038766;0.041938;0.049351;0.109295;0.175897;0.160072;0.137771;0.109221;0.101590;0.075905;0.072117;0.074456;;;;;;;;
1513.152592;0.040820;0.045849;0.050693;0.114741;0.176932;0.160051;0.142295;0.113881;0.101970;0.075981;0.070181;0.072830;;;;;;;;
1514.116998;0.048294;0.054200;0.057956;0.123830;0.182231;0.168495;0.155934;0.125853;0.110628;0.083401;0.080077;0.084294;;;;;;;;
1515.081404;0.063870;0.067209;0.070847;0.134118;0.196734;0.184038;0.170092;0.139179;0.127380;0.098961;0.096846;0.101595;;;;;;;;
1516.045809;0.075205;0.080813;0.084320;0.146567;0.214493;0.196233;0.180857;0.152171;0.147201;0.119484;0.114129;0.120627;;;;;;;;
1517.010215;0.076107;0.085255;0.090723;0.154304;0.224621;0.196391;0.183646;0.158711;0.151191;0.130423;0.124930;0.129997;;;;;;;;
1517.974621;0.070696;0.079363;0.084148;0.150509;0.219105;0.191481;0.177373;0.152715;0.140957;0.122358;0.118215;0.117828;;;;;;;;
1518.939027;0.060068;0.068907;0.069662;0.134753;0.205165;0.183017;0.166628;0.139548;0.128118;0.107391;0.106335;0.104139;;;;;;;;
1519.903432;0.046082;0.052748;0.053547;0.115369;0.190787;0.167518;0.148348;0.124211;0.111260;0.089419;0.097794;0.094000;;;;;;;;
1520.867838;0.037483;0.039040;0.043757;0.109024;0.180223;0.153721;0.130041;0.110429;0.101263;0.074895;0.088455;0.084183;;;;;;;;
1521.832244;0.036617;0.037867;0.041475;0.109219;0.176773;0.150271;0.127923;0.103930;0.100549;0.071143;0.078860;0.078318;;;;;;;;
1522.796650;0.045227;0.049454;0.050955;0.117366;0.187313;0.162953;0.142759;0.113678;0.108773;0.080313;0.081228;0.082273;;;;;;;;
1523.761055;0.061620;0.068679;0.070258;0.134368;0.206664;0.185460;0.164128;0.133875;0.126555;0.100984;0.098713;0.098517;;;;;;;;
1524.725461;0.075260;0.083082;0.085792;0.146747;0.220563;0.200328;0.179197;0.150850;0.142049;0.120402;0.121037;0.117099;;;;;;;;
1525.689867;0.078861;0.086534;0.089699;0.152857;0.223205;0.199242;0.185022;0.156845;0.148868;0.128276;0.129778;0.124766;;;;;;;;
1526.654272;0.075281;0.082499;0.085450;0.151542;0.220806;0.194876;0.185726;0.154514;0.145613;0.128564;0.123074;0.122733;;;;;;;;
1527.618678;0.064823;0.069716;0.074157;0.138253;0.209572;0.186619;0.173161;0.143430;0.132576;0.117010;0.108720;0.111443;;;;;;;;
1528.583084;0.050296;0.054698;0.060506;0.124285;0.191067;0.169574;0.153629;0.126272;0.117785;0.093759;0.089147;0.090308;;;;;;;;
1529.547490;0.040825;0.048046;0.052390;0.118896;0.182097;0.160796;0.147488;0.115754;0.106050;0.078960;0.074746;0.073203;;;;;;;;
1530.511895;0.037850;0.048387;0.050619;0.116558;0.184549;0.164080;0.152501;0.113792;0.102474;0.078065;0.072548;0.068755;;;;;;;;
1531.476301;0.042592;0.053841;0.056151;0.119603;0.193841;0.172704;0.162157;0.120135;0.112062;0.085850;0.082967;0.078552;;;;;;;;
1532.440707;0.055715;0.063768;0.067420;0.131027;0.205465;0.185406;0.171156;0.133117;0.126882;0.099704;0.100519;0.097951;;;;;;;;
1533.405113;0.074379;0.078205;0.080773;0.146940;0.214190;0.197011;0.180462;0.147752;0.145170;0.119355;0.117654;0.118005;;;;;;;;
1534.369518;0.083552;0.086158;0.086103;0.156191;0.219674;0.202364;0.189934;0.157542;0.155383;0.128848;0.122962;0.123720;;;;;;;;
1535.333924;0.077967;0.082775;0.083254;0.154285;0.221987;0.201981;0.191093;0.158095;0.149342;0.122355;0.118390;0.116003;;;;;;;;
1536.298330;0.064366;0.073510;0.077278;0.143510;0.217422;0.193757;0.182685;0.146955;0.135417;0.109196;0.108435;0.104221;;;;;;;;
1537.262736;0.050439;0.062601;0.067600;0.129287;0.206639;0.180040;0.168042;0.131215;0.121409;0.096842;0.096507;0.096766;;;;;;;;
1538.227141;0.035510;0.048214;0.050295;0.112081;0.186862;0.159375;0.150614;0.114220;0.104871;0.085013;0.083642;0.091242;;;;;;;;
1539.191547;0.025591;0.038322;0.039192;0.100964;0.170875;0.145818;0.142508;0.102997;0.093332;0.078987;0.074254;0.085890;;;;;;;;
1540.155953;0.035941;0.048135;0.050499;0.110777;0.183912;0.159666;0.149286;0.115916;0.101853;0.087476;0.081118;0.090406;;;;;;;;
1541.120358;0.051438;0.061774;0.062519;0.125724;0.198619;0.173877;0.159605;0.134794;0.113986;0.102221;0.098135;0.101850;;;;;;;;
1542.084764;0.065997;0.074573;0.074300;0.143411;0.207729;0.188493;0.172673;0.149910;0.132171;0.119887;0.117514;0.116015;;;;;;;;
1543.049170;0.073747;0.082817;0.082393;0.153492;0.215282;0.201728;0.181147;0.156950;0.146582;0.128149;0.125688;0.122656;;;;;;;;
1544.013576;0.072770;0.082354;0.082452;0.151736;0.217448;0.202163;0.182879;0.156256;0.145682;0.125480;0.122941;0.123120;;;;;;;;
1544.977981;0.064313;0.071829;0.076742;0.143068;0.210688;0.188634;0.175803;0.148259;0.137257;0.113411;0.109562;0.115111;;;;;;;;
1545.942387;0.055132;0.061335;0.068818;0.133246;0.202365;0.173799;0.165202;0.137499;0.127327;0.099762;0.094165;0.097115;;;;;;;;
1546.906793;0.049086;0.054427;0.061142;0.124584;0.196601;0.164136;0.155778;0.127653;0.115325;0.089348;0.084516;0.082243;;;;;;;;
1547.871199;0.046785;0.050889;0.057233;0.120914;0.191809;0.162356;0.151393;0.121354;0.111870;0.082294;0.080257;0.078488;;;;;;;;
1548.835604;0.050483;0.057350;0.060803;0.124790;0.195154;0.173268;0.158914;0.124733;0.119611;0.086194;0.086395;0.085107;;;;;;;;
1549.800010;0.061433;0.069248;0.070931;0.136092;0.211390;0.190283;0.171559;0.137714;0.131075;0.100868;0.102125;0.095783;;;;;;;;
1550.764416;0.075836;0.079296;0.083060;0.151885;0.228491;0.202212;0.182530;0.151223;0.146223;0.115299;0.114124;0.106225;;;;;;;;
1551.728822;0.084865;0.086886;0.090536;0.159855;0.234229;0.207887;0.189551;0.159917;0.157389;0.125756;0.120318;0.115340;;;;;;;;
1552.693227;0.083968;0.086683;0.090253;0.156937;0.230344;0.208356;0.188867;0.162081;0.156034;0.130800;0.126637;0.121985;;;;;;;;
1553.657633;0.072832;0.075943;0.084357;0.151378;0.217174;0.198792;0.179660;0.154775;0.143518;0.124342;0.123662;0.121931;;;;;;;;
1554.622039;0.057324;0.062305;0.072787;0.142358;0.200440;0.180959;0.163615;0.141265;0.125682;0.104517;0.100569;0.105737;;;;;;;;
1555.586444;0.048732;0.056354;0.060903;0.129554;0.197809;0.174128;0.155564;0.132945;0.113880;0.089962;0.085256;0.091224;;;;;;;;
1556.550850;0.044346;0.053793;0.052947;0.118119;0.197656;0.174859;0.156612;0.128444;0.107703;0.087933;0.086544;0.092520;;;;;;;;
1557.515256;0.044926;0.054240;0.053359;0.114593;0.191651;0.174909;0.157294;0.123641;0.107069;0.096526;0.096178;0.103343;;;;;;;;
1558.479662;0.052298;0.063639;0.065490;0.126455;0.199548;0.182608;0.156769;0.123969;0.119684;0.110661;0.108375;0.117999;;;;;;;;
1559.444067;0.063582;0.074081;0.080332;0.146065;0.215896;0.196650;0.165928;0.138531;0.141073;0.125469;0.123122;0.133106;;;;;;;;
1560.408473;0.079213;0.083393;0.094015;0.159686;0.228437;0.204313;0.184463;0.160898;0.156577;0.131822;0.132678;0.132866;;;;;;;;
1561.372879;0.082323;0.087003;0.096720;0.159181;0.233149;0.203012;0.193048;0.168998;0.158639;0.128759;0.128139;0.125154;;;;;;;;
1562.337285;0.071501;0.081059;0.087022;0.150280;0.227373;0.196299;0.186262;0.160061;0.149653;0.121548;0.113212;0.113402;;;;;;;;
1563.301690;0.057482;0.068062;0.073944;0.136202;0.212996;0.185045;0.171401;0.141612;0.132428;0.108239;0.096912;0.097576;;;;;;;;
1564.266096;0.047112;0.054732;0.063179;0.123947;0.198569;0.169933;0.158754;0.125937;0.116696;0.089228;0.083599;0.083720;;;;;;;;
1565.230502;0.043961;0.052722;0.056810;0.121548;0.196258;0.163761;0.154210;0.122760;0.111752;0.080805;0.076835;0.074962;;;;;;;;
1566.194907;0.050000;0.060760;0.061584;0.126255;0.202935;0.171438;0.159964;0.128201;0.116154;0.089160;0.081463;0.076924;;;;;;;;
1567.159313;0.062931;0.069593;0.075214;0.139091;0.215672;0.183205;0.174947;0.138678;0.129253;0.103222;0.093779;0.091590;;;;;;;;
1568.123719;0.076290;0.079851;0.088161;0.156235;0.230435;0.195360;0.189306;0.155191;0.149671;0.119455;0.111495;0.115340;;;;;;;;
1569.088125;0.084076;0.088464;0.093831;0.165729;0.232508;0.206364;0.194578;0.166845;0.163942;0.130763;0.128234;0.135598;;;;;;;;
1570.052530;0.086694;0.090846;0.092549;0.165245;0.231990;0.210623;0.196256;0.167032;0.161300;0.130884;0.130139;0.130528;;;;;;;;
1571.016936;0.081574;0.086868;0.087186;0.156813;0.231309;0.203934;0.190455;0.159355;0.150153;0.126539;0.119879;0.114486;;;;;;;;
1571.981342;0.069060;0.074982;0.076768;0.143750;0.217869;0.190711;0.175497;0.143931;0.136092;0.113739;0.104072;0.102191;;;;;;;;
1572.945748;0.056887;0.062855;0.065294;0.133431;0.204812;0.180129;0.165645;0.133253;0.123888;0.097342;0.087865;0.089560;;;;;;;;
1573.910153;0.053595;0.061604;0.062489;0.130253;0.202721;0.180497;0.165453;0.133854;0.121274;0.091872;0.082747;0.083766;;;;;;;;
1574.874559;0.058797;0.066535;0.066228;0.131975;0.203584;0.189401;0.168136;0.136892;0.128749;0.094279;0.091701;0.092165;;;;;;;;
1575.838965;0.064739;0.071974;0.071006;0.138869;0.207612;0.195021;0.174207;0.144356;0.139294;0.102372;0.105254;0.106856;;;;;;;;
1576.803371;0.073442;0.079641;0.082283;0.154382;0.219932;0.198249;0.184115;0.159363;0.147685;0.115803;0.112480;0.115371;;;;;;;;
1577.767776;0.084119;0.087437;0.095098;0.166177;0.231273;0.206608;0.192964;0.172490;0.156648;0.127439;0.120113;0.120424;;;;;;;;
1578.732182;0.084862;0.090785;0.096944;0.166403;0.234948;0.211268;0.197545;0.175018;0.159944;0.131360;0.125263;0.121492;;;;;;;;
1579.696588;0.077933;0.084871;0.086220;0.159396;0.229768;0.204557;0.195711;0.163442;0.154190;0.125384;0.121694;0.116097;;;;;;;;
1580.660993;0.069727;0.074405;0.074911;0.148707;0.217988;0.190713;0.186096;0.147454;0.142997;0.113811;0.108643;0.103850;;;;;;;;
1581.625399;0.056775;0.067125;0.067206;0.135202;0.205831;0.179706;0.171209;0.134424;0.127519;0.098016;0.089146;0.086745;;;;;;;;
1582.589805;0.047330;0.060992;0.061932;0.126930;0.198170;0.174317;0.159746;0.124937;0.114066;0.085306;0.074759;0.073733;;;;;;;;
1583.554211;0.050524;0.061180;0.063617;0.131799;0.197865;0.175619;0.159508;0.126171;0.114162;0.084946;0.075796;0.075946;;;;;;;;
1584.518616;0.063494;0.071872;0.074123;0.149114;0.210029;0.185617;0.172195;0.142567;0.130024;0.098562;0.092638;0.091709;;;;;;;;
1585.483022;0.077675;0.083190;0.086076;0.165433;0.225401;0.197630;0.186837;0.159245;0.146647;0.117694;0.114035;0.108046;;;;;;;;
1586.447428;0.086059;0.093391;0.094300;0.172082;0.234705;0.209130;0.194462;0.168592;0.158196;0.131080;0.127924;0.119442;;;;;;;;
1587.411834;0.090129;0.100440;0.099384;0.172006;0.240009;0.217123;0.197424;0.173747;0.168912;0.135128;0.129938;0.122999;;;;;;;;
1588.376239;0.088572;0.096807;0.097747;0.166322;0.236019;0.213162;0.195401;0.170589;0.167450;0.127988;0.121467;0.116725;;;;;;;;
1589.340645;0.075582;0.082466;0.084664;0.153618;0.220198;0.199192;0.181670;0.155643;0.147476;0.110178;0.106102;0.100576;;;;;;;;
1590.305051;0.061967;0.067016;0.069171;0.140319;0.204636;0.185257;0.163426;0.138387;0.127697;0.094374;0.090686;0.082148;;;;;;;;
1591.269456;0.055841;0.059809;0.060607;0.133022;0.195770;0.175361;0.158810;0.129517;0.120295;0.087751;0.080103;0.073875;;;;;;;;
1592.233862;0.053833;0.060425;0.060727;0.130664;0.195679;0.175069;0.164605;0.128046;0.121638;0.088201;0.078796;0.077524;;;;;;;;
1593.198268;0.062150;0.069048;0.072469;0.137009;0.206396;0.187373;0.173336;0.137819;0.132139;0.099943;0.091391;0.090862;;;;;;;;
1594.162674;0.077689;0.082083;0.087939;0.151186;0.221080;0.198604;0.187741;0.156771;0.147874;0.118858;0.107694;0.104917;;;;;;;;
1595.127079;0.089610;0.091235;0.098002;0.162475;0.235423;0.206194;0.199686;0.169956;0.157601;0.133114;0.119272;0.115563;;;;;;;;
1596.091485;0.094454;0.096964;0.103198;0.167219;0.243472;0.215890;0.204847;0.174829;0.160427;0.140440;0.127663;0.125565;;;;;;;;
1597.055891;0.090424;0.098043;0.100880;0.164426;0.238798;0.217368;0.202652;0.172583;0.158491;0.137841;0.127623;0.125309;;;;;;;;
1598.020297;0.080921;0.088520;0.090464;0.153158;0.227123;0.206657;0.188065;0.161885;0.148147;0.122013;0.115937;0.111903;;;;;;;;
1598.984702;0.069679;0.073001;0.077445;0.138959;0.215179;0.192698;0.171999;0.146307;0.133765;0.103003;0.096765;0.093639;;;;;;;;
1599.949108;0.058476;0.061516;0.066470;0.127394;0.206887;0.182754;0.162735;0.130700;0.122399;0.090188;0.080539;0.078513;;;;;;;;
1600.913514;0.055270;0.061043;0.065833;0.128701;0.204834;0.181806;0.161616;0.127120;0.121067;0.086909;0.079334;0.076678;;;;;;;;
1601.877920;0.064837;0.072925;0.077600;0.145863;0.211387;0.189767;0.173125;0.140092;0.134541;0.097780;0.093096;0.089591;;;;;;;;
1602.842325;0.078794;0.087274;0.090836;0.160999;0.226796;0.201677;0.186630;0.159341;0.150288;0.116285;0.111913;0.106840;;;;;;;;
1603.806731;0.087946;0.095756;0.100179;0.166695;0.240276;0.211786;0.194603;0.174810;0.160031;0.129333;0.125516;0.117786;;;;;;;;
1604.771137;0.093972;0.099779;0.107009;0.171127;0.245272;0.217220;0.201097;0.180056;0.166568;0.136288;0.132087;0.123730;;;;;;;;
1605.735542;0.094700;0.101347;0.107843;0.172918;0.248116;0.216228;0.202660;0.176488;0.166097;0.137710;0.133733;0.127239;;;;;;;;
1606.699948;0.085643;0.097954;0.098758;0.166561;0.244727;0.208097;0.194232;0.165987;0.156363;0.127629;0.124516;0.118445;;;;;;;;
1607.664354;0.075028;0.086185;0.083180;0.154517;0.225324;0.196952;0.179075;0.150102;0.140669;0.110366;0.104161;0.097313;;;;;;;;
1608.628760;0.067232;0.073884;0.069381;0.142691;0.205185;0.186595;0.166451;0.136584;0.126406;0.096150;0.087846;0.081476;;;;;;;;
1609.593165;0.064414;0.071651;0.067207;0.139578;0.203703;0.185257;0.164058;0.132977;0.125418;0.092829;0.086463;0.080578;;;;;;;;
1610.557571;0.072218;0.078822;0.079040;0.151515;0.215328;0.198245;0.174130;0.145464;0.140123;0.104302;0.097267;0.090345;;;;;;;;
1611.521977;0.087605;0.094846;0.097930;0.169424;0.232857;0.214746;0.195752;0.169086;0.160662;0.123588;0.117751;0.107292;;;;;;;;
1612.486383;0.102670;0.113324;0.114414;0.181419;0.250624;0.226498;0.216541;0.188380;0.175980;0.140881;0.139854;0.125457;;;;;;;;
1613.450788;0.107796;0.121565;0.120579;0.188675;0.258256;0.233143;0.221431;0.196357;0.182194;0.150541;0.148549;0.135729;;;;;;;;
1614.415194;0.102159;0.117361;0.117764;0.188275;0.255667;0.229533;0.215029;0.191194;0.178635;0.148951;0.142173;0.136423;;;;;;;;
1615.379600;0.091562;0.103960;0.108522;0.177501;0.245960;0.213454;0.204193;0.173821;0.163172;0.137381;0.129476;0.130775;;;;;;;;
1616.344005;0.073396;0.084606;0.087544;0.164164;0.225952;0.190014;0.182992;0.148438;0.137640;0.114297;0.110124;0.112250;;;;;;;;
1617.308411;0.067258;0.080505;0.078107;0.157229;0.215959;0.183208;0.173546;0.138750;0.129684;0.101653;0.095893;0.093629;;;;;;;;
1618.272817;0.073705;0.086569;0.086120;0.155402;0.220117;0.192603;0.179455;0.143977;0.134984;0.106342;0.094324;0.092298;;;;;;;;
1619.237223;0.075734;0.090799;0.094114;0.159344;0.225204;0.203664;0.182774;0.150101;0.141617;0.111550;0.099125;0.098780;;;;;;;;
1620.201628;0.084192;0.098717;0.103802;0.172307;0.238374;0.213777;0.190090;0.163195;0.159165;0.121488;0.113224;0.112015;;;;;;;;
1621.166034;0.102426;0.109808;0.119538;0.189322;0.256043;0.224438;0.206630;0.181497;0.176013;0.139463;0.132966;0.131388;;;;;;;;
1622.130440;0.108994;0.116431;0.128451;0.197916;0.257440;0.228811;0.216112;0.188209;0.174602;0.151826;0.144065;0.143256;;;;;;;;
1623.094846;0.100680;0.117344;0.121021;0.194916;0.248827;0.225149;0.211049;0.183125;0.167670;0.151588;0.142634;0.141185;;;;;;;;
1624.059251;0.089080;0.107707;0.108969;0.184581;0.240955;0.217242;0.201018;0.172898;0.162459;0.138366;0.131699;0.128069;;;;;;;;
1625.023657;0.077463;0.093929;0.100920;0.169501;0.228396;0.203477;0.190609;0.159550;0.150114;0.121835;0.115852;0.109883;;;;;;;;
1625.988063;0.071490;0.087959;0.093979;0.159266;0.219900;0.194640;0.183408;0.151771;0.137720;0.110157;0.104571;0.097138;;;;;;;;
1626.952469;0.068275;0.086842;0.086262;0.154077;0.215049;0.196081;0.178618;0.149337;0.131418;0.102692;0.098522;0.090032;;;;;;;;
1627.916874;0.069465;0.092248;0.087996;0.154105;0.218337;0.200952;0.177331;0.149728;0.138158;0.105889;0.100177;0.090392;;;;;;;;
1628.881280;0.084048;0.106298;0.105326;0.170880;0.236518;0.211936;0.189971;0.161370;0.158108;0.121804;0.114424;0.106217;;;;;;;;
1629.845686;0.098823;0.117730;0.121150;0.189207;0.251856;0.225468;0.204707;0.180135;0.174518;0.139888;0.129801;0.125090;;;;;;;;
1630.810091;0.106940;0.125766;0.129227;0.194183;0.259964;0.234773;0.211743;0.194605;0.184044;0.152926;0.142186;0.138332;;;;;;;;
1631.774497;0.107718;0.128406;0.131198;0.192093;0.261162;0.233614;0.215356;0.197710;0.188197;0.153501;0.147358;0.143704;;;;;;;;
1632.738903;0.095103;0.118704;0.120609;0.185074;0.252222;0.221469;0.208222;0.187367;0.178830;0.141727;0.137286;0.133681;;;;;;;;
1633.703309;0.077078;0.100991;0.098953;0.172728;0.240657;0.208572;0.189957;0.168035;0.158564;0.126855;0.123104;0.117997;;;;;;;;
1634.667714;0.060930;0.080168;0.074640;0.156649;0.223260;0.192836;0.172299;0.143327;0.136387;0.109827;0.109494;0.109770;;;;;;;;
1635.632120;0.057072;0.076697;0.074891;0.150906;0.210713;0.185696;0.168785;0.133226;0.132232;0.102897;0.099087;0.107454;;;;;;;;
1636.596526;0.067898;0.089268;0.090256;0.159819;0.220346;0.193492;0.176405;0.147724;0.143475;0.114870;0.104429;0.109863;;;;;;;;
1637.560932;0.079937;0.099364;0.098184;0.169732;0.234586;0.200323;0.186418;0.165065;0.154388;0.126732;0.115526;0.115665;;;;;;;;
1638.525337;0.090185;0.112546;0.109563;0.180422;0.245731;0.216209;0.201193;0.176959;0.169879;0.136035;0.127515;0.124842;;;;;;;;
1639.489743;0.099805;0.125099;0.123271;0.192146;0.256059;0.236922;0.216643;0.189196;0.184786;0.148736;0.140571;0.136955;;;;;;;;
1640.454149;0.102527;0.125357;0.127433;0.196414;0.261040;0.238978;0.221108;0.193909;0.184998;0.152658;0.145204;0.140631;;;;;;;;
1641.418555;0.092999;0.116660;0.121556;0.186810;0.253091;0.224186;0.212604;0.181477;0.173221;0.139236;0.132800;0.131182;;;;;;;;
1642.382960;0.079145;0.102798;0.106987;0.170890;0.235948;0.209002;0.197042;0.165152;0.157106;0.118079;0.112992;0.114821;;;;;;;;
1643.347366;0.068737;0.088617;0.091915;0.159952;0.221402;0.198386;0.182291;0.154105;0.139968;0.104377;0.100153;0.097293;;;;;;;;
1644.311772;0.062057;0.083455;0.084891;0.153377;0.215893;0.190934;0.175599;0.147818;0.132533;0.104632;0.095091;0.090395;;;;;;;;
1645.276177;0.062101;0.086180;0.085318;0.147659;0.214863;0.188424;0.174020;0.148039;0.137729;0.110334;0.099993;0.098526;;;;;;;;
1646.240583;0.069827;0.095542;0.096092;0.154318;0.220171;0.197018;0.179981;0.156121;0.146627;0.119401;0.115694;0.116211;;;;;;;;
1647.204989;0.079328;0.107108;0.108110;0.172759;0.237511;0.208827;0.191774;0.168293;0.158459;0.132136;0.128420;0.133353;;;;;;;;
1648.169395;0.091571;0.115496;0.116916;0.185051;0.254730;0.218900;0.202022;0.178752;0.174191;0.143429;0.140392;0.140253;;;;;;;;
1649.133800;0.097214;0.116485;0.121649;0.186437;0.257508;0.222273;0.208150;0.182732;0.181408;0.148592;0.143108;0.137354;;;;;;;;
1650.098206;0.090063;0.107848;0.117018;0.181535;0.247325;0.215480;0.205978;0.180268;0.173446;0.142035;0.131998;0.130889;;;;;;;;
1651.062612;0.077153;0.095791;0.106384;0.167998;0.229702;0.203952;0.197941;0.169690;0.153207;0.128257;0.121745;0.122940;;;;;;;;
1652.027018;0.058678;0.082324;0.089557;0.146848;0.208503;0.182440;0.183381;0.148217;0.126756;0.111825;0.113086;0.119021;;;;;;;;
1652.991423;0.045947;0.067683;0.073953;0.135376;0.195778;0.162716;0.162493;0.132411;0.113560;0.095791;0.100258;0.112044;;;;;;;;
1653.955829;0.057759;0.073197;0.081461;0.142567;0.204205;0.177692;0.167363;0.142442;0.122864;0.100093;0.099221;0.101642;;;;;;;;
1654.920235;0.073673;0.088852;0.094829;0.156631;0.222016;0.196868;0.182822;0.159567;0.140944;0.114478;0.108100;0.104353;;;;;;;;
1655.884640;0.086283;0.102415;0.108012;0.169890;0.236169;0.207603;0.195148;0.172983;0.159856;0.129248;0.121553;0.116799;;;;;;;;
1656.849046;0.095162;0.113293;0.119751;0.179853;0.244434;0.215516;0.206007;0.181590;0.172625;0.142538;0.133311;0.129704;;;;;;;;
1657.813452;0.096577;0.117044;0.122899;0.185250;0.250659;0.220410;0.209960;0.186049;0.175406;0.146690;0.138677;0.132460;;;;;;;;
1658.777858;0.089818;0.109111;0.115779;0.181254;0.246229;0.215990;0.201269;0.180685;0.167328;0.137343;0.133987;0.122622;;;;;;;;
1659.742263;0.078785;0.097261;0.103977;0.171102;0.228713;0.205884;0.187091;0.165533;0.153852;0.122996;0.120283;0.109322;;;;;;;;
1660.706669;0.065151;0.086598;0.090974;0.159890;0.214259;0.196498;0.175284;0.150723;0.141063;0.110449;0.106021;0.099569;;;;;;;;
1661.671075;0.051832;0.075839;0.078845;0.148194;0.206283;0.183977;0.166751;0.141065;0.131471;0.098860;0.094873;0.094150;;;;;;;;
1662.635481;0.049997;0.072991;0.076220;0.144829;0.204163;0.176134;0.164519;0.139844;0.130204;0.095102;0.092370;0.094295;;;;;;;;
1663.599886;0.062356;0.084303;0.086005;0.156405;0.216622;0.186911;0.173736;0.151433;0.141284;0.109104;0.101019;0.099967;;;;;;;;
1664.564292;0.076622;0.099655;0.099995;0.169057;0.230827;0.202962;0.189554;0.167477;0.158306;0.128785;0.113550;0.111273;;;;;;;;
1665.528698;0.089171;0.110654;0.112842;0.175652;0.236351;0.214426;0.200177;0.179337;0.170943;0.140893;0.127142;0.124362;;;;;;;;
1666.493104;0.093884;0.113046;0.115929;0.179296;0.235362;0.217703;0.200042;0.181957;0.172512;0.142552;0.132602;0.127680;;;;;;;;
1667.457509;0.082955;0.106111;0.107692;0.173451;0.227415;0.208222;0.193340;0.172245;0.164164;0.133566;0.124131;0.123415;;;;;;;;
1668.421915;0.063951;0.089200;0.091719;0.153116;0.213253;0.188741;0.175748;0.154670;0.145238;0.113268;0.107676;0.115044;;;;;;;;
1669.386321;0.052683;0.071511;0.075677;0.138644;0.199473;0.171544;0.157662;0.142969;0.127996;0.093181;0.091788;0.096742;;;;;;;;
1670.350726;0.049536;0.066432;0.071463;0.136533;0.193056;0.166273;0.154670;0.137532;0.125173;0.085787;0.083444;0.083412;;;;;;;;
1671.315132;0.053686;0.071802;0.077606;0.140294;0.197966;0.173247;0.158358;0.139236;0.132012;0.093564;0.086479;0.085185;;;;;;;;
1672.279538;0.064996;0.083694;0.087879;0.152863;0.211802;0.186987;0.167545;0.151197;0.144220;0.111236;0.098637;0.096158;;;;;;;;
1673.243944;0.075620;0.096122;0.097587;0.161687;0.223054;0.199678;0.179576;0.162441;0.153229;0.124367;0.112555;0.108974;;;;;;;;
1674.208349;0.086598;0.106892;0.107658;0.167248;0.228954;0.213196;0.194783;0.175243;0.164235;0.136529;0.131737;0.128394;;;;;;;;
1675.172755;0.091201;0.110793;0.112826;0.174478;0.233795;0.219237;0.206651;0.185571;0.175097;0.145181;0.145930;0.141658;;;;;;;;
1676.137161;0.082128;0.103103;0.105304;0.167586;0.230916;0.208217;0.200033;0.177995;0.165945;0.135975;0.136630;0.127350;;;;;;;;
1677.101567;0.070696;0.090105;0.091633;0.153444;0.215812;0.193509;0.184261;0.163155;0.149267;0.118438;0.116137;0.107367;;;;;;;;
1678.065972;0.061019;0.077803;0.081008;0.142665;0.202225;0.182296;0.169266;0.147620;0.135888;0.103051;0.096814;0.091750;;;;;;;;
1679.030378;0.054365;0.069523;0.074707;0.133095;0.195540;0.171011;0.160042;0.135550;0.127124;0.095939;0.088059;0.081783;;;;;;;;
1679.994784;0.053879;0.067537;0.068791;0.130338;0.190138;0.164487;0.156126;0.132856;0.126637;0.095094;0.086583;0.082043;;;;;;;;
1680.959189;0.057478;0.072616;0.070334;0.135975;0.194401;0.170679;0.160825;0.140072;0.132373;0.096551;0.090149;0.089788;;;;;;;;
1681.923595;0.063520;0.081774;0.080451;0.142773;0.206802;0.180904;0.174325;0.152257;0.140524;0.107819;0.103552;0.103680;;;;;;;;
1682.888001;0.073927;0.092887;0.094261;0.152968;0.217977;0.191716;0.187568;0.163626;0.150854;0.129379;0.123223;0.123923;;;;;;;;
1683.852407;0.080107;0.099308;0.106600;0.162347;0.225895;0.201502;0.190032;0.169486;0.157156;0.138249;0.137781;0.139698;;;;;;;;
1684.816812;0.076358;0.097320;0.103955;0.160516;0.225932;0.201962;0.181471;0.167936;0.155816;0.130599;0.134468;0.133376;;;;;;;;
1685.781218;0.070639;0.089423;0.091198;0.150428;0.215993;0.192824;0.172798;0.158191;0.148656;0.120743;0.118729;0.111094;;;;;;;;
1686.745624;0.059601;0.075097;0.076800;0.136966;0.199688;0.178237;0.162019;0.142875;0.135161;0.102229;0.100461;0.089350;;;;;;;;
1687.710030;0.046812;0.062620;0.065401;0.126924;0.185051;0.167615;0.149263;0.129686;0.122137;0.086365;0.084358;0.076111;;;;;;;;
1688.674435;0.045318;0.061558;0.064856;0.124000;0.184592;0.166011;0.146937;0.128919;0.119542;0.087717;0.081657;0.075757;;;;;;;;
1689.638841;0.055190;0.068570;0.073705;0.130804;0.193334;0.172368;0.158207;0.139460;0.128086;0.100095;0.094074;0.087231;;;;;;;;
1690.603247;0.068488;0.080480;0.087415;0.146996;0.202307;0.187156;0.174002;0.154086;0.143708;0.115216;0.108436;0.102128;;;;;;;;
1691.567653;0.078585;0.091210;0.098445;0.157004;0.211531;0.198498;0.184139;0.165772;0.155256;0.124725;0.117872;0.112430;;;;;;;;
1692.532058;0.082466;0.095504;0.103017;0.158022;0.220114;0.200928;0.187141;0.170859;0.159258;0.127964;0.124207;0.120030;;;;;;;;
1693.496464;0.077041;0.090695;0.098935;0.154681;0.218200;0.194629;0.184565;0.166977;0.158408;0.125516;0.123012;0.119955;;;;;;;;
1694.460870;0.062091;0.076110;0.084060;0.142152;0.201394;0.179000;0.172385;0.153525;0.149268;0.115458;0.114346;0.107808;;;;;;;;
1695.425275;0.044301;0.059743;0.065208;0.121681;0.179231;0.157483;0.148110;0.128671;0.126806;0.095846;0.095218;0.088155;;;;;;;;
1696.389681;0.040531;0.054179;0.057384;0.113672;0.171747;0.145782;0.134969;0.115207;0.111797;0.078363;0.074417;0.074967;;;;;;;;
1697.354087;0.045899;0.053854;0.057857;0.116156;0.173556;0.149668;0.137259;0.121151;0.114671;0.077806;0.070262;0.074162;;;;;;;;
1698.318493;0.056939;0.063720;0.069094;0.126805;0.185788;0.166561;0.149230;0.135944;0.127432;0.095579;0.085121;0.091558;;;;;;;;
1699.282898;0.069096;0.079548;0.086567;0.144618;0.207229;0.185399;0.165815;0.152802;0.141423;0.123660;0.116531;0.126166;;;;;;;;
1700.247304;0.074723;0.085827;0.094415;0.154465;0.214457;0.188645;0.174772;0.162988;0.149269;0.139796;0.136838;0.144296;;;;;;;;
1701.211710;0.078029;0.088998;0.093193;0.152895;0.210322;0.187966;0.176533;0.165720;0.153976;0.134493;0.126383;0.130430;;;;;;;;
1702.176116;0.075736;0.087082;0.088507;0.148961;0.209451;0.189120;0.174076;0.164428;0.155293;0.124137;0.115780;0.116389;;;;;;;;
1703.140521;0.065328;0.074284;0.078549;0.137270;0.203778;0.182358;0.164624;0.154149;0.146885;0.110019;0.105343;0.102555;;;;;;;;
1704.104927;0.054514;0.060988;0.065848;0.120567;0.189782;0.168079;0.150501;0.138136;0.127086;0.093853;0.090322;0.089265;;;;;;;;
1705.069333;0.046693;0.054400;0.055485;0.110611;0.171980;0.155982;0.135224;0.126743;0.107778;0.080955;0.075817;0.078041;;;;;;;;
1706.033738;0.044587;0.052886;0.053814;0.112251;0.161954;0.151552;0.127620;0.124473;0.104894;0.081649;0.072918;0.073993;;;;;;;;
1706.998144;0.052869;0.060918;0.062042;0.121917;0.169536;0.156773;0.136727;0.130469;0.118828;0.091565;0.082083;0.079739;;;;;;;;
1707.962550;0.062781;0.072907;0.074982;0.133285;0.187706;0.167057;0.155349;0.142256;0.133671;0.100258;0.096448;0.089477;;;;;;;;
1708.926956;0.069457;0.079302;0.087202;0.143029;0.203908;0.177314;0.171288;0.156305;0.145127;0.110624;0.111670;0.100498;;;;;;;;
1709.891361;0.075901;0.083238;0.093848;0.147853;0.210976;0.184067;0.178130;0.163220;0.151008;0.119096;0.119579;0.110388;;;;;;;;
1710.855767;0.077373;0.084412;0.092000;0.145249;0.207680;0.183974;0.175660;0.160546;0.146946;0.120699;0.115676;0.110739;;;;;;;;
1711.820173;0.068973;0.075498;0.079839;0.136530;0.193958;0.175777;0.164266;0.149772;0.137601;0.113997;0.102438;0.098810;;;;;;;;
1712.784579;0.057575;0.062476;0.064719;0.125901;0.178998;0.161958;0.149436;0.133709;0.125964;0.098135;0.086473;0.086426;;;;;;;;
1713.748984;0.046969;0.050491;0.054790;0.113436;0.169187;0.147229;0.135793;0.120276;0.111292;0.081357;0.074363;0.077892;;;;;;;;
1714.713390;0.040866;0.044082;0.051633;0.104807;0.162470;0.141343;0.127999;0.112539;0.103262;0.074911;0.071845;0.071571;;;;;;;;
1715.677796;0.046433;0.051250;0.057768;0.109472;0.164607;0.149996;0.133801;0.116061;0.111310;0.083178;0.081741;0.079154;;;;;;;;
1716.642202;0.055416;0.061464;0.067631;0.117784;0.170596;0.161719;0.145575;0.128351;0.124607;0.096657;0.096155;0.098471;;;;;;;;
1717.606607;0.065113;0.067691;0.075751;0.124641;0.177418;0.169874;0.157767;0.139726;0.133361;0.109890;0.108886;0.114977;;;;;;;;
1718.571013;0.078776;0.075747;0.084221;0.134648;0.190535;0.177521;0.168041;0.148696;0.140697;0.120244;0.114847;0.118014;;;;;;;;
1719.535419;0.082750;0.081413;0.089590;0.138607;0.196040;0.179493;0.168649;0.152677;0.143208;0.118494;0.111952;0.110338;;;;;;;;
1720.499824;0.070415;0.077205;0.082253;0.128673;0.185036;0.170028;0.155986;0.143908;0.133381;0.105311;0.098852;0.094804;;;;;;;;
1721.464230;0.055267;0.064084;0.064859;0.113692;0.169505;0.157173;0.140198;0.128455;0.117162;0.090569;0.082543;0.078257;;;;;;;;
1722.428636;0.049768;0.051635;0.053208;0.104448;0.161304;0.149276;0.134195;0.117864;0.104697;0.079559;0.074677;0.067435;;;;;;;;
1723.393042;0.051021;0.048679;0.052952;0.101978;0.158026;0.145362;0.133847;0.113897;0.102414;0.077357;0.072772;0.064725;;;;;;;;
1724.357447;0.054107;0.054328;0.059798;0.109808;0.160223;0.148277;0.137725;0.119126;0.110409;0.087053;0.074135;0.071348;;;;;;;;
1725.321853;0.059655;0.063422;0.068893;0.124360;0.170576;0.159067;0.151008;0.133989;0.122177;0.101031;0.086009;0.084775;;;;;;;;
1726.286259;0.069045;0.073935;0.077564;0.134388;0.182563;0.171284;0.163678;0.148309;0.134924;0.110648;0.103134;0.098432;;;;;;;;
1727.250665;0.077428;0.082268;0.086027;0.139821;0.189039;0.179225;0.167125;0.154115;0.143616;0.115429;0.112382;0.107762;;;;;;;;
1728.215070;0.079165;0.083034;0.088779;0.140986;0.189042;0.179531;0.165412;0.151974;0.142948;0.115852;0.112848;0.110069;;;;;;;;
1729.179476;0.074367;0.076392;0.081920;0.132357;0.182521;0.170334;0.160301;0.142191;0.135659;0.110508;0.108198;0.103603;;;;;;;;
1730.143882;0.063099;0.065950;0.069582;0.118290;0.168593;0.156303;0.148061;0.127871;0.123259;0.099312;0.095560;0.089846;;;;;;;;
1731.108288;0.051190;0.054979;0.057725;0.106540;0.153728;0.147735;0.133159;0.118083;0.110437;0.085041;0.081012;0.076842;;;;;;;;
1732.072693;0.046480;0.050200;0.054033;0.099360;0.149836;0.146586;0.128601;0.114386;0.106147;0.079989;0.077432;0.074595;;;;;;;;
1733.037099;0.046682;0.052605;0.057703;0.098666;0.157882;0.146244;0.133549;0.114026;0.110563;0.090680;0.084191;0.086589;;;;;;;;
1734.001505;0.051945;0.056707;0.062371;0.106867;0.167380;0.148471;0.139736;0.121166;0.118653;0.102671;0.096162;0.100868;;;;;;;;
1734.965910;0.064842;0.070105;0.072686;0.121131;0.178172;0.161728;0.151154;0.135101;0.128751;0.109212;0.107985;0.104176;;;;;;;;
1735.930316;0.074386;0.082897;0.081490;0.130634;0.186940;0.171618;0.160073;0.147231;0.136688;0.114673;0.110973;0.107185;;;;;;;;
1736.894722;0.075718;0.081075;0.082300;0.130499;0.187249;0.170897;0.161613;0.150784;0.138613;0.114333;0.107572;0.109363;;;;;;;;
1737.859128;0.068990;0.073598;0.077512;0.124549;0.180019;0.165431;0.159856;0.140847;0.132305;0.107929;0.103178;0.103990;;;;;;;;
1738.823533;0.058801;0.067433;0.067741;0.117836;0.165157;0.154873;0.151100;0.124151;0.119356;0.095010;0.095280;0.094206;;;;;;;;
1739.787939;0.050642;0.052611;0.053962;0.105817;0.146993;0.137966;0.131753;0.108758;0.105880;0.077855;0.079625;0.079365;;;;;;;;
1740.752345;0.047365;0.042346;0.047434;0.095953;0.140023;0.131512;0.121087;0.103157;0.099210;0.071593;0.068860;0.067335;;;;;;;;
1741.716751;0.049675;0.046981;0.051722;0.100849;0.145543;0.138330;0.125662;0.108376;0.101857;0.076541;0.074072;0.070037;;;;;;;;
1742.681156;0.057211;0.060130;0.064478;0.114988;0.158930;0.152042;0.138156;0.120605;0.113495;0.088309;0.088368;0.082099;;;;;;;;
1743.645562;0.066281;0.071780;0.077499;0.125564;0.169584;0.163880;0.149443;0.131648;0.124207;0.101594;0.099175;0.092975;;;;;;;;
1744.609968;0.072729;0.076549;0.083928;0.129581;0.174419;0.169304;0.156432;0.137093;0.130170;0.109425;0.106384;0.101680;;;;;;;;
1745.574373;0.073340;0.077664;0.085339;0.126411;0.176482;0.168972;0.159255;0.137034;0.131914;0.111906;0.108823;0.105956;;;;;;;;
1746.538779;0.069178;0.074577;0.081100;0.121461;0.174426;0.161162;0.152644;0.131286;0.126198;0.108277;0.103977;0.101784;;;;;;;;
1747.503185;0.059854;0.063262;0.067572;0.114565;0.164048;0.147107;0.138314;0.122376;0.113777;0.094143;0.091950;0.090736;;;;;;;;
1748.467591;0.049205;0.053694;0.055662;0.102582;0.148848;0.135802;0.128697;0.113453;0.101246;0.078278;0.077686;0.078863;;;;;;;;
1749.431996;0.046073;0.052619;0.054625;0.096404;0.142960;0.132660;0.127009;0.107237;0.097747;0.074821;0.071712;0.073466;;;;;;;;
1750.396402;0.047232;0.050526;0.054234;0.094788;0.143509;0.131992;0.128404;0.106192;0.100724;0.081379;0.073165;0.076010;;;;;;;;
1751.360808;0.054166;0.054011;0.059424;0.100389;0.148970;0.138822;0.136335;0.115411;0.109625;0.093771;0.082435;0.085299;;;;;;;;
1752.325214;0.065769;0.068039;0.074095;0.116838;0.164796;0.155040;0.148869;0.128589;0.123274;0.105003;0.095076;0.096231;;;;;;;;
1753.289619;0.074753;0.079355;0.085285;0.130905;0.179040;0.168550;0.159422;0.137046;0.134712;0.111974;0.105558;0.104897;;;;;;;;
1754.254025;0.076150;0.080194;0.087202;0.133670;0.178596;0.170815;0.161105;0.139402;0.137397;0.114105;0.109584;0.105379;;;;;;;;
1755.218431;0.068475;0.070243;0.079803;0.126769;0.169814;0.161985;0.150883;0.134813;0.125589;0.107305;0.100281;0.099386;;;;;;;;
1756.182837;0.058540;0.057236;0.065945;0.115388;0.161109;0.148147;0.136548;0.124000;0.108148;0.092329;0.083279;0.090829;;;;;;;;
1757.147242;0.052485;0.051980;0.055740;0.105587;0.150221;0.138346;0.128332;0.112740;0.100954;0.081438;0.072719;0.078283;;;;;;;;
1758.111648;0.048977;0.049608;0.052364;0.100685;0.142726;0.135285;0.125205;0.104982;0.096281;0.075189;0.069086;0.068248;;;;;;;;
1759.076054;0.050306;0.049565;0.054440;0.099730;0.144790;0.135504;0.126023;0.104476;0.093459;0.072751;0.071037;0.067055;;;;;;;;
1760.040459;0.057928;0.058811;0.064699;0.104812;0.152043;0.140707;0.132458;0.112549;0.102858;0.080963;0.081693;0.077595;;;;;;;;
1761.004865;0.067425;0.071407;0.077267;0.116446;0.160131;0.152132;0.143185;0.125153;0.118433;0.093997;0.098392;0.096857;;;;;;;;
1761.969271;0.076795;0.080136;0.083771;0.127619;0.169222;0.163192;0.154520;0.137446;0.130814;0.106837;0.111023;0.110554;;;;;;;;
1762.933677;0.082722;0.083410;0.085097;0.132536;0.173945;0.166264;0.158137;0.141355;0.136003;0.116430;0.111368;0.111401;;;;;;;;
1763.898082;0.078770;0.079372;0.081210;0.129502;0.169518;0.158854;0.153170;0.135408;0.130132;0.113018;0.104188;0.104010;;;;;;;;
1764.862488;0.065033;0.068032;0.070132;0.115678;0.158243;0.144966;0.142090;0.120115;0.113819;0.095471;0.090728;0.089504;;;;;;;;
1765.826894;0.051719;0.055512;0.056568;0.099305;0.146326;0.135522;0.130552;0.103176;0.098974;0.077632;0.073921;0.075077;;;;;;;;
1766.791300;0.043682;0.046933;0.045700;0.087997;0.136288;0.128412;0.122409;0.094277;0.089683;0.068331;0.065481;0.068427;;;;;;;;
1767.755705;0.042927;0.045635;0.043622;0.088954;0.133590;0.126612;0.121238;0.096063;0.087541;0.070594;0.069693;0.071572;;;;;;;;
1768.720111;0.050143;0.053992;0.054961;0.104051;0.140840;0.138833;0.132965;0.106894;0.098448;0.081826;0.079129;0.079351;;;;;;;;
1769.684517;0.060267;0.065916;0.069635;0.115794;0.152240;0.151974;0.146897;0.119677;0.113129;0.093919;0.092288;0.089475;;;;;;;;
1770.648922;0.072190;0.075947;0.079210;0.121132;0.164675;0.158247;0.154111;0.130135;0.124906;0.106841;0.107394;0.104015;;;;;;;;
1771.613328;0.078541;0.079121;0.084161;0.124104;0.169377;0.156886;0.155132;0.136218;0.130120;0.114835;0.112057;0.114897;;;;;;;;
1772.577734;0.071188;0.071667;0.081529;0.116693;0.164494;0.148158;0.145753;0.132741;0.121909;0.106148;0.100719;0.108486;;;;;;;;
1773.542140;0.062353;0.063135;0.071117;0.106817;0.157000;0.141709;0.133405;0.121362;0.110004;0.092772;0.087667;0.091927;;;;;;;;
1774.506545;0.054475;0.056016;0.060389;0.099863;0.142798;0.134995;0.125380;0.108551;0.100257;0.082851;0.079128;0.077176;;;;;;;;
1775.470951;0.046036;0.048243;0.052544;0.092805;0.130811;0.126930;0.118556;0.098209;0.092828;0.073878;0.070892;0.065676;;;;;;;;
1776.435357;0.046501;0.046874;0.052842;0.093678;0.134777;0.129633;0.118477;0.097917;0.092857;0.072015;0.066769;0.063909;;;;;;;;
1777.399763;0.054650;0.051936;0.059077;0.100953;0.145161;0.140343;0.127258;0.107727;0.097999;0.079524;0.074216;0.072643;;;;;;;;
1778.364168;0.065772;0.062861;0.069074;0.111803;0.155518;0.151156;0.139000;0.120774;0.110011;0.094263;0.090676;0.086203;;;;;;;;
1779.328574;0.075459;0.074829;0.082186;0.123589;0.166017;0.158798;0.147885;0.131381;0.124527;0.108375;0.104680;0.100046;;;;;;;;
1780.292980;0.078757;0.077553;0.087891;0.127609;0.171460;0.161222;0.151483;0.137438;0.129153;0.112499;0.110354;0.109196;;;;;;;;
1781.257386;0.074263;0.074485;0.083054;0.123598;0.166007;0.160146;0.149241;0.135779;0.124526;0.107605;0.105101;0.108044;;;;;;;;
1782.221791;0.064225;0.069948;0.076809;0.113857;0.156118;0.153856;0.142135;0.127204;0.114723;0.099876;0.093218;0.095238;;;;;;;;
1783.186197;0.055503;0.060077;0.066801;0.100869;0.147051;0.142134;0.132887;0.113309;0.101691;0.088635;0.082966;0.077262;;;;;;;;
1784.150603;0.049260;0.046737;0.052383;0.092089;0.135142;0.130302;0.122575;0.097653;0.091114;0.075075;0.071819;0.064935;;;;;;;;
1785.115008;0.045544;0.040073;0.046263;0.090210;0.130173;0.124197;0.116591;0.092092;0.087256;0.069314;0.063431;0.062167;;;;;;;;
1786.079414;0.050271;0.046955;0.052780;0.094110;0.136848;0.128366;0.122144;0.098505;0.093358;0.075049;0.070934;0.067548;;;;;;;;
1787.043820;0.061368;0.060170;0.065597;0.105172;0.147367;0.139449;0.134793;0.110188;0.105845;0.087257;0.088179;0.078715;;;;;;;;
1788.008226;0.071925;0.070445;0.076433;0.118970;0.159826;0.150467;0.146653;0.124712;0.116805;0.098472;0.098946;0.091609;;;;;;;;
1788.972631;0.075988;0.073772;0.078685;0.122613;0.163161;0.155259;0.149795;0.133433;0.121762;0.101948;0.100764;0.100522;;;;;;;;
1789.937037;0.073107;0.071217;0.075865;0.115758;0.155862;0.152072;0.143955;0.128467;0.118026;0.098282;0.098916;0.100192;;;;;;;;
1790.901443;0.064145;0.064765;0.070188;0.105291;0.150406;0.144390;0.136203;0.115618;0.107459;0.088937;0.091098;0.092892;;;;;;;;
1791.865849;0.050422;0.052426;0.059004;0.091652;0.142154;0.133633;0.122905;0.101087;0.095384;0.077860;0.077810;0.084314;;;;;;;;
1792.830254;0.044155;0.044725;0.050360;0.085528;0.132209;0.124924;0.112561;0.090917;0.088845;0.071623;0.068798;0.075651;;;;;;;;
1793.794660;0.048083;0.049853;0.053518;0.090639;0.133319;0.126916;0.118739;0.095866;0.093994;0.074235;0.071037;0.073305;;;;;;;;
1794.759066;0.053278;0.058077;0.062053;0.097877;0.139270;0.135603;0.128349;0.107981;0.103917;0.084355;0.080498;0.080085;;;;;;;;
1795.723471;0.060211;0.066688;0.070313;0.107840;0.148444;0.144874;0.136400;0.117227;0.112610;0.094245;0.091156;0.090077;;;;;;;;
1796.687877;0.070511;0.073415;0.078820;0.118486;0.159895;0.152230;0.147065;0.126459;0.121609;0.101873;0.101155;0.097119;;;;;;;;
1797.652283;0.078439;0.076048;0.082833;0.121988;0.162662;0.156112;0.153580;0.132080;0.127433;0.108011;0.108494;0.101988;;;;;;;;
1798.616689;0.076632;0.073377;0.078050;0.115676;0.158661;0.153931;0.147602;0.127221;0.122985;0.104879;0.107430;0.102335;;;;;;;;
1799.581094;0.067138;0.063981;0.069700;0.105908;0.152381;0.144783;0.136156;0.117455;0.110993;0.093930;0.096289;0.094195;;;;;;;;
1800.545500;0.058899;0.056581;0.059765;0.098155;0.139629;0.133303;0.127175;0.105400;0.099654;0.082901;0.081157;0.082217;;;;;;;;
1801.509906;0.052428;0.052871;0.050349;0.090512;0.129294;0.125435;0.117676;0.094038;0.092032;0.074416;0.070086;0.071979;;;;;;;;
1802.474312;0.047820;0.049448;0.049065;0.088067;0.128327;0.122346;0.115591;0.093574;0.090127;0.071506;0.066958;0.067373;;;;;;;;
1803.438717;0.052265;0.052867;0.057431;0.095974;0.135017;0.127290;0.123128;0.103660;0.095672;0.077103;0.073506;0.072546;;;;;;;;
1804.403123;0.063386;0.062544;0.068656;0.107539;0.148310;0.141380;0.132275;0.117073;0.107192;0.090743;0.086870;0.084529;;;;;;;;
1805.367529;0.072026;0.070407;0.075466;0.114499;0.158352;0.153420;0.141827;0.126474;0.118742;0.102197;0.097966;0.094204;;;;;;;;
1806.331935;0.077661;0.074597;0.078919;0.115597;0.159943;0.156810;0.146771;0.129151;0.124248;0.105864;0.103140;0.098045;;;;;;;;
1807.296340;0.077020;0.075513;0.079644;0.113921;0.158425;0.154844;0.145255;0.128893;0.122977;0.106014;0.100998;0.097847;;;;;;;;
1808.260746;0.069283;0.071541;0.075237;0.111099;0.154963;0.149016;0.140842;0.123963;0.117968;0.100819;0.092889;0.093091;;;;;;;;
1809.225152;0.062091;0.062943;0.068236;0.104736;0.148119;0.138735;0.129968;0.113469;0.109380;0.089150;0.084958;0.083559;;;;;;;;
1810.189557;0.053330;0.052413;0.059879;0.094834;0.136576;0.124752;0.114945;0.103112;0.096810;0.076475;0.074669;0.071821;;;;;;;;
1811.153963;0.045756;0.046359;0.053542;0.088315;0.127565;0.117715;0.109255;0.098741;0.090311;0.071045;0.067259;0.065575;;;;;;;;
1812.118369;0.049210;0.049591;0.054683;0.091316;0.132882;0.123763;0.117494;0.104349;0.095427;0.075159;0.073420;0.070730;;;;;;;;
1813.082775;0.060442;0.060583;0.063805;0.102845;0.147289;0.136773;0.131676;0.117114;0.104970;0.085638;0.086178;0.083086;;;;;;;;
1814.047180;0.069792;0.071651;0.076342;0.113374;0.157099;0.148488;0.142894;0.125886;0.113634;0.097011;0.096343;0.093951;;;;;;;;
1815.011586;0.075262;0.075746;0.083116;0.117120;0.158983;0.152972;0.146999;0.125790;0.118710;0.100690;0.101101;0.099185;;;;;;;;
1815.975992;0.077009;0.074094;0.080009;0.115737;0.154083;0.151810;0.144160;0.123060;0.117138;0.097761;0.099344;0.097589;;;;;;;;
1816.940398;0.069812;0.067405;0.072426;0.108601;0.144037;0.144015;0.136219;0.116461;0.110275;0.092984;0.093605;0.088704;;;;;;;;
1817.904803;0.058988;0.058072;0.063575;0.098993;0.133286;0.130778;0.125837;0.103654;0.102255;0.083930;0.083392;0.076511;;;;;;;;
1818.869209;0.052378;0.052124;0.054801;0.091293;0.125668;0.122674;0.118488;0.094845;0.095473;0.074238;0.070991;0.066721;;;;;;;;
1819.833615;0.048917;0.049038;0.052277;0.088450;0.123829;0.121593;0.118651;0.094651;0.094839;0.070621;0.065962;0.063995;;;;;;;;
1820.798021;0.053263;0.051943;0.057776;0.094546;0.129180;0.127222;0.125227;0.101884;0.102349;0.077210;0.071482;0.069527;;;;;;;;
1821.762426;0.063022;0.062542;0.065955;0.104741;0.140421;0.136909;0.133942;0.111487;0.109894;0.090538;0.081818;0.078949;;;;;;;;
1822.726832;0.070773;0.073585;0.073785;0.113562;0.152869;0.144992;0.142072;0.117321;0.115208;0.099037;0.091965;0.089540;;;;;;;;
1823.691238;0.075789;0.078422;0.077655;0.117874;0.157691;0.151237;0.145944;0.122447;0.119870;0.101762;0.099138;0.098397;;;;;;;;
1824.655643;0.075580;0.075165;0.075271;0.113499;0.151138;0.150625;0.142549;0.126193;0.119111;0.101959;0.099334;0.100225;;;;;;;;
1825.620049;0.072667;0.070402;0.071816;0.107024;0.143452;0.144278;0.137832;0.123717;0.112769;0.096454;0.093497;0.094143;;;;;;;;
1826.584455;0.068270;0.064974;0.067534;0.103110;0.137817;0.140119;0.133927;0.115523;0.105045;0.088398;0.085165;0.082789;;;;;;;;
1827.548861;0.059184;0.055186;0.059145;0.097142;0.129017;0.133100;0.124516;0.104975;0.098188;0.081147;0.074686;0.070802;;;;;;;;
1828.513266;0.050643;0.049425;0.052023;0.091317;0.123387;0.122745;0.115901;0.099300;0.094640;0.077203;0.070259;0.068500;;;;;;;;
1829.477672;0.048870;0.051837;0.052799;0.091143;0.124756;0.120879;0.117699;0.099606;0.095571;0.079535;0.073210;0.076068;;;;;;;;
1830.442078;0.056990;0.058030;0.061077;0.098869;0.131579;0.131456;0.126718;0.105643;0.102657;0.085590;0.078189;0.084575;;;;;;;;
1831.406484;0.068140;0.066204;0.070043;0.108753;0.141550;0.141140;0.137061;0.116368;0.112323;0.092659;0.088120;0.093173;;;;;;;;
1832.370889;0.076301;0.073860;0.076416;0.115585;0.150667;0.147115;0.144620;0.126128;0.120102;0.099873;0.097862;0.100108;;;;;;;;
1833.335295;0.079924;0.075852;0.079942;0.118449;0.153066;0.149532;0.146759;0.129198;0.121461;0.101492;0.098947;0.100701;;;;;;;;
1834.299701;0.075514;0.072824;0.078922;0.115165;0.146326;0.142684;0.143850;0.121895;0.113435;0.095688;0.092907;0.095589;;;;;;;;
1835.264106;0.066121;0.066208;0.071306;0.104815;0.139905;0.133235;0.132828;0.110229;0.100946;0.086908;0.082894;0.086196;;;;;;;;
1836.228512;0.056164;0.055035;0.060886;0.092953;0.134788;0.127539;0.118917;0.101012;0.091692;0.076719;0.071987;0.073775;;;;;;;;
1837.192918;0.049495;0.047939;0.054821;0.086457;0.125366;0.125361;0.113498;0.095642;0.088813;0.070449;0.066228;0.065192;;;;;;;;
1838.157324;0.050979;0.049936;0.054287;0.087253;0.123225;0.128338;0.116742;0.098331;0.090950;0.074195;0.071027;0.068518;;;;;;;;
1839.121729;0.057632;0.055697;0.059371;0.094692;0.134344;0.132917;0.123536;0.107214;0.097563;0.084004;0.082270;0.079466;;;;;;;;
1840.086135;0.064675;0.062201;0.068175;0.103997;0.146268;0.136679;0.130948;0.116261;0.106746;0.094191;0.090343;0.087214;;;;;;;;
1841.050541;0.069058;0.067299;0.074512;0.108089;0.147845;0.141704;0.137676;0.122788;0.113602;0.099106;0.094552;0.091269;;;;;;;;
1842.014947;0.072176;0.069952;0.077494;0.109315;0.146566;0.146055;0.142678;0.126021;0.116405;0.096610;0.099922;0.095856;;;;;;;;
1842.979352;0.072437;0.067865;0.074845;0.108214;0.148157;0.142069;0.142070;0.125232;0.113628;0.092084;0.102163;0.096778;;;;;;;;
1843.943758;0.062760;0.059945;0.063754;0.099603;0.138195;0.129697;0.130992;0.112987;0.102652;0.083887;0.088584;0.086074;;;;;;;;
1844.908164;0.056568;0.055498;0.057379;0.093281;0.124522;0.123884;0.119098;0.099225;0.093183;0.075162;0.072430;0.073205;;;;;;;;
1845.872570;0.058041;0.053898;0.057439;0.092339;0.123767;0.123840;0.116412;0.097955;0.091719;0.075473;0.071263;0.070096;;;;;;;;
1846.836975;0.057717;0.051973;0.056768;0.093778;0.127673;0.124220;0.120340;0.101030;0.094465;0.081557;0.076968;0.073246;;;;;;;;
1847.801381;0.061864;0.057267;0.061880;0.102299;0.133714;0.130193;0.127681;0.107326;0.101626;0.089978;0.083599;0.080153;;;;;;;;
1848.765787;0.071220;0.068555;0.074624;0.112561;0.142686;0.141601;0.135352;0.118333;0.112083;0.100167;0.091246;0.089649;;;;;;;;
1849.730192;0.075689;0.074244;0.081544;0.115960;0.148327;0.148088;0.141882;0.123527;0.118514;0.105856;0.095778;0.094688;;;;;;;;
1850.694598;0.075159;0.073613;0.080186;0.113859;0.148455;0.144791;0.144130;0.122223;0.119316;0.104853;0.094904;0.093232;;;;;;;;
1851.659004;0.072619;0.071906;0.078362;0.109999;0.144159;0.140737;0.139913;0.120279;0.117037;0.101045;0.092028;0.090778;;;;;;;;
1852.623410;0.068066;0.067722;0.073702;0.105233;0.138264;0.139980;0.135045;0.115112;0.110665;0.094223;0.088281;0.085805;;;;;;;;
1853.587815;0.063168;0.061456;0.065954;0.098429;0.132892;0.134440;0.129694;0.107667;0.101776;0.083852;0.082088;0.077389;;;;;;;;
1854.552221;0.058515;0.056630;0.061280;0.092077;0.128317;0.125634;0.122046;0.101967;0.094939;0.075402;0.075291;0.070818;;;;;;;;
1855.516627;0.055524;0.055163;0.060884;0.091194;0.129053;0.123308;0.120311;0.099399;0.095303;0.074750;0.072680;0.069848;;;;;;;;
1856.481033;0.057240;0.059117;0.062588;0.095003;0.134662;0.128397;0.124229;0.103264;0.102540;0.081801;0.077417;0.075562;;;;;;;;
1857.445438;0.063102;0.067097;0.065956;0.102722;0.142574;0.138107;0.129362;0.113287;0.111156;0.093057;0.086556;0.085313;;;;;;;;
1858.409844;0.067699;0.070921;0.069727;0.110919;0.147732;0.144320;0.136112;0.119360;0.116749;0.098274;0.092883;0.092893;;;;;;;;
1859.374250;0.069226;0.068779;0.070258;0.110971;0.144655;0.140501;0.138329;0.117723;0.115538;0.093327;0.092472;0.092343;;;;;;;;
1860.338655;0.070417;0.066574;0.069566;0.105883;0.142286;0.135415;0.134327;0.115174;0.109847;0.089195;0.086387;0.087045;;;;;;;;
1861.303061;0.067096;0.063253;0.068165;0.100973;0.138862;0.131686;0.127190;0.111174;0.104633;0.085061;0.079831;0.082986;;;;;;;;
1862.267467;0.059350;0.058831;0.061640;0.093674;0.128612;0.126729;0.117880;0.104870;0.099576;0.076751;0.074833;0.076402;;;;;;;;
1863.231873;0.053828;0.053470;0.055661;0.087105;0.122002;0.123422;0.113133;0.099710;0.094137;0.071321;0.069204;0.069019;;;;;;;;
1864.196278;0.051429;0.050453;0.056519;0.088022;0.122898;0.121327;0.115827;0.098734;0.093068;0.073105;0.069055;0.070323;;;;;;;;
1865.160684;0.054820;0.059817;0.062283;0.096842;0.131756;0.126168;0.123202;0.105110;0.099109;0.082364;0.078073;0.079090;;;;;;;;
1866.125090;0.062578;0.070907;0.071058;0.105577;0.143412;0.138308;0.131533;0.113114;0.105804;0.092380;0.088975;0.088193;;;;;;;;
1867.089496;0.067157;0.072418;0.077651;0.108345;0.147414;0.145149;0.135616;0.116764;0.109879;0.098185;0.096782;0.095450;;;;;;;;
1868.053901;0.068859;0.074131;0.077480;0.108573;0.145799;0.144420;0.135111;0.117153;0.112891;0.100835;0.099442;0.098466;;;;;;;;
1869.018307;0.069266;0.073001;0.073117;0.106684;0.139464;0.140356;0.130263;0.113319;0.111767;0.097189;0.094949;0.093423;;;;;;;;
1869.982713;0.064654;0.063349;0.066551;0.099250;0.128985;0.132886;0.122841;0.107626;0.105031;0.089399;0.084927;0.081321;;;;;;;;
1870.947119;0.057696;0.055543;0.059611;0.091252;0.123582;0.122905;0.117758;0.103843;0.097669;0.082465;0.074943;0.070354;;;;;;;;
1871.911524;0.054811;0.053534;0.055541;0.088515;0.124381;0.116857;0.116686;0.100955;0.096328;0.078989;0.070863;0.069196;;;;;;;;
1872.875930;0.056423;0.053598;0.056239;0.090445;0.125791;0.120463;0.120267;0.100598;0.100358;0.080976;0.073901;0.075269;;;;;;;;
1873.840336;0.061004;0.056897;0.060773;0.096240;0.129946;0.126871;0.126380;0.107679;0.104820;0.085329;0.081037;0.080550;;;;;;;;
1874.804741;0.067269;0.065228;0.066008;0.104372;0.138672;0.133291;0.131051;0.118817;0.110792;0.090003;0.088137;0.085232;;;;;;;;
1875.769147;0.071701;0.071249;0.071568;0.109913;0.144774;0.142531;0.134515;0.124804;0.118431;0.095718;0.093655;0.090561;;;;;;;;
1876.733553;0.072098;0.072281;0.075889;0.109726;0.143572;0.146363;0.137788;0.123315;0.120780;0.099457;0.096286;0.091305;;;;;;;;
1877.697959;0.068130;0.070771;0.074844;0.104881;0.138508;0.140144;0.136889;0.116589;0.113143;0.095109;0.092282;0.086024;;;;;;;;
1878.662364;0.062887;0.064635;0.069720;0.100594;0.134769;0.129993;0.130554;0.109780;0.104317;0.086034;0.084850;0.082122;;;;;;;;
1879.626770;0.058753;0.056460;0.063159;0.096600;0.129350;0.123609;0.121672;0.104418;0.098683;0.080732;0.077287;0.077226;;;;;;;;
1880.591176;0.056494;0.053261;0.058612;0.091236;0.123060;0.124487;0.114174;0.099424;0.092963;0.077994;0.071937;0.070779;;;;;;;;
1881.555582;0.056961;0.055230;0.058641;0.090128;0.124332;0.126064;0.114945;0.098426;0.093507;0.077892;0.073462;0.072615;;;;;;;;
1882.519987;0.058978;0.058600;0.062333;0.095288;0.129950;0.127832;0.122367;0.102045;0.102366;0.084691;0.079252;0.079700;;;;;;;;
1883.484393;0.064490;0.065369;0.070520;0.103000;0.136648;0.136971;0.130132;0.110357;0.113461;0.094440;0.087684;0.088336;;;;;;;;
1884.448799;0.072599;0.074281;0.079382;0.107735;0.144062;0.147770;0.137512;0.120735;0.120647;0.101023;0.097324;0.097232;;;;;;;;
1885.413204;0.076925;0.079322;0.083216;0.108881;0.145123;0.150829;0.141151;0.126282;0.120245;0.102612;0.101574;0.099103;;;;;;;;
1886.377610;0.076512;0.079262;0.082720;0.109236;0.141107;0.146427;0.138438;0.124877;0.115887;0.098409;0.098469;0.095651;;;;;;;;
1887.342016;0.072914;0.073387;0.077769;0.105306;0.137347;0.138000;0.132455;0.117201;0.110378;0.090476;0.090191;0.091033;;;;;;;;
1888.306422;0.065409;0.065141;0.068632;0.096912;0.132049;0.129597;0.126515;0.107501;0.103526;0.083326;0.080292;0.084075;;;;;;;;
1889.270827;0.057246;0.058973;0.059358;0.089744;0.123712;0.122702;0.119430;0.099180;0.096254;0.078834;0.072348;0.074778;;;;;;;;
1890.235233;0.054776;0.055446;0.054990;0.087896;0.118421;0.119921;0.113540;0.096127;0.094029;0.077604;0.069923;0.068695;;;;;;;;
1891.199639;0.058145;0.056757;0.057351;0.093456;0.122982;0.125414;0.117349;0.103049;0.099830;0.082915;0.074457;0.072632;;;;;;;;
1892.164045;0.064709;0.062906;0.063734;0.102569;0.133324;0.133655;0.127170;0.113192;0.105907;0.091592;0.083891;0.083484;;;;;;;;
1893.128450;0.070804;0.069427;0.070778;0.107125;0.141669;0.138804;0.133157;0.119629;0.110011;0.094903;0.093392;0.091384;;;;;;;;
1894.092856;0.073564;0.072106;0.075546;0.106851;0.145896;0.141645;0.135752;0.124517;0.115461;0.096528;0.097105;0.094439;;;;;;;;
1895.057262;0.073329;0.071490;0.075774;0.105610;0.143994;0.140681;0.136253;0.124329;0.115368;0.099378;0.095702;0.094522;;;;;;;;
1896.021668;0.068873;0.068880;0.073062;0.102032;0.136388;0.135948;0.132023;0.116224;0.108038;0.095395;0.091868;0.089375;;;;;;;;
1896.986073;0.060219;0.063319;0.068515;0.094755;0.128557;0.127729;0.123594;0.106300;0.102377;0.084302;0.083667;0.079740;;;;;;;;
1897.950479;0.053836;0.056612;0.061781;0.088589;0.125040;0.120488;0.116444;0.098517;0.099773;0.074762;0.074599;0.070702;;;;;;;;
1898.914885;0.055777;0.053598;0.057660;0.090444;0.124886;0.119881;0.115096;0.096472;0.097090;0.075039;0.072363;0.069474;;;;;;;;
1899.879290;0.060629;0.056570;0.061372;0.096993;0.125420;0.123382;0.118978;0.103461;0.098847;0.082724;0.077333;0.076003;;;;;;;;
1900.843696;0.063289;0.061943;0.067956;0.100986;0.128109;0.130336;0.125008;0.113453;0.107557;0.089181;0.083648;0.082826;;;;;;;;
1901.808102;0.067814;0.068500;0.071600;0.106205;0.132910;0.136947;0.130202;0.118525;0.114972;0.093561;0.089621;0.088172;;;;;;;;
1902.772508;0.070574;0.073902;0.075083;0.110123;0.136873;0.139797;0.133623;0.117533;0.116295;0.096053;0.092911;0.090042;;;;;;;;
1903.736913;0.069299;0.073234;0.078221;0.105868;0.138362;0.140965;0.134830;0.114192;0.113960;0.095892;0.090564;0.088416;;;;;;;;
1904.701319;0.068771;0.069040;0.076471;0.101183;0.135625;0.135083;0.131435;0.111649;0.107224;0.092002;0.086961;0.084726;;;;;;;;
1905.665725;0.065586;0.062529;0.069433;0.098570;0.129358;0.125154;0.123606;0.108436;0.098689;0.083441;0.081507;0.076487;;;;;;;;
1906.630131;0.059995;0.056546;0.062655;0.094383;0.125154;0.122376;0.116489;0.105360;0.094755;0.077585;0.075879;0.070809;;;;;;;;
1907.594536;0.057380;0.056189;0.059767;0.091182;0.123648;0.126841;0.112821;0.103832;0.095745;0.078591;0.075641;0.071564;;;;;;;;
1908.558942;0.057681;0.058424;0.059612;0.089741;0.122439;0.131564;0.114512;0.105538;0.100616;0.083615;0.077694;0.075299;;;;;;;;
1909.523348;0.060265;0.062650;0.065589;0.094647;0.128866;0.132993;0.124747;0.113991;0.108083;0.090579;0.085415;0.082907;;;;;;;;
1910.487754;0.064121;0.070498;0.074316;0.105066;0.140862;0.136729;0.136764;0.121098;0.113368;0.094077;0.097916;0.090699;;;;;;;;
1911.452159;0.067896;0.075886;0.077043;0.108505;0.143289;0.142848;0.140609;0.121026;0.115478;0.093797;0.101523;0.094246;;;;;;;;
1912.416565;0.069724;0.074136;0.075460;0.106662;0.138909;0.141842;0.135944;0.118602;0.114125;0.092538;0.095628;0.090878;;;;;;;;
1913.380971;0.067997;0.070081;0.071011;0.105903;0.137293;0.135080;0.128330;0.114277;0.109561;0.089219;0.089655;0.084154;;;;;;;;
1914.345376;0.065783;0.064981;0.065169;0.100178;0.133545;0.128853;0.121843;0.109164;0.104903;0.085485;0.084010;0.080611;;;;;;;;
1915.309782;0.064768;0.059245;0.061816;0.091752;0.124880;0.122694;0.116403;0.104936;0.100699;0.082026;0.076383;0.076618;;;;;;;;
1916.274188;0.062826;0.057959;0.059897;0.087443;0.120435;0.119230;0.113339;0.102653;0.099735;0.081441;0.072924;0.074733;;;;;;;;
1917.238594;0.061500;0.057436;0.059257;0.088267;0.124117;0.123113;0.114315;0.104271;0.102479;0.085947;0.076168;0.079438;;;;;;;;
1918.202999;0.065527;0.058703;0.064993;0.096408;0.132145;0.132059;0.120974;0.110629;0.106774;0.090320;0.083978;0.086537;;;;;;;;
1919.167405;0.072606;0.066097;0.075076;0.104496;0.140747;0.138212;0.132689;0.119642;0.113619;0.092890;0.092837;0.093698;;;;;;;;
1920.131811;0.074759;0.072097;0.079256;0.105565;0.142811;0.139637;0.140449;0.120921;0.116380;0.092605;0.093866;0.096964;;;;;;;;
1921.096217;0.071602;0.071866;0.075680;0.102464;0.138483;0.137850;0.136545;0.112863;0.111054;0.089392;0.089669;0.093920;;;;;;;;
1922.060622;0.069513;0.067595;0.070744;0.099183;0.134817;0.134857;0.129429;0.108977;0.105645;0.089023;0.089049;0.088595;;;;;;;;
1923.025028;0.066895;0.062810;0.066640;0.096578;0.127961;0.132489;0.125419;0.108138;0.102504;0.087017;0.084439;0.082276;;;;;;;;
1923.989434;0.063425;0.059660;0.064205;0.092930;0.121100;0.128056;0.119379;0.103366;0.100114;0.079500;0.075291;0.076312;;;;;;;;
1924.953839;0.062376;0.057445;0.063851;0.091056;0.121323;0.122593;0.117789;0.101163;0.100217;0.076138;0.071094;0.074607;;;;;;;;
1925.918245;0.060989;0.057652;0.064744;0.094971;0.126653;0.123536;0.124695;0.105660;0.103127;0.081592;0.073273;0.078461;;;;;;;;
1926.882651;0.062961;0.063689;0.069688;0.102288;0.134349;0.130313;0.130165;0.113755;0.109302;0.090496;0.082278;0.084221;;;;;;;;
1927.847057;0.071757;0.070212;0.078052;0.107591;0.139469;0.136422;0.133280;0.121284;0.117275;0.096887;0.093877;0.089350;;;;;;;;
1928.811462;0.078617;0.070283;0.079229;0.108892;0.141757;0.139392;0.136758;0.125036;0.118539;0.097973;0.098149;0.091912;;;;;;;;
1929.775868;0.076246;0.068744;0.073217;0.108319;0.141254;0.138739;0.136164;0.122390;0.111173;0.094525;0.092915;0.089271;;;;;;;;
1930.740274;0.068053;0.068839;0.070035;0.106049;0.134692;0.134155;0.130455;0.114321;0.105154;0.090919;0.085625;0.085580;;;;;;;;
1931.704680;0.061893;0.066979;0.066393;0.102516;0.128031;0.126891;0.124268;0.106972;0.100856;0.087570;0.081965;0.082289;;;;;;;;
1932.669085;0.059265;0.062359;0.061490;0.097447;0.124878;0.121181;0.120861;0.102897;0.096284;0.082601;0.078338;0.077294;;;;;;;;
1933.633491;0.059476;0.060632;0.061116;0.093139;0.123860;0.121576;0.118499;0.103863;0.096956;0.081375;0.075450;0.075604;;;;;;;;
1934.597897;0.062002;0.064702;0.064237;0.094831;0.125815;0.126987;0.118757;0.111288;0.100332;0.085414;0.078347;0.079663;;;;;;;;
1935.562303;0.063654;0.069972;0.070712;0.100034;0.131364;0.133700;0.125774;0.118414;0.104432;0.090868;0.085240;0.087943;;;;;;;;
1936.526708;0.066939;0.075365;0.075591;0.106018;0.139105;0.140061;0.133520;0.121976;0.110583;0.096510;0.092598;0.095658;;;;;;;;
1937.491114;0.072729;0.077795;0.075393;0.108910;0.143928;0.142890;0.137188;0.124152;0.116492;0.098923;0.095989;0.096601;;;;;;;;
1938.455520;0.076772;0.074767;0.076494;0.106304;0.144043;0.141358;0.139474;0.124069;0.119119;0.097228;0.095080;0.094085;;;;;;;;
1939.419925;0.075181;0.069406;0.076251;0.102572;0.139817;0.138718;0.132768;0.120283;0.112988;0.092507;0.090767;0.088623;;;;;;;;
1940.384331;0.065427;0.061751;0.069667;0.099261;0.132270;0.133761;0.119690;0.111369;0.102043;0.085296;0.082534;0.080229;;;;;;;;
1941.348737;0.058361;0.056128;0.064265;0.099441;0.126352;0.126089;0.117567;0.104371;0.096491;0.081391;0.077128;0.077390;;;;;;;;
1942.313143;0.058958;0.055131;0.064741;0.099319;0.124058;0.120789;0.120426;0.105572;0.096737;0.081371;0.075467;0.076979;;;;;;;;
1943.277548;0.057940;0.058272;0.066438;0.096206;0.125633;0.122698;0.119275;0.107244;0.101253;0.082051;0.076055;0.076902;;;;;;;;
1944.241954;0.061487;0.065317;0.069009;0.098789;0.130022;0.131014;0.122954;0.110188;0.109627;0.087382;0.082701;0.084069;;;;;;;;
1945.206360;0.069806;0.068682;0.073234;0.104591;0.133189;0.137410;0.129866;0.117862;0.115338;0.094534;0.090026;0.089914;;;;;;;;
1946.170766;0.072177;0.070189;0.076619;0.110171;0.135159;0.139542;0.135110;0.122491;0.116610;0.096799;0.093458;0.089624;;;;;;;;
1947.135171;0.072124;0.072700;0.077003;0.112987;0.137043;0.140596;0.136328;0.120664;0.116971;0.095469;0.094309;0.088906;;;;;;;;
1948.099577;0.070370;0.068909;0.071820;0.106756;0.135895;0.135756;0.130855;0.113177;0.111634;0.090477;0.088999;0.083715;;;;;;;;
1949.063983;0.066524;0.064986;0.067336;0.100465;0.132836;0.129364;0.126356;0.105747;0.104359;0.086120;0.081532;0.079036;;;;;;;;
1950.028388;0.065808;0.065286;0.067372;0.100150;0.131830;0.129457;0.124351;0.105685;0.103766;0.086233;0.081751;0.081257;;;;;;;;
1950.992794;0.065316;0.063381;0.064475;0.098187;0.132035;0.128006;0.120032;0.107272;0.104458;0.084601;0.083637;0.081054;;;;;;;;
1951.957200;0.064163;0.061651;0.062828;0.095286;0.132328;0.124682;0.119800;0.109053;0.106413;0.085631;0.081439;0.078925;;;;;;;;
1952.921606;0.064692;0.063136;0.067247;0.096296;0.133779;0.128454;0.124689;0.114463;0.110898;0.091800;0.083470;0.080015;;;;;;;;
1953.886011;0.068493;0.067888;0.073267;0.100369;0.137987;0.135765;0.128640;0.119255;0.112845;0.094617;0.089567;0.082947;;;;;;;;
1954.850417;0.074683;0.072870;0.079110;0.103837;0.142073;0.141091;0.131536;0.122491;0.113618;0.095042;0.093644;0.089333;;;;;;;;
1955.814823;0.074476;0.072941;0.079720;0.104715;0.141585;0.142035;0.132339;0.121686;0.113089;0.094913;0.095494;0.093516;;;;;;;;
1956.779229;0.070045;0.072488;0.075227;0.105905;0.140308;0.136784;0.130575;0.116644;0.111187;0.093962;0.093581;0.090943;;;;;;;;
1957.743634;0.070164;0.072044;0.072499;0.104329;0.137374;0.129479;0.126390;0.113629;0.109718;0.090789;0.087433;0.086101;;;;;;;;
1958.708040;0.067674;0.066125;0.068958;0.097217;0.128560;0.123084;0.118430;0.109609;0.104655;0.084059;0.079471;0.078335;;;;;;;;
1959.672446;0.062510;0.061472;0.064883;0.093865;0.123544;0.121588;0.115058;0.106293;0.098297;0.081886;0.075122;0.074227;;;;;;;;
1960.636852;0.063691;0.064304;0.067405;0.095631;0.128417;0.126117;0.121946;0.109847;0.098501;0.086074;0.077344;0.079111;;;;;;;;
1961.601257;0.066837;0.069634;0.073277;0.098854;0.134753;0.130908;0.129051;0.116209;0.104133;0.092911;0.083162;0.084663;;;;;;;;
1962.565663;0.069563;0.072909;0.076365;0.104144;0.137553;0.135616;0.131290;0.121672;0.111428;0.100033;0.089932;0.090060;;;;;;;;
1963.530069;0.072823;0.073630;0.077300;0.107520;0.139540;0.139177;0.133718;0.122135;0.116697;0.101241;0.091690;0.093093;;;;;;;;
1964.494474;0.073875;0.073457;0.075963;0.107364;0.140826;0.140290;0.134179;0.118738;0.114485;0.097746;0.089908;0.089337;;;;;;;;
1965.458880;0.073174;0.073278;0.073122;0.104948;0.138847;0.138640;0.128285;0.117852;0.108657;0.093298;0.091008;0.086461;;;;;;;;
1966.423286;0.069875;0.069646;0.071354;0.101200;0.133096;0.131180;0.122676;0.114854;0.103703;0.086654;0.087358;0.083573;;;;;;;;
1967.387692;0.065766;0.063755;0.069399;0.097655;0.127389;0.124800;0.122008;0.109427;0.098005;0.080558;0.079017;0.076893;;;;;;;;
1968.352097;0.065114;0.062669;0.066744;0.096417;0.125583;0.124619;0.121087;0.108939;0.097399;0.079006;0.077100;0.073216;;;;;;;;
1969.316503;0.066837;0.064796;0.066829;0.099855;0.125914;0.127613;0.122352;0.111994;0.103597;0.081586;0.080754;0.074891;;;;;;;;
1970.280909;0.068695;0.066527;0.070680;0.104157;0.128900;0.133534;0.127705;0.117392;0.110027;0.088340;0.086521;0.081570;;;;;;;;
1971.245315;0.070388;0.069804;0.073006;0.105380;0.135012;0.138696;0.129939;0.124124;0.114243;0.096584;0.092558;0.089301;;;;;;;;
1972.209720;0.071527;0.072794;0.073330;0.105160;0.139484;0.139254;0.131242;0.126952;0.116793;0.096794;0.095213;0.091751;;;;;;;;
1973.174126;0.070735;0.072673;0.076860;0.105812;0.140417;0.136947;0.132738;0.124340;0.117918;0.090940;0.093202;0.090386;;;;;;;;
1974.138532;0.070646;0.069655;0.077928;0.105666;0.138460;0.133429;0.129822;0.119712;0.114334;0.088861;0.088075;0.086939;;;;;;;;
1975.102938;0.069929;0.065316;0.072804;0.102112;0.134992;0.129299;0.126097;0.115611;0.107573;0.086819;0.084521;0.080681;;;;;;;;
1976.067343;0.065858;0.064366;0.069438;0.099041;0.130858;0.126668;0.122455;0.111829;0.106196;0.082922;0.084064;0.075341;;;;;;;;
1977.031749;0.063884;0.064963;0.066169;0.096142;0.126487;0.125024;0.119371;0.108404;0.107416;0.082160;0.081883;0.074127;;;;;;;;
1977.996155;0.064727;0.064403;0.064344;0.095137;0.126750;0.125841;0.122435;0.107493;0.107717;0.085617;0.081882;0.077585;;;;;;;;
1978.960560;0.069048;0.067475;0.072401;0.102257;0.133121;0.133815;0.130763;0.114769;0.111800;0.091990;0.090504;0.086088;;;;;;;;
1979.924966;0.074845;0.071389;0.080053;0.108648;0.139768;0.140572;0.136558;0.126046;0.116532;0.097330;0.098197;0.095048;;;;;;;;
1980.889372;0.076036;0.074143;0.080558;0.109571;0.142497;0.140698;0.138004;0.128170;0.120158;0.101971;0.098005;0.098983;;;;;;;;
1981.853778;0.076092;0.077653;0.079914;0.109201;0.141429;0.140855;0.138207;0.124596;0.124161;0.103217;0.095011;0.097020;;;;;;;;
1982.818183;0.074423;0.076291;0.074479;0.105833;0.139264;0.138171;0.133831;0.121324;0.123671;0.095297;0.092009;0.091877;;;;;;;;
1983.782589;0.070045;0.070918;0.069166;0.104268;0.137782;0.133019;0.127665;0.116886;0.118730;0.088008;0.090193;0.087521;;;;;;;;
1984.746995;0.067043;0.065147;0.068686;0.103796;0.134724;0.129161;0.125247;0.114355;0.110754;0.086841;0.085180;0.081436;;;;;;;;
1985.711401;0.064027;0.059114;0.064604;0.100483;0.131652;0.124200;0.122284;0.112353;0.103054;0.085668;0.076131;0.075390;;;;;;;;
1986.675806;0.063172;0.059185;0.063293;0.102274;0.133672;0.124338;0.122091;0.112783;0.104547;0.087218;0.075211;0.078028;;;;;;;;
1987.640212;0.066435;0.066583;0.071273;0.107579;0.137149;0.131958;0.127983;0.118096;0.110893;0.092278;0.083782;0.087071;;;;;;;;
1988.604618;0.070742;0.073242;0.078991;0.109116;0.139316;0.138786;0.134565;0.122035;0.115422;0.095978;0.090674;0.094649;;;;;;;;
1989.569023;0.072218;0.073738;0.080396;0.107380;0.143462;0.139556;0.138143;0.122958;0.119938;0.096692;0.092291;0.094690;;;;;;;;
1990.533429;0.069802;0.070552;0.077168;0.104036;0.145156;0.136724;0.134533;0.121569;0.117810;0.092999;0.091158;0.089600;;;;;;;;
1991.497835;0.065821;0.067186;0.072184;0.100336;0.140941;0.135209;0.126876;0.116526;0.108647;0.089139;0.087890;0.086265;;;;;;;;
1992.462241;0.062581;0.064400;0.068822;0.096513;0.136681;0.132844;0.124094;0.110376;0.105669;0.088450;0.084150;0.081188;;;;;;;;
1993.426646;0.063573;0.062539;0.067138;0.093636;0.131393;0.128857;0.123049;0.106449;0.105880;0.083630;0.081457;0.074043;;;;;;;;
1994.391052;0.065645;0.060598;0.063572;0.093135;0.124099;0.127631;0.119703;0.105832;0.102353;0.077998;0.080402;0.071181;;;;;;;;
1995.355458;0.066716;0.061884;0.062507;0.097102;0.125300;0.130050;0.121846;0.109726;0.103165;0.082977;0.084192;0.074552;;;;;;;;
1996.319864;0.071204;0.068404;0.069054;0.104228;0.134453;0.135369;0.131112;0.116331;0.108392;0.093700;0.090275;0.080832;;;;;;;;
1997.284269;0.074397;0.073233;0.075512;0.108687;0.140501;0.140176;0.136133;0.120893;0.112229;0.099045;0.093926;0.085133;;;;;;;;
1998.248675;0.074992;0.073214;0.077484;0.110800;0.143286;0.140776;0.136091;0.121688;0.116557;0.099471;0.096223;0.086853;;;;;;;;
1999.213081;0.076765;0.071331;0.077012;0.110444;0.141498;0.138095;0.136069;0.120431;0.118490;0.098026;0.094165;0.085379;;;;;;;;
2000.177487;0.076497;0.071128;0.075219;0.108474;0.134773;0.135998;0.133290;0.120472;0.116938;0.094132;0.088625;0.082774;;;;;;;;
2001.141892;0.074102;0.073387;0.074730;0.109167;0.133970;0.135336;0.131210;0.120133;0.116008;0.091229;0.086631;0.082964;;;;;;;;
2002.106298;0.069709;0.071895;0.072747;0.106896;0.136415;0.131411;0.129656;0.115746;0.113052;0.090193;0.083861;0.082057;;;;;;;;
2003.070704;0.064437;0.065494;0.068458;0.101068;0.133222;0.126420;0.124914;0.112061;0.109611;0.087179;0.079401;0.080018;;;;;;;;
2004.035109;0.062437;0.062519;0.066443;0.098404;0.131070;0.125913;0.124412;0.112749;0.109157;0.085631;0.080750;0.080208;;;;;;;;
2004.999515;0.064193;0.066427;0.068272;0.100805;0.135178;0.130379;0.129058;0.116619;0.109498;0.089956;0.084196;0.082713;;;;;;;;
2005.963921;0.070936;0.071241;0.073562;0.107895;0.141303;0.138735;0.132916;0.121479;0.113226;0.095788;0.086737;0.089535;;;;;;;;
2006.928327;0.076759;0.071174;0.076710;0.111747;0.143458;0.142480;0.134007;0.124041;0.119912;0.096883;0.091267;0.094798;;;;;;;;
2007.892732;0.075031;0.070543;0.075706;0.110274;0.141124;0.141203;0.132815;0.124589;0.122464;0.095634;0.094519;0.092650;;;;;;;;
2008.857138;0.073099;0.073190;0.077092;0.110785;0.140940;0.143416;0.133492;0.123532;0.119810;0.095879;0.095489;0.089398;;;;;;;;
2009.821544;0.072317;0.072031;0.078591;0.108461;0.141185;0.140656;0.133988;0.118388;0.114410;0.092236;0.093500;0.085463;;;;;;;;
2010.785950;0.069812;0.067125;0.073859;0.102044;0.136404;0.132915;0.129729;0.112216;0.108612;0.085973;0.085879;0.078981;;;;;;;;
2011.750355;0.069679;0.065244;0.068273;0.100134;0.132540;0.131512;0.125192;0.113003;0.105332;0.086022;0.079761;0.075774;;;;;;;;
2012.714761;0.069177;0.063919;0.067874;0.099892;0.134028;0.130706;0.124933;0.117415;0.105935;0.088984;0.081257;0.077826;;;;;;;;
2013.679167;0.067793;0.065073;0.070792;0.100478;0.140774;0.132439;0.131181;0.118505;0.112220;0.089756;0.086810;0.084137;;;;;;;;
2014.643572;0.070371;0.071300;0.075507;0.105685;0.148578;0.140631;0.141408;0.121683;0.120370;0.093542;0.091748;0.090563;;;;;;;;
2015.607978;0.073784;0.073811;0.079097;0.108709;0.147258;0.142971;0.144810;0.125407;0.122670;0.099045;0.094886;0.091187;;;;;;;;
2016.572384;0.075532;0.073687;0.078289;0.109910;0.141484;0.141868;0.138294;0.124027;0.121569;0.099046;0.095873;0.090096;;;;;;;;
2017.536790;0.075195;0.075015;0.075807;0.111507;0.138796;0.142745;0.130910;0.121087;0.120146;0.094226;0.092626;0.089225;;;;;;;;
2018.501195;0.069657;0.071368;0.071132;0.105700;0.133976;0.138318;0.126589;0.114936;0.113480;0.087043;0.086585;0.082942;;;;;;;;
2019.465601;0.062127;0.066943;0.064512;0.100455;0.133275;0.134186;0.122631;0.108501;0.105402;0.082064;0.082204;0.077093;;;;;;;;
2020.430007;0.059925;0.064837;0.062496;0.101998;0.138108;0.136005;0.120705;0.108306;0.102904;0.082602;0.080286;0.077105;;;;;;;;
2021.394413;0.064752;0.062855;0.066302;0.103130;0.139655;0.139259;0.125444;0.112911;0.105389;0.086720;0.080882;0.080512;;;;;;;;
2022.358818;0.069667;0.067716;0.073429;0.106501;0.143143;0.140771;0.132697;0.121212;0.111099;0.094651;0.085584;0.086018;;;;;;;;
2023.323224;0.068458;0.073965;0.077902;0.108934;0.147080;0.139800;0.135863;0.128208;0.113976;0.100949;0.091471;0.088748;;;;;;;;
2024.287630;0.068462;0.075650;0.077880;0.108297;0.147570;0.142038;0.139770;0.130786;0.115539;0.103151;0.096883;0.092429;;;;;;;;
2025.252036;0.073011;0.078503;0.078882;0.111438;0.148806;0.145850;0.144393;0.127860;0.120524;0.103011;0.101473;0.097984;;;;;;;;
2026.216441;0.073688;0.077641;0.077379;0.111910;0.146809;0.141968;0.141362;0.119980;0.119652;0.096985;0.097098;0.095025;;;;;;;;
2027.180847;0.070429;0.073701;0.074155;0.107929;0.142490;0.134915;0.133311;0.117348;0.113327;0.090826;0.086744;0.088205;;;;;;;;
2028.145253;0.065905;0.071517;0.073600;0.105382;0.137845;0.130970;0.126775;0.118422;0.108097;0.087997;0.081577;0.082676;;;;;;;;
2029.109658;0.062294;0.067148;0.070967;0.104514;0.132564;0.129913;0.124587;0.117081;0.104508;0.084935;0.079540;0.079211;;;;;;;;
2030.074064;0.063664;0.065581;0.070180;0.106573;0.132639;0.130780;0.126446;0.118461;0.108376;0.085432;0.081371;0.080767;;;;;;;;
2031.038470;0.065514;0.067253;0.072726;0.107935;0.135841;0.132590;0.128197;0.119887;0.114615;0.090369;0.087492;0.083334;;;;;;;;
2032.002876;0.068417;0.068839;0.075479;0.108580;0.140839;0.139747;0.131978;0.120909;0.118106;0.095829;0.093180;0.088318;;;;;;;;
2032.967281;0.074111;0.072488;0.077460;0.110146;0.146568;0.148488;0.137756;0.124593;0.122841;0.096344;0.097488;0.092860;;;;;;;;
2033.931687;0.074987;0.073727;0.074346;0.109095;0.146540;0.149967;0.137426;0.124534;0.123478;0.092780;0.095536;0.089920;;;;;;;;
2034.896093;0.072803;0.071475;0.072419;0.107680;0.143680;0.147105;0.133361;0.120423;0.119209;0.092758;0.089422;0.085210;;;;;;;;
2035.860499;0.072233;0.069862;0.073939;0.105939;0.140253;0.141746;0.134238;0.118978;0.115308;0.094584;0.089410;0.084509;;;;;;;;
2036.824904;0.071981;0.070640;0.071927;0.104130;0.138258;0.136598;0.136322;0.121045;0.113040;0.093788;0.092274;0.086459;;;;;;;;
2037.789310;0.071035;0.071394;0.070347;0.106105;0.141183;0.136752;0.132964;0.121603;0.112392;0.091838;0.088758;0.086015;;;;;;;;
2038.753716;0.068778;0.068787;0.072167;0.108552;0.142811;0.138065;0.129019;0.119261;0.111595;0.091023;0.084312;0.083750;;;;;;;;
2039.718121;0.069035;0.068985;0.075168;0.109803;0.143215;0.138243;0.131099;0.119810;0.115435;0.093091;0.087424;0.085094;;;;;;;;
2040.682527;0.070763;0.073160;0.078415;0.112738;0.147500;0.141608;0.137602;0.124869;0.122029;0.097453;0.092414;0.088173;;;;;;;;
2041.646933;0.070075;0.074776;0.080207;0.114874;0.149883;0.146498;0.141103;0.129934;0.121741;0.101697;0.094819;0.088646;;;;;;;;
2042.611339;0.070425;0.074842;0.079378;0.111643;0.147172;0.144886;0.137858;0.129383;0.119940;0.102363;0.094858;0.087859;;;;;;;;
2043.575744;0.072244;0.074539;0.078778;0.107791;0.146417;0.140132;0.134918;0.124178;0.119867;0.098901;0.091886;0.089175;;;;;;;;
2044.540150;0.074296;0.073174;0.079695;0.108827;0.147772;0.140783;0.137803;0.121950;0.116539;0.095600;0.090818;0.089192;;;;;;;;
2045.504556;0.075813;0.072379;0.078877;0.109242;0.143801;0.140787;0.138366;0.121900;0.110921;0.093448;0.090665;0.085165;;;;;;;;
2046.468962;0.074131;0.070645;0.075869;0.106971;0.137234;0.136493;0.129742;0.120413;0.106135;0.091251;0.087751;0.081510;;;;;;;;
2047.433367;0.072594;0.068942;0.072574;0.108805;0.137993;0.136171;0.123991;0.120730;0.108859;0.092296;0.086672;0.082120;;;;;;;;
2048.397773;0.074407;0.072895;0.073706;0.115069;0.147045;0.142809;0.132579;0.125814;0.117936;0.098424;0.090925;0.088158;;;;;;;;
2049.362179;0.076159;0.077360;0.078806;0.117160;0.153628;0.149298;0.144185;0.130599;0.122628;0.105054;0.095746;0.093329;;;;;;;;
2050.326585;0.075311;0.076233;0.081311;0.114190;0.152412;0.149866;0.145708;0.129506;0.122359;0.107048;0.095634;0.093269;;;;;;;;
2051.290990;0.074256;0.075928;0.081610;0.113280;0.150898;0.147723;0.142369;0.127528;0.120417;0.102236;0.094227;0.091061;;;;;;;;
2052.255396;0.074499;0.076927;0.080145;0.113141;0.151353;0.145872;0.140986;0.125886;0.116753;0.095097;0.093674;0.087295;;;;;;;;
2053.219802;0.071533;0.074763;0.076570;0.110358;0.149042;0.144211;0.138332;0.121678;0.113218;0.092476;0.089860;0.085170;;;;;;;;
2054.184207;0.066672;0.069405;0.074452;0.107769;0.144856;0.143857;0.133895;0.119131;0.111578;0.091507;0.084739;0.083989;;;;;;;;
2055.148613;0.067003;0.064165;0.073608;0.107504;0.142501;0.143474;0.132649;0.119232;0.113130;0.089328;0.084812;0.081570;;;;;;;;
2056.113019;0.068253;0.065629;0.071704;0.108362;0.143593;0.142393;0.134332;0.120091;0.115797;0.089873;0.089218;0.083897;;;;;;;;
2057.077425;0.067389;0.070392;0.070975;0.109352;0.147498;0.143129;0.136366;0.122668;0.116690;0.093155;0.092292;0.088234;;;;;;;;
2058.041830;0.070680;0.073693;0.075762;0.114200;0.151524;0.147232;0.139608;0.127704;0.119792;0.097306;0.096399;0.090389;;;;;;;;
2059.006236;0.075449;0.076238;0.081184;0.120870;0.153041;0.151261;0.143489;0.131510;0.125590;0.100018;0.099587;0.091841;;;;;;;;
2059.970642;0.076898;0.074043;0.079487;0.119617;0.152402;0.149992;0.143795;0.129950;0.127135;0.099880;0.095928;0.091428;;;;;;;;
2060.935048;0.075310;0.070287;0.074158;0.112604;0.149378;0.144984;0.139483;0.123413;0.121746;0.096961;0.090632;0.089673;;;;;;;;
2061.899453;0.070451;0.068995;0.072307;0.109866;0.146195;0.140730;0.135332;0.117385;0.113719;0.090944;0.084782;0.084790;;;;;;;;
2062.863859;0.066771;0.066821;0.073588;0.111293;0.147254;0.138471;0.133327;0.116714;0.111004;0.087925;0.079660;0.079860;;;;;;;;
2063.828265;0.066117;0.066461;0.072720;0.112615;0.146540;0.137766;0.132387;0.117088;0.114087;0.090391;0.081197;0.080199;;;;;;;;
2064.792671;0.067504;0.067857;0.070857;0.115214;0.144294;0.139034;0.133216;0.118823;0.116913;0.092917;0.086336;0.081851;;;;;;;;
2065.757076;0.070460;0.068466;0.073419;0.119170;0.149168;0.142628;0.136750;0.124878;0.121346;0.095971;0.092426;0.086712;;;;;;;;
2066.721482;0.071018;0.071886;0.079709;0.120735;0.153837;0.145195;0.142420;0.131274;0.126544;0.100591;0.097213;0.094635;;;;;;;;
2067.685888;0.070347;0.075271;0.083979;0.118468;0.152966;0.145224;0.144859;0.134138;0.125165;0.101661;0.096650;0.094720;;;;;;;;
2068.650293;0.069779;0.073557;0.081601;0.115045;0.152186;0.144109;0.141678;0.129195;0.120011;0.098731;0.093347;0.088259;;;;;;;;
2069.614699;0.069271;0.071671;0.075848;0.113952;0.150875;0.142793;0.140011;0.123590;0.117995;0.098026;0.091981;0.085979;;;;;;;;
2070.579105;0.071567;0.071079;0.073144;0.114640;0.149312;0.143875;0.140629;0.122462;0.117208;0.097352;0.091909;0.084160;;;;;;;;
2071.543511;0.072607;0.069303;0.073814;0.115167;0.150411;0.144789;0.139408;0.118839;0.115554;0.093633;0.090688;0.079715;;;;;;;;
2072.507916;0.071592;0.071422;0.076753;0.114489;0.151854;0.143130;0.138377;0.117602;0.115933;0.094138;0.091647;0.083124;;;;;;;;
2073.472322;0.072798;0.074974;0.080222;0.112657;0.151575;0.143396;0.137274;0.122184;0.118105;0.097021;0.094320;0.090505;;;;;;;;
2074.436728;0.075334;0.074404;0.080656;0.113664;0.153179;0.146381;0.137825;0.127134;0.121593;0.099466;0.094463;0.093016;;;;;;;;
2075.401134;0.078227;0.074582;0.080141;0.119293;0.157894;0.150300;0.143921;0.131513;0.126307;0.106643;0.095778;0.095269;;;;;;;;
2076.365539;0.077815;0.074309;0.080802;0.122181;0.157737;0.151258;0.150012;0.135135;0.126777;0.108656;0.098288;0.095506;;;;;;;;
2077.329945;0.072439;0.072748;0.080886;0.118338;0.153578;0.149175;0.150193;0.134917;0.123174;0.102043;0.097752;0.092678;;;;;;;;
2078.294351;0.068027;0.072117;0.079043;0.114539;0.153662;0.149670;0.143508;0.128734;0.121742;0.098809;0.093068;0.089613;;;;;;;;
2079.258756;0.067211;0.066251;0.073190;0.109908;0.151012;0.147074;0.132967;0.120301;0.120006;0.093826;0.084343;0.082957;;;;;;;;
2080.223162;0.067926;0.061214;0.070247;0.104154;0.144649;0.141421;0.129167;0.116177;0.115171;0.088918;0.079149;0.077353;;;;;;;;
2081.187568;0.068469;0.065059;0.074664;0.106718;0.145625;0.143085;0.133676;0.120556;0.114046;0.092055;0.082545;0.078940;;;;;;;;
2082.151974;0.069565;0.070260;0.076744;0.113168;0.150842;0.147085;0.137083;0.127926;0.117850;0.093353;0.088018;0.085507;;;;;;;;
2083.116379;0.071372;0.074290;0.077305;0.116931;0.156095;0.151061;0.141226;0.130908;0.120472;0.095728;0.092635;0.093592;;;;;;;;
2084.080785;0.072705;0.078164;0.080701;0.120494;0.162255;0.158365;0.148827;0.131764;0.123676;0.102874;0.098631;0.097533;;;;;;;;
2085.045191;0.074350;0.079055;0.081476;0.122232;0.164571;0.161216;0.152117;0.132536;0.127948;0.105833;0.102334;0.095481;;;;;;;;
2086.009597;0.074154;0.075923;0.079421;0.121501;0.162405;0.157437;0.148518;0.132723;0.125267;0.103120;0.098489;0.091725;;;;;;;;
2086.974002;0.072886;0.071786;0.078625;0.120880;0.161810;0.152618;0.143616;0.132585;0.119244;0.097040;0.093098;0.089220;;;;;;;;
2087.938408;0.074643;0.071088;0.078692;0.119941;0.162635;0.147459;0.141741;0.130264;0.119747;0.094005;0.092977;0.088051;;;;;;;;
2088.902814;0.074516;0.073603;0.079138;0.117487;0.159229;0.143485;0.142981;0.126709;0.123828;0.095354;0.094088;0.087978;;;;;;;;
2089.867220;0.073083;0.076466;0.080298;0.117479;0.155259;0.144991;0.143314;0.127307;0.125019;0.096837;0.094245;0.088805;;;;;;;;
2090.831625;0.075599;0.078565;0.080398;0.120683;0.158019;0.149683;0.143046;0.132218;0.123769;0.100648;0.094517;0.089112;;;;;;;;
2091.796031;0.076077;0.078658;0.080702;0.121783;0.163289;0.150087;0.146563;0.134690;0.124271;0.103345;0.093375;0.089188;;;;;;;;
2092.760437;0.073272;0.076031;0.081342;0.121961;0.163408;0.149722;0.149555;0.133728;0.126869;0.101538;0.093167;0.089525;;;;;;;;
2093.724842;0.072677;0.076168;0.080215;0.122531;0.161462;0.155434;0.148991;0.133521;0.129525;0.101422;0.095780;0.089632;;;;;;;;
2094.689248;0.073391;0.079597;0.079649;0.121231;0.162639;0.159541;0.148215;0.133934;0.130709;0.104739;0.096233;0.089222;;;;;;;;
2095.653654;0.074286;0.078440;0.079485;0.121067;0.162857;0.155811;0.145623;0.132796;0.128990;0.104855;0.093691;0.087238;;;;;;;;
2096.618060;0.073463;0.074475;0.077703;0.121146;0.159875;0.150469;0.141338;0.128700;0.124357;0.098000;0.092050;0.085622;;;;;;;;
2097.582465;0.068376;0.070773;0.073041;0.115944;0.154032;0.146969;0.136195;0.123534;0.115230;0.089339;0.088987;0.083790;;;;;;;;
2098.546871;0.066239;0.067251;0.067846;0.113778;0.147297;0.143334;0.132800;0.121718;0.109930;0.087840;0.084237;0.080578;;;;;;;;
2099.511277;0.069958;0.066936;0.068411;0.119116;0.148209;0.141390;0.136638;0.123894;0.116383;0.094151;0.086381;0.081666;;;;;;;;
2100.475683;0.072893;0.069011;0.072901;0.120727;0.155423;0.145499;0.144024;0.130153;0.122145;0.101162;0.095143;0.086700;;;;;;;;
2101.440088;0.074696;0.073400;0.077881;0.121240;0.161877;0.151185;0.150478;0.138444;0.125194;0.106446;0.098876;0.091275;;;;;;;;
2102.404494;0.074821;0.078660;0.083028;0.124395;0.166523;0.153768;0.153710;0.140990;0.131922;0.107909;0.097611;0.094738;;;;;;;;
2103.368900;0.071687;0.078227;0.084871;0.122458;0.165944;0.157479;0.152926;0.137651;0.132562;0.104042;0.095877;0.094032;;;;;;;;
2104.333305;0.069442;0.070006;0.079762;0.116411;0.160416;0.157088;0.150630;0.133571;0.125509;0.098568;0.089213;0.088558;;;;;;;;
2105.297711;0.071322;0.062879;0.071764;0.111984;0.157023;0.150803;0.147287;0.129046;0.120481;0.093773;0.083409;0.084948;;;;;;;;
2106.262117;0.073868;0.063766;0.069436;0.112588;0.155577;0.149240;0.144325;0.124826;0.118125;0.090304;0.082869;0.083321;;;;;;;;
2107.226523;0.072549;0.068379;0.073499;0.117475;0.155184;0.151451;0.142585;0.123845;0.118377;0.091443;0.083646;0.081776;;;;;;;;
2108.190928;0.071770;0.073955;0.079738;0.124442;0.160548;0.156990;0.142803;0.128246;0.124514;0.098173;0.090759;0.086194;;;;;;;;
2109.155334;0.073069;0.076589;0.083492;0.130728;0.165492;0.162501;0.145033;0.133807;0.129631;0.103144;0.099531;0.091420;;;;;;;;
2110.119740;0.074593;0.077660;0.086016;0.133972;0.166756;0.161367;0.148853;0.138926;0.130719;0.106705;0.103549;0.093655;;;;;;;;
2111.084146;0.076799;0.081835;0.087785;0.133918;0.171100;0.162429;0.153392;0.144709;0.135822;0.111371;0.106064;0.097304;;;;;;;;
2112.048551;0.075320;0.080534;0.083376;0.126533;0.172372;0.164374;0.154387;0.142789;0.138257;0.109325;0.101273;0.096556;;;;;;;;
2113.012957;0.072210;0.075949;0.080748;0.119594;0.168372;0.159795;0.153239;0.135138;0.132210;0.104538;0.093101;0.093680;;;;;;;;
2113.977363;0.070857;0.075500;0.082314;0.122411;0.167317;0.156320;0.150616;0.131811;0.127634;0.102287;0.092779;0.092193;;;;;;;;
2114.941769;0.069911;0.074017;0.079603;0.125014;0.165794;0.155956;0.145556;0.130798;0.125399;0.099266;0.093982;0.087631;;;;;;;;
2115.906174;0.071710;0.072175;0.077215;0.122813;0.161886;0.154413;0.143439;0.130554;0.123590;0.098251;0.091449;0.086604;;;;;;;;
2116.870580;0.073512;0.070976;0.076276;0.121223;0.162599;0.153371;0.144170;0.130368;0.123412;0.098209;0.090203;0.090454;;;;;;;;
2117.834986;0.075320;0.072044;0.075778;0.124463;0.169602;0.156235;0.147092;0.130474;0.125267;0.100003;0.095360;0.094127;;;;;;;;
2118.799391;0.080016;0.078512;0.078997;0.130198;0.175481;0.162010;0.153908;0.134885;0.131963;0.107968;0.104047;0.098858;;;;;;;;
2119.763797;0.081181;0.082926;0.084136;0.130752;0.175410;0.166711;0.159006;0.141386;0.138510;0.113874;0.107945;0.102863;;;;;;;;
2120.728203;0.075907;0.080341;0.086720;0.128648;0.174456;0.168101;0.159470;0.144432;0.137281;0.110498;0.106889;0.101636;;;;;;;;
2121.692609;0.069970;0.076365;0.083576;0.127874;0.173807;0.165630;0.158095;0.141082;0.130852;0.103959;0.101834;0.095581;;;;;;;;
2122.657014;0.067947;0.074357;0.080109;0.124813;0.169715;0.160896;0.151792;0.135803;0.125333;0.098910;0.093347;0.087921;;;;;;;;
2123.621420;0.069960;0.071412;0.078675;0.119315;0.163955;0.156902;0.142587;0.131513;0.121245;0.094700;0.087685;0.081157;;;;;;;;
2124.585826;0.070926;0.067766;0.075282;0.115869;0.159234;0.154418;0.141854;0.124268;0.119436;0.092613;0.086675;0.077509;;;;;;;;
2125.550232;0.069746;0.068160;0.074426;0.118202;0.158639;0.153972;0.149012;0.122740;0.123172;0.096369;0.088741;0.078418;;;;;;;;
2126.514637;0.072959;0.073567;0.077812;0.126098;0.163960;0.157281;0.154904;0.132753;0.128391;0.104912;0.093327;0.086315;;;;;;;;
2127.479043;0.077979;0.079024;0.080651;0.132335;0.171474;0.161860;0.157436;0.140708;0.131453;0.107640;0.098398;0.095712;;;;;;;;
2128.443449;0.079371;0.080502;0.084209;0.132625;0.178802;0.166768;0.160004;0.141881;0.134307;0.104853;0.103631;0.098894;;;;;;;;
2129.407854;0.077902;0.076581;0.087526;0.131701;0.181307;0.169219;0.160329;0.141322;0.135116;0.104431;0.105712;0.098174;;;;;;;;
2130.372260;0.073082;0.070431;0.084521;0.129171;0.176822;0.163751;0.154940;0.138334;0.133034;0.101987;0.099469;0.092470;;;;;;;;
2131.336666;0.068616;0.070309;0.079612;0.123783;0.171214;0.159216;0.150679;0.133740;0.130259;0.097152;0.092343;0.085940;;;;;;;;
2132.301072;0.068849;0.073719;0.079456;0.123877;0.167042;0.160671;0.150771;0.130888;0.127784;0.096585;0.092565;0.085839;;;;;;;;
2133.265477;0.071224;0.072849;0.080095;0.127426;0.166888;0.160558;0.150414;0.130843;0.125648;0.097880;0.093364;0.084959;;;;;;;;
2134.229883;0.070587;0.070967;0.079195;0.124251;0.169689;0.158856;0.149865;0.132457;0.125641;0.097161;0.091190;0.083397;;;;;;;;
2135.194289;0.070080;0.074100;0.078659;0.122121;0.172311;0.160508;0.155388;0.137312;0.130778;0.101729;0.093292;0.087023;;;;;;;;
2136.158695;0.075301;0.079872;0.079722;0.129992;0.177469;0.166793;0.164101;0.143859;0.135915;0.110966;0.101689;0.092530;;;;;;;;
2137.123100;0.079603;0.079666;0.082209;0.137244;0.182200;0.171061;0.164028;0.146280;0.137051;0.111060;0.107912;0.095650;;;;;;;;
2138.087506;0.081562;0.077885;0.083657;0.136032;0.183881;0.169879;0.160322;0.146528;0.138140;0.106837;0.105306;0.095291;;;;;;;;
2139.051912;0.082121;0.079492;0.083731;0.131534;0.183575;0.167872;0.160436;0.144701;0.136344;0.106899;0.098898;0.094287;;;;;;;;
2140.016318;0.076676;0.078139;0.082361;0.129090;0.181445;0.165537;0.157712;0.139951;0.131772;0.105608;0.096781;0.094221;;;;;;;;
2140.980723;0.071400;0.075614;0.077875;0.129850;0.179128;0.161754;0.151809;0.135746;0.129136;0.101900;0.096469;0.093296;;;;;;;;
2141.945129;0.069471;0.072297;0.074383;0.130248;0.176488;0.159289;0.148608;0.131474;0.125996;0.097983;0.091143;0.090283;;;;;;;;
2142.909535;0.068887;0.071339;0.076089;0.129349;0.175136;0.161014;0.151864;0.131379;0.127690;0.097737;0.088923;0.088508;;;;;;;;
2143.873940;0.072637;0.075826;0.080432;0.130094;0.176667;0.164540;0.156479;0.137681;0.136410;0.102338;0.095274;0.092966;;;;;;;;
2144.838346;0.078879;0.077469;0.085064;0.134866;0.182928;0.170533;0.159417;0.146156;0.141697;0.107224;0.101394;0.098099;;;;;;;;
2145.802752;0.082708;0.079846;0.089419;0.142107;0.190391;0.178528;0.167375;0.153720;0.143711;0.110759;0.106538;0.100134;;;;;;;;
2146.767158;0.082609;0.083687;0.090720;0.143646;0.191052;0.179354;0.172536;0.153516;0.145175;0.111729;0.107524;0.102945;;;;;;;;
2147.731563;0.078318;0.080636;0.086424;0.138830;0.188612;0.174172;0.166119;0.145633;0.139871;0.108813;0.101261;0.101069;;;;;;;;
2148.695969;0.073155;0.075387;0.082033;0.135601;0.183756;0.169075;0.158381;0.139644;0.130563;0.102908;0.098192;0.093449;;;;;;;;
2149.660375;0.072976;0.073225;0.082284;0.135332;0.177418;0.166183;0.154431;0.138288;0.125744;0.098271;0.096287;0.088821;;;;;;;;
2150.624781;0.076148;0.073163;0.080756;0.134269;0.175862;0.167305;0.152690;0.137379;0.125077;0.098491;0.092231;0.088373;;;;;;;;
2151.589186;0.078965;0.075319;0.079126;0.134346;0.176029;0.170124;0.156503;0.140454;0.129462;0.102121;0.095498;0.090562;;;;;;;;
2152.553592;0.080773;0.080838;0.083722;0.139021;0.180351;0.175746;0.163365;0.150655;0.137063;0.107797;0.103147;0.095594;;;;;;;;
2153.517998;0.081738;0.087624;0.088810;0.143141;0.188236;0.181399;0.168511;0.157504;0.140904;0.114141;0.107902;0.101879;;;;;;;;
2154.482404;0.083030;0.089807;0.089896;0.142940;0.190788;0.181566;0.171193;0.155660;0.144783;0.117177;0.109052;0.103432;;;;;;;;
2155.446809;0.081522;0.085958;0.087460;0.140511;0.188454;0.179030;0.168680;0.150093;0.145980;0.114198;0.105127;0.100216;;;;;;;;
2156.411215;0.076363;0.080567;0.083323;0.135684;0.184643;0.172131;0.163529;0.145168;0.138298;0.107838;0.099240;0.098577;;;;;;;;
2157.375621;0.071900;0.075814;0.079685;0.129377;0.181614;0.162894;0.159324;0.141268;0.130403;0.102374;0.092645;0.092572;;;;;;;;
2158.340026;0.070114;0.072354;0.075654;0.127003;0.179362;0.159916;0.154543;0.136268;0.124334;0.099301;0.086490;0.083084;;;;;;;;
2159.304432;0.071946;0.073288;0.074751;0.132437;0.178946;0.162195;0.154747;0.135629;0.123086;0.098870;0.089072;0.084896;;;;;;;;
2160.268838;0.075191;0.074446;0.079534;0.137833;0.183977;0.166872;0.160758;0.139659;0.130794;0.099700;0.095492;0.094200;;;;;;;;
2161.233244;0.074665;0.073106;0.083454;0.136212;0.189265;0.169768;0.162276;0.141285;0.135962;0.102957;0.097081;0.096622;;;;;;;;
2162.197649;0.071762;0.075376;0.083648;0.135605;0.187937;0.168487;0.160448;0.143656;0.134812;0.110271;0.097843;0.094302;;;;;;;;
2163.162055;0.072652;0.078799;0.084487;0.140131;0.184243;0.171596;0.162781;0.149004;0.136774;0.114518;0.101120;0.096108;;;;;;;;
2164.126461;0.073344;0.077777;0.085246;0.144095;0.184741;0.177976;0.163938;0.150930;0.143040;0.111065;0.105561;0.098373;;;;;;;;
2165.090867;0.070902;0.076349;0.081187;0.144082;0.186780;0.176306;0.162797;0.146647;0.143543;0.106983;0.104824;0.095166;;;;;;;;
2166.055272;0.071395;0.077415;0.076093;0.138948;0.186851;0.168793;0.163978;0.140738;0.136722;0.105348;0.098350;0.088884;;;;;;;;
2167.019678;0.072225;0.074539;0.075486;0.132339;0.185547;0.164912;0.160653;0.137307;0.133143;0.101094;0.092352;0.083667;;;;;;;;
2167.984084;0.073210;0.068658;0.075311;0.130493;0.183545;0.166850;0.156343;0.136644;0.133041;0.098213;0.087673;0.082718;;;;;;;;
2168.948489;0.077581;0.069251;0.074653;0.132482;0.183543;0.171883;0.159198;0.138458;0.131578;0.103547;0.087823;0.084899;;;;;;;;
2169.912895;0.080103;0.073654;0.079646;0.136345;0.187306;0.177954;0.164574;0.143673;0.133534;0.111892;0.095921;0.090888;;;;;;;;
2170.877301;0.078780;0.077420;0.086277;0.139585;0.193160;0.182250;0.169442;0.150501;0.140681;0.116955;0.106631;0.100062;;;;;;;;
2171.841707;0.076319;0.080149;0.086315;0.138714;0.196667;0.183778;0.170178;0.152413;0.145627;0.117009;0.111572;0.102678;;;;;;;;
2172.806112;0.077890;0.081168;0.083776;0.139561;0.198578;0.186284;0.168466;0.150509;0.145934;0.114296;0.109967;0.100483;;;;;;;;
2173.770518;0.079395;0.082610;0.082096;0.140908;0.201145;0.186555;0.167933;0.149777;0.143067;0.111162;0.104642;0.100327;;;;;;;;
2174.734924;0.073432;0.080690;0.079651;0.135846;0.197519;0.180150;0.165035;0.146487;0.135622;0.105743;0.095641;0.096615;;;;;;;;
2175.699330;0.070630;0.075607;0.080553;0.134181;0.189672;0.174885;0.163873;0.141377;0.128794;0.102878;0.091240;0.090526;;;;;;;;
2176.663735;0.073707;0.074369;0.082154;0.138620;0.188079;0.175343;0.165619;0.138964;0.128118;0.104225;0.093930;0.088062;;;;;;;;
2177.628141;0.072605;0.075172;0.079762;0.138279;0.190549;0.175103;0.163847;0.138591;0.132497;0.104631;0.096006;0.087763;;;;;;;;
2178.592547;0.070659;0.074259;0.079293;0.136535;0.191198;0.173354;0.161849;0.142755;0.138986;0.106291;0.098517;0.089892;;;;;;;;
2179.556953;0.073815;0.074510;0.082071;0.143168;0.193646;0.177459;0.166133;0.151621;0.142111;0.109891;0.104833;0.095411;;;;;;;;
2180.521358;0.078921;0.079424;0.084186;0.151705;0.199166;0.183615;0.172297;0.158747;0.142543;0.114213;0.112235;0.101052;;;;;;;;
2181.485764;0.083020;0.083881;0.083804;0.151688;0.201938;0.182881;0.174838;0.160881;0.144323;0.117310;0.112317;0.102047;;;;;;;;
2182.450170;0.085510;0.083379;0.083114;0.148692;0.201563;0.180355;0.176171;0.158875;0.144815;0.114693;0.104602;0.099196;;;;;;;;
2183.414575;0.080207;0.077740;0.082314;0.144377;0.197546;0.177363;0.171561;0.152630;0.141410;0.106216;0.095934;0.094557;;;;;;;;
2184.378981;0.070151;0.068801;0.077060;0.136367;0.191069;0.174768;0.161568;0.144165;0.136157;0.097673;0.088840;0.086983;;;;;;;;
2185.343387;0.070406;0.069083;0.074645;0.133782;0.188154;0.181597;0.160142;0.140497;0.133330;0.100130;0.089830;0.085321;;;;;;;;
2186.307793;0.077025;0.077557;0.079271;0.137495;0.189668;0.186915;0.165161;0.143521;0.135870;0.109579;0.096549;0.093162;;;;;;;;
2187.272198;0.078681;0.081973;0.084573;0.143263;0.196983;0.181485;0.169431;0.149237;0.141661;0.111955;0.099761;0.098636;;;;;;;;
2188.236604;0.079148;0.085239;0.089284;0.147811;0.205885;0.177085;0.174170;0.155233;0.145948;0.112963;0.101196;0.100016;;;;;;;;
2189.201010;0.081918;0.085678;0.090350;0.147656;0.209918;0.179531;0.176242;0.158621;0.148326;0.117300;0.102265;0.100685;;;;;;;;
2190.165416;0.083409;0.079650;0.088853;0.146987;0.209470;0.185848;0.175793;0.158403;0.149196;0.117528;0.103096;0.097812;;;;;;;;
2191.129821;0.081018;0.073929;0.087271;0.144419;0.203604;0.186801;0.173787;0.154693;0.146563;0.113964;0.102552;0.093866;;;;;;;;
2192.094227;0.076548;0.071065;0.081069;0.139535;0.196311;0.179670;0.170451;0.145968;0.142290;0.108028;0.096582;0.092505;;;;;;;;
2193.058633;0.073485;0.070035;0.074100;0.138723;0.193625;0.175423;0.170743;0.136536;0.136540;0.100144;0.090421;0.091858;;;;;;;;
2194.023038;0.074239;0.069820;0.072937;0.141749;0.196955;0.176668;0.170245;0.133695;0.131246;0.095671;0.091562;0.090981;;;;;;;;
2194.987444;0.076885;0.071346;0.075315;0.146231;0.203289;0.179122;0.167848;0.136996;0.131954;0.097552;0.097220;0.091327;;;;;;;;
2195.951850;0.076727;0.075581;0.077912;0.147378;0.206019;0.181745;0.169730;0.142357;0.135078;0.103467;0.101658;0.092599;;;;;;;;
2196.916256;0.075723;0.079432;0.081446;0.146515;0.205910;0.185177;0.173066;0.150792;0.139186;0.107280;0.105239;0.096548;;;;;;;;
2197.880661;0.078299;0.081189;0.084601;0.149061;0.207921;0.188704;0.176689;0.158880;0.144718;0.110516;0.107775;0.103436;;;;;;;;
2198.845067;0.080856;0.081335;0.085073;0.151311;0.210026;0.189814;0.178626;0.159547;0.147651;0.117207;0.105932;0.106056;;;;;;;;
2199.809473;0.079354;0.080407;0.084479;0.151979;0.206168;0.188132;0.177645;0.156548;0.149099;0.117020;0.102055;0.102536;;;;;;;;
2200.773879;0.075852;0.077642;0.082602;0.149146;0.198717;0.181799;0.177728;0.152209;0.145818;0.108345;0.097896;0.096719;;;;;;;;
2201.738284;0.071350;0.073450;0.079394;0.142302;0.195470;0.176322;0.174832;0.145087;0.137507;0.102958;0.093436;0.090063;;;;;;;;
2202.702690;0.067986;0.070779;0.077329;0.140173;0.198467;0.180161;0.168338;0.143101;0.134377;0.101622;0.094029;0.086623;;;;;;;;
2203.667096;0.068979;0.072171;0.078480;0.143650;0.203924;0.184609;0.167210;0.149666;0.138483;0.104428;0.098388;0.086965;;;;;;;;
2204.631502;0.072741;0.077279;0.081662;0.147220;0.206911;0.185472;0.171927;0.155688;0.144408;0.111762;0.102227;0.089577;;;;;;;;
2205.595907;0.077082;0.079706;0.084178;0.150165;0.209674;0.190707;0.176691;0.156913;0.147362;0.115857;0.106479;0.096446;;;;;;;;
2206.560313;0.080338;0.078617;0.088376;0.154941;0.212466;0.197121;0.185033;0.159780;0.151080;0.116850;0.109019;0.103167;;;;;;;;
2207.524719;0.082262;0.080186;0.092931;0.159241;0.212508;0.197757;0.195519;0.165943;0.158200;0.120047;0.109772;0.106385;;;;;;;;
2208.489124;0.082444;0.083485;0.092877;0.156877;0.211576;0.194101;0.193164;0.168461;0.158038;0.120549;0.108389;0.106223;;;;;;;;
2209.453530;0.079006;0.082785;0.087338;0.149580;0.205028;0.188043;0.178279;0.162328;0.149825;0.114174;0.102198;0.097519;;;;;;;;
2210.417936;0.073847;0.077600;0.079628;0.144378;0.196826;0.182612;0.165498;0.152937;0.143384;0.107190;0.095445;0.086582;;;;;;;;
2211.382342;0.070469;0.075216;0.076723;0.144230;0.196209;0.182840;0.163358;0.150620;0.140582;0.102616;0.090796;0.082911;;;;;;;;
2212.346747;0.071322;0.074742;0.077371;0.145231;0.197833;0.186689;0.169589;0.152785;0.140582;0.098883;0.089492;0.082799;;;;;;;;
2213.311153;0.074670;0.073798;0.078051;0.145682;0.201892;0.191653;0.175400;0.154220;0.142260;0.101941;0.095728;0.086340;;;;;;;;
2214.275559;0.077965;0.078999;0.081772;0.149132;0.209430;0.195684;0.178509;0.157808;0.145860;0.112864;0.104788;0.092929;;;;;;;;
2215.239965;0.081734;0.083790;0.086570;0.153536;0.213007;0.195499;0.181557;0.160515;0.151807;0.120408;0.107560;0.099199;;;;;;;;
2216.204370;0.083100;0.082917;0.089248;0.156799;0.212786;0.196650;0.184034;0.161779;0.155692;0.120758;0.107131;0.107019;;;;;;;;
2217.168776;0.081877;0.081843;0.090589;0.159603;0.213856;0.198373;0.184729;0.163216;0.155910;0.118182;0.108610;0.109278;;;;;;;;
2218.133182;0.077786;0.075665;0.085756;0.155214;0.212259;0.191468;0.181034;0.156252;0.150065;0.109681;0.102707;0.098821;;;;;;;;
2219.097587;0.069677;0.067136;0.074124;0.141608;0.202635;0.178639;0.170583;0.143787;0.136734;0.097243;0.089607;0.085270;;;;;;;;
2220.061993;0.067144;0.067595;0.069563;0.134528;0.196444;0.170324;0.161633;0.138547;0.130106;0.094448;0.085379;0.080205;;;;;;;;
2221.026399;0.069958;0.071382;0.072272;0.138484;0.198714;0.173400;0.161706;0.139350;0.135324;0.099669;0.089332;0.082573;;;;;;;;
2221.990805;0.071054;0.071215;0.075512;0.141956;0.201700;0.182019;0.167514;0.142585;0.139553;0.102893;0.095963;0.088073;;;;;;;;
2222.955210;0.076388;0.073407;0.085199;0.149451;0.208191;0.186977;0.177515;0.149148;0.142392;0.110663;0.108359;0.096983;;;;;;;;
2223.919616;0.082208;0.080242;0.093385;0.159908;0.214208;0.193514;0.185335;0.157910;0.149274;0.122605;0.119079;0.104036;;;;;;;;
2224.884022;0.081074;0.083404;0.091930;0.160495;0.213937;0.201675;0.184889;0.163912;0.154093;0.125069;0.119377;0.104802;;;;;;;;
2225.848428;0.080709;0.081154;0.088375;0.158561;0.215257;0.199879;0.183307;0.164505;0.152716;0.119223;0.112896;0.102989;;;;;;;;
2226.812833;0.083545;0.081981;0.086029;0.159602;0.218499;0.192995;0.183810;0.164389;0.150555;0.115975;0.107552;0.100380;;;;;;;;
2227.777239;0.081248;0.084193;0.082252;0.155313;0.214831;0.189789;0.179830;0.159622;0.146806;0.112744;0.103614;0.094994;;;;;;;;
2228.741645;0.074058;0.080223;0.076012;0.146830;0.207944;0.186569;0.173041;0.150097;0.139858;0.105584;0.099038;0.088348;;;;;;;;
2229.706051;0.072869;0.077708;0.076993;0.145120;0.208840;0.186143;0.174001;0.148228;0.139561;0.104471;0.099809;0.089428;;;;;;;;
2230.670456;0.078347;0.080150;0.083194;0.151055;0.211023;0.190391;0.179748;0.151874;0.144599;0.109750;0.103962;0.096429;;;;;;;;
2231.634862;0.082237;0.079930;0.082545;0.152688;0.209394;0.195749;0.183082;0.156383;0.147644;0.114136;0.105448;0.098148;;;;;;;;
2232.599268;0.084415;0.081936;0.083898;0.152097;0.212901;0.201398;0.187206;0.163491;0.151593;0.117169;0.109183;0.099302;;;;;;;;
2233.563673;0.084404;0.087251;0.087518;0.154927;0.218423;0.203157;0.188720;0.168516;0.156386;0.117119;0.113778;0.103338;;;;;;;;
2234.528079;0.081342;0.085213;0.084306;0.154286;0.220152;0.200767;0.186819;0.166904;0.158307;0.117118;0.112076;0.102012;;;;;;;;
2235.492485;0.077875;0.080091;0.081482;0.151187;0.216389;0.196634;0.184568;0.158119;0.152412;0.113207;0.105395;0.094659;;;;;;;;
2236.456891;0.072393;0.077384;0.080192;0.147965;0.207145;0.188738;0.176360;0.149994;0.141846;0.101144;0.096808;0.087666;;;;;;;;
2237.421296;0.065524;0.071023;0.076416;0.144145;0.201411;0.181377;0.169680;0.149842;0.136267;0.094793;0.089625;0.084677;;;;;;;;
2238.385702;0.063557;0.066958;0.075511;0.145012;0.200918;0.181589;0.171407;0.149124;0.136239;0.095543;0.088809;0.084954;;;;;;;;
2239.350108;0.069645;0.071769;0.080626;0.148856;0.203648;0.185650;0.173160;0.145955;0.141644;0.100470;0.093243;0.090631;;;;;;;;
2240.314514;0.077853;0.079803;0.088465;0.151500;0.211146;0.192514;0.178219;0.152694;0.150094;0.113670;0.099731;0.100883;;;;;;;;
2241.278919;0.081150;0.086378;0.092896;0.155276;0.217435;0.202928;0.186239;0.161435;0.155799;0.123153;0.107015;0.107023;;;;;;;;
2242.243325;0.081948;0.089199;0.092038;0.159590;0.217960;0.204639;0.189779;0.159794;0.158025;0.123176;0.110186;0.108180;;;;;;;;
2243.207731;0.081965;0.086980;0.088286;0.159296;0.216109;0.198590;0.190498;0.155742;0.155767;0.120393;0.105975;0.105610;;;;;;;;
2244.172137;0.078425;0.078322;0.082000;0.154490;0.212989;0.193179;0.184269;0.151440;0.148108;0.113769;0.097137;0.097889;;;;;;;;
2245.136542;0.074048;0.070108;0.076990;0.149582;0.207413;0.186179;0.175214;0.148968;0.138928;0.106621;0.090498;0.091113;;;;;;;;
2246.100948;0.070976;0.070464;0.074543;0.143736;0.202583;0.182937;0.171715;0.150802;0.136791;0.102873;0.090230;0.089571;;;;;;;;
2247.065354;0.069403;0.071729;0.073118;0.139408;0.201901;0.183606;0.167978;0.149653;0.139289;0.101977;0.092463;0.090366;;;;;;;;
2248.029759;0.073743;0.073417;0.078267;0.144078;0.207241;0.187984;0.168466;0.152801;0.139911;0.107338;0.098721;0.092582;;;;;;;;
2248.994165;0.079477;0.081330;0.087201;0.150975;0.215403;0.194433;0.177692;0.161480;0.146869;0.116676;0.108704;0.099721;;;;;;;;
2249.958571;0.081573;0.087563;0.092726;0.152001;0.219819;0.195191;0.186948;0.165306;0.156096;0.124627;0.114624;0.109859;;;;;;;;
2250.922977;0.083961;0.088239;0.092452;0.153980;0.220503;0.199503;0.191103;0.167467;0.155033;0.125623;0.115871;0.110861;;;;;;;;
2251.887382;0.082624;0.087691;0.087834;0.155401;0.216470;0.203202;0.190308;0.166259;0.149481;0.118023;0.110484;0.102705;;;;;;;;
2252.851788;0.075458;0.082252;0.085626;0.149575;0.209454;0.194674;0.185822;0.158598;0.144231;0.108443;0.099836;0.099053;;;;;;;;
2253.816194;0.070505;0.073196;0.081761;0.145095;0.207036;0.185368;0.177681;0.152607;0.138938;0.098469;0.093338;0.097487;;;;;;;;
2254.780600;0.071613;0.072446;0.075083;0.145244;0.205564;0.180970;0.170808;0.149290;0.138361;0.094033;0.091029;0.090061;;;;;;;;
2255.745005;0.075137;0.074956;0.074721;0.143084;0.203141;0.181915;0.172357;0.147998;0.141884;0.100015;0.091367;0.084610;;;;;;;;
2256.709411;0.077315;0.074184;0.080146;0.142624;0.207092;0.186186;0.177915;0.151876;0.144324;0.107472;0.096677;0.087046;;;;;;;;
2257.673817;0.080707;0.078224;0.087669;0.148252;0.214585;0.189657;0.181446;0.158498;0.146783;0.113717;0.103869;0.094538;;;;;;;;
2258.638222;0.085378;0.084366;0.092677;0.154437;0.220096;0.195522;0.185682;0.165417;0.153209;0.121006;0.110409;0.103521;;;;;;;;
2259.602628;0.086761;0.085250;0.092413;0.156439;0.221291;0.199106;0.192293;0.167048;0.157849;0.125066;0.114657;0.108705;;;;;;;;
2260.567034;0.083492;0.082713;0.088833;0.155442;0.217067;0.199796;0.195408;0.161874;0.153768;0.122122;0.113091;0.105375;;;;;;;;
2261.531440;0.079278;0.080405;0.086107;0.153548;0.213849;0.204226;0.187274;0.158657;0.148306;0.117247;0.108539;0.097678;;;;;;;;
2262.495845;0.077095;0.074644;0.084870;0.148725;0.209654;0.202290;0.174317;0.153922;0.145306;0.113536;0.101769;0.092382;;;;;;;;
2263.460251;0.072497;0.065758;0.079184;0.142140;0.201606;0.189368;0.168359;0.145609;0.138244;0.107088;0.090704;0.087091;;;;;;;;
2264.424657;0.067161;0.063492;0.072143;0.139145;0.199632;0.181767;0.166312;0.143400;0.131857;0.100304;0.083590;0.081252;;;;;;;;
2265.389063;0.069843;0.067618;0.073730;0.142941;0.203520;0.187018;0.167786;0.147915;0.135313;0.098822;0.087984;0.084837;;;;;;;;
2266.353468;0.079389;0.077237;0.086292;0.151398;0.208881;0.195112;0.177484;0.155751;0.145603;0.108029;0.102828;0.098448;;;;;;;;
2267.317874;0.085379;0.088129;0.096085;0.155550;0.214284;0.196075;0.185481;0.161384;0.154307;0.119168;0.115283;0.106988;;;;;;;;
2268.282280;0.083563;0.091393;0.095615;0.157953;0.217144;0.196793;0.186867;0.166242;0.158484;0.121655;0.114788;0.107932;;;;;;;;
2269.246686;0.082734;0.092188;0.095528;0.163631;0.217686;0.202033;0.188170;0.173545;0.158549;0.123455;0.110034;0.106316;;;;;;;;
2270.211091;0.085076;0.090378;0.093521;0.162871;0.213652;0.200040;0.187882;0.169288;0.154228;0.122067;0.105991;0.099571;;;;;;;;
2271.175497;0.079185;0.081404;0.085297;0.153679;0.205285;0.190131;0.180937;0.152921;0.146072;0.113417;0.097680;0.091700;;;;;;;;
2272.139903;0.066845;0.071474;0.075901;0.140418;0.197303;0.180561;0.169744;0.139785;0.136194;0.104511;0.086959;0.082353;;;;;;;;
2273.104308;0.064997;0.068268;0.072425;0.132366;0.199042;0.179351;0.165071;0.137291;0.132301;0.099729;0.085626;0.075683;;;;;;;;
2274.068714;0.074066;0.075382;0.079008;0.140243;0.207892;0.188234;0.171790;0.146128;0.137937;0.104760;0.096492;0.084520;;;;;;;;
2275.033120;0.080285;0.084155;0.083437;0.150171;0.209543;0.193271;0.176693;0.155434;0.143423;0.113627;0.103775;0.096412;;;;;;;;
2275.997526;0.082560;0.086667;0.085485;0.152316;0.211187;0.195182;0.177348;0.160585;0.146299;0.117810;0.106534;0.101531;;;;;;;;
2276.961931;0.085144;0.086220;0.090438;0.156832;0.215541;0.199124;0.184792;0.165451;0.150594;0.118472;0.111252;0.106301;;;;;;;;
2277.926337;0.086742;0.086018;0.090866;0.158957;0.214378;0.197514;0.191811;0.162854;0.152934;0.118766;0.111900;0.107767;;;;;;;;
2278.890743;0.084287;0.085030;0.087109;0.152358;0.209680;0.192424;0.189670;0.153544;0.151926;0.118100;0.108713;0.103466;;;;;;;;
2279.855149;0.078949;0.079661;0.080801;0.148760;0.201399;0.186939;0.179932;0.147968;0.149135;0.111400;0.102424;0.097553;;;;;;;;
2280.819554;0.076178;0.074413;0.077932;0.147846;0.197459;0.183145;0.168319;0.146779;0.143104;0.104576;0.094053;0.095766;;;;;;;;
2281.783960;0.075021;0.076888;0.080166;0.141657;0.199044;0.182506;0.166585;0.147827;0.136733;0.102497;0.091292;0.095018;;;;;;;;
2282.748366;0.073788;0.080237;0.079832;0.138132;0.199030;0.179686;0.170266;0.150431;0.136702;0.101678;0.094716;0.090979;;;;;;;;
2283.712771;0.076091;0.080019;0.084612;0.143047;0.205837;0.182896;0.173312;0.154291;0.143114;0.107066;0.101331;0.092916;;;;;;;;
2284.677177;0.080878;0.083046;0.092595;0.150609;0.212634;0.195183;0.181002;0.158697;0.151693;0.116233;0.107538;0.102343;;;;;;;;
2285.641583;0.082561;0.087996;0.093495;0.154776;0.212136;0.200928;0.185809;0.161603;0.157296;0.118595;0.108828;0.108500;;;;;;;;
2286.605989;0.081648;0.088208;0.093748;0.157861;0.215005;0.197648;0.183510;0.162057;0.154773;0.117213;0.108032;0.105567;;;;;;;;
2287.570394;0.082079;0.083318;0.092199;0.158365;0.214762;0.192020;0.180734;0.157884;0.148428;0.116939;0.107359;0.098638;;;;;;;;
2288.534800;0.078776;0.076754;0.083909;0.148660;0.207017;0.188741;0.175599;0.150448;0.143821;0.111342;0.101991;0.092694;;;;;;;;
2289.499206;0.069939;0.069813;0.074924;0.139831;0.199684;0.186511;0.166865;0.144660;0.138203;0.101249;0.094450;0.086131;;;;;;;;
2290.463612;0.066683;0.067176;0.071926;0.141158;0.196107;0.178460;0.162970;0.143788;0.135615;0.096125;0.094496;0.084032;;;;;;;;
2291.428017;0.073376;0.074560;0.077428;0.142990;0.199227;0.176414;0.166962;0.149051;0.139967;0.098582;0.101877;0.088017;;;;;;;;
2292.392423;0.081430;0.082096;0.085327;0.144977;0.202149;0.185674;0.174659;0.155128;0.144566;0.107488;0.107067;0.091694;;;;;;;;
2293.356829;0.086093;0.085990;0.093070;0.152354;0.207188;0.195742;0.182064;0.161491;0.150313;0.118028;0.109659;0.099256;;;;;;;;
2294.321235;0.089885;0.091608;0.098273;0.159121;0.219044;0.203227;0.183680;0.168986;0.155784;0.123651;0.114008;0.109393;;;;;;;;
2295.285640;0.087981;0.089669;0.094881;0.157834;0.219040;0.199786;0.182220;0.167625;0.151579;0.122197;0.112472;0.109002;;;;;;;;
2296.250046;0.077732;0.082538;0.090426;0.151771;0.206828;0.188808;0.179169;0.157595;0.143053;0.114112;0.103203;0.099934;;;;;;;;
2297.214452;0.071550;0.079379;0.086853;0.147181;0.202300;0.185163;0.172178;0.149983;0.136418;0.105864;0.096389;0.093903;;;;;;;;
2298.178857;0.073733;0.075932;0.080759;0.143650;0.202750;0.185097;0.169346;0.147229;0.131164;0.102388;0.093693;0.091364;;;;;;;;
2299.143263;0.074760;0.072436;0.078853;0.141531;0.195547;0.181899;0.168149;0.143407;0.132022;0.099526;0.091668;0.088734;;;;;;;;
2300.107669;0.073582;0.069401;0.079535;0.140871;0.189259;0.176937;0.166347;0.137871;0.136101;0.098278;0.090831;0.087880;;;;;;;;
2301.072075;0.077865;0.073088;0.082293;0.143039;0.197670;0.176519;0.173262;0.140427;0.140428;0.107393;0.099825;0.092248;;;;;;;;
2302.036480;0.085921;0.084923;0.089659;0.151256;0.210629;0.185329;0.180857;0.151047;0.147668;0.120017;0.114768;0.100861;;;;;;;;
2303.000886;0.089350;0.088286;0.094818;0.156538;0.215623;0.194770;0.182949;0.160259;0.153461;0.121554;0.117666;0.107436;;;;;;;;
2303.965292;0.087682;0.084953;0.094595;0.152315;0.213275;0.195066;0.184534;0.163865;0.153608;0.118350;0.115191;0.108293;;;;;;;;
2304.929698;0.084934;0.085578;0.090570;0.147040;0.206489;0.189033;0.182341;0.160686;0.148155;0.116464;0.113499;0.104182;;;;;;;;
2305.894103;0.082907;0.083487;0.083663;0.143790;0.201047;0.183955;0.176565;0.153213;0.142535;0.110657;0.104488;0.097280;;;;;;;;
2306.858509;0.079979;0.077131;0.077860;0.141283;0.198319;0.180304;0.170955;0.146859;0.139567;0.104726;0.096257;0.091683;;;;;;;;
2307.822915;0.074520;0.072972;0.076929;0.140885;0.197062;0.175562;0.165926;0.146571;0.136139;0.102111;0.094678;0.089055;;;;;;;;
2308.787320;0.073203;0.074541;0.081201;0.141602;0.198338;0.175981;0.166566;0.150647;0.137908;0.103803;0.097380;0.091637;;;;;;;;
2309.751726;0.079134;0.081629;0.088479;0.145163;0.201654;0.186847;0.173252;0.154746;0.144064;0.109593;0.102272;0.100698;;;;;;;;
2310.716132;0.084109;0.087637;0.093550;0.149426;0.205563;0.196370;0.177432;0.156258;0.146129;0.113814;0.107382;0.108248;;;;;;;;
2311.680538;0.085583;0.090354;0.095935;0.150362;0.208385;0.195869;0.179057;0.154746;0.147587;0.118215;0.113337;0.110260;;;;;;;;
2312.644943;0.086279;0.090604;0.096519;0.150779;0.209352;0.191859;0.179990;0.155733;0.150129;0.122376;0.115204;0.109608;;;;;;;;
2313.609349;0.084295;0.087180;0.091728;0.149097;0.206724;0.189394;0.177016;0.154940;0.148357;0.121878;0.112222;0.105608;;;;;;;;
2314.573755;0.079007;0.083914;0.085658;0.145314;0.201551;0.188542;0.174295;0.150138;0.140112;0.117326;0.107022;0.097786;;;;;;;;
2315.538161;0.074899;0.080566;0.081900;0.143963;0.198011;0.184638;0.171109;0.149709;0.132606;0.107828;0.099279;0.091164;;;;;;;;
2316.502566;0.075356;0.076566;0.079856;0.142156;0.196427;0.177435;0.165658;0.146659;0.133276;0.100300;0.094430;0.090129;;;;;;;;
2317.466972;0.078357;0.076878;0.083476;0.142388;0.197511;0.175272;0.166474;0.140985;0.137241;0.101926;0.095581;0.090412;;;;;;;;
2318.431378;0.081208;0.080896;0.089672;0.147797;0.199467;0.179155;0.169920;0.143120;0.140425;0.107213;0.099615;0.091086;;;;;;;;
2319.395784;0.083504;0.087078;0.093097;0.149973;0.200394;0.185150;0.173055;0.147846;0.143485;0.111491;0.103367;0.096074;;;;;;;;
2320.360189;0.087840;0.093322;0.095172;0.150409;0.205115;0.191262;0.181714;0.151196;0.146601;0.116697;0.106961;0.104090;;;;;;;;
2321.324595;0.093979;0.095727;0.096765;0.154406;0.209675;0.192731;0.186720;0.155253;0.149072;0.122102;0.109502;0.112699;;;;;;;;
2322.289001;0.091903;0.092432;0.095319;0.154548;0.207690;0.188748;0.182623;0.156175;0.148351;0.120482;0.108142;0.113827;;;;;;;;
2323.253406;0.082034;0.082864;0.089236;0.147701;0.202281;0.184027;0.174370;0.147965;0.145543;0.113275;0.103557;0.104218;;;;;;;;
2324.217812;0.077714;0.072404;0.083269;0.139783;0.194719;0.181172;0.164446;0.136854;0.139240;0.107737;0.096472;0.095278;;;;;;;;
2325.182218;0.080659;0.070279;0.081605;0.140546;0.189351;0.182058;0.163044;0.136054;0.130923;0.104254;0.093714;0.093919;;;;;;;;
2326.146624;0.083878;0.077755;0.084364;0.149710;0.186732;0.182137;0.168533;0.142366;0.128459;0.106371;0.101169;0.097279;;;;;;;;
2327.111029;0.082832;0.084831;0.089603;0.151601;0.185202;0.177827;0.168670;0.146784;0.132494;0.112221;0.111135;0.103244;;;;;;;;
2328.075435;0.081965;0.087238;0.093203;0.149410;0.192209;0.180166;0.170761;0.150652;0.141083;0.116164;0.119909;0.112474;;;;;;;;
2329.039841;0.087381;0.088856;0.096620;0.155442;0.200879;0.193054;0.180042;0.154907;0.150743;0.122361;0.127277;0.119324;;;;;;;;
2330.004247;0.091749;0.089996;0.099280;0.160757;0.202586;0.200957;0.186444;0.157319;0.156184;0.125017;0.126669;0.120022;;;;;;;;
2330.968652;0.089055;0.089126;0.095825;0.155402;0.201599;0.192516;0.184044;0.155257;0.151886;0.117856;0.117309;0.116913;;;;;;;;
2331.933058;0.085419;0.084286;0.091593;0.146139;0.196013;0.180541;0.178210;0.149284;0.140621;0.114486;0.107142;0.110870;;;;;;;;
2332.897464;0.084866;0.078888;0.087266;0.142795;0.189199;0.178125;0.174015;0.145905;0.133186;0.114569;0.103173;0.107747;;;;;;;;
2333.861870;0.083895;0.076606;0.080376;0.141621;0.185869;0.177800;0.169290;0.146198;0.128101;0.108265;0.103749;0.108478;;;;;;;;
2334.826275;0.083248;0.077202;0.081399;0.142078;0.186304;0.178290;0.167572;0.148400;0.129442;0.107367;0.105978;0.109310;;;;;;;;
2335.790681;0.087764;0.083672;0.088982;0.149494;0.195884;0.185069;0.170587;0.158473;0.146701;0.118570;0.116679;0.117243;;;;;;;;
2336.755087;0.090785;0.089692;0.095826;0.152818;0.204939;0.191186;0.172517;0.174949;0.169820;0.137629;0.134602;0.134365;;;;;;;;
2337.719492;0.088628;0.088896;0.101149;0.150687;0.203938;0.192814;0.173632;0.192941;0.190394;0.160474;0.149080;0.148604;;;;;;;;
2338.683898;0.089268;0.088269;0.099681;0.152451;0.205003;0.193149;0.177581;0.214139;0.209056;0.175155;0.161342;0.153174;;;;;;;;
2339.648304;0.088378;0.089051;0.095624;0.151519;0.208523;0.194071;0.181957;0.225886;0.220759;0.176168;0.168270;0.151528;;;;;;;;
2340.612710;0.081140;0.087196;0.092386;0.145245;0.206640;0.195739;0.177685;0.219045;0.218857;0.169306;0.162552;0.148376;;;;;;;;
2341.577115;0.078533;0.085101;0.085761;0.138467;0.202503;0.192969;0.170006;0.207243;0.204594;0.158953;0.152623;0.151794;;;;;;;;
2342.541521;0.081385;0.082784;0.081355;0.133892;0.196460;0.183661;0.169768;0.194672;0.185996;0.145951;0.142155;0.156932;;;;;;;;
2343.505927;0.082001;0.078810;0.082051;0.137851;0.193175;0.176922;0.168532;0.178460;0.170657;0.134160;0.131609;0.155307;;;;;;;;
2344.470333;0.084678;0.077011;0.084082;0.145952;0.194994;0.178410;0.164467;0.165862;0.163955;0.130639;0.127085;0.163325;;;;;;;;
2345.434738;0.090325;0.079460;0.088173;0.150348;0.197677;0.186071;0.169226;0.162549;0.164415;0.133077;0.126234;0.188389;;;;;;;;
2346.399144;0.091968;0.085647;0.092381;0.154119;0.201510;0.195443;0.179573;0.163546;0.164781;0.134003;0.123914;0.210435;;;;;;;;
2347.363550;0.089898;0.091166;0.094451;0.155079;0.203237;0.198769;0.181625;0.161801;0.159749;0.131629;0.119382;0.215975;;;;;;;;
2348.327955;0.085958;0.090729;0.097767;0.152982;0.201789;0.193195;0.176263;0.157155;0.152413;0.127659;0.114321;0.211737;;;;;;;;
2349.292361;0.080331;0.089230;0.096942;0.150272;0.195689;0.186081;0.170551;0.153166;0.146300;0.121564;0.111066;0.199537;;;;;;;;
2350.256767;0.075126;0.088033;0.088026;0.143259;0.184645;0.181798;0.161000;0.149997;0.138282;0.112268;0.106776;0.179927;;;;;;;;
2351.221173;0.072592;0.081485;0.080985;0.137005;0.179685;0.175863;0.152923;0.142949;0.131551;0.104130;0.098980;0.166427;;;;;;;;
2352.185578;0.075079;0.076851;0.080523;0.136940;0.185161;0.171109;0.157162;0.135933;0.132721;0.105085;0.096199;0.161756;;;;;;;;
2353.149984;0.079340;0.083056;0.085413;0.140590;0.191880;0.173525;0.166208;0.138862;0.137862;0.113937;0.103567;0.160140;;;;;;;;
2354.114390;0.083706;0.092002;0.091562;0.147098;0.192206;0.177612;0.170618;0.148104;0.139797;0.120498;0.111887;0.159919;;;;;;;;
2355.078796;0.091647;0.094790;0.097571;0.155803;0.193813;0.182929;0.177144;0.155588;0.145059;0.124023;0.115976;0.160211;;;;;;;;
2356.043201;0.095314;0.094981;0.103297;0.161804;0.201030;0.187782;0.183021;0.159717;0.153368;0.126504;0.118314;0.160440;;;;;;;;
2357.007607;0.089908;0.092973;0.100337;0.160477;0.201794;0.181994;0.177398;0.159327;0.147699;0.124951;0.117729;0.156672;;;;;;;;
2357.972013;0.087004;0.086982;0.092113;0.155910;0.196455;0.175486;0.170065;0.152950;0.136919;0.117032;0.113407;0.153165;;;;;;;;
2358.936419;0.089755;0.081119;0.085282;0.148486;0.192840;0.178755;0.167620;0.144583;0.133590;0.104778;0.107886;0.151385;;;;;;;;
2359.900824;0.088186;0.074894;0.080607;0.137703;0.186257;0.177253;0.165192;0.138174;0.127882;0.100365;0.102234;0.143479;;;;;;;;
2360.865230;0.081788;0.072836;0.082690;0.132945;0.178697;0.170445;0.164582;0.133530;0.125689;0.105674;0.097658;0.135693;;;;;;;;
2361.829636;0.081376;0.080866;0.087722;0.136650;0.182423;0.175120;0.165168;0.134948;0.135181;0.111874;0.100272;0.136003;;;;;;;;
2362.794041;0.089785;0.091257;0.094436;0.145849;0.195230;0.186907;0.168868;0.145922;0.146391;0.118615;0.112310;0.142412;;;;;;;;
2363.758447;0.096276;0.099308;0.100866;0.154757;0.203704;0.192758;0.175022;0.157818;0.150900;0.123964;0.122678;0.148260;;;;;;;;
2364.722853;0.097924;0.105551;0.102351;0.158288;0.206265;0.192704;0.176295;0.159545;0.152882;0.125481;0.125039;0.147776;;;;;;;;
2365.687259;0.100250;0.105855;0.102620;0.157832;0.203263;0.186679;0.172698;0.153237;0.152854;0.122284;0.123644;0.143631;;;;;;;;
2366.651664;0.095530;0.097647;0.098601;0.153465;0.195370;0.178341;0.167192;0.145979;0.143618;0.116587;0.117981;0.138266;;;;;;;;
2367.616070;0.085066;0.087597;0.090889;0.148460;0.192771;0.179057;0.163110;0.139936;0.135560;0.112925;0.111215;0.130384;;;;;;;;
2368.580476;0.080935;0.082878;0.085403;0.142240;0.190229;0.180384;0.160011;0.136858;0.134152;0.108971;0.105699;0.123457;;;;;;;;
2369.544882;0.078494;0.080465;0.082891;0.137160;0.179733;0.173373;0.157150;0.137365;0.132088;0.105424;0.096760;0.121450;;;;;;;;
2370.509287;0.077660;0.080398;0.086609;0.142784;0.177574;0.173686;0.161252;0.140784;0.136335;0.106628;0.091843;0.120123;;;;;;;;
2371.473693;0.082828;0.085768;0.093872;0.151106;0.188092;0.183817;0.170098;0.145398;0.145028;0.112691;0.098864;0.121741;;;;;;;;
2372.438099;0.091865;0.095189;0.100917;0.154278;0.197624;0.192309;0.176726;0.154553;0.153474;0.120941;0.111885;0.132840;;;;;;;;
2373.402504;0.099273;0.101966;0.105641;0.154728;0.201027;0.194834;0.178496;0.163821;0.160460;0.125432;0.119104;0.137810;;;;;;;;
2374.366910;0.096246;0.098187;0.103758;0.153013;0.198931;0.193198;0.174568;0.160481;0.153652;0.121709;0.115488;0.127846;;;;;;;;
2375.331316;0.089713;0.090888;0.096806;0.152578;0.194338;0.189916;0.170900;0.153031;0.142649;0.113461;0.106950;0.118526;;;;;;;;
2376.295722;0.086102;0.086112;0.088862;0.151132;0.189302;0.181556;0.167890;0.147421;0.139516;0.106837;0.098288;0.114140;;;;;;;;
2377.260127;0.078401;0.079525;0.084567;0.146878;0.184013;0.172277;0.161282;0.139130;0.134620;0.102340;0.091915;0.109576;;;;;;;;
2378.224533;0.072018;0.077859;0.085483;0.144174;0.182843;0.170353;0.156564;0.138643;0.132105;0.101690;0.090285;0.105617;;;;;;;;
2379.188939;0.074782;0.084261;0.088761;0.146271;0.189672;0.175483;0.160310;0.148075;0.136313;0.106154;0.095515;0.104969;;;;;;;;
2380.153345;0.081879;0.087761;0.093603;0.152267;0.197251;0.184292;0.169126;0.153056;0.141048;0.112184;0.105946;0.107563;;;;;;;;
2381.117750;0.086550;0.087361;0.096542;0.153183;0.196933;0.190070;0.174457;0.150775;0.147053;0.117174;0.111909;0.110085;;;;;;;;
2382.082156;0.087623;0.091023;0.097521;0.152097;0.196645;0.190591;0.177187;0.153755;0.154475;0.119004;0.112010;0.111511;;;;;;;;
2383.046562;0.088214;0.095577;0.099443;0.153597;0.198834;0.189975;0.177644;0.159897;0.157007;0.118364;0.111038;0.108999;;;;;;;;
2384.010968;0.088401;0.095472;0.095349;0.150496;0.196686;0.188355;0.174247;0.158489;0.149054;0.116422;0.107107;0.102601;;;;;;;;
2384.975373;0.082305;0.091711;0.085145;0.146948;0.193695;0.182057;0.171875;0.153471;0.139004;0.111851;0.100900;0.098478;;;;;;;;
2385.939779;0.074522;0.083291;0.080477;0.140660;0.191693;0.172517;0.166904;0.147726;0.133763;0.106795;0.095309;0.095307;;;;;;;;
2386.904185;0.075317;0.074453;0.081875;0.129959;0.188626;0.168698;0.161303;0.143726;0.129147;0.103502;0.090998;0.089955;;;;;;;;
2387.868590;0.078377;0.074329;0.084300;0.130006;0.186476;0.173861;0.162579;0.144299;0.131064;0.103442;0.091759;0.089530;;;;;;;;
2388.832996;0.081428;0.083903;0.091016;0.139798;0.192848;0.182573;0.166765;0.151305;0.141302;0.109045;0.100899;0.098239;;;;;;;;
2389.797402;0.087851;0.092264;0.099934;0.149874;0.204057;0.188565;0.171274;0.161197;0.147588;0.116543;0.110802;0.106122;;;;;;;;
2390.761808;0.090266;0.091531;0.102363;0.154692;0.206593;0.189863;0.174318;0.161572;0.148101;0.119297;0.112501;0.107400;;;;;;;;
2391.726213;0.088942;0.089483;0.099260;0.151426;0.204593;0.190529;0.176331;0.157847;0.148349;0.117176;0.108811;0.106418;;;;;;;;
2392.690619;0.086340;0.087459;0.095077;0.146528;0.199267;0.189755;0.175591;0.155035;0.146042;0.113161;0.105419;0.101198;;;;;;;;
2393.655025;0.080103;0.081469;0.089485;0.141497;0.188254;0.182848;0.167161;0.146674;0.142189;0.106919;0.101345;0.089658;;;;;;;;
2394.619431;0.074727;0.078040;0.083069;0.138162;0.181402;0.174941;0.159361;0.138235;0.138416;0.100612;0.092853;0.078708;;;;;;;;
2395.583836;0.073096;0.076810;0.079824;0.138401;0.180797;0.171570;0.157907;0.136005;0.131572;0.101889;0.086548;0.077525;;;;;;;;
2396.548242;0.074470;0.076619;0.084499;0.137514;0.184386;0.172280;0.160030;0.140778;0.130500;0.108928;0.091104;0.087062;;;;;;;;
2397.512648;0.080541;0.081072;0.091878;0.140561;0.188258;0.178147;0.166181;0.146709;0.137411;0.113430;0.100106;0.098647;;;;;;;;
2398.477053;0.087978;0.086645;0.095925;0.150531;0.191281;0.185400;0.172872;0.150790;0.144284;0.117978;0.106364;0.106322;;;;;;;;
2399.441459;0.090776;0.092852;0.099937;0.161002;0.197276;0.188358;0.178759;0.156498;0.152562;0.123050;0.110378;0.108964;;;;;;;;
2400.405865;0.090420;0.096563;0.101240;0.164514;0.198478;0.189479;0.184215;0.157862;0.155106;0.123347;0.111103;0.106539;;;;;;;;
2401.370271;0.088948;0.092866;0.097529;0.155504;0.192855;0.188659;0.182403;0.151890;0.145902;0.120159;0.106126;0.100290;;;;;;;;
2402.334676;0.083812;0.088095;0.092961;0.145036;0.189524;0.181984;0.175928;0.145013;0.136667;0.115922;0.098732;0.094055;;;;;;;;
2403.299082;0.075475;0.082199;0.087631;0.140202;0.186671;0.175124;0.169457;0.140927;0.134460;0.110878;0.095091;0.090341;;;;;;;;
2404.263488;0.072588;0.076042;0.083478;0.135761;0.181750;0.174569;0.162331;0.140069;0.135977;0.105179;0.093997;0.086389;;;;;;;;
2405.227894;0.078773;0.080809;0.087280;0.140764;0.183836;0.178162;0.162873;0.145034;0.139324;0.102915;0.095531;0.087006;;;;;;;;
2406.192299;0.083875;0.089126;0.096508;0.152222;0.192556;0.181524;0.168180;0.153743;0.145434;0.106165;0.101150;0.095378;;;;;;;;
2407.156705;0.085233;0.090020;0.100229;0.155064;0.196433;0.180312;0.171157;0.156449;0.148584;0.110421;0.103971;0.099755;;;;;;;;
2408.121111;0.087888;0.092014;0.101746;0.154840;0.199137;0.181358;0.175935;0.156541;0.147504;0.117549;0.103880;0.098841;;;;;;;;
2409.085517;0.090631;0.094906;0.105042;0.153761;0.204681;0.190050;0.179426;0.159898;0.149793;0.123976;0.106366;0.099849;;;;;;;;
2410.049922;0.090712;0.090425;0.098659;0.148355;0.201813;0.191228;0.178797;0.156134;0.147258;0.118847;0.105236;0.096393;;;;;;;;
2411.014328;0.085176;0.081821;0.084775;0.144561;0.193411;0.181449;0.173875;0.145454;0.135857;0.108695;0.097148;0.087843;;;;;;;;
2411.978734;0.078389;0.075202;0.076469;0.142758;0.188057;0.173018;0.165378;0.139266;0.131901;0.102869;0.092035;0.084476;;;;;;;;
2412.943139;0.077753;0.075710;0.076152;0.140125;0.181434;0.170842;0.159495;0.137631;0.136172;0.101370;0.092369;0.086872;;;;;;;;
2413.907545;0.080714;0.081924;0.080985;0.139545;0.179967;0.175394;0.159472;0.140277;0.138276;0.103697;0.095496;0.090517;;;;;;;;
2414.871951;0.083843;0.087660;0.087049;0.143467;0.190158;0.181940;0.165674;0.147505;0.140784;0.106772;0.105358;0.094957;;;;;;;;
2415.836357;0.087086;0.093220;0.092649;0.150096;0.201272;0.186735;0.174834;0.153236;0.147273;0.111206;0.116162;0.100422;;;;;;;;
2416.800762;0.089522;0.097153;0.097750;0.154809;0.204783;0.187200;0.182277;0.156722;0.151974;0.116932;0.117986;0.103734;;;;;;;;
2417.765168;0.090974;0.098735;0.100510;0.155510;0.202024;0.184873;0.185101;0.158527;0.151284;0.119783;0.114150;0.103602;;;;;;;;
2418.729574;0.089941;0.096981;0.098585;0.152043;0.197376;0.182735;0.181678;0.154462;0.148456;0.117460;0.108996;0.102910;;;;;;;;
2419.693980;0.084873;0.089010;0.092633;0.146113;0.191954;0.175542;0.173553;0.147278;0.143501;0.110008;0.103604;0.098513;;;;;;;;
2420.658385;0.079563;0.082261;0.087826;0.143165;0.185300;0.169199;0.166582;0.144648;0.137893;0.106224;0.099386;0.090409;;;;;;;;
2421.622791;0.076952;0.079597;0.087638;0.143382;0.181013;0.169112;0.166072;0.144113;0.134525;0.106713;0.096014;0.086420;;;;;;;;
2422.587197;0.078434;0.079101;0.090486;0.144262;0.182838;0.171064;0.166928;0.141622;0.134310;0.104830;0.096924;0.086763;;;;;;;;
2423.551603;0.086537;0.085204;0.093838;0.145472;0.190506;0.179495;0.167904;0.145586;0.138921;0.109307;0.104052;0.091044;;;;;;;;
2424.516008;0.095727;0.095385;0.099286;0.148297;0.196950;0.192059;0.173434;0.156851;0.142930;0.121111;0.109916;0.099552;;;;;;;;
2425.480414;0.098581;0.102753;0.105967;0.157024;0.200049;0.197494;0.177771;0.165501;0.146865;0.128404;0.110847;0.104978;;;;;;;;
2426.444820;0.096028;0.101561;0.105843;0.161318;0.202861;0.191481;0.177793;0.168063;0.153485;0.126774;0.109188;0.103531;;;;;;;;
2427.409225;0.092742;0.091501;0.099349;0.152945;0.201227;0.181219;0.174656;0.161856;0.152098;0.117967;0.105376;0.098804;;;;;;;;
2428.373631;0.089953;0.082362;0.092839;0.145502;0.197735;0.175656;0.167331;0.151179;0.142076;0.107904;0.102027;0.094417;;;;;;;;
2429.338037;0.084273;0.079300;0.088172;0.142638;0.198022;0.175277;0.161429;0.146383;0.135379;0.103402;0.099858;0.090775;;;;;;;;
2430.302443;0.079113;0.079808;0.088883;0.142249;0.197691;0.177997;0.163431;0.147043;0.133834;0.105345;0.098422;0.088747;;;;;;;;
2431.266848;0.080849;0.082668;0.091143;0.145255;0.196563;0.179704;0.169477;0.148705;0.134319;0.108429;0.100880;0.090499;;;;;;;;
2432.231254;0.084486;0.085677;0.089815;0.150123;0.196523;0.179149;0.170735;0.148138;0.139513;0.109359;0.103285;0.091786;;;;;;;;
2433.195660;0.087981;0.089238;0.092901;0.157619;0.199197;0.178807;0.172061;0.151173;0.146867;0.111695;0.105622;0.094411;;;;;;;;
2434.160066;0.094659;0.094949;0.099436;0.158712;0.206852;0.179633;0.180274;0.160774;0.148524;0.116162;0.112072;0.102250;;;;;;;;
2435.124471;0.095508;0.097245;0.100248;0.154327;0.209427;0.182584;0.183401;0.160298;0.146691;0.117600;0.112072;0.102623;;;;;;;;
2436.088877;0.088254;0.095341;0.096922;0.152999;0.202556;0.183440;0.177314;0.150924;0.143957;0.115278;0.104382;0.095406;;;;;;;;
2437.053283;0.082713;0.090359;0.091738;0.145823;0.197879;0.179543;0.170986;0.146267;0.138459;0.109497;0.098239;0.091287;;;;;;;;
2438.017688;0.078609;0.080938;0.086522;0.136813;0.193433;0.174027;0.165744;0.140964;0.133867;0.101942;0.091666;0.087085;;;;;;;;
2438.982094;0.077711;0.078272;0.085853;0.138949;0.186511;0.169128;0.164680;0.138217;0.135821;0.102622;0.087080;0.084920;;;;;;;;
2439.946500;0.083698;0.085039;0.088345;0.144409;0.188263;0.168878;0.168754;0.143661;0.140657;0.109158;0.089649;0.087512;;;;;;;;
2440.910906;0.086868;0.088885;0.088227;0.142741;0.190876;0.174278;0.170726;0.147135;0.141347;0.110413;0.094417;0.090660;;;;;;;;
2441.875311;0.085152;0.088351;0.087048;0.140427;0.188280;0.179879;0.169172;0.147459;0.142427;0.109596;0.096362;0.093907;;;;;;;;
2442.839717;0.087318;0.087350;0.091842;0.144297;0.193674;0.183790;0.167751;0.150352;0.146203;0.111721;0.099704;0.097397;;;;;;;;
2443.804123;0.089970;0.087942;0.096816;0.146139;0.200090;0.188465;0.167541;0.154342;0.146818;0.113850;0.102164;0.101055;;;;;;;;
2444.768529;0.086670;0.086293;0.092770;0.144637;0.196346;0.187559;0.167023;0.153561;0.141658;0.108563;0.095636;0.098411;;;;;;;;
2445.732934;0.080898;0.077862;0.086242;0.144246;0.191099;0.178965;0.164067;0.143535;0.132325;0.099936;0.091672;0.088001;;;;;;;;
2446.697340;0.077858;0.074277;0.083758;0.140030;0.189145;0.173808;0.159074;0.135819;0.128703;0.100805;0.094647;0.082713;;;;;;;;
2447.661746;0.077498;0.079428;0.084190;0.137228;0.185376;0.173141;0.155066;0.141062;0.131834;0.102943;0.092938;0.083877;;;;;;;;
2448.626152;0.077206;0.085552;0.088809;0.141288;0.181226;0.177198;0.156937;0.148799;0.133906;0.101823;0.091842;0.085656;;;;;;;;
2449.590557;0.082905;0.093563;0.096098;0.146859;0.185744;0.186154;0.167511;0.152606;0.140890;0.112181;0.098295;0.093234;;;;;;;;
2450.554963;0.094341;0.097468;0.100423;0.152503;0.192393;0.187748;0.174905;0.154744;0.149937;0.125393;0.105448;0.103829;;;;;;;;
2451.519369;0.098479;0.096754;0.103095;0.156198;0.193954;0.188322;0.173678;0.156692;0.153748;0.125299;0.108780;0.107202;;;;;;;;
2452.483774;0.097723;0.100969;0.106163;0.158259;0.198300;0.194917;0.176807;0.160820;0.156474;0.120819;0.114277;0.106655;;;;;;;;
2453.448180;0.097581;0.102128;0.104576;0.159804;0.200711;0.191726;0.179520;0.159697;0.151465;0.116889;0.119434;0.104861;;;;;;;;
2454.412586;0.092709;0.095537;0.098986;0.155585;0.198409;0.180959;0.174085;0.153199;0.142878;0.112403;0.116680;0.099776;;;;;;;;
2455.376992;0.086140;0.089501;0.095116;0.150620;0.197304;0.176127;0.170662;0.148457;0.142541;0.112931;0.111968;0.097990;;;;;;;;
2456.341397;0.082498;0.085096;0.092479;0.149435;0.193520;0.176743;0.168676;0.143707;0.141728;0.113602;0.105888;0.099647;;;;;;;;
2457.305803;0.081106;0.082521;0.090440;0.145334;0.190752;0.179417;0.164696;0.143811;0.137837;0.108155;0.100985;0.098575;;;;;;;;
2458.270209;0.084701;0.084837;0.093490;0.144862;0.192874;0.182306;0.166187;0.151008;0.140111;0.105165;0.103432;0.098462;;;;;;;;
2459.234615;0.093076;0.090016;0.101627;0.152271;0.195272;0.185103;0.173231;0.158171;0.149686;0.111938;0.106105;0.102242;;;;;;;;
2460.199020;0.097262;0.093639;0.105571;0.154619;0.199241;0.186745;0.178657;0.161291;0.156307;0.121195;0.107040;0.104879;;;;;;;;
2461.163426;0.095980;0.096903;0.103285;0.152389;0.203064;0.188776;0.180562;0.159910;0.156155;0.124219;0.107074;0.104405;;;;;;;;
2462.127832;0.095550;0.098148;0.101476;0.152957;0.202005;0.189320;0.177015;0.155916;0.153563;0.121335;0.103601;0.100830;;;;;;;;
2463.092237;0.092718;0.092473;0.098747;0.152691;0.196082;0.183270;0.170482;0.148682;0.145452;0.113993;0.098448;0.094198;;;;;;;;
2464.056643;0.084609;0.085274;0.091988;0.148639;0.188168;0.174456;0.166052;0.141602;0.136605;0.103597;0.093966;0.088702;;;;;;;;
2465.021049;0.078003;0.083216;0.086373;0.144276;0.184720;0.166445;0.161340;0.139408;0.133203;0.097916;0.091697;0.086009;;;;;;;;
2465.985455;0.077565;0.084415;0.084989;0.145001;0.183852;0.165339;0.162618;0.139578;0.133109;0.101882;0.093144;0.086738;;;;;;;;
2466.949860;0.081885;0.085724;0.084050;0.146629;0.183656;0.170883;0.171458;0.140828;0.135981;0.107145;0.099539;0.091620;;;;;;;;
2467.914266;0.089699;0.089556;0.086515;0.146455;0.191776;0.176748;0.176002;0.144686;0.141632;0.110634;0.106695;0.096421;;;;;;;;
2468.878672;0.097116;0.094874;0.096966;0.153277;0.199188;0.184758;0.177359;0.154337;0.149492;0.118191;0.109517;0.100331;;;;;;;;
2469.843078;0.099322;0.097289;0.104594;0.159618;0.198901;0.185293;0.177934;0.164375;0.152910;0.122690;0.110211;0.103756;;;;;;;;
2470.807483;0.098137;0.097577;0.101837;0.155235;0.198669;0.181523;0.175530;0.161024;0.150735;0.119988;0.109766;0.104110;;;;;;;;
2471.771889;0.094281;0.093778;0.095858;0.150265;0.194968;0.186489;0.173950;0.148769;0.146171;0.116706;0.104975;0.101406;;;;;;;;
2472.736295;0.087159;0.087441;0.089924;0.145352;0.188665;0.185019;0.170676;0.142756;0.137978;0.110113;0.095978;0.094565;;;;;;;;
2473.700701;0.079141;0.083562;0.084378;0.138915;0.183052;0.174875;0.162102;0.142844;0.133085;0.099234;0.090482;0.085558;;;;;;;;
2474.665106;0.077375;0.082923;0.085661;0.141741;0.181783;0.173774;0.159411;0.143708;0.134485;0.095605;0.094773;0.083878;;;;;;;;
2475.629512;0.084435;0.084857;0.091559;0.147948;0.188725;0.181055;0.166678;0.147096;0.138150;0.102764;0.101845;0.089445;;;;;;;;
2476.593918;0.089752;0.086277;0.092403;0.149490;0.190921;0.185641;0.172822;0.151494;0.142136;0.110042;0.104278;0.092683;;;;;;;;
2477.558323;0.093890;0.090861;0.093479;0.152426;0.193085;0.184524;0.176283;0.153128;0.147895;0.113206;0.106901;0.095346;;;;;;;;
2478.522729;0.100098;0.097255;0.100498;0.156727;0.202006;0.186424;0.178306;0.155335;0.155955;0.117884;0.109279;0.100960;;;;;;;;
2479.487135;0.097301;0.095915;0.104009;0.158452;0.200904;0.189856;0.176874;0.159092;0.156117;0.121177;0.105327;0.102048;;;;;;;;
2480.451541;0.088265;0.092728;0.098434;0.154674;0.195003;0.184812;0.173419;0.158834;0.147139;0.117696;0.100254;0.096084;;;;;;;;
2481.415946;0.082585;0.092159;0.090033;0.148143;0.191980;0.176606;0.166847;0.152486;0.139118;0.111181;0.100069;0.090117;;;;;;;;
2482.380352;0.077601;0.087841;0.086195;0.143316;0.184422;0.171499;0.159681;0.143227;0.135262;0.104594;0.102015;0.088360;;;;;;;;
2483.344758;0.074348;0.084420;0.088035;0.141216;0.183396;0.168663;0.158997;0.139401;0.135854;0.103976;0.102168;0.089017;;;;;;;;
2484.309164;0.077208;0.086708;0.091462;0.145635;0.192630;0.170956;0.164175;0.144061;0.136567;0.110330;0.099980;0.089121;;;;;;;;
2485.273569;0.083747;0.089221;0.095806;0.151890;0.197810;0.180650;0.171513;0.148241;0.137825;0.114392;0.100344;0.090730;;;;;;;;
2486.237975;0.089578;0.093739;0.103542;0.155588;0.202044;0.191101;0.179762;0.151397;0.147041;0.120267;0.107353;0.098529;;;;;;;;
2487.202381;0.092485;0.101225;0.108083;0.159737;0.207404;0.193613;0.183230;0.156056;0.157417;0.127946;0.116627;0.106752;;;;;;;;
2488.166786;0.094446;0.102367;0.105588;0.161126;0.203293;0.190131;0.182166;0.155320;0.157994;0.126680;0.118472;0.105868;;;;;;;;
2489.131192;0.093634;0.094206;0.100785;0.155984;0.195863;0.181562;0.177135;0.150034;0.149027;0.117170;0.107325;0.098508;;;;;;;;
2490.095598;0.087334;0.084960;0.093953;0.148165;0.192053;0.171366;0.165420;0.146437;0.139462;0.105847;0.095123;0.093299;;;;;;;;
2491.060004;0.084233;0.082965;0.090862;0.146863;0.187894;0.172002;0.159423;0.145919;0.138913;0.101497;0.096232;0.093048;;;;;;;;
2492.024409;0.084991;0.085346;0.092107;0.148585;0.185400;0.179864;0.160679;0.146843;0.141112;0.105115;0.101497;0.090072;;;;;;;;
2492.988815;0.086347;0.088098;0.092136;0.148360;0.186754;0.184110;0.162479;0.147817;0.141012;0.109463;0.101703;0.084838;;;;;;;;
2493.953221;0.093885;0.092483;0.096087;0.152708;0.192120;0.188028;0.171095;0.151300;0.145979;0.113423;0.104721;0.090286;;;;;;;;
2494.917627;0.100419;0.096246;0.099818;0.156323;0.197451;0.193505;0.180804;0.156266;0.151513;0.117090;0.110243;0.102484;;;;;;;;
2495.882032;0.099874;0.099110;0.100262;0.157259;0.197436;0.193720;0.181221;0.157694;0.152819;0.117800;0.111633;0.107969;;;;;;;;
2496.846438;0.095863;0.099267;0.100953;0.159374;0.195428;0.187453;0.173177;0.154755;0.151575;0.115427;0.109749;0.103806;;;;;;;;
2497.810844;0.088584;0.095780;0.098396;0.157707;0.190491;0.181207;0.166073;0.150943;0.145829;0.113189;0.104517;0.095985;;;;;;;;
2498.775250;0.081972;0.093467;0.095756;0.151234;0.180957;0.176855;0.162646;0.149209;0.140320;0.108359;0.094191;0.090391;;;;;;;;
2499.739655;0.077872;0.091894;0.093212;0.144852;0.176838;0.175354;0.156784;0.147483;0.138879;0.101300;0.087769;0.084939;;;;;;;;
2500.704061;0.076494;0.088042;0.088965;0.145933;0.180802;0.177413;0.158657;0.145159;0.138539;0.100130;0.091625;0.084016;;;;;;;;
2501.668467;0.079780;0.086119;0.090161;0.149844;0.185793;0.179657;0.170022;0.147803;0.139511;0.104765;0.097006;0.089903;;;;;;;;
2502.632872;0.087589;0.091979;0.096814;0.151935;0.193180;0.181070;0.174867;0.155994;0.144367;0.111354;0.103648;0.094030;;;;;;;;
2503.597278;0.096516;0.098441;0.102055;0.158169;0.199026;0.182570;0.175079;0.162637;0.151448;0.116469;0.112631;0.100073;;;;;;;;
2504.561684;0.097235;0.098733;0.104258;0.162503;0.196192;0.186527;0.178133;0.165564;0.154394;0.118171;0.114859;0.108323;;;;;;;;
2505.526090;0.095092;0.100691;0.107606;0.160901;0.196444;0.189899;0.179573;0.166266;0.153810;0.118518;0.114379;0.107845;;;;;;;;
2506.490495;0.095025;0.102702;0.106708;0.153687;0.198418;0.185645;0.172789;0.159629;0.152966;0.115627;0.111908;0.100798;;;;;;;;
2507.454901;0.086476;0.094836;0.094509;0.143051;0.189302;0.177324;0.160749;0.146522;0.147822;0.106516;0.100856;0.092875;;;;;;;;
2508.419307;0.082130;0.085005;0.085611;0.140393;0.182528;0.174882;0.158414;0.140322;0.140245;0.100146;0.093548;0.087547;;;;;;;;
2509.383713;0.088944;0.083581;0.088894;0.143814;0.185646;0.177161;0.169411;0.143105;0.137126;0.105715;0.097086;0.090800;;;;;;;;
2510.348118;0.090131;0.086018;0.093707;0.144552;0.189000;0.175841;0.174410;0.143223;0.140469;0.113267;0.101398;0.097306;;;;;;;;
2511.312524;0.089324;0.091233;0.096301;0.145235;0.191741;0.178296;0.170423;0.142831;0.147207;0.115883;0.105053;0.099166;;;;;;;;
2512.276930;0.090721;0.097001;0.098786;0.152170;0.197353;0.188720;0.175817;0.150659;0.150503;0.118802;0.109779;0.101122;;;;;;;;
2513.241336;0.093276;0.099902;0.104225;0.159951;0.205630;0.196455;0.182908;0.158118;0.152552;0.122152;0.112260;0.105532;;;;;;;;
2514.205741;0.099434;0.105215;0.109006;0.158572;0.208931;0.199867;0.180054;0.157561;0.155786;0.124511;0.113446;0.108834;;;;;;;;
2515.170147;0.097498;0.106071;0.103841;0.154529;0.205102;0.195680;0.178915;0.155615;0.152101;0.122279;0.112007;0.107172;;;;;;;;
2516.134553;0.086640;0.095760;0.094705;0.149100;0.196950;0.178919;0.172071;0.148632;0.142082;0.110706;0.101768;0.094581;;;;;;;;
2517.098958;0.081661;0.085136;0.089729;0.141776;0.187375;0.165023;0.156050;0.136798;0.134966;0.099778;0.089546;0.081992;;;;;;;;
2518.063364;0.082255;0.080627;0.088558;0.141744;0.184480;0.167663;0.153618;0.136703;0.134192;0.100610;0.087230;0.083035;;;;;;;;
2519.027770;0.082432;0.080046;0.091333;0.145657;0.186300;0.175928;0.163531;0.144913;0.139281;0.104462;0.091611;0.086991;;;;;;;;
2519.992176;0.085213;0.084571;0.097682;0.152060;0.190610;0.180747;0.171507;0.149412;0.146225;0.106992;0.097561;0.089646;;;;;;;;
2520.956581;0.088682;0.093290;0.105182;0.159902;0.198198;0.184804;0.176497;0.154968;0.148231;0.111543;0.104207;0.096882;;;;;;;;
2521.920987;0.091594;0.097437;0.107562;0.160254;0.200257;0.185964;0.175918;0.160842;0.146876;0.113924;0.108959;0.101076;;;;;;;;
2522.885393;0.097721;0.095720;0.103842;0.157739;0.197487;0.188416;0.170575;0.161215;0.145826;0.117710;0.109389;0.100466;;;;;;;;
2523.849799;0.100018;0.096121;0.099491;0.158900;0.196978;0.192634;0.167765;0.158932;0.146270;0.120426;0.105540;0.101097;;;;;;;;
2524.814204;0.094083;0.098127;0.094965;0.160332;0.193316;0.187965;0.170263;0.154090;0.146607;0.113418;0.104640;0.096842;;;;;;;;
2525.778610;0.085064;0.093278;0.089137;0.157567;0.184952;0.178717;0.173288;0.145987;0.138859;0.104015;0.106648;0.086961;;;;;;;;
2526.743016;0.076009;0.085657;0.083743;0.150434;0.179926;0.172560;0.168746;0.142835;0.129980;0.099407;0.102206;0.084462;;;;;;;;
2527.707421;0.074693;0.087430;0.083447;0.144653;0.179614;0.170578;0.161815;0.144844;0.129915;0.101093;0.094689;0.087178;;;;;;;;
2528.671827;0.083179;0.091791;0.089069;0.145613;0.186408;0.178449;0.164899;0.145275;0.134141;0.107332;0.092484;0.086939;;;;;;;;
2529.636233;0.091119;0.093754;0.095833;0.151639;0.197656;0.191505;0.173583;0.149032;0.143611;0.113289;0.097738;0.091195;;;;;;;;
2530.600639;0.095687;0.099384;0.103297;0.155561;0.202802;0.196878;0.180942;0.155837;0.152814;0.118815;0.105576;0.098617;;;;;;;;
2531.565044;0.098525;0.100703;0.110275;0.156725;0.207111;0.194912;0.184638;0.157825;0.153845;0.122638;0.108876;0.100256;;;;;;;;
2532.529450;0.096987;0.097568;0.110107;0.157883;0.209404;0.188963;0.179312;0.156098;0.151719;0.120167;0.109451;0.097982;;;;;;;;
2533.493856;0.090475;0.095685;0.101077;0.152755;0.197322;0.178899;0.171471;0.150732;0.146022;0.111119;0.104418;0.092306;;;;;;;;
2534.458262;0.081044;0.086403;0.087610;0.140826;0.179688;0.167519;0.165075;0.139053;0.135688;0.100727;0.092826;0.084080;;;;;;;;
2535.422667;0.076259;0.076025;0.079109;0.134973;0.173183;0.161502;0.157564;0.130354;0.129230;0.097849;0.087786;0.080510;;;;;;;;
2536.387073;0.078182;0.079832;0.084315;0.140778;0.177490;0.165144;0.157808;0.134666;0.134234;0.104740;0.090236;0.083032;;;;;;;;
2537.351479;0.081980;0.089181;0.095542;0.152093;0.185133;0.171132;0.168164;0.145114;0.142730;0.112525;0.094717;0.088955;;;;;;;;
2538.315885;0.090877;0.094000;0.101675;0.159178;0.195943;0.177068;0.176393;0.154320;0.144618;0.117369;0.103183;0.097478;;;;;;;;
2539.280290;0.100933;0.099463;0.105144;0.158323;0.203268;0.184653;0.178404;0.159261;0.146765;0.119851;0.110734;0.107075;;;;;;;;
2540.244696;0.102856;0.103283;0.107733;0.159416;0.201351;0.188778;0.178755;0.157881;0.150730;0.120346;0.111034;0.113169;;;;;;;;
2541.209102;0.098024;0.100740;0.105917;0.162860;0.195034;0.189108;0.172439;0.155803;0.147094;0.119722;0.105406;0.108198;;;;;;;;
2542.173507;0.089902;0.094551;0.100480;0.161115;0.187461;0.181390;0.163801;0.150708;0.138892;0.112439;0.099598;0.098473;;;;;;;;
2543.137913;0.083736;0.084902;0.095244;0.154955;0.183642;0.168874;0.161183;0.141947;0.135416;0.103586;0.095051;0.094209;;;;;;;;
2544.102319;0.084612;0.080005;0.091428;0.145858;0.183910;0.167010;0.158403;0.138663;0.135648;0.104285;0.092086;0.089813;;;;;;;;
2545.066725;0.090379;0.088191;0.092574;0.145747;0.188424;0.173749;0.158933;0.141931;0.136036;0.108416;0.094978;0.087588;;;;;;;;
2546.031130;0.093708;0.096883;0.101354;0.156059;0.198381;0.180678;0.165947;0.149694;0.140249;0.110445;0.099736;0.092983;;;;;;;;
2546.995536;0.097451;0.100911;0.112727;0.164317;0.207302;0.190992;0.177044;0.159232;0.151956;0.117039;0.107390;0.102981;;;;;;;;
2547.959942;0.106581;0.107379;0.118161;0.172786;0.213286;0.198679;0.184797;0.166339;0.160433;0.127100;0.118053;0.113388;;;;;;;;
2548.924348;0.107930;0.107844;0.111337;0.173071;0.210798;0.193491;0.179712;0.166548;0.155844;0.129144;0.117006;0.110665;;;;;;;;
2549.888753;0.097881;0.099322;0.101606;0.162428;0.199575;0.186862;0.176185;0.159509;0.148079;0.121627;0.108103;0.097932;;;;;;;;
2550.853159;0.089729;0.090288;0.097823;0.154984;0.190436;0.180887;0.172951;0.151194;0.140727;0.112597;0.101512;0.091275;;;;;;;;
2551.817565;0.084478;0.084168;0.093843;0.148210;0.180408;0.167213;0.162089;0.144146;0.131818;0.105561;0.094167;0.087146;;;;;;;;
2552.781970;0.079869;0.084940;0.093651;0.146956;0.176197;0.164744;0.163001;0.143256;0.127474;0.103534;0.091724;0.087023;;;;;;;;
2553.746376;0.081944;0.087983;0.098964;0.153538;0.186410;0.175329;0.172431;0.148099;0.130667;0.108848;0.095079;0.092517;;;;;;;;
2554.710782;0.091335;0.090512;0.103873;0.157691;0.195618;0.181465;0.175581;0.154299;0.142687;0.117647;0.099648;0.094401;;;;;;;;
2555.675188;0.097041;0.097581;0.107859;0.161563;0.198033;0.185961;0.176625;0.159389;0.151563;0.122864;0.106757;0.097896;;;;;;;;
2556.639593;0.096491;0.101997;0.109124;0.163885;0.199863;0.191464;0.182835;0.158697;0.153293;0.123811;0.112430;0.105228;;;;;;;;
2557.603999;0.097542;0.102105;0.109522;0.160455;0.201175;0.194766;0.187205;0.158007;0.156620;0.123322;0.112261;0.105430;;;;;;;;
2558.568405;0.097205;0.101409;0.107244;0.154093;0.197444;0.188435;0.175449;0.155443;0.151697;0.120646;0.105482;0.099019;;;;;;;;
2559.532811;0.092667;0.093188;0.101782;0.153150;0.187905;0.176352;0.163408;0.149025;0.142760;0.116906;0.098283;0.094149;;;;;;;;
2560.497216;0.087988;0.083142;0.096519;0.156316;0.184749;0.173325;0.163697;0.147826;0.136874;0.112275;0.097458;0.091342;;;;;;;;
2561.461622;0.081288;0.078832;0.085597;0.148209;0.184826;0.172680;0.160985;0.144876;0.128817;0.104290;0.096217;0.085969;;;;;;;;
2562.426028;0.076025;0.077043;0.077855;0.140695;0.178676;0.170803;0.158596;0.141658;0.128974;0.096511;0.093879;0.081790;;;;;;;;
2563.390434;0.083974;0.084975;0.089050;0.150590;0.180907;0.175887;0.168244;0.146933;0.139684;0.099880;0.099651;0.089594;;;;;;;;
2564.354839;0.098557;0.101057;0.105985;0.160070;0.194288;0.181118;0.175726;0.151550;0.150409;0.110891;0.107063;0.100499;;;;;;;;
2565.319245;0.104549;0.109703;0.112279;0.160952;0.203320;0.180839;0.174471;0.153016;0.155099;0.115628;0.107808;0.099680;;;;;;;;
2566.283651;0.104952;0.110340;0.111489;0.165559;0.204261;0.180462;0.178474;0.155475;0.154350;0.118368;0.109270;0.096416;;;;;;;;
2567.248056;0.104667;0.105358;0.105700;0.168446;0.200731;0.181079;0.179483;0.156504;0.151846;0.119525;0.112418;0.097808;;;;;;;;
2568.212462;0.102133;0.097357;0.098691;0.158459;0.193029;0.178537;0.169972;0.151572;0.144768;0.110302;0.107978;0.095235;;;;;;;;
2569.176868;0.095019;0.094086;0.098182;0.147515;0.182973;0.175224;0.168078;0.142441;0.135860;0.100482;0.099045;0.087501;;;;;;;;
2570.141274;0.085276;0.093836;0.099241;0.147632;0.177704;0.175042;0.168541;0.138900;0.130822;0.101544;0.095569;0.083858;;;;;;;;
2571.105679;0.083725;0.096456;0.099194;0.152069;0.183504;0.178341;0.165056;0.144308;0.132535;0.107411;0.099556;0.089484;;;;;;;;
2572.070085;0.088721;0.100244;0.103074;0.155780;0.193945;0.184059;0.171143;0.150627;0.140654;0.109921;0.106431;0.096908;;;;;;;;
2573.034491;0.094303;0.100533;0.107318;0.159190;0.196338;0.185229;0.178673;0.153882;0.148967;0.114993;0.110241;0.097884;;;;;;;;
2573.998897;0.101679;0.102258;0.106665;0.160314;0.193289;0.184226;0.177568;0.157898;0.153509;0.120315;0.110001;0.096458;;;;;;;;
2574.963302;0.104194;0.102372;0.104658;0.160734;0.192060;0.185989;0.174336;0.160020;0.149152;0.116800;0.108208;0.097759;;;;;;;;
2575.927708;0.102013;0.097677;0.103843;0.160710;0.193571;0.182589;0.173551;0.159359;0.141566;0.113506;0.107346;0.096116;;;;;;;;
2576.892114;0.097528;0.094496;0.099260;0.158119;0.195361;0.178537;0.172764;0.160883;0.140638;0.113150;0.105692;0.090275;;;;;;;;
2577.856520;0.090875;0.092673;0.094770;0.157956;0.193562;0.180031;0.173335;0.161262;0.142798;0.112618;0.100601;0.090492;;;;;;;;
2578.820925;0.087011;0.089767;0.093952;0.156899;0.190381;0.179210;0.176166;0.156633;0.146287;0.114148;0.096677;0.092582;;;;;;;;
2579.785331;0.084085;0.086969;0.093155;0.147987;0.185071;0.176803;0.171108;0.150498;0.145907;0.112767;0.095340;0.089996;;;;;;;;
2580.749737;0.086303;0.089169;0.098655;0.146269;0.182304;0.181154;0.167639;0.149839;0.141560;0.111085;0.097090;0.091795;;;;;;;;
2581.714142;0.095683;0.098351;0.108972;0.156235;0.190404;0.192802;0.176416;0.157059;0.146588;0.116230;0.105591;0.099314;;;;;;;;
2582.678548;0.102213;0.105883;0.114023;0.161762;0.200435;0.198826;0.178657;0.162425;0.155282;0.121692;0.112303;0.106565;;;;;;;;
2583.642954;0.103155;0.104209;0.111898;0.162856;0.203233;0.191924;0.170712;0.156569;0.152678;0.120000;0.109164;0.104659;;;;;;;;
2584.607360;0.096658;0.100996;0.104013;0.159384;0.198292;0.180872;0.166301;0.146865;0.140968;0.112966;0.102567;0.093631;;;;;;;;
2585.571765;0.088677;0.101300;0.100630;0.152908;0.193175;0.174908;0.168810;0.144315;0.132775;0.106452;0.099663;0.090303;;;;;;;;
2586.536171;0.087468;0.093960;0.102240;0.156999;0.192133;0.177111;0.170028;0.144066;0.134078;0.105042;0.098168;0.092899;;;;;;;;
2587.500577;0.084330;0.083627;0.096174;0.159900;0.187319;0.177883;0.162219;0.142220;0.136898;0.105218;0.093312;0.087060;;;;;;;;
2588.464983;0.079435;0.082338;0.089225;0.152850;0.183544;0.176003;0.157463;0.142314;0.138553;0.104751;0.092581;0.078960;;;;;;;;
2589.429388;0.085271;0.086640;0.093267;0.152633;0.188102;0.181695;0.165820;0.145514;0.145065;0.109569;0.101137;0.085191;;;;;;;;
2590.393794;0.097491;0.093454;0.099367;0.155707;0.191912;0.186980;0.172799;0.152709;0.150336;0.114976;0.106544;0.098587;;;;;;;;
2591.358200;0.103204;0.101172;0.100593;0.157351;0.191034;0.187806;0.172281;0.156929;0.148675;0.116951;0.106488;0.100926;;;;;;;;
2592.322605;0.104336;0.107851;0.104465;0.166204;0.193399;0.188269;0.174161;0.156658;0.148241;0.118264;0.109730;0.100738;;;;;;;;
2593.287011;0.102989;0.106623;0.107434;0.171476;0.194701;0.185322;0.172461;0.156780;0.148844;0.114429;0.109129;0.099640;;;;;;;;
2594.251417;0.097921;0.095371;0.102381;0.162065;0.188057;0.182339;0.165535;0.152492;0.144109;0.108430;0.102091;0.091931;;;;;;;;
2595.215823;0.093688;0.085979;0.094617;0.146280;0.181546;0.178291;0.162850;0.143437;0.137973;0.102336;0.097158;0.086512;;;;;;;;
2596.180228;0.084607;0.079813;0.086629;0.134523;0.176968;0.171474;0.159435;0.135303;0.132820;0.095594;0.091447;0.080423;;;;;;;;
2597.144634;0.077043;0.078921;0.084011;0.134527;0.176883;0.169556;0.158852;0.135180;0.129829;0.096997;0.089280;0.078109;;;;;;;;
2598.109040;0.085283;0.087212;0.091762;0.144830;0.184133;0.171355;0.164624;0.141893;0.135870;0.106016;0.097330;0.086690;;;;;;;;
2599.073446;0.096213;0.097123;0.103694;0.152013;0.192557;0.175267;0.167778;0.149871;0.149361;0.114484;0.107411;0.097097;;;;;;;;
2600.037851;0.100093;0.106697;0.113925;0.156669;0.200624;0.181400;0.172646;0.160008;0.155855;0.119974;0.112840;0.104698;;;;;;;;
2601.002257;0.101820;0.112095;0.114596;0.164807;0.201238;0.182021;0.178473;0.163164;0.149709;0.125063;0.108428;0.105205;;;;;;;;
2601.966663;0.103362;0.109835;0.110701;0.165600;0.195858;0.181337;0.178816;0.158735;0.143908;0.127534;0.102332;0.100103;;;;;;;;
2602.931069;0.101525;0.106760;0.112340;0.162046;0.193967;0.183343;0.175662;0.156394;0.145570;0.121826;0.104670;0.094247;;;;;;;;
2603.895474;0.091985;0.103593;0.107052;0.161571;0.192693;0.177191;0.169509;0.151926;0.146416;0.113652;0.104553;0.087131;;;;;;;;
2604.859880;0.083780;0.095424;0.094436;0.152991;0.192164;0.168609;0.162720;0.145671;0.142358;0.107524;0.097923;0.082047;;;;;;;;
2605.824286;0.083925;0.087819;0.091269;0.145752;0.195038;0.173236;0.159358;0.144903;0.141718;0.106207;0.094141;0.083934;;;;;;;;
2606.788691;0.087463;0.090857;0.097788;0.153468;0.201792;0.181928;0.163271;0.146534;0.145714;0.109582;0.097941;0.091235;;;;;;;;
2607.753097;0.093296;0.099443;0.107410;0.161877;0.208598;0.182867;0.172785;0.149008;0.150490;0.109823;0.105092;0.095642;;;;;;;;
2608.717503;0.103865;0.104219;0.114233;0.164814;0.210600;0.187114;0.180705;0.157911;0.157147;0.110526;0.111652;0.099493;;;;;;;;
2609.681909;0.112423;0.106678;0.114406;0.166448;0.206489;0.194747;0.183028;0.162785;0.157348;0.113406;0.115638;0.103972;;;;;;;;
2610.646314;0.110296;0.109204;0.113312;0.164565;0.197602;0.195109;0.178517;0.157111;0.152702;0.114078;0.113540;0.103771;;;;;;;;
2611.610720;0.104802;0.109653;0.110651;0.161727;0.195885;0.191338;0.171933;0.154747;0.148378;0.114770;0.109278;0.101400;;;;;;;;
2612.575126;0.097260;0.101431;0.099655;0.154077;0.195649;0.183919;0.166815;0.150521;0.136005;0.109860;0.099584;0.090538;;;;;;;;
2613.539532;0.087499;0.088080;0.090366;0.145208;0.186047;0.176337;0.165226;0.139141;0.129342;0.101020;0.090626;0.079219;;;;;;;;
2614.503937;0.089652;0.086720;0.094371;0.149141;0.187057;0.175196;0.170610;0.138033;0.140736;0.102238;0.096467;0.084873;;;;;;;;
2615.468343;0.096237;0.094365;0.099766;0.157836;0.201104;0.179115;0.177256;0.147244;0.153366;0.110915;0.101019;0.095063;;;;;;;;
2616.432749;0.095486;0.097434;0.103127;0.164952;0.207940;0.188443;0.181851;0.152007;0.155665;0.116787;0.103405;0.097472;;;;;;;;
2617.397154;0.094134;0.099667;0.108628;0.166252;0.202675;0.192251;0.183135;0.150916;0.151208;0.116747;0.110836;0.094276;;;;;;;;
2618.361560;0.094324;0.103196;0.108505;0.159141;0.194993;0.188632;0.180174;0.150711;0.150106;0.115575;0.110020;0.095665;;;;;;;;
2619.325966;0.094415;0.102604;0.104904;0.158740;0.194978;0.187951;0.177351;0.153020;0.149563;0.117398;0.105911;0.101700;;;;;;;;
2620.290372;0.089791;0.098787;0.100737;0.158445;0.193026;0.181035;0.173446;0.153022;0.139829;0.115349;0.098731;0.095640;;;;;;;;
2621.254777;0.084618;0.097148;0.099012;0.155645;0.187710;0.176070;0.172133;0.152475;0.135104;0.112604;0.092105;0.088679;;;;;;;;
2622.219183;0.085823;0.097305;0.101403;0.160848;0.192804;0.183276;0.173757;0.155062;0.142480;0.115613;0.098450;0.089999;;;;;;;;
2623.183589;0.086248;0.096682;0.101093;0.163365;0.196670;0.183870;0.169134;0.154336;0.145840;0.114900;0.103390;0.087698;;;;;;;;
2624.147995;0.087088;0.097527;0.102884;0.164586;0.195136;0.181344;0.166259;0.154271;0.146733;0.111618;0.102789;0.090665;;;;;;;;
2625.112400;0.089859;0.095369;0.103906;0.166624;0.195918;0.186314;0.171602;0.159512;0.149377;0.111198;0.102486;0.097816;;;;;;;;
2626.076806;0.093368;0.095074;0.103586;0.165678;0.194518;0.188365;0.176755;0.162745;0.145890;0.111288;0.101346;0.097016;;;;;;;;
2627.041212;0.100195;0.105106;0.108897;0.170377;0.196516;0.186332;0.179243;0.162501;0.144077;0.114035;0.104494;0.094817;;;;;;;;
2628.005618;0.100552;0.107587;0.107708;0.170404;0.198271;0.183387;0.176304;0.156125;0.143615;0.113604;0.103686;0.091040;;;;;;;;
2628.970023;0.093345;0.096208;0.102921;0.159195;0.189806;0.180267;0.166873;0.148345;0.136489;0.106496;0.096172;0.085582;;;;;;;;
2629.934429;0.088449;0.089407;0.100785;0.155652;0.179381;0.179350;0.162917;0.147977;0.132975;0.101784;0.093227;0.087009;;;;;;;;
2630.898835;0.088957;0.091687;0.096352;0.157089;0.178452;0.179262;0.169183;0.150139;0.135293;0.102320;0.094314;0.092574;;;;;;;;
2631.863240;0.090911;0.094288;0.096786;0.152019;0.185938;0.180101;0.176018;0.149609;0.137222;0.104456;0.097977;0.094175;;;;;;;;
2632.827646;0.088096;0.096948;0.101752;0.153167;0.189185;0.186474;0.179445;0.148421;0.142067;0.107795;0.104179;0.095137;;;;;;;;
2633.792052;0.086724;0.102658;0.105707;0.159927;0.191059;0.196601;0.183368;0.151648;0.149519;0.112755;0.107599;0.099468;;;;;;;;
2634.756458;0.090136;0.104444;0.106328;0.161371;0.194078;0.195309;0.185141;0.152135;0.151072;0.114078;0.106745;0.099646;;;;;;;;
2635.720863;0.095933;0.104104;0.105209;0.165026;0.192649;0.186896;0.180713;0.149411;0.148031;0.113858;0.106064;0.097362;;;;;;;;
2636.685269;0.101796;0.105378;0.107012;0.171997;0.193875;0.191114;0.177954;0.152386;0.146580;0.115844;0.106207;0.095753;;;;;;;;
2637.649675;0.100311;0.101272;0.107034;0.175515;0.196622;0.195927;0.181588;0.150645;0.142330;0.113745;0.105266;0.091537;;;;;;;;
2638.614081;0.097205;0.096003;0.104399;0.171304;0.202199;0.184959;0.180068;0.146525;0.136963;0.112594;0.105064;0.089779;;;;;;;;
2639.578486;0.095436;0.096892;0.102739;0.164461;0.207506;0.175929;0.171554;0.149770;0.138606;0.113979;0.104348;0.089096;;;;;;;;
2640.542892;0.092709;0.101301;0.101828;0.166313;0.201827;0.183487;0.169678;0.152210;0.144352;0.110290;0.103936;0.090411;;;;;;;;
2641.507298;0.096103;0.104649;0.103605;0.170687;0.197150;0.191204;0.174518;0.154108;0.148644;0.110744;0.106718;0.095462;;;;;;;;
2642.471703;0.099952;0.104560;0.109302;0.171497;0.199791;0.187117;0.178474;0.160257;0.153788;0.115827;0.109417;0.098181;;;;;;;;
2643.436109;0.100792;0.104260;0.114312;0.171722;0.207214;0.185036;0.183067;0.165571;0.158149;0.114501;0.109819;0.104662;;;;;;;;
2644.400515;0.103629;0.106740;0.117795;0.170842;0.213771;0.189119;0.186952;0.166204;0.156122;0.115051;0.109634;0.109741;;;;;;;;
2645.364921;0.102777;0.105715;0.120230;0.171232;0.205818;0.191763;0.184856;0.161078;0.152415;0.117168;0.110392;0.102622;;;;;;;;
2646.329326;0.096970;0.097961;0.111798;0.168211;0.194120;0.189447;0.179245;0.150384;0.148372;0.108644;0.106119;0.092294;;;;;;;;
2647.293732;0.091158;0.091093;0.099865;0.159799;0.192600;0.183423;0.173271;0.144911;0.145067;0.101806;0.096961;0.088145;;;;;;;;
2648.258138;0.088341;0.086893;0.096884;0.157447;0.192681;0.178676;0.166265;0.147046;0.146774;0.102438;0.094974;0.092022;;;;;;;;
2649.222544;0.085793;0.084026;0.092579;0.159505;0.189329;0.173514;0.162850;0.144895;0.145231;0.099294;0.097337;0.093792;;;;;;;;
2650.186949;0.083384;0.084643;0.089093;0.160048;0.185103;0.169568;0.165776;0.142450;0.141955;0.099363;0.098287;0.090621;;;;;;;;
2651.151355;0.088029;0.088944;0.097339;0.162730;0.183946;0.174697;0.168744;0.145446;0.144430;0.106809;0.099634;0.091599;;;;;;;;
2652.115761;0.096379;0.101042;0.112191;0.169395;0.194239;0.185818;0.174592;0.154117;0.151116;0.116050;0.101482;0.099827;;;;;;;;
2653.080167;0.103282;0.115820;0.120162;0.179777;0.207081;0.193418;0.185198;0.165554;0.160105;0.123734;0.107913;0.111633;;;;;;;;
2654.044572;0.104647;0.117279;0.114431;0.180390;0.206413;0.191271;0.187781;0.164390;0.159869;0.120401;0.111106;0.110444;;;;;;;;
2655.008978;0.099854;0.107390;0.105914;0.167030;0.201444;0.184399;0.181022;0.153270;0.149952;0.109183;0.104304;0.098580;;;;;;;;
2655.973384;0.096444;0.098710;0.102806;0.160204;0.201900;0.182431;0.173195;0.144680;0.144504;0.102513;0.100305;0.094308;;;;;;;;
2656.937789;0.091804;0.093903;0.102090;0.159576;0.201432;0.180086;0.168284;0.139383;0.143714;0.104755;0.099691;0.092158;;;;;;;;
2657.902195;0.089357;0.093605;0.103753;0.161368;0.197315;0.174801;0.167031;0.141619;0.144493;0.111468;0.098078;0.090046;;;;;;;;
2658.866601;0.089360;0.098378;0.108141;0.170837;0.195543;0.175367;0.167634;0.149982;0.146705;0.112817;0.101671;0.093052;;;;;;;;
2659.831007;0.082696;0.099904;0.110949;0.170961;0.197393;0.177842;0.169641;0.153813;0.146538;0.111542;0.103244;0.094678;;;;;;;;
2660.795412;0.083344;0.097128;0.109064;0.162705;0.198741;0.177041;0.173215;0.154896;0.145893;0.115612;0.099318;0.095422;;;;;;;;
2661.759818;0.096990;0.100890;0.110079;0.166768;0.203257;0.179411;0.180475;0.162990;0.151268;0.123271;0.102897;0.100716;;;;;;;;
2662.724224;0.103685;0.105675;0.114260;0.174376;0.205099;0.182782;0.181786;0.165800;0.154129;0.124009;0.106273;0.100357;;;;;;;;
2663.688630;0.097107;0.103321;0.110575;0.171203;0.197996;0.182815;0.170751;0.153118;0.144754;0.112088;0.098721;0.088677;;;;;;;;
2664.653035;0.094575;0.101790;0.103485;0.163743;0.197695;0.183606;0.167140;0.145713;0.136511;0.103387;0.095203;0.083001;;;;;;;;
2665.617441;0.099181;0.100974;0.100680;0.162408;0.201405;0.182379;0.172727;0.149144;0.138842;0.106309;0.099450;0.086493;;;;;;;;
2666.581847;0.093568;0.097843;0.099332;0.165436;0.197220;0.176882;0.174196;0.149773;0.144494;0.110722;0.100277;0.088364;;;;;;;;
2667.546253;0.085639;0.097514;0.100779;0.165138;0.197927;0.177843;0.172411;0.150086;0.148068;0.115911;0.098787;0.093070;;;;;;;;
2668.510658;0.088529;0.102832;0.106212;0.165188;0.203367;0.187002;0.168791;0.156279;0.151246;0.121233;0.098553;0.098177;;;;;;;;
2669.475064;0.095465;0.111769;0.112714;0.170876;0.205990;0.193667;0.172784;0.163061;0.156933;0.122962;0.101690;0.098029;;;;;;;;
2670.439470;0.102039;0.114751;0.118277;0.171443;0.210422;0.197049;0.181629;0.164067;0.156929;0.123401;0.107476;0.098513;;;;;;;;
2671.403875;0.106392;0.110588;0.119328;0.166331;0.209381;0.195100;0.177632;0.163526;0.148811;0.119465;0.108034;0.097322;;;;;;;;
2672.368281;0.105010;0.108040;0.115213;0.167751;0.201712;0.186667;0.167468;0.160102;0.143604;0.113504;0.105039;0.092268;;;;;;;;
2673.332687;0.098474;0.107320;0.110305;0.169515;0.195837;0.182341;0.165858;0.151106;0.141305;0.114057;0.103335;0.090165;;;;;;;;
2674.297093;0.095860;0.106215;0.106081;0.166299;0.189131;0.180525;0.170325;0.147182;0.138487;0.113747;0.099242;0.091033;;;;;;;;
2675.261498;0.099153;0.104362;0.103580;0.167589;0.185573;0.178058;0.172398;0.151299;0.142049;0.109776;0.098332;0.091470;;;;;;;;
2676.225904;0.098064;0.099483;0.104263;0.170749;0.189351;0.179862;0.175435;0.154803;0.147793;0.110454;0.104691;0.091294;;;;;;;;
2677.190310;0.094857;0.095506;0.109071;0.171522;0.196063;0.186285;0.183140;0.155770;0.148384;0.115679;0.110756;0.095236;;;;;;;;
2678.154716;0.099421;0.103473;0.115890;0.177824;0.204755;0.198142;0.183974;0.161683;0.152793;0.122964;0.111358;0.106681;;;;;;;;
2679.119121;0.105890;0.116525;0.117147;0.184644;0.208643;0.204149;0.176499;0.167800;0.157088;0.122497;0.106683;0.110430;;;;;;;;
2680.083527;0.103030;0.116486;0.112551;0.180598;0.203314;0.197353;0.171046;0.163492;0.151979;0.112186;0.103736;0.099583;;;;;;;;
2681.047933;0.095403;0.107462;0.105279;0.173304;0.198340;0.191065;0.168235;0.155200;0.143740;0.107356;0.102113;0.088999;;;;;;;;
2682.012338;0.092577;0.101699;0.100953;0.169383;0.200402;0.186552;0.168352;0.150491;0.139570;0.110091;0.097933;0.082900;;;;;;;;
2682.976744;0.092460;0.098889;0.104519;0.164388;0.203264;0.181457;0.172091;0.149314;0.141956;0.111521;0.096450;0.080892;;;;;;;;
2683.941150;0.091040;0.095151;0.106496;0.161732;0.199683;0.181973;0.170993;0.151139;0.142099;0.111545;0.095098;0.086214;;;;;;;;
2684.905556;0.092389;0.095696;0.104097;0.162124;0.199267;0.188199;0.167086;0.156026;0.141064;0.114515;0.096345;0.094100;;;;;;;;
2685.869961;0.098361;0.104652;0.103438;0.163188;0.208126;0.195862;0.172533;0.161351;0.147830;0.118063;0.105779;0.100438;;;;;;;;
2686.834367;0.105527;0.112727;0.109245;0.172493;0.212664;0.200628;0.182207;0.164483;0.154828;0.123157;0.115513;0.104882;;;;;;;;
2687.798773;0.113523;0.117307;0.123040;0.187268;0.209111;0.202521;0.186285;0.169231;0.160880;0.131820;0.120060;0.104432;;;;;;;;
2688.763179;0.117007;0.119511;0.126807;0.191837;0.206020;0.201203;0.184639;0.174456;0.164454;0.129316;0.115524;0.101917;;;;;;;;
2689.727584;0.110092;0.112995;0.113721;0.181552;0.203503;0.191436;0.177522;0.170067;0.155067;0.114211;0.102203;0.100368;;;;;;;;
2690.691990;0.098267;0.102132;0.101374;0.167412;0.197768;0.175579;0.169049;0.153644;0.138976;0.104230;0.090650;0.093665;;;;;;;;
2691.656396;0.091322;0.094800;0.097694;0.160643;0.194040;0.165751;0.163389;0.140750;0.132726;0.101296;0.087360;0.085536;;;;;;;;
2692.620802;0.091038;0.091378;0.099139;0.162314;0.198667;0.169214;0.161950;0.142498;0.137883;0.098858;0.090694;0.085283;;;;;;;;
2693.585207;0.093367;0.097893;0.104173;0.170641;0.207634;0.181633;0.167258;0.154259;0.147310;0.104133;0.099814;0.091443;;;;;;;;
2694.549613;0.098843;0.112240;0.114185;0.178353;0.215430;0.194981;0.178252;0.164149;0.158395;0.117866;0.111202;0.100274;;;;;;;;
2695.514019;0.104754;0.120502;0.121392;0.181299;0.215998;0.206176;0.188861;0.165955;0.161743;0.126442;0.117048;0.105855;;;;;;;;
2696.478424;0.108758;0.122440;0.121363;0.182900;0.210820;0.208654;0.190091;0.168827;0.160389;0.130065;0.116872;0.104464;;;;;;;;
2697.442830;0.110456;0.118726;0.120763;0.180995;0.209468;0.199090;0.184411;0.168685;0.162612;0.127098;0.109894;0.102178;;;;;;;;
2698.407236;0.107726;0.112193;0.119246;0.178686;0.208298;0.193641;0.184374;0.162894;0.160045;0.115979;0.100737;0.102394;;;;;;;;
2699.371642;0.104101;0.108917;0.116411;0.176952;0.203937;0.193217;0.184457;0.161153;0.157699;0.111726;0.099963;0.099476;;;;;;;;
2700.336047;0.097449;0.102668;0.110104;0.171810;0.198169;0.185089;0.176171;0.155214;0.155076;0.110153;0.099139;0.093995;;;;;;;;
2701.300453;0.091559;0.100234;0.099307;0.167769;0.189692;0.182926;0.170671;0.152787;0.144416;0.105849;0.093912;0.093810;;;;;;;;
2702.264859;0.096545;0.105765;0.096494;0.170284;0.190390;0.195048;0.172809;0.162157;0.140935;0.111164;0.097356;0.096535;;;;;;;;
2703.229265;0.104430;0.108788;0.104031;0.175481;0.204886;0.203828;0.175457;0.165082;0.149380;0.119816;0.106825;0.096872;;;;;;;;
2704.193670;0.106571;0.112395;0.112195;0.176470;0.216758;0.201062;0.177707;0.163792;0.155977;0.121484;0.111556;0.097420;;;;;;;;
2705.158076;0.106470;0.114797;0.117629;0.181357;0.218744;0.196791;0.180950;0.165717;0.153887;0.121837;0.111307;0.097072;;;;;;;;
2706.122482;0.108149;0.112486;0.119925;0.185439;0.214875;0.196664;0.183866;0.161457;0.148142;0.121077;0.107521;0.095476;;;;;;;;
2707.086887;0.108753;0.113036;0.118547;0.176554;0.208047;0.194217;0.182355;0.155364;0.145248;0.117456;0.103981;0.094311;;;;;;;;
2708.051293;0.102921;0.113558;0.115437;0.170456;0.201285;0.189012;0.175421;0.154222;0.143425;0.111585;0.102039;0.087398;;;;;;;;
2709.015699;0.091782;0.107602;0.112527;0.169011;0.196060;0.185046;0.167968;0.149290;0.138650;0.104032;0.098449;0.080078;;;;;;;;
2709.980105;0.085492;0.101206;0.108448;0.165916;0.193599;0.181448;0.163327;0.144988;0.138711;0.104348;0.096377;0.083735;;;;;;;;
2710.944510;0.092470;0.102549;0.108427;0.167849;0.195635;0.182235;0.168713;0.152919;0.153910;0.114191;0.100486;0.092747;;;;;;;;
2711.908916;0.100649;0.107500;0.116269;0.174883;0.201791;0.191014;0.183554;0.164994;0.164226;0.123445;0.109658;0.101634;;;;;;;;
2712.873322;0.100141;0.111414;0.120711;0.181857;0.203446;0.199138;0.189799;0.170868;0.154847;0.126027;0.115165;0.106416;;;;;;;;
2713.837728;0.101931;0.118178;0.121459;0.184661;0.202887;0.200667;0.188586;0.172960;0.151951;0.122239;0.114005;0.105718;;;;;;;;
2714.802133;0.107287;0.122071;0.123361;0.189037;0.213064;0.201555;0.192042;0.173721;0.157512;0.120917;0.113298;0.106802;;;;;;;;
2715.766539;0.106510;0.114117;0.118428;0.189511;0.220661;0.201168;0.189118;0.163996;0.153454;0.122660;0.110419;0.106407;;;;;;;;
2716.730945;0.103901;0.102828;0.111028;0.177856;0.216034;0.200476;0.182268;0.150957;0.150563;0.118912;0.104382;0.101279;;;;;;;;
2717.695351;0.105743;0.098096;0.109375;0.171421;0.209045;0.200842;0.182568;0.153817;0.151707;0.111005;0.100705;0.091638;;;;;;;;
2718.659756;0.106076;0.099537;0.111057;0.174973;0.203868;0.196650;0.181755;0.163456;0.147763;0.111202;0.100587;0.084472;;;;;;;;
2719.624162;0.101340;0.104952;0.112577;0.174631;0.207528;0.196224;0.178795;0.164116;0.146331;0.120546;0.102025;0.089454;;;;;;;;
2720.588568;0.098451;0.111465;0.114168;0.171552;0.215453;0.203421;0.178631;0.160621;0.155598;0.122083;0.103235;0.096459;;;;;;;;
2721.552973;0.104256;0.115698;0.118946;0.179155;0.220789;0.210761;0.183993;0.164057;0.166088;0.119661;0.108634;0.100940;;;;;;;;
2722.517379;0.115012;0.118395;0.126591;0.192488;0.225738;0.213673;0.191859;0.169527;0.165508;0.124363;0.114763;0.108567;;;;;;;;
2723.481785;0.118993;0.123664;0.133568;0.198557;0.226701;0.209666;0.194631;0.171069;0.161783;0.124633;0.115714;0.113461;;;;;;;;
2724.446191;0.109867;0.123786;0.129160;0.193177;0.222236;0.201121;0.191596;0.175304;0.156973;0.115163;0.110660;0.107029;;;;;;;;
2725.410596;0.097548;0.114330;0.116281;0.175221;0.207731;0.187580;0.180452;0.171823;0.146271;0.105961;0.101154;0.092414;;;;;;;;
2726.375002;0.094071;0.110228;0.110829;0.168201;0.199967;0.179209;0.172466;0.157216;0.143248;0.104871;0.099781;0.085470;;;;;;;;
2727.339408;0.092022;0.109141;0.108313;0.178735;0.213866;0.183559;0.177746;0.150056;0.148879;0.108501;0.103838;0.089288;;;;;;;;
2728.303814;0.088495;0.104172;0.109044;0.179572;0.216297;0.189314;0.185069;0.154215;0.152005;0.116426;0.105381;0.094972;;;;;;;;
2729.268219;0.093199;0.108483;0.119512;0.179435;0.205444;0.194416;0.188939;0.165436;0.154853;0.124759;0.110697;0.098158;;;;;;;;
2730.232625;0.101012;0.120482;0.129774;0.190699;0.213016;0.198923;0.188750;0.175548;0.159499;0.127313;0.117125;0.100775;;;;;;;;
2731.197031;0.106909;0.128248;0.134537;0.194942;0.228029;0.203581;0.190242;0.178103;0.165880;0.133636;0.122576;0.106280;;;;;;;;
2732.161436;0.111001;0.130409;0.133524;0.195590;0.234058;0.206993;0.197349;0.176018;0.169254;0.136814;0.125210;0.108367;;;;;;;;
2733.125842;0.107866;0.126432;0.127775;0.198794;0.230724;0.201480;0.199748;0.170984;0.163999;0.130799;0.120131;0.105517;;;;;;;;
2734.090248;0.100939;0.115987;0.118691;0.191554;0.216556;0.194219;0.192463;0.162672;0.153044;0.123089;0.109615;0.097408;;;;;;;;
2735.054654;0.095144;0.104089;0.106838;0.179866;0.203683;0.187494;0.182651;0.153942;0.142425;0.111932;0.100202;0.088170;;;;;;;;
2736.019059;0.091389;0.099584;0.099613;0.174478;0.202052;0.181644;0.180234;0.150581;0.140878;0.108334;0.100439;0.091130;;;;;;;;
2736.983465;0.091005;0.104192;0.100292;0.176054;0.204250;0.186248;0.182058;0.155107;0.145888;0.116880;0.103529;0.097132;;;;;;;;
2737.947871;0.092879;0.111336;0.109202;0.184326;0.206875;0.196262;0.184688;0.161731;0.152161;0.127289;0.102594;0.098871;;;;;;;;
2738.912277;0.099715;0.116175;0.121779;0.191770;0.217678;0.202095;0.190850;0.165051;0.161284;0.134775;0.106448;0.105386;;;;;;;;
2739.876682;0.110024;0.117792;0.123657;0.199139;0.230896;0.205229;0.195803;0.171459;0.163318;0.136468;0.112541;0.112379;;;;;;;;
2740.841088;0.112167;0.115970;0.116890;0.205763;0.227838;0.207289;0.194181;0.176879;0.156596;0.132495;0.111134;0.109652;;;;;;;;
2741.805494;0.106788;0.112817;0.114301;0.200087;0.210677;0.204603;0.181736;0.168236;0.150300;0.122292;0.103615;0.098451;;;;;;;;
2742.769900;0.104153;0.114160;0.113934;0.188201;0.199156;0.198318;0.173880;0.158128;0.146868;0.112480;0.099138;0.092640;;;;;;;;
2743.734305;0.100711;0.113223;0.111507;0.179917;0.199213;0.192796;0.178306;0.156206;0.146781;0.109158;0.097887;0.091754;;;;;;;;
2744.698711;0.096154;0.104281;0.110726;0.177735;0.202920;0.189941;0.176341;0.157997;0.146677;0.110757;0.097017;0.089187;;;;;;;;
2745.663117;0.099318;0.103268;0.113360;0.180169;0.211713;0.194398;0.177667;0.161703;0.150373;0.119072;0.103862;0.092725;;;;;;;;
2746.627522;0.104261;0.112900;0.117621;0.180301;0.223410;0.204246;0.190043;0.162794;0.158144;0.128410;0.111510;0.099632;;;;;;;;
2747.591928;0.106247;0.120252;0.125272;0.184314;0.226657;0.211947;0.199165;0.167491;0.162723;0.132324;0.115013;0.107219;;;;;;;;
2748.556334;0.110944;0.123011;0.131406;0.196430;0.229408;0.213629;0.205150;0.172871;0.164903;0.130224;0.123207;0.111589;;;;;;;;
2749.520740;0.116894;0.124674;0.126453;0.206072;0.232719;0.213210;0.204371;0.170745;0.161262;0.129215;0.125004;0.104708;;;;;;;;
2750.485145;0.119695;0.124785;0.120034;0.206715;0.226127;0.214973;0.198292;0.171604;0.155552;0.132738;0.114123;0.100160;;;;;;;;
2751.449551;0.114014;0.117553;0.119707;0.199658;0.219323;0.210494;0.191894;0.169609;0.154059;0.126489;0.104665;0.100439;;;;;;;;
2752.413957;0.104611;0.113087;0.118943;0.191977;0.216758;0.199936;0.183447;0.164418;0.153315;0.117347;0.104334;0.099001;;;;;;;;
2753.378363;0.101572;0.116622;0.120425;0.186622;0.215276;0.192489;0.180506;0.166668;0.156496;0.115928;0.107656;0.098679;;;;;;;;
2754.342768;0.103065;0.112550;0.125507;0.184169;0.218359;0.193648;0.181312;0.167585;0.162318;0.112363;0.108065;0.096572;;;;;;;;
2755.307174;0.107665;0.110923;0.128068;0.189677;0.225786;0.205659;0.187516;0.171203;0.166860;0.114476;0.112534;0.099765;;;;;;;;
2756.271580;0.111991;0.120600;0.129774;0.198587;0.230536;0.212909;0.199409;0.178608;0.171297;0.125848;0.119238;0.107878;;;;;;;;
2757.235986;0.112896;0.126786;0.134774;0.206208;0.230089;0.211882;0.201915;0.180611;0.174913;0.133478;0.120695;0.108924;;;;;;;;
2758.200391;0.115101;0.130647;0.139936;0.212842;0.232097;0.215940;0.200640;0.184743;0.174597;0.137800;0.119943;0.108865;;;;;;;;
2759.164797;0.119925;0.133727;0.144125;0.214690;0.232860;0.218727;0.204957;0.185647;0.167592;0.140257;0.117938;0.111564;;;;;;;;
2760.129203;0.119883;0.128448;0.143166;0.211868;0.223425;0.217247;0.207016;0.175501;0.159712;0.133774;0.115064;0.112414;;;;;;;;
2761.093608;0.107042;0.119294;0.130704;0.203402;0.215327;0.211451;0.197446;0.166131;0.154362;0.119705;0.108804;0.109638;;;;;;;;
2762.058014;0.093862;0.112782;0.120020;0.190611;0.215778;0.199507;0.183987;0.162702;0.148875;0.112955;0.101617;0.099860;;;;;;;;
2763.022420;0.092175;0.109132;0.118607;0.183204;0.217179;0.199656;0.185203;0.161892;0.148415;0.116229;0.101092;0.091374;;;;;;;;
2763.986826;0.098721;0.113874;0.122748;0.189831;0.222555;0.214811;0.192751;0.168274;0.159336;0.121348;0.108947;0.100199;;;;;;;;
2764.951231;0.109335;0.124626;0.131262;0.202147;0.228621;0.220477;0.193274;0.178757;0.171244;0.129491;0.120151;0.111520;;;;;;;;
2765.915637;0.114328;0.129347;0.133463;0.201807;0.227837;0.217644;0.194156;0.182382;0.169321;0.133669;0.123339;0.106497;;;;;;;;
2766.880043;0.114445;0.131314;0.134901;0.196153;0.230437;0.220073;0.197757;0.183511;0.161748;0.128603;0.120271;0.103334;;;;;;;;
2767.844449;0.117966;0.131498;0.140802;0.198106;0.231097;0.218480;0.199482;0.181154;0.158571;0.127360;0.116757;0.105585;;;;;;;;
2768.808854;0.118986;0.128042;0.135833;0.199535;0.224206;0.212984;0.198172;0.172917;0.156343;0.131064;0.109920;0.103351;;;;;;;;
2769.773260;0.111555;0.124246;0.128407;0.197470;0.221998;0.206777;0.197144;0.168083;0.157432;0.126101;0.103843;0.102022;;;;;;;;
2770.737666;0.102771;0.116198;0.126866;0.195566;0.222680;0.197839;0.196552;0.164311;0.161889;0.118600;0.102884;0.097252;;;;;;;;
2771.702071;0.099410;0.111685;0.122204;0.193760;0.224930;0.203115;0.194086;0.161421;0.159319;0.123291;0.105860;0.091416;;;;;;;;
2772.666477;0.099406;0.114702;0.119289;0.195487;0.226785;0.216339;0.193054;0.164360;0.152247;0.129755;0.110397;0.093620;;;;;;;;
2773.630883;0.108187;0.119638;0.124837;0.202683;0.227908;0.219825;0.197341;0.172071;0.161885;0.130602;0.118122;0.104008;;;;;;;;
2774.595289;0.119268;0.126448;0.129402;0.204213;0.237504;0.226734;0.201588;0.178267;0.179763;0.132975;0.122334;0.114525;;;;;;;;
2775.559694;0.120933;0.128996;0.128301;0.198682;0.248808;0.231872;0.198906;0.177316;0.178814;0.131225;0.116062;0.111149;;;;;;;;
2776.524100;0.123152;0.129209;0.132082;0.200752;0.251017;0.224214;0.198499;0.174250;0.172430;0.124898;0.112548;0.100019;;;;;;;;
2777.488506;0.117996;0.127399;0.134962;0.204726;0.241339;0.214569;0.202809;0.171410;0.167874;0.119211;0.111764;0.094114;;;;;;;;
2778.452912;0.107432;0.119194;0.127872;0.200595;0.228194;0.208643;0.200143;0.172052;0.156208;0.115960;0.105695;0.095776;;;;;;;;
2779.417317;0.107373;0.114591;0.124885;0.197069;0.225052;0.210189;0.195703;0.175550;0.154392;0.119147;0.102661;0.101548;;;;;;;;
2780.381723;0.102666;0.114703;0.124267;0.195892;0.228970;0.208373;0.196736;0.171555;0.162669;0.122709;0.104083;0.099845;;;;;;;;
2781.346129;0.096847;0.120902;0.116911;0.197281;0.235222;0.202092;0.200333;0.167643;0.165216;0.123515;0.109045;0.101602;;;;;;;;
2782.310535;0.106326;0.130687;0.119206;0.206550;0.240387;0.211317;0.202482;0.172882;0.169705;0.128336;0.120361;0.114256;;;;;;;;
2783.274940;0.116243;0.127163;0.133340;0.213383;0.240420;0.219367;0.194872;0.180024;0.176444;0.134252;0.130898;0.113764;;;;;;;;
2784.239346;0.116723;0.123468;0.138470;0.211568;0.241732;0.211559;0.186422;0.182798;0.176108;0.134745;0.132234;0.104902;;;;;;;;
2785.203752;0.119079;0.130931;0.135864;0.211341;0.244629;0.212044;0.194863;0.183302;0.176618;0.132288;0.128352;0.105686;;;;;;;;
2786.168157;0.121466;0.129204;0.135238;0.208893;0.238687;0.216573;0.205360;0.184834;0.172265;0.128339;0.124147;0.105773;;;;;;;;
2787.132563;0.114210;0.123320;0.132171;0.200695;0.225414;0.210833;0.201224;0.179583;0.159867;0.122258;0.117429;0.100096;;;;;;;;
2788.096969;0.107056;0.124081;0.129255;0.195715;0.219244;0.208277;0.196245;0.166203;0.156612;0.119743;0.114734;0.096035;;;;;;;;
2789.061375;0.104778;0.119137;0.126876;0.197059;0.227172;0.207818;0.196518;0.163929;0.157258;0.121911;0.120088;0.100347;;;;;;;;
2790.025780;0.101334;0.117417;0.124749;0.202835;0.239044;0.203234;0.198055;0.174229;0.159340;0.123622;0.120740;0.111355;;;;;;;;
2790.990186;0.101486;0.127240;0.128442;0.206479;0.241589;0.208845;0.203264;0.177281;0.171250;0.126177;0.116183;0.120200;;;;;;;;
2791.954592;0.107662;0.130393;0.130815;0.208077;0.238919;0.219260;0.207933;0.178039;0.176563;0.130386;0.115766;0.119777;;;;;;;;
2792.918998;0.112498;0.126999;0.127473;0.210246;0.237659;0.218571;0.207067;0.181075;0.169220;0.132241;0.111363;0.110134;;;;;;;;
2793.883403;0.110527;0.128509;0.124862;0.206984;0.241315;0.216776;0.200695;0.173279;0.160689;0.130451;0.103104;0.104030;;;;;;;;
2794.847809;0.108135;0.131255;0.124714;0.203581;0.250192;0.216945;0.198191;0.167066;0.154940;0.127040;0.105071;0.102765;;;;;;;;
2795.812215;0.107596;0.129851;0.123835;0.204831;0.243650;0.212566;0.203660;0.169416;0.153803;0.123402;0.108662;0.096142;;;;;;;;
2796.776620;0.103262;0.121570;0.122379;0.204263;0.228319;0.208704;0.197346;0.167913;0.155394;0.119211;0.102874;0.087947;;;;;;;;
2797.741026;0.103009;0.115236;0.127533;0.204551;0.230218;0.211672;0.189667;0.168894;0.163477;0.123323;0.102382;0.090387;;;;;;;;
2798.705432;0.109046;0.120145;0.135409;0.208302;0.238805;0.220933;0.202413;0.178866;0.174446;0.137368;0.113629;0.105339;;;;;;;;
2799.669838;0.115520;0.130145;0.137446;0.210349;0.245719;0.225567;0.212172;0.188550;0.176932;0.143341;0.124202;0.115188;;;;;;;;
2800.634243;0.122192;0.137015;0.135554;0.214107;0.251776;0.222958;0.211980;0.194040;0.179063;0.140066;0.125996;0.114091;;;;;;;;
2801.598649;0.123615;0.137520;0.133711;0.219512;0.253411;0.229787;0.214142;0.194791;0.183321;0.139180;0.121122;0.112080;;;;;;;;
2802.563055;0.121338;0.136338;0.135866;0.222637;0.254512;0.244283;0.214528;0.187357;0.179531;0.139086;0.119735;0.107877;;;;;;;;
2803.527461;0.115243;0.133131;0.135198;0.226443;0.248109;0.237643;0.209421;0.177616;0.168683;0.130545;0.117878;0.101080;;;;;;;;
2804.491866;0.106455;0.126764;0.131130;0.220499;0.242023;0.216240;0.197155;0.170157;0.158869;0.115597;0.106113;0.094056;;;;;;;;
2805.456272;0.107491;0.125426;0.132384;0.208711;0.246590;0.209524;0.193815;0.162977;0.155440;0.114021;0.097815;0.090050;;;;;;;;
2806.420678;0.112052;0.126681;0.130755;0.208734;0.248007;0.214166;0.202145;0.164962;0.156289;0.125309;0.104999;0.095720;;;;;;;;
2807.385084;0.118100;0.127614;0.128749;0.212277;0.249065;0.221394;0.205658;0.183890;0.167075;0.131915;0.120280;0.109289;;;;;;;;
2808.349489;0.129613;0.131756;0.132967;0.216877;0.250875;0.229845;0.211518;0.206130;0.184535;0.133306;0.127848;0.120282;;;;;;;;
2809.313895;0.127472;0.136332;0.135773;0.223202;0.244957;0.235276;0.217281;0.208095;0.188231;0.133829;0.125033;0.122343;;;;;;;;
2810.278301;0.117068;0.138526;0.138967;0.224363;0.245127;0.240348;0.215121;0.194554;0.184520;0.137011;0.122432;0.119021;;;;;;;;
2811.242706;0.120803;0.136928;0.141304;0.225888;0.252170;0.243594;0.214803;0.188947;0.182257;0.140133;0.122385;0.114903;;;;;;;;
2812.207112;0.123472;0.131412;0.138089;0.222988;0.251256;0.236679;0.212196;0.186919;0.175178;0.134042;0.121370;0.110372;;;;;;;;
2813.171518;0.110683;0.124273;0.129179;0.212484;0.246009;0.221294;0.204797;0.176680;0.168638;0.122274;0.113452;0.103546;;;;;;;;
2814.135924;0.100192;0.119788;0.117248;0.209603;0.239364;0.213293;0.200008;0.164785;0.163485;0.117421;0.103809;0.098919;;;;;;;;
2815.100329;0.100595;0.120477;0.118168;0.213073;0.239789;0.219440;0.200262;0.162284;0.162544;0.123896;0.104451;0.101444;;;;;;;;
2816.064735;0.103801;0.125148;0.129866;0.212140;0.253767;0.231719;0.208827;0.172088;0.171104;0.131690;0.111479;0.108705;;;;;;;;
2817.029141;0.111106;0.132482;0.137551;0.217426;0.261454;0.238477;0.219342;0.182995;0.180328;0.133489;0.121270;0.119708;;;;;;;;
2817.993547;0.122774;0.136958;0.143663;0.228552;0.263504;0.237551;0.223678;0.188457;0.184020;0.133539;0.131917;0.124355;;;;;;;;
2818.957952;0.127309;0.136740;0.145146;0.229238;0.271305;0.241954;0.225393;0.191838;0.181795;0.134434;0.133882;0.113959;;;;;;;;
2819.922358;0.122829;0.139878;0.144695;0.228670;0.273615;0.240960;0.223690;0.191355;0.178451;0.136569;0.124847;0.102553;;;;;;;;
2820.886764;0.119612;0.145661;0.146007;0.232944;0.273159;0.227869;0.219265;0.190660;0.178057;0.140294;0.117651;0.101910;;;;;;;;
2821.851169;0.114322;0.141954;0.137922;0.231067;0.265972;0.220110;0.214101;0.188272;0.170791;0.136720;0.119110;0.102722;;;;;;;;
2822.815575;0.105209;0.131204;0.133091;0.224792;0.248822;0.214059;0.211046;0.179606;0.161868;0.128639;0.119094;0.098798;;;;;;;;
2823.779981;0.104218;0.126641;0.132377;0.225285;0.244041;0.212534;0.212354;0.175087;0.162879;0.130798;0.118670;0.100637;;;;;;;;
2824.744387;0.109762;0.127863;0.125649;0.232590;0.252586;0.220946;0.208597;0.176797;0.166228;0.136985;0.125490;0.105072;;;;;;;;
2825.708792;0.113040;0.130758;0.132165;0.230414;0.259757;0.227632;0.208437;0.178838;0.172635;0.140960;0.131580;0.106729;;;;;;;;
2826.673198;0.114494;0.137991;0.142725;0.225507;0.264141;0.233452;0.220352;0.184396;0.182185;0.145760;0.133348;0.114444;;;;;;;;
2827.637604;0.120627;0.147502;0.143367;0.233639;0.270664;0.242757;0.226465;0.194545;0.186211;0.147715;0.135662;0.118893;;;;;;;;
2828.602010;0.127337;0.149014;0.148930;0.243654;0.274927;0.247817;0.227912;0.201368;0.187424;0.145957;0.132946;0.113808;;;;;;;;
2829.566415;0.124346;0.138934;0.149472;0.246430;0.266071;0.242530;0.232390;0.195884;0.181538;0.136968;0.122074;0.110075;;;;;;;;
2830.530821;0.118513;0.130257;0.140817;0.238005;0.253736;0.232576;0.225102;0.182784;0.169635;0.123624;0.113409;0.106117;;;;;;;;
2831.495227;0.113764;0.131427;0.134124;0.228597;0.251693;0.226401;0.209611;0.177220;0.166515;0.119459;0.110955;0.103856;;;;;;;;
2832.459633;0.112623;0.132833;0.127989;0.230924;0.258056;0.225402;0.207664;0.181182;0.168609;0.127477;0.111307;0.106631;;;;;;;;
2833.424038;0.117758;0.130627;0.129162;0.229682;0.269764;0.227607;0.217710;0.188375;0.168286;0.135939;0.118980;0.107416;;;;;;;;
2834.388444;0.119820;0.136463;0.139921;0.227296;0.280808;0.233757;0.230724;0.197704;0.173667;0.137580;0.135425;0.112062;;;;;;;;
2835.352850;0.122016;0.147483;0.144511;0.237164;0.288721;0.243572;0.244373;0.202909;0.187046;0.140571;0.144838;0.122600;;;;;;;;
2836.317255;0.125687;0.146174;0.141416;0.242708;0.291981;0.249020;0.245766;0.200394;0.194541;0.142957;0.136291;0.123384;;;;;;;;
2837.281661;0.124781;0.135699;0.144194;0.237480;0.280845;0.247911;0.231705;0.193233;0.187456;0.139803;0.123271;0.114824;;;;;;;;
2838.246067;0.123536;0.130983;0.146644;0.236340;0.267083;0.243861;0.215192;0.186907;0.175888;0.136376;0.120618;0.112355;;;;;;;;
2839.210473;0.119294;0.131860;0.142399;0.237721;0.262120;0.235639;0.206159;0.188694;0.169925;0.129592;0.123481;0.110652;;;;;;;;
2840.174878;0.111852;0.131719;0.140184;0.233016;0.256086;0.227434;0.205758;0.187674;0.167854;0.122274;0.120581;0.100789;;;;;;;;
2841.139284;0.108008;0.133547;0.139695;0.231491;0.252963;0.227945;0.206679;0.182164;0.168930;0.124027;0.118474;0.100997;;;;;;;;
2842.103690;0.107307;0.141436;0.144195;0.240570;0.258052;0.236442;0.210407;0.190653;0.178702;0.133767;0.127247;0.116068;;;;;;;;
2843.068096;0.113332;0.148575;0.151222;0.247345;0.266262;0.244985;0.220676;0.208478;0.194184;0.143901;0.138364;0.128181;;;;;;;;
2844.032501;0.125412;0.152281;0.151119;0.247589;0.273296;0.255810;0.229731;0.216340;0.201944;0.148667;0.143540;0.134006;;;;;;;;
2844.996907;0.131160;0.158951;0.153571;0.253076;0.277087;0.270818;0.237286;0.210230;0.205711;0.152856;0.145566;0.134517;;;;;;;;
2845.961313;0.132492;0.161552;0.159941;0.255181;0.282870;0.274788;0.245002;0.206370;0.210086;0.154853;0.145796;0.130083;;;;;;;;
2846.925719;0.132181;0.153599;0.161681;0.243931;0.286803;0.266438;0.245927;0.210206;0.202490;0.146261;0.140980;0.123356;;;;;;;;
2847.890124;0.122813;0.147838;0.160429;0.237426;0.281308;0.260770;0.237008;0.208033;0.191683;0.140664;0.132673;0.115792;;;;;;;;
2848.854530;0.111730;0.143142;0.152017;0.237634;0.273754;0.252786;0.219378;0.200251;0.185221;0.140850;0.126660;0.110509;;;;;;;;
2849.818936;0.109170;0.138872;0.145113;0.232136;0.273855;0.242027;0.211371;0.197789;0.178271;0.136793;0.121961;0.112421;;;;;;;;
2850.783341;0.116133;0.146706;0.151759;0.231494;0.280408;0.242911;0.226039;0.203626;0.178649;0.139340;0.117431;0.122256;;;;;;;;
2851.747747;0.121685;0.149043;0.152179;0.240120;0.283651;0.248438;0.237173;0.205627;0.180120;0.144371;0.117949;0.123663;;;;;;;;
2852.712153;0.118930;0.140865;0.143334;0.247433;0.285396;0.248999;0.235656;0.202691;0.182154;0.141643;0.126798;0.117927;;;;;;;;
2853.676559;0.121870;0.144873;0.147862;0.252840;0.293336;0.251462;0.240256;0.203267;0.193802;0.143665;0.132723;0.123378;;;;;;;;
2854.640964;0.133147;0.151837;0.154998;0.257319;0.296709;0.258522;0.243424;0.196908;0.200224;0.152114;0.127778;0.128883;;;;;;;;
2855.605370;0.136564;0.146786;0.152484;0.256215;0.283773;0.261569;0.236460;0.188558;0.193217;0.151572;0.123299;0.118396;;;;;;;;
2856.569776;0.130294;0.137587;0.146478;0.249359;0.271559;0.255117;0.230646;0.186402;0.178351;0.140407;0.121168;0.101697;;;;;;;;
2857.534182;0.127945;0.134587;0.136765;0.244064;0.272866;0.249608;0.230281;0.183151;0.167069;0.136919;0.118880;0.097487;;;;;;;;
2858.498587;0.122900;0.136829;0.134360;0.246696;0.273097;0.248748;0.226242;0.183253;0.171402;0.139589;0.120497;0.107459;;;;;;;;
2859.462993;0.107887;0.134552;0.136838;0.246097;0.269767;0.246882;0.220384;0.189889;0.181015;0.139538;0.122775;0.116314;;;;;;;;
2860.427399;0.103403;0.133359;0.134973;0.241208;0.276753;0.247481;0.227052;0.200240;0.186499;0.146304;0.127793;0.116933;;;;;;;;
2861.391804;0.115279;0.146767;0.146323;0.250369;0.295922;0.259387;0.246604;0.215128;0.197670;0.152247;0.138810;0.121971;;;;;;;;
2862.356210;0.127343;0.162460;0.159897;0.255670;0.308224;0.275681;0.253761;0.225711;0.207391;0.151692;0.139869;0.128691;;;;;;;;
2863.320616;0.128685;0.159743;0.154831;0.248675;0.303800;0.274302;0.242351;0.221954;0.201021;0.154007;0.129127;0.117849;;;;;;;;
2864.285022;0.124799;0.150603;0.150944;0.258287;0.297124;0.266785;0.240450;0.212561;0.194115;0.153412;0.126323;0.106223;;;;;;;;
2865.249427;0.130702;0.149220;0.151518;0.266252;0.293721;0.264504;0.240624;0.203799;0.198465;0.144853;0.127537;0.106238;;;;;;;;
2866.213833;0.135504;0.141902;0.143144;0.255856;0.292789;0.248227;0.226716;0.194079;0.196324;0.134576;0.122393;0.101379;;;;;;;;
2867.178239;0.121597;0.130327;0.135308;0.248484;0.290565;0.237040;0.219976;0.191172;0.182539;0.129274;0.118846;0.096425;;;;;;;;
2868.142645;0.107023;0.133097;0.136539;0.245668;0.289475;0.248322;0.228768;0.194874;0.177781;0.135467;0.124183;0.105231;;;;;;;;
2869.107050;0.111885;0.146319;0.147516;0.254703;0.300331;0.260132;0.240179;0.205909;0.190304;0.151499;0.136170;0.126219;;;;;;;;
2870.071456;0.126881;0.153560;0.163208;0.267627;0.306086;0.268956;0.243717;0.222704;0.205491;0.157506;0.142048;0.137730;;;;;;;;
2871.035862;0.134417;0.155211;0.167552;0.263566;0.304661;0.280421;0.248425;0.224218;0.211624;0.152547;0.140551;0.134053;;;;;;;;
2872.000268;0.135537;0.157164;0.166322;0.263408;0.311573;0.277626;0.255847;0.206590;0.206579;0.154115;0.138005;0.132593;;;;;;;;
2872.964673;0.137487;0.158402;0.173782;0.268601;0.311097;0.261022;0.253682;0.194377;0.195872;0.152340;0.135794;0.127883;;;;;;;;
2873.929079;0.134332;0.157584;0.171199;0.260793;0.301785;0.252480;0.250378;0.197407;0.190347;0.146035;0.135163;0.118714;;;;;;;;
2874.893485;0.121232;0.146864;0.154090;0.250758;0.293753;0.246697;0.243413;0.197062;0.184524;0.140017;0.125911;0.111560;;;;;;;;
2875.857890;0.107771;0.134587;0.142953;0.249013;0.286628;0.245590;0.232530;0.191035;0.177337;0.133317;0.114318;0.107150;;;;;;;;
2876.822296;0.106727;0.136430;0.143805;0.257890;0.293531;0.263844;0.234002;0.198933;0.182115;0.140692;0.117373;0.111864;;;;;;;;
2877.786702;0.112383;0.140622;0.150434;0.260334;0.307145;0.281958;0.245182;0.216397;0.188877;0.149109;0.127388;0.116210;;;;;;;;
2878.751108;0.114173;0.145089;0.154958;0.253294;0.311536;0.293876;0.253733;0.227911;0.194927;0.151127;0.135213;0.118144;;;;;;;;
2879.715513;0.123224;0.156335;0.163775;0.262040;0.323835;0.301405;0.259181;0.230171;0.209643;0.161055;0.142713;0.129139;;;;;;;;
2880.679919;0.139959;0.163158;0.177996;0.275901;0.343478;0.293021;0.267939;0.228097;0.213418;0.162346;0.146763;0.138283;;;;;;;;
2881.644325;0.142892;0.163400;0.177670;0.278486;0.342002;0.280362;0.270035;0.222109;0.205137;0.152391;0.138402;0.136018;;;;;;;;
2882.608731;0.134958;0.160945;0.167147;0.278055;0.323064;0.268719;0.261960;0.213066;0.202991;0.146655;0.128349;0.131444;;;;;;;;
2883.573136;0.129504;0.155322;0.161011;0.274091;0.311303;0.262143;0.254501;0.205470;0.201688;0.141507;0.130638;0.125034;;;;;;;;
2884.537542;0.122474;0.146568;0.151545;0.266373;0.305666;0.261537;0.249840;0.196456;0.194591;0.133435;0.134857;0.115458;;;;;;;;
2885.501948;0.115151;0.137914;0.143756;0.259547;0.298734;0.258778;0.246578;0.194385;0.187254;0.132420;0.134799;0.117159;;;;;;;;
2886.466353;0.115517;0.136806;0.147287;0.257722;0.301598;0.264514;0.243560;0.204353;0.188652;0.145754;0.136287;0.129652;;;;;;;;
2887.430759;0.123364;0.142614;0.152512;0.262307;0.308671;0.269039;0.250405;0.212795;0.194278;0.155751;0.142161;0.133705;;;;;;;;
2888.395165;0.129759;0.150419;0.158590;0.277673;0.308338;0.265943;0.262168;0.221553;0.202512;0.155775;0.146453;0.132649;;;;;;;;
2889.359571;0.134152;0.158852;0.169932;0.293544;0.319269;0.278931;0.264769;0.229245;0.216648;0.162769;0.147167;0.136840;;;;;;;;
2890.323976;0.138866;0.161522;0.174692;0.287943;0.333935;0.291967;0.261929;0.219726;0.217674;0.168125;0.148557;0.137586;;;;;;;;
2891.288382;0.132176;0.152899;0.164018;0.276764;0.324812;0.283482;0.255144;0.202356;0.205832;0.159369;0.141085;0.131689;;;;;;;;
2892.252788;0.119507;0.142299;0.148978;0.267415;0.306871;0.268221;0.249602;0.196497;0.192415;0.149619;0.124000;0.124859;;;;;;;;
2893.217194;0.118028;0.141235;0.146335;0.256006;0.297874;0.259801;0.245253;0.199828;0.181647;0.149207;0.114440;0.118136;;;;;;;;
2894.181599;0.118917;0.144788;0.149378;0.260999;0.298918;0.267778;0.243465;0.200039;0.185287;0.147793;0.121311;0.116119;;;;;;;;
2895.146005;0.114020;0.143100;0.147954;0.274080;0.308363;0.280804;0.246900;0.201578;0.190853;0.141620;0.130283;0.120179;;;;;;;;
2896.110411;0.117568;0.144099;0.151204;0.279751;0.320514;0.282019;0.249420;0.210740;0.193353;0.147142;0.132315;0.124292;;;;;;;;
2897.074817;0.132678;0.162057;0.162024;0.292066;0.340804;0.285787;0.259112;0.219644;0.207398;0.158009;0.142953;0.127979;;;;;;;;
2898.039222;0.137991;0.180306;0.173575;0.307430;0.355012;0.292007;0.267942;0.225307;0.222376;0.157070;0.148542;0.127347;;;;;;;;
2899.003628;0.128689;0.178962;0.179111;0.302868;0.342841;0.291228;0.265218;0.227834;0.226166;0.157767;0.139412;0.120427;;;;;;;;
2899.968034;0.125267;0.169487;0.177693;0.292460;0.332574;0.294715;0.262548;0.225215;0.211883;0.161457;0.138104;0.117240;;;;;;;;
2900.932439;0.127024;0.154584;0.169866;0.294792;0.333761;0.294633;0.259521;0.221315;0.191524;0.154848;0.136497;0.119269;;;;;;;;
2901.896845;0.118186;0.139017;0.155795;0.287306;0.329375;0.284455;0.258032;0.214992;0.191108;0.149057;0.130934;0.121124;;;;;;;;
2902.861251;0.110771;0.139850;0.149226;0.279243;0.330475;0.284750;0.264439;0.212765;0.202672;0.151378;0.135174;0.122727;;;;;;;;
2903.825657;0.122145;0.151329;0.154516;0.293631;0.345620;0.293529;0.271704;0.225362;0.213093;0.155388;0.142859;0.127539;;;;;;;;
2904.790062;0.135947;0.161671;0.162773;0.299624;0.363602;0.291827;0.273009;0.236847;0.220536;0.162974;0.145553;0.136210;;;;;;;;
2905.754468;0.133488;0.169508;0.170316;0.295843;0.374797;0.289733;0.275052;0.231729;0.217699;0.169286;0.144740;0.139054;;;;;;;;
2906.718874;0.130262;0.170903;0.175323;0.302696;0.376398;0.297844;0.279925;0.226426;0.211368;0.165396;0.146088;0.132070;;;;;;;;
2907.683280;0.132390;0.164958;0.173554;0.295472;0.362038;0.301681;0.273044;0.229949;0.203138;0.155600;0.139534;0.125054;;;;;;;;
2908.647685;0.130156;0.161414;0.162908;0.281228;0.342844;0.301482;0.261812;0.232586;0.197231;0.146818;0.128453;0.122263;;;;;;;;
2909.612091;0.131551;0.157377;0.154132;0.280896;0.340915;0.300138;0.263678;0.230352;0.200477;0.145429;0.134394;0.121961;;;;;;;;
2910.576497;0.132425;0.146796;0.148905;0.287188;0.343459;0.292501;0.266389;0.224298;0.199918;0.147499;0.141040;0.123308;;;;;;;;
2911.540902;0.123696;0.148493;0.145950;0.301624;0.343232;0.296218;0.267535;0.223672;0.199729;0.146625;0.138393;0.123529;;;;;;;;
2912.505308;0.123326;0.158516;0.157618;0.308259;0.351195;0.308363;0.279486;0.228163;0.206668;0.150515;0.142910;0.128918;;;;;;;;
2913.469714;0.134237;0.160611;0.175674;0.304846;0.362462;0.314717;0.295133;0.229779;0.213601;0.165005;0.152096;0.148955;;;;;;;;
2914.434120;0.142925;0.169413;0.187505;0.313965;0.376038;0.324495;0.309071;0.242058;0.226584;0.185540;0.161481;0.166545;;;;;;;;
2915.398525;0.147349;0.176700;0.190998;0.317705;0.379269;0.324970;0.311854;0.249103;0.237183;0.187764;0.161614;0.158551;;;;;;;;
2916.362931;0.142256;0.173559;0.183857;0.304560;0.365321;0.318290;0.300294;0.230333;0.227791;0.167500;0.146607;0.138640;;;;;;;;
2917.327337;0.129924;0.174565;0.178157;0.296852;0.353653;0.313830;0.285744;0.216065;0.210239;0.157072;0.134269;0.133362;;;;;;;;
2918.291743;0.122561;0.167212;0.171882;0.292569;0.347024;0.295358;0.263584;0.215685;0.200654;0.152231;0.131920;0.134062;;;;;;;;
2919.256148;0.121532;0.155435;0.165469;0.288628;0.350385;0.292266;0.256112;0.220753;0.202400;0.149684;0.138049;0.124260;;;;;;;;
2920.220554;0.131573;0.162035;0.177203;0.302797;0.371284;0.312002;0.277219;0.233232;0.218587;0.165160;0.153084;0.124691;;;;;;;;
2921.184960;0.142910;0.171028;0.191701;0.317893;0.388465;0.312508;0.289457;0.240846;0.231687;0.175100;0.160488;0.134156;;;;;;;;
2922.149366;0.133284;0.171390;0.188779;0.319186;0.387362;0.304877;0.284557;0.237156;0.223482;0.173691;0.154364;0.136143;;;;;;;;
2923.113771;0.124404;0.177428;0.180409;0.323071;0.387652;0.308935;0.282193;0.233366;0.215527;0.175718;0.154090;0.144764;;;;;;;;
2924.078177;0.138375;0.184136;0.183281;0.328317;0.399491;0.318742;0.289820;0.233957;0.227009;0.177750;0.159907;0.153800;;;;;;;;
2925.042583;0.138975;0.177231;0.183566;0.331076;0.394120;0.319572;0.289466;0.226430;0.231952;0.173206;0.152389;0.145178;;;;;;;;
2926.006988;0.118689;0.168048;0.166305;0.317229;0.375650;0.303274;0.271545;0.215430;0.215439;0.153567;0.137372;0.125739;;;;;;;;
2926.971394;0.113159;0.168391;0.153832;0.294887;0.369823;0.291337;0.267124;0.213812;0.202731;0.137758;0.131088;0.109582;;;;;;;;
2927.935800;0.116450;0.164557;0.154119;0.297814;0.366538;0.292693;0.279168;0.216760;0.196666;0.142876;0.133997;0.105722;;;;;;;;
2928.900206;0.118764;0.156764;0.158604;0.304574;0.365155;0.309404;0.284282;0.222958;0.195465;0.152380;0.141240;0.108944;;;;;;;;
2929.864611;0.130453;0.162389;0.169629;0.305262;0.370954;0.331200;0.289330;0.232098;0.213192;0.162758;0.149243;0.120673;;;;;;;;
2930.829017;0.142254;0.174397;0.183407;0.316609;0.376142;0.327885;0.304786;0.239672;0.229490;0.173412;0.153560;0.137545;;;;;;;;
2931.793423;0.149351;0.182636;0.195147;0.326239;0.381368;0.322543;0.313391;0.247229;0.230349;0.175292;0.153790;0.143821;;;;;;;;
2932.757829;0.152418;0.185816;0.193027;0.328352;0.382928;0.335355;0.306489;0.250457;0.224610;0.169621;0.154720;0.144255;;;;;;;;
2933.722234;0.146883;0.179638;0.179686;0.324810;0.376851;0.339141;0.307395;0.237280;0.213241;0.160732;0.153384;0.145033;;;;;;;;
2934.686640;0.142383;0.170797;0.172336;0.320009;0.378925;0.331902;0.311321;0.225149;0.211119;0.156251;0.144510;0.137421;;;;;;;;
2935.651046;0.140827;0.164549;0.172183;0.325109;0.388983;0.330544;0.298582;0.232898;0.212342;0.156872;0.137258;0.124980;;;;;;;;
2936.615452;0.131009;0.162711;0.175082;0.332079;0.373088;0.332214;0.284975;0.234520;0.202151;0.155829;0.134544;0.124255;;;;;;;;
2937.579857;0.119794;0.164642;0.171094;0.326066;0.349330;0.331634;0.280916;0.228193;0.203191;0.152687;0.130546;0.129319;;;;;;;;
2938.544263;0.123457;0.162757;0.167164;0.314076;0.365935;0.335947;0.288695;0.235363;0.221360;0.153336;0.131622;0.126849;;;;;;;;
2939.508669;0.134401;0.160480;0.178680;0.311549;0.399767;0.348386;0.307161;0.244869;0.231937;0.162482;0.140351;0.129818;;;;;;;;
2940.473074;0.137496;0.161824;0.191023;0.323088;0.408242;0.357785;0.318025;0.251134;0.235000;0.172982;0.150454;0.134788;;;;;;;;
2941.437480;0.142869;0.171779;0.191956;0.338267;0.414311;0.362121;0.321582;0.260873;0.241740;0.181668;0.159300;0.135607;;;;;;;;
2942.401886;0.145719;0.185328;0.183426;0.342304;0.427954;0.357868;0.314638;0.264203;0.234275;0.180807;0.157483;0.136731;;;;;;;;
2943.366292;0.132268;0.181092;0.173224;0.341872;0.420591;0.341972;0.293399;0.247970;0.215463;0.166514;0.145716;0.127293;;;;;;;;
2944.330697;0.122310;0.167458;0.171369;0.337158;0.400964;0.333259;0.287478;0.230960;0.213691;0.163096;0.133758;0.121968;;;;;;;;
2945.295103;0.128185;0.158805;0.170609;0.325903;0.394515;0.330466;0.293000;0.236835;0.219966;0.165926;0.126907;0.125701;;;;;;;;
2946.259509;0.135270;0.150826;0.163534;0.320426;0.400305;0.322191;0.295511;0.245158;0.221636;0.157526;0.137741;0.121100;;;;;;;;
2947.223915;0.130777;0.149326;0.160888;0.320695;0.413760;0.324214;0.303802;0.239590;0.229677;0.154261;0.155215;0.122388;;;;;;;;
2948.188320;0.125345;0.159691;0.173821;0.332534;0.420104;0.337428;0.308571;0.238133;0.235779;0.158814;0.158307;0.133461;;;;;;;;
2949.152726;0.131663;0.173729;0.191124;0.348062;0.422206;0.345500;0.311974;0.251309;0.234240;0.162317;0.163337;0.145285;;;;;;;;
2950.117132;0.139057;0.182380;0.193916;0.349229;0.442194;0.352613;0.319306;0.263550;0.236589;0.168744;0.174859;0.154909;;;;;;;;
2951.081537;0.141219;0.187835;0.193677;0.343706;0.459377;0.366493;0.327794;0.259145;0.237114;0.181059;0.173361;0.150240;;;;;;;;
2952.045943;0.138976;0.189646;0.201172;0.337163;0.456213;0.372283;0.324472;0.253782;0.228274;0.185447;0.159396;0.139006;;;;;;;;
2953.010349;0.134109;0.184774;0.194053;0.337901;0.447705;0.360011;0.303551;0.253157;0.219700;0.170272;0.145738;0.133824;;;;;;;;
2953.974755;0.130759;0.179270;0.169937;0.343027;0.427766;0.351995;0.300119;0.245319;0.217433;0.154005;0.139904;0.127286;;;;;;;;
2954.939160;0.129809;0.175535;0.163346;0.345232;0.407744;0.364309;0.313361;0.238206;0.219458;0.154704;0.144951;0.121535;;;;;;;;
2955.903566;0.136060;0.174104;0.179293;0.352220;0.416502;0.372142;0.322123;0.237025;0.226440;0.167075;0.151837;0.128476;;;;;;;;
2956.867972;0.143159;0.178277;0.192836;0.357903;0.443548;0.361387;0.329836;0.245921;0.241049;0.178940;0.152055;0.146468;;;;;;;;
2957.832378;0.143017;0.183949;0.195420;0.362451;0.457400;0.360374;0.323612;0.258315;0.251765;0.189425;0.156460;0.158150;;;;;;;;
2958.796783;0.140746;0.182958;0.191542;0.368394;0.444892;0.364229;0.316541;0.249126;0.241255;0.192879;0.167520;0.150771;;;;;;;;
2959.761189;0.146048;0.179932;0.191818;0.373604;0.430126;0.359333;0.329271;0.244478;0.230195;0.185175;0.174275;0.137620;;;;;;;;
2960.725595;0.155906;0.180012;0.196260;0.374767;0.433996;0.368237;0.340137;0.260884;0.234766;0.178649;0.173022;0.132834;;;;;;;;
2961.690001;0.149246;0.173205;0.185795;0.360355;0.436951;0.372400;0.334374;0.255987;0.230258;0.165047;0.161980;0.135998;;;;;;;;
2962.654406;0.134170;0.160463;0.169572;0.350772;0.432993;0.361780;0.325320;0.243956;0.220445;0.149414;0.145725;0.136701;;;;;;;;
2963.618812;0.130351;0.157128;0.171140;0.361581;0.431948;0.364632;0.324719;0.257905;0.227431;0.155514;0.139986;0.131740;;;;;;;;
2964.583218;0.130662;0.163586;0.181823;0.360485;0.428413;0.372628;0.330705;0.265301;0.239450;0.169433;0.150794;0.136924;;;;;;;;
2965.547623;0.130499;0.172007;0.189259;0.342084;0.431878;0.376278;0.332454;0.261851;0.246815;0.177596;0.160526;0.145883;;;;;;;;
2966.512029;0.134020;0.183665;0.192707;0.345459;0.447131;0.382139;0.328051;0.272145;0.255229;0.187835;0.159521;0.146957;;;;;;;;
2967.476435;0.139685;0.188718;0.187337;0.369645;0.464177;0.395902;0.327391;0.275456;0.259545;0.199230;0.159540;0.146430;;;;;;;;
2968.440841;0.143505;0.182929;0.189808;0.378647;0.483068;0.406204;0.332995;0.273117;0.249708;0.200558;0.161842;0.145824;;;;;;;;
2969.405246;0.143035;0.187450;0.206204;0.376194;0.488623;0.394421;0.338791;0.278159;0.237022;0.186461;0.160622;0.149479;;;;;;;;
2970.369652;0.135594;0.192611;0.199329;0.373567;0.466147;0.383279;0.334178;0.268380;0.234987;0.172646;0.154931;0.145557;;;;;;;;
2971.334058;0.128659;0.179271;0.176839;0.364790;0.448900;0.384711;0.324990;0.255457;0.233921;0.168790;0.150774;0.135642;;;;;;;;
2972.298464;0.125774;0.169111;0.173549;0.355765;0.456384;0.386123;0.329302;0.247181;0.231413;0.169789;0.147589;0.135852;;;;;;;;
2973.262869;0.120929;0.171566;0.174455;0.352407;0.460168;0.384967;0.336854;0.233730;0.235524;0.174857;0.143714;0.135749;;;;;;;;
2974.227275;0.125457;0.175644;0.176943;0.355314;0.455168;0.386526;0.341226;0.243859;0.238621;0.181763;0.158078;0.142254;;;;;;;;
2975.191681;0.141725;0.182070;0.195559;0.358920;0.459262;0.401051;0.351002;0.273617;0.236787;0.186470;0.179911;0.155753;;;;;;;;
2976.156086;0.151126;0.187046;0.210358;0.360070;0.474739;0.413316;0.357081;0.285949;0.234807;0.188244;0.176536;0.159100;;;;;;;;
2977.120492;0.144717;0.183933;0.206210;0.366440;0.493620;0.408067;0.359640;0.287642;0.230919;0.182310;0.163230;0.153804;;;;;;;;
2978.084898;0.139898;0.186791;0.201937;0.386169;0.503138;0.408721;0.365588;0.286243;0.234624;0.176255;0.161459;0.147614;;;;;;;;
2979.049304;0.144484;0.196475;0.203555;0.402170;0.501558;0.416495;0.364181;0.270095;0.248519;0.177715;0.163861;0.148254;;;;;;;;
2980.013709;0.137109;0.193956;0.195068;0.393428;0.494701;0.407022;0.352692;0.251726;0.246104;0.174057;0.162736;0.142810;;;;;;;;
2980.978115;0.130410;0.180987;0.182435;0.387049;0.497326;0.389452;0.339658;0.246561;0.224894;0.164429;0.159224;0.129664;;;;;;;;
2981.942521;0.137584;0.168121;0.180663;0.394468;0.506250;0.383644;0.335062;0.248708;0.218811;0.159947;0.157682;0.125880;;;;;;;;
2982.906927;0.141247;0.168681;0.189807;0.391020;0.498089;0.386284;0.344441;0.259976;0.244944;0.167569;0.162006;0.132619;;;;;;;;
2983.871332;0.148466;0.184035;0.200505;0.390042;0.492601;0.397309;0.352842;0.281376;0.276938;0.181671;0.170732;0.144871;;;;;;;;
2984.835738;0.159194;0.194625;0.201869;0.399107;0.507471;0.420844;0.355469;0.286858;0.282836;0.186315;0.176244;0.147208;;;;;;;;
2985.800144;0.163791;0.200800;0.201635;0.395706;0.523461;0.442705;0.365721;0.280796;0.276179;0.186076;0.175285;0.145356;;;;;;;;
2986.764550;0.164651;0.201950;0.204527;0.394371;0.521448;0.451218;0.373849;0.284142;0.267413;0.183750;0.172059;0.153951;;;;;;;;
2987.728955;0.147669;0.185612;0.197411;0.404901;0.498840;0.442197;0.367324;0.276043;0.248747;0.173107;0.160883;0.152084;;;;;;;;
2988.693361;0.126538;0.167773;0.188845;0.402483;0.470924;0.418618;0.355144;0.258793;0.232308;0.163598;0.147484;0.135993;;;;;;;;
2989.657767;0.131132;0.166523;0.194890;0.387950;0.475552;0.410060;0.356686;0.264436;0.231185;0.165288;0.148722;0.127459;;;;;;;;
2990.622172;0.136299;0.171589;0.197600;0.378695;0.522575;0.421008;0.371304;0.282357;0.243433;0.179329;0.149813;0.133128;;;;;;;;
2991.586578;0.129091;0.176228;0.188552;0.386358;0.548144;0.426179;0.374121;0.292731;0.262932;0.194361;0.151116;0.146844;;;;;;;;
2992.550984;0.136684;0.183939;0.188783;0.410945;0.540574;0.420560;0.369304;0.295078;0.270491;0.199679;0.166636;0.157431;;;;;;;;
2993.515390;0.151184;0.195434;0.202774;0.433232;0.558634;0.422679;0.381602;0.297170;0.267482;0.201009;0.177118;0.165943;;;;;;;;
2994.479795;0.155358;0.208623;0.216061;0.442844;0.577090;0.443671;0.400705;0.308613;0.278434;0.200310;0.175491;0.172655;;;;;;;;
2995.444201;0.154636;0.209348;0.215644;0.438116;0.569623;0.456908;0.400428;0.308158;0.284079;0.195745;0.172271;0.165603;;;;;;;;
2996.408607;0.148014;0.200168;0.202609;0.426136;0.553386;0.436703;0.387222;0.283928;0.273206;0.188819;0.169712;0.149681;;;;;;;;
2997.373013;0.141286;0.195678;0.190791;0.410775;0.538964;0.409639;0.378378;0.266207;0.268475;0.184546;0.166158;0.134697;;;;;;;;
2998.337418;0.140361;0.189279;0.188965;0.406410;0.546143;0.414332;0.377992;0.274866;0.264027;0.186406;0.162618;0.132454;;;;;;;;
2999.301824;0.138543;0.185745;0.190857;0.417112;0.564676;0.438451;0.381758;0.295009;0.261543;0.190389;0.166382;0.145139;;;;;;;;
3000.266230;0.139197;0.193988;0.189939;0.412576;0.572040;0.445879;0.385951;0.300089;0.266973;0.195083;0.172455;0.152871;;;;;;;;
3001.230635;0.150481;0.207614;0.198141;0.419240;0.568984;0.445544;0.401156;0.300669;0.270209;0.196159;0.181955;0.160036;;;;;;;;
3002.195041;0.160883;0.216290;0.208450;0.438491;0.574982;0.451158;0.422922;0.308259;0.271355;0.192480;0.191034;0.170735;;;;;;;;
3003.159447;0.155705;0.211965;0.207871;0.428295;0.587519;0.466019;0.426402;0.303840;0.266604;0.190832;0.181518;0.167876;;;;;;;;
3004.123853;0.148213;0.201608;0.211658;0.436923;0.585839;0.483800;0.408591;0.304349;0.257279;0.185310;0.169422;0.159664;;;;;;;;
3005.088258;0.147509;0.192020;0.209175;0.455036;0.583253;0.466560;0.388524;0.306629;0.252782;0.174483;0.163431;0.150424;;;;;;;;
3006.052664;0.143593;0.186598;0.200537;0.440623;0.584584;0.447592;0.382820;0.282355;0.252800;0.175083;0.150228;0.140643;;;;;;;;
3007.017070;0.142753;0.183569;0.203497;0.435866;0.578862;0.459764;0.379815;0.265927;0.252000;0.182953;0.144052;0.138294;;;;;;;;
3007.981476;0.148887;0.177042;0.208097;0.429421;0.563875;0.461934;0.381430;0.275970;0.258365;0.179053;0.154213;0.140994;;;;;;;;
3008.945881;0.152911;0.179179;0.218780;0.411315;0.556627;0.455104;0.410958;0.293961;0.278556;0.178420;0.168141;0.150810;;;;;;;;
3009.910287;0.152883;0.186987;0.225241;0.411853;0.569145;0.455894;0.436191;0.302747;0.288995;0.191469;0.175072;0.159400;;;;;;;;
3010.874693;0.149113;0.194537;0.211496;0.426749;0.582940;0.459936;0.439873;0.300699;0.288023;0.199353;0.180013;0.162116;;;;;;;;
3011.839099;0.151235;0.210908;0.207872;0.438314;0.607535;0.480951;0.450407;0.311483;0.289723;0.200971;0.190988;0.168161;;;;;;;;
3012.803504;0.159942;0.222636;0.222491;0.436573;0.642184;0.503733;0.455418;0.319322;0.292412;0.205822;0.194418;0.172720;;;;;;;;
3013.767910;0.158300;0.219976;0.223829;0.432425;0.646582;0.500354;0.450852;0.302959;0.298931;0.208585;0.186601;0.171460;;;;;;;;
3014.732316;0.145516;0.204840;0.207957;0.435205;0.620184;0.481889;0.437835;0.290549;0.290653;0.204066;0.177925;0.160717;;;;;;;;
3015.696721;0.135018;0.182735;0.200392;0.428407;0.600722;0.473930;0.413590;0.285365;0.266414;0.196947;0.166883;0.150036;;;;;;;;
3016.661127;0.134414;0.171335;0.198616;0.409009;0.598311;0.474219;0.401655;0.284281;0.259692;0.189313;0.160859;0.154314;;;;;;;;
3017.625533;0.136818;0.178280;0.192402;0.410558;0.590597;0.468416;0.406995;0.301092;0.270897;0.182943;0.165044;0.157123;;;;;;;;
3018.589939;0.141380;0.194029;0.192973;0.441272;0.603074;0.484273;0.422250;0.322209;0.282039;0.191581;0.171225;0.156473;;;;;;;;
3019.554344;0.153803;0.204813;0.199870;0.461763;0.643958;0.523180;0.441719;0.334683;0.292686;0.208106;0.181058;0.164088;;;;;;;;
3020.518750;0.163582;0.209041;0.209677;0.467953;0.663983;0.525960;0.454286;0.339532;0.299406;0.212563;0.194095;0.168044;;;;;;;;
3021.483156;0.161654;0.203962;0.217107;0.469006;0.661690;0.501153;0.445968;0.330459;0.292701;0.205989;0.191668;0.164367;;;;;;;;
3022.447562;0.150656;0.195711;0.211850;0.453449;0.651919;0.486937;0.426006;0.317277;0.283001;0.196993;0.175486;0.156003;;;;;;;;
3023.411967;0.143428;0.200825;0.206518;0.457827;0.644936;0.481583;0.427472;0.317881;0.277496;0.193712;0.176588;0.151791;;;;;;;;
3024.376373;0.141365;0.203168;0.210612;0.470887;0.634267;0.491478;0.443502;0.322540;0.270973;0.192061;0.184459;0.155960;;;;;;;;
3025.340779;0.137831;0.195855;0.204897;0.445066;0.615098;0.500570;0.445882;0.313869;0.267724;0.193443;0.175206;0.151501;;;;;;;;
3026.305185;0.142306;0.197806;0.189957;0.432368;0.632671;0.492605;0.432700;0.310575;0.279647;0.204073;0.173291;0.150239;;;;;;;;
3027.269590;0.143928;0.202228;0.195541;0.452826;0.670900;0.488745;0.426753;0.326803;0.302028;0.208444;0.180480;0.158906;;;;;;;;
3028.233996;0.140082;0.200926;0.211596;0.466661;0.676279;0.499509;0.441199;0.338715;0.308327;0.206978;0.180215;0.154765;;;;;;;;
3029.198402;0.147454;0.201724;0.213142;0.471181;0.684627;0.510708;0.454344;0.341762;0.305349;0.208190;0.182710;0.151040;;;;;;;;
3030.162807;0.149028;0.201654;0.212354;0.466250;0.706216;0.503032;0.454312;0.344101;0.306215;0.201594;0.176908;0.153448;;;;;;;;
3031.127213;0.143949;0.199161;0.211553;0.466759;0.694958;0.499301;0.445564;0.329425;0.294926;0.192134;0.158927;0.149900;;;;;;;;
3032.091619;0.149320;0.197943;0.211613;0.489526;0.670374;0.521073;0.443578;0.310947;0.284398;0.193230;0.156074;0.153762;;;;;;;;
3033.056025;0.151579;0.192015;0.215067;0.509028;0.654160;0.549012;0.451601;0.316320;0.290963;0.196079;0.168081;0.159652;;;;;;;;
3034.020430;0.149217;0.186263;0.206350;0.498335;0.642358;0.562734;0.446561;0.327627;0.302621;0.196319;0.178066;0.158848;;;;;;;;
3034.984836;0.158816;0.196208;0.194834;0.479118;0.659859;0.554428;0.453228;0.335107;0.308986;0.208276;0.185666;0.163882;;;;;;;;
3035.949242;0.172110;0.213748;0.199430;0.494281;0.696377;0.560268;0.480945;0.356044;0.317982;0.222998;0.196867;0.169009;;;;;;;;
3036.913648;0.173558;0.213865;0.215989;0.519670;0.725077;0.580686;0.491351;0.368461;0.330280;0.223941;0.207111;0.166297;;;;;;;;
3037.878053;0.170006;0.206955;0.227940;0.524930;0.738400;0.580326;0.490192;0.360872;0.329903;0.221911;0.201948;0.165708;;;;;;;;
3038.842459;0.163815;0.214907;0.229471;0.520749;0.721107;0.587739;0.492947;0.356281;0.327051;0.219595;0.188532;0.166656;;;;;;;;
3039.806865;0.154204;0.217261;0.225453;0.490327;0.712839;0.585085;0.493614;0.346995;0.331175;0.213018;0.178880;0.162091;;;;;;;;
3040.771270;0.149951;0.211961;0.214883;0.464065;0.740214;0.563182;0.497555;0.322676;0.326155;0.214423;0.171933;0.155656;;;;;;;;
3041.735676;0.144099;0.214202;0.210968;0.479103;0.757802;0.566804;0.500815;0.303522;0.312217;0.217256;0.173052;0.149769;;;;;;;;
3042.700082;0.139335;0.209586;0.216033;0.509564;0.752718;0.555688;0.496420;0.319233;0.301965;0.208935;0.174268;0.147609;;;;;;;;
3043.664488;0.147666;0.203048;0.220526;0.520788;0.753809;0.530946;0.503039;0.353996;0.302693;0.209185;0.172796;0.146026;;;;;;;;
3044.628893;0.154216;0.202475;0.225748;0.516827;0.749672;0.549547;0.514546;0.360858;0.319110;0.223741;0.181015;0.145872;;;;;;;;
3045.593299;0.153676;0.203048;0.224797;0.522314;0.737312;0.589333;0.517037;0.359361;0.337873;0.232769;0.193738;0.160856;;;;;;;;
3046.557705;0.155910;0.205284;0.227293;0.511412;0.751148;0.607766;0.532851;0.361823;0.338253;0.229088;0.205775;0.175552;;;;;;;;
3047.522111;0.155824;0.209685;0.233903;0.485476;0.777277;0.611415;0.544246;0.353433;0.335144;0.221230;0.208555;0.170530;;;;;;;;
3048.486516;0.148873;0.214208;0.222215;0.480660;0.780029;0.604129;0.534686;0.349180;0.338054;0.219048;0.194327;0.163222;;;;;;;;
3049.450922;0.148673;0.210801;0.207778;0.484561;0.773377;0.583361;0.536864;0.352079;0.331053;0.214464;0.184696;0.169550;;;;;;;;
3050.415328;0.158505;0.210531;0.207434;0.498900;0.767452;0.576882;0.530083;0.354602;0.320118;0.209761;0.188054;0.177398;;;;;;;;
3051.379734;0.154131;0.212477;0.214496;0.517252;0.759821;0.582415;0.500252;0.353236;0.317065;0.219637;0.189810;0.172178;;;;;;;;
3052.344139;0.146057;0.204135;0.222232;0.511996;0.753008;0.593422;0.502470;0.361989;0.327930;0.235065;0.192893;0.166665;;;;;;;;
3053.308545;0.152834;0.203891;0.224265;0.509877;0.785836;0.627047;0.541060;0.391479;0.342666;0.248002;0.202923;0.167681;;;;;;;;
3054.272951;0.158221;0.215966;0.224843;0.535426;0.855068;0.640956;0.561408;0.406362;0.350812;0.254426;0.208506;0.174560;;;;;;;;
3055.237356;0.167172;0.224749;0.226001;0.552928;0.844473;0.627504;0.556635;0.394239;0.362252;0.246490;0.205788;0.184972;;;;;;;;
3056.201762;0.176980;0.215142;0.226417;0.541593;0.797471;0.634493;0.547795;0.382892;0.361340;0.235522;0.202703;0.181417;;;;;;;;
3057.166168;0.171223;0.201674;0.228513;0.551406;0.809033;0.652424;0.546065;0.384163;0.347016;0.234235;0.204950;0.173413;;;;;;;;
3058.130574;0.158239;0.207150;0.220185;0.566662;0.822001;0.662689;0.546807;0.386953;0.342432;0.235548;0.204464;0.176187;;;;;;;;
3059.094979;0.148244;0.207103;0.200471;0.536200;0.821997;0.653771;0.554308;0.377522;0.343475;0.234027;0.200128;0.180706;;;;;;;;
3060.059385;0.155089;0.197198;0.196634;0.513217;0.810530;0.626928;0.577704;0.371441;0.344882;0.240570;0.205193;0.182364;;;;;;;;
3061.023791;0.166516;0.194584;0.208124;0.518760;0.788995;0.625262;0.576423;0.376459;0.344942;0.250115;0.204220;0.183119;;;;;;;;
3061.988197;0.164256;0.193987;0.212877;0.532063;0.810717;0.660359;0.569347;0.382691;0.347280;0.253658;0.194738;0.184870;;;;;;;;
3062.952602;0.159493;0.201133;0.217001;0.565307;0.848673;0.686064;0.593476;0.397292;0.360770;0.259865;0.202700;0.180819;;;;;;;;
3063.917008;0.152892;0.204477;0.219468;0.581146;0.846612;0.670847;0.600578;0.409968;0.373536;0.249217;0.212263;0.170686;;;;;;;;
3064.881414;0.149047;0.198512;0.221745;0.558980;0.851392;0.645301;0.593134;0.412915;0.371931;0.228859;0.205541;0.166311;;;;;;;;
3065.845819;0.151523;0.204536;0.238936;0.564161;0.907283;0.634284;0.599819;0.413395;0.367217;0.234700;0.198009;0.168402;;;;;;;;
3066.810225;0.146675;0.207497;0.242197;0.569446;0.940711;0.641212;0.610816;0.403030;0.360243;0.233186;0.194321;0.169239;;;;;;;;
3067.774631;0.138053;0.201549;0.222728;0.529710;0.917384;0.672661;0.625407;0.399947;0.342703;0.221910;0.191965;0.168107;;;;;;;;
3068.739037;0.140425;0.210589;0.213629;0.511740;0.922073;0.712098;0.619220;0.414386;0.344139;0.245413;0.189901;0.168176;;;;;;;;
3069.703442;0.149068;0.221399;0.209431;0.521629;0.965823;0.713021;0.593379;0.420593;0.366971;0.264013;0.188690;0.164615;;;;;;;;
3070.667848;0.150943;0.217467;0.204534;0.525175;1.003940;0.674820;0.587259;0.424763;0.372177;0.248484;0.203311;0.160836;;;;;;;;
3071.632254;0.154076;0.215981;0.216977;0.536058;1.009344;0.664258;0.615168;0.441133;0.375836;0.240252;0.229228;0.168608;;;;;;;;
3072.596660;0.165239;0.225314;0.238463;0.558658;1.017377;0.704648;0.654379;0.448246;0.398206;0.243504;0.225088;0.179316;;;;;;;;
3073.561065;0.176164;0.236495;0.247391;0.582594;1.027187;0.737514;0.668593;0.441980;0.402895;0.242914;0.203323;0.183368;;;;;;;;
3074.525471;0.177875;0.236795;0.243628;0.578303;1.022347;0.729704;0.653508;0.435804;0.376753;0.238244;0.201008;0.180746;;;;;;;;
3075.489877;0.169237;0.224595;0.233752;0.561068;1.060386;0.723899;0.646029;0.430272;0.356946;0.234934;0.206335;0.173693;;;;;;;;
3076.454283;0.163834;0.214542;0.218325;0.574112;1.063144;0.755832;0.655623;0.424623;0.366951;0.238623;0.207579;0.174746;;;;;;;;
3077.418688;0.160559;0.202517;0.205431;0.586823;0.962200;0.785552;0.636586;0.400840;0.387931;0.239645;0.206711;0.174702;;;;;;;;
3078.383094;0.156121;0.193460;0.211832;0.598972;0.908718;0.764163;0.617772;0.382094;0.402142;0.241817;0.211990;0.166561;;;;;;;;
3079.347500;0.155638;0.204210;0.228990;0.608409;0.958270;0.777802;0.659272;0.408466;0.418096;0.254430;0.224846;0.173709;;;;;;;;
3080.311905;0.151659;0.211712;0.227921;0.580946;0.973087;0.837156;0.703267;0.437716;0.431635;0.259919;0.231477;0.187736;;;;;;;;
3081.276311;0.156393;0.215857;0.221812;0.582982;0.927121;0.836549;0.705946;0.452714;0.426153;0.263364;0.238518;0.193643;;;;;;;;
3082.240717;0.177457;0.232841;0.226215;0.616564;0.975161;0.840777;0.726005;0.481170;0.417020;0.274554;0.237985;0.198014;;;;;;;;
3083.205123;0.189944;0.235088;0.224465;0.609347;1.030072;0.877247;0.752245;0.501324;0.425284;0.276597;0.228564;0.192041;;;;;;;;
3084.169528;0.182050;0.222020;0.221065;0.594335;0.982778;0.855229;0.741282;0.496646;0.430470;0.270252;0.234649;0.179918;;;;;;;;
3085.133934;0.164739;0.219101;0.225633;0.585121;0.975644;0.812766;0.743681;0.472399;0.423800;0.265854;0.247211;0.176406;;;;;;;;
3086.098340;0.150709;0.222610;0.223057;0.569316;0.976475;0.798037;0.760327;0.448060;0.421260;0.268536;0.242463;0.171614;;;;;;;;
3087.062746;0.146921;0.219946;0.213297;0.575818;0.967540;0.812552;0.746505;0.444573;0.420130;0.272233;0.225703;0.166739;;;;;;;;
3088.027151;0.156457;0.216691;0.221576;0.599142;1.037762;0.814509;0.753181;0.464280;0.430675;0.274840;0.228563;0.183946;;;;;;;;
3088.991557;0.160377;0.220453;0.241907;0.622737;1.086006;0.808368;0.746802;0.475695;0.444557;0.282070;0.244458;0.200749;;;;;;;;
3089.955963;0.145297;0.221868;0.242391;0.635348;1.092746;0.845728;0.699345;0.466713;0.445708;0.277745;0.235655;0.188939;;;;;;;;
3090.920368;0.144610;0.220492;0.230985;0.619151;1.154824;0.852667;0.693642;0.486895;0.451811;0.273298;0.222739;0.182859;;;;;;;;
3091.884774;0.160359;0.220363;0.225662;0.601476;1.159456;0.819656;0.711848;0.512677;0.446759;0.281357;0.226975;0.193635;;;;;;;;
3092.849180;0.164536;0.221276;0.225152;0.602552;1.208162;0.824231;0.744406;0.502781;0.432940;0.279547;0.231022;0.201804;;;;;;;;
3093.813586;0.169810;0.221725;0.227130;0.603052;1.330459;0.836616;0.785918;0.501149;0.442167;0.275935;0.233226;0.207636;;;;;;;;
3094.777991;0.168321;0.208219;0.218496;0.599921;1.196541;0.855547;0.766836;0.508801;0.451961;0.276296;0.235624;0.210183;;;;;;;;
3095.742397;0.159196;0.193869;0.216907;0.606786;1.104637;0.907920;0.774660;0.521762;0.459594;0.272514;0.240473;0.213737;;;;;;;;
3096.706803;0.168061;0.202518;0.232851;0.624008;1.159635;0.948990;0.824980;0.532795;0.482369;0.276695;0.245471;0.218222;;;;;;;;
3097.671209;0.172255;0.221472;0.232611;0.632130;1.182247;0.945018;0.818318;0.529063;0.497798;0.295464;0.247352;0.222822;;;;;;;;
3098.635614;0.166103;0.229474;0.223968;0.610239;1.198054;0.924420;0.822486;0.552143;0.500914;0.311838;0.255499;0.228010;;;;;;;;
3099.600020;0.162801;0.231088;0.226879;0.596404;1.239252;0.920115;0.864104;0.584128;0.503513;0.311698;0.255464;0.225924;;;;;;;;
3100.564426;0.154157;0.235965;0.233168;0.617735;1.223671;0.930877;0.850954;0.573280;0.509034;0.310212;0.242146;0.220468;;;;;;;;
3101.528832;0.160632;0.233630;0.240756;0.634387;1.139200;0.908342;0.835956;0.558949;0.520750;0.308667;0.240278;0.214594;;;;;;;;
3102.493237;0.177421;0.221119;0.242184;0.629468;1.103834;0.898060;0.870325;0.566925;0.521511;0.306252;0.240724;0.211195;;;;;;;;
3103.457643;0.177172;0.210549;0.241400;0.604776;1.203424;0.957361;0.874723;0.567912;0.510904;0.308400;0.240818;0.211175;;;;;;;;
3104.422049;0.174459;0.208565;0.248497;0.589006;1.283273;0.981650;0.875275;0.568621;0.522079;0.299112;0.258668;0.208258;;;;;;;;
3105.386454;0.178043;0.217980;0.255084;0.628540;1.206032;0.979420;0.934818;0.592787;0.540348;0.301054;0.278546;0.210187;;;;;;;;
3106.350860;0.181242;0.228163;0.261667;0.680134;1.207288;1.046908;1.008159;0.610559;0.529852;0.326992;0.287959;0.216180;;;;;;;;
3107.315266;0.181544;0.226608;0.265921;0.680182;1.315730;1.108768;1.028174;0.611743;0.533583;0.333559;0.290403;0.217829;;;;;;;;
3108.279672;0.174126;0.220729;0.258250;0.647923;1.362494;1.139349;0.969920;0.621811;0.565236;0.319472;0.281286;0.218769;;;;;;;;
3109.244077;0.167708;0.227895;0.254020;0.634980;1.433755;1.133787;0.945707;0.612911;0.560616;0.320378;0.268988;0.216507;;;;;;;;
3110.208483;0.169015;0.236586;0.251231;0.649663;1.697471;1.093005;0.979930;0.566050;0.539076;0.336030;0.261576;0.207827;;;;;;;;
3111.172889;0.160971;0.217192;0.226963;0.645588;1.691502;1.095852;0.971543;0.536914;0.536361;0.343248;0.258916;0.199357;;;;;;;;
3112.137295;0.144404;0.202088;0.206001;0.623646;1.461329;1.106188;0.967559;0.556387;0.532256;0.336598;0.259440;0.197549;;;;;;;;
3113.101700;0.140377;0.217861;0.210412;0.624299;1.449522;1.085196;0.983060;0.586921;0.552688;0.337753;0.258673;0.200586;;;;;;;;
3114.066106;0.143759;0.219198;0.220466;0.630932;1.450529;1.066861;0.959130;0.606523;0.590713;0.348710;0.265678;0.205171;;;;;;;;
3115.030512;0.151983;0.211947;0.229741;0.635714;1.287377;1.068697;0.980751;0.638870;0.601759;0.355702;0.290025;0.218790;;;;;;;;
3115.994918;0.170116;0.224388;0.240348;0.673668;1.225081;1.134460;1.022332;0.677627;0.608136;0.359743;0.312717;0.236675;;;;;;;;
3116.959323;0.185626;0.236932;0.252300;0.710674;1.454634;1.276154;1.019412;0.705941;0.608142;0.364760;0.318375;0.243105;;;;;;;;
3117.923729;0.185582;0.240450;0.256337;0.690960;1.607804;1.358276;1.066455;0.704202;0.606197;0.359778;0.308972;0.236931;;;;;;;;
3118.888135;0.173661;0.229327;0.246753;0.668632;1.361273;1.319182;1.099216;0.672455;0.617466;0.341890;0.289311;0.224446;;;;;;;;
3119.852540;0.163719;0.220250;0.237947;0.671968;1.533166;1.248004;1.077351;0.653595;0.601937;0.345524;0.285295;0.210690;;;;;;;;
3120.816946;0.158895;0.220618;0.222011;0.660257;1.849543;1.160707;1.107137;0.665207;0.588416;0.364245;0.294120;0.204434;;;;;;;;
3121.781352;0.166232;0.210869;0.205125;0.634647;1.522777;1.100542;1.108484;0.682630;0.616177;0.358118;0.288751;0.220005;;;;;;;;
3122.745758;0.178213;0.218875;0.221259;0.638538;1.668326;1.076534;1.108818;0.668334;0.648077;0.360783;0.294399;0.249063;;;;;;;;
3123.710163;0.164012;0.233102;0.254594;0.660181;2.081033;1.121554;1.134699;0.637607;0.651038;0.370761;0.307914;0.263931;;;;;;;;
3124.674569;0.146336;0.226357;0.265451;0.670084;2.061122;1.227146;1.121720;0.634358;0.617131;0.359880;0.305251;0.255816;;;;;;;;
3125.638975;0.159282;0.223653;0.261350;0.689433;1.923812;1.218954;1.147435;0.651810;0.586799;0.361219;0.304579;0.238142;;;;;;;;
3126.603381;0.177333;0.215402;0.256229;0.694279;1.657979;1.193516;1.131780;0.665928;0.586427;0.370845;0.297350;0.239002;;;;;;;;
3127.567786;0.180430;0.211438;0.241785;0.669655;1.673149;1.355836;1.071527;0.669773;0.608634;0.361523;0.291331;0.247893;;;;;;;;
3128.532192;0.179685;0.227656;0.235269;0.682367;1.805055;1.578552;1.133442;0.665529;0.657976;0.352598;0.310132;0.237844;;;;;;;;
3129.496598;0.173266;0.225188;0.227710;0.715603;1.836089;1.379145;1.228331;0.701058;0.678790;0.364216;0.319931;0.223697;;;;;;;;
3130.461003;0.167706;0.221229;0.215217;0.694000;2.020955;1.180187;1.171314;0.751949;0.645616;0.383625;0.315123;0.225365;;;;;;;;
3131.425409;0.172857;0.235663;0.232152;0.679055;1.810403;1.164868;1.123929;0.733656;0.620638;0.392238;0.313800;0.245741;;;;;;;;
3132.389815;0.177890;0.240431;0.249616;0.710692;1.492204;1.209588;1.181965;0.725142;0.618781;0.401002;0.311592;0.261323;;;;;;;;
3133.354221;0.176727;0.243149;0.245226;0.699896;1.526754;1.279950;1.225068;0.767166;0.643870;0.403651;0.313173;0.253070;;;;;;;;
3134.318626;0.172486;0.239179;0.244493;0.663850;1.994948;1.364554;1.176142;0.790493;0.697999;0.402264;0.309494;0.237161;;;;;;;;
3135.283032;0.174792;0.222299;0.236839;0.671240;2.034830;1.430632;1.158074;0.794560;0.720913;0.413445;0.302944;0.231894;;;;;;;;
3136.247438;0.178114;0.219519;0.236403;0.694282;1.842090;1.552705;1.159154;0.791950;0.700443;0.411676;0.302940;0.236517;;;;;;;;
3137.211844;0.166881;0.222490;0.248896;0.697377;2.150265;1.494822;1.121038;0.756817;0.710938;0.397104;0.300290;0.230193;;;;;;;;
3138.176249;0.158283;0.223097;0.235032;0.661094;2.218396;1.352495;1.151454;0.732767;0.718063;0.389810;0.299548;0.225755;;;;;;;;
3139.140655;0.161076;0.238245;0.226303;0.645047;1.957818;1.330693;1.229140;0.762490;0.689585;0.399906;0.307184;0.247107;;;;;;;;
3140.105061;0.163941;0.244622;0.246617;0.678274;1.611163;1.319639;1.189330;0.798659;0.710313;0.417872;0.326059;0.267347;;;;;;;;
3141.069467;0.173293;0.229408;0.251634;0.690513;1.428549;1.375626;1.198050;0.782009;0.754298;0.408748;0.341321;0.270087;;;;;;;;
3142.033872;0.189796;0.235200;0.252481;0.677118;1.587040;1.576938;1.354832;0.755840;0.761501;0.399345;0.333540;0.261801;;;;;;;;
3142.998278;0.199930;0.256344;0.273334;0.677640;1.839298;1.729995;1.378036;0.788792;0.758087;0.409389;0.330461;0.258401;;;;;;;;
3143.962684;0.205166;0.247355;0.281499;0.686322;1.618877;1.574226;1.276648;0.834901;0.741519;0.410199;0.343430;0.269878;;;;;;;;
3144.927089;0.196995;0.232011;0.264702;0.684151;1.481344;1.383438;1.325579;0.781756;0.723122;0.414152;0.349010;0.267978;;;;;;;;
3145.891495;0.164572;0.229004;0.249489;0.671026;1.642252;1.392070;1.408044;0.712200;0.717053;0.423919;0.341143;0.252665;;;;;;;;
3146.855901;0.145309;0.220946;0.249104;0.651906;2.162597;1.429550;1.389667;0.716420;0.713078;0.419889;0.324909;0.244462;;;;;;;;
3147.820307;0.153606;0.216113;0.240988;0.649747;2.303979;1.327384;1.467032;0.766323;0.714471;0.408201;0.318802;0.234725;;;;;;;;
3148.784712;0.161427;0.234152;0.236693;0.676620;2.153742;1.434202;1.421281;0.854948;0.743949;0.408825;0.330216;0.231281;;;;;;;;
3149.749118;0.167881;0.262095;0.258268;0.700399;1.872853;1.750051;1.274163;0.907139;0.790597;0.441143;0.342397;0.240772;;;;;;;;
3150.713524;0.173950;0.255955;0.268201;0.733851;1.914520;1.559754;1.344838;0.846296;0.779282;0.478192;0.346265;0.246243;;;;;;;;
3151.677930;0.174862;0.234974;0.259792;0.748845;8.000000;1.368111;1.478187;0.818022;0.756263;0.475451;0.346182;0.252026;;;;;;;;
3152.642335;0.171183;0.232337;0.246268;0.697350;8.000000;1.413553;1.415089;0.838829;0.772716;0.452981;0.343280;0.260361;;;;;;;;
3153.606741;0.160963;0.223913;0.223530;0.675292;2.459339;1.493343;1.264409;0.836635;0.753488;0.438139;0.335386;0.253281;;;;;;;;
3154.571147;0.160692;0.217712;0.217903;0.709133;2.097483;1.427716;1.110779;0.846873;0.725928;0.433302;0.340690;0.245316;;;;;;;;
3155.535552;0.168801;0.221562;0.227413;0.728287;2.056753;1.324053;1.085100;0.863351;0.746888;0.450411;0.348950;0.250932;;;;;;;;
3156.499958;0.171243;0.222502;0.236531;0.707923;1.971404;1.299364;1.162554;0.855744;0.770471;0.470925;0.336386;0.257314;;;;;;;;
3157.464364;0.178045;0.239152;0.253646;0.691499;1.915787;1.440587;1.210946;0.880595;0.751491;0.464045;0.342377;0.253062;;;;;;;;
3158.428770;0.176803;0.253931;0.267665;0.704886;1.712492;1.841607;1.257708;0.935674;0.723409;0.447878;0.359444;0.239728;;;;;;;;
3159.393175;0.162914;0.239749;0.262213;0.740187;1.499495;2.032457;1.274808;0.926214;0.759603;0.444395;0.350213;0.241175;;;;;;;;
3160.357581;0.169346;0.237146;0.248558;0.761714;1.427371;1.504196;1.206294;0.888287;0.855846;0.460016;0.350478;0.266964;;;;;;;;
3161.321987;0.183063;0.259714;0.251343;0.709606;1.642721;1.329924;1.211594;0.870281;0.855793;0.477607;0.358837;0.284411;;;;;;;;
3162.286393;0.182105;0.263165;0.253506;0.653735;2.087514;1.446917;1.252023;0.829381;0.775808;0.488706;0.356256;0.274982;;;;;;;;
3163.250798;0.180777;0.252517;0.232395;0.658938;1.969460;1.542810;1.220492;0.810781;0.786773;0.492793;0.361236;0.261075;;;;;;;;
3164.215204;0.174226;0.249628;0.226558;0.684671;2.140537;1.417167;1.231666;0.861728;0.849347;0.472958;0.365350;0.257357;;;;;;;;
3165.179610;0.178381;0.240982;0.244593;0.711860;2.094503;1.318548;1.304489;0.975582;0.849201;0.467025;0.379283;0.259133;;;;;;;;
3166.144016;0.194970;0.243438;0.259205;0.720722;1.567456;1.321082;1.414870;1.047096;0.853195;0.471388;0.407456;0.269697;;;;;;;;
3167.108421;0.186840;0.252869;0.274298;0.707578;1.507554;1.398025;1.510157;0.965726;0.867605;0.444117;0.398393;0.274845;;;;;;;;
3168.072827;0.178999;0.248518;0.279693;0.713254;1.720144;1.360713;1.424239;0.885821;0.867269;0.428820;0.364031;0.271297;;;;;;;;
3169.037233;0.184791;0.252225;0.269392;0.722604;2.097123;1.289046;1.268114;0.877407;0.860749;0.444995;0.353931;0.271495;;;;;;;;
3170.001638;0.178686;0.266358;0.268438;0.719056;8.000000;1.355642;1.230274;0.898136;0.815745;0.468932;0.368122;0.263799;;;;;;;;
3170.966044;0.179006;0.264418;0.268445;0.707348;8.000000;1.487080;1.443565;0.915066;0.806180;0.480781;0.389874;0.259344;;;;;;;;
3171.930450;0.179592;0.243846;0.256824;0.692922;2.317465;1.555477;1.667576;0.934818;0.841635;0.473839;0.389988;0.251271;;;;;;;;
3172.894856;0.166931;0.230823;0.248714;0.685109;1.608078;1.496438;1.431421;0.939201;0.841229;0.476225;0.366545;0.234609;;;;;;;;
3173.859261;0.161628;0.234449;0.249977;0.678015;1.449834;1.407926;1.364603;0.922832;0.858883;0.471302;0.344299;0.243070;;;;;;;;
3174.823667;0.154591;0.237962;0.253187;0.685571;1.747316;1.418138;1.431062;0.982427;0.913286;0.450088;0.337334;0.261272;;;;;;;;
3175.788073;0.151421;0.236664;0.262476;0.718061;8.000000;1.530075;1.451101;1.024839;0.899587;0.456249;0.363988;0.274588;;;;;;;;
3176.752479;0.169532;0.232495;0.277105;0.734161;2.845156;1.737254;1.315624;0.953110;0.843417;0.485721;0.384419;0.286876;;;;;;;;
3177.716884;0.187333;0.241692;0.281259;0.694367;2.726239;2.006140;1.180978;0.958010;0.846046;0.507394;0.380148;0.280056;;;;;;;;
3178.681290;0.191810;0.263823;0.276192;0.662601;8.000000;1.767170;1.300277;0.991887;0.890208;0.510945;0.398177;0.265251;;;;;;;;
3179.645696;0.184958;0.263850;0.259403;0.677753;8.000000;1.449227;1.511531;0.958653;0.888030;0.500437;0.392698;0.260330;;;;;;;;
3180.610102;0.176939;0.248754;0.237815;0.661774;2.100899;1.356201;1.383512;0.959999;0.857963;0.496864;0.352564;0.261994;;;;;;;;
3181.574507;0.171794;0.232625;0.235584;0.642533;3.454278;1.370277;1.352157;0.966916;0.856802;0.512433;0.345934;0.260048;;;;;;;;
3182.538913;0.156438;0.218678;0.236717;0.680140;8.000000;1.488814;1.553465;0.936306;0.877405;0.507838;0.356872;0.258608;;;;;;;;
3183.503319;0.160828;0.227153;0.228207;0.700030;8.000000;1.702492;1.584947;0.969704;0.923708;0.474943;0.360122;0.261615;;;;;;;;
3184.467724;0.190929;0.246550;0.235853;0.712234;2.206715;1.595557;1.330911;1.001598;0.983487;0.475642;0.377197;0.274195;;;;;;;;
3185.432130;0.191971;0.258891;0.263169;0.722751;2.127563;1.421090;1.302856;0.937977;0.942420;0.495565;0.399291;0.293749;;;;;;;;
3186.396536;0.179257;0.261280;0.273238;0.696947;2.148458;1.380557;1.432977;0.954365;0.853920;0.484521;0.397783;0.293731;;;;;;;;
3187.360942;0.184597;0.257077;0.260702;0.702870;2.072825;1.452280;1.381159;1.066605;0.895448;0.464966;0.383059;0.292300;;;;;;;;
3188.325347;0.189602;0.267323;0.264555;0.682251;2.110079;1.699199;1.402072;1.082499;1.025806;0.472716;0.378807;0.291608;;;;;;;;
3189.289753;0.189489;0.271299;0.264114;0.648621;1.869719;2.048561;1.614211;1.047390;1.037743;0.508473;0.386714;0.273122;;;;;;;;
3190.254159;0.175007;0.242002;0.238739;0.695950;1.732900;1.827392;1.615670;1.085584;0.998611;0.524738;0.397951;0.260735;;;;;;;;
3191.218565;0.163257;0.218960;0.230409;0.717698;1.480708;1.425567;1.521959;1.130363;0.967803;0.518516;0.398806;0.258535;;;;;;;;
3192.182970;0.180161;0.231117;0.249395;0.689869;1.537871;1.322321;1.455029;1.094086;0.936841;0.535878;0.409799;0.287339;;;;;;;;
3193.147376;0.186743;0.242930;0.264350;0.698856;2.597064;1.484118;1.312666;1.061657;0.913405;0.546027;0.441907;0.323830;;;;;;;;
3194.111782;0.177671;0.242117;0.263182;0.711553;8.000000;1.752161;1.232328;1.004901;0.892196;0.532518;0.447264;0.307289;;;;;;;;
3195.076187;0.188946;0.258220;0.267838;0.750859;2.700638;1.992362;1.196259;0.941791;0.956167;0.529334;0.432744;0.295325;;;;;;;;
3196.040593;0.210237;0.258124;0.274878;0.827500;2.532730;1.894125;1.150848;0.977121;1.034283;0.538036;0.443905;0.306056;;;;;;;;
3197.004999;0.206027;0.232163;0.258090;0.831002;3.176620;1.786065;1.237494;1.004145;1.006523;0.535216;0.442570;0.289789;;;;;;;;
3197.969405;0.180773;0.234497;0.253523;0.740595;2.659781;2.295295;1.501780;0.965451;1.013234;0.526649;0.410250;0.287290;;;;;;;;
3198.933810;0.175564;0.244430;0.266656;0.685322;1.940799;1.961173;1.793870;0.992446;0.993512;0.531982;0.399242;0.297043;;;;;;;;
3199.898216;0.182812;0.241057;0.251961;0.672400;1.753054;1.543794;2.112660;1.061360;0.948168;0.537740;0.406234;0.280015;;;;;;;;
3200.862622;0.181210;0.246478;0.243050;0.668988;1.534402;1.748291;2.284802;1.095724;0.989033;0.536756;0.408314;0.283802;;;;;;;;
3201.827028;0.188279;0.254939;0.262600;0.695165;1.443992;1.937124;8.000000;1.093882;0.982436;0.535050;0.420095;0.304781;;;;;;;;
3202.791433;0.203545;0.266398;0.266915;0.706875;1.652571;1.586244;8.000000;1.127240;0.926180;0.554647;0.427290;0.307295;;;;;;;;
3203.755839;0.213298;0.270974;0.258321;0.696113;8.000000;1.713949;8.000000;1.187307;0.943135;0.580245;0.420769;0.318305;;;;;;;;
3204.720245;0.218898;0.269431;0.261472;0.699626;8.000000;8.000000;2.285054;1.127246;1.000557;0.561841;0.429793;0.331871;;;;;;;;
3205.684651;0.215934;0.274007;0.275020;0.685853;8.000000;8.000000;2.491115;1.048840;1.029138;0.551904;0.441383;0.322390;;;;;;;;
3206.649056;0.192408;0.260106;0.294664;0.658313;1.824767;1.586358;1.987366;1.020187;0.998757;0.564208;0.430519;0.288058;;;;;;;;
3207.613462;0.159060;0.238190;0.288806;0.639723;2.261491;1.466067;1.700290;1.009026;0.943776;0.565662;0.406881;0.259742;;;;;;;;
3208.577868;0.149057;0.239528;0.262145;0.666542;2.120243;1.625240;1.630971;1.100620;0.862446;0.563994;0.398492;0.263900;;;;;;;;
3209.542273;0.164060;0.256254;0.261651;0.735198;1.546133;1.687535;1.582680;1.192316;0.807233;0.522042;0.426643;0.278340;;;;;;;;
3210.506679;0.174121;0.270039;0.264642;0.733926;1.754177;1.992028;1.584490;1.120402;0.888306;0.488997;0.446186;0.296104;;;;;;;;
3211.471085;0.174018;0.265059;0.261989;0.682687;8.000000;3.762599;1.519156;1.111512;1.052048;0.514560;0.430641;0.312613;;;;;;;;
3212.435491;0.183573;0.259417;0.285231;0.678946;8.000000;2.036457;1.457521;1.150315;1.056309;0.551352;0.437936;0.319252;;;;;;;;
3213.399896;0.191752;0.273667;0.299846;0.704794;1.723477;1.456456;1.744572;1.171623;0.998162;0.574685;0.466955;0.330147;;;;;;;;
3214.364302;0.180210;0.283360;0.286273;0.708312;1.599205;1.269736;1.944703;1.177426;1.012729;0.572745;0.479027;0.321598;;;;;;;;
3215.328708;0.172009;0.273641;0.266424;0.693425;1.659349;1.406313;1.437670;1.085469;1.034098;0.549215;0.461097;0.294563;;;;;;;;
3216.293114;0.182439;0.265428;0.254380;0.697518;1.797911;1.849626;1.365438;1.076774;1.047195;0.557857;0.423031;0.302720;;;;;;;;
3217.257519;0.190875;0.271633;0.260106;0.724723;2.071709;2.361306;1.655861;1.204178;1.085341;0.607216;0.408966;0.338596;;;;;;;;
3218.221925;0.187377;0.266930;0.261477;0.739451;2.316909;2.078431;1.769344;1.269554;1.120266;0.634464;0.413675;0.341899;;;;;;;;
3219.186331;0.183817;0.246867;0.254217;0.710841;8.000000;1.600117;1.477557;1.194886;1.108781;0.618842;0.401803;0.312954;;;;;;;;
3220.150736;0.183798;0.251333;0.250862;0.667492;8.000000;1.624524;1.511214;1.096011;1.087102;0.625936;0.398205;0.295592;;;;;;;;
3221.115142;0.179133;0.272064;0.258040;0.659926;8.000000;2.067365;1.968290;1.127660;1.081287;0.648263;0.437993;0.303161;;;;;;;;
3222.079548;0.178891;0.278634;0.273304;0.698526;2.377981;1.597737;1.727304;1.300024;1.010630;0.641499;0.488676;0.331063;;;;;;;;
3223.043954;0.191072;0.286837;0.263123;0.767664;1.659975;1.300043;1.389178;1.392879;0.949844;0.622325;0.511732;0.346947;;;;;;;;
3224.008359;0.197093;0.292573;0.255675;0.788403;1.664187;1.335300;1.323886;1.249586;1.026906;0.619591;0.519083;0.326531;;;;;;;;
3224.972765;0.180145;0.265432;0.266952;0.721553;2.002553;1.562706;1.380692;1.025218;1.072242;0.606014;0.486333;0.307476;;;;;;;;
3225.937171;0.156910;0.230729;0.255706;0.710541;2.136364;1.905013;1.433693;0.934309;0.927528;0.547442;0.445142;0.307000;;;;;;;;
3226.901577;0.161972;0.229916;0.255039;0.797087;2.831302;2.031090;1.294769;0.996988;0.891228;0.523126;0.451270;0.304100;;;;;;;;
3227.865982;0.185605;0.250260;0.270748;0.846489;8.000000;1.879374;1.214019;1.086366;1.006752;0.546385;0.465687;0.309255;;;;;;;;
3228.830388;0.196646;0.268049;0.269220;0.789829;2.519299;1.798914;1.337458;1.168676;1.122474;0.560386;0.480466;0.330762;;;;;;;;
3229.794794;0.207445;0.271501;0.263398;0.716588;1.953691;1.573729;1.770259;1.258893;1.083966;0.580600;0.486260;0.344991;;;;;;;;
3230.759200;0.208055;0.254294;0.260089;0.688037;3.153369;1.374712;8.000000;1.286444;0.986773;0.597621;0.455647;0.342339;;;;;;;;
3231.723605;0.196366;0.245415;0.279303;0.675162;8.000000;1.402683;8.000000;1.248162;1.048126;0.591136;0.438070;0.334296;;;;;;;;
3232.688011;0.205644;0.255987;0.304276;0.653057;8.000000;1.699119;8.000000;1.175951;1.147826;0.585252;0.442814;0.336186;;;;;;;;
3233.652417;0.206840;0.263931;0.289498;0.653249;8.000000;8.000000;8.000000;1.162362;1.085724;0.591658;0.443294;0.343364;;;;;;;;
3234.616822;0.186777;0.265479;0.270795;0.687014;8.000000;8.000000;8.000000;1.213943;1.087450;0.593545;0.440694;0.326797;;;;;;;;
3235.581228;0.179166;0.256378;0.257995;0.720409;8.000000;8.000000;1.918869;1.254245;1.069876;0.583166;0.440001;0.303696;;;;;;;;
3236.545634;0.186302;0.253816;0.247585;0.722131;1.829367;2.811140;1.485454;1.240523;1.044189;0.610724;0.446823;0.318064;;;;;;;;
3237.510040;0.194384;0.276036;0.267667;0.739554;1.420931;8.000000;1.576805;1.154839;1.201101;0.647801;0.461465;0.346214;;;;;;;;
3238.474445;0.192672;0.288273;0.285594;0.764391;1.502730;3.032520;1.545219;1.140804;1.329258;0.646223;0.479932;0.352477;;;;;;;;
3239.438851;0.192835;0.273838;0.275360;0.736516;8.000000;1.688377;1.287104;1.243684;1.239475;0.670364;0.489031;0.351278;;;;;;;;
3240.403257;0.196795;0.250139;0.259463;0.711059;8.000000;1.707228;1.288313;1.269042;1.266692;0.681896;0.478578;0.335427;;;;;;;;
3241.367663;0.196837;0.230579;0.248431;0.712024;2.795401;1.725818;1.371821;1.219696;1.246632;0.625916;0.453995;0.313020;;;;;;;;
3242.332068;0.199803;0.234240;0.251046;0.709019;8.000000;1.569474;1.378135;1.252650;1.094345;0.591771;0.443530;0.311263;;;;;;;;
3243.296474;0.187077;0.244201;0.259741;0.692458;8.000000;1.818833;1.388656;1.364374;1.140869;0.587416;0.458303;0.307843;;;;;;;;
3244.260880;0.167534;0.241787;0.267906;0.671890;3.093058;2.296877;1.375800;1.308597;1.158641;0.588992;0.469995;0.294060;;;;;;;;
3245.225285;0.173731;0.261351;0.272289;0.700404;8.000000;1.989136;1.578726;1.098194;0.995275;0.602756;0.471321;0.290239;;;;;;;;
3246.189691;0.181670;0.300515;0.271984;0.736138;8.000000;1.811750;2.143936;1.071776;1.059359;0.613080;0.473833;0.298150;;;;;;;;
3247.154097;0.176021;0.295784;0.279580;0.719978;8.000000;1.583262;2.376503;1.144484;1.265136;0.647803;0.471700;0.302643;;;;;;;;
3248.118503;0.183896;0.264809;0.289393;0.755329;8.000000;1.480475;2.305341;1.131635;1.272394;0.686691;0.464864;0.312584;;;;;;;;
3249.082908;0.200717;0.265656;0.288210;0.803545;2.315434;1.544871;1.845382;1.173104;1.236131;0.664353;0.466671;0.328578;;;;;;;;
3250.047314;0.207160;0.272378;0.275029;0.751312;1.473715;1.813814;1.641476;1.263606;1.304786;0.651196;0.459265;0.304112;;;;;;;;
3251.011720;0.206839;0.268875;0.267971;0.720029;1.764257;8.000000;1.875434;1.294008;1.514024;0.649207;0.441421;0.279672;;;;;;;;
3251.976126;0.198579;0.267032;0.273725;0.707044;1.644595;8.000000;1.821225;1.437721;1.393753;0.606145;0.459811;0.301401;;;;;;;;
3252.940531;0.195361;0.258857;0.269807;0.694117;1.512960;2.257727;1.480827;1.529761;1.140928;0.576584;0.486708;0.316751;;;;;;;;
3253.904937;0.198859;0.255601;0.255716;0.726037;1.678521;1.514201;1.461607;1.303113;1.076683;0.580445;0.492344;0.311980;;;;;;;;
3254.869343;0.194310;0.250974;0.251690;0.716921;1.717811;1.685916;1.642176;1.293332;1.078142;0.583051;0.498317;0.318730;;;;;;;;
3255.833749;0.198467;0.253539;0.269141;0.696252;2.262677;2.453348;1.754209;1.428104;1.198529;0.603859;0.484405;0.334346;;;;;;;;
3256.798154;0.211354;0.283344;0.287966;0.718987;8.000000;1.647232;1.579021;1.258444;1.377972;0.643137;0.474493;0.336694;;;;;;;;
3257.762560;0.207442;0.298646;0.290402;0.713498;2.132458;1.588301;1.546057;1.157825;1.324172;0.627351;0.474496;0.315771;;;;;;;;
3258.726966;0.185750;0.290360;0.301655;0.712890;1.782666;3.119433;1.860771;1.217433;1.358334;0.611292;0.463520;0.312290;;;;;;;;
3259.691371;0.178152;0.285068;0.306565;0.761017;8.000000;1.819700;1.930836;1.276334;1.333001;0.656307;0.462041;0.339716;;;;;;;;
3260.655777;0.188046;0.271258;0.282562;0.769609;8.000000;1.376498;1.554007;1.290275;1.090661;0.668942;0.462168;0.341627;;;;;;;;
3261.620183;0.183017;0.261537;0.273459;0.713128;8.000000;1.547577;1.331266;1.197137;1.041422;0.647091;0.452042;0.310483;;;;;;;;
3262.584589;0.182748;0.273914;0.287472;0.689484;2.340426;2.128205;1.349498;1.196192;1.225274;0.635964;0.454009;0.295975;;;;;;;;
3263.548994;0.201039;0.282712;0.290497;0.685066;8.000000;2.027886;1.502085;1.429464;1.330036;0.597127;0.462038;0.306950;;;;;;;;
3264.513400;0.204288;0.281391;0.284191;0.675941;8.000000;1.768759;1.409698;1.316826;1.140382;0.568921;0.461553;0.326055;;;;;;;;
3265.477806;0.198169;0.284445;0.278525;0.695833;2.773543;1.646187;1.315895;1.094593;1.009944;0.599503;0.499557;0.329755;;;;;;;;
3266.442212;0.201094;0.283336;0.281919;0.677953;1.822980;1.506629;1.349623;1.322263;1.099879;0.654541;0.523101;0.316231;;;;;;;;
3267.406617;0.205455;0.282952;0.298398;0.649271;2.000033;1.656053;1.417693;2.148053;1.334113;0.666849;0.454913;0.315593;;;;;;;;
3268.371023;0.195632;0.291831;0.303824;0.673408;1.932710;2.386340;1.395452;1.466984;1.220553;0.652870;0.432934;0.303751;;;;;;;;
3269.335429;0.171269;0.279362;0.279549;0.679527;1.486281;2.033116;1.359359;1.120350;1.010335;0.632344;0.472762;0.281106;;;;;;;;
3270.299835;0.170480;0.257061;0.265453;0.680876;1.541250;1.651998;1.636986;1.158712;1.026722;0.592109;0.491019;0.310336;;;;;;;;
3271.264240;0.198754;0.268230;0.289178;0.712875;1.852593;1.460422;2.267802;1.503538;1.126960;0.582420;0.507406;0.346412;;;;;;;;
3272.228646;0.215819;0.289710;0.312992;0.731025;1.510442;1.481858;2.352361;1.649361;1.125717;0.626345;0.506069;0.329221;;;;;;;;
3273.193052;0.218869;0.287155;0.311687;0.738359;1.405630;1.810918;1.833612;1.296376;1.114558;0.670884;0.490983;0.310741;;;;;;;;
3274.157457;0.224321;0.267528;0.287913;0.716294;1.795109;1.624729;1.353699;1.173185;1.167827;0.671488;0.494690;0.298037;;;;;;;;
3275.121863;0.224851;0.253864;0.270697;0.691769;2.062182;1.425133;1.322750;1.178982;1.214976;0.637922;0.481923;0.291826;;;;;;;;
3276.086269;0.207370;0.248550;0.283284;0.705297;1.667455;1.578687;1.716121;1.150969;1.164898;0.606487;0.448133;0.300841;;;;;;;;
3277.050675;0.191124;0.239471;0.285994;0.725175;1.697993;1.782374;1.702212;1.059883;1.134654;0.621929;0.448772;0.306106;;;;;;;;
3278.015080;0.191992;0.237801;0.281107;0.732287;2.313489;1.870234;1.453738;1.004355;1.121602;0.661801;0.492575;0.309694;;;;;;;;
3278.979486;0.174198;0.238672;0.283506;0.696491;8.000000;1.796377;1.530450;1.086709;1.077185;0.647323;0.504192;0.300420;;;;;;;;
3279.943892;0.161293;0.241672;0.272404;0.658302;1.878349;1.515106;1.758113;1.233258;1.101487;0.607313;0.468534;0.296775;;;;;;;;
3280.908298;0.192677;0.266234;0.272830;0.692580;1.421981;1.433864;2.508994;1.298256;1.163864;0.605230;0.448414;0.328381;;;;;;;;
3281.872703;0.208108;0.294280;0.284997;0.737118;1.317943;1.605899;8.000000;1.221212;1.190549;0.626813;0.458353;0.341865;;;;;;;;
3282.837109;0.196946;0.303828;0.288070;0.709487;1.604750;2.140873;1.604050;1.014542;1.166809;0.640779;0.487280;0.316709;;;;;;;;
3283.801515;0.198548;0.287649;0.282312;0.638380;8.000000;8.000000;1.379377;0.982163;1.087134;0.629231;0.509029;0.293183;;;;;;;;
3284.765920;0.197551;0.265902;0.280238;0.605035;8.000000;2.650020;1.465481;1.116912;1.063344;0.597548;0.510540;0.290872;;;;;;;;
3285.730326;0.179104;0.258651;0.291668;0.634025;2.924123;2.290104;1.473902;1.141452;1.076364;0.567040;0.484456;0.301473;;;;;;;;
3286.694732;0.170564;0.258594;0.296347;0.669347;8.000000;2.388159;1.258425;1.214438;1.056025;0.579269;0.452699;0.308065;;;;;;;;
3287.659138;0.185888;0.269647;0.299909;0.666705;1.950210;1.662430;1.184504;1.397790;1.055248;0.622189;0.459819;0.314500;;;;;;;;
3288.623543;0.200361;0.289019;0.316315;0.653344;1.704613;1.438507;1.414017;1.300135;1.073979;0.617030;0.472975;0.323852;;;;;;;;
3289.587949;0.217271;0.293359;0.328708;0.645792;1.612532;1.443735;1.917055;1.263735;1.156279;0.592786;0.472311;0.319429;;;;;;;;
3290.552355;0.235423;0.280460;0.328848;0.644531;1.487246;1.421966;2.261847;1.414282;1.311684;0.607024;0.468898;0.300499;;;;;;;;
3291.516761;0.221633;0.272158;0.315994;0.652272;1.718824;1.368716;2.006004;1.378735;1.217998;0.615330;0.428252;0.294676;;;;;;;;
3292.481166;0.199220;0.270660;0.298721;0.639283;3.637931;1.388471;1.656908;1.233520;1.044992;0.599242;0.392760;0.304350;;;;;;;;
3293.445572;0.209664;0.269926;0.292468;0.615619;1.776311;1.414714;1.424640;1.243687;1.021393;0.598391;0.406119;0.303475;;;;;;;;
3294.409978;0.233245;0.272975;0.294852;0.635463;1.550972;1.404454;1.239555;1.251794;1.092277;0.612237;0.420758;0.290832;;;;;;;;
3295.374384;0.222996;0.272663;0.286369;0.665958;2.198640;1.665389;1.187318;1.188420;1.216292;0.611632;0.423058;0.284591;;;;;;;;
3296.338789;0.205338;0.276484;0.274108;0.674871;8.000000;1.720881;1.265783;1.238332;1.272253;0.580595;0.431244;0.297735;;;;;;;;
3297.303195;0.219093;0.283304;0.293141;0.682884;3.719340;1.399457;1.449820;1.242542;1.141302;0.571116;0.451332;0.304043;;;;;;;;
3298.267601;0.224232;0.285165;0.321305;0.670565;8.000000;1.442559;1.789759;1.117057;0.991949;0.593596;0.483981;0.294176;;;;;;;;
3299.232006;0.206443;0.290668;0.313810;0.660562;1.902025;1.414005;1.683263;1.176236;0.942142;0.598900;0.493888;0.308193;;;;;;;;
3300.196412;0.204857;0.291708;0.302765;0.676515;1.389217;1.441064;1.436619;1.248787;1.000874;0.613346;0.473111;0.323940;;;;;;;;
3301.160818;0.218404;0.288449;0.298079;0.702273;1.505763;1.563187;1.360285;1.025137;1.095640;0.634999;0.458640;0.301857;;;;;;;;
3302.125224;0.205639;0.276698;0.280087;0.751525;8.000000;1.288197;1.305445;0.974933;1.182136;0.628458;0.453736;0.275775;;;;;;;;
3303.089629;0.192922;0.267835;0.276209;0.770340;8.000000;1.270590;1.329122;1.143915;1.186443;0.608134;0.437975;0.273794;;;;;;;;
3304.054035;0.209200;0.271278;0.281649;0.686939;1.723220;1.391559;1.501341;1.216898;1.083433;0.559019;0.433336;0.270376;;;;;;;;
3305.018441;0.195649;0.253304;0.293849;0.619421;1.664870;1.360036;1.543228;1.320535;1.018768;0.539115;0.445716;0.259765;;;;;;;;
3305.982847;0.179257;0.248842;0.329057;0.643976;8.000000;1.549786;1.294900;1.390626;0.983501;0.598213;0.462318;0.286936;;;;;;;;
3306.947252;0.212213;0.281317;0.317314;0.666853;8.000000;1.656281;1.148613;1.078965;0.953737;0.609354;0.493889;0.318543;;;;;;;;
3307.911658;0.223691;0.286546;0.269495;0.641870;8.000000;1.501077;1.087954;0.984109;0.998850;0.536741;0.478161;0.302444;;;;;;;;
3308.876064;0.200007;0.271970;0.274041;0.658245;8.000000;1.452659;1.101893;1.098798;1.042481;0.510355;0.426480;0.291235;;;;;;;;
3309.840469;0.201424;0.283080;0.303648;0.681011;8.000000;1.529396;1.214568;1.122346;0.984230;0.543619;0.429000;0.293599;;;;;;;;
3310.804875;0.205696;0.300457;0.285358;0.636323;2.339847;1.569476;1.202370;1.144817;1.012653;0.583811;0.446644;0.276138;;;;;;;;
3311.769281;0.203212;0.306033;0.263635;0.618102;1.598104;1.236166;1.090747;1.193233;1.127426;0.595990;0.440617;0.277925;;;;;;;;
3312.733687;0.220460;0.295432;0.280160;0.698067;2.009609;1.121689;1.108295;1.053324;1.103906;0.564655;0.441014;0.319079;;;;;;;;
3313.698092;0.217575;0.275714;0.290421;0.761528;1.925382;1.295697;1.115382;1.018816;1.065307;0.540967;0.447308;0.328913;;;;;;;;
3314.662498;0.195005;0.278211;0.296061;0.694334;1.710389;1.586894;1.045660;1.132544;1.096176;0.537333;0.428469;0.294487;;;;;;;;
3315.626904;0.203055;0.294692;0.316917;0.665659;2.051228;1.588390;1.066105;1.123963;1.099462;0.536717;0.408235;0.276570;;;;;;;;
3316.591310;0.211974;0.285366;0.314218;0.671800;1.854947;1.318947;1.068617;1.013797;1.067245;0.545513;0.411458;0.266368;;;;;;;;
3317.555715;0.211549;0.258666;0.289740;0.616740;1.524905;1.205770;1.014372;1.003524;1.044691;0.560422;0.392706;0.263931;;;;;;;;
3318.520121;0.222787;0.245973;0.282819;0.605638;1.624554;1.143209;1.083825;1.157484;0.993536;0.551434;0.379625;0.271974;;;;;;;;
3319.484527;0.221043;0.258131;0.301355;0.632397;8.000000;1.077754;1.216397;1.241332;0.913396;0.521366;0.411917;0.273640;;;;;;;;
3320.448933;0.206557;0.264441;0.305046;0.646472;8.000000;1.223331;1.148033;1.075225;0.910107;0.539780;0.418146;0.279757;;;;;;;;
3321.413338;0.195673;0.255635;0.271450;0.656382;1.371098;1.424156;1.019329;0.977568;1.003143;0.572357;0.380000;0.257420;;;;;;;;
3322.377744;0.201398;0.267134;0.263377;0.661072;1.192362;1.303088;1.094395;0.985104;1.038768;0.543133;0.388685;0.246040;;;;;;;;
3323.342150;0.221984;0.283849;0.298168;0.706180;1.349938;1.255288;1.223437;1.066916;0.996408;0.544089;0.444829;0.300512;;;;;;;;
3324.306555;0.221059;0.296982;0.327249;0.688696;1.844148;1.297401;1.252004;1.141220;1.056280;0.575285;0.472516;0.329228;;;;;;;;
3325.270961;0.210781;0.306156;0.332540;0.607724;8.000000;1.208866;1.497037;1.085156;1.075664;0.573947;0.455887;0.300071;;;;;;;;
3326.235367;0.221943;0.287623;0.320175;0.598932;8.000000;1.099307;1.325787;1.037069;0.866449;0.562697;0.413353;0.285440;;;;;;;;
3327.199773;0.223328;0.274980;0.306093;0.617532;1.558963;1.198194;1.102195;1.026823;0.788404;0.538298;0.384401;0.285801;;;;;;;;
3328.164178;0.217534;0.272279;0.302104;0.655796;1.777674;1.273908;1.182375;1.024834;0.911518;0.494750;0.386153;0.275729;;;;;;;;
3329.128584;0.240187;0.256516;0.297417;0.713440;3.114196;1.154572;1.056417;1.025949;0.932435;0.483353;0.393561;0.265918;;;;;;;;
3330.092990;0.245360;0.259517;0.286655;0.690674;1.700168;1.296488;0.952724;0.982668;0.816273;0.516990;0.398125;0.278023;;;;;;;;
3331.057396;0.217382;0.285660;0.285143;0.671041;1.642471;1.691199;1.107097;1.037409;0.873938;0.528778;0.393177;0.285062;;;;;;;;
3332.021801;0.217308;0.296812;0.287774;0.701964;1.793846;1.556187;1.280002;1.159741;1.021153;0.514719;0.401548;0.274377;;;;;;;;
3332.986207;0.225513;0.286000;0.272709;0.662446;1.890215;1.534518;1.245202;1.101559;1.022027;0.512164;0.416045;0.281660;;;;;;;;
3333.950613;0.217367;0.286834;0.260638;0.591471;8.000000;1.658924;1.117443;1.048399;1.011801;0.510921;0.401311;0.298139;;;;;;;;
3334.915018;0.212398;0.295037;0.269121;0.591895;8.000000;1.378582;1.100180;1.024595;0.966022;0.521691;0.395841;0.292538;;;;;;;;
3335.879424;0.203303;0.274264;0.292206;0.613701;2.598745;1.405945;1.217935;0.956142;0.890337;0.545431;0.410735;0.271654;;;;;;;;
3336.843830;0.207686;0.267060;0.317313;0.620204;2.331875;2.059719;1.186346;0.962107;0.891998;0.557902;0.426417;0.246473;;;;;;;;
3337.808236;0.211161;0.311702;0.302516;0.633724;1.682475;1.784877;1.061482;1.027856;0.922054;0.549042;0.432941;0.228175;;;;;;;;
3338.772641;0.194693;0.344663;0.286644;0.628048;1.432507;1.313705;1.045808;0.990406;0.959053;0.515398;0.431420;0.240481;;;;;;;;
3339.737047;0.195233;0.302623;0.297964;0.615474;1.561133;1.127492;1.062741;0.932820;0.933572;0.477395;0.420186;0.262937;;;;;;;;
3340.701453;0.205468;0.262537;0.282231;0.647160;1.761186;1.086489;1.023813;0.969576;0.873865;0.482449;0.396440;0.278818;;;;;;;;
3341.665859;0.218232;0.290652;0.284428;0.691594;1.874836;1.120505;1.010643;0.951809;0.910168;0.528479;0.419288;0.316990;;;;;;;;
3342.630264;0.216076;0.329646;0.312676;0.639163;1.820885;1.156025;1.073679;0.868734;0.958952;0.539038;0.453028;0.313081;;;;;;;;
3343.594670;0.192467;0.339675;0.292546;0.593397;1.402580;1.271044;1.139650;0.866440;0.996967;0.517380;0.416047;0.261888;;;;;;;;
3344.559076;0.205111;0.326742;0.276319;0.634633;1.229231;1.175338;1.179574;0.981127;1.020249;0.527327;0.382755;0.264035;;;;;;;;
3345.523482;0.223820;0.299838;0.296113;0.633741;1.343579;1.008459;1.218079;1.052225;0.926424;0.538683;0.390054;0.288560;;;;;;;;
3346.487887;0.214413;0.283641;0.290249;0.618383;1.464709;1.082418;1.140735;0.945380;0.903841;0.514143;0.405905;0.282547;;;;;;;;
3347.452293;0.209383;0.281862;0.268488;0.654073;1.438411;1.295312;1.150124;0.916946;0.998090;0.510374;0.416694;0.279400;;;;;;;;
3348.416699;0.203114;0.302729;0.265509;0.683157;1.528190;1.322516;1.271415;0.962650;0.958906;0.530326;0.395385;0.294189;;;;;;;;
3349.381104;0.199988;0.306751;0.261708;0.701594;1.626931;1.286572;1.077716;0.915010;0.859095;0.524052;0.382155;0.292649;;;;;;;;
3350.345510;0.211159;0.274420;0.277570;0.685412;2.386126;1.369721;0.904542;0.917421;0.860135;0.519728;0.427820;0.274661;;;;;;;;
3351.309916;0.232958;0.289597;0.328398;0.666158;8.000000;1.419141;0.904679;0.993697;0.903916;0.531069;0.441646;0.296757;;;;;;;;
3352.274322;0.250137;0.321849;0.353740;0.660663;2.202767;1.295932;0.986227;0.980978;0.925945;0.526998;0.400117;0.317137;;;;;;;;
3353.238727;0.246893;0.302187;0.346875;0.620575;1.553303;1.226334;1.103070;0.909683;0.968212;0.502105;0.410950;0.292845;;;;;;;;
3354.203133;0.230814;0.272880;0.341838;0.592485;1.513790;1.141771;1.075538;0.923808;0.979780;0.497260;0.448265;0.279846;;;;;;;;
3355.167539;0.205212;0.274768;0.337137;0.595381;1.522581;1.021998;1.078459;1.028179;0.898549;0.505141;0.439813;0.271333;;;;;;;;
3356.131945;0.192663;0.291773;0.336620;0.587703;1.542370;1.026317;1.189189;1.044793;0.851068;0.471642;0.422358;0.262563;;;;;;;;
3357.096350;0.208686;0.293946;0.334952;0.585311;1.457431;1.062038;1.060424;0.996376;0.871393;0.458097;0.403440;0.294097;;;;;;;;
3358.060756;0.231803;0.289045;0.298079;0.624269;1.452710;1.050442;0.910827;0.994771;0.878417;0.497592;0.386630;0.317639;;;;;;;;
3359.025162;0.256047;0.283924;0.269182;0.657278;1.523997;1.113064;0.960460;0.975020;0.910033;0.531500;0.407617;0.285928;;;;;;;;
3359.989568;0.239691;0.274705;0.298613;0.654371;1.368451;1.233705;1.133268;0.931147;0.931777;0.502682;0.425750;0.263001;;;;;;;;
3360.953973;0.198441;0.275616;0.320507;0.657394;1.208198;1.435757;1.177294;0.853106;0.844024;0.452237;0.387323;0.253928;;;;;;;;
3361.918379;0.208972;0.297710;0.311405;0.638638;1.207773;1.552732;1.129363;0.800741;0.812995;0.461573;0.357423;0.226991;;;;;;;;
3362.882785;0.228575;0.326911;0.320483;0.614887;1.308724;1.322082;1.103104;0.874982;0.847759;0.482176;0.360132;0.220874;;;;;;;;
3363.847190;0.210675;0.327219;0.325192;0.640840;1.437449;1.132371;1.142299;0.984492;0.808852;0.486026;0.361293;0.238699;;;;;;;;
3364.811596;0.205523;0.302081;0.316231;0.669641;1.728461;1.058233;1.314445;1.025387;0.819774;0.506222;0.362447;0.253621;;;;;;;;
3365.776002;0.208466;0.272786;0.289469;0.650532;1.837336;1.209196;1.413312;0.977755;0.884288;0.488348;0.360646;0.257304;;;;;;;;
3366.740408;0.199653;0.254100;0.261452;0.663504;1.531773;1.503721;1.271390;0.835636;0.820773;0.474303;0.367500;0.252988;;;;;;;;
3367.704813;0.185848;0.253241;0.258179;0.706629;1.453270;1.375737;1.143685;0.816753;0.816527;0.466586;0.379192;0.259369;;;;;;;;
3368.669219;0.175780;0.253949;0.253627;0.651538;1.290263;1.316438;1.042246;0.871508;0.908278;0.417199;0.375666;0.261862;;;;;;;;
3369.633625;0.203862;0.269312;0.270532;0.574900;1.133200;1.322945;0.987263;0.845524;0.863017;0.407999;0.392729;0.265942;;;;;;;;
3370.598031;0.256152;0.299248;0.289189;0.578999;1.139045;1.196697;1.107205;0.895190;0.845159;0.448006;0.427210;0.265986;;;;;;;;
3371.562436;0.272485;0.312336;0.277253;0.616826;1.171686;1.167543;1.260608;1.001621;0.907700;0.460049;0.430687;0.244275;;;;;;;;
3372.526842;0.244491;0.312048;0.293780;0.623826;1.319625;1.237212;1.020248;1.028959;0.886585;0.451551;0.402856;0.258487;;;;;;;;
3373.491248;0.228310;0.308255;0.331240;0.597534;1.749050;1.172649;0.878771;1.010840;0.862849;0.501964;0.378115;0.295489;;;;;;;;
3374.455653;0.233230;0.291744;0.343575;0.592043;1.718857;1.036986;0.970151;0.957754;0.835332;0.558052;0.357351;0.287171;;;;;;;;
3375.420059;0.221428;0.278930;0.338650;0.605884;1.571424;1.026923;1.013790;0.910372;0.782637;0.523627;0.342931;0.264869;;;;;;;;
3376.384465;0.214041;0.291631;0.315017;0.604244;1.711472;1.165539;0.945666;0.892811;0.780125;0.501722;0.342360;0.247072;;;;;;;;
3377.348871;0.221191;0.299287;0.299833;0.619633;1.288647;1.401767;0.990800;0.936598;0.754350;0.503585;0.336427;0.244656;;;;;;;;
3378.313276;0.224360;0.282560;0.330365;0.680635;1.049689;1.466294;1.040943;0.987005;0.731367;0.490617;0.358608;0.254650;;;;;;;;
3379.277682;0.225952;0.294599;0.361882;0.689500;1.205165;1.241304;1.001396;0.930664;0.739276;0.465108;0.394777;0.242216;;;;;;;;
3380.242088;0.218276;0.334504;0.339013;0.614309;1.261646;0.998288;1.035204;0.935579;0.745170;0.442372;0.367542;0.238920;;;;;;;;
3381.206494;0.217414;0.321876;0.331016;0.595391;1.076592;0.928657;1.039814;1.006901;0.796521;0.455564;0.352316;0.259279;;;;;;;;
3382.170899;0.223298;0.284211;0.345136;0.623423;1.184049;1.075739;0.951150;0.953445;0.802432;0.455861;0.382929;0.265837;;;;;;;;
3383.135305;0.216547;0.272144;0.308884;0.611630;1.225203;1.115919;0.961870;0.883888;0.755829;0.414389;0.393309;0.253378;;;;;;;;
3384.099711;0.217687;0.264905;0.275975;0.614450;1.036729;0.952312;1.000083;0.870836;0.766780;0.404200;0.402661;0.246492;;;;;;;;
3385.064117;0.225620;0.284704;0.293584;0.618978;1.056157;0.892312;0.944664;0.863890;0.794750;0.453305;0.412712;0.251186;;;;;;;;
3386.028522;0.228170;0.310074;0.324470;0.583460;1.135398;0.956516;0.961662;0.852848;0.807330;0.480433;0.393147;0.251389;;;;;;;;
3386.992928;0.231771;0.297430;0.351298;0.592941;1.181703;1.151876;1.024214;0.832237;0.837142;0.464750;0.375932;0.272351;;;;;;;;
3387.957334;0.233689;0.283524;0.347909;0.611558;1.311779;1.304034;0.961711;0.826545;0.899338;0.464584;0.345510;0.308193;;;;;;;;
3388.921739;0.228259;0.261151;0.307851;0.586680;1.541827;1.229805;0.863871;0.835618;0.943367;0.456510;0.304940;0.290444;;;;;;;;
3389.886145;0.221990;0.253463;0.277453;0.621733;1.631413;1.067068;0.840827;0.824393;0.880180;0.445636;0.314504;0.251593;;;;;;;;
3390.850551;0.237453;0.283246;0.270418;0.680274;1.196564;1.006177;0.907720;0.824131;0.742678;0.439021;0.348342;0.234961;;;;;;;;
3391.814957;0.244538;0.297223;0.268243;0.624325;1.041367;1.094358;0.890066;0.841060;0.667506;0.432438;0.340807;0.199164;;;;;;;;
3392.779362;0.225352;0.298261;0.280657;0.561939;1.278761;1.049164;0.778877;0.842325;0.745353;0.456688;0.330913;0.183310;;;;;;;;
3393.743768;0.227771;0.296340;0.306408;0.569965;1.528518;0.963224;0.857630;0.846084;0.848702;0.462336;0.355087;0.231321;;;;;;;;
3394.708174;0.232959;0.304382;0.314538;0.602582;1.453174;1.040101;1.070638;0.838407;0.821003;0.450655;0.363978;0.271650;;;;;;;;
3395.672580;0.228006;0.340149;0.308365;0.645056;1.341003;1.123986;1.055029;0.837761;0.779572;0.450802;0.354105;0.258280;;;;;;;;
3396.636985;0.228809;0.337610;0.317021;0.638517;1.052354;1.075091;0.939658;0.896131;0.785582;0.444054;0.346064;0.235551;;;;;;;;
3397.601391;0.224558;0.292079;0.323988;0.595376;0.957395;0.938298;0.852172;0.870545;0.811658;0.453321;0.319742;0.221710;;;;;;;;
3398.565797;0.221809;0.272601;0.303653;0.602830;1.120644;0.880068;0.824159;0.781441;0.786628;0.447218;0.308475;0.229410;;;;;;;;
3399.530202;0.212300;0.281020;0.283158;0.596391;1.129413;0.963847;0.821853;0.820334;0.761415;0.385602;0.321429;0.247738;;;;;;;;
3400.494608;0.203834;0.283176;0.278003;0.590810;1.042831;1.089469;0.795904;0.834054;0.794858;0.342595;0.325057;0.249767;;;;;;;;
3401.459014;0.215089;0.271002;0.276372;0.598997;1.152625;1.103650;0.802723;0.789498;0.774357;0.358953;0.320400;0.234993;;;;;;;;
3402.423420;0.221971;0.277538;0.284729;0.554231;1.155111;1.057943;0.845028;0.869592;0.633127;0.392854;0.293442;0.197593;;;;;;;;
3403.387825;0.218282;0.306507;0.327178;0.571639;1.045147;1.122773;0.886663;0.913335;0.552460;0.404575;0.280276;0.177434;;;;;;;;
3404.352231;0.218371;0.329552;0.357159;0.619359;1.052037;1.228484;0.874189;0.851136;0.591268;0.406945;0.321212;0.208304;;;;;;;;
3405.316637;0.226327;0.341683;0.329061;0.602986;1.037573;1.083686;0.843322;0.852648;0.633234;0.432586;0.358966;0.240355;;;;;;;;
3406.281043;0.231973;0.351745;0.314097;0.626295;0.994578;0.935748;0.813570;0.876266;0.677857;0.467368;0.352317;0.245683;;;;;;;;
3407.245448;0.222989;0.357778;0.309003;0.625903;1.026064;0.931426;0.721888;0.848228;0.723723;0.446020;0.327629;0.244618;;;;;;;;
3408.209854;0.212358;0.317610;0.288661;0.580388;1.170965;0.910533;0.694620;0.768727;0.675445;0.416496;0.313324;0.236923;;;;;;;;
3409.174260;0.215121;0.249688;0.306206;0.584809;1.351458;0.877743;0.819945;0.810745;0.668087;0.437356;0.311491;0.221620;;;;;;;;
3410.138666;0.223653;0.245743;0.317198;0.585164;1.354963;0.950034;0.880946;0.952853;0.773370;0.439882;0.315725;0.209823;;;;;;;;
3411.103071;0.217654;0.311482;0.289433;0.549291;1.354260;0.949754;0.796042;0.837010;0.847012;0.413816;0.332837;0.209765;;;;;;;;
3412.067477;0.209304;0.340654;0.288681;0.508291;1.397870;0.867493;0.750471;0.715481;0.777756;0.416173;0.323296;0.215150;;;;;;;;
3413.031883;0.223919;0.307035;0.319693;0.509294;1.311024;0.819594;0.747880;0.732141;0.714591;0.445736;0.293487;0.213521;;;;;;;;
3413.996288;0.251031;0.315928;0.347812;0.548157;1.171634;0.808550;0.796110;0.769107;0.736535;0.453322;0.312662;0.202709;;;;;;;;
3414.960694;0.269658;0.331954;0.324190;0.542446;1.142919;0.920891;0.824526;0.792540;0.787564;0.417473;0.331041;0.187604;;;;;;;;
3415.925100;0.248359;0.310969;0.264955;0.533275;1.165450;1.156132;0.757198;0.782357;0.835855;0.380074;0.306935;0.184197;;;;;;;;
3416.889506;0.203458;0.302996;0.260213;0.583500;1.021393;1.134481;0.708592;0.749382;0.762695;0.361753;0.307505;0.198900;;;;;;;;
3417.853911;0.215851;0.276797;0.287873;0.597161;0.869853;0.949171;0.710693;0.745040;0.646193;0.362971;0.324161;0.215476;;;;;;;;
3418.818317;0.263857;0.248765;0.281499;0.545452;0.859496;0.870309;0.737340;0.735088;0.642094;0.409514;0.310697;0.220501;;;;;;;;
3419.782723;0.277165;0.285089;0.284844;0.524819;0.968290;0.878649;0.758591;0.679439;0.680952;0.453676;0.293325;0.210091;;;;;;;;
3420.747129;0.275757;0.346720;0.314959;0.540093;1.064334;0.903103;0.730450;0.623145;0.672834;0.443349;0.317773;0.209437;;;;;;;;
3421.711534;0.264976;0.361743;0.329429;0.567347;1.057354;0.834446;0.750125;0.657302;0.662674;0.452322;0.367522;0.229953;;;;;;;;
3422.675940;0.249102;0.350254;0.335572;0.616738;1.062461;0.747722;0.837647;0.750778;0.647862;0.444178;0.368228;0.254870;;;;;;;;
3423.640346;0.254531;0.311786;0.340971;0.621886;1.043372;0.746098;0.840499;0.786418;0.656236;0.374412;0.325953;0.263155;;;;;;;;
3424.604751;0.245491;0.264008;0.329540;0.557712;0.982981;0.788588;0.809953;0.755497;0.735755;0.337939;0.289696;0.233674;;;;;;;;
3425.569157;0.217450;0.273082;0.315972;0.505786;0.968207;0.811744;0.832181;0.709760;0.717684;0.350036;0.274890;0.220103;;;;;;;;
3426.533563;0.209923;0.309782;0.295472;0.488709;0.995458;0.829023;0.760814;0.696589;0.610031;0.346301;0.270502;0.245982;;;;;;;;
3427.497969;0.224701;0.295687;0.268587;0.520562;1.026965;0.879286;0.691498;0.728824;0.614296;0.350421;0.266553;0.249665;;;;;;;;
3428.462374;0.254933;0.275550;0.294424;0.568148;1.044293;0.953111;0.734886;0.740074;0.652220;0.419587;0.294829;0.234822;;;;;;;;
3429.426780;0.283967;0.301803;0.339860;0.577560;1.039263;0.915143;0.755243;0.751070;0.602494;0.461918;0.342617;0.233075;;;;;;;;
3430.391186;0.283832;0.318460;0.337387;0.563415;0.949361;0.827577;0.697727;0.802774;0.561394;0.404019;0.350161;0.225999;;;;;;;;
3431.355592;0.250990;0.297227;0.334129;0.546299;0.845287;0.779776;0.639665;0.788624;0.546916;0.364385;0.312742;0.213147;;;;;;;;
3432.319997;0.231016;0.299546;0.328027;0.563770;0.825895;0.741788;0.618386;0.696375;0.546775;0.362211;0.268480;0.188669;;;;;;;;
3433.284403;0.228117;0.308431;0.320347;0.569485;0.881484;0.708787;0.624687;0.620249;0.600264;0.335058;0.260023;0.161689;;;;;;;;
3434.248809;0.219745;0.288980;0.358000;0.548150;0.962622;0.700763;0.636294;0.560258;0.666656;0.314124;0.286016;0.174192;;;;;;;;
3435.213215;0.233525;0.275241;0.377002;0.565059;0.888469;0.769000;0.658973;0.542733;0.665200;0.334466;0.290239;0.193586;;;;;;;;
3436.177620;0.243650;0.272335;0.342180;0.559480;0.755908;0.883000;0.676215;0.566885;0.618457;0.383429;0.273005;0.183367;;;;;;;;
3437.142026;0.216983;0.294395;0.304838;0.539858;0.765343;0.925375;0.681786;0.581669;0.558079;0.412257;0.264971;0.187161;;;;;;;;
3438.106432;0.201241;0.304943;0.292077;0.531607;0.876244;0.934904;0.669260;0.635235;0.511437;0.374222;0.258381;0.192286;;;;;;;;
3439.070837;0.214253;0.278638;0.290381;0.487612;0.950747;0.868661;0.618232;0.747622;0.511429;0.351945;0.253300;0.177565;;;;;;;;
3440.035243;0.234223;0.281865;0.276674;0.492011;0.934618;0.751377;0.579812;0.697605;0.613429;0.365206;0.253644;0.162150;;;;;;;;
3440.999649;0.221452;0.289318;0.273133;0.547331;0.843932;0.755680;0.630662;0.591166;0.696852;0.343293;0.243253;0.152631;;;;;;;;
3441.964055;0.188700;0.275746;0.302234;0.542060;0.791291;0.797887;0.732787;0.619662;0.603808;0.328424;0.250710;0.185248;;;;;;;;
3442.928460;0.203444;0.271186;0.317006;0.512437;0.785664;0.716495;0.675186;0.660102;0.550286;0.361365;0.290391;0.221246;;;;;;;;
3443.892866;0.247810;0.279091;0.285060;0.491184;0.739181;0.629090;0.605403;0.642911;0.559378;0.393924;0.305722;0.212706;;;;;;;;
3444.857272;0.274200;0.317781;0.273163;0.471058;0.701233;0.633351;0.648262;0.675724;0.582143;0.397198;0.294617;0.210910;;;;;;;;
3445.821678;0.274228;0.331958;0.312950;0.481769;0.721899;0.724779;0.648351;0.688557;0.597705;0.379033;0.296335;0.202497;;;;;;;;
3446.786083;0.256414;0.296354;0.351737;0.504481;0.743688;0.766575;0.605222;0.646089;0.566442;0.352025;0.297286;0.190124;;;;;;;;
3447.750489;0.232081;0.287719;0.367166;0.518358;0.743178;0.690507;0.607125;0.635976;0.564805;0.310035;0.277061;0.203044;;;;;;;;
3448.714895;0.217430;0.301588;0.347340;0.512690;0.747629;0.642121;0.627584;0.622557;0.567753;0.294552;0.227762;0.201936;;;;;;;;
3449.679301;0.220148;0.292297;0.303875;0.507076;0.774012;0.622893;0.666756;0.570647;0.524198;0.320414;0.182256;0.184383;;;;;;;;
3450.643706;0.216516;0.271845;0.283750;0.505259;0.828822;0.576235;0.632105;0.558720;0.486637;0.328070;0.191524;0.171869;;;;;;;;
3451.608112;0.197062;0.269285;0.293764;0.488422;0.855624;0.572482;0.534171;0.596472;0.479091;0.334524;0.224091;0.160778;;;;;;;;
3452.572518;0.207098;0.290208;0.320273;0.534314;0.809213;0.644781;0.540595;0.606506;0.517012;0.368791;0.243506;0.173963;;;;;;;;
3453.536923;0.251217;0.337159;0.332405;0.601693;0.803068;0.701851;0.649907;0.595257;0.540382;0.374294;0.272754;0.201936;;;;;;;;
3454.501329;0.280758;0.378742;0.320954;0.553922;0.863454;0.709752;0.702431;0.579674;0.524804;0.357039;0.292203;0.197478;;;;;;;;
3455.465735;0.256518;0.349799;0.321492;0.491035;0.839117;0.731219;0.647224;0.557711;0.534755;0.340872;0.296234;0.192407;;;;;;;;
3456.430141;0.235066;0.325748;0.322673;0.489841;0.737765;0.707116;0.608539;0.567174;0.577559;0.323634;0.301362;0.222205;;;;;;;;
3457.394546;0.251230;0.341444;0.304850;0.497277;0.693079;0.671822;0.575952;0.584897;0.598310;0.303970;0.286172;0.211442;;;;;;;;
3458.358952;0.230115;0.312204;0.286324;0.452277;0.695502;0.716109;0.533503;0.568601;0.539107;0.290162;0.250154;0.142882;;;;;;;;
3459.323358;0.187100;0.275680;0.273011;0.396958;0.697464;0.654492;0.509531;0.533484;0.448400;0.295850;0.230852;0.109720;;;;;;;;
3460.287764;0.194014;0.290445;0.268317;0.402501;0.703241;0.549940;0.487268;0.510985;0.415156;0.284429;0.250188;0.147561;;;;;;;;
3461.252169;0.204258;0.300517;0.274374;0.431904;0.771892;0.605461;0.485516;0.512141;0.451722;0.267487;0.263430;0.172030;;;;;;;;
3462.216575;0.204297;0.290171;0.304234;0.473059;0.836085;0.684946;0.513815;0.536098;0.479438;0.300223;0.266722;0.149598;;;;;;;;
3463.180981;0.240901;0.319522;0.338540;0.517107;0.772920;0.643088;0.525176;0.560495;0.449574;0.341410;0.302296;0.152756;;;;;;;;
3464.145386;0.276902;0.367670;0.322903;0.500535;0.769548;0.599047;0.491943;0.555232;0.468307;0.329297;0.309319;0.168497;;;;;;;;
3465.109792;0.271689;0.351947;0.297051;0.469357;0.863783;0.583235;0.475104;0.534415;0.525232;0.287838;0.245577;0.166488;;;;;;;;
3466.074198;0.263796;0.324034;0.302878;0.459939;0.809562;0.595383;0.568282;0.529128;0.508925;0.258615;0.202734;0.161823;;;;;;;;
3467.038604;0.261313;0.330834;0.318849;0.432959;0.680921;0.599522;0.630304;0.553317;0.467348;0.262771;0.205863;0.149946;;;;;;;;
3468.003009;0.244096;0.315077;0.352214;0.425362;0.598091;0.576991;0.507407;0.592125;0.447407;0.279128;0.206002;0.147605;;;;;;;;
3468.967415;0.203000;0.275070;0.360254;0.460859;0.566358;0.553825;0.430733;0.609228;0.435923;0.271380;0.211663;0.154933;;;;;;;;
3469.931821;0.166312;0.264152;0.340421;0.495623;0.644347;0.547495;0.459890;0.597066;0.472798;0.271307;0.231759;0.166805;;;;;;;;
3470.896227;0.196169;0.305581;0.370778;0.518043;0.720442;0.588683;0.521187;0.562277;0.569329;0.299292;0.235740;0.200923;;;;;;;;
3471.860632;0.251198;0.340308;0.384190;0.503361;0.695119;0.629981;0.562042;0.528318;0.600507;0.296533;0.240101;0.217805;;;;;;;;
3472.825038;0.248149;0.343322;0.347899;0.457850;0.695892;0.583819;0.581728;0.526859;0.535482;0.262146;0.258409;0.190258;;;;;;;;
3473.789444;0.216337;0.360429;0.334866;0.451504;0.636626;0.539989;0.600380;0.549839;0.457534;0.246642;0.254619;0.164500;;;;;;;;
3474.753850;0.212283;0.362950;0.332744;0.475557;0.537412;0.567935;0.567948;0.525917;0.418521;0.264662;0.213106;0.165244;;;;;;;;
3475.718255;0.246170;0.341258;0.313479;0.452929;0.557606;0.545037;0.512963;0.475171;0.451313;0.291250;0.183822;0.164339;;;;;;;;
3476.682661;0.280757;0.323398;0.322663;0.398229;0.595995;0.506606;0.500827;0.477964;0.467682;0.303370;0.199647;0.159130;;;;;;;;
3477.647067;0.280650;0.298427;0.379509;0.379753;0.555088;0.556108;0.487379;0.489008;0.416619;0.302562;0.222029;0.160082;;;;;;;;
3478.611472;0.269929;0.286868;0.389694;0.382374;0.548037;0.585080;0.494496;0.483915;0.386947;0.284247;0.206678;0.159420;;;;;;;;
3479.575878;0.243813;0.293987;0.333133;0.360017;0.581998;0.542901;0.529909;0.514090;0.406540;0.254962;0.188723;0.149967;;;;;;;;
3480.540284;0.213789;0.301973;0.301904;0.359219;0.641664;0.537778;0.464122;0.516599;0.457717;0.233858;0.194895;0.130420;;;;;;;;
3481.504690;0.222206;0.300014;0.303171;0.407526;0.732154;0.515281;0.383139;0.479749;0.497938;0.243800;0.205541;0.131798;;;;;;;;
3482.469095;0.250953;0.293711;0.342193;0.432233;0.704487;0.487769;0.403550;0.491867;0.475015;0.268710;0.226020;0.165197;;;;;;;;
3483.433501;0.263011;0.318270;0.365812;0.404196;0.631268;0.523015;0.440514;0.526546;0.421543;0.261687;0.246085;0.180136;;;;;;;;
3484.397907;0.245187;0.342148;0.352476;0.399735;0.605930;0.527899;0.449177;0.527416;0.411855;0.260366;0.236521;0.163117;;;;;;;;
3485.362313;0.219882;0.328031;0.365471;0.435890;0.594181;0.494144;0.484887;0.489673;0.416257;0.279908;0.218880;0.150505;;;;;;;;
3486.326718;0.200889;0.318833;0.366160;0.425666;0.583316;0.473781;0.499525;0.437056;0.383320;0.288364;0.214907;0.158393;;;;;;;;
3487.291124;0.190110;0.296931;0.353766;0.387518;0.570221;0.453331;0.462152;0.420584;0.384739;0.286921;0.226976;0.170923;;;;;;;;
3488.255530;0.215839;0.267062;0.331217;0.423600;0.610896;0.471854;0.453721;0.458617;0.410957;0.260226;0.241460;0.157752;;;;;;;;
3489.219935;0.248951;0.279714;0.290650;0.483480;0.623577;0.483960;0.452261;0.439529;0.415685;0.246542;0.232799;0.136221;;;;;;;;
3490.184341;0.255712;0.301315;0.295081;0.462274;0.549067;0.451521;0.430964;0.380198;0.435774;0.269737;0.220658;0.144424;;;;;;;;
3491.148747;0.258715;0.298557;0.305865;0.441284;0.548461;0.441243;0.447186;0.423213;0.428066;0.278524;0.213434;0.161419;;;;;;;;
3492.113153;0.242122;0.303647;0.285001;0.459346;0.564750;0.445739;0.444798;0.488010;0.386393;0.270837;0.191613;0.155542;;;;;;;;
3493.077558;0.203705;0.313909;0.277424;0.455496;0.500100;0.461751;0.394699;0.449994;0.362699;0.249532;0.168804;0.128684;;;;;;;;
3494.041964;0.180459;0.283804;0.274091;0.431934;0.447710;0.492265;0.384156;0.397322;0.355011;0.209727;0.156902;0.093678;;;;;;;;
3495.006370;0.193355;0.246886;0.272681;0.405481;0.456416;0.513222;0.389165;0.380603;0.365642;0.210660;0.163592;0.093427;;;;;;;;
3495.970776;0.224459;0.272696;0.303779;0.421279;0.485109;0.523723;0.375091;0.415644;0.384128;0.271610;0.201276;0.137568;;;;;;;;
3496.935181;0.245045;0.321798;0.346431;0.480491;0.503110;0.521027;0.397104;0.468560;0.380543;0.317685;0.241963;0.181752;;;;;;;;
3497.899587;0.255477;0.326517;0.354972;0.466279;0.530951;0.536844;0.443393;0.478838;0.386353;0.317513;0.241507;0.194973;;;;;;;;
3498.863993;0.271497;0.316253;0.348654;0.413623;0.552267;0.564350;0.472323;0.472219;0.415387;0.305034;0.215695;0.185762;;;;;;;;
3499.828399;0.289848;0.337984;0.351600;0.410822;0.581690;0.550528;0.470364;0.450016;0.434963;0.286004;0.208432;0.168311;;;;;;;;
3500.792804;0.287037;0.359816;0.342883;0.423835;0.612739;0.538172;0.432525;0.416622;0.455739;0.282791;0.217951;0.140405;;;;;;;;
3501.757210;0.286351;0.347863;0.351133;0.442026;0.578969;0.539912;0.427124;0.423139;0.437404;0.290859;0.237939;0.142234;;;;;;;;
3502.721616;0.275800;0.338901;0.375041;0.426787;0.549075;0.499887;0.469886;0.438813;0.378882;0.270002;0.251313;0.175958;;;;;;;;
3503.686021;0.222636;0.321417;0.342899;0.380917;0.528883;0.452753;0.491101;0.447246;0.359781;0.236655;0.216100;0.174205;;;;;;;;
3504.650427;0.203312;0.295352;0.305782;0.389366;0.494092;0.443416;0.494876;0.507682;0.363785;0.222278;0.189472;0.149868;;;;;;;;
3505.614833;0.242873;0.305016;0.321619;0.401819;0.486999;0.450551;0.480755;0.526907;0.374927;0.247992;0.205183;0.152591;;;;;;;;
3506.579239;0.269455;0.326598;0.335059;0.368426;0.477399;0.448572;0.444491;0.446131;0.417063;0.293870;0.182760;0.165791;;;;;;;;
3507.543644;0.275584;0.334903;0.334008;0.364647;0.452080;0.460570;0.414872;0.411184;0.447390;0.310817;0.146360;0.160457;;;;;;;;
3508.508050;0.283572;0.324722;0.326106;0.399487;0.457499;0.468336;0.402636;0.422992;0.414167;0.290025;0.161086;0.166680;;;;;;;;
3509.472456;0.277336;0.308879;0.318169;0.439721;0.499250;0.452281;0.423731;0.393833;0.378142;0.272239;0.200048;0.189367;;;;;;;;
3510.436862;0.245900;0.334288;0.339287;0.450135;0.532065;0.466353;0.439792;0.369809;0.349992;0.263642;0.216581;0.164286;;;;;;;;
3511.401267;0.204150;0.389182;0.353429;0.420724;0.509984;0.495932;0.418281;0.386598;0.315755;0.247002;0.197281;0.127255;;;;;;;;
3512.365673;0.188224;0.377741;0.343205;0.390122;0.472457;0.494512;0.401920;0.376475;0.326391;0.232171;0.177839;0.136127;;;;;;;;
3513.330079;0.213915;0.297792;0.341856;0.360238;0.470970;0.484597;0.379648;0.333382;0.366132;0.225357;0.175790;0.152316;;;;;;;;
3514.294484;0.244417;0.264696;0.339362;0.356073;0.475670;0.462371;0.359155;0.360335;0.379835;0.225050;0.193085;0.144195;;;;;;;;
3515.258890;0.253210;0.277029;0.331656;0.393023;0.482961;0.435324;0.361329;0.411650;0.384431;0.239908;0.211017;0.142284;;;;;;;;
3516.223296;0.275343;0.270682;0.337061;0.406143;0.502000;0.439149;0.353363;0.376210;0.382068;0.269480;0.199733;0.147711;;;;;;;;
3517.187702;0.303592;0.291367;0.334628;0.381908;0.491996;0.464356;0.364928;0.361048;0.366869;0.287935;0.201186;0.146376;;;;;;;;
3518.152107;0.277572;0.328466;0.310397;0.367939;0.475002;0.472536;0.411145;0.381648;0.336597;0.257388;0.200394;0.153722;;;;;;;;
3519.116513;0.241228;0.313506;0.308052;0.361050;0.466167;0.438838;0.440480;0.349401;0.308531;0.230150;0.165652;0.146237;;;;;;;;
3520.080919;0.223409;0.309935;0.325760;0.344240;0.445142;0.373179;0.449976;0.339170;0.301076;0.236351;0.131183;0.106706;;;;;;;;
3521.045325;0.208269;0.313883;0.336252;0.325122;0.440152;0.350318;0.410897;0.386783;0.302312;0.222569;0.099986;0.089831;;;;;;;;
3522.009730;0.222155;0.299565;0.335772;0.342879;0.491023;0.400770;0.347312;0.416995;0.318027;0.208549;0.112704;0.119521;;;;;;;;
3522.974136;0.239543;0.312535;0.299774;0.391806;0.571700;0.432705;0.351516;0.401204;0.324504;0.229079;0.167668;0.158088;;;;;;;;
3523.938542;0.243860;0.322333;0.281241;0.392759;0.592482;0.423893;0.399848;0.366954;0.332215;0.233183;0.174005;0.168689;;;;;;;;
3524.902948;0.272483;0.337819;0.325502;0.370034;0.573447;0.439874;0.422129;0.365980;0.384203;0.230064;0.160660;0.173008;;;;;;;;
3525.867353;0.305757;0.396420;0.357972;0.371523;0.545353;0.441578;0.419850;0.425813;0.407430;0.252823;0.190097;0.182998;;;;;;;;
3526.831759;0.314200;0.432483;0.349725;0.356157;0.522875;0.412535;0.412936;0.449308;0.369621;0.234897;0.224871;0.166921;;;;;;;;
3527.796165;0.278481;0.413213;0.360429;0.347521;0.536517;0.412576;0.403095;0.391042;0.354644;0.204963;0.221119;0.145423;;;;;;;;
3528.760570;0.232837;0.373095;0.355702;0.363920;0.542193;0.411197;0.403527;0.344973;0.384462;0.230227;0.196593;0.141512;;;;;;;;
3529.724976;0.217015;0.316323;0.317800;0.376019;0.532424;0.371859;0.395362;0.319731;0.390754;0.246366;0.179022;0.130186;;;;;;;;
3530.689382;0.218650;0.267365;0.319107;0.406106;0.505958;0.396285;0.376890;0.328094;0.346672;0.242591;0.181059;0.126455;;;;;;;;
3531.653788;0.240003;0.273074;0.351174;0.417595;0.479474;0.479938;0.406740;0.379846;0.355811;0.237332;0.187304;0.148252;;;;;;;;
3532.618193;0.250612;0.305606;0.334071;0.388723;0.478251;0.467351;0.433242;0.399362;0.369196;0.210852;0.175539;0.152184;;;;;;;;
3533.582599;0.234828;0.310154;0.299681;0.368454;0.460388;0.426206;0.403461;0.385231;0.314852;0.197249;0.163268;0.131476;;;;;;;;
3534.547005;0.235769;0.328940;0.298134;0.353222;0.456392;0.445853;0.386684;0.351624;0.317013;0.193852;0.154067;0.121153;;;;;;;;
3535.511411;0.249407;0.348992;0.297552;0.343463;0.470136;0.453006;0.377454;0.304196;0.346331;0.192886;0.144187;0.108793;;;;;;;;
3536.475816;0.268181;0.304949;0.306588;0.355035;0.439328;0.422104;0.374932;0.310191;0.331388;0.201818;0.155497;0.093050;;;;;;;;
3537.440222;0.265346;0.293286;0.337976;0.363807;0.387254;0.401257;0.373776;0.321370;0.331605;0.201450;0.157463;0.093348;;;;;;;;
3538.404628;0.219870;0.312967;0.342888;0.339118;0.362085;0.383519;0.328977;0.313697;0.301972;0.192029;0.129253;0.092269;;;;;;;;
3539.369034;0.215500;0.294452;0.326679;0.327424;0.416022;0.364279;0.293757;0.338510;0.275574;0.187934;0.127816;0.098908;;;;;;;;
3540.333439;0.262560;0.287940;0.335743;0.358961;0.497252;0.387486;0.313587;0.327273;0.328291;0.215332;0.170688;0.133932;;;;;;;;
3541.297845;0.275469;0.313908;0.330464;0.365977;0.506531;0.438418;0.371584;0.322557;0.390341;0.243505;0.204347;0.163050;;;;;;;;
3542.262251;0.268417;0.339682;0.284825;0.373735;0.481383;0.465661;0.423198;0.381717;0.365036;0.229304;0.200374;0.162604;;;;;;;;
3543.226656;0.277940;0.351021;0.288868;0.424405;0.454758;0.477961;0.413129;0.395153;0.310646;0.211614;0.179371;0.144306;;;;;;;;
3544.191062;0.283435;0.346912;0.354283;0.455943;0.427766;0.470667;0.370158;0.353880;0.316200;0.211887;0.167495;0.112222;;;;;;;;
3545.155468;0.259539;0.352609;0.342366;0.452828;0.407498;0.442469;0.354673;0.330791;0.316670;0.207466;0.160419;0.090769;;;;;;;;
3546.119874;0.233118;0.364605;0.298545;0.430469;0.404304;0.423516;0.369071;0.345672;0.284046;0.196298;0.156009;0.093035;;;;;;;;
3547.084279;0.243616;0.333827;0.288292;0.395297;0.390184;0.417813;0.367744;0.362493;0.300626;0.184354;0.158358;0.096217;;;;;;;;
3548.048685;0.242764;0.286249;0.283185;0.369122;0.352620;0.415551;0.331690;0.341568;0.317251;0.171332;0.146928;0.104496;;;;;;;;
3549.013091;0.216851;0.283297;0.318974;0.372775;0.342307;0.407036;0.305439;0.361051;0.303995;0.178770;0.141930;0.127340;;;;;;;;
3549.977497;0.232805;0.311353;0.354004;0.403846;0.371430;0.414861;0.319103;0.385687;0.317695;0.196864;0.158088;0.138921;;;;;;;;
3550.941902;0.265512;0.349799;0.360663;0.422725;0.435996;0.428540;0.344777;0.358861;0.326659;0.203320;0.165001;0.146189;;;;;;;;
3551.906308;0.261867;0.376830;0.367340;0.432916;0.481882;0.379307;0.365782;0.353965;0.321166;0.220301;0.170159;0.144745;;;;;;;;
3552.870714;0.259364;0.343026;0.341307;0.420685;0.434156;0.322300;0.404178;0.363084;0.335841;0.227809;0.180357;0.117285;;;;;;;;
3553.835119;0.273288;0.321438;0.357739;0.383005;0.406169;0.341263;0.421482;0.371340;0.324347;0.217518;0.180852;0.113001;;;;;;;;
3554.799525;0.267559;0.335428;0.410300;0.376750;0.421305;0.399536;0.398328;0.356008;0.302765;0.209626;0.172410;0.132987;;;;;;;;
3555.763931;0.244537;0.307512;0.385796;0.368323;0.369949;0.405846;0.383689;0.328902;0.325838;0.183974;0.161133;0.135792;;;;;;;;
3556.728337;0.229586;0.260265;0.341596;0.331097;0.324559;0.368965;0.358912;0.337226;0.326511;0.160796;0.149795;0.128963;;;;;;;;
3557.692742;0.230732;0.250603;0.339444;0.312203;0.379511;0.374403;0.349064;0.350938;0.294749;0.163609;0.146437;0.115566;;;;;;;;
3558.657148;0.260350;0.298162;0.353373;0.317892;0.455971;0.405061;0.377263;0.366257;0.302390;0.185424;0.170992;0.111486;;;;;;;;
3559.621554;0.287792;0.357099;0.330200;0.347722;0.456329;0.380676;0.359611;0.391552;0.315348;0.206048;0.188878;0.110114;;;;;;;;
3560.585960;0.258889;0.352826;0.307015;0.397291;0.432930;0.360179;0.327568;0.373256;0.325229;0.198933;0.162430;0.080635;;;;;;;;
3561.550365;0.236833;0.330069;0.310405;0.416180;0.423673;0.379180;0.340335;0.321357;0.335853;0.186684;0.142874;0.073721;;;;;;;;
3562.514771;0.261099;0.308213;0.288660;0.390852;0.430278;0.383719;0.331208;0.302056;0.306758;0.179144;0.146087;0.101389;;;;;;;;
3563.479177;0.271667;0.291212;0.282875;0.339584;0.401250;0.373050;0.295779;0.281865;0.298885;0.169344;0.142619;0.097837;;;;;;;;
3564.443583;0.249237;0.339165;0.301691;0.301040;0.359834;0.371228;0.287678;0.250824;0.317237;0.174877;0.131682;0.077966;;;;;;;;
3565.407988;0.218510;0.412717;0.329963;0.302599;0.408285;0.361802;0.329054;0.309342;0.325308;0.195111;0.141745;0.109846;;;;;;;;
3566.372394;0.219772;0.415890;0.372775;0.319661;0.472266;0.332512;0.402705;0.406314;0.352504;0.238127;0.174971;0.177202;;;;;;;;
3567.336800;0.243726;0.397936;0.362083;0.334005;0.417860;0.332209;0.441152;0.386772;0.340711;0.277287;0.184210;0.184285;;;;;;;;
3568.301205;0.242364;0.366283;0.327372;0.338843;0.388789;0.349270;0.413123;0.339912;0.309703;0.255122;0.165532;0.133926;;;;;;;;
3569.265611;0.236972;0.321881;0.308094;0.362022;0.434224;0.351677;0.378675;0.341709;0.351253;0.220603;0.144065;0.097228;;;;;;;;
3570.230017;0.233252;0.300217;0.295924;0.377086;0.441586;0.401725;0.361393;0.358193;0.366230;0.188451;0.125203;0.082907;;;;;;;;
3571.194423;0.224722;0.293151;0.289415;0.322995;0.395542;0.429513;0.324926;0.311491;0.322954;0.146750;0.104881;0.077558;;;;;;;;
3572.158828;0.216361;0.269747;0.283913;0.293658;0.346533;0.356202;0.298936;0.254830;0.298039;0.142237;0.093955;0.079780;;;;;;;;
3573.123234;0.218477;0.262154;0.326149;0.327950;0.368060;0.334014;0.325125;0.273870;0.291765;0.176272;0.118955;0.100121;;;;;;;;
3574.087640;0.268548;0.323986;0.379121;0.374977;0.482207;0.372400;0.359717;0.317729;0.319130;0.201676;0.153029;0.137960;;;;;;;;
3575.052046;0.308797;0.379771;0.385295;0.420887;0.525319;0.391261;0.359497;0.344572;0.355185;0.205047;0.165757;0.144841;;;;;;;;
3576.016451;0.293942;0.356466;0.364973;0.417482;0.428744;0.366623;0.337961;0.335420;0.354924;0.192922;0.169327;0.114829;;;;;;;;
3576.980857;0.293754;0.345994;0.316244;0.369347;0.366817;0.320892;0.319542;0.290014;0.321963;0.195507;0.159055;0.112875;;;;;;;;
3577.945263;0.299156;0.373406;0.297976;0.356673;0.381753;0.334131;0.300433;0.273216;0.279295;0.210654;0.134057;0.118784;;;;;;;;
3578.909668;0.252721;0.349743;0.312505;0.357410;0.380619;0.356019;0.298624;0.293383;0.255949;0.179590;0.119070;0.090407;;;;;;;;
3579.874074;0.175263;0.297428;0.299197;0.316836;0.339963;0.322124;0.321380;0.310842;0.236852;0.132621;0.124794;0.075196;;;;;;;;
3580.838480;0.142307;0.275974;0.285374;0.297174;0.333330;0.319669;0.312531;0.290841;0.239381;0.145021;0.130468;0.079726;;;;;;;;
3581.802886;0.174862;0.280042;0.282495;0.317309;0.379452;0.331257;0.300053;0.279455;0.280730;0.185386;0.139650;0.095726;;;;;;;;
3582.767291;0.217220;0.293150;0.289724;0.306534;0.404503;0.318656;0.310403;0.297932;0.294553;0.185639;0.152483;0.122689;;;;;;;;
3583.731697;0.238137;0.298383;0.321422;0.315954;0.370190;0.328995;0.318855;0.304858;0.308804;0.174031;0.137459;0.133619;;;;;;;;
3584.696103;0.240881;0.321942;0.321081;0.376938;0.366355;0.352891;0.350018;0.326633;0.351618;0.191889;0.128227;0.135752;;;;;;;;
3585.660509;0.254116;0.376411;0.333354;0.425135;0.437056;0.382974;0.396403;0.381526;0.350301;0.207356;0.143155;0.140998;;;;;;;;
3586.624914;0.299654;0.399525;0.423768;0.448063;0.489522;0.416590;0.420413;0.408603;0.346896;0.218702;0.159901;0.164757;;;;;;;;
3587.589320;0.313878;0.403448;0.442280;0.437246;0.455328;0.390969;0.438203;0.411369;0.361976;0.249887;0.173665;0.179871;;;;;;;;
3588.553726;0.260239;0.382745;0.401614;0.395222;0.373802;0.338345;0.427540;0.390183;0.320124;0.234562;0.155345;0.135668;;;;;;;;
3589.518132;0.196424;0.338020;0.378811;0.370505;0.325740;0.298822;0.387100;0.352530;0.279650;0.176400;0.128668;0.104236;;;;;;;;
3590.482537;0.181364;0.310692;0.316075;0.360405;0.326349;0.271825;0.377642;0.315013;0.305611;0.154857;0.121988;0.110915;;;;;;;;
3591.446943;0.214093;0.299819;0.291487;0.341178;0.352643;0.323483;0.414874;0.272757;0.323985;0.153665;0.126317;0.112071;;;;;;;;
3592.411349;0.244446;0.299650;0.318101;0.325636;0.394492;0.393522;0.393342;0.265161;0.267583;0.138562;0.124831;0.101505;;;;;;;;
3593.375754;0.269833;0.249709;0.348581;0.328893;0.405723;0.371092;0.287276;0.286412;0.241950;0.147350;0.092349;0.091195;;;;;;;;
3594.340160;0.285317;0.205876;0.374917;0.327500;0.422435;0.391640;0.264377;0.304914;0.299937;0.187451;0.082463;0.090950;;;;;;;;
3595.304566;0.276327;0.249604;0.332378;0.300981;0.429837;0.397755;0.322790;0.322654;0.307396;0.197204;0.103790;0.076295;;;;;;;;
3596.268972;0.284021;0.297363;0.301201;0.262747;0.357166;0.326997;0.341953;0.317036;0.248769;0.174465;0.106031;0.063971;;;;;;;;
3597.233377;0.289009;0.305585;0.321347;0.254367;0.331576;0.327793;0.346338;0.298374;0.240767;0.149247;0.104521;0.072293;;;;;;;;
3598.197783;0.264418;0.299316;0.308660;0.287377;0.357815;0.361920;0.343097;0.292261;0.254596;0.148965;0.098369;0.073438;;;;;;;;
3599.162189;0.243388;0.311404;0.283595;0.315392;0.354577;0.352036;0.311990;0.288063;0.247358;0.174345;0.105767;0.089677;;;;;;;;
3600.126595;0.248304;0.352442;0.250309;0.317456;0.346599;0.335324;0.289957;0.301220;0.243023;0.182165;0.134456;0.089534;;;;;;;;
3601.091000;0.264782;0.339349;0.231848;0.327701;0.345646;0.348472;0.306673;0.333358;0.250496;0.174686;0.138174;0.074142;;;;;;;;
3602.055406;0.252932;0.317303;0.279377;0.349976;0.348792;0.388791;0.358803;0.334118;0.286703;0.195703;0.137714;0.096543;;;;;;;;
3603.019812;0.225604;0.335897;0.310008;0.372994;0.352272;0.390595;0.370490;0.317526;0.309664;0.216265;0.148078;0.084581;;;;;;;;
3603.984217;0.232818;0.347988;0.312489;0.415604;0.373413;0.353467;0.376242;0.320006;0.285935;0.211722;0.149634;0.066173;;;;;;;;
3604.948623;0.262801;0.362259;0.336230;0.413734;0.388704;0.339912;0.390585;0.316575;0.272143;0.221637;0.154436;0.089260;;;;;;;;
3605.913029;0.255779;0.354389;0.335034;0.342761;0.353428;0.346733;0.351980;0.298071;0.286816;0.221082;0.148532;0.102257;;;;;;;;
3606.877435;0.245105;0.309664;0.340053;0.333874;0.344932;0.352023;0.357876;0.296599;0.313529;0.182208;0.133804;0.132208;;;;;;;;
3607.841840;0.257318;0.276543;0.384062;0.402164;0.350201;0.357959;0.368642;0.337802;0.329273;0.168176;0.134225;0.158539;;;;;;;;
3608.806246;0.235502;0.249984;0.397029;0.423371;0.315234;0.324109;0.296787;0.358103;0.307450;0.166227;0.113340;0.096330;;;;;;;;
3609.770652;0.210902;0.238576;0.377826;0.367789;0.335611;0.291546;0.294684;0.304509;0.291768;0.143811;0.094792;0.056411;;;;;;;;
3610.735058;0.208916;0.264004;0.353271;0.311787;0.421581;0.315896;0.341240;0.298355;0.317722;0.156945;0.127555;0.099105;;;;;;;;
3611.699463;0.213709;0.269446;0.310367;0.282369;0.471291;0.355144;0.319956;0.346675;0.337344;0.220684;0.159850;0.126347;;;;;;;;
3612.663869;0.253346;0.242435;0.290909;0.292166;0.411320;0.379446;0.280401;0.339513;0.301183;0.247558;0.140382;0.080843;;;;;;;;
3613.628275;0.295782;0.294362;0.304465;0.302466;0.354003;0.372423;0.295534;0.287471;0.246718;0.185277;0.116576;0.067319;;;;;;;;
3614.592681;0.259009;0.336596;0.277313;0.275990;0.339545;0.340972;0.299603;0.248302;0.189304;0.113770;0.101249;0.068665;;;;;;;;
3615.557086;0.183373;0.279671;0.214317;0.249153;0.304452;0.311619;0.270784;0.225270;0.156471;0.081207;0.081382;0.035327;;;;;;;;
3616.521492;0.170346;0.276832;0.208052;0.277494;0.287186;0.287245;0.285496;0.259321;0.207600;0.125184;0.101006;0.033064;;;;;;;;
3617.485898;0.218874;0.292482;0.277223;0.338316;0.296848;0.301510;0.306141;0.320110;0.282649;0.183923;0.149559;0.079043;;;;;;;;
3618.450303;0.234769;0.266414;0.315056;0.356423;0.291092;0.362063;0.280047;0.328114;0.318366;0.172573;0.152502;0.112915;;;;;;;;
3619.414709;0.218470;0.276530;0.278847;0.350783;0.306728;0.403469;0.266125;0.291804;0.335141;0.146575;0.143356;0.092953;;;;;;;;
3620.379115;0.229087;0.278468;0.274419;0.350218;0.328649;0.382127;0.284432;0.247233;0.296518;0.151606;0.144149;0.060101;;;;;;;;
3621.343521;0.257496;0.286406;0.307952;0.343260;0.337515;0.333292;0.310043;0.255656;0.237471;0.155931;0.119531;0.066528;;;;;;;;
3622.307926;0.250859;0.304206;0.310300;0.337899;0.335076;0.280075;0.299705;0.289330;0.225830;0.140119;0.104129;0.084935;;;;;;;;
3623.272332;0.198606;0.272967;0.265618;0.304768;0.304827;0.261105;0.250278;0.261210;0.244433;0.137601;0.106313;0.072415;;;;;;;;
3624.236738;0.177682;0.242473;0.219149;0.248124;0.286689;0.283528;0.221097;0.246821;0.240498;0.161954;0.096226;0.052492;;;;;;;;
3625.201144;0.208620;0.225284;0.207672;0.208037;0.308882;0.273399;0.225460;0.241272;0.230482;0.170669;0.084861;0.053664;;;;;;;;
3626.165549;0.244130;0.217605;0.250504;0.216470;0.383909;0.277611;0.245378;0.225281;0.258840;0.153541;0.101130;0.067171;;;;;;;;
3627.129955;0.297084;0.252541;0.375235;0.273368;0.505792;0.371233;0.313262;0.289023;0.310777;0.135877;0.128392;0.081325;;;;;;;;
3628.094361;0.302722;0.295783;0.491945;0.271688;0.481141;0.465021;0.378166;0.356449;0.326367;0.129869;0.118504;0.090238;;;;;;;;
3629.058767;0.218659;0.287929;0.399042;0.197150;0.325229;0.434132;0.280497;0.311108;0.276427;0.133556;0.088315;0.099414;;;;;;;;
3630.023172;0.249503;0.283854;0.343059;0.213339;0.319879;0.393571;0.258833;0.297443;0.260297;0.159444;0.101789;0.108050;;;;;;;;
3630.987578;0.298348;0.299805;0.374999;0.287683;0.349887;0.385317;0.316340;0.302376;0.263825;0.182222;0.132350;0.108152;;;;;;;;
3631.951984;0.284998;0.306606;0.394952;0.317862;0.327782;0.384595;0.323447;0.287952;0.239045;0.164084;0.145712;0.094653;;;;;;;;
3632.916389;0.290644;0.293535;0.321249;0.284606;0.299079;0.332309;0.317146;0.259287;0.215486;0.145909;0.143808;0.085272;;;;;;;;
3633.880795;0.278203;0.266100;0.237809;0.275750;0.294650;0.251681;0.305902;0.267716;0.218954;0.163445;0.125215;0.089172;;;;;;;;
3634.845201;0.231635;0.258246;0.233190;0.285036;0.310509;0.245899;0.268327;0.313985;0.244496;0.175544;0.099068;0.081855;;;;;;;;
3635.809607;0.224506;0.297454;0.264056;0.346181;0.329764;0.316728;0.290478;0.346923;0.284801;0.189027;0.113627;0.085858;;;;;;;;
3636.774012;0.241459;0.325264;0.270001;0.429744;0.341456;0.374740;0.336719;0.351966;0.289349;0.203082;0.155045;0.094204;;;;;;;;
3637.738418;0.256589;0.294823;0.262484;0.384379;0.344491;0.367067;0.315771;0.317475;0.272542;0.180530;0.171935;0.085829;;;;;;;;
3638.702824;0.255226;0.267809;0.270623;0.323741;0.307345;0.327791;0.280718;0.284739;0.278493;0.157253;0.132595;0.081436;;;;;;;;
3639.667230;0.243100;0.272443;0.298000;0.301546;0.280870;0.320520;0.277364;0.283797;0.299930;0.167753;0.071921;0.071607;;;;;;;;
3640.631635;0.246727;0.268960;0.338881;0.282496;0.315102;0.338760;0.294812;0.257113;0.323971;0.164940;0.074120;0.072793;;;;;;;;
3641.596041;0.245837;0.256016;0.343064;0.311360;0.347948;0.323271;0.293099;0.242329;0.301890;0.145496;0.122530;0.085116;;;;;;;;
3642.560447;0.224989;0.251460;0.313661;0.330923;0.340286;0.304392;0.256151;0.277556;0.255490;0.137613;0.137467;0.073682;;;;;;;;
3643.524852;0.213907;0.241148;0.303939;0.275540;0.328610;0.313509;0.261147;0.304641;0.260479;0.124739;0.127784;0.071925;;;;;;;;
3644.489258;0.233818;0.250101;0.285782;0.240664;0.322036;0.335151;0.328274;0.315707;0.306756;0.126551;0.118972;0.095288;;;;;;;;
3645.453664;0.242569;0.256661;0.248439;0.292677;0.303710;0.338786;0.368252;0.300692;0.357430;0.136676;0.087822;0.095445;;;;;;;;
3646.418070;0.231529;0.214848;0.220709;0.392206;0.300084;0.311974;0.327568;0.268333;0.371150;0.118768;0.071196;0.051553;;;;;;;;
3647.382475;0.288913;0.236748;0.237523;0.457080;0.369320;0.299219;0.281633;0.290577;0.346261;0.127113;0.132367;0.038748;;;;;;;;
3648.346881;0.342374;0.330979;0.333422;0.483582;0.490643;0.293330;0.279476;0.335691;0.343234;0.153618;0.168233;0.082425;;;;;;;;
3649.311287;0.276040;0.382670;0.375874;0.410115;0.509811;0.286956;0.305511;0.386745;0.314091;0.134763;0.137488;0.124062;;;;;;;;
3650.275693;0.215107;0.343018;0.263474;0.314429;0.379303;0.273545;0.303634;0.383867;0.259844;0.103685;0.108933;0.108987;;;;;;;;
3651.240098;0.206477;0.238823;0.222480;0.270528;0.292655;0.269767;0.272062;0.326753;0.249257;0.104246;0.070886;0.070710;;;;;;;;
3652.204504;0.205952;0.209066;0.268702;0.263747;0.284225;0.307655;0.257108;0.299283;0.264039;0.129848;0.057294;0.065616;;;;;;;;
3653.168910;0.209331;0.241814;0.270953;0.261704;0.278653;0.360760;0.268551;0.263869;0.278862;0.129194;0.062707;0.072981;;;;;;;;
3654.133316;0.254555;0.266672;0.244988;0.262486;0.286361;0.423632;0.276123;0.257706;0.317435;0.130472;0.087371;0.073935;;;;;;;;
3655.097721;0.304242;0.316816;0.290044;0.328772;0.371648;0.467056;0.249341;0.348166;0.387685;0.190826;0.140755;0.082970;;;;;;;;
3656.062127;0.261278;0.371769;0.361032;0.432608;0.433857;0.461526;0.262539;0.404003;0.394831;0.229968;0.159169;0.094402;;;;;;;;
3657.026533;0.216357;0.332494;0.352346;0.415693;0.412118;0.401816;0.326746;0.341268;0.319387;0.208323;0.151546;0.076194;;;;;;;;
3657.990938;0.223520;0.277274;0.316523;0.355959;0.423215;0.309228;0.356703;0.308104;0.254365;0.175537;0.139927;0.042599;;;;;;;;
3658.955344;0.245358;0.275322;0.295712;0.309761;0.399097;0.285570;0.337047;0.301249;0.229966;0.134116;0.114694;0.038837;;;;;;;;
3659.919750;0.236158;0.260623;0.255290;0.249831;0.314443;0.297943;0.282623;0.245062;0.216509;0.107388;0.099334;0.037622;;;;;;;;
3660.884156;0.226374;0.207249;0.205144;0.233388;0.269359;0.292217;0.252677;0.198611;0.198591;0.122324;0.099108;0.029639;;;;;;;;
3661.848561;0.247052;0.217971;0.211424;0.277061;0.285782;0.317069;0.291544;0.246005;0.217054;0.162449;0.104132;0.075347;;;;;;;;
3662.812967;0.267167;0.260048;0.235852;0.301554;0.327512;0.336580;0.350636;0.329374;0.260318;0.172279;0.113503;0.125651;;;;;;;;
3663.777373;0.281484;0.277631;0.250077;0.313691;0.374945;0.341348;0.397779;0.344043;0.285378;0.170381;0.114448;0.126484;;;;;;;;
3664.741779;0.279283;0.286625;0.274081;0.330923;0.409899;0.334121;0.376061;0.313986;0.299079;0.194403;0.104180;0.119064;;;;;;;;
3665.706184;0.248889;0.291547;0.291613;0.349369;0.397129;0.325398;0.342647;0.326490;0.325731;0.201361;0.126611;0.119677;;;;;;;;
3666.670590;0.237729;0.304605;0.310209;0.367785;0.348640;0.347866;0.360398;0.341064;0.340186;0.161030;0.153510;0.116171;;;;;;;;
3667.634996;0.282484;0.341913;0.334602;0.367142;0.304462;0.387021;0.355296;0.353177;0.338972;0.135137;0.140008;0.118922;;;;;;;;
3668.599401;0.324659;0.403280;0.349820;0.353972;0.309722;0.440415;0.351943;0.408582;0.370165;0.192916;0.137656;0.118861;;;;;;;;
3669.563807;0.270515;0.374791;0.323219;0.299862;0.342982;0.468014;0.366388;0.391394;0.380016;0.232247;0.103047;0.106702;;;;;;;;
3670.528213;0.182184;0.236783;0.202745;0.228235;0.295056;0.371784;0.285660;0.259439;0.287303;0.145361;0.027502;0.087798;;;;;;;;
3671.492619;0.179349;0.227869;0.181918;0.247905;0.279595;0.288868;0.241719;0.223149;0.248214;0.124336;0.055023;0.076459;;;;;;;;
3672.457024;0.228024;0.310572;0.290203;0.314942;0.359895;0.307627;0.303510;0.294958;0.289469;0.168670;0.122856;0.099382;;;;;;;;
3673.421430;0.284285;0.371321;0.414105;0.383479;0.452177;0.418593;0.434740;0.423555;0.373959;0.218092;0.177927;0.139350;;;;;;;;
3674.385836;0.323180;0.346146;0.481236;0.431458;0.516191;0.608532;0.502307;0.516344;0.435707;0.278566;0.234681;0.143393;;;;;;;;
3675.350242;0.294993;0.252928;0.423606;0.381938;0.454162;0.542825;0.343319;0.392421;0.306634;0.234124;0.181901;0.077525;;;;;;;;
3676.314647;0.300760;0.240731;0.307829;0.317812;0.337019;0.366455;0.267588;0.256667;0.232577;0.141956;0.112687;0.056384;;;;;;;;
3677.279053;0.320382;0.291388;0.264285;0.323866;0.319135;0.320650;0.283778;0.211666;0.255056;0.119137;0.108716;0.091878;;;;;;;;
3678.243459;0.254061;0.292545;0.243237;0.363668;0.347900;0.300958;0.284843;0.221250;0.256590;0.110660;0.095215;0.094586;;;;;;;;
3679.207865;0.204082;0.251102;0.207607;0.393181;0.346505;0.299164;0.246288;0.257812;0.232245;0.113011;0.103221;0.077433;;;;;;;;
3680.172270;0.257709;0.267145;0.221411;0.360595;0.347644;0.344068;0.260713;0.294978;0.251858;0.154479;0.151085;0.094788;;;;;;;;
3681.136676;0.316338;0.300780;0.297846;0.298065;0.370970;0.379092;0.338320;0.318790;0.313611;0.196764;0.170965;0.096767;;;;;;;;
3682.101082;0.283527;0.312724;0.324332;0.288415;0.352057;0.361490;0.352500;0.310981;0.332680;0.202162;0.168650;0.073496;;;;;;;;
3683.065487;0.249764;0.308026;0.251030;0.314004;0.312217;0.294181;0.305404;0.296722;0.281103;0.174249;0.148063;0.062338;;;;;;;;
3684.029893;0.285281;0.289074;0.219200;0.297048;0.300659;0.273672;0.304649;0.285796;0.245164;0.150764;0.120876;0.068312;;;;;;;;
3684.994299;0.257076;0.266395;0.240111;0.278787;0.292599;0.267895;0.292130;0.249686;0.219145;0.134099;0.094472;0.042002;;;;;;;;
3685.958705;0.220326;0.272225;0.269764;0.327511;0.319475;0.254512;0.294601;0.279073;0.238547;0.133180;0.092584;0.032423;;;;;;;;
3686.923110;0.277654;0.326497;0.305223;0.413524;0.346338;0.373385;0.397382;0.390844;0.319618;0.170142;0.150092;0.080942;;;;;;;;
3687.887516;0.285544;0.263512;0.278242;0.334669;0.279666;0.485767;0.416317;0.347652;0.278601;0.181534;0.148259;0.090126;;;;;;;;
3688.851922;0.235589;0.178271;0.259080;0.248250;0.285841;0.387196;0.304300;0.314969;0.216792;0.167160;0.125701;0.080999;;;;;;;;
3689.816328;0.272171;0.242911;0.307253;0.306442;0.342232;0.383911;0.301442;0.402574;0.234544;0.182769;0.209453;0.098285;;;;;;;;
3690.780733;0.325577;0.323855;0.323977;0.370270;0.348203;0.380908;0.352386;0.393927;0.265529;0.187253;0.249865;0.108277;;;;;;;;
3691.745139;0.278211;0.307222;0.301931;0.345219;0.369127;0.319607;0.332137;0.327818;0.314385;0.182150;0.187762;0.105580;;;;;;;;
3692.709545;0.251186;0.272656;0.301812;0.316177;0.344372;0.318291;0.304631;0.295807;0.333350;0.185924;0.149835;0.087899;;;;;;;;
3693.673951;0.305123;0.247227;0.286658;0.295898;0.283127;0.350900;0.303571;0.282710;0.295868;0.174684;0.145455;0.073650;;;;;;;;
3694.638356;0.299779;0.228084;0.257110;0.271819;0.248749;0.328201;0.289969;0.281324;0.270397;0.145592;0.128349;0.055958;;;;;;;;
3695.602762;0.226851;0.207049;0.237998;0.266029;0.227571;0.301463;0.292507;0.284449;0.267967;0.132318;0.086061;0.052341;;;;;;;;
3696.567168;0.209347;0.243158;0.231270;0.297941;0.276778;0.324698;0.315507;0.319513;0.273320;0.169619;0.090759;0.074518;;;;;;;;
3697.531573;0.245144;0.292361;0.271590;0.321089;0.351536;0.332105;0.314372;0.352482;0.284133;0.199589;0.128769;0.083498;;;;;;;;
3698.495979;0.279306;0.287731;0.311372;0.313258;0.355958;0.328974;0.312022;0.339827;0.293778;0.159885;0.134664;0.082885;;;;;;;;
3699.460385;0.292128;0.303611;0.309889;0.312689;0.330816;0.368128;0.347651;0.316078;0.300355;0.141747;0.134272;0.088988;;;;;;;;
3700.424791;0.325227;0.300231;0.322740;0.330911;0.327804;0.418626;0.400706;0.324541;0.284999;0.183965;0.131891;0.100773;;;;;;;;
3701.389196;0.307268;0.252337;0.268416;0.311065;0.355051;0.418865;0.397956;0.345099;0.246045;0.181958;0.100633;0.078107;;;;;;;;
3702.353602;0.220229;0.212986;0.197737;0.259991;0.339128;0.385118;0.340194;0.297213;0.234682;0.145176;0.072738;0.029185;;;;;;;;
3703.318008;0.189132;0.186827;0.200658;0.268110;0.289568;0.316219;0.289694;0.227767;0.239102;0.116413;0.058423;0.014018;;;;;;;;
3704.282414;0.246694;0.239375;0.222511;0.298783;0.300727;0.263083;0.260710;0.239380;0.225887;0.108611;0.065074;0.047963;;;;;;;;
3705.246819;0.303200;0.278596;0.257760;0.278874;0.322673;0.276413;0.216720;0.296957;0.210888;0.115669;0.065051;0.079357;;;;;;;;
3706.211225;0.285799;0.249183;0.336568;0.305991;0.318550;0.316646;0.218062;0.330249;0.226317;0.122962;0.061946;0.074942;;;;;;;;
3707.175631;0.287808;0.273774;0.448310;0.370804;0.347908;0.357494;0.298060;0.387101;0.296012;0.175182;0.118176;0.081995;;;;;;;;
3708.140036;0.291193;0.306038;0.459563;0.358330;0.347828;0.354300;0.307431;0.408292;0.355729;0.191779;0.169494;0.087415;;;;;;;;
3709.104442;0.254591;0.336017;0.359590;0.369609;0.303762;0.335660;0.273457;0.314976;0.337333;0.152759;0.136432;0.074094;;;;;;;;
3710.068848;0.293275;0.403797;0.393867;0.437801;0.375328;0.408665;0.306016;0.306907;0.327831;0.215608;0.133280;0.090477;;;;;;;;
3711.033254;0.321507;0.380308;0.395126;0.444924;0.533385;0.431382;0.292973;0.355609;0.303594;0.262645;0.145021;0.061272;;;;;;;;
3711.997659;0.242121;0.319588;0.197175;0.389841;0.486523;0.346863;0.242104;0.271891;0.201241;0.174206;0.094530;-0.022802;;;;;;;;
3712.962065;0.222477;0.318813;0.139143;0.322384;0.328536;0.350440;0.254927;0.223251;0.180076;0.140529;0.077168;-0.014555;;;;;;;;
3713.926471;0.250797;0.296122;0.182616;0.283187;0.284822;0.356658;0.305701;0.286431;0.247831;0.147146;0.092695;0.045649;;;;;;;;
3714.890877;0.237671;0.249702;0.219603;0.275554;0.341366;0.345511;0.349947;0.339680;0.283004;0.142141;0.083425;0.071055;;;;;;;;
3715.855282;0.203194;0.211746;0.239082;0.266401;0.394259;0.349770;0.338656;0.323835;0.272571;0.143392;0.092844;0.073940;;;;;;;;
3716.819688;0.191072;0.210708;0.237274;0.278417;0.351920;0.354833;0.320927;0.312020;0.269659;0.160080;0.122116;0.087547;;;;;;;;
3717.784094;0.181063;0.253776;0.251676;0.315139;0.313439;0.389600;0.337519;0.302294;0.267652;0.163950;0.117443;0.085786;;;;;;;;
3718.748500;0.198182;0.278779;0.296362;0.310852;0.316867;0.378266;0.327999;0.260573;0.262466;0.133797;0.109284;0.069006;;;;;;;;
3719.712905;0.246989;0.280422;0.352865;0.313533;0.361722;0.312799;0.309381;0.235642;0.258999;0.130844;0.122562;0.077557;;;;;;;;
3720.677311;0.266128;0.273405;0.348623;0.320242;0.399757;0.266536;0.324370;0.241561;0.282772;0.175685;0.148936;0.093725;;;;;;;;
3721.641717;0.266184;0.232061;0.263659;0.267931;0.328080;0.252741;0.334373;0.253638;0.302636;0.191630;0.157747;0.085158;;;;;;;;
3722.606122;0.243447;0.232747;0.226863;0.221680;0.289098;0.284020;0.319486;0.273719;0.263338;0.159962;0.126794;0.073285;;;;;;;;
3723.570528;0.219238;0.290497;0.232248;0.217507;0.336897;0.332419;0.310526;0.312845;0.265355;0.175768;0.110206;0.067664;;;;;;;;
3724.534934;0.256924;0.323432;0.253194;0.269996;0.392264;0.355645;0.345832;0.374299;0.335692;0.222732;0.125634;0.077423;;;;;;;;
3725.499340;0.284740;0.319837;0.306787;0.350475;0.444028;0.361275;0.401993;0.465219;0.369465;0.222444;0.157588;0.102149;;;;;;;;
3726.463745;0.266916;0.323545;0.354526;0.382090;0.439939;0.409636;0.389127;0.501395;0.367283;0.223079;0.185986;0.100849;;;;;;;;
3727.428151;0.291485;0.306944;0.338978;0.402309;0.392552;0.422794;0.334346;0.411850;0.336968;0.221831;0.193894;0.081318;;;;;;;;
3728.392557;0.299403;0.247342;0.243915;0.390872;0.347958;0.344527;0.290144;0.318370;0.241008;0.148600;0.146498;0.052099;;;;;;;;
3729.356963;0.253830;0.221846;0.186703;0.376202;0.320564;0.341273;0.311984;0.317334;0.232530;0.095359;0.074117;0.035157;;;;;;;;
3730.321368;0.230801;0.223129;0.220999;0.394252;0.328413;0.391764;0.345018;0.329995;0.339973;0.093871;0.058399;0.036294;;;;;;;;
3731.285774;0.197493;0.208969;0.222833;0.265220;0.351853;0.341592;0.292937;0.238748;0.359461;0.065148;0.068602;-0.013507;;;;;;;;
3732.250180;0.205482;0.282845;0.241731;0.168054;0.446835;0.312819;0.327491;0.228443;0.306228;0.087709;0.105722;-0.026221;;;;;;;;
3733.214585;0.269635;0.358024;0.333911;0.227567;0.575275;0.350277;0.426638;0.308064;0.259553;0.163063;0.159869;0.029971;;;;;;;;
3734.178991;0.291427;0.359809;0.428636;0.348370;0.601976;0.472140;0.548514;0.336580;0.218245;0.207185;0.167043;0.091615;;;;;;;;
3735.143397;0.330331;0.318645;0.476679;0.447843;0.579458;0.526999;0.666385;0.292756;0.253076;0.196895;0.139557;0.159531;;;;;;;;
3736.107803;0.407171;0.246941;0.360999;0.416384;0.583201;0.365385;0.459177;0.263360;0.298136;0.196662;0.099802;0.163227;;;;;;;;
3737.072208;0.405500;0.237687;0.261892;0.340317;0.449107;0.305548;0.295017;0.296625;0.319842;0.200094;0.088408;0.136269;;;;;;;;
3738.036614;0.348304;0.237900;0.244706;0.283265;0.318270;0.301873;0.274527;0.314960;0.276381;0.132356;0.089809;0.116776;;;;;;;;
3739.001020;0.270224;0.210988;0.244241;0.240121;0.315733;0.270558;0.318357;0.314766;0.242099;0.094762;0.062900;0.061145;;;;;;;;
3739.965426;0.212939;0.228061;0.264244;0.241092;0.328726;0.257813;0.394083;0.334959;0.281436;0.146476;0.060317;0.029777;;;;;;;;
3740.929831;0.184101;0.219263;0.232116;0.242860;0.295621;0.270664;0.344175;0.263965;0.266822;0.165156;0.061271;0.022222;;;;;;;;
3741.894237;0.207341;0.230401;0.255895;0.309942;0.441210;0.402459;0.296666;0.225502;0.239522;0.190535;0.068388;0.030056;;;;;;;;
3742.858643;0.331586;0.405955;0.528582;0.614064;1.002880;1.099680;0.482274;0.364411;0.401778;0.346519;0.154699;0.119194;;;;;;;;
3743.823049;0.359475;0.449086;0.609154;0.514386;0.569719;1.117041;0.546866;0.373738;0.554670;0.349412;0.236244;0.178853;;;;;;;;
3744.787454;0.231373;0.270376;0.370303;0.206564;0.212363;0.323279;0.307699;0.191121;0.232165;0.189158;0.162450;0.101452;;;;;;;;
3745.751860;0.221091;0.219256;0.314988;0.198322;0.196144;0.230960;0.277637;0.183440;0.156165;0.146144;0.109929;0.076665;;;;;;;;
3746.716266;0.287474;0.204464;0.279371;0.291012;0.296672;0.290657;0.310224;0.277522;0.210488;0.151733;0.092555;0.071187;;;;;;;;
3747.680671;0.340669;0.226182;0.280558;0.379903;0.451218;0.364942;0.368814;0.382537;0.236528;0.181862;0.091893;0.061882;;;;;;;;
3748.645077;0.232428;0.225516;0.277894;0.276620;0.427102;0.366057;0.379705;0.272379;0.172284;0.157359;0.093170;0.036194;;;;;;;;
3749.609483;0.145177;0.200323;0.231960;0.216278;0.332242;0.327724;0.381894;0.195893;0.179647;0.132403;0.094609;0.026366;;;;;;;;
3750.573889;0.149006;0.210708;0.213011;0.304881;0.378663;0.308834;0.425310;0.292795;0.311894;0.161731;0.098659;0.058219;;;;;;;;
3751.538294;0.168532;0.210490;0.207072;0.292137;0.418672;0.276913;0.342037;0.337010;0.405109;0.183360;0.117155;0.093408;;;;;;;;
3752.502700;0.160314;0.217365;0.194541;0.212143;0.314019;0.183780;0.270275;0.230630;0.303569;0.171302;0.125078;0.062482;;;;;;;;
3753.467106;0.146387;0.232246;0.169339;0.221357;0.221680;0.156858;0.264133;0.178934;0.261439;0.135675;0.109077;0.040139;;;;;;;;
3754.431512;0.161030;0.241480;0.157220;0.292099;0.221074;0.247439;0.286111;0.198067;0.262000;0.137606;0.095631;0.057004;;;;;;;;
3755.395917;0.183866;0.230425;0.200101;0.391403;0.274988;0.304889;0.292058;0.247237;0.223100;0.160402;0.076478;0.061175;;;;;;;;
3756.360323;0.205660;0.210828;0.232667;0.370001;0.272814;0.271917;0.245879;0.244155;0.174123;0.130819;0.042201;0.051425;;;;;;;;
3757.324729;0.235104;0.203301;0.192747;0.263022;0.255548;0.260921;0.236343;0.204621;0.184369;0.122435;0.043168;0.050892;;;;;;;;
3758.289134;0.251474;0.194099;0.191232;0.251510;0.303038;0.276404;0.286145;0.231108;0.267071;0.153693;0.100699;0.058621;;;;;;;;
3759.253540;0.257816;0.222175;0.251311;0.282043;0.331543;0.321772;0.308813;0.329261;0.327595;0.160428;0.136436;0.089461;;;;;;;;
3760.217946;0.209870;0.261638;0.276399;0.280723;0.275198;0.292773;0.300766;0.360285;0.317102;0.154267;0.134180;0.087755;;;;;;;;
3761.182352;0.150528;0.245559;0.248644;0.309314;0.217628;0.234372;0.314065;0.283062;0.316939;0.156172;0.129468;0.040953;;;;;;;;
3762.146757;0.159663;0.194722;0.232554;0.343069;0.195219;0.243164;0.290163;0.226766;0.299525;0.157996;0.093978;0.010008;;;;;;;;
3763.111163;0.173127;0.168111;0.251078;0.353307;0.206894;0.254547;0.238218;0.235943;0.238116;0.157325;0.097978;0.031909;;;;;;;;
3764.075569;0.190126;0.191075;0.233295;0.343345;0.234223;0.259381;0.246460;0.225742;0.194755;0.176589;0.154712;0.070595;;;;;;;;
3765.039975;0.220970;0.201621;0.196530;0.284834;0.221876;0.294662;0.239439;0.211229;0.171916;0.161093;0.126691;0.026076;;;;;;;;
3766.004380;0.153346;0.164148;0.179698;0.217140;0.165682;0.325950;0.191947;0.244120;0.150705;0.097800;0.052445;-0.031776;;;;;;;;
3766.968786;0.120076;0.180324;0.187182;0.193211;0.169107;0.324651;0.211404;0.301950;0.168042;0.116483;0.048161;0.004132;;;;;;;;
3767.933192;0.194795;0.269349;0.221863;0.229231;0.273014;0.340973;0.260447;0.374897;0.239172;0.181117;0.107496;0.066730;;;;;;;;
3768.897598;0.245386;0.311520;0.214377;0.279304;0.307766;0.375755;0.258144;0.369308;0.276946;0.161010;0.148648;0.093890;;;;;;;;
3769.862003;0.238409;0.273061;0.189808;0.281254;0.231251;0.338075;0.258507;0.247267;0.219833;0.122489;0.101086;0.102986;;;;;;;;
3770.826409;0.251531;0.250423;0.232359;0.272986;0.248197;0.320274;0.301373;0.178883;0.194024;0.122092;0.080027;0.092204;;;;;;;;
3771.790815;0.272806;0.239088;0.291234;0.275005;0.310895;0.331074;0.299587;0.199038;0.220784;0.142653;0.109829;0.078697;;;;;;;;
3772.755220;0.247298;0.227662;0.286402;0.265358;0.334055;0.271675;0.258678;0.252819;0.215454;0.146816;0.100627;0.079612;;;;;;;;
3773.719626;0.201792;0.222662;0.244516;0.245497;0.311994;0.208864;0.225111;0.281941;0.188899;0.100289;0.066469;0.083974;;;;;;;;
3774.684032;0.177503;0.225647;0.240830;0.251408;0.272368;0.197917;0.191257;0.276983;0.179684;0.086617;0.075570;0.067969;;;;;;;;
3775.648438;0.160539;0.241558;0.265025;0.302296;0.292062;0.236872;0.243819;0.296221;0.192966;0.124239;0.111432;0.063540;;;;;;;;
3776.612843;0.199479;0.272967;0.285897;0.322161;0.373321;0.298544;0.391378;0.347565;0.253858;0.145750;0.126211;0.092526;;;;;;;;
3777.577249;0.290967;0.320216;0.285172;0.273831;0.442752;0.348681;0.437981;0.327541;0.307771;0.169526;0.126332;0.123467;;;;;;;;
3778.541655;0.294265;0.283470;0.271429;0.251854;0.435953;0.390553;0.363767;0.263219;0.324413;0.201070;0.121281;0.149147;;;;;;;;
3779.506061;0.252453;0.212913;0.307285;0.290249;0.364391;0.375710;0.322079;0.269150;0.354575;0.199533;0.143824;0.155301;;;;;;;;
3780.470466;0.268607;0.226567;0.310307;0.291406;0.263968;0.306018;0.302296;0.271692;0.314087;0.164271;0.170181;0.131526;;;;;;;;
3781.434872;0.257871;0.246026;0.245398;0.259046;0.196220;0.273831;0.300269;0.249588;0.280365;0.123356;0.147148;0.095004;;;;;;;;
3782.399278;0.228774;0.246724;0.224723;0.273617;0.231012;0.313297;0.337866;0.256741;0.320849;0.145368;0.141355;0.064615;;;;;;;;
3783.363684;0.267603;0.249819;0.255078;0.303045;0.302242;0.315564;0.356848;0.280263;0.316015;0.190657;0.157775;0.050179;;;;;;;;
3784.328089;0.322808;0.257038;0.280618;0.276566;0.312291;0.281937;0.337392;0.311251;0.277746;0.174411;0.131336;0.057727;;;;;;;;
3785.292495;0.284337;0.262911;0.284366;0.239963;0.295239;0.306449;0.319980;0.325242;0.238274;0.162750;0.118598;0.087162;;;;;;;;
3786.256901;0.207042;0.236160;0.280149;0.216851;0.304461;0.312156;0.278295;0.308164;0.206799;0.176408;0.155524;0.102928;;;;;;;;
3787.221306;0.188859;0.268918;0.279961;0.229901;0.364587;0.338748;0.261850;0.307150;0.242912;0.183553;0.185530;0.125918;;;;;;;;
3788.185712;0.223361;0.314660;0.254806;0.282734;0.391136;0.396726;0.266387;0.301805;0.257012;0.184263;0.177010;0.155487;;;;;;;;
3789.150118;0.241949;0.239873;0.198496;0.302188;0.339524;0.298821;0.214496;0.245394;0.221260;0.165281;0.148102;0.108063;;;;;;;;
3790.114524;0.242109;0.179151;0.127372;0.291211;0.276291;0.199693;0.187372;0.176118;0.189530;0.124526;0.084099;0.024463;;;;;;;;
3791.078929;0.247184;0.205185;0.117149;0.253845;0.245027;0.255437;0.236150;0.194843;0.177013;0.124905;0.048182;-0.003618;;;;;;;;
3792.043335;0.232169;0.252214;0.201023;0.225399;0.268323;0.327408;0.299634;0.293522;0.237405;0.200363;0.091146;0.048786;;;;;;;;
3793.007741;0.205704;0.292436;0.260518;0.285010;0.315115;0.324104;0.333617;0.316372;0.290961;0.224568;0.129964;0.119848;;;;;;;;
3793.972147;0.202447;0.336575;0.276745;0.331651;0.361092;0.367330;0.305908;0.313316;0.276407;0.184831;0.142476;0.143772;;;;;;;;
3794.936552;0.241904;0.349591;0.332954;0.293930;0.418486;0.462539;0.294553;0.366627;0.303809;0.208643;0.178447;0.155249;;;;;;;;
3795.900958;0.277756;0.289768;0.363225;0.286172;0.368520;0.432986;0.312154;0.317509;0.295738;0.209958;0.176737;0.126280;;;;;;;;
3796.865364;0.275624;0.218620;0.285568;0.261034;0.246456;0.321139;0.260866;0.232045;0.191202;0.134669;0.115078;0.071247;;;;;;;;
3797.829769;0.276665;0.208227;0.207448;0.254056;0.237248;0.273540;0.262361;0.246087;0.168635;0.112877;0.096394;0.079723;;;;;;;;
3798.794175;0.270358;0.271573;0.244939;0.320224;0.305635;0.297696;0.361527;0.309948;0.242361;0.146554;0.113523;0.092520;;;;;;;;
3799.758581;0.210631;0.318037;0.332454;0.347487;0.327010;0.329125;0.408163;0.369441;0.330449;0.190894;0.115250;0.093695;;;;;;;;
3800.722987;0.123987;0.252440;0.227939;0.297976;0.296310;0.298854;0.316588;0.365701;0.325712;0.188089;0.129544;0.121143;;;;;;;;
3801.687392;0.108114;0.233256;0.182655;0.255205;0.300275;0.280360;0.276491;0.316791;0.274067;0.189308;0.157700;0.108114;;;;;;;;
3802.651798;0.134315;0.212861;0.219890;0.182951;0.256209;0.257144;0.246836;0.254073;0.226201;0.176818;0.139415;0.076942;;;;;;;;
3803.616204;0.191578;0.203458;0.219712;0.166683;0.220088;0.242319;0.215035;0.222202;0.178412;0.121295;0.109414;0.062824;;;;;;;;
3804.580610;0.289935;0.261772;0.228695;0.276284;0.318588;0.326446;0.289766;0.259984;0.210388;0.142277;0.127970;0.084826;;;;;;;;
3805.545015;0.338957;0.268596;0.202157;0.365841;0.406308;0.367109;0.362160;0.266528;0.305610;0.189289;0.120429;0.099340;;;;;;;;
3806.509421;0.244503;0.184404;0.122950;0.261001;0.269482;0.200639;0.194095;0.191014;0.281270;0.095508;0.027390;0.047338;;;;;;;;
3807.473827;0.169947;0.132079;0.128845;0.172025;0.208796;0.137367;0.124444;0.147871;0.177739;0.043583;0.010091;0.021123;;;;;;;;
3808.438233;0.163561;0.131706;0.179902;0.184428;0.242008;0.190514;0.165218;0.168583;0.161366;0.086182;0.044360;0.051854;;;;;;;;
3809.402638;0.154126;0.139150;0.175798;0.181727;0.227486;0.232444;0.159021;0.201588;0.161771;0.103588;0.056488;0.076062;;;;;;;;
3810.367044;0.143973;0.131934;0.141227;0.130042;0.159640;0.224088;0.180570;0.207395;0.140814;0.079447;0.067202;0.064525;;;;;;;;
3811.331450;0.167965;0.169045;0.169716;0.162288;0.160943;0.201989;0.274962;0.218872;0.164507;0.117668;0.101272;0.061341;;;;;;;;
3812.295855;0.215581;0.260485;0.212927;0.258345;0.247133;0.213774;0.311972;0.251537;0.212580;0.210052;0.136632;0.101509;;;;;;;;
3813.260261;0.270867;0.366379;0.289067;0.323730;0.334239;0.262425;0.332910;0.308421;0.240929;0.257100;0.152228;0.166223;;;;;;;;
3814.224667;0.339420;0.450365;0.493488;0.414028;0.408505;0.358206;0.435334;0.386736;0.296484;0.262034;0.192310;0.225007;;;;;;;;
3815.189073;0.302383;0.356567;0.418361;0.397730;0.397028;0.343288;0.490535;0.343577;0.321140;0.201096;0.225999;0.182245;;;;;;;;
3816.153478;0.195772;0.223959;0.195144;0.283955;0.321431;0.220304;0.397672;0.253697;0.238453;0.133278;0.142873;0.095949;;;;;;;;
3817.117884;0.188690;0.171337;0.168353;0.267162;0.271883;0.227627;0.305590;0.215644;0.186184;0.128151;0.071271;0.073765;;;;;;;;
3818.082290;0.265223;0.190983;0.246309;0.356430;0.294119;0.334771;0.298695;0.209775;0.255912;0.148277;0.076039;0.099253;;;;;;;;
3819.046696;0.346559;0.265990;0.313497;0.490350;0.404844;0.386190;0.400056;0.268390;0.399145;0.203371;0.102886;0.118586;;;;;;;;
3820.011101;0.359917;0.301997;0.356782;0.472649;0.434876;0.351717;0.416628;0.325079;0.385833;0.270222;0.121834;0.116004;;;;;;;;
3820.975507;0.301043;0.238045;0.384333;0.360547;0.307763;0.304913;0.286110;0.238601;0.290429;0.201342;0.151613;0.122190;;;;;;;;
3821.939913;0.219822;0.166135;0.237825;0.288358;0.218147;0.238690;0.229162;0.180542;0.258040;0.153645;0.145550;0.112268;;;;;;;;
3822.904318;0.136913;0.130973;0.146019;0.242610;0.211583;0.219876;0.180402;0.197537;0.235580;0.151570;0.113065;0.075386;;;;;;;;
3823.868724;0.117266;0.148487;0.224768;0.230583;0.313221;0.261400;0.172195;0.210949;0.237925;0.106877;0.090169;0.057221;;;;;;;;
3824.833130;0.132724;0.160666;0.248979;0.181862;0.354557;0.256825;0.227856;0.175980;0.202135;0.087289;0.078814;0.055503;;;;;;;;
3825.797536;0.156121;0.184327;0.185063;0.162015;0.278610;0.237226;0.269306;0.169735;0.167422;0.120531;0.115361;0.068727;;;;;;;;
3826.761941;0.212173;0.217685;0.197428;0.213835;0.261088;0.242586;0.257121;0.221281;0.213260;0.126034;0.144523;0.082331;;;;;;;;
3827.726347;0.248118;0.183595;0.187433;0.240055;0.251635;0.234564;0.233067;0.224247;0.257164;0.120677;0.101171;0.065349;;;;;;;;
3828.690753;0.248043;0.166339;0.166438;0.264374;0.243107;0.253606;0.224038;0.195778;0.294894;0.162717;0.057104;0.059106;;;;;;;;
3829.655159;0.230264;0.191150;0.196085;0.271016;0.250823;0.282230;0.215580;0.185286;0.346694;0.162103;0.042181;0.051615;;;;;;;;
3830.619564;0.189426;0.208466;0.189535;0.207965;0.223433;0.287677;0.226885;0.186478;0.286622;0.079404;0.068787;0.021852;;;;;;;;
3831.583970;0.171241;0.219476;0.182058;0.186237;0.229574;0.317343;0.289366;0.215114;0.180465;0.086256;0.102290;0.048161;;;;;;;;
3832.548376;0.174097;0.183276;0.201750;0.193618;0.248711;0.283615;0.268806;0.202059;0.155506;0.123713;0.090106;0.061449;;;;;;;;
3833.512782;0.194193;0.133702;0.158436;0.202222;0.234171;0.193497;0.206046;0.144986;0.215277;0.135012;0.113312;0.017816;;;;;;;;
3834.477187;0.221041;0.144019;0.160926;0.260269;0.254045;0.206007;0.249575;0.184396;0.293198;0.182117;0.154631;0.022605;;;;;;;;
3835.441593;0.231311;0.185082;0.223736;0.333796;0.294407;0.282493;0.323451;0.321278;0.305134;0.204396;0.140916;0.070537;;;;;;;;
3836.405999;0.208796;0.219038;0.236196;0.349665;0.324952;0.326088;0.361378;0.353321;0.295813;0.205021;0.132497;0.133167;;;;;;;;
3837.370404;0.158627;0.218295;0.228632;0.282669;0.306477;0.278925;0.324082;0.181538;0.292898;0.226381;0.129071;0.146229;;;;;;;;
3838.334810;0.157834;0.228578;0.277750;0.213610;0.218253;0.220944;0.266722;0.162758;0.297302;0.212516;0.134753;0.081443;;;;;;;;
3839.299216;0.178378;0.227778;0.302037;0.174664;0.156093;0.192116;0.244139;0.233620;0.270057;0.167871;0.160341;0.035986;;;;;;;;
3840.263622;0.206077;0.243006;0.257457;0.227062;0.200522;0.201808;0.236099;0.215997;0.216730;0.144514;0.172629;0.059263;;;;;;;;
3841.228027;0.256030;0.280275;0.245852;0.299973;0.274163;0.262717;0.240448;0.208457;0.205406;0.159153;0.178703;0.112068;;;;;;;;
3842.192433;0.261840;0.249055;0.269386;0.272191;0.311868;0.287077;0.227399;0.233728;0.200352;0.170942;0.119907;0.142895;;;;;;;;
3843.156839;0.209483;0.200873;0.212266;0.213953;0.343232;0.201415;0.187105;0.201051;0.170280;0.145490;0.047381;0.122394;;;;;;;;
3844.121245;0.163569;0.160496;0.118289;0.184549;0.289206;0.146352;0.170920;0.151850;0.142935;0.115944;0.046092;0.068396;;;;;;;;
3845.085650;0.136543;0.106024;0.103476;0.174742;0.242828;0.161603;0.169508;0.130008;0.135850;0.107348;0.046537;0.041743;;;;;;;;
3846.050056;0.143273;0.082461;0.147954;0.200415;0.281189;0.207249;0.184550;0.146441;0.145213;0.102403;0.070877;0.042200;;;;;;;;
3847.014462;0.145546;0.084254;0.156980;0.243409;0.280680;0.257782;0.228206;0.167518;0.146560;0.139078;0.109321;0.050030;;;;;;;;
3847.978867;0.126292;0.098716;0.144056;0.262436;0.272116;0.266305;0.275738;0.193597;0.163853;0.224320;0.104909;0.059882;;;;;;;;
3848.943273;0.170672;0.130612;0.176076;0.270320;0.325334;0.274725;0.302482;0.253252;0.198339;0.235923;0.137796;0.053270;;;;;;;;
3849.907679;0.280696;0.192727;0.249652;0.323842;0.366428;0.332418;0.347982;0.288238;0.238505;0.186361;0.180842;0.050570;;;;;;;;
3850.872085;0.369377;0.273496;0.329692;0.437093;0.406717;0.364628;0.434600;0.336042;0.334288;0.186535;0.178869;0.095177;;;;;;;;
3851.836490;0.438306;0.293441;0.422357;0.501206;0.420376;0.413373;0.411348;0.429820;0.454896;0.229131;0.254206;0.139800;;;;;;;;
3852.800896;0.289529;0.208786;0.393096;0.339246;0.221041;0.489656;0.255347;0.301865;0.338383;0.211804;0.376549;0.109986;;;;;;;;
3853.765302;0.040189;0.062090;0.111693;0.140359;0.111210;0.268885;0.140152;0.100123;0.098245;0.118701;0.175156;0.068826;;;;;;;;
3854.729708;0.061450;0.044879;0.077021;0.179022;0.157410;0.206156;0.134198;0.127801;0.119291;0.106138;0.103534;0.048344;;;;;;;;
3855.694113;0.119828;0.084284;0.127175;0.250028;0.180636;0.215645;0.195027;0.212434;0.159544;0.113173;0.117238;0.038407;;;;;;;;
3856.658519;0.189245;0.153902;0.159883;0.245416;0.237928;0.234553;0.272560;0.259510;0.142105;0.143914;0.126554;0.087748;;;;;;;;
3857.622925;0.245874;0.212807;0.176039;0.223438;0.266554;0.267153;0.266913;0.248057;0.141828;0.191729;0.127787;0.133500;;;;;;;;
3858.587331;0.247510;0.257734;0.222051;0.226538;0.269916;0.293503;0.277734;0.257328;0.172993;0.221053;0.139882;0.133633;;;;;;;;
3859.551736;0.228085;0.260106;0.223759;0.193122;0.273391;0.277373;0.310396;0.236950;0.199172;0.229637;0.136970;0.109337;;;;;;;;
3860.516142;0.150466;0.168214;0.154091;0.145186;0.201132;0.202539;0.249898;0.190576;0.182136;0.182933;0.101802;0.075858;;;;;;;;
3861.480548;0.118963;0.148445;0.175169;0.177216;0.211669;0.216062;0.218145;0.221770;0.150349;0.093694;0.072300;0.100823;;;;;;;;
3862.444953;0.185389;0.217539;0.197109;0.258917;0.314184;0.255796;0.247778;0.268977;0.196245;0.066485;0.053672;0.111577;;;;;;;;
3863.409359;0.172243;0.224023;0.128754;0.291290;0.328947;0.167833;0.173026;0.267677;0.266886;0.082356;0.040985;0.079818;;;;;;;;
3864.373765;0.113003;0.229636;0.144551;0.239627;0.303069;0.132144;0.133736;0.226010;0.243483;0.131305;0.071744;0.103830;;;;;;;;
3865.338171;0.119872;0.218149;0.168685;0.217254;0.284071;0.152458;0.196752;0.185367;0.208368;0.152095;0.096225;0.105319;;;;;;;;
3866.302576;0.129026;0.160427;0.145544;0.214664;0.284707;0.138996;0.219577;0.140837;0.212219;0.138389;0.064625;0.046041;;;;;;;;
3867.266982;0.184708;0.135363;0.186273;0.232497;0.350562;0.159033;0.236294;0.129417;0.279322;0.175919;0.029030;0.012189;;;;;;;;
3868.231388;0.294413;0.109463;0.186229;0.240205;0.398334;0.177792;0.224998;0.158145;0.383812;0.235810;0.081429;0.017486;;;;;;;;
3869.195794;0.231883;0.081947;0.071313;0.141782;0.261413;0.135287;0.157644;0.090854;0.203739;0.138458;0.128292;0.016796;;;;;;;;
3870.160199;0.090865;0.118111;0.035180;0.070924;0.118555;0.123173;0.156859;0.055397;0.064670;0.045810;0.055216;0.012051;;;;;;;;
3871.124605;0.080011;0.142884;0.057582;0.069682;0.099729;0.177862;0.186970;0.159686;0.102314;0.048113;0.064883;0.019761;;;;;;;;
3872.089011;0.143932;0.139119;0.073793;0.115732;0.149750;0.227867;0.214884;0.316188;0.144786;0.095912;0.142862;0.035671;;;;;;;;
3873.053417;0.116217;0.162853;0.068034;0.159103;0.170108;0.202498;0.200170;0.341976;0.104360;0.092694;0.178129;0.054684;;;;;;;;
3874.017822;0.065324;0.178093;0.091071;0.165728;0.166292;0.184842;0.142487;0.221338;0.057365;0.052895;0.175420;0.090302;;;;;;;;
3874.982228;0.141471;0.162245;0.143153;0.201949;0.194808;0.211750;0.167345;0.200523;0.092448;0.105460;0.164393;0.147210;;;;;;;;
3875.946634;0.193841;0.162793;0.138524;0.220458;0.205359;0.208102;0.200651;0.232043;0.157786;0.136156;0.116915;0.168235;;;;;;;;
3876.911039;0.190216;0.178079;0.140801;0.203984;0.185444;0.197363;0.157159;0.219358;0.193769;0.098574;0.058812;0.132140;;;;;;;;
3877.875445;0.213583;0.224113;0.188486;0.164560;0.175010;0.208340;0.170039;0.227757;0.215347;0.091092;0.059763;0.074307;;;;;;;;
3878.839851;0.178518;0.209698;0.157111;0.096111;0.180526;0.171253;0.265556;0.254035;0.211581;0.125155;0.126676;0.028334;;;;;;;;
3879.804257;0.100574;0.125416;0.129422;0.061612;0.174466;0.124518;0.206837;0.197412;0.209884;0.137967;0.136307;0.034164;;;;;;;;
3880.768662;0.084182;0.122995;0.158560;0.076353;0.167724;0.112114;0.137595;0.160289;0.206384;0.119626;0.056965;0.040112;;;;;;;;
3881.733068;0.067332;0.148711;0.151763;0.141803;0.220772;0.106962;0.144611;0.185667;0.172126;0.099342;0.039299;0.010299;;;;;;;;
3882.697474;0.092735;0.198845;0.237370;0.254024;0.366643;0.180245;0.183679;0.234072;0.222480;0.097331;0.112770;0.060446;;;;;;;;
3883.661880;0.145179;0.217413;0.351823;0.232062;0.425746;0.239509;0.249420;0.265265;0.259842;0.137536;0.181979;0.150142;;;;;;;;
3884.626285;0.091574;0.069634;0.262252;0.105450;0.236128;0.167589;0.204555;0.213771;0.164575;0.154949;0.172652;0.093172;;;;;;;;
3885.590691;0.059394;-0.006121;0.135301;0.145172;0.118382;0.140291;0.101410;0.177679;0.157896;0.085981;0.126797;0.061169;;;;;;;;
3886.555097;0.091918;0.043971;0.061881;0.202229;0.123034;0.119385;0.087594;0.192188;0.151835;0.081637;0.091186;0.090223;;;;;;;;
3887.519502;0.090028;0.063596;0.047003;0.135839;0.119975;0.073880;0.126156;0.172446;0.095126;0.105601;0.046401;0.011830;;;;;;;;
3888.483908;0.147853;0.104286;0.155067;0.129439;0.167522;0.172534;0.224866;0.219152;0.191409;0.130162;0.079106;0.008833;;;;;;;;
3889.448314;0.202019;0.196586;0.225837;0.185269;0.224199;0.319718;0.261635;0.264080;0.348111;0.164753;0.154424;0.106491;;;;;;;;
3890.412720;0.152352;0.198091;0.171917;0.214524;0.197089;0.243819;0.233697;0.165240;0.267267;0.175218;0.141746;0.111251;;;;;;;;
3891.377125;0.118438;0.086683;0.106884;0.187774;0.152544;0.187220;0.188179;0.073589;0.130552;0.170336;0.118971;0.040711;;;;;;;;
3892.341531;0.137162;0.092060;0.079586;0.160126;0.156136;0.225582;0.158318;0.073066;0.132309;0.174887;0.113914;0.037216;;;;;;;;
3893.305937;0.181223;0.181675;0.112297;0.188568;0.198623;0.207695;0.163991;0.106510;0.191936;0.192816;0.109169;0.093660;;;;;;;;
3894.270343;0.158340;0.195938;0.159401;0.180106;0.235266;0.221330;0.147035;0.126461;0.213837;0.187744;0.121792;0.099593;;;;;;;;
3895.234748;0.092082;0.135169;0.160120;0.141531;0.201966;0.233039;0.158644;0.170209;0.191085;0.141540;0.087441;0.025727;;;;;;;;
3896.199154;0.170841;0.109498;0.156013;0.176531;0.149417;0.221606;0.214510;0.267487;0.185949;0.128746;0.058854;0.016398;;;;;;;;
3897.163560;0.299397;0.146196;0.160678;0.202724;0.167403;0.244622;0.213338;0.265223;0.214966;0.160818;0.082322;0.102656;;;;;;;;
3898.127966;0.232337;0.202290;0.175842;0.184972;0.252913;0.230161;0.200431;0.247670;0.258111;0.180491;0.136787;0.185488;;;;;;;;
3899.092371;0.147746;0.210261;0.154865;0.218610;0.284640;0.182675;0.199620;0.286074;0.248278;0.153683;0.191151;0.154853;;;;;;;;
3900.056777;0.125161;0.185877;0.085908;0.206594;0.217250;0.120459;0.152085;0.215862;0.165943;0.121689;0.186065;0.084256;;;;;;;;
3901.021183;0.152847;0.198474;0.093902;0.102831;0.148094;0.123094;0.091438;0.163981;0.089047;0.134136;0.197340;0.058916;;;;;;;;
3901.985588;0.171635;0.176783;0.147251;0.123066;0.117059;0.267076;0.093105;0.205865;0.079213;0.143056;0.205276;0.040652;;;;;;;;
3902.949994;0.138557;0.117750;0.157805;0.237767;0.134444;0.294517;0.092743;0.158707;0.111417;0.091543;0.098635;0.007018;;;;;;;;
3903.914400;0.092849;0.125242;0.112726;0.167988;0.138117;0.103359;0.032957;0.077763;0.065106;0.005208;-0.006623;-0.037385;;;;;;;;
3904.878806;0.024414;0.113981;0.043888;0.039209;0.046441;0.017634;0.006200;0.067689;-0.006384;-0.019852;-0.060962;-0.059745;;;;;;;;
3905.843211;-0.032590;0.057532;0.016080;0.014417;0.002114;0.060972;0.005864;0.074360;0.040139;0.013467;-0.065205;-0.051863;;;;;;;;
3906.807617;0.022231;0.061858;0.035265;0.066621;0.062694;0.135493;0.038013;0.111519;0.100167;0.059058;-0.000693;-0.011842;;;;;;;;
3907.772023;0.133483;0.086219;0.079997;0.151604;0.106858;0.122789;0.126436;0.195707;0.050452;0.128248;0.069307;0.032144;;;;;;;;
3908.736429;0.139055;0.087890;0.090229;0.150142;0.129467;0.053841;0.181791;0.186878;0.008185;0.141762;0.081414;0.011029;;;;;;;;
3909.700834;0.109907;0.076205;0.074032;0.089459;0.187327;0.080823;0.208494;0.060133;0.052494;0.117279;0.087692;0.032267;;;;;;;;
3910.665240;0.130974;0.093823;0.081300;0.108706;0.196196;0.155855;0.200119;0.018647;0.138418;0.122347;0.118181;0.127199;;;;;;;;
3911.629646;0.113077;0.123998;0.053019;0.103892;0.174035;0.112138;0.124127;0.037594;0.159772;0.081896;0.112270;0.092114;;;;;;;;
3912.594051;0.091640;0.091181;0.044530;0.074617;0.191824;0.064529;0.087823;0.054686;0.146255;0.059190;0.080624;0.008696;;;;;;;;
3913.558457;0.088764;0.061647;0.089890;0.114889;0.235095;0.071907;0.109788;0.097226;0.186797;0.058560;0.077633;0.024965;;;;;;;;
3914.522863;0.079561;0.091914;0.108029;0.171977;0.245232;0.076266;0.126077;0.115535;0.191053;0.013652;0.101705;0.049790;;;;;;;;
3915.487269;0.102322;0.176101;0.124658;0.199244;0.210176;0.125335;0.139494;0.116693;0.143957;0.033100;0.148506;0.047861;;;;;;;;
3916.451674;0.114560;0.222143;0.158733;0.168287;0.218317;0.199114;0.180863;0.172354;0.170418;0.141695;0.170202;0.081739;;;;;;;;
3917.416080;0.087979;0.143806;0.151006;0.121614;0.225008;0.188905;0.211284;0.216760;0.186158;0.190872;0.135024;0.100010;;;;;;;;
3918.380486;0.100317;0.087255;0.097167;0.101416;0.169070;0.115340;0.183024;0.247888;0.153713;0.135282;0.081917;0.107489;;;;;;;;
3919.344892;0.160488;0.103872;0.087655;0.108876;0.127456;0.071941;0.173889;0.220497;0.127697;0.081582;0.065612;0.097957;;;;;;;;
3920.309297;0.143534;0.065665;0.110721;0.112928;0.124554;0.068231;0.160026;0.165669;0.110681;0.103733;0.089380;0.058157;;;;;;;;
3921.273703;0.090143;0.039428;0.083649;0.137339;0.152967;0.092212;0.117923;0.154404;0.099905;0.139745;0.098117;0.075054;;;;;;;;
3922.238109;0.078814;0.061138;0.050417;0.177709;0.189928;0.168931;0.139840;0.144115;0.105245;0.142994;0.068624;0.083346;;;;;;;;
3923.202515;0.090327;0.055710;0.072636;0.170986;0.189096;0.261060;0.160050;0.162115;0.130148;0.160510;0.101136;0.061903;;;;;;;;
3924.166920;0.143505;0.073709;0.122945;0.164786;0.202318;0.282490;0.140800;0.195116;0.137121;0.180939;0.174797;0.129763;;;;;;;;
3925.131326;0.196678;0.090721;0.129254;0.133954;0.205794;0.246017;0.179933;0.160000;0.127687;0.160494;0.179509;0.156404;;;;;;;;
3926.095732;0.164515;0.093959;0.110462;0.063055;0.158049;0.203773;0.225563;0.139947;0.137853;0.139354;0.167839;0.116579;;;;;;;;
3927.060137;0.097171;0.130630;0.085248;0.062025;0.120700;0.149000;0.158799;0.164866;0.112924;0.129389;0.144983;0.118863;;;;;;;;
3928.024543;0.065421;0.097391;0.041951;0.126943;0.118445;0.070597;0.107003;0.159357;0.048699;0.115350;0.108276;0.087575;;;;;;;;
3928.988949;0.082066;0.046027;0.047061;0.194203;0.156827;0.053214;0.140405;0.134278;0.069462;0.129442;0.070044;0.047732;;;;;;;;
3929.953355;0.102766;0.061867;0.075167;0.169035;0.162557;0.088645;0.109947;0.092667;0.136792;0.136492;0.036339;0.039745;;;;;;;;
3930.917760;0.062022;0.078180;0.076569;0.057126;0.087805;0.065526;0.038843;0.048429;0.093168;0.100202;0.060460;0.002077;;;;;;;;
3931.882166;0.035752;0.133725;0.140381;0.077056;0.085914;0.081030;0.088891;0.102262;0.067770;0.107531;0.139670;0.027298;;;;;;;;
3932.846572;0.077092;0.188565;0.199777;0.150176;0.125290;0.189095;0.171616;0.136852;0.136080;0.146546;0.171952;0.116583;;;;;;;;
3933.810978;0.125889;0.152523;0.139252;0.121015;0.128588;0.226825;0.173671;0.073939;0.142727;0.151932;0.150274;0.131540;;;;;;;;
3934.775383;0.140237;0.098533;0.079230;0.114089;0.178395;0.179885;0.158495;0.070485;0.123704;0.134065;0.124775;0.116333;;;;;;;;
3935.739789;0.096857;0.092844;0.111172;0.156053;0.233444;0.185637;0.168429;0.123702;0.192516;0.106085;0.142700;0.158976;;;;;;;;
3936.704195;0.088348;0.074901;0.103722;0.166376;0.219816;0.183744;0.138875;0.101186;0.237221;0.114770;0.125831;0.143710;;;;;;;;
3937.668600;0.181971;0.074843;0.076013;0.161720;0.163013;0.139839;0.121551;0.078417;0.169977;0.162870;0.112406;0.060674;;;;;;;;
3938.633006;0.239620;0.129540;0.087321;0.112478;0.113810;0.121857;0.149979;0.066613;0.111781;0.125023;0.135219;0.013821;;;;;;;;
3939.597412;0.158874;0.143823;0.084731;0.059582;0.140069;0.146877;0.157021;0.079853;0.115358;0.061970;0.099617;0.048554;;;;;;;;
3940.561818;0.107912;0.105560;0.109244;0.084036;0.213721;0.198470;0.173575;0.160446;0.112694;0.073863;0.079605;0.145182;;;;;;;;
3941.526223;0.110074;0.067395;0.125517;0.147412;0.218485;0.225702;0.162241;0.172395;0.109084;0.120362;0.104863;0.158919;;;;;;;;
3942.490629;0.103384;0.037378;0.107536;0.174354;0.146877;0.204235;0.096413;0.161645;0.163008;0.170291;0.093943;0.099657;;;;;;;;
3943.455035;0.101268;0.045226;0.124959;0.144212;0.079997;0.167210;0.083004;0.182540;0.185384;0.151475;0.082310;0.076953;;;;;;;;
3944.419441;0.113453;0.073464;0.118156;0.107093;0.056762;0.124240;0.099762;0.158668;0.130024;0.090970;0.109208;0.057868;;;;;;;;
3945.383846;0.099563;0.102888;0.088874;0.091204;0.062369;0.092853;0.090165;0.147952;0.084432;0.113676;0.132980;0.015488;;;;;;;;
3946.348252;0.089282;0.122854;0.077950;0.083681;0.078467;0.104162;0.092422;0.107960;0.062874;0.159204;0.142904;-0.000750;;;;;;;;
3947.312658;0.118776;0.149178;0.080644;0.115262;0.108390;0.130467;0.153416;0.105235;0.109835;0.125754;0.159489;0.062040;;;;;;;;
3948.277064;0.065364;0.150609;0.060356;0.115173;0.085731;0.079253;0.181485;0.140470;0.192582;0.090607;0.111660;0.097575;;;;;;;;
3949.241469;-0.055862;0.039228;-0.020824;0.022813;0.029248;-0.026098;0.084199;0.067002;0.119042;0.032502;0.016442;0.020379;;;;;;;;
3950.205875;-0.007922;-0.008003;0.000904;0.036339;0.113160;-0.009922;0.063960;0.028486;0.032602;0.036938;0.043721;0.009670;;;;;;;;
3951.170281;0.123614;0.081807;0.111119;0.135206;0.230026;0.080223;0.142498;0.051241;0.125011;0.154778;0.106549;0.096727;;;;;;;;
3952.134686;0.134158;0.114743;0.107971;0.153696;0.213720;0.113280;0.122797;0.060750;0.169182;0.176198;0.081620;0.136227;;;;;;;;
3953.099092;0.119106;0.064474;0.044306;0.149952;0.140992;0.109689;0.075789;0.090126;0.080953;0.094762;0.072887;0.078900;;;;;;;;
3954.063498;0.087206;0.024083;0.016227;0.113113;0.082744;0.067518;0.055359;0.053944;0.024378;0.076313;0.107496;0.009292;;;;;;;;
3955.027904;0.042722;0.023242;0.017540;0.050687;0.060380;0.052288;0.046948;0.047658;0.056771;0.092003;0.110243;0.020660;;;;;;;;
3955.992309;0.038413;0.014209;0.005522;0.046619;0.054400;0.065654;0.089032;0.107779;0.118495;0.087628;0.091656;0.054683;;;;;;;;
3956.956715;0.047916;-0.008778;-0.009921;0.094409;0.058251;0.060034;0.110824;0.095439;0.126700;0.105600;0.121159;0.072187;;;;;;;;
3957.921121;0.050527;0.007324;0.010025;0.125607;0.063266;0.065950;0.075946;0.072173;0.143690;0.147205;0.137886;0.105751;;;;;;;;
3958.885527;0.023566;0.034792;0.035723;0.086378;0.064047;0.074789;0.064358;0.090606;0.172545;0.139006;0.098974;0.101100;;;;;;;;
3959.849932;0.019449;0.064690;0.038237;0.042989;0.102790;0.099926;0.125765;0.115918;0.169479;0.119275;0.080666;0.052846;;;;;;;;
3960.814338;0.086226;0.138564;0.064587;0.044481;0.174321;0.124938;0.205585;0.132861;0.181203;0.153675;0.070392;0.050644;;;;;;;;
3961.778744;0.107173;0.126782;0.108834;0.047988;0.181718;0.104779;0.166717;0.133301;0.165672;0.135983;0.070447;0.094662;;;;;;;;
3962.743150;0.041285;0.003310;0.082028;0.041776;0.125275;0.055669;0.090442;0.103994;0.096064;0.069818;0.090542;0.086258;;;;;;;;
3963.707555;0.003652;-0.041249;0.041864;0.066624;0.133008;0.019661;0.077110;0.081548;0.055531;0.074858;0.080726;0.084321;;;;;;;;
3964.671961;0.036571;0.009400;0.070092;0.106462;0.169482;0.099122;0.073948;0.102217;0.100231;0.105148;0.080254;0.142912;;;;;;;;
3965.636367;0.077342;0.036072;0.105629;0.093436;0.126926;0.187141;0.041607;0.109926;0.123293;0.069336;0.098498;0.122341;;;;;;;;
3966.600772;0.100408;0.063724;0.078813;0.068373;0.108618;0.119549;0.044348;0.089333;0.083274;0.053833;0.093767;0.090606;;;;;;;;
3967.565178;0.101940;0.076950;-0.029416;0.073216;0.112254;0.052642;0.063338;0.058563;0.096505;0.074063;0.052945;0.093154;;;;;;;;
3968.529584;0.120918;0.070094;-0.038273;0.104795;0.141109;0.046167;0.054582;0.041436;0.158858;0.068597;0.032969;0.069211;;;;;;;;
3969.493990;0.133040;0.105733;0.111872;0.177093;0.255934;0.059260;0.080268;0.073958;0.194938;0.104845;0.103713;0.097746;;;;;;;;
3970.458395;0.072687;0.087680;0.158752;0.194408;0.259891;0.086398;0.118027;0.082422;0.186693;0.156235;0.162660;0.111203;;;;;;;;
3971.422801;0.031907;0.020613;0.056812;0.155961;0.160215;0.117203;0.130623;0.047080;0.135058;0.132697;0.132384;0.068339;;;;;;;;
3972.387207;0.055749;0.022544;0.027567;0.164359;0.145953;0.155559;0.119529;0.084531;0.112066;0.118935;0.113859;0.074212;;;;;;;;
3973.351613;0.047712;0.045815;0.053985;0.157348;0.140601;0.149509;0.073161;0.142820;0.088211;0.153760;0.101012;0.082905;;;;;;;;
3974.316018;0.009698;0.009653;0.021469;0.152947;0.056038;0.075424;0.028138;0.114872;0.061555;0.137154;0.046023;0.066859;;;;;;;;
3975.280424;-0.021275;-0.057683;-0.028196;0.147041;-0.033972;-0.009538;0.006213;0.047573;0.038104;0.044154;-0.005715;0.056919;;;;;;;;
3976.244830;-0.030477;-0.101997;-0.014387;0.035109;-0.044012;-0.027903;-0.014434;-0.018336;-0.025989;0.006588;-0.003833;0.039400;;;;;;;;
3977.209235;0.038668;-0.093681;0.045674;-0.000979;0.016274;0.048363;0.011846;-0.012329;0.006575;0.075098;0.051894;0.049291;;;;;;;;
3978.173641;0.087893;-0.051234;0.116763;0.034844;0.044968;0.068251;0.065776;0.052443;0.084023;0.100368;0.076507;0.051301;;;;;;;;
3979.138047;0.034269;-0.024324;0.072053;0.008189;0.053935;0.032004;0.055629;0.080884;0.050983;0.048280;0.065394;0.015484;;;;;;;;
3980.102453;0.017987;-0.007313;-0.028206;-0.003256;0.085341;0.052445;0.021337;0.085976;0.024901;0.020560;0.088972;0.011719;;;;;;;;
3981.066858;0.076721;0.038859;0.004975;0.023715;0.091685;0.064877;0.038283;0.091587;0.027212;0.039103;0.119622;0.027714;;;;;;;;
3982.031264;0.120861;0.071161;0.076575;0.047231;0.105524;0.050429;0.078367;0.103757;0.028263;0.086675;0.129172;0.028375;;;;;;;;
3982.995670;0.122654;0.056930;0.061417;0.034872;0.094565;0.028990;0.100722;0.099744;0.060756;0.102316;0.132894;0.035343;;;;;;;;
3983.960076;0.090576;0.036440;0.022676;-0.003295;0.053093;0.017728;0.098505;0.062055;0.077885;0.060699;0.117039;0.052151;;;;;;;;
3984.924481;0.055297;0.027496;0.025494;0.030943;0.109918;0.083449;0.093058;0.038249;0.096532;0.057470;0.122032;0.073070;;;;;;;;
3985.888887;0.010510;0.036819;0.032224;0.028467;0.121024;0.090249;0.082479;0.013996;0.112821;0.070164;0.141631;0.045983;;;;;;;;
3986.853293;-0.036856;0.047622;-0.014292;-0.049713;-0.010633;-0.021915;0.058708;-0.005630;0.050352;0.026100;0.120081;0.001885;;;;;;;;
3987.817699;-0.020334;0.052997;-0.039155;-0.010080;-0.047616;-0.025526;0.057925;0.007480;0.018113;0.001767;0.109995;0.036809;;;;;;;;
3988.782104;0.034936;0.092297;0.008726;0.077770;0.016050;0.106027;0.084629;0.028827;0.068610;0.051703;0.161186;0.099723;;;;;;;;
3989.746510;0.061309;0.100650;0.063318;0.104025;0.102030;0.160740;0.109418;0.058954;0.078762;0.111412;0.202388;0.113736;;;;;;;;
3990.710916;0.010505;0.051784;0.067680;0.117575;0.155138;0.083668;0.059108;0.015257;0.027765;0.089089;0.139935;0.079364;;;;;;;;
3991.675321;-0.019646;0.026461;0.041401;0.100555;0.079804;0.014206;-0.017512;-0.020401;0.010329;0.042485;0.045591;0.059566;;;;;;;;
3992.639727;0.053768;0.024204;0.045068;0.105853;0.023176;0.011730;0.023354;0.099016;0.082964;0.107978;0.045339;0.100877;;;;;;;;
3993.604133;0.068332;-0.015195;0.035682;0.130592;0.036980;0.023473;0.060930;0.157835;0.109334;0.177905;0.076581;0.098385;;;;;;;;
3994.568539;0.023867;-0.040408;0.006040;0.080082;0.036341;0.033523;0.026524;0.094680;0.054706;0.134801;0.098780;0.046182;;;;;;;;
3995.532944;0.035354;0.010275;0.027738;0.029590;0.044435;0.056708;0.066524;0.111138;0.063495;0.086717;0.120999;0.057741;;;;;;;;
3996.497350;0.079969;0.023725;0.039617;0.064244;0.090368;0.050033;0.117954;0.126920;0.092050;0.088348;0.118179;0.114746;;;;;;;;
3997.461756;0.099953;-0.020101;0.000331;0.112162;0.108617;0.045282;0.106656;0.062589;0.062608;0.126944;0.121581;0.132204;;;;;;;;
3998.426162;0.076460;-0.017722;-0.010746;0.106680;0.075577;0.078904;0.085173;0.000002;0.051679;0.134214;0.118899;0.121294;;;;;;;;
3999.390567;0.077273;0.028130;0.014219;0.078172;0.073376;0.072462;0.037234;0.007775;0.067919;0.051053;0.106852;0.095272;;;;;;;;
4000.354973;0.069058;0.050512;0.022675;0.066094;0.103024;0.068260;-0.000107;0.058471;0.072820;0.009429;0.093912;0.061860;;;;;;;;
