XLabel;Wavenumber;;;;;;;;;;;;;;;;;;;
YLabel;Absorbance;;;;;;;;;;;;;;;;;;;Name
FileType;Absorbance;;;;;;;;;;;;;;;;;;;
DisplayDirection;20300;;;;;;;;;;;;;;;;;;;
PeakDirection;IceIh_250K;IceIh_225K;IceIh_200K;IceIh_175K;IceIh_150K;IceIh_125K;IceIh_100K;"IceIh_p=1,52*10^-1;T=79,246K";"IceIh_p=1,58*10^-1;T=79,210";IceIh_1,68*10^-1;;;;;;;;;;
399.263973;0.161201;0.166652;0.158406;0.242488;0.307920;0.162298;0.186551;0.083786;0.319800;0.108828;;;;;;;;;;
400.228378;0.061565;0.078855;0.142641;0.142691;0.261296;0.166021;0.163847;0.100922;0.282990;0.132262;;;;;;;;;;
401.192784;0.034332;0.010091;0.110605;0.066143;0.176137;0.120846;0.096175;0.103314;0.150405;0.154953;;;;;;;;;;
402.157190;0.041664;0.015132;0.094885;0.036904;0.111173;0.056570;0.053090;0.033772;0.077791;0.084664;;;;;;;;;;
403.121596;0.076476;0.021391;0.081959;0.033146;0.115303;0.017041;0.070913;0.029785;0.092674;0.041982;;;;;;;;;;
404.086001;0.113009;0.009818;0.129476;0.057374;0.147697;0.039961;0.113058;0.091647;0.100538;0.061114;;;;;;;;;;
405.050407;0.113279;0.041643;0.159472;0.081964;0.194114;0.063072;0.180567;0.097830;0.132538;0.150169;;;;;;;;;;
406.014813;0.117434;0.095293;0.132315;0.088765;0.115087;0.083851;0.202672;0.060624;0.162638;0.276545;;;;;;;;;;
406.979219;0.096629;0.122492;0.146298;0.143106;-0.002505;0.192209;0.176663;0.099591;0.137964;0.348270;;;;;;;;;;
407.943624;0.072146;0.127980;0.172566;0.179521;0.040547;0.224335;0.196239;0.212454;0.114610;0.306845;;;;;;;;;;
408.908030;0.111755;0.098400;0.178487;0.143672;0.127331;0.142004;0.214116;0.240607;0.100563;0.225515;;;;;;;;;;
409.872436;0.161970;0.065251;0.153535;0.111223;0.134834;0.159865;0.168919;0.210027;0.103395;0.207550;;;;;;;;;;
410.836841;0.101270;0.044044;0.094657;0.088990;0.110601;0.228880;0.093731;0.168487;0.101379;0.155152;;;;;;;;;;
411.801247;0.061468;0.006149;0.065019;0.085480;0.088877;0.196957;0.066778;0.081102;0.088579;0.054087;;;;;;;;;;
412.765653;0.141531;0.030585;0.076528;0.089481;0.092901;0.171227;0.086301;0.043197;0.090952;0.050468;;;;;;;;;;
413.730059;0.149372;0.084238;0.121672;0.082463;0.091681;0.144467;0.076435;0.068511;0.105613;0.085223;;;;;;;;;;
414.694464;0.060365;0.093021;0.178533;0.099329;0.106100;0.087843;0.079238;0.126682;0.147852;0.090951;;;;;;;;;;
415.658870;0.054557;0.126901;0.160964;0.114413;0.149282;0.080996;0.139715;0.192295;0.169571;0.083793;;;;;;;;;;
416.623276;0.111490;0.124939;0.103629;0.144779;0.154635;0.113167;0.199392;0.188331;0.153187;0.085101;;;;;;;;;;
417.587682;0.148611;0.118412;0.085472;0.199805;0.201879;0.115896;0.202370;0.173332;0.149906;0.118780;;;;;;;;;;
418.552087;0.134826;0.167408;0.106386;0.201384;0.271305;0.092425;0.147926;0.199144;0.148551;0.140276;;;;;;;;;;
419.516493;0.125572;0.170047;0.151726;0.195731;0.271523;0.126247;0.120916;0.194042;0.154464;0.135743;;;;;;;;;;
420.480899;0.139516;0.155712;0.196020;0.201714;0.254488;0.173620;0.140251;0.196757;0.169456;0.146902;;;;;;;;;;
421.445305;0.143352;0.141328;0.158807;0.193319;0.182937;0.123277;0.141058;0.235224;0.162985;0.162319;;;;;;;;;;
422.409710;0.135263;0.164180;0.086092;0.222237;0.168442;0.119776;0.141044;0.253459;0.154698;0.162541;;;;;;;;;;
423.374116;0.075913;0.228844;0.103477;0.211088;0.251843;0.217991;0.136286;0.254470;0.140385;0.180832;;;;;;;;;;
424.338522;0.040302;0.187173;0.152184;0.141228;0.225327;0.232592;0.145980;0.245863;0.131101;0.225758;;;;;;;;;;
425.302927;0.084027;0.121661;0.147923;0.160258;0.173200;0.207026;0.202883;0.214715;0.150554;0.212700;;;;;;;;;;
426.267333;0.110795;0.092040;0.123463;0.218441;0.174003;0.179493;0.194957;0.176868;0.136292;0.153941;;;;;;;;;;
427.231739;0.124063;0.080552;0.091874;0.196274;0.164651;0.117125;0.143082;0.141171;0.115204;0.159972;;;;;;;;;;
428.196145;0.129892;0.094603;0.078691;0.160661;0.173918;0.130131;0.141295;0.134650;0.138850;0.223307;;;;;;;;;;
429.160550;0.097963;0.069505;0.085810;0.152856;0.155801;0.182003;0.157952;0.146115;0.141569;0.247653;;;;;;;;;;
430.124956;0.088048;0.038858;0.091388;0.155892;0.097239;0.153091;0.175526;0.150386;0.128138;0.232897;;;;;;;;;;
431.089362;0.084098;0.072083;0.107341;0.156416;0.117064;0.118289;0.184410;0.160784;0.159240;0.202055;;;;;;;;;;
432.053768;0.066698;0.095695;0.118122;0.149169;0.173351;0.153848;0.172260;0.175518;0.181926;0.170267;;;;;;;;;;
433.018173;0.076032;0.096900;0.128853;0.143407;0.163449;0.176059;0.150255;0.195869;0.178181;0.160299;;;;;;;;;;
433.982579;0.106205;0.112288;0.168308;0.158262;0.160828;0.156046;0.128617;0.194957;0.170739;0.153262;;;;;;;;;;
434.946985;0.108623;0.090638;0.189939;0.199250;0.167151;0.196521;0.124939;0.149928;0.119180;0.150972;;;;;;;;;;
435.911391;0.120632;0.076916;0.184825;0.194252;0.138389;0.265309;0.157224;0.155568;0.094903;0.171946;;;;;;;;;;
436.875796;0.192459;0.117775;0.191904;0.164176;0.150167;0.259541;0.213077;0.204792;0.171147;0.204061;;;;;;;;;;
437.840202;0.205499;0.120996;0.185240;0.193227;0.179815;0.234225;0.251872;0.199301;0.242971;0.226101;;;;;;;;;;
438.804608;0.159313;0.092410;0.165057;0.220895;0.184929;0.205915;0.243670;0.202158;0.220024;0.225891;;;;;;;;;;
439.769013;0.138192;0.093850;0.157282;0.182702;0.201333;0.195434;0.188046;0.217601;0.175356;0.201612;;;;;;;;;;
440.733419;0.116737;0.110042;0.143420;0.127949;0.165771;0.197910;0.146965;0.179707;0.151286;0.165712;;;;;;;;;;
441.697825;0.133326;0.125632;0.135478;0.140197;0.117737;0.173756;0.158269;0.151552;0.136633;0.168655;;;;;;;;;;
442.662231;0.172830;0.142818;0.165330;0.203727;0.150086;0.193562;0.183548;0.158923;0.145905;0.214830;;;;;;;;;;
443.626636;0.159487;0.161751;0.176321;0.185289;0.191025;0.214987;0.183184;0.151761;0.154246;0.218576;;;;;;;;;;
444.591042;0.126968;0.153368;0.153304;0.151228;0.220650;0.186554;0.193987;0.162721;0.156019;0.197382;;;;;;;;;;
445.555448;0.118171;0.127952;0.154136;0.187663;0.229903;0.188773;0.226514;0.215267;0.201040;0.192673;;;;;;;;;;
446.519854;0.127018;0.112013;0.152202;0.205202;0.195031;0.190416;0.210128;0.204140;0.232317;0.175048;;;;;;;;;;
447.484259;0.092097;0.065047;0.136268;0.186232;0.167805;0.151995;0.182009;0.151938;0.222077;0.176213;;;;;;;;;;
448.448665;0.060353;0.061158;0.147910;0.186228;0.193720;0.149153;0.218377;0.153643;0.252354;0.196854;;;;;;;;;;
449.413071;0.125252;0.144731;0.173782;0.223633;0.257231;0.208925;0.254021;0.176701;0.289926;0.205294;;;;;;;;;;
450.377476;0.178480;0.172219;0.189967;0.238937;0.240878;0.235715;0.216417;0.199066;0.265881;0.204600;;;;;;;;;;
451.341882;0.163565;0.127405;0.176872;0.211247;0.169466;0.199982;0.148142;0.202092;0.223615;0.168027;;;;;;;;;;
452.306288;0.164638;0.126578;0.154797;0.211700;0.190064;0.198245;0.139819;0.197311;0.240985;0.174068;;;;;;;;;;
453.270694;0.153855;0.153859;0.154300;0.212530;0.251258;0.209438;0.169612;0.226078;0.265292;0.253197;;;;;;;;;;
454.235099;0.144536;0.169108;0.155351;0.218286;0.243863;0.197514;0.167292;0.233120;0.235881;0.285560;;;;;;;;;;
455.199505;0.168003;0.176511;0.139150;0.250317;0.193061;0.189814;0.171998;0.199853;0.194930;0.245984;;;;;;;;;;
456.163911;0.138868;0.155828;0.103411;0.217086;0.147814;0.176977;0.187195;0.151332;0.148580;0.195701;;;;;;;;;;
457.128317;0.088691;0.109871;0.102697;0.165418;0.140409;0.188936;0.161797;0.121972;0.130838;0.179276;;;;;;;;;;
458.092722;0.093310;0.100900;0.159726;0.171841;0.169295;0.218335;0.169300;0.170065;0.158967;0.201222;;;;;;;;;;
459.057128;0.121107;0.131980;0.194785;0.213059;0.221122;0.239652;0.232044;0.240800;0.199481;0.207990;;;;;;;;;;
460.021534;0.138444;0.109948;0.171770;0.248223;0.273540;0.241115;0.222485;0.247354;0.245411;0.207424;;;;;;;;;;
460.985940;0.136829;0.060783;0.127392;0.225091;0.262724;0.211795;0.187358;0.203489;0.236578;0.203746;;;;;;;;;;
461.950345;0.144063;0.082883;0.141842;0.198822;0.212734;0.193762;0.219017;0.194212;0.192381;0.196195;;;;;;;;;;
462.914751;0.156439;0.123124;0.197380;0.219793;0.222508;0.194507;0.224566;0.209039;0.204013;0.183862;;;;;;;;;;
463.879157;0.143048;0.116429;0.208311;0.211097;0.252322;0.216663;0.237460;0.193291;0.230609;0.195259;;;;;;;;;;
464.843562;0.119788;0.094042;0.183988;0.154209;0.183429;0.217094;0.264260;0.180273;0.220079;0.232748;;;;;;;;;;
465.807968;0.098783;0.073791;0.152097;0.131443;0.119250;0.179047;0.209091;0.180141;0.219039;0.217856;;;;;;;;;;
466.772374;0.097350;0.085384;0.147441;0.187987;0.155223;0.187608;0.194208;0.202359;0.261225;0.210884;;;;;;;;;;
467.736780;0.108359;0.137563;0.164725;0.240516;0.193282;0.214985;0.222657;0.229817;0.283724;0.235215;;;;;;;;;;
468.701185;0.124409;0.186257;0.169891;0.200505;0.181754;0.213633;0.212217;0.218215;0.246182;0.215564;;;;;;;;;;
469.665591;0.161146;0.180668;0.167223;0.160222;0.166528;0.210530;0.205635;0.198183;0.195706;0.211098;;;;;;;;;;
470.629997;0.166720;0.168261;0.159203;0.192993;0.159841;0.221631;0.207777;0.198006;0.163965;0.249612;;;;;;;;;;
471.594403;0.120409;0.171745;0.143785;0.223040;0.160729;0.224686;0.173065;0.198192;0.165401;0.251584;;;;;;;;;;
472.558808;0.088262;0.144541;0.125230;0.204991;0.171834;0.200504;0.136806;0.179218;0.197662;0.202490;;;;;;;;;;
473.523214;0.099813;0.111244;0.133825;0.189730;0.177212;0.184545;0.155359;0.175287;0.188203;0.167675;;;;;;;;;;
474.487620;0.125355;0.073354;0.151902;0.187014;0.151193;0.186312;0.164198;0.187318;0.156480;0.160583;;;;;;;;;;
475.452025;0.143917;0.057104;0.151187;0.185531;0.144092;0.178820;0.159254;0.171755;0.160694;0.158323;;;;;;;;;;
476.416431;0.147810;0.100100;0.181545;0.192428;0.189489;0.169653;0.218361;0.185082;0.177364;0.180270;;;;;;;;;;
477.380837;0.128263;0.113250;0.195933;0.195427;0.213803;0.181861;0.240693;0.216287;0.194308;0.199210;;;;;;;;;;
478.345243;0.104359;0.090912;0.148431;0.182862;0.202522;0.200940;0.175359;0.190051;0.214382;0.176970;;;;;;;;;;
479.309648;0.089258;0.090773;0.131685;0.191190;0.186493;0.192388;0.141352;0.148227;0.232853;0.153933;;;;;;;;;;
480.274054;0.084243;0.095731;0.149119;0.199793;0.176882;0.176024;0.161367;0.139688;0.233587;0.165420;;;;;;;;;;
481.238460;0.096523;0.122997;0.157146;0.171761;0.197963;0.200017;0.198798;0.188574;0.215765;0.189198;;;;;;;;;;
482.202866;0.104674;0.152798;0.174508;0.197736;0.222415;0.250679;0.227196;0.246698;0.223486;0.189502;;;;;;;;;;
483.167271;0.120039;0.152769;0.186142;0.254590;0.230841;0.264931;0.226595;0.238051;0.236785;0.188679;;;;;;;;;;
484.131677;0.156209;0.166119;0.201809;0.234485;0.246829;0.248186;0.233379;0.241472;0.227800;0.210635;;;;;;;;;;
485.096083;0.154244;0.172077;0.206066;0.197477;0.249129;0.231269;0.243318;0.261544;0.220394;0.210689;;;;;;;;;;
486.060489;0.124055;0.153062;0.183726;0.201710;0.244745;0.223271;0.216361;0.249838;0.226241;0.197273;;;;;;;;;;
487.024894;0.131226;0.150291;0.192037;0.220905;0.260675;0.233348;0.197750;0.262367;0.245869;0.222585;;;;;;;;;;
487.989300;0.157408;0.154880;0.201593;0.237818;0.241305;0.222939;0.206252;0.285038;0.256199;0.245043;;;;;;;;;;
488.953706;0.151850;0.134440;0.186564;0.243390;0.202385;0.198771;0.220875;0.259229;0.244648;0.236367;;;;;;;;;;
489.918111;0.118013;0.109522;0.177849;0.231829;0.207414;0.204793;0.251664;0.219037;0.221324;0.232325;;;;;;;;;;
490.882517;0.096993;0.123616;0.159402;0.225882;0.208332;0.226300;0.260389;0.198049;0.191798;0.234931;;;;;;;;;;
491.846923;0.115881;0.148039;0.176584;0.235604;0.216440;0.233108;0.244044;0.205390;0.206537;0.251570;;;;;;;;;;
492.811329;0.145383;0.154130;0.233620;0.252053;0.277366;0.225924;0.253724;0.245751;0.243431;0.268904;;;;;;;;;;
493.775734;0.145075;0.157860;0.236702;0.262545;0.298639;0.217023;0.259466;0.270094;0.211981;0.249995;;;;;;;;;;
494.740140;0.141579;0.132802;0.194704;0.253987;0.255609;0.198329;0.250669;0.234894;0.181981;0.224441;;;;;;;;;;
495.704546;0.154106;0.107774;0.178609;0.237636;0.214742;0.203535;0.246479;0.216927;0.200789;0.219997;;;;;;;;;;
496.668952;0.154055;0.112439;0.185773;0.219319;0.187837;0.240080;0.226857;0.256635;0.208122;0.229453;;;;;;;;;;
497.633357;0.161757;0.114767;0.188373;0.219101;0.204419;0.237373;0.226916;0.276976;0.227399;0.255783;;;;;;;;;;
498.597763;0.183724;0.118698;0.171227;0.236682;0.231430;0.225673;0.248234;0.233759;0.235009;0.264756;;;;;;;;;;
499.562169;0.187058;0.143419;0.164484;0.237963;0.224296;0.234472;0.249868;0.203814;0.228779;0.245718;;;;;;;;;;
500.526574;0.173997;0.178211;0.189132;0.232506;0.221952;0.243481;0.258619;0.231735;0.262799;0.234233;;;;;;;;;;
501.490980;0.153403;0.179983;0.181433;0.219964;0.218865;0.253544;0.256954;0.260078;0.274405;0.225863;;;;;;;;;;
502.455386;0.149362;0.176463;0.144943;0.208033;0.215543;0.245267;0.240644;0.248282;0.257075;0.231450;;;;;;;;;;
503.419792;0.171929;0.203776;0.165812;0.221291;0.239245;0.243089;0.251061;0.237487;0.252087;0.244379;;;;;;;;;;
504.384197;0.156530;0.175306;0.185988;0.235178;0.251733;0.251939;0.236975;0.251973;0.224870;0.220843;;;;;;;;;;
505.348603;0.114839;0.110812;0.135477;0.230231;0.236967;0.260067;0.209077;0.249504;0.186110;0.207593;;;;;;;;;;
506.313009;0.114046;0.101583;0.117770;0.203905;0.218804;0.293085;0.226881;0.223005;0.181524;0.232078;;;;;;;;;;
507.277415;0.131350;0.113173;0.162828;0.197108;0.223232;0.288398;0.238930;0.229373;0.202934;0.236669;;;;;;;;;;
508.241820;0.134534;0.118947;0.179316;0.215488;0.267550;0.240059;0.223020;0.235909;0.222484;0.229232;;;;;;;;;;
509.206226;0.139479;0.149234;0.176397;0.224994;0.318715;0.226501;0.236161;0.223983;0.248642;0.230537;;;;;;;;;;
510.170632;0.157723;0.181315;0.210201;0.244517;0.331774;0.235857;0.264582;0.236080;0.273726;0.242540;;;;;;;;;;
511.135038;0.169048;0.172614;0.231079;0.257633;0.306886;0.242667;0.242175;0.240744;0.285801;0.250560;;;;;;;;;;
512.099443;0.156387;0.144985;0.196107;0.250650;0.274434;0.238884;0.199928;0.236679;0.297719;0.235938;;;;;;;;;;
513.063849;0.136216;0.140436;0.156395;0.236507;0.250754;0.208865;0.195348;0.266911;0.281565;0.233744;;;;;;;;;;
514.028255;0.125740;0.154378;0.166418;0.204869;0.229340;0.204066;0.208704;0.291299;0.253207;0.239432;;;;;;;;;;
514.992660;0.133150;0.161250;0.200195;0.208775;0.242250;0.238991;0.222370;0.275797;0.264397;0.249892;;;;;;;;;;
515.957066;0.145210;0.154710;0.189656;0.237314;0.272019;0.232678;0.240342;0.246968;0.272682;0.264524;;;;;;;;;;
516.921472;0.144087;0.131691;0.160445;0.230787;0.258561;0.201174;0.254212;0.213970;0.243028;0.229580;;;;;;;;;;
517.885878;0.147025;0.131442;0.176195;0.231752;0.233707;0.222829;0.277481;0.219141;0.241450;0.220356;;;;;;;;;;
518.850283;0.160182;0.166007;0.201743;0.244898;0.234822;0.274395;0.295725;0.259057;0.278715;0.256301;;;;;;;;;;
519.814689;0.156960;0.172051;0.214707;0.239410;0.229856;0.306958;0.283838;0.260686;0.292658;0.238218;;;;;;;;;;
520.779095;0.137318;0.161916;0.236753;0.232854;0.212972;0.289256;0.268879;0.248804;0.276044;0.225780;;;;;;;;;;
521.743501;0.148594;0.168401;0.227543;0.229076;0.211956;0.252030;0.259369;0.263199;0.264939;0.256697;;;;;;;;;;
522.707906;0.180340;0.161400;0.187051;0.237123;0.219107;0.260771;0.251274;0.260411;0.270839;0.255943;;;;;;;;;;
523.672312;0.171059;0.151276;0.165445;0.256593;0.230851;0.281657;0.268293;0.246538;0.259531;0.245971;;;;;;;;;;
524.636718;0.144727;0.138326;0.161854;0.259434;0.253471;0.267406;0.292816;0.247459;0.238880;0.262845;;;;;;;;;;
525.601124;0.133730;0.116634;0.167691;0.248106;0.264246;0.264323;0.290022;0.263970;0.244551;0.287539;;;;;;;;;;
526.565529;0.130858;0.102701;0.184683;0.239905;0.275800;0.284327;0.277676;0.274734;0.238676;0.296355;;;;;;;;;;
527.529935;0.145125;0.105797;0.214164;0.242911;0.300143;0.301084;0.289650;0.248670;0.235882;0.297386;;;;;;;;;;
528.494341;0.165769;0.135935;0.235518;0.262364;0.307750;0.321258;0.306521;0.237861;0.272100;0.315384;;;;;;;;;;
529.458746;0.166053;0.166719;0.213052;0.282548;0.287668;0.330665;0.292672;0.267675;0.296164;0.305241;;;;;;;;;;
530.423152;0.159835;0.176090;0.200872;0.283882;0.268811;0.314286;0.280769;0.290781;0.289656;0.280801;;;;;;;;;;
531.387558;0.175715;0.174726;0.232820;0.283183;0.270691;0.329851;0.276451;0.292314;0.287517;0.286007;;;;;;;;;;
532.351964;0.187675;0.167766;0.243611;0.275667;0.259143;0.369777;0.260381;0.286814;0.303098;0.279603;;;;;;;;;;
533.316369;0.180217;0.157403;0.234736;0.244887;0.238149;0.328811;0.267490;0.268636;0.297730;0.271925;;;;;;;;;;
534.280775;0.187024;0.148695;0.234738;0.259755;0.253591;0.272391;0.289177;0.264027;0.264539;0.272835;;;;;;;;;;
535.245181;0.191612;0.156991;0.231499;0.332312;0.287682;0.290326;0.283532;0.289888;0.261817;0.281978;;;;;;;;;;
536.209587;0.160103;0.161259;0.217039;0.340447;0.274800;0.303545;0.266262;0.288747;0.254794;0.308787;;;;;;;;;;
537.173992;0.118441;0.139410;0.197563;0.288972;0.237836;0.260571;0.237354;0.246082;0.223261;0.299543;;;;;;;;;;
538.138398;0.110531;0.134752;0.192287;0.258198;0.232761;0.214392;0.214295;0.235225;0.235155;0.276894;;;;;;;;;;
539.102804;0.127177;0.151194;0.181980;0.239110;0.238938;0.209172;0.247707;0.264695;0.269295;0.280193;;;;;;;;;;
540.067209;0.131574;0.151796;0.181917;0.248627;0.255240;0.265836;0.287312;0.275105;0.273393;0.275368;;;;;;;;;;
541.031615;0.137960;0.146119;0.207227;0.285349;0.275132;0.315456;0.278267;0.275991;0.267109;0.265191;;;;;;;;;;
541.996021;0.147713;0.141612;0.212228;0.300755;0.263095;0.291308;0.277114;0.292208;0.266823;0.233261;;;;;;;;;;
542.960427;0.139268;0.139806;0.208835;0.296425;0.246139;0.263834;0.291668;0.292533;0.276590;0.205305;;;;;;;;;;
543.924832;0.134982;0.149047;0.207909;0.298327;0.253260;0.272011;0.316371;0.285467;0.295541;0.235781;;;;;;;;;;
544.889238;0.143996;0.161478;0.190193;0.297775;0.276960;0.274546;0.350838;0.278978;0.311289;0.273226;;;;;;;;;;
545.853644;0.150572;0.163396;0.186780;0.280891;0.287592;0.265169;0.346834;0.258481;0.312567;0.273183;;;;;;;;;;
546.818050;0.158964;0.152947;0.212140;0.283200;0.286273;0.277180;0.306805;0.277329;0.315964;0.270437;;;;;;;;;;
547.782455;0.164937;0.146803;0.234254;0.304651;0.297109;0.288259;0.271458;0.324168;0.301522;0.271815;;;;;;;;;;
548.746861;0.155321;0.145093;0.238582;0.292773;0.300845;0.285460;0.257238;0.320500;0.262652;0.278388;;;;;;;;;;
549.711267;0.147537;0.142997;0.227783;0.275604;0.304169;0.300488;0.274070;0.298049;0.278789;0.289099;;;;;;;;;;
550.675673;0.164451;0.150251;0.217668;0.292681;0.318146;0.298720;0.318595;0.296749;0.329868;0.288337;;;;;;;;;;
551.640078;0.198103;0.170709;0.230478;0.306358;0.331335;0.283764;0.345988;0.301670;0.329894;0.303309;;;;;;;;;;
552.604484;0.226425;0.200771;0.234040;0.290949;0.324677;0.301863;0.327098;0.315626;0.317216;0.337610;;;;;;;;;;
553.568890;0.215587;0.204040;0.213698;0.270554;0.300025;0.305222;0.312836;0.324747;0.308767;0.339428;;;;;;;;;;
554.533295;0.165053;0.181498;0.196781;0.247440;0.292824;0.281718;0.316966;0.289948;0.296876;0.306707;;;;;;;;;;
555.497701;0.142313;0.180768;0.184892;0.228544;0.289297;0.288714;0.317803;0.251991;0.294313;0.287842;;;;;;;;;;
556.462107;0.145152;0.162285;0.191516;0.228532;0.282216;0.293311;0.313007;0.254936;0.277822;0.277222;;;;;;;;;;
557.426513;0.126172;0.123088;0.205082;0.239967;0.285526;0.270068;0.304898;0.268315;0.260408;0.272108;;;;;;;;;;
558.390918;0.115681;0.121369;0.202949;0.276908;0.281920;0.272728;0.309275;0.282490;0.254867;0.295749;;;;;;;;;;
559.355324;0.119952;0.147855;0.194516;0.305761;0.284242;0.300603;0.306877;0.296625;0.252599;0.314422;;;;;;;;;;
560.319730;0.128076;0.171082;0.187973;0.304731;0.309874;0.317790;0.290782;0.303244;0.274804;0.317328;;;;;;;;;;
561.284136;0.156029;0.161769;0.205163;0.313382;0.336264;0.319594;0.287357;0.305753;0.292873;0.313987;;;;;;;;;;
562.248541;0.163326;0.130598;0.217246;0.306575;0.305842;0.313857;0.291844;0.295546;0.293879;0.290938;;;;;;;;;;
563.212947;0.145670;0.127906;0.201071;0.296252;0.259788;0.310028;0.297481;0.287934;0.328547;0.290307;;;;;;;;;;
564.177353;0.156520;0.155249;0.214847;0.315765;0.277062;0.315947;0.297040;0.290292;0.346576;0.324790;;;;;;;;;;
565.141758;0.175968;0.179382;0.248430;0.329299;0.292348;0.325479;0.295408;0.296137;0.324077;0.329157;;;;;;;;;;
566.106164;0.173328;0.186424;0.242594;0.325817;0.272447;0.315629;0.299198;0.303277;0.325080;0.303847;;;;;;;;;;
567.070570;0.155698;0.168236;0.220332;0.319343;0.276713;0.282915;0.296578;0.295921;0.315844;0.287038;;;;;;;;;;
568.034976;0.147675;0.146659;0.229094;0.318050;0.296169;0.275906;0.295662;0.298805;0.290075;0.280829;;;;;;;;;;
568.999381;0.171806;0.155295;0.253564;0.325452;0.316012;0.306830;0.296049;0.316036;0.296557;0.303392;;;;;;;;;;
569.963787;0.196716;0.173955;0.256128;0.342171;0.324210;0.317056;0.296332;0.317698;0.302791;0.319335;;;;;;;;;;
570.928193;0.190971;0.180846;0.229301;0.343851;0.308900;0.306165;0.307803;0.324975;0.299705;0.294367;;;;;;;;;;
571.892599;0.171748;0.176848;0.198444;0.324195;0.302197;0.310752;0.318641;0.329760;0.312860;0.299841;;;;;;;;;;
572.857004;0.152657;0.159371;0.200411;0.317094;0.293625;0.301685;0.317892;0.303216;0.310274;0.311295;;;;;;;;;;
573.821410;0.137600;0.152476;0.227301;0.306406;0.283112;0.274187;0.314004;0.274996;0.291176;0.287371;;;;;;;;;;
574.785816;0.144910;0.162507;0.224419;0.293437;0.304323;0.274644;0.312597;0.278481;0.306808;0.285160;;;;;;;;;;
575.750222;0.170423;0.159003;0.199323;0.290062;0.318951;0.300711;0.305510;0.298211;0.337709;0.283724;;;;;;;;;;
576.714627;0.177209;0.156625;0.206849;0.296232;0.304992;0.315550;0.310078;0.296843;0.344079;0.295330;;;;;;;;;;
577.679033;0.162753;0.175377;0.225754;0.318157;0.304822;0.309325;0.333724;0.291650;0.336886;0.337766;;;;;;;;;;
578.643439;0.156992;0.182062;0.214464;0.310652;0.321852;0.294969;0.341083;0.301686;0.305938;0.329610;;;;;;;;;;
579.607844;0.165144;0.159193;0.202876;0.293041;0.324257;0.286588;0.329661;0.306303;0.284835;0.293893;;;;;;;;;;
580.572250;0.176605;0.142864;0.210534;0.312166;0.306203;0.294153;0.309813;0.306103;0.295452;0.297708;;;;;;;;;;
581.536656;0.179886;0.149734;0.207501;0.316415;0.300065;0.305747;0.302698;0.303146;0.281915;0.326449;;;;;;;;;;
582.501062;0.182771;0.162180;0.199265;0.299712;0.288456;0.304466;0.308064;0.299308;0.280030;0.346184;;;;;;;;;;
583.465467;0.190335;0.169479;0.214330;0.304120;0.274756;0.307816;0.299240;0.309354;0.319216;0.324418;;;;;;;;;;
584.429873;0.186525;0.177646;0.233321;0.314800;0.308238;0.321491;0.314735;0.328949;0.347384;0.295177;;;;;;;;;;
585.394279;0.174077;0.182292;0.242398;0.302617;0.336198;0.315653;0.340022;0.349916;0.352003;0.306384;;;;;;;;;;
586.358685;0.171317;0.176876;0.252767;0.295872;0.326392;0.310847;0.325747;0.361363;0.332041;0.329872;;;;;;;;;;
587.323090;0.178194;0.176422;0.249830;0.316534;0.337537;0.313543;0.305918;0.361491;0.319730;0.334899;;;;;;;;;;
588.287496;0.170163;0.175179;0.239613;0.325138;0.344970;0.297891;0.311222;0.349238;0.338501;0.326925;;;;;;;;;;
589.251902;0.148625;0.167424;0.230653;0.327383;0.325801;0.295816;0.348037;0.313655;0.342009;0.298867;;;;;;;;;;
590.216307;0.150082;0.161715;0.230864;0.332161;0.314115;0.308696;0.352851;0.300601;0.329291;0.277366;;;;;;;;;;
591.180713;0.171763;0.155036;0.254349;0.318143;0.326472;0.306069;0.317780;0.320094;0.321095;0.309115;;;;;;;;;;
592.145119;0.179574;0.158432;0.261023;0.320780;0.340997;0.298970;0.332878;0.310746;0.314326;0.351799;;;;;;;;;;
593.109525;0.185233;0.169811;0.247977;0.325268;0.324198;0.325891;0.351266;0.312405;0.309795;0.343920;;;;;;;;;;
594.073930;0.194344;0.178572;0.249410;0.310379;0.304799;0.375966;0.325013;0.348712;0.307029;0.337857;;;;;;;;;;
595.038336;0.174945;0.179589;0.243290;0.315739;0.310796;0.357028;0.316003;0.339709;0.323420;0.357964;;;;;;;;;;
596.002742;0.153720;0.166572;0.224266;0.331285;0.328109;0.312139;0.317406;0.314523;0.331506;0.358084;;;;;;;;;;
596.967148;0.168760;0.167243;0.218542;0.339656;0.336706;0.308117;0.311283;0.313882;0.297874;0.339466;;;;;;;;;;
597.931553;0.187602;0.182407;0.226595;0.353163;0.330756;0.305659;0.330442;0.299666;0.295093;0.326539;;;;;;;;;;
598.895959;0.187843;0.180739;0.225655;0.345715;0.318550;0.307213;0.346283;0.294021;0.332542;0.320934;;;;;;;;;;
599.860365;0.199228;0.178873;0.212641;0.305018;0.298162;0.320841;0.335794;0.314644;0.343183;0.332265;;;;;;;;;;
600.824771;0.214271;0.183890;0.212174;0.289912;0.300267;0.322073;0.341854;0.326545;0.333634;0.345126;;;;;;;;;;
601.789176;0.196130;0.177521;0.223028;0.313944;0.335084;0.313369;0.359480;0.323386;0.322003;0.327056;;;;;;;;;;
602.753582;0.178552;0.176302;0.236346;0.323013;0.332268;0.329279;0.377178;0.327506;0.318815;0.315495;;;;;;;;;;
603.717988;0.181977;0.183170;0.251688;0.312843;0.305174;0.356410;0.376360;0.330320;0.333351;0.339596;;;;;;;;;;
604.682393;0.171065;0.183172;0.255094;0.296853;0.316341;0.336089;0.350089;0.318120;0.340508;0.357010;;;;;;;;;;
605.646799;0.160892;0.170104;0.248688;0.292061;0.338392;0.306761;0.344073;0.318073;0.351494;0.356311;;;;;;;;;;
606.611205;0.161312;0.151456;0.236278;0.323886;0.343903;0.308873;0.341357;0.334284;0.356392;0.353285;;;;;;;;;;
607.575611;0.153581;0.169230;0.220473;0.342965;0.343965;0.316242;0.321388;0.343685;0.337916;0.330474;;;;;;;;;;
608.540016;0.160836;0.207890;0.235421;0.333725;0.341364;0.315325;0.325875;0.366889;0.336163;0.316751;;;;;;;;;;
609.504422;0.186416;0.207942;0.272841;0.340219;0.340481;0.314972;0.347286;0.389004;0.351228;0.339569;;;;;;;;;;
610.468828;0.198028;0.192434;0.272395;0.341070;0.334618;0.323841;0.340552;0.367388;0.355420;0.347141;;;;;;;;;;
611.433234;0.195048;0.172540;0.252752;0.320069;0.328573;0.326439;0.320587;0.346142;0.354771;0.338481;;;;;;;;;;
612.397639;0.205865;0.159749;0.256072;0.305783;0.327654;0.328063;0.323655;0.364201;0.365676;0.351084;;;;;;;;;;
613.362045;0.210661;0.173558;0.255199;0.304580;0.317575;0.341049;0.339784;0.381741;0.373134;0.350203;;;;;;;;;;
614.326451;0.191210;0.182981;0.242356;0.313587;0.313083;0.348723;0.348603;0.363552;0.360200;0.329195;;;;;;;;;;
615.290857;0.185566;0.176497;0.246430;0.327529;0.319839;0.352885;0.337893;0.345432;0.347658;0.333728;;;;;;;;;;
616.255262;0.178913;0.170758;0.250619;0.316921;0.318214;0.354511;0.333300;0.340754;0.341654;0.357112;;;;;;;;;;
617.219668;0.164017;0.170381;0.240871;0.308728;0.328253;0.349420;0.356025;0.335063;0.346006;0.352720;;;;;;;;;;
618.184074;0.172654;0.166396;0.242522;0.334856;0.352392;0.343830;0.355668;0.346605;0.358228;0.339214;;;;;;;;;;
619.148479;0.181121;0.157215;0.244864;0.344975;0.359309;0.349629;0.327903;0.368466;0.354265;0.340494;;;;;;;;;;
620.112885;0.181768;0.162372;0.242920;0.336476;0.357362;0.360834;0.328704;0.376105;0.343361;0.339799;;;;;;;;;;
621.077291;0.186395;0.178739;0.253066;0.340241;0.347234;0.343755;0.355401;0.367619;0.336954;0.353751;;;;;;;;;;
622.041697;0.182414;0.192654;0.257739;0.341617;0.324131;0.323795;0.365731;0.356045;0.334557;0.374572;;;;;;;;;;
623.006102;0.175508;0.193499;0.246784;0.342284;0.310963;0.324988;0.356987;0.349218;0.336274;0.375685;;;;;;;;;;
623.970508;0.167951;0.181724;0.223584;0.346611;0.315596;0.318622;0.341845;0.334142;0.337102;0.363029;;;;;;;;;;
624.934914;0.167990;0.176215;0.219676;0.350524;0.339453;0.327620;0.324242;0.327980;0.338689;0.346900;;;;;;;;;;
625.899320;0.189223;0.171638;0.252492;0.337923;0.358457;0.364154;0.326690;0.340037;0.340535;0.341035;;;;;;;;;;
626.863725;0.200733;0.162358;0.259578;0.323297;0.341783;0.367349;0.327543;0.353676;0.348308;0.331271;;;;;;;;;;
627.828131;0.191125;0.162723;0.249717;0.343364;0.329483;0.351039;0.333142;0.360136;0.364970;0.337534;;;;;;;;;;
628.792537;0.188888;0.171586;0.265408;0.361762;0.350560;0.367312;0.365620;0.353046;0.379796;0.364279;;;;;;;;;;
629.756942;0.186519;0.185767;0.269749;0.359491;0.372718;0.390312;0.376059;0.370726;0.384362;0.358414;;;;;;;;;;
630.721348;0.179851;0.198871;0.266877;0.375491;0.367485;0.392880;0.380028;0.402680;0.388885;0.356217;;;;;;;;;;
631.685754;0.181967;0.188788;0.270003;0.377146;0.345662;0.385839;0.380459;0.392222;0.397977;0.363342;;;;;;;;;;
632.650160;0.175333;0.171097;0.268186;0.337228;0.339050;0.364443;0.348055;0.363841;0.382836;0.340474;;;;;;;;;;
633.614565;0.159883;0.172884;0.267509;0.314429;0.347875;0.338925;0.345296;0.353763;0.359145;0.340287;;;;;;;;;;
634.578971;0.171313;0.182991;0.270060;0.335001;0.354859;0.347426;0.380753;0.372245;0.353672;0.378959;;;;;;;;;;
635.543377;0.192810;0.189082;0.270773;0.361990;0.365458;0.378217;0.393524;0.392030;0.350016;0.395739;;;;;;;;;;
636.507783;0.192398;0.190392;0.260715;0.373086;0.370441;0.384779;0.394476;0.389422;0.355617;0.381283;;;;;;;;;;
637.472188;0.198139;0.185674;0.260802;0.370139;0.369873;0.376106;0.409325;0.387971;0.361205;0.369107;;;;;;;;;;
638.436594;0.205380;0.181195;0.266782;0.370713;0.379135;0.378250;0.402885;0.389873;0.357251;0.364772;;;;;;;;;;
639.401000;0.195000;0.178161;0.254480;0.389029;0.379391;0.372398;0.377848;0.387303;0.361163;0.365406;;;;;;;;;;
640.365406;0.192446;0.172768;0.259097;0.397751;0.362848;0.361651;0.375492;0.380631;0.355137;0.371625;;;;;;;;;;
641.329811;0.195596;0.173824;0.274946;0.398990;0.363440;0.378933;0.373800;0.374236;0.355077;0.377925;;;;;;;;;;
642.294217;0.197616;0.188413;0.279406;0.409565;0.383623;0.410922;0.379378;0.388274;0.389421;0.399422;;;;;;;;;;
643.258623;0.200498;0.198426;0.293247;0.394986;0.381063;0.418624;0.405165;0.410746;0.389125;0.421617;;;;;;;;;;
644.223028;0.195927;0.194622;0.293239;0.375096;0.374778;0.396590;0.399409;0.395229;0.350790;0.409963;;;;;;;;;;
645.187434;0.187805;0.190292;0.276255;0.375681;0.395051;0.376579;0.380915;0.361758;0.354726;0.389435;;;;;;;;;;
646.151840;0.182480;0.186244;0.270486;0.370518;0.395832;0.379424;0.384445;0.357526;0.364430;0.382453;;;;;;;;;;
647.116246;0.188506;0.182573;0.270815;0.376023;0.377827;0.391376;0.400761;0.369680;0.350922;0.388578;;;;;;;;;;
648.080651;0.193960;0.190359;0.276711;0.391256;0.374777;0.406187;0.422672;0.383712;0.365244;0.405809;;;;;;;;;;
649.045057;0.191776;0.197462;0.280258;0.391199;0.372898;0.407512;0.407271;0.385939;0.378027;0.410572;;;;;;;;;;
650.009463;0.197156;0.186253;0.274924;0.386044;0.368810;0.387430;0.372251;0.369705;0.355911;0.387564;;;;;;;;;;
650.973869;0.189956;0.176113;0.274512;0.360215;0.374936;0.377181;0.368312;0.371108;0.349780;0.362038;;;;;;;;;;
651.938274;0.164823;0.178222;0.279414;0.336376;0.383168;0.373469;0.372283;0.395005;0.371031;0.362293;;;;;;;;;;
652.902680;0.160387;0.181375;0.276374;0.344019;0.379722;0.357605;0.370163;0.399458;0.375961;0.374271;;;;;;;;;;
653.867086;0.182928;0.185628;0.264574;0.354841;0.384932;0.357092;0.369191;0.383335;0.372078;0.379046;;;;;;;;;;
654.831491;0.197350;0.193471;0.268786;0.373441;0.391729;0.391015;0.373518;0.391849;0.390813;0.393927;;;;;;;;;;
655.795897;0.190498;0.198379;0.281461;0.381073;0.376181;0.406629;0.387979;0.401444;0.404988;0.413355;;;;;;;;;;
656.760303;0.180792;0.193850;0.267907;0.360847;0.373596;0.378816;0.393765;0.374947;0.393133;0.408174;;;;;;;;;;
657.724709;0.170888;0.197119;0.257433;0.372660;0.382501;0.366558;0.395663;0.375555;0.373216;0.392668;;;;;;;;;;
658.689114;0.161875;0.206057;0.266584;0.393528;0.373700;0.372872;0.392472;0.401304;0.352662;0.381060;;;;;;;;;;
659.653520;0.166905;0.200284;0.264900;0.367082;0.366919;0.382200;0.383867;0.394311;0.347323;0.367210;;;;;;;;;;
660.617926;0.189164;0.197364;0.265300;0.353276;0.367760;0.401562;0.402886;0.390846;0.377080;0.362356;;;;;;;;;;
661.582332;0.211090;0.191728;0.277254;0.386031;0.368754;0.393519;0.411348;0.390827;0.405293;0.357403;;;;;;;;;;
662.546737;0.214337;0.185012;0.281240;0.411068;0.378765;0.382396;0.388542;0.384018;0.402813;0.364809;;;;;;;;;;
663.511143;0.200023;0.200849;0.275295;0.398874;0.393668;0.408738;0.381923;0.405526;0.397473;0.402304;;;;;;;;;;
664.475549;0.189448;0.211181;0.276172;0.390253;0.399614;0.426047;0.387316;0.416988;0.397962;0.428105;;;;;;;;;;
665.439955;0.193432;0.204522;0.286531;0.391086;0.407040;0.418494;0.400884;0.405353;0.396980;0.437893;;;;;;;;;;
666.404360;0.200090;0.195666;0.285947;0.388274;0.419885;0.414350;0.426541;0.405166;0.392726;0.434758;;;;;;;;;;
667.368766;0.202108;0.186528;0.283298;0.394367;0.417917;0.398545;0.431190;0.404322;0.391609;0.412531;;;;;;;;;;
668.333172;0.201314;0.187367;0.282684;0.394306;0.400778;0.376462;0.408293;0.414680;0.392510;0.411604;;;;;;;;;;
669.297577;0.197203;0.186616;0.272587;0.385602;0.388768;0.382735;0.388599;0.430437;0.382583;0.405102;;;;;;;;;;
670.261983;0.195587;0.177187;0.274816;0.389938;0.403973;0.408792;0.384459;0.423488;0.380984;0.374274;;;;;;;;;;
671.226389;0.200436;0.179372;0.286670;0.391503;0.419612;0.431377;0.386197;0.412942;0.377633;0.366753;;;;;;;;;;
672.190795;0.204179;0.187818;0.292040;0.396798;0.399895;0.438155;0.387960;0.398602;0.362203;0.376966;;;;;;;;;;
673.155200;0.199938;0.188958;0.294483;0.412937;0.379069;0.420563;0.396140;0.390806;0.378834;0.386016;;;;;;;;;;
674.119606;0.198702;0.189065;0.291347;0.400509;0.376743;0.406761;0.408900;0.402031;0.413357;0.390997;;;;;;;;;;
675.084012;0.200248;0.193383;0.291415;0.376318;0.388852;0.404111;0.417612;0.418719;0.427200;0.401450;;;;;;;;;;
676.048418;0.189999;0.195281;0.294045;0.376438;0.413049;0.395747;0.422230;0.432411;0.433242;0.418566;;;;;;;;;;
677.012823;0.183998;0.182587;0.282387;0.382154;0.425075;0.377862;0.408323;0.418824;0.419510;0.404896;;;;;;;;;;
677.977229;0.193404;0.169311;0.273020;0.373626;0.414987;0.364547;0.384546;0.399659;0.393973;0.375712;;;;;;;;;;
678.941635;0.195964;0.177052;0.286952;0.369253;0.409906;0.384720;0.389545;0.406846;0.389876;0.379921;;;;;;;;;;
679.906040;0.189374;0.189922;0.302507;0.393547;0.419620;0.414775;0.417535;0.412845;0.398443;0.400915;;;;;;;;;;
680.870446;0.196448;0.202362;0.308020;0.419833;0.411712;0.426901;0.437203;0.410722;0.411054;0.418660;;;;;;;;;;
681.834852;0.209034;0.212346;0.313667;0.408501;0.400692;0.435770;0.422391;0.406441;0.420785;0.428885;;;;;;;;;;
682.799258;0.202074;0.203403;0.311692;0.384828;0.413598;0.423181;0.392764;0.410012;0.419142;0.415397;;;;;;;;;;
683.763663;0.199698;0.195283;0.299840;0.380900;0.419915;0.409384;0.390973;0.430408;0.418768;0.410504;;;;;;;;;;
684.728069;0.212211;0.203401;0.287763;0.396430;0.415511;0.423266;0.403678;0.440225;0.413264;0.421316;;;;;;;;;;
685.692475;0.201619;0.207684;0.280132;0.411493;0.410270;0.419344;0.413191;0.428295;0.399116;0.404685;;;;;;;;;;
686.656881;0.188778;0.191667;0.277647;0.411557;0.402084;0.403690;0.421661;0.407984;0.390986;0.392945;;;;;;;;;;
687.621286;0.198577;0.179995;0.278947;0.398852;0.400979;0.421353;0.421066;0.394984;0.391744;0.409890;;;;;;;;;;
688.585692;0.198859;0.192738;0.284548;0.386137;0.400971;0.440663;0.418817;0.396630;0.407344;0.415120;;;;;;;;;;
689.550098;0.196420;0.202580;0.293802;0.406412;0.404536;0.440152;0.421754;0.404643;0.426744;0.415398;;;;;;;;;;
690.514504;0.206420;0.203438;0.308972;0.452034;0.412726;0.443332;0.429363;0.422585;0.435214;0.432578;;;;;;;;;;
691.478909;0.209501;0.209175;0.324577;0.469022;0.419039;0.449293;0.435621;0.445067;0.443224;0.452232;;;;;;;;;;
692.443315;0.204128;0.207787;0.323751;0.454900;0.428175;0.451455;0.424183;0.436301;0.442402;0.454342;;;;;;;;;;
693.407721;0.203866;0.193393;0.310872;0.432196;0.440273;0.440957;0.407466;0.410082;0.429882;0.438452;;;;;;;;;;
694.372126;0.208010;0.180362;0.303024;0.418536;0.442788;0.419065;0.418427;0.412191;0.420420;0.424660;;;;;;;;;;
695.336532;0.201320;0.182087;0.293870;0.409085;0.431942;0.424267;0.443550;0.413398;0.411344;0.423395;;;;;;;;;;
696.300938;0.187294;0.186363;0.280270;0.392396;0.423185;0.453398;0.462313;0.397802;0.403274;0.422450;;;;;;;;;;
697.265344;0.189316;0.186248;0.280156;0.404014;0.413818;0.452293;0.474524;0.397486;0.408200;0.413931;;;;;;;;;;
698.229749;0.204313;0.188593;0.292268;0.426091;0.413483;0.441403;0.463684;0.409025;0.428154;0.419446;;;;;;;;;;
699.194155;0.206047;0.191192;0.302083;0.415954;0.426344;0.445692;0.447170;0.430001;0.448842;0.439942;;;;;;;;;;
700.158561;0.198508;0.197324;0.308649;0.418897;0.418504;0.441135;0.444880;0.436355;0.447583;0.451102;;;;;;;;;;
701.122967;0.197594;0.202062;0.312283;0.439302;0.414761;0.448609;0.453217;0.425935;0.427433;0.452525;;;;;;;;;;
702.087372;0.202575;0.203611;0.308823;0.442132;0.442924;0.473099;0.458433;0.435694;0.417377;0.444984;;;;;;;;;;
703.051778;0.213739;0.205839;0.302418;0.446994;0.460023;0.476211;0.448041;0.437780;0.424633;0.432706;;;;;;;;;;
704.016184;0.216305;0.202306;0.305832;0.457991;0.451136;0.468130;0.444391;0.431233;0.436697;0.431084;;;;;;;;;;
704.980590;0.208352;0.194388;0.315114;0.454104;0.433584;0.472952;0.441427;0.442750;0.443689;0.430578;;;;;;;;;;
705.944995;0.201246;0.192455;0.314895;0.434461;0.432189;0.486817;0.441145;0.447985;0.435799;0.425500;;;;;;;;;;
706.909401;0.197279;0.203956;0.313727;0.435662;0.470280;0.492094;0.468520;0.446239;0.438029;0.434923;;;;;;;;;;
707.873807;0.213082;0.207924;0.312532;0.454849;0.483566;0.471309;0.481271;0.444306;0.463933;0.441360;;;;;;;;;;
708.838212;0.225769;0.200572;0.299348;0.437109;0.444848;0.445189;0.461032;0.433983;0.466392;0.428360;;;;;;;;;;
709.802618;0.208440;0.204548;0.289919;0.418492;0.441104;0.443446;0.441261;0.419424;0.436603;0.428643;;;;;;;;;;
710.767024;0.195291;0.206140;0.296925;0.430362;0.459469;0.447202;0.442446;0.409024;0.417758;0.431710;;;;;;;;;;
711.731430;0.199218;0.198617;0.307610;0.431572;0.446529;0.436969;0.460733;0.412850;0.417668;0.422973;;;;;;;;;;
712.695835;0.199451;0.187997;0.303163;0.425726;0.441668;0.422085;0.453741;0.419189;0.412405;0.425202;;;;;;;;;;
713.660241;0.195042;0.178699;0.291164;0.421938;0.439017;0.411154;0.437883;0.417737;0.398607;0.427064;;;;;;;;;;
714.624647;0.205937;0.188143;0.298925;0.425003;0.433447;0.426936;0.456953;0.435068;0.406039;0.432100;;;;;;;;;;
715.589053;0.217719;0.197604;0.314246;0.440644;0.448386;0.450157;0.473384;0.466266;0.438972;0.442887;;;;;;;;;;
716.553458;0.209452;0.196201;0.320550;0.445139;0.457157;0.455581;0.463863;0.462005;0.458862;0.451538;;;;;;;;;;
717.517864;0.198335;0.199548;0.322901;0.444556;0.453750;0.458277;0.456680;0.428878;0.443440;0.458949;;;;;;;;;;
718.482270;0.196384;0.203887;0.318959;0.448443;0.452337;0.450416;0.465592;0.419563;0.429714;0.451972;;;;;;;;;;
719.446675;0.210339;0.212198;0.323910;0.456476;0.470990;0.446437;0.486201;0.442798;0.443689;0.457703;;;;;;;;;;
720.411081;0.223257;0.222997;0.343390;0.470144;0.492526;0.457861;0.486657;0.466680;0.462918;0.471371;;;;;;;;;;
721.375487;0.216632;0.224786;0.349414;0.476492;0.472384;0.459276;0.462816;0.468161;0.468065;0.460118;;;;;;;;;;
722.339893;0.212025;0.228852;0.334806;0.485521;0.454787;0.457228;0.462204;0.459725;0.464123;0.458488;;;;;;;;;;
723.304298;0.212234;0.232867;0.329013;0.493060;0.464599;0.466147;0.484924;0.463041;0.469293;0.467495;;;;;;;;;;
724.268704;0.208516;0.220039;0.332358;0.469791;0.476603;0.482520;0.487431;0.458798;0.472299;0.460641;;;;;;;;;;
725.233110;0.202271;0.205704;0.321731;0.440628;0.477082;0.498572;0.480649;0.441355;0.451202;0.452453;;;;;;;;;;
726.197516;0.200443;0.206243;0.320130;0.452412;0.463063;0.497527;0.481485;0.455128;0.442620;0.455073;;;;;;;;;;
727.161921;0.207119;0.212136;0.334372;0.480940;0.472887;0.485623;0.468197;0.481008;0.454490;0.456223;;;;;;;;;;
728.126327;0.207493;0.209357;0.335431;0.472496;0.490508;0.480736;0.467973;0.468601;0.457284;0.444873;;;;;;;;;;
729.090733;0.203035;0.203011;0.319084;0.461361;0.475738;0.470070;0.493350;0.443680;0.463432;0.438326;;;;;;;;;;
730.055139;0.201214;0.214528;0.305369;0.484306;0.457345;0.463910;0.482644;0.433419;0.471333;0.443390;;;;;;;;;;
731.019544;0.198882;0.229363;0.311554;0.496439;0.439955;0.479274;0.461583;0.432929;0.466661;0.448724;;;;;;;;;;
731.983950;0.204184;0.228682;0.317208;0.473724;0.434041;0.480540;0.476883;0.441118;0.469743;0.459715;;;;;;;;;;
732.948356;0.211538;0.228176;0.314482;0.454323;0.455222;0.469360;0.495174;0.460258;0.477272;0.472225;;;;;;;;;;
733.912761;0.211764;0.215647;0.319545;0.455437;0.478651;0.473168;0.501345;0.492046;0.469967;0.473496;;;;;;;;;;
734.877167;0.214096;0.194677;0.319055;0.458249;0.488055;0.485696;0.506137;0.515083;0.446908;0.472580;;;;;;;;;;
735.841573;0.218722;0.196163;0.319760;0.471610;0.488931;0.499910;0.510400;0.508692;0.433474;0.479573;;;;;;;;;;
736.805979;0.212819;0.208001;0.326149;0.485801;0.489412;0.496289;0.500565;0.484250;0.446958;0.470345;;;;;;;;;;
737.770384;0.198096;0.206263;0.324481;0.461699;0.486327;0.470349;0.489456;0.464537;0.439902;0.445751;;;;;;;;;;
738.734790;0.192163;0.201632;0.325948;0.455179;0.484275;0.456954;0.505359;0.467770;0.422441;0.444828;;;;;;;;;;
739.699196;0.205827;0.210904;0.330296;0.497324;0.487328;0.471900;0.515233;0.481348;0.446304;0.456946;;;;;;;;;;
740.663602;0.227539;0.214015;0.331071;0.512955;0.492762;0.478416;0.514104;0.487099;0.463496;0.470440;;;;;;;;;;
741.628007;0.234597;0.200381;0.341864;0.498979;0.506219;0.468175;0.520206;0.491947;0.457862;0.489515;;;;;;;;;;
742.592413;0.225595;0.197306;0.357095;0.497163;0.510260;0.473666;0.504732;0.487513;0.459586;0.477877;;;;;;;;;;
743.556819;0.219687;0.202797;0.355524;0.496158;0.511513;0.500412;0.493993;0.481950;0.470597;0.476493;;;;;;;;;;
744.521224;0.225192;0.214212;0.352157;0.494139;0.521462;0.524656;0.508315;0.485608;0.498811;0.513659;;;;;;;;;;
745.485630;0.228249;0.232697;0.350331;0.488597;0.514535;0.523186;0.513693;0.478998;0.507325;0.501561;;;;;;;;;;
746.450036;0.212226;0.231947;0.331916;0.478329;0.514277;0.511243;0.502320;0.470810;0.490318;0.463579;;;;;;;;;;
747.414442;0.200052;0.216141;0.321298;0.483654;0.534452;0.490672;0.487144;0.473286;0.483135;0.468002;;;;;;;;;;
748.378847;0.212487;0.203535;0.324298;0.493862;0.532541;0.478783;0.490319;0.481399;0.475332;0.473752;;;;;;;;;;
749.343253;0.218225;0.201919;0.326068;0.492897;0.516147;0.499433;0.511563;0.481848;0.474967;0.477806;;;;;;;;;;
750.307659;0.215155;0.211972;0.340055;0.494316;0.508381;0.495473;0.522464;0.467867;0.483844;0.492524;;;;;;;;;;
751.272065;0.228548;0.216094;0.358334;0.493969;0.505423;0.483718;0.527296;0.476181;0.481576;0.483418;;;;;;;;;;
752.236470;0.236448;0.222222;0.363594;0.484864;0.503953;0.509558;0.534214;0.498456;0.477551;0.472039;;;;;;;;;;
753.200876;0.224959;0.235831;0.362964;0.485145;0.509864;0.528760;0.530661;0.501544;0.487401;0.483602;;;;;;;;;;
754.165282;0.220438;0.237328;0.359875;0.496228;0.519476;0.535547;0.521887;0.505587;0.502628;0.492486;;;;;;;;;;
755.129688;0.228570;0.226612;0.351153;0.496346;0.502878;0.532229;0.517748;0.506238;0.498408;0.479654;;;;;;;;;;
756.094093;0.234412;0.219519;0.338218;0.493353;0.492636;0.523954;0.515682;0.505569;0.493910;0.475499;;;;;;;;;;
757.058499;0.237833;0.223467;0.328175;0.493993;0.523929;0.538179;0.512531;0.514562;0.509185;0.512362;;;;;;;;;;
758.022905;0.240465;0.228487;0.332711;0.490783;0.531316;0.540850;0.504856;0.510158;0.509784;0.544231;;;;;;;;;;
758.987310;0.238873;0.228560;0.339371;0.498445;0.510701;0.521729;0.501682;0.498163;0.511433;0.513821;;;;;;;;;;
759.951716;0.235618;0.225095;0.322571;0.502912;0.509565;0.532896;0.518332;0.493267;0.533957;0.487309;;;;;;;;;;
760.916122;0.228227;0.221654;0.309013;0.498697;0.509218;0.559911;0.534375;0.499477;0.524222;0.501979;;;;;;;;;;
761.880528;0.222470;0.227514;0.323104;0.502214;0.510566;0.539543;0.534142;0.509258;0.500083;0.491663;;;;;;;;;;
762.844933;0.228988;0.232099;0.333953;0.493969;0.515685;0.518266;0.539241;0.495735;0.501497;0.471146;;;;;;;;;;
763.809339;0.233739;0.231076;0.322869;0.486316;0.518485;0.523356;0.543466;0.470835;0.489543;0.497852;;;;;;;;;;
764.773745;0.220567;0.234061;0.314873;0.487235;0.528710;0.516412;0.528796;0.468852;0.461668;0.515376;;;;;;;;;;
765.738151;0.203427;0.227203;0.319607;0.479658;0.526512;0.517792;0.513717;0.481318;0.452123;0.492632;;;;;;;;;;
766.702556;0.204190;0.215164;0.330467;0.493246;0.519839;0.520408;0.525099;0.490303;0.458248;0.476416;;;;;;;;;;
767.666962;0.220663;0.217593;0.348674;0.520139;0.535250;0.523452;0.542028;0.501007;0.478147;0.489638;;;;;;;;;;
768.631368;0.230772;0.226391;0.368854;0.535088;0.544726;0.536101;0.530727;0.507771;0.508090;0.526887;;;;;;;;;;
769.595773;0.227241;0.232533;0.381236;0.540948;0.531749;0.532301;0.529233;0.512282;0.518088;0.530851;;;;;;;;;;
770.560179;0.222220;0.233161;0.374609;0.513327;0.519032;0.540343;0.556756;0.512513;0.501664;0.514019;;;;;;;;;;
771.524585;0.219078;0.225054;0.361468;0.486107;0.511972;0.543307;0.568153;0.501821;0.493497;0.517227;;;;;;;;;;
772.488991;0.212703;0.219478;0.363346;0.493100;0.517941;0.524826;0.543825;0.507951;0.503369;0.501815;;;;;;;;;;
773.453396;0.206097;0.221818;0.361880;0.503521;0.542492;0.532421;0.519533;0.513072;0.498785;0.484627;;;;;;;;;;
774.417802;0.204741;0.217499;0.358911;0.512568;0.550868;0.540818;0.524020;0.495227;0.483204;0.485342;;;;;;;;;;
775.382208;0.218219;0.218251;0.372579;0.509726;0.542159;0.528982;0.546922;0.510815;0.498482;0.489798;;;;;;;;;;
776.346614;0.246862;0.236316;0.385232;0.500263;0.540052;0.516324;0.570635;0.539853;0.525253;0.514204;;;;;;;;;;
777.311019;0.261437;0.245264;0.382212;0.522989;0.534451;0.515115;0.589289;0.527528;0.528360;0.539786;;;;;;;;;;
778.275425;0.252392;0.246227;0.373377;0.544607;0.543052;0.544789;0.584891;0.516266;0.528165;0.536100;;;;;;;;;;
779.239831;0.242114;0.247809;0.372174;0.517010;0.559259;0.578393;0.553026;0.520967;0.528788;0.520646;;;;;;;;;;
780.204237;0.230860;0.241893;0.360589;0.486975;0.554991;0.568563;0.523905;0.545124;0.530100;0.519917;;;;;;;;;;
781.168642;0.218294;0.242749;0.342263;0.506061;0.547296;0.539590;0.515467;0.573487;0.525106;0.521410;;;;;;;;;;
782.133048;0.213796;0.241649;0.344759;0.542641;0.536469;0.535493;0.501155;0.538459;0.503248;0.509193;;;;;;;;;;
783.097454;0.211353;0.233868;0.354085;0.536099;0.534321;0.555306;0.503717;0.511918;0.500709;0.509151;;;;;;;;;;
784.061859;0.209640;0.235267;0.354105;0.517123;0.550779;0.550428;0.540167;0.535354;0.511253;0.520010;;;;;;;;;;
785.026265;0.220091;0.228194;0.350262;0.531361;0.553064;0.523423;0.537093;0.534365;0.514206;0.519603;;;;;;;;;;
785.990671;0.242757;0.219236;0.354836;0.545883;0.540304;0.535605;0.527153;0.526950;0.519142;0.521720;;;;;;;;;;
786.955077;0.248454;0.225445;0.366063;0.521345;0.538178;0.563268;0.552957;0.538567;0.511405;0.537719;;;;;;;;;;
787.919482;0.231525;0.225100;0.373207;0.501068;0.542060;0.545998;0.545319;0.537763;0.510050;0.551836;;;;;;;;;;
788.883888;0.218179;0.207586;0.372210;0.504886;0.524711;0.520219;0.532818;0.517081;0.512722;0.548365;;;;;;;;;;
789.848294;0.216001;0.198592;0.363503;0.505624;0.508105;0.524891;0.556357;0.511435;0.493934;0.525176;;;;;;;;;;
790.812700;0.224560;0.210582;0.361896;0.504816;0.523378;0.551895;0.568728;0.539922;0.491839;0.494045;;;;;;;;;;
791.777105;0.225725;0.218065;0.350794;0.510990;0.540672;0.574059;0.567754;0.529910;0.498568;0.479843;;;;;;;;;;
792.741511;0.220963;0.224017;0.337318;0.525616;0.562419;0.572317;0.561353;0.497500;0.508210;0.491675;;;;;;;;;;
793.705917;0.236200;0.237035;0.350079;0.529192;0.579387;0.557662;0.559922;0.522535;0.553745;0.519973;;;;;;;;;;
794.670323;0.250222;0.242833;0.371127;0.513760;0.557553;0.572452;0.580566;0.574194;0.589165;0.546309;;;;;;;;;;
795.634728;0.251883;0.250374;0.385955;0.517078;0.548388;0.621442;0.595461;0.590940;0.583593;0.554219;;;;;;;;;;
796.599134;0.255249;0.254744;0.376361;0.542715;0.567029;0.629583;0.602458;0.560779;0.568736;0.543972;;;;;;;;;;
797.563540;0.250675;0.248891;0.363204;0.570831;0.570051;0.586024;0.593204;0.535575;0.553129;0.520732;;;;;;;;;;
798.527945;0.227204;0.239918;0.370849;0.571363;0.558311;0.547955;0.552179;0.542930;0.525864;0.502080;;;;;;;;;;
799.492351;0.205701;0.226141;0.365284;0.537846;0.547718;0.530185;0.524398;0.535286;0.508484;0.512183;;;;;;;;;;
800.456757;0.213364;0.222213;0.364923;0.533553;0.543102;0.548656;0.524556;0.511592;0.529884;0.543485;;;;;;;;;;
801.421163;0.223648;0.226586;0.382475;0.557089;0.557343;0.568169;0.546384;0.513232;0.531923;0.534392;;;;;;;;;;
802.385568;0.224889;0.231850;0.390027;0.567640;0.579914;0.557729;0.578385;0.529498;0.516409;0.490953;;;;;;;;;;
803.349974;0.236919;0.239199;0.379431;0.575513;0.584608;0.546487;0.569722;0.523086;0.538476;0.500680;;;;;;;;;;
804.314380;0.245778;0.235575;0.359348;0.567440;0.573910;0.541824;0.542244;0.516166;0.560444;0.536843;;;;;;;;;;
805.278786;0.247544;0.235412;0.363188;0.541578;0.559078;0.547754;0.540689;0.544708;0.565325;0.519938;;;;;;;;;;
806.243191;0.238591;0.242364;0.375529;0.516504;0.536535;0.547652;0.534376;0.558142;0.545154;0.505571;;;;;;;;;;
807.207597;0.219631;0.232081;0.363327;0.511706;0.533826;0.533534;0.533180;0.533532;0.501924;0.524280;;;;;;;;;;
808.172003;0.212128;0.223432;0.365623;0.547115;0.565828;0.549432;0.555187;0.528816;0.493988;0.536339;;;;;;;;;;
809.136408;0.213298;0.228438;0.381409;0.568886;0.571707;0.572656;0.538659;0.537373;0.510931;0.521222;;;;;;;;;;
810.100814;0.223211;0.232686;0.375977;0.558649;0.552002;0.556394;0.519135;0.519879;0.528238;0.499447;;;;;;;;;;
811.065220;0.238501;0.234407;0.381841;0.560919;0.567784;0.543870;0.551645;0.509473;0.541613;0.520494;;;;;;;;;;
812.029626;0.239998;0.226747;0.396623;0.563531;0.592254;0.559004;0.582377;0.536080;0.527362;0.553531;;;;;;;;;;
812.994031;0.230922;0.225724;0.382080;0.574163;0.597410;0.576828;0.588202;0.558356;0.510563;0.536613;;;;;;;;;;
813.958437;0.228511;0.238549;0.375142;0.579645;0.590524;0.584893;0.574330;0.558903;0.523501;0.515028;;;;;;;;;;
814.922843;0.242251;0.241542;0.388165;0.564755;0.566932;0.582563;0.548471;0.562814;0.550655;0.523731;;;;;;;;;;
815.887249;0.259165;0.245435;0.385049;0.580401;0.564159;0.560936;0.541897;0.570013;0.552977;0.540946;;;;;;;;;;
816.851654;0.250237;0.248681;0.382561;0.580790;0.578696;0.538002;0.537316;0.569226;0.526127;0.544755;;;;;;;;;;
817.816060;0.229902;0.237634;0.383689;0.525470;0.570896;0.532836;0.526395;0.545117;0.521514;0.543778;;;;;;;;;;
818.780466;0.236256;0.236653;0.371545;0.523245;0.574643;0.537916;0.538886;0.528422;0.541414;0.565681;;;;;;;;;;
819.744872;0.249921;0.245699;0.373087;0.565404;0.598392;0.555627;0.562794;0.535964;0.541163;0.577294;;;;;;;;;;
820.709277;0.244753;0.249519;0.385822;0.550984;0.610328;0.563860;0.567338;0.535455;0.545352;0.570285;;;;;;;;;;
821.673683;0.236378;0.243158;0.387357;0.516556;0.597583;0.549732;0.569864;0.537943;0.554385;0.581120;;;;;;;;;;
822.638089;0.231413;0.230227;0.372600;0.508436;0.577730;0.536555;0.576402;0.543935;0.550915;0.553078;;;;;;;;;;
823.602494;0.222005;0.219271;0.345254;0.506262;0.568686;0.520446;0.556098;0.538456;0.554553;0.499595;;;;;;;;;;
824.566900;0.209463;0.215111;0.330920;0.506550;0.554376;0.522589;0.533984;0.546495;0.540933;0.490819;;;;;;;;;;
825.531306;0.214197;0.224034;0.337007;0.522498;0.563209;0.556215;0.535194;0.554528;0.524938;0.494403;;;;;;;;;;
826.495712;0.235209;0.244514;0.353801;0.550978;0.593746;0.586669;0.536476;0.551239;0.521017;0.509523;;;;;;;;;;
827.460117;0.242605;0.261535;0.369853;0.553604;0.592624;0.593672;0.545677;0.562874;0.504684;0.547202;;;;;;;;;;
828.424523;0.245162;0.256553;0.372092;0.537953;0.591478;0.572256;0.563323;0.564684;0.502188;0.559057;;;;;;;;;;
829.388929;0.250850;0.246431;0.380417;0.543937;0.585476;0.556270;0.565250;0.556293;0.518867;0.558335;;;;;;;;;;
830.353335;0.244928;0.251640;0.383056;0.567479;0.568434;0.572946;0.563676;0.559950;0.543547;0.560879;;;;;;;;;;
831.317740;0.235561;0.242724;0.368204;0.567715;0.587041;0.573060;0.558899;0.538154;0.558950;0.543479;;;;;;;;;;
832.282146;0.229075;0.220966;0.369939;0.541055;0.601396;0.540119;0.537331;0.503646;0.543668;0.526466;;;;;;;;;;
833.246552;0.230808;0.228662;0.372060;0.552810;0.573571;0.541033;0.536232;0.506507;0.534015;0.540141;;;;;;;;;;
834.210957;0.238952;0.249218;0.357129;0.566753;0.551554;0.568942;0.556200;0.530394;0.538241;0.552779;;;;;;;;;;
835.175363;0.234865;0.245057;0.348210;0.532286;0.542644;0.565711;0.551355;0.526212;0.536129;0.536828;;;;;;;;;;
836.139769;0.231333;0.233409;0.354030;0.532666;0.543771;0.551266;0.551635;0.508761;0.542142;0.530652;;;;;;;;;;
837.104175;0.243813;0.230708;0.375171;0.561145;0.563949;0.543095;0.571117;0.542113;0.545200;0.536402;;;;;;;;;;
838.068580;0.255941;0.231855;0.386022;0.559237;0.563173;0.546049;0.561153;0.581092;0.545156;0.525519;;;;;;;;;;
839.032986;0.253828;0.229500;0.369576;0.545870;0.544909;0.576482;0.554489;0.551528;0.568300;0.509569;;;;;;;;;;
839.997392;0.235952;0.222605;0.359093;0.544422;0.550777;0.603247;0.567184;0.522421;0.580377;0.505029;;;;;;;;;;
840.961798;0.226496;0.230262;0.371701;0.549947;0.554509;0.584666;0.555101;0.534489;0.550554;0.512023;;;;;;;;;;
841.926203;0.241844;0.250218;0.373905;0.536934;0.564437;0.552804;0.553921;0.557635;0.511776;0.521317;;;;;;;;;;
842.890609;0.252941;0.257905;0.357840;0.528544;0.589890;0.554258;0.569811;0.567643;0.495763;0.530007;;;;;;;;;;
843.855015;0.253700;0.247564;0.355103;0.543004;0.579886;0.569527;0.555401;0.570725;0.507245;0.535336;;;;;;;;;;
844.819421;0.260208;0.232080;0.361247;0.555037;0.565918;0.556954;0.542677;0.570728;0.513357;0.528218;;;;;;;;;;
845.783826;0.252033;0.222682;0.361521;0.559507;0.574355;0.532223;0.565421;0.546759;0.520377;0.515749;;;;;;;;;;
846.748232;0.239976;0.216185;0.367852;0.554783;0.585071;0.523720;0.586398;0.531159;0.541740;0.515464;;;;;;;;;;
847.712638;0.242937;0.215929;0.378078;0.548714;0.579534;0.521536;0.564090;0.533128;0.541166;0.529299;;;;;;;;;;
848.677043;0.237925;0.225096;0.381772;0.545464;0.558210;0.519194;0.549204;0.519462;0.528425;0.534493;;;;;;;;;;
849.641449;0.233283;0.238462;0.377745;0.529428;0.557753;0.546302;0.567957;0.521269;0.529468;0.522222;;;;;;;;;;
850.605855;0.238949;0.250244;0.363834;0.516989;0.553875;0.580582;0.576252;0.527072;0.542779;0.517139;;;;;;;;;;
851.570261;0.236198;0.251267;0.361536;0.526400;0.537125;0.577310;0.575457;0.505522;0.549495;0.529382;;;;;;;;;;
852.534666;0.232642;0.241639;0.369651;0.529219;0.551490;0.569988;0.583545;0.518353;0.534165;0.529430;;;;;;;;;;
853.499072;0.232892;0.231613;0.357099;0.518802;0.563027;0.558918;0.582279;0.564651;0.521689;0.499620;;;;;;;;;;
854.463478;0.235674;0.237616;0.356118;0.545641;0.558623;0.535905;0.560010;0.579341;0.527263;0.490965;;;;;;;;;;
855.427884;0.242894;0.250944;0.384454;0.590882;0.576941;0.542585;0.550900;0.566534;0.534191;0.515261;;;;;;;;;;
856.392289;0.244395;0.252724;0.403423;0.580423;0.586744;0.574718;0.570685;0.552098;0.537807;0.522134;;;;;;;;;;
857.356695;0.243086;0.252941;0.404115;0.548747;0.566651;0.598331;0.576985;0.548701;0.543032;0.521258;;;;;;;;;;
858.321101;0.233168;0.251459;0.385856;0.536986;0.548918;0.601299;0.551633;0.535098;0.544679;0.534152;;;;;;;;;;
859.285507;0.211305;0.244780;0.362447;0.520478;0.549830;0.574832;0.529027;0.516654;0.550868;0.541464;;;;;;;;;;
860.249912;0.210785;0.243482;0.360762;0.509749;0.562538;0.546086;0.528557;0.529019;0.557630;0.540382;;;;;;;;;;
861.214318;0.228231;0.248012;0.361852;0.521930;0.575280;0.543446;0.526460;0.536206;0.542326;0.527346;;;;;;;;;;
862.178724;0.230297;0.246729;0.355297;0.537981;0.596517;0.539714;0.524682;0.519273;0.520315;0.512164;;;;;;;;;;
863.143129;0.234034;0.236342;0.366760;0.539151;0.618368;0.539551;0.538597;0.504021;0.510132;0.516061;;;;;;;;;;
864.107535;0.246767;0.237144;0.387389;0.522972;0.607285;0.554629;0.533741;0.492868;0.518439;0.518745;;;;;;;;;;
865.071941;0.245762;0.253884;0.387643;0.514365;0.583428;0.549365;0.524177;0.489021;0.531668;0.509685;;;;;;;;;;
866.036347;0.234280;0.266320;0.368850;0.515622;0.563587;0.528327;0.529942;0.490427;0.527037;0.516987;;;;;;;;;;
867.000752;0.224220;0.260191;0.343872;0.510611;0.550049;0.516077;0.525663;0.503304;0.518433;0.523289;;;;;;;;;;
867.965158;0.225232;0.244739;0.341914;0.506645;0.557470;0.527472;0.537772;0.538103;0.509881;0.502560;;;;;;;;;;
868.929564;0.229826;0.239737;0.367798;0.506323;0.557698;0.554154;0.582230;0.551979;0.491366;0.499370;;;;;;;;;;
869.893970;0.231701;0.241805;0.382734;0.512523;0.546102;0.558561;0.592121;0.519983;0.492685;0.514722;;;;;;;;;;
870.858375;0.243508;0.246909;0.383887;0.528314;0.562868;0.545230;0.555262;0.515879;0.535063;0.516766;;;;;;;;;;
871.822781;0.251098;0.252350;0.378020;0.551550;0.595788;0.536953;0.548718;0.540818;0.564820;0.521416;;;;;;;;;;
872.787187;0.247820;0.246179;0.363312;0.570433;0.599799;0.544238;0.557172;0.537040;0.550717;0.533678;;;;;;;;;;
873.751592;0.250657;0.242073;0.364268;0.569692;0.576291;0.560581;0.538348;0.537016;0.531780;0.557766;;;;;;;;;;
874.715998;0.260016;0.252047;0.380415;0.571442;0.553862;0.561579;0.543784;0.545186;0.512177;0.573459;;;;;;;;;;
875.680404;0.261533;0.258785;0.386641;0.571410;0.543210;0.558853;0.567043;0.532592;0.488726;0.553825;;;;;;;;;;
876.644810;0.252378;0.259680;0.367312;0.551854;0.551831;0.548908;0.547714;0.518603;0.480290;0.529182;;;;;;;;;;
877.609215;0.252129;0.259409;0.346054;0.529040;0.550700;0.526186;0.524038;0.508146;0.481520;0.505174;;;;;;;;;;
878.573621;0.258003;0.245481;0.349232;0.513007;0.535739;0.519932;0.523602;0.513239;0.483289;0.501363;;;;;;;;;;
879.538027;0.257746;0.231468;0.352969;0.512234;0.550537;0.527537;0.528079;0.533979;0.500635;0.529524;;;;;;;;;;
880.502433;0.260700;0.240446;0.361889;0.518381;0.564348;0.526883;0.540985;0.533178;0.526652;0.539309;;;;;;;;;;
881.466838;0.257844;0.255794;0.379024;0.522911;0.560576;0.526649;0.561402;0.513412;0.534174;0.537609;;;;;;;;;;
882.431244;0.252053;0.264285;0.381825;0.528015;0.561934;0.546334;0.577997;0.510706;0.534485;0.536490;;;;;;;;;;
883.395650;0.251488;0.268650;0.393731;0.516678;0.558795;0.559284;0.567145;0.520369;0.533533;0.521703;;;;;;;;;;
884.360056;0.245569;0.257426;0.400308;0.497860;0.553592;0.548304;0.545636;0.515584;0.528789;0.515067;;;;;;;;;;
885.324461;0.236064;0.242205;0.372213;0.499835;0.538856;0.545529;0.542334;0.509725;0.530468;0.507275;;;;;;;;;;
886.288867;0.218099;0.231497;0.345104;0.510140;0.519767;0.535085;0.530382;0.507059;0.515030;0.492807;;;;;;;;;;
887.253273;0.206588;0.221310;0.337950;0.502962;0.525449;0.509519;0.517691;0.499215;0.493883;0.489346;;;;;;;;;;
888.217678;0.230056;0.235972;0.351068;0.501186;0.545617;0.504917;0.536205;0.507345;0.507059;0.496769;;;;;;;;;;
889.182084;0.250772;0.255425;0.365491;0.519534;0.553052;0.512386;0.562780;0.519517;0.518053;0.512289;;;;;;;;;;
890.146490;0.247160;0.250031;0.369050;0.537145;0.542977;0.518119;0.564998;0.522186;0.499288;0.520027;;;;;;;;;;
891.110896;0.247627;0.248371;0.375950;0.540541;0.528399;0.522647;0.548026;0.524912;0.486880;0.520772;;;;;;;;;;
892.075301;0.241790;0.253124;0.364911;0.532095;0.531645;0.525986;0.539068;0.519440;0.493161;0.510093;;;;;;;;;;
893.039707;0.232443;0.251537;0.345956;0.518530;0.554403;0.529503;0.529177;0.512882;0.502260;0.486724;;;;;;;;;;
894.004113;0.239035;0.254136;0.347450;0.500213;0.558456;0.523093;0.505893;0.517633;0.512535;0.496594;;;;;;;;;;
894.968519;0.241970;0.256045;0.347106;0.495899;0.538709;0.520270;0.495041;0.518813;0.509228;0.520463;;;;;;;;;;
895.932924;0.241022;0.247718;0.349632;0.508240;0.533779;0.528974;0.502819;0.513630;0.488316;0.506630;;;;;;;;;;
896.897330;0.245927;0.242760;0.360901;0.511359;0.540938;0.530630;0.515664;0.523837;0.496276;0.492219;;;;;;;;;;
897.861736;0.240448;0.249975;0.356655;0.513382;0.543337;0.531820;0.532992;0.538274;0.521285;0.491560;;;;;;;;;;
898.826141;0.238716;0.254035;0.346340;0.506401;0.544493;0.519228;0.541109;0.532817;0.512441;0.487309;;;;;;;;;;
899.790547;0.257988;0.257586;0.347195;0.501679;0.540599;0.500441;0.533519;0.528165;0.499592;0.491422;;;;;;;;;;
900.754953;0.269458;0.258957;0.357047;0.519499;0.535048;0.507138;0.538336;0.523331;0.510793;0.501909;;;;;;;;;;
901.719359;0.260547;0.248134;0.360592;0.509443;0.546240;0.503590;0.545578;0.510314;0.524181;0.497459;;;;;;;;;;
902.683764;0.251092;0.246101;0.355308;0.488523;0.556702;0.492010;0.528707;0.516633;0.507162;0.485725;;;;;;;;;;
903.648170;0.244871;0.245431;0.349881;0.497103;0.541998;0.508429;0.521234;0.529193;0.477383;0.493904;;;;;;;;;;
904.612576;0.250423;0.238675;0.344304;0.498371;0.532042;0.524012;0.536820;0.527389;0.484649;0.504168;;;;;;;;;;
905.576982;0.253396;0.241973;0.344799;0.501206;0.527397;0.538052;0.537332;0.510993;0.497922;0.491881;;;;;;;;;;
906.541387;0.235981;0.243875;0.350728;0.518992;0.519866;0.550765;0.525544;0.482606;0.501418;0.481757;;;;;;;;;;
907.505793;0.228938;0.246748;0.354679;0.514238;0.526723;0.521000;0.522137;0.479605;0.528394;0.485380;;;;;;;;;;
908.470199;0.235291;0.253441;0.363651;0.492610;0.528834;0.485097;0.509766;0.499167;0.539081;0.498134;;;;;;;;;;
909.434605;0.239370;0.261116;0.376906;0.488373;0.523791;0.488994;0.499677;0.504111;0.532096;0.508860;;;;;;;;;;
910.399010;0.240791;0.265318;0.371528;0.497700;0.526503;0.507445;0.508772;0.502718;0.525439;0.505967;;;;;;;;;;
911.363416;0.238673;0.255703;0.357733;0.501530;0.529414;0.510348;0.514604;0.505791;0.498769;0.499543;;;;;;;;;;
912.327822;0.242314;0.249816;0.362196;0.498746;0.531816;0.506298;0.508540;0.493869;0.481488;0.492633;;;;;;;;;;
913.292227;0.242593;0.249244;0.358331;0.484367;0.521942;0.502433;0.493573;0.469765;0.467602;0.491206;;;;;;;;;;
914.256633;0.243125;0.250362;0.349213;0.473877;0.503775;0.511174;0.496700;0.480559;0.452480;0.502594;;;;;;;;;;
915.221039;0.258482;0.259323;0.358255;0.493924;0.508535;0.534823;0.529725;0.517843;0.472232;0.507672;;;;;;;;;;
916.185445;0.258647;0.262494;0.356987;0.513249;0.524485;0.538070;0.536751;0.513379;0.493459;0.500395;;;;;;;;;;
917.149850;0.249167;0.257707;0.354866;0.503790;0.526219;0.519811;0.524282;0.497150;0.491591;0.496526;;;;;;;;;;
918.114256;0.257270;0.247923;0.362653;0.495304;0.519861;0.511563;0.525614;0.505604;0.491230;0.499460;;;;;;;;;;
919.078662;0.260924;0.239058;0.358609;0.499539;0.505262;0.502936;0.514557;0.496031;0.486314;0.496312;;;;;;;;;;
920.043068;0.250729;0.234333;0.356048;0.487466;0.484461;0.481629;0.493285;0.477332;0.479636;0.491048;;;;;;;;;;
921.007473;0.241596;0.229564;0.357655;0.462117;0.480147;0.465843;0.486573;0.479743;0.489115;0.485212;;;;;;;;;;
921.971879;0.236138;0.230642;0.354732;0.463957;0.487564;0.457198;0.494488;0.486141;0.494984;0.474789;;;;;;;;;;
922.936285;0.241312;0.235556;0.355094;0.487420;0.496313;0.463485;0.498923;0.492350;0.477962;0.477665;;;;;;;;;;
923.900690;0.248041;0.242079;0.353260;0.485999;0.498172;0.487363;0.488443;0.501030;0.457569;0.484350;;;;;;;;;;
924.865096;0.246680;0.253260;0.346723;0.468300;0.493629;0.502504;0.479859;0.510924;0.462949;0.482444;;;;;;;;;;
925.829502;0.254934;0.258735;0.343662;0.468015;0.513675;0.513950;0.483312;0.512877;0.487684;0.480010;;;;;;;;;;
926.793908;0.263001;0.257323;0.351285;0.477628;0.535496;0.517091;0.496111;0.491049;0.489832;0.479382;;;;;;;;;;
927.758313;0.255103;0.259026;0.357168;0.479556;0.520228;0.489047;0.508024;0.470989;0.473185;0.492103;;;;;;;;;;
928.722719;0.251617;0.257741;0.348101;0.469107;0.492100;0.465293;0.500276;0.474079;0.465163;0.501869;;;;;;;;;;
929.687125;0.252902;0.254028;0.341953;0.451437;0.471674;0.464706;0.482672;0.473581;0.455953;0.485262;;;;;;;;;;
930.651531;0.247583;0.254195;0.343710;0.435559;0.473536;0.469747;0.476448;0.461267;0.457843;0.465653;;;;;;;;;;
931.615936;0.248615;0.247904;0.344453;0.431457;0.486123;0.477332;0.475306;0.462883;0.480113;0.463327;;;;;;;;;;
932.580342;0.255068;0.243689;0.348545;0.448093;0.486847;0.474464;0.470121;0.472883;0.487068;0.471737;;;;;;;;;;
933.544748;0.256094;0.252593;0.352669;0.472693;0.491253;0.462083;0.465846;0.482148;0.481742;0.481156;;;;;;;;;;
934.509154;0.259732;0.264597;0.354862;0.481758;0.495843;0.462062;0.462559;0.492584;0.488771;0.481402;;;;;;;;;;
935.473559;0.267538;0.267420;0.357316;0.471820;0.490587;0.467830;0.462936;0.488973;0.488495;0.463710;;;;;;;;;;
936.437965;0.267407;0.259707;0.352766;0.454806;0.481711;0.468816;0.470260;0.472847;0.466095;0.451102;;;;;;;;;;
937.402371;0.258208;0.253430;0.343505;0.446511;0.462336;0.462530;0.468940;0.460310;0.445179;0.451033;;;;;;;;;;
938.366776;0.248077;0.246879;0.338294;0.442028;0.445986;0.449373;0.463291;0.455906;0.442729;0.441277;;;;;;;;;;
939.331182;0.242836;0.243201;0.335688;0.431488;0.449053;0.452499;0.471813;0.453599;0.453617;0.447715;;;;;;;;;;
940.295588;0.244477;0.247899;0.335683;0.433587;0.452490;0.468282;0.475268;0.451015;0.463860;0.469012;;;;;;;;;;
941.259994;0.252464;0.249296;0.332590;0.449780;0.457710;0.467641;0.462855;0.457434;0.462131;0.466923;;;;;;;;;;
942.224399;0.259536;0.253750;0.328936;0.452468;0.469762;0.462455;0.450093;0.470067;0.457955;0.463260;;;;;;;;;;
943.188805;0.258969;0.263047;0.345485;0.445396;0.467497;0.463034;0.450171;0.484978;0.460152;0.467977;;;;;;;;;;
944.153211;0.251721;0.266276;0.361425;0.445016;0.452678;0.461018;0.462785;0.487036;0.458879;0.464654;;;;;;;;;;
945.117617;0.243630;0.261211;0.340342;0.441554;0.438596;0.458225;0.465241;0.466647;0.451324;0.454799;;;;;;;;;;
946.082022;0.246578;0.247528;0.312605;0.429446;0.436465;0.448685;0.449063;0.445083;0.434341;0.440792;;;;;;;;;;
947.046428;0.253997;0.237734;0.310947;0.420097;0.441879;0.431377;0.428716;0.432177;0.414124;0.428160;;;;;;;;;;
948.010834;0.254838;0.241770;0.318019;0.421098;0.435650;0.421042;0.426142;0.431374;0.411751;0.423790;;;;;;;;;;
948.975240;0.251057;0.248710;0.316596;0.423066;0.428403;0.426850;0.446960;0.429608;0.419779;0.429797;;;;;;;;;;
949.939645;0.242142;0.249112;0.315289;0.417048;0.428469;0.436877;0.455253;0.424324;0.423824;0.440267;;;;;;;;;;
950.904051;0.251216;0.255272;0.321807;0.412243;0.435968;0.441339;0.455234;0.433624;0.429565;0.449982;;;;;;;;;;
951.868457;0.271766;0.264402;0.325796;0.411474;0.449237;0.449778;0.466119;0.439780;0.437101;0.455181;;;;;;;;;;
952.832862;0.265472;0.261978;0.321772;0.409655;0.446843;0.447616;0.454150;0.443147;0.443003;0.450654;;;;;;;;;;
953.797268;0.250173;0.258798;0.321412;0.405349;0.430636;0.433133;0.426946;0.448614;0.446745;0.445408;;;;;;;;;;
954.761674;0.246933;0.251316;0.322568;0.398700;0.417006;0.429870;0.415996;0.442448;0.444215;0.436509;;;;;;;;;;
955.726080;0.250714;0.238929;0.312930;0.390470;0.404506;0.421973;0.417312;0.435491;0.429759;0.418230;;;;;;;;;;
956.690485;0.261240;0.241983;0.304644;0.381926;0.398728;0.406960;0.421066;0.432634;0.416324;0.410546;;;;;;;;;;
957.654891;0.267824;0.251387;0.308226;0.384640;0.404103;0.407022;0.422940;0.430610;0.418198;0.412884;;;;;;;;;;
958.619297;0.266129;0.258856;0.317265;0.399087;0.415025;0.412939;0.425323;0.423764;0.423358;0.413798;;;;;;;;;;
959.583703;0.265228;0.265332;0.326376;0.406038;0.422065;0.417699;0.424074;0.421013;0.422689;0.410126;;;;;;;;;;
960.548108;0.273527;0.268490;0.332248;0.403431;0.419373;0.422876;0.417748;0.428043;0.420978;0.403554;;;;;;;;;;
961.512514;0.282504;0.270704;0.334598;0.403375;0.417961;0.417553;0.414544;0.426350;0.421987;0.412984;;;;;;;;;;
962.476920;0.274660;0.263034;0.331374;0.406721;0.416929;0.407522;0.417014;0.419814;0.421062;0.427859;;;;;;;;;;
963.441325;0.260997;0.249588;0.323658;0.401701;0.401144;0.406807;0.415626;0.409031;0.407048;0.418385;;;;;;;;;;
964.405731;0.255231;0.243300;0.316933;0.384279;0.383821;0.400713;0.401329;0.391572;0.392436;0.400783;;;;;;;;;;
965.370137;0.250758;0.243540;0.312014;0.372419;0.383914;0.382594;0.392704;0.380912;0.393148;0.390961;;;;;;;;;;
966.334543;0.250386;0.250210;0.308156;0.378294;0.391049;0.371484;0.392133;0.382263;0.391182;0.385504;;;;;;;;;;
967.298948;0.260092;0.258290;0.307095;0.388862;0.393973;0.374120;0.390173;0.398150;0.390247;0.386457;;;;;;;;;;
968.263354;0.268330;0.262654;0.311780;0.385084;0.399246;0.384512;0.393795;0.410127;0.408009;0.388251;;;;;;;;;;
969.227760;0.264411;0.262659;0.311617;0.375736;0.401240;0.388704;0.390215;0.402532;0.413028;0.393804;;;;;;;;;;
970.192166;0.260655;0.256603;0.303155;0.379795;0.392596;0.387441;0.385477;0.395328;0.396668;0.399881;;;;;;;;;;
971.156571;0.261423;0.245910;0.295703;0.379486;0.385962;0.388469;0.392738;0.394245;0.384783;0.390961;;;;;;;;;;
972.120977;0.251706;0.236053;0.290282;0.359520;0.376349;0.383839;0.389635;0.382258;0.372026;0.377283;;;;;;;;;;
973.085383;0.239142;0.236121;0.293755;0.352923;0.359251;0.375134;0.375856;0.368784;0.363596;0.367907;;;;;;;;;;
974.049789;0.239160;0.247772;0.298945;0.365131;0.355631;0.366938;0.371938;0.368834;0.368988;0.363407;;;;;;;;;;
975.014194;0.248233;0.258852;0.298237;0.373324;0.361212;0.367990;0.380295;0.372860;0.374501;0.370867;;;;;;;;;;
975.978600;0.260101;0.264329;0.305618;0.384280;0.369512;0.382655;0.394154;0.380322;0.377178;0.385101;;;;;;;;;;
976.943006;0.265523;0.271640;0.314094;0.385681;0.387144;0.387595;0.393864;0.384490;0.378107;0.395022;;;;;;;;;;
977.907411;0.270299;0.275241;0.314383;0.377090;0.393118;0.381976;0.374950;0.384029;0.380945;0.393826;;;;;;;;;;
978.871817;0.276063;0.273104;0.313033;0.384217;0.379871;0.376537;0.365304;0.383920;0.386147;0.386682;;;;;;;;;;
979.836223;0.266140;0.274630;0.312373;0.390013;0.373312;0.370532;0.374225;0.376354;0.377877;0.384336;;;;;;;;;;
980.800629;0.260162;0.269284;0.309703;0.379736;0.382181;0.374538;0.384468;0.377413;0.366299;0.381989;;;;;;;;;;
981.765034;0.265719;0.256502;0.304797;0.362174;0.390117;0.371376;0.379918;0.379496;0.368055;0.366674;;;;;;;;;;
982.729440;0.252552;0.245554;0.300355;0.342096;0.376297;0.352086;0.355567;0.361160;0.361421;0.345910;;;;;;;;;;
983.693846;0.245306;0.239884;0.297835;0.344330;0.353980;0.353795;0.344205;0.347603;0.352312;0.345129;;;;;;;;;;
984.658252;0.265802;0.250788;0.303293;0.364052;0.354866;0.372851;0.364504;0.352762;0.362173;0.360763;;;;;;;;;;
985.622657;0.277252;0.265070;0.310406;0.368885;0.369406;0.376589;0.376929;0.369790;0.371592;0.371308;;;;;;;;;;
986.587063;0.269796;0.269353;0.306411;0.369889;0.376929;0.369139;0.369599;0.381353;0.370708;0.372806;;;;;;;;;;
987.551469;0.262429;0.271015;0.302970;0.376329;0.379074;0.367001;0.365917;0.376848;0.364999;0.365010;;;;;;;;;;
988.515874;0.263227;0.270180;0.308029;0.379881;0.374729;0.377335;0.366615;0.371875;0.358634;0.360141;;;;;;;;;;
989.480280;0.265881;0.265997;0.311606;0.382534;0.363276;0.387286;0.363927;0.367517;0.356096;0.360082;;;;;;;;;;
990.444686;0.265396;0.259660;0.318398;0.374243;0.355729;0.381464;0.370653;0.361386;0.361739;0.356654;;;;;;;;;;
991.409092;0.268606;0.253447;0.322410;0.358105;0.351793;0.367332;0.386369;0.357836;0.368135;0.360910;;;;;;;;;;
992.373497;0.268902;0.248327;0.310305;0.356672;0.350973;0.355241;0.384886;0.361043;0.358897;0.363119;;;;;;;;;;
993.337903;0.267032;0.250763;0.313804;0.366840;0.362566;0.356207;0.384629;0.373290;0.356185;0.357020;;;;;;;;;;
994.302309;0.269660;0.260279;0.329714;0.370360;0.370958;0.365748;0.397336;0.376890;0.371027;0.357115;;;;;;;;;;
995.266715;0.268121;0.265636;0.321827;0.365975;0.363554;0.370811;0.391844;0.372130;0.378329;0.358058;;;;;;;;;;
996.231120;0.265449;0.272038;0.312392;0.364737;0.360888;0.374419;0.377761;0.378236;0.370957;0.368446;;;;;;;;;;
997.195526;0.259935;0.270390;0.311150;0.363682;0.367615;0.371781;0.372956;0.381513;0.355862;0.378671;;;;;;;;;;
998.159932;0.255595;0.258827;0.305142;0.359195;0.366703;0.371590;0.369120;0.369563;0.348469;0.365871;;;;;;;;;;
999.124338;0.263995;0.256628;0.306657;0.364945;0.361854;0.381615;0.361985;0.365264;0.353695;0.358780;;;;;;;;;;
1000.088743;0.259854;0.252243;0.315527;0.374606;0.365717;0.376729;0.353250;0.366915;0.351036;0.356257;;;;;;;;;;
1001.053149;0.241881;0.251748;0.320769;0.379238;0.370050;0.362630;0.352959;0.361267;0.337637;0.341748;;;;;;;;;;
1002.017555;0.244380;0.265424;0.315521;0.383217;0.358521;0.357663;0.360822;0.361633;0.338011;0.342055;;;;;;;;;;
1002.981960;0.262877;0.271293;0.310938;0.381120;0.343731;0.364962;0.368000;0.365472;0.360058;0.356745;;;;;;;;;;
1003.946366;0.280521;0.275256;0.317605;0.376374;0.351127;0.383303;0.377980;0.364592;0.384524;0.365693;;;;;;;;;;
1004.910772;0.287881;0.282758;0.325293;0.373054;0.368591;0.383489;0.386305;0.367537;0.391600;0.373120;;;;;;;;;;
1005.875178;0.273944;0.278163;0.327041;0.371061;0.373147;0.369546;0.381782;0.375384;0.376087;0.384032;;;;;;;;;;
1006.839583;0.258317;0.264355;0.316494;0.373666;0.374502;0.375226;0.372758;0.374162;0.358043;0.380629;;;;;;;;;;
1007.803989;0.259270;0.255807;0.300555;0.373201;0.373859;0.382588;0.366578;0.360163;0.350515;0.361338;;;;;;;;;;
1008.768395;0.258087;0.251308;0.290082;0.356532;0.359306;0.370404;0.352853;0.350580;0.340322;0.350127;;;;;;;;;;
1009.732801;0.249243;0.244246;0.288696;0.337445;0.345846;0.364999;0.341184;0.351050;0.333137;0.353466;;;;;;;;;;
1010.697206;0.253874;0.248566;0.308048;0.341124;0.354084;0.376087;0.350360;0.360295;0.341421;0.363053;;;;;;;;;;
1011.661612;0.271957;0.263857;0.325945;0.353435;0.368964;0.384860;0.367041;0.372486;0.350831;0.367994;;;;;;;;;;
1012.626018;0.281947;0.274272;0.324884;0.362683;0.369459;0.381438;0.374396;0.377321;0.351843;0.374535;;;;;;;;;;
1013.590423;0.278081;0.282646;0.326108;0.373842;0.370197;0.373894;0.379314;0.380163;0.356635;0.379975;;;;;;;;;;
1014.554829;0.275879;0.282244;0.331507;0.370954;0.374070;0.378057;0.383742;0.377831;0.370071;0.374202;;;;;;;;;;
1015.519235;0.268803;0.263690;0.329182;0.357547;0.366145;0.378747;0.371459;0.367606;0.375438;0.368005;;;;;;;;;;
1016.483641;0.254541;0.249568;0.309748;0.352168;0.353930;0.362514;0.353814;0.358745;0.364629;0.358873;;;;;;;;;;
1017.448046;0.255876;0.254542;0.295914;0.359061;0.350318;0.360982;0.358498;0.354570;0.351005;0.354958;;;;;;;;;;
1018.412452;0.263324;0.264239;0.313617;0.368330;0.357125;0.374333;0.368372;0.360337;0.344110;0.356104;;;;;;;;;;
1019.376858;0.269158;0.268557;0.329358;0.372121;0.368289;0.380840;0.365661;0.373212;0.347400;0.354367;;;;;;;;;;
1020.341264;0.280674;0.275191;0.332860;0.381755;0.383903;0.381487;0.370453;0.380159;0.362031;0.368371;;;;;;;;;;
1021.305669;0.276986;0.287545;0.339523;0.388471;0.395384;0.375240;0.379126;0.371670;0.369703;0.383083;;;;;;;;;;
1022.270075;0.267005;0.289653;0.329662;0.385354;0.395725;0.376294;0.377049;0.366705;0.369556;0.390747;;;;;;;;;;
1023.234481;0.271381;0.279915;0.316810;0.373463;0.400533;0.384560;0.376593;0.372468;0.381497;0.397835;;;;;;;;;;
1024.198887;0.268555;0.274925;0.322148;0.350546;0.399272;0.375544;0.377932;0.363357;0.384709;0.388292;;;;;;;;;;
1025.163292;0.257222;0.267580;0.319432;0.345688;0.380190;0.358639;0.370886;0.358837;0.367711;0.370938;;;;;;;;;;
1026.127698;0.259032;0.258053;0.302827;0.358066;0.360219;0.357614;0.366338;0.371218;0.358345;0.355064;;;;;;;;;;
1027.092104;0.257251;0.255192;0.297366;0.358031;0.345375;0.362173;0.366326;0.374969;0.358636;0.340933;;;;;;;;;;
1028.056509;0.246464;0.250360;0.307030;0.350179;0.348956;0.354854;0.359028;0.379794;0.360165;0.336668;;;;;;;;;;
1029.020915;0.254248;0.252563;0.323234;0.346874;0.370419;0.359525;0.362724;0.385581;0.363912;0.355630;;;;;;;;;;
1029.985321;0.269051;0.262889;0.332855;0.364642;0.384793;0.380365;0.386231;0.388347;0.372876;0.383957;;;;;;;;;;
1030.949727;0.271322;0.264221;0.325729;0.383862;0.388406;0.381934;0.392924;0.388877;0.383808;0.383378;;;;;;;;;;
1031.914132;0.273060;0.259866;0.312932;0.371943;0.381208;0.372693;0.382732;0.378868;0.381739;0.371512;;;;;;;;;;
1032.878538;0.269229;0.258756;0.313627;0.359673;0.367799;0.375962;0.379565;0.375585;0.374308;0.367867;;;;;;;;;;
1033.842944;0.255818;0.266120;0.326005;0.359402;0.364310;0.384841;0.372569;0.378546;0.370529;0.360103;;;;;;;;;;
1034.807350;0.253258;0.268789;0.325936;0.361751;0.370374;0.388785;0.374102;0.372831;0.370000;0.355352;;;;;;;;;;
1035.771755;0.262014;0.252650;0.315776;0.373636;0.376209;0.384614;0.382436;0.363150;0.385267;0.351703;;;;;;;;;;
1036.736161;0.269511;0.250112;0.317688;0.381829;0.384169;0.384160;0.374018;0.362094;0.390522;0.356897;;;;;;;;;;
1037.700567;0.273541;0.266142;0.324246;0.385814;0.394901;0.380444;0.374389;0.374361;0.370284;0.381049;;;;;;;;;;
1038.664973;0.276228;0.274417;0.327953;0.384935;0.391033;0.372735;0.388432;0.383101;0.366282;0.392253;;;;;;;;;;
1039.629378;0.287727;0.280118;0.326296;0.369568;0.383098;0.385301;0.402110;0.385699;0.379337;0.379975;;;;;;;;;;
1040.593784;0.295938;0.277041;0.318536;0.361475;0.389793;0.390147;0.406911;0.383317;0.377354;0.369223;;;;;;;;;;
1041.558190;0.278585;0.261815;0.317386;0.364545;0.389722;0.366460;0.387379;0.372349;0.363836;0.371858;;;;;;;;;;
1042.522595;0.258725;0.254733;0.319271;0.364365;0.382461;0.355920;0.370984;0.367177;0.361404;0.378837;;;;;;;;;;
1043.487001;0.253721;0.256836;0.319250;0.372097;0.386564;0.361975;0.367787;0.364882;0.371896;0.370204;;;;;;;;;;
1044.451407;0.258808;0.262834;0.316172;0.382031;0.389812;0.365148;0.359753;0.355988;0.382488;0.353358;;;;;;;;;;
1045.415813;0.273226;0.266619;0.309811;0.375465;0.383048;0.362232;0.368386;0.350016;0.381369;0.349164;;;;;;;;;;
1046.380218;0.277782;0.269146;0.318185;0.372377;0.379464;0.361482;0.390980;0.364612;0.368818;0.357794;;;;;;;;;;
1047.344624;0.270894;0.275598;0.331464;0.378300;0.389645;0.380939;0.401704;0.387871;0.364874;0.370551;;;;;;;;;;
1048.309030;0.271618;0.277179;0.330634;0.385199;0.399532;0.396526;0.409299;0.384648;0.376212;0.377271;;;;;;;;;;
1049.273436;0.274356;0.276234;0.328983;0.401149;0.398307;0.388741;0.407390;0.375715;0.383121;0.377200;;;;;;;;;;
1050.237841;0.269712;0.270882;0.331046;0.396877;0.388189;0.390692;0.381109;0.380734;0.370703;0.378034;;;;;;;;;;
1051.202247;0.264433;0.261785;0.327583;0.372487;0.380017;0.405932;0.368087;0.384769;0.360672;0.379054;;;;;;;;;;
1052.166653;0.268056;0.264090;0.322601;0.368748;0.386238;0.404690;0.385379;0.385894;0.378783;0.385055;;;;;;;;;;
1053.131058;0.271366;0.267770;0.326609;0.368315;0.385810;0.386874;0.398134;0.378055;0.401467;0.393584;;;;;;;;;;
1054.095464;0.266025;0.274214;0.330490;0.364926;0.379759;0.377963;0.405293;0.370523;0.405110;0.389018;;;;;;;;;;
1055.059870;0.270452;0.290844;0.329506;0.376990;0.387295;0.382944;0.404680;0.377445;0.403246;0.385604;;;;;;;;;;
1056.024276;0.283171;0.295853;0.338131;0.391261;0.392813;0.388427;0.390853;0.395081;0.402326;0.392320;;;;;;;;;;
1056.988681;0.285371;0.289388;0.350236;0.390776;0.394396;0.391788;0.395687;0.409759;0.399605;0.394222;;;;;;;;;;
1057.953087;0.285138;0.279747;0.351414;0.384967;0.398512;0.397008;0.411583;0.403629;0.399415;0.393084;;;;;;;;;;
1058.917493;0.285859;0.267687;0.349807;0.396754;0.402729;0.406656;0.414091;0.401067;0.413765;0.391818;;;;;;;;;;
1059.881899;0.277780;0.260643;0.355827;0.412420;0.405703;0.408600;0.406102;0.408261;0.425515;0.383217;;;;;;;;;;
1060.846304;0.264659;0.256537;0.347462;0.401912;0.399145;0.394961;0.395372;0.393031;0.405150;0.362173;;;;;;;;;;
1061.810710;0.254711;0.261024;0.313227;0.381306;0.381754;0.378172;0.388201;0.376539;0.372686;0.344086;;;;;;;;;;
1062.775116;0.254922;0.271583;0.302020;0.382072;0.371817;0.367296;0.386513;0.383304;0.359508;0.351797;;;;;;;;;;
1063.739522;0.264710;0.277340;0.327923;0.392748;0.390120;0.377492;0.395142;0.393083;0.370961;0.377082;;;;;;;;;;
1064.703927;0.274523;0.287207;0.342071;0.393413;0.414687;0.407468;0.403307;0.396546;0.389216;0.398015;;;;;;;;;;
1065.668333;0.281050;0.289554;0.328321;0.395965;0.414105;0.419844;0.410614;0.400940;0.392054;0.397021;;;;;;;;;;
1066.632739;0.288490;0.273763;0.322966;0.396786;0.407026;0.409009;0.418335;0.405371;0.385923;0.391921;;;;;;;;;;
1067.597144;0.290525;0.260107;0.336217;0.391077;0.399666;0.400304;0.401446;0.405392;0.385867;0.402567;;;;;;;;;;
1068.561550;0.280606;0.256363;0.342947;0.389831;0.384097;0.387303;0.382107;0.398124;0.389818;0.404079;;;;;;;;;;
1069.525956;0.266496;0.260747;0.338889;0.391058;0.385012;0.383046;0.378209;0.386282;0.389900;0.398152;;;;;;;;;;
1070.490362;0.256090;0.266807;0.329245;0.396143;0.400078;0.401841;0.374421;0.388590;0.381427;0.396923;;;;;;;;;;
1071.454767;0.257087;0.269538;0.321089;0.402533;0.397407;0.407190;0.390190;0.398083;0.372574;0.393651;;;;;;;;;;
1072.419173;0.267323;0.281159;0.332208;0.413885;0.392700;0.405170;0.419331;0.400402;0.383243;0.398624;;;;;;;;;;
1073.383579;0.275860;0.288687;0.346141;0.421850;0.404586;0.407870;0.423839;0.402998;0.403266;0.403394;;;;;;;;;;
1074.347985;0.283283;0.280829;0.345101;0.409841;0.413701;0.401451;0.417664;0.398159;0.404878;0.401824;;;;;;;;;;
1075.312390;0.286380;0.280651;0.350558;0.409637;0.418805;0.419203;0.418333;0.407338;0.400379;0.408227;;;;;;;;;;
1076.276796;0.277308;0.280855;0.355182;0.416835;0.421691;0.443552;0.415867;0.430923;0.394641;0.410791;;;;;;;;;;
1077.241202;0.261748;0.267263;0.334176;0.400315;0.407481;0.427987;0.411780;0.418653;0.384660;0.395189;;;;;;;;;;
1078.205607;0.256998;0.257368;0.315742;0.390635;0.392882;0.404994;0.413526;0.393138;0.390638;0.380824;;;;;;;;;;
1079.170013;0.261674;0.258826;0.319431;0.391498;0.394388;0.392222;0.413259;0.384859;0.397537;0.382807;;;;;;;;;;
1080.134419;0.259963;0.262017;0.324200;0.386846;0.399101;0.392121;0.413659;0.388992;0.392139;0.396413;;;;;;;;;;
1081.098825;0.262706;0.259344;0.329325;0.397680;0.398085;0.405291;0.421105;0.405467;0.399282;0.412473;;;;;;;;;;
1082.063230;0.275898;0.262679;0.344128;0.412065;0.401904;0.410552;0.418771;0.413726;0.419726;0.421984;;;;;;;;;;
1083.027636;0.286438;0.270574;0.353541;0.408526;0.416057;0.417717;0.413996;0.411916;0.425541;0.423220;;;;;;;;;;
1083.992042;0.286000;0.266023;0.347485;0.406563;0.410385;0.431100;0.414825;0.407359;0.414543;0.414110;;;;;;;;;;
1084.956448;0.279233;0.265448;0.344228;0.414981;0.399249;0.430235;0.406560;0.404832;0.422416;0.415929;;;;;;;;;;
1085.920853;0.274373;0.265997;0.346221;0.411750;0.418191;0.422322;0.403516;0.412417;0.428769;0.434346;;;;;;;;;;
1086.885259;0.263960;0.247748;0.334470;0.395725;0.420364;0.414526;0.406112;0.412744;0.406116;0.430593;;;;;;;;;;
1087.849665;0.254746;0.239247;0.323932;0.393573;0.405500;0.406441;0.405313;0.409679;0.398351;0.418518;;;;;;;;;;
1088.814071;0.261586;0.253693;0.336799;0.405467;0.414277;0.408274;0.412665;0.421494;0.406262;0.419413;;;;;;;;;;
1089.778476;0.275470;0.270360;0.347014;0.413026;0.421489;0.415588;0.421714;0.432725;0.409165;0.423255;;;;;;;;;;
1090.742882;0.288661;0.285676;0.340309;0.420415;0.430591;0.427986;0.431670;0.434855;0.417615;0.432609;;;;;;;;;;
1091.707288;0.292369;0.295850;0.350252;0.431621;0.439922;0.443134;0.441121;0.440349;0.426268;0.428365;;;;;;;;;;
1092.671693;0.286407;0.292362;0.371791;0.438395;0.433091;0.436827;0.442528;0.451624;0.431534;0.419975;;;;;;;;;;
1093.636099;0.281309;0.280753;0.368309;0.441510;0.428432;0.417503;0.438794;0.447407;0.430072;0.418476;;;;;;;;;;
1094.600505;0.273826;0.276406;0.347372;0.442968;0.426251;0.422751;0.433233;0.422777;0.420819;0.405063;;;;;;;;;;
1095.564911;0.269697;0.278779;0.330805;0.430430;0.420643;0.447583;0.426083;0.410276;0.414280;0.398527;;;;;;;;;;
1096.529316;0.273020;0.277957;0.326164;0.407929;0.414352;0.446988;0.420416;0.415102;0.413083;0.406896;;;;;;;;;;
1097.493722;0.269890;0.280844;0.323666;0.394565;0.410687;0.426394;0.428598;0.412404;0.415665;0.417628;;;;;;;;;;
1098.458128;0.271662;0.285783;0.333195;0.400323;0.418457;0.424032;0.435124;0.411425;0.427748;0.432527;;;;;;;;;;
1099.422534;0.284529;0.288020;0.359719;0.417805;0.431971;0.433116;0.432907;0.423696;0.439592;0.441230;;;;;;;;;;
1100.386939;0.292202;0.291512;0.359103;0.423206;0.434804;0.439565;0.441526;0.431935;0.431804;0.438692;;;;;;;;;;
1101.351345;0.299209;0.289827;0.348189;0.422100;0.434350;0.442295;0.444114;0.432766;0.435020;0.431886;;;;;;;;;;
1102.315751;0.298569;0.281310;0.358664;0.427348;0.441233;0.436920;0.436211;0.433447;0.459261;0.430371;;;;;;;;;;
1103.280156;0.286786;0.273868;0.366974;0.425581;0.438225;0.430716;0.435700;0.435768;0.458600;0.440465;;;;;;;;;;
1104.244562;0.285309;0.275700;0.376904;0.424756;0.435535;0.431165;0.438737;0.445357;0.449261;0.446358;;;;;;;;;;
1105.208968;0.279517;0.276659;0.371375;0.427652;0.441164;0.439195;0.441406;0.450120;0.453829;0.434306;;;;;;;;;;
1106.173374;0.267723;0.269520;0.344523;0.415447;0.439252;0.444302;0.442270;0.432960;0.456267;0.430749;;;;;;;;;;
1107.137779;0.272033;0.272999;0.337213;0.405642;0.440724;0.436845;0.443136;0.417670;0.452586;0.434121;;;;;;;;;;
1108.102185;0.279576;0.278924;0.345561;0.419068;0.441980;0.436350;0.445066;0.426738;0.441552;0.422980;;;;;;;;;;
1109.066591;0.286437;0.280414;0.356494;0.435445;0.441160;0.448067;0.446522;0.443131;0.440656;0.428375;;;;;;;;;;
1110.030997;0.287669;0.281852;0.365885;0.443346;0.442213;0.445796;0.442565;0.447063;0.442701;0.447897;;;;;;;;;;
1110.995402;0.277507;0.269740;0.365718;0.448963;0.435379;0.433943;0.428417;0.438730;0.435960;0.449655;;;;;;;;;;
1111.959808;0.273355;0.264558;0.361695;0.434850;0.427379;0.432964;0.427783;0.430936;0.437529;0.439376;;;;;;;;;;
1112.924214;0.270981;0.276615;0.359359;0.411977;0.421350;0.438423;0.451290;0.438167;0.431969;0.423485;;;;;;;;;;
1113.888620;0.271104;0.279278;0.357471;0.407061;0.422202;0.441489;0.458239;0.448274;0.427821;0.420757;;;;;;;;;;
1114.853025;0.280364;0.280081;0.349384;0.413796;0.433364;0.426287;0.442957;0.442003;0.438493;0.433315;;;;;;;;;;
1115.817431;0.285338;0.291009;0.343087;0.428351;0.445197;0.413854;0.449302;0.440521;0.432960;0.436143;;;;;;;;;;
1116.781837;0.282791;0.297727;0.342739;0.448804;0.451436;0.433843;0.468534;0.454338;0.429303;0.436346;;;;;;;;;;
1117.746242;0.274173;0.297453;0.341401;0.461484;0.448249;0.448559;0.466282;0.457845;0.443481;0.436515;;;;;;;;;;
1118.710648;0.274010;0.295667;0.352421;0.454899;0.439637;0.447569;0.453092;0.457492;0.452777;0.440347;;;;;;;;;;
1119.675054;0.286551;0.289112;0.364443;0.437684;0.434889;0.451579;0.448358;0.457163;0.451116;0.451004;;;;;;;;;;
1120.639460;0.287763;0.279987;0.356310;0.430330;0.441289;0.449461;0.450384;0.436374;0.442591;0.446156;;;;;;;;;;
1121.603865;0.278608;0.277619;0.350177;0.426085;0.441547;0.451037;0.464083;0.424049;0.438659;0.434836;;;;;;;;;;
1122.568271;0.275983;0.279198;0.351232;0.415291;0.429423;0.449867;0.475462;0.434135;0.439224;0.428056;;;;;;;;;;
1123.532677;0.280584;0.281822;0.348011;0.414614;0.432028;0.442160;0.456076;0.444341;0.437251;0.423875;;;;;;;;;;
1124.497083;0.286777;0.289379;0.353306;0.425323;0.435967;0.449253;0.439927;0.450260;0.446993;0.439105;;;;;;;;;;
1125.461488;0.295589;0.297747;0.365457;0.435997;0.427863;0.451585;0.454626;0.447093;0.459936;0.451471;;;;;;;;;;
1126.425894;0.304107;0.302491;0.369467;0.444618;0.428927;0.446855;0.464402;0.440378;0.454467;0.446382;;;;;;;;;;
1127.390300;0.299354;0.309237;0.371501;0.442849;0.444527;0.461068;0.456174;0.435768;0.450836;0.446090;;;;;;;;;;
1128.354706;0.293240;0.314822;0.376878;0.439497;0.458617;0.471606;0.454932;0.443806;0.458841;0.445326;;;;;;;;;;
1129.319111;0.291141;0.303552;0.372714;0.447745;0.448821;0.454919;0.458986;0.460951;0.445359;0.446973;;;;;;;;;;
1130.283517;0.282360;0.282269;0.360337;0.449705;0.435202;0.445925;0.449518;0.452253;0.429761;0.449037;;;;;;;;;;
1131.247923;0.281384;0.268516;0.353220;0.441694;0.443889;0.448804;0.435670;0.444031;0.440812;0.439420;;;;;;;;;;
1132.212328;0.279374;0.264333;0.347251;0.434592;0.449609;0.437262;0.440743;0.453017;0.441534;0.435863;;;;;;;;;;
1133.176734;0.267103;0.266404;0.345002;0.423100;0.450594;0.434614;0.455118;0.450638;0.432007;0.441618;;;;;;;;;;
1134.141140;0.273953;0.276112;0.354813;0.423252;0.464051;0.451944;0.457992;0.450950;0.430700;0.452687;;;;;;;;;;
1135.105546;0.286659;0.285981;0.359760;0.439013;0.465835;0.461929;0.456338;0.454002;0.438147;0.458469;;;;;;;;;;
1136.069951;0.284436;0.282137;0.354258;0.435857;0.453014;0.459769;0.461031;0.453359;0.462914;0.449210;;;;;;;;;;
1137.034357;0.287906;0.281459;0.352916;0.418695;0.442224;0.459156;0.462456;0.456586;0.473034;0.444145;;;;;;;;;;
1137.998763;0.289865;0.287436;0.352957;0.418898;0.438055;0.455889;0.451809;0.454839;0.456575;0.443791;;;;;;;;;;
1138.963169;0.282774;0.279918;0.352443;0.431772;0.451439;0.446135;0.448406;0.453922;0.447643;0.443129;;;;;;;;;;
1139.927574;0.282666;0.273216;0.354310;0.438371;0.461131;0.444158;0.452159;0.454400;0.449045;0.447087;;;;;;;;;;
1140.891980;0.278109;0.267455;0.350545;0.424886;0.448419;0.446551;0.443378;0.439066;0.437645;0.444595;;;;;;;;;;
1141.856386;0.273515;0.263313;0.350896;0.411230;0.436880;0.442147;0.441932;0.428522;0.421293;0.441535;;;;;;;;;;
1142.820791;0.288433;0.271620;0.361593;0.428341;0.434176;0.439625;0.455135;0.449024;0.433436;0.450508;;;;;;;;;;
1143.785197;0.299837;0.273164;0.364940;0.443658;0.440651;0.443369;0.467844;0.470984;0.448512;0.454407;;;;;;;;;;
1144.749603;0.294697;0.277680;0.367297;0.433684;0.446235;0.442176;0.477241;0.480075;0.445452;0.449163;;;;;;;;;;
1145.714009;0.287605;0.292244;0.373489;0.428537;0.439523;0.437983;0.480634;0.488138;0.446114;0.451406;;;;;;;;;;
1146.678414;0.280881;0.298423;0.371110;0.428370;0.439775;0.442154;0.481272;0.474160;0.446135;0.450720;;;;;;;;;;
1147.642820;0.281098;0.298389;0.365706;0.423937;0.441723;0.443486;0.467684;0.452919;0.451579;0.446535;;;;;;;;;;
1148.607226;0.284272;0.288849;0.356856;0.426075;0.431254;0.444399;0.441680;0.446522;0.454034;0.452341;;;;;;;;;;
1149.571632;0.279512;0.277230;0.352133;0.427067;0.430540;0.452598;0.427512;0.438200;0.443563;0.449659;;;;;;;;;;
1150.536037;0.281068;0.280285;0.365714;0.423436;0.439765;0.452256;0.435456;0.436782;0.451480;0.446663;;;;;;;;;;
1151.500443;0.291895;0.290685;0.376899;0.432687;0.440076;0.457315;0.453013;0.451084;0.464049;0.458299;;;;;;;;;;
1152.464849;0.298687;0.301963;0.373594;0.447815;0.440693;0.473273;0.452828;0.461203;0.459598;0.465277;;;;;;;;;;
1153.429255;0.296901;0.307270;0.368930;0.453260;0.447639;0.476002;0.449393;0.460815;0.458310;0.467780;;;;;;;;;;
1154.393660;0.294328;0.301206;0.367773;0.455356;0.453941;0.466577;0.455553;0.466915;0.461470;0.471621;;;;;;;;;;
1155.358066;0.295744;0.293580;0.367092;0.456036;0.460024;0.455368;0.459093;0.477793;0.460449;0.473251;;;;;;;;;;
1156.322472;0.288785;0.288960;0.366952;0.449724;0.459224;0.448179;0.471337;0.470405;0.462394;0.463301;;;;;;;;;;
1157.286877;0.277897;0.287368;0.369570;0.436278;0.448639;0.450856;0.473666;0.454869;0.462036;0.442684;;;;;;;;;;
1158.251283;0.276099;0.287452;0.368218;0.430903;0.438515;0.457455;0.453984;0.451689;0.447332;0.441798;;;;;;;;;;
1159.215689;0.278013;0.284720;0.361317;0.442473;0.432078;0.460972;0.447114;0.450391;0.440539;0.457519;;;;;;;;;;
1160.180095;0.285438;0.286074;0.359078;0.454447;0.436690;0.464446;0.457613;0.450213;0.458503;0.468837;;;;;;;;;;
1161.144500;0.293778;0.294849;0.360909;0.454984;0.447640;0.467786;0.468016;0.457315;0.474906;0.479039;;;;;;;;;;
1162.108906;0.291976;0.299475;0.358882;0.439562;0.445415;0.466435;0.469272;0.460382;0.471435;0.476871;;;;;;;;;;
1163.073312;0.288764;0.297529;0.359669;0.421896;0.445996;0.459361;0.468651;0.457996;0.457458;0.461562;;;;;;;;;;
1164.037718;0.287774;0.293981;0.366976;0.420621;0.460614;0.448091;0.468890;0.452733;0.440253;0.452953;;;;;;;;;;
1165.002123;0.282401;0.286986;0.365414;0.424061;0.457619;0.439077;0.461920;0.446303;0.432230;0.455371;;;;;;;;;;
1165.966529;0.278442;0.281478;0.357010;0.428998;0.442955;0.436608;0.461272;0.452238;0.439722;0.456539;;;;;;;;;;
1166.930935;0.282581;0.281172;0.360382;0.436363;0.444121;0.441076;0.469086;0.459156;0.446561;0.448836;;;;;;;;;;
1167.895340;0.287301;0.281343;0.371681;0.433313;0.450238;0.445434;0.466315;0.452810;0.450309;0.446879;;;;;;;;;;
1168.859746;0.286708;0.291060;0.370844;0.429508;0.456144;0.448533;0.458770;0.457284;0.460084;0.452403;;;;;;;;;;
1169.824152;0.291390;0.308670;0.364668;0.441503;0.456857;0.463126;0.458369;0.472484;0.468461;0.462553;;;;;;;;;;
1170.788558;0.299589;0.310372;0.372736;0.458033;0.450412;0.473587;0.467824;0.474829;0.473549;0.473956;;;;;;;;;;
1171.752963;0.294338;0.298281;0.379705;0.455120;0.453326;0.468788;0.477846;0.469076;0.477173;0.463185;;;;;;;;;;
1172.717369;0.285314;0.290721;0.374701;0.440879;0.453613;0.459782;0.469941;0.463984;0.473458;0.451247;;;;;;;;;;
1173.681775;0.284974;0.284915;0.369822;0.433995;0.444177;0.443683;0.457381;0.460817;0.463929;0.458747;;;;;;;;;;
1174.646181;0.280313;0.278366;0.363044;0.429818;0.441275;0.435799;0.455608;0.458112;0.458462;0.453999;;;;;;;;;;
1175.610586;0.273080;0.283078;0.363559;0.432360;0.439146;0.443863;0.463134;0.460919;0.462597;0.441759;;;;;;;;;;
1176.574992;0.279824;0.293867;0.375031;0.443885;0.438941;0.454854;0.476003;0.471724;0.463355;0.445407;;;;;;;;;;
1177.539398;0.294131;0.300483;0.374914;0.447658;0.444998;0.468796;0.477535;0.468151;0.458399;0.452629;;;;;;;;;;
1178.503804;0.299102;0.304046;0.370572;0.445558;0.452600;0.477089;0.470214;0.458775;0.463926;0.453255;;;;;;;;;;
1179.468209;0.296368;0.297248;0.377291;0.449705;0.458126;0.472875;0.470920;0.463035;0.469349;0.456313;;;;;;;;;;
1180.432615;0.292982;0.290512;0.380706;0.446755;0.450760;0.465420;0.476556;0.466043;0.465853;0.464490;;;;;;;;;;
1181.397021;0.290959;0.294666;0.379313;0.438174;0.443259;0.467844;0.478234;0.469058;0.467027;0.469912;;;;;;;;;;
1182.361426;0.289182;0.291922;0.377906;0.445005;0.448752;0.475040;0.476321;0.471819;0.468930;0.472347;;;;;;;;;;
1183.325832;0.283709;0.283515;0.366877;0.454511;0.456814;0.463461;0.465906;0.463017;0.463885;0.466623;;;;;;;;;;
1184.290238;0.285231;0.285540;0.359079;0.453983;0.463260;0.445114;0.453750;0.452925;0.459647;0.455042;;;;;;;;;;
1185.254644;0.293158;0.292867;0.367641;0.448136;0.464724;0.446175;0.463258;0.450760;0.460779;0.453065;;;;;;;;;;
1186.219049;0.291326;0.295847;0.374401;0.441672;0.462604;0.456379;0.476141;0.456319;0.456490;0.457445;;;;;;;;;;
1187.183455;0.289692;0.294888;0.374945;0.447076;0.457518;0.458796;0.478547;0.459352;0.454314;0.460832;;;;;;;;;;
1188.147861;0.296317;0.295115;0.381145;0.459241;0.454746;0.459307;0.485108;0.455294;0.471620;0.462519;;;;;;;;;;
1189.112267;0.300222;0.300534;0.380869;0.466384;0.457630;0.461532;0.482197;0.460532;0.478599;0.464637;;;;;;;;;;
1190.076672;0.293829;0.303530;0.370337;0.462434;0.453980;0.457469;0.470194;0.472690;0.464622;0.463644;;;;;;;;;;
1191.041078;0.284127;0.293633;0.364518;0.440583;0.454147;0.450574;0.459922;0.467728;0.461443;0.453923;;;;;;;;;;
1192.005484;0.285544;0.281282;0.357696;0.422801;0.457314;0.449952;0.453509;0.453863;0.457234;0.444683;;;;;;;;;;
1192.969889;0.289513;0.280411;0.354410;0.432282;0.450966;0.461886;0.455531;0.460954;0.448708;0.445131;;;;;;;;;;
1193.934295;0.288755;0.285719;0.365608;0.452270;0.460568;0.475653;0.461163;0.474889;0.460126;0.453063;;;;;;;;;;
1194.898701;0.294666;0.290535;0.378341;0.452751;0.478756;0.475380;0.474028;0.473490;0.473925;0.461790;;;;;;;;;;
1195.863107;0.302370;0.299263;0.385999;0.445492;0.475364;0.474641;0.480789;0.472777;0.473911;0.469018;;;;;;;;;;
1196.827512;0.305071;0.308090;0.384745;0.450555;0.466164;0.480264;0.470285;0.472489;0.475656;0.469080;;;;;;;;;;
1197.791918;0.299172;0.305131;0.377981;0.451346;0.463964;0.480713;0.469220;0.471839;0.478089;0.460783;;;;;;;;;;
1198.756324;0.285772;0.297193;0.375979;0.450025;0.459023;0.478866;0.479657;0.478362;0.468951;0.459203;;;;;;;;;;
1199.720730;0.285072;0.294750;0.373228;0.460937;0.451483;0.479641;0.478219;0.473314;0.460811;0.465695;;;;;;;;;;
1200.685135;0.296734;0.295310;0.369760;0.460838;0.449182;0.477000;0.470535;0.467584;0.463466;0.473246;;;;;;;;;;
1201.649541;0.300072;0.294883;0.368845;0.451412;0.451734;0.470655;0.475449;0.476384;0.463612;0.478163;;;;;;;;;;
1202.613947;0.295229;0.288306;0.369207;0.459664;0.454235;0.468735;0.481700;0.475773;0.461181;0.474001;;;;;;;;;;
1203.578353;0.292101;0.282590;0.371796;0.472797;0.451418;0.469057;0.477389;0.469849;0.457747;0.468109;;;;;;;;;;
1204.542758;0.295068;0.287443;0.374319;0.475215;0.447111;0.466122;0.479001;0.473336;0.453692;0.466119;;;;;;;;;;
1205.507164;0.302840;0.296075;0.379969;0.479675;0.453363;0.471900;0.492700;0.479520;0.466180;0.470578;;;;;;;;;;
1206.471570;0.307724;0.302631;0.386591;0.481350;0.460971;0.483643;0.502018;0.483721;0.482592;0.479723;;;;;;;;;;
1207.435975;0.305971;0.303120;0.386386;0.464892;0.463646;0.476687;0.498729;0.485190;0.480943;0.482915;;;;;;;;;;
1208.400381;0.303211;0.297997;0.383122;0.449720;0.472461;0.459708;0.497947;0.483406;0.477604;0.482681;;;;;;;;;;
1209.364787;0.302752;0.297003;0.379391;0.449484;0.471481;0.455000;0.495791;0.471110;0.477886;0.476948;;;;;;;;;;
1210.329193;0.300263;0.296101;0.375518;0.439691;0.456479;0.458332;0.482008;0.459913;0.472103;0.466580;;;;;;;;;;
1211.293598;0.295695;0.292396;0.373125;0.426176;0.450632;0.461584;0.477713;0.466951;0.463724;0.467118;;;;;;;;;;
1212.258004;0.291351;0.297840;0.370204;0.436036;0.455469;0.462542;0.480561;0.472017;0.458280;0.470380;;;;;;;;;;
1213.222410;0.287492;0.303929;0.373538;0.450218;0.469393;0.466175;0.481905;0.468652;0.465277;0.466904;;;;;;;;;;
1214.186816;0.289458;0.300406;0.382687;0.454369;0.481080;0.476380;0.487120;0.479869;0.481281;0.471564;;;;;;;;;;
1215.151221;0.298932;0.303907;0.381649;0.463117;0.477198;0.484688;0.488165;0.495607;0.484515;0.481891;;;;;;;;;;
1216.115627;0.307105;0.313176;0.374931;0.465943;0.470453;0.487526;0.490296;0.491707;0.475792;0.476444;;;;;;;;;;
1217.080033;0.303511;0.314145;0.374786;0.457968;0.471525;0.490040;0.491623;0.480388;0.477105;0.464754;;;;;;;;;;
1218.044439;0.291546;0.310615;0.374342;0.459055;0.478159;0.492119;0.481277;0.478539;0.483746;0.466337;;;;;;;;;;
1219.008844;0.288477;0.301857;0.367028;0.463312;0.471651;0.485479;0.466831;0.478722;0.471486;0.473743;;;;;;;;;;
1219.973250;0.293087;0.294001;0.364475;0.458699;0.458549;0.474873;0.462294;0.473329;0.455052;0.480077;;;;;;;;;;
1220.937656;0.293237;0.297000;0.381788;0.459604;0.464308;0.474417;0.479741;0.466132;0.461391;0.481647;;;;;;;;;;
1221.902061;0.296121;0.302318;0.400726;0.470497;0.472493;0.482110;0.499462;0.465106;0.482824;0.484203;;;;;;;;;;
1222.866467;0.302520;0.307005;0.397910;0.482123;0.476865;0.489646;0.502218;0.471179;0.500247;0.492056;;;;;;;;;;
1223.830873;0.300423;0.308625;0.389420;0.481495;0.479930;0.487827;0.497996;0.472204;0.502752;0.485649;;;;;;;;;;
1224.795279;0.291290;0.303487;0.382026;0.469222;0.468974;0.479931;0.485393;0.472173;0.492873;0.476643;;;;;;;;;;
1225.759684;0.284975;0.298114;0.373083;0.467725;0.465829;0.473542;0.469156;0.481685;0.481576;0.479682;;;;;;;;;;
1226.724090;0.280217;0.293627;0.371283;0.467476;0.473899;0.456046;0.456798;0.487962;0.476447;0.472609;;;;;;;;;;
1227.688496;0.279504;0.295153;0.375218;0.457822;0.469507;0.442425;0.459256;0.487071;0.480133;0.459919;;;;;;;;;;
1228.652902;0.289032;0.305464;0.380874;0.462509;0.465031;0.456669;0.484983;0.484077;0.482441;0.459645;;;;;;;;;;
1229.617307;0.295511;0.305884;0.380288;0.468812;0.466459;0.475165;0.497173;0.483608;0.475630;0.466673;;;;;;;;;;
1230.581713;0.300609;0.293410;0.375123;0.462529;0.468059;0.482780;0.481274;0.493866;0.468472;0.469874;;;;;;;;;;
1231.546119;0.310203;0.290773;0.380900;0.467574;0.472165;0.489504;0.473680;0.499959;0.473773;0.474022;;;;;;;;;;
1232.510524;0.311291;0.300270;0.388361;0.474156;0.471628;0.487444;0.482160;0.492384;0.488187;0.487291;;;;;;;;;;
1233.474930;0.312395;0.307443;0.388986;0.466012;0.467539;0.483510;0.492012;0.486992;0.488856;0.487589;;;;;;;;;;
1234.439336;0.311153;0.308287;0.391647;0.464522;0.465074;0.487475;0.496024;0.492479;0.475781;0.475797;;;;;;;;;;
1235.403742;0.302061;0.302105;0.390929;0.462045;0.463875;0.481149;0.491230;0.497040;0.470397;0.479502;;;;;;;;;;
1236.368147;0.302215;0.294127;0.383504;0.450149;0.463671;0.473837;0.479858;0.487713;0.473217;0.487836;;;;;;;;;;
1237.332553;0.300500;0.291972;0.378573;0.458235;0.459667;0.480466;0.476721;0.475495;0.477026;0.484989;;;;;;;;;;
1238.296959;0.293727;0.293955;0.376574;0.472422;0.458467;0.479868;0.484280;0.473123;0.480222;0.481233;;;;;;;;;;
1239.261365;0.297973;0.298747;0.380612;0.470949;0.469720;0.477406;0.489038;0.485416;0.480423;0.485001;;;;;;;;;;
1240.225770;0.302066;0.302666;0.391595;0.472308;0.483652;0.486350;0.492663;0.497296;0.480878;0.489162;;;;;;;;;;
1241.190176;0.303928;0.301300;0.390469;0.469998;0.487248;0.485906;0.494232;0.491058;0.482368;0.485300;;;;;;;;;;
1242.154582;0.309939;0.300071;0.384473;0.463113;0.479970;0.477363;0.491007;0.482800;0.479309;0.483663;;;;;;;;;;
1243.118988;0.306638;0.301999;0.393749;0.468223;0.472475;0.480895;0.486868;0.478672;0.475800;0.487470;;;;;;;;;;
1244.083393;0.296807;0.298251;0.395443;0.475032;0.475679;0.490342;0.483933;0.473955;0.477382;0.490033;;;;;;;;;;
1245.047799;0.292856;0.290364;0.383947;0.473159;0.478656;0.491919;0.488357;0.471869;0.471721;0.487419;;;;;;;;;;
1246.012205;0.291098;0.291756;0.380621;0.465993;0.472472;0.486374;0.490807;0.472109;0.456297;0.474402;;;;;;;;;;
1246.976610;0.293093;0.298916;0.381114;0.459461;0.476864;0.486038;0.489594;0.481333;0.452723;0.467712;;;;;;;;;;
1247.941016;0.299196;0.302227;0.385490;0.460291;0.483188;0.496922;0.490511;0.492782;0.464100;0.475201;;;;;;;;;;
1248.905422;0.302362;0.303596;0.391381;0.466851;0.473164;0.502866;0.487209;0.489491;0.474873;0.480993;;;;;;;;;;
1249.869828;0.301490;0.305302;0.391144;0.474987;0.470518;0.497792;0.489823;0.482910;0.479081;0.489936;;;;;;;;;;
1250.834233;0.301193;0.303640;0.393938;0.481774;0.481670;0.492789;0.500899;0.487692;0.479578;0.499220;;;;;;;;;;
1251.798639;0.301577;0.295990;0.396420;0.482146;0.485488;0.481905;0.503247;0.487372;0.477012;0.484650;;;;;;;;;;
1252.763045;0.296898;0.290404;0.389256;0.476387;0.476049;0.472270;0.487534;0.478374;0.472100;0.464492;;;;;;;;;;
1253.727451;0.297039;0.293140;0.381154;0.472671;0.468475;0.481755;0.476832;0.479849;0.476779;0.470497;;;;;;;;;;
1254.691856;0.302736;0.296805;0.378307;0.469623;0.471176;0.481117;0.492343;0.480252;0.486671;0.482789;;;;;;;;;;
1255.656262;0.297920;0.296216;0.377047;0.460520;0.472550;0.463963;0.511158;0.474528;0.484281;0.477659;;;;;;;;;;
1256.620668;0.294321;0.295927;0.380612;0.458921;0.473264;0.476777;0.516043;0.476264;0.483293;0.473329;;;;;;;;;;
1257.585073;0.300377;0.300225;0.390861;0.473748;0.477432;0.498754;0.513103;0.477333;0.487750;0.477548;;;;;;;;;;
1258.549479;0.301236;0.306488;0.397748;0.484273;0.483353;0.495902;0.509480;0.482584;0.484081;0.477440;;;;;;;;;;
1259.513885;0.298458;0.308759;0.395468;0.476986;0.493438;0.496383;0.497135;0.497437;0.482972;0.472867;;;;;;;;;;
1260.478291;0.301929;0.307222;0.387712;0.466766;0.495508;0.494198;0.474445;0.501257;0.485466;0.478929;;;;;;;;;;
1261.442696;0.301515;0.306737;0.382675;0.465373;0.489977;0.490757;0.470482;0.490576;0.477998;0.496011;;;;;;;;;;
1262.407102;0.294491;0.306067;0.384396;0.467540;0.499125;0.504360;0.479233;0.482352;0.473465;0.489980;;;;;;;;;;
1263.371508;0.294553;0.302901;0.383683;0.472056;0.505444;0.504817;0.480713;0.485643;0.480535;0.469433;;;;;;;;;;
1264.335914;0.295364;0.299317;0.382041;0.481590;0.484797;0.487247;0.486223;0.493340;0.480110;0.477427;;;;;;;;;;
1265.300319;0.295860;0.298352;0.391709;0.486210;0.473880;0.480385;0.498807;0.496676;0.476488;0.491504;;;;;;;;;;
1266.264725;0.301209;0.302989;0.400626;0.480534;0.483830;0.485646;0.510207;0.499491;0.482688;0.490631;;;;;;;;;;
1267.229131;0.300031;0.310385;0.401271;0.479274;0.487853;0.489274;0.509984;0.499154;0.487271;0.497712;;;;;;;;;;
1268.193537;0.297228;0.311301;0.404731;0.483651;0.487411;0.489432;0.503525;0.493545;0.491123;0.501129;;;;;;;;;;
1269.157942;0.298468;0.303905;0.401696;0.472439;0.482328;0.493928;0.492458;0.488298;0.495524;0.488992;;;;;;;;;;
1270.122348;0.297420;0.302067;0.391491;0.456532;0.479023;0.500920;0.482493;0.488433;0.494256;0.478035;;;;;;;;;;
1271.086754;0.295290;0.305092;0.382869;0.458419;0.488268;0.495377;0.493491;0.493823;0.492433;0.477632;;;;;;;;;;
1272.051159;0.289365;0.295883;0.371459;0.462468;0.491709;0.476240;0.499826;0.486421;0.483928;0.480079;;;;;;;;;;
1273.015565;0.284181;0.290185;0.368441;0.468235;0.486780;0.465624;0.488697;0.475208;0.473848;0.476921;;;;;;;;;;
1273.979971;0.292431;0.304021;0.376001;0.484005;0.480864;0.472539;0.494031;0.487183;0.480196;0.479917;;;;;;;;;;
1274.944377;0.305237;0.314416;0.386135;0.489623;0.474759;0.491381;0.512894;0.499302;0.492051;0.489306;;;;;;;;;;
1275.908782;0.308116;0.310451;0.397674;0.492897;0.475699;0.504321;0.524961;0.496637;0.497234;0.492974;;;;;;;;;;
1276.873188;0.305329;0.307528;0.400719;0.496394;0.480578;0.497522;0.523378;0.495881;0.496011;0.488952;;;;;;;;;;
1277.837594;0.302266;0.306026;0.398285;0.480895;0.484485;0.496228;0.509544;0.495645;0.487049;0.484016;;;;;;;;;;
1278.802000;0.298664;0.297464;0.393922;0.466265;0.492749;0.501312;0.494115;0.499022;0.482704;0.491366;;;;;;;;;;
1279.766405;0.297910;0.294329;0.385654;0.461604;0.503134;0.494861;0.485966;0.501052;0.486384;0.498863;;;;;;;;;;
1280.730811;0.299945;0.300564;0.384074;0.463889;0.500439;0.498007;0.491805;0.488559;0.484204;0.493775;;;;;;;;;;
1281.695217;0.302912;0.302350;0.388943;0.475419;0.488595;0.508545;0.503007;0.481541;0.483834;0.490768;;;;;;;;;;
1282.659622;0.307759;0.303690;0.396825;0.476827;0.483946;0.503559;0.506416;0.490015;0.499571;0.493718;;;;;;;;;;
1283.624028;0.312035;0.306734;0.405563;0.478125;0.486918;0.495566;0.506940;0.501352;0.516657;0.499762;;;;;;;;;;
1284.588434;0.310879;0.306399;0.403631;0.485505;0.485466;0.501277;0.501883;0.506313;0.509891;0.502610;;;;;;;;;;
1285.552840;0.303052;0.309083;0.397769;0.485654;0.474747;0.513083;0.490469;0.502057;0.491747;0.495401;;;;;;;;;;
1286.517245;0.298555;0.312714;0.402277;0.497457;0.471610;0.509265;0.485069;0.498151;0.489580;0.489396;;;;;;;;;;
1287.481651;0.302104;0.308820;0.401155;0.507060;0.477245;0.491449;0.487259;0.497045;0.498388;0.493819;;;;;;;;;;
1288.446057;0.299255;0.300924;0.384937;0.490417;0.480850;0.481816;0.490000;0.489122;0.500371;0.494964;;;;;;;;;;
1289.410463;0.291749;0.295174;0.379741;0.481243;0.485308;0.477564;0.484712;0.477588;0.490098;0.486538;;;;;;;;;;
1290.374868;0.294311;0.296206;0.392840;0.495488;0.484957;0.470632;0.482655;0.482236;0.481355;0.482859;;;;;;;;;;
1291.339274;0.299361;0.304646;0.402729;0.501732;0.486369;0.468413;0.495545;0.505260;0.485980;0.480667;;;;;;;;;;
1292.303680;0.302527;0.310472;0.403633;0.487301;0.493554;0.477121;0.505658;0.513536;0.488034;0.476421;;;;;;;;;;
1293.268086;0.309318;0.314047;0.405365;0.476817;0.497663;0.497536;0.511096;0.507782;0.484166;0.483692;;;;;;;;;;
1294.232491;0.313711;0.318273;0.405607;0.471679;0.504054;0.505656;0.520259;0.507929;0.491924;0.494619;;;;;;;;;;
1295.196897;0.311402;0.311135;0.397029;0.463275;0.500017;0.490720;0.517157;0.494231;0.503633;0.493977;;;;;;;;;;
1296.161303;0.304181;0.300063;0.388318;0.464190;0.485689;0.478425;0.503761;0.481498;0.501159;0.496584;;;;;;;;;;
1297.125708;0.295945;0.297909;0.390300;0.473147;0.489213;0.481495;0.505404;0.496925;0.493428;0.502867;;;;;;;;;;
1298.090114;0.292913;0.298252;0.396562;0.473868;0.502477;0.492154;0.512301;0.506640;0.492286;0.491093;;;;;;;;;;
1299.054520;0.299286;0.301651;0.395060;0.467289;0.498652;0.493870;0.507124;0.496473;0.489165;0.478535;;;;;;;;;;
1300.018926;0.312902;0.310252;0.388525;0.469905;0.487805;0.493924;0.509379;0.496753;0.489131;0.482398;;;;;;;;;;
1300.983331;0.319738;0.316309;0.391840;0.483512;0.490909;0.502654;0.512618;0.503390;0.498003;0.490976;;;;;;;;;;
1301.947737;0.314139;0.315944;0.399508;0.493330;0.492955;0.498436;0.501466;0.506415;0.497560;0.499908;;;;;;;;;;
1302.912143;0.309295;0.313512;0.400975;0.495721;0.490030;0.487271;0.497537;0.511252;0.489142;0.501248;;;;;;;;;;
1303.876549;0.308490;0.311093;0.407253;0.494014;0.499226;0.493054;0.505087;0.506962;0.491234;0.492405;;;;;;;;;;
1304.840954;0.304431;0.303979;0.409632;0.485708;0.502137;0.501388;0.507155;0.497594;0.497510;0.484609;;;;;;;;;;
1305.805360;0.300286;0.297680;0.401238;0.475315;0.494308;0.498742;0.503322;0.501687;0.490001;0.482397;;;;;;;;;;
1306.769766;0.300181;0.304499;0.398544;0.476251;0.498033;0.503665;0.504459;0.514321;0.485861;0.487907;;;;;;;;;;
1307.734172;0.302475;0.314506;0.397829;0.485101;0.505499;0.509505;0.508625;0.517662;0.497501;0.495845;;;;;;;;;;
1308.698577;0.302532;0.312984;0.402602;0.489058;0.506890;0.496291;0.513141;0.512020;0.497911;0.499854;;;;;;;;;;
1309.662983;0.301501;0.314494;0.411345;0.495251;0.509433;0.489527;0.522166;0.510958;0.497197;0.503397;;;;;;;;;;
1310.627389;0.309259;0.321304;0.407487;0.511782;0.516963;0.501604;0.526107;0.508748;0.508070;0.511145;;;;;;;;;;
1311.591794;0.316221;0.315021;0.403315;0.524064;0.524828;0.503863;0.521079;0.503579;0.507065;0.517522;;;;;;;;;;
1312.556200;0.311409;0.308398;0.404002;0.514501;0.522294;0.495509;0.512198;0.507974;0.501574;0.513130;;;;;;;;;;
1313.520606;0.306055;0.309273;0.399285;0.492115;0.504351;0.499201;0.505603;0.513924;0.496131;0.499349;;;;;;;;;;
1314.485012;0.303476;0.302723;0.391326;0.483179;0.486587;0.505639;0.509471;0.515430;0.485728;0.487411;;;;;;;;;;
1315.449417;0.303468;0.296432;0.392946;0.489563;0.485846;0.501386;0.515472;0.510699;0.481420;0.488990;;;;;;;;;;
1316.413823;0.307827;0.301852;0.401288;0.487675;0.492811;0.495835;0.518045;0.497567;0.484005;0.495222;;;;;;;;;;
1317.378229;0.314442;0.313732;0.399846;0.483320;0.492786;0.495619;0.522690;0.494194;0.494616;0.494907;;;;;;;;;;
1318.342635;0.321720;0.322411;0.401674;0.497255;0.492866;0.505667;0.526449;0.498987;0.506783;0.501038;;;;;;;;;;
1319.307040;0.322915;0.320392;0.407398;0.512595;0.500249;0.516249;0.529598;0.497023;0.507002;0.515520;;;;;;;;;;
1320.271446;0.317097;0.316973;0.404241;0.506934;0.501641;0.514254;0.532749;0.501294;0.504466;0.520910;;;;;;;;;;
1321.235852;0.310887;0.317731;0.408613;0.495829;0.496391;0.509821;0.528881;0.517499;0.508015;0.513921;;;;;;;;;;
1322.200257;0.309861;0.310240;0.416986;0.497089;0.500888;0.505176;0.522303;0.523807;0.508307;0.508016;;;;;;;;;;
1323.164663;0.309712;0.300500;0.410705;0.500405;0.500980;0.499193;0.520832;0.516714;0.504919;0.506211;;;;;;;;;;
1324.129069;0.306030;0.303050;0.397235;0.497197;0.491336;0.499048;0.517481;0.508392;0.507288;0.505840;;;;;;;;;;
1325.093475;0.308461;0.311153;0.394054;0.492330;0.492796;0.504369;0.509497;0.498603;0.511159;0.502408;;;;;;;;;;
1326.057880;0.312366;0.316556;0.400682;0.489759;0.495621;0.507949;0.504142;0.497140;0.507038;0.490633;;;;;;;;;;
1327.022286;0.312647;0.319715;0.407093;0.497444;0.499044;0.507126;0.509668;0.508947;0.501174;0.494437;;;;;;;;;;
1327.986692;0.317654;0.320396;0.419996;0.506697;0.509215;0.512145;0.523807;0.519717;0.510002;0.516837;;;;;;;;;;
1328.951098;0.320126;0.319769;0.428972;0.506617;0.505020;0.523599;0.528645;0.520405;0.524117;0.521445;;;;;;;;;;
1329.915503;0.317795;0.321197;0.417712;0.508281;0.500575;0.525139;0.522941;0.508840;0.518310;0.514357;;;;;;;;;;
1330.879909;0.318419;0.320733;0.411195;0.506261;0.510192;0.517387;0.515381;0.498785;0.499545;0.517837;;;;;;;;;;
1331.844315;0.317717;0.312208;0.411421;0.489655;0.509983;0.511840;0.507388;0.499346;0.488307;0.513252;;;;;;;;;;
1332.808721;0.313401;0.304490;0.399990;0.478819;0.504809;0.503297;0.509855;0.503548;0.493551;0.500910;;;;;;;;;;
1333.773126;0.309391;0.306243;0.393290;0.486183;0.504048;0.495828;0.521227;0.508901;0.503897;0.511039;;;;;;;;;;
1334.737532;0.303184;0.313173;0.396573;0.496044;0.501899;0.502907;0.526828;0.506375;0.501516;0.521375;;;;;;;;;;
1335.701938;0.300395;0.315048;0.402808;0.502651;0.507899;0.515427;0.526264;0.502477;0.499949;0.509821;;;;;;;;;;
1336.666343;0.310144;0.314127;0.411981;0.507666;0.516755;0.516054;0.525644;0.512233;0.507275;0.513413;;;;;;;;;;
1337.630749;0.316741;0.319610;0.412031;0.505877;0.518360;0.505717;0.526778;0.514876;0.512049;0.523755;;;;;;;;;;
1338.595155;0.313400;0.319368;0.403227;0.501578;0.517204;0.499882;0.527580;0.500154;0.512978;0.516853;;;;;;;;;;
1339.559561;0.311785;0.315474;0.400667;0.501551;0.510240;0.505688;0.528438;0.493488;0.506121;0.512148;;;;;;;;;;
1340.523966;0.306794;0.316580;0.405611;0.501774;0.499249;0.514653;0.521870;0.500394;0.494024;0.507075;;;;;;;;;;
1341.488372;0.302079;0.311393;0.411169;0.494422;0.494245;0.518843;0.504393;0.507909;0.491557;0.499736;;;;;;;;;;
1342.452778;0.306314;0.309411;0.417891;0.495096;0.498417;0.517475;0.502453;0.512291;0.504348;0.500692;;;;;;;;;;
1343.417184;0.309423;0.311347;0.416521;0.511207;0.502856;0.517138;0.526385;0.508947;0.516212;0.498369;;;;;;;;;;
1344.381589;0.309767;0.311200;0.400513;0.513392;0.500627;0.516522;0.544820;0.507001;0.509841;0.497558;;;;;;;;;;
1345.345995;0.316404;0.318597;0.399844;0.507160;0.510691;0.513463;0.536897;0.521593;0.506050;0.513726;;;;;;;;;;
1346.310401;0.323280;0.324571;0.419506;0.512174;0.531972;0.514016;0.524964;0.535867;0.514160;0.522807;;;;;;;;;;
1347.274806;0.320506;0.323903;0.427845;0.512484;0.526224;0.515439;0.521140;0.532239;0.515754;0.513269;;;;;;;;;;
1348.239212;0.316112;0.320002;0.423770;0.510863;0.509981;0.514109;0.515208;0.520683;0.512559;0.509420;;;;;;;;;;
1349.203618;0.312359;0.316018;0.416379;0.510818;0.512414;0.508806;0.516764;0.513306;0.505828;0.511079;;;;;;;;;;
1350.168024;0.304941;0.316502;0.405768;0.501601;0.507468;0.506152;0.524817;0.512346;0.502746;0.510825;;;;;;;;;;
1351.132429;0.300648;0.311467;0.400122;0.493478;0.495839;0.510596;0.520480;0.513812;0.507986;0.503913;;;;;;;;;;
1352.096835;0.300666;0.304474;0.406295;0.493153;0.497311;0.514537;0.519361;0.511959;0.511832;0.493851;;;;;;;;;;
1353.061241;0.309326;0.307432;0.417652;0.497711;0.501109;0.522723;0.524730;0.510596;0.513170;0.499365;;;;;;;;;;
1354.025647;0.327641;0.315662;0.423857;0.505628;0.507419;0.532902;0.527048;0.525157;0.508337;0.509758;;;;;;;;;;
1354.990052;0.333677;0.323293;0.428253;0.509487;0.520290;0.534872;0.533818;0.540094;0.510327;0.514137;;;;;;;;;;
1355.954458;0.325446;0.326454;0.427002;0.505616;0.524873;0.531610;0.529447;0.526172;0.516317;0.517621;;;;;;;;;;
1356.918864;0.323662;0.324234;0.417730;0.499596;0.516713;0.526759;0.522150;0.512063;0.516481;0.515833;;;;;;;;;;
1357.883270;0.323050;0.321558;0.411004;0.491013;0.514126;0.527314;0.531221;0.518602;0.521417;0.516354;;;;;;;;;;
1358.847675;0.313818;0.318375;0.405698;0.482605;0.516574;0.528022;0.530111;0.514318;0.509558;0.524646;;;;;;;;;;
1359.812081;0.307285;0.309522;0.403985;0.490377;0.509457;0.516072;0.521867;0.498859;0.493495;0.533122;;;;;;;;;;
1360.776487;0.308620;0.306585;0.410360;0.504411;0.509013;0.502850;0.531576;0.505715;0.497818;0.530225;;;;;;;;;;
1361.740892;0.312371;0.316472;0.417014;0.506374;0.514710;0.504394;0.539835;0.525742;0.505212;0.512956;;;;;;;;;;
1362.705298;0.314917;0.319513;0.418409;0.507499;0.509581;0.518589;0.535501;0.535841;0.517901;0.506009;;;;;;;;;;
1363.669704;0.318018;0.318246;0.417758;0.506733;0.507337;0.529506;0.537294;0.533355;0.528547;0.518701;;;;;;;;;;
1364.634110;0.324489;0.326352;0.420564;0.502319;0.507874;0.526200;0.548246;0.522336;0.527506;0.522313;;;;;;;;;;
1365.598515;0.324199;0.328389;0.425600;0.500658;0.510112;0.518822;0.549618;0.521000;0.518807;0.514542;;;;;;;;;;
1366.562921;0.315630;0.318645;0.428697;0.501476;0.518265;0.511842;0.532306;0.526276;0.507436;0.515238;;;;;;;;;;
1367.527327;0.315519;0.313697;0.422967;0.507817;0.515269;0.502902;0.521180;0.526722;0.509162;0.510712;;;;;;;;;;
1368.491733;0.324732;0.317323;0.415520;0.516767;0.508695;0.503742;0.529780;0.531029;0.514709;0.503759;;;;;;;;;;
1369.456138;0.326744;0.318556;0.418939;0.519997;0.504904;0.511395;0.534392;0.528130;0.518555;0.517739;;;;;;;;;;
1370.420544;0.317342;0.315223;0.418660;0.515536;0.499048;0.516265;0.529677;0.520360;0.522267;0.524747;;;;;;;;;;
1371.384950;0.309807;0.312707;0.414404;0.517032;0.511309;0.524385;0.527597;0.518146;0.516715;0.513942;;;;;;;;;;
1372.349355;0.313914;0.316061;0.420820;0.522993;0.531003;0.531718;0.532655;0.513360;0.514815;0.524821;;;;;;;;;;
1373.313761;0.321390;0.323150;0.424124;0.518202;0.531695;0.533823;0.542621;0.516413;0.516823;0.539509;;;;;;;;;;
1374.278167;0.318467;0.321122;0.418023;0.513731;0.531635;0.530010;0.539589;0.525996;0.511453;0.527542;;;;;;;;;;
1375.242573;0.311550;0.318209;0.417421;0.514835;0.539463;0.523878;0.531132;0.529679;0.506626;0.521605;;;;;;;;;;
1376.206978;0.308751;0.324802;0.419120;0.518616;0.534927;0.521805;0.534067;0.531266;0.506262;0.526074;;;;;;;;;;
1377.171384;0.303988;0.323826;0.409628;0.513826;0.520682;0.518823;0.535073;0.528589;0.506875;0.518787;;;;;;;;;;
1378.135790;0.305857;0.317709;0.400167;0.497866;0.514069;0.519935;0.530332;0.521784;0.503944;0.506835;;;;;;;;;;
1379.100196;0.313610;0.317708;0.407832;0.501897;0.516833;0.525002;0.525072;0.518923;0.499764;0.501991;;;;;;;;;;
1380.064601;0.313429;0.315886;0.424174;0.518308;0.529403;0.529933;0.526859;0.526994;0.507528;0.503864;;;;;;;;;;
1381.029007;0.318057;0.317911;0.432577;0.518594;0.538950;0.540735;0.540141;0.531623;0.526661;0.506386;;;;;;;;;;
1381.993413;0.326790;0.322382;0.428678;0.508856;0.526862;0.544915;0.538217;0.519288;0.541142;0.510727;;;;;;;;;;
1382.957819;0.328024;0.317015;0.422864;0.503766;0.516012;0.536134;0.522440;0.514341;0.539896;0.519037;;;;;;;;;;
1383.922224;0.328706;0.316836;0.424946;0.508216;0.526488;0.527610;0.528620;0.522672;0.523201;0.525951;;;;;;;;;;
1384.886630;0.326229;0.323142;0.431859;0.508407;0.540589;0.524424;0.540992;0.533974;0.513514;0.529040;;;;;;;;;;
1385.851036;0.321431;0.317729;0.436708;0.506051;0.539944;0.524963;0.537924;0.546435;0.525979;0.528652;;;;;;;;;;
1386.815441;0.316658;0.312878;0.428649;0.509351;0.529004;0.524608;0.536207;0.540663;0.537866;0.528750;;;;;;;;;;
1387.779847;0.314336;0.319131;0.412512;0.509272;0.523670;0.518702;0.541337;0.535322;0.539955;0.529070;;;;;;;;;;
1388.744253;0.324150;0.325229;0.417349;0.517099;0.530367;0.514836;0.549509;0.544104;0.542947;0.526030;;;;;;;;;;
1389.708659;0.330260;0.325956;0.436464;0.524551;0.539143;0.522945;0.544396;0.527684;0.529411;0.521619;;;;;;;;;;
1390.673064;0.323256;0.323843;0.437473;0.513203;0.537283;0.528005;0.531752;0.512970;0.512476;0.524999;;;;;;;;;;
1391.637470;0.319440;0.322116;0.425464;0.513671;0.530993;0.517277;0.537676;0.535562;0.520372;0.537695;;;;;;;;;;
1392.601876;0.317632;0.315299;0.413894;0.524165;0.527031;0.515168;0.542331;0.550873;0.524748;0.536031;;;;;;;;;;
1393.566282;0.311242;0.308828;0.406506;0.511673;0.519216;0.526452;0.539691;0.541460;0.510907;0.521058;;;;;;;;;;
1394.530687;0.307335;0.316552;0.414022;0.504470;0.519266;0.530105;0.547350;0.539450;0.504946;0.520080;;;;;;;;;;
1395.495093;0.311144;0.321750;0.423926;0.523435;0.530247;0.530864;0.553036;0.547494;0.512935;0.530495;;;;;;;;;;
1396.459499;0.315627;0.317937;0.423855;0.532528;0.531997;0.529953;0.547573;0.548167;0.528829;0.535845;;;;;;;;;;
1397.423905;0.314980;0.321988;0.421002;0.522297;0.531617;0.523908;0.532925;0.538447;0.537452;0.528539;;;;;;;;;;
1398.388310;0.318165;0.326768;0.423051;0.519642;0.537633;0.531188;0.528602;0.531844;0.528926;0.523302;;;;;;;;;;
1399.352716;0.323793;0.325050;0.425676;0.521135;0.529690;0.547528;0.542406;0.535584;0.524443;0.532944;;;;;;;;;;
1400.317122;0.321075;0.328571;0.417083;0.515902;0.522832;0.551765;0.550217;0.541739;0.533200;0.534061;;;;;;;;;;
1401.281527;0.319285;0.335317;0.412923;0.517849;0.539746;0.543615;0.544745;0.540162;0.536996;0.527797;;;;;;;;;;
1402.245933;0.325534;0.332983;0.421648;0.516017;0.551407;0.533469;0.535498;0.538031;0.527683;0.531978;;;;;;;;;;
1403.210339;0.330138;0.322377;0.423079;0.509410;0.541056;0.532778;0.532977;0.540322;0.523403;0.531426;;;;;;;;;;
1404.174745;0.323723;0.318319;0.421446;0.515327;0.526403;0.538812;0.536278;0.532198;0.527005;0.526483;;;;;;;;;;
1405.139150;0.315864;0.323960;0.427948;0.521291;0.523594;0.541597;0.536851;0.522716;0.530907;0.529918;;;;;;;;;;
1406.103556;0.318012;0.325721;0.430742;0.526870;0.531347;0.541305;0.537089;0.522845;0.542758;0.527695;;;;;;;;;;
1407.067962;0.318486;0.321920;0.428722;0.530759;0.525809;0.541793;0.539418;0.525670;0.542813;0.521704;;;;;;;;;;
1408.032368;0.316666;0.320788;0.427326;0.525682;0.521869;0.544290;0.541351;0.534709;0.528595;0.524366;;;;;;;;;;
1408.996773;0.317935;0.323888;0.426773;0.522437;0.537771;0.544663;0.541873;0.542484;0.533063;0.527770;;;;;;;;;;
1409.961179;0.312978;0.323760;0.429068;0.516301;0.544772;0.542357;0.549753;0.540485;0.539457;0.529467;;;;;;;;;;
1410.925585;0.311162;0.320631;0.432619;0.511823;0.540186;0.543614;0.560275;0.530370;0.535254;0.534640;;;;;;;;;;
1411.889990;0.317526;0.320066;0.435634;0.517549;0.532388;0.541887;0.554488;0.522592;0.534508;0.538855;;;;;;;;;;
1412.854396;0.321424;0.319387;0.437820;0.525185;0.518786;0.532668;0.542856;0.531731;0.521301;0.538540;;;;;;;;;;
1413.818802;0.324454;0.320981;0.434308;0.526374;0.519659;0.531604;0.543849;0.540291;0.509923;0.534374;;;;;;;;;;
1414.783208;0.323550;0.323778;0.426023;0.518931;0.533403;0.538934;0.554122;0.539080;0.520837;0.527506;;;;;;;;;;
1415.747613;0.320553;0.328311;0.424797;0.515389;0.539058;0.543791;0.553425;0.548197;0.526115;0.522919;;;;;;;;;;
1416.712019;0.326482;0.333831;0.428495;0.517376;0.544212;0.546132;0.544021;0.553213;0.520776;0.520251;;;;;;;;;;
1417.676425;0.334955;0.328033;0.422108;0.521173;0.554440;0.545201;0.548230;0.542276;0.525040;0.522612;;;;;;;;;;
1418.640831;0.333393;0.323585;0.418457;0.527504;0.551387;0.543495;0.554152;0.541498;0.530460;0.541455;;;;;;;;;;
1419.605236;0.324788;0.327097;0.429602;0.533717;0.532763;0.541194;0.552223;0.549887;0.530385;0.550372;;;;;;;;;;
1420.569642;0.319193;0.321885;0.434416;0.542881;0.523906;0.543599;0.551561;0.543560;0.534140;0.532909;;;;;;;;;;
1421.534048;0.314660;0.311700;0.430401;0.538911;0.528311;0.548140;0.548234;0.530504;0.536602;0.524552;;;;;;;;;;
1422.498454;0.313190;0.306889;0.425466;0.526474;0.525305;0.538165;0.544090;0.528900;0.529996;0.529062;;;;;;;;;;
1423.462859;0.317502;0.315981;0.421626;0.528484;0.516143;0.530614;0.535690;0.540833;0.523797;0.534893;;;;;;;;;;
1424.427265;0.313458;0.326710;0.420921;0.524840;0.521897;0.537121;0.534332;0.547930;0.527465;0.544704;;;;;;;;;;
1425.391671;0.306700;0.323356;0.418130;0.522835;0.530469;0.538581;0.548822;0.543427;0.530608;0.552672;;;;;;;;;;
1426.356076;0.317349;0.321659;0.419620;0.539358;0.537150;0.540169;0.555259;0.544421;0.527610;0.548557;;;;;;;;;;
1427.320482;0.331448;0.326690;0.428429;0.538083;0.551637;0.545910;0.552960;0.550135;0.527829;0.528829;;;;;;;;;;
1428.284888;0.334565;0.324723;0.433786;0.519586;0.551561;0.539798;0.551650;0.547974;0.538897;0.516824;;;;;;;;;;
1429.249294;0.331595;0.317462;0.440041;0.514399;0.539415;0.531252;0.550423;0.547983;0.560770;0.527857;;;;;;;;;;
1430.213699;0.321614;0.315516;0.439683;0.513008;0.534540;0.540562;0.548125;0.554551;0.567266;0.534784;;;;;;;;;;
1431.178105;0.321874;0.321012;0.426990;0.511792;0.530378;0.552419;0.539851;0.557992;0.559625;0.531979;;;;;;;;;;
1432.142511;0.335510;0.327335;0.425345;0.513825;0.534998;0.548040;0.543809;0.562366;0.565823;0.539634;;;;;;;;;;
1433.106917;0.336046;0.330384;0.433338;0.510393;0.544846;0.548379;0.556660;0.569689;0.557234;0.547686;;;;;;;;;;
1434.071322;0.328756;0.333239;0.432741;0.516163;0.541283;0.560820;0.558734;0.571952;0.534354;0.546446;;;;;;;;;;
1435.035728;0.329098;0.334152;0.425197;0.530941;0.532646;0.562592;0.557685;0.562677;0.542092;0.544515;;;;;;;;;;
1436.000134;0.327356;0.333372;0.420531;0.530660;0.526966;0.560774;0.544271;0.544979;0.562463;0.545435;;;;;;;;;;
1436.964539;0.323106;0.335583;0.423422;0.524676;0.525675;0.566830;0.534245;0.538988;0.553307;0.548976;;;;;;;;;;
1437.928945;0.323618;0.332125;0.429401;0.525940;0.529159;0.558736;0.548242;0.545506;0.534936;0.546119;;;;;;;;;;
1438.893351;0.320623;0.324603;0.435152;0.525812;0.529902;0.538474;0.549389;0.550373;0.531258;0.539130;;;;;;;;;;
1439.857757;0.317384;0.319873;0.432599;0.526553;0.530883;0.524089;0.540806;0.547489;0.532421;0.541703;;;;;;;;;;
1440.822162;0.321603;0.314400;0.427569;0.530595;0.535385;0.521828;0.550779;0.535998;0.532359;0.539570;;;;;;;;;;
1441.786568;0.323272;0.318096;0.438613;0.533474;0.536925;0.534061;0.559218;0.533729;0.540673;0.528800;;;;;;;;;;
1442.750974;0.324895;0.329650;0.453876;0.533394;0.539352;0.553475;0.556322;0.537886;0.545469;0.534779;;;;;;;;;;
1443.715380;0.330456;0.330065;0.452705;0.531968;0.540248;0.561882;0.559292;0.533319;0.541806;0.550713;;;;;;;;;;
1444.679785;0.329708;0.327653;0.442089;0.533681;0.535599;0.560082;0.566531;0.537980;0.541509;0.553868;;;;;;;;;;
1445.644191;0.324937;0.330536;0.437147;0.539736;0.537768;0.558274;0.566747;0.552055;0.539805;0.547685;;;;;;;;;;
1446.608597;0.321238;0.329328;0.437885;0.542593;0.543799;0.554302;0.562473;0.553096;0.534639;0.545726;;;;;;;;;;
1447.573003;0.321992;0.323883;0.439626;0.531055;0.547058;0.548860;0.555877;0.549843;0.529421;0.544164;;;;;;;;;;
1448.537408;0.331361;0.321058;0.438143;0.518457;0.549688;0.550425;0.549078;0.552169;0.532966;0.538672;;;;;;;;;;
1449.501814;0.338672;0.327220;0.432906;0.530685;0.548801;0.558219;0.552759;0.547203;0.547985;0.536379;;;;;;;;;;
1450.466220;0.333944;0.333915;0.430311;0.543531;0.544607;0.555322;0.562039;0.539945;0.553400;0.533045;;;;;;;;;;
1451.430625;0.325474;0.328328;0.425708;0.529375;0.533601;0.543857;0.562313;0.542873;0.542797;0.531957;;;;;;;;;;
1452.395031;0.325785;0.324299;0.421779;0.519198;0.532138;0.546081;0.552168;0.550672;0.533847;0.541378;;;;;;;;;;
1453.359437;0.328700;0.331242;0.429126;0.522412;0.547637;0.545835;0.548014;0.558190;0.536218;0.548851;;;;;;;;;;
1454.323843;0.327052;0.334539;0.441901;0.524904;0.549594;0.534441;0.559418;0.560822;0.539272;0.544983;;;;;;;;;;
1455.288248;0.322990;0.326145;0.445551;0.523186;0.546436;0.536956;0.561877;0.557118;0.533439;0.542722;;;;;;;;;;
1456.252654;0.312709;0.319866;0.433692;0.521136;0.555501;0.547609;0.544784;0.552911;0.537552;0.552165;;;;;;;;;;
1457.217060;0.311470;0.327094;0.428012;0.532786;0.552153;0.550207;0.543456;0.556450;0.554452;0.550062;;;;;;;;;;
1458.181466;0.324594;0.331136;0.431435;0.537914;0.545943;0.556329;0.558934;0.564126;0.556204;0.543302;;;;;;;;;;
1459.145871;0.330493;0.330368;0.431353;0.536258;0.547040;0.570033;0.564455;0.559744;0.547173;0.554362;;;;;;;;;;
1460.110277;0.331854;0.332467;0.436850;0.545348;0.544165;0.576123;0.560894;0.555769;0.545299;0.558635;;;;;;;;;;
1461.074683;0.332111;0.332751;0.440891;0.545071;0.546060;0.562038;0.558887;0.562179;0.553608;0.555707;;;;;;;;;;
1462.039089;0.326975;0.330694;0.433122;0.540073;0.547605;0.548743;0.558383;0.561541;0.556594;0.560909;;;;;;;;;;
1463.003494;0.323887;0.323820;0.425171;0.540596;0.536502;0.546283;0.562393;0.558329;0.548731;0.557365;;;;;;;;;;
1463.967900;0.320044;0.317586;0.425576;0.531626;0.535237;0.533519;0.568081;0.563531;0.542179;0.547236;;;;;;;;;;
1464.932306;0.312668;0.321528;0.429863;0.524140;0.548434;0.526266;0.561185;0.564549;0.535148;0.544769;;;;;;;;;;
1465.896711;0.310428;0.325794;0.432612;0.528931;0.546710;0.543038;0.552046;0.551365;0.527420;0.543435;;;;;;;;;;
1466.861117;0.316601;0.327316;0.432078;0.539914;0.537012;0.556244;0.551571;0.542740;0.532252;0.540102;;;;;;;;;;
1467.825523;0.321024;0.325215;0.429925;0.544897;0.536176;0.557116;0.553914;0.547385;0.543881;0.541042;;;;;;;;;;
1468.789929;0.317223;0.320774;0.431350;0.536107;0.543335;0.556391;0.564916;0.545558;0.545816;0.542250;;;;;;;;;;
1469.754334;0.318820;0.325498;0.431616;0.533657;0.556323;0.555010;0.576912;0.539566;0.544823;0.546423;;;;;;;;;;
1470.718740;0.325286;0.331484;0.431985;0.534251;0.564077;0.550336;0.567913;0.548387;0.541774;0.558507;;;;;;;;;;
1471.683146;0.325619;0.328838;0.437025;0.526460;0.557519;0.546246;0.553903;0.567971;0.538138;0.560305;;;;;;;;;;
1472.647552;0.320997;0.324478;0.438412;0.528985;0.550174;0.554752;0.556722;0.567385;0.552904;0.558950;;;;;;;;;;
1473.611957;0.316786;0.326113;0.436130;0.530907;0.550947;0.557923;0.558106;0.544307;0.562211;0.564681;;;;;;;;;;
1474.576363;0.318542;0.333022;0.433490;0.529278;0.546038;0.547906;0.548113;0.538755;0.547491;0.556049;;;;;;;;;;
1475.540769;0.322453;0.332881;0.433046;0.539724;0.536026;0.543741;0.545324;0.549261;0.538022;0.546597;;;;;;;;;;
1476.505174;0.319891;0.324701;0.433394;0.537208;0.535331;0.541860;0.553581;0.544393;0.537835;0.542993;;;;;;;;;;
1477.469580;0.318106;0.324116;0.433147;0.526919;0.543541;0.543430;0.560511;0.533880;0.535322;0.533535;;;;;;;;;;
1478.433986;0.327153;0.332553;0.441358;0.535380;0.557379;0.551095;0.569311;0.544267;0.540399;0.538336;;;;;;;;;;
1479.398392;0.332892;0.336921;0.450865;0.542379;0.567503;0.553557;0.573802;0.560552;0.552729;0.555003;;;;;;;;;;
1480.362797;0.327343;0.333846;0.450382;0.541084;0.564772;0.552656;0.565722;0.557949;0.555958;0.556963;;;;;;;;;;
1481.327203;0.327412;0.331899;0.446689;0.541338;0.561610;0.555746;0.562873;0.551531;0.551830;0.551175;;;;;;;;;;
1482.291609;0.331724;0.330465;0.446216;0.534098;0.556573;0.561062;0.564388;0.552681;0.547886;0.552555;;;;;;;;;;
1483.256015;0.330770;0.330944;0.445597;0.524779;0.544188;0.561124;0.558549;0.549933;0.547565;0.554518;;;;;;;;;;
1484.220420;0.326780;0.335774;0.440179;0.527883;0.539870;0.556519;0.559425;0.552119;0.553334;0.546522;;;;;;;;;;
1485.184826;0.322562;0.337167;0.431650;0.537059;0.544271;0.553583;0.566798;0.566826;0.549193;0.537651;;;;;;;;;;
1486.149232;0.323220;0.336824;0.428979;0.540557;0.547739;0.559036;0.560925;0.567397;0.545222;0.538412;;;;;;;;;;
1487.113638;0.326936;0.338217;0.442531;0.541314;0.547930;0.567074;0.554401;0.553121;0.556707;0.537696;;;;;;;;;;
1488.078043;0.330515;0.338240;0.455452;0.541221;0.548823;0.553289;0.562557;0.554629;0.555475;0.538664;;;;;;;;;;
1489.042449;0.334671;0.336528;0.447249;0.538024;0.555594;0.532563;0.566548;0.559979;0.546806;0.550423;;;;;;;;;;
1490.006855;0.335234;0.335538;0.437869;0.534028;0.557476;0.535584;0.565219;0.556490;0.543240;0.558297;;;;;;;;;;
1490.971260;0.331370;0.334572;0.438625;0.528563;0.552378;0.548877;0.561971;0.554221;0.530217;0.556809;;;;;;;;;;
1491.935666;0.326955;0.327359;0.436894;0.523477;0.547788;0.550945;0.548235;0.546594;0.525393;0.548445;;;;;;;;;;
1492.900072;0.327477;0.317427;0.434827;0.522786;0.542620;0.548540;0.539936;0.536898;0.538290;0.541567;;;;;;;;;;
1493.864478;0.331762;0.317749;0.436819;0.530998;0.545835;0.548749;0.548644;0.540632;0.552376;0.546871;;;;;;;;;;
1494.828883;0.330202;0.328664;0.436185;0.539826;0.546727;0.548790;0.564062;0.557022;0.551465;0.552347;;;;;;;;;;
1495.793289;0.327905;0.333017;0.429030;0.535855;0.535557;0.549704;0.567389;0.564994;0.537749;0.555543;;;;;;;;;;
1496.757695;0.329196;0.327562;0.429551;0.533117;0.538122;0.550931;0.556354;0.559764;0.540315;0.556698;;;;;;;;;;
1497.722101;0.324561;0.327637;0.444475;0.536735;0.550082;0.550607;0.551365;0.563647;0.555236;0.554947;;;;;;;;;;
1498.686506;0.324543;0.329668;0.450266;0.541930;0.554504;0.560500;0.557077;0.562335;0.559434;0.558094;;;;;;;;;;
1499.650912;0.331827;0.332408;0.439431;0.551383;0.559516;0.570118;0.566413;0.554417;0.560565;0.553722;;;;;;;;;;
1500.615318;0.331938;0.335623;0.433871;0.552213;0.565866;0.559313;0.564622;0.558860;0.561617;0.547808;;;;;;;;;;
1501.579723;0.336220;0.331032;0.434584;0.546951;0.562684;0.554747;0.560950;0.554359;0.552529;0.551849;;;;;;;;;;
1502.544129;0.345338;0.327442;0.438735;0.549946;0.559637;0.559766;0.567634;0.546334;0.546963;0.551198;;;;;;;;;;
1503.508535;0.341783;0.331403;0.442982;0.558917;0.570891;0.546406;0.565645;0.558375;0.551118;0.552373;;;;;;;;;;
1504.472941;0.332689;0.335508;0.440207;0.567469;0.573686;0.536070;0.561727;0.573997;0.548172;0.568753;;;;;;;;;;
1505.437346;0.325806;0.335777;0.444370;0.572037;0.560679;0.543905;0.567794;0.574155;0.547894;0.587678;;;;;;;;;;
1506.401752;0.321056;0.335937;0.452501;0.563839;0.561060;0.549863;0.567053;0.559454;0.555616;0.578349;;;;;;;;;;
1507.366158;0.326747;0.339560;0.445665;0.544317;0.564734;0.555136;0.561556;0.558187;0.550175;0.549828;;;;;;;;;;
1508.330564;0.338238;0.343509;0.438148;0.540395;0.563215;0.564850;0.560516;0.573785;0.552969;0.542626;;;;;;;;;;
1509.294969;0.339124;0.344684;0.435735;0.544794;0.561575;0.570765;0.562853;0.569877;0.565034;0.548664;;;;;;;;;;
1510.259375;0.329552;0.339618;0.440572;0.535559;0.551683;0.568556;0.570125;0.553232;0.562563;0.551704;;;;;;;;;;
1511.223781;0.326840;0.334905;0.452240;0.535140;0.542408;0.565376;0.580176;0.553070;0.554879;0.555129;;;;;;;;;;
1512.188187;0.329916;0.335243;0.457440;0.551288;0.540359;0.562478;0.581964;0.555132;0.548345;0.548840;;;;;;;;;;
1513.152592;0.327305;0.330481;0.456633;0.555701;0.545645;0.555881;0.574065;0.548630;0.541104;0.540387;;;;;;;;;;
1514.116998;0.328773;0.325111;0.452486;0.549033;0.555480;0.554572;0.568337;0.556772;0.538560;0.547223;;;;;;;;;;
1515.081404;0.334336;0.326503;0.448084;0.550389;0.552948;0.553636;0.571490;0.573165;0.541589;0.561602;;;;;;;;;;
1516.045809;0.329332;0.329637;0.448314;0.553065;0.539807;0.541774;0.578812;0.573459;0.543696;0.573187;;;;;;;;;;
1517.010215;0.321767;0.337117;0.444416;0.544402;0.538003;0.537600;0.573462;0.570195;0.543259;0.565681;;;;;;;;;;
1517.974621;0.323264;0.343773;0.441177;0.535466;0.550832;0.551780;0.565332;0.566775;0.548259;0.546570;;;;;;;;;;
1518.939027;0.326369;0.340408;0.440873;0.534106;0.558445;0.560148;0.573615;0.557158;0.552393;0.551007;;;;;;;;;;
1519.903432;0.325245;0.338541;0.436601;0.536841;0.557362;0.565597;0.580691;0.551136;0.554662;0.566757;;;;;;;;;;
1520.867838;0.328051;0.344699;0.439459;0.540707;0.560678;0.572984;0.574031;0.549597;0.564311;0.565843;;;;;;;;;;
1521.832244;0.337935;0.341216;0.446285;0.543706;0.563846;0.561221;0.570979;0.553808;0.569445;0.565168;;;;;;;;;;
1522.796650;0.335244;0.333701;0.451097;0.546187;0.564015;0.560480;0.577436;0.562072;0.561662;0.565799;;;;;;;;;;
1523.761055;0.324623;0.336163;0.458442;0.546752;0.566708;0.573193;0.580242;0.566199;0.554115;0.557772;;;;;;;;;;
1524.725461;0.325790;0.336308;0.456369;0.552316;0.560868;0.567200;0.572262;0.563862;0.559691;0.556742;;;;;;;;;;
1525.689867;0.327106;0.333231;0.444597;0.560604;0.547493;0.558491;0.565710;0.549974;0.565373;0.559359;;;;;;;;;;
1526.654272;0.324231;0.334533;0.437640;0.549457;0.546336;0.558899;0.567714;0.542912;0.563138;0.553043;;;;;;;;;;
1527.618678;0.330065;0.333118;0.441998;0.528835;0.554852;0.564299;0.574570;0.556316;0.564014;0.549877;;;;;;;;;;
1528.583084;0.333385;0.330603;0.450086;0.529038;0.555621;0.569830;0.582823;0.562825;0.552113;0.553289;;;;;;;;;;
1529.547490;0.333695;0.330982;0.451112;0.544305;0.552499;0.564885;0.579851;0.559690;0.540458;0.555969;;;;;;;;;;
1530.511895;0.337194;0.336264;0.450826;0.549105;0.561353;0.560078;0.566924;0.562790;0.549739;0.555361;;;;;;;;;;
1531.476301;0.335677;0.340560;0.447646;0.545376;0.572574;0.560240;0.564130;0.563630;0.555718;0.552829;;;;;;;;;;
1532.440707;0.334410;0.334710;0.442183;0.543921;0.569236;0.560824;0.565940;0.565809;0.556164;0.555296;;;;;;;;;;
1533.405113;0.334728;0.330395;0.442459;0.548005;0.562736;0.563249;0.558801;0.567227;0.562195;0.566020;;;;;;;;;;
1534.369518;0.332173;0.331527;0.444515;0.555416;0.562197;0.570242;0.560756;0.561935;0.561694;0.573314;;;;;;;;;;
1535.333924;0.331686;0.327968;0.445002;0.549257;0.558795;0.571636;0.571590;0.561562;0.554510;0.565291;;;;;;;;;;
1536.298330;0.332619;0.327001;0.442930;0.541708;0.555018;0.559927;0.574427;0.560833;0.551091;0.555028;;;;;;;;;;
1537.262736;0.331401;0.334311;0.442459;0.549958;0.552536;0.549463;0.573903;0.554138;0.562776;0.559701;;;;;;;;;;
1538.227141;0.324961;0.335948;0.438406;0.549641;0.548722;0.539309;0.573815;0.554251;0.582148;0.574733;;;;;;;;;;
1539.191547;0.321184;0.329841;0.430128;0.542773;0.554156;0.540093;0.570063;0.563029;0.579875;0.583887;;;;;;;;;;
1540.155953;0.325263;0.331002;0.436760;0.541860;0.559085;0.558158;0.571426;0.560392;0.562278;0.576754;;;;;;;;;;
1541.120358;0.326187;0.333722;0.445128;0.528677;0.547886;0.555049;0.577518;0.554368;0.559585;0.568051;;;;;;;;;;
1542.084764;0.328447;0.339539;0.451123;0.524189;0.539614;0.552262;0.574702;0.554997;0.567062;0.569122;;;;;;;;;;
1543.049170;0.333992;0.348262;0.458611;0.538259;0.545395;0.572050;0.569508;0.560426;0.564777;0.574619;;;;;;;;;;
1544.013576;0.331438;0.348760;0.450079;0.547872;0.551016;0.569160;0.568091;0.573666;0.557261;0.571789;;;;;;;;;;
1544.977981;0.324952;0.344410;0.439647;0.551574;0.547803;0.550009;0.564242;0.572330;0.556346;0.559335;;;;;;;;;;
1545.942387;0.328320;0.341141;0.448552;0.557875;0.546394;0.556646;0.565052;0.565342;0.559614;0.548265;;;;;;;;;;
1546.906793;0.334295;0.341638;0.453479;0.558988;0.555261;0.569812;0.567887;0.580362;0.558821;0.538808;;;;;;;;;;
1547.871199;0.336576;0.341592;0.450062;0.549028;0.558567;0.571609;0.573552;0.585321;0.551185;0.540047;;;;;;;;;;
1548.835604;0.342205;0.337229;0.451434;0.544026;0.556136;0.571587;0.585557;0.575381;0.545878;0.556178;;;;;;;;;;
1549.800010;0.346392;0.336364;0.443361;0.549129;0.561206;0.567667;0.583640;0.570549;0.548087;0.571064;;;;;;;;;;
1550.764416;0.343317;0.334526;0.432909;0.551299;0.562758;0.564518;0.569671;0.562872;0.548395;0.578294;;;;;;;;;;
1551.728822;0.339961;0.328875;0.435603;0.549034;0.559515;0.571073;0.555385;0.560966;0.547186;0.573324;;;;;;;;;;
1552.693227;0.335728;0.326853;0.440067;0.553581;0.558416;0.574299;0.551071;0.562294;0.545909;0.564897;;;;;;;;;;
1553.657633;0.324478;0.329507;0.444466;0.561526;0.561289;0.564032;0.572281;0.560437;0.548340;0.565685;;;;;;;;;;
1554.622039;0.319334;0.338620;0.446013;0.558466;0.570773;0.558348;0.585219;0.563150;0.567928;0.567279;;;;;;;;;;
1555.586444;0.329393;0.345519;0.440108;0.555419;0.573046;0.561235;0.574314;0.557224;0.579861;0.569645;;;;;;;;;;
1556.550850;0.336374;0.338566;0.435681;0.547386;0.563985;0.559119;0.565406;0.557341;0.561485;0.574581;;;;;;;;;;
1557.515256;0.332876;0.330874;0.433641;0.533054;0.550808;0.561169;0.549315;0.580467;0.541520;0.579377;;;;;;;;;;
1558.479662;0.328574;0.338442;0.434912;0.534379;0.541199;0.567221;0.545074;0.582433;0.546044;0.585723;;;;;;;;;;
1559.444067;0.328164;0.340109;0.441692;0.534736;0.542549;0.559347;0.563173;0.562685;0.552096;0.581091;;;;;;;;;;
1560.408473;0.330134;0.333423;0.448407;0.534957;0.548225;0.552390;0.574762;0.562229;0.553715;0.561401;;;;;;;;;;
1561.372879;0.331138;0.333463;0.449904;0.543230;0.556616;0.559310;0.583143;0.568854;0.561733;0.549150;;;;;;;;;;
1562.337285;0.334573;0.331319;0.445417;0.541656;0.567956;0.564104;0.576056;0.569809;0.562502;0.543933;;;;;;;;;;
1563.301690;0.339901;0.329391;0.442153;0.533647;0.567873;0.556493;0.561529;0.568951;0.556755;0.542971;;;;;;;;;;
1564.266096;0.345424;0.334915;0.447391;0.539031;0.566977;0.554553;0.574264;0.567921;0.553691;0.556176;;;;;;;;;;
1565.230502;0.348717;0.339714;0.451949;0.554951;0.580864;0.557078;0.588382;0.563254;0.551968;0.560960;;;;;;;;;;
1566.194907;0.343112;0.339390;0.453725;0.555175;0.584666;0.548350;0.582308;0.558482;0.555960;0.552140;;;;;;;;;;
1567.159313;0.339753;0.340548;0.458257;0.545711;0.572391;0.547672;0.579447;0.564628;0.562481;0.561433;;;;;;;;;;
1568.123719;0.341036;0.346841;0.459216;0.551165;0.567290;0.564174;0.581917;0.582226;0.572519;0.579998;;;;;;;;;;
1569.088125;0.338263;0.347483;0.461759;0.571303;0.573980;0.579750;0.579510;0.588368;0.579391;0.584176;;;;;;;;;;
1570.052530;0.335602;0.339172;0.467777;0.576704;0.578731;0.574103;0.575181;0.571473;0.570313;0.567684;;;;;;;;;;
1571.016936;0.332640;0.333577;0.465309;0.556573;0.571655;0.555834;0.577191;0.560123;0.568280;0.547391;;;;;;;;;;
1571.981342;0.332927;0.335318;0.454182;0.544408;0.567559;0.552206;0.578416;0.562131;0.570821;0.547462;;;;;;;;;;
1572.945748;0.336557;0.340482;0.440417;0.546483;0.567955;0.564142;0.569421;0.566593;0.561181;0.552679;;;;;;;;;;
1573.910153;0.334123;0.339874;0.437201;0.554993;0.553259;0.573232;0.561077;0.567448;0.555548;0.546295;;;;;;;;;;
1574.874559;0.331259;0.338497;0.448012;0.568939;0.544673;0.568347;0.565987;0.558849;0.553173;0.553809;;;;;;;;;;
1575.838965;0.334708;0.344325;0.459694;0.573734;0.564052;0.558688;0.580037;0.547792;0.548140;0.571926;;;;;;;;;;
1576.803371;0.339492;0.350652;0.457187;0.566077;0.573337;0.570528;0.588209;0.550646;0.553434;0.563738;;;;;;;;;;
1577.767776;0.341277;0.354835;0.452106;0.547356;0.568117;0.589166;0.589261;0.558341;0.556915;0.549346;;;;;;;;;;
1578.732182;0.343336;0.356278;0.455635;0.536639;0.574157;0.587382;0.590677;0.558340;0.557635;0.543028;;;;;;;;;;
1579.696588;0.347737;0.351472;0.455477;0.547928;0.578317;0.578993;0.593777;0.558441;0.565261;0.537853;;;;;;;;;;
1580.660993;0.347910;0.341579;0.455498;0.554243;0.568357;0.580830;0.590349;0.564535;0.560187;0.540636;;;;;;;;;;
1581.625399;0.341802;0.333782;0.460061;0.554431;0.560903;0.578756;0.583482;0.568437;0.546124;0.549673;;;;;;;;;;
1582.589805;0.335670;0.333724;0.454087;0.554326;0.565472;0.569909;0.576519;0.565945;0.544662;0.548499;;;;;;;;;;
1583.554211;0.332551;0.339206;0.450001;0.544584;0.570289;0.563292;0.566430;0.562556;0.546900;0.539517;;;;;;;;;;
1584.518616;0.334969;0.342282;0.449318;0.539057;0.573710;0.561802;0.569186;0.562619;0.547945;0.535876;;;;;;;;;;
1585.483022;0.340681;0.339299;0.444067;0.546664;0.578555;0.567446;0.576681;0.565054;0.553399;0.538006;;;;;;;;;;
1586.447428;0.341062;0.338249;0.448131;0.556320;0.578042;0.573907;0.570120;0.570842;0.558051;0.549069;;;;;;;;;;
1587.411834;0.336174;0.341320;0.452440;0.556891;0.578360;0.577927;0.568257;0.568657;0.554031;0.558458;;;;;;;;;;
1588.376239;0.330002;0.343969;0.452946;0.547466;0.571045;0.585546;0.576045;0.558894;0.545313;0.551391;;;;;;;;;;
1589.340645;0.328176;0.343234;0.460307;0.542367;0.554427;0.587780;0.583114;0.556620;0.536137;0.554467;;;;;;;;;;
1590.305051;0.334385;0.340726;0.459506;0.555224;0.555256;0.574246;0.585859;0.551985;0.528148;0.562719;;;;;;;;;;
1591.269456;0.340921;0.339943;0.450130;0.569168;0.563628;0.563811;0.578881;0.543001;0.528959;0.550534;;;;;;;;;;
1592.233862;0.344455;0.341652;0.447036;0.568905;0.558892;0.566711;0.575854;0.537894;0.532287;0.545463;;;;;;;;;;
1593.198268;0.340704;0.346947;0.450784;0.560713;0.555457;0.567047;0.578619;0.543247;0.532947;0.554171;;;;;;;;;;
1594.162674;0.333063;0.346685;0.456160;0.555175;0.563995;0.561930;0.570785;0.558815;0.537561;0.561720;;;;;;;;;;
1595.127079;0.331969;0.341749;0.456000;0.565248;0.570663;0.559188;0.563937;0.565336;0.540901;0.566171;;;;;;;;;;
1596.091485;0.331365;0.338778;0.452126;0.569741;0.566954;0.561314;0.564957;0.570041;0.544049;0.565673;;;;;;;;;;
1597.055891;0.334799;0.334040;0.446234;0.558995;0.566519;0.567921;0.564662;0.575435;0.550966;0.568526;;;;;;;;;;
1598.020297;0.341743;0.337194;0.443952;0.559838;0.571446;0.574162;0.565833;0.562328;0.550903;0.562689;;;;;;;;;;
1598.984702;0.342756;0.344656;0.450323;0.571236;0.569929;0.579211;0.571825;0.553195;0.550006;0.544342;;;;;;;;;;
1599.949108;0.341918;0.343733;0.445392;0.580195;0.560841;0.586617;0.579110;0.560254;0.554384;0.541647;;;;;;;;;;
1600.913514;0.340449;0.340417;0.433522;0.577390;0.553646;0.588438;0.580040;0.559212;0.547141;0.549736;;;;;;;;;;
1601.877920;0.344021;0.342124;0.439559;0.568589;0.554567;0.575160;0.580161;0.555103;0.543681;0.551237;;;;;;;;;;
1602.842325;0.347931;0.345006;0.453363;0.565094;0.561606;0.561800;0.587675;0.558379;0.560536;0.553658;;;;;;;;;;
1603.806731;0.346557;0.340633;0.459963;0.565874;0.571296;0.557647;0.590608;0.563926;0.567923;0.561731;;;;;;;;;;
1604.771137;0.350864;0.342726;0.455778;0.565149;0.580429;0.564172;0.586061;0.575167;0.561411;0.568020;;;;;;;;;;
1605.735542;0.351285;0.350917;0.443907;0.547228;0.587937;0.575604;0.577625;0.578719;0.559786;0.556471;;;;;;;;;;
1606.699948;0.341683;0.345920;0.441564;0.528331;0.582828;0.566026;0.565712;0.571701;0.555148;0.540296;;;;;;;;;;
1607.664354;0.334416;0.342103;0.452404;0.533362;0.566406;0.552980;0.564948;0.557806;0.543850;0.544595;;;;;;;;;;
1608.628760;0.335145;0.349320;0.462144;0.547617;0.567115;0.562801;0.568411;0.538719;0.541192;0.551441;;;;;;;;;;
1609.593165;0.344998;0.357800;0.471978;0.554577;0.584061;0.574164;0.558930;0.540671;0.556869;0.557291;;;;;;;;;;
1610.557571;0.353449;0.362076;0.479631;0.555666;0.589536;0.576302;0.562427;0.544613;0.573117;0.561010;;;;;;;;;;
1611.521977;0.352090;0.357510;0.469532;0.558418;0.576268;0.568640;0.583069;0.535404;0.568630;0.547645;;;;;;;;;;
1612.486383;0.346137;0.349905;0.459065;0.560207;0.562165;0.552307;0.587055;0.542405;0.550135;0.551207;;;;;;;;;;
1613.450788;0.344886;0.350770;0.461134;0.559784;0.562881;0.551968;0.580936;0.554484;0.535593;0.568902;;;;;;;;;;
1614.415194;0.347717;0.352954;0.464314;0.562615;0.570880;0.571377;0.579002;0.557187;0.542527;0.564779;;;;;;;;;;
1615.379600;0.337753;0.342846;0.469505;0.555371;0.571326;0.569981;0.581708;0.553757;0.565408;0.557627;;;;;;;;;;
1616.344005;0.323976;0.333836;0.459045;0.538278;0.562856;0.540996;0.590558;0.548367;0.570882;0.553352;;;;;;;;;;
1617.308411;0.332547;0.338183;0.444981;0.538228;0.565416;0.541133;0.585200;0.557945;0.555091;0.545057;;;;;;;;;;
1618.272817;0.344788;0.346590;0.456267;0.550975;0.582206;0.561624;0.580485;0.572731;0.544604;0.544894;;;;;;;;;;
1619.237223;0.347977;0.358534;0.463830;0.568997;0.590559;0.570780;0.589059;0.587880;0.540568;0.552522;;;;;;;;;;
1620.201628;0.345111;0.362449;0.457200;0.577799;0.581051;0.573049;0.594162;0.591235;0.538105;0.546268;;;;;;;;;;
1621.166034;0.335995;0.354015;0.447148;0.555633;0.564269;0.570034;0.592474;0.567460;0.531601;0.524631;;;;;;;;;;
1622.130440;0.325900;0.344737;0.442889;0.541270;0.549096;0.567877;0.578390;0.550932;0.531854;0.524864;;;;;;;;;;
1623.094846;0.325333;0.338694;0.451339;0.559370;0.545269;0.567698;0.560300;0.559484;0.551100;0.546124;;;;;;;;;;
1624.059251;0.340498;0.341598;0.454807;0.563924;0.557708;0.569482;0.562610;0.571216;0.561940;0.557632;;;;;;;;;;
1625.023657;0.350830;0.355650;0.461305;0.552417;0.569655;0.577396;0.576902;0.580461;0.552974;0.559752;;;;;;;;;;
1625.988063;0.342893;0.364880;0.468960;0.547569;0.572624;0.572068;0.589636;0.579693;0.552908;0.558440;;;;;;;;;;
1626.952469;0.335154;0.355186;0.460145;0.544670;0.581278;0.566712;0.597586;0.568593;0.553031;0.561008;;;;;;;;;;
1627.916874;0.335801;0.348052;0.460416;0.552777;0.588021;0.584326;0.596607;0.567819;0.537488;0.569210;;;;;;;;;;
1628.881280;0.341393;0.352140;0.470938;0.566700;0.577691;0.595188;0.596968;0.569762;0.539871;0.573266;;;;;;;;;;
1629.845686;0.346400;0.348908;0.470587;0.565046;0.568215;0.590136;0.600807;0.563584;0.561305;0.573377;;;;;;;;;;
1630.810091;0.341960;0.348528;0.464837;0.554137;0.569506;0.582257;0.591461;0.562506;0.568809;0.575107;;;;;;;;;;
1631.774497;0.337795;0.356283;0.461045;0.551751;0.571534;0.574186;0.581473;0.562020;0.561718;0.570668;;;;;;;;;;
1632.738903;0.341399;0.358356;0.461630;0.557904;0.565793;0.571737;0.584487;0.552968;0.555859;0.564299;;;;;;;;;;
1633.703309;0.341520;0.357299;0.462511;0.562335;0.558641;0.568050;0.580323;0.555305;0.558492;0.572082;;;;;;;;;;
1634.667714;0.340082;0.353213;0.460944;0.566038;0.558866;0.569795;0.571510;0.570410;0.566889;0.577916;;;;;;;;;;
1635.632120;0.343757;0.347404;0.460693;0.569903;0.566819;0.584556;0.570236;0.570772;0.571091;0.579755;;;;;;;;;;
1636.596526;0.346271;0.351734;0.460460;0.567899;0.578990;0.585509;0.570227;0.567884;0.566759;0.586218;;;;;;;;;;
1637.560932;0.347352;0.359614;0.460708;0.572685;0.581451;0.585512;0.580340;0.576428;0.560265;0.572634;;;;;;;;;;
1638.525337;0.347152;0.360134;0.462943;0.579951;0.576552;0.592480;0.587383;0.578591;0.563696;0.549917;;;;;;;;;;
1639.489743;0.347988;0.357935;0.465610;0.564594;0.582193;0.577215;0.578449;0.569443;0.567424;0.542047;;;;;;;;;;
1640.454149;0.348993;0.359691;0.471190;0.549188;0.588146;0.559817;0.579036;0.568277;0.553479;0.545297;;;;;;;;;;
1641.418555;0.348573;0.361077;0.477715;0.562316;0.589269;0.565312;0.587088;0.572559;0.546307;0.549493;;;;;;;;;;
1642.382960;0.349517;0.355434;0.471886;0.577370;0.586616;0.571248;0.582592;0.566414;0.559149;0.547254;;;;;;;;;;
1643.347366;0.346076;0.347151;0.458956;0.562969;0.571278;0.568586;0.572809;0.559438;0.558643;0.542028;;;;;;;;;;
1644.311772;0.346227;0.349476;0.460484;0.543165;0.560625;0.571277;0.571614;0.554354;0.548800;0.549253;;;;;;;;;;
1645.276177;0.353364;0.359467;0.465501;0.551505;0.567550;0.579113;0.578031;0.559127;0.555211;0.572826;;;;;;;;;;
1646.240583;0.348822;0.359027;0.453585;0.563863;0.573020;0.575789;0.571834;0.578086;0.562335;0.578514;;;;;;;;;;
1647.204989;0.340316;0.353789;0.446458;0.557949;0.564234;0.575424;0.558903;0.578295;0.565038;0.563924;;;;;;;;;;
1648.169395;0.342150;0.357756;0.458307;0.560840;0.560280;0.586079;0.560079;0.571115;0.568279;0.568371;;;;;;;;;;
1649.133800;0.347729;0.363618;0.469880;0.574265;0.565756;0.584884;0.564757;0.581810;0.575042;0.578098;;;;;;;;;;
1650.098206;0.344532;0.360612;0.465802;0.579474;0.562057;0.579881;0.571038;0.592286;0.585580;0.571897;;;;;;;;;;
1651.062612;0.335695;0.353411;0.459182;0.562756;0.552928;0.568803;0.581864;0.585912;0.581220;0.572990;;;;;;;;;;
1652.027018;0.336773;0.347616;0.456746;0.535083;0.550616;0.551054;0.571670;0.569146;0.572840;0.577473;;;;;;;;;;
1652.991423;0.345317;0.344085;0.452761;0.534602;0.565541;0.559151;0.557014;0.560961;0.581982;0.570592;;;;;;;;;;
1653.955829;0.346964;0.348497;0.459329;0.549196;0.585126;0.568830;0.579088;0.561584;0.577637;0.575995;;;;;;;;;;
1654.920235;0.345327;0.354238;0.463244;0.556416;0.584084;0.574272;0.597008;0.564188;0.561091;0.574715;;;;;;;;;;
1655.884640;0.342611;0.352625;0.455857;0.559038;0.574341;0.583526;0.585150;0.570497;0.556267;0.566651;;;;;;;;;;
1656.849046;0.344104;0.352891;0.454487;0.561299;0.569999;0.580448;0.570899;0.579302;0.559488;0.566567;;;;;;;;;;
1657.813452;0.348082;0.358443;0.460118;0.563295;0.569664;0.576933;0.575082;0.575355;0.562710;0.556731;;;;;;;;;;
1658.777858;0.344263;0.359776;0.466308;0.556356;0.574256;0.579468;0.584848;0.553697;0.562892;0.546525;;;;;;;;;;
1659.742263;0.341787;0.357173;0.467452;0.553131;0.577369;0.580074;0.585438;0.549639;0.554877;0.554008;;;;;;;;;;
1660.706669;0.345489;0.351024;0.464776;0.561112;0.577268;0.579393;0.581109;0.563045;0.552593;0.567289;;;;;;;;;;
1661.671075;0.344277;0.345876;0.465916;0.563992;0.574307;0.577930;0.574821;0.563706;0.554181;0.570210;;;;;;;;;;
1662.635481;0.344148;0.353019;0.464029;0.555237;0.571214;0.577336;0.578366;0.563745;0.553521;0.564983;;;;;;;;;;
1663.599886;0.346438;0.359084;0.461620;0.546551;0.576416;0.580984;0.597255;0.564468;0.564496;0.567114;;;;;;;;;;
1664.564292;0.349685;0.353121;0.463823;0.552531;0.581354;0.583984;0.601225;0.557781;0.570249;0.569299;;;;;;;;;;
1665.528698;0.355590;0.353873;0.468813;0.563479;0.584852;0.580423;0.591402;0.555196;0.565050;0.559335;;;;;;;;;;
1666.493104;0.352854;0.363053;0.475875;0.565513;0.580112;0.578414;0.595276;0.553686;0.558775;0.549114;;;;;;;;;;
1667.457509;0.346469;0.358747;0.471822;0.565043;0.560746;0.572904;0.596524;0.550287;0.548284;0.554755;;;;;;;;;;
1668.421915;0.341315;0.351439;0.457340;0.561812;0.550850;0.556434;0.587941;0.549892;0.552436;0.556610;;;;;;;;;;
1669.386321;0.341713;0.360364;0.456720;0.561381;0.556576;0.556506;0.585181;0.549844;0.567037;0.543507;;;;;;;;;;
1670.350726;0.354779;0.365623;0.465993;0.565107;0.566353;0.576595;0.574238;0.550711;0.561243;0.551840;;;;;;;;;;
1671.315132;0.358440;0.361075;0.466550;0.562003;0.577331;0.585247;0.569221;0.558700;0.554577;0.565457;;;;;;;;;;
1672.279538;0.350360;0.359327;0.465324;0.561397;0.578505;0.573444;0.584690;0.572295;0.559002;0.560369;;;;;;;;;;
1673.243944;0.349218;0.356100;0.464819;0.565399;0.572056;0.559534;0.590764;0.580760;0.558015;0.562564;;;;;;;;;;
1674.208349;0.350079;0.351661;0.459136;0.556952;0.569037;0.558668;0.586430;0.579076;0.560178;0.568953;;;;;;;;;;
1675.172755;0.353876;0.354006;0.458753;0.547712;0.570870;0.568624;0.588189;0.567530;0.565899;0.564440;;;;;;;;;;
1676.137161;0.357893;0.355471;0.462378;0.558422;0.571124;0.576073;0.588829;0.562998;0.560249;0.557946;;;;;;;;;;
1677.101567;0.351795;0.355345;0.459927;0.562749;0.575611;0.576158;0.580828;0.572112;0.556313;0.555209;;;;;;;;;;
1678.065972;0.347195;0.361043;0.459558;0.549907;0.582712;0.568183;0.575879;0.567052;0.549479;0.550879;;;;;;;;;;
1679.030378;0.351613;0.363051;0.464134;0.549660;0.574543;0.565967;0.584374;0.549159;0.535702;0.545207;;;;;;;;;;
1679.994784;0.358127;0.363297;0.465300;0.560559;0.567395;0.573143;0.583707;0.553514;0.535056;0.545819;;;;;;;;;;
1680.959189;0.359709;0.365696;0.466166;0.554314;0.564918;0.569979;0.577647;0.567759;0.543552;0.550247;;;;;;;;;;
1681.923595;0.350932;0.356680;0.473221;0.543997;0.552466;0.564416;0.583128;0.571651;0.551608;0.564108;;;;;;;;;;
1682.888001;0.346360;0.352908;0.477925;0.555996;0.554273;0.573950;0.581215;0.582020;0.568435;0.579808;;;;;;;;;;
1683.852407;0.357694;0.363200;0.468495;0.572385;0.567913;0.586075;0.580440;0.589826;0.581744;0.572050;;;;;;;;;;
1684.816812;0.359220;0.361635;0.454823;0.566110;0.566991;0.585041;0.587474;0.570311;0.564372;0.553204;;;;;;;;;;
1685.781218;0.350308;0.353926;0.454473;0.555470;0.571947;0.579759;0.581337;0.557905;0.548741;0.543079;;;;;;;;;;
1686.745624;0.354991;0.352061;0.461966;0.552238;0.579326;0.575244;0.582124;0.563599;0.552969;0.543412;;;;;;;;;;
1687.710030;0.358958;0.357193;0.464970;0.554948;0.574100;0.572120;0.589419;0.565487;0.556817;0.548929;;;;;;;;;;
1688.674435;0.348261;0.361503;0.459300;0.554455;0.567121;0.570494;0.578797;0.557452;0.557915;0.552896;;;;;;;;;;
1689.638841;0.345030;0.357277;0.456079;0.550541;0.564626;0.564632;0.574380;0.546885;0.560478;0.561850;;;;;;;;;;
1690.603247;0.353822;0.359750;0.464279;0.557548;0.572699;0.563631;0.584277;0.548995;0.563878;0.562008;;;;;;;;;;
1691.567653;0.354110;0.364614;0.474256;0.567985;0.578240;0.568381;0.573262;0.563017;0.562303;0.553276;;;;;;;;;;
1692.532058;0.348166;0.362855;0.476214;0.571160;0.569588;0.569040;0.560662;0.567862;0.547156;0.557001;;;;;;;;;;
1693.496464;0.348573;0.362410;0.471417;0.567765;0.567696;0.572360;0.570580;0.561253;0.541026;0.566456;;;;;;;;;;
1694.460870;0.349544;0.359888;0.462835;0.559903;0.567669;0.572342;0.577527;0.563430;0.552992;0.578568;;;;;;;;;;
1695.425275;0.347963;0.358530;0.458025;0.556061;0.561760;0.571505;0.577424;0.577183;0.561300;0.588736;;;;;;;;;;
1696.389681;0.353199;0.358731;0.463925;0.557620;0.558468;0.582045;0.583053;0.571783;0.557655;0.575851;;;;;;;;;;
1697.354087;0.358335;0.356037;0.464364;0.552967;0.554089;0.579019;0.587119;0.560552;0.551282;0.557727;;;;;;;;;;
1698.318493;0.356035;0.357025;0.452315;0.543669;0.557004;0.571686;0.582653;0.562359;0.551109;0.556253;;;;;;;;;;
1699.282898;0.347490;0.353891;0.446026;0.541544;0.559717;0.571182;0.570150;0.566492;0.560883;0.576210;;;;;;;;;;
1700.247304;0.340110;0.353944;0.461488;0.550113;0.555069;0.560334;0.567315;0.572477;0.564554;0.583542;;;;;;;;;;
1701.211710;0.343997;0.363046;0.471214;0.555247;0.556405;0.560923;0.572275;0.575046;0.552680;0.564910;;;;;;;;;;
1702.176116;0.350658;0.362662;0.466121;0.553706;0.558624;0.569436;0.573515;0.574650;0.543420;0.555045;;;;;;;;;;
1703.140521;0.355447;0.360671;0.467167;0.550693;0.558551;0.568593;0.578139;0.574203;0.549787;0.551859;;;;;;;;;;
1704.104927;0.357743;0.358992;0.468558;0.550068;0.555027;0.573850;0.581110;0.567281;0.563597;0.544017;;;;;;;;;;
1705.069333;0.357647;0.355667;0.462976;0.552736;0.558954;0.581041;0.579206;0.563558;0.569220;0.538568;;;;;;;;;;
1706.033738;0.361277;0.362323;0.463288;0.555674;0.564453;0.575542;0.582412;0.563659;0.563112;0.543233;;;;;;;;;;
1706.998144;0.360884;0.364828;0.465546;0.552811;0.555085;0.569612;0.582643;0.559378;0.553141;0.543075;;;;;;;;;;
1707.962550;0.356549;0.357167;0.466846;0.547262;0.558917;0.572263;0.576114;0.555376;0.553832;0.537466;;;;;;;;;;
1708.926956;0.356698;0.354792;0.464688;0.550049;0.576003;0.572763;0.577928;0.554294;0.555400;0.541575;;;;;;;;;;
1709.891361;0.352040;0.357240;0.458343;0.552587;0.574543;0.569141;0.580208;0.560983;0.551767;0.543701;;;;;;;;;;
1710.855767;0.346201;0.362159;0.457209;0.550590;0.568006;0.570052;0.576720;0.576945;0.557496;0.547126;;;;;;;;;;
1711.820173;0.347728;0.367478;0.455337;0.556735;0.570561;0.566172;0.582190;0.576888;0.558860;0.556571;;;;;;;;;;
1712.784579;0.350150;0.365897;0.452683;0.556655;0.569663;0.568164;0.581372;0.557322;0.552092;0.555261;;;;;;;;;;
1713.748984;0.352696;0.360643;0.455710;0.550997;0.559497;0.583109;0.568774;0.553852;0.551515;0.556002;;;;;;;;;;
1714.713390;0.354611;0.356897;0.455848;0.558489;0.546658;0.577851;0.568852;0.559266;0.542130;0.565491;;;;;;;;;;
1715.677796;0.353320;0.352292;0.449752;0.555105;0.548349;0.561395;0.574592;0.556280;0.531439;0.575636;;;;;;;;;;
1716.642202;0.351744;0.350289;0.452112;0.543035;0.562036;0.557843;0.576711;0.559854;0.544423;0.589068;;;;;;;;;;
1717.606607;0.349133;0.354489;0.463902;0.552884;0.567788;0.560805;0.576039;0.556435;0.561839;0.586281;;;;;;;;;;
1718.571013;0.350166;0.358450;0.466780;0.567351;0.565391;0.569166;0.567590;0.554076;0.558942;0.564170;;;;;;;;;;
1719.535419;0.359947;0.362136;0.472230;0.566605;0.561763;0.573845;0.564811;0.568518;0.553676;0.550451;;;;;;;;;;
1720.499824;0.367348;0.365625;0.476570;0.559016;0.561304;0.570205;0.571939;0.567979;0.553687;0.551373;;;;;;;;;;
1721.464230;0.363074;0.363188;0.465518;0.557896;0.559376;0.570368;0.581349;0.557669;0.552087;0.551553;;;;;;;;;;
1722.428636;0.358199;0.357313;0.458452;0.557816;0.554554;0.571230;0.581558;0.566975;0.549926;0.545270;;;;;;;;;;
1723.393042;0.360117;0.355292;0.453852;0.545224;0.562157;0.567057;0.572970;0.574559;0.549404;0.540459;;;;;;;;;;
1724.357447;0.359208;0.357706;0.446667;0.537292;0.569979;0.567978;0.577822;0.565481;0.549022;0.530555;;;;;;;;;;
1725.321853;0.354518;0.358200;0.449466;0.542151;0.563980;0.571530;0.576013;0.557185;0.549950;0.525628;;;;;;;;;;
1726.286259;0.353430;0.354557;0.454266;0.546618;0.556831;0.570769;0.553553;0.550861;0.552184;0.536748;;;;;;;;;;
1727.250665;0.354904;0.354193;0.458706;0.550988;0.554693;0.569843;0.551686;0.547538;0.554975;0.537710;;;;;;;;;;
1728.215070;0.355649;0.356779;0.464674;0.552768;0.556913;0.567106;0.564355;0.554512;0.557883;0.533687;;;;;;;;;;
1729.179476;0.356094;0.356175;0.464067;0.542674;0.556300;0.564119;0.570893;0.562036;0.553365;0.547015;;;;;;;;;;
1730.143882;0.359633;0.355746;0.464159;0.530994;0.552728;0.567010;0.583688;0.566626;0.544313;0.551793;;;;;;;;;;
1731.108288;0.363291;0.357099;0.463476;0.532751;0.555451;0.570175;0.587374;0.578923;0.545407;0.542541;;;;;;;;;;
1732.072693;0.364526;0.356461;0.454412;0.544530;0.562967;0.568145;0.580939;0.583372;0.552546;0.545580;;;;;;;;;;
1733.037099;0.365959;0.351594;0.453041;0.556339;0.569399;0.561956;0.575792;0.569719;0.559430;0.560941;;;;;;;;;;
1734.001505;0.358921;0.349662;0.456997;0.556594;0.567346;0.555359;0.570546;0.562348;0.562831;0.566100;;;;;;;;;;
1734.965910;0.351503;0.360447;0.455738;0.547046;0.564330;0.555349;0.571149;0.558991;0.553281;0.555642;;;;;;;;;;
1735.930316;0.355601;0.370771;0.460169;0.546192;0.572487;0.559726;0.567040;0.552765;0.543359;0.551403;;;;;;;;;;
1736.894722;0.357384;0.369213;0.461262;0.552133;0.575595;0.563008;0.569142;0.556074;0.543316;0.549247;;;;;;;;;;
1737.859128;0.353562;0.362844;0.457579;0.550906;0.559700;0.562018;0.582417;0.566041;0.547900;0.542630;;;;;;;;;;
1738.823533;0.354859;0.356435;0.457528;0.543006;0.545686;0.556083;0.581053;0.574929;0.550862;0.544986;;;;;;;;;;
1739.787939;0.359079;0.350302;0.458209;0.535813;0.543051;0.554427;0.568512;0.571349;0.547131;0.550110;;;;;;;;;;
1740.752345;0.358918;0.352041;0.462718;0.536504;0.541396;0.559333;0.557041;0.553631;0.538984;0.550545;;;;;;;;;;
1741.716751;0.354318;0.358704;0.467057;0.544154;0.546017;0.563794;0.557922;0.544990;0.535974;0.555256;;;;;;;;;;
1742.681156;0.347225;0.358989;0.466202;0.550244;0.552677;0.566051;0.572112;0.550365;0.544238;0.555472;;;;;;;;;;
1743.645562;0.345206;0.360160;0.467653;0.554366;0.551876;0.560673;0.571739;0.553086;0.552585;0.547044;;;;;;;;;;
1744.609968;0.351768;0.365924;0.472140;0.557867;0.552444;0.555432;0.564904;0.553739;0.546768;0.540867;;;;;;;;;;
1745.574373;0.354607;0.363398;0.467458;0.555262;0.553620;0.561864;0.571955;0.559577;0.543289;0.534367;;;;;;;;;;
1746.538779;0.351258;0.358504;0.458238;0.545681;0.552226;0.567526;0.581705;0.559988;0.550625;0.533672;;;;;;;;;;
1747.503185;0.351966;0.357188;0.458925;0.536564;0.551768;0.563433;0.588139;0.553156;0.553359;0.547754;;;;;;;;;;
1748.467591;0.354948;0.356140;0.459384;0.536019;0.550394;0.566173;0.594363;0.553709;0.554639;0.555739;;;;;;;;;;
1749.431996;0.356894;0.359926;0.458225;0.547992;0.549456;0.572108;0.589002;0.565289;0.556124;0.553859;;;;;;;;;;
1750.396402;0.359813;0.359436;0.460963;0.558600;0.551301;0.560547;0.573006;0.570975;0.551726;0.555187;;;;;;;;;;
1751.360808;0.359953;0.354169;0.456036;0.547131;0.553744;0.556015;0.566665;0.559662;0.553115;0.552502;;;;;;;;;;
1752.325214;0.356588;0.359556;0.452268;0.539757;0.552467;0.572191;0.566356;0.552263;0.554258;0.548901;;;;;;;;;;
1753.289619;0.358938;0.367040;0.459867;0.554930;0.559078;0.578949;0.565442;0.556113;0.552844;0.545088;;;;;;;;;;
1754.254025;0.366868;0.364415;0.466464;0.563674;0.573246;0.573580;0.566622;0.558508;0.563302;0.535936;;;;;;;;;;
1755.218431;0.369579;0.358598;0.465688;0.558795;0.567191;0.563949;0.562775;0.559709;0.566529;0.535109;;;;;;;;;;
1756.182837;0.367479;0.360555;0.463067;0.555974;0.559062;0.556421;0.561984;0.556593;0.555338;0.547729;;;;;;;;;;
1757.147242;0.363900;0.363109;0.458216;0.548572;0.568985;0.554685;0.570244;0.543072;0.557288;0.552588;;;;;;;;;;
1758.111648;0.360336;0.361844;0.454026;0.538643;0.570169;0.549980;0.575940;0.538444;0.563551;0.542682;;;;;;;;;;
1759.076054;0.362646;0.366424;0.458588;0.538360;0.557770;0.552001;0.572631;0.546364;0.559592;0.532910;;;;;;;;;;
1760.040459;0.365437;0.371049;0.468982;0.545158;0.540425;0.558946;0.571100;0.546909;0.558222;0.532284;;;;;;;;;;
1761.004865;0.362303;0.371358;0.474350;0.553228;0.537216;0.558701;0.580525;0.544894;0.555946;0.544909;;;;;;;;;;
1761.969271;0.361656;0.368981;0.472328;0.550359;0.550813;0.556518;0.577526;0.548165;0.546950;0.554555;;;;;;;;;;
1762.933677;0.367133;0.362807;0.473977;0.538101;0.556132;0.549793;0.564729;0.546856;0.544404;0.552240;;;;;;;;;;
1763.898082;0.367567;0.359899;0.473562;0.539174;0.560522;0.547267;0.564066;0.544479;0.545190;0.555020;;;;;;;;;;
1764.862488;0.362359;0.359937;0.465138;0.546079;0.565146;0.558706;0.564666;0.550808;0.535446;0.556055;;;;;;;;;;
1765.826894;0.360922;0.359464;0.464273;0.549163;0.564472;0.567686;0.568606;0.557987;0.521611;0.551114;;;;;;;;;;
1766.791300;0.358316;0.359104;0.464140;0.559902;0.559535;0.562952;0.572590;0.554424;0.520034;0.550157;;;;;;;;;;
1767.755705;0.359232;0.359986;0.458125;0.563147;0.550463;0.553276;0.563926;0.548153;0.531738;0.547707;;;;;;;;;;
1768.720111;0.366548;0.363239;0.461736;0.553908;0.550135;0.553701;0.567428;0.544829;0.540111;0.546135;;;;;;;;;;
1769.684517;0.362473;0.363692;0.463191;0.550269;0.550451;0.556958;0.579597;0.547333;0.544072;0.548506;;;;;;;;;;
1770.648922;0.355101;0.362176;0.456283;0.550979;0.549191;0.552021;0.575242;0.558020;0.553298;0.551460;;;;;;;;;;
1771.613328;0.353544;0.363953;0.458780;0.546551;0.546956;0.550161;0.571310;0.561295;0.561495;0.561665;;;;;;;;;;
1772.577734;0.353401;0.366083;0.461322;0.541731;0.545614;0.549486;0.577454;0.551068;0.563768;0.569768;;;;;;;;;;
1773.542140;0.362297;0.363252;0.451928;0.553374;0.561250;0.548906;0.576157;0.542442;0.553395;0.557602;;;;;;;;;;
1774.506545;0.368166;0.360224;0.446282;0.559776;0.565548;0.554822;0.576112;0.548421;0.538059;0.546146;;;;;;;;;;
1775.470951;0.360470;0.361359;0.451116;0.549985;0.551673;0.556848;0.577780;0.560158;0.540484;0.549685;;;;;;;;;;
1776.435357;0.357785;0.362247;0.462799;0.551863;0.550418;0.556331;0.566323;0.560015;0.551845;0.553789;;;;;;;;;;
1777.399763;0.365838;0.359973;0.466877;0.551275;0.552532;0.553742;0.559322;0.559380;0.552870;0.557569;;;;;;;;;;
1778.364168;0.370011;0.355172;0.461871;0.536809;0.549026;0.550409;0.561417;0.563026;0.548585;0.559411;;;;;;;;;;
1779.328574;0.365061;0.356778;0.460380;0.534920;0.551727;0.558201;0.560046;0.565841;0.548861;0.547977;;;;;;;;;;
1780.292980;0.360364;0.364440;0.455384;0.543648;0.560223;0.561367;0.568049;0.568643;0.556003;0.541373;;;;;;;;;;
1781.257386;0.361806;0.363351;0.456945;0.549855;0.563990;0.560553;0.579067;0.566002;0.558316;0.548066;;;;;;;;;;
1782.221791;0.360891;0.362705;0.466775;0.551846;0.556223;0.570814;0.573120;0.556974;0.555724;0.551617;;;;;;;;;;
1783.186197;0.355328;0.368773;0.462105;0.545987;0.549401;0.569830;0.561685;0.548736;0.555354;0.548723;;;;;;;;;;
1784.150603;0.356286;0.369506;0.460403;0.540076;0.555613;0.561208;0.565514;0.556011;0.553451;0.546176;;;;;;;;;;
1785.115008;0.361416;0.366916;0.463839;0.539762;0.557516;0.567892;0.579896;0.567803;0.551651;0.550964;;;;;;;;;;
1786.079414;0.362127;0.367493;0.456857;0.537699;0.545661;0.573144;0.582058;0.567259;0.549943;0.552643;;;;;;;;;;
1787.043820;0.361320;0.370451;0.459508;0.537692;0.537296;0.569684;0.575611;0.566343;0.544730;0.540868;;;;;;;;;;
1788.008226;0.366150;0.372629;0.471369;0.545956;0.544613;0.568155;0.566815;0.565342;0.536808;0.535069;;;;;;;;;;
1788.972631;0.377448;0.375093;0.475878;0.550594;0.562114;0.566182;0.559859;0.570270;0.537661;0.538409;;;;;;;;;;
1789.937037;0.378189;0.374180;0.471407;0.543711;0.565776;0.558962;0.561965;0.576150;0.548627;0.537841;;;;;;;;;;
1790.901443;0.364001;0.362875;0.462429;0.537660;0.554888;0.546144;0.559307;0.560686;0.550724;0.540734;;;;;;;;;;
1791.865849;0.356610;0.354797;0.457706;0.540825;0.555525;0.542801;0.559961;0.551267;0.551754;0.548285;;;;;;;;;;
1792.830254;0.363094;0.355885;0.456594;0.546034;0.562458;0.556467;0.569587;0.563370;0.558793;0.550466;;;;;;;;;;
1793.794660;0.368564;0.359171;0.458555;0.545557;0.562629;0.565768;0.570511;0.565321;0.558403;0.547644;;;;;;;;;;
1794.759066;0.368477;0.368683;0.465511;0.542058;0.560559;0.564742;0.571197;0.558789;0.559568;0.543353;;;;;;;;;;
1795.723471;0.372774;0.371839;0.470521;0.544438;0.560055;0.556365;0.566912;0.553100;0.553836;0.541776;;;;;;;;;;
1796.687877;0.374650;0.365316;0.471134;0.549455;0.560911;0.545088;0.562644;0.547645;0.541697;0.542423;;;;;;;;;;
1797.652283;0.366696;0.367570;0.470528;0.551393;0.558296;0.545283;0.567150;0.549217;0.542904;0.542158;;;;;;;;;;
1798.616689;0.365400;0.371776;0.466725;0.554876;0.561580;0.553216;0.560110;0.549081;0.544819;0.542727;;;;;;;;;;
1799.581094;0.368886;0.367610;0.462914;0.557899;0.566467;0.555235;0.555299;0.547571;0.541183;0.542039;;;;;;;;;;
1800.545500;0.363634;0.363445;0.463878;0.560100;0.555600;0.554030;0.567597;0.550886;0.541034;0.542710;;;;;;;;;;
1801.509906;0.355913;0.363164;0.462771;0.560320;0.548240;0.553032;0.576253;0.548647;0.544655;0.546946;;;;;;;;;;
1802.474312;0.353633;0.361099;0.461295;0.549908;0.549254;0.547543;0.571913;0.551865;0.547537;0.546188;;;;;;;;;;
1803.438717;0.357516;0.356848;0.464102;0.538806;0.541297;0.544191;0.564861;0.559052;0.542127;0.546780;;;;;;;;;;
1804.403123;0.364267;0.360506;0.466832;0.545687;0.536091;0.549713;0.565605;0.557661;0.540448;0.552465;;;;;;;;;;
1805.367529;0.367136;0.368660;0.470967;0.553232;0.540830;0.555085;0.569376;0.562599;0.548839;0.552778;;;;;;;;;;
1806.331935;0.361242;0.372261;0.470914;0.538627;0.545290;0.553636;0.571365;0.570216;0.554218;0.548457;;;;;;;;;;
1807.296340;0.357818;0.372482;0.465488;0.534619;0.548883;0.553600;0.571558;0.568686;0.552323;0.545780;;;;;;;;;;
1808.260746;0.362304;0.366976;0.466108;0.546706;0.552650;0.563592;0.570109;0.560965;0.548392;0.547336;;;;;;;;;;
1809.225152;0.361926;0.361189;0.467078;0.539548;0.554724;0.565800;0.569005;0.555652;0.549879;0.545418;;;;;;;;;;
1810.189557;0.362202;0.363640;0.462655;0.533994;0.557099;0.552728;0.564577;0.557411;0.552689;0.544390;;;;;;;;;;
1811.153963;0.366556;0.370444;0.461267;0.545748;0.557500;0.550691;0.563836;0.555404;0.550820;0.554140;;;;;;;;;;
1812.118369;0.362379;0.373498;0.463297;0.551380;0.552634;0.561628;0.562431;0.554340;0.549246;0.555735;;;;;;;;;;
1813.082775;0.357628;0.372201;0.466138;0.550962;0.551645;0.570321;0.558725;0.556630;0.552478;0.549399;;;;;;;;;;
1814.047180;0.362065;0.373717;0.469603;0.548482;0.559222;0.568910;0.573027;0.551936;0.560179;0.551674;;;;;;;;;;
1815.011586;0.369487;0.372869;0.469983;0.545503;0.565639;0.562111;0.584674;0.549685;0.560077;0.553018;;;;;;;;;;
1815.975992;0.372060;0.366256;0.468301;0.545992;0.567052;0.563586;0.580280;0.555482;0.553451;0.547979;;;;;;;;;;
1816.940398;0.368480;0.366450;0.467904;0.543689;0.563928;0.568080;0.583470;0.564973;0.551712;0.544883;;;;;;;;;;
1817.904803;0.363476;0.369048;0.468960;0.538102;0.559604;0.568170;0.580973;0.572007;0.546351;0.539796;;;;;;;;;;
1818.869209;0.358988;0.365114;0.466159;0.534540;0.557576;0.565365;0.567982;0.571020;0.538415;0.532836;;;;;;;;;;
1819.833615;0.354683;0.360548;0.456332;0.534206;0.548400;0.561809;0.563601;0.565931;0.536485;0.537502;;;;;;;;;;
1820.798021;0.352302;0.359145;0.454366;0.533035;0.537088;0.560524;0.570634;0.559839;0.535684;0.543498;;;;;;;;;;
1821.762426;0.355178;0.364455;0.461748;0.532621;0.540281;0.559590;0.580301;0.554363;0.539161;0.537382;;;;;;;;;;
1822.726832;0.364263;0.370551;0.466627;0.540246;0.550766;0.560743;0.579091;0.550602;0.553753;0.533854;;;;;;;;;;
1823.691238;0.369810;0.369557;0.472207;0.547402;0.552734;0.567484;0.575692;0.556571;0.569722;0.540800;;;;;;;;;;
1824.655643;0.367296;0.368340;0.470661;0.550876;0.547441;0.568049;0.573983;0.571587;0.568134;0.544277;;;;;;;;;;
1825.620049;0.369316;0.365920;0.464710;0.556254;0.544851;0.550707;0.568815;0.579268;0.549495;0.536023;;;;;;;;;;
1826.584455;0.372095;0.359718;0.468900;0.555597;0.544849;0.541662;0.571662;0.583949;0.539667;0.536557;;;;;;;;;;
1827.548861;0.365158;0.358566;0.470682;0.552374;0.546093;0.551380;0.573473;0.581301;0.549427;0.546095;;;;;;;;;;
1828.513266;0.361325;0.361863;0.467286;0.547873;0.551667;0.552169;0.568590;0.563755;0.558981;0.546013;;;;;;;;;;
1829.477672;0.363770;0.363411;0.466988;0.536862;0.554572;0.551346;0.568779;0.551949;0.555208;0.540657;;;;;;;;;;
1830.442078;0.365506;0.367340;0.468671;0.536368;0.555654;0.564341;0.571252;0.550566;0.551567;0.531949;;;;;;;;;;
1831.406484;0.369340;0.374217;0.472220;0.549924;0.561067;0.572967;0.574519;0.552820;0.555164;0.530087;;;;;;;;;;
1832.370889;0.368184;0.374210;0.467914;0.556363;0.556892;0.570136;0.576005;0.553773;0.557813;0.542927;;;;;;;;;;
1833.335295;0.362927;0.368104;0.457673;0.552000;0.549197;0.561834;0.572459;0.551543;0.551643;0.551560;;;;;;;;;;
1834.299701;0.365727;0.367274;0.459745;0.552020;0.557767;0.560170;0.569752;0.553598;0.544256;0.546827;;;;;;;;;;
1835.264106;0.368661;0.371916;0.464616;0.555072;0.568312;0.562467;0.572543;0.553997;0.543736;0.542548;;;;;;;;;;
1836.228512;0.365828;0.374843;0.460534;0.553048;0.572191;0.551796;0.579393;0.553129;0.546059;0.547908;;;;;;;;;;
1837.192918;0.365930;0.373952;0.464689;0.547563;0.568704;0.543017;0.580269;0.557727;0.551256;0.551332;;;;;;;;;;
1838.157324;0.367182;0.373474;0.470838;0.542392;0.554698;0.553608;0.569823;0.557802;0.557352;0.549566;;;;;;;;;;
1839.121729;0.367231;0.378240;0.465960;0.542986;0.555075;0.562727;0.562102;0.556576;0.562388;0.551008;;;;;;;;;;
1840.086135;0.368242;0.382914;0.469922;0.543967;0.564994;0.561053;0.566008;0.563164;0.562569;0.542380;;;;;;;;;;
1841.050541;0.365381;0.379013;0.477009;0.544237;0.563040;0.563070;0.567719;0.567163;0.552625;0.527027;;;;;;;;;;
1842.014947;0.361959;0.373885;0.474148;0.549750;0.560775;0.563842;0.565766;0.561374;0.545547;0.527118;;;;;;;;;;
1842.979352;0.366146;0.372648;0.477158;0.551026;0.550760;0.563010;0.565843;0.553943;0.544380;0.542351;;;;;;;;;;
1843.943758;0.372067;0.365914;0.475525;0.546661;0.540160;0.562940;0.563694;0.552070;0.540711;0.552728;;;;;;;;;;
1844.908164;0.368257;0.363692;0.462286;0.547224;0.555034;0.559219;0.567486;0.554098;0.544599;0.543357;;;;;;;;;;
1845.872570;0.362341;0.370866;0.458970;0.547882;0.567105;0.559996;0.568077;0.554243;0.558084;0.532898;;;;;;;;;;
1846.836975;0.365799;0.368326;0.461745;0.543933;0.561207;0.561075;0.561628;0.554162;0.559562;0.531621;;;;;;;;;;
1847.801381;0.367780;0.363063;0.464421;0.546749;0.560698;0.558061;0.565452;0.557975;0.545065;0.533880;;;;;;;;;;
1848.765787;0.362492;0.365728;0.469036;0.550370;0.567439;0.556627;0.568348;0.561092;0.543329;0.542641;;;;;;;;;;
1849.730192;0.361377;0.366860;0.473240;0.542746;0.569469;0.559578;0.565914;0.560862;0.551201;0.546377;;;;;;;;;;
1850.694598;0.362238;0.369017;0.479840;0.547897;0.560589;0.565538;0.568161;0.561957;0.546303;0.541800;;;;;;;;;;
1851.659004;0.364519;0.369519;0.482970;0.563946;0.543462;0.564227;0.565935;0.563488;0.538981;0.543232;;;;;;;;;;
1852.623410;0.369878;0.366912;0.475467;0.559190;0.536056;0.564790;0.563825;0.558812;0.541904;0.540511;;;;;;;;;;
1853.587815;0.374077;0.369234;0.467080;0.545912;0.545714;0.576679;0.572271;0.556003;0.548894;0.540808;;;;;;;;;;
1854.552221;0.379597;0.374123;0.466652;0.540756;0.554696;0.582405;0.575918;0.561443;0.543769;0.556118;;;;;;;;;;
1855.516627;0.382085;0.381947;0.472461;0.541705;0.556597;0.580525;0.566686;0.558396;0.532592;0.556913;;;;;;;;;;
1856.481033;0.381801;0.387476;0.476678;0.549329;0.557933;0.579968;0.562089;0.551802;0.536279;0.549114;;;;;;;;;;
1857.445438;0.383932;0.386239;0.475799;0.550202;0.552676;0.573351;0.568880;0.560840;0.547772;0.559929;;;;;;;;;;
1858.409844;0.377261;0.385709;0.474105;0.541567;0.549454;0.565398;0.576248;0.572323;0.551867;0.562611;;;;;;;;;;
1859.374250;0.368500;0.380525;0.472943;0.544225;0.556928;0.568036;0.577044;0.570188;0.546374;0.548222;;;;;;;;;;
1860.338655;0.375726;0.369858;0.473831;0.553534;0.561616;0.567389;0.576225;0.564976;0.547539;0.544778;;;;;;;;;;
1861.303061;0.382231;0.366328;0.476125;0.550177;0.560299;0.559439;0.582077;0.565036;0.555130;0.544334;;;;;;;;;;
1862.267467;0.374236;0.370844;0.473665;0.543395;0.554842;0.557030;0.585675;0.562536;0.544601;0.539033;;;;;;;;;;
1863.231873;0.370429;0.374004;0.472825;0.545972;0.547322;0.553140;0.575935;0.559951;0.538010;0.540193;;;;;;;;;;
1864.196278;0.374546;0.370481;0.477271;0.553755;0.546963;0.553345;0.568248;0.560786;0.550320;0.543678;;;;;;;;;;
1865.160684;0.378580;0.368948;0.477787;0.559069;0.556729;0.559984;0.573688;0.557410;0.557399;0.552460;;;;;;;;;;
1866.125090;0.380984;0.378330;0.478421;0.563179;0.567810;0.554710;0.580269;0.557520;0.557725;0.562053;;;;;;;;;;
1867.089496;0.376118;0.384392;0.479444;0.561932;0.562787;0.545242;0.577854;0.566130;0.553807;0.557914;;;;;;;;;;
1868.053901;0.364880;0.375494;0.475122;0.543750;0.552021;0.546378;0.572634;0.570699;0.550307;0.549310;;;;;;;;;;
1869.018307;0.355151;0.371712;0.470897;0.530071;0.552246;0.555756;0.576699;0.567175;0.554751;0.545842;;;;;;;;;;
1869.982713;0.356768;0.380563;0.471657;0.542005;0.556690;0.561261;0.583645;0.566305;0.558479;0.553887;;;;;;;;;;
1870.947119;0.367796;0.380400;0.477577;0.553015;0.565074;0.556638;0.581837;0.568889;0.559669;0.562439;;;;;;;;;;
1871.911524;0.371986;0.371154;0.475674;0.545780;0.561908;0.549273;0.576428;0.566187;0.556909;0.552408;;;;;;;;;;
1872.875930;0.370647;0.371128;0.471786;0.541943;0.543989;0.546163;0.575123;0.560109;0.547849;0.545427;;;;;;;;;;
1873.840336;0.372236;0.375722;0.482291;0.547376;0.544556;0.551673;0.578555;0.554682;0.539777;0.547795;;;;;;;;;;
1874.804741;0.372247;0.373768;0.486593;0.548735;0.557537;0.557090;0.572287;0.555449;0.536221;0.545015;;;;;;;;;;
1875.769147;0.371353;0.370161;0.481348;0.549003;0.559333;0.552528;0.563321;0.561714;0.536047;0.547118;;;;;;;;;;
1876.733553;0.372219;0.367568;0.475045;0.549511;0.556919;0.551689;0.571277;0.557507;0.541450;0.545270;;;;;;;;;;
1877.697959;0.374103;0.369890;0.466581;0.551703;0.555188;0.559855;0.576266;0.546845;0.551509;0.536988;;;;;;;;;;
1878.662364;0.374312;0.374689;0.470533;0.558564;0.555004;0.564798;0.569366;0.544365;0.558463;0.539137;;;;;;;;;;
1879.626770;0.369848;0.373074;0.475459;0.556774;0.555366;0.565761;0.565827;0.548114;0.560995;0.544169;;;;;;;;;;
1880.591176;0.370876;0.377291;0.471695;0.556189;0.554072;0.565571;0.567146;0.555548;0.556504;0.550209;;;;;;;;;;
1881.555582;0.379441;0.387119;0.470819;0.561911;0.559841;0.563736;0.572686;0.565525;0.545396;0.552215;;;;;;;;;;
1882.519987;0.377625;0.384918;0.468801;0.556907;0.567179;0.562322;0.577261;0.569218;0.543139;0.545937;;;;;;;;;;
1883.484393;0.372074;0.377503;0.466244;0.554705;0.569265;0.563794;0.574998;0.564603;0.552268;0.548654;;;;;;;;;;
1884.448799;0.375508;0.376318;0.467343;0.551064;0.570544;0.570431;0.570013;0.566305;0.557048;0.548036;;;;;;;;;;
1885.413204;0.374601;0.379765;0.474390;0.541072;0.566462;0.577681;0.576069;0.575858;0.555562;0.536665;;;;;;;;;;
1886.377610;0.370544;0.379679;0.481028;0.549518;0.565895;0.579470;0.586737;0.578403;0.561793;0.538755;;;;;;;;;;
1887.342016;0.373380;0.376073;0.478729;0.564056;0.569641;0.578542;0.583447;0.572758;0.568041;0.551843;;;;;;;;;;
1888.306422;0.376123;0.374408;0.477201;0.568967;0.561533;0.578093;0.577786;0.565035;0.558565;0.557316;;;;;;;;;;
1889.270827;0.373990;0.370541;0.478804;0.568591;0.556246;0.572111;0.577737;0.556554;0.545957;0.550557;;;;;;;;;;
1890.235233;0.372865;0.373286;0.479920;0.561939;0.566012;0.566025;0.582728;0.548964;0.544202;0.539972;;;;;;;;;;
1891.199639;0.376763;0.380411;0.475730;0.557016;0.569297;0.570299;0.586987;0.550486;0.552861;0.532780;;;;;;;;;;
1892.164045;0.378716;0.374335;0.469315;0.551457;0.560730;0.566837;0.577492;0.562233;0.558727;0.532181;;;;;;;;;;
1893.128450;0.377255;0.371714;0.473446;0.546514;0.556305;0.559163;0.569729;0.567896;0.552742;0.544983;;;;;;;;;;
1894.092856;0.377300;0.376812;0.475511;0.547065;0.553991;0.564018;0.572052;0.568982;0.554999;0.555188;;;;;;;;;;
1895.057262;0.376693;0.374664;0.472170;0.545634;0.549055;0.563172;0.571742;0.573138;0.569992;0.549171;;;;;;;;;;
1896.021668;0.376978;0.373222;0.474084;0.546781;0.550110;0.562833;0.570420;0.569206;0.572630;0.547173;;;;;;;;;;
1896.986073;0.376705;0.372024;0.472025;0.551572;0.558786;0.571805;0.572909;0.564245;0.558750;0.549938;;;;;;;;;;
1897.950479;0.373159;0.367406;0.469598;0.549468;0.561122;0.571039;0.573592;0.564573;0.545867;0.546723;;;;;;;;;;
1898.914885;0.370070;0.364215;0.474437;0.541745;0.547575;0.561732;0.564563;0.561030;0.541185;0.540487;;;;;;;;;;
1899.879290;0.367814;0.364479;0.480024;0.542538;0.541281;0.554459;0.559678;0.557753;0.544350;0.531881;;;;;;;;;;
1900.843696;0.367850;0.368085;0.477586;0.551958;0.554477;0.557424;0.572420;0.557979;0.551707;0.532028;;;;;;;;;;
1901.808102;0.368871;0.370641;0.468951;0.552490;0.562673;0.567725;0.579030;0.559223;0.555778;0.545346;;;;;;;;;;
1902.772508;0.369359;0.370117;0.472349;0.547305;0.561241;0.571540;0.571272;0.557036;0.554433;0.554927;;;;;;;;;;
1903.736913;0.371725;0.366773;0.480452;0.544453;0.563210;0.564699;0.567854;0.552068;0.553082;0.554142;;;;;;;;;;
1904.701319;0.375587;0.370373;0.474442;0.542014;0.563349;0.558195;0.569663;0.553889;0.556432;0.554361;;;;;;;;;;
1905.665725;0.380904;0.378633;0.471790;0.543100;0.557662;0.562977;0.578334;0.557781;0.551779;0.556028;;;;;;;;;;
1906.630131;0.379148;0.379260;0.480187;0.543537;0.555291;0.566119;0.582928;0.560621;0.541119;0.548170;;;;;;;;;;
1907.594536;0.370357;0.382278;0.484527;0.546624;0.560159;0.567702;0.570871;0.568298;0.544648;0.540777;;;;;;;;;;
1908.558942;0.370957;0.384441;0.486029;0.553236;0.564395;0.576245;0.566562;0.570334;0.546574;0.545086;;;;;;;;;;
1909.523348;0.373770;0.381215;0.483758;0.550118;0.566248;0.574346;0.577894;0.561805;0.542085;0.546283;;;;;;;;;;
1910.487754;0.369546;0.379052;0.469967;0.544248;0.568652;0.568098;0.587033;0.557285;0.545818;0.540391;;;;;;;;;;
1911.452159;0.369223;0.374839;0.460267;0.546108;0.566762;0.568554;0.583020;0.556575;0.547614;0.536967;;;;;;;;;;
1912.416565;0.373772;0.377333;0.464770;0.550352;0.560259;0.561097;0.572245;0.554216;0.547188;0.534035;;;;;;;;;;
1913.380971;0.379446;0.381705;0.472882;0.550125;0.557604;0.550584;0.566013;0.562828;0.546290;0.533944;;;;;;;;;;
1914.345376;0.382785;0.374567;0.479295;0.551245;0.560237;0.554992;0.558698;0.569184;0.546382;0.535842;;;;;;;;;;
1915.309782;0.377762;0.367190;0.483855;0.558050;0.562082;0.568716;0.556937;0.561463;0.548754;0.532647;;;;;;;;;;
1916.274188;0.372488;0.368227;0.489194;0.554717;0.561327;0.571541;0.568286;0.561703;0.544348;0.537493;;;;;;;;;;
1917.238594;0.370862;0.375363;0.492676;0.549539;0.559847;0.564754;0.577091;0.565745;0.546166;0.551830;;;;;;;;;;
1918.202999;0.365900;0.380298;0.487249;0.560446;0.560251;0.560619;0.581766;0.569889;0.555977;0.554398;;;;;;;;;;
1919.167405;0.365810;0.379811;0.484260;0.566585;0.562685;0.559617;0.581242;0.576955;0.561350;0.547651;;;;;;;;;;
1920.131811;0.378910;0.381583;0.489071;0.558250;0.562367;0.563890;0.581586;0.577188;0.568281;0.543997;;;;;;;;;;
1921.096217;0.389373;0.382623;0.490672;0.550887;0.561730;0.569915;0.597486;0.572496;0.569470;0.545653;;;;;;;;;;
1922.060622;0.381738;0.374909;0.482891;0.548797;0.561701;0.566515;0.592948;0.560740;0.558343;0.552087;;;;;;;;;;
1923.025028;0.374069;0.367237;0.468907;0.550608;0.553432;0.558054;0.567347;0.556130;0.548549;0.556758;;;;;;;;;;
1923.989434;0.379530;0.372487;0.463468;0.560162;0.550869;0.559538;0.570344;0.563573;0.546826;0.556152;;;;;;;;;;
1924.953839;0.382587;0.384599;0.473408;0.567691;0.561158;0.569437;0.576937;0.567357;0.547970;0.555287;;;;;;;;;;
1925.918245;0.381961;0.389615;0.480293;0.560441;0.557898;0.575309;0.568918;0.567145;0.548146;0.554508;;;;;;;;;;
1926.882651;0.381425;0.386611;0.476251;0.553320;0.549131;0.577703;0.571888;0.556176;0.542086;0.551257;;;;;;;;;;
1927.847057;0.375872;0.382738;0.479787;0.550152;0.559431;0.579440;0.572632;0.557513;0.535848;0.546605;;;;;;;;;;
1928.811462;0.373249;0.379789;0.492746;0.544730;0.571958;0.578638;0.568613;0.571051;0.545652;0.540717;;;;;;;;;;
1929.775868;0.374762;0.379227;0.495637;0.550493;0.569258;0.573728;0.575335;0.559607;0.557488;0.539344;;;;;;;;;;
1930.740274;0.375460;0.379675;0.486436;0.560351;0.557231;0.568036;0.581775;0.553488;0.553243;0.542636;;;;;;;;;;
1931.704680;0.377067;0.375240;0.479850;0.558708;0.548599;0.567045;0.577936;0.559024;0.546139;0.545283;;;;;;;;;;
1932.669085;0.379779;0.371036;0.477722;0.558010;0.552038;0.564087;0.574583;0.553356;0.547065;0.552072;;;;;;;;;;
1933.633491;0.383294;0.373325;0.480857;0.562453;0.558956;0.566140;0.576851;0.552163;0.554052;0.553342;;;;;;;;;;
1934.597897;0.382511;0.376167;0.486167;0.560145;0.561709;0.578679;0.574075;0.551447;0.555550;0.544138;;;;;;;;;;
1935.562303;0.377194;0.376740;0.481887;0.556558;0.563111;0.581783;0.575284;0.551910;0.550846;0.540704;;;;;;;;;;
1936.526708;0.377675;0.378004;0.478747;0.562383;0.564314;0.574643;0.586654;0.558808;0.552732;0.545304;;;;;;;;;;
1937.491114;0.385166;0.376193;0.478001;0.566637;0.568012;0.569126;0.589388;0.562461;0.557421;0.549860;;;;;;;;;;
1938.455520;0.384909;0.373436;0.474390;0.561932;0.571060;0.567801;0.585977;0.564878;0.555432;0.549851;;;;;;;;;;
1939.419925;0.375899;0.375725;0.478938;0.556926;0.573945;0.567220;0.586300;0.563473;0.550058;0.554124;;;;;;;;;;
1940.384331;0.375306;0.376712;0.483272;0.551392;0.580438;0.563040;0.586587;0.562468;0.549892;0.562829;;;;;;;;;;
1941.348737;0.377345;0.376024;0.484966;0.549266;0.575941;0.560813;0.583360;0.564864;0.552541;0.557485;;;;;;;;;;
1942.313143;0.372833;0.376441;0.485256;0.557383;0.558091;0.564549;0.572558;0.562541;0.558311;0.545794;;;;;;;;;;
1943.277548;0.375999;0.376655;0.485142;0.565384;0.546832;0.572257;0.560720;0.562152;0.572620;0.545416;;;;;;;;;;
1944.241954;0.383861;0.377784;0.496465;0.564974;0.548775;0.573489;0.555104;0.561858;0.571343;0.550124;;;;;;;;;;
1945.206360;0.382876;0.380150;0.495158;0.553737;0.554133;0.565875;0.558909;0.557358;0.551306;0.547158;;;;;;;;;;
1946.170766;0.381035;0.388107;0.480696;0.544917;0.558505;0.563851;0.573256;0.564504;0.543126;0.537078;;;;;;;;;;
1947.135171;0.381874;0.390528;0.480579;0.562828;0.566560;0.564450;0.579335;0.575682;0.544032;0.531327;;;;;;;;;;
1948.099577;0.375904;0.382929;0.478161;0.585341;0.571313;0.561313;0.576903;0.565171;0.544652;0.538619;;;;;;;;;;
1949.063983;0.371137;0.380478;0.475182;0.575277;0.567153;0.572294;0.581233;0.550622;0.547985;0.553568;;;;;;;;;;
1950.028388;0.374632;0.379137;0.485547;0.558344;0.560841;0.589422;0.574591;0.554352;0.545540;0.556095;;;;;;;;;;
1950.992794;0.377153;0.378781;0.484241;0.558374;0.560357;0.575085;0.565495;0.558917;0.541223;0.549061;;;;;;;;;;
1951.957200;0.381396;0.382960;0.477094;0.558939;0.565374;0.553483;0.575067;0.555532;0.547239;0.547586;;;;;;;;;;
1952.921606;0.386955;0.385429;0.487959;0.555077;0.563429;0.557775;0.579271;0.558974;0.558328;0.551233;;;;;;;;;;
1953.886011;0.387168;0.384394;0.496479;0.551828;0.563314;0.570791;0.580855;0.565102;0.565388;0.557548;;;;;;;;;;
1954.850417;0.391185;0.379285;0.495226;0.544956;0.571823;0.582947;0.593433;0.559208;0.562487;0.554151;;;;;;;;;;
1955.814823;0.393144;0.379410;0.493621;0.546088;0.570637;0.583355;0.599236;0.550751;0.556526;0.546369;;;;;;;;;;
1956.779229;0.381944;0.386150;0.488135;0.555480;0.563837;0.567920;0.598137;0.552664;0.558823;0.549656;;;;;;;;;;
1957.743634;0.375042;0.389986;0.487566;0.553075;0.565897;0.566259;0.588421;0.561668;0.555712;0.550888;;;;;;;;;;
1958.708040;0.377901;0.388637;0.488721;0.550081;0.571666;0.583174;0.574003;0.568706;0.550659;0.551329;;;;;;;;;;
1959.672446;0.377856;0.386619;0.490071;0.559668;0.574452;0.589971;0.571977;0.566829;0.556200;0.554331;;;;;;;;;;
1960.636852;0.378039;0.389387;0.495428;0.564042;0.577184;0.576204;0.574064;0.567642;0.548525;0.544514;;;;;;;;;;
1961.601257;0.380910;0.389742;0.486918;0.555770;0.575896;0.564094;0.578832;0.572886;0.539216;0.537852;;;;;;;;;;
1962.565663;0.381527;0.387711;0.477480;0.559533;0.566012;0.564271;0.581877;0.570256;0.555498;0.550327;;;;;;;;;;
1963.530069;0.385709;0.387248;0.488086;0.579193;0.558618;0.570201;0.571536;0.567663;0.569569;0.560491;;;;;;;;;;
1964.494474;0.390973;0.384968;0.499299;0.579537;0.555268;0.577621;0.567355;0.566118;0.568040;0.552989;;;;;;;;;;
1965.458880;0.385963;0.385896;0.494482;0.562228;0.556651;0.576822;0.572208;0.565102;0.574069;0.541475;;;;;;;;;;
1966.423286;0.377208;0.384726;0.485060;0.553866;0.562636;0.567203;0.574897;0.562796;0.574156;0.538307;;;;;;;;;;
1967.387692;0.373519;0.377490;0.481973;0.554900;0.559837;0.562373;0.582606;0.550761;0.554186;0.540105;;;;;;;;;;
1968.352097;0.375716;0.377711;0.481684;0.559406;0.560129;0.568067;0.583654;0.548392;0.547245;0.544908;;;;;;;;;;
1969.316503;0.382025;0.386176;0.487048;0.562641;0.566710;0.574206;0.579073;0.560276;0.555028;0.554179;;;;;;;;;;
1970.280909;0.385692;0.390397;0.494530;0.565632;0.560735;0.572179;0.589500;0.569207;0.552023;0.556515;;;;;;;;;;
1971.245315;0.389644;0.390786;0.489553;0.572346;0.556715;0.567507;0.596885;0.572988;0.549684;0.549312;;;;;;;;;;
1972.209720;0.394145;0.396140;0.483878;0.579249;0.563141;0.568410;0.596404;0.571049;0.558365;0.544462;;;;;;;;;;
1973.174126;0.390120;0.398337;0.484043;0.574896;0.569433;0.577325;0.597627;0.567852;0.570063;0.546465;;;;;;;;;;
1974.138532;0.382205;0.387310;0.479158;0.563130;0.575873;0.582250;0.586999;0.568347;0.573953;0.554403;;;;;;;;;;
1975.102938;0.379476;0.377474;0.478415;0.567211;0.578653;0.582108;0.582950;0.575073;0.572736;0.556113;;;;;;;;;;
1976.067343;0.382103;0.382230;0.485568;0.573799;0.579026;0.584849;0.588736;0.585161;0.571991;0.549763;;;;;;;;;;
1977.031749;0.384907;0.389263;0.488704;0.562287;0.580272;0.579038;0.584138;0.590470;0.558672;0.554734;;;;;;;;;;
1977.996155;0.381404;0.387360;0.488632;0.555982;0.576020;0.575777;0.584765;0.591457;0.548319;0.562630;;;;;;;;;;
1978.960560;0.372104;0.386049;0.488654;0.559969;0.568230;0.584971;0.584565;0.582266;0.550277;0.553411;;;;;;;;;;
1979.924966;0.369302;0.388728;0.486673;0.555211;0.562274;0.581011;0.574125;0.568320;0.547906;0.541494;;;;;;;;;;
1980.889372;0.377411;0.390820;0.490583;0.549873;0.561417;0.568534;0.578134;0.569889;0.550256;0.544670;;;;;;;;;;
1981.853778;0.381347;0.388816;0.499860;0.556486;0.566217;0.566895;0.595206;0.585367;0.558193;0.556574;;;;;;;;;;
1982.818183;0.374168;0.381597;0.497579;0.557915;0.565250;0.567276;0.597180;0.588523;0.557725;0.561420;;;;;;;;;;
1983.782589;0.368915;0.381515;0.488596;0.551887;0.556206;0.570441;0.581629;0.571446;0.548715;0.557600;;;;;;;;;;
1984.746995;0.374900;0.387830;0.484247;0.557023;0.558592;0.579517;0.572129;0.560955;0.544901;0.553865;;;;;;;;;;
1985.711401;0.380767;0.384252;0.482768;0.561163;0.570295;0.582830;0.572840;0.558317;0.549872;0.554326;;;;;;;;;;
1986.675806;0.381073;0.379896;0.486143;0.558173;0.571227;0.587107;0.574984;0.557536;0.549810;0.555873;;;;;;;;;;
1987.640212;0.383295;0.383778;0.488474;0.559124;0.567394;0.598167;0.579431;0.568369;0.549430;0.555069;;;;;;;;;;
1988.604618;0.381451;0.388864;0.485563;0.561186;0.567283;0.602743;0.583241;0.569881;0.553463;0.553670;;;;;;;;;;
1989.569023;0.380176;0.391196;0.479589;0.561791;0.566762;0.596226;0.577658;0.563317;0.560526;0.551493;;;;;;;;;;
1990.533429;0.386702;0.386269;0.474558;0.554170;0.565296;0.581459;0.570561;0.568273;0.570535;0.550570;;;;;;;;;;
1991.497835;0.391827;0.382375;0.478243;0.551523;0.566343;0.572460;0.581869;0.572311;0.573237;0.555423;;;;;;;;;;
1992.462241;0.394100;0.389384;0.486684;0.563649;0.567007;0.577349;0.596737;0.575635;0.563364;0.555131;;;;;;;;;;
1993.426646;0.394404;0.397928;0.495820;0.563370;0.567291;0.568502;0.594395;0.579203;0.543594;0.543116;;;;;;;;;;
1994.391052;0.396034;0.396821;0.494752;0.555784;0.574407;0.550288;0.587178;0.572318;0.539612;0.538653;;;;;;;;;;
1995.355458;0.397435;0.387813;0.483501;0.559486;0.569756;0.564298;0.580221;0.559034;0.558370;0.543763;;;;;;;;;;
1996.319864;0.392086;0.385994;0.484782;0.564777;0.557009;0.586819;0.577296;0.555128;0.568071;0.540672;;;;;;;;;;
1997.284269;0.388854;0.395203;0.490857;0.570478;0.567626;0.577957;0.580754;0.569864;0.572403;0.543784;;;;;;;;;;
1998.248675;0.389731;0.400021;0.491579;0.573182;0.584843;0.569010;0.585144;0.576776;0.575953;0.558299;;;;;;;;;;
1999.213081;0.392639;0.392456;0.492681;0.571840;0.585340;0.578610;0.593095;0.564629;0.563493;0.561234;;;;;;;;;;
2000.177487;0.393860;0.383381;0.488046;0.572772;0.575289;0.585932;0.599448;0.559065;0.553237;0.556641;;;;;;;;;;
2001.141892;0.384941;0.382681;0.479002;0.568439;0.570036;0.579661;0.596396;0.561639;0.558973;0.556048;;;;;;;;;;
2002.106298;0.378653;0.387278;0.477269;0.566551;0.576837;0.574100;0.590023;0.566553;0.568690;0.565119;;;;;;;;;;
2003.070704;0.379363;0.393350;0.482541;0.573242;0.576397;0.577068;0.587153;0.562397;0.576378;0.579720;;;;;;;;;;
2004.035109;0.377158;0.392231;0.480752;0.566669;0.569572;0.574234;0.584052;0.549542;0.579100;0.578587;;;;;;;;;;
2004.999515;0.378303;0.384518;0.480581;0.559584;0.567322;0.568399;0.579263;0.560121;0.572819;0.566749;;;;;;;;;;
2005.963921;0.383641;0.383367;0.490463;0.576705;0.564576;0.567726;0.577628;0.576632;0.569373;0.552925;;;;;;;;;;
2006.928327;0.387415;0.383071;0.495597;0.592116;0.566175;0.569672;0.578173;0.569777;0.572022;0.539987;;;;;;;;;;
2007.892732;0.389691;0.383434;0.501901;0.587276;0.574011;0.578630;0.589144;0.570458;0.568025;0.542525;;;;;;;;;;
2008.857138;0.389838;0.389262;0.506031;0.579743;0.585250;0.586986;0.605121;0.577805;0.559491;0.552406;;;;;;;;;;
2009.821544;0.391422;0.390110;0.498112;0.576454;0.589543;0.587242;0.597717;0.574170;0.552571;0.550875;;;;;;;;;;
2010.785950;0.391144;0.387834;0.491928;0.573389;0.581548;0.584233;0.582561;0.575680;0.549414;0.544317;;;;;;;;;;
2011.750355;0.385218;0.387562;0.487480;0.569581;0.579734;0.574312;0.580714;0.577275;0.553957;0.545390;;;;;;;;;;
2012.714761;0.385428;0.387576;0.484512;0.568273;0.582433;0.566325;0.573047;0.574055;0.559153;0.548130;;;;;;;;;;
2013.679167;0.391907;0.389213;0.490430;0.568968;0.576448;0.577286;0.565350;0.574502;0.559791;0.551657;;;;;;;;;;
2014.643572;0.392273;0.388574;0.497038;0.570078;0.577170;0.588135;0.577888;0.571432;0.561174;0.564376;;;;;;;;;;
2015.607978;0.388128;0.388547;0.496416;0.572954;0.586254;0.579142;0.596082;0.574548;0.559905;0.572692;;;;;;;;;;
2016.572384;0.387581;0.396378;0.498803;0.573169;0.581895;0.575834;0.597068;0.583081;0.561758;0.568338;;;;;;;;;;
2017.536790;0.393229;0.400951;0.505852;0.569774;0.577454;0.585880;0.590096;0.573869;0.573856;0.562939;;;;;;;;;;
2018.501195;0.397413;0.393020;0.503472;0.571503;0.586504;0.584967;0.596099;0.560734;0.572008;0.563388;;;;;;;;;;
2019.465601;0.392871;0.385696;0.497755;0.575063;0.590882;0.578973;0.605536;0.562276;0.557981;0.564450;;;;;;;;;;
2020.430007;0.386865;0.388137;0.496296;0.570686;0.588792;0.582308;0.602164;0.568701;0.561107;0.557669;;;;;;;;;;
2021.394413;0.383356;0.391944;0.492367;0.572758;0.583811;0.577596;0.598138;0.570029;0.566242;0.549254;;;;;;;;;;
2022.358818;0.383093;0.392465;0.486673;0.582031;0.581946;0.572336;0.600663;0.569710;0.560370;0.540611;;;;;;;;;;
2023.323224;0.388512;0.392401;0.482964;0.577001;0.586304;0.581044;0.596426;0.574615;0.562604;0.538159;;;;;;;;;;
2024.287630;0.391049;0.389820;0.480614;0.568839;0.574126;0.574521;0.580125;0.578860;0.562515;0.551644;;;;;;;;;;
2025.252036;0.385189;0.389856;0.478766;0.562521;0.553366;0.565809;0.570613;0.575037;0.552631;0.560291;;;;;;;;;;
2026.216441;0.381647;0.393099;0.483862;0.554701;0.552364;0.581573;0.580424;0.575468;0.554042;0.556862;;;;;;;;;;
2027.180847;0.388048;0.392704;0.491368;0.562922;0.565803;0.592483;0.587258;0.586138;0.561865;0.554646;;;;;;;;;;
2028.145253;0.391744;0.391929;0.489062;0.577526;0.570694;0.588811;0.583887;0.585297;0.561425;0.554074;;;;;;;;;;
2029.109658;0.386269;0.386921;0.487149;0.580975;0.563959;0.584619;0.591649;0.574470;0.558339;0.556443;;;;;;;;;;
2030.074064;0.385029;0.380917;0.490087;0.580626;0.562088;0.584147;0.599182;0.576665;0.559772;0.555181;;;;;;;;;;
2031.038470;0.388122;0.383732;0.491036;0.581539;0.568712;0.592423;0.593189;0.584691;0.566772;0.551691;;;;;;;;;;
2032.002876;0.390350;0.389056;0.497609;0.582719;0.575569;0.602943;0.590548;0.588193;0.568645;0.561590;;;;;;;;;;
2032.967281;0.396992;0.396355;0.510773;0.579937;0.578536;0.601187;0.595565;0.588021;0.565148;0.573579;;;;;;;;;;
2033.931687;0.400440;0.401745;0.516060;0.573144;0.582178;0.587881;0.604684;0.582825;0.572222;0.567688;;;;;;;;;;
2034.896093;0.390802;0.398813;0.510887;0.570568;0.591364;0.583546;0.606625;0.576099;0.580849;0.562236;;;;;;;;;;
2035.860499;0.381848;0.394535;0.505218;0.575258;0.591449;0.583531;0.596218;0.572804;0.575759;0.568167;;;;;;;;;;
2036.824904;0.386947;0.391158;0.499674;0.574590;0.578593;0.576849;0.596246;0.579420;0.573008;0.563237;;;;;;;;;;
2037.789310;0.394636;0.389473;0.496197;0.568949;0.574783;0.581133;0.603666;0.584373;0.575452;0.553761;;;;;;;;;;
2038.753716;0.393749;0.387310;0.499775;0.572145;0.580973;0.591426;0.598588;0.576310;0.568802;0.553749;;;;;;;;;;
2039.718121;0.394501;0.383437;0.501362;0.568396;0.579946;0.589054;0.597016;0.575783;0.570236;0.558943;;;;;;;;;;
2040.682527;0.400134;0.386163;0.497134;0.561652;0.575643;0.580539;0.600444;0.584433;0.585468;0.575951;;;;;;;;;;
2041.646933;0.397642;0.389148;0.493289;0.569991;0.574703;0.578371;0.593959;0.584183;0.583625;0.589728;;;;;;;;;;
2042.611339;0.386603;0.383472;0.488103;0.572734;0.571505;0.584642;0.594019;0.580394;0.570144;0.581739;;;;;;;;;;
2043.575744;0.384754;0.383721;0.485611;0.568751;0.570514;0.590334;0.602151;0.579954;0.572930;0.572955;;;;;;;;;;
2044.540150;0.394031;0.392750;0.490555;0.571471;0.574054;0.590909;0.602299;0.582541;0.578287;0.576225;;;;;;;;;;
2045.504556;0.394324;0.396942;0.493303;0.573529;0.572277;0.591644;0.601199;0.582154;0.571872;0.574329;;;;;;;;;;
2046.468962;0.387243;0.399432;0.491451;0.571579;0.568451;0.595653;0.603573;0.571206;0.571856;0.558040;;;;;;;;;;
2047.433367;0.389559;0.397769;0.492917;0.569325;0.572576;0.598696;0.604594;0.566303;0.572194;0.547358;;;;;;;;;;
2048.397773;0.393464;0.389298;0.498108;0.570384;0.582832;0.592728;0.596179;0.569737;0.556782;0.553121;;;;;;;;;;
2049.362179;0.390354;0.389727;0.499375;0.566709;0.594591;0.587449;0.585149;0.570315;0.547311;0.561078;;;;;;;;;;
2050.326585;0.386624;0.394842;0.497470;0.563795;0.593975;0.597679;0.594393;0.578153;0.551112;0.563965;;;;;;;;;;
2051.290990;0.385282;0.393565;0.504954;0.572518;0.583084;0.606270;0.611223;0.589185;0.557944;0.569147;;;;;;;;;;
2052.255396;0.389450;0.391626;0.512351;0.575568;0.588582;0.597482;0.609048;0.593009;0.569612;0.571034;;;;;;;;;;
2053.219802;0.395554;0.388908;0.503278;0.572232;0.592955;0.587752;0.603902;0.584601;0.574445;0.562438;;;;;;;;;;
2054.184207;0.393557;0.386240;0.495439;0.578361;0.579632;0.587462;0.603253;0.571265;0.570527;0.553510;;;;;;;;;;
2055.148613;0.390903;0.388689;0.504804;0.584058;0.584027;0.594174;0.592876;0.575625;0.568932;0.552539;;;;;;;;;;
2056.113019;0.393751;0.391545;0.517044;0.578333;0.594980;0.597754;0.589630;0.584432;0.560509;0.560794;;;;;;;;;;
2057.077425;0.388825;0.393188;0.510591;0.573379;0.585063;0.585824;0.599564;0.580436;0.551931;0.564950;;;;;;;;;;
2058.041830;0.381913;0.398238;0.496876;0.578664;0.583784;0.573287;0.600847;0.575582;0.563203;0.562223;;;;;;;;;;
2059.006236;0.385948;0.402118;0.497798;0.581453;0.593056;0.579197;0.593376;0.572041;0.576996;0.564164;;;;;;;;;;
2059.970642;0.390896;0.403911;0.504736;0.575508;0.590203;0.587303;0.587903;0.567884;0.568117;0.560624;;;;;;;;;;
2060.935048;0.394274;0.405721;0.510217;0.573003;0.590119;0.587723;0.589358;0.563934;0.557511;0.560956;;;;;;;;;;
2061.899453;0.396690;0.397606;0.510544;0.576444;0.595629;0.595338;0.591702;0.559362;0.563829;0.567866;;;;;;;;;;
2062.863859;0.395072;0.387226;0.502708;0.584506;0.592118;0.597619;0.590710;0.563293;0.568411;0.563194;;;;;;;;;;
2063.828265;0.392692;0.389877;0.499557;0.592084;0.585631;0.586822;0.598427;0.577450;0.562447;0.561377;;;;;;;;;;
2064.792671;0.390226;0.393693;0.501501;0.582714;0.584134;0.585072;0.603761;0.580396;0.561970;0.562711;;;;;;;;;;
2065.757076;0.391926;0.390233;0.501125;0.570119;0.586569;0.591482;0.597010;0.577007;0.567641;0.558994;;;;;;;;;;
2066.721482;0.392599;0.389742;0.499765;0.573027;0.587044;0.597458;0.598045;0.585641;0.562272;0.559203;;;;;;;;;;
2067.685888;0.388355;0.394930;0.504712;0.576631;0.583982;0.600314;0.606245;0.591354;0.554269;0.560427;;;;;;;;;;
2068.650293;0.391892;0.398558;0.510364;0.581287;0.580129;0.595835;0.612734;0.593659;0.563106;0.569205;;;;;;;;;;
2069.614699;0.400570;0.397162;0.502555;0.589143;0.579382;0.595037;0.620400;0.602133;0.580059;0.585516;;;;;;;;;;
2070.579105;0.401964;0.395109;0.500366;0.578952;0.585719;0.595200;0.619401;0.606263;0.590743;0.583621;;;;;;;;;;
2071.543511;0.396862;0.394222;0.511541;0.567675;0.589834;0.585154;0.609561;0.599811;0.583881;0.569419;;;;;;;;;;
2072.507916;0.392694;0.395263;0.516331;0.576485;0.592750;0.586448;0.608635;0.587478;0.569267;0.564621;;;;;;;;;;
2073.472322;0.391074;0.398102;0.516079;0.578601;0.600712;0.604824;0.612233;0.579878;0.570781;0.560056;;;;;;;;;;
2074.436728;0.387197;0.399363;0.515330;0.574531;0.601667;0.608682;0.608286;0.580823;0.572793;0.557299;;;;;;;;;;
2075.401134;0.384002;0.400160;0.512147;0.584397;0.598920;0.595176;0.609252;0.588203;0.567008;0.560162;;;;;;;;;;
2076.365539;0.390409;0.399307;0.508904;0.587133;0.596726;0.589403;0.616991;0.592848;0.566917;0.560345;;;;;;;;;;
2077.329945;0.396899;0.397613;0.507179;0.583428;0.589438;0.598566;0.618248;0.586038;0.570190;0.566838;;;;;;;;;;
2078.294351;0.390432;0.398545;0.506269;0.590750;0.585032;0.602436;0.621192;0.583028;0.574726;0.571894;;;;;;;;;;
2079.258756;0.386960;0.396470;0.504196;0.600834;0.583191;0.591558;0.621520;0.594462;0.573101;0.567090;;;;;;;;;;
2080.223162;0.390011;0.393043;0.504742;0.601998;0.580703;0.590876;0.606781;0.601975;0.566476;0.566665;;;;;;;;;;
2081.187568;0.388631;0.392298;0.508498;0.591620;0.583247;0.598014;0.597192;0.592918;0.561034;0.572376;;;;;;;;;;
2082.151974;0.392791;0.389517;0.509941;0.585207;0.586317;0.602239;0.601736;0.585739;0.562418;0.575439;;;;;;;;;;
2083.116379;0.396053;0.386771;0.502494;0.583023;0.580956;0.610208;0.610239;0.589979;0.576968;0.568786;;;;;;;;;;
2084.080785;0.389383;0.389477;0.490653;0.582468;0.571562;0.606380;0.619227;0.592585;0.583607;0.564160;;;;;;;;;;
2085.045191;0.388311;0.400275;0.493184;0.596997;0.575453;0.600258;0.622553;0.591715;0.580788;0.572843;;;;;;;;;;
2086.009597;0.393568;0.412373;0.506528;0.604065;0.589311;0.605131;0.615192;0.590624;0.582957;0.578703;;;;;;;;;;
2086.974002;0.395924;0.415302;0.508868;0.593917;0.591349;0.597821;0.609019;0.592503;0.574333;0.569354;;;;;;;;;;
2087.938408;0.395166;0.411471;0.504097;0.589293;0.587401;0.591665;0.615684;0.597485;0.561468;0.563173;;;;;;;;;;
2088.902814;0.393230;0.403475;0.503651;0.585153;0.585837;0.607266;0.623208;0.594644;0.568802;0.574890;;;;;;;;;;
2089.867220;0.390495;0.395826;0.502027;0.578088;0.584566;0.619219;0.616794;0.591890;0.585076;0.583795;;;;;;;;;;
2090.831625;0.390288;0.393061;0.503850;0.581685;0.588460;0.612877;0.599930;0.592711;0.586118;0.577744;;;;;;;;;;
2091.796031;0.393294;0.390059;0.510537;0.591315;0.593109;0.604207;0.592727;0.586232;0.575815;0.570759;;;;;;;;;;
2092.760437;0.394801;0.391631;0.504015;0.590956;0.600400;0.604927;0.601690;0.591376;0.564673;0.568240;;;;;;;;;;
2093.724842;0.396296;0.402748;0.494610;0.586472;0.605943;0.609849;0.604171;0.607236;0.562350;0.569651;;;;;;;;;;
2094.689248;0.396849;0.412514;0.501854;0.589319;0.602401;0.606267;0.603517;0.603793;0.569238;0.578083;;;;;;;;;;
2095.653654;0.397230;0.411743;0.510818;0.593969;0.610838;0.599202;0.609603;0.596892;0.571508;0.584502;;;;;;;;;;
2096.618060;0.399612;0.401140;0.510844;0.593187;0.622203;0.595863;0.609435;0.596371;0.578395;0.576429;;;;;;;;;;
2097.582465;0.394599;0.390420;0.507911;0.584464;0.606691;0.592974;0.600860;0.588779;0.578937;0.571360;;;;;;;;;;
2098.546871;0.387920;0.387619;0.503394;0.573137;0.586785;0.596684;0.594168;0.588764;0.560638;0.570898;;;;;;;;;;
2099.511277;0.395012;0.388898;0.501840;0.568549;0.583609;0.605187;0.601799;0.592329;0.563132;0.565551;;;;;;;;;;
2100.475683;0.404390;0.389706;0.503118;0.574516;0.581878;0.604607;0.606777;0.587572;0.581295;0.577083;;;;;;;;;;
2101.440088;0.400723;0.391452;0.507297;0.585406;0.581166;0.597440;0.604810;0.594858;0.584803;0.591050;;;;;;;;;;
2102.404494;0.399548;0.397200;0.516299;0.587234;0.592458;0.593956;0.619088;0.609810;0.579667;0.582860;;;;;;;;;;
2103.368900;0.408680;0.407268;0.518947;0.582016;0.603443;0.596695;0.628875;0.609492;0.573746;0.572837;;;;;;;;;;
2104.333305;0.411282;0.410254;0.510074;0.583993;0.602245;0.603773;0.625571;0.599739;0.583106;0.571012;;;;;;;;;;
2105.297711;0.407653;0.404253;0.499629;0.590567;0.601104;0.611273;0.622283;0.597691;0.599481;0.574593;;;;;;;;;;
2106.262117;0.404216;0.403885;0.503551;0.588312;0.609789;0.615442;0.613425;0.602274;0.601167;0.576525;;;;;;;;;;
2107.226523;0.401759;0.403285;0.518614;0.582318;0.607754;0.612398;0.606242;0.598105;0.599482;0.575243;;;;;;;;;;
2108.190928;0.401572;0.398773;0.520561;0.588914;0.587644;0.600696;0.606011;0.590055;0.589205;0.577944;;;;;;;;;;
2109.155334;0.395963;0.400091;0.514097;0.597652;0.581398;0.596222;0.620230;0.592461;0.573389;0.583415;;;;;;;;;;
2110.119740;0.395005;0.397360;0.512206;0.589370;0.590867;0.610725;0.634812;0.602782;0.574328;0.582355;;;;;;;;;;
2111.084146;0.401263;0.389765;0.507735;0.582961;0.592251;0.622452;0.623582;0.608496;0.579642;0.569586;;;;;;;;;;
2112.048551;0.395398;0.389230;0.505498;0.594740;0.592688;0.617917;0.612370;0.598562;0.576662;0.562812;;;;;;;;;;
2113.012957;0.389280;0.391422;0.513405;0.604151;0.604904;0.612776;0.611831;0.586629;0.582360;0.564630;;;;;;;;;;
2113.977363;0.395716;0.394106;0.519365;0.596409;0.614647;0.609116;0.607058;0.587223;0.594031;0.558730;;;;;;;;;;
2114.941769;0.401642;0.400240;0.512277;0.588955;0.601179;0.603353;0.606448;0.594648;0.590913;0.558214;;;;;;;;;;
2115.906174;0.403408;0.409263;0.505448;0.596574;0.584009;0.603154;0.611024;0.602999;0.586515;0.571606;;;;;;;;;;
2116.870580;0.405337;0.414202;0.504608;0.599597;0.593597;0.604369;0.615450;0.603675;0.590837;0.586747;;;;;;;;;;
2117.834986;0.404269;0.404430;0.504267;0.588382;0.609871;0.596379;0.620964;0.599133;0.590824;0.592885;;;;;;;;;;
2118.799391;0.397473;0.396844;0.510529;0.590927;0.609135;0.591257;0.619339;0.598766;0.584055;0.586186;;;;;;;;;;
2119.763797;0.392631;0.403829;0.519176;0.602266;0.606486;0.600319;0.613586;0.595341;0.574971;0.580138;;;;;;;;;;
2120.728203;0.396888;0.405906;0.518740;0.598584;0.602346;0.609873;0.616625;0.592982;0.582167;0.579860;;;;;;;;;;
2121.692609;0.400507;0.401180;0.507364;0.597214;0.598209;0.610701;0.616851;0.601898;0.593485;0.579304;;;;;;;;;;
2122.657014;0.393663;0.394716;0.495596;0.609862;0.605119;0.606495;0.609887;0.611114;0.581639;0.583746;;;;;;;;;;
2123.621420;0.391946;0.389630;0.498512;0.621849;0.614888;0.604687;0.605593;0.606870;0.577325;0.590530;;;;;;;;;;
2124.585826;0.402863;0.397391;0.507649;0.619902;0.619608;0.611909;0.605633;0.596842;0.586510;0.583453;;;;;;;;;;
2125.550232;0.401498;0.402297;0.508934;0.602964;0.610950;0.615874;0.620115;0.598170;0.588774;0.573665;;;;;;;;;;
2126.514637;0.388475;0.395094;0.507786;0.587755;0.596287;0.606894;0.634633;0.602258;0.588066;0.579966;;;;;;;;;;
2127.479043;0.387975;0.393984;0.509103;0.588588;0.592553;0.598963;0.632191;0.595225;0.579881;0.582025;;;;;;;;;;
2128.443449;0.396312;0.399797;0.510935;0.594695;0.591460;0.605274;0.629311;0.593917;0.572228;0.575426;;;;;;;;;;
2129.407854;0.402266;0.403618;0.508424;0.600572;0.594910;0.618266;0.621420;0.600544;0.579217;0.578783;;;;;;;;;;
2130.372260;0.399700;0.404640;0.508416;0.608669;0.607238;0.619000;0.615699;0.601876;0.590914;0.576294;;;;;;;;;;
2131.336666;0.392842;0.402383;0.523407;0.608269;0.619617;0.615369;0.623418;0.602760;0.589589;0.571667;;;;;;;;;;
2132.301072;0.394513;0.397742;0.535939;0.606424;0.625388;0.618866;0.621721;0.603765;0.584514;0.578391;;;;;;;;;;
2133.265477;0.395442;0.396735;0.534290;0.607700;0.614711;0.614211;0.614610;0.602134;0.586965;0.577919;;;;;;;;;;
2134.229883;0.389915;0.400094;0.532992;0.606128;0.605689;0.606841;0.618387;0.599189;0.582449;0.568527;;;;;;;;;;
2135.194289;0.391972;0.402382;0.528543;0.610166;0.611265;0.607667;0.616857;0.599747;0.577230;0.560347;;;;;;;;;;
2136.158695;0.400269;0.402804;0.523027;0.608032;0.608442;0.614722;0.614472;0.604178;0.577626;0.556568;;;;;;;;;;
2137.123100;0.400240;0.401792;0.522505;0.595836;0.599506;0.627798;0.630244;0.602395;0.579553;0.561140;;;;;;;;;;
2138.087506;0.394199;0.400307;0.519935;0.594384;0.602929;0.625153;0.633166;0.601341;0.588675;0.571999;;;;;;;;;;
2139.051912;0.395263;0.399086;0.519088;0.599357;0.612460;0.609848;0.611010;0.603260;0.592134;0.581308;;;;;;;;;;
2140.016318;0.401489;0.398872;0.520921;0.599912;0.614990;0.605102;0.606236;0.602434;0.589007;0.583632;;;;;;;;;;
2140.980723;0.404094;0.397963;0.522009;0.601497;0.612553;0.603667;0.617800;0.602656;0.591151;0.583728;;;;;;;;;;
2141.945129;0.398589;0.395353;0.519916;0.603289;0.616948;0.600022;0.618790;0.596456;0.594942;0.581172;;;;;;;;;;
2142.909535;0.390555;0.397367;0.517537;0.599770;0.621726;0.595645;0.616169;0.593007;0.595993;0.579249;;;;;;;;;;
2143.873940;0.388140;0.400494;0.522204;0.595786;0.610117;0.599529;0.622468;0.597107;0.591942;0.579124;;;;;;;;;;
2144.838346;0.386335;0.398981;0.522590;0.589335;0.595433;0.610846;0.629606;0.590400;0.588386;0.568182;;;;;;;;;;
2145.802752;0.389722;0.400456;0.517223;0.582677;0.594015;0.612663;0.628401;0.586673;0.590644;0.563205;;;;;;;;;;
2146.767158;0.400960;0.408997;0.518961;0.586965;0.601247;0.614121;0.624572;0.603105;0.598253;0.576869;;;;;;;;;;
2147.731563;0.405819;0.415820;0.524273;0.594992;0.611226;0.621056;0.619884;0.620744;0.604476;0.589312;;;;;;;;;;
2148.695969;0.405434;0.412071;0.527734;0.605632;0.610800;0.625707;0.618201;0.619110;0.599161;0.590037;;;;;;;;;;
2149.660375;0.402915;0.405667;0.526458;0.613951;0.595459;0.623333;0.623155;0.613358;0.587833;0.583887;;;;;;;;;;
2150.624781;0.397524;0.405483;0.520924;0.607516;0.585753;0.611133;0.620851;0.615916;0.582302;0.583471;;;;;;;;;;
2151.589186;0.398071;0.408035;0.518364;0.600221;0.593427;0.602772;0.614824;0.613073;0.581932;0.589492;;;;;;;;;;
2152.553592;0.398889;0.408968;0.520632;0.596287;0.607845;0.607462;0.617056;0.608942;0.577916;0.591349;;;;;;;;;;
2153.517998;0.393274;0.408070;0.523309;0.597957;0.614353;0.622843;0.625896;0.609392;0.575241;0.589094;;;;;;;;;;
2154.482404;0.393365;0.408215;0.523900;0.615974;0.614018;0.634122;0.635150;0.608213;0.582799;0.588067;;;;;;;;;;
2155.446809;0.399111;0.408110;0.521632;0.634138;0.614277;0.630470;0.626233;0.606379;0.592406;0.594383;;;;;;;;;;
2156.411215;0.401054;0.407741;0.512734;0.630932;0.620262;0.626385;0.613612;0.605207;0.597811;0.596875;;;;;;;;;;
2157.375621;0.403441;0.411849;0.506689;0.616246;0.627901;0.625322;0.622817;0.604616;0.597542;0.585785;;;;;;;;;;
2158.340026;0.405596;0.413304;0.511548;0.607749;0.622658;0.625725;0.631860;0.599604;0.588706;0.581154;;;;;;;;;;
2159.304432;0.403273;0.404007;0.515233;0.602887;0.615549;0.630198;0.626472;0.598358;0.583090;0.589386;;;;;;;;;;
2160.268838;0.401453;0.398836;0.516509;0.600771;0.620869;0.625902;0.623984;0.607129;0.587931;0.592906;;;;;;;;;;
2161.233244;0.398374;0.405063;0.512533;0.600689;0.621532;0.613202;0.634857;0.607175;0.585527;0.585035;;;;;;;;;;
2162.197649;0.392659;0.405766;0.503479;0.594070;0.615329;0.610845;0.643870;0.600023;0.578145;0.578883;;;;;;;;;;
2163.162055;0.392809;0.402008;0.509918;0.594936;0.621169;0.623531;0.632916;0.600300;0.582504;0.586169;;;;;;;;;;
2164.126461;0.399643;0.400489;0.520245;0.606865;0.630022;0.636850;0.624680;0.605150;0.589313;0.593853;;;;;;;;;;
2165.090867;0.404572;0.396774;0.521663;0.614751;0.628021;0.634037;0.639842;0.609963;0.600418;0.591352;;;;;;;;;;
2166.055272;0.404465;0.400522;0.525141;0.620735;0.623900;0.623697;0.654241;0.613832;0.614731;0.593533;;;;;;;;;;
2167.019678;0.402570;0.408105;0.524273;0.618556;0.617816;0.622818;0.641940;0.616811;0.614896;0.594445;;;;;;;;;;
2167.984084;0.398827;0.408183;0.525684;0.612046;0.606605;0.622353;0.633587;0.613814;0.607820;0.580620;;;;;;;;;;
2168.948489;0.394840;0.406735;0.535270;0.613895;0.599833;0.624084;0.645935;0.606859;0.596954;0.570886;;;;;;;;;;
2169.912895;0.399361;0.403343;0.535748;0.606101;0.607624;0.632491;0.648393;0.606175;0.588973;0.578316;;;;;;;;;;
2170.877301;0.410276;0.395625;0.528950;0.598526;0.619398;0.629604;0.641375;0.607047;0.596569;0.597290;;;;;;;;;;
2171.841707;0.409777;0.389078;0.529963;0.612304;0.618103;0.622859;0.635436;0.606949;0.601122;0.612226;;;;;;;;;;
2172.806112;0.399408;0.392704;0.537275;0.620462;0.619045;0.615548;0.631161;0.607099;0.587416;0.609699;;;;;;;;;;
2173.770518;0.395282;0.403735;0.535719;0.614464;0.626170;0.602246;0.629544;0.605246;0.577892;0.605870;;;;;;;;;;
2174.734924;0.395453;0.404178;0.526955;0.614516;0.620483;0.604903;0.619068;0.614894;0.583269;0.607977;;;;;;;;;;
2175.699330;0.400966;0.398510;0.526143;0.612154;0.610317;0.616534;0.607913;0.627799;0.584346;0.603998;;;;;;;;;;
2176.663735;0.409601;0.397360;0.522316;0.605365;0.614313;0.613619;0.608521;0.621189;0.579097;0.594857;;;;;;;;;;
2177.628141;0.405385;0.397953;0.508635;0.608068;0.632637;0.611201;0.622309;0.614568;0.579034;0.583010;;;;;;;;;;
2178.592547;0.397018;0.402726;0.510684;0.612147;0.639712;0.611204;0.629266;0.617314;0.580757;0.574109;;;;;;;;;;
2179.556953;0.395003;0.405228;0.524647;0.617823;0.620426;0.601902;0.618746;0.613675;0.586671;0.577090;;;;;;;;;;
2180.521358;0.394164;0.404831;0.526686;0.628701;0.600793;0.604893;0.627960;0.601540;0.599188;0.586219;;;;;;;;;;
2181.485764;0.397911;0.409208;0.526768;0.628469;0.597096;0.623390;0.648466;0.594494;0.600817;0.591233;;;;;;;;;;
2182.450170;0.406767;0.412979;0.527313;0.624774;0.602589;0.634887;0.646343;0.604992;0.591877;0.588995;;;;;;;;;;
2183.414575;0.414456;0.415731;0.523328;0.618079;0.614643;0.632425;0.645679;0.608997;0.597458;0.581180;;;;;;;;;;
2184.378981;0.412580;0.415985;0.522001;0.610336;0.626570;0.617596;0.648389;0.596234;0.604312;0.582674;;;;;;;;;;
2185.343387;0.402374;0.413938;0.519591;0.611150;0.628542;0.612022;0.633090;0.602066;0.592439;0.596346;;;;;;;;;;
2186.307793;0.398344;0.415715;0.519472;0.600711;0.624317;0.617369;0.624174;0.621708;0.583526;0.598347;;;;;;;;;;
2187.272198;0.403174;0.413071;0.523710;0.604009;0.626206;0.618061;0.630847;0.624832;0.582145;0.593740;;;;;;;;;;
2188.236604;0.404374;0.407082;0.526548;0.631389;0.636156;0.628761;0.626347;0.620864;0.588026;0.596801;;;;;;;;;;
2189.201010;0.398284;0.409857;0.533266;0.631105;0.627066;0.643810;0.624103;0.625300;0.603159;0.593161;;;;;;;;;;
2190.165416;0.399925;0.412151;0.538678;0.614414;0.600840;0.645891;0.637088;0.628290;0.603033;0.589883;;;;;;;;;;
2191.129821;0.408923;0.406706;0.535966;0.617423;0.596596;0.636838;0.640487;0.616085;0.593964;0.596816;;;;;;;;;;
2192.094227;0.411077;0.406286;0.528632;0.630468;0.612018;0.623631;0.634938;0.602419;0.597614;0.602850;;;;;;;;;;
2193.058633;0.409575;0.409195;0.516949;0.627477;0.628251;0.618488;0.639172;0.607210;0.595084;0.605449;;;;;;;;;;
2194.023038;0.404699;0.405715;0.512349;0.611407;0.631072;0.617311;0.650820;0.617246;0.580393;0.602276;;;;;;;;;;
2194.987444;0.400025;0.400520;0.517521;0.607463;0.616821;0.622476;0.643788;0.619483;0.580355;0.598006;;;;;;;;;;
2195.951850;0.402399;0.400896;0.522460;0.610320;0.613160;0.638707;0.621996;0.622607;0.591339;0.603363;;;;;;;;;;
2196.916256;0.402088;0.407534;0.529683;0.604629;0.618256;0.648370;0.618848;0.620470;0.594243;0.603252;;;;;;;;;;
2197.880661;0.400264;0.411155;0.532280;0.604503;0.619170;0.652520;0.627275;0.617446;0.599355;0.588801;;;;;;;;;;
2198.845067;0.403913;0.410699;0.528715;0.629441;0.623780;0.653260;0.632712;0.626231;0.609410;0.583522;;;;;;;;;;
2199.809473;0.406923;0.411804;0.530192;0.650919;0.625174;0.642080;0.644368;0.637124;0.615954;0.591085;;;;;;;;;;
2200.773879;0.402668;0.413353;0.532543;0.639650;0.622512;0.634959;0.651502;0.639513;0.614992;0.590394;;;;;;;;;;
2201.738284;0.394405;0.413620;0.528620;0.617526;0.622783;0.631476;0.638006;0.626840;0.603140;0.578767;;;;;;;;;;
2202.702690;0.393270;0.407764;0.521749;0.598409;0.622814;0.626030;0.627500;0.612849;0.604215;0.576309;;;;;;;;;;
2203.667096;0.397279;0.404047;0.522797;0.594653;0.615778;0.631005;0.633402;0.615219;0.619200;0.590590;;;;;;;;;;
2204.631502;0.399178;0.406621;0.525446;0.605378;0.610073;0.634238;0.638021;0.623506;0.610739;0.597357;;;;;;;;;;
2205.595907;0.405067;0.407343;0.526493;0.613173;0.625428;0.636348;0.647942;0.619854;0.595622;0.588044;;;;;;;;;;
2206.560313;0.410426;0.405514;0.532133;0.618468;0.633938;0.639279;0.654015;0.608554;0.596526;0.583579;;;;;;;;;;
2207.524719;0.405545;0.401502;0.529891;0.624697;0.613054;0.628588;0.642186;0.613732;0.597870;0.587828;;;;;;;;;;
2208.489124;0.401089;0.402628;0.528296;0.625261;0.606883;0.627780;0.637759;0.620033;0.598525;0.592032;;;;;;;;;;
2209.453530;0.402547;0.405986;0.533714;0.618900;0.616513;0.636090;0.638899;0.605750;0.598097;0.596200;;;;;;;;;;
2210.417936;0.404383;0.407055;0.535362;0.621882;0.619475;0.633055;0.642163;0.595352;0.597865;0.599960;;;;;;;;;;
2211.382342;0.407755;0.408704;0.536354;0.628068;0.623891;0.630824;0.647796;0.594649;0.602091;0.593500;;;;;;;;;;
2212.346747;0.410730;0.403517;0.535412;0.621200;0.619148;0.630199;0.642643;0.597393;0.600610;0.588038;;;;;;;;;;
2213.311153;0.412965;0.402304;0.536869;0.610141;0.615676;0.631638;0.641116;0.603579;0.594084;0.591737;;;;;;;;;;
2214.275559;0.415059;0.411160;0.535662;0.601301;0.630534;0.635780;0.643663;0.612470;0.590950;0.585067;;;;;;;;;;
2215.239965;0.412218;0.413748;0.529094;0.604907;0.636981;0.635550;0.642934;0.621029;0.591630;0.580784;;;;;;;;;;
2216.204370;0.408453;0.407330;0.531265;0.619763;0.626979;0.637882;0.642348;0.618503;0.588721;0.582676;;;;;;;;;;
2217.168776;0.408122;0.403112;0.536756;0.630993;0.622262;0.641084;0.635396;0.619265;0.585575;0.575318;;;;;;;;;;
2218.133182;0.411561;0.406783;0.540345;0.633194;0.634180;0.637727;0.633767;0.625455;0.594416;0.582524;;;;;;;;;;
2219.097587;0.410744;0.411788;0.538907;0.627348;0.649685;0.631877;0.642512;0.625136;0.603872;0.604342;;;;;;;;;;
2220.061993;0.402973;0.415083;0.535594;0.624215;0.645712;0.628075;0.646020;0.630372;0.599546;0.610918;;;;;;;;;;
2221.026399;0.405750;0.415357;0.533127;0.627679;0.632076;0.627042;0.640699;0.632637;0.591907;0.603939;;;;;;;;;;
2221.990805;0.410258;0.410511;0.524261;0.635876;0.627852;0.625874;0.637605;0.624792;0.589465;0.599767;;;;;;;;;;
2222.955210;0.404131;0.404593;0.525772;0.638793;0.627586;0.629038;0.639791;0.618277;0.587523;0.594656;;;;;;;;;;
2223.919616;0.403568;0.400313;0.534757;0.629340;0.626571;0.635575;0.637462;0.608140;0.593770;0.580135;;;;;;;;;;
2224.884022;0.406264;0.401447;0.535150;0.621547;0.624936;0.632866;0.642241;0.597929;0.601545;0.573081;;;;;;;;;;
2225.848428;0.408566;0.406385;0.535812;0.621347;0.620718;0.632156;0.653654;0.596444;0.595406;0.583495;;;;;;;;;;
2226.812833;0.414260;0.409568;0.526637;0.622216;0.623369;0.630201;0.643292;0.597718;0.595486;0.592141;;;;;;;;;;
2227.777239;0.419202;0.411336;0.514948;0.614937;0.633792;0.617409;0.626204;0.602975;0.594654;0.586998;;;;;;;;;;
2228.741645;0.420192;0.413487;0.523496;0.608245;0.636330;0.621456;0.624612;0.617979;0.589175;0.587360;;;;;;;;;;
2229.706051;0.411982;0.411096;0.534463;0.611646;0.629078;0.632480;0.631577;0.626440;0.608426;0.599371;;;;;;;;;;
2230.670456;0.406676;0.403077;0.531533;0.609817;0.629435;0.633362;0.635605;0.620846;0.619928;0.600996;;;;;;;;;;
2231.634862;0.410724;0.398809;0.525004;0.602831;0.637732;0.639488;0.633936;0.619282;0.600964;0.600279;;;;;;;;;;
2232.599268;0.409227;0.396607;0.522358;0.602093;0.633181;0.639139;0.642305;0.619408;0.596151;0.606906;;;;;;;;;;
2233.563673;0.404678;0.396420;0.523811;0.607135;0.627421;0.629583;0.648220;0.615287;0.605066;0.605197;;;;;;;;;;
2234.528079;0.406975;0.403604;0.530523;0.620602;0.632109;0.625950;0.641973;0.616102;0.609184;0.602230;;;;;;;;;;
2235.492485;0.412374;0.408905;0.539087;0.639485;0.634727;0.635639;0.650035;0.615885;0.620653;0.600862;;;;;;;;;;
2236.456891;0.411706;0.411472;0.537322;0.644966;0.637870;0.649756;0.649553;0.611514;0.622589;0.597875;;;;;;;;;;
2237.421296;0.403286;0.417994;0.526017;0.628976;0.636267;0.642902;0.629493;0.605356;0.599589;0.598334;;;;;;;;;;
2238.385702;0.395348;0.419001;0.522182;0.614529;0.627700;0.626475;0.628662;0.596002;0.584186;0.596121;;;;;;;;;;
2239.350108;0.397624;0.412238;0.529774;0.616066;0.623383;0.619621;0.632853;0.589000;0.590098;0.597789;;;;;;;;;;
2240.314514;0.408297;0.413902;0.534964;0.618705;0.626571;0.622636;0.625161;0.588914;0.600039;0.608941;;;;;;;;;;
2241.278919;0.411925;0.420149;0.537131;0.618088;0.632419;0.637417;0.630711;0.605160;0.597577;0.616230;;;;;;;;;;
2242.243325;0.405551;0.416174;0.542695;0.620082;0.625698;0.641443;0.639368;0.625619;0.591006;0.614077;;;;;;;;;;
2243.207731;0.400617;0.409681;0.541367;0.618243;0.620500;0.627304;0.639877;0.620435;0.601176;0.605507;;;;;;;;;;
2244.172137;0.405569;0.408977;0.538917;0.617191;0.627037;0.626546;0.648852;0.609043;0.609391;0.595785;;;;;;;;;;
2245.136542;0.410559;0.412795;0.545082;0.623568;0.622505;0.633005;0.652704;0.609645;0.598177;0.588526;;;;;;;;;;
2246.100948;0.404295;0.415880;0.544662;0.626265;0.621988;0.627394;0.646461;0.610218;0.595500;0.589513;;;;;;;;;;
2247.065354;0.402368;0.411629;0.538000;0.626082;0.628273;0.622133;0.644224;0.613826;0.607617;0.597465;;;;;;;;;;
2248.029759;0.406692;0.410513;0.532040;0.635629;0.615279;0.623698;0.643404;0.616187;0.610831;0.597321;;;;;;;;;;
2248.994165;0.406646;0.419255;0.525330;0.641137;0.611816;0.636745;0.645779;0.618771;0.600200;0.596371;;;;;;;;;;
2249.958571;0.405820;0.420651;0.523783;0.626584;0.627602;0.647039;0.642766;0.630552;0.588803;0.597620;;;;;;;;;;
2250.922977;0.405281;0.414341;0.526595;0.612960;0.631630;0.633755;0.637525;0.623277;0.583874;0.588666;;;;;;;;;;
2251.887382;0.406956;0.413859;0.532822;0.611791;0.631174;0.622478;0.635979;0.606959;0.583741;0.586002;;;;;;;;;;
2252.851788;0.404095;0.414398;0.534108;0.612499;0.633383;0.626083;0.624820;0.617336;0.585218;0.589162;;;;;;;;;;
2253.816194;0.398131;0.414990;0.527513;0.615719;0.637228;0.630653;0.626460;0.621427;0.588849;0.587134;;;;;;;;;;
2254.780600;0.404332;0.411181;0.533314;0.620225;0.644177;0.628518;0.644310;0.605131;0.594199;0.593527;;;;;;;;;;
2255.745005;0.412762;0.400944;0.540082;0.618480;0.634016;0.620127;0.651750;0.599917;0.601810;0.598413;;;;;;;;;;
2256.709411;0.414514;0.403472;0.531400;0.616348;0.620783;0.622921;0.647146;0.607385;0.606483;0.594649;;;;;;;;;;
2257.673817;0.418120;0.415891;0.523410;0.622692;0.629178;0.638186;0.634533;0.621214;0.605412;0.594321;;;;;;;;;;
2258.638222;0.419379;0.420914;0.522489;0.629236;0.643251;0.640142;0.635465;0.628986;0.610803;0.591654;;;;;;;;;;
2259.602628;0.415715;0.417406;0.533024;0.628369;0.646080;0.631829;0.645860;0.623793;0.613471;0.584397;;;;;;;;;;
2260.567034;0.414840;0.410637;0.540394;0.620985;0.635887;0.627457;0.637544;0.618691;0.607023;0.579136;;;;;;;;;;
2261.531440;0.411987;0.410927;0.534442;0.614340;0.629268;0.617721;0.630223;0.617032;0.604571;0.586725;;;;;;;;;;
2262.495845;0.406897;0.417231;0.538749;0.629128;0.634559;0.616327;0.635409;0.619528;0.596393;0.604833;;;;;;;;;;
2263.460251;0.409802;0.420977;0.536003;0.648601;0.631655;0.634306;0.634187;0.621736;0.587130;0.608719;;;;;;;;;;
2264.424657;0.414232;0.420064;0.521920;0.639963;0.627770;0.643424;0.627573;0.617280;0.589312;0.597202;;;;;;;;;;
2265.389063;0.412460;0.412151;0.525278;0.631112;0.635542;0.635945;0.632508;0.615345;0.589988;0.589018;;;;;;;;;;
2266.353468;0.403910;0.402152;0.525659;0.633065;0.641283;0.630880;0.642625;0.621287;0.585146;0.595626;;;;;;;;;;
2267.317874;0.394954;0.398559;0.516464;0.625428;0.645898;0.630307;0.642568;0.623884;0.582404;0.614033;;;;;;;;;;
2268.282280;0.396272;0.402507;0.517372;0.622443;0.643917;0.625889;0.642351;0.621257;0.586152;0.624904;;;;;;;;;;
2269.246686;0.403633;0.406831;0.519140;0.624213;0.631315;0.629730;0.642914;0.626634;0.592766;0.619065;;;;;;;;;;
2270.211091;0.408895;0.410444;0.519488;0.619832;0.625086;0.641216;0.644363;0.635941;0.598484;0.604505;;;;;;;;;;
2271.175497;0.405485;0.420128;0.526977;0.623600;0.622072;0.635452;0.648237;0.636678;0.603395;0.594357;;;;;;;;;;
2272.139903;0.405154;0.428649;0.538696;0.624913;0.621448;0.633799;0.645231;0.632084;0.605713;0.593011;;;;;;;;;;
2273.104308;0.417554;0.428517;0.543293;0.617406;0.627259;0.639481;0.648224;0.630406;0.608250;0.592734;;;;;;;;;;
2274.068714;0.417740;0.421405;0.538075;0.615158;0.622894;0.628211;0.653834;0.632033;0.606456;0.594255;;;;;;;;;;
2275.033120;0.406663;0.409421;0.535998;0.610294;0.612199;0.625700;0.648577;0.630948;0.602129;0.600206;;;;;;;;;;
2275.997526;0.404195;0.403413;0.534164;0.612328;0.613794;0.635717;0.645059;0.625340;0.602139;0.609194;;;;;;;;;;
2276.961931;0.410044;0.406604;0.528362;0.624616;0.622738;0.640092;0.645930;0.618414;0.599819;0.614430;;;;;;;;;;
2277.926337;0.417355;0.411878;0.534350;0.625731;0.623554;0.641933;0.645862;0.616785;0.600782;0.605975;;;;;;;;;;
2278.890743;0.413360;0.411357;0.545478;0.624205;0.613573;0.638309;0.646369;0.619123;0.609965;0.594035;;;;;;;;;;
2279.855149;0.405348;0.404327;0.541618;0.630136;0.609055;0.635325;0.652639;0.615418;0.610266;0.590964;;;;;;;;;;
2280.819554;0.404081;0.405844;0.525744;0.638401;0.619121;0.639986;0.655097;0.609200;0.597766;0.590556;;;;;;;;;;
2281.783960;0.404935;0.408844;0.515735;0.636528;0.633582;0.639157;0.646006;0.607272;0.595524;0.582828;;;;;;;;;;
2282.748366;0.411094;0.400983;0.525335;0.620892;0.641477;0.626448;0.645212;0.608583;0.598672;0.575597;;;;;;;;;;
2283.712771;0.413414;0.402421;0.537732;0.624136;0.635499;0.618643;0.649180;0.607108;0.588628;0.584187;;;;;;;;;;
2284.677177;0.408552;0.415065;0.535628;0.643130;0.630446;0.623936;0.646890;0.601353;0.589130;0.595796;;;;;;;;;;
2285.641583;0.411524;0.422410;0.530432;0.639341;0.632744;0.629664;0.652905;0.602241;0.596419;0.595720;;;;;;;;;;
2286.605989;0.412807;0.423386;0.524896;0.626628;0.626675;0.627443;0.660943;0.611560;0.588711;0.592555;;;;;;;;;;
2287.570394;0.405503;0.421997;0.522648;0.622753;0.621967;0.620568;0.651381;0.621889;0.592613;0.590239;;;;;;;;;;
2288.534800;0.407750;0.421979;0.526573;0.624485;0.619513;0.616577;0.632603;0.621758;0.603754;0.597674;;;;;;;;;;
2289.499206;0.422036;0.419553;0.532116;0.631077;0.619839;0.622881;0.623708;0.608492;0.597252;0.611748;;;;;;;;;;
2290.463612;0.426627;0.414409;0.540432;0.625212;0.632713;0.637360;0.626844;0.606033;0.592924;0.604746;;;;;;;;;;
2291.428017;0.414561;0.413826;0.544664;0.612964;0.633083;0.635529;0.630044;0.612828;0.593909;0.587923;;;;;;;;;;
2292.392423;0.407920;0.416342;0.545135;0.619189;0.629496;0.617155;0.623131;0.611476;0.591251;0.589266;;;;;;;;;;
2293.356829;0.409656;0.419182;0.547211;0.632500;0.640986;0.618004;0.620939;0.621647;0.597209;0.596318;;;;;;;;;;
2294.321235;0.412604;0.418328;0.548829;0.630760;0.637672;0.629080;0.635255;0.632183;0.604414;0.599367;;;;;;;;;;
2295.285640;0.421103;0.414121;0.547081;0.622655;0.622954;0.631405;0.647502;0.618317;0.599037;0.605057;;;;;;;;;;
2296.250046;0.417843;0.409172;0.539786;0.622665;0.618683;0.636670;0.647054;0.609113;0.595394;0.601577;;;;;;;;;;
2297.214452;0.405690;0.403157;0.537402;0.623913;0.619821;0.634117;0.640995;0.605081;0.600244;0.592628;;;;;;;;;;
2298.178857;0.408772;0.406421;0.539625;0.618381;0.625506;0.625678;0.642773;0.596192;0.596783;0.591837;;;;;;;;;;
2299.143263;0.419839;0.415261;0.539287;0.607937;0.632209;0.630834;0.652181;0.607762;0.588286;0.586276;;;;;;;;;;
2300.107669;0.427435;0.416516;0.542506;0.599029;0.628587;0.637864;0.647436;0.630875;0.594261;0.575176;;;;;;;;;;
2301.072075;0.428488;0.414564;0.544036;0.599987;0.616260;0.640393;0.635715;0.637660;0.602232;0.578158;;;;;;;;;;
2302.036480;0.424135;0.414745;0.536308;0.610171;0.607680;0.647943;0.631451;0.632463;0.599781;0.593215;;;;;;;;;;
2303.000886;0.417153;0.419836;0.527502;0.619555;0.614089;0.646547;0.629872;0.628534;0.600068;0.597434;;;;;;;;;;
2303.965292;0.410132;0.418105;0.526158;0.619730;0.622371;0.630261;0.630490;0.626407;0.602481;0.592439;;;;;;;;;;
2304.929698;0.411025;0.407685;0.530533;0.621432;0.615946;0.627046;0.634383;0.622156;0.604617;0.595264;;;;;;;;;;
2305.894103;0.411472;0.409510;0.539614;0.630084;0.612187;0.635479;0.639064;0.617903;0.605588;0.597329;;;;;;;;;;
2306.858509;0.406717;0.416684;0.545246;0.624766;0.618676;0.630037;0.640490;0.617119;0.598130;0.593602;;;;;;;;;;
2307.822915;0.409855;0.419501;0.535984;0.608637;0.620272;0.622947;0.649011;0.624056;0.599505;0.598476;;;;;;;;;;
2308.787320;0.415100;0.424323;0.528182;0.609840;0.617209;0.629788;0.663733;0.631338;0.620492;0.609049;;;;;;;;;;
2309.751726;0.412337;0.425279;0.526016;0.628132;0.619133;0.638695;0.657888;0.627535;0.622797;0.603051;;;;;;;;;;
2310.716132;0.409641;0.420898;0.524187;0.640619;0.623308;0.636002;0.640555;0.620960;0.598745;0.583778;;;;;;;;;;
2311.680538;0.410082;0.415401;0.530297;0.641796;0.631484;0.631568;0.636831;0.614972;0.591276;0.581589;;;;;;;;;;
2312.644943;0.413251;0.413679;0.529058;0.635546;0.646719;0.638531;0.645552;0.606945;0.596301;0.597015;;;;;;;;;;
2313.609349;0.417845;0.421235;0.522180;0.623908;0.645256;0.646897;0.654861;0.611974;0.604616;0.607888;;;;;;;;;;
2314.573755;0.415269;0.428191;0.531401;0.618314;0.632302;0.647305;0.649379;0.630766;0.620426;0.608083;;;;;;;;;;
2315.538161;0.412738;0.426963;0.545520;0.619294;0.635724;0.643865;0.635053;0.633636;0.616494;0.599613;;;;;;;;;;
2316.502566;0.416050;0.422523;0.545372;0.622526;0.643269;0.647831;0.629689;0.620360;0.604711;0.589692;;;;;;;;;;
2317.466972;0.416962;0.414769;0.535374;0.620395;0.637962;0.653254;0.629315;0.613326;0.599795;0.585411;;;;;;;;;;
2318.431378;0.414499;0.415520;0.532203;0.605118;0.623431;0.645393;0.626217;0.612746;0.590547;0.580998;;;;;;;;;;
2319.395784;0.407453;0.425313;0.535249;0.603703;0.616436;0.637890;0.619626;0.616380;0.593937;0.571510;;;;;;;;;;
2320.360189;0.405681;0.419689;0.536225;0.630463;0.620621;0.636740;0.623844;0.612633;0.597712;0.569697;;;;;;;;;;
2321.324595;0.417304;0.413792;0.543608;0.646573;0.625520;0.632718;0.650545;0.605952;0.591535;0.585586;;;;;;;;;;
2322.289001;0.425683;0.418453;0.552420;0.640084;0.634331;0.625756;0.664333;0.613894;0.597874;0.605204;;;;;;;;;;
2323.253406;0.425407;0.416459;0.549079;0.637786;0.640150;0.631301;0.655232;0.619272;0.603557;0.607439;;;;;;;;;;
2324.217812;0.426980;0.422741;0.543285;0.631093;0.639610;0.649240;0.655861;0.620254;0.606857;0.591766;;;;;;;;;;
2325.182218;0.426396;0.431991;0.542613;0.620280;0.639471;0.641976;0.656627;0.626551;0.613042;0.587517;;;;;;;;;;
2326.146624;0.417031;0.425203;0.547088;0.624083;0.635399;0.622393;0.653631;0.627387;0.603395;0.599899;;;;;;;;;;
2327.111029;0.411529;0.421732;0.558993;0.629841;0.630906;0.621366;0.656629;0.624344;0.602923;0.601809;;;;;;;;;;
2328.075435;0.413515;0.422771;0.553618;0.627533;0.623376;0.626668;0.649033;0.616847;0.616195;0.590658;;;;;;;;;;
2329.039841;0.411104;0.419136;0.526529;0.624699;0.612516;0.637511;0.630827;0.608764;0.607491;0.578287;;;;;;;;;;
2330.004247;0.409245;0.418933;0.522826;0.625167;0.615338;0.640712;0.622472;0.610865;0.596431;0.580641;;;;;;;;;;
2330.968652;0.414461;0.421212;0.539730;0.626152;0.625637;0.623343;0.629403;0.618913;0.598774;0.595468;;;;;;;;;;
2331.933058;0.419145;0.423794;0.544692;0.620336;0.626237;0.617276;0.632476;0.624851;0.596109;0.595561;;;;;;;;;;
2332.897464;0.418574;0.425522;0.546366;0.615810;0.626118;0.634519;0.626262;0.622200;0.591013;0.588767;;;;;;;;;;
2333.861870;0.418842;0.420130;0.547824;0.618067;0.624560;0.646588;0.626284;0.618657;0.595177;0.592526;;;;;;;;;;
2334.826275;0.423336;0.417396;0.543822;0.613708;0.614154;0.637528;0.630213;0.623491;0.607116;0.600091;;;;;;;;;;
2335.790681;0.425782;0.421741;0.533718;0.601649;0.606033;0.632067;0.633334;0.625791;0.608709;0.594847;;;;;;;;;;
2336.755087;0.426257;0.416259;0.525827;0.596351;0.605925;0.644054;0.637265;0.620815;0.599466;0.584562;;;;;;;;;;
2337.719492;0.426620;0.408672;0.542531;0.609511;0.623453;0.656580;0.642402;0.631849;0.595094;0.594942;;;;;;;;;;
2338.683898;0.423754;0.413800;0.558887;0.633313;0.645018;0.667186;0.649536;0.660697;0.592496;0.604878;;;;;;;;;;
2339.648304;0.418759;0.418949;0.545904;0.636585;0.645004;0.674529;0.658316;0.659205;0.593794;0.603066;;;;;;;;;;
2340.612710;0.416646;0.418528;0.527627;0.619192;0.641509;0.660314;0.662789;0.632579;0.596209;0.604932;;;;;;;;;;
2341.577115;0.418639;0.418370;0.521497;0.613973;0.632134;0.643142;0.655544;0.622161;0.599348;0.599528;;;;;;;;;;
2342.541521;0.420240;0.418788;0.531893;0.618442;0.618087;0.650522;0.654408;0.611526;0.615873;0.596829;;;;;;;;;;
2343.505927;0.424429;0.421148;0.545802;0.618251;0.621098;0.663830;0.660253;0.605880;0.620404;0.606048;;;;;;;;;;
2344.470333;0.429421;0.426711;0.547195;0.620797;0.624605;0.663607;0.651999;0.620023;0.606631;0.612774;;;;;;;;;;
2345.434738;0.426277;0.428830;0.542923;0.623983;0.627389;0.655753;0.645686;0.621071;0.607475;0.615553;;;;;;;;;;
2346.399144;0.424028;0.420497;0.540554;0.619181;0.632367;0.646762;0.646601;0.608945;0.613115;0.610562;;;;;;;;;;
2347.363550;0.427016;0.410768;0.546336;0.613216;0.625945;0.646225;0.640989;0.614704;0.610695;0.596043;;;;;;;;;;
2348.327955;0.427438;0.411443;0.551674;0.609863;0.621881;0.647547;0.643475;0.632026;0.613362;0.595499;;;;;;;;;;
2349.292361;0.430287;0.419317;0.548179;0.603946;0.623421;0.635387;0.651481;0.634255;0.609805;0.620591;;;;;;;;;;
2350.256767;0.432274;0.425607;0.545338;0.605289;0.622114;0.619709;0.644683;0.623585;0.596134;0.634839;;;;;;;;;;
2351.221173;0.424565;0.427637;0.538979;0.611072;0.624286;0.609717;0.643329;0.618609;0.595918;0.618361;;;;;;;;;;
2352.185578;0.418560;0.425988;0.530586;0.609148;0.632020;0.611685;0.653094;0.615403;0.602854;0.607683;;;;;;;;;;
2353.149984;0.418021;0.423815;0.532019;0.611945;0.636197;0.623668;0.645190;0.617079;0.603074;0.609651;;;;;;;;;;
2354.114390;0.419580;0.428998;0.536245;0.615859;0.631970;0.627849;0.638591;0.627704;0.607045;0.599715;;;;;;;;;;
2355.078796;0.424126;0.437480;0.534165;0.617455;0.625288;0.632815;0.645473;0.634017;0.605248;0.595140;;;;;;;;;;
2356.043201;0.422961;0.430825;0.528424;0.624774;0.617307;0.638162;0.642537;0.637696;0.598678;0.613759;;;;;;;;;;
2357.007607;0.420838;0.417032;0.527157;0.626497;0.611687;0.639766;0.646165;0.637663;0.597679;0.620708;;;;;;;;;;
2357.972013;0.424262;0.422526;0.535204;0.624776;0.617865;0.653416;0.657822;0.632864;0.593557;0.608379;;;;;;;;;;
2358.936419;0.426661;0.437165;0.543438;0.626864;0.634579;0.653260;0.652070;0.630313;0.598336;0.599153;;;;;;;;;;
2359.900824;0.430629;0.435229;0.550490;0.628569;0.649189;0.641204;0.642680;0.620701;0.606772;0.591131;;;;;;;;;;
2360.865230;0.430285;0.422478;0.555400;0.625008;0.652203;0.648596;0.632031;0.610643;0.601960;0.590248;;;;;;;;;;
2361.829636;0.421125;0.417217;0.544119;0.622461;0.647858;0.656395;0.620006;0.611085;0.596863;0.591104;;;;;;;;;;
2362.794041;0.414020;0.420826;0.534291;0.631365;0.638775;0.643053;0.630400;0.608999;0.593471;0.593961;;;;;;;;;;
2363.758447;0.414661;0.420721;0.536226;0.631106;0.625109;0.624426;0.640742;0.607954;0.585571;0.609098;;;;;;;;;;
2364.722853;0.421608;0.422154;0.538299;0.620572;0.617256;0.627987;0.630353;0.616987;0.583357;0.609796;;;;;;;;;;
2365.687259;0.425273;0.426852;0.551830;0.620204;0.619463;0.641550;0.634767;0.620397;0.600206;0.597287;;;;;;;;;;
2366.651664;0.422944;0.420054;0.563520;0.622417;0.623894;0.646323;0.651065;0.618557;0.614400;0.601089;;;;;;;;;;
2367.616070;0.420082;0.412418;0.553648;0.625545;0.625261;0.652017;0.657503;0.624834;0.603827;0.609332;;;;;;;;;;
2368.580476;0.420884;0.413181;0.544379;0.628647;0.624983;0.645357;0.660969;0.625256;0.591605;0.603002;;;;;;;;;;
2369.544882;0.426793;0.415851;0.546192;0.628866;0.624042;0.632647;0.656480;0.617479;0.584596;0.592184;;;;;;;;;;
2370.509287;0.426514;0.419064;0.549678;0.635167;0.622316;0.627752;0.648867;0.615551;0.582285;0.585547;;;;;;;;;;
2371.473693;0.420475;0.419289;0.549094;0.637977;0.619022;0.621804;0.651391;0.605142;0.584157;0.584824;;;;;;;;;;
2372.438099;0.423456;0.416843;0.546135;0.624543;0.613947;0.620039;0.660008;0.593205;0.582162;0.596118;;;;;;;;;;
2373.402504;0.428701;0.418973;0.543250;0.608485;0.612943;0.627037;0.659532;0.604683;0.591439;0.601827;;;;;;;;;;
2374.366910;0.423402;0.428910;0.536240;0.609653;0.619277;0.635813;0.645027;0.619807;0.609809;0.593430;;;;;;;;;;
2375.331316;0.421956;0.431844;0.525399;0.620452;0.629372;0.638556;0.639440;0.618020;0.620905;0.592352;;;;;;;;;;
2376.295722;0.426793;0.423697;0.525417;0.618786;0.634191;0.643369;0.649552;0.603389;0.621855;0.593513;;;;;;;;;;
2377.260127;0.420692;0.422834;0.542115;0.616282;0.622209;0.645007;0.657999;0.586711;0.613930;0.594195;;;;;;;;;;
2378.224533;0.419382;0.427219;0.550238;0.628076;0.604340;0.640221;0.656031;0.594493;0.611964;0.599395;;;;;;;;;;
2379.188939;0.430338;0.432501;0.540300;0.627915;0.604710;0.650159;0.641175;0.615308;0.609728;0.598417;;;;;;;;;;
2380.153345;0.432228;0.433440;0.538943;0.614759;0.623352;0.648176;0.627733;0.611296;0.603509;0.598635;;;;;;;;;;
2381.117750;0.428561;0.424545;0.547490;0.627688;0.638370;0.626986;0.637908;0.603674;0.609344;0.601847;;;;;;;;;;
2382.082156;0.422759;0.426186;0.543483;0.651956;0.636059;0.628493;0.657469;0.613042;0.610173;0.599480;;;;;;;;;;
2383.046562;0.415627;0.432384;0.535359;0.646825;0.624778;0.643683;0.656729;0.614358;0.597966;0.596464;;;;;;;;;;
2384.010968;0.421458;0.427383;0.538594;0.634263;0.624562;0.645339;0.649099;0.611499;0.599442;0.592250;;;;;;;;;;
2384.975373;0.429533;0.423212;0.544683;0.636436;0.636365;0.634518;0.655698;0.618907;0.614470;0.587583;;;;;;;;;;
2385.939779;0.428646;0.419871;0.546259;0.634346;0.637110;0.627689;0.658989;0.616273;0.615831;0.586196;;;;;;;;;;
2386.904185;0.424842;0.422226;0.539456;0.619767;0.634771;0.628187;0.649092;0.613551;0.604651;0.593269;;;;;;;;;;
2387.868590;0.416373;0.432587;0.536240;0.617789;0.643879;0.622481;0.644284;0.625775;0.600470;0.602642;;;;;;;;;;
2388.832996;0.415149;0.436172;0.551403;0.638259;0.645533;0.624692;0.646215;0.629655;0.599945;0.591057;;;;;;;;;;
2389.797402;0.424450;0.441363;0.563143;0.638044;0.645687;0.641341;0.647536;0.631984;0.599161;0.575704;;;;;;;;;;
2390.761808;0.430402;0.452311;0.558273;0.618854;0.654540;0.645057;0.652183;0.639380;0.602662;0.583120;;;;;;;;;;
2391.726213;0.435201;0.453271;0.552818;0.627401;0.654157;0.642673;0.660590;0.634301;0.606153;0.598800;;;;;;;;;;
2392.690619;0.432217;0.444227;0.550816;0.632272;0.642325;0.645043;0.660213;0.626031;0.606257;0.606202;;;;;;;;;;
2393.655025;0.425799;0.438302;0.545100;0.615193;0.628509;0.636064;0.652332;0.618670;0.607733;0.605264;;;;;;;;;;
2394.619431;0.432148;0.436536;0.541972;0.615891;0.620570;0.633310;0.661910;0.608471;0.613048;0.597903;;;;;;;;;;
2395.583836;0.436057;0.427723;0.552981;0.620258;0.620913;0.641489;0.675603;0.604452;0.611765;0.589626;;;;;;;;;;
2396.548242;0.431251;0.420533;0.561148;0.616348;0.625179;0.638042;0.668453;0.612999;0.602578;0.593724;;;;;;;;;;
2397.512648;0.428164;0.424399;0.552126;0.619100;0.629292;0.638242;0.659220;0.622773;0.600275;0.604274;;;;;;;;;;
2398.477053;0.431205;0.425588;0.541797;0.623172;0.630009;0.642972;0.652972;0.616246;0.600817;0.598778;;;;;;;;;;
2399.441459;0.433499;0.420553;0.536481;0.626927;0.630600;0.634566;0.647732;0.609105;0.591818;0.592524;;;;;;;;;;
2400.405865;0.427592;0.414665;0.535468;0.626473;0.627775;0.628263;0.641167;0.612566;0.586763;0.596203;;;;;;;;;;
2401.370271;0.429616;0.416483;0.543955;0.620615;0.620178;0.627995;0.626326;0.618216;0.595622;0.592714;;;;;;;;;;
2402.334676;0.435422;0.429779;0.555741;0.619645;0.617661;0.628793;0.620371;0.621611;0.597078;0.591780;;;;;;;;;;
2403.299082;0.433262;0.434997;0.558559;0.626510;0.619925;0.639237;0.634688;0.613578;0.585120;0.600980;;;;;;;;;;
2404.263488;0.431403;0.431915;0.555582;0.626838;0.621412;0.648246;0.654504;0.609655;0.583787;0.604711;;;;;;;;;;
2405.227894;0.425637;0.436747;0.551206;0.609157;0.623670;0.645504;0.652574;0.618513;0.597110;0.600548;;;;;;;;;;
2406.192299;0.426373;0.435273;0.545151;0.603011;0.630749;0.647445;0.634089;0.616436;0.604767;0.596007;;;;;;;;;;
2407.156705;0.439672;0.421876;0.547444;0.625494;0.638314;0.653207;0.627382;0.609717;0.597731;0.592929;;;;;;;;;;
2408.121111;0.439054;0.416200;0.551275;0.642563;0.641842;0.641407;0.635696;0.616631;0.590750;0.596446;;;;;;;;;;
2409.085517;0.423646;0.421445;0.547111;0.643234;0.638327;0.623182;0.652658;0.626461;0.599050;0.611116;;;;;;;;;;
2410.049922;0.413607;0.429700;0.549404;0.643958;0.628419;0.621788;0.664220;0.630733;0.614296;0.622844;;;;;;;;;;
2411.014328;0.412870;0.431467;0.549870;0.629697;0.627019;0.629062;0.658482;0.632162;0.613497;0.622588;;;;;;;;;;
2411.978734;0.420484;0.425651;0.541547;0.605796;0.632693;0.641049;0.650788;0.625843;0.604104;0.619294;;;;;;;;;;
2412.943139;0.429900;0.425558;0.541167;0.604832;0.636350;0.656730;0.649794;0.616229;0.599415;0.604295;;;;;;;;;;
2413.907545;0.433721;0.427617;0.540264;0.619237;0.642101;0.655141;0.651082;0.610512;0.588295;0.580016;;;;;;;;;;
2414.871951;0.429587;0.429536;0.535363;0.625697;0.642073;0.650386;0.654379;0.605611;0.581493;0.570971;;;;;;;;;;
2415.836357;0.417461;0.435861;0.537626;0.626694;0.636731;0.656499;0.649159;0.609967;0.588740;0.573537;;;;;;;;;;
2416.800762;0.419327;0.436899;0.544852;0.632635;0.635545;0.650882;0.638116;0.621055;0.600816;0.578670;;;;;;;;;;
2417.765168;0.434612;0.436804;0.547800;0.641825;0.631417;0.638834;0.640057;0.618941;0.614866;0.588231;;;;;;;;;;
2418.729574;0.430260;0.436233;0.539871;0.636756;0.629089;0.639120;0.644933;0.608669;0.624826;0.591468;;;;;;;;;;
2419.693980;0.422629;0.429080;0.536680;0.621800;0.635144;0.642124;0.643417;0.606250;0.626341;0.593175;;;;;;;;;;
2420.658385;0.429331;0.422327;0.542436;0.625339;0.631381;0.631789;0.644009;0.607680;0.609120;0.599886;;;;;;;;;;
2421.622791;0.428220;0.418259;0.547442;0.642257;0.621765;0.622990;0.641610;0.609839;0.589716;0.599328;;;;;;;;;;
2422.587197;0.421815;0.421679;0.555270;0.644170;0.625353;0.633513;0.640764;0.616755;0.592126;0.594732;;;;;;;;;;
2423.551603;0.424040;0.428834;0.554328;0.627831;0.624171;0.648546;0.647611;0.622630;0.585665;0.593439;;;;;;;;;;
2424.516008;0.434016;0.432073;0.546087;0.610542;0.616621;0.653274;0.641926;0.630404;0.575757;0.590273;;;;;;;;;;
2425.480414;0.437203;0.434536;0.545095;0.604155;0.632741;0.647756;0.629026;0.633997;0.591756;0.583583;;;;;;;;;;
2426.444820;0.428477;0.436990;0.545155;0.614299;0.655694;0.639041;0.642866;0.624355;0.599920;0.580007;;;;;;;;;;
2427.409225;0.428657;0.438844;0.544140;0.636258;0.644887;0.635237;0.662934;0.625079;0.593515;0.583246;;;;;;;;;;
2428.373631;0.434791;0.430422;0.547071;0.646653;0.616163;0.633099;0.654962;0.634331;0.600679;0.598034;;;;;;;;;;
2429.338037;0.428993;0.423742;0.553089;0.643741;0.613454;0.634443;0.651232;0.626312;0.609648;0.618144;;;;;;;;;;
2430.302443;0.422613;0.432750;0.549820;0.643112;0.637303;0.639650;0.661513;0.610841;0.605929;0.614139;;;;;;;;;;
2431.266848;0.428067;0.434054;0.537309;0.638697;0.647187;0.631424;0.655074;0.607229;0.603689;0.599176;;;;;;;;;;
2432.231254;0.441003;0.432501;0.539454;0.627667;0.642901;0.619545;0.644575;0.616719;0.600314;0.597022;;;;;;;;;;
2433.195660;0.446286;0.435379;0.555049;0.615679;0.647046;0.628410;0.655116;0.629766;0.591658;0.584703;;;;;;;;;;
2434.160066;0.435358;0.426497;0.555288;0.614960;0.640797;0.636858;0.659637;0.635136;0.600839;0.570709;;;;;;;;;;
2435.124471;0.427553;0.423546;0.549266;0.626069;0.625020;0.629404;0.638204;0.626196;0.611682;0.573911;;;;;;;;;;
2436.088877;0.431408;0.426801;0.561281;0.631627;0.619467;0.630740;0.634763;0.612546;0.603441;0.579762;;;;;;;;;;
2437.053283;0.430549;0.423939;0.569990;0.643315;0.616630;0.646891;0.659243;0.609748;0.600796;0.591676;;;;;;;;;;
2438.017688;0.428201;0.426609;0.564108;0.660517;0.615899;0.660036;0.669875;0.622147;0.598376;0.607846;;;;;;;;;;
2438.982094;0.431071;0.426258;0.561109;0.658184;0.621467;0.654571;0.667793;0.635505;0.592259;0.608985;;;;;;;;;;
2439.946500;0.429967;0.424549;0.561652;0.649551;0.626081;0.641905;0.668326;0.628104;0.597009;0.596837;;;;;;;;;;
2440.910906;0.426276;0.429574;0.556594;0.646253;0.624466;0.634828;0.658304;0.613184;0.598058;0.586142;;;;;;;;;;
2441.875311;0.424599;0.427567;0.537396;0.637976;0.617397;0.625890;0.647241;0.609958;0.591963;0.584639;;;;;;;;;;
2442.839717;0.424342;0.427633;0.525247;0.630681;0.623855;0.628483;0.643727;0.607813;0.603093;0.588950;;;;;;;;;;
2443.804123;0.426684;0.430864;0.538286;0.628193;0.638987;0.648490;0.637105;0.606549;0.623686;0.596162;;;;;;;;;;
2444.768529;0.429236;0.426790;0.555518;0.627921;0.625621;0.655408;0.635924;0.614621;0.618262;0.594268;;;;;;;;;;
2445.732934;0.429224;0.429370;0.565236;0.636116;0.612328;0.641228;0.641032;0.627392;0.596600;0.584079;;;;;;;;;;
2446.697340;0.427269;0.435756;0.564779;0.640670;0.628161;0.627953;0.637531;0.635595;0.585030;0.588155;;;;;;;;;;
2447.661746;0.423650;0.437735;0.552872;0.637779;0.642296;0.623090;0.631522;0.631741;0.586145;0.595202;;;;;;;;;;
2448.626152;0.419556;0.439499;0.547526;0.638451;0.649411;0.629478;0.634229;0.625449;0.595885;0.592656;;;;;;;;;;
2449.590557;0.419062;0.437357;0.549369;0.632276;0.641838;0.642110;0.644091;0.620623;0.597327;0.586731;;;;;;;;;;
2450.554963;0.423994;0.431171;0.548541;0.627794;0.615623;0.643444;0.652424;0.612386;0.590980;0.579001;;;;;;;;;;
2451.519369;0.432543;0.427878;0.552425;0.634246;0.610897;0.631835;0.654862;0.619334;0.594746;0.585513;;;;;;;;;;
2452.483774;0.440509;0.437483;0.558288;0.637791;0.631252;0.623084;0.652800;0.632407;0.602873;0.599692;;;;;;;;;;
2453.448180;0.442263;0.449016;0.556475;0.631474;0.644870;0.627428;0.648380;0.624493;0.603164;0.603049;;;;;;;;;;
2454.412586;0.439704;0.444570;0.549697;0.622890;0.644605;0.633670;0.648413;0.615309;0.601526;0.607034;;;;;;;;;;
2455.376992;0.436076;0.441102;0.544415;0.626660;0.651032;0.636222;0.647862;0.611310;0.603997;0.606234;;;;;;;;;;
2456.341397;0.435652;0.443297;0.548419;0.624137;0.661850;0.638107;0.640552;0.601680;0.608529;0.591533;;;;;;;;;;
2457.305803;0.444288;0.435281;0.554088;0.618676;0.654745;0.633466;0.640236;0.602434;0.612539;0.585776;;;;;;;;;;
2458.270209;0.444152;0.427390;0.551169;0.633522;0.638231;0.639691;0.642551;0.612464;0.606237;0.592761;;;;;;;;;;
2459.234615;0.430112;0.432066;0.554337;0.634176;0.628865;0.650979;0.640436;0.619125;0.597493;0.593497;;;;;;;;;;
2460.199020;0.427162;0.439879;0.562100;0.624422;0.633297;0.641337;0.650618;0.631383;0.602062;0.591331;;;;;;;;;;
2461.163426;0.433660;0.438820;0.557704;0.625881;0.645666;0.633994;0.660135;0.641376;0.608641;0.590759;;;;;;;;;;
2462.127832;0.438650;0.434148;0.553006;0.619898;0.650079;0.637716;0.653574;0.635073;0.606614;0.587967;;;;;;;;;;
2463.092237;0.443299;0.439301;0.554392;0.619874;0.643739;0.631724;0.649256;0.629566;0.600516;0.591427;;;;;;;;;;
2464.056643;0.443112;0.450237;0.551276;0.621207;0.633716;0.628794;0.649313;0.630493;0.594570;0.593280;;;;;;;;;;
2465.021049;0.441478;0.449975;0.546229;0.616811;0.627796;0.641871;0.653415;0.626970;0.586044;0.588611;;;;;;;;;;
2465.985455;0.441019;0.438027;0.545253;0.629031;0.631547;0.644726;0.664424;0.622402;0.584736;0.595509;;;;;;;;;;
2466.949860;0.433979;0.430404;0.550798;0.632846;0.640925;0.635483;0.661576;0.618406;0.598642;0.599886;;;;;;;;;;
2467.914266;0.424340;0.432341;0.551359;0.620205;0.639669;0.632958;0.640679;0.612938;0.607673;0.587750;;;;;;;;;;
2468.878672;0.420424;0.435580;0.545464;0.624997;0.622179;0.640033;0.629005;0.614417;0.603803;0.583653;;;;;;;;;;
2469.843078;0.418761;0.435831;0.557695;0.633845;0.614194;0.654805;0.629885;0.620533;0.592325;0.589297;;;;;;;;;;
2470.807483;0.420736;0.434086;0.570021;0.627636;0.629635;0.649014;0.630487;0.619025;0.583297;0.600620;;;;;;;;;;
2471.771889;0.429772;0.434676;0.558159;0.621459;0.634760;0.635666;0.643211;0.620146;0.590036;0.615215;;;;;;;;;;
2472.736295;0.436337;0.440899;0.546561;0.616376;0.619772;0.637637;0.660187;0.623892;0.600434;0.606036;;;;;;;;;;
2473.700701;0.439916;0.441678;0.540580;0.612913;0.623961;0.636832;0.652773;0.614893;0.599819;0.595096;;;;;;;;;;
2474.665106;0.443385;0.433117;0.534595;0.627274;0.638966;0.655274;0.641603;0.613227;0.595416;0.608007;;;;;;;;;;
2475.629512;0.440550;0.431174;0.537240;0.644831;0.635931;0.682859;0.655422;0.623921;0.598277;0.611401;;;;;;;;;;
2476.593918;0.439933;0.434167;0.552975;0.642942;0.627694;0.675592;0.675698;0.623910;0.597750;0.605888;;;;;;;;;;
2477.558323;0.444125;0.429619;0.564884;0.638558;0.623315;0.655311;0.672003;0.620148;0.592691;0.606090;;;;;;;;;;
2478.522729;0.438851;0.428300;0.554870;0.643006;0.625929;0.644926;0.657188;0.621646;0.604637;0.598123;;;;;;;;;;
2479.487135;0.430541;0.432385;0.550314;0.642534;0.639905;0.639722;0.649801;0.632337;0.618142;0.591156;;;;;;;;;;
2480.451541;0.434169;0.429577;0.560328;0.632709;0.650962;0.629818;0.644257;0.647719;0.618850;0.585891;;;;;;;;;;
2481.415946;0.441784;0.431602;0.560255;0.628182;0.649575;0.625525;0.649690;0.641778;0.624842;0.583725;;;;;;;;;;
2482.380352;0.440555;0.440510;0.552377;0.625577;0.648640;0.633346;0.665846;0.625305;0.624610;0.595587;;;;;;;;;;
2483.344758;0.436454;0.439564;0.548014;0.615541;0.640085;0.640375;0.665536;0.611635;0.610449;0.596452;;;;;;;;;;
2484.309164;0.434784;0.437622;0.550123;0.610911;0.622591;0.645055;0.655137;0.599644;0.600222;0.584766;;;;;;;;;;
2485.273569;0.435957;0.440295;0.551760;0.611029;0.623896;0.640322;0.654324;0.602522;0.588564;0.588017;;;;;;;;;;
2486.237975;0.442397;0.435513;0.547558;0.619754;0.637799;0.634857;0.651004;0.604529;0.580280;0.596466;;;;;;;;;;
2487.202381;0.438508;0.429053;0.549966;0.631336;0.648007;0.635666;0.643490;0.603918;0.588032;0.590703;;;;;;;;;;
2488.166786;0.427211;0.433753;0.557188;0.621383;0.654075;0.638998;0.648535;0.614532;0.594948;0.583807;;;;;;;;;;
2489.131192;0.436336;0.444392;0.563014;0.616841;0.648128;0.657563;0.657923;0.618875;0.600819;0.591953;;;;;;;;;;
2490.095598;0.447302;0.449022;0.569593;0.628089;0.632018;0.662474;0.652530;0.619218;0.606857;0.602634;;;;;;;;;;
2491.060004;0.442827;0.443986;0.570206;0.628732;0.619756;0.641793;0.642492;0.618389;0.602334;0.605678;;;;;;;;;;
2492.024409;0.446603;0.439540;0.563629;0.627144;0.623031;0.633973;0.641033;0.611669;0.604674;0.597935;;;;;;;;;;
2492.988815;0.449317;0.447702;0.556175;0.631688;0.632724;0.637955;0.648419;0.607867;0.609961;0.583661;;;;;;;;;;
2493.953221;0.440356;0.448254;0.557105;0.635551;0.638592;0.642495;0.661388;0.608195;0.604407;0.584720;;;;;;;;;;
2494.917627;0.434269;0.431654;0.561559;0.641669;0.638607;0.640892;0.660642;0.616337;0.602193;0.590103;;;;;;;;;;
2495.882032;0.430933;0.432384;0.550532;0.640733;0.630967;0.634494;0.651041;0.620340;0.606681;0.575779;;;;;;;;;;
2496.846438;0.435247;0.445718;0.544989;0.622318;0.633800;0.638967;0.645417;0.617245;0.609597;0.562266;;;;;;;;;;
2497.810844;0.444705;0.446023;0.562966;0.615748;0.643202;0.646079;0.638617;0.628382;0.607309;0.576100;;;;;;;;;;
2498.775250;0.443288;0.443871;0.566942;0.630205;0.645183;0.648819;0.644794;0.635508;0.603509;0.595915;;;;;;;;;;
2499.739655;0.440433;0.439861;0.550776;0.632586;0.651316;0.642244;0.654907;0.619547;0.599179;0.592155;;;;;;;;;;
2500.704061;0.441820;0.437188;0.546352;0.627713;0.642192;0.625036;0.659886;0.604237;0.590066;0.585784;;;;;;;;;;
2501.668467;0.434549;0.444131;0.546888;0.629198;0.618164;0.626807;0.665476;0.605470;0.583913;0.579553;;;;;;;;;;
2502.632872;0.431831;0.446455;0.551420;0.625418;0.624070;0.653458;0.654586;0.622920;0.594115;0.573102;;;;;;;;;;
2503.597278;0.440954;0.446012;0.564053;0.626702;0.639462;0.668129;0.650062;0.633152;0.603001;0.587365;;;;;;;;;;
2504.561684;0.437384;0.444264;0.564238;0.636724;0.631075;0.658237;0.659141;0.620681;0.586408;0.599573;;;;;;;;;;
2505.526090;0.430253;0.438034;0.558828;0.638332;0.634512;0.652645;0.657819;0.615843;0.580017;0.590365;;;;;;;;;;
2506.490495;0.436530;0.444681;0.560676;0.638637;0.647066;0.652747;0.658885;0.628309;0.603094;0.585529;;;;;;;;;;
2507.454901;0.437865;0.456465;0.560113;0.643496;0.645142;0.640275;0.660388;0.640105;0.613944;0.597492;;;;;;;;;;
2508.419307;0.435748;0.452593;0.558060;0.640423;0.649688;0.636204;0.652413;0.643172;0.603646;0.605978;;;;;;;;;;
2509.383713;0.439049;0.440878;0.560421;0.642429;0.652545;0.649309;0.649383;0.634682;0.602192;0.604210;;;;;;;;;;
2510.348118;0.442751;0.434051;0.559341;0.645736;0.636927;0.653452;0.655472;0.627802;0.610147;0.610721;;;;;;;;;;
2511.312524;0.448167;0.434956;0.550255;0.632871;0.620612;0.652054;0.658220;0.632687;0.605824;0.614381;;;;;;;;;;
2512.276930;0.447891;0.438101;0.553280;0.626531;0.615027;0.652866;0.655954;0.634092;0.598053;0.601183;;;;;;;;;;
2513.241336;0.442211;0.436904;0.567338;0.627563;0.621301;0.643093;0.654737;0.624489;0.607088;0.589447;;;;;;;;;;
2514.205741;0.441128;0.436226;0.561099;0.621903;0.634582;0.637338;0.651266;0.623534;0.612038;0.588332;;;;;;;;;;
2515.170147;0.443252;0.440903;0.547349;0.620668;0.638151;0.645162;0.643621;0.625336;0.604124;0.590644;;;;;;;;;;
2516.134553;0.445860;0.445460;0.547556;0.627339;0.622418;0.642759;0.625959;0.613501;0.600143;0.596544;;;;;;;;;;
2517.098958;0.444276;0.447785;0.549880;0.638052;0.608745;0.631084;0.616112;0.608238;0.595710;0.599972;;;;;;;;;;
2518.063364;0.441596;0.445255;0.554456;0.643112;0.616405;0.634868;0.638136;0.611807;0.589444;0.592542;;;;;;;;;;
2519.027770;0.442301;0.437375;0.561775;0.639224;0.634285;0.650674;0.662778;0.616269;0.585578;0.594240;;;;;;;;;;
2519.992176;0.441124;0.435542;0.562656;0.634535;0.650195;0.648952;0.661610;0.617697;0.590195;0.606744;;;;;;;;;;
2520.956581;0.443100;0.437002;0.569084;0.632263;0.655927;0.630720;0.651323;0.611601;0.605258;0.603862;;;;;;;;;;
2521.920987;0.448586;0.432652;0.576731;0.635610;0.647041;0.633893;0.647802;0.620127;0.610050;0.593720;;;;;;;;;;
2522.885393;0.449437;0.432233;0.572011;0.637738;0.640961;0.654714;0.653493;0.637543;0.593867;0.594589;;;;;;;;;;
2523.849799;0.446104;0.441341;0.574107;0.637053;0.643613;0.660451;0.660025;0.641086;0.577118;0.597648;;;;;;;;;;
2524.814204;0.439023;0.448398;0.576737;0.636970;0.643792;0.659821;0.660111;0.633980;0.581052;0.594427;;;;;;;;;;
2525.778610;0.436124;0.447143;0.566230;0.626785;0.644237;0.660368;0.661069;0.622521;0.595665;0.596134;;;;;;;;;;
2526.743016;0.438644;0.445644;0.561965;0.628173;0.646532;0.660042;0.666567;0.620915;0.604174;0.602344;;;;;;;;;;
2527.707421;0.439090;0.443070;0.562583;0.649757;0.641485;0.665330;0.667437;0.626016;0.617690;0.595304;;;;;;;;;;
2528.671827;0.445940;0.436930;0.557725;0.651048;0.628460;0.657331;0.664189;0.628431;0.634656;0.584711;;;;;;;;;;
2529.636233;0.452910;0.437430;0.554346;0.647228;0.625500;0.639467;0.660081;0.627656;0.637556;0.584009;;;;;;;;;;
2530.600639;0.444750;0.443493;0.557797;0.653057;0.637516;0.634681;0.651846;0.621517;0.615723;0.585465;;;;;;;;;;
2531.565044;0.430446;0.444105;0.568455;0.640141;0.636518;0.632404;0.647764;0.619969;0.587532;0.595497;;;;;;;;;;
2532.529450;0.425797;0.434867;0.574587;0.630998;0.622520;0.634045;0.643878;0.615644;0.589174;0.613283;;;;;;;;;;
2533.493856;0.436369;0.424355;0.563911;0.629036;0.618520;0.646737;0.633281;0.611728;0.604408;0.613705;;;;;;;;;;
2534.458262;0.442934;0.428532;0.555347;0.622054;0.617474;0.652966;0.637966;0.624795;0.606253;0.604211;;;;;;;;;;
2535.422667;0.437613;0.442498;0.561230;0.630085;0.622351;0.655475;0.652886;0.622129;0.609026;0.601518;;;;;;;;;;
2536.387073;0.440514;0.448049;0.565901;0.640973;0.644146;0.661193;0.654473;0.605001;0.606947;0.600804;;;;;;;;;;
2537.351479;0.450794;0.447885;0.565110;0.648477;0.663342;0.650786;0.650998;0.615483;0.600575;0.603030;;;;;;;;;;
2538.315885;0.452626;0.450068;0.560373;0.652854;0.665865;0.633493;0.641744;0.631008;0.602802;0.599778;;;;;;;;;;
2539.280290;0.447816;0.451688;0.554490;0.640177;0.656658;0.634383;0.640058;0.617649;0.598068;0.586761;;;;;;;;;;
2540.244696;0.447055;0.453408;0.551488;0.633571;0.637286;0.640347;0.658105;0.600660;0.592369;0.577357;;;;;;;;;;
2541.209102;0.445233;0.451082;0.548119;0.646487;0.621601;0.644842;0.653188;0.609714;0.606612;0.572535;;;;;;;;;;
2542.173507;0.437251;0.441593;0.555696;0.661269;0.624373;0.657058;0.634706;0.624407;0.619543;0.576783;;;;;;;;;;
2543.137913;0.435100;0.440488;0.567574;0.658414;0.636974;0.659268;0.641881;0.622923;0.619269;0.589967;;;;;;;;;;
2544.102319;0.438648;0.448523;0.564516;0.642695;0.640698;0.657631;0.647629;0.628653;0.622441;0.600404;;;;;;;;;;
2545.066725;0.439166;0.448132;0.561712;0.640130;0.633276;0.668153;0.635353;0.633883;0.619095;0.608719;;;;;;;;;;
2546.031130;0.435205;0.448168;0.572193;0.645464;0.629298;0.670321;0.628511;0.624188;0.607282;0.606111;;;;;;;;;;
2546.995536;0.432905;0.455595;0.579180;0.648841;0.640085;0.659426;0.642750;0.620456;0.603121;0.600696;;;;;;;;;;
2547.959942;0.437765;0.451761;0.567608;0.653741;0.652681;0.646042;0.663249;0.626550;0.602057;0.604952;;;;;;;;;;
2548.924348;0.438495;0.444003;0.559035;0.645598;0.648417;0.637723;0.659258;0.637723;0.596183;0.596707;;;;;;;;;;
2549.888753;0.437852;0.446638;0.565024;0.628986;0.639969;0.639271;0.646565;0.644268;0.591555;0.587256;;;;;;;;;;
2550.853159;0.449712;0.449118;0.570265;0.624492;0.637970;0.638658;0.647677;0.639633;0.593534;0.592607;;;;;;;;;;
2551.817565;0.455218;0.448631;0.572582;0.633932;0.638698;0.633038;0.656816;0.630226;0.594539;0.593304;;;;;;;;;;
2552.781970;0.444147;0.447872;0.568446;0.644959;0.642726;0.629849;0.674327;0.622883;0.594216;0.588000;;;;;;;;;;
2553.746376;0.438034;0.448408;0.566205;0.641621;0.640976;0.637383;0.678617;0.616433;0.599018;0.588464;;;;;;;;;;
2554.710782;0.439729;0.454744;0.570616;0.635674;0.635970;0.646611;0.664874;0.609695;0.603250;0.605851;;;;;;;;;;
2555.675188;0.444504;0.459443;0.564778;0.646980;0.641193;0.640633;0.666949;0.620929;0.605906;0.622927;;;;;;;;;;
2556.639593;0.452022;0.455977;0.560180;0.653463;0.649547;0.640281;0.673503;0.632153;0.611330;0.612721;;;;;;;;;;
2557.603999;0.445649;0.450752;0.558064;0.637575;0.643163;0.647720;0.667403;0.616588;0.619592;0.607752;;;;;;;;;;
2558.568405;0.431569;0.446218;0.546398;0.628989;0.627793;0.644035;0.660417;0.606438;0.623493;0.608376;;;;;;;;;;
2559.532811;0.431078;0.439527;0.545313;0.632696;0.628952;0.636544;0.653263;0.607017;0.618152;0.585760;;;;;;;;;;
2560.497216;0.435740;0.437362;0.555629;0.631774;0.644027;0.633740;0.646713;0.601574;0.614319;0.574724;;;;;;;;;;
2561.461622;0.442065;0.443823;0.558160;0.628701;0.656092;0.636619;0.645830;0.600850;0.615856;0.579613;;;;;;;;;;
2562.426028;0.449420;0.448069;0.556199;0.625768;0.663307;0.631942;0.657702;0.609679;0.614393;0.583028;;;;;;;;;;
2563.390434;0.442075;0.448657;0.554909;0.629784;0.657318;0.630881;0.660489;0.616128;0.607707;0.603555;;;;;;;;;;
2564.354839;0.432317;0.451467;0.555795;0.633384;0.643506;0.639319;0.644933;0.617898;0.604276;0.611767;;;;;;;;;;
2565.319245;0.434380;0.448116;0.564662;0.625978;0.631429;0.631258;0.640781;0.625206;0.601121;0.594739;;;;;;;;;;
2566.283651;0.440311;0.440299;0.576212;0.629486;0.624155;0.631280;0.632391;0.631512;0.589592;0.592168;;;;;;;;;;
2567.248056;0.444885;0.444006;0.575206;0.636351;0.635080;0.643874;0.624935;0.630847;0.593061;0.599548;;;;;;;;;;
2568.212462;0.442173;0.448290;0.567235;0.631688;0.645900;0.647655;0.641269;0.622796;0.613786;0.603935;;;;;;;;;;
2569.176868;0.437535;0.438653;0.567238;0.635980;0.634515;0.660393;0.653333;0.609943;0.619450;0.592076;;;;;;;;;;
2570.141274;0.442759;0.436699;0.568131;0.644416;0.624668;0.658559;0.657847;0.612817;0.614443;0.579577;;;;;;;;;;
2571.105679;0.450519;0.447830;0.560885;0.641980;0.625940;0.638547;0.662031;0.617818;0.613301;0.594403;;;;;;;;;;
2572.070085;0.449957;0.451705;0.551124;0.635825;0.629379;0.641967;0.655303;0.616842;0.607974;0.593198;;;;;;;;;;
2573.034491;0.440450;0.446539;0.551625;0.633038;0.631890;0.652017;0.646891;0.630531;0.595956;0.576549;;;;;;;;;;
2573.998897;0.435744;0.441340;0.565927;0.638043;0.632980;0.649832;0.654209;0.635475;0.588930;0.589736;;;;;;;;;;
2574.963302;0.446780;0.447396;0.577665;0.647167;0.639495;0.654460;0.666964;0.633269;0.593399;0.597633;;;;;;;;;;
2575.927708;0.452145;0.455399;0.576886;0.647187;0.637848;0.655757;0.658791;0.633668;0.596971;0.581030;;;;;;;;;;
2576.892114;0.441889;0.450924;0.568637;0.637695;0.626515;0.642203;0.653898;0.619688;0.593397;0.580203;;;;;;;;;;
2577.856520;0.440409;0.448813;0.561529;0.633874;0.622078;0.638136;0.659331;0.616864;0.588506;0.590953;;;;;;;;;;
2578.820925;0.444529;0.443567;0.559736;0.632247;0.620920;0.640680;0.653597;0.623527;0.587383;0.587108;;;;;;;;;;
2579.785331;0.442765;0.438049;0.562878;0.628066;0.630143;0.633331;0.658808;0.622581;0.595288;0.587206;;;;;;;;;;
2580.749737;0.443719;0.446812;0.570060;0.631559;0.636430;0.637140;0.671835;0.626615;0.600086;0.599425;;;;;;;;;;
2581.714142;0.445774;0.443731;0.575885;0.634398;0.628635;0.649934;0.667634;0.628140;0.592495;0.604524;;;;;;;;;;
2582.678548;0.449551;0.432799;0.579623;0.637221;0.634267;0.652025;0.652767;0.625202;0.597198;0.603660;;;;;;;;;;
2583.642954;0.448943;0.438760;0.573941;0.641555;0.639599;0.654573;0.649684;0.627362;0.616151;0.596620;;;;;;;;;;
2584.607360;0.437801;0.450771;0.563279;0.631402;0.630482;0.649801;0.660824;0.629112;0.617696;0.588023;;;;;;;;;;
2585.571765;0.434963;0.457084;0.569241;0.626970;0.632354;0.629490;0.656192;0.622427;0.608946;0.593454;;;;;;;;;;
2586.536171;0.440604;0.456079;0.575701;0.635538;0.642936;0.623355;0.644577;0.621045;0.605823;0.598349;;;;;;;;;;
2587.500577;0.445409;0.450628;0.567224;0.632079;0.642078;0.637162;0.646995;0.629004;0.601296;0.592477;;;;;;;;;;
2588.464983;0.452692;0.438911;0.561689;0.629469;0.637416;0.643941;0.646164;0.626409;0.595993;0.596281;;;;;;;;;;
2589.429388;0.455192;0.434728;0.567372;0.646165;0.638779;0.646198;0.643659;0.622454;0.597109;0.601183;;;;;;;;;;
2590.393794;0.450572;0.452002;0.574508;0.663909;0.634015;0.661149;0.645973;0.626005;0.602264;0.591412;;;;;;;;;;
2591.358200;0.444883;0.457464;0.566553;0.655635;0.624155;0.661860;0.644058;0.628414;0.589791;0.592307;;;;;;;;;;
2592.322605;0.443112;0.446728;0.556924;0.630561;0.617916;0.638780;0.649126;0.627687;0.580064;0.603205;;;;;;;;;;
2593.287011;0.446436;0.450614;0.558649;0.620397;0.620698;0.636194;0.667709;0.619068;0.600695;0.603799;;;;;;;;;;
2594.251417;0.449171;0.457196;0.560621;0.630160;0.634830;0.652120;0.677696;0.612231;0.618978;0.600132;;;;;;;;;;
2595.215823;0.451097;0.454585;0.564604;0.642861;0.641122;0.646313;0.671451;0.617617;0.623211;0.592109;;;;;;;;;;
2596.180228;0.447473;0.452791;0.566738;0.650665;0.637134;0.640979;0.670524;0.620200;0.616555;0.592778;;;;;;;;;;
2597.144634;0.438618;0.457280;0.564395;0.650987;0.641549;0.660081;0.675310;0.609583;0.600327;0.601560;;;;;;;;;;
2598.109040;0.442717;0.461945;0.563542;0.630022;0.648892;0.664393;0.660918;0.613212;0.597588;0.592464;;;;;;;;;;
2599.073446;0.455729;0.457782;0.565009;0.614908;0.652087;0.652438;0.638370;0.634157;0.602542;0.583699;;;;;;;;;;
2600.037851;0.452978;0.453296;0.568270;0.638015;0.656269;0.647193;0.632287;0.632774;0.601287;0.585645;;;;;;;;;;
2601.002257;0.444962;0.450780;0.566046;0.661123;0.654725;0.634564;0.636742;0.620548;0.594713;0.585630;;;;;;;;;;
2601.966663;0.445878;0.445192;0.574380;0.657857;0.648250;0.629149;0.649040;0.622898;0.596180;0.587487;;;;;;;;;;
2602.931069;0.442395;0.443385;0.591455;0.652965;0.650312;0.637066;0.663830;0.625449;0.609533;0.586246;;;;;;;;;;
2603.895474;0.440390;0.449013;0.582889;0.645911;0.646775;0.638863;0.663142;0.623682;0.609632;0.588920;;;;;;;;;;
2604.859880;0.447852;0.456865;0.566760;0.637350;0.631756;0.635702;0.652306;0.625629;0.594888;0.595460;;;;;;;;;;
2605.824286;0.455891;0.458294;0.562843;0.640263;0.637250;0.632366;0.644737;0.628717;0.583854;0.585631;;;;;;;;;;
2606.788691;0.463091;0.455615;0.567266;0.642163;0.656012;0.644115;0.640662;0.628274;0.585518;0.580374;;;;;;;;;;
2607.753097;0.464593;0.449658;0.577921;0.637107;0.650061;0.659661;0.645542;0.628254;0.598499;0.592494;;;;;;;;;;
2608.717503;0.463084;0.440275;0.576217;0.641238;0.633969;0.654868;0.663465;0.629559;0.614365;0.600226;;;;;;;;;;
2609.681909;0.458837;0.446252;0.569099;0.637464;0.627226;0.656275;0.669904;0.631739;0.626192;0.604904;;;;;;;;;;
2610.646314;0.447015;0.462724;0.567699;0.620067;0.625120;0.661410;0.655010;0.631578;0.625831;0.605984;;;;;;;;;;
2611.610720;0.437413;0.462120;0.565694;0.619805;0.630655;0.654260;0.638712;0.624601;0.618297;0.601688;;;;;;;;;;
2612.575126;0.432876;0.451866;0.565632;0.629584;0.642260;0.645481;0.628827;0.626263;0.610914;0.609439;;;;;;;;;;
2613.539532;0.439822;0.453019;0.566201;0.633608;0.652570;0.631878;0.636861;0.631323;0.609558;0.611200;;;;;;;;;;
2614.503937;0.451419;0.455966;0.572777;0.636377;0.649621;0.631934;0.646247;0.621300;0.616847;0.596953;;;;;;;;;;
2615.468343;0.448927;0.447547;0.581319;0.635517;0.640115;0.648877;0.643373;0.613589;0.616411;0.596561;;;;;;;;;;
2616.432749;0.448874;0.441705;0.585356;0.635550;0.637858;0.657391;0.653133;0.614264;0.601452;0.604732;;;;;;;;;;
2617.397154;0.455093;0.442826;0.584535;0.641680;0.634791;0.660897;0.659910;0.615883;0.590264;0.609368;;;;;;;;;;
2618.361560;0.448607;0.444542;0.568206;0.647801;0.642946;0.657730;0.663625;0.623348;0.597236;0.609449;;;;;;;;;;
2619.325966;0.438252;0.452586;0.558040;0.647901;0.650519;0.655640;0.675846;0.630719;0.604984;0.591535;;;;;;;;;;
2620.290372;0.438528;0.461458;0.563483;0.645735;0.639839;0.664492;0.661450;0.627704;0.602572;0.587251;;;;;;;;;;
2621.254777;0.440795;0.459512;0.561175;0.634769;0.642542;0.661100;0.644397;0.620678;0.608288;0.605608;;;;;;;;;;
2622.219183;0.439963;0.448200;0.550881;0.617922;0.642787;0.652240;0.654428;0.621486;0.614465;0.594814;;;;;;;;;;
2623.183589;0.448202;0.441553;0.550498;0.624752;0.623887;0.647502;0.660314;0.626441;0.617215;0.576782;;;;;;;;;;
2624.147995;0.459981;0.445695;0.567478;0.641713;0.620355;0.637318;0.648857;0.632693;0.628210;0.588155;;;;;;;;;;
2625.112400;0.462681;0.449188;0.577266;0.641979;0.633201;0.635706;0.646556;0.642442;0.632280;0.596427;;;;;;;;;;
2626.076806;0.455917;0.447470;0.571426;0.645539;0.640400;0.643462;0.663040;0.645656;0.622985;0.592005;;;;;;;;;;
2627.041212;0.445119;0.438370;0.568471;0.644404;0.639362;0.646965;0.665042;0.637734;0.614348;0.589918;;;;;;;;;;
2628.005618;0.446191;0.433886;0.566654;0.638467;0.642331;0.646116;0.651762;0.621663;0.612261;0.591395;;;;;;;;;;
2628.970023;0.452570;0.449342;0.568338;0.652539;0.649003;0.653396;0.660067;0.612457;0.605726;0.590839;;;;;;;;;;
2629.934429;0.448905;0.459437;0.571950;0.656578;0.644710;0.673045;0.670931;0.620538;0.592634;0.588520;;;;;;;;;;
2630.898835;0.447362;0.456849;0.573746;0.652912;0.639295;0.670924;0.671022;0.634891;0.591511;0.597516;;;;;;;;;;
2631.863240;0.451788;0.464701;0.579740;0.669341;0.652109;0.648914;0.679750;0.642908;0.594211;0.607176;;;;;;;;;;
2632.827646;0.453022;0.467864;0.581997;0.665538;0.662582;0.646346;0.672812;0.629737;0.588958;0.610828;;;;;;;;;;
2633.792052;0.450907;0.454762;0.577794;0.642852;0.649883;0.657459;0.652134;0.618157;0.594132;0.610492;;;;;;;;;;
2634.756458;0.447782;0.445558;0.579034;0.638557;0.631347;0.662449;0.657175;0.635409;0.602849;0.599413;;;;;;;;;;
2635.720863;0.446806;0.440827;0.584079;0.644209;0.612907;0.647910;0.668200;0.638931;0.598414;0.595656;;;;;;;;;;
2636.685269;0.452766;0.435309;0.579623;0.657710;0.603237;0.630638;0.658980;0.619572;0.598373;0.597890;;;;;;;;;;
2637.649675;0.457336;0.443081;0.575371;0.661050;0.620998;0.633810;0.661847;0.622358;0.611028;0.600154;;;;;;;;;;
2638.614081;0.453808;0.457783;0.576958;0.633681;0.648620;0.636761;0.675147;0.640328;0.626938;0.603465;;;;;;;;;;
2639.578486;0.452852;0.453997;0.568482;0.618196;0.647728;0.636056;0.662926;0.646742;0.630008;0.590680;;;;;;;;;;
2640.542892;0.454504;0.441896;0.559782;0.626350;0.637007;0.646689;0.645387;0.633017;0.616401;0.578415;;;;;;;;;;
2641.507298;0.450916;0.442538;0.561755;0.627892;0.655819;0.656397;0.640282;0.616097;0.615822;0.579975;;;;;;;;;;
2642.471703;0.449266;0.448188;0.567576;0.629482;0.666160;0.652431;0.646217;0.627982;0.622494;0.586197;;;;;;;;;;
2643.436109;0.462971;0.450274;0.576989;0.632764;0.648068;0.644605;0.662200;0.646617;0.607541;0.591829;;;;;;;;;;
2644.400515;0.478246;0.452550;0.577446;0.627398;0.649687;0.642930;0.659767;0.639971;0.598858;0.588962;;;;;;;;;;
2645.364921;0.469947;0.457599;0.566309;0.627120;0.660456;0.640390;0.657059;0.633411;0.613290;0.593747;;;;;;;;;;
2646.329326;0.455195;0.460853;0.568250;0.631085;0.644915;0.643607;0.672863;0.634574;0.618360;0.609237;;;;;;;;;;
2647.293732;0.444963;0.453945;0.576746;0.629901;0.625045;0.649941;0.677440;0.636044;0.604357;0.610819;;;;;;;;;;
2648.258138;0.435403;0.446876;0.573020;0.635225;0.630164;0.649241;0.682082;0.638753;0.596343;0.596099;;;;;;;;;;
2649.222544;0.439856;0.454302;0.571973;0.653699;0.637203;0.652501;0.682168;0.634138;0.601050;0.587885;;;;;;;;;;
2650.186949;0.455160;0.461190;0.575305;0.665909;0.628982;0.646548;0.666308;0.626573;0.602326;0.601685;;;;;;;;;;
2651.151355;0.465714;0.461202;0.577012;0.657593;0.636801;0.637312;0.659373;0.613984;0.596188;0.603895;;;;;;;;;;
2652.115761;0.460441;0.470793;0.586481;0.645444;0.641836;0.648964;0.659449;0.602858;0.598404;0.582872;;;;;;;;;;
2653.080167;0.449885;0.475737;0.593097;0.648888;0.623377;0.659494;0.660421;0.612759;0.610027;0.584539;;;;;;;;;;
2654.044572;0.451123;0.466601;0.586229;0.661763;0.612557;0.655331;0.657897;0.620218;0.612782;0.600580;;;;;;;;;;
2655.008978;0.452048;0.460295;0.583619;0.651834;0.610798;0.654978;0.656955;0.613597;0.614958;0.596043;;;;;;;;;;
2655.973384;0.454126;0.451874;0.590207;0.628742;0.618115;0.663803;0.661998;0.621519;0.625225;0.585607;;;;;;;;;;
2656.937789;0.459404;0.445565;0.583548;0.633220;0.637309;0.660888;0.656263;0.632361;0.619878;0.585144;;;;;;;;;;
2657.902195;0.453161;0.456204;0.569152;0.638774;0.650619;0.636084;0.652970;0.627765;0.610867;0.593053;;;;;;;;;;
2658.866601;0.452989;0.466843;0.575381;0.623772;0.650126;0.635412;0.662332;0.622434;0.615217;0.606444;;;;;;;;;;
2659.831007;0.461452;0.453584;0.585396;0.633546;0.649153;0.669862;0.668989;0.622812;0.611890;0.618455;;;;;;;;;;
2660.795412;0.462052;0.433727;0.575959;0.662192;0.660791;0.677226;0.666628;0.631795;0.606292;0.618147;;;;;;;;;;
2661.759818;0.461596;0.436185;0.568328;0.667866;0.664200;0.658694;0.653837;0.644517;0.603915;0.600003;;;;;;;;;;
2662.724224;0.454489;0.448781;0.574968;0.655134;0.654071;0.655292;0.648029;0.639285;0.602195;0.590523;;;;;;;;;;
2663.688630;0.444047;0.452988;0.584604;0.647703;0.656289;0.660356;0.659007;0.620114;0.617196;0.601817;;;;;;;;;;
2664.653035;0.448129;0.453547;0.586049;0.650202;0.655530;0.666049;0.658873;0.616291;0.624304;0.601977;;;;;;;;;;
2665.617441;0.453823;0.455061;0.580735;0.643233;0.632558;0.656589;0.642990;0.628271;0.603055;0.596887;;;;;;;;;;
2666.581847;0.449589;0.465255;0.575551;0.636419;0.621074;0.643796;0.646263;0.636126;0.590592;0.603140;;;;;;;;;;
2667.546253;0.448227;0.470061;0.562342;0.643310;0.640300;0.650749;0.666403;0.638404;0.600862;0.596003;;;;;;;;;;
2668.510658;0.450704;0.462118;0.551447;0.635646;0.650853;0.653249;0.680599;0.635516;0.615805;0.585695;;;;;;;;;;
2669.475064;0.447831;0.464463;0.561391;0.621038;0.646881;0.652087;0.687353;0.636781;0.619776;0.586809;;;;;;;;;;
2670.439470;0.446934;0.466132;0.580805;0.622193;0.661437;0.659600;0.683178;0.632810;0.618343;0.581006;;;;;;;;;;
2671.403875;0.452927;0.454969;0.590713;0.627855;0.670432;0.659768;0.673198;0.606633;0.619991;0.574927;;;;;;;;;;
2672.368281;0.454630;0.453559;0.581184;0.623834;0.659031;0.652868;0.659377;0.603088;0.618413;0.582771;;;;;;;;;;
2673.332687;0.454006;0.464303;0.570316;0.616621;0.646111;0.637246;0.656559;0.621804;0.615164;0.588517;;;;;;;;;;
2674.297093;0.456314;0.465537;0.566187;0.631381;0.630349;0.627623;0.674811;0.616827;0.613398;0.580688;;;;;;;;;;
2675.261498;0.457564;0.457476;0.558728;0.656123;0.630223;0.652534;0.677472;0.623906;0.618850;0.579680;;;;;;;;;;
2676.225904;0.461121;0.452798;0.560780;0.657276;0.650168;0.681634;0.670946;0.654458;0.625906;0.588679;;;;;;;;;;
2677.190310;0.462586;0.448350;0.564512;0.648157;0.647797;0.679276;0.675048;0.652466;0.616232;0.592532;;;;;;;;;;
2678.154716;0.458053;0.447436;0.565966;0.645126;0.631937;0.667489;0.675052;0.629007;0.608045;0.599243;;;;;;;;;;
2679.119121;0.455996;0.452756;0.573981;0.644801;0.635478;0.657547;0.679795;0.628444;0.612296;0.604673;;;;;;;;;;
2680.083527;0.452737;0.458626;0.575928;0.643793;0.640367;0.654948;0.675990;0.638141;0.609235;0.605202;;;;;;;;;;
2681.047933;0.448259;0.468438;0.585696;0.645487;0.646535;0.661314;0.658355;0.630593;0.602385;0.622511;;;;;;;;;;
2682.012338;0.454212;0.471949;0.597719;0.647166;0.650456;0.664906;0.659054;0.621663;0.604947;0.633297;;;;;;;;;;
2682.976744;0.460499;0.468182;0.585193;0.646806;0.640423;0.662345;0.671725;0.625497;0.609115;0.608446;;;;;;;;;;
2683.941150;0.457712;0.471222;0.574026;0.657190;0.643936;0.650837;0.675713;0.628682;0.605900;0.588066;;;;;;;;;;
2684.905556;0.457088;0.471380;0.582029;0.659934;0.643821;0.644952;0.673929;0.625360;0.602454;0.588223;;;;;;;;;;
2685.869961;0.456741;0.470716;0.582920;0.642539;0.631329;0.650016;0.665486;0.621994;0.603597;0.586765;;;;;;;;;;
2686.834367;0.454989;0.472044;0.567601;0.639901;0.635843;0.649513;0.655461;0.629150;0.605419;0.584336;;;;;;;;;;
2687.798773;0.455483;0.460189;0.563249;0.652329;0.641043;0.647225;0.658316;0.640602;0.603548;0.581624;;;;;;;;;;
2688.763179;0.452749;0.450922;0.570447;0.653174;0.645699;0.641435;0.663560;0.636856;0.599785;0.584020;;;;;;;;;;
2689.727584;0.454694;0.456431;0.576347;0.645531;0.653609;0.637028;0.656674;0.626476;0.599917;0.604725;;;;;;;;;;
2690.691990;0.460638;0.461723;0.586247;0.644475;0.653666;0.646771;0.646776;0.617713;0.600540;0.616003;;;;;;;;;;
2691.656396;0.459613;0.464056;0.587081;0.649014;0.663380;0.652223;0.651509;0.606619;0.599756;0.597334;;;;;;;;;;
2692.620802;0.458772;0.466931;0.585213;0.646454;0.668142;0.649396;0.663740;0.602438;0.600911;0.583627;;;;;;;;;;
2693.585207;0.459418;0.466614;0.597114;0.643853;0.660100;0.646233;0.649960;0.612470;0.607216;0.587491;;;;;;;;;;
2694.549613;0.462878;0.464204;0.598348;0.646931;0.666491;0.639763;0.639271;0.630598;0.611127;0.593306;;;;;;;;;;
2695.514019;0.471961;0.463147;0.583428;0.648184;0.672690;0.640294;0.665518;0.642025;0.607573;0.608004;;;;;;;;;;
2696.478424;0.472046;0.459701;0.574433;0.653013;0.659116;0.645128;0.681867;0.640839;0.610169;0.621780;;;;;;;;;;
2697.442830;0.460996;0.456308;0.580881;0.652931;0.638921;0.649829;0.670079;0.633987;0.612058;0.608150;;;;;;;;;;
2698.407236;0.453810;0.455146;0.596668;0.639095;0.631953;0.657161;0.663754;0.629305;0.610976;0.587008;;;;;;;;;;
2699.371642;0.454512;0.451515;0.602596;0.629655;0.638087;0.657407;0.660018;0.629622;0.617379;0.585477;;;;;;;;;;
2700.336047;0.456404;0.452280;0.595710;0.631931;0.642126;0.652799;0.657610;0.624670;0.617177;0.597628;;;;;;;;;;
2701.300453;0.456651;0.457925;0.587665;0.637754;0.641422;0.653293;0.665693;0.614183;0.616611;0.608696;;;;;;;;;;
2702.264859;0.458048;0.465749;0.588673;0.641058;0.628970;0.662276;0.664027;0.615587;0.624478;0.607838;;;;;;;;;;
2703.229265;0.463265;0.477633;0.590827;0.641952;0.621428;0.664464;0.650234;0.631941;0.622316;0.588535;;;;;;;;;;
2704.193670;0.467880;0.481607;0.575333;0.647857;0.634401;0.657746;0.655326;0.644652;0.610579;0.568713;;;;;;;;;;
2705.158076;0.466409;0.476448;0.571957;0.656631;0.635228;0.671024;0.679737;0.643587;0.607495;0.568501;;;;;;;;;;
2706.122482;0.467302;0.474426;0.596286;0.654363;0.634679;0.685225;0.697832;0.644719;0.613278;0.578673;;;;;;;;;;
2707.086887;0.471500;0.470374;0.606348;0.641678;0.650381;0.675900;0.696257;0.659038;0.611907;0.591392;;;;;;;;;;
2708.051293;0.469059;0.453854;0.596534;0.636837;0.650024;0.665167;0.680723;0.657841;0.606766;0.607825;;;;;;;;;;
2709.015699;0.466934;0.444011;0.582359;0.655743;0.646821;0.660743;0.666662;0.627391;0.609710;0.622635;;;;;;;;;;
2709.980105;0.468397;0.453765;0.568855;0.669668;0.659886;0.662655;0.656305;0.623952;0.608582;0.625480;;;;;;;;;;
2710.944510;0.463801;0.457395;0.572932;0.645800;0.663669;0.658262;0.651362;0.652683;0.601763;0.606281;;;;;;;;;;
2711.908916;0.460878;0.453829;0.583409;0.630947;0.652816;0.642600;0.657252;0.652134;0.607848;0.580384;;;;;;;;;;
2712.873322;0.464187;0.460408;0.575538;0.648240;0.653482;0.640590;0.662579;0.630737;0.618168;0.575997;;;;;;;;;;
2713.837728;0.453082;0.466502;0.563174;0.659002;0.668523;0.652907;0.667653;0.619987;0.622107;0.597098;;;;;;;;;;
2714.802133;0.435005;0.462360;0.570957;0.652753;0.661339;0.659036;0.674612;0.621728;0.630238;0.607698;;;;;;;;;;
2715.766539;0.442486;0.458948;0.586895;0.646714;0.644137;0.656954;0.674935;0.633698;0.624189;0.593009;;;;;;;;;;
2716.730945;0.461094;0.468003;0.585810;0.643803;0.657544;0.654966;0.676428;0.628557;0.604644;0.593391;;;;;;;;;;
2717.695351;0.463053;0.473247;0.583339;0.638090;0.677244;0.657600;0.676633;0.620198;0.601536;0.607491;;;;;;;;;;
2718.659756;0.461590;0.465495;0.587323;0.641994;0.666551;0.661138;0.670242;0.630767;0.602095;0.607357;;;;;;;;;;
2719.624162;0.460482;0.466564;0.585440;0.648492;0.639756;0.657581;0.671788;0.631111;0.595552;0.600778;;;;;;;;;;
2720.588568;0.461590;0.473256;0.595164;0.627169;0.630998;0.659134;0.683838;0.633857;0.596795;0.601627;;;;;;;;;;
2721.552973;0.470496;0.468004;0.612716;0.615699;0.640403;0.664916;0.678527;0.651633;0.604921;0.604755;;;;;;;;;;
2722.517379;0.476313;0.462800;0.607528;0.640132;0.643327;0.661149;0.654260;0.649876;0.615085;0.595708;;;;;;;;;;
2723.481785;0.481604;0.470627;0.590120;0.663275;0.651817;0.668789;0.650999;0.634818;0.622474;0.596756;;;;;;;;;;
2724.446191;0.474305;0.472005;0.577513;0.667345;0.662821;0.674798;0.659537;0.624587;0.622790;0.609276;;;;;;;;;;
2725.410596;0.454353;0.461119;0.568360;0.657398;0.653533;0.660418;0.658573;0.627344;0.619717;0.595278;;;;;;;;;;
2726.375002;0.455672;0.465468;0.570938;0.650679;0.649417;0.657658;0.663315;0.644643;0.611298;0.587467;;;;;;;;;;
2727.339408;0.466020;0.475863;0.585263;0.664752;0.659056;0.661458;0.666192;0.647873;0.606000;0.609450;;;;;;;;;;
2728.303814;0.468144;0.474325;0.595162;0.681736;0.669823;0.663918;0.668694;0.635438;0.613995;0.619849;;;;;;;;;;
2729.268219;0.469449;0.473458;0.601113;0.688963;0.674486;0.664313;0.675504;0.622706;0.619246;0.612873;;;;;;;;;;
2730.232625;0.464442;0.468410;0.607072;0.680825;0.665075;0.647662;0.683908;0.612455;0.610177;0.610946;;;;;;;;;;
2731.197031;0.460859;0.462237;0.600800;0.656672;0.662432;0.645480;0.697434;0.609279;0.592461;0.616327;;;;;;;;;;
2732.161436;0.459584;0.467883;0.588263;0.647640;0.664762;0.664417;0.695065;0.612817;0.583635;0.620581;;;;;;;;;;
2733.125842;0.460758;0.469446;0.579341;0.652890;0.660395;0.665227;0.688185;0.630611;0.596406;0.616655;;;;;;;;;;
2734.090248;0.471129;0.467647;0.576887;0.652457;0.664439;0.646418;0.686294;0.650786;0.607802;0.607299;;;;;;;;;;
2735.054654;0.470089;0.471190;0.585190;0.665947;0.665068;0.630362;0.671064;0.648503;0.607043;0.602841;;;;;;;;;;
2736.019059;0.462667;0.464802;0.589985;0.686352;0.659787;0.632821;0.668108;0.639864;0.610193;0.599476;;;;;;;;;;
2736.983465;0.467014;0.459834;0.592690;0.678429;0.660090;0.654835;0.678540;0.637309;0.613199;0.588775;;;;;;;;;;
2737.947871;0.460969;0.466174;0.601916;0.665104;0.655170;0.675829;0.672876;0.634199;0.611441;0.583062;;;;;;;;;;
2738.912277;0.448588;0.465476;0.597554;0.669273;0.650199;0.680545;0.671870;0.627590;0.611867;0.587510;;;;;;;;;;
2739.876682;0.456643;0.466654;0.585729;0.676301;0.655259;0.673657;0.686321;0.620967;0.615196;0.599297;;;;;;;;;;
2740.841088;0.469394;0.476941;0.585533;0.677422;0.664108;0.659536;0.686015;0.625243;0.613004;0.613403;;;;;;;;;;
2741.805494;0.469134;0.477688;0.587567;0.667477;0.663909;0.647024;0.664436;0.634124;0.617062;0.612790;;;;;;;;;;
2742.769900;0.463462;0.465489;0.588151;0.647743;0.652343;0.655128;0.649587;0.637000;0.627949;0.605030;;;;;;;;;;
2743.734305;0.458009;0.455916;0.596126;0.637997;0.645606;0.670943;0.661582;0.637537;0.622094;0.608759;;;;;;;;;;
2744.698711;0.458296;0.458535;0.607620;0.642999;0.644903;0.665858;0.680207;0.636622;0.623816;0.609915;;;;;;;;;;
2745.663117;0.463516;0.463563;0.609821;0.644872;0.644799;0.655793;0.679582;0.638510;0.632633;0.596612;;;;;;;;;;
2746.627522;0.468938;0.470991;0.601077;0.642758;0.651217;0.669325;0.673237;0.641717;0.621525;0.590656;;;;;;;;;;
2747.591928;0.475137;0.484157;0.594516;0.648850;0.664767;0.687419;0.674829;0.637694;0.619812;0.600343;;;;;;;;;;
2748.556334;0.481253;0.483465;0.608265;0.652994;0.674104;0.682523;0.679247;0.630522;0.622794;0.609910;;;;;;;;;;
2749.520740;0.481081;0.473494;0.627220;0.648533;0.664926;0.683163;0.678509;0.630218;0.613780;0.616007;;;;;;;;;;
2750.485145;0.471652;0.471728;0.616961;0.647106;0.657201;0.683895;0.675848;0.640879;0.615820;0.607777;;;;;;;;;;
2751.449551;0.463635;0.467268;0.596295;0.651559;0.663164;0.660690;0.675918;0.650628;0.626523;0.589470;;;;;;;;;;
2752.413957;0.461813;0.460463;0.589505;0.659158;0.656426;0.648513;0.669206;0.648547;0.632407;0.591844;;;;;;;;;;
2753.378363;0.464321;0.465658;0.591406;0.670279;0.652127;0.646608;0.667501;0.638595;0.627954;0.603892;;;;;;;;;;
2754.342768;0.471768;0.477503;0.590774;0.680741;0.663621;0.646363;0.677813;0.636877;0.616397;0.609305;;;;;;;;;;
2755.307174;0.470442;0.485902;0.582801;0.680022;0.661355;0.660306;0.689071;0.646569;0.613256;0.622952;;;;;;;;;;
2756.271580;0.458536;0.481648;0.584894;0.668445;0.659585;0.670837;0.705314;0.640052;0.610431;0.637010;;;;;;;;;;
2757.235986;0.458729;0.470786;0.590514;0.666234;0.672807;0.679634;0.703069;0.629051;0.599403;0.633182;;;;;;;;;;
2758.200391;0.474639;0.476083;0.585587;0.681076;0.676681;0.684339;0.685484;0.631856;0.599521;0.618277;;;;;;;;;;
2759.164797;0.482792;0.478158;0.590260;0.678340;0.671146;0.670904;0.685480;0.628776;0.610780;0.608893;;;;;;;;;;
2760.129203;0.476347;0.464782;0.599286;0.649220;0.662534;0.660981;0.681325;0.627503;0.608872;0.605755;;;;;;;;;;
2761.093608;0.469080;0.466838;0.599186;0.638357;0.653857;0.662160;0.678499;0.627026;0.595034;0.597480;;;;;;;;;;
2762.058014;0.466081;0.474543;0.601200;0.651115;0.658916;0.667567;0.683031;0.619872;0.591069;0.590800;;;;;;;;;;
2763.022420;0.464899;0.475204;0.604698;0.658695;0.665652;0.678183;0.669724;0.629442;0.596783;0.601782;;;;;;;;;;
2763.986826;0.462911;0.480302;0.605826;0.658089;0.653017;0.686019;0.668952;0.641761;0.597532;0.617988;;;;;;;;;;
2764.951231;0.461526;0.473974;0.606513;0.660208;0.632770;0.678782;0.686310;0.627337;0.599518;0.611156;;;;;;;;;;
2765.915637;0.464115;0.462639;0.599638;0.666970;0.638327;0.663958;0.685856;0.623013;0.609388;0.594872;;;;;;;;;;
2766.880043;0.469990;0.465417;0.592260;0.665642;0.671886;0.659028;0.681690;0.654744;0.612171;0.601544;;;;;;;;;;
2767.844449;0.472243;0.464459;0.603381;0.651490;0.674621;0.656630;0.687410;0.661144;0.606287;0.608407;;;;;;;;;;
2768.808854;0.467763;0.462062;0.609944;0.642937;0.645700;0.648014;0.674455;0.632637;0.601914;0.593173;;;;;;;;;;
2769.773260;0.470632;0.470050;0.599467;0.658786;0.647735;0.649522;0.662441;0.636333;0.599508;0.592899;;;;;;;;;;
2770.737666;0.478991;0.468087;0.608583;0.687873;0.664945;0.665521;0.680863;0.657865;0.603978;0.607212;;;;;;;;;;
2771.702071;0.473523;0.459965;0.622549;0.692445;0.666744;0.673671;0.681867;0.656535;0.623619;0.600764;;;;;;;;;;
2772.666477;0.462237;0.461422;0.611154;0.671545;0.672010;0.666101;0.663410;0.646733;0.637053;0.585596;;;;;;;;;;
2773.630883;0.461857;0.471020;0.603597;0.664149;0.666385;0.657049;0.671108;0.641637;0.622846;0.590717;;;;;;;;;;
2774.595289;0.466665;0.485916;0.609745;0.671937;0.640950;0.652380;0.697054;0.641133;0.620621;0.611315;;;;;;;;;;
2775.559694;0.465358;0.482763;0.600994;0.662693;0.641164;0.650823;0.714973;0.641025;0.633131;0.611457;;;;;;;;;;
2776.524100;0.463296;0.464765;0.582601;0.657468;0.668778;0.658568;0.700343;0.638501;0.626178;0.596458;;;;;;;;;;
2777.488506;0.469156;0.468145;0.581809;0.671118;0.666071;0.677878;0.684727;0.646333;0.628032;0.600173;;;;;;;;;;
2778.452912;0.484311;0.480001;0.594239;0.670247;0.650178;0.682728;0.688733;0.664195;0.635281;0.608398;;;;;;;;;;
2779.417317;0.500580;0.479094;0.608152;0.668487;0.661862;0.672986;0.686818;0.664662;0.623959;0.604764;;;;;;;;;;
2780.381723;0.503351;0.482143;0.608062;0.675287;0.672041;0.685233;0.693130;0.641235;0.630508;0.598752;;;;;;;;;;
2781.346129;0.497619;0.489556;0.590652;0.669794;0.673252;0.699297;0.689570;0.624305;0.641817;0.603488;;;;;;;;;;
2782.310535;0.487166;0.485430;0.593867;0.659231;0.674319;0.693351;0.676559;0.637574;0.631864;0.620129;;;;;;;;;;
2783.274940;0.476820;0.475047;0.613729;0.666929;0.665459;0.691581;0.691614;0.657189;0.637959;0.622952;;;;;;;;;;
2784.239346;0.481739;0.476410;0.615424;0.690248;0.658568;0.679109;0.694124;0.653354;0.647886;0.613614;;;;;;;;;;
2785.203752;0.486423;0.487950;0.608685;0.683256;0.663655;0.654096;0.679835;0.647779;0.635158;0.608823;;;;;;;;;;
2786.168157;0.481729;0.491674;0.605833;0.665908;0.675220;0.648114;0.684935;0.652977;0.632537;0.605706;;;;;;;;;;
2787.132563;0.480999;0.486926;0.607683;0.673145;0.679769;0.666125;0.693540;0.660794;0.633921;0.614256;;;;;;;;;;
2788.096969;0.478251;0.471700;0.608937;0.671516;0.679910;0.680714;0.694245;0.660527;0.619150;0.620784;;;;;;;;;;
2789.061375;0.472084;0.455105;0.609324;0.673026;0.672227;0.672098;0.683081;0.649587;0.624413;0.606157;;;;;;;;;;
2790.025780;0.470612;0.467043;0.616824;0.687897;0.647811;0.668643;0.676749;0.644992;0.646700;0.599460;;;;;;;;;;
2790.990186;0.476000;0.482390;0.614315;0.688600;0.637571;0.679772;0.688892;0.641453;0.640849;0.611047;;;;;;;;;;
2791.954592;0.476682;0.473408;0.604444;0.679927;0.647898;0.678199;0.692177;0.640919;0.618485;0.621756;;;;;;;;;;
2792.918998;0.463169;0.473223;0.604875;0.668245;0.658700;0.666575;0.691013;0.650565;0.610183;0.624659;;;;;;;;;;
2793.883403;0.456092;0.483203;0.608727;0.667486;0.670644;0.661546;0.699693;0.646819;0.620836;0.620277;;;;;;;;;;
2794.847809;0.457623;0.480965;0.625553;0.680004;0.682514;0.664870;0.705558;0.637852;0.627919;0.611604;;;;;;;;;;
2795.812215;0.455200;0.470855;0.641011;0.682092;0.681659;0.664502;0.698790;0.643042;0.618873;0.609630;;;;;;;;;;
2796.776620;0.461532;0.467852;0.624984;0.676003;0.682548;0.653550;0.688800;0.652167;0.621564;0.624343;;;;;;;;;;
2797.741026;0.474741;0.478809;0.611300;0.672021;0.698839;0.653558;0.695919;0.657964;0.626983;0.634199;;;;;;;;;;
2798.705432;0.477941;0.482984;0.612855;0.665151;0.688925;0.672515;0.696720;0.658950;0.617965;0.617807;;;;;;;;;;
2799.669838;0.471865;0.472444;0.611333;0.654935;0.668195;0.679121;0.684577;0.654372;0.617813;0.599348;;;;;;;;;;
2800.634243;0.467168;0.469755;0.604674;0.653086;0.685882;0.667173;0.690199;0.646950;0.613801;0.590967;;;;;;;;;;
2801.598649;0.466665;0.472140;0.598696;0.675088;0.697555;0.664848;0.695216;0.644202;0.603252;0.581650;;;;;;;;;;
2802.563055;0.470351;0.466315;0.598579;0.691089;0.681165;0.667691;0.687636;0.645979;0.607191;0.578360;;;;;;;;;;
2803.527461;0.479497;0.461170;0.589910;0.670423;0.670637;0.667169;0.679529;0.634139;0.606744;0.588711;;;;;;;;;;
2804.491866;0.477694;0.467339;0.584344;0.662840;0.667247;0.672119;0.680553;0.613875;0.601342;0.601566;;;;;;;;;;
2805.456272;0.463962;0.474230;0.597741;0.676907;0.662389;0.675519;0.691888;0.615013;0.602034;0.605571;;;;;;;;;;
2806.420678;0.455915;0.467156;0.601477;0.672681;0.666855;0.672575;0.683818;0.632453;0.609019;0.604721;;;;;;;;;;
2807.385084;0.455118;0.465992;0.597883;0.670521;0.687126;0.671537;0.661668;0.643825;0.627422;0.604087;;;;;;;;;;
2808.349489;0.470788;0.483020;0.607665;0.685564;0.693025;0.675870;0.660403;0.657406;0.636852;0.608964;;;;;;;;;;
2809.313895;0.493149;0.488583;0.621077;0.694823;0.690419;0.687508;0.680494;0.674594;0.630853;0.623540;;;;;;;;;;
2810.278301;0.491958;0.479822;0.623412;0.693928;0.688468;0.702565;0.695920;0.680211;0.624497;0.624831;;;;;;;;;;
2811.242706;0.476271;0.482573;0.615745;0.687054;0.672405;0.705175;0.699088;0.666583;0.621328;0.603047;;;;;;;;;;
2812.207112;0.470770;0.490134;0.619166;0.672536;0.663361;0.704132;0.708026;0.644398;0.623531;0.594515;;;;;;;;;;
2813.171518;0.474734;0.485694;0.635918;0.662756;0.656064;0.704708;0.700800;0.642217;0.627593;0.602662;;;;;;;;;;
2814.135924;0.474974;0.477111;0.651261;0.663498;0.648542;0.685909;0.683660;0.653072;0.633588;0.603378;;;;;;;;;;
2815.100329;0.482925;0.477257;0.645856;0.666669;0.658984;0.673254;0.695586;0.651595;0.634728;0.607133;;;;;;;;;;
2816.064735;0.496417;0.486038;0.625820;0.677052;0.672225;0.678724;0.700621;0.646289;0.624426;0.621742;;;;;;;;;;
2817.029141;0.485688;0.489218;0.626843;0.677092;0.673598;0.682840;0.689224;0.644857;0.615776;0.624854;;;;;;;;;;
2817.993547;0.470058;0.483464;0.633617;0.662447;0.674857;0.690235;0.696787;0.641040;0.614450;0.610849;;;;;;;;;;
2818.957952;0.471848;0.485654;0.620233;0.660838;0.684328;0.687454;0.707088;0.641260;0.617898;0.610144;;;;;;;;;;
2819.922358;0.477596;0.491699;0.612439;0.659258;0.670786;0.677396;0.704287;0.656785;0.620804;0.623069;;;;;;;;;;
2820.886764;0.480773;0.488533;0.623126;0.662424;0.656778;0.676458;0.691827;0.669812;0.624619;0.617660;;;;;;;;;;
2821.851169;0.477273;0.485597;0.637273;0.681329;0.684394;0.680084;0.682026;0.670897;0.635198;0.612511;;;;;;;;;;
2822.815575;0.468640;0.482660;0.637415;0.686938;0.702644;0.676035;0.682506;0.675745;0.637505;0.630866;;;;;;;;;;
2823.779981;0.464527;0.478446;0.626222;0.688888;0.691191;0.652236;0.688715;0.670372;0.624510;0.641142;;;;;;;;;;
2824.744387;0.463800;0.479201;0.611829;0.701759;0.690867;0.653820;0.704890;0.659585;0.615398;0.628718;;;;;;;;;;
2825.708792;0.471010;0.477542;0.599381;0.706654;0.692918;0.687966;0.704287;0.660704;0.619564;0.622839;;;;;;;;;;
2826.673198;0.488312;0.476961;0.604850;0.699306;0.670858;0.696079;0.682976;0.657839;0.618363;0.626568;;;;;;;;;;
2827.637604;0.491938;0.478940;0.621774;0.693413;0.649076;0.695039;0.684484;0.652514;0.608942;0.625490;;;;;;;;;;
2828.602010;0.484778;0.472931;0.624606;0.694318;0.660518;0.698665;0.713094;0.660915;0.617829;0.624398;;;;;;;;;;
2829.566415;0.486646;0.471335;0.612453;0.694287;0.674112;0.689920;0.737552;0.674077;0.629550;0.624278;;;;;;;;;;
2830.530821;0.478638;0.479749;0.608299;0.699093;0.665750;0.688419;0.734742;0.666217;0.617727;0.619959;;;;;;;;;;
2831.495227;0.462115;0.481951;0.622356;0.709276;0.655304;0.689219;0.718677;0.650097;0.607547;0.606645;;;;;;;;;;
2832.459633;0.460860;0.479696;0.639951;0.702000;0.657669;0.679927;0.707149;0.648030;0.605905;0.601043;;;;;;;;;;
2833.424038;0.475002;0.486632;0.642913;0.683820;0.681365;0.678200;0.706751;0.650097;0.598139;0.619142;;;;;;;;;;
2834.388444;0.488964;0.492862;0.626449;0.689451;0.698380;0.685038;0.710150;0.658446;0.598749;0.629668;;;;;;;;;;
2835.352850;0.489038;0.489303;0.614010;0.716168;0.691298;0.683691;0.691566;0.666574;0.620334;0.620765;;;;;;;;;;
2836.317255;0.487204;0.489490;0.618274;0.715742;0.684156;0.689778;0.676823;0.660948;0.641847;0.615907;;;;;;;;;;
2837.281661;0.492790;0.493554;0.620504;0.682651;0.682017;0.705433;0.683446;0.649751;0.631499;0.617296;;;;;;;;;;
2838.246067;0.489128;0.491444;0.624793;0.659829;0.671075;0.703272;0.685832;0.645320;0.601040;0.617565;;;;;;;;;;
2839.210473;0.473194;0.486470;0.626453;0.658352;0.655645;0.695756;0.695326;0.653117;0.595704;0.623232;;;;;;;;;;
2840.174878;0.464882;0.485110;0.612942;0.668026;0.663539;0.691936;0.708198;0.654336;0.613802;0.635048;;;;;;;;;;
2841.139284;0.464624;0.480514;0.603847;0.679930;0.678159;0.685185;0.699158;0.653084;0.617201;0.628799;;;;;;;;;;
2842.103690;0.460590;0.471603;0.601207;0.682938;0.670117;0.681111;0.690191;0.656021;0.628833;0.620154;;;;;;;;;;
2843.068096;0.466951;0.475842;0.600364;0.676407;0.670259;0.668825;0.696333;0.643927;0.668530;0.626820;;;;;;;;;;
2844.032501;0.485137;0.484318;0.605096;0.671621;0.686996;0.661747;0.698141;0.634282;0.679582;0.618542;;;;;;;;;;
2844.996907;0.496644;0.486740;0.615044;0.680027;0.699814;0.683422;0.695723;0.644182;0.654603;0.617205;;;;;;;;;;
2845.961313;0.502939;0.493575;0.628473;0.689722;0.708506;0.700624;0.700775;0.663843;0.640752;0.640753;;;;;;;;;;
2846.925719;0.492422;0.492555;0.630813;0.690190;0.713160;0.691925;0.696179;0.675683;0.637803;0.643004;;;;;;;;;;
2847.890124;0.471203;0.483407;0.611636;0.700664;0.710612;0.687037;0.689639;0.668595;0.628713;0.624899;;;;;;;;;;
2848.854530;0.467427;0.480061;0.598691;0.707651;0.701159;0.694423;0.687822;0.661615;0.622392;0.617621;;;;;;;;;;
2849.818936;0.467967;0.486870;0.621331;0.696892;0.690503;0.696326;0.675696;0.657868;0.634067;0.623701;;;;;;;;;;
2850.783341;0.473826;0.492741;0.644035;0.696129;0.680718;0.680993;0.687946;0.633861;0.643361;0.637654;;;;;;;;;;
2851.747747;0.496741;0.488410;0.644402;0.687171;0.681804;0.682918;0.712099;0.617248;0.642592;0.638833;;;;;;;;;;
2852.712153;0.501728;0.496315;0.648979;0.667740;0.684429;0.716019;0.705630;0.649535;0.648723;0.627184;;;;;;;;;;
2853.676559;0.491633;0.506140;0.641743;0.678686;0.673273;0.721319;0.709523;0.691231;0.645677;0.625374;;;;;;;;;;
2854.640964;0.487868;0.499700;0.630957;0.699766;0.679296;0.707094;0.725936;0.684315;0.628090;0.620243;;;;;;;;;;
2855.605370;0.481459;0.497782;0.633269;0.700659;0.696632;0.710033;0.735583;0.655402;0.623679;0.607008;;;;;;;;;;
2856.569776;0.481680;0.497901;0.636996;0.696623;0.704868;0.705316;0.737625;0.645408;0.643038;0.603412;;;;;;;;;;
2857.534182;0.491418;0.492495;0.641513;0.688497;0.717290;0.696925;0.713912;0.655854;0.656305;0.599802;;;;;;;;;;
2858.498587;0.498762;0.486697;0.636360;0.685724;0.713362;0.693890;0.692747;0.656847;0.635839;0.601260;;;;;;;;;;
2859.462993;0.497597;0.483490;0.627286;0.697536;0.710034;0.694042;0.695063;0.649657;0.611556;0.622077;;;;;;;;;;
2860.427399;0.485125;0.485228;0.615941;0.697752;0.718388;0.695717;0.708553;0.648531;0.609587;0.624444;;;;;;;;;;
2861.391804;0.472835;0.493513;0.612578;0.681771;0.690354;0.693271;0.716922;0.645486;0.620060;0.604368;;;;;;;;;;
2862.356210;0.474772;0.512833;0.640144;0.675529;0.661823;0.693658;0.702259;0.653443;0.635594;0.609567;;;;;;;;;;
2863.320616;0.482385;0.518641;0.649610;0.684267;0.671424;0.691522;0.688345;0.656044;0.638338;0.623175;;;;;;;;;;
2864.285022;0.472775;0.498910;0.622163;0.694009;0.683148;0.691572;0.696131;0.654745;0.621312;0.622563;;;;;;;;;;
2865.249427;0.456342;0.487802;0.614927;0.696004;0.687310;0.700719;0.706256;0.672692;0.615451;0.625531;;;;;;;;;;
2866.213833;0.457576;0.481996;0.627631;0.696845;0.693542;0.700900;0.705361;0.676245;0.621009;0.627695;;;;;;;;;;
2867.178239;0.470010;0.474406;0.628331;0.700384;0.689293;0.691405;0.705804;0.678436;0.625131;0.629195;;;;;;;;;;
2868.142645;0.481663;0.488558;0.629481;0.700679;0.681237;0.692611;0.707695;0.680449;0.634200;0.629104;;;;;;;;;;
2869.107050;0.490807;0.499509;0.641960;0.705261;0.682728;0.709995;0.702269;0.654922;0.647381;0.618720;;;;;;;;;;
2870.071456;0.495970;0.484803;0.639998;0.715495;0.705381;0.719890;0.697515;0.654085;0.660471;0.618156;;;;;;;;;;
2871.035862;0.495368;0.477475;0.632215;0.707959;0.730258;0.720760;0.696741;0.676624;0.647061;0.637044;;;;;;;;;;
2872.000268;0.496913;0.481684;0.637317;0.692559;0.715970;0.735203;0.700247;0.674462;0.627899;0.645139;;;;;;;;;;
2872.964673;0.496719;0.480404;0.626756;0.689587;0.700893;0.732410;0.701284;0.665479;0.641093;0.634957;;;;;;;;;;
2873.929079;0.488470;0.475877;0.610814;0.691780;0.705774;0.703758;0.699178;0.667079;0.650467;0.635334;;;;;;;;;;
2874.893485;0.490120;0.473529;0.627109;0.705101;0.693014;0.699149;0.714487;0.671018;0.645739;0.638907;;;;;;;;;;
2875.857890;0.491831;0.479382;0.642763;0.721925;0.677521;0.704771;0.721521;0.667824;0.649511;0.629872;;;;;;;;;;
2876.822296;0.483433;0.490705;0.628589;0.729100;0.682896;0.693420;0.705615;0.662499;0.655775;0.629649;;;;;;;;;;
2877.786702;0.485845;0.497086;0.621741;0.741477;0.698095;0.690962;0.709929;0.659580;0.662868;0.643360;;;;;;;;;;
2878.751108;0.492141;0.500638;0.630738;0.744468;0.699119;0.692121;0.724305;0.660174;0.662549;0.646344;;;;;;;;;;
2879.715513;0.493697;0.503118;0.643846;0.730459;0.680814;0.684861;0.722715;0.663232;0.662206;0.638105;;;;;;;;;;
2880.679919;0.488861;0.501355;0.654958;0.716886;0.675491;0.688397;0.723556;0.652004;0.656233;0.636165;;;;;;;;;;
2881.644325;0.479896;0.493491;0.656127;0.701648;0.682283;0.700409;0.714186;0.643942;0.634977;0.624823;;;;;;;;;;
2882.608731;0.490943;0.480575;0.647117;0.694032;0.680926;0.702111;0.691221;0.654099;0.631404;0.608816;;;;;;;;;;
2883.573136;0.502268;0.480185;0.615944;0.703236;0.692241;0.703183;0.698705;0.664628;0.643561;0.605999;;;;;;;;;;
2884.537542;0.486447;0.491350;0.597931;0.719501;0.710274;0.706940;0.721181;0.680787;0.643868;0.598221;;;;;;;;;;
2885.501948;0.463339;0.492630;0.621424;0.731965;0.705784;0.692209;0.716873;0.685354;0.636871;0.593716;;;;;;;;;;
2886.466353;0.449575;0.487671;0.633889;0.731027;0.698517;0.696637;0.708467;0.665851;0.638670;0.605213;;;;;;;;;;
2887.430759;0.464518;0.482434;0.617956;0.718715;0.700609;0.730882;0.696336;0.656871;0.651900;0.615632;;;;;;;;;;
2888.395165;0.493325;0.489618;0.616771;0.722353;0.701460;0.722217;0.690567;0.661481;0.653691;0.613711;;;;;;;;;;
2889.359571;0.494238;0.517152;0.636802;0.735933;0.695559;0.693160;0.716967;0.670432;0.638440;0.611833;;;;;;;;;;
2890.323976;0.486179;0.522754;0.641001;0.719519;0.692068;0.700754;0.725451;0.681177;0.631581;0.623906;;;;;;;;;;
2891.288382;0.486015;0.499970;0.630995;0.709024;0.702257;0.720398;0.710377;0.683175;0.636424;0.629202;;;;;;;;;;
2892.252788;0.489753;0.496699;0.635320;0.725833;0.704155;0.724224;0.719998;0.681311;0.641183;0.624897;;;;;;;;;;
2893.217194;0.495898;0.506384;0.629420;0.724869;0.701115;0.717698;0.738293;0.678294;0.643586;0.627088;;;;;;;;;;
2894.181599;0.488780;0.499507;0.621347;0.713093;0.702905;0.704093;0.742785;0.670777;0.641928;0.628792;;;;;;;;;;
2895.146005;0.479581;0.494708;0.631641;0.709719;0.694806;0.696149;0.734164;0.673131;0.640016;0.638336;;;;;;;;;;
2896.110411;0.483874;0.497860;0.635519;0.711951;0.696223;0.712386;0.719844;0.690119;0.648684;0.653167;;;;;;;;;;
2897.074817;0.484686;0.495202;0.641062;0.710428;0.706502;0.712179;0.705038;0.693948;0.657586;0.653292;;;;;;;;;;
2898.039222;0.479069;0.503874;0.651187;0.700397;0.722911;0.688538;0.691356;0.682918;0.645601;0.637752;;;;;;;;;;
2899.003628;0.481397;0.515796;0.651586;0.713042;0.733086;0.697776;0.691986;0.679260;0.625723;0.624509;;;;;;;;;;
2899.968034;0.483640;0.508521;0.653950;0.727656;0.706049;0.711454;0.707182;0.672222;0.626465;0.627650;;;;;;;;;;
2900.932439;0.478907;0.501280;0.657173;0.710610;0.686458;0.702106;0.721908;0.666684;0.651646;0.624557;;;;;;;;;;
2901.896845;0.480657;0.500470;0.657196;0.704124;0.691566;0.709580;0.719519;0.668934;0.674901;0.608771;;;;;;;;;;
2902.861251;0.488236;0.497069;0.661613;0.712344;0.696547;0.714790;0.712413;0.661156;0.668999;0.600256;;;;;;;;;;
2903.825657;0.494186;0.495817;0.659078;0.700845;0.691823;0.712528;0.723279;0.662606;0.657477;0.597303;;;;;;;;;;
2904.790062;0.491171;0.505801;0.641280;0.689590;0.686079;0.744349;0.737888;0.673080;0.658059;0.605588;;;;;;;;;;
2905.754468;0.477220;0.515003;0.640193;0.713201;0.698384;0.761943;0.745412;0.673452;0.649654;0.626895;;;;;;;;;;
2906.718874;0.475195;0.495234;0.655964;0.745389;0.705554;0.740425;0.739757;0.686561;0.643978;0.638771;;;;;;;;;;
2907.683280;0.480206;0.475708;0.648301;0.740590;0.709125;0.730539;0.719934;0.697809;0.654550;0.633982;;;;;;;;;;
2908.647685;0.479214;0.487691;0.634764;0.729767;0.723737;0.709939;0.721185;0.688891;0.657578;0.631980;;;;;;;;;;
2909.612091;0.487326;0.501670;0.636652;0.739025;0.733355;0.700624;0.744896;0.692111;0.646560;0.639404;;;;;;;;;;
2910.576497;0.489746;0.501479;0.632242;0.737955;0.733259;0.738900;0.748005;0.703156;0.640019;0.635468;;;;;;;;;;
2911.540902;0.483598;0.496765;0.635717;0.733753;0.715768;0.753169;0.734524;0.695123;0.646283;0.630534;;;;;;;;;;
2912.505308;0.487693;0.490192;0.654697;0.744781;0.718279;0.718592;0.732520;0.673700;0.647914;0.635468;;;;;;;;;;
2913.469714;0.487681;0.497830;0.650683;0.753390;0.737551;0.708130;0.734375;0.663270;0.645692;0.627825;;;;;;;;;;
2914.434120;0.491480;0.523414;0.644426;0.758190;0.728246;0.735603;0.743763;0.666761;0.661703;0.632824;;;;;;;;;;
2915.398525;0.506084;0.532239;0.661074;0.749148;0.720097;0.744927;0.758482;0.664663;0.660781;0.651533;;;;;;;;;;
2916.362931;0.511564;0.515594;0.665123;0.729235;0.713808;0.723906;0.748725;0.664163;0.620442;0.640027;;;;;;;;;;
2917.327337;0.508459;0.507223;0.655267;0.724015;0.705123;0.709559;0.743854;0.674121;0.597631;0.635139;;;;;;;;;;
2918.291743;0.499501;0.493368;0.652112;0.716967;0.710777;0.698335;0.763184;0.679330;0.613859;0.643242;;;;;;;;;;
2919.256148;0.495751;0.472064;0.665325;0.713431;0.718767;0.699419;0.762375;0.687452;0.641789;0.632620;;;;;;;;;;
2920.220554;0.501477;0.481765;0.674384;0.720375;0.721933;0.719841;0.742571;0.699797;0.673686;0.648767;;;;;;;;;;
2921.184960;0.498955;0.497512;0.654470;0.715172;0.722581;0.731412;0.733860;0.695539;0.696501;0.675132;;;;;;;;;;
2922.149366;0.496031;0.497884;0.649780;0.722022;0.727418;0.725134;0.741998;0.687189;0.686889;0.656601;;;;;;;;;;
2923.113771;0.502582;0.498301;0.648078;0.726910;0.723342;0.703522;0.743187;0.680488;0.659751;0.631034;;;;;;;;;;
2924.078177;0.502079;0.490945;0.623796;0.706935;0.723275;0.690503;0.715298;0.669265;0.641962;0.626304;;;;;;;;;;
2925.042583;0.491617;0.494841;0.624116;0.726642;0.747398;0.695629;0.704414;0.671843;0.646225;0.637559;;;;;;;;;;
2926.006988;0.495076;0.514391;0.635168;0.762590;0.744779;0.696057;0.724872;0.681010;0.648812;0.647002;;;;;;;;;;
2926.971394;0.509935;0.505410;0.635747;0.733450;0.715764;0.701642;0.720167;0.680686;0.642693;0.648210;;;;;;;;;;
2927.935800;0.507439;0.482017;0.645209;0.703111;0.712594;0.711272;0.700791;0.671261;0.653785;0.655353;;;;;;;;;;
2928.900206;0.490813;0.490482;0.663207;0.702327;0.726250;0.701974;0.720124;0.666680;0.663213;0.654927;;;;;;;;;;
2929.864611;0.475094;0.502644;0.675300;0.686037;0.725830;0.700116;0.748101;0.685412;0.665430;0.643040;;;;;;;;;;
2930.829017;0.469000;0.496146;0.663790;0.685269;0.720170;0.723838;0.735017;0.692311;0.669533;0.630122;;;;;;;;;;
2931.793423;0.477714;0.499689;0.655865;0.719916;0.732326;0.744500;0.708158;0.674241;0.657077;0.630045;;;;;;;;;;
2932.757829;0.483503;0.498467;0.665523;0.747979;0.740256;0.749064;0.716363;0.678228;0.643756;0.646174;;;;;;;;;;
2933.722234;0.485589;0.485906;0.653116;0.751982;0.719294;0.751117;0.746837;0.686626;0.644137;0.643063;;;;;;;;;;
2934.686640;0.489937;0.483668;0.628235;0.725802;0.706011;0.758803;0.753693;0.664153;0.648985;0.626133;;;;;;;;;;
2935.651046;0.485128;0.489117;0.630225;0.696496;0.718974;0.761644;0.745033;0.644987;0.655828;0.626705;;;;;;;;;;
2936.615452;0.482692;0.499735;0.639316;0.715169;0.719918;0.737677;0.726096;0.657977;0.669463;0.625256;;;;;;;;;;
2937.579857;0.483999;0.501164;0.625375;0.754613;0.702583;0.714357;0.707796;0.672519;0.678227;0.613907;;;;;;;;;;
2938.544263;0.478309;0.494879;0.622828;0.761399;0.705483;0.719600;0.730250;0.680395;0.675674;0.617088;;;;;;;;;;
2939.508669;0.481510;0.497703;0.637020;0.757048;0.727419;0.732525;0.757155;0.701471;0.677518;0.628004;;;;;;;;;;
2940.473074;0.490021;0.492374;0.638634;0.747743;0.733675;0.740440;0.751824;0.703335;0.676909;0.631866;;;;;;;;;;
2941.437480;0.492390;0.490390;0.641374;0.741047;0.730384;0.740573;0.737835;0.689775;0.673545;0.645004;;;;;;;;;;
2942.401886;0.497272;0.509713;0.642428;0.761159;0.739327;0.734363;0.737081;0.705022;0.667357;0.662532;;;;;;;;;;
2943.366292;0.502035;0.524365;0.650797;0.764750;0.748934;0.736134;0.753921;0.726304;0.656024;0.667352;;;;;;;;;;
2944.330697;0.502549;0.523206;0.686114;0.757423;0.747997;0.735768;0.740788;0.720252;0.661307;0.670502;;;;;;;;;;
2945.295103;0.500108;0.506779;0.703921;0.769191;0.740673;0.734972;0.725399;0.701334;0.670793;0.669015;;;;;;;;;;
2946.259509;0.500892;0.493518;0.685426;0.764626;0.726144;0.738315;0.750269;0.699139;0.663732;0.661538;;;;;;;;;;
2947.223915;0.502395;0.512423;0.665934;0.757721;0.710015;0.721649;0.758228;0.717719;0.646492;0.656727;;;;;;;;;;
2948.188320;0.489367;0.524947;0.658491;0.755612;0.721797;0.707344;0.750672;0.714959;0.642281;0.641313;;;;;;;;;;
2949.152726;0.480256;0.508306;0.660232;0.744022;0.759560;0.729353;0.757020;0.695472;0.662927;0.625549;;;;;;;;;;
2950.117132;0.493181;0.506800;0.665185;0.747472;0.759593;0.751374;0.752744;0.693301;0.664510;0.623002;;;;;;;;;;
2951.081537;0.507360;0.506574;0.666858;0.746645;0.734744;0.730984;0.734852;0.674864;0.647639;0.621897;;;;;;;;;;
2952.045943;0.511846;0.488398;0.656549;0.739536;0.742770;0.710356;0.727700;0.654806;0.641532;0.634454;;;;;;;;;;
2953.010349;0.512165;0.487269;0.642363;0.752985;0.754359;0.713280;0.742718;0.671927;0.626182;0.655792;;;;;;;;;;
2953.974755;0.501698;0.502497;0.636483;0.751129;0.750359;0.708916;0.756117;0.676924;0.632304;0.657987;;;;;;;;;;
2954.939160;0.493771;0.504758;0.635366;0.729523;0.746154;0.726320;0.754404;0.666070;0.680953;0.653121;;;;;;;;;;
2955.903566;0.502819;0.496397;0.639652;0.739098;0.723494;0.762438;0.744275;0.684152;0.710460;0.650085;;;;;;;;;;
2956.867972;0.499366;0.496624;0.654264;0.765219;0.703779;0.738591;0.753321;0.705020;0.701655;0.644897;;;;;;;;;;
2957.832378;0.483800;0.507437;0.676226;0.762553;0.727181;0.719463;0.780312;0.703117;0.684967;0.645270;;;;;;;;;;
2958.796783;0.490531;0.511323;0.690494;0.746081;0.751127;0.751615;0.765637;0.692315;0.667349;0.657479;;;;;;;;;;
2959.761189;0.502227;0.501659;0.684319;0.725391;0.730112;0.764745;0.743651;0.683396;0.665361;0.666536;;;;;;;;;;
2960.725595;0.503246;0.494991;0.664814;0.709739;0.727482;0.752374;0.750571;0.675312;0.678202;0.655915;;;;;;;;;;
2961.690001;0.498613;0.498205;0.661651;0.727663;0.752791;0.740599;0.746006;0.667865;0.679213;0.649722;;;;;;;;;;
2962.654406;0.480199;0.498036;0.682640;0.750450;0.738250;0.742527;0.734513;0.672338;0.666781;0.657944;;;;;;;;;;
2963.618812;0.472865;0.500172;0.690879;0.746216;0.727700;0.750290;0.746419;0.686591;0.655092;0.663723;;;;;;;;;;
2964.583218;0.489251;0.515701;0.681135;0.753115;0.762160;0.740422;0.758416;0.691729;0.668259;0.667357;;;;;;;;;;
2965.547623;0.506198;0.526711;0.679671;0.789131;0.777344;0.743190;0.739591;0.678725;0.698603;0.683335;;;;;;;;;;
2966.512029;0.521261;0.527693;0.675258;0.798047;0.766776;0.773562;0.732502;0.670082;0.696525;0.700829;;;;;;;;;;
2967.476435;0.522450;0.531020;0.653876;0.763229;0.783367;0.793857;0.752766;0.689691;0.683372;0.674684;;;;;;;;;;
2968.440841;0.500180;0.531729;0.642958;0.761753;0.798930;0.771217;0.762997;0.715902;0.671820;0.637308;;;;;;;;;;
2969.405246;0.493132;0.526973;0.662535;0.779115;0.782955;0.739966;0.766904;0.713586;0.649993;0.641222;;;;;;;;;;
2970.369652;0.509667;0.519735;0.682340;0.757290;0.765736;0.736004;0.747745;0.697667;0.661606;0.658698;;;;;;;;;;
2971.334058;0.513598;0.510859;0.683001;0.749468;0.740695;0.746816;0.702275;0.703269;0.694414;0.664032;;;;;;;;;;
2972.298464;0.498177;0.504514;0.692355;0.766616;0.731776;0.766304;0.697790;0.713581;0.703173;0.653764;;;;;;;;;;
2973.262869;0.492201;0.507399;0.710436;0.764192;0.767777;0.773566;0.741362;0.694626;0.696066;0.642512;;;;;;;;;;
2974.227275;0.503868;0.519668;0.698152;0.755623;0.785091;0.761822;0.762063;0.700288;0.686913;0.654712;;;;;;;;;;
2975.191681;0.512009;0.519202;0.679701;0.762208;0.771595;0.760879;0.749668;0.738012;0.687252;0.667640;;;;;;;;;;
2976.156086;0.499189;0.509773;0.694191;0.762640;0.766762;0.771196;0.756225;0.730820;0.693582;0.664202;;;;;;;;;;
2977.120492;0.486353;0.517859;0.692671;0.740127;0.753110;0.771641;0.775926;0.719831;0.700367;0.659113;;;;;;;;;;
2978.084898;0.486700;0.516190;0.664727;0.733694;0.753876;0.750322;0.782699;0.734099;0.697356;0.658741;;;;;;;;;;
2979.049304;0.485272;0.494203;0.651845;0.750912;0.780076;0.736703;0.775231;0.715892;0.679983;0.663226;;;;;;;;;;
2980.013709;0.487399;0.484613;0.643200;0.767231;0.772146;0.740002;0.757863;0.698161;0.677598;0.653479;;;;;;;;;;
2980.978115;0.489483;0.485886;0.646466;0.778029;0.752870;0.744477;0.742945;0.710277;0.684892;0.637335;;;;;;;;;;
2981.942521;0.483025;0.497470;0.667060;0.764300;0.771035;0.763722;0.738734;0.721987;0.681803;0.637378;;;;;;;;;;
2982.906927;0.489132;0.516142;0.677216;0.754818;0.773677;0.777823;0.743035;0.721398;0.689010;0.651695;;;;;;;;;;
2983.871332;0.503100;0.519740;0.677306;0.777254;0.759605;0.787141;0.749901;0.703695;0.705247;0.676236;;;;;;;;;;
2984.835738;0.513329;0.522443;0.675942;0.790846;0.776670;0.805104;0.767944;0.683790;0.689925;0.675846;;;;;;;;;;
2985.800144;0.518722;0.531063;0.674143;0.788048;0.785512;0.794313;0.797097;0.694544;0.657984;0.658561;;;;;;;;;;
2986.764550;0.510872;0.527643;0.665016;0.788613;0.771349;0.768052;0.812355;0.728106;0.660354;0.662900;;;;;;;;;;
2987.728955;0.502015;0.524928;0.659158;0.782074;0.775742;0.751940;0.799127;0.745818;0.689403;0.661109;;;;;;;;;;
2988.693361;0.495692;0.525459;0.674915;0.763866;0.793199;0.758994;0.768389;0.741369;0.696619;0.651581;;;;;;;;;;
2989.657767;0.492099;0.514441;0.679106;0.747919;0.778078;0.774874;0.750226;0.724069;0.674247;0.649860;;;;;;;;;;
2990.622172;0.500617;0.503498;0.664291;0.755829;0.750092;0.763286;0.748419;0.713394;0.665868;0.657875;;;;;;;;;;
2991.586578;0.502917;0.506949;0.665532;0.782410;0.763755;0.762015;0.759104;0.720792;0.684594;0.676786;;;;;;;;;;
2992.550984;0.490361;0.516183;0.664370;0.785073;0.782924;0.777031;0.782275;0.704788;0.691266;0.665986;;;;;;;;;;
2993.515390;0.489020;0.514987;0.654642;0.772871;0.779667;0.779364;0.772684;0.689404;0.672450;0.643193;;;;;;;;;;
2994.479795;0.499532;0.512049;0.665127;0.792687;0.791411;0.783804;0.739934;0.711513;0.667159;0.650994;;;;;;;;;;
2995.444201;0.501806;0.510701;0.675548;0.817585;0.797400;0.787224;0.740153;0.714997;0.684635;0.666771;;;;;;;;;;
2996.408607;0.506109;0.502712;0.668450;0.806722;0.789693;0.786403;0.763718;0.704660;0.691141;0.675539;;;;;;;;;;
2997.373013;0.511861;0.504540;0.673402;0.791618;0.787653;0.781417;0.780987;0.713114;0.684300;0.676095;;;;;;;;;;
2998.337418;0.505881;0.507824;0.692097;0.800311;0.776104;0.777893;0.772363;0.717571;0.669051;0.670754;;;;;;;;;;
2999.301824;0.501456;0.503559;0.698517;0.805811;0.778659;0.779056;0.760360;0.716741;0.649209;0.661523;;;;;;;;;;
3000.266230;0.503321;0.513049;0.691409;0.786106;0.811037;0.769119;0.775281;0.721502;0.665254;0.650599;;;;;;;;;;
3001.230635;0.504660;0.530145;0.684152;0.780597;0.827463;0.759688;0.777660;0.730485;0.710232;0.653060;;;;;;;;;;
3002.195041;0.503352;0.538456;0.688272;0.789160;0.813782;0.753048;0.760868;0.725740;0.735728;0.651416;;;;;;;;;;
3003.159447;0.504101;0.530876;0.698283;0.791461;0.795220;0.750902;0.759255;0.719666;0.736247;0.648411;;;;;;;;;;
3004.123853;0.502818;0.520007;0.698786;0.804469;0.789894;0.765246;0.775115;0.723046;0.719468;0.665516;;;;;;;;;;
3005.088258;0.491736;0.517033;0.692611;0.795724;0.792648;0.774602;0.793959;0.712900;0.701334;0.674815;;;;;;;;;;
3006.052664;0.490836;0.507864;0.672855;0.779242;0.785330;0.763619;0.789483;0.703735;0.700960;0.673721;;;;;;;;;;
3007.017070;0.501611;0.503785;0.661467;0.796226;0.789756;0.755105;0.792455;0.700205;0.707834;0.671935;;;;;;;;;;
3007.981476;0.503232;0.508920;0.686263;0.801583;0.813093;0.761381;0.797941;0.706684;0.708669;0.659522;;;;;;;;;;
3008.945881;0.499177;0.506979;0.702460;0.805135;0.823885;0.766291;0.762987;0.724254;0.700098;0.654523;;;;;;;;;;
3009.910287;0.498163;0.504450;0.692216;0.808163;0.819988;0.773600;0.759467;0.721708;0.674975;0.668145;;;;;;;;;;
3010.874693;0.499713;0.502561;0.690993;0.786752;0.805770;0.770825;0.787361;0.719656;0.666125;0.684858;;;;;;;;;;
3011.839099;0.503170;0.501386;0.691542;0.806597;0.782495;0.749329;0.778649;0.718148;0.693211;0.677676;;;;;;;;;;
3012.803504;0.510492;0.513820;0.689923;0.850153;0.777154;0.754122;0.775160;0.698732;0.707590;0.662950;;;;;;;;;;
3013.767910;0.509020;0.522100;0.691868;0.845407;0.801731;0.773698;0.791944;0.693405;0.702121;0.669603;;;;;;;;;;
3014.732316;0.497859;0.502030;0.692581;0.826016;0.820218;0.787396;0.779882;0.708535;0.704094;0.680971;;;;;;;;;;
3015.696721;0.495428;0.488329;0.693490;0.809219;0.803812;0.800855;0.751013;0.720455;0.693338;0.685799;;;;;;;;;;
3016.661127;0.501611;0.502679;0.690297;0.784492;0.799864;0.791285;0.763539;0.722486;0.672624;0.684829;;;;;;;;;;
3017.625533;0.510170;0.512261;0.685049;0.774595;0.819888;0.773671;0.791083;0.729653;0.665426;0.683703;;;;;;;;;;
3018.589939;0.508124;0.515757;0.684418;0.788537;0.808152;0.774028;0.771012;0.727786;0.670523;0.676519;;;;;;;;;;
3019.554344;0.494471;0.529080;0.679606;0.800486;0.795418;0.804400;0.750017;0.718976;0.678694;0.667775;;;;;;;;;;
3020.518750;0.487465;0.532210;0.669461;0.803617;0.811119;0.831402;0.754076;0.724093;0.683169;0.682991;;;;;;;;;;
3021.483156;0.492821;0.528024;0.667221;0.802378;0.799374;0.830391;0.765903;0.717700;0.684595;0.695305;;;;;;;;;;
3022.447562;0.508918;0.528158;0.682001;0.806523;0.784681;0.840535;0.784102;0.720918;0.687926;0.694470;;;;;;;;;;
3023.411967;0.522186;0.526574;0.700023;0.825098;0.809799;0.817538;0.794760;0.728103;0.692172;0.695786;;;;;;;;;;
3024.376373;0.527594;0.531370;0.693503;0.827789;0.833602;0.767151;0.796354;0.690241;0.707313;0.684670;;;;;;;;;;
3025.340779;0.523113;0.539716;0.686420;0.827951;0.837324;0.755121;0.794220;0.673969;0.730004;0.679341;;;;;;;;;;
3026.305185;0.506804;0.540112;0.710059;0.832309;0.828553;0.761469;0.784966;0.695233;0.725987;0.681822;;;;;;;;;;
3027.269590;0.506436;0.527560;0.737352;0.817804;0.808484;0.773653;0.776412;0.705354;0.709928;0.673632;;;;;;;;;;
3028.233996;0.521188;0.512598;0.742862;0.819326;0.797170;0.778475;0.788624;0.727813;0.710138;0.670737;;;;;;;;;;
3029.198402;0.517513;0.515070;0.717836;0.833287;0.789728;0.758402;0.811388;0.740849;0.706937;0.682142;;;;;;;;;;
3030.162807;0.501154;0.523172;0.677101;0.835629;0.779239;0.764371;0.822435;0.734051;0.692818;0.692516;;;;;;;;;;
3031.127213;0.503662;0.536226;0.670112;0.826221;0.787430;0.802875;0.818958;0.763954;0.680638;0.692227;;;;;;;;;;
3032.091619;0.520062;0.554426;0.694628;0.826799;0.810087;0.813174;0.779906;0.780789;0.678096;0.688662;;;;;;;;;;
3033.056025;0.517576;0.552978;0.712347;0.850080;0.818195;0.807213;0.750795;0.756170;0.687448;0.694004;;;;;;;;;;
3034.020430;0.512317;0.544354;0.716174;0.844794;0.812854;0.815784;0.775059;0.749973;0.703639;0.711587;;;;;;;;;;
3034.984836;0.519226;0.539664;0.715120;0.829737;0.814562;0.815400;0.789291;0.760377;0.712321;0.704519;;;;;;;;;;
3035.949242;0.512341;0.534451;0.707813;0.832150;0.824378;0.805387;0.779946;0.754152;0.720729;0.667479;;;;;;;;;;
3036.913648;0.502174;0.527136;0.686728;0.822203;0.829328;0.803004;0.794146;0.727599;0.740623;0.653159;;;;;;;;;;
3037.878053;0.503570;0.513331;0.669803;0.818858;0.831937;0.799734;0.797297;0.724241;0.730852;0.664827;;;;;;;;;;
3038.842459;0.509330;0.497506;0.668251;0.799286;0.826277;0.798317;0.782772;0.740408;0.699848;0.683302;;;;;;;;;;
3039.806865;0.513941;0.490677;0.666744;0.768202;0.812355;0.816699;0.811626;0.730038;0.700767;0.697985;;;;;;;;;;
3040.771270;0.501543;0.506704;0.678300;0.787348;0.832211;0.826100;0.840949;0.720126;0.713057;0.680099;;;;;;;;;;
3041.735676;0.490062;0.524514;0.701569;0.817329;0.851272;0.806395;0.791073;0.724186;0.720234;0.663351;;;;;;;;;;
3042.700082;0.501889;0.524070;0.697884;0.808471;0.819046;0.796711;0.749778;0.736187;0.727807;0.693754;;;;;;;;;;
3043.664488;0.515907;0.525400;0.686099;0.800842;0.803636;0.797233;0.769298;0.751274;0.705649;0.713196;;;;;;;;;;
3044.628893;0.523597;0.536425;0.704591;0.812203;0.810691;0.799796;0.815015;0.738144;0.681398;0.681545;;;;;;;;;;
3045.593299;0.528879;0.544647;0.733181;0.832372;0.826017;0.820315;0.848661;0.723268;0.694955;0.670902;;;;;;;;;;
3046.557705;0.525172;0.528785;0.730752;0.848973;0.856139;0.837028;0.828511;0.729019;0.705727;0.689702;;;;;;;;;;
3047.522111;0.513115;0.517776;0.706973;0.850596;0.841447;0.822579;0.800947;0.729227;0.698270;0.689491;;;;;;;;;;
3048.486516;0.500626;0.537506;0.694754;0.846786;0.826868;0.795308;0.805751;0.730219;0.707005;0.690371;;;;;;;;;;
3049.450922;0.502955;0.533294;0.694873;0.843142;0.847675;0.796838;0.809448;0.743091;0.712627;0.724079;;;;;;;;;;
3050.415328;0.513479;0.507777;0.699193;0.835785;0.837006;0.821032;0.805711;0.734283;0.698674;0.746609;;;;;;;;;;
3051.379734;0.512185;0.515589;0.692234;0.827010;0.835953;0.825877;0.802541;0.710665;0.697056;0.718671;;;;;;;;;;
3052.344139;0.503627;0.534360;0.681825;0.835783;0.857711;0.829581;0.815442;0.719851;0.707069;0.691092;;;;;;;;;;
3053.308545;0.505783;0.537134;0.701299;0.859964;0.844635;0.849016;0.824858;0.734677;0.699697;0.691468;;;;;;;;;;
3054.272951;0.525713;0.538973;0.707702;0.855217;0.830632;0.863485;0.799847;0.739790;0.686206;0.683037;;;;;;;;;;
3055.237356;0.533719;0.537538;0.686370;0.838006;0.839419;0.878069;0.791716;0.751059;0.685609;0.666304;;;;;;;;;;
3056.201762;0.516427;0.537130;0.702536;0.844406;0.864965;0.877550;0.801697;0.732882;0.695338;0.678621;;;;;;;;;;
3057.166168;0.499510;0.541048;0.707907;0.863899;0.886895;0.853449;0.785406;0.730235;0.708432;0.695459;;;;;;;;;;
3058.130574;0.491716;0.541157;0.669797;0.887287;0.875391;0.843724;0.781118;0.747613;0.709637;0.680198;;;;;;;;;;
3059.094979;0.499427;0.542074;0.668136;0.889095;0.865614;0.837295;0.823551;0.740987;0.707259;0.668951;;;;;;;;;;
3060.059385;0.508767;0.533967;0.687795;0.859275;0.863553;0.798941;0.855719;0.756228;0.712226;0.681852;;;;;;;;;;
3061.023791;0.509150;0.524102;0.688277;0.849619;0.848582;0.763802;0.849735;0.747237;0.719054;0.700828;;;;;;;;;;
3061.988197;0.515956;0.534324;0.687662;0.888603;0.854230;0.766598;0.847895;0.706246;0.729240;0.723437;;;;;;;;;;
3062.952602;0.525256;0.549676;0.682221;0.898177;0.879566;0.783010;0.838641;0.700665;0.725051;0.740872;;;;;;;;;;
3063.917008;0.539793;0.548565;0.695572;0.847739;0.873412;0.812182;0.831427;0.707115;0.718131;0.740469;;;;;;;;;;
3064.881414;0.548728;0.538995;0.728801;0.852819;0.835115;0.871170;0.847744;0.722153;0.732068;0.718432;;;;;;;;;;
3065.845819;0.537396;0.541330;0.725142;0.888517;0.833688;0.887277;0.841082;0.725780;0.746000;0.696485;;;;;;;;;;
3066.810225;0.523616;0.551084;0.704014;0.839394;0.885726;0.849206;0.821897;0.721655;0.744911;0.695946;;;;;;;;;;
3067.774631;0.512189;0.549760;0.696724;0.807710;0.900358;0.825063;0.837194;0.745738;0.736733;0.683324;;;;;;;;;;
3068.739037;0.510462;0.533928;0.689476;0.857600;0.872735;0.810542;0.853114;0.741999;0.738754;0.663348;;;;;;;;;;
3069.703442;0.515819;0.515661;0.698174;0.889932;0.865487;0.814715;0.837932;0.718766;0.748968;0.671539;;;;;;;;;;
3070.667848;0.515475;0.512188;0.704209;0.879812;0.851094;0.822042;0.823719;0.719659;0.753742;0.682578;;;;;;;;;;
3071.632254;0.512601;0.516893;0.685713;0.894665;0.832886;0.812676;0.822037;0.741410;0.748654;0.684474;;;;;;;;;;
3072.596660;0.510956;0.520631;0.688887;0.919870;0.842888;0.820219;0.841842;0.770911;0.722965;0.687524;;;;;;;;;;
3073.561065;0.522708;0.526868;0.692297;0.934441;0.867714;0.832925;0.884748;0.750647;0.713691;0.692142;;;;;;;;;;
3074.525471;0.536425;0.527430;0.670191;0.915685;0.888408;0.837005;0.878677;0.720701;0.742934;0.709882;;;;;;;;;;
3075.489877;0.536483;0.516875;0.676752;0.876216;0.894367;0.842956;0.827046;0.747074;0.751198;0.732339;;;;;;;;;;
3076.454283;0.530150;0.508245;0.700126;0.855206;0.897283;0.848332;0.796552;0.782939;0.729674;0.735283;;;;;;;;;;
3077.418688;0.521111;0.513442;0.703135;0.849527;0.920068;0.858020;0.799932;0.779202;0.718386;0.707247;;;;;;;;;;
3078.383094;0.522474;0.529631;0.703334;0.888179;0.946806;0.867308;0.841971;0.765091;0.713242;0.690987;;;;;;;;;;
3079.347500;0.525633;0.541876;0.709505;0.931763;0.927365;0.862283;0.863724;0.771599;0.733835;0.696940;;;;;;;;;;
3080.311905;0.521012;0.542873;0.698131;0.902849;0.886151;0.833668;0.826935;0.795352;0.760971;0.683096;;;;;;;;;;
3081.276311;0.517662;0.546531;0.674426;0.877857;0.880573;0.816508;0.807984;0.807067;0.732009;0.688635;;;;;;;;;;
3082.240717;0.507360;0.549256;0.696010;0.873546;0.895676;0.837912;0.827262;0.772475;0.714650;0.712909;;;;;;;;;;
3083.205123;0.496716;0.539629;0.748494;0.866768;0.909590;0.848286;0.843980;0.733731;0.728645;0.707953;;;;;;;;;;
3084.169528;0.494376;0.542532;0.747072;0.879523;0.929517;0.832312;0.841633;0.736093;0.714037;0.718250;;;;;;;;;;
3085.133934;0.495404;0.560051;0.720355;0.880706;0.950281;0.844543;0.838459;0.744842;0.717441;0.725847;;;;;;;;;;
3086.098340;0.507712;0.564431;0.724569;0.881263;0.936957;0.877307;0.836934;0.751282;0.740712;0.704362;;;;;;;;;;
3087.062746;0.524956;0.550320;0.743938;0.920572;0.896473;0.869236;0.837497;0.762880;0.739559;0.706425;;;;;;;;;;
3088.027151;0.521639;0.531181;0.751117;0.927464;0.898862;0.849031;0.849912;0.754285;0.743805;0.719015;;;;;;;;;;
3088.991557;0.509833;0.524928;0.743090;0.897589;0.943905;0.865786;0.849521;0.750372;0.736503;0.715472;;;;;;;;;;
3089.955963;0.517490;0.530834;0.726255;0.942418;0.990589;0.868029;0.834487;0.753953;0.724496;0.702736;;;;;;;;;;
3090.920368;0.529991;0.538718;0.702801;1.005862;1.023620;0.851692;0.838938;0.742377;0.742855;0.691292;;;;;;;;;;
3091.884774;0.531114;0.539412;0.692684;0.979288;0.999578;0.864731;0.859080;0.750682;0.744388;0.701299;;;;;;;;;;
3092.849180;0.524164;0.529185;0.707536;0.960177;0.950469;0.878520;0.863910;0.775929;0.715678;0.711881;;;;;;;;;;
3093.813586;0.515034;0.530472;0.730019;0.959329;0.943022;0.900177;0.866122;0.780814;0.707040;0.696856;;;;;;;;;;
3094.777991;0.516147;0.538007;0.745171;0.941938;0.947820;0.940522;0.896968;0.785909;0.742962;0.703282;;;;;;;;;;
3095.742397;0.514213;0.538592;0.742645;0.935382;0.932475;0.951295;0.907123;0.805615;0.761424;0.738135;;;;;;;;;;
3096.706803;0.498972;0.538125;0.731464;0.914669;0.929304;0.938427;0.885889;0.805323;0.723849;0.734211;;;;;;;;;;
3097.671209;0.497157;0.520027;0.736888;0.892453;0.945011;0.908692;0.888367;0.773042;0.723333;0.715264;;;;;;;;;;
3098.635614;0.518586;0.510069;0.753438;0.907963;0.962129;0.874527;0.888817;0.762801;0.746811;0.734304;;;;;;;;;;
3099.600020;0.532071;0.527461;0.756626;0.940877;0.962911;0.873823;0.890831;0.799730;0.736557;0.745309;;;;;;;;;;
3100.564426;0.528511;0.540128;0.732893;0.952268;0.960341;0.906013;0.929855;0.830202;0.754587;0.733295;;;;;;;;;;
3101.528832;0.539089;0.547855;0.709255;0.945119;0.981872;0.938822;0.941229;0.829257;0.772024;0.714103;;;;;;;;;;
3102.493237;0.544689;0.544665;0.713119;0.961004;0.955819;0.929836;0.894835;0.823034;0.744098;0.678158;;;;;;;;;;
3103.457643;0.522550;0.532285;0.722594;0.970028;0.917425;0.900980;0.873507;0.807266;0.738620;0.668510;;;;;;;;;;
3104.422049;0.512259;0.531844;0.727512;0.928502;0.961114;0.890711;0.887280;0.784467;0.746567;0.690333;;;;;;;;;;
3105.386454;0.514252;0.530666;0.727810;0.907672;1.003065;0.886228;0.878152;0.768406;0.724836;0.701113;;;;;;;;;;
3106.350860;0.518039;0.535021;0.722582;0.934391;0.976657;0.884432;0.869185;0.762680;0.700556;0.718300;;;;;;;;;;
3107.315266;0.535594;0.541137;0.726675;0.957619;0.953465;0.886068;0.896699;0.755356;0.707578;0.732428;;;;;;;;;;
3108.279672;0.545784;0.533899;0.720429;0.942434;0.990846;0.882408;0.916824;0.733041;0.734637;0.719125;;;;;;;;;;
3109.244077;0.540018;0.540289;0.700709;0.924612;1.058663;0.877972;0.922486;0.729244;0.746084;0.721442;;;;;;;;;;
3110.208483;0.531547;0.559207;0.690262;0.959453;1.063993;0.895874;0.935623;0.758749;0.746318;0.727655;;;;;;;;;;
3111.172889;0.519971;0.556817;0.696344;0.986710;1.061078;0.921290;0.937933;0.771460;0.744612;0.720636;;;;;;;;;;
3112.137295;0.511138;0.542254;0.716929;0.971772;1.058287;0.919372;0.924470;0.763743;0.734413;0.731595;;;;;;;;;;
3113.101700;0.510905;0.539176;0.724600;1.000674;1.019956;0.958077;0.905431;0.771694;0.735321;0.738869;;;;;;;;;;
3114.066106;0.513429;0.540885;0.719119;1.005837;1.031328;0.999408;0.913843;0.786301;0.741579;0.741337;;;;;;;;;;
3115.030512;0.514110;0.544763;0.718826;0.954726;1.080953;0.954750;0.956910;0.797995;0.758127;0.753369;;;;;;;;;;
3115.994918;0.521383;0.549394;0.706370;0.949124;1.079801;0.966572;0.969758;0.811835;0.810673;0.742186;;;;;;;;;;
3116.959323;0.529536;0.541344;0.695304;0.960564;1.082107;1.008386;0.923205;0.828587;0.817536;0.719047;;;;;;;;;;
3117.923729;0.530332;0.539076;0.696654;0.956095;1.146595;0.976228;0.894985;0.824687;0.768724;0.713058;;;;;;;;;;
3118.888135;0.528967;0.542553;0.693962;0.959784;1.131773;0.962382;0.921402;0.798306;0.767773;0.727498;;;;;;;;;;
3119.852540;0.524220;0.530779;0.709928;0.974073;1.039548;0.943231;0.934120;0.790662;0.770375;0.736084;;;;;;;;;;
3120.816946;0.530634;0.525953;0.742219;1.017295;1.064775;0.902550;0.927095;0.787548;0.743177;0.723529;;;;;;;;;;
3121.781352;0.539168;0.532451;0.741727;1.043948;1.158524;0.908034;0.938304;0.785898;0.745122;0.724768;;;;;;;;;;
3122.745758;0.520936;0.535588;0.725470;1.022317;1.135339;0.918282;0.923615;0.799724;0.745556;0.729424;;;;;;;;;;
3123.710163;0.506693;0.538402;0.711984;1.018425;1.092063;0.895247;0.939387;0.789637;0.738933;0.729371;;;;;;;;;;
3124.674569;0.519473;0.537060;0.690647;1.008621;1.088947;0.898558;1.019303;0.778117;0.757429;0.738720;;;;;;;;;;
3125.638975;0.529542;0.538562;0.683448;0.989665;1.056589;0.938518;1.018270;0.794247;0.764191;0.736531;;;;;;;;;;
3126.603381;0.523967;0.534256;0.697372;1.036788;1.059117;0.973980;0.952725;0.795185;0.754434;0.741299;;;;;;;;;;
3127.567786;0.525234;0.518552;0.709794;1.111367;1.095316;0.987648;0.937902;0.779511;0.748942;0.758902;;;;;;;;;;
3128.532192;0.536631;0.528906;0.715653;1.118553;1.060743;0.975786;0.958612;0.787068;0.758080;0.763923;;;;;;;;;;
3129.496598;0.542039;0.556104;0.731578;1.108151;1.026173;0.977290;0.983613;0.801559;0.782554;0.758380;;;;;;;;;;
3130.461003;0.545771;0.557564;0.736527;1.098819;1.033865;0.982336;0.983925;0.791206;0.770463;0.733268;;;;;;;;;;
3131.425409;0.544125;0.541494;0.717460;1.051084;1.058822;0.962785;0.970899;0.776958;0.727459;0.702191;;;;;;;;;;
3132.389815;0.535627;0.536772;0.725218;1.041429;1.079185;0.972041;0.977466;0.771074;0.724879;0.694136;;;;;;;;;;
3133.354221;0.533772;0.549422;0.739205;1.093381;1.064052;0.990106;0.977178;0.771877;0.753052;0.707690;;;;;;;;;;
3134.318626;0.535890;0.550764;0.727738;1.083044;1.104901;0.995783;0.993730;0.774759;0.760900;0.715269;;;;;;;;;;
3135.283032;0.541706;0.547970;0.733935;1.037898;1.168427;0.997503;1.013279;0.781025;0.762567;0.714449;;;;;;;;;;
3136.247438;0.531165;0.564959;0.728266;1.071828;1.136790;0.966208;0.985991;0.804716;0.763821;0.727606;;;;;;;;;;
3137.211844;0.508720;0.564212;0.711458;1.113852;1.129561;0.967926;0.967606;0.811978;0.755337;0.724180;;;;;;;;;;
3138.176249;0.513787;0.546913;0.730974;1.072411;1.118185;1.009434;0.943416;0.808923;0.762135;0.713660;;;;;;;;;;
3139.140655;0.524278;0.548924;0.730829;1.045280;1.102681;0.985322;0.927664;0.832501;0.759936;0.730008;;;;;;;;;;
3140.105061;0.525184;0.559291;0.707696;1.051521;1.149730;0.940251;0.942523;0.837937;0.730795;0.739238;;;;;;;;;;
3141.069467;0.530708;0.571958;0.723373;1.072179;1.174390;0.935646;0.932440;0.811839;0.734469;0.741651;;;;;;;;;;
3142.033872;0.529204;0.575553;0.742615;1.124677;1.213964;0.936634;0.958241;0.810751;0.787618;0.740263;;;;;;;;;;
3142.998278;0.533505;0.561577;0.726472;1.107611;1.213776;0.959597;1.027454;0.834598;0.815814;0.729972;;;;;;;;;;
3143.962684;0.538957;0.550701;0.712478;1.043240;1.118889;1.008109;1.033827;0.812963;0.794131;0.735291;;;;;;;;;;
3144.927089;0.538063;0.546262;0.734632;1.015695;1.104573;1.033561;1.027442;0.780980;0.786995;0.737014;;;;;;;;;;
3145.891495;0.542813;0.549503;0.762507;1.005684;1.153731;1.052645;1.065664;0.803914;0.788148;0.722716;;;;;;;;;;
3146.855901;0.527581;0.553240;0.740342;1.032522;1.201022;1.058276;1.081213;0.827046;0.771116;0.715859;;;;;;;;;;
3147.820307;0.506397;0.540761;0.720218;1.044121;1.221262;1.045101;1.043731;0.817935;0.747164;0.720032;;;;;;;;;;
3148.784712;0.508206;0.537987;0.742822;1.019471;1.163104;1.028568;1.038737;0.799531;0.735112;0.722291;;;;;;;;;;
3149.749118;0.520261;0.558214;0.759424;1.028050;1.131065;1.003584;1.070983;0.802050;0.754400;0.723412;;;;;;;;;;
3150.713524;0.533239;0.568187;0.755492;1.053425;1.210045;1.007503;1.060342;0.829303;0.757485;0.721428;;;;;;;;;;
3151.677930;0.533066;0.545953;0.742238;1.061743;1.294417;1.044585;1.037622;0.815019;0.730152;0.710755;;;;;;;;;;
3152.642335;0.522428;0.519762;0.729447;1.063774;1.254732;1.071250;1.044004;0.790601;0.725966;0.713341;;;;;;;;;;
3153.606741;0.525878;0.527455;0.724841;1.100782;1.188310;1.066318;1.040930;0.798765;0.743065;0.723684;;;;;;;;;;
3154.571147;0.544917;0.554251;0.718171;1.115726;1.140398;1.055390;1.019164;0.792264;0.780970;0.729511;;;;;;;;;;
3155.535552;0.550788;0.558257;0.729411;1.063459;1.104935;1.058153;1.008035;0.762505;0.796501;0.739521;;;;;;;;;;
3156.499958;0.529926;0.544301;0.746086;1.048844;1.085229;1.060161;1.028234;0.747294;0.752022;0.729544;;;;;;;;;;
3157.464364;0.527052;0.547845;0.742606;1.089701;1.096655;1.026043;1.063103;0.765361;0.719699;0.714876;;;;;;;;;;
3158.428770;0.542553;0.566466;0.739684;1.099310;1.114761;0.987001;1.049964;0.772731;0.707807;0.737392;;;;;;;;;;
3159.393175;0.528749;0.561820;0.721185;1.074573;1.122038;1.026217;1.035852;0.759217;0.720066;0.774413;;;;;;;;;;
3160.357581;0.518750;0.553788;0.700207;1.129885;1.191427;1.088974;1.064104;0.775886;0.765299;0.787117;;;;;;;;;;
3161.321987;0.538511;0.569112;0.715894;1.161005;1.245623;1.065666;1.061997;0.823199;0.772182;0.778351;;;;;;;;;;
3162.286393;0.548164;0.567645;0.726231;1.070815;1.218053;1.014542;1.052463;0.869078;0.763161;0.761389;;;;;;;;;;
3163.250798;0.536029;0.548067;0.714530;1.066705;1.180851;0.993991;1.037856;0.847726;0.769493;0.742243;;;;;;;;;;
3164.215204;0.528105;0.545265;0.726530;1.105044;1.115701;1.053312;0.983534;0.789959;0.761494;0.731845;;;;;;;;;;
3165.179610;0.532533;0.547655;0.741579;1.080102;1.094171;1.136064;0.971788;0.783366;0.762241;0.747091;;;;;;;;;;
3166.144016;0.538829;0.540330;0.729093;1.068580;1.120008;1.113922;1.002248;0.803009;0.771956;0.767534;;;;;;;;;;
3167.108421;0.540844;0.537311;0.721461;1.082372;1.137778;1.075769;0.998897;0.829479;0.795873;0.748198;;;;;;;;;;
3168.072827;0.529655;0.558051;0.733015;1.147832;1.176785;1.064100;0.994805;0.837128;0.826335;0.727055;;;;;;;;;;
3169.037233;0.515973;0.578849;0.739806;1.183333;1.205861;1.082871;1.049925;0.798744;0.822620;0.727493;;;;;;;;;;
3170.001638;0.523324;0.567040;0.723948;1.102698;1.164477;1.146536;1.083220;0.794930;0.803248;0.723117;;;;;;;;;;
3170.966044;0.534197;0.561340;0.710308;1.052906;1.134432;1.150696;1.050395;0.811639;0.784757;0.740139;;;;;;;;;;
3171.930450;0.530046;0.564211;0.714584;1.060545;1.201303;1.141623;1.066939;0.775969;0.791977;0.772608;;;;;;;;;;
3172.894856;0.535059;0.558447;0.710441;1.079768;1.231978;1.173317;1.089034;0.758739;0.811044;0.766905;;;;;;;;;;
3173.859261;0.547960;0.564230;0.700985;1.074414;1.131522;1.126946;1.058251;0.795646;0.795802;0.732200;;;;;;;;;;
3174.823667;0.527030;0.556216;0.712913;1.045722;1.094065;1.079767;1.056393;0.816152;0.776630;0.707323;;;;;;;;;;
3175.788073;0.500745;0.541526;0.739292;1.043432;1.116293;1.077485;1.087721;0.798044;0.752810;0.718527;;;;;;;;;;
3176.752479;0.519222;0.544011;0.759747;1.054674;1.121513;1.053027;1.105532;0.789213;0.733019;0.744799;;;;;;;;;;
3177.716884;0.546511;0.542767;0.745169;1.070282;1.209671;1.052305;1.075101;0.787985;0.748401;0.730664;;;;;;;;;;
3178.681290;0.546880;0.558742;0.705684;1.130113;1.319443;1.089237;1.026571;0.789673;0.760303;0.697199;;;;;;;;;;
3179.645696;0.534140;0.581551;0.720438;1.172033;1.233276;1.108311;1.030256;0.810503;0.746371;0.698533;;;;;;;;;;
3180.610102;0.536077;0.568210;0.775323;1.121276;1.176730;1.081282;1.059668;0.833155;0.729589;0.723520;;;;;;;;;;
3181.574507;0.565149;0.553599;0.755113;1.093244;1.221497;1.060644;1.043489;0.833489;0.728293;0.741835;;;;;;;;;;
3182.538913;0.564597;0.554306;0.712276;1.113519;1.248436;1.075997;1.005182;0.821266;0.738392;0.742472;;;;;;;;;;
3183.503319;0.533886;0.552253;0.716815;1.101180;1.229459;1.091492;0.983541;0.813728;0.742862;0.730891;;;;;;;;;;
3184.467724;0.541231;0.554556;0.721428;1.093698;1.189142;1.117991;0.989663;0.791383;0.746628;0.739714;;;;;;;;;;
3185.432130;0.552842;0.557749;0.725443;1.130508;1.198224;1.110425;1.004786;0.762104;0.741731;0.739938;;;;;;;;;;
3186.396536;0.531799;0.549663;0.744306;1.138613;1.214764;1.075962;1.015096;0.773634;0.740395;0.704266;;;;;;;;;;
3187.360942;0.532890;0.552148;0.740047;1.096761;1.173600;1.129711;1.054496;0.800528;0.755188;0.701412;;;;;;;;;;
3188.325347;0.550057;0.564867;0.721365;1.079538;1.150930;1.184562;1.068758;0.803622;0.746930;0.756457;;;;;;;;;;
3189.289753;0.534441;0.554921;0.716099;1.132636;1.146521;1.101763;1.016608;0.799859;0.736939;0.798972;;;;;;;;;;
3190.254159;0.527000;0.540044;0.736358;1.204987;1.159133;1.006024;0.996032;0.792949;0.759659;0.781408;;;;;;;;;;
3191.218565;0.546789;0.549423;0.759726;1.218391;1.191737;0.996025;1.026663;0.802890;0.780579;0.765901;;;;;;;;;;
3192.182970;0.552442;0.564099;0.736854;1.193296;1.211187;1.066847;1.036408;0.819449;0.783073;0.769769;;;;;;;;;;
3193.147376;0.546107;0.561178;0.717680;1.125173;1.179628;1.137455;0.997947;0.805303;0.779612;0.764683;;;;;;;;;;
3194.111782;0.531341;0.549045;0.741883;1.043417;1.123071;1.130258;0.993898;0.783550;0.767354;0.761714;;;;;;;;;;
3195.076187;0.520080;0.547262;0.753960;1.027550;1.184049;1.094181;1.052350;0.774712;0.758251;0.754786;;;;;;;;;;
3196.040593;0.537130;0.550868;0.734207;1.126635;1.295971;1.076930;1.108156;0.800075;0.780543;0.723152;;;;;;;;;;
3197.004999;0.564440;0.559035;0.721042;1.236989;1.229758;1.092824;1.157044;0.836629;0.813737;0.689560;;;;;;;;;;
3197.969405;0.563822;0.585926;0.723510;1.163681;1.212894;1.165540;1.116720;0.811723;0.825632;0.700450;;;;;;;;;;
3198.933810;0.537895;0.605004;0.722439;1.087409;1.357859;1.264307;1.022774;0.798198;0.837808;0.741271;;;;;;;;;;
3199.898216;0.536861;0.593583;0.732340;1.093487;1.475947;1.203580;1.030671;0.852160;0.836195;0.744728;;;;;;;;;;
3200.862622;0.555327;0.579435;0.759769;1.116412;1.349402;1.073867;1.075701;0.896228;0.815753;0.728065;;;;;;;;;;
3201.827028;0.561001;0.573992;0.770626;1.160899;1.206755;1.079112;1.101968;0.901104;0.802869;0.727454;;;;;;;;;;
3202.791433;0.570984;0.575427;0.764991;1.194771;1.261910;1.123961;1.123561;0.890458;0.769958;0.725608;;;;;;;;;;
3203.755839;0.564907;0.586262;0.747735;1.201915;1.414893;1.075487;1.071757;0.867324;0.729519;0.722757;;;;;;;;;;
3204.720245;0.541836;0.592821;0.741289;1.196559;1.332086;1.057624;1.047840;0.834381;0.733039;0.730691;;;;;;;;;;
3205.684651;0.539093;0.581419;0.744427;1.163623;1.215947;1.110199;1.100238;0.792525;0.772952;0.737998;;;;;;;;;;
3206.649056;0.544278;0.565720;0.721231;1.153699;1.247996;1.166940;1.117562;0.779432;0.804200;0.736273;;;;;;;;;;
3207.613462;0.555954;0.557569;0.705859;1.135950;1.408747;1.160411;1.116781;0.822329;0.807228;0.749507;;;;;;;;;;
3208.577868;0.583927;0.558273;0.707868;1.106431;1.532274;1.116680;1.144686;0.871294;0.796591;0.784887;;;;;;;;;;
3209.542273;0.598190;0.569538;0.709936;1.108307;1.436425;1.132787;1.138662;0.859854;0.792461;0.782266;;;;;;;;;;
3210.506679;0.579324;0.578654;0.716359;1.115259;1.274538;1.185078;1.105194;0.831268;0.789445;0.734951;;;;;;;;;;
3211.471085;0.557541;0.573716;0.725574;1.150699;1.168151;1.218312;1.057454;0.815356;0.777172;0.716447;;;;;;;;;;
3212.435491;0.545248;0.560572;0.735120;1.167921;1.172442;1.212741;1.000831;0.804697;0.774976;0.727245;;;;;;;;;;
3213.399896;0.543320;0.556983;0.738544;1.145175;1.227314;1.180579;1.023947;0.821332;0.792996;0.748326;;;;;;;;;;
3214.364302;0.564524;0.558471;0.751102;1.193323;1.253236;1.175140;1.098051;0.842707;0.784508;0.788624;;;;;;;;;;
3215.328708;0.568996;0.540373;0.758900;1.274445;1.268565;1.147116;1.109046;0.838354;0.753163;0.798892;;;;;;;;;;
3216.293114;0.553426;0.529133;0.738157;1.334857;1.278955;1.119893;1.143509;0.829520;0.768760;0.765556;;;;;;;;;;
3217.257519;0.561029;0.539767;0.726695;1.338600;1.281721;1.190782;1.217761;0.831339;0.797092;0.735578;;;;;;;;;;
3218.221925;0.561031;0.541160;0.735251;1.266549;1.270341;1.240051;1.260135;0.843529;0.790373;0.737520;;;;;;;;;;
3219.186331;0.544538;0.544940;0.733018;1.218186;1.304997;1.183469;1.255122;0.856425;0.793747;0.765532;;;;;;;;;;
3220.150736;0.534202;0.561945;0.721828;1.147115;1.435109;1.125264;1.119167;0.860286;0.788917;0.771231;;;;;;;;;;
3221.115142;0.539204;0.588596;0.746302;1.107311;1.486939;1.086166;1.055579;0.848826;0.785144;0.750110;;;;;;;;;;
3222.079548;0.560540;0.606701;0.784477;1.163487;1.399607;1.121615;1.144664;0.838376;0.808319;0.727307;;;;;;;;;;
3223.043954;0.561247;0.584415;0.766670;1.193467;1.353127;1.180718;1.166513;0.834942;0.810139;0.719168;;;;;;;;;;
3224.008359;0.552759;0.563041;0.732333;1.168376;1.317687;1.159878;1.095262;0.823561;0.781214;0.728122;;;;;;;;;;
3224.972765;0.557750;0.549405;0.726914;1.209158;1.247609;1.144876;1.120280;0.815413;0.767056;0.747344;;;;;;;;;;
3225.937171;0.545152;0.524615;0.735952;1.340484;1.260631;1.123246;1.169175;0.810039;0.797897;0.777618;;;;;;;;;;
3226.901577;0.535753;0.529612;0.738373;1.409263;1.383685;1.088389;1.097331;0.800397;0.828413;0.762624;;;;;;;;;;
3227.865982;0.544289;0.553318;0.726959;1.263953;1.383381;1.079578;1.026008;0.799620;0.806066;0.724684;;;;;;;;;;
3228.830388;0.540867;0.569594;0.726508;1.123793;1.282810;1.112869;1.072930;0.825859;0.774211;0.736318;;;;;;;;;;
3229.794794;0.524845;0.575987;0.754947;1.130964;1.272104;1.217802;1.155900;0.855541;0.770020;0.752119;;;;;;;;;;
3230.759200;0.517667;0.552917;0.760795;1.206173;1.249428;1.244823;1.118945;0.840632;0.792030;0.742914;;;;;;;;;;
3231.723605;0.530318;0.540769;0.713134;1.179475;1.296846;1.192394;1.060135;0.815139;0.806021;0.757248;;;;;;;;;;
3232.688011;0.542796;0.558321;0.700858;1.136106;1.542522;1.217961;1.086853;0.803546;0.787726;0.796471;;;;;;;;;;
3233.652417;0.554500;0.578177;0.737087;1.148962;1.543947;1.213503;1.151278;0.809838;0.757313;0.793083;;;;;;;;;;
3234.616822;0.575890;0.600197;0.745631;1.187043;1.354279;1.188151;1.184421;0.851653;0.728660;0.759489;;;;;;;;;;
3235.581228;0.576811;0.601325;0.758106;1.225827;1.258072;1.215765;1.193765;0.866006;0.722712;0.748031;;;;;;;;;;
3236.545634;0.558362;0.575499;0.783703;1.142821;1.200943;1.223621;1.126199;0.844401;0.744848;0.740124;;;;;;;;;;
3237.510040;0.535967;0.556830;0.761228;1.106998;1.254538;1.228752;1.033907;0.855502;0.757375;0.741678;;;;;;;;;;
3238.474445;0.525468;0.553901;0.742964;1.229503;1.330491;1.184876;1.045606;0.838683;0.748726;0.742880;;;;;;;;;;
3239.438851;0.541521;0.554848;0.754864;1.257262;1.363166;1.113340;1.111747;0.814505;0.764177;0.722987;;;;;;;;;;
3240.403257;0.552316;0.560076;0.744038;1.205607;1.420648;1.183100;1.153348;0.855323;0.789276;0.718464;;;;;;;;;;
3241.367663;0.546538;0.578769;0.725489;1.228872;1.315499;1.285007;1.211470;0.850536;0.767027;0.725137;;;;;;;;;;
3242.332068;0.544404;0.581813;0.742273;1.168422;1.184833;1.207457;1.213905;0.801238;0.760562;0.728389;;;;;;;;;;
3243.296474;0.542101;0.568540;0.765227;1.104146;1.187948;1.124225;1.127001;0.796919;0.788812;0.730349;;;;;;;;;;
3244.260880;0.532673;0.564149;0.758868;1.133811;1.232951;1.092002;1.077827;0.791495;0.770700;0.726654;;;;;;;;;;
3245.225285;0.533918;0.567287;0.736411;1.145644;1.228760;1.119303;1.110000;0.799373;0.742503;0.731587;;;;;;;;;;
3246.189691;0.550364;0.586504;0.723854;1.101610;1.285087;1.193487;1.105574;0.822588;0.761765;0.738668;;;;;;;;;;
3247.154097;0.549691;0.585413;0.729958;1.096942;1.367366;1.258397;1.063886;0.812560;0.797722;0.740709;;;;;;;;;;
3248.118503;0.541412;0.552762;0.724359;1.143340;1.312031;1.231643;1.090310;0.810055;0.812016;0.742646;;;;;;;;;;
3249.082908;0.553948;0.548001;0.716829;1.164131;1.290954;1.075828;1.050350;0.817980;0.777598;0.726504;;;;;;;;;;
3250.047314;0.565641;0.561850;0.718594;1.169207;1.345114;1.038159;0.994830;0.822577;0.747479;0.706140;;;;;;;;;;
3251.011720;0.555834;0.557619;0.711977;1.197753;1.333159;1.188847;1.029469;0.842671;0.753764;0.708871;;;;;;;;;;
3251.976126;0.547976;0.547509;0.738955;1.179408;1.283915;1.253520;1.018210;0.850504;0.743823;0.709921;;;;;;;;;;
3252.940531;0.550017;0.551096;0.755880;1.141147;1.297787;1.121510;1.003790;0.837733;0.754287;0.706181;;;;;;;;;;
3253.904937;0.544170;0.560584;0.719105;1.139276;1.397367;1.105858;1.069108;0.842722;0.789027;0.724029;;;;;;;;;;
3254.869343;0.548922;0.564847;0.728695;1.129519;1.522924;1.201980;1.145526;0.843083;0.773914;0.731405;;;;;;;;;;
3255.833749;0.558185;0.580666;0.759816;1.102851;1.496219;1.173266;1.180639;0.814729;0.772157;0.710974;;;;;;;;;;
3256.798154;0.548900;0.588343;0.746846;1.102090;1.273830;1.129810;1.147970;0.808266;0.777112;0.698504;;;;;;;;;;
3257.762560;0.542062;0.562274;0.730501;1.131877;1.165867;1.173759;1.110124;0.822505;0.757836;0.712695;;;;;;;;;;
3258.726966;0.538571;0.557723;0.723533;1.130378;1.202515;1.141760;1.091342;0.832414;0.787657;0.727594;;;;;;;;;;
3259.691371;0.534145;0.584977;0.731636;1.123902;1.190137;1.112127;1.089268;0.829920;0.803490;0.714714;;;;;;;;;;
3260.655777;0.532305;0.584442;0.730567;1.159687;1.141725;1.142209;1.115932;0.794350;0.756391;0.706025;;;;;;;;;;
3261.620183;0.533849;0.571984;0.712665;1.151957;1.148875;1.127513;1.101639;0.790183;0.750559;0.705164;;;;;;;;;;
3262.584589;0.537329;0.590112;0.728225;1.120456;1.237833;1.085358;1.064206;0.835544;0.774462;0.702970;;;;;;;;;;
3263.548994;0.542689;0.611213;0.746608;1.126955;1.324652;1.109630;1.063044;0.825270;0.766310;0.721782;;;;;;;;;;
3264.513400;0.563215;0.589977;0.730135;1.173830;1.203052;1.216046;1.058414;0.779524;0.751350;0.724662;;;;;;;;;;
3265.477806;0.564067;0.540751;0.712843;1.232628;1.102981;1.263374;1.071353;0.793189;0.735749;0.690409;;;;;;;;;;
3266.442212;0.545076;0.521486;0.711694;1.189580;1.139030;1.246523;1.125667;0.816212;0.731207;0.667592;;;;;;;;;;
3267.406617;0.554651;0.540154;0.721810;1.166642;1.166825;1.184116;1.113991;0.789108;0.750377;0.676030;;;;;;;;;;
3268.371023;0.555666;0.556649;0.722375;1.170517;1.117466;1.092595;1.085508;0.796389;0.763485;0.699264;;;;;;;;;;
3269.335429;0.539132;0.564470;0.726026;1.063127;1.120129;1.121323;1.117488;0.846389;0.768447;0.699024;;;;;;;;;;
3270.299835;0.537483;0.572620;0.744809;1.046814;1.194401;1.149278;1.109271;0.845642;0.755121;0.698428;;;;;;;;;;
3271.264240;0.539153;0.573821;0.755761;1.163817;1.224471;1.084232;1.054227;0.811170;0.743313;0.735806;;;;;;;;;;
3272.228646;0.560161;0.572124;0.754949;1.185212;1.183942;1.072562;1.040592;0.794757;0.764380;0.758386;;;;;;;;;;
3273.193052;0.592792;0.575620;0.731150;1.133844;1.153053;1.105586;1.068103;0.816481;0.776762;0.757556;;;;;;;;;;
3274.157457;0.584052;0.572266;0.708194;1.143978;1.181912;1.179515;1.064510;0.849247;0.766331;0.737719;;;;;;;;;;
3275.121863;0.552774;0.556859;0.702367;1.144253;1.194554;1.196165;1.042925;0.826263;0.757990;0.681081;;;;;;;;;;
3276.086269;0.533455;0.541622;0.696694;1.109426;1.219858;1.105121;1.063113;0.793789;0.753497;0.657155;;;;;;;;;;
3277.050675;0.524152;0.532992;0.698642;1.125332;1.344854;1.080680;1.067147;0.792334;0.737320;0.677763;;;;;;;;;;
3278.015080;0.531652;0.546868;0.703332;1.147107;1.281678;1.092152;1.032300;0.804315;0.723734;0.701526;;;;;;;;;;
3278.979486;0.556525;0.576934;0.722119;1.119011;1.108514;1.084113;1.017462;0.820379;0.748437;0.702363;;;;;;;;;;
3279.943892;0.574386;0.585544;0.731427;1.117205;1.038328;1.119242;1.017105;0.813383;0.768240;0.673290;;;;;;;;;;
3280.908298;0.581677;0.567402;0.716295;1.082555;1.059868;1.157268;1.010510;0.806172;0.739430;0.664704;;;;;;;;;;
3281.872703;0.586393;0.540545;0.722811;1.031320;1.127316;1.102561;1.056080;0.808341;0.720735;0.668703;;;;;;;;;;
3282.837109;0.568705;0.530326;0.710259;1.070076;1.103532;1.020828;1.156635;0.795449;0.741818;0.680953;;;;;;;;;;
3283.801515;0.546818;0.553441;0.685645;1.109370;1.077522;0.990212;1.163289;0.797890;0.784144;0.715075;;;;;;;;;;
3284.765920;0.553542;0.582511;0.687402;1.118863;1.118445;1.033847;1.108302;0.797570;0.818683;0.701327;;;;;;;;;;
3285.730326;0.570482;0.577343;0.689985;1.145981;1.103328;1.106341;1.058903;0.785135;0.792528;0.689987;;;;;;;;;;
3286.694732;0.577685;0.564916;0.707186;1.062369;1.071460;1.096172;1.022524;0.816121;0.755299;0.717053;;;;;;;;;;
3287.659138;0.556954;0.575346;0.727806;0.989965;1.116456;1.102022;1.041418;0.847638;0.767838;0.704466;;;;;;;;;;
3288.623543;0.517276;0.583293;0.735359;1.045713;1.183746;1.184497;1.035701;0.842958;0.777856;0.693400;;;;;;;;;;
3289.587949;0.514656;0.580367;0.745141;1.106415;1.155182;1.152974;1.015555;0.855486;0.752518;0.714454;;;;;;;;;;
3290.552355;0.539849;0.574644;0.764603;1.113662;1.122806;1.113021;1.033567;0.810470;0.713742;0.719317;;;;;;;;;;
3291.516761;0.545649;0.571458;0.790150;1.121594;1.158956;1.196204;1.041355;0.747118;0.700851;0.723010;;;;;;;;;;
3292.481166;0.550283;0.581040;0.769208;1.148505;1.194054;1.228434;1.082829;0.781193;0.716193;0.741981;;;;;;;;;;
3293.445572;0.573122;0.583051;0.739881;1.206535;1.153534;1.177887;1.096892;0.799927;0.712827;0.728028;;;;;;;;;;
3294.409978;0.583403;0.577562;0.750377;1.180163;1.061738;1.174470;1.023822;0.755882;0.726996;0.693041;;;;;;;;;;
3295.374384;0.564093;0.586707;0.764433;1.114027;1.053093;1.169465;1.002403;0.766225;0.759224;0.693883;;;;;;;;;;
3296.338789;0.544057;0.584152;0.749727;1.083216;1.149628;1.114057;1.031844;0.778363;0.746254;0.700217;;;;;;;;;;
3297.303195;0.532050;0.552497;0.696194;1.037548;1.230595;1.085078;1.062919;0.754297;0.722954;0.691242;;;;;;;;;;
3298.267601;0.523981;0.547563;0.680798;1.031575;1.153666;1.148158;1.075971;0.771275;0.716337;0.706658;;;;;;;;;;
3299.232006;0.536619;0.576379;0.712565;1.063329;1.063080;1.202294;1.038435;0.828493;0.710298;0.730837;;;;;;;;;;
3300.196412;0.559755;0.573339;0.687047;1.069742;1.093319;1.138143;1.004037;0.858181;0.721076;0.732917;;;;;;;;;;
3301.160818;0.577698;0.562284;0.671831;1.113031;1.109787;1.078605;0.989384;0.823634;0.763910;0.719941;;;;;;;;;;
3302.125224;0.587404;0.583564;0.722626;1.185070;1.112599;1.078882;0.990408;0.774519;0.772577;0.706585;;;;;;;;;;
3303.089629;0.572661;0.595607;0.737901;1.124436;1.160896;1.100276;1.009165;0.758145;0.724618;0.689513;;;;;;;;;;
3304.054035;0.553920;0.576628;0.714718;1.018913;1.092228;1.081251;1.009386;0.758976;0.708431;0.665572;;;;;;;;;;
3305.018441;0.546365;0.551154;0.696057;1.034759;1.036793;1.022375;1.036196;0.744171;0.721829;0.668664;;;;;;;;;;
3305.982847;0.535613;0.550295;0.693147;1.131494;1.046320;1.024335;1.099798;0.728712;0.718744;0.699796;;;;;;;;;;
3306.947252;0.541677;0.565050;0.738064;1.182105;1.052831;1.068428;1.056623;0.744561;0.726698;0.710945;;;;;;;;;;
3307.911658;0.562177;0.569342;0.773695;1.192604;1.089955;1.053781;0.975293;0.772380;0.723681;0.693457;;;;;;;;;;
3308.876064;0.569226;0.575183;0.755313;1.140894;1.136516;1.043837;0.984249;0.793197;0.704229;0.668350;;;;;;;;;;
3309.840469;0.570828;0.574886;0.730850;1.026371;1.202196;1.081255;1.017972;0.819850;0.727397;0.662130;;;;;;;;;;
3310.804875;0.575102;0.564049;0.694138;0.984737;1.196167;1.095019;1.000180;0.809612;0.760847;0.672888;;;;;;;;;;
3311.769281;0.572505;0.577674;0.670548;1.020017;1.081390;1.088538;0.972553;0.765892;0.759746;0.674054;;;;;;;;;;
3312.733687;0.560186;0.600103;0.697132;1.016058;1.033951;1.059369;0.938633;0.759911;0.743943;0.696520;;;;;;;;;;
3313.698092;0.549284;0.591974;0.711425;0.974949;1.059564;1.003936;0.941159;0.766901;0.715680;0.734136;;;;;;;;;;
3314.662498;0.548561;0.573379;0.715951;0.937629;1.058857;1.019725;0.998133;0.763861;0.704847;0.695818;;;;;;;;;;
3315.626904;0.553699;0.555947;0.757622;0.931016;0.993675;1.099740;1.077787;0.759672;0.702823;0.642194;;;;;;;;;;
3316.591310;0.558469;0.544461;0.741454;0.995278;0.965830;1.107733;1.169131;0.756392;0.691597;0.667964;;;;;;;;;;
3317.555715;0.541665;0.563038;0.683451;1.063717;1.007943;1.050715;1.115160;0.788924;0.702760;0.706136;;;;;;;;;;
3318.520121;0.526359;0.587607;0.690848;1.036215;1.006378;1.030014;1.033297;0.819212;0.721519;0.688577;;;;;;;;;;
3319.484527;0.562531;0.578788;0.729500;1.006271;0.975433;1.029631;1.058049;0.821639;0.714651;0.680690;;;;;;;;;;
3320.448933;0.595223;0.562406;0.740154;1.045550;0.991430;0.996933;1.051684;0.809531;0.682600;0.693871;;;;;;;;;;
3321.413338;0.570382;0.572680;0.742994;1.063476;1.005778;0.981526;0.997022;0.771232;0.668309;0.704274;;;;;;;;;;
3322.377744;0.558266;0.585275;0.753947;1.031063;1.026615;1.029162;0.935533;0.773147;0.696271;0.714033;;;;;;;;;;
3323.342150;0.569346;0.566278;0.747967;0.989077;1.031515;1.084072;0.897119;0.792064;0.724595;0.705903;;;;;;;;;;
3324.306555;0.570850;0.559220;0.724444;0.952996;0.971647;1.063167;0.902240;0.792916;0.725094;0.686284;;;;;;;;;;
3325.270961;0.566738;0.599343;0.716236;0.998418;0.962450;1.043989;0.909499;0.820430;0.707294;0.688637;;;;;;;;;;
3326.235367;0.572896;0.617973;0.734580;1.049676;1.042746;1.070113;0.953633;0.791041;0.698604;0.714223;;;;;;;;;;
3327.199773;0.566036;0.580812;0.748939;1.008305;1.128838;1.016015;0.996295;0.725100;0.710204;0.734635;;;;;;;;;;
3328.164178;0.525684;0.562208;0.745411;0.998847;1.132851;0.960263;0.978605;0.712758;0.708035;0.741991;;;;;;;;;;
3329.128584;0.512644;0.570516;0.730395;1.026699;1.083199;0.992661;0.993383;0.709648;0.698151;0.729767;;;;;;;;;;
3330.092990;0.541308;0.559686;0.693958;1.046207;1.066448;1.026703;1.034918;0.704435;0.699862;0.706260;;;;;;;;;;
3331.057396;0.561848;0.542102;0.678160;1.087487;1.042567;1.044974;1.086690;0.737256;0.690318;0.685018;;;;;;;;;;
3332.021801;0.564595;0.561238;0.701231;1.106289;1.001346;1.043623;1.133453;0.784335;0.688562;0.650109;;;;;;;;;;
3332.986207;0.560267;0.598311;0.706915;1.024194;0.960732;1.015667;1.105000;0.780809;0.717721;0.630878;;;;;;;;;;
3333.950613;0.563342;0.598259;0.699736;1.000320;0.947154;1.047339;1.051888;0.746890;0.731785;0.652225;;;;;;;;;;
3334.915018;0.569389;0.592239;0.715468;1.078188;1.013036;1.094985;0.990888;0.753726;0.726830;0.676380;;;;;;;;;;
3335.879424;0.560503;0.595274;0.731031;1.042185;1.068366;1.080669;0.953244;0.778135;0.753089;0.673916;;;;;;;;;;
3336.843830;0.547145;0.572673;0.727228;0.975431;1.082648;1.099698;0.958718;0.769434;0.767991;0.660072;;;;;;;;;;
3337.808236;0.547072;0.558004;0.732999;0.993352;1.112202;1.115851;0.959840;0.751277;0.738718;0.665329;;;;;;;;;;
3338.772641;0.568284;0.560082;0.739936;0.990624;1.059617;1.046942;0.967312;0.744347;0.735481;0.685023;;;;;;;;;;
3339.737047;0.582242;0.570296;0.710333;0.951894;1.028011;1.013217;0.965659;0.742723;0.753750;0.687298;;;;;;;;;;
3340.701453;0.573880;0.598221;0.696435;0.952545;1.075447;0.998590;0.949108;0.750899;0.749439;0.690923;;;;;;;;;;
3341.665859;0.566446;0.596808;0.718513;1.021782;1.092888;0.949099;0.948580;0.771615;0.736301;0.732643;;;;;;;;;;
3342.630264;0.560516;0.570753;0.715749;1.069239;1.120729;0.943648;0.927715;0.782199;0.715660;0.746291;;;;;;;;;;
3343.594670;0.551897;0.569011;0.702530;1.069916;1.150885;0.974288;0.937630;0.769501;0.700018;0.687518;;;;;;;;;;
3344.559076;0.547959;0.582751;0.714609;1.045571;1.111395;0.996592;1.010908;0.755766;0.726416;0.652075;;;;;;;;;;
3345.523482;0.558114;0.588766;0.721613;0.985172;1.098868;1.000490;1.033775;0.750396;0.761481;0.656084;;;;;;;;;;
3346.487887;0.563217;0.578684;0.702265;1.009161;1.098903;0.969482;1.018027;0.740331;0.748642;0.667606;;;;;;;;;;
3347.452293;0.555350;0.568998;0.695538;1.055651;1.085831;0.964998;1.041722;0.746504;0.715837;0.690066;;;;;;;;;;
3348.416699;0.559192;0.562555;0.721957;0.989111;1.078638;0.995213;1.054239;0.769590;0.688417;0.700361;;;;;;;;;;
3349.381104;0.554258;0.550655;0.717771;0.937009;1.011329;0.986020;1.013645;0.747540;0.691002;0.709088;;;;;;;;;;
3350.345510;0.538872;0.554617;0.677071;0.925821;0.964414;0.987444;0.959369;0.719176;0.721700;0.706351;;;;;;;;;;
3351.309916;0.547845;0.570387;0.683763;0.925035;0.987391;1.030292;0.933979;0.736535;0.721770;0.671915;;;;;;;;;;
3352.274322;0.553949;0.568173;0.712806;0.941046;0.988527;1.040475;0.922959;0.748529;0.707975;0.674566;;;;;;;;;;
3353.238727;0.538424;0.551510;0.701604;0.971400;0.990727;1.046834;0.932334;0.764624;0.697045;0.700263;;;;;;;;;;
3354.203133;0.545751;0.560836;0.686010;1.022264;1.054441;1.059763;1.000866;0.787600;0.687485;0.692064;;;;;;;;;;
3355.167539;0.578616;0.607649;0.699419;1.047087;1.106286;1.022131;1.060390;0.762927;0.697132;0.692985;;;;;;;;;;
3356.131945;0.591732;0.620297;0.719675;1.017936;1.066042;0.973374;1.023564;0.728678;0.700706;0.693547;;;;;;;;;;
3357.096350;0.569935;0.581931;0.726471;1.010599;1.033923;0.922122;0.979475;0.712653;0.702198;0.667098;;;;;;;;;;
3358.060756;0.539964;0.568797;0.736834;1.030434;1.072895;0.891791;0.980907;0.726790;0.709032;0.655332;;;;;;;;;;
3359.025162;0.548267;0.587147;0.733577;0.999118;1.075915;0.922866;0.971369;0.765629;0.711224;0.651338;;;;;;;;;;
3359.989568;0.575403;0.586420;0.726591;0.945788;1.035458;0.955103;0.921595;0.766478;0.711080;0.655466;;;;;;;;;;
3360.953973;0.572367;0.570509;0.779136;0.934839;1.047433;0.978220;0.911274;0.749930;0.698725;0.681602;;;;;;;;;;
3361.918379;0.580856;0.579300;0.832454;0.943938;1.037741;1.013831;0.935694;0.755117;0.697676;0.693759;;;;;;;;;;
3362.882785;0.603927;0.598804;0.810015;0.952263;0.973419;0.987345;0.944689;0.773702;0.711856;0.699155;;;;;;;;;;
3363.847190;0.591532;0.593927;0.755586;0.962465;0.942346;0.950681;0.982865;0.784031;0.708426;0.697017;;;;;;;;;;
3364.811596;0.567600;0.581316;0.704782;0.982703;0.975806;0.954439;1.012454;0.752357;0.698030;0.672494;;;;;;;;;;
3365.776002;0.576135;0.572371;0.705262;1.007063;1.027478;0.983554;0.998476;0.731440;0.712318;0.658659;;;;;;;;;;
3366.740408;0.596625;0.565703;0.738512;1.001376;1.021670;1.008317;0.983846;0.760742;0.717517;0.656039;;;;;;;;;;
3367.704813;0.586119;0.570569;0.733936;0.981192;0.998962;0.954769;0.947244;0.771718;0.690816;0.662900;;;;;;;;;;
3368.669219;0.572390;0.572963;0.711012;0.955832;0.994825;0.925764;0.932212;0.751695;0.682724;0.657190;;;;;;;;;;
3369.633625;0.574510;0.584076;0.716361;0.949805;0.990488;0.978680;0.927923;0.769348;0.677564;0.636554;;;;;;;;;;
3370.598031;0.558238;0.605053;0.744844;1.021369;0.998387;1.020471;0.899659;0.780807;0.674203;0.649170;;;;;;;;;;
3371.562436;0.548165;0.595229;0.753083;1.067225;0.972446;1.074286;0.904354;0.741198;0.706387;0.659152;;;;;;;;;;
3372.526842;0.572655;0.583721;0.723834;0.986891;0.932312;1.102778;0.960549;0.731165;0.717092;0.659092;;;;;;;;;;
3373.491248;0.590398;0.586121;0.714634;0.945444;0.950976;1.043061;1.043353;0.754258;0.696886;0.681628;;;;;;;;;;
3374.455653;0.583696;0.578504;0.730379;1.000149;0.977036;1.017657;1.084616;0.753817;0.707775;0.694584;;;;;;;;;;
3375.420059;0.566131;0.584112;0.719080;1.031983;0.990220;1.024349;1.037156;0.733550;0.718727;0.709377;;;;;;;;;;
3376.384465;0.543309;0.605853;0.717762;0.973142;1.031248;1.061086;0.926570;0.723401;0.681190;0.698614;;;;;;;;;;
3377.348871;0.534610;0.620512;0.710700;0.935285;1.038512;1.103306;0.857539;0.740817;0.654934;0.652166;;;;;;;;;;
3378.313276;0.530041;0.621634;0.667214;0.944444;0.983354;1.070308;0.899565;0.754712;0.676182;0.654586;;;;;;;;;;
3379.277682;0.531185;0.611884;0.677602;0.927563;0.947966;1.031312;0.968078;0.757916;0.691040;0.687895;;;;;;;;;;
3380.242088;0.546895;0.592206;0.731753;0.914559;0.994229;0.992874;0.981204;0.769683;0.684465;0.695861;;;;;;;;;;
3381.206494;0.550913;0.569840;0.738887;0.963760;1.059210;0.942345;0.963024;0.760232;0.688051;0.685102;;;;;;;;;;
3382.170899;0.548939;0.582005;0.726387;0.986469;1.027641;0.911109;0.933932;0.731122;0.693572;0.668909;;;;;;;;;;
3383.135305;0.558852;0.611585;0.740742;0.924715;0.962806;0.902090;0.936397;0.709805;0.695111;0.657676;;;;;;;;;;
3384.099711;0.571087;0.613802;0.758739;0.889868;0.910763;0.939961;0.940501;0.708895;0.692246;0.643947;;;;;;;;;;
3385.064117;0.566135;0.611050;0.738288;0.911782;0.905118;0.980600;0.942948;0.727311;0.693916;0.635002;;;;;;;;;;
3386.028522;0.542997;0.589642;0.715549;0.919071;0.977880;0.942635;0.947096;0.724652;0.703609;0.659833;;;;;;;;;;
3386.992928;0.534022;0.558082;0.729091;0.906095;1.029391;0.937149;0.903940;0.697073;0.686546;0.690613;;;;;;;;;;
3387.957334;0.560558;0.555256;0.749637;0.935123;0.985400;1.033989;0.888861;0.707629;0.664231;0.685261;;;;;;;;;;
3388.921739;0.586202;0.548810;0.754636;0.977901;0.972116;1.063128;0.926444;0.737681;0.654740;0.685560;;;;;;;;;;
3389.886145;0.574457;0.547384;0.743608;0.955313;0.990745;0.995981;0.972834;0.718678;0.653959;0.699179;;;;;;;;;;
3390.850551;0.565678;0.561172;0.721410;0.947682;0.999570;0.971407;0.988493;0.708446;0.695857;0.682629;;;;;;;;;;
3391.814957;0.580498;0.555693;0.707547;0.990799;1.044304;0.967420;0.946521;0.732726;0.700086;0.658954;;;;;;;;;;
3392.779362;0.578860;0.553649;0.709311;0.979617;1.044841;0.978863;0.927648;0.739274;0.650127;0.666074;;;;;;;;;;
3393.743768;0.550651;0.568179;0.724530;0.957451;0.956582;1.015635;0.933460;0.739544;0.656245;0.666097;;;;;;;;;;
3394.708174;0.528167;0.577685;0.721946;0.974421;0.913277;1.033853;0.947948;0.735581;0.672815;0.645129;;;;;;;;;;
3395.672580;0.549854;0.568601;0.710828;0.995923;0.942899;1.012782;0.981943;0.740585;0.664713;0.652463;;;;;;;;;;
3396.636985;0.587247;0.556047;0.739052;0.999861;0.965483;0.985935;0.967186;0.766374;0.676629;0.656401;;;;;;;;;;
3397.601391;0.579802;0.572695;0.751893;0.948569;0.922075;0.970479;0.949335;0.760605;0.686927;0.639646;;;;;;;;;;
3398.565797;0.557484;0.598530;0.709894;0.945859;0.901363;0.947320;0.942925;0.734681;0.695443;0.648272;;;;;;;;;;
3399.530202;0.560744;0.604223;0.688506;1.006591;0.959243;0.964547;0.890555;0.723109;0.706798;0.649280;;;;;;;;;;
3400.494608;0.581095;0.624019;0.718805;0.964634;1.023384;0.982156;0.868703;0.717732;0.695669;0.629694;;;;;;;;;;
3401.459014;0.595462;0.639747;0.750016;0.895176;1.023076;0.911116;0.895819;0.718117;0.681620;0.632336;;;;;;;;;;
3402.423420;0.596971;0.610709;0.721873;0.871935;0.974934;0.878913;0.912816;0.727886;0.676881;0.652755;;;;;;;;;;
3403.387825;0.589491;0.586843;0.697624;0.869375;0.945331;0.914253;0.924098;0.734832;0.648201;0.656120;;;;;;;;;;
3404.352231;0.571771;0.568117;0.704882;0.902367;0.924452;0.928677;0.915217;0.706042;0.619576;0.638612;;;;;;;;;;
3405.316637;0.561133;0.548124;0.706526;0.938923;0.894457;0.928055;0.897110;0.688211;0.632255;0.634610;;;;;;;;;;
3406.281043;0.549462;0.568124;0.737542;0.985719;0.903284;0.946168;0.909849;0.706731;0.641336;0.637552;;;;;;;;;;
3407.245448;0.533174;0.573273;0.748536;0.987252;0.902530;0.941620;0.907804;0.690514;0.634931;0.637572;;;;;;;;;;
3408.209854;0.549602;0.559543;0.700244;0.929532;0.927170;0.923872;0.882590;0.667558;0.662083;0.671463;;;;;;;;;;
3409.174260;0.571831;0.586175;0.697446;0.954925;1.000377;0.938702;0.873760;0.675830;0.691699;0.704591;;;;;;;;;;
3410.138666;0.566979;0.595689;0.717277;0.968238;0.970812;0.912986;0.871872;0.680924;0.695133;0.672846;;;;;;;;;;
3411.103071;0.580273;0.577658;0.697216;0.914167;0.917382;0.847783;0.859777;0.671381;0.683793;0.646215;;;;;;;;;;
3412.067477;0.585661;0.582155;0.682104;0.937858;0.914256;0.851159;0.869711;0.664256;0.655776;0.626126;;;;;;;;;;
3413.031883;0.552901;0.584834;0.680818;0.948267;0.904409;0.909934;0.913779;0.695868;0.645504;0.571178;;;;;;;;;;
3413.996288;0.548390;0.586196;0.695526;0.905466;0.900807;0.927320;0.878973;0.708176;0.640908;0.565186;;;;;;;;;;
3414.960694;0.582353;0.593132;0.723494;0.897158;0.909614;0.922253;0.818982;0.681707;0.644238;0.595505;;;;;;;;;;
3415.925100;0.603450;0.575005;0.723049;0.895409;0.929564;0.967455;0.855981;0.706876;0.677113;0.610371;;;;;;;;;;
3416.889506;0.595927;0.559920;0.703403;0.944545;0.938855;0.987125;0.933495;0.726419;0.681365;0.645828;;;;;;;;;;
3417.853911;0.608495;0.571071;0.684012;0.985780;0.933672;0.952715;0.968970;0.705623;0.688610;0.666395;;;;;;;;;;
3418.818317;0.635511;0.591772;0.663847;0.892895;0.967485;0.911112;0.939141;0.696629;0.703514;0.661004;;;;;;;;;;
3419.782723;0.618495;0.612224;0.659015;0.833933;1.005330;0.844707;0.909290;0.677054;0.659325;0.652930;;;;;;;;;;
3420.747129;0.582927;0.596912;0.682760;0.877501;0.964079;0.846362;0.936439;0.684922;0.635659;0.635422;;;;;;;;;;
3421.711534;0.563957;0.575780;0.711056;0.907409;0.895142;0.893830;0.913985;0.721187;0.644694;0.650157;;;;;;;;;;
3422.675940;0.560062;0.582967;0.703892;0.886951;0.849433;0.877133;0.880692;0.725745;0.648680;0.667961;;;;;;;;;;
3423.640346;0.572479;0.582380;0.703028;0.880810;0.855841;0.872585;0.870953;0.699436;0.668457;0.648677;;;;;;;;;;
3424.604751;0.574618;0.587504;0.730727;0.859789;0.935568;0.886997;0.835967;0.680409;0.675790;0.635767;;;;;;;;;;
3425.569157;0.566939;0.599303;0.721538;0.841955;0.993988;0.869677;0.845799;0.700819;0.664364;0.629031;;;;;;;;;;
3426.533563;0.570803;0.590528;0.685041;0.892435;0.932388;0.844476;0.869845;0.706963;0.657519;0.618727;;;;;;;;;;
3427.497969;0.574656;0.583411;0.675231;0.914582;0.840892;0.833424;0.858085;0.670762;0.639945;0.612754;;;;;;;;;;
3428.462374;0.571006;0.587692;0.676806;0.871416;0.794077;0.871159;0.844172;0.647071;0.630060;0.592990;;;;;;;;;;
3429.426780;0.555518;0.610533;0.669977;0.853561;0.811553;0.912407;0.806964;0.656838;0.638053;0.576539;;;;;;;;;;
3430.391186;0.540338;0.637323;0.689985;0.842335;0.870810;0.881575;0.790343;0.699806;0.623866;0.601257;;;;;;;;;;
3431.355592;0.544566;0.625150;0.717651;0.863561;0.923162;0.868753;0.818069;0.701315;0.617067;0.628828;;;;;;;;;;
3432.319997;0.557864;0.594726;0.710757;0.905182;0.918416;0.920912;0.851441;0.653037;0.652039;0.624538;;;;;;;;;;
3433.284403;0.564105;0.590447;0.697753;0.887624;0.871265;0.944064;0.875668;0.652076;0.660599;0.622141;;;;;;;;;;
3434.248809;0.556169;0.595407;0.681542;0.861466;0.856203;0.938150;0.863400;0.672286;0.636047;0.628313;;;;;;;;;;
3435.213215;0.546614;0.576880;0.676833;0.842758;0.877845;0.949958;0.832779;0.661560;0.637180;0.632137;;;;;;;;;;
3436.177620;0.546573;0.556604;0.701056;0.829144;0.908512;0.927061;0.814561;0.646901;0.639050;0.641720;;;;;;;;;;
3437.142026;0.548228;0.575681;0.718751;0.859655;0.939651;0.912557;0.810646;0.662451;0.617627;0.647859;;;;;;;;;;
3438.106432;0.566239;0.625368;0.721349;0.889477;0.940490;0.920408;0.853724;0.679950;0.597188;0.618708;;;;;;;;;;
3439.070837;0.589123;0.640452;0.707652;0.865716;0.900923;0.878660;0.871366;0.656940;0.597472;0.590303;;;;;;;;;;
3440.035243;0.584586;0.605257;0.715792;0.836923;0.861674;0.813661;0.815444;0.644064;0.610622;0.603690;;;;;;;;;;
3440.999649;0.576754;0.584827;0.749200;0.807505;0.849771;0.787085;0.814924;0.659665;0.606795;0.608356;;;;;;;;;;
3441.964055;0.581691;0.587514;0.719073;0.779911;0.865127;0.819191;0.860681;0.668889;0.615741;0.584702;;;;;;;;;;
3442.928460;0.576974;0.565650;0.688147;0.806952;0.874025;0.883386;0.845479;0.663312;0.649372;0.566322;;;;;;;;;;
3443.892866;0.559881;0.546021;0.697645;0.837521;0.862747;0.904131;0.811669;0.641537;0.647511;0.564946;;;;;;;;;;
3444.857272;0.554977;0.567908;0.687747;0.826255;0.850241;0.857108;0.838856;0.625132;0.630386;0.580754;;;;;;;;;;
3445.821678;0.562541;0.571001;0.694454;0.850223;0.837633;0.825646;0.903771;0.637493;0.623293;0.596180;;;;;;;;;;
3446.786083;0.578860;0.546133;0.693115;0.869322;0.847884;0.820222;0.894993;0.644225;0.612047;0.604367;;;;;;;;;;
3447.750489;0.601227;0.550285;0.655823;0.846723;0.875069;0.819484;0.824727;0.604417;0.604279;0.582183;;;;;;;;;;
3448.714895;0.598658;0.572574;0.660159;0.847869;0.874444;0.866355;0.812154;0.588384;0.584128;0.558613;;;;;;;;;;
3449.679301;0.580166;0.594862;0.686630;0.840187;0.846047;0.932028;0.849979;0.627082;0.584780;0.578537;;;;;;;;;;
3450.643706;0.553258;0.613474;0.714143;0.823392;0.804478;0.916256;0.845025;0.636642;0.613481;0.591090;;;;;;;;;;
3451.608112;0.533332;0.603404;0.763851;0.834452;0.801689;0.846764;0.812377;0.614048;0.601274;0.584748;;;;;;;;;;
3452.572518;0.555769;0.580297;0.755255;0.851356;0.819151;0.816386;0.809930;0.603321;0.573251;0.589854;;;;;;;;;;
3453.536923;0.581060;0.584887;0.696592;0.882125;0.781686;0.824236;0.819178;0.622768;0.573312;0.594932;;;;;;;;;;
3454.501329;0.591839;0.593725;0.693075;0.877565;0.762211;0.804409;0.818197;0.664332;0.593447;0.590933;;;;;;;;;;
3455.465735;0.606303;0.570265;0.711626;0.813161;0.776972;0.770001;0.799631;0.672818;0.617555;0.576532;;;;;;;;;;
3456.430141;0.593464;0.558364;0.681629;0.794847;0.773133;0.765011;0.770701;0.669861;0.613402;0.565734;;;;;;;;;;
3457.394546;0.574998;0.579193;0.674676;0.830929;0.777126;0.781190;0.761871;0.661002;0.596736;0.570636;;;;;;;;;;
3458.358952;0.568650;0.608440;0.705796;0.836401;0.794567;0.792559;0.774338;0.629355;0.591928;0.587915;;;;;;;;;;
3459.323358;0.567505;0.628160;0.701893;0.818766;0.803294;0.812514;0.788073;0.620172;0.591445;0.595970;;;;;;;;;;
3460.287764;0.582105;0.619510;0.698756;0.819137;0.790046;0.829151;0.783847;0.627353;0.596219;0.586577;;;;;;;;;;
3461.252169;0.590694;0.607885;0.694163;0.804174;0.778830;0.803891;0.762575;0.614473;0.601023;0.572424;;;;;;;;;;
3462.216575;0.583801;0.616302;0.654761;0.800424;0.803888;0.767882;0.735202;0.588352;0.605578;0.562037;;;;;;;;;;
3463.180981;0.575243;0.615509;0.648005;0.833960;0.812953;0.759086;0.716894;0.589476;0.597440;0.562512;;;;;;;;;;
3464.145386;0.571256;0.592711;0.677656;0.855443;0.794879;0.797734;0.742789;0.616354;0.582515;0.541233;;;;;;;;;;
3465.109792;0.590603;0.587738;0.698572;0.886005;0.805998;0.801938;0.806388;0.620761;0.601714;0.512014;;;;;;;;;;
3466.074198;0.607607;0.603344;0.695355;0.871176;0.812045;0.747728;0.834038;0.610744;0.618562;0.507004;;;;;;;;;;
3467.038604;0.583639;0.578591;0.662386;0.777127;0.795264;0.773646;0.806223;0.601865;0.587545;0.501656;;;;;;;;;;
3468.003009;0.559806;0.551858;0.646474;0.751605;0.778965;0.817118;0.781708;0.592244;0.563456;0.513446;;;;;;;;;;
3468.967415;0.559569;0.571022;0.661528;0.799779;0.748516;0.794691;0.783477;0.613957;0.571755;0.531445;;;;;;;;;;
3469.931821;0.567184;0.580884;0.665137;0.798834;0.723372;0.809501;0.777139;0.649798;0.571518;0.543020;;;;;;;;;;
3470.896227;0.564800;0.580279;0.671751;0.760989;0.720386;0.803556;0.765260;0.634404;0.553635;0.576429;;;;;;;;;;
3471.860632;0.546206;0.585322;0.667452;0.752493;0.738151;0.750755;0.757935;0.597834;0.549927;0.574499;;;;;;;;;;
3472.825038;0.570896;0.578941;0.656897;0.754445;0.771040;0.769394;0.753339;0.603895;0.556695;0.549279;;;;;;;;;;
3473.789444;0.612216;0.583929;0.689037;0.757336;0.803247;0.839308;0.770443;0.627122;0.562384;0.557753;;;;;;;;;;
3474.753850;0.582816;0.593130;0.713781;0.785282;0.837563;0.824040;0.781370;0.621622;0.571737;0.565102;;;;;;;;;;
3475.718255;0.565784;0.571729;0.722060;0.813544;0.837455;0.771467;0.761217;0.593255;0.565008;0.556569;;;;;;;;;;
3476.682661;0.590880;0.535710;0.736575;0.805206;0.792656;0.767021;0.738321;0.585678;0.559026;0.558108;;;;;;;;;;
3477.647067;0.612360;0.529515;0.695579;0.773525;0.778784;0.768603;0.732746;0.617577;0.569223;0.556441;;;;;;;;;;
3478.611472;0.600963;0.554213;0.653768;0.752632;0.794391;0.753965;0.721478;0.620048;0.547489;0.526598;;;;;;;;;;
3479.575878;0.559837;0.578624;0.665904;0.745607;0.798451;0.748227;0.688394;0.590369;0.523205;0.524795;;;;;;;;;;
3480.540284;0.564297;0.600149;0.691398;0.747520;0.803850;0.748746;0.689270;0.590266;0.550804;0.562528;;;;;;;;;;
3481.504690;0.574849;0.612019;0.682513;0.781125;0.808422;0.733167;0.718756;0.600352;0.575423;0.558236;;;;;;;;;;
3482.469095;0.551849;0.604698;0.656309;0.807797;0.782842;0.723103;0.708890;0.606748;0.555747;0.543258;;;;;;;;;;
3483.433501;0.557495;0.599053;0.658972;0.782309;0.763613;0.724288;0.681065;0.597867;0.542145;0.533555;;;;;;;;;;
3484.397907;0.559825;0.592718;0.665527;0.770853;0.773109;0.710348;0.687975;0.577691;0.545855;0.495557;;;;;;;;;;
3485.362313;0.554278;0.588256;0.654860;0.792577;0.756518;0.724342;0.728894;0.580292;0.556120;0.491285;;;;;;;;;;
3486.326718;0.587799;0.588252;0.640021;0.786735;0.718241;0.762045;0.754622;0.588921;0.576486;0.515398;;;;;;;;;;
3487.291124;0.623706;0.561674;0.618271;0.754895;0.705749;0.765188;0.775026;0.597293;0.569264;0.512574;;;;;;;;;;
3488.255530;0.617627;0.548544;0.627231;0.751433;0.725331;0.746000;0.806553;0.601553;0.550076;0.513216;;;;;;;;;;
3489.219935;0.602228;0.577837;0.664389;0.793294;0.753093;0.722082;0.770276;0.596198;0.566452;0.538574;;;;;;;;;;
3490.184341;0.606937;0.570494;0.678256;0.823505;0.753752;0.726577;0.710229;0.606720;0.569920;0.546480;;;;;;;;;;
3491.148747;0.597027;0.553879;0.665532;0.765071;0.738025;0.761563;0.707165;0.602917;0.556137;0.517713;;;;;;;;;;
3492.113153;0.577725;0.595729;0.653439;0.706084;0.722581;0.768461;0.736039;0.567269;0.564761;0.500258;;;;;;;;;;
3493.077558;0.595135;0.636560;0.657717;0.733567;0.705959;0.753085;0.738748;0.548456;0.562252;0.505974;;;;;;;;;;
3494.041964;0.621281;0.644985;0.649849;0.762841;0.725893;0.729841;0.712812;0.561177;0.544095;0.508087;;;;;;;;;;
3495.006370;0.610699;0.619213;0.637895;0.740411;0.786169;0.719921;0.709205;0.589688;0.537256;0.510403;;;;;;;;;;
3495.970776;0.598879;0.581190;0.663467;0.737016;0.804009;0.735530;0.711206;0.605223;0.552164;0.507341;;;;;;;;;;
3496.935181;0.600180;0.584632;0.675098;0.732906;0.761563;0.713038;0.679788;0.593097;0.572659;0.496603;;;;;;;;;;
3497.899587;0.582809;0.594665;0.637528;0.721686;0.724948;0.696867;0.655986;0.581936;0.567068;0.502460;;;;;;;;;;
3498.863993;0.565481;0.587309;0.622613;0.734468;0.716958;0.736082;0.663103;0.588530;0.558442;0.533073;;;;;;;;;;
3499.828399;0.569278;0.580967;0.633285;0.736076;0.734717;0.751049;0.689903;0.601703;0.558606;0.556165;;;;;;;;;;
3500.792804;0.583940;0.581759;0.627651;0.737526;0.753167;0.735644;0.699551;0.603056;0.546534;0.539046;;;;;;;;;;
3501.757210;0.588152;0.595798;0.634443;0.746366;0.759034;0.747420;0.695917;0.586156;0.529616;0.518860;;;;;;;;;;
3502.721616;0.587246;0.603043;0.648905;0.725461;0.766736;0.774335;0.700999;0.574837;0.518378;0.519610;;;;;;;;;;
3503.686021;0.599726;0.603289;0.652555;0.711062;0.749539;0.768119;0.667375;0.570965;0.519032;0.523244;;;;;;;;;;
3504.650427;0.583089;0.601919;0.667937;0.707101;0.712340;0.738894;0.656426;0.560819;0.529428;0.531663;;;;;;;;;;
3505.614833;0.557894;0.593009;0.673642;0.700777;0.687595;0.729079;0.718304;0.558157;0.540577;0.536787;;;;;;;;;;
3506.579239;0.567876;0.590093;0.678008;0.710382;0.666853;0.717804;0.746970;0.555622;0.548320;0.525679;;;;;;;;;;
3507.543644;0.572046;0.589305;0.691463;0.715133;0.679148;0.706997;0.731854;0.550659;0.542817;0.507041;;;;;;;;;;
3508.508050;0.577105;0.584721;0.701998;0.715903;0.716379;0.706030;0.745251;0.561047;0.542021;0.498771;;;;;;;;;;
3509.472456;0.584735;0.578144;0.715339;0.732107;0.706705;0.694787;0.757103;0.560812;0.548320;0.514216;;;;;;;;;;
3510.436862;0.564127;0.574055;0.673659;0.758798;0.693603;0.695485;0.725207;0.536826;0.527100;0.516758;;;;;;;;;;
3511.401267;0.558632;0.580892;0.618108;0.775241;0.691628;0.709056;0.683237;0.530456;0.511764;0.487685;;;;;;;;;;
3512.365673;0.576880;0.602526;0.627588;0.749761;0.659688;0.715628;0.669231;0.561764;0.524695;0.482990;;;;;;;;;;
3513.330079;0.585033;0.625487;0.650107;0.713719;0.663785;0.724865;0.684352;0.596796;0.535472;0.511566;;;;;;;;;;
3514.294484;0.601387;0.614000;0.656692;0.729884;0.706198;0.718081;0.724243;0.597452;0.532736;0.523756;;;;;;;;;;
3515.258890;0.627166;0.596639;0.668990;0.780608;0.700195;0.681991;0.735304;0.589243;0.509980;0.514522;;;;;;;;;;
3516.223296;0.622008;0.616195;0.668156;0.771815;0.695740;0.683519;0.716744;0.602565;0.508796;0.504001;;;;;;;;;;
3517.187702;0.588002;0.643027;0.651506;0.726493;0.742054;0.735295;0.724616;0.606634;0.528013;0.485125;;;;;;;;;;
3518.152107;0.575638;0.668810;0.622027;0.718808;0.771424;0.739390;0.713676;0.586011;0.521624;0.475897;;;;;;;;;;
3519.116513;0.606009;0.683651;0.609935;0.731196;0.787595;0.713567;0.686577;0.570912;0.539370;0.505339;;;;;;;;;;
3520.080919;0.619117;0.646527;0.638208;0.732332;0.768227;0.723613;0.677883;0.564655;0.557203;0.513617;;;;;;;;;;
3521.045325;0.603325;0.607925;0.674775;0.730461;0.709621;0.729935;0.668213;0.565075;0.537868;0.480812;;;;;;;;;;
3522.009730;0.613462;0.609987;0.677990;0.731649;0.709476;0.721976;0.679606;0.562691;0.547668;0.489179;;;;;;;;;;
3522.974136;0.612770;0.620850;0.638908;0.723219;0.700398;0.707005;0.678964;0.539151;0.549323;0.511114;;;;;;;;;;
3523.938542;0.589465;0.616329;0.622913;0.722219;0.667366;0.683701;0.636376;0.527942;0.521896;0.505327;;;;;;;;;;
3524.902948;0.590422;0.610305;0.637098;0.719692;0.685511;0.659883;0.629367;0.537026;0.517761;0.513791;;;;;;;;;;
3525.867353;0.593429;0.601047;0.625268;0.691144;0.680358;0.646519;0.650313;0.529950;0.526660;0.512019;;;;;;;;;;
3526.831759;0.579363;0.595491;0.622262;0.670809;0.679473;0.669799;0.664666;0.526115;0.543007;0.493970;;;;;;;;;;
3527.796165;0.558159;0.606024;0.632320;0.680342;0.727396;0.705655;0.688752;0.549066;0.543071;0.489934;;;;;;;;;;
3528.760570;0.546917;0.588614;0.631006;0.724110;0.730660;0.724943;0.677146;0.557732;0.509476;0.485369;;;;;;;;;;
3529.724976;0.575731;0.552027;0.648404;0.732008;0.701598;0.729061;0.649815;0.538281;0.499304;0.490916;;;;;;;;;;
3530.689382;0.601012;0.555989;0.673147;0.683179;0.681258;0.698575;0.653879;0.547577;0.509315;0.513284;;;;;;;;;;
3531.653788;0.574753;0.585004;0.676431;0.693506;0.662610;0.664672;0.655264;0.568860;0.498377;0.518510;;;;;;;;;;
3532.618193;0.565625;0.603227;0.671741;0.720556;0.659084;0.669804;0.662600;0.548571;0.492397;0.497452;;;;;;;;;;
3533.582599;0.590135;0.606073;0.665420;0.706429;0.691770;0.695769;0.683245;0.560435;0.492512;0.483061;;;;;;;;;;
3534.547005;0.586762;0.599458;0.630759;0.712000;0.740371;0.678771;0.677426;0.612213;0.482104;0.483052;;;;;;;;;;
3535.511411;0.573542;0.591462;0.610047;0.729478;0.723893;0.642841;0.645936;0.605848;0.473555;0.482266;;;;;;;;;;
3536.475816;0.583359;0.596646;0.629052;0.748948;0.680248;0.646365;0.630686;0.573801;0.473447;0.486072;;;;;;;;;;
3537.440222;0.586439;0.621286;0.633501;0.755840;0.671866;0.638797;0.627950;0.552132;0.485210;0.488345;;;;;;;;;;
3538.404628;0.602644;0.631871;0.636968;0.733103;0.675614;0.629756;0.621671;0.539342;0.502776;0.473975;;;;;;;;;;
3539.369034;0.634012;0.621717;0.640150;0.717856;0.685999;0.659178;0.651286;0.557752;0.521045;0.461792;;;;;;;;;;
3540.333439;0.619070;0.609243;0.646156;0.717177;0.689235;0.676975;0.690248;0.553573;0.530815;0.464912;;;;;;;;;;
3541.297845;0.596466;0.590293;0.681523;0.696293;0.696058;0.691492;0.678414;0.525760;0.530671;0.476336;;;;;;;;;;
3542.262251;0.611115;0.594522;0.676999;0.653908;0.702861;0.700895;0.666827;0.528272;0.532991;0.491480;;;;;;;;;;
3543.226656;0.633096;0.604816;0.649088;0.647464;0.660320;0.675106;0.676146;0.523317;0.516990;0.491378;;;;;;;;;;
3544.191062;0.635178;0.581700;0.660196;0.684879;0.619828;0.664441;0.673803;0.512364;0.492026;0.476842;;;;;;;;;;
3545.155468;0.610869;0.579687;0.673710;0.711806;0.619401;0.665031;0.688059;0.531819;0.488386;0.470858;;;;;;;;;;
3546.119874;0.588568;0.602726;0.662743;0.692576;0.634926;0.654873;0.708979;0.542790;0.499862;0.465008;;;;;;;;;;
3547.084279;0.591723;0.605924;0.651090;0.662972;0.651840;0.667385;0.689030;0.547096;0.515581;0.458925;;;;;;;;;;
3548.048685;0.613638;0.593651;0.678414;0.665958;0.656551;0.686874;0.678135;0.550209;0.521772;0.457290;;;;;;;;;;
3549.013091;0.626695;0.580887;0.711625;0.672126;0.658086;0.687824;0.692386;0.531657;0.520895;0.464624;;;;;;;;;;
3549.977497;0.612031;0.585481;0.685674;0.680117;0.673817;0.700511;0.692591;0.544974;0.511947;0.489528;;;;;;;;;;
3550.941902;0.592950;0.603091;0.659185;0.700249;0.691613;0.707736;0.671533;0.578536;0.494667;0.491077;;;;;;;;;;
3551.906308;0.584493;0.615085;0.666555;0.703285;0.676843;0.698076;0.642794;0.564638;0.482914;0.483555;;;;;;;;;;
3552.870714;0.598501;0.613355;0.662670;0.712142;0.655737;0.691969;0.652155;0.540022;0.477013;0.515155;;;;;;;;;;
3553.835119;0.610742;0.595981;0.656648;0.710422;0.673959;0.670433;0.664017;0.537008;0.487465;0.526166;;;;;;;;;;
3554.799525;0.583277;0.574838;0.657834;0.692865;0.703324;0.649149;0.643890;0.543265;0.504819;0.495237;;;;;;;;;;
3555.763931;0.564512;0.550053;0.640891;0.685483;0.709896;0.650078;0.655303;0.544100;0.510042;0.483213;;;;;;;;;;
3556.728337;0.572578;0.554134;0.630402;0.657568;0.688671;0.653655;0.660612;0.539594;0.510349;0.486676;;;;;;;;;;
3557.692742;0.580723;0.593862;0.631579;0.655158;0.670508;0.650182;0.635665;0.548981;0.502483;0.477683;;;;;;;;;;
3558.657148;0.594882;0.592375;0.633243;0.691023;0.680522;0.664973;0.646833;0.556535;0.509502;0.461936;;;;;;;;;;
3559.621554;0.614861;0.574993;0.645138;0.701139;0.689478;0.702178;0.664910;0.557127;0.530905;0.456844;;;;;;;;;;
3560.585960;0.628278;0.593589;0.655171;0.705780;0.675424;0.716520;0.638983;0.567788;0.527261;0.475318;;;;;;;;;;
3561.550365;0.610989;0.602463;0.650252;0.707185;0.655676;0.707927;0.613161;0.575404;0.510485;0.495712;;;;;;;;;;
3562.514771;0.579379;0.586565;0.640586;0.676973;0.655352;0.682022;0.634290;0.563716;0.501271;0.479997;;;;;;;;;;
3563.479177;0.582771;0.579297;0.656465;0.663597;0.652973;0.633423;0.666769;0.534726;0.512437;0.456852;;;;;;;;;;
3564.443583;0.589884;0.598731;0.667419;0.700176;0.649764;0.605345;0.662113;0.523925;0.527608;0.461239;;;;;;;;;;
3565.407988;0.572448;0.623127;0.643846;0.728812;0.676115;0.631217;0.659613;0.548140;0.519129;0.463418;;;;;;;;;;
3566.372394;0.574261;0.619443;0.650553;0.699201;0.686144;0.687144;0.677517;0.548100;0.518870;0.465389;;;;;;;;;;
3567.336800;0.588741;0.606523;0.665071;0.672713;0.661930;0.694946;0.683115;0.510659;0.532262;0.494477;;;;;;;;;;
3568.301205;0.586428;0.595830;0.656728;0.670791;0.646769;0.682822;0.675929;0.496239;0.530542;0.503121;;;;;;;;;;
3569.265611;0.588271;0.586343;0.671702;0.661359;0.665914;0.681432;0.677662;0.497585;0.510096;0.477795;;;;;;;;;;
3570.230017;0.593039;0.598633;0.666296;0.650814;0.698259;0.651916;0.678514;0.493461;0.488452;0.471709;;;;;;;;;;
3571.194423;0.593985;0.613875;0.640523;0.646606;0.691107;0.648463;0.665660;0.499739;0.485605;0.474945;;;;;;;;;;
3572.158828;0.614331;0.597548;0.643772;0.636312;0.663519;0.663629;0.654915;0.511360;0.494945;0.456751;;;;;;;;;;
3573.123234;0.626479;0.578103;0.639044;0.635019;0.641915;0.644206;0.660617;0.515935;0.498869;0.435683;;;;;;;;;;
3574.087640;0.610409;0.581132;0.632943;0.656013;0.614404;0.635494;0.671126;0.514130;0.482679;0.441585;;;;;;;;;;
3575.052046;0.610346;0.597955;0.641468;0.671258;0.595785;0.661914;0.659920;0.515486;0.473713;0.469479;;;;;;;;;;
3576.016451;0.617720;0.600362;0.620562;0.679396;0.617345;0.705305;0.650580;0.520347;0.497667;0.482176;;;;;;;;;;
3576.980857;0.612927;0.583185;0.601167;0.694629;0.652147;0.723369;0.653583;0.516849;0.503966;0.480989;;;;;;;;;;
3577.945263;0.609492;0.594714;0.610006;0.697342;0.656615;0.687204;0.630260;0.518110;0.482650;0.476557;;;;;;;;;;
3578.909668;0.591488;0.622760;0.607596;0.684403;0.663267;0.638019;0.614559;0.514439;0.471318;0.456232;;;;;;;;;;
3579.874074;0.555386;0.618341;0.599901;0.663132;0.671438;0.631781;0.614347;0.492425;0.460494;0.447929;;;;;;;;;;
3580.838480;0.541039;0.603031;0.601169;0.654890;0.667269;0.664376;0.617346;0.489513;0.458761;0.460628;;;;;;;;;;
3581.802886;0.563652;0.586049;0.615147;0.662271;0.676845;0.648162;0.648930;0.513939;0.478119;0.466112;;;;;;;;;;
3582.767291;0.574305;0.574355;0.644908;0.654006;0.684140;0.607473;0.643489;0.529706;0.497708;0.463286;;;;;;;;;;
3583.731697;0.575269;0.586319;0.656902;0.657895;0.675111;0.622394;0.633089;0.517878;0.501550;0.462457;;;;;;;;;;
3584.696103;0.606622;0.606523;0.668327;0.689914;0.670460;0.662547;0.697495;0.517719;0.500270;0.479401;;;;;;;;;;
3585.660509;0.614684;0.620261;0.682963;0.702793;0.669429;0.695979;0.725687;0.546955;0.504390;0.505392;;;;;;;;;;
3586.624914;0.591285;0.622708;0.648384;0.691279;0.658761;0.693799;0.677518;0.554993;0.500993;0.498016;;;;;;;;;;
3587.589320;0.579394;0.610632;0.612046;0.687044;0.647520;0.645204;0.641258;0.545143;0.494177;0.469166;;;;;;;;;;
3588.553726;0.577182;0.590014;0.609542;0.687333;0.637618;0.633469;0.636698;0.541513;0.490055;0.465112;;;;;;;;;;
3589.518132;0.579058;0.578012;0.603060;0.663232;0.636207;0.648449;0.654221;0.527921;0.462384;0.470529;;;;;;;;;;
3590.482537;0.566389;0.583464;0.606868;0.632849;0.635047;0.644173;0.653454;0.522140;0.441786;0.456460;;;;;;;;;;
3591.446943;0.579706;0.599168;0.649059;0.640576;0.612556;0.668634;0.636084;0.529182;0.477501;0.464196;;;;;;;;;;
3592.411349;0.624785;0.606906;0.679058;0.672580;0.605873;0.714245;0.633227;0.537439;0.514730;0.488281;;;;;;;;;;
3593.375754;0.621961;0.586608;0.666520;0.685167;0.624039;0.723681;0.632342;0.549402;0.506014;0.475506;;;;;;;;;;
3594.340160;0.595692;0.584198;0.650125;0.666622;0.635556;0.696519;0.632571;0.546829;0.500346;0.466589;;;;;;;;;;
3595.304566;0.587510;0.625295;0.645677;0.644949;0.624904;0.657868;0.659348;0.527267;0.495848;0.475362;;;;;;;;;;
3596.268972;0.588596;0.630524;0.653118;0.637047;0.627306;0.655135;0.672156;0.534839;0.480663;0.481139;;;;;;;;;;
3597.233377;0.582943;0.602896;0.640156;0.633867;0.672200;0.670289;0.640676;0.556613;0.469650;0.481452;;;;;;;;;;
3598.197783;0.556804;0.610928;0.604549;0.643845;0.684495;0.647121;0.647335;0.539756;0.470354;0.462583;;;;;;;;;;
3599.162189;0.544870;0.620455;0.608949;0.657902;0.669115;0.639808;0.680859;0.526395;0.494241;0.459761;;;;;;;;;;
3600.126595;0.559734;0.605038;0.652110;0.663365;0.682060;0.664730;0.654958;0.529754;0.520320;0.468312;;;;;;;;;;
3601.091000;0.576931;0.601033;0.690389;0.683557;0.676632;0.655435;0.624370;0.536620;0.517500;0.454769;;;;;;;;;;
3602.055406;0.582204;0.609617;0.693863;0.686501;0.656182;0.620327;0.638106;0.562799;0.492241;0.442775;;;;;;;;;;
3603.019812;0.584118;0.612703;0.665012;0.657439;0.637604;0.627511;0.643671;0.559244;0.484218;0.447463;;;;;;;;;;
3603.984217;0.591340;0.617878;0.642403;0.657033;0.631503;0.663290;0.627315;0.535827;0.493789;0.462962;;;;;;;;;;
3604.948623;0.596909;0.609468;0.629925;0.684938;0.645189;0.645227;0.624935;0.539143;0.475592;0.455178;;;;;;;;;;
3605.913029;0.601405;0.571955;0.619181;0.691565;0.640942;0.621832;0.621179;0.537275;0.450135;0.442477;;;;;;;;;;
3606.877435;0.596163;0.548951;0.622773;0.663577;0.603611;0.638184;0.628359;0.519584;0.450154;0.465057;;;;;;;;;;
3607.841840;0.593489;0.553569;0.624464;0.648778;0.579315;0.627218;0.654995;0.512276;0.461280;0.478678;;;;;;;;;;
3608.806246;0.607485;0.556155;0.605095;0.679282;0.612825;0.603780;0.646532;0.507563;0.462562;0.475373;;;;;;;;;;
3609.770652;0.605583;0.560357;0.595015;0.696524;0.653774;0.607283;0.615125;0.491234;0.450547;0.473311;;;;;;;;;;
3610.735058;0.584503;0.574085;0.606261;0.667689;0.642293;0.636957;0.602704;0.482935;0.457473;0.458008;;;;;;;;;;
3611.699463;0.577921;0.573627;0.633179;0.651363;0.614651;0.664491;0.610179;0.487923;0.478946;0.441952;;;;;;;;;;
3612.663869;0.603759;0.576574;0.667124;0.668796;0.604331;0.649963;0.622249;0.500542;0.492447;0.452735;;;;;;;;;;
3613.628275;0.616491;0.595821;0.650340;0.687946;0.640195;0.639706;0.631699;0.512487;0.497150;0.475963;;;;;;;;;;
3614.592681;0.588095;0.593230;0.619759;0.689159;0.681658;0.646577;0.642554;0.514593;0.488029;0.465786;;;;;;;;;;
3615.557086;0.573900;0.585788;0.626916;0.692356;0.667376;0.639697;0.644716;0.527760;0.487448;0.461231;;;;;;;;;;
3616.521492;0.576320;0.575029;0.612134;0.681170;0.657006;0.629839;0.640469;0.532154;0.489495;0.478764;;;;;;;;;;
3617.485898;0.585980;0.561530;0.602065;0.659450;0.667258;0.639446;0.635348;0.523966;0.480186;0.474043;;;;;;;;;;
3618.450303;0.591884;0.600156;0.632789;0.663096;0.650030;0.664674;0.636905;0.527917;0.484622;0.464762;;;;;;;;;;
3619.414709;0.568050;0.623563;0.630603;0.648794;0.627882;0.665079;0.640795;0.507953;0.499330;0.454786;;;;;;;;;;
3620.379115;0.577106;0.586755;0.616118;0.631169;0.642492;0.648700;0.622966;0.488162;0.495880;0.449103;;;;;;;;;;
3621.343521;0.611833;0.586018;0.620713;0.645802;0.645924;0.659362;0.605177;0.507854;0.476445;0.463063;;;;;;;;;;
3622.307926;0.595426;0.605305;0.616362;0.648100;0.613845;0.680383;0.615909;0.531966;0.472357;0.468549;;;;;;;;;;
3623.272332;0.560261;0.602232;0.620551;0.665353;0.619186;0.658158;0.642236;0.536188;0.482463;0.459841;;;;;;;;;;
3624.236738;0.547327;0.589475;0.630413;0.699583;0.662923;0.624960;0.661165;0.541691;0.487188;0.454696;;;;;;;;;;
3625.201144;0.556966;0.584211;0.641159;0.669150;0.688498;0.625334;0.665593;0.550700;0.486552;0.463538;;;;;;;;;;
3626.165549;0.578013;0.603736;0.642085;0.642975;0.699845;0.639461;0.655501;0.541385;0.478203;0.471531;;;;;;;;;;
3627.129955;0.577546;0.601058;0.603643;0.651459;0.698381;0.659911;0.658243;0.524434;0.485326;0.464710;;;;;;;;;;
3628.094361;0.547806;0.573434;0.589339;0.619140;0.674081;0.656412;0.682932;0.511135;0.509715;0.459184;;;;;;;;;;
3629.058767;0.535706;0.592793;0.608312;0.623076;0.645565;0.627325;0.670847;0.517388;0.508122;0.465892;;;;;;;;;;
3630.023172;0.555811;0.604746;0.598086;0.678317;0.643964;0.622656;0.638635;0.538253;0.486529;0.468078;;;;;;;;;;
3630.987578;0.568342;0.571280;0.607395;0.672320;0.652717;0.633447;0.656300;0.534382;0.464874;0.462283;;;;;;;;;;
3631.951984;0.573642;0.562534;0.647074;0.649849;0.645307;0.667363;0.690802;0.532906;0.460010;0.476123;;;;;;;;;;
3632.916389;0.584024;0.584631;0.654552;0.647152;0.653157;0.691719;0.678820;0.533459;0.487080;0.471747;;;;;;;;;;
3633.880795;0.587492;0.586095;0.628860;0.635282;0.646277;0.646204;0.665152;0.504925;0.510938;0.436965;;;;;;;;;;
3634.845201;0.592994;0.554380;0.610380;0.639472;0.603791;0.610138;0.655480;0.499933;0.496768;0.441535;;;;;;;;;;
3635.809607;0.604548;0.531773;0.618974;0.656191;0.593151;0.643104;0.629895;0.510012;0.475054;0.458805;;;;;;;;;;
3636.774012;0.599682;0.537754;0.633524;0.656693;0.610820;0.676248;0.627017;0.494444;0.468569;0.457663;;;;;;;;;;
3637.738418;0.581175;0.569512;0.645462;0.661365;0.632134;0.672575;0.631473;0.506166;0.483110;0.465398;;;;;;;;;;
3638.702824;0.587159;0.602971;0.652952;0.680169;0.648969;0.667455;0.639944;0.537235;0.509827;0.467442;;;;;;;;;;
3639.667230;0.601422;0.597380;0.643474;0.672480;0.656584;0.635304;0.659581;0.531931;0.505803;0.466364;;;;;;;;;;
3640.631635;0.594722;0.589171;0.635931;0.644169;0.650328;0.615356;0.642483;0.538958;0.481967;0.470284;;;;;;;;;;
3641.596041;0.601306;0.599294;0.627355;0.640405;0.644592;0.635637;0.610359;0.577282;0.480974;0.474444;;;;;;;;;;
3642.560447;0.616472;0.589351;0.616000;0.662411;0.675082;0.629658;0.604271;0.580977;0.487016;0.490004;;;;;;;;;;
3643.524852;0.621363;0.572852;0.636162;0.679133;0.679549;0.646751;0.614803;0.552426;0.498964;0.493936;;;;;;;;;;
3644.489258;0.618197;0.571700;0.684803;0.673283;0.640146;0.693718;0.642054;0.530380;0.519491;0.461737;;;;;;;;;;
3645.453664;0.600056;0.590842;0.692153;0.659673;0.618630;0.682473;0.680888;0.515595;0.495336;0.443029;;;;;;;;;;
3646.418070;0.599517;0.599913;0.644873;0.644505;0.606855;0.668999;0.679832;0.513390;0.453255;0.465596;;;;;;;;;;
3647.382475;0.617636;0.582933;0.635359;0.650118;0.641379;0.680249;0.629021;0.534573;0.468492;0.481362;;;;;;;;;;
3648.346881;0.616226;0.590172;0.655521;0.659685;0.695934;0.675854;0.608480;0.532844;0.499637;0.476301;;;;;;;;;;
3649.311287;0.615124;0.611473;0.642522;0.639897;0.658838;0.662275;0.634484;0.505600;0.496229;0.469760;;;;;;;;;;
3650.275693;0.610845;0.617516;0.634701;0.639287;0.610450;0.639500;0.655567;0.508249;0.490147;0.463224;;;;;;;;;;
3651.240098;0.589257;0.603418;0.646899;0.658442;0.613376;0.637857;0.661412;0.505705;0.490269;0.473090;;;;;;;;;;
3652.204504;0.588993;0.582407;0.654379;0.673688;0.616305;0.654190;0.669610;0.488955;0.496800;0.478750;;;;;;;;;;
3653.168910;0.618577;0.601545;0.646689;0.677765;0.609852;0.638137;0.663490;0.497689;0.507303;0.457287;;;;;;;;;;
3654.133316;0.628270;0.639140;0.614398;0.661184;0.622907;0.619778;0.657381;0.520577;0.512115;0.452921;;;;;;;;;;
3655.097721;0.581777;0.641774;0.591669;0.665957;0.637098;0.648478;0.668530;0.541845;0.510878;0.481995;;;;;;;;;;
3656.062127;0.549311;0.616294;0.604452;0.683567;0.641650;0.678417;0.658755;0.539563;0.494163;0.480317;;;;;;;;;;
3657.026533;0.558685;0.576744;0.618019;0.685746;0.658794;0.655721;0.628360;0.522194;0.479646;0.447794;;;;;;;;;;
3657.990938;0.553433;0.570224;0.622047;0.697862;0.678429;0.643657;0.614779;0.513596;0.483359;0.445193;;;;;;;;;;
3658.955344;0.556219;0.603868;0.632294;0.692817;0.696627;0.668879;0.633625;0.516024;0.488345;0.459210;;;;;;;;;;
3659.919750;0.581547;0.606632;0.620696;0.680046;0.687806;0.673539;0.656547;0.537317;0.484681;0.459684;;;;;;;;;;
3660.884156;0.586913;0.583196;0.598069;0.689871;0.648758;0.668710;0.653643;0.548051;0.478913;0.458245;;;;;;;;;;
3661.848561;0.588928;0.551350;0.597265;0.677107;0.645333;0.664098;0.640608;0.536171;0.483110;0.459994;;;;;;;;;;
3662.812967;0.591162;0.521276;0.601837;0.683009;0.668326;0.655159;0.631000;0.524641;0.493238;0.468494;;;;;;;;;;
3663.777373;0.602740;0.556134;0.622325;0.719486;0.683685;0.687106;0.638778;0.524387;0.500529;0.475060;;;;;;;;;;
3664.741779;0.615529;0.615085;0.659350;0.690958;0.705599;0.713525;0.649230;0.539393;0.507725;0.465426;;;;;;;;;;
3665.706184;0.604961;0.605383;0.680864;0.645175;0.683364;0.685138;0.650638;0.535479;0.503980;0.454911;;;;;;;;;;
3666.670590;0.612009;0.575513;0.683620;0.618736;0.597993;0.656906;0.652278;0.521548;0.491395;0.452030;;;;;;;;;;
3667.634996;0.630920;0.564335;0.664748;0.598905;0.572751;0.660005;0.641794;0.525970;0.489472;0.449064;;;;;;;;;;
3668.599401;0.638522;0.566957;0.650241;0.611624;0.639012;0.678110;0.647736;0.522714;0.493885;0.453059;;;;;;;;;;
3669.563807;0.633066;0.576883;0.672657;0.639165;0.676518;0.668723;0.661881;0.518119;0.499694;0.469822;;;;;;;;;;
3670.528213;0.607360;0.568258;0.697582;0.665535;0.670963;0.638399;0.653487;0.513656;0.510995;0.480836;;;;;;;;;;
3671.492619;0.600424;0.577149;0.687968;0.681285;0.691840;0.618494;0.649707;0.497537;0.508165;0.475465;;;;;;;;;;
3672.457024;0.597347;0.612426;0.664268;0.687846;0.676466;0.608035;0.646062;0.489650;0.493698;0.464589;;;;;;;;;;
3673.421430;0.570262;0.604717;0.655603;0.692664;0.626947;0.619739;0.646545;0.499594;0.503957;0.469143;;;;;;;;;;
3674.385836;0.560057;0.565604;0.665330;0.680724;0.613637;0.663453;0.658134;0.522029;0.517065;0.500883;;;;;;;;;;
3675.350242;0.586802;0.561433;0.647733;0.680650;0.622722;0.703883;0.678576;0.531919;0.493424;0.519240;;;;;;;;;;
3676.314647;0.610542;0.578814;0.613279;0.670809;0.637074;0.701276;0.704250;0.526842;0.473483;0.501697;;;;;;;;;;
3677.279053;0.608468;0.578280;0.631036;0.639353;0.662854;0.672020;0.694232;0.522345;0.479435;0.477124;;;;;;;;;;
3678.243459;0.603312;0.564242;0.667536;0.620106;0.669787;0.647722;0.671305;0.511759;0.493119;0.460721;;;;;;;;;;
3679.207865;0.602894;0.558645;0.666468;0.620742;0.663618;0.639178;0.666701;0.520890;0.490843;0.465260;;;;;;;;;;
3680.172270;0.599059;0.576049;0.660580;0.652662;0.664047;0.637554;0.665738;0.545305;0.477497;0.469945;;;;;;;;;;
3681.136676;0.596169;0.590688;0.652597;0.673375;0.659228;0.649285;0.662609;0.543070;0.479111;0.455101;;;;;;;;;;
3682.101082;0.600187;0.570850;0.644325;0.668048;0.664750;0.653900;0.637375;0.548895;0.491588;0.448994;;;;;;;;;;
3683.065487;0.593463;0.578459;0.646721;0.679221;0.668656;0.617840;0.621034;0.557219;0.506341;0.449393;;;;;;;;;;
3684.029893;0.580055;0.612499;0.644140;0.675217;0.660565;0.619602;0.643781;0.536212;0.513656;0.435754;;;;;;;;;;
3684.994299;0.583373;0.585277;0.636163;0.665080;0.664576;0.643073;0.636576;0.528816;0.495630;0.429863;;;;;;;;;;
3685.958705;0.595418;0.565361;0.622971;0.680732;0.649972;0.616185;0.611513;0.526616;0.477461;0.441819;;;;;;;;;;
3686.923110;0.617253;0.613638;0.619858;0.694151;0.623148;0.639621;0.640014;0.520181;0.484204;0.454105;;;;;;;;;;
3687.887516;0.634468;0.641123;0.623593;0.697004;0.623380;0.693970;0.672590;0.529295;0.497486;0.477623;;;;;;;;;;
3688.851922;0.636809;0.615615;0.614528;0.692978;0.624947;0.694168;0.678146;0.529292;0.502241;0.494352;;;;;;;;;;
3689.816328;0.644641;0.586974;0.616064;0.688804;0.626359;0.700954;0.674073;0.532309;0.508767;0.479959;;;;;;;;;;
3690.780733;0.625770;0.564794;0.635496;0.696450;0.633052;0.671823;0.654528;0.540421;0.511576;0.494232;;;;;;;;;;
3691.745139;0.597086;0.557763;0.645447;0.682690;0.647565;0.645386;0.661621;0.535331;0.490254;0.520011;;;;;;;;;;
3692.709545;0.597713;0.572692;0.628277;0.645526;0.685758;0.654709;0.688253;0.538447;0.467296;0.498618;;;;;;;;;;
3693.673951;0.604828;0.604122;0.614662;0.646844;0.701435;0.646987;0.686330;0.544594;0.470493;0.475412;;;;;;;;;;
3694.638356;0.598834;0.627286;0.627940;0.688841;0.685997;0.657217;0.650204;0.539530;0.472682;0.469947;;;;;;;;;;
3695.602762;0.591504;0.619010;0.647287;0.712257;0.696220;0.677626;0.619757;0.524527;0.475600;0.475672;;;;;;;;;;
3696.567168;0.597077;0.581440;0.651708;0.708818;0.705613;0.676451;0.629814;0.506842;0.482588;0.480478;;;;;;;;;;
3697.531573;0.581138;0.538433;0.639026;0.687552;0.687374;0.670605;0.651495;0.509021;0.464629;0.468034;;;;;;;;;;
3698.495979;0.543800;0.525763;0.631609;0.655580;0.660256;0.656278;0.647910;0.511757;0.475021;0.467978;;;;;;;;;;
3699.460385;0.551867;0.544955;0.625302;0.647430;0.636188;0.667121;0.640648;0.506509;0.518695;0.482503;;;;;;;;;;
3700.424791;0.583818;0.568574;0.619830;0.667285;0.635052;0.679646;0.676596;0.534399;0.520483;0.491443;;;;;;;;;;
3701.389196;0.603605;0.587950;0.640254;0.677048;0.628609;0.660990;0.707409;0.560732;0.508376;0.486982;;;;;;;;;;
3702.353602;0.632255;0.595583;0.645036;0.651598;0.604638;0.662717;0.661800;0.546469;0.495959;0.473513;;;;;;;;;;
3703.318008;0.633796;0.593246;0.640951;0.630008;0.619339;0.662695;0.640830;0.541302;0.472782;0.472125;;;;;;;;;;
3704.282414;0.609966;0.579026;0.663739;0.632789;0.649229;0.643005;0.655287;0.552831;0.476119;0.462413;;;;;;;;;;
3705.246819;0.611820;0.559950;0.659784;0.643748;0.655576;0.634981;0.638767;0.563544;0.507048;0.451353;;;;;;;;;;
3706.211225;0.619932;0.574234;0.629354;0.665700;0.672846;0.628674;0.631498;0.576686;0.533896;0.477442;;;;;;;;;;
3707.175631;0.613764;0.605840;0.607505;0.692615;0.677035;0.637317;0.639494;0.571148;0.540349;0.504394;;;;;;;;;;
3708.140036;0.609043;0.601482;0.591163;0.712257;0.657484;0.665169;0.636834;0.552102;0.531764;0.490479;;;;;;;;;;
3709.104442;0.592011;0.583107;0.592527;0.710992;0.656016;0.666186;0.646851;0.555007;0.513242;0.463480;;;;;;;;;;
3710.068848;0.587307;0.595872;0.607631;0.682014;0.658723;0.652413;0.668046;0.574584;0.504278;0.463126;;;;;;;;;;
3711.033254;0.616619;0.619497;0.634919;0.667513;0.658221;0.662189;0.665825;0.588202;0.506484;0.498727;;;;;;;;;;
3711.997659;0.613398;0.601698;0.669899;0.670626;0.664485;0.671912;0.649955;0.570215;0.489237;0.519981;;;;;;;;;;
3712.962065;0.584567;0.586207;0.666845;0.654590;0.670594;0.651317;0.639854;0.527242;0.481648;0.498802;;;;;;;;;;
3713.926471;0.587646;0.625984;0.648204;0.652661;0.681885;0.636553;0.640463;0.512058;0.507144;0.478694;;;;;;;;;;
3714.890877;0.625666;0.635509;0.656805;0.691878;0.691398;0.655713;0.674300;0.538882;0.516340;0.473957;;;;;;;;;;
3715.855282;0.652514;0.591310;0.662126;0.698956;0.693283;0.661243;0.680331;0.564564;0.497412;0.481216;;;;;;;;;;
3716.819688;0.603059;0.588716;0.641282;0.651486;0.697375;0.627083;0.629021;0.535715;0.489730;0.478146;;;;;;;;;;
3717.784094;0.561652;0.604156;0.627215;0.629567;0.685916;0.607475;0.624842;0.502614;0.509059;0.458757;;;;;;;;;;
3718.748500;0.588722;0.601330;0.633717;0.642847;0.646642;0.634492;0.666453;0.512860;0.514971;0.471162;;;;;;;;;;
3719.712905;0.623550;0.625314;0.625991;0.660730;0.624905;0.675904;0.682714;0.529149;0.483291;0.496309;;;;;;;;;;
3720.677311;0.628600;0.648668;0.619205;0.686729;0.638199;0.699506;0.680428;0.550094;0.475086;0.492115;;;;;;;;;;
3721.641717;0.615473;0.634042;0.630992;0.704702;0.652281;0.694151;0.665961;0.548328;0.501649;0.480456;;;;;;;;;;
3722.606122;0.638981;0.613324;0.626738;0.691644;0.664448;0.653202;0.663109;0.520282;0.524735;0.487945;;;;;;;;;;
3723.570528;0.655483;0.606133;0.630868;0.659233;0.674638;0.632298;0.701183;0.527639;0.535480;0.511324;;;;;;;;;;
3724.534934;0.633607;0.599112;0.662032;0.641680;0.663449;0.655610;0.737316;0.542109;0.517192;0.511376;;;;;;;;;;
3725.499340;0.652566;0.595821;0.677256;0.630927;0.671948;0.647849;0.713955;0.549350;0.497770;0.505039;;;;;;;;;;
3726.463745;0.654383;0.598789;0.668018;0.607854;0.684438;0.626905;0.664651;0.570783;0.500808;0.512293;;;;;;;;;;
3727.428151;0.633449;0.598457;0.650544;0.605973;0.658482;0.646048;0.639217;0.561859;0.494415;0.494253;;;;;;;;;;
3728.392557;0.644473;0.599416;0.655264;0.629374;0.645471;0.669060;0.642008;0.538392;0.491963;0.480388;;;;;;;;;;
3729.356963;0.644633;0.582237;0.666301;0.663809;0.654819;0.682039;0.663708;0.544612;0.501699;0.476527;;;;;;;;;;
3730.321368;0.633035;0.570057;0.647422;0.692886;0.670204;0.689963;0.685986;0.565402;0.503858;0.452836;;;;;;;;;;
3731.285774;0.622653;0.578978;0.642188;0.657472;0.677752;0.694777;0.664023;0.581645;0.491366;0.447710;;;;;;;;;;
3732.250180;0.624032;0.561715;0.652454;0.615159;0.650767;0.693487;0.628790;0.569946;0.476211;0.464361;;;;;;;;;;
3733.214585;0.627885;0.565905;0.665763;0.647668;0.630575;0.694536;0.640275;0.552717;0.492895;0.476316;;;;;;;;;;
3734.178991;0.615309;0.596317;0.708199;0.719684;0.635950;0.704137;0.654415;0.576800;0.514904;0.489357;;;;;;;;;;
3735.143397;0.607517;0.588997;0.730731;0.758177;0.649916;0.673033;0.643316;0.573085;0.503788;0.495315;;;;;;;;;;
3736.107803;0.603835;0.605109;0.696973;0.753217;0.665044;0.644248;0.653634;0.533376;0.497127;0.487314;;;;;;;;;;
3737.072208;0.612825;0.647563;0.665361;0.724911;0.645699;0.654255;0.692650;0.529654;0.510223;0.471682;;;;;;;;;;
3738.036614;0.615576;0.643662;0.652672;0.681276;0.629595;0.659331;0.725581;0.528629;0.527217;0.463725;;;;;;;;;;
3739.001020;0.589200;0.623147;0.638096;0.660234;0.662291;0.660880;0.708996;0.531796;0.524237;0.475811;;;;;;;;;;
3739.965426;0.576821;0.602091;0.638554;0.684663;0.667112;0.665759;0.669561;0.546997;0.502904;0.494532;;;;;;;;;;
3740.929831;0.590501;0.586636;0.653262;0.709424;0.627067;0.681373;0.645729;0.533088;0.502340;0.502100;;;;;;;;;;
3741.894237;0.595904;0.600530;0.650982;0.696491;0.627545;0.679139;0.630156;0.513918;0.516429;0.483940;;;;;;;;;;
3742.858643;0.580715;0.610524;0.661794;0.680728;0.644241;0.645725;0.616073;0.536634;0.513645;0.474541;;;;;;;;;;
3743.823049;0.590143;0.599941;0.672763;0.675077;0.638067;0.644313;0.614657;0.586208;0.501402;0.510275;;;;;;;;;;
3744.787454;0.630241;0.586729;0.664579;0.661573;0.666845;0.648190;0.642628;0.586520;0.495093;0.521099;;;;;;;;;;
3745.751860;0.645334;0.582373;0.687172;0.663045;0.694087;0.642974;0.668621;0.568628;0.494257;0.504024;;;;;;;;;;
3746.716266;0.635987;0.592319;0.681940;0.677681;0.677890;0.636624;0.677175;0.562948;0.501882;0.507515;;;;;;;;;;
3747.680671;0.631190;0.596856;0.655057;0.683629;0.678094;0.623231;0.704855;0.542697;0.517003;0.509034;;;;;;;;;;
3748.645077;0.618834;0.594655;0.681552;0.693117;0.692188;0.663406;0.701599;0.547735;0.518644;0.518817;;;;;;;;;;
3749.609483;0.592432;0.573975;0.683025;0.695198;0.676091;0.704480;0.655847;0.557640;0.503097;0.527286;;;;;;;;;;
3750.573889;0.592035;0.553163;0.637733;0.657819;0.644110;0.664827;0.663036;0.517996;0.480355;0.491974;;;;;;;;;;
3751.538294;0.610474;0.580950;0.625217;0.642508;0.629879;0.651944;0.688830;0.501123;0.478053;0.474022;;;;;;;;;;
3752.502700;0.599355;0.601563;0.629322;0.690075;0.658025;0.684864;0.670968;0.548819;0.509572;0.496402;;;;;;;;;;
3753.467106;0.583835;0.575130;0.610593;0.705525;0.677189;0.690558;0.664761;0.589640;0.504514;0.488031;;;;;;;;;;
3754.431512;0.594485;0.564449;0.598849;0.685966;0.643535;0.674266;0.678438;0.573684;0.488639;0.473511;;;;;;;;;;
3755.395917;0.625819;0.582128;0.610118;0.691568;0.618222;0.656873;0.675669;0.548271;0.511064;0.499117;;;;;;;;;;
3756.360323;0.648311;0.610538;0.612250;0.686086;0.622357;0.637796;0.650851;0.549073;0.504056;0.503992;;;;;;;;;;
3757.324729;0.636273;0.640838;0.633096;0.680642;0.640551;0.637516;0.644715;0.568026;0.496765;0.480000;;;;;;;;;;
3758.289134;0.611583;0.618647;0.681339;0.696213;0.674658;0.660749;0.685594;0.573766;0.516111;0.466159;;;;;;;;;;
3759.253540;0.610219;0.576421;0.694354;0.687812;0.683160;0.683858;0.726802;0.560600;0.504858;0.445624;;;;;;;;;;
3760.217946;0.613795;0.581724;0.676252;0.640716;0.678677;0.695233;0.705756;0.557960;0.482962;0.443288;;;;;;;;;;
3761.182352;0.599249;0.583001;0.657189;0.620152;0.706242;0.688644;0.683302;0.553015;0.469411;0.472328;;;;;;;;;;
3762.146757;0.618564;0.575022;0.647766;0.668978;0.703656;0.690584;0.697346;0.552348;0.494455;0.497636;;;;;;;;;;
3763.111163;0.643628;0.586221;0.644992;0.708598;0.651974;0.708533;0.676405;0.561779;0.540031;0.512396;;;;;;;;;;
3764.075569;0.608026;0.584818;0.656316;0.690803;0.631555;0.701723;0.662075;0.553769;0.526339;0.518994;;;;;;;;;;
3765.039975;0.588614;0.587587;0.680971;0.708316;0.664764;0.680869;0.703144;0.551945;0.517679;0.516548;;;;;;;;;;
3766.004380;0.600131;0.590293;0.663871;0.743720;0.682877;0.653981;0.689019;0.570968;0.530361;0.530016;;;;;;;;;;
3766.968786;0.590224;0.578680;0.647270;0.724054;0.656717;0.615126;0.625391;0.586619;0.512004;0.543222;;;;;;;;;;
3767.933192;0.574737;0.582813;0.673765;0.707799;0.642506;0.609836;0.590823;0.578050;0.503143;0.512672;;;;;;;;;;
3768.897598;0.581005;0.599763;0.676588;0.707286;0.635271;0.643365;0.588458;0.561691;0.501623;0.476872;;;;;;;;;;
3769.862003;0.593555;0.615656;0.661449;0.694834;0.632612;0.655628;0.611613;0.548104;0.498464;0.461476;;;;;;;;;;
3770.826409;0.598738;0.609781;0.651480;0.705414;0.665829;0.637999;0.621528;0.516713;0.528059;0.458885;;;;;;;;;;
3771.790815;0.610670;0.588349;0.622540;0.700489;0.672317;0.634632;0.613809;0.498957;0.544529;0.469354;;;;;;;;;;
3772.755220;0.613875;0.603633;0.612498;0.673441;0.640374;0.661156;0.630807;0.520483;0.520214;0.457861;;;;;;;;;;
3773.719626;0.626695;0.631350;0.636224;0.680446;0.646029;0.685055;0.659041;0.566504;0.517613;0.441274;;;;;;;;;;
3774.684032;0.656036;0.618494;0.663170;0.690779;0.664112;0.679794;0.672580;0.601576;0.532073;0.448478;;;;;;;;;;
3775.648438;0.634283;0.599095;0.680525;0.686901;0.664156;0.681168;0.680398;0.577687;0.537298;0.458923;;;;;;;;;;
3776.612843;0.611431;0.593922;0.676400;0.693758;0.674168;0.681979;0.696625;0.542382;0.523100;0.473862;;;;;;;;;;
3777.577249;0.623679;0.589908;0.656430;0.698346;0.689570;0.654940;0.733828;0.544783;0.485103;0.479508;;;;;;;;;;
3778.541655;0.604313;0.579662;0.651563;0.679966;0.679369;0.665534;0.740306;0.549420;0.484610;0.474062;;;;;;;;;;
3779.506061;0.583504;0.567450;0.668500;0.671462;0.646228;0.698228;0.702843;0.538253;0.515202;0.484130;;;;;;;;;;
3780.470466;0.596533;0.574371;0.671598;0.697838;0.637364;0.680802;0.701565;0.537687;0.513039;0.488647;;;;;;;;;;
3781.434872;0.612915;0.594171;0.644417;0.723340;0.669750;0.688613;0.696287;0.537480;0.510208;0.485025;;;;;;;;;;
3782.399278;0.618330;0.598351;0.624659;0.717661;0.693727;0.729413;0.649572;0.529310;0.504877;0.485482;;;;;;;;;;
3783.363684;0.602477;0.582223;0.632218;0.687896;0.681738;0.728319;0.621977;0.540316;0.486231;0.480294;;;;;;;;;;
3784.328089;0.605090;0.578471;0.661100;0.686550;0.683690;0.711644;0.642499;0.562252;0.490922;0.479743;;;;;;;;;;
3785.292495;0.625680;0.590567;0.674631;0.710038;0.703273;0.709557;0.670488;0.583029;0.500524;0.486759;;;;;;;;;;
3786.256901;0.607905;0.583876;0.644692;0.687894;0.713873;0.703332;0.652473;0.595375;0.500292;0.489777;;;;;;;;;;
3787.221306;0.602617;0.570401;0.633801;0.669252;0.719012;0.672672;0.654150;0.555743;0.506702;0.491735;;;;;;;;;;
3788.185712;0.618518;0.575379;0.648516;0.687726;0.695581;0.645195;0.704981;0.515882;0.507917;0.490552;;;;;;;;;;
3789.150118;0.604480;0.589882;0.646662;0.675252;0.655445;0.647725;0.724030;0.528912;0.498172;0.486157;;;;;;;;;;
3790.114524;0.592301;0.596579;0.674454;0.675093;0.647480;0.667098;0.713778;0.550988;0.492206;0.484934;;;;;;;;;;
3791.078929;0.584060;0.597135;0.718177;0.705847;0.667036;0.711381;0.708884;0.545524;0.496302;0.475673;;;;;;;;;;
3792.043335;0.591295;0.610784;0.726806;0.688034;0.678910;0.739165;0.706652;0.529604;0.502300;0.461708;;;;;;;;;;
3793.007741;0.630383;0.613285;0.735528;0.675158;0.687203;0.710025;0.674945;0.532868;0.499231;0.464905;;;;;;;;;;
3793.972147;0.641136;0.598605;0.718304;0.699412;0.693936;0.677407;0.628680;0.562236;0.498744;0.477704;;;;;;;;;;
3794.936552;0.624713;0.611694;0.673563;0.707152;0.676555;0.655579;0.627064;0.574984;0.509294;0.485171;;;;;;;;;;
3795.900958;0.618485;0.632475;0.662739;0.705267;0.664585;0.667495;0.645918;0.559533;0.514121;0.501415;;;;;;;;;;
3796.865364;0.623877;0.614440;0.655942;0.695615;0.680443;0.700492;0.660445;0.546106;0.518570;0.513322;;;;;;;;;;
3797.829769;0.624975;0.595446;0.626494;0.680224;0.696557;0.704901;0.680451;0.534093;0.529596;0.478542;;;;;;;;;;
3798.794175;0.604456;0.581166;0.609539;0.676467;0.689898;0.681464;0.662427;0.532115;0.537887;0.435367;;;;;;;;;;
3799.758581;0.609351;0.557009;0.607228;0.689109;0.663635;0.637947;0.621182;0.554312;0.545585;0.456422;;;;;;;;;;
3800.722987;0.651141;0.582590;0.618058;0.716365;0.680327;0.631983;0.629600;0.568689;0.548054;0.522614;;;;;;;;;;
3801.687392;0.641204;0.638685;0.646940;0.717583;0.714335;0.661807;0.658893;0.562784;0.550003;0.535840;;;;;;;;;;
3802.651798;0.608618;0.652040;0.678017;0.700332;0.693035;0.673746;0.668990;0.562803;0.551862;0.495704;;;;;;;;;;
3803.616204;0.604087;0.652745;0.680666;0.718665;0.670110;0.668232;0.699896;0.575881;0.532859;0.479253;;;;;;;;;;
3804.580610;0.586595;0.657033;0.660595;0.738954;0.652641;0.651263;0.716605;0.594731;0.506288;0.501059;;;;;;;;;;
3805.545015;0.571628;0.658052;0.671645;0.699522;0.635252;0.657899;0.676677;0.579649;0.515551;0.496880;;;;;;;;;;
3806.509421;0.594902;0.659955;0.684906;0.670951;0.663960;0.701251;0.654418;0.543081;0.547334;0.478875;;;;;;;;;;
3807.473827;0.623519;0.655578;0.650008;0.686313;0.685492;0.724702;0.666424;0.547376;0.540583;0.497104;;;;;;;;;;
3808.438233;0.643548;0.636149;0.634012;0.696595;0.670154;0.723675;0.695342;0.561543;0.537135;0.509359;;;;;;;;;;
3809.402638;0.628119;0.612862;0.664163;0.722394;0.686940;0.742667;0.707746;0.560822;0.564601;0.506390;;;;;;;;;;
3810.367044;0.577388;0.628619;0.693589;0.773043;0.707564;0.762115;0.692727;0.577111;0.552655;0.504167;;;;;;;;;;
3811.331450;0.568482;0.640697;0.683613;0.776683;0.702589;0.744794;0.713397;0.602879;0.512955;0.496128;;;;;;;;;;
3812.295855;0.601833;0.599355;0.656320;0.729731;0.713311;0.719902;0.728975;0.607166;0.504044;0.493937;;;;;;;;;;
3813.260261;0.615219;0.576726;0.653331;0.700826;0.689564;0.701585;0.710795;0.572045;0.506187;0.499393;;;;;;;;;;
3814.224667;0.612673;0.591184;0.665803;0.672217;0.638605;0.678715;0.715290;0.531800;0.504398;0.519045;;;;;;;;;;
3815.189073;0.614115;0.597962;0.655738;0.649681;0.643139;0.643052;0.711265;0.537737;0.514789;0.537125;;;;;;;;;;
3816.153478;0.613995;0.579212;0.644976;0.678896;0.650983;0.622892;0.707586;0.561765;0.516321;0.541476;;;;;;;;;;
3817.117884;0.609252;0.566944;0.660743;0.665546;0.632986;0.645025;0.710238;0.554327;0.499556;0.540799;;;;;;;;;;
3818.082290;0.579748;0.571567;0.675590;0.617823;0.645514;0.676507;0.673053;0.537522;0.491929;0.500450;;;;;;;;;;
3819.046696;0.544313;0.592513;0.675988;0.634040;0.661826;0.700780;0.635651;0.549256;0.497115;0.457198;;;;;;;;;;
3820.011101;0.558419;0.627554;0.667407;0.657086;0.644822;0.701809;0.640569;0.565863;0.500454;0.462370;;;;;;;;;;
3820.975507;0.600275;0.611423;0.655058;0.658479;0.643133;0.681611;0.667591;0.562940;0.501228;0.483408;;;;;;;;;;
3821.939913;0.635839;0.592738;0.656098;0.671864;0.671517;0.688373;0.673751;0.577470;0.515048;0.477291;;;;;;;;;;
3822.904318;0.691197;0.629508;0.675631;0.667275;0.678941;0.697438;0.674751;0.579661;0.525652;0.457936;;;;;;;;;;
3823.868724;0.686801;0.650742;0.699810;0.678455;0.675346;0.687125;0.691834;0.547215;0.511191;0.470888;;;;;;;;;;
3824.833130;0.615631;0.649766;0.715978;0.715266;0.704859;0.679806;0.711095;0.531001;0.500903;0.493933;;;;;;;;;;
3825.797536;0.615563;0.633713;0.730267;0.714278;0.702199;0.684390;0.727203;0.524227;0.509124;0.482529;;;;;;;;;;
3826.761941;0.662853;0.603052;0.723974;0.684113;0.653634;0.699236;0.711007;0.517804;0.522109;0.483844;;;;;;;;;;
3827.726347;0.646285;0.608544;0.708980;0.698168;0.648616;0.708300;0.687368;0.539908;0.522609;0.499015;;;;;;;;;;
3828.690753;0.601132;0.613596;0.706270;0.730966;0.637857;0.688539;0.685613;0.555264;0.506045;0.490388;;;;;;;;;;
3829.655159;0.586802;0.598703;0.690036;0.712567;0.614529;0.658157;0.671391;0.548565;0.511376;0.480585;;;;;;;;;;
3830.619564;0.594473;0.619862;0.693498;0.677129;0.645277;0.660080;0.664585;0.561140;0.539750;0.488586;;;;;;;;;;
3831.583970;0.600664;0.636332;0.688296;0.654127;0.681724;0.679964;0.661592;0.569634;0.539682;0.507199;;;;;;;;;;
3832.548376;0.612153;0.606280;0.648360;0.652293;0.704608;0.691637;0.644344;0.548900;0.519992;0.518847;;;;;;;;;;
3833.512782;0.629339;0.601092;0.644059;0.672614;0.706099;0.684083;0.653446;0.532794;0.516537;0.514726;;;;;;;;;;
3834.477187;0.631112;0.613603;0.642603;0.677891;0.676928;0.656707;0.674269;0.534306;0.526127;0.500405;;;;;;;;;;
3835.441593;0.636548;0.604232;0.634380;0.678221;0.675956;0.666980;0.666527;0.539436;0.532194;0.496334;;;;;;;;;;
3836.405999;0.664085;0.616220;0.661280;0.693264;0.703478;0.696241;0.655548;0.538840;0.559921;0.518407;;;;;;;;;;
3837.370404;0.668836;0.624903;0.669664;0.703696;0.734745;0.669339;0.659451;0.543116;0.591612;0.543999;;;;;;;;;;
3838.334810;0.639761;0.607119;0.654160;0.687534;0.722497;0.653878;0.672505;0.563412;0.557399;0.534964;;;;;;;;;;
3839.299216;0.623037;0.605146;0.657978;0.654271;0.687267;0.694393;0.707937;0.585271;0.528141;0.498491;;;;;;;;;;
3840.263622;0.625508;0.600748;0.662520;0.646979;0.698339;0.736734;0.732890;0.604198;0.550787;0.496509;;;;;;;;;;
3841.228027;0.633726;0.584342;0.649312;0.675606;0.710166;0.737852;0.713755;0.608885;0.549871;0.515400;;;;;;;;;;
3842.192433;0.640892;0.573773;0.643386;0.702884;0.692944;0.713449;0.715027;0.589618;0.502094;0.493371;;;;;;;;;;
3843.156839;0.636499;0.574995;0.661753;0.710472;0.690902;0.717629;0.755029;0.591470;0.473998;0.491496;;;;;;;;;;
3844.121245;0.622682;0.588074;0.681612;0.720542;0.676985;0.713558;0.785464;0.605870;0.494497;0.513673;;;;;;;;;;
3845.085650;0.618432;0.593085;0.690454;0.713773;0.652846;0.661372;0.773211;0.592116;0.531485;0.499118;;;;;;;;;;
3846.050056;0.620565;0.587943;0.698482;0.691760;0.676568;0.665515;0.725742;0.579269;0.535504;0.484117;;;;;;;;;;
3847.014462;0.606642;0.594154;0.701180;0.697107;0.704033;0.707921;0.702888;0.573846;0.522923;0.473523;;;;;;;;;;
3847.978867;0.588163;0.610020;0.704645;0.696602;0.688101;0.678317;0.695181;0.552321;0.526965;0.465804;;;;;;;;;;
3848.943273;0.591349;0.618272;0.713343;0.688102;0.680370;0.656230;0.671618;0.526430;0.529373;0.482210;;;;;;;;;;
3849.907679;0.599212;0.621403;0.677084;0.701232;0.678632;0.664901;0.673327;0.524577;0.531679;0.497028;;;;;;;;;;
3850.872085;0.597854;0.635951;0.622296;0.692763;0.683081;0.657642;0.674735;0.538522;0.534329;0.497298;;;;;;;;;;
3851.836490;0.617487;0.633850;0.630599;0.683506;0.705783;0.667263;0.654787;0.539240;0.506946;0.498648;;;;;;;;;;
3852.800896;0.629211;0.604092;0.668984;0.718687;0.705962;0.693450;0.685708;0.547746;0.489597;0.504349;;;;;;;;;;
3853.765302;0.613267;0.595338;0.657819;0.754215;0.685023;0.720434;0.726691;0.560528;0.501432;0.501041;;;;;;;;;;
3854.729708;0.617198;0.588686;0.624275;0.731022;0.678899;0.726736;0.733748;0.556903;0.504546;0.487070;;;;;;;;;;
3855.694113;0.628419;0.587210;0.636154;0.696561;0.684777;0.716800;0.745017;0.564712;0.510386;0.478531;;;;;;;;;;
3856.658519;0.634888;0.623008;0.670831;0.723832;0.688801;0.704320;0.733096;0.572102;0.521144;0.485080;;;;;;;;;;
3857.622925;0.634341;0.621166;0.672960;0.756879;0.693179;0.666615;0.733242;0.567052;0.531200;0.502848;;;;;;;;;;
3858.587331;0.635826;0.573056;0.671793;0.725519;0.685773;0.658761;0.740892;0.575077;0.550057;0.511369;;;;;;;;;;
3859.551736;0.656936;0.574687;0.687908;0.689828;0.681770;0.685654;0.696091;0.579493;0.549879;0.515240;;;;;;;;;;
3860.516142;0.655882;0.618593;0.680268;0.696687;0.674581;0.691724;0.657190;0.563389;0.530241;0.503423;;;;;;;;;;
3861.480548;0.634434;0.637841;0.662525;0.734651;0.644211;0.696929;0.649152;0.557405;0.511764;0.474130;;;;;;;;;;
3862.444953;0.623307;0.626753;0.675887;0.755785;0.649343;0.685526;0.647093;0.558150;0.491095;0.488175;;;;;;;;;;
3863.409359;0.627438;0.610971;0.697483;0.742496;0.669301;0.649044;0.660447;0.555101;0.488724;0.522788;;;;;;;;;;
3864.373765;0.651347;0.605520;0.725021;0.709483;0.657645;0.650065;0.700138;0.568841;0.514159;0.513652;;;;;;;;;;
3865.338171;0.655750;0.616673;0.747575;0.693708;0.656968;0.677929;0.737945;0.588390;0.531039;0.498126;;;;;;;;;;
3866.302576;0.636808;0.628198;0.694601;0.715630;0.654671;0.661312;0.707100;0.596427;0.526964;0.496997;;;;;;;;;;
3867.266982;0.643995;0.629268;0.637104;0.725046;0.653576;0.630927;0.656893;0.600527;0.534225;0.505550;;;;;;;;;;
3868.231388;0.661279;0.624750;0.646263;0.725243;0.674505;0.664830;0.693265;0.600216;0.534775;0.504764;;;;;;;;;;
3869.195794;0.624558;0.599980;0.677717;0.720251;0.704064;0.725732;0.746768;0.578997;0.517418;0.483527;;;;;;;;;;
3870.160199;0.589521;0.567325;0.702202;0.702031;0.708808;0.744047;0.698017;0.547187;0.540067;0.479550;;;;;;;;;;
3871.124605;0.613878;0.567399;0.736076;0.725457;0.673284;0.720257;0.673577;0.544373;0.556705;0.489563;;;;;;;;;;
3872.089011;0.641533;0.583085;0.742828;0.752026;0.669101;0.690733;0.692960;0.564579;0.527875;0.485650;;;;;;;;;;
3873.053417;0.642156;0.587297;0.706047;0.761235;0.696295;0.710890;0.680707;0.565964;0.524412;0.480542;;;;;;;;;;
3874.017822;0.639351;0.612093;0.702437;0.763187;0.693075;0.738494;0.677018;0.556184;0.540113;0.485270;;;;;;;;;;
3874.982228;0.635241;0.665251;0.712071;0.722947;0.692363;0.711393;0.686852;0.581582;0.541454;0.488781;;;;;;;;;;
3875.946634;0.614599;0.679491;0.702720;0.700979;0.712573;0.685471;0.683987;0.608011;0.532172;0.494582;;;;;;;;;;
3876.911039;0.604550;0.639243;0.714553;0.712553;0.727505;0.678201;0.678703;0.590336;0.512268;0.509931;;;;;;;;;;
3877.875445;0.621879;0.627519;0.700504;0.705013;0.721182;0.675375;0.685620;0.579338;0.504432;0.526046;;;;;;;;;;
3878.839851;0.632641;0.656586;0.656276;0.693690;0.704634;0.665166;0.734952;0.580140;0.510534;0.531508;;;;;;;;;;
3879.804257;0.644134;0.644621;0.633718;0.708539;0.688521;0.647690;0.759833;0.560666;0.517580;0.514877;;;;;;;;;;
3880.768662;0.626313;0.621676;0.642190;0.723424;0.675387;0.641843;0.719032;0.559323;0.512613;0.498886;;;;;;;;;;
3881.733068;0.580515;0.638307;0.670382;0.728706;0.714842;0.643734;0.694817;0.583991;0.494323;0.506852;;;;;;;;;;
3882.697474;0.589540;0.640661;0.657880;0.746283;0.767828;0.653918;0.678079;0.587699;0.497830;0.511470;;;;;;;;;;
3883.661880;0.619786;0.614418;0.657092;0.739035;0.768299;0.666590;0.656065;0.586260;0.529558;0.502713;;;;;;;;;;
3884.626285;0.636663;0.598806;0.727811;0.713527;0.776380;0.646540;0.686524;0.601100;0.570492;0.499627;;;;;;;;;;
3885.590691;0.659010;0.618149;0.740450;0.735618;0.762093;0.626901;0.747858;0.590492;0.583869;0.507076;;;;;;;;;;
3886.555097;0.628250;0.630739;0.688040;0.755380;0.727426;0.650523;0.748103;0.562788;0.546826;0.510543;;;;;;;;;;
3887.519502;0.583661;0.606788;0.677831;0.719144;0.720230;0.687760;0.712167;0.551223;0.526238;0.494460;;;;;;;;;;
3888.483908;0.603583;0.615016;0.677671;0.709044;0.715723;0.713584;0.684786;0.558528;0.541223;0.478963;;;;;;;;;;
3889.448314;0.648315;0.632576;0.680756;0.734825;0.706135;0.734563;0.662865;0.573109;0.549569;0.477491;;;;;;;;;;
3890.412720;0.669124;0.620788;0.710587;0.717479;0.670435;0.743600;0.683158;0.579015;0.572792;0.485374;;;;;;;;;;
3891.377125;0.679472;0.634671;0.701916;0.717931;0.652576;0.759871;0.736123;0.595902;0.584610;0.505563;;;;;;;;;;
3892.341531;0.658923;0.646837;0.653483;0.747245;0.678968;0.793002;0.744569;0.608705;0.546213;0.524365;;;;;;;;;;
3893.305937;0.617966;0.648749;0.636143;0.703045;0.680500;0.763564;0.733012;0.573130;0.525836;0.520534;;;;;;;;;;
3894.270343;0.617696;0.656125;0.649124;0.679077;0.666140;0.702916;0.738458;0.530162;0.520034;0.491768;;;;;;;;;;
3895.234748;0.646844;0.626977;0.651362;0.725368;0.663393;0.707102;0.729967;0.524451;0.495644;0.465315;;;;;;;;;;
3896.199154;0.641469;0.599800;0.638371;0.745607;0.690332;0.730122;0.726418;0.548083;0.490129;0.461869;;;;;;;;;;
3897.163560;0.630296;0.624693;0.635385;0.735173;0.752268;0.731029;0.744251;0.574292;0.505445;0.475130;;;;;;;;;;
3898.127966;0.658053;0.664635;0.665469;0.713583;0.753079;0.735548;0.738558;0.595957;0.505186;0.497714;;;;;;;;;;
3899.092371;0.655317;0.655389;0.714514;0.683931;0.711741;0.725795;0.706627;0.601213;0.496863;0.525677;;;;;;;;;;
3900.056777;0.608959;0.635523;0.720805;0.674553;0.692324;0.702943;0.694322;0.595274;0.502018;0.550814;;;;;;;;;;
3901.021183;0.603019;0.652068;0.725041;0.688006;0.676366;0.679360;0.713865;0.586941;0.508722;0.542008;;;;;;;;;;
3901.985588;0.624828;0.660831;0.780645;0.724116;0.698250;0.680492;0.723874;0.563006;0.514623;0.505237;;;;;;;;;;
3902.949994;0.634957;0.668779;0.780521;0.733268;0.726456;0.705544;0.716719;0.564884;0.536551;0.495234;;;;;;;;;;
3903.914400;0.644091;0.672079;0.716865;0.718317;0.702715;0.726931;0.721502;0.569562;0.550756;0.505375;;;;;;;;;;
3904.878806;0.624142;0.629755;0.682156;0.709511;0.696807;0.737459;0.722194;0.547063;0.529833;0.510661;;;;;;;;;;
3905.843211;0.597323;0.598887;0.675521;0.694766;0.720817;0.728498;0.722622;0.547638;0.499211;0.512318;;;;;;;;;;
3906.807617;0.610848;0.611490;0.684100;0.726733;0.735877;0.733247;0.728930;0.555492;0.497417;0.507296;;;;;;;;;;
3907.772023;0.621424;0.622543;0.680554;0.760863;0.735999;0.720972;0.712950;0.579227;0.515899;0.507053;;;;;;;;;;
3908.736429;0.631997;0.604711;0.663822;0.749235;0.718524;0.696234;0.684246;0.595741;0.519120;0.502194;;;;;;;;;;
3909.700834;0.670095;0.597002;0.666811;0.751502;0.711182;0.730725;0.668679;0.557934;0.506983;0.495209;;;;;;;;;;
3910.665240;0.675813;0.608162;0.691694;0.749162;0.720387;0.736730;0.676535;0.561990;0.501037;0.514212;;;;;;;;;;
3911.629646;0.651621;0.590349;0.719573;0.750585;0.729045;0.698782;0.702112;0.595739;0.516262;0.518838;;;;;;;;;;
3912.594051;0.655918;0.577253;0.721361;0.733843;0.746897;0.695792;0.725742;0.586553;0.539326;0.494787;;;;;;;;;;
3913.558457;0.664774;0.613000;0.705297;0.693205;0.744018;0.685814;0.727203;0.590141;0.526574;0.488507;;;;;;;;;;
3914.522863;0.634791;0.648141;0.704195;0.692928;0.700119;0.689544;0.706849;0.629156;0.502435;0.483559;;;;;;;;;;
3915.487269;0.620226;0.641127;0.731113;0.691707;0.677284;0.732602;0.675889;0.628918;0.517046;0.483664;;;;;;;;;;
3916.451674;0.666401;0.632621;0.758445;0.670262;0.691121;0.732372;0.649888;0.575307;0.546455;0.511764;;;;;;;;;;
3917.416080;0.703824;0.636136;0.724454;0.665949;0.694098;0.687486;0.659936;0.562902;0.550615;0.518965;;;;;;;;;;
3918.380486;0.677442;0.638408;0.683248;0.686217;0.684652;0.688340;0.694675;0.590880;0.530775;0.504923;;;;;;;;;;
3919.344892;0.645843;0.638939;0.689614;0.717509;0.679269;0.720512;0.713395;0.607783;0.522134;0.505784;;;;;;;;;;
3920.309297;0.635306;0.616469;0.730645;0.730672;0.702686;0.714600;0.730567;0.617795;0.560690;0.503150;;;;;;;;;;
3921.273703;0.633945;0.594264;0.778736;0.736391;0.768816;0.711900;0.748344;0.605405;0.590873;0.487395;;;;;;;;;;
3922.238109;0.643874;0.608479;0.753281;0.741868;0.769921;0.715189;0.736006;0.590675;0.557169;0.480542;;;;;;;;;;
3923.202515;0.646536;0.637087;0.705591;0.736682;0.710544;0.700555;0.721267;0.597839;0.529097;0.501041;;;;;;;;;;
3924.166920;0.646085;0.650787;0.695754;0.718899;0.715016;0.708448;0.741354;0.599736;0.523317;0.497953;;;;;;;;;;
3925.131326;0.660170;0.640388;0.677606;0.729540;0.737157;0.737012;0.728491;0.606892;0.507807;0.460800;;;;;;;;;;
3926.095732;0.653562;0.624040;0.683150;0.749307;0.728864;0.758451;0.657768;0.614502;0.494229;0.476452;;;;;;;;;;
3927.060137;0.634172;0.624121;0.698249;0.719263;0.704835;0.739321;0.629453;0.574576;0.488291;0.510306;;;;;;;;;;
3928.024543;0.630239;0.626927;0.689161;0.722222;0.678261;0.716228;0.645116;0.536683;0.505060;0.491686;;;;;;;;;;
3928.988949;0.633445;0.626990;0.698850;0.743839;0.704426;0.748320;0.686033;0.566248;0.540581;0.482834;;;;;;;;;;
3929.953355;0.635596;0.633706;0.708492;0.728254;0.723013;0.777961;0.752087;0.599847;0.540421;0.489608;;;;;;;;;;
3930.917760;0.629571;0.661482;0.694233;0.732482;0.685574;0.766937;0.758116;0.581636;0.514336;0.481646;;;;;;;;;;
3931.882166;0.632604;0.685225;0.690541;0.735362;0.702992;0.746510;0.737473;0.584316;0.521366;0.485956;;;;;;;;;;
3932.846572;0.643321;0.647990;0.708186;0.739155;0.754093;0.730324;0.755581;0.616736;0.536024;0.486134;;;;;;;;;;
3933.810978;0.629235;0.621175;0.689375;0.749942;0.746792;0.723491;0.768568;0.595717;0.503527;0.472338;;;;;;;;;;
3934.775383;0.621709;0.642698;0.643039;0.729294;0.735250;0.718506;0.778066;0.541154;0.483968;0.482342;;;;;;;;;;
3935.739789;0.656758;0.644619;0.650820;0.700722;0.750851;0.729561;0.768254;0.534460;0.499558;0.506452;;;;;;;;;;
3936.704195;0.673608;0.633086;0.693762;0.694177;0.756350;0.731798;0.733542;0.545041;0.506787;0.508283;;;;;;;;;;
3937.668600;0.629024;0.630717;0.708400;0.699033;0.719330;0.689925;0.719007;0.543536;0.517131;0.490039;;;;;;;;;;
3938.633006;0.599843;0.628201;0.697312;0.702006;0.671887;0.658457;0.731807;0.571128;0.522884;0.473395;;;;;;;;;;
3939.597412;0.608691;0.631006;0.689379;0.737288;0.677985;0.671199;0.734898;0.588892;0.531206;0.479932;;;;;;;;;;
3940.561818;0.621376;0.615827;0.708679;0.777785;0.728520;0.701721;0.717012;0.566050;0.565440;0.497936;;;;;;;;;;
3941.526223;0.626619;0.604202;0.714450;0.775865;0.755509;0.713707;0.719803;0.546564;0.578433;0.502280;;;;;;;;;;
3942.490629;0.615627;0.615554;0.680999;0.743095;0.746483;0.706870;0.728951;0.552442;0.565938;0.523216;;;;;;;;;;
3943.455035;0.608601;0.624932;0.675502;0.694070;0.754631;0.699087;0.733012;0.578989;0.558305;0.554137;;;;;;;;;;
3944.419441;0.630808;0.628029;0.679910;0.698996;0.763789;0.700736;0.733272;0.597062;0.551190;0.536434;;;;;;;;;;
3945.383846;0.634003;0.630258;0.681734;0.722839;0.727079;0.717145;0.701951;0.592941;0.539257;0.507317;;;;;;;;;;
3946.348252;0.600344;0.619196;0.717651;0.703193;0.714770;0.714627;0.695289;0.576504;0.524404;0.500235;;;;;;;;;;
3947.312658;0.591891;0.570802;0.721326;0.711220;0.723606;0.694147;0.708796;0.578663;0.508963;0.499223;;;;;;;;;;
3948.277064;0.625590;0.543952;0.726921;0.747499;0.709324;0.719620;0.706353;0.603042;0.510102;0.502590;;;;;;;;;;
3949.241469;0.673035;0.593889;0.747906;0.761914;0.735502;0.762615;0.731772;0.595155;0.543293;0.489145;;;;;;;;;;
3950.205875;0.680716;0.647036;0.701430;0.739458;0.754274;0.754590;0.766416;0.566671;0.551653;0.464044;;;;;;;;;;
3951.170281;0.644673;0.657280;0.669002;0.713992;0.723614;0.744642;0.778639;0.552028;0.522530;0.463564;;;;;;;;;;
3952.134686;0.640038;0.680778;0.662325;0.724872;0.721537;0.745380;0.770152;0.558836;0.518267;0.485880;;;;;;;;;;
3953.099092;0.671301;0.688899;0.668343;0.758123;0.714018;0.725306;0.759192;0.598500;0.520378;0.497669;;;;;;;;;;
3954.063498;0.678555;0.647290;0.684656;0.759280;0.696032;0.690758;0.750350;0.625083;0.511565;0.479096;;;;;;;;;;
3955.027904;0.650228;0.618340;0.650798;0.726231;0.692249;0.685385;0.699839;0.611576;0.509134;0.470772;;;;;;;;;;
3955.992309;0.648128;0.633999;0.647242;0.754962;0.682481;0.735306;0.682211;0.604554;0.508593;0.501458;;;;;;;;;;
3956.956715;0.667948;0.656977;0.693068;0.799487;0.689121;0.752817;0.719518;0.577371;0.505661;0.512903;;;;;;;;;;
3957.921121;0.644665;0.637607;0.718081;0.757197;0.709356;0.731830;0.708629;0.548694;0.504542;0.491806;;;;;;;;;;
3958.885527;0.634066;0.601362;0.737712;0.722001;0.724941;0.737715;0.724183;0.576457;0.509657;0.501311;;;;;;;;;;
3959.849932;0.664974;0.598804;0.730167;0.728456;0.728213;0.713346;0.793405;0.591472;0.517303;0.522175;;;;;;;;;;
3960.814338;0.669209;0.618741;0.692327;0.728104;0.703070;0.698683;0.766331;0.568312;0.532088;0.507314;;;;;;;;;;
3961.778744;0.657393;0.643650;0.680327;0.711319;0.686743;0.695698;0.733685;0.565085;0.544712;0.490643;;;;;;;;;;
3962.743150;0.668889;0.644419;0.696141;0.715641;0.697111;0.642798;0.764316;0.547361;0.559439;0.491371;;;;;;;;;;
3963.707555;0.685246;0.635509;0.694267;0.736933;0.707425;0.652782;0.743101;0.530542;0.588270;0.488854;;;;;;;;;;
3964.671961;0.660312;0.670743;0.682259;0.740998;0.722934;0.730724;0.702966;0.551584;0.563953;0.496034;;;;;;;;;;
3965.636367;0.630642;0.671776;0.696884;0.759766;0.733314;0.739273;0.722677;0.578991;0.519775;0.509894;;;;;;;;;;
3966.600772;0.649672;0.629301;0.699099;0.783466;0.719335;0.731418;0.742188;0.608564;0.523831;0.495913;;;;;;;;;;
3967.565178;0.670402;0.633532;0.680023;0.759894;0.712794;0.746299;0.717497;0.600111;0.525807;0.501026;;;;;;;;;;
3968.529584;0.650109;0.646854;0.680988;0.713282;0.721845;0.716457;0.719281;0.553726;0.512355;0.547583;;;;;;;;;;
3969.493990;0.610098;0.639568;0.688027;0.701365;0.702350;0.688330;0.724205;0.540182;0.510744;0.535267;;;;;;;;;;
3970.458395;0.601675;0.627053;0.692846;0.709818;0.658547;0.703580;0.688797;0.542460;0.511756;0.485660;;;;;;;;;;
3971.422801;0.648405;0.617199;0.708853;0.682202;0.665720;0.697138;0.697668;0.553432;0.513658;0.495060;;;;;;;;;;
3972.387207;0.683099;0.625525;0.725440;0.669022;0.710050;0.668920;0.732856;0.583407;0.525005;0.522352;;;;;;;;;;
3973.351613;0.681870;0.626922;0.734093;0.691739;0.708082;0.708628;0.710927;0.607385;0.546102;0.526554;;;;;;;;;;
3974.316018;0.669674;0.622021;0.747836;0.700938;0.680052;0.774197;0.673279;0.628704;0.565457;0.530517;;;;;;;;;;
3975.280424;0.665351;0.622903;0.754501;0.719135;0.680012;0.768483;0.686611;0.615317;0.597000;0.528501;;;;;;;;;;
3976.244830;0.675927;0.631935;0.715459;0.757099;0.723467;0.738191;0.732970;0.573605;0.599197;0.520004;;;;;;;;;;
3977.209235;0.675077;0.661135;0.687179;0.760347;0.769564;0.698492;0.736893;0.572106;0.530440;0.516188;;;;;;;;;;
3978.173641;0.685475;0.664088;0.704850;0.745411;0.767791;0.701956;0.742140;0.599493;0.494093;0.507396;;;;;;;;;;
3979.138047;0.705948;0.647482;0.711319;0.770790;0.756979;0.761950;0.787526;0.609111;0.522227;0.500643;;;;;;;;;;
3980.102453;0.702077;0.651006;0.720215;0.784273;0.737297;0.780733;0.780701;0.600107;0.542163;0.503099;;;;;;;;;;
3981.066858;0.685604;0.648635;0.722943;0.731928;0.720150;0.780767;0.734349;0.592344;0.543800;0.505545;;;;;;;;;;
3982.031264;0.651152;0.652818;0.710411;0.719643;0.736364;0.757227;0.724034;0.591169;0.546637;0.521055;;;;;;;;;;
3982.995670;0.627420;0.663547;0.742320;0.783557;0.756975;0.713928;0.730059;0.589072;0.530880;0.522713;;;;;;;;;;
3983.960076;0.627984;0.657315;0.758607;0.804961;0.755597;0.701396;0.696600;0.586202;0.518650;0.490240;;;;;;;;;;
3984.924481;0.623730;0.619848;0.718877;0.767774;0.728440;0.693951;0.680867;0.580405;0.530248;0.484539;;;;;;;;;;
3985.888887;0.613433;0.586956;0.677531;0.763417;0.722845;0.692770;0.716588;0.577288;0.519980;0.485583;;;;;;;;;;
3986.853293;0.604193;0.615659;0.674021;0.757895;0.755637;0.679664;0.725601;0.579462;0.512452;0.447906;;;;;;;;;;
3987.817699;0.612006;0.636921;0.714316;0.728632;0.760946;0.673128;0.737109;0.583153;0.544350;0.445467;;;;;;;;;;
3988.782104;0.631708;0.621835;0.732090;0.746453;0.735858;0.719178;0.743661;0.583489;0.557426;0.497505;;;;;;;;;;
3989.746510;0.637549;0.639898;0.726238;0.773924;0.728239;0.753964;0.693923;0.581621;0.549588;0.541659;;;;;;;;;;
3990.710916;0.653426;0.647922;0.741479;0.750143;0.714566;0.761809;0.680628;0.589069;0.544737;0.529127;;;;;;;;;;
3991.675321;0.662127;0.627837;0.729299;0.750230;0.688089;0.784009;0.688390;0.585193;0.523329;0.481136;;;;;;;;;;
3992.639727;0.650660;0.627034;0.688707;0.779045;0.714713;0.777848;0.661759;0.581994;0.498151;0.474565;;;;;;;;;;
3993.604133;0.666676;0.647340;0.701889;0.787458;0.774646;0.741511;0.655303;0.596428;0.491910;0.505488;;;;;;;;;;
3994.568539;0.660611;0.660557;0.713320;0.784132;0.777747;0.723184;0.669353;0.587633;0.509195;0.502359;;;;;;;;;;
3995.532944;0.633379;0.663245;0.661926;0.754578;0.747261;0.720694;0.663660;0.586470;0.531076;0.496130;;;;;;;;;;
3996.497350;0.658202;0.685710;0.675557;0.705190;0.726938;0.708642;0.661908;0.620757;0.530508;0.535854;;;;;;;;;;
3997.461756;0.679004;0.685582;0.739701;0.679663;0.732760;0.709830;0.694058;0.639678;0.510327;0.554081;;;;;;;;;;
3998.426162;0.663210;0.656147;0.761084;0.712341;0.776931;0.736939;0.723761;0.624989;0.516221;0.529762;;;;;;;;;;
3999.390567;0.680691;0.657049;0.773014;0.781264;0.798568;0.732800;0.724875;0.601378;0.559256;0.541902;;;;;;;;;;
4000.354973;0.718477;0.651861;0.748472;0.788738;0.766834;0.708116;0.732847;0.609002;0.587761;0.542842;;;;;;;;;;
